<?xml version="1.0" encoding="utf-8"?><gpx creator="Garmin Desktop App" version="1.1" xsi:schemaLocation="http://www.topografix.com/GPX/1/1 http://www.topografix.com/GPX/1/1/gpx.xsd http://www.garmin.com/xmlschemas/WaypointExtension/v1 http://www8.garmin.com/xmlschemas/WaypointExtensionv1.xsd http://www.garmin.com/xmlschemas/TrackPointExtension/v1 http://www.garmin.com/xmlschemas/TrackPointExtensionv1.xsd http://www.garmin.com/xmlschemas/GpxExtensions/v3 http://www8.garmin.com/xmlschemas/GpxExtensionsv3.xsd http://www.garmin.com/xmlschemas/ActivityExtension/v1 http://www8.garmin.com/xmlschemas/ActivityExtensionv1.xsd http://www.garmin.com/xmlschemas/AdventuresExtensions/v1 http://www8.garmin.com/xmlschemas/AdventuresExtensionv1.xsd http://www.garmin.com/xmlschemas/PressureExtension/v1 http://www.garmin.com/xmlschemas/PressureExtensionv1.xsd http://www.garmin.com/xmlschemas/TripExtensions/v1 http://www.garmin.com/xmlschemas/TripExtensionsv1.xsd http://www.garmin.com/xmlschemas/TripMetaDataExtensions/v1 http://www.garmin.com/xmlschemas/TripMetaDataExtensionsv1.xsd http://www.garmin.com/xmlschemas/ViaPointTransportationModeExtensions/v1 http://www.garmin.com/xmlschemas/ViaPointTransportationModeExtensionsv1.xsd http://www.garmin.com/xmlschemas/CreationTimeExtension/v1 http://www.garmin.com/xmlschemas/CreationTimeExtensionsv1.xsd http://www.garmin.com/xmlschemas/AccelerationExtension/v1 http://www.garmin.com/xmlschemas/AccelerationExtensionv1.xsd http://www.garmin.com/xmlschemas/PowerExtension/v1 http://www.garmin.com/xmlschemas/PowerExtensionv1.xsd http://www.garmin.com/xmlschemas/VideoExtension/v1 http://www.garmin.com/xmlschemas/VideoExtensionv1.xsd" xmlns="http://www.topografix.com/GPX/1/1" xmlns:xsi="http://www.w3.org/2001/XMLSchema-instance" xmlns:wptx1="http://www.garmin.com/xmlschemas/WaypointExtension/v1" xmlns:gpxtrx="http://www.garmin.com/xmlschemas/GpxExtensions/v3" xmlns:gpxtpx="http://www.garmin.com/xmlschemas/TrackPointExtension/v1" xmlns:gpxx="http://www.garmin.com/xmlschemas/GpxExtensions/v3" xmlns:trp="http://www.garmin.com/xmlschemas/TripExtensions/v1" xmlns:adv="http://www.garmin.com/xmlschemas/AdventuresExtensions/v1" xmlns:prs="http://www.garmin.com/xmlschemas/PressureExtension/v1" xmlns:tmd="http://www.garmin.com/xmlschemas/TripMetaDataExtensions/v1" xmlns:vptm="http://www.garmin.com/xmlschemas/ViaPointTransportationModeExtensions/v1" xmlns:ctx="http://www.garmin.com/xmlschemas/CreationTimeExtension/v1" xmlns:gpxacc="http://www.garmin.com/xmlschemas/AccelerationExtension/v1" xmlns:gpxpx="http://www.garmin.com/xmlschemas/PowerExtension/v1" xmlns:vidx1="http://www.garmin.com/xmlschemas/VideoExtension/v1">

  <metadata>
    <link href="http://www.garmin.com">
      <text>Garmin International</text>
    </link>
    <time>2015-04-28T10:20:18Z</time>
    <bounds maxlat="-6.719714943319559" maxlon="107.0468439348042" minlat="-6.921367105096579" minlon="106.89959233626723" />
  </metadata>

  <wpt lat="-6.796440621837974" lon="106.98439724743366">
    <ele>2698.0454100000002</ele>
    <time>2015-04-28T09:51:00Z</time>
    <name>Air</name>
    <cmt>29-NOV-14 7:56:21</cmt>
    <desc>29-NOV-14 7:56:21</desc>
    <sym>Drinking Water</sym>
    <type>user</type>
    <extensions>
      <gpxx:WaypointExtension>
        <gpxx:DisplayMode>SymbolAndName</gpxx:DisplayMode>
      </gpxx:WaypointExtension>
      <wptx1:WaypointExtension>
        <wptx1:DisplayMode>SymbolAndName</wptx1:DisplayMode>
      </wptx1:WaypointExtension>
      <ctx:CreationTimeExtension>
        <ctx:CreationTime>2015-04-28T09:51:00Z</ctx:CreationTime>
      </ctx:CreationTimeExtension>
    </extensions>
  </wpt>

  <wpt lat="-6.767695723101497" lon="106.98011032305658">
    <ele>2075.3562010000001</ele>
    <time>2015-04-28T09:51:00Z</time>
    <name>air panas</name>
    <cmt>06-DEC-14 2:18:32</cmt>
    <desc>06-DEC-14 2:18:32</desc>
    <sym>Flag, Blue</sym>
    <type>user</type>
    <extensions>
      <gpxx:WaypointExtension>
        <gpxx:DisplayMode>SymbolAndName</gpxx:DisplayMode>
      </gpxx:WaypointExtension>
      <wptx1:WaypointExtension>
        <wptx1:DisplayMode>SymbolAndName</wptx1:DisplayMode>
      </wptx1:WaypointExtension>
      <ctx:CreationTimeExtension>
        <ctx:CreationTime>2015-04-28T09:51:00Z</ctx:CreationTime>
      </ctx:CreationTimeExtension>
    </extensions>
  </wpt>

  <wpt lat="-6.770316241309047" lon="106.97832053527236">
    <ele>2234.9338379999999</ele>
    <time>2015-04-28T09:51:00Z</time>
    <name>air terjun</name>
    <cmt>29-NOV-14 11:17:59</cmt>
    <desc>29-NOV-14 11:17:59</desc>
    <sym>Drinking Water</sym>
    <type>user</type>
    <extensions>
      <gpxx:WaypointExtension>
        <gpxx:DisplayMode>SymbolAndName</gpxx:DisplayMode>
      </gpxx:WaypointExtension>
      <wptx1:WaypointExtension>
        <wptx1:DisplayMode>SymbolAndName</wptx1:DisplayMode>
      </wptx1:WaypointExtension>
      <ctx:CreationTimeExtension>
        <ctx:CreationTime>2015-04-28T09:51:00Z</ctx:CreationTime>
      </ctx:CreationTimeExtension>
    </extensions>
  </wpt>

  <wpt lat="-6.920077130198479" lon="106.92704047076404">
    <ele>697.07641599999999</ele>
    <time>2015-04-28T09:51:00Z</time>
    <name>alun-alun</name>
    <cmt>07-DEC-14 15:33:06</cmt>
    <desc>07-DEC-14 15:33:06</desc>
    <sym>Flag, Blue</sym>
    <type>user</type>
    <extensions>
      <gpxx:WaypointExtension>
        <gpxx:DisplayMode>SymbolAndName</gpxx:DisplayMode>
      </gpxx:WaypointExtension>
      <wptx1:WaypointExtension>
        <wptx1:DisplayMode>SymbolAndName</wptx1:DisplayMode>
      </wptx1:WaypointExtension>
      <ctx:CreationTimeExtension>
        <ctx:CreationTime>2015-04-28T09:51:00Z</ctx:CreationTime>
      </ctx:CreationTimeExtension>
    </extensions>
  </wpt>

  <wpt lat="-6.78652667440474" lon="106.97832933627069">
    <ele>2872.5229490000002</ele>
    <time>2015-04-28T09:51:00Z</time>
    <name>batu</name>
    <cmt>06-DEC-14 15:42:25</cmt>
    <desc>06-DEC-14 15:42:25</desc>
    <sym>Flag, Blue</sym>
    <type>user</type>
    <extensions>
      <gpxx:WaypointExtension>
        <gpxx:DisplayMode>SymbolAndName</gpxx:DisplayMode>
      </gpxx:WaypointExtension>
      <wptx1:WaypointExtension>
        <wptx1:DisplayMode>SymbolAndName</wptx1:DisplayMode>
      </wptx1:WaypointExtension>
      <ctx:CreationTimeExtension>
        <ctx:CreationTime>2015-04-28T09:51:00Z</ctx:CreationTime>
      </ctx:CreationTimeExtension>
    </extensions>
  </wpt>

  <wpt lat="-6.76128457300365" lon="106.98545965366066">
    <ele>1995.0866699999999</ele>
    <time>2015-04-28T09:51:00Z</time>
    <name>batu Kukus 01</name>
    <cmt>29-NOV-14 12:05:17</cmt>
    <desc>29-NOV-14 12:05:17</desc>
    <sym>Campground</sym>
    <type>user</type>
    <extensions>
      <gpxx:WaypointExtension>
        <gpxx:DisplayMode>SymbolAndName</gpxx:DisplayMode>
      </gpxx:WaypointExtension>
      <wptx1:WaypointExtension>
        <wptx1:DisplayMode>SymbolAndName</wptx1:DisplayMode>
      </wptx1:WaypointExtension>
      <ctx:CreationTimeExtension>
        <ctx:CreationTime>2015-04-28T09:51:00Z</ctx:CreationTime>
      </ctx:CreationTimeExtension>
    </extensions>
  </wpt>

  <wpt lat="-6.764163924381137" lon="106.98283712379634">
    <ele>2084.9692380000001</ele>
    <time>2015-04-28T09:51:00Z</time>
    <name>batu kukus 02</name>
    <cmt>29-NOV-14 11:46:46</cmt>
    <desc>29-NOV-14 11:46:46</desc>
    <sym>Campground</sym>
    <type>user</type>
    <extensions>
      <gpxx:WaypointExtension>
        <gpxx:DisplayMode>SymbolAndName</gpxx:DisplayMode>
      </gpxx:WaypointExtension>
      <wptx1:WaypointExtension>
        <wptx1:DisplayMode>SymbolAndName</wptx1:DisplayMode>
      </wptx1:WaypointExtension>
      <ctx:CreationTimeExtension>
        <ctx:CreationTime>2015-04-28T09:51:00Z</ctx:CreationTime>
      </ctx:CreationTimeExtension>
    </extensions>
  </wpt>

  <wpt lat="-6.734900437295437" lon="107.0067944470793">
    <ele>1362.063232</ele>
    <time>2015-04-28T09:51:00Z</time>
    <name>Bude</name>
    <cmt>29-NOV-14 14:46:02</cmt>
    <desc>29-NOV-14 14:46:02</desc>
    <sym>Restaurant</sym>
    <type>user</type>
    <extensions>
      <gpxx:WaypointExtension>
        <gpxx:DisplayMode>SymbolAndName</gpxx:DisplayMode>
      </gpxx:WaypointExtension>
      <wptx1:WaypointExtension>
        <wptx1:DisplayMode>SymbolAndName</wptx1:DisplayMode>
      </wptx1:WaypointExtension>
      <ctx:CreationTimeExtension>
        <ctx:CreationTime>2015-04-28T09:51:00Z</ctx:CreationTime>
      </ctx:CreationTimeExtension>
    </extensions>
  </wpt>

  <wpt lat="-6.764109525829554" lon="106.96543059311807">
    <ele>2690.8354490000002</ele>
    <time>2015-04-28T09:51:00Z</time>
    <name>Camp 1</name>
    <cmt>Camp 1</cmt>
    <desc>Camp 1</desc>
    <sym>Flag, Blue</sym>
    <type>user</type>
    <extensions>
      <gpxx:WaypointExtension>
        <gpxx:DisplayMode>SymbolAndName</gpxx:DisplayMode>
      </gpxx:WaypointExtension>
      <wptx1:WaypointExtension>
        <wptx1:DisplayMode>SymbolAndName</wptx1:DisplayMode>
      </wptx1:WaypointExtension>
      <ctx:CreationTimeExtension>
        <ctx:CreationTime>2015-04-28T09:51:00Z</ctx:CreationTime>
      </ctx:CreationTimeExtension>
    </extensions>
  </wpt>

  <wpt lat="-6.75394487567246" lon="106.96855897083879">
    <ele>2152.0205080000001</ele>
    <time>2015-04-28T09:51:00Z</time>
    <name>Camp 2</name>
    <cmt>Camp 2</cmt>
    <desc>Camp 2</desc>
    <sym>Flag, Blue</sym>
    <type>user</type>
    <extensions>
      <gpxx:WaypointExtension>
        <gpxx:DisplayMode>SymbolAndName</gpxx:DisplayMode>
      </gpxx:WaypointExtension>
      <wptx1:WaypointExtension>
        <wptx1:DisplayMode>SymbolAndName</wptx1:DisplayMode>
      </wptx1:WaypointExtension>
      <ctx:CreationTimeExtension>
        <ctx:CreationTime>2015-04-28T09:51:00Z</ctx:CreationTime>
      </ctx:CreationTimeExtension>
    </extensions>
  </wpt>

  <wpt lat="-6.730938982218504" lon="107.01262297108769">
    <ele>1277.468018</ele>
    <time>2015-04-28T09:51:00Z</time>
    <name>Cibodas</name>
    <cmt>Cibodas</cmt>
    <desc>Cibodas</desc>
    <sym>Flag, Blue</sym>
    <type>user</type>
    <extensions>
      <gpxx:WaypointExtension>
        <gpxx:DisplayMode>SymbolAndName</gpxx:DisplayMode>
      </gpxx:WaypointExtension>
      <wptx1:WaypointExtension>
        <wptx1:DisplayMode>SymbolAndName</wptx1:DisplayMode>
      </wptx1:WaypointExtension>
      <ctx:CreationTimeExtension>
        <ctx:CreationTime>2015-04-28T09:51:00Z</ctx:CreationTime>
      </ctx:CreationTimeExtension>
    </extensions>
  </wpt>

  <wpt lat="-6.814859434962273" lon="106.96839217096567">
    <ele>1861.7048339999999</ele>
    <time>2015-04-28T09:51:00Z</time>
    <name>CIGEBER</name>
    <cmt>CIGEBER</cmt>
    <desc>CIGEBER</desc>
    <sym>Flag, Blue</sym>
    <type>user</type>
    <extensions>
      <gpxx:WaypointExtension>
        <gpxx:DisplayMode>SymbolAndName</gpxx:DisplayMode>
      </gpxx:WaypointExtension>
      <wptx1:WaypointExtension>
        <wptx1:DisplayMode>SymbolAndName</wptx1:DisplayMode>
      </wptx1:WaypointExtension>
      <ctx:CreationTimeExtension>
        <ctx:CreationTime>2015-04-28T09:51:00Z</ctx:CreationTime>
      </ctx:CreationTimeExtension>
    </extensions>
  </wpt>

  <wpt lat="-6.801682161167264" lon="106.97618356905878">
    <ele>2337.0729980000001</ele>
    <time>2015-04-28T09:51:00Z</time>
    <name>CILEUTIK (CAMP</name>
    <cmt>CILEUTIK (CAMP</cmt>
    <desc>CILEUTIK (CAMP</desc>
    <sym>Flag, Blue</sym>
    <type>user</type>
    <extensions>
      <gpxx:WaypointExtension>
        <gpxx:DisplayMode>SymbolAndName</gpxx:DisplayMode>
      </gpxx:WaypointExtension>
      <wptx1:WaypointExtension>
        <wptx1:DisplayMode>SymbolAndName</wptx1:DisplayMode>
      </wptx1:WaypointExtension>
      <ctx:CreationTimeExtension>
        <ctx:CreationTime>2015-04-28T09:51:00Z</ctx:CreationTime>
      </ctx:CreationTimeExtension>
    </extensions>
  </wpt>

  <wpt lat="-6.748382896184921" lon="106.9939568080008">
    <ele>1641.08374</ele>
    <time>2015-04-28T09:51:00Z</time>
    <name>Danau</name>
    <cmt>29-NOV-14 13:14:56</cmt>
    <desc>29-NOV-14 13:14:56</desc>
    <sym>Flag, Blue</sym>
    <type>user</type>
    <extensions>
      <gpxx:WaypointExtension>
        <gpxx:DisplayMode>SymbolAndName</gpxx:DisplayMode>
      </gpxx:WaypointExtension>
      <wptx1:WaypointExtension>
        <wptx1:DisplayMode>SymbolAndName</wptx1:DisplayMode>
      </wptx1:WaypointExtension>
      <ctx:CreationTimeExtension>
        <ctx:CreationTime>2015-04-28T09:51:00Z</ctx:CreationTime>
      </ctx:CreationTimeExtension>
    </extensions>
  </wpt>

  <wpt lat="-6.78260738030076" lon="106.99127040803432">
    <ele>2577.8813479999999</ele>
    <time>2015-04-28T09:51:00Z</time>
    <name>datar</name>
    <cmt>29-NOV-14 7:00:52</cmt>
    <desc>29-NOV-14 7:00:52</desc>
    <sym>Campground</sym>
    <type>user</type>
    <extensions>
      <gpxx:WaypointExtension>
        <gpxx:DisplayMode>SymbolAndName</gpxx:DisplayMode>
      </gpxx:WaypointExtension>
      <wptx1:WaypointExtension>
        <wptx1:DisplayMode>SymbolAndName</wptx1:DisplayMode>
      </wptx1:WaypointExtension>
      <ctx:CreationTimeExtension>
        <ctx:CreationTime>2015-04-28T09:51:00Z</ctx:CreationTime>
      </ctx:CreationTimeExtension>
    </extensions>
  </wpt>

  <wpt lat="-6.772753363475204" lon="106.9766712281853">
    <ele>2220.9946289999998</ele>
    <time>2015-04-28T09:51:00Z</time>
    <name>datar01</name>
    <cmt>06-DEC-14 2:59:22</cmt>
    <desc>06-DEC-14 2:59:22</desc>
    <sym>Flag, Blue</sym>
    <type>user</type>
    <extensions>
      <gpxx:WaypointExtension>
        <gpxx:DisplayMode>SymbolAndName</gpxx:DisplayMode>
      </gpxx:WaypointExtension>
      <wptx1:WaypointExtension>
        <wptx1:DisplayMode>SymbolAndName</wptx1:DisplayMode>
      </wptx1:WaypointExtension>
      <ctx:CreationTimeExtension>
        <ctx:CreationTime>2015-04-28T09:51:00Z</ctx:CreationTime>
      </ctx:CreationTimeExtension>
    </extensions>
  </wpt>

  <wpt lat="-6.774736857041717" lon="106.97693115100265">
    <ele>2293.8142090000001</ele>
    <time>2015-04-28T09:51:00Z</time>
    <name>datar02</name>
    <cmt>06-DEC-14 3:12:43</cmt>
    <desc>06-DEC-14 3:12:43</desc>
    <sym>Flag, Blue</sym>
    <type>user</type>
    <extensions>
      <gpxx:WaypointExtension>
        <gpxx:DisplayMode>SymbolAndName</gpxx:DisplayMode>
      </gpxx:WaypointExtension>
      <wptx1:WaypointExtension>
        <wptx1:DisplayMode>SymbolAndName</wptx1:DisplayMode>
      </wptx1:WaypointExtension>
      <ctx:CreationTimeExtension>
        <ctx:CreationTime>2015-04-28T09:51:00Z</ctx:CreationTime>
      </ctx:CreationTimeExtension>
    </extensions>
  </wpt>

  <wpt lat="-6.805760376155376" lon="106.97330564260483">
    <ele>2241.422607</ele>
    <time>2015-04-28T09:51:00Z</time>
    <name>datar03</name>
    <cmt>07-DEC-14 10:19:36</cmt>
    <desc>07-DEC-14 10:19:36</desc>
    <sym>Flag, Blue</sym>
    <type>user</type>
    <extensions>
      <gpxx:WaypointExtension>
        <gpxx:DisplayMode>SymbolAndName</gpxx:DisplayMode>
      </gpxx:WaypointExtension>
      <wptx1:WaypointExtension>
        <wptx1:DisplayMode>SymbolAndName</wptx1:DisplayMode>
      </wptx1:WaypointExtension>
      <ctx:CreationTimeExtension>
        <ctx:CreationTime>2015-04-28T09:51:00Z</ctx:CreationTime>
      </ctx:CreationTimeExtension>
    </extensions>
  </wpt>

  <wpt lat="-6.808399250730872" lon="106.97206168435514">
    <ele>2153.7028810000002</ele>
    <time>2015-04-28T09:51:00Z</time>
    <name>datar04</name>
    <cmt>07-DEC-14 10:28:28</cmt>
    <desc>07-DEC-14 10:28:28</desc>
    <sym>Flag, Blue</sym>
    <type>user</type>
    <extensions>
      <gpxx:WaypointExtension>
        <gpxx:DisplayMode>SymbolAndName</gpxx:DisplayMode>
      </gpxx:WaypointExtension>
      <wptx1:WaypointExtension>
        <wptx1:DisplayMode>SymbolAndName</wptx1:DisplayMode>
      </wptx1:WaypointExtension>
      <ctx:CreationTimeExtension>
        <ctx:CreationTime>2015-04-28T09:51:00Z</ctx:CreationTime>
      </ctx:CreationTimeExtension>
    </extensions>
  </wpt>

  <wpt lat="-6.809606328606606" lon="106.97201239876449">
    <ele>2095.3032229999999</ele>
    <time>2015-04-28T09:51:00Z</time>
    <name>datar05</name>
    <cmt>07-DEC-14 10:34:38</cmt>
    <desc>07-DEC-14 10:34:38</desc>
    <sym>Flag, Blue</sym>
    <type>user</type>
    <extensions>
      <gpxx:WaypointExtension>
        <gpxx:DisplayMode>SymbolAndName</gpxx:DisplayMode>
      </gpxx:WaypointExtension>
      <wptx1:WaypointExtension>
        <wptx1:DisplayMode>SymbolAndName</wptx1:DisplayMode>
      </wptx1:WaypointExtension>
      <ctx:CreationTimeExtension>
        <ctx:CreationTime>2015-04-28T09:51:00Z</ctx:CreationTime>
      </ctx:CreationTimeExtension>
    </extensions>
  </wpt>

  <wpt lat="-6.829696074128151" lon="106.96687839925289">
    <ele>1530.7734379999999</ele>
    <time>2015-04-28T09:51:00Z</time>
    <name>datar06</name>
    <cmt>07-DEC-14 12:04:53</cmt>
    <desc>07-DEC-14 12:04:53</desc>
    <sym>Flag, Blue</sym>
    <type>user</type>
    <extensions>
      <gpxx:WaypointExtension>
        <gpxx:DisplayMode>SymbolAndName</gpxx:DisplayMode>
      </gpxx:WaypointExtension>
      <wptx1:WaypointExtension>
        <wptx1:DisplayMode>SymbolAndName</wptx1:DisplayMode>
      </wptx1:WaypointExtension>
      <ctx:CreationTimeExtension>
        <ctx:CreationTime>2015-04-28T09:51:00Z</ctx:CreationTime>
      </ctx:CreationTimeExtension>
    </extensions>
  </wpt>

  <wpt lat="-6.801153346896172" lon="106.97670291177928">
    <ele>2436.3283689999998</ele>
    <time>2015-04-28T09:51:00Z</time>
    <name>datar07</name>
    <cmt>07-DEC-14 9:29:25</cmt>
    <desc>07-DEC-14 9:29:25</desc>
    <sym>Flag, Blue</sym>
    <type>user</type>
    <extensions>
      <gpxx:WaypointExtension>
        <gpxx:DisplayMode>SymbolAndName</gpxx:DisplayMode>
      </gpxx:WaypointExtension>
      <wptx1:WaypointExtension>
        <wptx1:DisplayMode>SymbolAndName</wptx1:DisplayMode>
      </wptx1:WaypointExtension>
      <ctx:CreationTimeExtension>
        <ctx:CreationTime>2015-04-28T09:51:00Z</ctx:CreationTime>
      </ctx:CreationTimeExtension>
    </extensions>
  </wpt>

  <wpt lat="-6.789848422631621" lon="106.98315303772688">
    <ele>2979.9497070000002</ele>
    <time>2015-04-28T09:51:00Z</time>
    <name>GEDE SUMMIT</name>
    <cmt>GEDE SUMMIT</cmt>
    <desc>GEDE SUMMIT</desc>
    <sym>Flag, Blue</sym>
    <type>user</type>
    <extensions>
      <gpxx:WaypointExtension>
        <gpxx:DisplayMode>SymbolAndName</gpxx:DisplayMode>
      </gpxx:WaypointExtension>
      <wptx1:WaypointExtension>
        <wptx1:DisplayMode>SymbolAndName</wptx1:DisplayMode>
      </wptx1:WaypointExtension>
      <ctx:CreationTimeExtension>
        <ctx:CreationTime>2015-04-28T09:51:00Z</ctx:CreationTime>
      </ctx:CreationTimeExtension>
    </extensions>
  </wpt>

  <wpt lat="-6.734282271936536" lon="106.98623430915177">
    <ele>2063.099365</ele>
    <time>2015-04-28T09:51:00Z</time>
    <name>Geger Bentang</name>
    <cmt>Geger Bentang</cmt>
    <desc>Geger Bentang</desc>
    <sym>Flag, Blue</sym>
    <type>user</type>
    <extensions>
      <gpxx:WaypointExtension>
        <gpxx:DisplayMode>SymbolAndName</gpxx:DisplayMode>
      </gpxx:WaypointExtension>
      <wptx1:WaypointExtension>
        <wptx1:DisplayMode>SymbolAndName</wptx1:DisplayMode>
      </wptx1:WaypointExtension>
      <ctx:CreationTimeExtension>
        <ctx:CreationTime>2015-04-28T09:51:00Z</ctx:CreationTime>
      </ctx:CreationTimeExtension>
    </extensions>
  </wpt>

  <wpt lat="-6.767523726448417" lon="107.00143028050661">
    <ele>1873</ele>
    <time>2015-04-28T09:51:00Z</time>
    <name>gerbang 1</name>
    <cmt>29-NOV-14 3:16:31</cmt>
    <desc>29-NOV-14 3:16:31</desc>
    <sym>Flag, Blue</sym>
    <type>user</type>
    <extensions>
      <gpxx:WaypointExtension>
        <gpxx:DisplayMode>SymbolAndName</gpxx:DisplayMode>
      </gpxx:WaypointExtension>
      <wptx1:WaypointExtension>
        <wptx1:DisplayMode>SymbolAndName</wptx1:DisplayMode>
      </wptx1:WaypointExtension>
      <ctx:CreationTimeExtension>
        <ctx:CreationTime>2015-04-28T09:51:00Z</ctx:CreationTime>
      </ctx:CreationTimeExtension>
    </extensions>
  </wpt>

  <wpt lat="-6.740173911675811" lon="107.00346406549215">
    <ele>1450.9846190000001</ele>
    <time>2015-04-28T09:51:00Z</time>
    <name>gerbang tngp</name>
    <cmt>29-NOV-14 13:43:23</cmt>
    <desc>29-NOV-14 13:43:23</desc>
    <sym>Trail Head</sym>
    <type>user</type>
    <extensions>
      <gpxx:WaypointExtension>
        <gpxx:DisplayMode>SymbolAndName</gpxx:DisplayMode>
      </gpxx:WaypointExtension>
      <wptx1:WaypointExtension>
        <wptx1:DisplayMode>SymbolAndName</wptx1:DisplayMode>
      </wptx1:WaypointExtension>
      <ctx:CreationTimeExtension>
        <ctx:CreationTime>2015-04-28T09:51:00Z</ctx:CreationTime>
      </ctx:CreationTimeExtension>
    </extensions>
  </wpt>

  <wpt lat="-6.818388886749744" lon="106.96813828311861">
    <ele>1737.9357910000001</ele>
    <time>2015-04-28T09:51:00Z</time>
    <name>GONDRONG CROSS</name>
    <cmt>GONDRONG CROSS</cmt>
    <desc>GONDRONG CROSS</desc>
    <sym>Flag, Blue</sym>
    <type>user</type>
    <extensions>
      <gpxx:WaypointExtension>
        <gpxx:DisplayMode>SymbolAndName</gpxx:DisplayMode>
      </gpxx:WaypointExtension>
      <wptx1:WaypointExtension>
        <wptx1:DisplayMode>SymbolAndName</wptx1:DisplayMode>
      </wptx1:WaypointExtension>
      <ctx:CreationTimeExtension>
        <ctx:CreationTime>2015-04-28T09:51:00Z</ctx:CreationTime>
      </ctx:CreationTimeExtension>
    </extensions>
  </wpt>

  <wpt lat="-6.796513795852661" lon="106.98130792938173">
    <ele>2753.080078</ele>
    <time>2015-04-28T09:51:00Z</time>
    <name>GUMURUH CROSST</name>
    <cmt>GUMURUH CROSST</cmt>
    <desc>GUMURUH CROSST</desc>
    <sym>Flag, Blue</sym>
    <type>user</type>
    <extensions>
      <gpxx:WaypointExtension>
        <gpxx:DisplayMode>SymbolAndName</gpxx:DisplayMode>
      </gpxx:WaypointExtension>
      <wptx1:WaypointExtension>
        <wptx1:DisplayMode>SymbolAndName</wptx1:DisplayMode>
      </wptx1:WaypointExtension>
      <ctx:CreationTimeExtension>
        <ctx:CreationTime>2015-04-28T09:51:00Z</ctx:CreationTime>
      </ctx:CreationTimeExtension>
    </extensions>
  </wpt>

  <wpt lat="-6.74705620855093" lon="106.98171688243747">
    <ele>1896.071533</ele>
    <time>2015-04-28T09:51:00Z</time>
    <name>Intersection t</name>
    <cmt>Intersection t</cmt>
    <desc>Intersection t</desc>
    <sym>Flag, Blue</sym>
    <type>user</type>
    <extensions>
      <gpxx:WaypointExtension>
        <gpxx:DisplayMode>SymbolAndName</gpxx:DisplayMode>
      </gpxx:WaypointExtension>
      <wptx1:WaypointExtension>
        <wptx1:DisplayMode>SymbolAndName</wptx1:DisplayMode>
      </wptx1:WaypointExtension>
      <ctx:CreationTimeExtension>
        <ctx:CreationTime>2015-04-28T09:51:00Z</ctx:CreationTime>
      </ctx:CreationTimeExtension>
    </extensions>
  </wpt>

  <wpt lat="-6.813903227448463" lon="106.96924360468984">
    <ele>1899.4360349999999</ele>
    <time>2015-04-28T09:51:00Z</time>
    <name>jalan batu</name>
    <cmt>07-DEC-14 10:56:57</cmt>
    <desc>07-DEC-14 10:56:57</desc>
    <sym>Flag, Blue</sym>
    <type>user</type>
    <extensions>
      <gpxx:WaypointExtension>
        <gpxx:DisplayMode>SymbolAndName</gpxx:DisplayMode>
      </gpxx:WaypointExtension>
      <wptx1:WaypointExtension>
        <wptx1:DisplayMode>SymbolAndName</wptx1:DisplayMode>
      </wptx1:WaypointExtension>
      <ctx:CreationTimeExtension>
        <ctx:CreationTime>2015-04-28T09:51:00Z</ctx:CreationTime>
      </ctx:CreationTimeExtension>
    </extensions>
  </wpt>

  <wpt lat="-6.845817491412163" lon="106.96119798347354">
    <ele>1211.858643</ele>
    <time>2015-04-28T09:51:00Z</time>
    <name>jalur trek</name>
    <cmt>07-DEC-14 12:49:58</cmt>
    <desc>07-DEC-14 12:49:58</desc>
    <sym>Flag, Blue</sym>
    <type>user</type>
    <extensions>
      <gpxx:WaypointExtension>
        <gpxx:DisplayMode>SymbolAndName</gpxx:DisplayMode>
      </gpxx:WaypointExtension>
      <wptx1:WaypointExtension>
        <wptx1:DisplayMode>SymbolAndName</wptx1:DisplayMode>
      </wptx1:WaypointExtension>
      <ctx:CreationTimeExtension>
        <ctx:CreationTime>2015-04-28T09:51:00Z</ctx:CreationTime>
      </ctx:CreationTimeExtension>
    </extensions>
  </wpt>

  <wpt lat="-6.750127924606204" lon="106.98927333578467">
    <ele>1686.986572</ele>
    <time>2015-04-28T09:51:00Z</time>
    <name>jembatan</name>
    <cmt>29-NOV-14 13:05:09</cmt>
    <desc>29-NOV-14 13:05:09</desc>
    <sym>City (Small)</sym>
    <type>user</type>
    <extensions>
      <gpxx:WaypointExtension>
        <gpxx:DisplayMode>SymbolAndName</gpxx:DisplayMode>
      </gpxx:WaypointExtension>
      <wptx1:WaypointExtension>
        <wptx1:DisplayMode>SymbolAndName</wptx1:DisplayMode>
      </wptx1:WaypointExtension>
      <ctx:CreationTimeExtension>
        <ctx:CreationTime>2015-04-28T09:51:00Z</ctx:CreationTime>
      </ctx:CreationTimeExtension>
    </extensions>
  </wpt>

  <wpt lat="-6.843656301498413" lon="106.96230791509151">
    <ele>1259.923828</ele>
    <time>2015-04-28T09:51:00Z</time>
    <name>jembatn</name>
    <cmt>07-DEC-14 12:43:31</cmt>
    <desc>07-DEC-14 12:43:31</desc>
    <sym>Flag, Blue</sym>
    <type>user</type>
    <extensions>
      <gpxx:WaypointExtension>
        <gpxx:DisplayMode>SymbolAndName</gpxx:DisplayMode>
      </gpxx:WaypointExtension>
      <wptx1:WaypointExtension>
        <wptx1:DisplayMode>SymbolAndName</wptx1:DisplayMode>
      </wptx1:WaypointExtension>
      <ctx:CreationTimeExtension>
        <ctx:CreationTime>2015-04-28T09:51:00Z</ctx:CreationTime>
      </ctx:CreationTimeExtension>
    </extensions>
  </wpt>

  <wpt lat="-6.764233158901334" lon="107.0036531612277">
    <ele>1705.972168</ele>
    <time>2015-04-28T09:51:00Z</time>
    <name>Kali</name>
    <cmt>29-NOV-14 2:18:05</cmt>
    <desc>29-NOV-14 2:18:05</desc>
    <sym>Drinking Water</sym>
    <type>user</type>
    <extensions>
      <gpxx:WaypointExtension>
        <gpxx:DisplayMode>SymbolAndName</gpxx:DisplayMode>
      </gpxx:WaypointExtension>
      <wptx1:WaypointExtension>
        <wptx1:DisplayMode>SymbolAndName</wptx1:DisplayMode>
      </wptx1:WaypointExtension>
      <ctx:CreationTimeExtension>
        <ctx:CreationTime>2015-04-28T09:51:00Z</ctx:CreationTime>
      </ctx:CreationTimeExtension>
    </extensions>
  </wpt>

  <wpt lat="-6.800602320581675" lon="106.9776348117739">
    <ele>2491.1232909999999</ele>
    <time>2015-04-28T09:51:00Z</time>
    <name>kali01</name>
    <cmt>07-DEC-14 9:23:34</cmt>
    <desc>07-DEC-14 9:23:34</desc>
    <sym>Flag, Blue</sym>
    <type>user</type>
    <extensions>
      <gpxx:WaypointExtension>
        <gpxx:DisplayMode>SymbolAndName</gpxx:DisplayMode>
      </gpxx:WaypointExtension>
      <wptx1:WaypointExtension>
        <wptx1:DisplayMode>SymbolAndName</wptx1:DisplayMode>
      </wptx1:WaypointExtension>
      <ctx:CreationTimeExtension>
        <ctx:CreationTime>2015-04-28T09:51:00Z</ctx:CreationTime>
      </ctx:CreationTimeExtension>
    </extensions>
  </wpt>

  <wpt lat="-6.777016147971153" lon="106.9752483163029">
    <ele>2436.088135</ele>
    <time>2015-04-28T09:51:00Z</time>
    <name>kandang badak</name>
    <cmt>29-NOV-14 10:52:01</cmt>
    <desc>29-NOV-14 10:52:01</desc>
    <sym>Campground</sym>
    <type>user</type>
    <extensions>
      <gpxx:WaypointExtension>
        <gpxx:DisplayMode>SymbolAndName</gpxx:DisplayMode>
      </gpxx:WaypointExtension>
      <wptx1:WaypointExtension>
        <wptx1:DisplayMode>SymbolAndName</wptx1:DisplayMode>
      </wptx1:WaypointExtension>
      <ctx:CreationTimeExtension>
        <ctx:CreationTime>2015-04-28T09:51:00Z</ctx:CreationTime>
      </ctx:CreationTimeExtension>
    </extensions>
  </wpt>

  <wpt lat="-6.769462041556835" lon="106.97905898094177">
    <ele>2185.4262699999999</ele>
    <time>2015-04-28T09:51:00Z</time>
    <name>Kandang Batu</name>
    <cmt>Kandang Batu</cmt>
    <desc>Kandang Batu</desc>
    <sym>Flag, Blue</sym>
    <type>user</type>
    <extensions>
      <gpxx:WaypointExtension>
        <gpxx:DisplayMode>SymbolAndName</gpxx:DisplayMode>
      </gpxx:WaypointExtension>
      <wptx1:WaypointExtension>
        <wptx1:DisplayMode>SymbolAndName</wptx1:DisplayMode>
      </wptx1:WaypointExtension>
      <ctx:CreationTimeExtension>
        <ctx:CreationTime>2015-04-28T09:51:00Z</ctx:CreationTime>
      </ctx:CreationTimeExtension>
    </extensions>
  </wpt>

  <wpt lat="-6.769155599176884" lon="106.96368296630681">
    <ele>3001.0986330000001</ele>
    <time>2015-04-28T09:51:00Z</time>
    <name>Lembah Mandala</name>
    <cmt>Lembah Mandala</cmt>
    <desc>Lembah Mandala</desc>
    <sym>Flag, Blue</sym>
    <type>user</type>
    <extensions>
      <gpxx:WaypointExtension>
        <gpxx:DisplayMode>SymbolAndName</gpxx:DisplayMode>
      </gpxx:WaypointExtension>
      <wptx1:WaypointExtension>
        <wptx1:DisplayMode>SymbolAndName</wptx1:DisplayMode>
      </wptx1:WaypointExtension>
      <ctx:CreationTimeExtension>
        <ctx:CreationTime>2015-04-28T09:51:00Z</ctx:CreationTime>
      </ctx:CreationTimeExtension>
    </extensions>
  </wpt>

  <wpt lat="-6.921367105096579" lon="106.92568461410701">
    <ele>661.50805700000001</ele>
    <time>2015-04-28T09:51:00Z</time>
    <name>Masjid</name>
    <cmt>07-DEC-14 15:45:59</cmt>
    <desc>07-DEC-14 15:45:59</desc>
    <sym>Flag, Blue</sym>
    <type>user</type>
    <extensions>
      <gpxx:WaypointExtension>
        <gpxx:DisplayMode>SymbolAndName</gpxx:DisplayMode>
      </gpxx:WaypointExtension>
      <wptx1:WaypointExtension>
        <wptx1:DisplayMode>SymbolAndName</wptx1:DisplayMode>
      </wptx1:WaypointExtension>
      <ctx:CreationTimeExtension>
        <ctx:CreationTime>2015-04-28T09:51:00Z</ctx:CreationTime>
      </ctx:CreationTimeExtension>
    </extensions>
  </wpt>

  <wpt lat="-6.846826672554016" lon="106.96118608117104">
    <ele>1146.008789</ele>
    <time>2015-04-28T09:51:00Z</time>
    <name>OFFICE</name>
    <cmt>OFFICE</cmt>
    <desc>OFFICE</desc>
    <sym>Flag, Blue</sym>
    <type>user</type>
    <extensions>
      <gpxx:WaypointExtension>
        <gpxx:DisplayMode>SymbolAndName</gpxx:DisplayMode>
      </gpxx:WaypointExtension>
      <wptx1:WaypointExtension>
        <wptx1:DisplayMode>SymbolAndName</wptx1:DisplayMode>
      </wptx1:WaypointExtension>
      <ctx:CreationTimeExtension>
        <ctx:CreationTime>2015-04-28T09:51:00Z</ctx:CreationTime>
      </ctx:CreationTimeExtension>
    </extensions>
  </wpt>

  <wpt lat="-6.751085137948394" lon="106.98877243325114">
    <ele>1725.919678</ele>
    <time>2015-04-28T09:51:00Z</time>
    <name>Panyangcangan</name>
    <cmt>29-NOV-14 12:57:36</cmt>
    <desc>29-NOV-14 12:57:36</desc>
    <sym>Campground</sym>
    <type>user</type>
    <extensions>
      <gpxx:WaypointExtension>
        <gpxx:DisplayMode>SymbolAndName</gpxx:DisplayMode>
      </gpxx:WaypointExtension>
      <wptx1:WaypointExtension>
        <wptx1:DisplayMode>SymbolAndName</wptx1:DisplayMode>
      </wptx1:WaypointExtension>
      <ctx:CreationTimeExtension>
        <ctx:CreationTime>2015-04-28T09:51:00Z</ctx:CreationTime>
      </ctx:CreationTimeExtension>
    </extensions>
  </wpt>

  <wpt lat="-6.848845118656755" lon="106.96152831427753">
    <ele>1181.0966800000001</ele>
    <time>2015-04-28T09:51:00Z</time>
    <name>Parkiran</name>
    <cmt>07-DEC-14 14:14:29</cmt>
    <desc>07-DEC-14 14:14:29</desc>
    <sym>Flag, Blue</sym>
    <type>user</type>
    <extensions>
      <gpxx:WaypointExtension>
        <gpxx:DisplayMode>SymbolAndName</gpxx:DisplayMode>
      </gpxx:WaypointExtension>
      <wptx1:WaypointExtension>
        <wptx1:DisplayMode>SymbolAndName</wptx1:DisplayMode>
      </wptx1:WaypointExtension>
      <ctx:CreationTimeExtension>
        <ctx:CreationTime>2015-04-28T09:51:00Z</ctx:CreationTime>
      </ctx:CreationTimeExtension>
    </extensions>
  </wpt>

  <wpt lat="-6.797163309529424" lon="106.98080082423985">
    <ele>2725.9233399999998</ele>
    <time>2015-04-28T09:51:00Z</time>
    <name>Pc1</name>
    <cmt>07-DEC-14 8:54:54</cmt>
    <desc>07-DEC-14 8:54:54</desc>
    <sym>Flag, Blue</sym>
    <type>user</type>
    <extensions>
      <gpxx:WaypointExtension>
        <gpxx:DisplayMode>SymbolAndName</gpxx:DisplayMode>
      </gpxx:WaypointExtension>
      <wptx1:WaypointExtension>
        <wptx1:DisplayMode>SymbolAndName</wptx1:DisplayMode>
      </wptx1:WaypointExtension>
      <ctx:CreationTimeExtension>
        <ctx:CreationTime>2015-04-28T09:51:00Z</ctx:CreationTime>
      </ctx:CreationTimeExtension>
    </extensions>
  </wpt>

  <wpt lat="-6.777684353291988" lon="106.97538904845715">
    <ele>2458.9191890000002</ele>
    <time>2015-04-28T09:51:00Z</time>
    <name>pertigaan</name>
    <cmt>29-NOV-14 10:49:19</cmt>
    <desc>29-NOV-14 10:49:19</desc>
    <sym>City (Small)</sym>
    <type>user</type>
    <extensions>
      <gpxx:WaypointExtension>
        <gpxx:DisplayMode>SymbolAndName</gpxx:DisplayMode>
      </gpxx:WaypointExtension>
      <wptx1:WaypointExtension>
        <wptx1:DisplayMode>SymbolAndName</wptx1:DisplayMode>
      </wptx1:WaypointExtension>
      <ctx:CreationTimeExtension>
        <ctx:CreationTime>2015-04-28T09:51:00Z</ctx:CreationTime>
      </ctx:CreationTimeExtension>
    </extensions>
  </wpt>

  <wpt lat="-6.841592006385326" lon="106.96328591555357">
    <ele>1291</ele>
    <time>2015-04-28T09:51:00Z</time>
    <name>pertigaan cibeureum</name>
    <cmt>07-DEC-14 12:36:11</cmt>
    <desc>07-DEC-14 12:36:11</desc>
    <sym>City (Small)</sym>
    <type>user</type>
    <extensions>
      <gpxx:WaypointExtension>
        <gpxx:DisplayMode>SymbolAndName</gpxx:DisplayMode>
      </gpxx:WaypointExtension>
      <wptx1:WaypointExtension>
        <wptx1:DisplayMode>SymbolAndName</wptx1:DisplayMode>
      </wptx1:WaypointExtension>
      <ctx:CreationTimeExtension>
        <ctx:CreationTime>2015-04-28T09:51:00Z</ctx:CreationTime>
      </ctx:CreationTimeExtension>
    </extensions>
  </wpt>

  <wpt lat="-6.879035476595163" lon="106.9474677555263">
    <ele>953.02563499999997</ele>
    <time>2015-04-28T09:51:00Z</time>
    <name>pertigaan selabintana</name>
    <cmt>07-DEC-14 15:18:40</cmt>
    <desc>07-DEC-14 15:18:40</desc>
    <sym>Flag, Blue</sym>
    <type>user</type>
    <extensions>
      <gpxx:WaypointExtension>
        <gpxx:DisplayMode>SymbolAndName</gpxx:DisplayMode>
      </gpxx:WaypointExtension>
      <wptx1:WaypointExtension>
        <wptx1:DisplayMode>SymbolAndName</wptx1:DisplayMode>
      </wptx1:WaypointExtension>
      <ctx:CreationTimeExtension>
        <ctx:CreationTime>2015-04-28T09:51:00Z</ctx:CreationTime>
      </ctx:CreationTimeExtension>
    </extensions>
  </wpt>

  <wpt lat="-6.814286028966308" lon="106.96877136826515">
    <ele>1863.1467290000001</ele>
    <time>2015-04-28T09:51:00Z</time>
    <name>pertigaan turun</name>
    <cmt>07-DEC-14 11:01:34</cmt>
    <desc>07-DEC-14 11:01:34</desc>
    <sym>Flag, Blue</sym>
    <type>user</type>
    <extensions>
      <gpxx:WaypointExtension>
        <gpxx:DisplayMode>SymbolAndName</gpxx:DisplayMode>
      </gpxx:WaypointExtension>
      <wptx1:WaypointExtension>
        <wptx1:DisplayMode>SymbolAndName</wptx1:DisplayMode>
      </wptx1:WaypointExtension>
      <ctx:CreationTimeExtension>
        <ctx:CreationTime>2015-04-28T09:51:00Z</ctx:CreationTime>
      </ctx:CreationTimeExtension>
    </extensions>
  </wpt>

  <wpt lat="-6.920952703803778" lon="106.92620395682752">
    <ele>640.83960000000002</ele>
    <time>2015-04-28T09:51:00Z</time>
    <name>polres</name>
    <cmt>07-DEC-14 16:38:17</cmt>
    <desc>07-DEC-14 16:38:17</desc>
    <sym>Flag, Blue</sym>
    <type>user</type>
    <extensions>
      <gpxx:WaypointExtension>
        <gpxx:DisplayMode>SymbolAndName</gpxx:DisplayMode>
      </gpxx:WaypointExtension>
      <wptx1:WaypointExtension>
        <wptx1:DisplayMode>SymbolAndName</wptx1:DisplayMode>
      </wptx1:WaypointExtension>
      <ctx:CreationTimeExtension>
        <ctx:CreationTime>2015-04-28T09:51:00Z</ctx:CreationTime>
      </ctx:CreationTimeExtension>
    </extensions>
  </wpt>

  <wpt lat="-6.768940854817629" lon="107.00012077577412">
    <ele>1933.0820309999999</ele>
    <time>2015-04-28T09:51:00Z</time>
    <name>pos 01</name>
    <cmt>29-NOV-14 3:39:41</cmt>
    <desc>29-NOV-14 3:39:41</desc>
    <sym>Campground</sym>
    <type>user</type>
    <extensions>
      <gpxx:WaypointExtension>
        <gpxx:DisplayMode>SymbolAndName</gpxx:DisplayMode>
      </gpxx:WaypointExtension>
      <wptx1:WaypointExtension>
        <wptx1:DisplayMode>SymbolAndName</wptx1:DisplayMode>
      </wptx1:WaypointExtension>
      <ctx:CreationTimeExtension>
        <ctx:CreationTime>2015-04-28T09:51:00Z</ctx:CreationTime>
      </ctx:CreationTimeExtension>
    </extensions>
  </wpt>

  <wpt lat="-6.776190949603915" lon="106.99320461601019">
    <ele>2239.0192870000001</ele>
    <time>2015-04-28T09:51:00Z</time>
    <name>pos 03</name>
    <cmt>29-NOV-14 5:20:18</cmt>
    <desc>29-NOV-14 5:20:18</desc>
    <sym>Campground</sym>
    <type>user</type>
    <extensions>
      <gpxx:WaypointExtension>
        <gpxx:DisplayMode>SymbolAndName</gpxx:DisplayMode>
      </gpxx:WaypointExtension>
      <wptx1:WaypointExtension>
        <wptx1:DisplayMode>SymbolAndName</wptx1:DisplayMode>
      </wptx1:WaypointExtension>
      <ctx:CreationTimeExtension>
        <ctx:CreationTime>2015-04-28T09:51:00Z</ctx:CreationTime>
      </ctx:CreationTimeExtension>
    </extensions>
  </wpt>

  <wpt lat="-6.769868396222591" lon="106.99856149032712">
    <ele>1980.907471</ele>
    <time>2015-04-28T09:51:00Z</time>
    <name>pos 2</name>
    <cmt>29-NOV-14 3:48:58</cmt>
    <desc>29-NOV-14 3:48:58</desc>
    <sym>Campground</sym>
    <type>user</type>
    <extensions>
      <gpxx:WaypointExtension>
        <gpxx:DisplayMode>SymbolAndName</gpxx:DisplayMode>
      </gpxx:WaypointExtension>
      <wptx1:WaypointExtension>
        <wptx1:DisplayMode>SymbolAndName</wptx1:DisplayMode>
      </wptx1:WaypointExtension>
      <ctx:CreationTimeExtension>
        <ctx:CreationTime>2015-04-28T09:51:00Z</ctx:CreationTime>
      </ctx:CreationTimeExtension>
    </extensions>
  </wpt>

  <wpt lat="-6.757103009149432" lon="107.00888003222644">
    <ele>1623.7802730000001</ele>
    <time>2015-04-28T09:51:00Z</time>
    <name>Pos Gn Putri</name>
    <cmt>Pos Gn Putri</cmt>
    <desc>Pos Gn Putri</desc>
    <sym>Flag, Blue</sym>
    <type>user</type>
    <extensions>
      <gpxx:WaypointExtension>
        <gpxx:DisplayMode>SymbolAndName</gpxx:DisplayMode>
      </gpxx:WaypointExtension>
      <wptx1:WaypointExtension>
        <wptx1:DisplayMode>SymbolAndName</wptx1:DisplayMode>
      </wptx1:WaypointExtension>
      <ctx:CreationTimeExtension>
        <ctx:CreationTime>2015-04-28T09:51:00Z</ctx:CreationTime>
      </ctx:CreationTimeExtension>
    </extensions>
  </wpt>

  <wpt lat="-6.840169429779053" lon="106.96373895741999">
    <ele>1332.5031739999999</ele>
    <time>2015-04-28T09:51:00Z</time>
    <name>pos1</name>
    <cmt>07-DEC-14 12:31:57</cmt>
    <desc>07-DEC-14 12:31:57</desc>
    <sym>Flag, Blue</sym>
    <type>user</type>
    <extensions>
      <gpxx:WaypointExtension>
        <gpxx:DisplayMode>SymbolAndName</gpxx:DisplayMode>
      </gpxx:WaypointExtension>
      <wptx1:WaypointExtension>
        <wptx1:DisplayMode>SymbolAndName</wptx1:DisplayMode>
      </wptx1:WaypointExtension>
      <ctx:CreationTimeExtension>
        <ctx:CreationTime>2015-04-28T09:51:00Z</ctx:CreationTime>
      </ctx:CreationTimeExtension>
    </extensions>
  </wpt>

  <wpt lat="-6.798076936975122" lon="106.97921773418784">
    <ele>2599.9916990000002</ele>
    <time>2015-04-28T09:51:00Z</time>
    <name>POST2</name>
    <cmt>POST2</cmt>
    <desc>POST2</desc>
    <sym>Flag, Blue</sym>
    <type>user</type>
    <extensions>
      <gpxx:WaypointExtension>
        <gpxx:DisplayMode>SymbolAndName</gpxx:DisplayMode>
      </gpxx:WaypointExtension>
      <wptx1:WaypointExtension>
        <wptx1:DisplayMode>SymbolAndName</wptx1:DisplayMode>
      </wptx1:WaypointExtension>
      <ctx:CreationTimeExtension>
        <ctx:CreationTime>2015-04-28T09:51:00Z</ctx:CreationTime>
      </ctx:CreationTimeExtension>
    </extensions>
  </wpt>

  <wpt lat="-6.770406765863299" lon="106.96514217182994">
    <ele>3038.109375</ele>
    <time>2015-04-28T09:51:00Z</time>
    <name>Puncak Pangrango</name>
    <cmt>Puncak Pangrango</cmt>
    <desc>Puncak Pangrango</desc>
    <sym>Flag, Blue</sym>
    <type>user</type>
    <extensions>
      <gpxx:WaypointExtension>
        <gpxx:DisplayMode>SymbolAndName</gpxx:DisplayMode>
      </gpxx:WaypointExtension>
      <wptx1:WaypointExtension>
        <wptx1:DisplayMode>SymbolAndName</wptx1:DisplayMode>
      </wptx1:WaypointExtension>
      <ctx:CreationTimeExtension>
        <ctx:CreationTime>2015-04-28T09:51:00Z</ctx:CreationTime>
      </ctx:CreationTimeExtension>
    </extensions>
  </wpt>

  <wpt lat="-6.837231405079365" lon="106.924117365852">
    <ele>1104.19165</ele>
    <time>2015-04-28T09:51:00Z</time>
    <name>Rakata Campsit</name>
    <cmt>Rakata Campsit</cmt>
    <desc>Rakata Campsit</desc>
    <sym>Flag, Blue</sym>
    <type>user</type>
    <extensions>
      <gpxx:WaypointExtension>
        <gpxx:DisplayMode>SymbolAndName</gpxx:DisplayMode>
      </gpxx:WaypointExtension>
      <wptx1:WaypointExtension>
        <wptx1:DisplayMode>SymbolAndName</wptx1:DisplayMode>
      </wptx1:WaypointExtension>
      <ctx:CreationTimeExtension>
        <ctx:CreationTime>2015-04-28T09:51:00Z</ctx:CreationTime>
      </ctx:CreationTimeExtension>
    </extensions>
  </wpt>

  <wpt lat="-6.813706923276186" lon="106.96921586059034">
    <ele>1831.904053</ele>
    <time>2015-04-28T09:51:00Z</time>
    <name>RAVINE</name>
    <cmt>RAVINE</cmt>
    <desc>RAVINE</desc>
    <sym>Flag, Blue</sym>
    <type>user</type>
    <extensions>
      <gpxx:WaypointExtension>
        <gpxx:DisplayMode>SymbolAndName</gpxx:DisplayMode>
      </gpxx:WaypointExtension>
      <wptx1:WaypointExtension>
        <wptx1:DisplayMode>SymbolAndName</wptx1:DisplayMode>
      </wptx1:WaypointExtension>
      <ctx:CreationTimeExtension>
        <ctx:CreationTime>2015-04-28T09:51:00Z</ctx:CreationTime>
      </ctx:CreationTimeExtension>
    </extensions>
  </wpt>

  <wpt lat="-6.756866807118058" lon="106.98670025914907">
    <ele>1873.9614260000001</ele>
    <time>2015-04-28T09:51:00Z</time>
    <name>rawadenok 01</name>
    <cmt>29-NOV-14 12:28:09</cmt>
    <desc>29-NOV-14 12:28:09</desc>
    <sym>Campground</sym>
    <type>user</type>
    <extensions>
      <gpxx:WaypointExtension>
        <gpxx:DisplayMode>SymbolAndName</gpxx:DisplayMode>
      </gpxx:WaypointExtension>
      <wptx1:WaypointExtension>
        <wptx1:DisplayMode>SymbolAndName</wptx1:DisplayMode>
      </wptx1:WaypointExtension>
      <ctx:CreationTimeExtension>
        <ctx:CreationTime>2015-04-28T09:51:00Z</ctx:CreationTime>
      </ctx:CreationTimeExtension>
    </extensions>
  </wpt>

  <wpt lat="-6.760046565905213" lon="106.98516787961125">
    <ele>1947.982422</ele>
    <time>2015-04-28T09:51:00Z</time>
    <name>rawadenok 02</name>
    <cmt>29-NOV-14 12:11:53</cmt>
    <desc>29-NOV-14 12:11:53</desc>
    <sym>Campground</sym>
    <type>user</type>
    <extensions>
      <gpxx:WaypointExtension>
        <gpxx:DisplayMode>SymbolAndName</gpxx:DisplayMode>
      </gpxx:WaypointExtension>
      <wptx1:WaypointExtension>
        <wptx1:DisplayMode>SymbolAndName</wptx1:DisplayMode>
      </wptx1:WaypointExtension>
      <ctx:CreationTimeExtension>
        <ctx:CreationTime>2015-04-28T09:51:00Z</ctx:CreationTime>
      </ctx:CreationTimeExtension>
    </extensions>
  </wpt>

  <wpt lat="-6.752137234434485" lon="106.97186948731542">
    <ele>2032.0969239999999</ele>
    <time>2015-04-28T09:51:00Z</time>
    <name>Semar Hitam</name>
    <cmt>Semar Hitam</cmt>
    <desc>Semar Hitam</desc>
    <sym>Flag, Blue</sym>
    <type>user</type>
    <extensions>
      <gpxx:WaypointExtension>
        <gpxx:DisplayMode>SymbolAndName</gpxx:DisplayMode>
      </gpxx:WaypointExtension>
      <wptx1:WaypointExtension>
        <wptx1:DisplayMode>SymbolAndName</wptx1:DisplayMode>
      </wptx1:WaypointExtension>
      <ctx:CreationTimeExtension>
        <ctx:CreationTime>2015-04-28T09:51:00Z</ctx:CreationTime>
      </ctx:CreationTimeExtension>
    </extensions>
  </wpt>

  <wpt lat="-6.744130002334714" lon="106.98520677164197">
    <ele>1943.8969729999999</ele>
    <time>2015-04-28T09:51:00Z</time>
    <name>Semar Merah</name>
    <cmt>Semar Merah</cmt>
    <desc>Semar Merah</desc>
    <sym>Flag, Blue</sym>
    <type>user</type>
    <extensions>
      <gpxx:WaypointExtension>
        <gpxx:DisplayMode>SymbolAndName</gpxx:DisplayMode>
      </gpxx:WaypointExtension>
      <wptx1:WaypointExtension>
        <wptx1:DisplayMode>SymbolAndName</wptx1:DisplayMode>
      </wptx1:WaypointExtension>
      <ctx:CreationTimeExtension>
        <ctx:CreationTime>2015-04-28T09:51:00Z</ctx:CreationTime>
      </ctx:CreationTimeExtension>
    </extensions>
  </wpt>

  <wpt lat="-6.786422906443477" lon="106.99120234698057">
    <ele>2697.0839839999999</ele>
    <time>2015-04-28T09:51:00Z</time>
    <name>surken timur</name>
    <cmt>29-NOV-14 7:28:50</cmt>
    <desc>29-NOV-14 7:28:50</desc>
    <sym>Picnic Area</sym>
    <type>user</type>
    <extensions>
      <gpxx:WaypointExtension>
        <gpxx:DisplayMode>SymbolAndName</gpxx:DisplayMode>
      </gpxx:WaypointExtension>
      <wptx1:WaypointExtension>
        <wptx1:DisplayMode>SymbolAndName</wptx1:DisplayMode>
      </wptx1:WaypointExtension>
      <ctx:CreationTimeExtension>
        <ctx:CreationTime>2015-04-28T09:51:00Z</ctx:CreationTime>
      </ctx:CreationTimeExtension>
    </extensions>
  </wpt>

  <wpt lat="-6.792366011068225" lon="106.991813974455">
    <ele>2749.9560550000001</ele>
    <time>2015-04-28T09:51:00Z</time>
    <name>Surya Kencana</name>
    <cmt>Surya Kencana</cmt>
    <desc>Surya Kencana</desc>
    <sym>Flag, Blue</sym>
    <type>user</type>
    <extensions>
      <gpxx:WaypointExtension>
        <gpxx:DisplayMode>SymbolAndName</gpxx:DisplayMode>
      </gpxx:WaypointExtension>
      <wptx1:WaypointExtension>
        <wptx1:DisplayMode>SymbolAndName</wptx1:DisplayMode>
      </wptx1:WaypointExtension>
      <ctx:CreationTimeExtension>
        <ctx:CreationTime>2015-04-28T09:51:00Z</ctx:CreationTime>
      </ctx:CreationTimeExtension>
    </extensions>
  </wpt>

  <wpt lat="-6.784075051546097" lon="106.97528125718236">
    <ele>2671.3686520000001</ele>
    <time>2015-04-28T09:51:00Z</time>
    <name>Tali</name>
    <cmt>29-NOV-14 10:24:20</cmt>
    <desc>29-NOV-14 10:24:20</desc>
    <sym>Flag, Blue</sym>
    <type>user</type>
    <extensions>
      <gpxx:WaypointExtension>
        <gpxx:DisplayMode>SymbolAndName</gpxx:DisplayMode>
      </gpxx:WaypointExtension>
      <wptx1:WaypointExtension>
        <wptx1:DisplayMode>SymbolAndName</wptx1:DisplayMode>
      </wptx1:WaypointExtension>
      <ctx:CreationTimeExtension>
        <ctx:CreationTime>2015-04-28T09:51:00Z</ctx:CreationTime>
      </ctx:CreationTimeExtension>
    </extensions>
  </wpt>

  <wpt lat="-6.769806705415249" lon="106.96330125443637">
    <ele>2971.5385740000002</ele>
    <time>2015-04-28T09:51:00Z</time>
    <name>Terjun</name>
    <cmt>06-DEC-14 10:14:01</cmt>
    <desc>06-DEC-14 10:14:01</desc>
    <sym>Flag, Blue</sym>
    <type>user</type>
    <extensions>
      <gpxx:WaypointExtension>
        <gpxx:DisplayMode>SymbolAndName</gpxx:DisplayMode>
      </gpxx:WaypointExtension>
      <wptx1:WaypointExtension>
        <wptx1:DisplayMode>SymbolAndName</wptx1:DisplayMode>
      </wptx1:WaypointExtension>
      <ctx:CreationTimeExtension>
        <ctx:CreationTime>2015-04-28T09:51:00Z</ctx:CreationTime>
      </ctx:CreationTimeExtension>
    </extensions>
  </wpt>

  <wpt lat="-6.920687835663557" lon="106.91790863871574">
    <ele>611.03906199999994</ele>
    <time>2015-04-28T09:51:00Z</time>
    <name>terminal</name>
    <cmt>07-DEC-14 17:00:30</cmt>
    <desc>07-DEC-14 17:00:30</desc>
    <sym>Flag, Blue</sym>
    <type>user</type>
    <extensions>
      <gpxx:WaypointExtension>
        <gpxx:DisplayMode>SymbolAndName</gpxx:DisplayMode>
      </gpxx:WaypointExtension>
      <wptx1:WaypointExtension>
        <wptx1:DisplayMode>SymbolAndName</wptx1:DisplayMode>
      </wptx1:WaypointExtension>
      <ctx:CreationTimeExtension>
        <ctx:CreationTime>2015-04-28T09:51:00Z</ctx:CreationTime>
      </ctx:CreationTimeExtension>
    </extensions>
  </wpt>

  <wpt lat="-6.737262876704335" lon="107.00596975162625">
    <ele>1300.0588379999999</ele>
    <time>2015-04-28T09:51:00Z</time>
    <name>TNGP Office</name>
    <cmt>TNGP Office</cmt>
    <desc>TNGP Office</desc>
    <sym>Flag, Blue</sym>
    <type>user</type>
    <extensions>
      <gpxx:WaypointExtension>
        <gpxx:DisplayMode>SymbolAndName</gpxx:DisplayMode>
      </gpxx:WaypointExtension>
      <wptx1:WaypointExtension>
        <wptx1:DisplayMode>SymbolAndName</wptx1:DisplayMode>
      </wptx1:WaypointExtension>
      <ctx:CreationTimeExtension>
        <ctx:CreationTime>2015-04-28T09:51:00Z</ctx:CreationTime>
      </ctx:CreationTimeExtension>
    </extensions>
  </wpt>

  <wpt lat="-6.764225112274289" lon="106.96549597196281">
    <ele>2687.951172</ele>
    <time>2015-04-28T09:51:00Z</time>
    <name>Water 2</name>
    <cmt>Water 2</cmt>
    <desc>Water 2</desc>
    <sym>Flag, Blue</sym>
    <type>user</type>
    <extensions>
      <gpxx:WaypointExtension>
        <gpxx:DisplayMode>SymbolAndName</gpxx:DisplayMode>
      </gpxx:WaypointExtension>
      <wptx1:WaypointExtension>
        <wptx1:DisplayMode>SymbolAndName</wptx1:DisplayMode>
      </wptx1:WaypointExtension>
      <ctx:CreationTimeExtension>
        <ctx:CreationTime>2015-04-28T09:51:00Z</ctx:CreationTime>
      </ctx:CreationTimeExtension>
    </extensions>
  </wpt>

  <trk>
    <name>Jalan Raya - Pos G.Putri</name>
    <extensions>
      <gpxx:TrackExtension>
        <gpxx:DisplayColor>Red</gpxx:DisplayColor>
      </gpxx:TrackExtension>
    </extensions>
    <trkseg>
      <trkpt lat="-6.755292937159538" lon="107.01023764908314">
        <ele>1519.981689</ele>
      </trkpt>
      <trkpt lat="-6.755597032606602" lon="107.00990178622305">
        <ele>1534.8823239999999</ele>
      </trkpt>
      <trkpt lat="-6.755961813032627" lon="107.0096178073436">
        <ele>1546.8984379999999</ele>
      </trkpt>
      <trkpt lat="-6.756323324516416" lon="107.00932460837066">
        <ele>1548.821289</ele>
      </trkpt>
      <trkpt lat="-6.756686680018902" lon="107.00903937220573">
        <ele>1544.0146480000001</ele>
      </trkpt>
      <trkpt lat="-6.757110804319382" lon="107.00886930339038">
        <ele>1546.8984379999999</ele>
      </trkpt>
      <trkpt lat="-6.757468124851584" lon="107.008569650352">
        <ele>1565.163818</ele>
      </trkpt>
      <trkpt lat="-6.757684294134378" lon="107.00816279277205">
        <ele>1579.102539</ele>
      </trkpt>
      <trkpt lat="-6.758040692657232" lon="107.00788275338709">
        <ele>1583.9094239999999</ele>
      </trkpt>
      <trkpt lat="-6.758379573002458" lon="107.00756055302918">
        <ele>1588.2353519999999</ele>
      </trkpt>
      <trkpt lat="-6.758746784180403" lon="107.00728788971901">
        <ele>1602.1743160000001</ele>
      </trkpt>
      <trkpt lat="-6.759087089449167" lon="107.00697876513004">
        <ele>1619.95874</ele>
      </trkpt>
      <trkpt lat="-6.75941364839673" lon="107.00666008517146">
        <ele>1614.190918</ele>
      </trkpt>
      <trkpt lat="-6.759800305590034" lon="107.00642002746463">
        <ele>1633.8979489999999</ele>
      </trkpt>
      <trkpt lat="-6.760108843445778" lon="107.00608173385262">
        <ele>1632.9365230000001</ele>
      </trkpt>
      <trkpt lat="-6.760368933901191" lon="107.00570689514279">
        <ele>1638.2238769999999</ele>
      </trkpt>
      <trkpt lat="-6.760824657976627" lon="107.00571091845632">
        <ele>1645.9145510000001</ele>
      </trkpt>
      <trkpt lat="-6.761268144473434" lon="107.00558359734714">
        <ele>1643.0302730000001</ele>
      </trkpt>
      <trkpt lat="-6.761714480817318" lon="107.00544881634414">
        <ele>1639.1850589999999</ele>
      </trkpt>
      <trkpt lat="-6.762167941778898" lon="107.00539777055383">
        <ele>1646.875732</ele>
      </trkpt>
      <trkpt lat="-6.76247145049274" lon="107.0050536096096">
        <ele>1663.2182620000001</ele>
      </trkpt>
      <trkpt lat="-6.762848552316427" lon="107.00476728379726">
        <ele>1683.886475</ele>
      </trkpt>
      <trkpt lat="-6.76311057060957" lon="107.00438112951815">
        <ele>1684.8479</ele>
      </trkpt>
      <trkpt lat="-6.763392621651292" lon="107.00401274487376">
        <ele>1686.770264</ele>
      </trkpt>
      <trkpt lat="-6.763809788972139" lon="107.00379456393421">
        <ele>1683.886475</ele>
      </trkpt>
      <trkpt lat="-6.764249838888645" lon="107.00391886755824">
        <ele>1685.809082</ele>
      </trkpt>
      <trkpt lat="-6.764595927670598" lon="107.00422396883368">
        <ele>1693.019043</ele>
      </trkpt>
      <trkpt lat="-6.764919804409146" lon="107.00389908626676">
        <ele>1710.803467</ele>
      </trkpt>
      <trkpt lat="-6.765256002545357" lon="107.00358359143138">
        <ele>1719.9357910000001</ele>
      </trkpt>
      <trkpt lat="-6.765713067725301" lon="107.00350337661803">
        <ele>1730.991211</ele>
      </trkpt>
      <trkpt lat="-6.766166780143976" lon="107.00346892699599">
        <ele>1742.0463870000001</ele>
      </trkpt>
      <trkpt lat="-6.766551760956645" lon="107.00321889482439">
        <ele>1755.985107</ele>
      </trkpt>
      <trkpt lat="-6.766688972711563" lon="107.00369758531451">
        <ele>1758.869385</ele>
      </trkpt>
      <trkpt lat="-6.766435420140624" lon="107.00412883423269">
        <ele>1753.101318</ele>
      </trkpt>
      <trkpt lat="-6.766215898096561" lon="107.0045786909759">
        <ele>1733.875</ele>
      </trkpt>
      <trkpt lat="-6.766033340245485" lon="107.00500532984734">
        <ele>1731.952393</ele>
      </trkpt>
      <trkpt lat="-6.766446819528937" lon="107.00519442558289">
        <ele>1733.875</ele>
      </trkpt>
      <trkpt lat="-6.766303405165672" lon="107.00562927871943">
        <ele>1722.8198239999999</ele>
      </trkpt>
      <trkpt lat="-6.766053289175034" lon="107.00601761229336">
        <ele>1719.9357910000001</ele>
      </trkpt>
      <trkpt lat="-6.765750451013446" lon="107.00638834387064">
        <ele>1711.764893</ele>
      </trkpt>
      <trkpt lat="-6.765419030562043" lon="107.00670509599149">
        <ele>1703.112793</ele>
      </trkpt>
      <trkpt lat="-6.765815746039152" lon="107.00696233659983">
        <ele>1682.9250489999999</ele>
      </trkpt>
      <trkpt lat="-6.766256298869848" lon="107.00708320364356">
        <ele>1675.234375</ele>
      </trkpt>
      <trkpt lat="-6.766474982723594" lon="107.00748234987259">
        <ele>1676.1960449999999</ele>
      </trkpt>
      <trkpt lat="-6.766494261100888" lon="107.00793681666255">
        <ele>1693.9804690000001</ele>
      </trkpt>
      <trkpt lat="-6.766949146986008" lon="107.00808408670127">
        <ele>1693.9804690000001</ele>
      </trkpt>
      <trkpt lat="-6.767410151660442" lon="107.00824418105185">
        <ele>1688.2124020000001</ele>
      </trkpt>
      <trkpt lat="-6.767830420285463" lon="107.00844283215702">
        <ele>1683.886475</ele>
      </trkpt>
      <trkpt lat="-6.768070980906487" lon="107.00884206220508">
        <ele>1690.13501</ele>
      </trkpt>
      <trkpt lat="-6.768167288973928" lon="107.00928580015898">
        <ele>1684.8479</ele>
      </trkpt>
      <trkpt lat="-6.768530057743192" lon="107.0095696952194">
        <ele>1696.8642580000001</ele>
      </trkpt>
      <trkpt lat="-6.768929623067379" lon="107.00978603214025">
        <ele>1701.190186</ele>
      </trkpt>
      <trkpt lat="-6.768905818462372" lon="107.01024225912988">
        <ele>1681.9638669999999</ele>
      </trkpt>
      <trkpt lat="-6.768631562590599" lon="107.01061542145908">
        <ele>1675.234375</ele>
      </trkpt>
      <trkpt lat="-6.768521592020989" lon="107.01105496846139">
        <ele>1675.234375</ele>
      </trkpt>
      <trkpt lat="-6.768294861540198" lon="107.01146677136421">
        <ele>1677.157471</ele>
      </trkpt>
      <trkpt lat="-6.768151111900806" lon="107.01191185042262">
        <ele>1665.1408690000001</ele>
      </trkpt>
      <trkpt lat="-6.768128229305148" lon="107.01237947680056">
        <ele>1663.2182620000001</ele>
      </trkpt>
      <trkpt lat="-6.768081793561578" lon="107.0128383859992">
        <ele>1658.8920900000001</ele>
      </trkpt>
      <trkpt lat="-6.767922369763255" lon="107.01326552778482">
        <ele>1640.1464840000001</ele>
      </trkpt>
      <trkpt lat="-6.767935948446393" lon="107.01372946612537">
        <ele>1628.1301269999999</ele>
      </trkpt>
      <trkpt lat="-6.767701590433717" lon="107.01412442140281">
        <ele>1604.097168</ele>
      </trkpt>
      <trkpt lat="-6.767567312344909" lon="107.0145570114255">
        <ele>1589.196533</ele>
      </trkpt>
      <trkpt lat="-6.767470669001341" lon="107.01501457951963">
        <ele>1579.102539</ele>
      </trkpt>
      <trkpt lat="-6.767332032322884" lon="107.01544733718038">
        <ele>1578.141357</ele>
      </trkpt>
      <trkpt lat="-6.767174871638417" lon="107.01587892137468">
        <ele>1565.163818</ele>
      </trkpt>
      <trkpt lat="-6.767069511115551" lon="107.01633640564978">
        <ele>1559.876221</ele>
      </trkpt>
      <trkpt lat="-6.767118461430073" lon="107.01679430902004">
        <ele>1549.7827150000001</ele>
      </trkpt>
      <trkpt lat="-6.767265982925892" lon="107.01723033562303">
        <ele>1544.0146480000001</ele>
      </trkpt>
      <trkpt lat="-6.767144780606031" lon="107.01768119819462">
        <ele>1516.136475</ele>
      </trkpt>
      <trkpt lat="-6.767143858596683" lon="107.01815511099994">
        <ele>1512.7717290000001</ele>
      </trkpt>
      <trkpt lat="-6.76721460185945" lon="107.01861385256052">
        <ele>1508.926514</ele>
      </trkpt>
      <trkpt lat="-6.767192641273141" lon="107.01906815171242">
        <ele>1507.0039059999999</ele>
      </trkpt>
      <trkpt lat="-6.767115779221058" lon="107.01956209726632">
        <ele>1502.1972659999999</ele>
      </trkpt>
      <trkpt lat="-6.766934730112553" lon="107.01998429372907">
        <ele>1494.9873050000001</ele>
      </trkpt>
      <trkpt lat="-6.766796680167317" lon="107.0204418618232">
        <ele>1490.180908</ele>
      </trkpt>
      <trkpt lat="-6.766751250252128" lon="107.02094402164221">
        <ele>1482.0095209999999</ele>
      </trkpt>
      <trkpt lat="-6.766623510047793" lon="107.0213967282325">
        <ele>1472.877197</ele>
      </trkpt>
      <trkpt lat="-6.766391079872847" lon="107.0218214392662">
        <ele>1462.783203</ele>
      </trkpt>
      <trkpt lat="-6.76632720977068" lon="107.02226945199072">
        <ele>1455.0927730000001</ele>
      </trkpt>
      <trkpt lat="-6.76619284786284" lon="107.02271779999137">
        <ele>1456.0539550000001</ele>
      </trkpt>
      <trkpt lat="-6.766133671626449" lon="107.02317268587649">
        <ele>1448.8439940000001</ele>
      </trkpt>
      <trkpt lat="-6.766020599752665" lon="107.0236970577389">
        <ele>1444.998779</ele>
      </trkpt>
      <trkpt lat="-6.765998722985387" lon="107.0241600740701">
        <ele>1427.2146</ele>
      </trkpt>
      <trkpt lat="-6.765950862318277" lon="107.02461646869779">
        <ele>1420.004639</ele>
      </trkpt>
      <trkpt lat="-6.765507878735662" lon="107.02473901212215">
        <ele>1405.1042480000001</ele>
      </trkpt>
      <trkpt lat="-6.765727987512946" lon="107.02513941563666">
        <ele>1403.1813959999999</ele>
      </trkpt>
      <trkpt lat="-6.766068628057838" lon="107.02553554438055">
        <ele>1398.8554690000001</ele>
      </trkpt>
      <trkpt lat="-6.765870479866862" lon="107.02594785019755">
        <ele>1398.8554690000001</ele>
      </trkpt>
      <trkpt lat="-6.765415091067553" lon="107.02615303918719">
        <ele>1398.8554690000001</ele>
      </trkpt>
      <trkpt lat="-6.76494830287993" lon="107.02628471888602">
        <ele>1393.0876459999999</ele>
      </trkpt>
      <trkpt lat="-6.764488555490971" lon="107.02635093592107">
        <ele>1391.165039</ele>
      </trkpt>
      <trkpt lat="-6.764011960476637" lon="107.02640684321523">
        <ele>1385.877686</ele>
      </trkpt>
      <trkpt lat="-6.763542741537094" lon="107.02637993730605">
        <ele>1375.783936</ele>
      </trkpt>
      <trkpt lat="-6.763090789318085" lon="107.02651178464293">
        <ele>1375.783936</ele>
      </trkpt>
      <trkpt lat="-6.763023398816586" lon="107.02698301523924">
        <ele>1363.7673339999999</ele>
      </trkpt>
      <trkpt lat="-6.763032870367169" lon="107.02746413648129">
        <ele>1362.8061520000001</ele>
      </trkpt>
      <trkpt lat="-6.763046029955149" lon="107.02794198878109">
        <ele>1354.154297</ele>
      </trkpt>
      <trkpt lat="-6.762709831818938" lon="107.0282662846148">
        <ele>1340.215332</ele>
      </trkpt>
      <trkpt lat="-6.762539176270366" lon="107.02869300730526">
        <ele>1335.8891599999999</ele>
      </trkpt>
      <trkpt lat="-6.762429289519787" lon="107.0291524194181">
        <ele>1333.966553</ele>
      </trkpt>
      <trkpt lat="-6.762393163517118" lon="107.02961468137801">
        <ele>1323.8725589999999</ele>
      </trkpt>
      <trkpt lat="-6.761946575716138" lon="107.02973454259336">
        <ele>1322.9113769999999</ele>
      </trkpt>
      <trkpt lat="-6.762029221281409" lon="107.03019571490586">
        <ele>1316.182129</ele>
      </trkpt>
      <trkpt lat="-6.761934338137507" lon="107.03065185807645">
        <ele>1310.8950199999999</ele>
      </trkpt>
      <trkpt lat="-6.761468388140202" lon="107.03062268905342">
        <ele>1311.8564449999999</ele>
      </trkpt>
      <trkpt lat="-6.761015933007002" lon="107.03051280230284">
        <ele>1310.8950199999999</ele>
      </trkpt>
      <trkpt lat="-6.760561214759946" lon="107.03047793358564">
        <ele>1304.1657709999999</ele>
      </trkpt>
      <trkpt lat="-6.760365162044764" lon="107.03090566210449">
        <ele>1298.878418</ele>
      </trkpt>
      <trkpt lat="-6.760415537282825" lon="107.03135753050447">
        <ele>1292.149414</ele>
      </trkpt>
      <trkpt lat="-6.76037379540503" lon="107.03182155266404">
        <ele>1287.8232419999999</ele>
      </trkpt>
      <trkpt lat="-6.760236918926239" lon="107.03227451071143">
        <ele>1282.0554199999999</ele>
      </trkpt>
      <trkpt lat="-6.76010356284678" lon="107.03273040242493">
        <ele>1273.884033</ele>
      </trkpt>
      <trkpt lat="-6.759968781843782" lon="107.03317238017917">
        <ele>1260.9064940000001</ele>
      </trkpt>
      <trkpt lat="-6.759927794337273" lon="107.03362399712205">
        <ele>1260.9064940000001</ele>
      </trkpt>
      <trkpt lat="-6.759811118245125" lon="107.0340702496469">
        <ele>1263.790283</ele>
      </trkpt>
      <trkpt lat="-6.759863588958979" lon="107.03452697955072">
        <ele>1258.983643</ele>
      </trkpt>
      <trkpt lat="-6.760237254202366" lon="107.03479193150997">
        <ele>1248.889893</ele>
      </trkpt>
      <trkpt lat="-6.75990373827517" lon="107.03515268862247">
        <ele>1240.2380370000001</ele>
      </trkpt>
      <trkpt lat="-6.759544992819428" lon="107.03544404357672">
        <ele>1237.834717</ele>
      </trkpt>
      <trkpt lat="-6.759388754144311" lon="107.03591544181108">
        <ele>1233.9895019999999</ele>
      </trkpt>
      <trkpt lat="-6.759160682559013" lon="107.03631081618369">
        <ele>1232.0668949999999</ele>
      </trkpt>
      <trkpt lat="-6.758971251547337" lon="107.0367263071239">
        <ele>1230.1442870000001</ele>
      </trkpt>
      <trkpt lat="-6.758826998993754" lon="107.03716769814491">
        <ele>1220.050293</ele>
      </trkpt>
      <trkpt lat="-6.758714262396097" lon="107.03764571808279">
        <ele>1219.089111</ele>
      </trkpt>
      <trkpt lat="-6.758611919358373" lon="107.03808920457959">
        <ele>1218.127686</ele>
      </trkpt>
      <trkpt lat="-6.75855022855103" lon="107.03857091255486">
        <ele>1200.823975</ele>
      </trkpt>
      <trkpt lat="-6.758539499714971" lon="107.03903594054282">
        <ele>1198.9013669999999</ele>
      </trkpt>
      <trkpt lat="-6.758474204689264" lon="107.03948495909572">
        <ele>1199.862793</ele>
      </trkpt>
      <trkpt lat="-6.758392062038183" lon="107.03998720273376">
        <ele>1196.017578</ele>
      </trkpt>
      <trkpt lat="-6.758243450894952" lon="107.04044007696211">
        <ele>1194.0947269999999</ele>
      </trkpt>
      <trkpt lat="-6.758130798116326" lon="107.04090946353972">
        <ele>1188.8076169999999</ele>
      </trkpt>
      <trkpt lat="-6.757841957733035" lon="107.04132621176541">
        <ele>1171.984375</ele>
      </trkpt>
      <trkpt lat="-6.757595362141728" lon="107.04173692502081">
        <ele>1169.100586</ele>
      </trkpt>
      <trkpt lat="-6.757127568125725" lon="107.04190447926521">
        <ele>1164.774658</ele>
      </trkpt>
      <trkpt lat="-6.75669439136982" lon="107.04207647591829">
        <ele>1162.851807</ele>
      </trkpt>
      <trkpt lat="-6.756401862949133" lon="107.042490625754">
        <ele>1159.9677730000001</ele>
      </trkpt>
      <trkpt lat="-6.756266830489039" lon="107.04295950941741">
        <ele>1160.9291989999999</ele>
      </trkpt>
      <trkpt lat="-6.756208995357156" lon="107.04347080551088">
        <ele>1159.006592</ele>
      </trkpt>
      <trkpt lat="-6.756080416962504" lon="107.04396542161703">
        <ele>1159.9677730000001</ele>
      </trkpt>
      <trkpt lat="-6.755941193550825" lon="107.04440295696259">
        <ele>1155.1613769999999</ele>
      </trkpt>
      <trkpt lat="-6.755733154714108" lon="107.04483864828944">
        <ele>1154.2001949999999</ele>
      </trkpt>
      <trkpt lat="-6.755405170843005" lon="107.04523351974785">
        <ele>1153.2387699999999</ele>
      </trkpt>
      <trkpt lat="-6.755153378471732" lon="107.04566678032279">
        <ele>1150.8354489999999</ele>
      </trkpt>
      <trkpt lat="-6.755090933293104" lon="107.04613231122494">
        <ele>1146.0288089999999</ele>
      </trkpt>
      <trkpt lat="-6.75466999411583" lon="107.04639089293778">
        <ele>1138.819092</ele>
      </trkpt>
      <trkpt lat="-6.754202954471111" lon="107.04650941304862">
        <ele>1131.128418</ele>
      </trkpt>
      <trkpt lat="-6.753759048879147" lon="107.04661150462925">
        <ele>1122.957275</ele>
      </trkpt>
      <trkpt lat="-6.753294188529253" lon="107.0467094052583">
        <ele>1119.112061</ele>
      </trkpt>
      <trkpt lat="-6.752817844972014" lon="107.0466507319361">
        <ele>1117.189453</ele>
      </trkpt>
      <trkpt lat="-6.752376202493906" lon="107.04675651155412">
        <ele>1117.189453</ele>
      </trkpt>
      <trkpt lat="-6.751906899735332" lon="107.0467575173825">
        <ele>1113.8244629999999</ele>
      </trkpt>
      <trkpt lat="-6.751379007473588" lon="107.04682063311338">
        <ele>1118.150635</ele>
      </trkpt>
      <trkpt lat="-6.750896628946066" lon="107.0468439348042">
        <ele>1112.8632809999999</ele>
      </trkpt>
      <trkpt lat="-6.750515587627888" lon="107.04656481742859">
        <ele>1116.2280270000001</ele>
      </trkpt>
    </trkseg>
  </trk>

  <trk>
    <name>Kandang Badak - Pangrango</name>
    <extensions>
      <gpxx:TrackExtension>
        <gpxx:DisplayColor>Green</gpxx:DisplayColor>
      </gpxx:TrackExtension>
    </extensions>
    <trkseg>
      <trkpt lat="-6.777752079069614" lon="106.97533925995231">
        <ele>2413.0466310000002</ele>
        <time>2014-12-06T00:54:24Z</time>
      </trkpt>
      <trkpt lat="-6.777753420174122" lon="106.97533884085715">
        <ele>2413.0466310000002</ele>
        <time>2014-12-06T00:54:25Z</time>
      </trkpt>
      <trkpt lat="-6.777755180373788" lon="106.97533892467618">
        <ele>2413.5270999999998</ele>
        <time>2014-12-06T00:54:26Z</time>
      </trkpt>
      <trkpt lat="-6.77787059918046" lon="106.97513055056334">
        <ele>2411.6044919999999</ele>
        <time>2014-12-06T00:55:20Z</time>
      </trkpt>
      <trkpt lat="-6.77792189642787" lon="106.97499987669289">
        <ele>2408.2397460000002</ele>
        <time>2014-12-06T00:55:41Z</time>
      </trkpt>
      <trkpt lat="-6.77789649926126" lon="106.97472486644983">
        <ele>2406.3171390000002</ele>
        <time>2014-12-06T00:56:13Z</time>
      </trkpt>
      <trkpt lat="-6.777952406555414" lon="106.97456074878573">
        <ele>2409.6816410000001</ele>
        <time>2014-12-06T00:56:36Z</time>
      </trkpt>
      <trkpt lat="-6.777959950268269" lon="106.97453342378139">
        <ele>2410.6430660000001</ele>
        <time>2014-12-06T00:56:44Z</time>
      </trkpt>
      <trkpt lat="-6.777953915297985" lon="106.97450945153832">
        <ele>2412.0852049999999</ele>
        <time>2014-12-06T00:56:49Z</time>
      </trkpt>
      <trkpt lat="-6.777917873114348" lon="106.97438271716237">
        <ele>2414.9692380000001</ele>
        <time>2014-12-06T00:57:01Z</time>
      </trkpt>
      <trkpt lat="-6.777987610548735" lon="106.9742464274168">
        <ele>2418.33374</ele>
        <time>2014-12-06T00:57:23Z</time>
      </trkpt>
      <trkpt lat="-6.778013845905662" lon="106.97418473660946">
        <ele>2421.6982419999999</ele>
        <time>2014-12-06T00:57:39Z</time>
      </trkpt>
      <trkpt lat="-6.778010241687298" lon="106.97396923787892">
        <ele>2423.1403810000002</ele>
        <time>2014-12-06T00:58:03Z</time>
      </trkpt>
      <trkpt lat="-6.778046619147062" lon="106.97385499253869">
        <ele>2426.5048830000001</ele>
        <time>2014-12-06T00:58:17Z</time>
      </trkpt>
      <trkpt lat="-6.778200175613165" lon="106.97367696091533">
        <ele>2427.9467770000001</ele>
        <time>2014-12-06T00:58:41Z</time>
      </trkpt>
      <trkpt lat="-6.778459176421166" lon="106.97357134893537">
        <ele>2430.3503420000002</ele>
        <time>2014-12-06T00:59:12Z</time>
      </trkpt>
      <trkpt lat="-6.778588844463229" lon="106.97346146218479">
        <ele>2433.2341310000002</ele>
        <time>2014-12-06T00:59:36Z</time>
      </trkpt>
      <trkpt lat="-6.778611643239856" lon="106.97340907528996">
        <ele>2436.118164</ele>
        <time>2014-12-06T00:59:54Z</time>
      </trkpt>
      <trkpt lat="-6.778712645173073" lon="106.97336884215474">
        <ele>2439.4826659999999</ele>
        <time>2014-12-06T01:00:15Z</time>
      </trkpt>
      <trkpt lat="-6.778691438958049" lon="106.97339708916843">
        <ele>2442.8471679999998</ele>
        <time>2014-12-06T01:00:37Z</time>
      </trkpt>
      <trkpt lat="-6.778625389561057" lon="106.97323070839047">
        <ele>2446.2121579999998</ele>
        <time>2014-12-06T01:00:55Z</time>
      </trkpt>
      <trkpt lat="-6.778688672930002" lon="106.97289023548365">
        <ele>2447.6540530000002</ele>
        <time>2014-12-06T01:01:29Z</time>
      </trkpt>
      <trkpt lat="-6.778583647683263" lon="106.97269602678716">
        <ele>2449.5766600000002</ele>
        <time>2014-12-06T01:02:06Z</time>
      </trkpt>
      <trkpt lat="-6.778540313243866" lon="106.97261891327798">
        <ele>2452.4604490000002</ele>
        <time>2014-12-06T01:02:18Z</time>
      </trkpt>
      <trkpt lat="-6.778508545830846" lon="106.97250416502357">
        <ele>2453.9025879999999</ele>
        <time>2014-12-06T01:02:40Z</time>
      </trkpt>
      <trkpt lat="-6.778423134237528" lon="106.97249075397849">
        <ele>2453.9025879999999</ele>
        <time>2014-12-06T01:03:00Z</time>
      </trkpt>
      <trkpt lat="-6.778268655762076" lon="106.97246292605996">
        <ele>2454.8637699999999</ele>
        <time>2014-12-06T01:03:25Z</time>
      </trkpt>
      <trkpt lat="-6.778199588879943" lon="106.97236754000187">
        <ele>2456.305664</ele>
        <time>2014-12-06T01:03:45Z</time>
      </trkpt>
      <trkpt lat="-6.778129180893302" lon="106.9722883310169">
        <ele>2459.6701659999999</ele>
        <time>2014-12-06T01:04:03Z</time>
      </trkpt>
      <trkpt lat="-6.77809095941484" lon="106.9722294062376">
        <ele>2461.1125489999999</ele>
        <time>2014-12-06T01:04:14Z</time>
      </trkpt>
      <trkpt lat="-6.778026334941387" lon="106.97211013175547">
        <ele>2463.9963379999999</ele>
        <time>2014-12-06T01:04:37Z</time>
      </trkpt>
      <trkpt lat="-6.777944108471274" lon="106.97190309874713">
        <ele>2467.3608399999998</ele>
        <time>2014-12-06T01:05:07Z</time>
      </trkpt>
      <trkpt lat="-6.777888117358089" lon="106.97182791307569">
        <ele>2469.2836910000001</ele>
        <time>2014-12-06T01:05:29Z</time>
      </trkpt>
      <trkpt lat="-6.777874706313014" lon="106.97182271629572">
        <ele>2470.725586</ele>
        <time>2014-12-06T01:05:37Z</time>
      </trkpt>
      <trkpt lat="-6.777770100161433" lon="106.97180871851742">
        <ele>2473.609375</ele>
        <time>2014-12-06T01:06:06Z</time>
      </trkpt>
      <trkpt lat="-6.777625093236566" lon="106.97168852202594">
        <ele>2476.974365</ele>
        <time>2014-12-06T01:06:26Z</time>
      </trkpt>
      <trkpt lat="-6.777548817917705" lon="106.97165826335549">
        <ele>2480.3388669999999</ele>
        <time>2014-12-06T01:06:45Z</time>
      </trkpt>
      <trkpt lat="-6.777545548975468" lon="106.97163948789239">
        <ele>2483.2226559999999</ele>
        <time>2014-12-06T01:06:56Z</time>
      </trkpt>
      <trkpt lat="-6.777465920895338" lon="106.97149816900492">
        <ele>2486.1066890000002</ele>
        <time>2014-12-06T01:07:17Z</time>
      </trkpt>
      <trkpt lat="-6.777311442419887" lon="106.97159665636718">
        <ele>2488.51001</ele>
        <time>2014-12-06T01:07:49Z</time>
      </trkpt>
      <trkpt lat="-6.777242794632912" lon="106.97152918204665">
        <ele>2491.8745119999999</ele>
        <time>2014-12-06T01:08:05Z</time>
      </trkpt>
      <trkpt lat="-6.777241453528404" lon="106.97152004577219">
        <ele>2491.8745119999999</ele>
        <time>2014-12-06T01:08:06Z</time>
      </trkpt>
      <trkpt lat="-6.777243465185165" lon="106.97143438272178">
        <ele>2494.7585450000001</ele>
        <time>2014-12-06T01:08:24Z</time>
      </trkpt>
      <trkpt lat="-6.777251260355115" lon="106.97146128863096">
        <ele>2497.161865</ele>
        <time>2014-12-06T01:08:37Z</time>
      </trkpt>
      <trkpt lat="-6.777135925367475" lon="106.97123254649341">
        <ele>2497.642578</ele>
        <time>2014-12-06T01:09:28Z</time>
      </trkpt>
      <trkpt lat="-6.777043808251619" lon="106.97123774327338">
        <ele>2501.0070799999999</ele>
        <time>2014-12-06T01:09:58Z</time>
      </trkpt>
      <trkpt lat="-6.776961162686348" lon="106.971226176247">
        <ele>2502.4489749999998</ele>
        <time>2014-12-06T01:10:17Z</time>
      </trkpt>
      <trkpt lat="-6.776879522949457" lon="106.97119918651879">
        <ele>2505.8134770000001</ele>
        <time>2014-12-06T01:10:35Z</time>
      </trkpt>
      <trkpt lat="-6.776813138276339" lon="106.97113330475986">
        <ele>2509.1784670000002</ele>
        <time>2014-12-06T01:10:59Z</time>
      </trkpt>
      <trkpt lat="-6.776811964809895" lon="106.97113162837923">
        <ele>2509.1784670000002</ele>
        <time>2014-12-06T01:11:00Z</time>
      </trkpt>
      <trkpt lat="-6.776754297316074" lon="106.97106306441128">
        <ele>2512.0622560000002</ele>
        <time>2014-12-06T01:11:21Z</time>
      </trkpt>
      <trkpt lat="-6.776629742234945" lon="106.97104311548173">
        <ele>2514.4655760000001</ele>
        <time>2014-12-06T01:11:51Z</time>
      </trkpt>
      <trkpt lat="-6.776517676189542" lon="106.97093406692147">
        <ele>2518.3107909999999</ele>
        <time>2014-12-06T01:12:15Z</time>
      </trkpt>
      <trkpt lat="-6.776510551571846" lon="106.97092166170478">
        <ele>2520.2333979999999</ele>
        <time>2014-12-06T01:12:26Z</time>
      </trkpt>
      <trkpt lat="-6.776442071422935" lon="106.97088427841663">
        <ele>2521.1945799999999</ele>
        <time>2014-12-06T01:12:41Z</time>
      </trkpt>
      <trkpt lat="-6.776396725326777" lon="106.97070691734552">
        <ele>2520.2333979999999</ele>
        <time>2014-12-06T01:13:39Z</time>
      </trkpt>
      <trkpt lat="-6.776406280696392" lon="106.97083323262632">
        <ele>2522.1560060000002</ele>
        <time>2014-12-06T01:16:04Z</time>
      </trkpt>
      <trkpt lat="-6.776460846886039" lon="106.97073516435921">
        <ele>2525.5207519999999</ele>
        <time>2014-12-06T01:16:25Z</time>
      </trkpt>
      <trkpt lat="-6.776439556851983" lon="106.97059828788042">
        <ele>2527.9240719999998</ele>
        <time>2014-12-06T01:16:46Z</time>
      </trkpt>
      <trkpt lat="-6.776385577395558" lon="106.97042847052217">
        <ele>2531.7692870000001</ele>
        <time>2014-12-06T01:17:07Z</time>
      </trkpt>
      <trkpt lat="-6.776384571567178" lon="106.97041497565806">
        <ele>2531.7692870000001</ele>
        <time>2014-12-06T01:17:08Z</time>
      </trkpt>
      <trkpt lat="-6.776389935985208" lon="106.97042578831315">
        <ele>2535.133789</ele>
        <time>2014-12-06T01:17:31Z</time>
      </trkpt>
      <trkpt lat="-6.776404352858663" lon="106.97039779275656">
        <ele>2536.0952149999998</ele>
        <time>2014-12-06T01:17:36Z</time>
      </trkpt>
      <trkpt lat="-6.77640569396317" lon="106.97033098898828">
        <ele>2538.0178219999998</ele>
        <time>2014-12-06T01:18:03Z</time>
      </trkpt>
      <trkpt lat="-6.776404185220599" lon="106.97032989934087">
        <ele>2538.0178219999998</ele>
        <time>2014-12-06T01:18:04Z</time>
      </trkpt>
      <trkpt lat="-6.776391109451652" lon="106.97021489962935">
        <ele>2541.8632809999999</ele>
        <time>2014-12-06T01:18:29Z</time>
      </trkpt>
      <trkpt lat="-6.776374261826277" lon="106.97018346749246">
        <ele>2542.8244629999999</ele>
        <time>2014-12-06T01:18:53Z</time>
      </trkpt>
      <trkpt lat="-6.776338219642639" lon="106.97015505284071">
        <ele>2546.6696780000002</ele>
        <time>2014-12-06T01:19:12Z</time>
      </trkpt>
      <trkpt lat="-6.776278289034963" lon="106.97004650719464">
        <ele>2550.0344239999999</ele>
        <time>2014-12-06T01:19:34Z</time>
      </trkpt>
      <trkpt lat="-6.776201007887721" lon="106.96992211975157">
        <ele>2552.9182129999999</ele>
        <time>2014-12-06T01:19:52Z</time>
      </trkpt>
      <trkpt lat="-6.776159601286054" lon="106.96985288523138">
        <ele>2554.8408199999999</ele>
        <time>2014-12-06T01:20:10Z</time>
      </trkpt>
      <trkpt lat="-6.776138562709093" lon="106.96981240063906">
        <ele>2557.7250979999999</ele>
        <time>2014-12-06T01:20:23Z</time>
      </trkpt>
      <trkpt lat="-6.776112075895071" lon="106.96980837732553">
        <ele>2558.686279</ele>
        <time>2014-12-06T01:20:29Z</time>
      </trkpt>
      <trkpt lat="-6.776006631553173" lon="106.96968189440668">
        <ele>2559.647461</ele>
        <time>2014-12-06T01:20:49Z</time>
      </trkpt>
      <trkpt lat="-6.775930104777217" lon="106.96962531656027">
        <ele>2561.5703119999998</ele>
        <time>2014-12-06T01:21:14Z</time>
      </trkpt>
      <trkpt lat="-6.775914011523128" lon="106.96959866210818">
        <ele>2564.4541020000001</ele>
        <time>2014-12-06T01:21:42Z</time>
      </trkpt>
      <trkpt lat="-6.775906132534146" lon="106.96960519999266">
        <ele>2564.4541020000001</ele>
        <time>2014-12-06T01:21:49Z</time>
      </trkpt>
      <trkpt lat="-6.775904037058353" lon="106.9695960637182">
        <ele>2567.3378910000001</ele>
        <time>2014-12-06T01:21:59Z</time>
      </trkpt>
      <trkpt lat="-6.775922058150172" lon="106.96956848725677">
        <ele>2571.1831050000001</ele>
        <time>2014-12-06T01:22:21Z</time>
      </trkpt>
      <trkpt lat="-6.775874951854348" lon="106.96947662159801">
        <ele>2573.1062010000001</ele>
        <time>2014-12-06T01:22:38Z</time>
      </trkpt>
      <trkpt lat="-6.775895655155182" lon="106.96942389942706">
        <ele>2575.98999</ele>
        <time>2014-12-06T01:22:56Z</time>
      </trkpt>
      <trkpt lat="-6.775836395099759" lon="106.96930604986846">
        <ele>2579.3544919999999</ele>
        <time>2014-12-06T01:23:15Z</time>
      </trkpt>
      <trkpt lat="-6.775795575231314" lon="106.96923170238733">
        <ele>2582.2385250000002</ele>
        <time>2014-12-06T01:23:34Z</time>
      </trkpt>
      <trkpt lat="-6.775741092860699" lon="106.96913799270988">
        <ele>2586.08374</ele>
        <time>2014-12-06T01:24:00Z</time>
      </trkpt>
      <trkpt lat="-6.775801358744502" lon="106.96908921003342">
        <ele>2585.1223140000002</ele>
        <time>2014-12-06T01:24:12Z</time>
      </trkpt>
      <trkpt lat="-6.775828432291746" lon="106.96909055113792">
        <ele>2588.4873050000001</ele>
        <time>2014-12-06T01:24:32Z</time>
      </trkpt>
      <trkpt lat="-6.775802029296756" lon="106.96896675042808">
        <ele>2591.851807</ele>
        <time>2014-12-06T01:24:54Z</time>
      </trkpt>
      <trkpt lat="-6.775750564411283" lon="106.9689105078578">
        <ele>2592.8129880000001</ele>
        <time>2014-12-06T01:25:02Z</time>
      </trkpt>
      <trkpt lat="-6.775658195838332" lon="106.96883448399603">
        <ele>2596.1777339999999</ele>
        <time>2014-12-06T01:25:26Z</time>
      </trkpt>
      <trkpt lat="-6.775611843913794" lon="106.96871370077133">
        <ele>2599.0615229999999</ele>
        <time>2014-12-06T01:26:07Z</time>
      </trkpt>
      <trkpt lat="-6.77554327994585" lon="106.96868914179504">
        <ele>2601.9453119999998</ele>
        <time>2014-12-06T01:26:21Z</time>
      </trkpt>
      <trkpt lat="-6.775502879172564" lon="106.96866760030389">
        <ele>2605.3100589999999</ele>
        <time>2014-12-06T01:26:38Z</time>
      </trkpt>
      <trkpt lat="-6.775477482005954" lon="106.96858470328152">
        <ele>2604.8291020000001</ele>
        <time>2014-12-06T01:26:49Z</time>
      </trkpt>
      <trkpt lat="-6.775471279397607" lon="106.96858176961541">
        <ele>2606.2714839999999</ele>
        <time>2014-12-06T01:26:51Z</time>
      </trkpt>
      <trkpt lat="-6.775464741513133" lon="106.9685891456902">
        <ele>2609.6357419999999</ele>
        <time>2014-12-06T01:27:05Z</time>
      </trkpt>
      <trkpt lat="-6.775444792583585" lon="106.9685838650912">
        <ele>2609.6357419999999</ele>
        <time>2014-12-06T01:27:17Z</time>
      </trkpt>
      <trkpt lat="-6.775434399023652" lon="106.9685788359493">
        <ele>2611.5585940000001</ele>
        <time>2014-12-06T01:27:20Z</time>
      </trkpt>
      <trkpt lat="-6.775363320484757" lon="106.96830365806818">
        <ele>2611.5585940000001</ele>
        <time>2014-12-06T01:27:52Z</time>
      </trkpt>
      <trkpt lat="-6.775363823398948" lon="106.96832084096968">
        <ele>2612.0395509999998</ele>
        <time>2014-12-06T01:28:45Z</time>
      </trkpt>
      <trkpt lat="-6.775397434830666" lon="106.96846358478069">
        <ele>2613.9624020000001</ele>
        <time>2014-12-06T01:29:07Z</time>
      </trkpt>
      <trkpt lat="-6.775397267192602" lon="106.96845243684947">
        <ele>2616.3657229999999</ele>
        <time>2014-12-06T01:31:42Z</time>
      </trkpt>
      <trkpt lat="-6.775393495336175" lon="106.96841010823846">
        <ele>2619.7299800000001</ele>
        <time>2014-12-06T01:31:59Z</time>
      </trkpt>
      <trkpt lat="-6.775359883904457" lon="106.96839611046016">
        <ele>2620.6914059999999</ele>
        <time>2014-12-06T01:32:04Z</time>
      </trkpt>
      <trkpt lat="-6.775286877527833" lon="106.96837238967419">
        <ele>2622.1333009999998</ele>
        <time>2014-12-06T01:32:30Z</time>
      </trkpt>
      <trkpt lat="-6.775228539481759" lon="106.9684371817857">
        <ele>2623.5751949999999</ele>
        <time>2014-12-06T01:33:01Z</time>
      </trkpt>
      <trkpt lat="-6.775175733491778" lon="106.96869559586048">
        <ele>2626.4589839999999</ele>
        <time>2014-12-06T01:34:07Z</time>
      </trkpt>
      <trkpt lat="-6.775083784013987" lon="106.96852628141642">
        <ele>2629.8237300000001</ele>
        <time>2014-12-06T01:34:22Z</time>
      </trkpt>
      <trkpt lat="-6.774988481774926" lon="106.96837155148387">
        <ele>2633.1884770000001</ele>
        <time>2014-12-06T01:34:38Z</time>
      </trkpt>
      <trkpt lat="-6.77489192225039" lon="106.96833483874798">
        <ele>2634.6303710000002</ele>
        <time>2014-12-06T01:34:53Z</time>
      </trkpt>
      <trkpt lat="-6.774894772097468" lon="106.96833349764347">
        <ele>2637.5141600000002</ele>
        <time>2014-12-06T01:35:08Z</time>
      </trkpt>
      <trkpt lat="-6.774899633601308" lon="106.96833274327219">
        <ele>2638.9560550000001</ele>
        <time>2014-12-06T01:35:13Z</time>
      </trkpt>
      <trkpt lat="-6.774891167879105" lon="106.96821128949523">
        <ele>2642.3208009999998</ele>
        <time>2014-12-06T01:35:33Z</time>
      </trkpt>
      <trkpt lat="-6.7748464923352" lon="106.96816778741777">
        <ele>2644.7246089999999</ele>
        <time>2014-12-06T01:35:52Z</time>
      </trkpt>
      <trkpt lat="-6.774803074076772" lon="106.96806309744716">
        <ele>2647.1279300000001</ele>
        <time>2014-12-06T01:36:15Z</time>
      </trkpt>
      <trkpt lat="-6.774745238944888" lon="106.96810433641076">
        <ele>2650.9726559999999</ele>
        <time>2014-12-06T01:36:35Z</time>
      </trkpt>
      <trkpt lat="-6.774666113778949" lon="106.96814959868789">
        <ele>2650.4921880000002</ele>
        <time>2014-12-06T01:37:17Z</time>
      </trkpt>
      <trkpt lat="-6.774620767682791" lon="106.96815932169557">
        <ele>2653.8569339999999</ele>
        <time>2014-12-06T01:37:55Z</time>
      </trkpt>
      <trkpt lat="-6.774534936994314" lon="106.96807147935033">
        <ele>2657.2211910000001</ele>
        <time>2014-12-06T01:38:17Z</time>
      </trkpt>
      <trkpt lat="-6.774548515677452" lon="106.96807332336903">
        <ele>2657.7021479999999</ele>
        <time>2014-12-06T01:38:24Z</time>
      </trkpt>
      <trkpt lat="-6.774548850953579" lon="106.96808463893831">
        <ele>2661.0664059999999</ele>
        <time>2014-12-06T01:39:00Z</time>
      </trkpt>
      <trkpt lat="-6.774516915902495" lon="106.96809654124081">
        <ele>2663.9506839999999</ele>
        <time>2014-12-06T01:39:22Z</time>
      </trkpt>
      <trkpt lat="-6.774507025256753" lon="106.96809343993664">
        <ele>2665.873047</ele>
        <time>2014-12-06T01:39:30Z</time>
      </trkpt>
      <trkpt lat="-6.774480622261763" lon="106.96810458786786">
        <ele>2666.8344729999999</ele>
        <time>2014-12-06T01:39:51Z</time>
      </trkpt>
      <trkpt lat="-6.774362940341234" lon="106.9682096131146">
        <ele>2669.2377929999998</ele>
        <time>2014-12-06T01:40:24Z</time>
      </trkpt>
      <trkpt lat="-6.774349361658096" lon="106.96824339218438">
        <ele>2672.1215820000002</ele>
        <time>2014-12-06T01:41:16Z</time>
      </trkpt>
      <trkpt lat="-6.774300746619701" lon="106.96816879324615">
        <ele>2674.0439449999999</ele>
        <time>2014-12-06T01:41:34Z</time>
      </trkpt>
      <trkpt lat="-6.774237798526883" lon="106.96818807162344">
        <ele>2675.0053710000002</ele>
        <time>2014-12-06T01:42:59Z</time>
      </trkpt>
      <trkpt lat="-6.774210557341576" lon="106.96816108189523">
        <ele>2678.3706050000001</ele>
        <time>2014-12-06T01:43:12Z</time>
      </trkpt>
      <trkpt lat="-6.774140149354935" lon="106.96815764531493">
        <ele>2679.8125</ele>
        <time>2014-12-06T01:43:20Z</time>
      </trkpt>
      <trkpt lat="-6.774105364456773" lon="106.96816711686552">
        <ele>2681.2543949999999</ele>
        <time>2014-12-06T01:43:25Z</time>
      </trkpt>
      <trkpt lat="-6.774013163521886" lon="106.96812126785517">
        <ele>2684.1381839999999</ele>
        <time>2014-12-06T01:43:47Z</time>
      </trkpt>
      <trkpt lat="-6.773978630080819" lon="106.96805454790592">
        <ele>2687.5029300000001</ele>
        <time>2014-12-06T01:44:06Z</time>
      </trkpt>
      <trkpt lat="-6.773957256227732" lon="106.9680592417717">
        <ele>2691.3481449999999</ele>
        <time>2014-12-06T01:44:20Z</time>
      </trkpt>
      <trkpt lat="-6.773913167417049" lon="106.96804784238338">
        <ele>2691.3481449999999</ele>
        <time>2014-12-06T01:44:46Z</time>
      </trkpt>
      <trkpt lat="-6.773865725845099" lon="106.96808178909123">
        <ele>2694.2319339999999</ele>
        <time>2014-12-06T01:45:05Z</time>
      </trkpt>
      <trkpt lat="-6.773832114413381" lon="106.9680610857904">
        <ele>2696.1547850000002</ele>
        <time>2014-12-06T01:45:13Z</time>
      </trkpt>
      <trkpt lat="-6.773811662569642" lon="106.96802688762546">
        <ele>2697.1157229999999</ele>
        <time>2014-12-06T01:45:18Z</time>
      </trkpt>
      <trkpt lat="-6.773739829659462" lon="106.96796142496169">
        <ele>2699.5190429999998</ele>
        <time>2014-12-06T01:45:36Z</time>
      </trkpt>
      <trkpt lat="-6.773726083338261" lon="106.96796838194132">
        <ele>2700.4804690000001</ele>
        <time>2014-12-06T01:45:42Z</time>
      </trkpt>
      <trkpt lat="-6.773706469684839" lon="106.96794373914599">
        <ele>2701.4418949999999</ele>
        <time>2014-12-06T01:45:49Z</time>
      </trkpt>
      <trkpt lat="-6.77361954934895" lon="106.96787810884416">
        <ele>2704.8061520000001</ele>
        <time>2014-12-06T01:46:07Z</time>
      </trkpt>
      <trkpt lat="-6.773545369505882" lon="106.96790308691561">
        <ele>2707.6904300000001</ele>
        <time>2014-12-06T01:46:31Z</time>
      </trkpt>
      <trkpt lat="-6.773485355079174" lon="106.96788154542446">
        <ele>2711.0551759999998</ele>
        <time>2014-12-06T01:46:56Z</time>
      </trkpt>
      <trkpt lat="-6.773436320945621" lon="106.96778951212764">
        <ele>2714.419922</ele>
        <time>2014-12-06T01:47:15Z</time>
      </trkpt>
      <trkpt lat="-6.77342114970088" lon="106.96771248243749">
        <ele>2717.303711</ele>
        <time>2014-12-06T01:47:46Z</time>
      </trkpt>
      <trkpt lat="-6.773411342874169" lon="106.96770912967622">
        <ele>2720.6684570000002</ele>
        <time>2014-12-06T01:48:04Z</time>
      </trkpt>
      <trkpt lat="-6.773420311510563" lon="106.96767333894968">
        <ele>2723.5522460000002</ele>
        <time>2014-12-06T01:48:29Z</time>
      </trkpt>
      <trkpt lat="-6.773422071710229" lon="106.9676654599607">
        <ele>2723.5522460000002</ele>
        <time>2014-12-06T01:48:30Z</time>
      </trkpt>
      <trkpt lat="-6.773402290418744" lon="106.96757535450161">
        <ele>2726.9169919999999</ele>
        <time>2014-12-06T01:48:50Z</time>
      </trkpt>
      <trkpt lat="-6.773384436964989" lon="106.96756269782782">
        <ele>2729.8007809999999</ele>
        <time>2014-12-06T01:49:07Z</time>
      </trkpt>
      <trkpt lat="-6.773385526612401" lon="106.96756261400878">
        <ele>2729.3203119999998</ele>
        <time>2014-12-06T01:49:08Z</time>
      </trkpt>
      <trkpt lat="-6.773340264335275" lon="106.96747401729226">
        <ele>2730.7622070000002</ele>
        <time>2014-12-06T01:49:38Z</time>
      </trkpt>
      <trkpt lat="-6.773369768634439" lon="106.96747720241547">
        <ele>2734.1264649999998</ele>
        <time>2014-12-06T01:50:01Z</time>
      </trkpt>
      <trkpt lat="-6.773393154144287" lon="106.9674857519567">
        <ele>2737.0107419999999</ele>
        <time>2014-12-06T01:50:17Z</time>
      </trkpt>
      <trkpt lat="-6.773418970406056" lon="106.96740293875337">
        <ele>2740.8564449999999</ele>
        <time>2014-12-06T01:50:36Z</time>
      </trkpt>
      <trkpt lat="-6.773410085588694" lon="106.96739363484085">
        <ele>2740.8564449999999</ele>
        <time>2014-12-06T01:50:37Z</time>
      </trkpt>
      <trkpt lat="-6.773430705070496" lon="106.96732322685421">
        <ele>2741.336914</ele>
        <time>2014-12-06T01:50:41Z</time>
      </trkpt>
      <trkpt lat="-6.773398434743285" lon="106.96720277890563">
        <ele>2745.1821289999998</ele>
        <time>2014-12-06T01:51:01Z</time>
      </trkpt>
      <trkpt lat="-6.773364739492536" lon="106.967201102525">
        <ele>2748.546875</ele>
        <time>2014-12-06T01:51:24Z</time>
      </trkpt>
      <trkpt lat="-6.773376893252134" lon="106.96713455021381">
        <ele>2751.430664</ele>
        <time>2014-12-06T01:52:06Z</time>
      </trkpt>
      <trkpt lat="-6.773316292092204" lon="106.96702206507325">
        <ele>2754.7954100000002</ele>
        <time>2014-12-06T01:52:28Z</time>
      </trkpt>
      <trkpt lat="-6.773294666782022" lon="106.96697537787259">
        <ele>2758.1596679999998</ele>
        <time>2014-12-06T01:52:46Z</time>
      </trkpt>
      <trkpt lat="-6.773292571306229" lon="106.96697453968227">
        <ele>2758.1596679999998</ele>
        <time>2014-12-06T01:52:47Z</time>
      </trkpt>
      <trkpt lat="-6.773168351501226" lon="106.96691880002618">
        <ele>2761.524414</ele>
        <time>2014-12-06T01:53:16Z</time>
      </trkpt>
      <trkpt lat="-6.773055195808411" lon="106.96690689772367">
        <ele>2761.524414</ele>
        <time>2014-12-06T01:53:42Z</time>
      </trkpt>
      <trkpt lat="-6.773029631003737" lon="106.96688166819513">
        <ele>2763.4467770000001</ele>
        <time>2014-12-06T01:55:08Z</time>
      </trkpt>
      <trkpt lat="-6.77295109257102" lon="106.96688954718411">
        <ele>2766.3305660000001</ele>
        <time>2014-12-06T01:55:26Z</time>
      </trkpt>
      <trkpt lat="-6.772940112277865" lon="106.96692550554872">
        <ele>2767.2919919999999</ele>
        <time>2014-12-06T01:55:32Z</time>
      </trkpt>
      <trkpt lat="-6.772908177226782" lon="106.96691418997943">
        <ele>2770.1762699999999</ele>
        <time>2014-12-06T01:55:56Z</time>
      </trkpt>
      <trkpt lat="-6.772862328216434" lon="106.96691167540848">
        <ele>2770.6567380000001</ele>
        <time>2014-12-06T01:56:09Z</time>
      </trkpt>
      <trkpt lat="-6.77285092882812" lon="106.96690136566758">
        <ele>2772.0991210000002</ele>
        <time>2014-12-06T01:56:12Z</time>
      </trkpt>
      <trkpt lat="-6.772813545539975" lon="106.96681855246425">
        <ele>2775.4638669999999</ele>
        <time>2014-12-06T01:56:41Z</time>
      </trkpt>
      <trkpt lat="-6.772751854732633" lon="106.96681142784655">
        <ele>2778.828125</ele>
        <time>2014-12-06T01:56:58Z</time>
      </trkpt>
      <trkpt lat="-6.772679854184389" lon="106.9668467156589">
        <ele>2779.7895509999998</ele>
        <time>2014-12-06T01:57:20Z</time>
      </trkpt>
      <trkpt lat="-6.772659569978714" lon="106.96679784916341">
        <ele>2783.154297</ele>
        <time>2014-12-06T01:57:46Z</time>
      </trkpt>
      <trkpt lat="-6.772701730951667" lon="106.96672827936709">
        <ele>2786.038086</ele>
        <time>2014-12-06T01:58:06Z</time>
      </trkpt>
      <trkpt lat="-6.772728720679879" lon="106.96663716807961">
        <ele>2789.4023440000001</ele>
        <time>2014-12-06T01:58:28Z</time>
      </trkpt>
      <trkpt lat="-6.772798961028457" lon="106.96651060134172">
        <ele>2792.2866210000002</ele>
        <time>2014-12-06T01:59:04Z</time>
      </trkpt>
      <trkpt lat="-6.772717908024788" lon="106.96648612618446">
        <ele>2793.7285160000001</ele>
        <time>2014-12-06T01:59:22Z</time>
      </trkpt>
      <trkpt lat="-6.772611625492573" lon="106.96652040816844">
        <ele>2797.0927729999999</ele>
        <time>2014-12-06T01:59:43Z</time>
      </trkpt>
      <trkpt lat="-6.772536188364029" lon="106.96654915809631">
        <ele>2798.0541990000002</ele>
        <time>2014-12-06T02:00:05Z</time>
      </trkpt>
      <trkpt lat="-6.772519005462527" lon="106.96653658524156">
        <ele>2800.4575199999999</ele>
        <time>2014-12-06T02:00:25Z</time>
      </trkpt>
      <trkpt lat="-6.772504504770041" lon="106.96651864796877">
        <ele>2803.8222660000001</ele>
        <time>2014-12-06T02:00:44Z</time>
      </trkpt>
      <trkpt lat="-6.772555131465197" lon="106.96639920584857">
        <ele>2804.7836910000001</ele>
        <time>2014-12-06T02:01:05Z</time>
      </trkpt>
      <trkpt lat="-6.772528393194079" lon="106.96635813452303">
        <ele>2808.1484380000002</ele>
        <time>2014-12-06T02:01:41Z</time>
      </trkpt>
      <trkpt lat="-6.772518418729305" lon="106.96634975261986">
        <ele>2809.1098630000001</ele>
        <time>2014-12-06T02:01:47Z</time>
      </trkpt>
      <trkpt lat="-6.772541804239154" lon="106.96633701212704">
        <ele>2811.9936520000001</ele>
        <time>2014-12-06T02:02:02Z</time>
      </trkpt>
      <trkpt lat="-6.772501990199089" lon="106.96623676456511">
        <ele>2815.8388669999999</ele>
        <time>2014-12-06T02:02:41Z</time>
      </trkpt>
      <trkpt lat="-6.77246586419642" lon="106.96624665521085">
        <ele>2818.7226559999999</ele>
        <time>2014-12-06T02:03:13Z</time>
      </trkpt>
      <trkpt lat="-6.7724375333637" lon="106.96617750450969">
        <ele>2821.6069339999999</ele>
        <time>2014-12-06T02:04:04Z</time>
      </trkpt>
      <trkpt lat="-6.772403167560697" lon="106.96614129468799">
        <ele>2824.9711910000001</ele>
        <time>2014-12-06T02:04:29Z</time>
      </trkpt>
      <trkpt lat="-6.772386487573385" lon="106.96610223501921">
        <ele>2828.3359380000002</ele>
        <time>2014-12-06T02:04:55Z</time>
      </trkpt>
      <trkpt lat="-6.772384978830814" lon="106.96610181592405">
        <ele>2827.8549800000001</ele>
        <time>2014-12-06T02:04:56Z</time>
      </trkpt>
      <trkpt lat="-6.772364359349012" lon="106.96610114537179">
        <ele>2829.7778320000002</ele>
        <time>2014-12-06T02:05:06Z</time>
      </trkpt>
      <trkpt lat="-6.772346589714289" lon="106.96607029996812">
        <ele>2832.1811520000001</ele>
        <time>2014-12-06T02:05:18Z</time>
      </trkpt>
      <trkpt lat="-6.772332089021802" lon="106.96600215509534">
        <ele>2836.0268550000001</ele>
        <time>2014-12-06T02:05:41Z</time>
      </trkpt>
      <trkpt lat="-6.772361006587744" lon="106.96591380983591">
        <ele>2836.9882809999999</ele>
        <time>2014-12-06T02:06:23Z</time>
      </trkpt>
      <trkpt lat="-6.772378608584404" lon="106.9658817909658">
        <ele>2837.9492190000001</ele>
        <time>2014-12-06T02:06:57Z</time>
      </trkpt>
      <trkpt lat="-6.772381290793419" lon="106.96587793529034">
        <ele>2838.4301759999998</ele>
        <time>2014-12-06T02:07:13Z</time>
      </trkpt>
      <trkpt lat="-6.772383134812117" lon="106.96587969549">
        <ele>2837.46875</ele>
        <time>2014-12-06T02:07:15Z</time>
      </trkpt>
      <trkpt lat="-6.772403670474887" lon="106.96579922921956">
        <ele>2839.8720699999999</ele>
        <time>2014-12-06T02:08:07Z</time>
      </trkpt>
      <trkpt lat="-6.772437701001763" lon="106.96568313986063">
        <ele>2840.8334960000002</ele>
        <time>2014-12-06T02:08:30Z</time>
      </trkpt>
      <trkpt lat="-6.77238087169826" lon="106.96570744737983">
        <ele>2844.1977539999998</ele>
        <time>2014-12-06T02:08:43Z</time>
      </trkpt>
      <trkpt lat="-6.772377267479897" lon="106.96570920757949">
        <ele>2844.1977539999998</ele>
        <time>2014-12-06T02:08:44Z</time>
      </trkpt>
      <trkpt lat="-6.772315325215459" lon="106.96582596749067">
        <ele>2847.0820309999999</ele>
        <time>2014-12-06T02:09:10Z</time>
      </trkpt>
      <trkpt lat="-6.772215664386749" lon="106.96587433107197">
        <ele>2850.446289</ele>
        <time>2014-12-06T02:09:48Z</time>
      </trkpt>
      <trkpt lat="-6.772185657173395" lon="106.96582169272006">
        <ele>2852.3691410000001</ele>
        <time>2014-12-06T02:10:01Z</time>
      </trkpt>
      <trkpt lat="-6.772164702415466" lon="106.96572094224393">
        <ele>2853.8110350000002</ele>
        <time>2014-12-06T02:10:25Z</time>
      </trkpt>
      <trkpt lat="-6.772167552262545" lon="106.96566998027265">
        <ele>2856.2143550000001</ele>
        <time>2014-12-06T02:10:48Z</time>
      </trkpt>
      <trkpt lat="-6.772141652181745" lon="106.96565480902791">
        <ele>2859.0981449999999</ele>
        <time>2014-12-06T02:11:17Z</time>
      </trkpt>
      <trkpt lat="-6.772092701867223" lon="106.96564801968634">
        <ele>2861.5014649999998</ele>
        <time>2014-12-06T02:11:45Z</time>
      </trkpt>
      <trkpt lat="-6.772038973867893" lon="106.9656069483608">
        <ele>2864.8657229999999</ele>
        <time>2014-12-06T02:12:07Z</time>
      </trkpt>
      <trkpt lat="-6.772031346336007" lon="106.96568598970771">
        <ele>2866.3076169999999</ele>
        <time>2014-12-06T02:12:43Z</time>
      </trkpt>
      <trkpt lat="-6.772032016888261" lon="106.96568858809769">
        <ele>2866.7885740000002</ele>
        <time>2014-12-06T02:13:46Z</time>
      </trkpt>
      <trkpt lat="-6.771939480677247" lon="106.96564039215446">
        <ele>2870.1538089999999</ele>
        <time>2014-12-06T02:15:40Z</time>
      </trkpt>
      <trkpt lat="-6.771917017176747" lon="106.96564827114344">
        <ele>2873.5180660000001</ele>
        <time>2014-12-06T02:15:59Z</time>
      </trkpt>
      <trkpt lat="-6.771903103217483" lon="106.96566981263459">
        <ele>2874.959961</ele>
        <time>2014-12-06T02:16:34Z</time>
      </trkpt>
      <trkpt lat="-6.771823726594448" lon="106.96569906547666">
        <ele>2878.3247070000002</ele>
        <time>2014-12-06T02:16:54Z</time>
      </trkpt>
      <trkpt lat="-6.771738650277257" lon="106.96565774269402">
        <ele>2881.6889649999998</ele>
        <time>2014-12-06T02:17:15Z</time>
      </trkpt>
      <trkpt lat="-6.771730436012149" lon="106.96564651094377">
        <ele>2884.5732419999999</ele>
        <time>2014-12-06T02:17:54Z</time>
      </trkpt>
      <trkpt lat="-6.771727418527007" lon="106.96564533747733">
        <ele>2885.053711</ele>
        <time>2014-12-06T02:17:55Z</time>
      </trkpt>
      <trkpt lat="-6.771677294746041" lon="106.96564768441021">
        <ele>2888.4184570000002</ele>
        <time>2014-12-06T02:18:14Z</time>
      </trkpt>
      <trkpt lat="-6.771578639745712" lon="106.96562874130905">
        <ele>2891.3022460000002</ele>
        <time>2014-12-06T02:18:42Z</time>
      </trkpt>
      <trkpt lat="-6.771538238972426" lon="106.96557643823326">
        <ele>2892.7441410000001</ele>
        <time>2014-12-06T02:19:10Z</time>
      </trkpt>
      <trkpt lat="-6.771512674167752" lon="106.96553788147867">
        <ele>2896.1088869999999</ele>
        <time>2014-12-06T02:19:30Z</time>
      </trkpt>
      <trkpt lat="-6.77157218568027" lon="106.96549362502992">
        <ele>2898.9926759999998</ele>
        <time>2014-12-06T02:19:58Z</time>
      </trkpt>
      <trkpt lat="-6.77154092118144" lon="106.96544685401022">
        <ele>2902.3579100000002</ele>
        <time>2014-12-06T02:20:17Z</time>
      </trkpt>
      <trkpt lat="-6.771410079672933" lon="106.96543201804161">
        <ele>2905.2416990000002</ele>
        <time>2014-12-06T02:20:56Z</time>
      </trkpt>
      <trkpt lat="-6.771399099379778" lon="106.96542455814779">
        <ele>2908.6064449999999</ele>
        <time>2014-12-06T02:21:24Z</time>
      </trkpt>
      <trkpt lat="-6.771443858742714" lon="106.96540787816048">
        <ele>2911.4902339999999</ele>
        <time>2014-12-06T02:21:57Z</time>
      </trkpt>
      <trkpt lat="-6.77138208411634" lon="106.96538340300322">
        <ele>2914.8544919999999</ele>
        <time>2014-12-06T02:22:19Z</time>
      </trkpt>
      <trkpt lat="-6.771340006962419" lon="106.96537879295647">
        <ele>2917.7387699999999</ele>
        <time>2014-12-06T02:22:55Z</time>
      </trkpt>
      <trkpt lat="-6.771314274519682" lon="106.96540888398886">
        <ele>2921.1030270000001</ele>
        <time>2014-12-06T02:23:30Z</time>
      </trkpt>
      <trkpt lat="-6.77131905220449" lon="106.96537703275681">
        <ele>2923.9873050000001</ele>
        <time>2014-12-06T02:24:09Z</time>
      </trkpt>
      <trkpt lat="-6.771301869302988" lon="106.96535750292242">
        <ele>2927.3515619999998</ele>
        <time>2014-12-06T02:24:30Z</time>
      </trkpt>
      <trkpt lat="-6.771295750513673" lon="106.9653582572937">
        <ele>2927.8320309999999</ele>
        <time>2014-12-06T02:24:31Z</time>
      </trkpt>
      <trkpt lat="-6.771280495449901" lon="106.96535582654178">
        <ele>2927.8320309999999</ele>
        <time>2014-12-06T02:24:41Z</time>
      </trkpt>
      <trkpt lat="-6.771203214302659" lon="106.96521643549204">
        <ele>2928.3129880000001</ele>
        <time>2014-12-06T02:25:58Z</time>
      </trkpt>
      <trkpt lat="-6.771267000585794" lon="106.96510621346533">
        <ele>2931.6777339999999</ele>
        <time>2014-12-06T02:26:37Z</time>
      </trkpt>
      <trkpt lat="-6.771300444379449" lon="106.96501979604363">
        <ele>2933.1201169999999</ele>
        <time>2014-12-06T02:26:58Z</time>
      </trkpt>
      <trkpt lat="-6.771331457421184" lon="106.96496372111142">
        <ele>2935.0424800000001</ele>
        <time>2014-12-06T02:27:23Z</time>
      </trkpt>
      <trkpt lat="-6.771363392472267" lon="106.96486313827336">
        <ele>2937.9262699999999</ele>
        <time>2014-12-06T02:27:45Z</time>
      </trkpt>
      <trkpt lat="-6.771429274231195" lon="106.96474210359156">
        <ele>2941.2910160000001</ele>
        <time>2014-12-06T02:28:12Z</time>
      </trkpt>
      <trkpt lat="-6.771450564265251" lon="106.96468980051577">
        <ele>2944.6557619999999</ele>
        <time>2014-12-06T02:28:48Z</time>
      </trkpt>
      <trkpt lat="-6.77145098336041" lon="106.96468980051577">
        <ele>2945.1362300000001</ele>
        <time>2014-12-06T02:28:50Z</time>
      </trkpt>
      <trkpt lat="-6.771458862349391" lon="106.96470865979791">
        <ele>2948.5009770000001</ele>
        <time>2014-12-06T02:29:40Z</time>
      </trkpt>
      <trkpt lat="-6.771465567871928" lon="106.96463431231678">
        <ele>2951.8652339999999</ele>
        <time>2014-12-06T02:30:25Z</time>
      </trkpt>
      <trkpt lat="-6.771409660577774" lon="106.96455795317888">
        <ele>2955.2299800000001</ele>
        <time>2014-12-06T02:31:17Z</time>
      </trkpt>
      <trkpt lat="-6.771346796303988" lon="106.96449886076152">
        <ele>2956.1914059999999</ele>
        <time>2014-12-06T02:31:46Z</time>
      </trkpt>
      <trkpt lat="-6.771300444379449" lon="106.9644792471081">
        <ele>2959.555664</ele>
        <time>2014-12-06T02:32:01Z</time>
      </trkpt>
      <trkpt lat="-6.77131905220449" lon="106.96445586159825">
        <ele>2961.4785160000001</ele>
        <time>2014-12-06T02:32:34Z</time>
      </trkpt>
      <trkpt lat="-6.771395914256573" lon="106.9644139520824">
        <ele>2964.3627929999998</ele>
        <time>2014-12-06T02:33:42Z</time>
      </trkpt>
      <trkpt lat="-6.771285189315677" lon="106.96442225016654">
        <ele>2966.7661130000001</ele>
        <time>2014-12-06T02:34:06Z</time>
      </trkpt>
      <trkpt lat="-6.771278735250235" lon="106.96435192599893">
        <ele>2970.1308589999999</ele>
        <time>2014-12-06T02:34:32Z</time>
      </trkpt>
      <trkpt lat="-6.771309496834874" lon="106.96428746916354">
        <ele>2973.4951169999999</ele>
        <time>2014-12-06T02:34:58Z</time>
      </trkpt>
      <trkpt lat="-6.771199777722359" lon="106.96443373337388">
        <ele>2973.0146479999999</ele>
        <time>2014-12-06T02:35:42Z</time>
      </trkpt>
      <trkpt lat="-6.771089304238558" lon="106.9645986892283">
        <ele>2973.975586</ele>
        <time>2014-12-06T02:36:06Z</time>
      </trkpt>
      <trkpt lat="-6.770974220708013" lon="106.96470698341727">
        <ele>2976.8598630000001</ele>
        <time>2014-12-06T02:36:30Z</time>
      </trkpt>
      <trkpt lat="-6.770897107198834" lon="106.96483790874481">
        <ele>2979.7436520000001</ele>
        <time>2014-12-06T02:36:53Z</time>
      </trkpt>
      <trkpt lat="-6.770736426115036" lon="106.96500739082694">
        <ele>2982.1469729999999</ele>
        <time>2014-12-06T02:37:22Z</time>
      </trkpt>
      <trkpt lat="-6.770563591271639" lon="106.96511635556817">
        <ele>2982.1469729999999</ele>
        <time>2014-12-06T02:37:46Z</time>
      </trkpt>
      <trkpt lat="-6.77050257101655" lon="106.96515826508403">
        <ele>2982.1469729999999</ele>
        <time>2014-12-06T02:37:55Z</time>
      </trkpt>
      <trkpt lat="-6.770434342324734" lon="106.9651907030493">
        <ele>2982.1469729999999</ele>
        <time>2014-12-06T02:38:15Z</time>
      </trkpt>
      <trkpt lat="-6.770408106967807" lon="106.96519162505865">
        <ele>2981.6660160000001</ele>
        <time>2014-12-06T02:38:40Z</time>
      </trkpt>
      <trkpt lat="-6.770411627367139" lon="106.96527468971908">
        <ele>2983.1083979999999</ele>
        <time>2014-12-06T02:39:37Z</time>
      </trkpt>
      <trkpt lat="-6.770424116402865" lon="106.96517469361424">
        <ele>2985.5117190000001</ele>
        <time>2014-12-06T02:40:31Z</time>
      </trkpt>
      <trkpt lat="-6.770461248233914" lon="106.96521526202559">
        <ele>2986.9536130000001</ele>
        <time>2014-12-06T02:41:00Z</time>
      </trkpt>
      <trkpt lat="-6.770457224920392" lon="106.96519648656249">
        <ele>2986.9536130000001</ele>
        <time>2014-12-06T02:41:31Z</time>
      </trkpt>
      <trkpt lat="-6.77047080360353" lon="106.96518315933645">
        <ele>2988.8759770000001</ele>
        <time>2014-12-06T02:42:19Z</time>
      </trkpt>
      <trkpt lat="-6.770462756976485" lon="106.96518961340189">
        <ele>2988.8759770000001</ele>
        <time>2014-12-06T02:42:36Z</time>
      </trkpt>
      <trkpt lat="-6.770363934338093" lon="106.96513370610774">
        <ele>2987.9145509999998</ele>
        <time>2014-12-06T02:42:59Z</time>
      </trkpt>
      <trkpt lat="-6.770408023148775" lon="106.96503865532577">
        <ele>2985.9921880000002</ele>
        <time>2014-12-06T02:43:17Z</time>
      </trkpt>
      <trkpt lat="-6.770382123067975" lon="106.96501753292978">
        <ele>2982.6274410000001</ele>
        <time>2014-12-06T02:43:37Z</time>
      </trkpt>
      <trkpt lat="-6.770294113084674" lon="106.96491502225399">
        <ele>2979.7436520000001</ele>
        <time>2014-12-06T02:44:06Z</time>
      </trkpt>
      <trkpt lat="-6.770211802795529" lon="106.96476205252111">
        <ele>2977.3403320000002</ele>
        <time>2014-12-06T02:44:27Z</time>
      </trkpt>
      <trkpt lat="-6.770231164991856" lon="106.96467597037554">
        <ele>2975.4179690000001</ele>
        <time>2014-12-06T02:44:42Z</time>
      </trkpt>
      <trkpt lat="-6.770181795582175" lon="106.96456608362496">
        <ele>2973.4951169999999</ele>
        <time>2014-12-06T02:45:05Z</time>
      </trkpt>
      <trkpt lat="-6.770121948793531" lon="106.96449341252446">
        <ele>2971.091797</ele>
        <time>2014-12-06T02:45:21Z</time>
      </trkpt>
      <trkpt lat="-6.770037207752466" lon="106.9644411932677">
        <ele>2969.1694339999999</ele>
        <time>2014-12-06T02:45:39Z</time>
      </trkpt>
      <trkpt lat="-6.770050702616572" lon="106.96434773504734">
        <ele>2967.727539</ele>
        <time>2014-12-06T02:45:56Z</time>
      </trkpt>
      <trkpt lat="-6.770007200539112" lon="106.96427799761295">
        <ele>2966.2851559999999</ele>
        <time>2014-12-06T02:46:20Z</time>
      </trkpt>
      <trkpt lat="-6.769913993775845" lon="106.9642461463809">
        <ele>2964.3627929999998</ele>
        <time>2014-12-06T02:46:36Z</time>
      </trkpt>
      <trkpt lat="-6.769821960479021" lon="106.96417615748942">
        <ele>2961.9589839999999</ele>
        <time>2014-12-06T02:46:54Z</time>
      </trkpt>
      <trkpt lat="-6.769798239693046" lon="106.96413148194551">
        <ele>2960.9975589999999</ele>
        <time>2014-12-06T02:47:13Z</time>
      </trkpt>
      <trkpt lat="-6.76973051391542" lon="106.96401237510145">
        <ele>2959.0751949999999</ele>
        <time>2014-12-06T02:47:31Z</time>
      </trkpt>
      <trkpt lat="-6.769697237759829" lon="106.96394171565771">
        <ele>2957.1523440000001</ele>
        <time>2014-12-06T02:47:49Z</time>
      </trkpt>
      <trkpt lat="-6.769614676013589" lon="106.9638560526073">
        <ele>2956.1914059999999</ele>
        <time>2014-12-06T02:48:08Z</time>
      </trkpt>
      <trkpt lat="-6.769595900550485" lon="106.96384984999895">
        <ele>2957.1523440000001</ele>
        <time>2014-12-06T02:48:29Z</time>
      </trkpt>
      <trkpt lat="-6.769587267190218" lon="106.96388019248843">
        <ele>2960.5170899999998</ele>
        <time>2014-12-06T02:51:15Z</time>
      </trkpt>
      <trkpt lat="-6.769578466191888" lon="106.96387910284102">
        <ele>2963.881836</ele>
        <time>2014-12-06T02:53:26Z</time>
      </trkpt>
      <trkpt lat="-6.769563043490052" lon="106.96387960575521">
        <ele>2966.7661130000001</ele>
        <time>2014-12-06T02:56:21Z</time>
      </trkpt>
      <trkpt lat="-6.76956245675683" lon="106.96388212032616">
        <ele>2970.1308589999999</ele>
        <time>2014-12-06T03:00:33Z</time>
      </trkpt>
      <trkpt lat="-6.769562540575862" lon="106.96388295851648">
        <ele>2973.0146479999999</ele>
        <time>2014-12-06T03:04:32Z</time>
      </trkpt>
      <trkpt lat="-6.769565977156162" lon="106.96388413198292">
        <ele>2976.3789059999999</ele>
        <time>2014-12-06T03:10:40Z</time>
      </trkpt>
      <trkpt lat="-6.76955658942461" lon="106.9638558011502">
        <ele>2975.8984380000002</ele>
        <time>2014-12-06T03:12:11Z</time>
      </trkpt>
      <trkpt lat="-6.769571928307414" lon="106.96376552805305">
        <ele>2976.3789059999999</ele>
        <time>2014-12-06T03:12:28Z</time>
      </trkpt>
      <trkpt lat="-6.769618531689048" lon="106.96361565962434">
        <ele>2974.9370119999999</ele>
        <time>2014-12-06T03:12:45Z</time>
      </trkpt>
      <trkpt lat="-6.769612245261669" lon="106.96357542648911">
        <ele>2974.4565429999998</ele>
        <time>2014-12-06T03:13:01Z</time>
      </trkpt>
      <trkpt lat="-6.769688269123435" lon="106.96349076926708">
        <ele>2974.4565429999998</ele>
        <time>2014-12-06T03:13:19Z</time>
      </trkpt>
      <trkpt lat="-6.769792959094048" lon="106.96340049616992">
        <ele>2973.0146479999999</ele>
        <time>2014-12-06T03:13:36Z</time>
      </trkpt>
      <trkpt lat="-6.769816344603896" lon="106.96330569684505">
        <ele>2971.5727539999998</ele>
        <time>2014-12-06T03:13:53Z</time>
      </trkpt>
      <trkpt lat="-6.769779045134783" lon="106.96331357583404">
        <ele>2971.5727539999998</ele>
        <time>2014-12-06T03:14:28Z</time>
      </trkpt>
      <trkpt lat="-6.769799496978521" lon="106.96328516118228">
        <ele>2972.0532229999999</ele>
        <time>2014-12-06T03:14:55Z</time>
      </trkpt>
      <trkpt lat="-6.769817685708404" lon="106.96331290528178">
        <ele>2972.0532229999999</ele>
        <time>2014-12-06T03:15:15Z</time>
      </trkpt>
      <trkpt lat="-6.769830426201224" lon="106.9633673876524">
        <ele>2973.0146479999999</ele>
        <time>2014-12-06T03:15:37Z</time>
      </trkpt>
      <trkpt lat="-6.769792456179857" lon="106.96346118114889">
        <ele>2974.9370119999999</ele>
        <time>2014-12-06T03:16:02Z</time>
      </trkpt>
      <trkpt lat="-6.769741158932447" lon="106.96353812702">
        <ele>2976.3789059999999</ele>
        <time>2014-12-06T03:16:22Z</time>
      </trkpt>
      <trkpt lat="-6.769628338515759" lon="106.96366243064404">
        <ele>2978.3017580000001</ele>
        <time>2014-12-06T03:16:46Z</time>
      </trkpt>
      <trkpt lat="-6.769601935520768" lon="106.96369847282767">
        <ele>2978.3017580000001</ele>
        <time>2014-12-06T03:17:10Z</time>
      </trkpt>
      <trkpt lat="-6.76955902017653" lon="106.96374977007508">
        <ele>2978.7822270000001</ele>
        <time>2014-12-06T03:17:34Z</time>
      </trkpt>
      <trkpt lat="-6.769421305507422" lon="106.96388279087842">
        <ele>2979.2631839999999</ele>
        <time>2014-12-06T03:17:52Z</time>
      </trkpt>
      <trkpt lat="-6.769378641620278" lon="106.96391698904335">
        <ele>2979.7436520000001</ele>
        <time>2014-12-06T03:17:58Z</time>
      </trkpt>
      <trkpt lat="-6.769293649122119" lon="106.96399259380996">
        <ele>2980.2241210000002</ele>
        <time>2014-12-06T03:18:12Z</time>
      </trkpt>
      <trkpt lat="-6.769120898097754" lon="106.96392972953618">
        <ele>2981.6660160000001</ele>
        <time>2014-12-06T03:18:34Z</time>
      </trkpt>
      <trkpt lat="-6.76900053396821" lon="106.9639731477946">
        <ele>2983.1083979999999</ele>
        <time>2014-12-06T03:18:51Z</time>
      </trkpt>
      <trkpt lat="-6.768933227285743" lon="106.96396644227207">
        <ele>2985.0307619999999</ele>
        <time>2014-12-06T03:19:16Z</time>
      </trkpt>
      <trkpt lat="-6.768931802362204" lon="106.96401740424335">
        <ele>2985.0307619999999</ele>
        <time>2014-12-06T03:20:05Z</time>
      </trkpt>
      <trkpt lat="-6.768954768776894" lon="106.96393501013517">
        <ele>2984.5502929999998</ele>
        <time>2014-12-06T03:20:30Z</time>
      </trkpt>
      <trkpt lat="-6.768914116546512" lon="106.96380257606506">
        <ele>2986.9536130000001</ele>
        <time>2014-12-06T03:20:53Z</time>
      </trkpt>
      <trkpt lat="-6.768875140696764" lon="106.96378514170647">
        <ele>2987.4340820000002</ele>
        <time>2014-12-06T03:21:22Z</time>
      </trkpt>
      <trkpt lat="-6.768940770998597" lon="106.96385772898793">
        <ele>2985.5117190000001</ele>
        <time>2014-12-06T03:21:42Z</time>
      </trkpt>
      <trkpt lat="-6.768997935578227" lon="106.96398831903934">
        <ele>2985.5117190000001</ele>
        <time>2014-12-06T03:22:03Z</time>
      </trkpt>
      <trkpt lat="-6.768959378823638" lon="106.96400525048375">
        <ele>2985.5117190000001</ele>
        <time>2014-12-06T03:22:24Z</time>
      </trkpt>
      <trkpt lat="-6.769001204520464" lon="106.9639839604497">
        <ele>2985.0307619999999</ele>
        <time>2014-12-06T03:22:57Z</time>
      </trkpt>
      <trkpt lat="-6.769055351614952" lon="106.96395420469344">
        <ele>2984.5502929999998</ele>
        <time>2014-12-06T03:23:20Z</time>
      </trkpt>
      <trkpt lat="-6.769083850085735" lon="106.9639303162694">
        <ele>2984.069336</ele>
        <time>2014-12-06T03:23:43Z</time>
      </trkpt>
      <trkpt lat="-6.769220056012273" lon="106.96391799487174">
        <ele>2983.5888669999999</ele>
        <time>2014-12-06T03:24:12Z</time>
      </trkpt>
      <trkpt lat="-6.76930345594883" lon="106.96390332654119">
        <ele>2983.1083979999999</ele>
        <time>2014-12-06T03:24:33Z</time>
      </trkpt>
      <trkpt lat="-6.769384341314435" lon="106.96392092853785">
        <ele>2982.1469729999999</ele>
        <time>2014-12-06T03:24:50Z</time>
      </trkpt>
      <trkpt lat="-6.769528761506081" lon="106.96389460936189">
        <ele>2982.6274410000001</ele>
        <time>2014-12-06T03:25:15Z</time>
      </trkpt>
      <trkpt lat="-6.769597576931119" lon="106.96387901902199">
        <ele>2983.1083979999999</ele>
        <time>2014-12-06T03:25:39Z</time>
      </trkpt>
      <trkpt lat="-6.769596906378865" lon="106.96388061158359">
        <ele>2983.5888669999999</ele>
        <time>2014-12-06T03:27:23Z</time>
      </trkpt>
      <trkpt lat="-6.769626159220934" lon="106.96391304954886">
        <ele>2983.1083979999999</ele>
        <time>2014-12-06T04:09:55Z</time>
      </trkpt>
      <trkpt lat="-6.769678965210915" lon="106.96391858160496">
        <ele>2982.1469729999999</ele>
        <time>2014-12-06T04:10:13Z</time>
      </trkpt>
      <trkpt lat="-6.769624231383205" lon="106.96388463489711">
        <ele>2982.6274410000001</ele>
        <time>2014-12-06T04:10:54Z</time>
      </trkpt>
      <trkpt lat="-6.769483583047986" lon="106.96389678865671">
        <ele>2981.6660160000001</ele>
        <time>2014-12-06T04:11:13Z</time>
      </trkpt>
      <trkpt lat="-6.76953949034214" lon="106.96394884027541">
        <ele>2982.1469729999999</ele>
        <time>2014-12-06T04:11:44Z</time>
      </trkpt>
      <trkpt lat="-6.769598247483373" lon="106.96396258659661">
        <ele>2984.069336</ele>
        <time>2014-12-06T04:12:02Z</time>
      </trkpt>
      <trkpt lat="-6.769666643813252" lon="106.96399678476155">
        <ele>2985.0307619999999</ele>
        <time>2014-12-06T04:12:32Z</time>
      </trkpt>
      <trkpt lat="-6.769782481715083" lon="106.96402486413717">
        <ele>2987.4340820000002</ele>
        <time>2014-12-06T04:12:51Z</time>
      </trkpt>
      <trkpt lat="-6.769807962700725" lon="106.96411790326238">
        <ele>2987.9145509999998</ele>
        <time>2014-12-06T04:13:09Z</time>
      </trkpt>
      <trkpt lat="-6.769845429807901" lon="106.96417674422264">
        <ele>2989.8374020000001</ele>
        <time>2014-12-06T04:13:30Z</time>
      </trkpt>
      <trkpt lat="-6.769930003210902" lon="106.96424153633416">
        <ele>2991.7597660000001</ele>
        <time>2014-12-06T04:13:52Z</time>
      </trkpt>
      <trkpt lat="-6.770057156682015" lon="106.96429727599025">
        <ele>2994.6440429999998</ele>
        <time>2014-12-06T04:14:17Z</time>
      </trkpt>
      <trkpt lat="-6.770080961287022" lon="106.96436382830143">
        <ele>2996.5668949999999</ele>
        <time>2014-12-06T04:14:34Z</time>
      </trkpt>
      <trkpt lat="-6.770081883296371" lon="106.96448519825935">
        <ele>2998.9702149999998</ele>
        <time>2014-12-06T04:14:55Z</time>
      </trkpt>
      <trkpt lat="-6.770203588530421" lon="106.96450154297054">
        <ele>3001.3735350000002</ele>
        <time>2014-12-06T04:15:19Z</time>
      </trkpt>
      <trkpt lat="-6.770259831100702" lon="106.96458502672613">
        <ele>3004.7377929999998</ele>
        <time>2014-12-06T04:16:19Z</time>
      </trkpt>
      <trkpt lat="-6.770259579643607" lon="106.96459458209574">
        <ele>3005.6992190000001</ele>
        <time>2014-12-06T04:16:21Z</time>
      </trkpt>
      <trkpt lat="-6.77022504620254" lon="106.96469591930509">
        <ele>3008.102539</ele>
        <time>2014-12-06T04:16:50Z</time>
      </trkpt>
      <trkpt lat="-6.770231751725078" lon="106.96473095566034">
        <ele>3010.986328</ele>
        <time>2014-12-06T04:17:10Z</time>
      </trkpt>
      <trkpt lat="-6.770291682332754" lon="106.9648352265358">
        <ele>3014.3510740000002</ele>
        <time>2014-12-06T04:17:29Z</time>
      </trkpt>
      <trkpt lat="-6.770356222987175" lon="106.96499498561025">
        <ele>3017.7158199999999</ele>
        <time>2014-12-06T04:18:03Z</time>
      </trkpt>
      <trkpt lat="-6.770358067005873" lon="106.96509112603962">
        <ele>3020.5996089999999</ele>
        <time>2014-12-06T04:18:22Z</time>
      </trkpt>
      <trkpt lat="-6.770416405051947" lon="106.96512943133712">
        <ele>3021.5610350000002</ele>
        <time>2014-12-06T04:18:43Z</time>
      </trkpt>
      <trkpt lat="-6.770457560196519" lon="106.96514837443829">
        <ele>3021.080078</ele>
        <time>2014-12-06T04:19:30Z</time>
      </trkpt>
      <trkpt lat="-6.770646069198847" lon="106.96505307219923">
        <ele>3022.0415039999998</ele>
        <time>2014-12-06T04:19:58Z</time>
      </trkpt>
      <trkpt lat="-6.770796608179808" lon="106.9649475440383">
        <ele>3022.0415039999998</ele>
        <time>2014-12-06T04:20:23Z</time>
      </trkpt>
      <trkpt lat="-6.770882438868284" lon="106.96482407860458">
        <ele>3019.6381839999999</ele>
        <time>2014-12-06T04:20:48Z</time>
      </trkpt>
      <trkpt lat="-6.770971370860934" lon="106.9647316262126">
        <ele>3016.2739259999998</ele>
        <time>2014-12-06T04:21:09Z</time>
      </trkpt>
      <trkpt lat="-6.771073127165437" lon="106.96464596316218">
        <ele>3014.8315429999998</ele>
        <time>2014-12-06T04:21:29Z</time>
      </trkpt>
      <trkpt lat="-6.771176811307669" lon="106.96449358016253">
        <ele>3014.3510740000002</ele>
        <time>2014-12-06T04:21:51Z</time>
      </trkpt>
      <trkpt lat="-6.771195000037551" lon="106.96446072310209">
        <ele>3013.8706050000001</ele>
        <time>2014-12-06T04:21:54Z</time>
      </trkpt>
      <trkpt lat="-6.771303964778781" lon="106.96431278251112">
        <ele>3014.8315429999998</ele>
        <time>2014-12-06T04:22:23Z</time>
      </trkpt>
      <trkpt lat="-6.771338665857911" lon="106.96440489962697">
        <ele>3012.4282229999999</ele>
        <time>2014-12-06T04:22:46Z</time>
      </trkpt>
      <trkpt lat="-6.771354172378779" lon="106.96444161236286">
        <ele>3011.4672850000002</ele>
        <time>2014-12-06T04:22:55Z</time>
      </trkpt>
      <trkpt lat="-6.771505968645215" lon="106.96454496122897">
        <ele>3008.5834960000002</ele>
        <time>2014-12-06T04:23:16Z</time>
      </trkpt>
      <trkpt lat="-6.771540585905314" lon="106.9645432010293">
        <ele>3007.1411130000001</ele>
        <time>2014-12-06T04:23:20Z</time>
      </trkpt>
      <trkpt lat="-6.771569335833192" lon="106.96465811692178">
        <ele>3003.2958979999999</ele>
        <time>2014-12-06T04:23:39Z</time>
      </trkpt>
      <trkpt lat="-6.771579477936029" lon="106.96467555128038">
        <ele>3003.2958979999999</ele>
        <time>2014-12-06T04:23:41Z</time>
      </trkpt>
      <trkpt lat="-6.771585177630186" lon="106.96478694677353">
        <ele>2999.9316410000001</ele>
        <time>2014-12-06T04:23:53Z</time>
      </trkpt>
      <trkpt lat="-6.771716857329011" lon="106.96475266478956">
        <ele>2998.008789</ele>
        <time>2014-12-06T04:24:12Z</time>
      </trkpt>
      <trkpt lat="-6.771756671369076" lon="106.96488308720291">
        <ele>2994.163086</ele>
        <time>2014-12-06T04:24:29Z</time>
      </trkpt>
      <trkpt lat="-6.771718533709645" lon="106.96492424234748">
        <ele>2992.2407229999999</ele>
        <time>2014-12-06T04:24:36Z</time>
      </trkpt>
      <trkpt lat="-6.77180134691298" lon="106.96496497839689">
        <ele>2989.3564449999999</ele>
        <time>2014-12-06T04:24:51Z</time>
      </trkpt>
      <trkpt lat="-6.771783828735352" lon="106.96507427841425">
        <ele>2986.4726559999999</ele>
        <time>2014-12-06T04:25:13Z</time>
      </trkpt>
      <trkpt lat="-6.771758515387774" lon="106.96515985764563">
        <ele>2983.1083979999999</ele>
        <time>2014-12-06T04:25:26Z</time>
      </trkpt>
      <trkpt lat="-6.771732615306974" lon="106.96530033834279">
        <ele>2979.7436520000001</ele>
        <time>2014-12-06T04:25:45Z</time>
      </trkpt>
      <trkpt lat="-6.771581908687949" lon="106.96555690839887">
        <ele>2976.8598630000001</ele>
        <time>2014-12-06T04:26:06Z</time>
      </trkpt>
      <trkpt lat="-6.771530108526349" lon="106.96567551232874">
        <ele>2973.4951169999999</ele>
        <time>2014-12-06T04:26:22Z</time>
      </trkpt>
      <trkpt lat="-6.771546704694629" lon="106.96576000191271">
        <ele>2972.0532229999999</ele>
        <time>2014-12-06T04:26:39Z</time>
      </trkpt>
      <trkpt lat="-6.771432459354401" lon="106.96588858030736">
        <ele>2969.6499020000001</ele>
        <time>2014-12-06T04:26:57Z</time>
      </trkpt>
      <trkpt lat="-6.771477637812495" lon="106.96593828499317">
        <ele>2968.2080080000001</ele>
        <time>2014-12-06T04:27:02Z</time>
      </trkpt>
      <trkpt lat="-6.77146908827126" lon="106.96595001965761">
        <ele>2967.727539</ele>
        <time>2014-12-06T04:27:04Z</time>
      </trkpt>
      <trkpt lat="-6.771513679996133" lon="106.96598061360419">
        <ele>2964.3627929999998</ele>
        <time>2014-12-06T04:27:12Z</time>
      </trkpt>
      <trkpt lat="-6.771531030535698" lon="106.96598153561354">
        <ele>2963.881836</ele>
        <time>2014-12-06T04:27:13Z</time>
      </trkpt>
      <trkpt lat="-6.771538909524679" lon="106.96598371490836">
        <ele>2964.3627929999998</ele>
        <time>2014-12-06T04:27:15Z</time>
      </trkpt>
      <trkpt lat="-6.771567910909653" lon="106.96598581038415">
        <ele>2962.9204100000002</ele>
        <time>2014-12-06T04:27:18Z</time>
      </trkpt>
      <trkpt lat="-6.771581908687949" lon="106.9659922644496">
        <ele>2961.9589839999999</ele>
        <time>2014-12-06T04:27:26Z</time>
      </trkpt>
      <trkpt lat="-6.771584004163742" lon="106.96597927249968">
        <ele>2960.9975589999999</ele>
        <time>2014-12-06T04:27:29Z</time>
      </trkpt>
      <trkpt lat="-6.77153991535306" lon="106.96592210792005">
        <ele>2957.6333009999998</ele>
        <time>2014-12-06T04:27:42Z</time>
      </trkpt>
      <trkpt lat="-6.771535556763411" lon="106.96592638269067">
        <ele>2957.1523440000001</ele>
        <time>2014-12-06T04:27:43Z</time>
      </trkpt>
      <trkpt lat="-6.771543603390455" lon="106.96593233384192">
        <ele>2955.2299800000001</ele>
        <time>2014-12-06T04:27:49Z</time>
      </trkpt>
      <trkpt lat="-6.771541759371758" lon="106.9660023227334">
        <ele>2952.3461910000001</ele>
        <time>2014-12-06T04:27:59Z</time>
      </trkpt>
      <trkpt lat="-6.771503370255232" lon="106.96614732965827">
        <ele>2950.9038089999999</ele>
        <time>2014-12-06T04:28:22Z</time>
      </trkpt>
      <trkpt lat="-6.771528013050556" lon="106.96615856140852">
        <ele>2948.9814449999999</ele>
        <time>2014-12-06T04:28:32Z</time>
      </trkpt>
      <trkpt lat="-6.771531030535698" lon="106.9661751575768">
        <ele>2948.5009770000001</ele>
        <time>2014-12-06T04:28:33Z</time>
      </trkpt>
      <trkpt lat="-6.771622309461236" lon="106.96617758832872">
        <ele>2945.6166990000002</ele>
        <time>2014-12-06T04:28:50Z</time>
      </trkpt>
      <trkpt lat="-6.771768992766738" lon="106.96606895886362">
        <ele>2943.2133789999998</ele>
        <time>2014-12-06T04:29:20Z</time>
      </trkpt>
      <trkpt lat="-6.771833198145032" lon="106.96608756668866">
        <ele>2939.8491210000002</ele>
        <time>2014-12-06T04:29:35Z</time>
      </trkpt>
      <trkpt lat="-6.771929422393441" lon="106.96615722030401">
        <ele>2936.9653320000002</ele>
        <time>2014-12-06T04:29:53Z</time>
      </trkpt>
      <trkpt lat="-6.77191031165421" lon="106.96629988029599">
        <ele>2934.0810550000001</ele>
        <time>2014-12-06T04:30:12Z</time>
      </trkpt>
      <trkpt lat="-6.771915843710303" lon="106.96630842983723">
        <ele>2933.1201169999999</ele>
        <time>2014-12-06T04:30:13Z</time>
      </trkpt>
      <trkpt lat="-6.771931769326329" lon="106.9663477409631">
        <ele>2931.6777339999999</ele>
        <time>2014-12-06T04:30:16Z</time>
      </trkpt>
      <trkpt lat="-6.771956663578749" lon="106.96638721972704">
        <ele>2929.274414</ele>
        <time>2014-12-06T04:30:36Z</time>
      </trkpt>
      <trkpt lat="-6.771998405456543" lon="106.96638193912804">
        <ele>2925.9096679999998</ele>
        <time>2014-12-06T04:30:51Z</time>
      </trkpt>
      <trkpt lat="-6.772032184526324" lon="106.96634304709733">
        <ele>2922.544922</ele>
        <time>2014-12-06T04:31:03Z</time>
      </trkpt>
      <trkpt lat="-6.772044925019145" lon="106.96636190637946">
        <ele>2919.6611330000001</ele>
        <time>2014-12-06T04:31:23Z</time>
      </trkpt>
      <trkpt lat="-6.772090522572398" lon="106.96642242372036">
        <ele>2915.8159179999998</ele>
        <time>2014-12-06T04:31:37Z</time>
      </trkpt>
      <trkpt lat="-6.77207694388926" lon="106.9663704559207">
        <ele>2912.9321289999998</ele>
        <time>2014-12-06T04:31:51Z</time>
      </trkpt>
      <trkpt lat="-6.772165792062879" lon="106.9663821067661">
        <ele>2909.5673830000001</ele>
        <time>2014-12-06T04:32:07Z</time>
      </trkpt>
      <trkpt lat="-6.772325467318296" lon="106.9664185680449">
        <ele>2906.203125</ele>
        <time>2014-12-06T04:32:34Z</time>
      </trkpt>
      <trkpt lat="-6.772496625781059" lon="106.96629870682955">
        <ele>2903.3188479999999</ele>
        <time>2014-12-06T04:32:57Z</time>
      </trkpt>
      <trkpt lat="-6.772562926635146" lon="106.96644086390734">
        <ele>2899.9541020000001</ele>
        <time>2014-12-06T04:33:16Z</time>
      </trkpt>
      <trkpt lat="-6.772531494498253" lon="106.96655712090433">
        <ele>2896.5893550000001</ele>
        <time>2014-12-06T04:33:34Z</time>
      </trkpt>
      <trkpt lat="-6.772534847259522" lon="106.96655779145658">
        <ele>2896.5893550000001</ele>
        <time>2014-12-06T04:33:35Z</time>
      </trkpt>
      <trkpt lat="-6.772419428452849" lon="106.96664068847895">
        <ele>2893.2250979999999</ele>
        <time>2014-12-06T04:34:07Z</time>
      </trkpt>
      <trkpt lat="-6.772413225844502" lon="106.96665024384856">
        <ele>2890.3408199999999</ele>
        <time>2014-12-06T04:34:18Z</time>
      </trkpt>
      <trkpt lat="-6.772414147853851" lon="106.96664404124022">
        <ele>2889.3793949999999</ele>
        <time>2014-12-06T04:34:20Z</time>
      </trkpt>
      <trkpt lat="-6.772437449544668" lon="106.96667128242552">
        <ele>2886.0151369999999</ele>
        <time>2014-12-06T04:34:37Z</time>
      </trkpt>
      <trkpt lat="-6.77251473069191" lon="106.96672844700515">
        <ele>2882.6503910000001</ele>
        <time>2014-12-06T04:34:54Z</time>
      </trkpt>
      <trkpt lat="-6.772517831996083" lon="106.96674219332635">
        <ele>2879.2861330000001</ele>
        <time>2014-12-06T04:35:19Z</time>
      </trkpt>
      <trkpt lat="-6.772522190585733" lon="106.96668729186058">
        <ele>2875.9213869999999</ele>
        <time>2014-12-06T04:35:30Z</time>
      </trkpt>
      <trkpt lat="-6.772651271894574" lon="106.96671000681818">
        <ele>2872.5566410000001</ele>
        <time>2014-12-06T04:35:45Z</time>
      </trkpt>
      <trkpt lat="-6.772632664069533" lon="106.96677060797811">
        <ele>2869.1923830000001</ele>
        <time>2014-12-06T04:36:05Z</time>
      </trkpt>
      <trkpt lat="-6.77261782810092" lon="106.96680463850498">
        <ele>2865.8271479999999</ele>
        <time>2014-12-06T04:36:24Z</time>
      </trkpt>
      <trkpt lat="-6.772631742060185" lon="106.96685249917209">
        <ele>2862.9433589999999</ele>
        <time>2014-12-06T04:36:48Z</time>
      </trkpt>
      <trkpt lat="-6.772694103419781" lon="106.96693103760481">
        <ele>2859.5786130000001</ele>
        <time>2014-12-06T04:37:02Z</time>
      </trkpt>
      <trkpt lat="-6.772698294371367" lon="106.96717285551131">
        <ele>2856.2143550000001</ele>
        <time>2014-12-06T04:37:20Z</time>
      </trkpt>
      <trkpt lat="-6.772729558870196" lon="106.96717754937708">
        <ele>2852.8496089999999</ele>
        <time>2014-12-06T04:37:31Z</time>
      </trkpt>
      <trkpt lat="-6.77264079451561" lon="106.96729129180312">
        <ele>2850.446289</ele>
        <time>2014-12-06T04:37:53Z</time>
      </trkpt>
      <trkpt lat="-6.772669544443488" lon="106.96735331788659">
        <ele>2847.0820309999999</ele>
        <time>2014-12-06T04:38:08Z</time>
      </trkpt>
      <trkpt lat="-6.772691756486893" lon="106.96734007447958">
        <ele>2845.6396479999999</ele>
        <time>2014-12-06T04:38:11Z</time>
      </trkpt>
      <trkpt lat="-6.77278102375567" lon="106.96728483773768">
        <ele>2842.7558589999999</ele>
        <time>2014-12-06T04:38:25Z</time>
      </trkpt>
      <trkpt lat="-6.772860400378704" lon="106.96727285161614">
        <ele>2838.9106449999999</ele>
        <time>2014-12-06T04:38:42Z</time>
      </trkpt>
      <trkpt lat="-6.772838523611426" lon="106.9673372246325">
        <ele>2837.46875</ele>
        <time>2014-12-06T04:38:52Z</time>
      </trkpt>
      <trkpt lat="-6.772796949371696" lon="106.96739313192666">
        <ele>2834.1035160000001</ele>
        <time>2014-12-06T04:39:28Z</time>
      </trkpt>
      <trkpt lat="-6.77279083058238" lon="106.96741643361747">
        <ele>2831.7006839999999</ele>
        <time>2014-12-06T04:39:41Z</time>
      </trkpt>
      <trkpt lat="-6.772824609652162" lon="106.96757552213967">
        <ele>2828.3359380000002</ele>
        <time>2014-12-06T04:40:01Z</time>
      </trkpt>
      <trkpt lat="-6.772843385115266" lon="106.96757669560611">
        <ele>2827.3745119999999</ele>
        <time>2014-12-06T04:40:03Z</time>
      </trkpt>
      <trkpt lat="-6.772899460047483" lon="106.96748893707991">
        <ele>2825.4521479999999</ele>
        <time>2014-12-06T04:40:22Z</time>
      </trkpt>
      <trkpt lat="-6.772906668484211" lon="106.96748717688024">
        <ele>2822.0874020000001</ele>
        <time>2014-12-06T04:40:35Z</time>
      </trkpt>
      <trkpt lat="-6.77293885499239" lon="106.9675203692168">
        <ele>2819.2036130000001</ele>
        <time>2014-12-06T04:40:48Z</time>
      </trkpt>
      <trkpt lat="-6.773032397031784" lon="106.96756420657039">
        <ele>2815.8388669999999</ele>
        <time>2014-12-06T04:41:06Z</time>
      </trkpt>
      <trkpt lat="-6.773118479177356" lon="106.96750829927623">
        <ele>2813.435547</ele>
        <time>2014-12-06T04:41:37Z</time>
      </trkpt>
      <trkpt lat="-6.7731680162251" lon="106.96748105809093">
        <ele>2810.071289</ele>
        <time>2014-12-06T04:41:57Z</time>
      </trkpt>
      <trkpt lat="-6.773255271837115" lon="106.96745775640011">
        <ele>2807.1870119999999</ele>
        <time>2014-12-06T04:42:25Z</time>
      </trkpt>
      <trkpt lat="-6.773341773077846" lon="106.96746722795069">
        <ele>2803.8222660000001</ele>
        <time>2014-12-06T04:42:42Z</time>
      </trkpt>
      <trkpt lat="-6.773422239348292" lon="106.96753805503249">
        <ele>2802.8608399999998</ele>
        <time>2014-12-06T04:42:47Z</time>
      </trkpt>
      <trkpt lat="-6.773462891578674" lon="106.96755909360945">
        <ele>2801.4189449999999</ele>
        <time>2014-12-06T04:43:04Z</time>
      </trkpt>
    </trkseg>
  </trk>

  <trk>
    <name>Pangrango - Bude Cibodas</name>
    <extensions>
      <gpxx:TrackExtension>
        <gpxx:DisplayColor>DarkGray</gpxx:DisplayColor>
      </gpxx:TrackExtension>
    </extensions>
    <trkseg>
      <trkpt lat="-6.770438617095351" lon="106.96512247435749" />
      <trkpt lat="-6.770341638475657" lon="106.96512909606099" />
      <trkpt lat="-6.770263435319066" lon="106.96478694677353" />
      <trkpt lat="-6.770298471674323" lon="106.96467831730843" />
      <trkpt lat="-6.770287742838264" lon="106.96467831730843" />
      <trkpt lat="-6.770104430615902" lon="106.9644480664283" />
      <trkpt lat="-6.770002171397209" lon="106.96405344642699" />
      <trkpt lat="-6.770034525543451" lon="106.96393827907741" />
      <trkpt lat="-6.769921369850636" lon="106.96395143866539" />
      <trkpt lat="-6.769818942993879" lon="106.9637836329639" />
      <trkpt lat="-6.769818942993879" lon="106.96378690190613" />
      <trkpt lat="-6.769980629906058" lon="106.96363887749612" />
      <trkpt lat="-6.769975265488029" lon="106.96363887749612" />
      <trkpt lat="-6.769802765920758" lon="106.96351717226207" />
      <trkpt lat="-6.769810812547803" lon="106.96334609761834" />
      <trkpt lat="-6.769692292436957" lon="106.96358950808644" />
      <trkpt lat="-6.769590117037296" lon="106.96359286084771" />
      <trkpt lat="-6.769579388201237" lon="106.96359612978995" />
      <trkpt lat="-6.769352992996573" lon="106.96377709507942" />
      <trkpt lat="-6.769350310787559" lon="106.96377374231815" />
      <trkpt lat="-6.769158951938152" lon="106.96360928937793" />
      <trkpt lat="-6.76918325945735" lon="106.96394816972315" />
      <trkpt lat="-6.769013442099094" lon="106.96396786719561" />
      <trkpt lat="-6.76900539547205" lon="106.96415210142732" />
      <trkpt lat="-6.768695851787925" lon="106.96421463042498" />
      <trkpt lat="-6.768429055809975" lon="106.96433306671679" />
      <trkpt lat="-6.768385889008641" lon="106.9640994630754" />
      <trkpt lat="-6.768067963421345" lon="106.96427053771913" />
      <trkpt lat="-6.767844669520855" lon="106.96429031901062" />
      <trkpt lat="-6.767828492447734" lon="106.96429031901062" />
      <trkpt lat="-6.767249135300517" lon="106.9641356728971" />
      <trkpt lat="-6.767073953524232" lon="106.96424421854317" />
      <trkpt lat="-6.76662971265614" lon="106.96437254548073" />
      <trkpt lat="-6.766147334128618" lon="106.96452392265201" />
      <trkpt lat="-6.765810633078218" lon="106.96464562788606" />
      <trkpt lat="-6.765390448272228" lon="106.96476079523563" />
      <trkpt lat="-6.765169501304627" lon="106.96501409634948" />
      <trkpt lat="-6.764876134693623" lon="106.96514887735248" />
      <trkpt lat="-6.764859957620502" lon="106.96515214629471" />
      <trkpt lat="-6.764175491407514" lon="106.96543176658452" />
      <trkpt lat="-6.763822697103024" lon="106.96556671522558" />
      <trkpt lat="-6.763806520029903" lon="106.96556998416781" />
      <trkpt lat="-6.763793108984828" lon="106.96557652205229" />
      <trkpt lat="-6.763634104281664" lon="106.96553377434611" />
      <trkpt lat="-6.763097997754812" lon="106.96579369716346" />
      <trkpt lat="-6.762155368924141" lon="106.96573778986931" />
      <trkpt lat="-6.761629823595285" lon="106.96557987481356" />
      <trkpt lat="-6.761629823595285" lon="106.96558314375579" />
      <trkpt lat="-6.761185750365257" lon="106.96558968164027" />
      <trkpt lat="-6.761185750365257" lon="106.96558641269803" />
      <trkpt lat="-6.760821891948581" lon="106.96552061475813" />
      <trkpt lat="-6.760081015527248" lon="106.96543511934578" />
      <trkpt lat="-6.759531749412417" lon="106.96555020287633" />
      <trkpt lat="-6.758955074474216" lon="106.96559303440154" />
      <trkpt lat="-6.758566992357373" lon="106.96572127752006" />
      <trkpt lat="-6.757688820362091" lon="106.9661490060389" />
      <trkpt lat="-6.757349604740739" lon="106.9663857948035" />
      <trkpt lat="-6.757036959752441" lon="106.96656013838947" />
      <trkpt lat="-6.756625240668654" lon="106.96680011227727" />
      <trkpt lat="-6.756614428013563" lon="106.96680346503854" />
      <trkpt lat="-6.756261382251978" lon="106.9670731946826" />
      <trkpt lat="-6.756258700042963" lon="106.9670731946826" />
      <trkpt lat="-6.755978409200907" lon="106.96726078167558" />
      <trkpt lat="-6.755973044782877" lon="106.96726078167558" />
      <trkpt lat="-6.755541879683733" lon="106.96731342002749" />
      <trkpt lat="-6.755078779533505" lon="106.9675930403173" />
      <trkpt lat="-6.755151534453034" lon="106.9677706528455" />
      <trkpt lat="-6.755138039588928" lon="106.96777400560677" />
      <trkpt lat="-6.754960175603628" lon="106.96775749325752" />
      <trkpt lat="-6.754957493394613" lon="106.96775749325752" />
      <trkpt lat="-6.754647614434362" lon="106.96806678548455" />
      <trkpt lat="-6.754580391570926" lon="106.9679450802505" />
      <trkpt lat="-6.754572261124849" lon="106.96794172748923" />
      <trkpt lat="-6.754504954442382" lon="106.96791876107454" />
      <trkpt lat="-6.754442928358913" lon="106.96820491924882" />
      <trkpt lat="-6.754278559237719" lon="106.9683562964201" />
      <trkpt lat="-6.753872036933899" lon="106.96856341324747" />
      <trkpt lat="-6.753726527094841" lon="106.96881017647684" />
      <trkpt lat="-6.753761563450098" lon="106.96887597441673" />
      <trkpt lat="-6.753748068585992" lon="106.96887597441673" />
      <trkpt lat="-6.753734573721886" lon="106.96888578124344" />
      <trkpt lat="-6.753300726413727" lon="106.96943848393857" />
      <trkpt lat="-6.753298044204712" lon="106.96943521499634" />
      <trkpt lat="-6.753174075856805" lon="106.96951744146645" />
      <trkpt lat="-6.752923792228103" lon="106.97018841281533" />
      <trkpt lat="-6.752921110019088" lon="106.97019168175757" />
      <trkpt lat="-6.752740563824773" lon="106.97057984769344" />
      <trkpt lat="-6.752740563824773" lon="106.97058320045471" />
      <trkpt lat="-6.752721704542637" lon="106.97079040110111" />
      <trkpt lat="-6.752584241330624" lon="106.97089567780495" />
      <trkpt lat="-6.752231530845165" lon="106.97148098610342" />
      <trkpt lat="-6.75222884863615" lon="106.97148098610342" />
      <trkpt lat="-6.752048302441835" lon="106.97196135297418" />
      <trkpt lat="-6.7519620526582" lon="106.97211599908769" />
      <trkpt lat="-6.751918969675899" lon="106.97234960272908" />
      <trkpt lat="-6.75184085033834" lon="106.97257331572473" />
      <trkpt lat="-6.751471627503634" lon="106.97317203506827" />
      <trkpt lat="-6.751229558140039" lon="106.97331989184022" />
      <trkpt lat="-6.751054376363754" lon="106.97357654571533" />
      <trkpt lat="-6.750884642824531" lon="106.97375751100481" />
      <trkpt lat="-6.750873830169439" lon="106.97376077994704" />
      <trkpt lat="-6.75062321126461" lon="106.97389891371131" />
      <trkpt lat="-6.750170504674316" lon="106.97427400387824" />
      <trkpt lat="-6.749847382307053" lon="106.9744779355824" />
      <trkpt lat="-6.749604810029268" lon="106.97467532940209" />
      <trkpt lat="-6.749260146170855" lon="106.97501731105149" />
      <trkpt lat="-6.74925746396184" lon="106.97501731105149" />
      <trkpt lat="-6.749033750966191" lon="106.97570814751089" />
      <trkpt lat="-6.749031068757176" lon="106.97570814751089" />
      <trkpt lat="-6.748925959691405" lon="106.97592532262206" />
      <trkpt lat="-6.748925959691405" lon="106.9759285915643" />
      <trkpt lat="-6.748874830082059" lon="106.97621156461537" />
      <trkpt lat="-6.748746000230312" lon="106.97645790874958" />
      <trkpt lat="-6.748748682439327" lon="106.9767539575696" />
      <trkpt lat="-6.7487190105021" lon="106.97712242603302" />
      <trkpt lat="-6.748471073806286" lon="106.9776554312557" />
      <trkpt lat="-6.748473756015301" lon="106.97765870019794" />
      <trkpt lat="-6.748427990823984" lon="106.9779350515455" />
      <trkpt lat="-6.748104616999626" lon="106.9780436810106" />
      <trkpt lat="-6.748101934790611" lon="106.9780436810106" />
      <trkpt lat="-6.74800219014287" lon="106.97831014171243" />
      <trkpt lat="-6.747541353106499" lon="106.97878388687968" />
      <trkpt lat="-6.747258547693491" lon="106.97888589464128" />
      <trkpt lat="-6.747167184948921" lon="106.97914866730571" />
      <trkpt lat="-6.747164502739906" lon="106.97914866730571" />
      <trkpt lat="-6.747156456112862" lon="106.97938553988934" />
      <trkpt lat="-6.746965097263455" lon="106.97966851294041" />
      <trkpt lat="-6.746903071179986" lon="106.9800435192883" />
      <trkpt lat="-6.746948920190334" lon="106.98029028251767" />
      <trkpt lat="-6.747032487764955" lon="106.98082328774035" />
      <trkpt lat="-6.747051347047091" lon="106.98108647949994" />
      <trkpt lat="-6.747132148593664" lon="106.98143516667187" />
      <trkpt lat="-6.747040534391999" lon="106.98172442615032" />
      <trkpt lat="-6.747013628482819" lon="106.98209297843277" />
      <trkpt lat="-6.747048581019044" lon="106.9823956489563" />
      <trkpt lat="-6.746682124212384" lon="106.98296804912388" />
      <trkpt lat="-6.74652605317533" lon="106.98309956118464" />
      <trkpt lat="-6.746394038200378" lon="106.98330022394657" />
      <trkpt lat="-6.746391355991364" lon="106.98330022394657" />
      <trkpt lat="-6.746127242222428" lon="106.98348118923604" />
      <trkpt lat="-6.746062533929944" lon="106.98364237323403" />
      <trkpt lat="-6.745454091578722" lon="106.98442842811346" />
      <trkpt lat="-6.745448727160692" lon="106.98442842811346" />
      <trkpt lat="-6.745284274220467" lon="106.98446463793516" />
      <trkpt lat="-6.745189977809787" lon="106.98466530069709" />
      <trkpt lat="-6.745189977809787" lon="106.98466865345836" />
      <trkpt lat="-6.744680693373084" lon="106.98504692874849" />
      <trkpt lat="-6.744680693373084" lon="106.98505028150976" />
      <trkpt lat="-6.744325216859579" lon="106.98513250797987" />
      <trkpt lat="-6.744120446965098" lon="106.98522135615349" />
      <trkpt lat="-6.744117764756084" lon="106.98522135615349" />
      <trkpt lat="-6.743961442261934" lon="106.985201574862" />
      <trkpt lat="-6.743737813085318" lon="106.98525748215616" />
      <trkpt lat="-6.743527762591839" lon="106.98536275885999" />
      <trkpt lat="-6.743196761235595" lon="106.98546786792576" />
      <trkpt lat="-6.74319407902658" lon="106.98547122068703" />
      <trkpt lat="-6.743056615814567" lon="106.98556987568736" />
      <trkpt lat="-6.743051251396537" lon="106.98556987568736" />
      <trkpt lat="-6.742892246693373" lon="106.98563902638853" />
      <trkpt lat="-6.742722513154149" lon="106.98567188344896" />
      <trkpt lat="-6.742504164576531" lon="106.98575410991907" />
      <trkpt lat="-6.742361336946487" lon="106.98585611768067" />
      <trkpt lat="-6.741844173520804" lon="106.98602065443993" />
      <trkpt lat="-6.741345701739192" lon="106.98619826696813" />
      <trkpt lat="-6.741079324856401" lon="106.98625417426229" />
      <trkpt lat="-6.741076642647386" lon="106.98625417426229" />
      <trkpt lat="-6.740704821422696" lon="106.98640228249133" />
      <trkpt lat="-6.740707503631711" lon="106.98640228249133" />
      <trkpt lat="-6.740535004064441" lon="106.98643513955176" />
      <trkpt lat="-6.740532321855426" lon="106.986438408494" />
      <trkpt lat="-6.740314057096839" lon="106.98654041625559" />
      <trkpt lat="-6.739708045497537" lon="106.98660621419549" />
      <trkpt lat="-6.739341840147972" lon="106.9864088203758" />
      <trkpt lat="-6.739339157938957" lon="106.9864088203758" />
      <trkpt lat="-6.739072361961007" lon="106.98635618202388" />
      <trkpt lat="-6.739072361961007" lon="106.98635945096612" />
      <trkpt lat="-6.738800201565027" lon="106.98638250119984" />
      <trkpt lat="-6.738797519356012" lon="106.98638250119984" />
      <trkpt lat="-6.738713951781392" lon="106.98645818978548" />
      <trkpt lat="-6.738414969295263" lon="106.98650093749166" />
      <trkpt lat="-6.738102491945028" lon="106.98662599548697" />
      <trkpt lat="-6.737881544977427" lon="106.98666874319315" />
      <trkpt lat="-6.737626064568758" lon="106.98664552532136" />
      <trkpt lat="-6.737620700150728" lon="106.9866487942636" />
      <trkpt lat="-6.737402435392141" lon="106.98670478537679" />
      <trkpt lat="-6.737399669364095" lon="106.98670478537679" />
      <trkpt lat="-6.737068248912692" lon="106.9866850040853" />
      <trkpt lat="-6.73694159835577" lon="106.986721213907" />
      <trkpt lat="-6.736938916146755" lon="106.986721213907" />
      <trkpt lat="-6.736693661659956" lon="106.98669489473104" />
      <trkpt lat="-6.736499620601535" lon="106.98673110455275" />
      <trkpt lat="-6.736252186819911" lon="106.98671467602253" />
      <trkpt lat="-6.73624137416482" lon="106.98671467602253" />
      <trkpt lat="-6.736106676980853" lon="106.98666530661285" />
      <trkpt lat="-6.736095864325762" lon="106.98666530661285" />
      <trkpt lat="-6.735764443874359" lon="106.98666530661285" />
      <trkpt lat="-6.735761677846313" lon="106.98666530661285" />
      <trkpt lat="-6.735300924628973" lon="106.98648434132338" />
      <trkpt lat="-6.735182488337159" lon="106.98650076985359" />
      <trkpt lat="-6.735166311264038" lon="106.98650076985359" />
      <trkpt lat="-6.735158264636993" lon="106.98650076985359" />
      <trkpt lat="-6.7349265050143" lon="106.98638895526528" />
      <trkpt lat="-6.734514534473419" lon="106.98619483038783" />
      <trkpt lat="-6.733940541744232" lon="106.98628367856145" />
      <trkpt lat="-6.733937859535217" lon="106.98628367856145" />
      <trkpt lat="-6.73355002887547" lon="106.98650076985359" />
      <trkpt lat="-6.733547346666455" lon="106.98650076985359" />
      <trkpt lat="-6.733450284227729" lon="106.98666195385158" />
      <trkpt lat="-6.733423378318548" lon="106.98697786778212" />
      <trkpt lat="-6.733423378318548" lon="106.98698113672435" />
      <trkpt lat="-6.732906298711896" lon="106.98818511329591" />
      <trkpt lat="-6.732906298711896" lon="106.98818838223815" />
      <trkpt lat="-6.73279850743711" lon="106.98835945688188" />
      <trkpt lat="-6.732499441131949" lon="106.98863580822945" />
      <trkpt lat="-6.732195094227791" lon="106.98927400633693" />
      <trkpt lat="-6.732011865824461" lon="106.98980684392154" />
      <trkpt lat="-6.732011865824461" lon="106.98981019668281" />
      <trkpt lat="-6.731467796489596" lon="106.99057655408978" />
      <trkpt lat="-6.731289932504296" lon="106.99112271890044" />
      <trkpt lat="-6.731155402958393" lon="106.99167173355818" />
      <trkpt lat="-6.731155402958393" lon="106.99167827144265" />
      <trkpt lat="-6.731042163446546" lon="106.992421830073" />
      <trkpt lat="-6.731039481237531" lon="106.992421830073" />
      <trkpt lat="-6.731050293892622" lon="106.99268829077482" />
      <trkpt lat="-6.731163449585438" lon="106.99312590993941" />
      <trkpt lat="-6.731160767376423" lon="106.99312590993941" />
      <trkpt lat="-6.731144590303302" lon="106.99345154687762" />
      <trkpt lat="-6.731144590303302" lon="106.99345489963889" />
      <trkpt lat="-6.731395209208131" lon="106.99383652769029" />
      <trkpt lat="-6.731788404285908" lon="106.99471780098975" />
      <trkpt lat="-6.731788404285908" lon="106.99472106993198" />
      <trkpt lat="-6.73182075843215" lon="106.99511921033263" />
      <trkpt lat="-6.731823440641165" lon="106.99511921033263" />
      <trkpt lat="-6.731912372633815" lon="106.99523102492094" />
      <trkpt lat="-6.7319096904248" lon="106.99523102492094" />
      <trkpt lat="-6.732079423964024" lon="106.99562254361808" />
      <trkpt lat="-6.732227699831128" lon="106.99592848308384" />
      <trkpt lat="-6.732230382040143" lon="106.9960568100214" />
      <trkpt lat="-6.732437834143639" lon="106.99636274948716" />
      <trkpt lat="-6.732432469725609" lon="106.99635948054492" />
      <trkpt lat="-6.732451329007745" lon="106.99653717689216" />
      <trkpt lat="-6.732456693425775" lon="106.99654371477664" />
      <trkpt lat="-6.732510589063168" lon="106.99664899148047" />
      <trkpt lat="-6.732510589063168" lon="106.99665888212621" />
      <trkpt lat="-6.732516037300229" lon="106.99683649465442" />
      <trkpt lat="-6.732620894908905" lon="106.9971620477736" />
      <trkpt lat="-6.732615530490875" lon="106.99716531671584" />
      <trkpt lat="-6.732602035626769" lon="106.9975140877068" />
      <trkpt lat="-6.732620894908905" lon="106.99769496917725" />
      <trkpt lat="-6.732585858553648" lon="106.99780024588108" />
      <trkpt lat="-6.732585858553648" lon="106.99780359864235" />
      <trkpt lat="-6.732634389773011" lon="106.99793519452214" />
      <trkpt lat="-6.732645202428103" lon="106.99818522669375" />
      <trkpt lat="-6.732610166072846" lon="106.99831321835518" />
      <trkpt lat="-6.732607483863831" lon="106.99831321835518" />
      <trkpt lat="-6.732685603201389" lon="106.99875729158521" />
      <trkpt lat="-6.732682920992374" lon="106.99875729158521" />
      <trkpt lat="-6.732723321765661" lon="106.99888561852276" />
      <trkpt lat="-6.732723321765661" lon="106.998888887465" />
      <trkpt lat="-6.732674790546298" lon="106.99916859157383" />
      <trkpt lat="-6.732674790546298" lon="106.99917186051607" />
      <trkpt lat="-6.732682920992374" lon="106.99939884245396" />
      <trkpt lat="-6.732704462483525" lon="106.99955021962523" />
      <trkpt lat="-6.732704462483525" lon="106.99955348856747" />
      <trkpt lat="-6.732688285410404" lon="106.99974434450269" />
      <trkpt lat="-6.732688285410404" lon="106.99974761344492" />
      <trkpt lat="-6.732664061710239" lon="106.99987594038248" />
      <trkpt lat="-6.732588540762663" lon="107.00001080520451" />
      <trkpt lat="-6.732588540762663" lon="107.00001407414675" />
      <trkpt lat="-6.732645202428103" lon="107.0001357793808" />
      <trkpt lat="-6.732626343145967" lon="107.0003102067858" />
      <trkpt lat="-6.732655931264162" lon="107.00044180266559" />
      <trkpt lat="-6.73262357711792" lon="107.00078688561916" />
      <trkpt lat="-6.732658613473177" lon="107.00091194361448" />
      <trkpt lat="-6.73261821269989" lon="107.00126071460545" />
      <trkpt lat="-6.732615530490875" lon="107.00167846865952" />
      <trkpt lat="-6.732604717835784" lon="107.00168835930526" />
      <trkpt lat="-6.732569681480527" lon="107.00206009671092" />
      <trkpt lat="-6.732545457780361" lon="107.00226411223412" />
      <trkpt lat="-6.732550822198391" lon="107.00228380970657" />
      <trkpt lat="-6.732599353417754" lon="107.00244834646583" />
      <trkpt lat="-6.732443030923605" lon="107.00335602276027" />
      <trkpt lat="-6.732459207996726" lon="107.00391199439764" />
      <trkpt lat="-6.732383770868182" lon="107.00426730327308" />
      <trkpt lat="-6.73226248472929" lon="107.00451733544469" />
      <trkpt lat="-6.73216818831861" lon="107.00469830073416" />
      <trkpt lat="-6.73216282390058" lon="107.00469830073416" />
      <trkpt lat="-6.731920251622796" lon="107.00488253496587" />
      <trkpt lat="-6.731852861121297" lon="107.00498454272747" />
      <trkpt lat="-6.731820590794087" lon="107.0050898194313" />
      <trkpt lat="-6.731860991567373" lon="107.00516550801694" />
      <trkpt lat="-6.731866355985403" lon="107.00516877695918" />
      <trkpt lat="-6.731960652396083" lon="107.00510951690376" />
      <trkpt lat="-6.732041537761688" lon="107.00516877695918" />
      <trkpt lat="-6.73205235041678" lon="107.00527698732913" />
      <trkpt lat="-6.732044219970703" lon="107.00528034009039" />
      <trkpt lat="-6.73196341842413" lon="107.0054579526186" />
      <trkpt lat="-6.73196341842413" lon="107.00546122156084" />
      <trkpt lat="-6.73181782476604" lon="107.00557311996818" />
      <trkpt lat="-6.731804413720965" lon="107.0058099925518" />
      <trkpt lat="-6.731710201129317" lon="107.00604686513543" />
      <trkpt lat="-6.731707518920302" lon="107.00605013407767" />
      <trkpt lat="-6.731658987700939" lon="107.0063298381865" />
      <trkpt lat="-6.731685977429152" lon="107.00662588700652" />
      <trkpt lat="-6.731750685721636" lon="107.00682001188397" />
      <trkpt lat="-6.731756050139666" lon="107.00682001188397" />
      <trkpt lat="-6.731847664341331" lon="107.0067772641778" />
      <trkpt lat="-6.731847664341331" lon="107.00678053312004" />
      <trkpt lat="-6.731979679316282" lon="107.00691539794207" />
      <trkpt lat="-6.731979679316282" lon="107.0069186668843" />
      <trkpt lat="-6.732063246890903" lon="107.00708320364356" />
      <trkpt lat="-6.732292324304581" lon="107.00732007622719" />
      <trkpt lat="-6.732655931264162" lon="107.00742526911199" />
      <trkpt lat="-6.732655931264162" lon="107.00743180699646" />
      <trkpt lat="-6.732704378664494" lon="107.00752065517008" />
      <trkpt lat="-6.732941502705216" lon="107.00769172981381" />
      <trkpt lat="-6.732941502705216" lon="107.00769499875605" />
      <trkpt lat="-6.732933456078172" lon="107.00781343504786" />
      <trkpt lat="-6.732930773869157" lon="107.00781343504786" />
      <trkpt lat="-6.732949633151293" lon="107.00789239257574" />
      <trkpt lat="-6.733216177672148" lon="107.00817192904651" />
      <trkpt lat="-6.733240401372314" lon="107.00817855075002" />
      <trkpt lat="-6.733817076310515" lon="107.0083989109844" />
      <trkpt lat="-6.734544206410646" lon="107.00720809400082" />
      <trkpt lat="-6.734789460897446" lon="107.007089657709" />
      <trkpt lat="-6.734792143106461" lon="107.0070830360055" />
      <trkpt lat="-6.734945783391595" lon="107.0070830360055" />
      <trkpt lat="-6.735190786421299" lon="107.00723441317677" />
      <trkpt lat="-6.73539019189775" lon="107.00733968988061" />
      <trkpt lat="-6.736128302291036" lon="107.00714883394539" />
      <trkpt lat="-6.736241457983851" lon="107.00718831270933" />
      <trkpt lat="-6.736502470448613" lon="107.00704364106059" />
      <trkpt lat="-6.73650523647666" lon="107.00704028829932" />
      <trkpt lat="-6.737410565838218" lon="107.00642505660653" />
    </trkseg>
  </trk>

  <trk>
    <name>Pangrango - Cibodas</name>
    <extensions>
      <gpxx:TrackExtension>
        <gpxx:DisplayColor>DarkGray</gpxx:DisplayColor>
      </gpxx:TrackExtension>
    </extensions>
    <trkseg>
      <trkpt lat="-6.773682916536927" lon="106.97639646939933">
        <ele>2353.4448240000002</ele>
        <time>2014-11-29T04:05:05Z</time>
      </trkpt>
      <trkpt lat="-6.773584261536598" lon="106.97637802921236">
        <ele>2349.5996089999999</ele>
        <time>2014-11-29T04:05:15Z</time>
      </trkpt>
      <trkpt lat="-6.77357361651957" lon="106.9763842318207">
        <ele>2349.5996089999999</ele>
        <time>2014-11-29T04:05:16Z</time>
      </trkpt>
      <trkpt lat="-6.773444702848792" lon="106.97641298174858">
        <ele>2346.7153320000002</ele>
        <time>2014-11-29T04:05:29Z</time>
      </trkpt>
      <trkpt lat="-6.773379659280181" lon="106.97642077691853">
        <ele>2345.2734380000002</ele>
        <time>2014-11-29T04:05:33Z</time>
      </trkpt>
      <trkpt lat="-6.773233478888869" lon="106.97643217630684">
        <ele>2342.3896479999999</ele>
        <time>2014-11-29T04:05:47Z</time>
      </trkpt>
      <trkpt lat="-6.773209171369672" lon="106.97637777775526">
        <ele>2338.5444339999999</ele>
        <time>2014-11-29T04:05:58Z</time>
      </trkpt>
      <trkpt lat="-6.773182768374682" lon="106.97633553296328">
        <ele>2335.1796880000002</ele>
        <time>2014-11-29T04:06:15Z</time>
      </trkpt>
      <trkpt lat="-6.773072630167007" lon="106.9763863272965">
        <ele>2331.8149410000001</ele>
        <time>2014-11-29T04:06:40Z</time>
      </trkpt>
      <trkpt lat="-6.772962156683207" lon="106.97646914049983">
        <ele>2330.85376</ele>
        <time>2014-11-29T04:06:51Z</time>
      </trkpt>
      <trkpt lat="-6.772810192778707" lon="106.97664599865675">
        <ele>2327.4890140000002</ele>
        <time>2014-11-29T04:07:13Z</time>
      </trkpt>
      <trkpt lat="-6.772709526121616" lon="106.97672923095524">
        <ele>2326.5278320000002</ele>
        <time>2014-11-29T04:07:41Z</time>
      </trkpt>
      <trkpt lat="-6.772643979638815" lon="106.97675169445574">
        <ele>2323.1633299999999</ele>
        <time>2014-11-29T04:07:58Z</time>
      </trkpt>
      <trkpt lat="-6.772543396800757" lon="106.97675286792219">
        <ele>2320.279297</ele>
        <time>2014-11-29T04:08:22Z</time>
      </trkpt>
      <trkpt lat="-6.772486986592412" lon="106.97683551348746">
        <ele>2316.4340820000002</ele>
        <time>2014-11-29T04:08:35Z</time>
      </trkpt>
      <trkpt lat="-6.772421607747674" lon="106.97688421234488">
        <ele>2313.5498050000001</ele>
        <time>2014-11-29T04:08:48Z</time>
      </trkpt>
      <trkpt lat="-6.772382045164704" lon="106.97692595422268">
        <ele>2311.6274410000001</ele>
        <time>2014-11-29T04:08:55Z</time>
      </trkpt>
      <trkpt lat="-6.772313229739666" lon="106.9769125431776">
        <ele>2307.7822270000001</ele>
        <time>2014-11-29T04:09:08Z</time>
      </trkpt>
      <trkpt lat="-6.772156236693263" lon="106.97698253206909">
        <ele>2304.4174800000001</ele>
        <time>2014-11-29T04:09:30Z</time>
      </trkpt>
      <trkpt lat="-6.772042158991098" lon="106.97703290730715">
        <ele>2301.0529790000001</ele>
        <time>2014-11-29T04:09:48Z</time>
      </trkpt>
      <trkpt lat="-6.771976193413138" lon="106.97711203247309">
        <ele>2297.2075199999999</ele>
        <time>2014-11-29T04:10:09Z</time>
      </trkpt>
      <trkpt lat="-6.77184920758009" lon="106.97720347903669">
        <ele>2294.8041990000002</ele>
        <time>2014-11-29T04:10:35Z</time>
      </trkpt>
      <trkpt lat="-6.771846106275916" lon="106.97720859199762">
        <ele>2295.765625</ele>
        <time>2014-11-29T04:10:39Z</time>
      </trkpt>
      <trkpt lat="-6.771866390481591" lon="106.97725351899862">
        <ele>2293.3623050000001</ele>
        <time>2014-11-29T04:11:02Z</time>
      </trkpt>
      <trkpt lat="-6.771824480965734" lon="106.97729123756289">
        <ele>2289.9978030000002</ele>
        <time>2014-11-29T04:11:13Z</time>
      </trkpt>
      <trkpt lat="-6.771823558956385" lon="106.97729936800897">
        <ele>2289.5170899999998</ele>
        <time>2014-11-29T04:11:14Z</time>
      </trkpt>
      <trkpt lat="-6.771738734096289" lon="106.97737748734653">
        <ele>2286.1525879999999</ele>
        <time>2014-11-29T04:11:30Z</time>
      </trkpt>
      <trkpt lat="-6.77165818400681" lon="106.97745610959828">
        <ele>2282.7875979999999</ele>
        <time>2014-11-29T04:11:43Z</time>
      </trkpt>
      <trkpt lat="-6.771619375795126" lon="106.97743683122098">
        <ele>2279.423096</ele>
        <time>2014-11-29T04:11:54Z</time>
      </trkpt>
      <trkpt lat="-6.771576208993793" lon="106.97742953896523">
        <ele>2275.5778810000002</ele>
        <time>2014-11-29T04:12:12Z</time>
      </trkpt>
      <trkpt lat="-6.771575789898634" lon="106.97742878459394">
        <ele>2276.0585940000001</ele>
        <time>2014-11-29T04:12:13Z</time>
      </trkpt>
      <trkpt lat="-6.771543100476265" lon="106.97744378820062">
        <ele>2272.6940920000002</ele>
        <time>2014-11-29T04:12:27Z</time>
      </trkpt>
      <trkpt lat="-6.771462550386787" lon="106.9774828478694">
        <ele>2269.8100589999999</ele>
        <time>2014-11-29T04:12:49Z</time>
      </trkpt>
      <trkpt lat="-6.771456934511662" lon="106.97748703882098">
        <ele>2269.8100589999999</ele>
        <time>2014-11-29T04:12:50Z</time>
      </trkpt>
      <trkpt lat="-6.771367583423853" lon="106.97755627334118">
        <ele>2269.8100589999999</ele>
        <time>2014-11-29T04:12:58Z</time>
      </trkpt>
      <trkpt lat="-6.771337073296309" lon="106.97756968438625">
        <ele>2267.8872070000002</ele>
        <time>2014-11-29T04:13:01Z</time>
      </trkpt>
      <trkpt lat="-6.771211763843894" lon="106.97758653201163">
        <ele>2265.0034179999998</ele>
        <time>2014-11-29T04:13:25Z</time>
      </trkpt>
      <trkpt lat="-6.771072037518024" lon="106.97761117480695">
        <ele>2261.6389159999999</ele>
        <time>2014-11-29T04:13:43Z</time>
      </trkpt>
      <trkpt lat="-6.770954607054591" lon="106.97771645151079">
        <ele>2262.119385</ele>
        <time>2014-11-29T04:14:10Z</time>
      </trkpt>
      <trkpt lat="-6.770768528804183" lon="106.97785056196153">
        <ele>2258.2741700000001</ele>
        <time>2014-11-29T04:14:26Z</time>
      </trkpt>
      <trkpt lat="-6.770653109997511" lon="106.9779990054667">
        <ele>2255.8708499999998</ele>
        <time>2014-11-29T04:14:49Z</time>
      </trkpt>
      <trkpt lat="-6.770594101399183" lon="106.97809774428606">
        <ele>2252.5063479999999</ele>
        <time>2014-11-29T04:15:10Z</time>
      </trkpt>
      <trkpt lat="-6.770558897405863" lon="106.97813177481294">
        <ele>2250.5834960000002</ele>
        <time>2014-11-29T04:15:34Z</time>
      </trkpt>
      <trkpt lat="-6.770567698404193" lon="106.97813789360225">
        <ele>2247.6997070000002</ele>
        <time>2014-11-29T04:15:54Z</time>
      </trkpt>
      <trkpt lat="-6.770545318722725" lon="106.97814577259123">
        <ele>2244.334961</ele>
        <time>2014-11-29T04:16:05Z</time>
      </trkpt>
      <trkpt lat="-6.770506594330072" lon="106.97822732850909">
        <ele>2241.451172</ele>
        <time>2014-11-29T04:16:56Z</time>
      </trkpt>
      <trkpt lat="-6.770441383123398" lon="106.97826580144465">
        <ele>2239.0478520000001</ele>
        <time>2014-11-29T04:17:07Z</time>
      </trkpt>
      <trkpt lat="-6.770342476665974" lon="106.97829974815249">
        <ele>2236.1640619999998</ele>
        <time>2014-11-29T04:17:18Z</time>
      </trkpt>
      <trkpt lat="-6.770316325128079" lon="106.9783753529191">
        <ele>2232.7990719999998</ele>
        <time>2014-11-29T04:18:21Z</time>
      </trkpt>
      <trkpt lat="-6.770315738394857" lon="106.97840820997953">
        <ele>2231.8378910000001</ele>
        <time>2014-11-29T04:18:24Z</time>
      </trkpt>
      <trkpt lat="-6.770040392875671" lon="106.97861474007368">
        <ele>2232.3186040000001</ele>
        <time>2014-11-29T04:18:53Z</time>
      </trkpt>
      <trkpt lat="-6.770037040114403" lon="106.97864114306867">
        <ele>2235.6831050000001</ele>
        <time>2014-11-29T04:19:09Z</time>
      </trkpt>
      <trkpt lat="-6.769971661269665" lon="106.97876452468336">
        <ele>2236.1640619999998</ele>
        <time>2014-11-29T04:19:51Z</time>
      </trkpt>
      <trkpt lat="-6.769907874986529" lon="106.97892939671874">
        <ele>2235.202393</ele>
        <time>2014-11-29T04:20:22Z</time>
      </trkpt>
      <trkpt lat="-6.769720120355487" lon="106.97901522740722">
        <ele>2232.3186040000001</ele>
        <time>2014-11-29T04:20:50Z</time>
      </trkpt>
      <trkpt lat="-6.769381072372198" lon="106.97910432703793">
        <ele>2230.3959960000002</ele>
        <time>2014-11-29T04:21:27Z</time>
      </trkpt>
      <trkpt lat="-6.769239585846663" lon="106.97920046746731">
        <ele>2227.9926759999998</ele>
        <time>2014-11-29T04:21:55Z</time>
      </trkpt>
      <trkpt lat="-6.76918133161962" lon="106.97932125069201">
        <ele>2224.6281739999999</ele>
        <time>2014-11-29T04:22:08Z</time>
      </trkpt>
      <trkpt lat="-6.768960636109114" lon="106.97947698645294">
        <ele>2222.7055660000001</ele>
        <time>2014-11-29T04:22:35Z</time>
      </trkpt>
      <trkpt lat="-6.768851336091757" lon="106.97956114076078">
        <ele>2219.3408199999999</ele>
        <time>2014-11-29T04:22:47Z</time>
      </trkpt>
      <trkpt lat="-6.768844546750188" lon="106.97956566698849">
        <ele>2219.3408199999999</ele>
        <time>2014-11-29T04:22:48Z</time>
      </trkpt>
      <trkpt lat="-6.768480436876416" lon="106.97956139221787">
        <ele>2216.4567870000001</ele>
        <time>2014-11-29T04:23:17Z</time>
      </trkpt>
      <trkpt lat="-6.768442969769239" lon="106.97956365533173">
        <ele>2216.4567870000001</ele>
        <time>2014-11-29T04:23:20Z</time>
      </trkpt>
      <trkpt lat="-6.768331993371248" lon="106.97954194620252">
        <ele>2215.014893</ele>
        <time>2014-11-29T04:23:26Z</time>
      </trkpt>
      <trkpt lat="-6.768193189054728" lon="106.97947229258716">
        <ele>2215.014893</ele>
        <time>2014-11-29T04:23:46Z</time>
      </trkpt>
      <trkpt lat="-6.768091768026352" lon="106.97942962870002">
        <ele>2211.6503910000001</ele>
        <time>2014-11-29T04:24:53Z</time>
      </trkpt>
      <trkpt lat="-6.768030161038041" lon="106.97945930063725">
        <ele>2209.727539</ele>
        <time>2014-11-29T04:25:22Z</time>
      </trkpt>
      <trkpt lat="-6.767952041700482" lon="106.97948444634676">
        <ele>2206.84375</ele>
        <time>2014-11-29T04:25:30Z</time>
      </trkpt>
      <trkpt lat="-6.767884567379952" lon="106.97949743829668">
        <ele>2203.4790039999998</ele>
        <time>2014-11-29T04:25:42Z</time>
      </trkpt>
      <trkpt lat="-6.767882639542222" lon="106.9794977735728">
        <ele>2202.9982909999999</ele>
        <time>2014-11-29T04:25:43Z</time>
      </trkpt>
      <trkpt lat="-6.767845340073109" lon="106.97961973026395">
        <ele>2199.633789</ele>
        <time>2014-11-29T04:26:38Z</time>
      </trkpt>
      <trkpt lat="-6.767793288454413" lon="106.97971670888364">
        <ele>2197.711182</ele>
        <time>2014-11-29T04:26:58Z</time>
      </trkpt>
      <trkpt lat="-6.767732603475452" lon="106.97974964976311">
        <ele>2194.8271479999999</ele>
        <time>2014-11-29T04:27:18Z</time>
      </trkpt>
      <trkpt lat="-6.767702847719193" lon="106.9798276014626">
        <ele>2194.3464359999998</ele>
        <time>2014-11-29T04:27:40Z</time>
      </trkpt>
      <trkpt lat="-6.767684239894152" lon="106.97990077547729">
        <ele>2193.3852539999998</ele>
        <time>2014-11-29T04:28:43Z</time>
      </trkpt>
      <trkpt lat="-6.767702177166939" lon="106.97997679933906">
        <ele>2190.0207519999999</ele>
        <time>2014-11-29T04:29:19Z</time>
      </trkpt>
      <trkpt lat="-6.767703434452415" lon="106.98007704690099">
        <ele>2189.0593260000001</ele>
        <time>2014-11-29T04:29:54Z</time>
      </trkpt>
      <trkpt lat="-6.767711229622364" lon="106.98011912405491">
        <ele>2185.6945799999999</ele>
        <time>2014-11-29T04:30:22Z</time>
      </trkpt>
      <trkpt lat="-6.76754635758698" lon="106.98015499860048">
        <ele>2182.330078</ele>
        <time>2014-11-29T04:30:57Z</time>
      </trkpt>
      <trkpt lat="-6.767482990399003" lon="106.98022708296776">
        <ele>2178.9653320000002</ele>
        <time>2014-11-29T04:31:10Z</time>
      </trkpt>
      <trkpt lat="-6.767416521906853" lon="106.98032163083553">
        <ele>2180.407471</ele>
        <time>2014-11-29T04:31:20Z</time>
      </trkpt>
      <trkpt lat="-6.76740805618465" lon="106.98039329610765">
        <ele>2181.3686520000001</ele>
        <time>2014-11-29T04:31:27Z</time>
      </trkpt>
      <trkpt lat="-6.767485924065113" lon="106.98055104352534">
        <ele>2181.849365</ele>
        <time>2014-11-29T04:31:48Z</time>
      </trkpt>
      <trkpt lat="-6.767502184957266" lon="106.9806566555053">
        <ele>2184.7333979999999</ele>
        <time>2014-11-29T04:32:03Z</time>
      </trkpt>
      <trkpt lat="-6.76748282276094" lon="106.98075019754469">
        <ele>2186.6557619999999</ele>
        <time>2014-11-29T04:32:17Z</time>
      </trkpt>
      <trkpt lat="-6.767566306516528" lon="106.98094826191664">
        <ele>2189.540039</ele>
        <time>2014-11-29T04:32:47Z</time>
      </trkpt>
      <trkpt lat="-6.767626823857427" lon="106.98101447895169">
        <ele>2192.9045409999999</ele>
        <time>2014-11-29T04:33:11Z</time>
      </trkpt>
      <trkpt lat="-6.767644928768277" lon="106.98114766739309">
        <ele>2191.4626459999999</ele>
        <time>2014-11-29T04:33:47Z</time>
      </trkpt>
      <trkpt lat="-6.767310909926891" lon="106.98136224411428">
        <ele>2189.0593260000001</ele>
        <time>2014-11-29T04:34:15Z</time>
      </trkpt>
      <trkpt lat="-6.767157521098852" lon="106.98156860657036">
        <ele>2187.6171880000002</ele>
        <time>2014-11-29T04:34:39Z</time>
      </trkpt>
      <trkpt lat="-6.766988374292851" lon="106.98180271312594">
        <ele>2184.7333979999999</ele>
        <time>2014-11-29T04:35:03Z</time>
      </trkpt>
      <trkpt lat="-6.766805145889521" lon="106.98193422518671">
        <ele>2181.3686520000001</ele>
        <time>2014-11-29T04:35:25Z</time>
      </trkpt>
      <trkpt lat="-6.766693750396371" lon="106.98206841945648">
        <ele>2179.9267580000001</ele>
        <time>2014-11-29T04:35:48Z</time>
      </trkpt>
      <trkpt lat="-6.766648069024086" lon="106.98217160068452">
        <ele>2176.5622560000002</ele>
        <time>2014-11-29T04:36:50Z</time>
      </trkpt>
      <trkpt lat="-6.766557209193707" lon="106.98221661150455">
        <ele>2175.1201169999999</ele>
        <time>2014-11-29T04:37:07Z</time>
      </trkpt>
      <trkpt lat="-6.766348835080862" lon="106.9823197927326">
        <ele>2171.2746579999998</ele>
        <time>2014-11-29T04:37:32Z</time>
      </trkpt>
      <trkpt lat="-6.766270715743303" lon="106.98242632672191">
        <ele>2168.3908689999998</ele>
        <time>2014-11-29T04:37:46Z</time>
      </trkpt>
      <trkpt lat="-6.766136856749654" lon="106.98252062313259">
        <ele>2165.0263669999999</ele>
        <time>2014-11-29T04:38:02Z</time>
      </trkpt>
      <trkpt lat="-6.765984389930964" lon="106.98267149738967">
        <ele>2162.1423340000001</ele>
        <time>2014-11-29T04:38:21Z</time>
      </trkpt>
      <trkpt lat="-6.765977265313268" lon="106.98267007246614">
        <ele>2162.1423340000001</ele>
        <time>2014-11-29T04:38:22Z</time>
      </trkpt>
      <trkpt lat="-6.765868468210101" lon="106.98264928534627">
        <ele>2159.7390140000002</ele>
        <time>2014-11-29T04:38:34Z</time>
      </trkpt>
      <trkpt lat="-6.765842484310269" lon="106.98272078298032">
        <ele>2156.3745119999999</ele>
        <time>2014-11-29T04:38:52Z</time>
      </trkpt>
      <trkpt lat="-6.76580392755568" lon="106.9827619381249">
        <ele>2155.8935550000001</ele>
        <time>2014-11-29T04:38:57Z</time>
      </trkpt>
      <trkpt lat="-6.765740979462862" lon="106.98278381489217">
        <ele>2152.5290530000002</ele>
        <time>2014-11-29T04:39:14Z</time>
      </trkpt>
      <trkpt lat="-6.765653388574719" lon="106.98284877464175">
        <ele>2149.1645509999998</ele>
        <time>2014-11-29T04:39:32Z</time>
      </trkpt>
      <trkpt lat="-6.765580968931317" lon="106.98289504274726">
        <ele>2146.2807619999999</ele>
        <time>2014-11-29T04:39:42Z</time>
      </trkpt>
      <trkpt lat="-6.765503268688917" lon="106.98300484567881">
        <ele>2142.435547</ele>
        <time>2014-11-29T04:39:58Z</time>
      </trkpt>
      <trkpt lat="-6.765440236777067" lon="106.98300652205944">
        <ele>2141.4741210000002</ele>
        <time>2014-11-29T04:40:05Z</time>
      </trkpt>
      <trkpt lat="-6.765252398326993" lon="106.98297182098031">
        <ele>2138.109375</ele>
        <time>2014-11-29T04:40:23Z</time>
      </trkpt>
      <trkpt lat="-6.765141170471907" lon="106.98300660587847">
        <ele>2134.7448730000001</ele>
        <time>2014-11-29T04:40:36Z</time>
      </trkpt>
      <trkpt lat="-6.765004713088274" lon="106.98311322368681">
        <ele>2131.3801269999999</ele>
        <time>2014-11-29T04:40:49Z</time>
      </trkpt>
      <trkpt lat="-6.764919050037861" lon="106.98318413458765">
        <ele>2128.4963379999999</ele>
        <time>2014-11-29T04:41:06Z</time>
      </trkpt>
      <trkpt lat="-6.764918463304639" lon="106.98304960504174">
        <ele>2125.1315920000002</ele>
        <time>2014-11-29T04:41:21Z</time>
      </trkpt>
      <trkpt lat="-6.764817042276263" lon="106.98308606632054">
        <ele>2123.689453</ele>
        <time>2014-11-29T04:41:38Z</time>
      </trkpt>
      <trkpt lat="-6.764798685908318" lon="106.98299998417497">
        <ele>2120.3249510000001</ele>
        <time>2014-11-29T04:41:51Z</time>
      </trkpt>
      <trkpt lat="-6.764773540198803" lon="106.98291624896228">
        <ele>2119.3637699999999</ele>
        <time>2014-11-29T04:42:09Z</time>
      </trkpt>
      <trkpt lat="-6.764680417254567" lon="106.98290459811687">
        <ele>2115.9990229999999</ele>
        <time>2014-11-29T04:42:25Z</time>
      </trkpt>
      <trkpt lat="-6.764649236574769" lon="106.98288783431053">
        <ele>2112.6345209999999</ele>
        <time>2014-11-29T04:42:41Z</time>
      </trkpt>
      <trkpt lat="-6.76464487798512" lon="106.98293653316796">
        <ele>2111.1926269999999</ele>
        <time>2014-11-29T04:43:12Z</time>
      </trkpt>
      <trkpt lat="-6.764638172462583" lon="106.98295639827847">
        <ele>2109.7504880000001</ele>
        <time>2014-11-29T04:43:15Z</time>
      </trkpt>
      <trkpt lat="-6.76452174782753" lon="106.98306108824909">
        <ele>2106.3857419999999</ele>
        <time>2014-11-29T04:43:33Z</time>
      </trkpt>
      <trkpt lat="-6.764454692602158" lon="106.98310459032655">
        <ele>2103.02124</ele>
        <time>2014-11-29T04:43:47Z</time>
      </trkpt>
      <trkpt lat="-6.764485035091639" lon="106.98296922259033">
        <ele>2101.0986330000001</ele>
        <time>2014-11-29T04:44:04Z</time>
      </trkpt>
      <trkpt lat="-6.764493165537715" lon="106.98295245878398">
        <ele>2100.6179200000001</ele>
        <time>2014-11-29T04:44:06Z</time>
      </trkpt>
      <trkpt lat="-6.764443209394813" lon="106.98282027617097">
        <ele>2097.2534179999998</ele>
        <time>2014-11-29T04:44:23Z</time>
      </trkpt>
      <trkpt lat="-6.764336843043566" lon="106.98279831558466">
        <ele>2095.8115229999999</ele>
        <time>2014-11-29T04:44:46Z</time>
      </trkpt>
      <trkpt lat="-6.764283617958427" lon="106.9827857427299">
        <ele>2094.369385</ele>
        <time>2014-11-29T04:45:13Z</time>
      </trkpt>
      <trkpt lat="-6.76422662101686" lon="106.98282295837998">
        <ele>2091.0046390000002</ele>
        <time>2014-11-29T04:45:29Z</time>
      </trkpt>
      <trkpt lat="-6.764208432286978" lon="106.98285908438265">
        <ele>2087.6401369999999</ele>
        <time>2014-11-29T04:45:48Z</time>
      </trkpt>
      <trkpt lat="-6.764207426458597" lon="106.98286260478199">
        <ele>2087.6401369999999</ele>
        <time>2014-11-29T04:45:49Z</time>
      </trkpt>
      <trkpt lat="-6.764181861653924" lon="106.98290912434459">
        <ele>2086.1982419999999</ele>
        <time>2014-11-29T04:46:09Z</time>
      </trkpt>
      <trkpt lat="-6.764160823076963" lon="106.98286520317197">
        <ele>2085.2368160000001</ele>
        <time>2014-11-29T04:46:30Z</time>
      </trkpt>
      <trkpt lat="-6.764106005430222" lon="106.98268976993859">
        <ele>2081.8723140000002</ele>
        <time>2014-11-29T04:47:52Z</time>
      </trkpt>
      <trkpt lat="-6.764074992388487" lon="106.9826393108815">
        <ele>2078.5078119999998</ele>
        <time>2014-11-29T04:48:02Z</time>
      </trkpt>
      <trkpt lat="-6.764072813093662" lon="106.98263277299702">
        <ele>2078.5078119999998</ele>
        <time>2014-11-29T04:48:03Z</time>
      </trkpt>
      <trkpt lat="-6.764072645455599" lon="106.98248508386314">
        <ele>2075.6235350000002</ele>
        <time>2014-11-29T04:48:16Z</time>
      </trkpt>
      <trkpt lat="-6.764081194996834" lon="106.98245909996331">
        <ele>2075.6235350000002</ele>
        <time>2014-11-29T04:48:18Z</time>
      </trkpt>
      <trkpt lat="-6.764103071764112" lon="106.98232658207417">
        <ele>2072.7397460000002</ele>
        <time>2014-11-29T04:48:34Z</time>
      </trkpt>
      <trkpt lat="-6.764036100357771" lon="106.98233647271991">
        <ele>2069.3752439999998</ele>
        <time>2014-11-29T04:48:45Z</time>
      </trkpt>
      <trkpt lat="-6.763911712914705" lon="106.98243923485279">
        <ele>2066.491211</ele>
        <time>2014-11-29T04:49:04Z</time>
      </trkpt>
      <trkpt lat="-6.763770896941423" lon="106.98260410688818">
        <ele>2065.0493160000001</ele>
        <time>2014-11-29T04:49:31Z</time>
      </trkpt>
      <trkpt lat="-6.763629578053951" lon="106.98281566612422">
        <ele>2063.1267090000001</ele>
        <time>2014-11-29T04:49:57Z</time>
      </trkpt>
      <trkpt lat="-6.763509633019567" lon="106.98298858478665">
        <ele>2059.7617190000001</ele>
        <time>2014-11-29T04:50:18Z</time>
      </trkpt>
      <trkpt lat="-6.763404523953795" lon="106.98306159116328">
        <ele>2056.3972170000002</ele>
        <time>2014-11-29T04:50:33Z</time>
      </trkpt>
      <trkpt lat="-6.763382060453296" lon="106.98320031166077">
        <ele>2053.5134280000002</ele>
        <time>2014-11-29T04:50:46Z</time>
      </trkpt>
      <trkpt lat="-6.763282315805554" lon="106.98336375877261">
        <ele>2050.6293949999999</ele>
        <time>2014-11-29T04:51:06Z</time>
      </trkpt>
      <trkpt lat="-6.763233281672001" lon="106.98333844542503">
        <ele>2047.264893</ele>
        <time>2014-11-29T04:51:21Z</time>
      </trkpt>
      <trkpt lat="-6.763094225898385" lon="106.98340315371752">
        <ele>2043.9001459999999</ele>
        <time>2014-11-29T04:51:41Z</time>
      </trkpt>
      <trkpt lat="-6.763047119602561" lon="106.98346978984773">
        <ele>2041.0161129999999</ele>
        <time>2014-11-29T04:51:57Z</time>
      </trkpt>
      <trkpt lat="-6.762992553412914" lon="106.98350214399397">
        <ele>2037.651611</ele>
        <time>2014-11-29T04:52:14Z</time>
      </trkpt>
      <trkpt lat="-6.762955002486706" lon="106.98359543457627">
        <ele>2033.8063959999999</ele>
        <time>2014-11-29T04:52:32Z</time>
      </trkpt>
      <trkpt lat="-6.762909488752484" lon="106.98360331356525">
        <ele>2031.883789</ele>
        <time>2014-11-29T04:52:48Z</time>
      </trkpt>
      <trkpt lat="-6.762877134606242" lon="106.98363709263504">
        <ele>2028.9997559999999</ele>
        <time>2014-11-29T04:53:03Z</time>
      </trkpt>
      <trkpt lat="-6.762889288365841" lon="106.98364631272852">
        <ele>2030.4418949999999</ele>
        <time>2014-11-29T04:53:05Z</time>
      </trkpt>
      <trkpt lat="-6.76291317678988" lon="106.98381495662034">
        <ele>2028.9997559999999</ele>
        <time>2014-11-29T04:53:28Z</time>
      </trkpt>
      <trkpt lat="-6.762795830145478" lon="106.98395661078393">
        <ele>2026.1157229999999</ele>
        <time>2014-11-29T04:53:51Z</time>
      </trkpt>
      <trkpt lat="-6.762780239805579" lon="106.98396918363869">
        <ele>2024.673828</ele>
        <time>2014-11-29T04:53:58Z</time>
      </trkpt>
      <trkpt lat="-6.762681668624282" lon="106.98416196741164">
        <ele>2022.751221</ele>
        <time>2014-11-29T04:54:24Z</time>
      </trkpt>
      <trkpt lat="-6.762621905654669" lon="106.98431728407741">
        <ele>2025.154297</ele>
        <time>2014-11-29T04:54:55Z</time>
      </trkpt>
      <trkpt lat="-6.762652499601245" lon="106.98451057076454">
        <ele>2027.5576169999999</ele>
        <time>2014-11-29T04:55:23Z</time>
      </trkpt>
      <trkpt lat="-6.762596340849996" lon="106.9846714194864">
        <ele>2028.0385739999999</ele>
        <time>2014-11-29T04:55:45Z</time>
      </trkpt>
      <trkpt lat="-6.762537080794573" lon="106.98483293876052">
        <ele>2028.0385739999999</ele>
        <time>2014-11-29T04:56:13Z</time>
      </trkpt>
      <trkpt lat="-6.762428870424628" lon="106.9848854932934">
        <ele>2026.596436</ele>
        <time>2014-11-29T04:56:34Z</time>
      </trkpt>
      <trkpt lat="-6.76236935891211" lon="106.98497199453413">
        <ele>2023.7124020000001</ele>
        <time>2014-11-29T04:56:52Z</time>
      </trkpt>
      <trkpt lat="-6.762272128835321" lon="106.9850514549762">
        <ele>2021.7897949999999</ele>
        <time>2014-11-29T04:57:19Z</time>
      </trkpt>
      <trkpt lat="-6.762246061116457" lon="106.9850134011358">
        <ele>2021.7897949999999</ele>
        <time>2014-11-29T04:58:17Z</time>
      </trkpt>
      <trkpt lat="-6.762236254289746" lon="106.98501398786902">
        <ele>2021.309082</ele>
        <time>2014-11-29T04:58:22Z</time>
      </trkpt>
      <trkpt lat="-6.762251760810614" lon="106.98507140390575">
        <ele>2022.751221</ele>
        <time>2014-11-29T04:59:46Z</time>
      </trkpt>
      <trkpt lat="-6.762309763580561" lon="106.98503158986568">
        <ele>2021.7897949999999</ele>
        <time>2014-11-29T05:01:24Z</time>
      </trkpt>
      <trkpt lat="-6.762180682271719" lon="106.98506930842996">
        <ele>2019.8671879999999</ele>
        <time>2014-11-29T05:02:09Z</time>
      </trkpt>
      <trkpt lat="-6.762105077505112" lon="106.98510107584298">
        <ele>2016.502686</ele>
        <time>2014-11-29T05:02:24Z</time>
      </trkpt>
      <trkpt lat="-6.762035340070725" lon="106.98512504808605">
        <ele>2013.1381839999999</ele>
        <time>2014-11-29T05:02:35Z</time>
      </trkpt>
      <trkpt lat="-6.761899720877409" lon="106.9851553067565">
        <ele>2010.2539059999999</ele>
        <time>2014-11-29T05:02:54Z</time>
      </trkpt>
      <trkpt lat="-6.76176929846406" lon="106.98515756987035">
        <ele>2007.3701169999999</ele>
        <time>2014-11-29T05:03:09Z</time>
      </trkpt>
      <trkpt lat="-6.761654634028673" lon="106.98515748605132">
        <ele>2005.44751</ele>
        <time>2014-11-29T05:03:39Z</time>
      </trkpt>
      <trkpt lat="-6.761590680107474" lon="106.98521682992578">
        <ele>2002.082764</ele>
        <time>2014-11-29T05:03:53Z</time>
      </trkpt>
      <trkpt lat="-6.761448187753558" lon="106.98533090762794">
        <ele>1998.7182620000001</ele>
        <time>2014-11-29T05:04:17Z</time>
      </trkpt>
      <trkpt lat="-6.761359004303813" lon="106.98538396507502">
        <ele>1995.3535159999999</ele>
        <time>2014-11-29T05:04:30Z</time>
      </trkpt>
      <trkpt lat="-6.761277029290795" lon="106.98543450795114">
        <ele>1994.3920900000001</ele>
        <time>2014-11-29T05:05:00Z</time>
      </trkpt>
      <trkpt lat="-6.761126909404993" lon="106.98556367307901">
        <ele>1992.9501949999999</ele>
        <time>2014-11-29T05:05:59Z</time>
      </trkpt>
      <trkpt lat="-6.761005371809006" lon="106.98560172691941">
        <ele>1989.1049800000001</ele>
        <time>2014-11-29T05:06:28Z</time>
      </trkpt>
      <trkpt lat="-6.760932113975287" lon="106.98556032031775">
        <ele>1986.2211910000001</ele>
        <time>2014-11-29T05:06:42Z</time>
      </trkpt>
      <trkpt lat="-6.760913422331214" lon="106.98545328341424">
        <ele>1982.8564449999999</ele>
        <time>2014-11-29T05:06:57Z</time>
      </trkpt>
      <trkpt lat="-6.760830441489816" lon="106.98536418378353">
        <ele>1979.4916989999999</ele>
        <time>2014-11-29T05:07:15Z</time>
      </trkpt>
      <trkpt lat="-6.760673532262445" lon="106.98539947159588">
        <ele>1976.6079099999999</ele>
        <time>2014-11-29T05:07:37Z</time>
      </trkpt>
      <trkpt lat="-6.760570434853435" lon="106.9854264613241">
        <ele>1973.7238769999999</ele>
        <time>2014-11-29T05:07:50Z</time>
      </trkpt>
      <trkpt lat="-6.760385949164629" lon="106.98556333780289">
        <ele>1970.359375</ele>
        <time>2014-11-29T05:08:14Z</time>
      </trkpt>
      <trkpt lat="-6.760205486789346" lon="106.98561329394579">
        <ele>1966.9948730000001</ele>
        <time>2014-11-29T05:08:34Z</time>
      </trkpt>
      <trkpt lat="-6.760121583938599" lon="106.98563382960856">
        <ele>1965.0722659999999</ele>
        <time>2014-11-29T05:08:45Z</time>
      </trkpt>
      <trkpt lat="-6.760032400488854" lon="106.9856854621321">
        <ele>1962.6687010000001</ele>
        <time>2014-11-29T05:09:05Z</time>
      </trkpt>
      <trkpt lat="-6.759951850399375" lon="106.98570784181356">
        <ele>1959.784668</ele>
        <time>2014-11-29T05:09:26Z</time>
      </trkpt>
      <trkpt lat="-6.759918574243784" lon="106.98568722233176">
        <ele>1958.3427730000001</ele>
        <time>2014-11-29T05:09:32Z</time>
      </trkpt>
      <trkpt lat="-6.759920082986355" lon="106.98562226258218">
        <ele>1956.4201660000001</ele>
        <time>2014-11-29T05:09:40Z</time>
      </trkpt>
      <trkpt lat="-6.759956376627088" lon="106.98552989400923">
        <ele>1956.4201660000001</ele>
        <time>2014-11-29T05:10:04Z</time>
      </trkpt>
      <trkpt lat="-6.759968278929591" lon="106.98534859344363">
        <ele>1954.0170900000001</ele>
        <time>2014-11-29T05:10:27Z</time>
      </trkpt>
      <trkpt lat="-6.760050505399704" lon="106.98527734726667">
        <ele>1952.5749510000001</ele>
        <time>2014-11-29T05:10:39Z</time>
      </trkpt>
      <trkpt lat="-6.7601836938411" lon="106.98528866283596">
        <ele>1949.2104489999999</ele>
        <time>2014-11-29T05:11:01Z</time>
      </trkpt>
      <trkpt lat="-6.760053941980004" lon="106.98523174971342">
        <ele>1946.806885</ele>
        <time>2014-11-29T05:11:27Z</time>
      </trkpt>
      <trkpt lat="-6.76012896001339" lon="106.98521590791643">
        <ele>1947.768311</ele>
        <time>2014-11-29T05:15:18Z</time>
      </trkpt>
      <trkpt lat="-6.760125774890184" lon="106.98540617711842">
        <ele>1946.806885</ele>
        <time>2014-11-29T05:18:36Z</time>
      </trkpt>
      <trkpt lat="-6.76001220010221" lon="106.98541154153645">
        <ele>1943.4423830000001</ele>
        <time>2014-11-29T05:18:47Z</time>
      </trkpt>
      <trkpt lat="-6.759759318083525" lon="106.98543987236917">
        <ele>1940.0778809999999</ele>
        <time>2014-11-29T05:19:10Z</time>
      </trkpt>
      <trkpt lat="-6.759571144357324" lon="106.98547624982893">
        <ele>1936.713135</ele>
        <time>2014-11-29T05:19:29Z</time>
      </trkpt>
      <trkpt lat="-6.759539460763335" lon="106.98549410328269">
        <ele>1936.2326660000001</ele>
        <time>2014-11-29T05:19:32Z</time>
      </trkpt>
      <trkpt lat="-6.759354053065181" lon="106.98571463115513">
        <ele>1933.3486330000001</ele>
        <time>2014-11-29T05:19:57Z</time>
      </trkpt>
      <trkpt lat="-6.759176021441817" lon="106.98588780127466">
        <ele>1929.9838870000001</ele>
        <time>2014-11-29T05:20:21Z</time>
      </trkpt>
      <trkpt lat="-6.75902221351862" lon="106.98595502413809">
        <ele>1927.1000979999999</ele>
        <time>2014-11-29T05:20:38Z</time>
      </trkpt>
      <trkpt lat="-6.758899837732315" lon="106.98620120063424">
        <ele>1928.061279</ele>
        <time>2014-11-29T05:21:02Z</time>
      </trkpt>
      <trkpt lat="-6.758849462494254" lon="106.98626046068966">
        <ele>1924.6967770000001</ele>
        <time>2014-11-29T05:21:13Z</time>
      </trkpt>
      <trkpt lat="-6.758708562701941" lon="106.98635450564325">
        <ele>1921.8127440000001</ele>
        <time>2014-11-29T05:21:36Z</time>
      </trkpt>
      <trkpt lat="-6.758707473054528" lon="106.98636347427964">
        <ele>1920.8515620000001</ele>
        <time>2014-11-29T05:21:38Z</time>
      </trkpt>
      <trkpt lat="-6.758664976805449" lon="106.98642164468765">
        <ele>1918.4482419999999</ele>
        <time>2014-11-29T05:21:55Z</time>
      </trkpt>
      <trkpt lat="-6.758611584082246" lon="106.98647101409733">
        <ele>1915.083496</ele>
        <time>2014-11-29T05:22:10Z</time>
      </trkpt>
      <trkpt lat="-6.758528770878911" lon="106.98649565689266">
        <ele>1913.160889</ele>
        <time>2014-11-29T05:22:19Z</time>
      </trkpt>
      <trkpt lat="-6.758377477526665" lon="106.98648207820952">
        <ele>1909.796143</ele>
        <time>2014-11-29T05:22:38Z</time>
      </trkpt>
      <trkpt lat="-6.758365910500288" lon="106.98648367077112">
        <ele>1908.834961</ele>
        <time>2014-11-29T05:22:40Z</time>
      </trkpt>
      <trkpt lat="-6.758239343762398" lon="106.9865454453975">
        <ele>1905.4704589999999</ele>
        <time>2014-11-29T05:22:58Z</time>
      </trkpt>
      <trkpt lat="-6.75814513117075" lon="106.98656648397446">
        <ele>1902.5864260000001</ele>
        <time>2014-11-29T05:23:13Z</time>
      </trkpt>
      <trkpt lat="-6.75806843675673" lon="106.98656866326928">
        <ele>1900.663818</ele>
        <time>2014-11-29T05:23:23Z</time>
      </trkpt>
      <trkpt lat="-6.757982354611158" lon="106.98663043789566">
        <ele>1897.299072</ele>
        <time>2014-11-29T05:23:40Z</time>
      </trkpt>
      <trkpt lat="-6.757836174219847" lon="106.98671157471836">
        <ele>1893.9345699999999</ele>
        <time>2014-11-29T05:24:00Z</time>
      </trkpt>
      <trkpt lat="-6.75770633853972" lon="106.98669699020684">
        <ele>1891.0505370000001</ele>
        <time>2014-11-29T05:24:16Z</time>
      </trkpt>
      <trkpt lat="-6.757619502022862" lon="106.98671526275575">
        <ele>1887.6860349999999</ele>
        <time>2014-11-29T05:24:34Z</time>
      </trkpt>
      <trkpt lat="-6.757457396015525" lon="106.9867233093828">
        <ele>1885.763428</ele>
        <time>2014-11-29T05:24:59Z</time>
      </trkpt>
      <trkpt lat="-6.757333846762776" lon="106.98672423139215">
        <ele>1882.398682</ele>
        <time>2014-11-29T05:25:45Z</time>
      </trkpt>
      <trkpt lat="-6.757189761847258" lon="106.98671014979482">
        <ele>1881.4372559999999</ele>
        <time>2014-11-29T05:26:22Z</time>
      </trkpt>
      <trkpt lat="-6.757099321112037" lon="106.98675105348229">
        <ele>1878.072754</ele>
        <time>2014-11-29T05:26:51Z</time>
      </trkpt>
      <trkpt lat="-6.757043413817883" lon="106.98672800324857">
        <ele>1876.6308590000001</ele>
        <time>2014-11-29T05:27:17Z</time>
      </trkpt>
      <trkpt lat="-6.757010137662292" lon="106.98670830577612">
        <ele>1875.188721</ele>
        <time>2014-11-29T05:27:25Z</time>
      </trkpt>
      <trkpt lat="-6.756878374144435" lon="106.98668508790433">
        <ele>1874.7082519999999</ele>
        <time>2014-11-29T05:27:50Z</time>
      </trkpt>
      <trkpt lat="-6.756965462118387" lon="106.98678734712303">
        <ele>1875.6694339999999</ele>
        <time>2014-11-29T05:32:27Z</time>
      </trkpt>
      <trkpt lat="-6.757018938660622" lon="106.98677661828697">
        <ele>1875.6694339999999</ele>
        <time>2014-11-29T05:32:57Z</time>
      </trkpt>
      <trkpt lat="-6.757103428244591" lon="106.98690578341484">
        <ele>1875.6694339999999</ele>
        <time>2014-11-29T05:33:27Z</time>
      </trkpt>
      <trkpt lat="-6.756992703303695" lon="106.98675474151969">
        <ele>1875.6694339999999</ele>
        <time>2014-11-29T05:34:01Z</time>
      </trkpt>
      <trkpt lat="-6.756834285333753" lon="106.98674635961652">
        <ele>1873.266357</ele>
        <time>2014-11-29T05:34:24Z</time>
      </trkpt>
      <trkpt lat="-6.756630605086684" lon="106.9868319388479">
        <ele>1872.304932</ele>
        <time>2014-11-29T05:34:48Z</time>
      </trkpt>
      <trkpt lat="-6.756426254287362" lon="106.98695071041584">
        <ele>1869.901611</ele>
        <time>2014-11-29T05:35:14Z</time>
      </trkpt>
      <trkpt lat="-6.756311422213912" lon="106.98695892468095">
        <ele>1867.97876</ele>
        <time>2014-11-29T05:35:33Z</time>
      </trkpt>
      <trkpt lat="-6.756169768050313" lon="106.98704131878912">
        <ele>1865.094971</ele>
        <time>2014-11-29T05:35:53Z</time>
      </trkpt>
      <trkpt lat="-6.756069688126445" lon="106.98706897906959">
        <ele>1862.2109379999999</ele>
        <time>2014-11-29T05:36:07Z</time>
      </trkpt>
      <trkpt lat="-6.755959885194898" lon="106.98710074648261">
        <ele>1860.769043</ele>
        <time>2014-11-29T05:36:21Z</time>
      </trkpt>
      <trkpt lat="-6.75584714859724" lon="106.98715564794838">
        <ele>1858.3657229999999</ele>
        <time>2014-11-29T05:36:43Z</time>
      </trkpt>
      <trkpt lat="-6.755830468609929" lon="106.98714894242585">
        <ele>1855.4819339999999</ele>
        <time>2014-11-29T05:36:59Z</time>
      </trkpt>
      <trkpt lat="-6.75576944835484" lon="106.98714600875974">
        <ele>1852.5979</ele>
        <time>2014-11-29T05:37:25Z</time>
      </trkpt>
      <trkpt lat="-6.755649838596582" lon="106.98711424134672">
        <ele>1849.233154</ele>
        <time>2014-11-29T05:37:48Z</time>
      </trkpt>
      <trkpt lat="-6.755568785592914" lon="106.98710233904421">
        <ele>1847.310547</ele>
        <time>2014-11-29T05:38:07Z</time>
      </trkpt>
      <trkpt lat="-6.755568282678723" lon="106.98731021024287">
        <ele>1845.8686520000001</ele>
        <time>2014-11-29T05:40:06Z</time>
      </trkpt>
      <trkpt lat="-6.755403075367212" lon="106.98731096461415">
        <ele>1843.9460449999999</ele>
        <time>2014-11-29T05:40:26Z</time>
      </trkpt>
      <trkpt lat="-6.75525295548141" lon="106.98730124160647">
        <ele>1843.465332</ele>
        <time>2014-11-29T05:40:38Z</time>
      </trkpt>
      <trkpt lat="-6.755072241649032" lon="106.9873034209013">
        <ele>1841.542725</ele>
        <time>2014-11-29T05:40:53Z</time>
      </trkpt>
      <trkpt lat="-6.755002001300454" lon="106.98725723661482">
        <ele>1841.0620120000001</ele>
        <time>2014-11-29T05:41:15Z</time>
      </trkpt>
      <trkpt lat="-6.754853222519159" lon="106.98726729489863">
        <ele>1839.139404</ele>
        <time>2014-11-29T05:41:32Z</time>
      </trkpt>
      <trkpt lat="-6.754746017977595" lon="106.98730400763452">
        <ele>1839.139404</ele>
        <time>2014-11-29T05:41:47Z</time>
      </trkpt>
      <trkpt lat="-6.754540828987956" lon="106.98723963461816">
        <ele>1839.139404</ele>
        <time>2014-11-29T05:42:05Z</time>
      </trkpt>
      <trkpt lat="-6.754400683566928" lon="106.98727081529796">
        <ele>1837.69751</ele>
        <time>2014-11-29T05:42:20Z</time>
      </trkpt>
      <trkpt lat="-6.754286354407668" lon="106.98725296184421">
        <ele>1835.2939449999999</ele>
        <time>2014-11-29T05:42:37Z</time>
      </trkpt>
      <trkpt lat="-6.754016792401671" lon="106.98722035624087">
        <ele>1833.3713379999999</ele>
        <time>2014-11-29T05:42:59Z</time>
      </trkpt>
      <trkpt lat="-6.75377631559968" lon="106.98733669705689">
        <ele>1832.4101559999999</ele>
        <time>2014-11-29T05:43:25Z</time>
      </trkpt>
      <trkpt lat="-6.753680594265461" lon="106.98752394877374">
        <ele>1830.9682620000001</ele>
        <time>2014-11-29T05:43:48Z</time>
      </trkpt>
      <trkpt lat="-6.75357204861939" lon="106.9877453148365">
        <ele>1829.0454099999999</ele>
        <time>2014-11-29T05:44:14Z</time>
      </trkpt>
      <trkpt lat="-6.753509771078825" lon="106.9880233425647">
        <ele>1827.123047</ele>
        <time>2014-11-29T05:44:42Z</time>
      </trkpt>
      <trkpt lat="-6.753455959260464" lon="106.9880582112819">
        <ele>1823.7583010000001</ele>
        <time>2014-11-29T05:44:53Z</time>
      </trkpt>
      <trkpt lat="-6.753263594582677" lon="106.98822132311761">
        <ele>1822.3164059999999</ele>
        <time>2014-11-29T05:45:21Z</time>
      </trkpt>
      <trkpt lat="-6.753119425848126" lon="106.98832869529724">
        <ele>1819.4323730000001</ele>
        <time>2014-11-29T05:45:38Z</time>
      </trkpt>
      <trkpt lat="-6.752973664551973" lon="106.98841259814799">
        <ele>1816.5483400000001</ele>
        <time>2014-11-29T05:46:02Z</time>
      </trkpt>
      <trkpt lat="-6.752805104479194" lon="106.98845668695867">
        <ele>1813.1838379999999</ele>
        <time>2014-11-29T05:46:21Z</time>
      </trkpt>
      <trkpt lat="-6.752692451700568" lon="106.98847093619406">
        <ele>1811.741943</ele>
        <time>2014-11-29T05:46:32Z</time>
      </trkpt>
      <trkpt lat="-6.752670491114259" lon="106.98847311548889">
        <ele>1810.780518</ele>
        <time>2014-11-29T05:46:34Z</time>
      </trkpt>
      <trkpt lat="-6.75247997045517" lon="106.98855525813997">
        <ele>1806.935303</ele>
        <time>2014-11-29T05:46:56Z</time>
      </trkpt>
      <trkpt lat="-6.75238030962646" lon="106.98863320983946">
        <ele>1806.935303</ele>
        <time>2014-11-29T05:47:09Z</time>
      </trkpt>
      <trkpt lat="-6.752338986843824" lon="106.98871493339539">
        <ele>1805.493408</ele>
        <time>2014-11-29T05:47:17Z</time>
      </trkpt>
      <trkpt lat="-6.752272685989738" lon="106.98875575326383">
        <ele>1802.6091309999999</ele>
        <time>2014-11-29T05:47:38Z</time>
      </trkpt>
      <trkpt lat="-6.752217281609774" lon="106.98889908380806">
        <ele>1801.167236</ele>
        <time>2014-11-29T05:47:59Z</time>
      </trkpt>
      <trkpt lat="-6.752208983525634" lon="106.98907242156565">
        <ele>1798.283203</ele>
        <time>2014-11-29T05:48:14Z</time>
      </trkpt>
      <trkpt lat="-6.752147460356355" lon="106.98916722089052">
        <ele>1795.8801269999999</ele>
        <time>2014-11-29T05:48:33Z</time>
      </trkpt>
      <trkpt lat="-6.752036232501268" lon="106.98929077014327">
        <ele>1792.515625</ele>
        <time>2014-11-29T05:48:53Z</time>
      </trkpt>
      <trkpt lat="-6.751914694905281" lon="106.98927635326982">
        <ele>1789.150879</ele>
        <time>2014-11-29T05:49:08Z</time>
      </trkpt>
      <trkpt lat="-6.751841939985752" lon="106.98932128027081">
        <ele>1786.266846</ele>
        <time>2014-11-29T05:49:25Z</time>
      </trkpt>
      <trkpt lat="-6.751852920278907" lon="106.98938699439168">
        <ele>1782.9021</ele>
        <time>2014-11-29T05:49:48Z</time>
      </trkpt>
      <trkpt lat="-6.751781338825822" lon="106.98948640376329">
        <ele>1779.056885</ele>
        <time>2014-11-29T05:50:12Z</time>
      </trkpt>
      <trkpt lat="-6.751691401004791" lon="106.98948539793491">
        <ele>1777.1345209999999</ele>
        <time>2014-11-29T05:50:29Z</time>
      </trkpt>
      <trkpt lat="-6.751552931964397" lon="106.98955588974059">
        <ele>1773.769775</ele>
        <time>2014-11-29T05:50:48Z</time>
      </trkpt>
      <trkpt lat="-6.751521248370409" lon="106.98954164050519">
        <ele>1769.9243160000001</ele>
        <time>2014-11-29T05:51:06Z</time>
      </trkpt>
      <trkpt lat="-6.75143918953836" lon="106.98962152004242">
        <ele>1767.0405270000001</ele>
        <time>2014-11-29T05:51:25Z</time>
      </trkpt>
      <trkpt lat="-6.751392586156726" lon="106.9896796066314">
        <ele>1763.6757809999999</ele>
        <time>2014-11-29T05:51:39Z</time>
      </trkpt>
      <trkpt lat="-6.751293847337365" lon="106.98970139957964">
        <ele>1760.7919919999999</ele>
        <time>2014-11-29T05:51:53Z</time>
      </trkpt>
      <trkpt lat="-6.75127012655139" lon="106.98967130854726">
        <ele>1757.42749</ele>
        <time>2014-11-29T05:52:18Z</time>
      </trkpt>
      <trkpt lat="-6.75127012655139" lon="106.9896848872304">
        <ele>1757.42749</ele>
        <time>2014-11-29T05:52:34Z</time>
      </trkpt>
      <trkpt lat="-6.751269623637199" lon="106.98953937739134">
        <ele>1755.504639</ele>
        <time>2014-11-29T05:54:10Z</time>
      </trkpt>
      <trkpt lat="-6.751268450170755" lon="106.98939160443842">
        <ele>1752.6206050000001</ele>
        <time>2014-11-29T05:54:29Z</time>
      </trkpt>
      <trkpt lat="-6.751221930608153" lon="106.98927191086113">
        <ele>1749.7368160000001</ele>
        <time>2014-11-29T05:54:51Z</time>
      </trkpt>
      <trkpt lat="-6.751258308067918" lon="106.98917275294662">
        <ele>1746.372314</ele>
        <time>2014-11-29T05:55:05Z</time>
      </trkpt>
      <trkpt lat="-6.751279765740037" lon="106.98907485231757">
        <ele>1744.9301760000001</ele>
        <time>2014-11-29T05:55:24Z</time>
      </trkpt>
      <trkpt lat="-6.751299882307649" lon="106.98895926587284">
        <ele>1741.5656739999999</ele>
        <time>2014-11-29T05:55:37Z</time>
      </trkpt>
      <trkpt lat="-6.751235341653228" lon="106.98888936080039">
        <ele>1738.6816409999999</ele>
        <time>2014-11-29T05:55:50Z</time>
      </trkpt>
      <trkpt lat="-6.751181781291962" lon="106.9887781329453">
        <ele>1735.797607</ele>
        <time>2014-11-29T05:56:10Z</time>
      </trkpt>
      <trkpt lat="-6.751233581453562" lon="106.98872465640306">
        <ele>1731.952393</ele>
        <time>2014-11-29T05:56:29Z</time>
      </trkpt>
      <trkpt lat="-6.751219416037202" lon="106.98872054927051">
        <ele>1730.5104980000001</ele>
        <time>2014-11-29T05:56:35Z</time>
      </trkpt>
      <trkpt lat="-6.751157557591796" lon="106.98873681016266">
        <ele>1727.145996</ele>
        <time>2014-11-29T05:56:50Z</time>
      </trkpt>
      <trkpt lat="-6.75110056065023" lon="106.98879104107618">
        <ele>1726.1845699999999</ele>
        <time>2014-11-29T05:57:12Z</time>
      </trkpt>
      <trkpt lat="-6.751190749928355" lon="106.98878919705749">
        <ele>1726.1845699999999</ele>
        <time>2014-11-29T05:58:13Z</time>
      </trkpt>
      <trkpt lat="-6.751140458509326" lon="106.98874921537936">
        <ele>1723.3005370000001</ele>
        <time>2014-11-29T05:59:17Z</time>
      </trkpt>
      <trkpt lat="-6.751202400773764" lon="106.98879456147552">
        <ele>1722.339111</ele>
        <time>2014-11-29T05:59:52Z</time>
      </trkpt>
      <trkpt lat="-6.75120416097343" lon="106.9887953158468">
        <ele>1720.897217</ele>
        <time>2014-11-29T05:59:54Z</time>
      </trkpt>
      <trkpt lat="-6.751215057447553" lon="106.98877612128854">
        <ele>1717.532471</ele>
        <time>2014-11-29T06:01:20Z</time>
      </trkpt>
      <trkpt lat="-6.751088742166758" lon="106.9886988401413">
        <ele>1714.648682</ele>
        <time>2014-11-29T06:02:36Z</time>
      </trkpt>
      <trkpt lat="-6.750991009175777" lon="106.98879456147552">
        <ele>1710.322754</ele>
        <time>2014-11-29T06:03:06Z</time>
      </trkpt>
      <trkpt lat="-6.75089729949832" lon="106.98887100443244">
        <ele>1706.9580080000001</ele>
        <time>2014-11-29T06:03:21Z</time>
      </trkpt>
      <trkpt lat="-6.750791016966105" lon="106.98893604800105">
        <ele>1703.5935059999999</ele>
        <time>2014-11-29T06:03:37Z</time>
      </trkpt>
      <trkpt lat="-6.750727398321033" lon="106.98901726864278">
        <ele>1700.7094729999999</ele>
        <time>2014-11-29T06:03:48Z</time>
      </trkpt>
      <trkpt lat="-6.75063150934875" lon="106.98912413790822">
        <ele>1697.344971</ele>
        <time>2014-11-29T06:04:08Z</time>
      </trkpt>
      <trkpt lat="-6.750494632869959" lon="106.9891251437366">
        <ele>1693.9804690000001</ele>
        <time>2014-11-29T06:04:23Z</time>
      </trkpt>
      <trkpt lat="-6.750409808009863" lon="106.9891787879169">
        <ele>1690.6154790000001</ele>
        <time>2014-11-29T06:04:35Z</time>
      </trkpt>
      <trkpt lat="-6.750220712274313" lon="106.98924676515162">
        <ele>1688.2124020000001</ele>
        <time>2014-11-29T06:04:58Z</time>
      </trkpt>
      <trkpt lat="-6.750152483582497" lon="106.9893497787416">
        <ele>1686.2897949999999</ele>
        <time>2014-11-29T06:05:24Z</time>
      </trkpt>
      <trkpt lat="-6.750142676755786" lon="106.98940250091255">
        <ele>1685.809082</ele>
        <time>2014-11-29T06:05:29Z</time>
      </trkpt>
      <trkpt lat="-6.749890632927418" lon="106.98963149450719">
        <ele>1683.4057620000001</ele>
        <time>2014-11-29T06:06:01Z</time>
      </trkpt>
      <trkpt lat="-6.749728275462985" lon="106.98971179313958">
        <ele>1680.5219729999999</ele>
        <time>2014-11-29T06:06:17Z</time>
      </trkpt>
      <trkpt lat="-6.749567594379187" lon="106.98991857469082">
        <ele>1679.0798339999999</ele>
        <time>2014-11-29T06:06:39Z</time>
      </trkpt>
      <trkpt lat="-6.749467011541128" lon="106.99003516696393">
        <ele>1678.1186520000001</ele>
        <time>2014-11-29T06:06:53Z</time>
      </trkpt>
      <trkpt lat="-6.749393502250314" lon="106.99006274342537">
        <ele>1677.637939</ele>
        <time>2014-11-29T06:07:02Z</time>
      </trkpt>
      <trkpt lat="-6.749304821714759" lon="106.99012954719365">
        <ele>1676.6767580000001</ele>
        <time>2014-11-29T06:07:13Z</time>
      </trkpt>
      <trkpt lat="-6.749106254428625" lon="106.99030774645507">
        <ele>1674.7539059999999</ele>
        <time>2014-11-29T06:07:38Z</time>
      </trkpt>
      <trkpt lat="-6.749076750129461" lon="106.99047764763236">
        <ele>1674.7539059999999</ele>
        <time>2014-11-29T06:07:59Z</time>
      </trkpt>
      <trkpt lat="-6.749091502279043" lon="106.99056641198695">
        <ele>1674.7539059999999</ele>
        <time>2014-11-29T06:08:06Z</time>
      </trkpt>
      <trkpt lat="-6.748906681314111" lon="106.99078937061131">
        <ele>1674.273193</ele>
        <time>2014-11-29T06:08:36Z</time>
      </trkpt>
      <trkpt lat="-6.748686153441668" lon="106.99093580245972">
        <ele>1671.3891599999999</ele>
        <time>2014-11-29T06:08:59Z</time>
      </trkpt>
      <trkpt lat="-6.748575009405613" lon="106.99114442802966">
        <ele>1670.4279790000001</ele>
        <time>2014-11-29T06:09:22Z</time>
      </trkpt>
      <trkpt lat="-6.748498314991593" lon="106.99146394617856">
        <ele>1668.024658</ele>
        <time>2014-11-29T06:09:59Z</time>
      </trkpt>
      <trkpt lat="-6.748463027179241" lon="106.99176871217787">
        <ele>1666.1020510000001</ele>
        <time>2014-11-29T06:10:35Z</time>
      </trkpt>
      <trkpt lat="-6.74854164943099" lon="106.99211454950273">
        <ele>1665.621582</ele>
        <time>2014-11-29T06:11:04Z</time>
      </trkpt>
      <trkpt lat="-6.748509462922812" lon="106.99234580621123">
        <ele>1662.256836</ele>
        <time>2014-11-29T06:11:32Z</time>
      </trkpt>
      <trkpt lat="-6.748392367735505" lon="106.99259307235479">
        <ele>1660.8149410000001</ele>
        <time>2014-11-29T06:11:58Z</time>
      </trkpt>
      <trkpt lat="-6.748354397714138" lon="106.99282491579652">
        <ele>1657.4501949999999</ele>
        <time>2014-11-29T06:12:24Z</time>
      </trkpt>
      <trkpt lat="-6.748383231461048" lon="106.99298014864326">
        <ele>1653.6049800000001</ele>
        <time>2014-11-29T06:12:43Z</time>
      </trkpt>
      <trkpt lat="-6.748365797102451" lon="106.99313119053841">
        <ele>1651.2016599999999</ele>
        <time>2014-11-29T06:13:00Z</time>
      </trkpt>
      <trkpt lat="-6.748435283079743" lon="106.99323655106127">
        <ele>1648.3176269999999</ele>
        <time>2014-11-29T06:13:22Z</time>
      </trkpt>
      <trkpt lat="-6.748426146805286" lon="106.99334752745926">
        <ele>1644.953125</ele>
        <time>2014-11-29T06:13:40Z</time>
      </trkpt>
      <trkpt lat="-6.7483891826123" lon="106.99357283301651">
        <ele>1643.510986</ele>
        <time>2014-11-29T06:14:09Z</time>
      </trkpt>
      <trkpt lat="-6.748423296958208" lon="106.9937757588923">
        <ele>1642.069092</ele>
        <time>2014-11-29T06:14:31Z</time>
      </trkpt>
      <trkpt lat="-6.748395720496774" lon="106.99402553960681">
        <ele>1641.1076660000001</ele>
        <time>2014-11-29T06:15:04Z</time>
      </trkpt>
      <trkpt lat="-6.748370155692101" lon="106.99416417628527">
        <ele>1640.1464840000001</ele>
        <time>2014-11-29T06:15:24Z</time>
      </trkpt>
      <trkpt lat="-6.748324139043689" lon="106.9943146314472">
        <ele>1640.626953</ele>
        <time>2014-11-29T06:15:54Z</time>
      </trkpt>
      <trkpt lat="-6.748273428529501" lon="106.99462627060711">
        <ele>1640.1464840000001</ele>
        <time>2014-11-29T06:16:24Z</time>
      </trkpt>
      <trkpt lat="-6.748150885105133" lon="106.99481595307589">
        <ele>1640.1464840000001</ele>
        <time>2014-11-29T06:16:54Z</time>
      </trkpt>
      <trkpt lat="-6.747893812134862" lon="106.99486708268523">
        <ele>1636.7817379999999</ele>
        <time>2014-11-29T06:17:22Z</time>
      </trkpt>
      <trkpt lat="-6.747812926769257" lon="106.99486649595201">
        <ele>1636.7817379999999</ele>
        <time>2014-11-29T06:17:30Z</time>
      </trkpt>
      <trkpt lat="-6.747608659788966" lon="106.99496221728623">
        <ele>1633.417236</ele>
        <time>2014-11-29T06:17:49Z</time>
      </trkpt>
      <trkpt lat="-6.747499359771609" lon="106.99503187090158">
        <ele>1634.3786620000001</ele>
        <time>2014-11-29T06:18:02Z</time>
      </trkpt>
      <trkpt lat="-6.74746667034924" lon="106.99529615230858">
        <ele>1635.820557</ele>
        <time>2014-11-29T06:18:29Z</time>
      </trkpt>
      <trkpt lat="-6.747463569045067" lon="106.99543671682477">
        <ele>1632.4560550000001</ele>
        <time>2014-11-29T06:18:46Z</time>
      </trkpt>
      <trkpt lat="-6.747465748339891" lon="106.9956027623266">
        <ele>1629.5720209999999</ele>
        <time>2014-11-29T06:19:04Z</time>
      </trkpt>
      <trkpt lat="-6.747394418343902" lon="106.99570041149855">
        <ele>1625.7265620000001</ele>
        <time>2014-11-29T06:19:20Z</time>
      </trkpt>
      <trkpt lat="-6.747328955680132" lon="106.9958131480962">
        <ele>1622.8427730000001</ele>
        <time>2014-11-29T06:19:32Z</time>
      </trkpt>
      <trkpt lat="-6.74731126986444" lon="106.99587626382709">
        <ele>1622.362061</ele>
        <time>2014-11-29T06:19:39Z</time>
      </trkpt>
      <trkpt lat="-6.747236419469118" lon="106.99604113586247">
        <ele>1618.9975589999999</ele>
        <time>2014-11-29T06:19:56Z</time>
      </trkpt>
      <trkpt lat="-6.747149582952261" lon="106.9962674472481">
        <ele>1616.5942379999999</ele>
        <time>2014-11-29T06:20:21Z</time>
      </trkpt>
      <trkpt lat="-6.747140027582645" lon="106.99630307033658">
        <ele>1615.1523440000001</ele>
        <time>2014-11-29T06:20:24Z</time>
      </trkpt>
      <trkpt lat="-6.747126867994666" lon="106.99649149551988">
        <ele>1612.7490230000001</ele>
        <time>2014-11-29T06:20:47Z</time>
      </trkpt>
      <trkpt lat="-6.746888989582658" lon="106.99661429040134">
        <ele>1612.268311</ele>
        <time>2014-11-29T06:21:16Z</time>
      </trkpt>
      <trkpt lat="-6.746777342632413" lon="106.99676927179098">
        <ele>1610.3454589999999</ele>
        <time>2014-11-29T06:21:41Z</time>
      </trkpt>
      <trkpt lat="-6.746627725660801" lon="106.99685879051685">
        <ele>1607.9423830000001</ele>
        <time>2014-11-29T06:22:04Z</time>
      </trkpt>
      <trkpt lat="-6.746498811990023" lon="106.99684982188046">
        <ele>1605.5390620000001</ele>
        <time>2014-11-29T06:22:24Z</time>
      </trkpt>
      <trkpt lat="-6.746395546942949" lon="106.99690363369882">
        <ele>1602.655029</ele>
        <time>2014-11-29T06:22:41Z</time>
      </trkpt>
      <trkpt lat="-6.746268142014742" lon="106.99696398340166">
        <ele>1598.809814</ele>
        <time>2014-11-29T06:22:55Z</time>
      </trkpt>
      <trkpt lat="-6.746194213628769" lon="106.9970531668514">
        <ele>1595.445068</ele>
        <time>2014-11-29T06:23:12Z</time>
      </trkpt>
      <trkpt lat="-6.746068149805069" lon="106.99716447852552">
        <ele>1592.0805660000001</ele>
        <time>2014-11-29T06:23:36Z</time>
      </trkpt>
      <trkpt lat="-6.745958598330617" lon="106.99726229533553">
        <ele>1588.716064</ele>
        <time>2014-11-29T06:23:53Z</time>
      </trkpt>
      <trkpt lat="-6.745813423767686" lon="106.99737804941833">
        <ele>1585.8320309999999</ele>
        <time>2014-11-29T06:24:23Z</time>
      </trkpt>
      <trkpt lat="-6.745710242539644" lon="106.99752456508577">
        <ele>1582.9479980000001</ele>
        <time>2014-11-29T06:24:43Z</time>
      </trkpt>
      <trkpt lat="-6.745656095445156" lon="106.99766378849745">
        <ele>1579.5832519999999</ele>
        <time>2014-11-29T06:25:06Z</time>
      </trkpt>
      <trkpt lat="-6.745544783771038" lon="106.99778473936021">
        <ele>1576.21875</ele>
        <time>2014-11-29T06:25:29Z</time>
      </trkpt>
      <trkpt lat="-6.745427772402763" lon="106.99802898801863">
        <ele>1574.296143</ele>
        <time>2014-11-29T06:25:56Z</time>
      </trkpt>
      <trkpt lat="-6.745334649458528" lon="106.99821297079325">
        <ele>1570.9316409999999</ele>
        <time>2014-11-29T06:26:15Z</time>
      </trkpt>
      <trkpt lat="-6.745137758553028" lon="106.99833928607404">
        <ele>1568.047607</ele>
        <time>2014-11-29T06:26:37Z</time>
      </trkpt>
      <trkpt lat="-6.745004905387759" lon="106.99849837459624">
        <ele>1564.6831050000001</ele>
        <time>2014-11-29T06:27:00Z</time>
      </trkpt>
      <trkpt lat="-6.744925947859883" lon="106.9986230134964">
        <ele>1562.2795410000001</ele>
        <time>2014-11-29T06:27:20Z</time>
      </trkpt>
      <trkpt lat="-6.744788736104965" lon="106.99866173788905">
        <ele>1558.915039</ele>
        <time>2014-11-29T06:27:38Z</time>
      </trkpt>
      <trkpt lat="-6.744701648131013" lon="106.99873181059957">
        <ele>1556.0310059999999</ele>
        <time>2014-11-29T06:27:52Z</time>
      </trkpt>
      <trkpt lat="-6.744673904031515" lon="106.99882065877318">
        <ele>1553.6279300000001</ele>
        <time>2014-11-29T06:28:17Z</time>
      </trkpt>
      <trkpt lat="-6.744563933461905" lon="106.99882434681058">
        <ele>1550.7438959999999</ele>
        <time>2014-11-29T06:28:31Z</time>
      </trkpt>
      <trkpt lat="-6.744492603465915" lon="106.99893431738019">
        <ele>1546.8984379999999</ele>
        <time>2014-11-29T06:28:54Z</time>
      </trkpt>
      <trkpt lat="-6.744427308440208" lon="106.99899718165398">
        <ele>1544.0146480000001</ele>
        <time>2014-11-29T06:29:11Z</time>
      </trkpt>
      <trkpt lat="-6.744307111948729" lon="106.99911586940289">
        <ele>1540.6499020000001</ele>
        <time>2014-11-29T06:29:36Z</time>
      </trkpt>
      <trkpt lat="-6.744219940155745" lon="106.99912249110639">
        <ele>1537.2854</ele>
        <time>2014-11-29T06:29:48Z</time>
      </trkpt>
      <trkpt lat="-6.744099324569106" lon="106.99918041005731">
        <ele>1534.401611</ele>
        <time>2014-11-29T06:30:07Z</time>
      </trkpt>
      <trkpt lat="-6.743938140571117" lon="106.99924360960722">
        <ele>1531.036865</ele>
        <time>2014-11-29T06:30:30Z</time>
      </trkpt>
      <trkpt lat="-6.743802186101675" lon="106.99937000870705">
        <ele>1529.114014</ele>
        <time>2014-11-29T06:30:54Z</time>
      </trkpt>
      <trkpt lat="-6.743743093684316" lon="106.99957662262022">
        <ele>1529.5947269999999</ele>
        <time>2014-11-29T06:31:19Z</time>
      </trkpt>
      <trkpt lat="-6.743673775345087" lon="106.99990645051003">
        <ele>1529.5947269999999</ele>
        <time>2014-11-29T06:31:57Z</time>
      </trkpt>
      <trkpt lat="-6.743605462834239" lon="107.00009881518781">
        <ele>1528.6335449999999</ele>
        <time>2014-11-29T06:32:21Z</time>
      </trkpt>
      <trkpt lat="-6.743529438972473" lon="107.00023183599114">
        <ele>1525.7495120000001</ele>
        <time>2014-11-29T06:32:45Z</time>
      </trkpt>
      <trkpt lat="-6.743442015722394" lon="107.0003480091691">
        <ele>1522.38501</ele>
        <time>2014-11-29T06:33:01Z</time>
      </trkpt>
      <trkpt lat="-6.743285274133086" lon="107.00049025006592">
        <ele>1519.501221</ele>
        <time>2014-11-29T06:33:27Z</time>
      </trkpt>
      <trkpt lat="-6.74323414452374" lon="107.00068906880915">
        <ele>1516.136475</ele>
        <time>2014-11-29T06:33:49Z</time>
      </trkpt>
      <trkpt lat="-6.743121827021241" lon="107.00084673240781">
        <ele>1512.7717290000001</ele>
        <time>2014-11-29T06:34:17Z</time>
      </trkpt>
      <trkpt lat="-6.742953769862652" lon="107.00106030330062">
        <ele>1510.368408</ele>
        <time>2014-11-29T06:34:49Z</time>
      </trkpt>
      <trkpt lat="-6.742898616939783" lon="107.00115359388292">
        <ele>1507.0039059999999</ele>
        <time>2014-11-29T06:35:06Z</time>
      </trkpt>
      <trkpt lat="-6.742864586412907" lon="107.0011995267123">
        <ele>1505.5620120000001</ele>
        <time>2014-11-29T06:35:16Z</time>
      </trkpt>
      <trkpt lat="-6.742774313315749" lon="107.00133346952498">
        <ele>1503.1586910000001</ele>
        <time>2014-11-29T06:35:38Z</time>
      </trkpt>
      <trkpt lat="-6.742759980261326" lon="107.00137093663216">
        <ele>1501.716797</ele>
        <time>2014-11-29T06:35:41Z</time>
      </trkpt>
      <trkpt lat="-6.742738857865334" lon="107.00149758718908">
        <ele>1498.351807</ele>
        <time>2014-11-29T06:35:56Z</time>
      </trkpt>
      <trkpt lat="-6.742586558684707" lon="107.00165131129324">
        <ele>1495.468018</ele>
        <time>2014-11-29T06:36:23Z</time>
      </trkpt>
      <trkpt lat="-6.742375921458006" lon="107.00175700709224">
        <ele>1493.064697</ele>
        <time>2014-11-29T06:36:52Z</time>
      </trkpt>
      <trkpt lat="-6.742257988080382" lon="107.00187426991761">
        <ele>1490.6613769999999</ele>
        <time>2014-11-29T06:37:16Z</time>
      </trkpt>
      <trkpt lat="-6.742084817960858" lon="107.00188156217337">
        <ele>1487.296875</ele>
        <time>2014-11-29T06:37:35Z</time>
      </trkpt>
      <trkpt lat="-6.741913324221969" lon="107.00179900042713">
        <ele>1484.8937989999999</ele>
        <time>2014-11-29T06:37:55Z</time>
      </trkpt>
      <trkpt lat="-6.741690617054701" lon="107.00176890939474">
        <ele>1483.4514160000001</ele>
        <time>2014-11-29T06:38:24Z</time>
      </trkpt>
      <trkpt lat="-6.741480901837349" lon="107.00190964154899">
        <ele>1480.5676269999999</ele>
        <time>2014-11-29T06:38:49Z</time>
      </trkpt>
      <trkpt lat="-6.741313263773918" lon="107.00209161266685">
        <ele>1478.164307</ele>
        <time>2014-11-29T06:39:15Z</time>
      </trkpt>
      <trkpt lat="-6.741118468344212" lon="107.00227391906083">
        <ele>1475.760986</ele>
        <time>2014-11-29T06:39:41Z</time>
      </trkpt>
      <trkpt lat="-6.740987794473767" lon="107.00235346332192">
        <ele>1473.3579099999999</ele>
        <time>2014-11-29T06:40:01Z</time>
      </trkpt>
      <trkpt lat="-6.740845805034041" lon="107.00245027430356">
        <ele>1470.9545900000001</ele>
        <time>2014-11-29T06:40:25Z</time>
      </trkpt>
      <trkpt lat="-6.740684872493148" lon="107.00256250798702">
        <ele>1467.5896</ele>
        <time>2014-11-29T06:40:41Z</time>
      </trkpt>
      <trkpt lat="-6.740587139502168" lon="107.00265261344612">
        <ele>1464.2250979999999</ele>
        <time>2014-11-29T06:40:58Z</time>
      </trkpt>
      <trkpt lat="-6.740446323528886" lon="107.00276585295796">
        <ele>1460.860596</ele>
        <time>2014-11-29T06:41:18Z</time>
      </trkpt>
      <trkpt lat="-6.740374574437738" lon="107.00298906303942">
        <ele>1458.457275</ele>
        <time>2014-11-29T06:41:44Z</time>
      </trkpt>
      <trkpt lat="-6.740372227504849" lon="107.00300876051188">
        <ele>1457.4960940000001</ele>
        <time>2014-11-29T06:41:46Z</time>
      </trkpt>
      <trkpt lat="-6.740280780941248" lon="107.00315569527447">
        <ele>1456.534668</ele>
        <time>2014-11-29T06:42:11Z</time>
      </trkpt>
      <trkpt lat="-6.740322187542915" lon="107.00326046906412">
        <ele>1454.612061</ele>
        <time>2014-11-29T06:42:51Z</time>
      </trkpt>
      <trkpt lat="-6.740252785384655" lon="107.00334856286645">
        <ele>1452.689453</ele>
        <time>2014-11-29T06:43:08Z</time>
      </trkpt>
      <trkpt lat="-6.740224286913872" lon="107.00339013710618">
        <ele>1452.20874</ele>
        <time>2014-11-29T06:43:13Z</time>
      </trkpt>
      <trkpt lat="-6.740162428468466" lon="107.00349222868681">
        <ele>1450.7666019999999</ele>
        <time>2014-11-29T06:43:35Z</time>
      </trkpt>
      <trkpt lat="-6.740051284432411" lon="107.0034771412611">
        <ele>1447.8828120000001</ele>
        <time>2014-11-29T06:43:54Z</time>
      </trkpt>
      <trkpt lat="-6.739892531186342" lon="107.00339206494391">
        <ele>1444.5180660000001</ele>
        <time>2014-11-29T06:44:16Z</time>
      </trkpt>
      <trkpt lat="-6.739836120977998" lon="107.00329634360969">
        <ele>1441.153564</ele>
        <time>2014-11-29T06:44:32Z</time>
      </trkpt>
      <trkpt lat="-6.739763868972659" lon="107.00313230976462">
        <ele>1437.7890620000001</ele>
        <time>2014-11-29T06:44:53Z</time>
      </trkpt>
      <trkpt lat="-6.739730341359973" lon="107.00300524011254">
        <ele>1434.4243160000001</ele>
        <time>2014-11-29T06:45:10Z</time>
      </trkpt>
      <trkpt lat="-6.739678960293531" lon="107.00291974470019">
        <ele>1432.5017089999999</ele>
        <time>2014-11-29T06:45:21Z</time>
      </trkpt>
      <trkpt lat="-6.739661358296871" lon="107.00291471555829">
        <ele>1431.540283</ele>
        <time>2014-11-29T06:45:28Z</time>
      </trkpt>
      <trkpt lat="-6.739569241181016" lon="107.00321084819734">
        <ele>1429.6176760000001</ele>
        <time>2014-11-29T06:46:00Z</time>
      </trkpt>
      <trkpt lat="-6.739456672221422" lon="107.00345518067479">
        <ele>1426.7338870000001</ele>
        <time>2014-11-29T06:46:31Z</time>
      </trkpt>
      <trkpt lat="-6.739387018606067" lon="107.00361653231084">
        <ele>1425.772461</ele>
        <time>2014-11-29T06:46:52Z</time>
      </trkpt>
      <trkpt lat="-6.739260870963335" lon="107.0038915425539">
        <ele>1423.8498540000001</ele>
        <time>2014-11-29T06:47:25Z</time>
      </trkpt>
      <trkpt lat="-6.739145116880536" lon="107.004090026021">
        <ele>1420.966064</ele>
        <time>2014-11-29T06:47:52Z</time>
      </trkpt>
      <trkpt lat="-6.739029614254832" lon="107.00426923111081">
        <ele>1419.5239260000001</ele>
        <time>2014-11-29T06:48:15Z</time>
      </trkpt>
      <trkpt lat="-6.738952836021781" lon="107.00447676703334">
        <ele>1418.5625</ele>
        <time>2014-11-29T06:48:36Z</time>
      </trkpt>
      <trkpt lat="-6.738808499649167" lon="107.00463216751814">
        <ele>1417.6010739999999</ele>
        <time>2014-11-29T06:48:55Z</time>
      </trkpt>
      <trkpt lat="-6.738765500485897" lon="107.00487348251045">
        <ele>1417.6010739999999</ele>
        <time>2014-11-29T06:49:19Z</time>
      </trkpt>
      <trkpt lat="-6.738660978153348" lon="107.00506023131311">
        <ele>1416.639893</ele>
        <time>2014-11-29T06:49:41Z</time>
      </trkpt>
      <trkpt lat="-6.738618817180395" lon="107.00520481914282">
        <ele>1416.639893</ele>
        <time>2014-11-29T06:49:58Z</time>
      </trkpt>
      <trkpt lat="-6.738445982336998" lon="107.0053630694747">
        <ele>1415.1979980000001</ele>
        <time>2014-11-29T06:50:21Z</time>
      </trkpt>
      <trkpt lat="-6.738262921571732" lon="107.00543934479356">
        <ele>1412.3139650000001</ele>
        <time>2014-11-29T06:50:41Z</time>
      </trkpt>
      <trkpt lat="-6.738152951002121" lon="107.00556197203696">
        <ele>1408.9494629999999</ele>
        <time>2014-11-29T06:50:59Z</time>
      </trkpt>
      <trkpt lat="-6.738009452819824" lon="107.00571611523628">
        <ele>1406.0654300000001</ele>
        <time>2014-11-29T06:51:25Z</time>
      </trkpt>
      <trkpt lat="-6.737833181396127" lon="107.00577646493912">
        <ele>1403.1813959999999</ele>
        <time>2014-11-29T06:51:45Z</time>
      </trkpt>
      <trkpt lat="-6.737615671008825" lon="107.00586606748402">
        <ele>1401.258789</ele>
        <time>2014-11-29T06:52:10Z</time>
      </trkpt>
      <trkpt lat="-6.737389024347067" lon="107.00595743022859">
        <ele>1399.336182</ele>
        <time>2014-11-29T06:52:37Z</time>
      </trkpt>
      <trkpt lat="-6.737213507294655" lon="107.00603085570037">
        <ele>1397.8942870000001</ele>
        <time>2014-11-29T06:52:58Z</time>
      </trkpt>
      <trkpt lat="-6.737090712413192" lon="107.00609933584929">
        <ele>1395.9716800000001</ele>
        <time>2014-11-29T06:53:12Z</time>
      </trkpt>
      <trkpt lat="-6.736942185088992" lon="107.00617225840688">
        <ele>1395.010254</ele>
        <time>2014-11-29T06:53:29Z</time>
      </trkpt>
      <trkpt lat="-6.736894827336073" lon="107.0061847474426">
        <ele>1395.010254</ele>
        <time>2014-11-29T06:53:34Z</time>
      </trkpt>
      <trkpt lat="-6.736734732985497" lon="107.00623478740454">
        <ele>1393.0876459999999</ele>
        <time>2014-11-29T06:53:55Z</time>
      </trkpt>
      <trkpt lat="-6.736557791009545" lon="107.00632229447365">
        <ele>1392.1264650000001</ele>
        <time>2014-11-29T06:54:15Z</time>
      </trkpt>
      <trkpt lat="-6.736380010843277" lon="107.00642103329301">
        <ele>1390.6843260000001</ele>
        <time>2014-11-29T06:54:35Z</time>
      </trkpt>
      <trkpt lat="-6.736215306445956" lon="107.00652681291103">
        <ele>1387.800293</ele>
        <time>2014-11-29T06:55:00Z</time>
      </trkpt>
      <trkpt lat="-6.736070550978184" lon="107.00657375156879">
        <ele>1385.877686</ele>
        <time>2014-11-29T06:55:23Z</time>
      </trkpt>
      <trkpt lat="-6.735856980085373" lon="107.00667886063457">
        <ele>1383.955078</ele>
        <time>2014-11-29T06:55:46Z</time>
      </trkpt>
      <trkpt lat="-6.735626310110092" lon="107.0068100374192">
        <ele>1382.5131839999999</ele>
        <time>2014-11-29T06:56:12Z</time>
      </trkpt>
      <trkpt lat="-6.735416175797582" lon="107.00691699050367">
        <ele>1380.5905760000001</ele>
        <time>2014-11-29T06:56:35Z</time>
      </trkpt>
      <trkpt lat="-6.735367141664028" lon="107.00694582425058">
        <ele>1381.071289</ele>
        <time>2014-11-29T06:56:41Z</time>
      </trkpt>
      <trkpt lat="-6.735309222713113" lon="107.00695152394474">
        <ele>1381.5517580000001</ele>
        <time>2014-11-29T06:56:49Z</time>
      </trkpt>
      <trkpt lat="-6.735096825286746" lon="107.0069120451808">
        <ele>1382.032471</ele>
        <time>2014-11-29T06:57:12Z</time>
      </trkpt>
      <trkpt lat="-6.734919883310795" lon="107.00687482953072">
        <ele>1381.071289</ele>
        <time>2014-11-29T06:57:34Z</time>
      </trkpt>
      <trkpt lat="-6.734941340982914" lon="107.00684566050768">
        <ele>1381.5517580000001</ele>
        <time>2014-11-29T06:57:59Z</time>
      </trkpt>
      <trkpt lat="-6.734889959916472" lon="107.0069429744035">
        <ele>1381.5517580000001</ele>
        <time>2014-11-29T06:59:06Z</time>
      </trkpt>
      <trkpt lat="-6.734883086755872" lon="107.00697935186327">
        <ele>1382.032471</ele>
        <time>2014-11-29T06:59:44Z</time>
      </trkpt>
      <trkpt lat="-6.734930528327823" lon="107.00678246095777">
        <ele>1379.62915</ele>
        <time>2014-11-29T07:01:42Z</time>
      </trkpt>
      <trkpt lat="-6.734901191666722" lon="107.00692294165492">
        <ele>1377.2260739999999</ele>
        <time>2014-11-29T07:02:56Z</time>
      </trkpt>
      <trkpt lat="-6.734924158081412" lon="107.00685010291636">
        <ele>1373.861328</ele>
        <time>2014-11-29T07:04:26Z</time>
      </trkpt>
      <trkpt lat="-6.73493186943233" lon="107.0068531204015">
        <ele>1372.4194339999999</ele>
        <time>2014-11-29T07:05:09Z</time>
      </trkpt>
      <trkpt lat="-6.734919967129827" lon="107.00686611235142">
        <ele>1369.5354</ele>
        <time>2014-11-29T07:06:41Z</time>
      </trkpt>
      <trkpt lat="-6.734928600490093" lon="107.00684431940317">
        <ele>1366.6513669999999</ele>
        <time>2014-11-29T07:08:09Z</time>
      </trkpt>
      <trkpt lat="-6.734910914674401" lon="107.00686443597078">
        <ele>1364.72876</ele>
        <time>2014-11-29T07:09:38Z</time>
      </trkpt>
      <trkpt lat="-6.734932204708457" lon="107.00684205628932">
        <ele>1361.3642580000001</ele>
        <time>2014-11-29T07:15:17Z</time>
      </trkpt>
      <trkpt lat="-6.734916027635336" lon="107.00688916258514">
        <ele>1359.44165</ele>
        <time>2014-11-29T07:17:51Z</time>
      </trkpt>
      <trkpt lat="-6.734881661832333" lon="107.00684641487896">
        <ele>1358.9609379999999</ele>
        <time>2014-11-29T07:19:16Z</time>
      </trkpt>
      <trkpt lat="-6.734865987673402" lon="107.00684289447963">
        <ele>1358.9609379999999</ele>
        <time>2014-11-29T07:20:08Z</time>
      </trkpt>
      <trkpt lat="-6.734895156696439" lon="107.00675203464925">
        <ele>1357.519043</ele>
        <time>2014-11-29T07:21:03Z</time>
      </trkpt>
      <trkpt lat="-6.734932875260711" lon="107.00678472407162">
        <ele>1357.0383300000001</ele>
        <time>2014-11-29T07:23:23Z</time>
      </trkpt>
      <trkpt lat="-6.73500856384635" lon="107.0067476760596">
        <ele>1357.519043</ele>
        <time>2014-11-29T07:23:50Z</time>
      </trkpt>
      <trkpt lat="-6.734905382618308" lon="107.00680576264858">
        <ele>1360.402832</ele>
        <time>2014-11-29T07:44:34Z</time>
      </trkpt>
      <trkpt lat="-6.734902365133166" lon="107.00676469132304">
        <ele>1361.844971</ele>
        <time>2014-11-29T07:50:21Z</time>
      </trkpt>
      <trkpt lat="-6.734966235235333" lon="107.00675304047763">
        <ele>1360.402832</ele>
        <time>2014-11-29T07:57:18Z</time>
      </trkpt>
      <trkpt lat="-6.734881661832333" lon="107.00688153505325">
        <ele>1358.9609379999999</ele>
        <time>2014-11-29T08:04:04Z</time>
      </trkpt>
      <trkpt lat="-6.734916949644685" lon="107.00685429386795">
        <ele>1357.519043</ele>
        <time>2014-11-29T08:04:32Z</time>
      </trkpt>
      <trkpt lat="-6.734860120341182" lon="107.00693367049098">
        <ele>1356.5576169999999</ele>
        <time>2014-11-29T08:04:51Z</time>
      </trkpt>
      <trkpt lat="-6.73455317504704" lon="107.00700868852437">
        <ele>1355.5961910000001</ele>
        <time>2014-11-29T08:05:07Z</time>
      </trkpt>
      <trkpt lat="-6.734121842309833" lon="107.00711078010499">
        <ele>1353.192871</ele>
        <time>2014-11-29T08:05:22Z</time>
      </trkpt>
      <trkpt lat="-6.73387398943305" lon="107.00724832713604">
        <ele>1352.2314449999999</ele>
        <time>2014-11-29T08:05:30Z</time>
      </trkpt>
      <trkpt lat="-6.733844988048077" lon="107.00727615505457">
        <ele>1351.270264</ele>
        <time>2014-11-29T08:05:31Z</time>
      </trkpt>
      <trkpt lat="-6.734185041859746" lon="107.00763775035739">
        <ele>1350.309082</ele>
        <time>2014-11-29T08:05:34Z</time>
      </trkpt>
      <trkpt lat="-6.734072053804994" lon="107.0078185480088">
        <ele>1349.8283690000001</ele>
        <time>2014-11-29T08:05:40Z</time>
      </trkpt>
      <trkpt lat="-6.734014134854078" lon="107.00791116803885">
        <ele>1349.8283690000001</ele>
        <time>2014-11-29T08:05:52Z</time>
      </trkpt>
      <trkpt lat="-6.733871810138226" lon="107.00815449468791">
        <ele>1347.4250489999999</ele>
        <time>2014-11-29T08:06:08Z</time>
      </trkpt>
      <trkpt lat="-6.733767036348581" lon="107.00833789072931">
        <ele>1345.983154</ele>
        <time>2014-11-29T08:06:15Z</time>
      </trkpt>
      <trkpt lat="-6.733567547053099" lon="107.00884759426117">
        <ele>1343.099121</ele>
        <time>2014-11-29T08:06:30Z</time>
      </trkpt>
      <trkpt lat="-6.733357077464461" lon="107.00921237468719">
        <ele>1339.2536620000001</ele>
        <time>2014-11-29T08:06:39Z</time>
      </trkpt>
      <trkpt lat="-6.73315716907382" lon="107.00942795723677">
        <ele>1335.408447</ele>
        <time>2014-11-29T08:06:46Z</time>
      </trkpt>
      <trkpt lat="-6.733107129111886" lon="107.00945528224111">
        <ele>1335.408447</ele>
        <time>2014-11-29T08:06:47Z</time>
      </trkpt>
    </trkseg>
  </trk>

  <trk>
    <name>Pos Cibodas - Jalan Raya</name>
    <extensions>
      <gpxx:TrackExtension>
        <gpxx:DisplayColor>DarkGray</gpxx:DisplayColor>
      </gpxx:TrackExtension>
    </extensions>
    <trkseg>
      <trkpt lat="-6.732971174642444" lon="107.00957556255162">
        <ele>1334.4472659999999</ele>
        <time>2014-11-29T08:06:49Z</time>
      </trkpt>
      <trkpt lat="-6.732653081417084" lon="107.01000957749784">
        <ele>1330.1213379999999</ele>
        <time>2014-11-29T08:06:58Z</time>
      </trkpt>
      <trkpt lat="-6.732530286535621" lon="107.01022884808481">
        <ele>1329.1599120000001</ele>
        <time>2014-11-29T08:07:02Z</time>
      </trkpt>
      <trkpt lat="-6.732424255460501" lon="107.01041802763939">
        <ele>1327.2375489999999</ele>
        <time>2014-11-29T08:07:06Z</time>
      </trkpt>
      <trkpt lat="-6.732281846925616" lon="107.01067736372352">
        <ele>1323.3920900000001</ele>
        <time>2014-11-29T08:07:11Z</time>
      </trkpt>
      <trkpt lat="-6.732243625447154" lon="107.01085665263236">
        <ele>1322.430664</ele>
        <time>2014-11-29T08:07:13Z</time>
      </trkpt>
      <trkpt lat="-6.732178246602416" lon="107.01120005920529">
        <ele>1320.508057</ele>
        <time>2014-11-29T08:07:20Z</time>
      </trkpt>
      <trkpt lat="-6.732069198042154" lon="107.0114572159946">
        <ele>1318.5854489999999</ele>
        <time>2014-11-29T08:07:25Z</time>
      </trkpt>
      <trkpt lat="-6.731981774792075" lon="107.01160029508173">
        <ele>1318.5854489999999</ele>
        <time>2014-11-29T08:07:28Z</time>
      </trkpt>
      <trkpt lat="-6.731832912191749" lon="107.01183741912246">
        <ele>1316.662842</ele>
        <time>2014-11-29T08:07:33Z</time>
      </trkpt>
      <trkpt lat="-6.731574833393097" lon="107.01216934248805">
        <ele>1312.336914</ele>
        <time>2014-11-29T08:07:42Z</time>
      </trkpt>
      <trkpt lat="-6.731518590822816" lon="107.0122135989368">
        <ele>1311.375732</ele>
        <time>2014-11-29T08:07:44Z</time>
      </trkpt>
      <trkpt lat="-6.731425216421485" lon="107.01225223951042">
        <ele>1310.8950199999999</ele>
        <time>2014-11-29T08:07:46Z</time>
      </trkpt>
      <trkpt lat="-6.731209047138691" lon="107.01234159059823">
        <ele>1308.4916989999999</ele>
        <time>2014-11-29T08:07:50Z</time>
      </trkpt>
      <trkpt lat="-6.731005199253559" lon="107.01242591254413">
        <ele>1306.5688479999999</ele>
        <time>2014-11-29T08:07:54Z</time>
      </trkpt>
      <trkpt lat="-6.730903359130025" lon="107.01246824115515">
        <ele>1305.6076660000001</ele>
        <time>2014-11-29T08:07:56Z</time>
      </trkpt>
      <trkpt lat="-6.730695487931371" lon="107.01255558058619">
        <ele>1301.7624510000001</ele>
        <time>2014-11-29T08:08:00Z</time>
      </trkpt>
      <trkpt lat="-6.730645783245564" lon="107.01257645152509">
        <ele>1301.7624510000001</ele>
        <time>2014-11-29T08:08:01Z</time>
      </trkpt>
      <trkpt lat="-6.730435229837894" lon="107.01266488060355">
        <ele>1300.801025</ele>
        <time>2014-11-29T08:08:05Z</time>
      </trkpt>
      <trkpt lat="-6.730072293430567" lon="107.01281726360321">
        <ele>1297.917236</ele>
        <time>2014-11-29T08:08:12Z</time>
      </trkpt>
      <trkpt lat="-6.729823770001531" lon="107.01296134851873">
        <ele>1294.55249</ele>
        <time>2014-11-29T08:08:16Z</time>
      </trkpt>
      <trkpt lat="-6.729712542146444" lon="107.01314399018884">
        <ele>1292.149414</ele>
        <time>2014-11-29T08:08:19Z</time>
      </trkpt>
      <trkpt lat="-6.729479189962149" lon="107.01348664239049">
        <ele>1290.2265620000001</ele>
        <time>2014-11-29T08:08:24Z</time>
      </trkpt>
      <trkpt lat="-6.729045007377863" lon="107.01412442140281">
        <ele>1286.3813479999999</ele>
        <time>2014-11-29T08:08:36Z</time>
      </trkpt>
      <trkpt lat="-6.728804865851998" lon="107.01444033533335">
        <ele>1283.9780270000001</ele>
        <time>2014-11-29T08:08:42Z</time>
      </trkpt>
      <trkpt lat="-6.728722471743822" lon="107.01454837806523">
        <ele>1282.0554199999999</ele>
        <time>2014-11-29T08:08:46Z</time>
      </trkpt>
      <trkpt lat="-6.728666732087731" lon="107.01465742662549">
        <ele>1280.613525</ele>
        <time>2014-11-29T08:08:57Z</time>
      </trkpt>
      <trkpt lat="-6.728481324389577" lon="107.01497367583215">
        <ele>1278.2102050000001</ele>
        <time>2014-11-29T08:09:05Z</time>
      </trkpt>
      <trkpt lat="-6.728412006050348" lon="107.01508783735335">
        <ele>1277.2490230000001</ele>
        <time>2014-11-29T08:09:07Z</time>
      </trkpt>
      <trkpt lat="-6.728338412940502" lon="107.01520903967321">
        <ele>1275.8066409999999</ele>
        <time>2014-11-29T08:09:09Z</time>
      </trkpt>
      <trkpt lat="-6.728156693279743" lon="107.01540375128388">
        <ele>1272.442139</ele>
        <time>2014-11-29T08:09:13Z</time>
      </trkpt>
      <trkpt lat="-6.728057283908129" lon="107.01548891142011">
        <ele>1271.9614260000001</ele>
        <time>2014-11-29T08:09:15Z</time>
      </trkpt>
      <trkpt lat="-6.727836588397622" lon="107.01567884534597">
        <ele>1269.0776370000001</ele>
        <time>2014-11-29T08:09:20Z</time>
      </trkpt>
      <trkpt lat="-6.727502821013331" lon="107.0162457972765">
        <ele>1265.232422</ele>
        <time>2014-11-29T08:09:30Z</time>
      </trkpt>
      <trkpt lat="-6.72737767919898" lon="107.01652935706079">
        <ele>1261.8679199999999</ele>
        <time>2014-11-29T08:09:34Z</time>
      </trkpt>
      <trkpt lat="-6.727325711399317" lon="107.01664720661938">
        <ele>1258.022461</ele>
        <time>2014-11-29T08:09:36Z</time>
      </trkpt>
      <trkpt lat="-6.727280616760254" lon="107.01674938201904">
        <ele>1256.0996090000001</ele>
        <time>2014-11-29T08:09:43Z</time>
      </trkpt>
      <trkpt lat="-6.727095376700163" lon="107.01723385602236">
        <ele>1253.2158199999999</ele>
        <time>2014-11-29T08:09:49Z</time>
      </trkpt>
      <trkpt lat="-6.727046007290483" lon="107.0173629373312">
        <ele>1251.7739260000001</ele>
        <time>2014-11-29T08:09:51Z</time>
      </trkpt>
      <trkpt lat="-6.726715173572302" lon="107.01790172606707">
        <ele>1248.4091800000001</ele>
        <time>2014-11-29T08:10:02Z</time>
      </trkpt>
      <trkpt lat="-6.726545272395015" lon="107.01862416230142">
        <ele>1244.083496</ele>
        <time>2014-11-29T08:10:14Z</time>
      </trkpt>
      <trkpt lat="-6.726521551609039" lon="107.01909371651709">
        <ele>1242.1606449999999</ele>
        <time>2014-11-29T08:10:20Z</time>
      </trkpt>
      <trkpt lat="-6.726448629051447" lon="107.01949168927968">
        <ele>1240.2380370000001</ele>
        <time>2014-11-29T08:10:25Z</time>
      </trkpt>
      <trkpt lat="-6.726320050656796" lon="107.01995789073408">
        <ele>1236.8732910000001</ele>
        <time>2014-11-29T08:10:31Z</time>
      </trkpt>
      <trkpt lat="-6.72629976645112" lon="107.02003131620586">
        <ele>1236.392822</ele>
        <time>2014-11-29T08:10:32Z</time>
      </trkpt>
      <trkpt lat="-6.725911516696215" lon="107.02065727673471">
        <ele>1233.0280760000001</ele>
        <time>2014-11-29T08:10:43Z</time>
      </trkpt>
      <trkpt lat="-6.725833732634783" lon="107.02076615765691">
        <ele>1232.0668949999999</ele>
        <time>2014-11-29T08:10:45Z</time>
      </trkpt>
      <trkpt lat="-6.725693503394723" lon="107.02113906852901">
        <ele>1228.2216800000001</ele>
        <time>2014-11-29T08:10:51Z</time>
      </trkpt>
      <trkpt lat="-6.725603565573692" lon="107.02134660445154">
        <ele>1226.7795410000001</ele>
        <time>2014-11-29T08:10:54Z</time>
      </trkpt>
      <trkpt lat="-6.725461408495903" lon="107.02149957418442">
        <ele>1225.3374020000001</ele>
        <time>2014-11-29T08:10:57Z</time>
      </trkpt>
      <trkpt lat="-6.725229397416115" lon="107.02174952253699">
        <ele>1221.9729</ele>
        <time>2014-11-29T08:11:01Z</time>
      </trkpt>
      <trkpt lat="-6.725054383277893" lon="107.02192998491228">
        <ele>1219.5698239999999</ele>
        <time>2014-11-29T08:11:04Z</time>
      </trkpt>
      <trkpt lat="-6.724841734394431" lon="107.02205395326018">
        <ele>1217.166504</ele>
        <time>2014-11-29T08:11:07Z</time>
      </trkpt>
      <trkpt lat="-6.724658003076911" lon="107.0222257822752">
        <ele>1213.321289</ele>
        <time>2014-11-29T08:11:10Z</time>
      </trkpt>
      <trkpt lat="-6.724599413573742" lon="107.0222844555974">
        <ele>1213.8017580000001</ele>
        <time>2014-11-29T08:11:11Z</time>
      </trkpt>
      <trkpt lat="-6.724487850442529" lon="107.02239593490958">
        <ele>1211.3984379999999</ele>
        <time>2014-11-29T08:11:13Z</time>
      </trkpt>
      <trkpt lat="-6.724175959825516" lon="107.02256851829588">
        <ele>1208.9951169999999</ele>
        <time>2014-11-29T08:11:18Z</time>
      </trkpt>
      <trkpt lat="-6.723933219909668" lon="107.02273598872125">
        <ele>1205.1499020000001</ele>
        <time>2014-11-29T08:11:22Z</time>
      </trkpt>
      <trkpt lat="-6.723877983167768" lon="107.02279122546315">
        <ele>1205.1499020000001</ele>
        <time>2014-11-29T08:11:23Z</time>
      </trkpt>
      <trkpt lat="-6.723555447533727" lon="107.0230426825583">
        <ele>1199.862793</ele>
        <time>2014-11-29T08:11:28Z</time>
      </trkpt>
      <trkpt lat="-6.723329890519381" lon="107.02331031672657">
        <ele>1198.420654</ele>
        <time>2014-11-29T08:11:32Z</time>
      </trkpt>
      <trkpt lat="-6.723224949091673" lon="107.02354651875794">
        <ele>1196.017578</ele>
        <time>2014-11-29T08:11:35Z</time>
      </trkpt>
      <trkpt lat="-6.7227952927351" lon="107.0240268856287">
        <ele>1194.5751949999999</ele>
        <time>2014-11-29T08:11:44Z</time>
      </trkpt>
      <trkpt lat="-6.722262958064675" lon="107.02464438043535">
        <ele>1190.7299800000001</ele>
        <time>2014-11-29T08:11:55Z</time>
      </trkpt>
      <trkpt lat="-6.721973698586226" lon="107.0249799080193">
        <ele>1186.8847659999999</ele>
        <time>2014-11-29T08:12:00Z</time>
      </trkpt>
      <trkpt lat="-6.721526859328151" lon="107.02552976086736">
        <ele>1184.0009769999999</ele>
        <time>2014-11-29T08:12:08Z</time>
      </trkpt>
      <trkpt lat="-6.721071721985936" lon="107.02611557208002">
        <ele>1180.636475</ele>
        <time>2014-11-29T08:12:17Z</time>
      </trkpt>
      <trkpt lat="-6.720920596271753" lon="107.02637800946832">
        <ele>1176.7910159999999</ele>
        <time>2014-11-29T08:12:21Z</time>
      </trkpt>
      <trkpt lat="-6.720820432528853" lon="107.02660566195846">
        <ele>1172.9458010000001</ele>
        <time>2014-11-29T08:12:25Z</time>
      </trkpt>
      <trkpt lat="-6.720638126134872" lon="107.02708845958114">
        <ele>1169.100586</ele>
        <time>2014-11-29T08:12:35Z</time>
      </trkpt>
      <trkpt lat="-6.720608118921518" lon="107.02717387117445">
        <ele>1168.1391599999999</ele>
        <time>2014-11-29T08:12:43Z</time>
      </trkpt>
      <trkpt lat="-6.720500914379954" lon="107.02747888863087">
        <ele>1165.255371</ele>
        <time>2014-11-29T08:12:51Z</time>
      </trkpt>
      <trkpt lat="-6.720316344872117" lon="107.02802907675505">
        <ele>1162.3710940000001</ele>
        <time>2014-11-29T08:13:01Z</time>
      </trkpt>
      <trkpt lat="-6.720138816162944" lon="107.02858144417405">
        <ele>1159.4873050000001</ele>
        <time>2014-11-29T08:13:08Z</time>
      </trkpt>
      <trkpt lat="-6.720056673511863" lon="107.02891806140542">
        <ele>1156.1225589999999</ele>
        <time>2014-11-29T08:13:12Z</time>
      </trkpt>
      <trkpt lat="-6.720037227496505" lon="107.02899802476168">
        <ele>1156.1225589999999</ele>
        <time>2014-11-29T08:13:13Z</time>
      </trkpt>
      <trkpt lat="-6.719967573881149" lon="107.02928342856467">
        <ele>1154.2001949999999</ele>
        <time>2014-11-29T08:13:17Z</time>
      </trkpt>
      <trkpt lat="-6.719938656315208" lon="107.02939951792359">
        <ele>1153.719482</ele>
        <time>2014-11-29T08:13:19Z</time>
      </trkpt>
      <trkpt lat="-6.719716787338257" lon="107.03028925694525">
        <ele>1149.874268</ele>
        <time>2014-11-29T08:13:34Z</time>
      </trkpt>
      <trkpt lat="-6.719714943319559" lon="107.03042236156762">
        <ele>1148.912842</ele>
        <time>2014-11-29T08:13:36Z</time>
      </trkpt>
      <trkpt lat="-6.719743274152279" lon="107.03064112924039">
        <ele>1146.98999</ele>
        <time>2014-11-29T08:13:39Z</time>
      </trkpt>
      <trkpt lat="-6.719793314114213" lon="107.03102719970047">
        <ele>1143.144775</ele>
        <time>2014-11-29T08:13:44Z</time>
      </trkpt>
      <trkpt lat="-6.71982198022306" lon="107.03124823048711">
        <ele>1141.222168</ele>
        <time>2014-11-29T08:13:47Z</time>
      </trkpt>
      <trkpt lat="-6.719846958294511" lon="107.0314405951649">
        <ele>1139.7802730000001</ele>
        <time>2014-11-29T08:13:50Z</time>
      </trkpt>
      <trkpt lat="-6.719832625240088" lon="107.03156540170312">
        <ele>1137.8576660000001</ele>
        <time>2014-11-29T08:13:53Z</time>
      </trkpt>
      <trkpt lat="-6.719820555299521" lon="107.03159247525036">
        <ele>1135.9350589999999</ele>
        <time>2014-11-29T08:13:54Z</time>
      </trkpt>
      <trkpt lat="-6.719787865877152" lon="107.03166623599827">
        <ele>1134.493164</ele>
        <time>2014-11-29T08:14:04Z</time>
      </trkpt>
      <trkpt lat="-6.720157340168953" lon="107.03188609331846">
        <ele>1133.051025</ele>
        <time>2014-11-29T08:14:15Z</time>
      </trkpt>
      <trkpt lat="-6.720611471682787" lon="107.03208675608039">
        <ele>1129.686279</ele>
        <time>2014-11-29T08:14:24Z</time>
      </trkpt>
      <trkpt lat="-6.720729824155569" lon="107.03215247020125">
        <ele>1129.2055660000001</ele>
        <time>2014-11-29T08:14:26Z</time>
      </trkpt>
      <trkpt lat="-6.721485368907452" lon="107.03254063613713">
        <ele>1126.3217770000001</ele>
        <time>2014-11-29T08:14:38Z</time>
      </trkpt>
      <trkpt lat="-6.721895495429635" lon="107.03273174352944">
        <ele>1122.957275</ele>
        <time>2014-11-29T08:14:44Z</time>
      </trkpt>
      <trkpt lat="-6.722949184477329" lon="107.0329153072089">
        <ele>1121.99585</ele>
        <time>2014-11-29T08:14:56Z</time>
      </trkpt>
      <trkpt lat="-6.723226960748434" lon="107.0331793371588">
        <ele>1126.3217770000001</ele>
        <time>2014-11-29T08:15:01Z</time>
      </trkpt>
      <trkpt lat="-6.723260404542089" lon="107.03325460664928">
        <ele>1126.3217770000001</ele>
        <time>2014-11-29T08:15:02Z</time>
      </trkpt>
      <trkpt lat="-6.723268032073975" lon="107.03327178955078">
        <ele>1128.7250979999999</ele>
        <time>2014-11-29T08:15:05Z</time>
      </trkpt>
      <trkpt lat="-6.723267026245594" lon="107.03431743197143">
        <ele>1126.3217770000001</ele>
        <time>2014-11-29T08:15:14Z</time>
      </trkpt>
      <trkpt lat="-6.723291585221887" lon="107.03459403477609">
        <ele>1121.99585</ele>
        <time>2014-11-29T08:15:18Z</time>
      </trkpt>
      <trkpt lat="-6.723315725103021" lon="107.03486510552466">
        <ele>1119.112061</ele>
        <time>2014-11-29T08:15:22Z</time>
      </trkpt>
      <trkpt lat="-6.723322262987495" lon="107.03493869863451">
        <ele>1119.112061</ele>
        <time>2014-11-29T08:15:23Z</time>
      </trkpt>
      <trkpt lat="-6.7233772482723" lon="107.03523793257773">
        <ele>1117.189453</ele>
        <time>2014-11-29T08:15:27Z</time>
      </trkpt>
      <trkpt lat="-6.723586041480303" lon="107.03598341904581">
        <ele>1113.8244629999999</ele>
        <time>2014-11-29T08:15:37Z</time>
      </trkpt>
      <trkpt lat="-6.723676733672619" lon="107.03619849868119">
        <ele>1112.8632809999999</ele>
        <time>2014-11-29T08:15:40Z</time>
      </trkpt>
      <trkpt lat="-6.724050063639879" lon="107.0365209504962">
        <ele>1110.459961</ele>
        <time>2014-11-29T08:15:46Z</time>
      </trkpt>
      <trkpt lat="-6.724211666733027" lon="107.03659957274795">
        <ele>1109.498779</ele>
        <time>2014-11-29T08:15:48Z</time>
      </trkpt>
      <trkpt lat="-6.72447863034904" lon="107.03661600127816">
        <ele>1107.576172</ele>
        <time>2014-11-29T08:15:51Z</time>
      </trkpt>
      <trkpt lat="-6.724930163472891" lon="107.03655062243342">
        <ele>1105.653564</ele>
        <time>2014-11-29T08:15:56Z</time>
      </trkpt>
      <trkpt lat="-6.725364178419113" lon="107.03636462800205">
        <ele>1102.7695309999999</ele>
        <time>2014-11-29T08:16:01Z</time>
      </trkpt>
      <trkpt lat="-6.725829374045134" lon="107.03612230718136">
        <ele>1099.4047849999999</ele>
        <time>2014-11-29T08:16:07Z</time>
      </trkpt>
      <trkpt lat="-6.726043112576008" lon="107.03597269020975">
        <ele>1098.4433590000001</ele>
        <time>2014-11-29T08:16:10Z</time>
      </trkpt>
      <trkpt lat="-6.726347291842103" lon="107.03575978986919">
        <ele>1096.520996</ele>
        <time>2014-11-29T08:16:14Z</time>
      </trkpt>
      <trkpt lat="-6.726601095870137" lon="107.03563213348389">
        <ele>1095.078857</ele>
        <time>2014-11-29T08:16:18Z</time>
      </trkpt>
      <trkpt lat="-6.726839980110526" lon="107.0357331354171">
        <ele>1095.078857</ele>
        <time>2014-11-29T08:16:24Z</time>
      </trkpt>
      <trkpt lat="-6.726841824129224" lon="107.0362497959286">
        <ele>1096.520996</ele>
        <time>2014-11-29T08:16:31Z</time>
      </trkpt>
      <trkpt lat="-6.726795639842749" lon="107.03632003627717">
        <ele>1096.520996</ele>
        <time>2014-11-29T08:16:32Z</time>
      </trkpt>
      <trkpt lat="-6.726320637390018" lon="107.03686008229852">
        <ele>1100.8469239999999</ele>
        <time>2014-11-29T08:16:41Z</time>
      </trkpt>
      <trkpt lat="-6.726266909390688" lon="107.03691087663174">
        <ele>1100.8469239999999</ele>
        <time>2014-11-29T08:16:42Z</time>
      </trkpt>
      <trkpt lat="-6.726101702079177" lon="107.03705906867981">
        <ele>1101.3276370000001</ele>
        <time>2014-11-29T08:16:45Z</time>
      </trkpt>
      <trkpt lat="-6.725546568632126" lon="107.03735645860434">
        <ele>1102.7695309999999</ele>
        <time>2014-11-29T08:16:52Z</time>
      </trkpt>
      <trkpt lat="-6.725344900041819" lon="107.0376050658524">
        <ele>1104.2116699999999</ele>
        <time>2014-11-29T08:16:55Z</time>
      </trkpt>
      <trkpt lat="-6.725245658308268" lon="107.03819381073117">
        <ele>1107.576172</ele>
        <time>2014-11-29T08:17:01Z</time>
      </trkpt>
      <trkpt lat="-6.72526091337204" lon="107.03836983069777">
        <ele>1108.056885</ele>
        <time>2014-11-29T08:17:03Z</time>
      </trkpt>
      <trkpt lat="-6.725415559485555" lon="107.03878993168473">
        <ele>1109.0180660000001</ele>
        <time>2014-11-29T08:17:08Z</time>
      </trkpt>
      <trkpt lat="-6.72580573707819" lon="107.03917558304965">
        <ele>1109.498779</ele>
        <time>2014-11-29T08:17:15Z</time>
      </trkpt>
      <trkpt lat="-6.726263640448451" lon="107.0394722186029">
        <ele>1107.0954589999999</ele>
        <time>2014-11-29T08:17:25Z</time>
      </trkpt>
      <trkpt lat="-6.726558348163962" lon="107.03964220359921">
        <ele>1105.653564</ele>
        <time>2014-11-29T08:17:37Z</time>
      </trkpt>
      <trkpt lat="-6.726963697001338" lon="107.03982258215547">
        <ele>1105.1728519999999</ele>
        <time>2014-11-29T08:17:50Z</time>
      </trkpt>
      <trkpt lat="-6.727087832987309" lon="107.03987387940288">
        <ele>1104.692139</ele>
        <time>2014-11-29T08:17:55Z</time>
      </trkpt>
      <trkpt lat="-6.727217165753245" lon="107.03992718830705">
        <ele>1105.653564</ele>
        <time>2014-11-29T08:17:58Z</time>
      </trkpt>
      <trkpt lat="-6.727647241204977" lon="107.0401004422456">
        <ele>1105.1728519999999</ele>
        <time>2014-11-29T08:18:11Z</time>
      </trkpt>
      <trkpt lat="-6.728106485679746" lon="107.04027428291738">
        <ele>1104.2116699999999</ele>
        <time>2014-11-29T08:18:21Z</time>
      </trkpt>
      <trkpt lat="-6.728173121809959" lon="107.04028962180018">
        <ele>1104.692139</ele>
        <time>2014-11-29T08:18:25Z</time>
      </trkpt>
      <trkpt lat="-6.728150742128491" lon="107.04028450883925">
        <ele>1104.692139</ele>
        <time>2014-11-29T08:18:41Z</time>
      </trkpt>
    </trkseg>
  </trk>

  <trk>
    <name>Pos G.Putri - Surken</name>
    <extensions>
      <gpxx:TrackExtension>
        <gpxx:DisplayColor>Red</gpxx:DisplayColor>
      </gpxx:TrackExtension>
    </extensions>
    <trkseg>
      <trkpt lat="-6.757684210315347" lon="107.00821719132364">
        <ele>1570.450928</ele>
        <time>2014-11-28T18:44:07Z</time>
      </trkpt>
      <trkpt lat="-6.757683539763093" lon="107.00821635313332">
        <ele>1570.450928</ele>
        <time>2014-11-28T18:44:08Z</time>
      </trkpt>
      <trkpt lat="-6.757733831182122" lon="107.00824761763215">
        <ele>1574.7768550000001</ele>
        <time>2014-11-28T18:51:34Z</time>
      </trkpt>
      <trkpt lat="-6.757738273590803" lon="107.00825750827789">
        <ele>1578.6220699999999</ele>
        <time>2014-11-28T18:51:39Z</time>
      </trkpt>
      <trkpt lat="-6.757743218913674" lon="107.00825943611562">
        <ele>1580.0642089999999</ele>
        <time>2014-11-28T18:51:41Z</time>
      </trkpt>
      <trkpt lat="-6.757742464542389" lon="107.00825775973499">
        <ele>1583.428711</ele>
        <time>2014-11-28T18:51:45Z</time>
      </trkpt>
      <trkpt lat="-6.757740955799818" lon="107.00825516134501">
        <ele>1586.7932129999999</ele>
        <time>2014-11-28T18:51:48Z</time>
      </trkpt>
      <trkpt lat="-6.757742213085294" lon="107.00825817883015">
        <ele>1586.3127440000001</ele>
        <time>2014-11-28T18:51:49Z</time>
      </trkpt>
      <trkpt lat="-6.75773031078279" lon="107.00824636034667">
        <ele>1589.677246</ele>
        <time>2014-11-28T18:51:58Z</time>
      </trkpt>
      <trkpt lat="-6.757731065154076" lon="107.00824921019375">
        <ele>1590.638428</ele>
        <time>2014-11-28T18:52:02Z</time>
      </trkpt>
      <trkpt lat="-6.757732154801488" lon="107.00825138948858">
        <ele>1593.522461</ele>
        <time>2014-11-28T18:52:08Z</time>
      </trkpt>
      <trkpt lat="-6.757727460935712" lon="107.00825247913599">
        <ele>1597.3679199999999</ele>
        <time>2014-11-28T18:52:18Z</time>
      </trkpt>
      <trkpt lat="-6.757680103182793" lon="107.00828332453966">
        <ele>1600.251953</ele>
        <time>2014-11-28T18:52:40Z</time>
      </trkpt>
      <trkpt lat="-6.757693681865931" lon="107.00822247192264">
        <ele>1600.732422</ele>
        <time>2014-11-28T18:52:59Z</time>
      </trkpt>
      <trkpt lat="-6.757811699062586" lon="107.00814619660378">
        <ele>1602.655029</ele>
        <time>2014-11-28T18:53:22Z</time>
      </trkpt>
      <trkpt lat="-6.757934326305986" lon="107.00805298984051">
        <ele>1604.5776370000001</ele>
        <time>2014-11-28T18:53:47Z</time>
      </trkpt>
      <trkpt lat="-6.757953269407153" lon="107.00791929848492">
        <ele>1607.4616699999999</ele>
        <time>2014-11-28T18:54:11Z</time>
      </trkpt>
      <trkpt lat="-6.758081177249551" lon="107.00782852247357">
        <ele>1610.826172</ele>
        <time>2014-11-28T18:54:35Z</time>
      </trkpt>
      <trkpt lat="-6.758206905797124" lon="107.00772450305521">
        <ele>1613.229736</ele>
        <time>2014-11-28T18:55:00Z</time>
      </trkpt>
      <trkpt lat="-6.758344955742359" lon="107.00761780142784">
        <ele>1616.5942379999999</ele>
        <time>2014-11-28T18:55:24Z</time>
      </trkpt>
      <trkpt lat="-6.758430451154709" lon="107.0075286179781">
        <ele>1618.0361330000001</ele>
        <time>2014-11-28T18:55:47Z</time>
      </trkpt>
      <trkpt lat="-6.758542098104954" lon="107.00743549503386">
        <ele>1620.9201660000001</ele>
        <time>2014-11-28T18:56:11Z</time>
      </trkpt>
      <trkpt lat="-6.758629269897938" lon="107.00739048421383">
        <ele>1623.323486</ele>
        <time>2014-11-28T18:56:28Z</time>
      </trkpt>
      <trkpt lat="-6.758756674826145" lon="107.007314292714">
        <ele>1625.7265620000001</ele>
        <time>2014-11-28T18:56:51Z</time>
      </trkpt>
      <trkpt lat="-6.758806128054857" lon="107.00728026218712">
        <ele>1626.6879879999999</ele>
        <time>2014-11-28T18:57:09Z</time>
      </trkpt>
      <trkpt lat="-6.758844517171383" lon="107.00723935849965">
        <ele>1628.6108400000001</ele>
        <time>2014-11-28T18:57:24Z</time>
      </trkpt>
      <trkpt lat="-6.758875111117959" lon="107.00720759108663">
        <ele>1629.5720209999999</ele>
        <time>2014-11-28T18:58:00Z</time>
      </trkpt>
      <trkpt lat="-6.758909644559026" lon="107.00716610066593">
        <ele>1630.533447</ele>
        <time>2014-11-28T18:58:10Z</time>
      </trkpt>
      <trkpt lat="-6.758982064202428" lon="107.00709292665124">
        <ele>1633.8979489999999</ele>
        <time>2014-11-28T18:58:29Z</time>
      </trkpt>
      <trkpt lat="-6.759011736139655" lon="107.00706945732236">
        <ele>1634.859375</ele>
        <time>2014-11-28T18:58:35Z</time>
      </trkpt>
      <trkpt lat="-6.759089017286897" lon="107.00697591528296">
        <ele>1637.2624510000001</ele>
        <time>2014-11-28T18:58:55Z</time>
      </trkpt>
      <trkpt lat="-6.759141236543655" lon="107.00691497884691">
        <ele>1638.2238769999999</ele>
        <time>2014-11-28T18:59:09Z</time>
      </trkpt>
      <trkpt lat="-6.75921575166285" lon="107.00689109042287">
        <ele>1641.588379</ele>
        <time>2014-11-28T18:59:22Z</time>
      </trkpt>
      <trkpt lat="-6.759294960647821" lon="107.00682085007429">
        <ele>1643.0302730000001</ele>
        <time>2014-11-28T18:59:42Z</time>
      </trkpt>
      <trkpt lat="-6.759308874607086" lon="107.00680928304791">
        <ele>1643.510986</ele>
        <time>2014-11-28T19:00:08Z</time>
      </trkpt>
      <trkpt lat="-6.759357238188386" lon="107.00676796026528">
        <ele>1645.4338379999999</ele>
        <time>2014-11-28T19:00:38Z</time>
      </trkpt>
      <trkpt lat="-6.759428149089217" lon="107.00670082122087">
        <ele>1646.875732</ele>
        <time>2014-11-28T19:01:05Z</time>
      </trkpt>
      <trkpt lat="-6.759515069425106" lon="107.00659998692572">
        <ele>1649.279053</ele>
        <time>2014-11-28T19:01:23Z</time>
      </trkpt>
      <trkpt lat="-6.759609282016754" lon="107.00650133192539">
        <ele>1651.2016599999999</ele>
        <time>2014-11-28T19:01:42Z</time>
      </trkpt>
      <trkpt lat="-6.75974490121007" lon="107.00638926587999">
        <ele>1654.085693</ele>
        <time>2014-11-28T19:02:06Z</time>
      </trkpt>
      <trkpt lat="-6.75987440161407" lon="107.00630460865796">
        <ele>1656.4887699999999</ele>
        <time>2014-11-28T19:02:24Z</time>
      </trkpt>
      <trkpt lat="-6.760009601712227" lon="107.00618810020387">
        <ele>1658.8920900000001</ele>
        <time>2014-11-28T19:02:47Z</time>
      </trkpt>
      <trkpt lat="-6.760124182328582" lon="107.00608567334712">
        <ele>1662.256836</ele>
        <time>2014-11-28T19:03:08Z</time>
      </trkpt>
      <trkpt lat="-6.760129211470485" lon="107.0060798060149">
        <ele>1662.256836</ele>
        <time>2014-11-28T19:03:09Z</time>
      </trkpt>
      <trkpt lat="-6.760227363556624" lon="107.00595273636281">
        <ele>1665.1408690000001</ele>
        <time>2014-11-28T19:03:33Z</time>
      </trkpt>
      <trkpt lat="-6.760285953059793" lon="107.00588618405163">
        <ele>1667.5439449999999</ele>
        <time>2014-11-28T19:03:49Z</time>
      </trkpt>
      <trkpt lat="-6.760328533127904" lon="107.00584947131574">
        <ele>1668.505371</ele>
        <time>2014-11-28T19:04:07Z</time>
      </trkpt>
      <trkpt lat="-6.760413441807032" lon="107.00576581992209">
        <ele>1671.3891599999999</ele>
        <time>2014-11-28T19:04:27Z</time>
      </trkpt>
      <trkpt lat="-6.760549563914537" lon="107.0057203900069">
        <ele>1670.4279790000001</ele>
        <time>2014-11-28T19:04:46Z</time>
      </trkpt>
      <trkpt lat="-6.760674621909857" lon="107.00570655986667">
        <ele>1668.9860839999999</ele>
        <time>2014-11-28T19:05:02Z</time>
      </trkpt>
      <trkpt lat="-6.760682668536902" lon="107.00570488348603">
        <ele>1673.3120120000001</ele>
        <time>2014-11-28T19:05:03Z</time>
      </trkpt>
      <trkpt lat="-6.76075978204608" lon="107.00570605695248">
        <ele>1673.7924800000001</ele>
        <time>2014-11-28T19:05:14Z</time>
      </trkpt>
      <trkpt lat="-6.760900933295488" lon="107.00568954460323">
        <ele>1669.9472659999999</ele>
        <time>2014-11-28T19:05:35Z</time>
      </trkpt>
      <trkpt lat="-6.76102900877595" lon="107.00559918768704">
        <ele>1669.9472659999999</ele>
        <time>2014-11-28T19:05:56Z</time>
      </trkpt>
      <trkpt lat="-6.761105535551906" lon="107.00553322210908">
        <ele>1671.3891599999999</ele>
        <time>2014-11-28T19:06:07Z</time>
      </trkpt>
      <trkpt lat="-6.761181894689798" lon="107.00550371780992">
        <ele>1671.3891599999999</ele>
        <time>2014-11-28T19:06:17Z</time>
      </trkpt>
      <trkpt lat="-6.761203436180949" lon="107.00550707057118">
        <ele>1671.8698730000001</ele>
        <time>2014-11-28T19:06:19Z</time>
      </trkpt>
      <trkpt lat="-6.7613544780761" lon="107.00549189932644">
        <ele>1670.4279790000001</ele>
        <time>2014-11-28T19:06:35Z</time>
      </trkpt>
      <trkpt lat="-6.761522786691785" lon="107.00549458153546">
        <ele>1671.8698730000001</ele>
        <time>2014-11-28T19:06:53Z</time>
      </trkpt>
      <trkpt lat="-6.761682629585266" lon="107.00550941750407">
        <ele>1671.8698730000001</ele>
        <time>2014-11-28T19:07:11Z</time>
      </trkpt>
      <trkpt lat="-6.761738453060389" lon="107.00553104281425">
        <ele>1673.3120120000001</ele>
        <time>2014-11-28T19:07:18Z</time>
      </trkpt>
      <trkpt lat="-6.761868791654706" lon="107.00553590431809">
        <ele>1673.7924800000001</ele>
        <time>2014-11-28T19:07:38Z</time>
      </trkpt>
      <trkpt lat="-6.761917490512133" lon="107.00554034672678">
        <ele>1674.273193</ele>
        <time>2014-11-28T19:07:53Z</time>
      </trkpt>
      <trkpt lat="-6.762078674510121" lon="107.00547161512077">
        <ele>1675.7150879999999</ele>
        <time>2014-11-28T19:08:17Z</time>
      </trkpt>
      <trkpt lat="-6.762133408337832" lon="107.00545828789473">
        <ele>1676.6767580000001</ele>
        <time>2014-11-28T19:08:39Z</time>
      </trkpt>
      <trkpt lat="-6.762150591239333" lon="107.00547806918621">
        <ele>1676.6767580000001</ele>
        <time>2014-11-28T19:09:00Z</time>
      </trkpt>
      <trkpt lat="-6.762156626209617" lon="107.00548058375716">
        <ele>1677.157471</ele>
        <time>2014-11-28T19:09:08Z</time>
      </trkpt>
      <trkpt lat="-6.762238936498761" lon="107.00540439225733">
        <ele>1678.599365</ele>
        <time>2014-11-28T19:09:31Z</time>
      </trkpt>
      <trkpt lat="-6.76229115575552" lon="107.00527413748205">
        <ele>1681.9638669999999</ele>
        <time>2014-11-28T19:09:51Z</time>
      </trkpt>
      <trkpt lat="-6.762365670874715" lon="107.00512519106269">
        <ele>1685.3283690000001</ele>
        <time>2014-11-28T19:10:16Z</time>
      </trkpt>
      <trkpt lat="-6.762492572888732" lon="107.00500155799091">
        <ele>1687.731689</ele>
        <time>2014-11-28T19:10:39Z</time>
      </trkpt>
      <trkpt lat="-6.762523585930467" lon="107.00494213029742">
        <ele>1688.693115</ele>
        <time>2014-11-28T19:10:47Z</time>
      </trkpt>
      <trkpt lat="-6.762597262859345" lon="107.00484883971512">
        <ele>1690.13501</ele>
        <time>2014-11-28T19:11:03Z</time>
      </trkpt>
      <trkpt lat="-6.762709328904748" lon="107.00476250611246">
        <ele>1692.5385739999999</ele>
        <time>2014-11-28T19:11:23Z</time>
      </trkpt>
      <trkpt lat="-6.762805050238967" lon="107.00470383279026">
        <ele>1694.4609379999999</ele>
        <time>2014-11-28T19:11:42Z</time>
      </trkpt>
      <trkpt lat="-6.762852072715759" lon="107.00462688691914">
        <ele>1697.344971</ele>
        <time>2014-11-28T19:11:58Z</time>
      </trkpt>
      <trkpt lat="-6.762916697189212" lon="107.00454675592482">
        <ele>1700.229004</ele>
        <time>2014-11-28T19:12:19Z</time>
      </trkpt>
      <trkpt lat="-6.762986434623599" lon="107.00447282753885">
        <ele>1702.6320800000001</ele>
        <time>2014-11-28T19:12:36Z</time>
      </trkpt>
      <trkpt lat="-6.763048879802227" lon="107.00436159968376">
        <ele>1703.5935059999999</ele>
        <time>2014-11-28T19:12:59Z</time>
      </trkpt>
      <trkpt lat="-6.763099171221256" lon="107.00429890304804">
        <ele>1704.5546879999999</ele>
        <time>2014-11-28T19:13:23Z</time>
      </trkpt>
      <trkpt lat="-6.763179050758481" lon="107.00421684421599">
        <ele>1704.5546879999999</ele>
        <time>2014-11-28T19:13:41Z</time>
      </trkpt>
      <trkpt lat="-6.763327578082681" lon="107.00408860109746">
        <ele>1705.5161129999999</ele>
        <time>2014-11-28T19:14:05Z</time>
      </trkpt>
      <trkpt lat="-6.763375774025917" lon="107.00404669158161">
        <ele>1706.4772949999999</ele>
        <time>2014-11-28T19:14:21Z</time>
      </trkpt>
      <trkpt lat="-6.763463532552123" lon="107.00397234410048">
        <ele>1706.9580080000001</ele>
        <time>2014-11-28T19:15:11Z</time>
      </trkpt>
      <trkpt lat="-6.763563025742769" lon="107.00388852506876">
        <ele>1707.9194339999999</ele>
        <time>2014-11-28T19:15:32Z</time>
      </trkpt>
      <trkpt lat="-6.763666709885001" lon="107.00380680151284">
        <ele>1708.8808590000001</ele>
        <time>2014-11-28T19:15:55Z</time>
      </trkpt>
      <trkpt lat="-6.763854632154107" lon="107.0037239883095">
        <ele>1707.9194339999999</ele>
        <time>2014-11-28T19:16:23Z</time>
      </trkpt>
      <trkpt lat="-6.763929231092334" lon="107.00372683815658">
        <ele>1708.8808590000001</ele>
        <time>2014-11-28T19:16:48Z</time>
      </trkpt>
      <trkpt lat="-6.76397348754108" lon="107.00374569743872">
        <ele>1708.8808590000001</ele>
        <time>2014-11-28T19:16:58Z</time>
      </trkpt>
      <trkpt lat="-6.764104915782809" lon="107.00369129888713">
        <ele>1708.8808590000001</ele>
        <time>2014-11-28T19:17:18Z</time>
      </trkpt>
      <trkpt lat="-6.764212371781468" lon="107.00365986675024">
        <ele>1705.5161129999999</ele>
        <time>2014-11-28T19:17:37Z</time>
      </trkpt>
      <trkpt lat="-6.764234667643905" lon="107.00366078875959">
        <ele>1705.5161129999999</ele>
        <time>2014-11-28T19:17:53Z</time>
      </trkpt>
      <trkpt lat="-6.764213293790817" lon="107.00365265831351">
        <ele>1705.0354</ele>
        <time>2014-11-28T19:18:27Z</time>
      </trkpt>
      <trkpt lat="-6.764212204143405" lon="107.00365651398897">
        <ele>1708.4001459999999</ele>
        <time>2014-11-28T19:18:33Z</time>
      </trkpt>
      <trkpt lat="-6.764208432286978" lon="107.00366313569248">
        <ele>1703.5935059999999</ele>
        <time>2014-11-28T19:18:35Z</time>
      </trkpt>
      <trkpt lat="-6.76420709118247" lon="107.00366657227278">
        <ele>1708.4001459999999</ele>
        <time>2014-11-28T19:18:37Z</time>
      </trkpt>
      <trkpt lat="-6.76420709118247" lon="107.00366581790149">
        <ele>1705.0354</ele>
        <time>2014-11-28T19:18:38Z</time>
      </trkpt>
      <trkpt lat="-6.764240451157093" lon="107.00365827418864">
        <ele>1709.361572</ele>
        <time>2014-11-28T19:18:47Z</time>
      </trkpt>
      <trkpt lat="-6.764237266033888" lon="107.00365919619799">
        <ele>1705.996582</ele>
        <time>2014-11-28T19:18:48Z</time>
      </trkpt>
      <trkpt lat="-6.764216646552086" lon="107.00368543155491">
        <ele>1706.9580080000001</ele>
        <time>2014-11-28T19:19:50Z</time>
      </trkpt>
      <trkpt lat="-6.764246067032218" lon="107.00363916344941">
        <ele>1707.438721</ele>
        <time>2014-11-28T19:27:10Z</time>
      </trkpt>
      <trkpt lat="-6.764236595481634" lon="107.00371820479631">
        <ele>1707.9194339999999</ele>
        <time>2014-11-28T19:33:55Z</time>
      </trkpt>
      <trkpt lat="-6.764244725927711" lon="107.00386446900666">
        <ele>1711.2841800000001</ele>
        <time>2014-11-28T19:34:15Z</time>
      </trkpt>
      <trkpt lat="-6.764342375099659" lon="107.00396086089313">
        <ele>1712.7260739999999</ele>
        <time>2014-11-28T19:34:33Z</time>
      </trkpt>
      <trkpt lat="-6.764367688447237" lon="107.00397854670882">
        <ele>1713.2067870000001</ele>
        <time>2014-11-28T19:34:57Z</time>
      </trkpt>
      <trkpt lat="-6.764409346506" lon="107.0040178578347">
        <ele>1711.2841800000001</ele>
        <time>2014-11-28T19:35:16Z</time>
      </trkpt>
      <trkpt lat="-6.764454441145062" lon="107.00410662218928">
        <ele>1712.245361</ele>
        <time>2014-11-28T19:35:33Z</time>
      </trkpt>
      <trkpt lat="-6.764480760321021" lon="107.00413394719362">
        <ele>1714.648682</ele>
        <time>2014-11-28T19:35:50Z</time>
      </trkpt>
      <trkpt lat="-6.76454714499414" lon="107.00420158915222">
        <ele>1717.532471</ele>
        <time>2014-11-28T19:36:11Z</time>
      </trkpt>
      <trkpt lat="-6.764624426141381" lon="107.00419739820063">
        <ele>1720.416504</ele>
        <time>2014-11-28T19:36:34Z</time>
      </trkpt>
      <trkpt lat="-6.764685865491629" lon="107.00421676039696">
        <ele>1721.8583980000001</ele>
        <time>2014-11-28T19:37:21Z</time>
      </trkpt>
      <trkpt lat="-6.76476901397109" lon="107.00417962856591">
        <ele>1725.703857</ele>
        <time>2014-11-28T19:37:42Z</time>
      </trkpt>
      <trkpt lat="-6.764885522425175" lon="107.00410067103803">
        <ele>1729.0683590000001</ele>
        <time>2014-11-28T19:38:06Z</time>
      </trkpt>
      <trkpt lat="-6.764940172433853" lon="107.00404459610581">
        <ele>1731.952393</ele>
        <time>2014-11-28T19:38:30Z</time>
      </trkpt>
      <trkpt lat="-6.764969509094954" lon="107.00397678650916">
        <ele>1735.797607</ele>
        <time>2014-11-28T19:39:11Z</time>
      </trkpt>
      <trkpt lat="-6.765032121911645" lon="107.00390696525574">
        <ele>1739.642822</ele>
        <time>2014-11-28T19:39:38Z</time>
      </trkpt>
      <trkpt lat="-6.765089789405465" lon="107.00375273823738">
        <ele>1742.5271</ele>
        <time>2014-11-28T19:40:11Z</time>
      </trkpt>
      <trkpt lat="-6.765173440799117" lon="107.00363874435425">
        <ele>1746.372314</ele>
        <time>2014-11-28T19:40:42Z</time>
      </trkpt>
      <trkpt lat="-6.765177212655544" lon="107.00363639742136">
        <ele>1745.410889</ele>
        <time>2014-11-28T19:40:43Z</time>
      </trkpt>
      <trkpt lat="-6.765231192111969" lon="107.00362893752754">
        <ele>1748.7753909999999</ele>
        <time>2014-11-28T19:40:55Z</time>
      </trkpt>
      <trkpt lat="-6.765291960909963" lon="107.00360052287579">
        <ele>1749.2561040000001</ele>
        <time>2014-11-28T19:41:20Z</time>
      </trkpt>
      <trkpt lat="-6.765385251492262" lon="107.00353003107011">
        <ele>1753.101318</ele>
        <time>2014-11-28T19:41:40Z</time>
      </trkpt>
      <trkpt lat="-6.765412911772728" lon="107.00342014431953">
        <ele>1754.0627440000001</ele>
        <time>2014-11-28T19:42:25Z</time>
      </trkpt>
      <trkpt lat="-6.765435626730323" lon="107.0033716969192">
        <ele>1757.42749</ele>
        <time>2014-11-28T19:44:46Z</time>
      </trkpt>
      <trkpt lat="-6.765537802129984" lon="107.00335686095059">
        <ele>1759.3500979999999</ele>
        <time>2014-11-28T19:45:08Z</time>
      </trkpt>
      <trkpt lat="-6.765771321952343" lon="107.00340329669416">
        <ele>1762.7146</ele>
        <time>2014-11-28T19:45:33Z</time>
      </trkpt>
      <trkpt lat="-6.765923034399748" lon="107.00344403274357">
        <ele>1766.559814</ele>
        <time>2014-11-28T19:45:59Z</time>
      </trkpt>
      <trkpt lat="-6.766097880899906" lon="107.00345685705543">
        <ele>1769.9243160000001</ele>
        <time>2014-11-28T19:46:31Z</time>
      </trkpt>
      <trkpt lat="-6.766352439299226" lon="107.00336717069149">
        <ele>1770.405029</ele>
        <time>2014-11-28T19:47:09Z</time>
      </trkpt>
      <trkpt lat="-6.766496691852808" lon="107.0033164601773">
        <ele>1773.289307</ele>
        <time>2014-11-28T19:47:33Z</time>
      </trkpt>
      <trkpt lat="-6.766569698229432" lon="107.0032387599349">
        <ele>1774.7312010000001</ele>
        <time>2014-11-28T19:47:51Z</time>
      </trkpt>
      <trkpt lat="-6.766666341573" lon="107.00317388400435">
        <ele>1778.095703</ele>
        <time>2014-11-28T19:48:15Z</time>
      </trkpt>
      <trkpt lat="-6.766666928306222" lon="107.00306332670152">
        <ele>1781.4602050000001</ele>
        <time>2014-11-28T19:48:40Z</time>
      </trkpt>
      <trkpt lat="-6.766522424295545" lon="107.00302552431822">
        <ele>1784.3442379999999</ele>
        <time>2014-11-28T19:49:05Z</time>
      </trkpt>
      <trkpt lat="-6.766443215310574" lon="107.00302166864276">
        <ele>1787.70874</ele>
        <time>2014-11-28T19:49:20Z</time>
      </trkpt>
      <trkpt lat="-6.766401138156653" lon="107.00292519293725">
        <ele>1791.073486</ele>
        <time>2014-11-28T19:49:52Z</time>
      </trkpt>
      <trkpt lat="-6.766414297744632" lon="107.00284833088517">
        <ele>1793.9575199999999</ele>
        <time>2014-11-28T19:50:12Z</time>
      </trkpt>
      <trkpt lat="-6.76644547842443" lon="107.0028402004391">
        <ele>1795.8801269999999</ele>
        <time>2014-11-28T19:50:21Z</time>
      </trkpt>
      <trkpt lat="-6.766492333263159" lon="107.0027952734381">
        <ele>1797.3220209999999</ele>
        <time>2014-11-28T19:50:50Z</time>
      </trkpt>
      <trkpt lat="-6.766595765948296" lon="107.0027469098568">
        <ele>1799.725342</ele>
        <time>2014-11-28T19:51:15Z</time>
      </trkpt>
      <trkpt lat="-6.766610518097878" lon="107.00269217602909">
        <ele>1802.6091309999999</ele>
        <time>2014-11-28T19:51:35Z</time>
      </trkpt>
      <trkpt lat="-6.766710011288524" lon="107.0026583969593">
        <ele>1804.051514</ele>
        <time>2014-11-28T19:52:08Z</time>
      </trkpt>
      <trkpt lat="-6.766709676012397" lon="107.0026639290154">
        <ele>1804.051514</ele>
        <time>2014-11-28T19:52:17Z</time>
      </trkpt>
      <trkpt lat="-6.766730127856135" lon="107.00263836421072">
        <ele>1806.935303</ele>
        <time>2014-11-28T19:55:43Z</time>
      </trkpt>
      <trkpt lat="-6.766710598021746" lon="107.00256678275764">
        <ele>1810.2998050000001</ele>
        <time>2014-11-28T19:56:50Z</time>
      </trkpt>
      <trkpt lat="-6.766711855307221" lon="107.00251741334796">
        <ele>1813.1838379999999</ele>
        <time>2014-11-28T19:57:12Z</time>
      </trkpt>
      <trkpt lat="-6.766724931076169" lon="107.00246477499604">
        <ele>1816.5483400000001</ele>
        <time>2014-11-28T19:57:31Z</time>
      </trkpt>
      <trkpt lat="-6.766711520031095" lon="107.00233770534396">
        <ele>1818.9516599999999</ele>
        <time>2014-11-28T19:57:50Z</time>
      </trkpt>
      <trkpt lat="-6.766718812286854" lon="107.00229487381876">
        <ele>1821.3549800000001</ele>
        <time>2014-11-28T19:58:04Z</time>
      </trkpt>
      <trkpt lat="-6.766714034602046" lon="107.00228783302009">
        <ele>1818.9516599999999</ele>
        <time>2014-11-28T19:58:07Z</time>
      </trkpt>
      <trkpt lat="-6.766718225553632" lon="107.00228238478303">
        <ele>1820.3937989999999</ele>
        <time>2014-11-28T19:58:10Z</time>
      </trkpt>
      <trkpt lat="-6.766713196411729" lon="107.0022595860064">
        <ele>1824.239014</ele>
        <time>2014-11-28T19:58:18Z</time>
      </trkpt>
      <trkpt lat="-6.766714369878173" lon="107.00225866399705">
        <ele>1822.3164059999999</ele>
        <time>2014-11-28T19:58:19Z</time>
      </trkpt>
      <trkpt lat="-6.766682015731931" lon="107.00224659405649">
        <ele>1825.680908</ele>
        <time>2014-11-28T19:58:40Z</time>
      </trkpt>
      <trkpt lat="-6.766653433442116" lon="107.00214022770524">
        <ele>1827.123047</ele>
        <time>2014-11-28T19:59:09Z</time>
      </trkpt>
      <trkpt lat="-6.766711268573999" lon="107.00206571258605">
        <ele>1830.006836</ele>
        <time>2014-11-28T19:59:36Z</time>
      </trkpt>
      <trkpt lat="-6.766771199181676" lon="107.00201055966318">
        <ele>1832.4101559999999</ele>
        <time>2014-11-28T19:59:56Z</time>
      </trkpt>
      <trkpt lat="-6.766837751492858" lon="107.00197820551693">
        <ele>1835.2939449999999</ele>
        <time>2014-11-28T20:00:18Z</time>
      </trkpt>
      <trkpt lat="-6.766897514462471" lon="107.00188977643847">
        <ele>1837.69751</ele>
        <time>2014-11-28T20:00:44Z</time>
      </trkpt>
      <trkpt lat="-6.766968006268144" lon="107.00186345726252">
        <ele>1841.542725</ele>
        <time>2014-11-28T20:01:09Z</time>
      </trkpt>
      <trkpt lat="-6.767029194161296" lon="107.00183529406786">
        <ele>1844.426514</ele>
        <time>2014-11-28T20:01:35Z</time>
      </trkpt>
      <trkpt lat="-6.767032211646438" lon="107.00180268846452">
        <ele>1847.79126</ele>
        <time>2014-11-28T20:01:57Z</time>
      </trkpt>
      <trkpt lat="-6.76707143895328" lon="107.00183236040175">
        <ele>1847.79126</ele>
        <time>2014-11-28T20:12:03Z</time>
      </trkpt>
      <trkpt lat="-6.767037073150277" lon="107.00185272842646">
        <ele>1849.7138669999999</ele>
        <time>2014-11-28T20:12:32Z</time>
      </trkpt>
      <trkpt lat="-6.767036989331245" lon="107.00185272842646">
        <ele>1848.2717290000001</ele>
        <time>2014-11-28T20:12:34Z</time>
      </trkpt>
      <trkpt lat="-6.767036905512214" lon="107.00185281224549">
        <ele>1846.8298339999999</ele>
        <time>2014-11-28T20:12:43Z</time>
      </trkpt>
      <trkpt lat="-6.767036989331245" lon="107.00185281224549">
        <ele>1846.8298339999999</ele>
        <time>2014-11-28T20:12:48Z</time>
      </trkpt>
      <trkpt lat="-6.767036989331245" lon="107.00185272842646">
        <ele>1848.2717290000001</ele>
        <time>2014-11-28T20:12:50Z</time>
      </trkpt>
      <trkpt lat="-6.767039587721229" lon="107.0018507167697">
        <ele>1851.636475</ele>
        <time>2014-11-28T20:13:46Z</time>
      </trkpt>
      <trkpt lat="-6.767040928825736" lon="107.00184979476035">
        <ele>1854.5205080000001</ele>
        <time>2014-11-28T20:13:57Z</time>
      </trkpt>
      <trkpt lat="-6.767041012644768" lon="107.00184971094131">
        <ele>1854.5205080000001</ele>
        <time>2014-11-28T20:13:58Z</time>
      </trkpt>
      <trkpt lat="-6.767129357904196" lon="107.0017656404525">
        <ele>1857.885254</ele>
        <time>2014-11-28T20:14:19Z</time>
      </trkpt>
      <trkpt lat="-6.767226168885827" lon="107.001698249951">
        <ele>1861.2497559999999</ele>
        <time>2014-11-28T20:14:42Z</time>
      </trkpt>
      <trkpt lat="-6.767251398414373" lon="107.00168668292463">
        <ele>1864.6142580000001</ele>
        <time>2014-11-28T20:15:01Z</time>
      </trkpt>
      <trkpt lat="-6.767321722581983" lon="107.00157377868891">
        <ele>1867.017578</ele>
        <time>2014-11-28T20:15:33Z</time>
      </trkpt>
      <trkpt lat="-6.76735675893724" lon="107.00154989026487">
        <ele>1869.421143</ele>
        <time>2014-11-28T20:15:48Z</time>
      </trkpt>
      <trkpt lat="-6.767518781125546" lon="107.00143195688725">
        <ele>1871.3435059999999</ele>
        <time>2014-11-28T20:16:30Z</time>
      </trkpt>
      <trkpt lat="-6.767541663721204" lon="107.00146204791963">
        <ele>1873.7468260000001</ele>
        <time>2014-11-28T20:16:45Z</time>
      </trkpt>
      <trkpt lat="-6.767543675377965" lon="107.00146364048123">
        <ele>1872.304932</ele>
        <time>2014-11-28T20:16:47Z</time>
      </trkpt>
      <trkpt lat="-6.767640402540565" lon="107.00134143233299">
        <ele>1874.227539</ele>
        <time>2014-11-28T20:17:28Z</time>
      </trkpt>
      <trkpt lat="-6.767707793042064" lon="107.00126297771931">
        <ele>1877.5920410000001</ele>
        <time>2014-11-28T20:17:45Z</time>
      </trkpt>
      <trkpt lat="-6.767717096954584" lon="107.00125576928258">
        <ele>1874.7082519999999</ele>
        <time>2014-11-28T20:17:48Z</time>
      </trkpt>
      <trkpt lat="-6.767720952630043" lon="107.00125434435904">
        <ele>1877.5920410000001</ele>
        <time>2014-11-28T20:17:49Z</time>
      </trkpt>
      <trkpt lat="-6.76772715523839" lon="107.00124537572265">
        <ele>1874.7082519999999</ele>
        <time>2014-11-28T20:17:51Z</time>
      </trkpt>
      <trkpt lat="-6.767762610688806" lon="107.00122266076505">
        <ele>1877.5920410000001</ele>
        <time>2014-11-28T20:17:59Z</time>
      </trkpt>
      <trkpt lat="-6.767792198807001" lon="107.00120648369193">
        <ele>1878.072754</ele>
        <time>2014-11-28T20:18:08Z</time>
      </trkpt>
      <trkpt lat="-6.767811393365264" lon="107.00120950117707">
        <ele>1878.072754</ele>
        <time>2014-11-28T20:18:12Z</time>
      </trkpt>
      <trkpt lat="-6.76782488822937" lon="107.0012079924345">
        <ele>1879.995361</ele>
        <time>2014-11-28T20:18:15Z</time>
      </trkpt>
      <trkpt lat="-6.767909796908498" lon="107.00116390362382">
        <ele>1882.87915</ele>
        <time>2014-11-28T20:19:37Z</time>
      </trkpt>
      <trkpt lat="-6.767943156883121" lon="107.00118745677173">
        <ele>1886.2441409999999</ele>
        <time>2014-11-28T20:23:18Z</time>
      </trkpt>
      <trkpt lat="-6.767941983416677" lon="107.00118904933333">
        <ele>1881.4372559999999</ele>
        <time>2014-11-28T20:23:22Z</time>
      </trkpt>
      <trkpt lat="-6.767941061407328" lon="107.00119231827557">
        <ele>1891.0505370000001</ele>
        <time>2014-11-28T20:23:25Z</time>
      </trkpt>
      <trkpt lat="-6.767940893769264" lon="107.00119349174201">
        <ele>1883.8405760000001</ele>
        <time>2014-11-28T20:23:26Z</time>
      </trkpt>
      <trkpt lat="-6.767940726131201" lon="107.00119466520846">
        <ele>1879.5146480000001</ele>
        <time>2014-11-28T20:23:27Z</time>
      </trkpt>
      <trkpt lat="-6.767941061407328" lon="107.00119558721781">
        <ele>1883.8405760000001</ele>
        <time>2014-11-28T20:23:28Z</time>
      </trkpt>
      <trkpt lat="-6.767938882112503" lon="107.00119977816939">
        <ele>1885.763428</ele>
        <time>2014-11-28T20:23:34Z</time>
      </trkpt>
      <trkpt lat="-6.767937624827027" lon="107.00120371766388">
        <ele>1882.398682</ele>
        <time>2014-11-28T20:24:03Z</time>
      </trkpt>
      <trkpt lat="-6.767955897375941" lon="107.00113347731531">
        <ele>1885.763428</ele>
        <time>2014-11-28T20:25:58Z</time>
      </trkpt>
      <trkpt lat="-6.767997639253736" lon="107.00110933743417">
        <ele>1889.1279300000001</ele>
        <time>2014-11-28T20:28:15Z</time>
      </trkpt>
      <trkpt lat="-6.768031250685453" lon="107.00102250091732">
        <ele>1891.0505370000001</ele>
        <time>2014-11-28T20:30:09Z</time>
      </trkpt>
      <trkpt lat="-6.768068801611662" lon="107.00096449814737">
        <ele>1893.9345699999999</ele>
        <time>2014-11-28T20:30:29Z</time>
      </trkpt>
      <trkpt lat="-6.768075423315167" lon="107.00090724974871">
        <ele>1896.8183590000001</ele>
        <time>2014-11-28T20:30:55Z</time>
      </trkpt>
      <trkpt lat="-6.768118590116501" lon="107.00085603632033">
        <ele>1899.2216800000001</ele>
        <time>2014-11-28T20:31:14Z</time>
      </trkpt>
      <trkpt lat="-6.768138874322176" lon="107.00077062472701">
        <ele>1902.5864260000001</ele>
        <time>2014-11-28T20:31:41Z</time>
      </trkpt>
      <trkpt lat="-6.768142143264413" lon="107.00076811015606">
        <ele>1902.5864260000001</ele>
        <time>2014-11-28T20:31:42Z</time>
      </trkpt>
      <trkpt lat="-6.768219089135528" lon="107.00073910877109">
        <ele>1905.950928</ele>
        <time>2014-11-28T20:32:02Z</time>
      </trkpt>
      <trkpt lat="-6.768301734700799" lon="107.00072829611599">
        <ele>1907.873779</ele>
        <time>2014-11-28T20:32:22Z</time>
      </trkpt>
      <trkpt lat="-6.768421595916152" lon="107.00072494335473">
        <ele>1909.796143</ele>
        <time>2014-11-28T20:32:42Z</time>
      </trkpt>
      <trkpt lat="-6.768513880670071" lon="107.0007005520165">
        <ele>1912.6801760000001</ele>
        <time>2014-11-28T20:33:02Z</time>
      </trkpt>
      <trkpt lat="-6.768558640033007" lon="107.0006604027003">
        <ele>1916.525635</ele>
        <time>2014-11-28T20:33:30Z</time>
      </trkpt>
      <trkpt lat="-6.768648158758879" lon="107.00057339854538">
        <ele>1918.4482419999999</ele>
        <time>2014-11-28T20:33:54Z</time>
      </trkpt>
      <trkpt lat="-6.768718399107456" lon="107.00053760781884">
        <ele>1921.8127440000001</ele>
        <time>2014-11-28T20:34:14Z</time>
      </trkpt>
      <trkpt lat="-6.768732480704784" lon="107.00048857368529">
        <ele>1925.177246</ele>
        <time>2014-11-28T20:34:43Z</time>
      </trkpt>
      <trkpt lat="-6.768791992217302" lon="107.000353038311">
        <ele>1927.5805660000001</ele>
        <time>2014-11-28T20:35:16Z</time>
      </trkpt>
      <trkpt lat="-6.768824765458703" lon="107.00029545463622">
        <ele>1928.061279</ele>
        <time>2014-11-28T20:35:41Z</time>
      </trkpt>
      <trkpt lat="-6.768823256716132" lon="107.0003170799464">
        <ele>1926.138672</ele>
        <time>2014-11-28T20:38:28Z</time>
      </trkpt>
      <trkpt lat="-6.768820406869054" lon="107.00030970387161">
        <ele>1929.9838870000001</ele>
        <time>2014-11-28T20:38:36Z</time>
      </trkpt>
      <trkpt lat="-6.768820323050022" lon="107.00030928477645">
        <ele>1927.1000979999999</ele>
        <time>2014-11-28T20:38:37Z</time>
      </trkpt>
      <trkpt lat="-6.768820155411959" lon="107.00030911713839">
        <ele>1926.619385</ele>
        <time>2014-11-28T20:38:38Z</time>
      </trkpt>
      <trkpt lat="-6.768820071592927" lon="107.00030970387161">
        <ele>1929.9838870000001</ele>
        <time>2014-11-28T20:38:40Z</time>
      </trkpt>
      <trkpt lat="-6.768820406869054" lon="107.00031054206192">
        <ele>1926.619385</ele>
        <time>2014-11-28T20:38:42Z</time>
      </trkpt>
      <trkpt lat="-6.76882166415453" lon="107.00030551292002">
        <ele>1929.9838870000001</ele>
        <time>2014-11-28T20:38:46Z</time>
      </trkpt>
      <trkpt lat="-6.768876733258367" lon="107.00019914656878">
        <ele>1934.7907709999999</ele>
        <time>2014-11-28T20:39:15Z</time>
      </trkpt>
      <trkpt lat="-6.768882097676396" lon="107.00019939802587">
        <ele>1934.7907709999999</ele>
        <time>2014-11-28T20:39:16Z</time>
      </trkpt>
      <trkpt lat="-6.7688905633986" lon="107.00017852708697">
        <ele>1933.3486330000001</ele>
        <time>2014-11-28T20:39:25Z</time>
      </trkpt>
      <trkpt lat="-6.768912440165877" lon="107.00014332309365">
        <ele>1933.829346</ele>
        <time>2014-11-28T20:39:34Z</time>
      </trkpt>
      <trkpt lat="-6.768941357731819" lon="107.0001009106636">
        <ele>1937.1938479999999</ele>
        <time>2014-11-28T20:39:45Z</time>
      </trkpt>
      <trkpt lat="-6.768941022455692" lon="107.00009856373072">
        <ele>1935.751953</ele>
        <time>2014-11-28T20:39:46Z</time>
      </trkpt>
      <trkpt lat="-6.768939681351185" lon="107.00008448213339">
        <ele>1934.3100589999999</ele>
        <time>2014-11-28T20:39:49Z</time>
      </trkpt>
      <trkpt lat="-6.768935741856694" lon="107.00013477355242">
        <ele>1935.751953</ele>
        <time>2014-11-28T20:40:38Z</time>
      </trkpt>
      <trkpt lat="-6.768915122374892" lon="107.00009973719716">
        <ele>1932.8679199999999</ele>
        <time>2014-11-28T20:41:18Z</time>
      </trkpt>
      <trkpt lat="-6.768923169001937" lon="107.00010200031102">
        <ele>1932.8679199999999</ele>
        <time>2014-11-28T20:41:38Z</time>
      </trkpt>
      <trkpt lat="-6.769012352451682" lon="106.99995615519583">
        <ele>1935.751953</ele>
        <time>2014-11-28T20:42:36Z</time>
      </trkpt>
      <trkpt lat="-6.769015789031982" lon="106.99985498562455">
        <ele>1939.1164550000001</ele>
        <time>2014-11-28T20:42:57Z</time>
      </trkpt>
      <trkpt lat="-6.769053423777223" lon="106.99967184104025">
        <ele>1941.519775</ele>
        <time>2014-11-28T20:43:22Z</time>
      </trkpt>
      <trkpt lat="-6.769066164270043" lon="106.99953890405595">
        <ele>1944.8842770000001</ele>
        <time>2014-11-28T20:43:45Z</time>
      </trkpt>
      <trkpt lat="-6.769135901704431" lon="106.99946606531739">
        <ele>1948.2490230000001</ele>
        <time>2014-11-28T20:44:05Z</time>
      </trkpt>
      <trkpt lat="-6.76918719895184" lon="106.999327596277">
        <ele>1950.6523440000001</ele>
        <time>2014-11-28T20:44:31Z</time>
      </trkpt>
      <trkpt lat="-6.769217373803258" lon="106.99927202425897">
        <ele>1953.5363769999999</ele>
        <time>2014-11-28T20:44:46Z</time>
      </trkpt>
      <trkpt lat="-6.769297756254673" lon="106.99919273145497">
        <ele>1956.4201660000001</ele>
        <time>2014-11-28T20:45:10Z</time>
      </trkpt>
      <trkpt lat="-6.769371936097741" lon="106.99915543198586">
        <ele>1959.784668</ele>
        <time>2014-11-28T20:45:41Z</time>
      </trkpt>
      <trkpt lat="-6.769398590549827" lon="106.99913347139955">
        <ele>1960.7460940000001</ele>
        <time>2014-11-28T20:46:22Z</time>
      </trkpt>
      <trkpt lat="-6.769482241943479" lon="106.99901721440256">
        <ele>1964.591553</ele>
        <time>2014-11-28T20:46:42Z</time>
      </trkpt>
      <trkpt lat="-6.769509734585881" lon="106.99897287413478">
        <ele>1966.9948730000001</ele>
        <time>2014-11-28T20:47:04Z</time>
      </trkpt>
      <trkpt lat="-6.769595984369516" lon="106.9988735485822">
        <ele>1968.9174800000001</ele>
        <time>2014-11-28T20:47:25Z</time>
      </trkpt>
      <trkpt lat="-6.769631104543805" lon="106.99883105233312">
        <ele>1972.281982</ele>
        <time>2014-11-28T20:47:36Z</time>
      </trkpt>
      <trkpt lat="-6.769671002402902" lon="106.99872753582895">
        <ele>1974.2045900000001</ele>
        <time>2014-11-28T20:48:06Z</time>
      </trkpt>
      <trkpt lat="-6.769765969365835" lon="106.99857582338154">
        <ele>1977.569092</ele>
        <time>2014-11-28T20:48:29Z</time>
      </trkpt>
      <trkpt lat="-6.769827576354146" lon="106.99852318502963">
        <ele>1979.9724120000001</ele>
        <time>2014-11-28T20:48:45Z</time>
      </trkpt>
      <trkpt lat="-6.769878622144461" lon="106.99858856387436">
        <ele>1982.8564449999999</ele>
        <time>2014-11-28T20:49:02Z</time>
      </trkpt>
      <trkpt lat="-6.769880466163158" lon="106.99859065935016">
        <ele>1979.4916989999999</ele>
        <time>2014-11-28T20:49:08Z</time>
      </trkpt>
      <trkpt lat="-6.769878873601556" lon="106.99858873151243">
        <ele>1982.3759769999999</ele>
        <time>2014-11-28T20:49:22Z</time>
      </trkpt>
      <trkpt lat="-6.76988641731441" lon="106.99854606762528">
        <ele>1980.934082</ele>
        <time>2014-11-28T20:49:40Z</time>
      </trkpt>
      <trkpt lat="-6.769787594676018" lon="106.99858185835183">
        <ele>1979.010986</ele>
        <time>2014-11-28T20:55:31Z</time>
      </trkpt>
      <trkpt lat="-6.769761862233281" lon="106.99853776954114">
        <ele>1980.4533690000001</ele>
        <time>2014-11-28T21:02:46Z</time>
      </trkpt>
      <trkpt lat="-6.76986931823194" lon="106.99858873151243">
        <ele>1979.9724120000001</ele>
        <time>2014-11-28T21:06:14Z</time>
      </trkpt>
      <trkpt lat="-6.769854733720422" lon="106.99857800267637">
        <ele>1979.010986</ele>
        <time>2014-11-28T21:06:49Z</time>
      </trkpt>
      <trkpt lat="-6.769873593002558" lon="106.9985640887171">
        <ele>1979.9724120000001</ele>
        <time>2014-11-28T21:08:15Z</time>
      </trkpt>
      <trkpt lat="-6.769877951592207" lon="106.99852528050542">
        <ele>1981.895264</ele>
        <time>2014-11-28T21:08:46Z</time>
      </trkpt>
      <trkpt lat="-6.769909467548132" lon="106.99844112619758">
        <ele>1983.817871</ele>
        <time>2014-11-28T21:09:00Z</time>
      </trkpt>
      <trkpt lat="-6.769913407042623" lon="106.99842402711511">
        <ele>1984.779297</ele>
        <time>2014-11-28T21:09:02Z</time>
      </trkpt>
      <trkpt lat="-6.769953137263656" lon="106.9983674492687">
        <ele>1986.7016599999999</ele>
        <time>2014-11-28T21:09:16Z</time>
      </trkpt>
      <trkpt lat="-6.770013235509396" lon="106.99829486198723">
        <ele>1989.585693</ele>
        <time>2014-11-28T21:09:37Z</time>
      </trkpt>
      <trkpt lat="-6.77008087746799" lon="106.99819327332079">
        <ele>1991.5083010000001</ele>
        <time>2014-11-28T21:10:01Z</time>
      </trkpt>
      <trkpt lat="-6.770171821117401" lon="106.99811800383031">
        <ele>1994.3920900000001</ele>
        <time>2014-11-28T21:10:38Z</time>
      </trkpt>
      <trkpt lat="-6.770203001797199" lon="106.99797232635319">
        <ele>1996.795654</ele>
        <time>2014-11-28T21:10:58Z</time>
      </trkpt>
      <trkpt lat="-6.77022647112608" lon="106.99791625142097">
        <ele>1999.6796879999999</ele>
        <time>2014-11-28T21:11:13Z</time>
      </trkpt>
      <trkpt lat="-6.770275589078665" lon="106.99777543544769">
        <ele>2002.5634769999999</ele>
        <time>2014-11-28T21:11:47Z</time>
      </trkpt>
      <trkpt lat="-6.770280450582504" lon="106.99775213375688">
        <ele>2004.4860839999999</ele>
        <time>2014-11-28T21:11:56Z</time>
      </trkpt>
      <trkpt lat="-6.770299142226577" lon="106.9976715836674">
        <ele>2007.8508300000001</ele>
        <time>2014-11-28T21:12:16Z</time>
      </trkpt>
      <trkpt lat="-6.770289000123739" lon="106.99752783402801">
        <ele>2011.215332</ele>
        <time>2014-11-28T21:12:50Z</time>
      </trkpt>
      <trkpt lat="-6.770312553271651" lon="106.99750260449946">
        <ele>2010.7346190000001</ele>
        <time>2014-11-28T21:12:59Z</time>
      </trkpt>
      <trkpt lat="-6.770334094762802" lon="106.99746195226908">
        <ele>2014.099365</ele>
        <time>2014-11-28T21:13:13Z</time>
      </trkpt>
      <trkpt lat="-6.770334765315056" lon="106.9974572584033">
        <ele>2014.099365</ele>
        <time>2014-11-28T21:13:14Z</time>
      </trkpt>
      <trkpt lat="-6.770362760871649" lon="106.99739816598594">
        <ele>2015.541504</ele>
        <time>2014-11-28T21:13:24Z</time>
      </trkpt>
      <trkpt lat="-6.770372902974486" lon="106.997363967821">
        <ele>2018.425293</ele>
        <time>2014-11-28T21:13:40Z</time>
      </trkpt>
      <trkpt lat="-6.770434761419892" lon="106.99730722233653">
        <ele>2022.751221</ele>
        <time>2014-11-28T21:14:11Z</time>
      </trkpt>
      <trkpt lat="-6.770443478599191" lon="106.99730479158461">
        <ele>2019.3867190000001</ele>
        <time>2014-11-28T21:14:17Z</time>
      </trkpt>
      <trkpt lat="-6.770457644015551" lon="106.99729473330081">
        <ele>2019.8671879999999</ele>
        <time>2014-11-28T21:14:22Z</time>
      </trkpt>
      <trkpt lat="-6.770469127222896" lon="106.99732415378094">
        <ele>2023.2319339999999</ele>
        <time>2014-11-28T21:14:39Z</time>
      </trkpt>
      <trkpt lat="-6.770472312346101" lon="106.99732666835189">
        <ele>2019.8671879999999</ele>
        <time>2014-11-28T21:14:42Z</time>
      </trkpt>
      <trkpt lat="-6.770469713956118" lon="106.99721812270582">
        <ele>2023.2319339999999</ele>
        <time>2014-11-28T21:16:51Z</time>
      </trkpt>
      <trkpt lat="-6.770469378679991" lon="106.99721309356391">
        <ele>2023.7124020000001</ele>
        <time>2014-11-28T21:16:53Z</time>
      </trkpt>
      <trkpt lat="-6.770479688420892" lon="106.99718442745507">
        <ele>2025.63501</ele>
        <time>2014-11-28T21:17:01Z</time>
      </trkpt>
      <trkpt lat="-6.770542887970805" lon="106.9971152767539">
        <ele>2028.5192870000001</ele>
        <time>2014-11-28T21:17:19Z</time>
      </trkpt>
      <trkpt lat="-6.770603321492672" lon="106.99706800282001">
        <ele>2031.883789</ele>
        <time>2014-11-28T21:17:38Z</time>
      </trkpt>
      <trkpt lat="-6.770684542134404" lon="106.99707328341901">
        <ele>2034.767822</ele>
        <time>2014-11-28T21:18:04Z</time>
      </trkpt>
      <trkpt lat="-6.770785627886653" lon="106.99701553210616">
        <ele>2038.1323239999999</ele>
        <time>2014-11-28T21:18:29Z</time>
      </trkpt>
      <trkpt lat="-6.770833740010858" lon="106.99700019322336">
        <ele>2041.4968260000001</ele>
        <time>2014-11-28T21:18:48Z</time>
      </trkpt>
      <trkpt lat="-6.770933317020536" lon="106.99693833477795">
        <ele>2044.3808590000001</ele>
        <time>2014-11-28T21:19:25Z</time>
      </trkpt>
      <trkpt lat="-6.770989894866943" lon="106.99690044857562">
        <ele>2043.9001459999999</ele>
        <time>2014-11-28T21:19:49Z</time>
      </trkpt>
      <trkpt lat="-6.770985703915358" lon="106.99689080938697">
        <ele>2041.0161129999999</ele>
        <time>2014-11-28T21:19:53Z</time>
      </trkpt>
      <trkpt lat="-6.770984614267945" lon="106.99688971973956">
        <ele>2042.938721</ele>
        <time>2014-11-28T21:19:55Z</time>
      </trkpt>
      <trkpt lat="-6.770983608439565" lon="106.996885612607">
        <ele>2041.4968260000001</ele>
        <time>2014-11-28T21:19:57Z</time>
      </trkpt>
      <trkpt lat="-6.770986458286643" lon="106.99687949381769">
        <ele>2044.3808590000001</ele>
        <time>2014-11-28T21:19:59Z</time>
      </trkpt>
      <trkpt lat="-6.771006574854255" lon="106.99684345163405">
        <ele>2043.9001459999999</ele>
        <time>2014-11-28T21:20:10Z</time>
      </trkpt>
      <trkpt lat="-6.771020069718361" lon="106.99683783575892">
        <ele>2045.3422849999999</ele>
        <time>2014-11-28T21:20:13Z</time>
      </trkpt>
      <trkpt lat="-6.7710439581424" lon="106.99682777747512">
        <ele>2047.7456050000001</ele>
        <time>2014-11-28T21:20:20Z</time>
      </trkpt>
      <trkpt lat="-6.771100200712681" lon="106.99675938114524">
        <ele>2051.110107</ele>
        <time>2014-11-28T21:20:40Z</time>
      </trkpt>
      <trkpt lat="-6.771102044731379" lon="106.99675535783172">
        <ele>2051.110107</ele>
        <time>2014-11-28T21:20:41Z</time>
      </trkpt>
      <trkpt lat="-6.77118519321084" lon="106.99670540168881">
        <ele>2054.9553219999998</ele>
        <time>2014-11-28T21:21:05Z</time>
      </trkpt>
      <trkpt lat="-6.771356519311667" lon="106.9966715388">
        <ele>2058.3198240000002</ele>
        <time>2014-11-28T21:22:54Z</time>
      </trkpt>
      <trkpt lat="-6.77153404802084" lon="106.99664002284408">
        <ele>2061.6848140000002</ele>
        <time>2014-11-28T21:23:22Z</time>
      </trkpt>
      <trkpt lat="-6.77158978767693" lon="106.99658587574959">
        <ele>2064.5686040000001</ele>
        <time>2014-11-28T21:23:40Z</time>
      </trkpt>
      <trkpt lat="-6.771670086309314" lon="106.99646500870585">
        <ele>2066.9719239999999</ele>
        <time>2014-11-28T21:23:58Z</time>
      </trkpt>
      <trkpt lat="-6.771759353578091" lon="106.99638471007347">
        <ele>2069.8557129999999</ele>
        <time>2014-11-28T21:24:14Z</time>
      </trkpt>
      <trkpt lat="-6.771782906726003" lon="106.99633802287281">
        <ele>2070.3364259999998</ele>
        <time>2014-11-28T21:24:41Z</time>
      </trkpt>
      <trkpt lat="-6.771787516772747" lon="106.99625252746046">
        <ele>2074.1816410000001</ele>
        <time>2014-11-28T21:25:57Z</time>
      </trkpt>
      <trkpt lat="-6.771787852048874" lon="106.99625135399401">
        <ele>2074.1816410000001</ele>
        <time>2014-11-28T21:25:58Z</time>
      </trkpt>
      <trkpt lat="-6.771791037172079" lon="106.99624624103308">
        <ele>2074.1816410000001</ele>
        <time>2014-11-28T21:26:02Z</time>
      </trkpt>
      <trkpt lat="-6.771863792091608" lon="106.99623417109251">
        <ele>2078.0270999999998</ele>
        <time>2014-11-28T21:26:16Z</time>
      </trkpt>
      <trkpt lat="-6.771893547847867" lon="106.99619418941438">
        <ele>2080.9111330000001</ele>
        <time>2014-11-28T21:26:42Z</time>
      </trkpt>
      <trkpt lat="-6.772033022716641" lon="106.99611489661038">
        <ele>2083.794922</ele>
        <time>2014-11-28T21:27:03Z</time>
      </trkpt>
      <trkpt lat="-6.772071998566389" lon="106.99599478393793">
        <ele>2085.717529</ele>
        <time>2014-11-28T21:28:43Z</time>
      </trkpt>
      <trkpt lat="-6.772110555320978" lon="106.99594700708985">
        <ele>2087.6401369999999</ele>
        <time>2014-11-28T21:29:00Z</time>
      </trkpt>
      <trkpt lat="-6.772127067670226" lon="106.9959117192775">
        <ele>2091.0046390000002</ele>
        <time>2014-11-28T21:29:14Z</time>
      </trkpt>
      <trkpt lat="-6.77214534021914" lon="106.99584550224245">
        <ele>2093.408203</ele>
        <time>2014-11-28T21:29:26Z</time>
      </trkpt>
      <trkpt lat="-6.772170905023813" lon="106.99578741565347">
        <ele>2094.8500979999999</ele>
        <time>2014-11-28T21:29:37Z</time>
      </trkpt>
      <trkpt lat="-6.772203929722309" lon="106.99575095437467">
        <ele>2098.2145999999998</ele>
        <time>2014-11-28T21:29:51Z</time>
      </trkpt>
      <trkpt lat="-6.772234523668885" lon="106.99570041149855">
        <ele>2100.6179200000001</ele>
        <time>2014-11-28T21:30:02Z</time>
      </trkpt>
      <trkpt lat="-6.772336279973388" lon="106.99562237598002">
        <ele>2104.463135</ele>
        <time>2014-11-28T21:30:46Z</time>
      </trkpt>
      <trkpt lat="-6.772365868091583" lon="106.99559446424246">
        <ele>2106.8664549999999</ele>
        <time>2014-11-28T21:30:52Z</time>
      </trkpt>
      <trkpt lat="-6.7723667062819" lon="106.99559136293828">
        <ele>2104.9438479999999</ele>
        <time>2014-11-28T21:30:54Z</time>
      </trkpt>
      <trkpt lat="-6.772376513108611" lon="106.99558666907251">
        <ele>2107.8278810000002</ele>
        <time>2014-11-28T21:31:02Z</time>
      </trkpt>
      <trkpt lat="-6.772518251091242" lon="106.99551005847752">
        <ele>2111.1926269999999</ele>
        <time>2014-11-28T21:31:56Z</time>
      </trkpt>
      <trkpt lat="-6.772527722641826" lon="106.99550746008754">
        <ele>2115.0378420000002</ele>
        <time>2014-11-28T21:32:10Z</time>
      </trkpt>
      <trkpt lat="-6.772613720968366" lon="106.99544090777636">
        <ele>2116.9604490000002</ele>
        <time>2014-11-28T21:33:49Z</time>
      </trkpt>
      <trkpt lat="-6.772613134235144" lon="106.99544141069055">
        <ele>2113.595703</ele>
        <time>2014-11-28T21:33:52Z</time>
      </trkpt>
      <trkpt lat="-6.772613050416112" lon="106.9954418297857">
        <ele>2113.595703</ele>
        <time>2014-11-28T21:33:53Z</time>
      </trkpt>
      <trkpt lat="-6.772611793130636" lon="106.99543939903378">
        <ele>2116.9604490000002</ele>
        <time>2014-11-28T21:34:01Z</time>
      </trkpt>
      <trkpt lat="-6.772612631320953" lon="106.99543772265315">
        <ele>2114.0764159999999</ele>
        <time>2014-11-28T21:34:04Z</time>
      </trkpt>
      <trkpt lat="-6.772612296044827" lon="106.99543051421642">
        <ele>2117.9216310000002</ele>
        <time>2014-11-28T21:34:13Z</time>
      </trkpt>
      <trkpt lat="-6.772612882778049" lon="106.9954301789403">
        <ele>2117.4409179999998</ele>
        <time>2014-11-28T21:34:14Z</time>
      </trkpt>
      <trkpt lat="-6.772613637149334" lon="106.9954280834645">
        <ele>2114.0764159999999</ele>
        <time>2014-11-28T21:34:20Z</time>
      </trkpt>
      <trkpt lat="-6.772616738453507" lon="106.99542774818838">
        <ele>2116.9604490000002</ele>
        <time>2014-11-28T21:34:30Z</time>
      </trkpt>
      <trkpt lat="-6.772618247196078" lon="106.99542774818838">
        <ele>2113.1152339999999</ele>
        <time>2014-11-28T21:34:32Z</time>
      </trkpt>
      <trkpt lat="-6.772618666291237" lon="106.99542732909322">
        <ele>2114.0764159999999</ele>
        <time>2014-11-28T21:34:33Z</time>
      </trkpt>
      <trkpt lat="-6.772620510309935" lon="106.99542590416968">
        <ele>2116.4797359999998</ele>
        <time>2014-11-28T21:34:36Z</time>
      </trkpt>
      <trkpt lat="-6.772624282166362" lon="106.99542338959873">
        <ele>2116.4797359999998</ele>
        <time>2014-11-28T21:34:43Z</time>
      </trkpt>
      <trkpt lat="-6.772625204175711" lon="106.9954230543226">
        <ele>2113.1152339999999</ele>
        <time>2014-11-28T21:34:45Z</time>
      </trkpt>
      <trkpt lat="-6.772624868899584" lon="106.99542288668454">
        <ele>2113.595703</ele>
        <time>2014-11-28T21:34:46Z</time>
      </trkpt>
      <trkpt lat="-6.772625036537647" lon="106.99542280286551">
        <ele>2116.4797359999998</ele>
        <time>2014-11-28T21:34:47Z</time>
      </trkpt>
      <trkpt lat="-6.772625371813774" lon="106.99542213231325">
        <ele>2116.4797359999998</ele>
        <time>2014-11-28T21:34:48Z</time>
      </trkpt>
      <trkpt lat="-6.772625707089901" lon="106.99542003683746">
        <ele>2113.1152339999999</ele>
        <time>2014-11-28T21:34:55Z</time>
      </trkpt>
      <trkpt lat="-6.772627718746662" lon="106.99541970156133">
        <ele>2116.4797359999998</ele>
        <time>2014-11-28T21:34:57Z</time>
      </trkpt>
      <trkpt lat="-6.772700641304255" lon="106.99538391083479">
        <ele>2119.3637699999999</ele>
        <time>2014-11-28T21:35:23Z</time>
      </trkpt>
      <trkpt lat="-6.772741880267859" lon="106.9953456055373">
        <ele>2122.2475589999999</ele>
        <time>2014-11-28T21:35:44Z</time>
      </trkpt>
      <trkpt lat="-6.772862914949656" lon="106.9952901173383">
        <ele>2125.6123050000001</ele>
        <time>2014-11-28T21:36:26Z</time>
      </trkpt>
      <trkpt lat="-6.772865680977702" lon="106.99529045261443">
        <ele>2125.6123050000001</ele>
        <time>2014-11-28T21:36:27Z</time>
      </trkpt>
      <trkpt lat="-6.772987470030785" lon="106.99509314261377">
        <ele>2128.976807</ele>
        <time>2014-11-28T21:37:29Z</time>
      </trkpt>
      <trkpt lat="-6.773096853867173" lon="106.9950157776475">
        <ele>2132.3415530000002</ele>
        <time>2014-11-28T21:37:56Z</time>
      </trkpt>
      <trkpt lat="-6.773127112537623" lon="106.99498878791928">
        <ele>2131.8608399999998</ele>
        <time>2014-11-28T21:38:16Z</time>
      </trkpt>
      <trkpt lat="-6.773175727576017" lon="106.99490295723081">
        <ele>2133.3027339999999</ele>
        <time>2014-11-28T21:38:53Z</time>
      </trkpt>
      <trkpt lat="-6.77321394905448" lon="106.99487487785518">
        <ele>2133.3027339999999</ele>
        <time>2014-11-28T21:40:07Z</time>
      </trkpt>
      <trkpt lat="-6.773215122520924" lon="106.99487563222647">
        <ele>2135.2253420000002</ele>
        <time>2014-11-28T21:40:10Z</time>
      </trkpt>
      <trkpt lat="-6.773216128349304" lon="106.99487663805485">
        <ele>2133.7834469999998</ele>
        <time>2014-11-28T21:40:12Z</time>
      </trkpt>
      <trkpt lat="-6.773254685103893" lon="106.99484051205218">
        <ele>2133.7834469999998</ele>
        <time>2014-11-28T21:41:27Z</time>
      </trkpt>
      <trkpt lat="-6.773180505260825" lon="106.99490454979241">
        <ele>2133.3027339999999</ele>
        <time>2014-11-28T21:46:03Z</time>
      </trkpt>
      <trkpt lat="-6.773207914084196" lon="106.99492625892162">
        <ele>2136.6672359999998</ele>
        <time>2014-11-28T21:48:23Z</time>
      </trkpt>
      <trkpt lat="-6.773200370371342" lon="106.99492684565485">
        <ele>2137.1479490000002</ele>
        <time>2014-11-28T21:50:05Z</time>
      </trkpt>
      <trkpt lat="-6.773200957104564" lon="106.99492919258773">
        <ele>2136.6672359999998</ele>
        <time>2014-11-28T21:50:59Z</time>
      </trkpt>
      <trkpt lat="-6.773228030651808" lon="106.99492919258773">
        <ele>2140.0322270000001</ele>
        <time>2014-11-28T21:51:30Z</time>
      </trkpt>
      <trkpt lat="-6.773328278213739" lon="106.99478435330093">
        <ele>2143.8774410000001</ele>
        <time>2014-11-28T21:52:03Z</time>
      </trkpt>
      <trkpt lat="-6.773360799998045" lon="106.99467907659709">
        <ele>2146.7612300000001</ele>
        <time>2014-11-28T21:52:25Z</time>
      </trkpt>
      <trkpt lat="-6.773378234356642" lon="106.9946288689971">
        <ele>2148.6838379999999</ele>
        <time>2014-11-28T21:52:35Z</time>
      </trkpt>
      <trkpt lat="-6.773463059216738" lon="106.99455074965954">
        <ele>2152.0483399999998</ele>
        <time>2014-11-28T21:53:18Z</time>
      </trkpt>
      <trkpt lat="-6.773476554080844" lon="106.99453356675804">
        <ele>2154.9323730000001</ele>
        <time>2014-11-28T21:53:34Z</time>
      </trkpt>
      <trkpt lat="-6.773506561294198" lon="106.99452149681747">
        <ele>2158.7778320000002</ele>
        <time>2014-11-28T21:54:29Z</time>
      </trkpt>
      <trkpt lat="-6.77350714802742" lon="106.99452023953199">
        <ele>2158.7778320000002</ele>
        <time>2014-11-28T21:54:30Z</time>
      </trkpt>
      <trkpt lat="-6.773613933473826" lon="106.99448294006288">
        <ele>2162.1423340000001</ele>
        <time>2014-11-28T21:54:46Z</time>
      </trkpt>
      <trkpt lat="-6.77370403893292" lon="106.99444656260312">
        <ele>2164.545654</ele>
        <time>2014-11-28T21:55:09Z</time>
      </trkpt>
      <trkpt lat="-6.773735973984003" lon="106.99435595422983">
        <ele>2167.429443</ele>
        <time>2014-11-28T21:56:12Z</time>
      </trkpt>
      <trkpt lat="-6.773833706974983" lon="106.99426920153201">
        <ele>2170.7941890000002</ele>
        <time>2014-11-28T21:56:32Z</time>
      </trkpt>
      <trkpt lat="-6.773890871554613" lon="106.99422603473067">
        <ele>2174.1589359999998</ele>
        <time>2014-11-28T21:56:48Z</time>
      </trkpt>
      <trkpt lat="-6.773958094418049" lon="106.99413215741515">
        <ele>2177.0429690000001</ele>
        <time>2014-11-28T21:57:38Z</time>
      </trkpt>
      <trkpt lat="-6.774146603420377" lon="106.99394498951733">
        <ele>2180.407471</ele>
        <time>2014-11-28T21:58:27Z</time>
      </trkpt>
      <trkpt lat="-6.774175940081477" lon="106.99393677525222">
        <ele>2179.9267580000001</ele>
        <time>2014-11-28T21:58:35Z</time>
      </trkpt>
      <trkpt lat="-6.774213910102844" lon="106.99391456320882">
        <ele>2183.29126</ele>
        <time>2014-11-28T21:58:43Z</time>
      </trkpt>
      <trkpt lat="-6.774293789640069" lon="106.99389394372702">
        <ele>2186.1752929999998</ele>
        <time>2014-11-28T21:58:55Z</time>
      </trkpt>
      <trkpt lat="-6.774300998076797" lon="106.99388975277543">
        <ele>2186.6557619999999</ele>
        <time>2014-11-28T21:58:56Z</time>
      </trkpt>
      <trkpt lat="-6.774294544011354" lon="106.99390970170498">
        <ele>2186.6557619999999</ele>
        <time>2014-11-28T21:59:08Z</time>
      </trkpt>
      <trkpt lat="-6.774332597851753" lon="106.99389059096575">
        <ele>2190.0207519999999</ele>
        <time>2014-11-28T22:00:01Z</time>
      </trkpt>
      <trkpt lat="-6.774372747167945" lon="106.99386167339981">
        <ele>2192.9045409999999</ele>
        <time>2014-11-28T22:00:15Z</time>
      </trkpt>
      <trkpt lat="-6.774432258680463" lon="106.99378489516675">
        <ele>2196.2692870000001</ele>
        <time>2014-11-28T22:01:17Z</time>
      </trkpt>
      <trkpt lat="-6.774439299479127" lon="106.9937374535948">
        <ele>2195.7885740000002</ele>
        <time>2014-11-28T22:01:42Z</time>
      </trkpt>
      <trkpt lat="-6.774525549262762" lon="106.99372647330165">
        <ele>2196.2692870000001</ele>
        <time>2014-11-28T22:02:31Z</time>
      </trkpt>
      <trkpt lat="-6.774528063833714" lon="106.99372563511133">
        <ele>2194.8271479999999</ele>
        <time>2014-11-28T22:02:33Z</time>
      </trkpt>
      <trkpt lat="-6.774586737155914" lon="106.99369445443153">
        <ele>2193.8659670000002</ele>
        <time>2014-11-28T22:04:39Z</time>
      </trkpt>
      <trkpt lat="-6.774489087983966" lon="106.99372094124556">
        <ele>2196.2692870000001</ele>
        <time>2014-11-28T22:10:36Z</time>
      </trkpt>
      <trkpt lat="-6.774488836526871" lon="106.99371901340783">
        <ele>2194.3464359999998</ele>
        <time>2014-11-28T22:10:38Z</time>
      </trkpt>
      <trkpt lat="-6.774553041905165" lon="106.9937702268362">
        <ele>2197.2304690000001</ele>
        <time>2014-11-28T22:14:06Z</time>
      </trkpt>
      <trkpt lat="-6.774571314454079" lon="106.99375933036208">
        <ele>2198.1916500000002</ele>
        <time>2014-11-28T22:14:12Z</time>
      </trkpt>
      <trkpt lat="-6.774676507338882" lon="106.99373175390065">
        <ele>2202.036865</ele>
        <time>2014-11-28T22:14:28Z</time>
      </trkpt>
      <trkpt lat="-6.774681201204658" lon="106.99372764676809">
        <ele>2202.036865</ele>
        <time>2014-11-28T22:14:29Z</time>
      </trkpt>
      <trkpt lat="-6.774748675525188" lon="106.99367668479681">
        <ele>2204.921143</ele>
        <time>2014-11-28T22:14:45Z</time>
      </trkpt>
      <trkpt lat="-6.774805756285787" lon="106.99367140419781">
        <ele>2208.2856449999999</ele>
        <time>2014-11-28T22:14:58Z</time>
      </trkpt>
      <trkpt lat="-6.774879517033696" lon="106.99358448386192">
        <ele>2211.1696780000002</ele>
        <time>2014-11-28T22:15:30Z</time>
      </trkpt>
      <trkpt lat="-6.774919079616666" lon="106.99352421797812">
        <ele>2212.1308589999999</ele>
        <time>2014-11-28T22:15:52Z</time>
      </trkpt>
      <trkpt lat="-6.774929976090789" lon="106.99354995042086">
        <ele>2213.5727539999998</ele>
        <time>2014-11-28T22:16:15Z</time>
      </trkpt>
      <trkpt lat="-6.774961408227682" lon="106.99348390102386">
        <ele>2216.4567870000001</ele>
        <time>2014-11-28T22:16:35Z</time>
      </trkpt>
      <trkpt lat="-6.774981440976262" lon="106.99347350746393">
        <ele>2216.9375</ele>
        <time>2014-11-28T22:16:46Z</time>
      </trkpt>
      <trkpt lat="-6.775133991613984" lon="106.99338331818581">
        <ele>2220.3022460000002</ele>
        <time>2014-11-28T22:17:17Z</time>
      </trkpt>
      <trkpt lat="-6.775142792612314" lon="106.99337610974908">
        <ele>2220.3022460000002</ele>
        <time>2014-11-28T22:17:18Z</time>
      </trkpt>
      <trkpt lat="-6.775318142026663" lon="106.99336152523756">
        <ele>2220.7829590000001</ele>
        <time>2014-11-28T22:17:41Z</time>
      </trkpt>
      <trkpt lat="-6.775382850319147" lon="106.99336320161819">
        <ele>2221.7441410000001</ele>
        <time>2014-11-28T22:17:46Z</time>
      </trkpt>
      <trkpt lat="-6.775626176968217" lon="106.99338809587061">
        <ele>2225.108643</ele>
        <time>2014-11-28T22:18:14Z</time>
      </trkpt>
      <trkpt lat="-6.775662386789918" lon="106.99339195154607">
        <ele>2227.9926759999998</ele>
        <time>2014-11-28T22:18:32Z</time>
      </trkpt>
      <trkpt lat="-6.775824911892414" lon="106.99334903620183">
        <ele>2230.8767090000001</ele>
        <time>2014-11-28T22:19:09Z</time>
      </trkpt>
      <trkpt lat="-6.775966566056013" lon="106.99332397431135">
        <ele>2234.7219239999999</ele>
        <time>2014-11-28T22:19:32Z</time>
      </trkpt>
      <trkpt lat="-6.776053234934807" lon="106.99328742921352">
        <ele>2237.6059570000002</ele>
        <time>2014-11-28T22:19:53Z</time>
      </trkpt>
      <trkpt lat="-6.776192206889391" lon="106.9932038616389">
        <ele>2239.0478520000001</ele>
        <time>2014-11-28T22:20:19Z</time>
      </trkpt>
      <trkpt lat="-6.776221878826618" lon="106.99321006424725">
        <ele>2240.0092770000001</ele>
        <time>2014-11-28T22:20:25Z</time>
      </trkpt>
      <trkpt lat="-6.776226740330458" lon="106.99321148917079">
        <ele>2239.0478520000001</ele>
        <time>2014-11-28T22:20:36Z</time>
      </trkpt>
      <trkpt lat="-6.776307122781873" lon="106.99321886524558">
        <ele>2242.4125979999999</ele>
        <time>2014-11-28T22:26:00Z</time>
      </trkpt>
      <trkpt lat="-6.77639689296484" lon="106.99311518110335">
        <ele>2244.8156739999999</ele>
        <time>2014-11-28T22:26:26Z</time>
      </trkpt>
      <trkpt lat="-6.776459589600563" lon="106.99311174452305">
        <ele>2244.334961</ele>
        <time>2014-11-28T22:33:10Z</time>
      </trkpt>
      <trkpt lat="-6.776450872421265" lon="106.99311945587397">
        <ele>2242.8930660000001</ele>
        <time>2014-11-28T22:33:26Z</time>
      </trkpt>
      <trkpt lat="-6.77642522379756" lon="106.9931071344763">
        <ele>2242.8930660000001</ele>
        <time>2014-11-28T22:36:08Z</time>
      </trkpt>
      <trkpt lat="-6.77637442946434" lon="106.99309397488832">
        <ele>2243.373779</ele>
        <time>2014-11-28T22:36:41Z</time>
      </trkpt>
      <trkpt lat="-6.776361605152488" lon="106.99308961629868">
        <ele>2243.8544919999999</ele>
        <time>2014-11-28T22:37:07Z</time>
      </trkpt>
      <trkpt lat="-6.776359425857663" lon="106.99312356300652">
        <ele>2247.2189939999998</ele>
        <time>2014-11-28T22:40:36Z</time>
      </trkpt>
      <trkpt lat="-6.776327239349484" lon="106.99311199598014">
        <ele>2246.7382809999999</ele>
        <time>2014-11-28T22:42:01Z</time>
      </trkpt>
      <trkpt lat="-6.776328412815929" lon="106.99310889467597">
        <ele>2248.6608890000002</ele>
        <time>2014-11-28T22:42:50Z</time>
      </trkpt>
      <trkpt lat="-6.776366885751486" lon="106.99311434291303">
        <ele>2247.2189939999998</ele>
        <time>2014-11-28T22:43:24Z</time>
      </trkpt>
      <trkpt lat="-6.776389265432954" lon="106.99306832626462">
        <ele>2246.2578119999998</ele>
        <time>2014-11-28T22:44:13Z</time>
      </trkpt>
      <trkpt lat="-6.776391193270683" lon="106.9930658955127">
        <ele>2247.6997070000002</ele>
        <time>2014-11-28T22:44:15Z</time>
      </trkpt>
      <trkpt lat="-6.776276025921106" lon="106.99317653663456">
        <ele>2246.7382809999999</ele>
        <time>2014-11-28T22:46:53Z</time>
      </trkpt>
      <trkpt lat="-6.776417680084705" lon="106.9931747764349">
        <ele>2246.2578119999998</ele>
        <time>2014-11-28T22:47:31Z</time>
      </trkpt>
      <trkpt lat="-6.776371244341135" lon="106.99299682863057">
        <ele>2245.7770999999998</ele>
        <time>2014-11-28T22:51:39Z</time>
      </trkpt>
      <trkpt lat="-6.776368813589215" lon="106.99299448169768">
        <ele>2246.7382809999999</ele>
        <time>2014-11-28T22:51:45Z</time>
      </trkpt>
      <trkpt lat="-6.776426397264004" lon="106.99310294352472">
        <ele>2245.7770999999998</ele>
        <time>2014-11-28T22:52:51Z</time>
      </trkpt>
      <trkpt lat="-6.776405861601234" lon="106.99306639842689">
        <ele>2247.2189939999998</ele>
        <time>2014-11-28T22:54:03Z</time>
      </trkpt>
      <trkpt lat="-6.776315588504076" lon="106.99307209812105">
        <ele>2245.7770999999998</ele>
        <time>2014-11-28T22:55:17Z</time>
      </trkpt>
      <trkpt lat="-6.776315169408917" lon="106.99319296516478">
        <ele>2246.7382809999999</ele>
        <time>2014-11-28T22:56:01Z</time>
      </trkpt>
      <trkpt lat="-6.776311146095395" lon="106.99314988218248">
        <ele>2246.2578119999998</ele>
        <time>2014-11-28T22:56:52Z</time>
      </trkpt>
      <trkpt lat="-6.776327826082707" lon="106.99291401542723">
        <ele>2246.7382809999999</ele>
        <time>2014-11-28T23:00:50Z</time>
      </trkpt>
      <trkpt lat="-6.776399156078696" lon="106.99302197434008">
        <ele>2249.6223140000002</ele>
        <time>2014-11-28T23:01:19Z</time>
      </trkpt>
      <trkpt lat="-6.776489093899727" lon="106.99301300570369">
        <ele>2252.9870609999998</ele>
        <time>2014-11-28T23:01:32Z</time>
      </trkpt>
      <trkpt lat="-6.776628065854311" lon="106.99299230240285">
        <ele>2256.3515619999998</ele>
        <time>2014-11-28T23:01:48Z</time>
      </trkpt>
      <trkpt lat="-6.776701072230935" lon="106.99300051666796">
        <ele>2259.7160640000002</ele>
        <time>2014-11-28T23:02:04Z</time>
      </trkpt>
      <trkpt lat="-6.7767443228513" lon="106.99301518499851">
        <ele>2263.0808109999998</ele>
        <time>2014-11-28T23:02:16Z</time>
      </trkpt>
      <trkpt lat="-6.776799308136106" lon="106.99303647503257">
        <ele>2265.9645999999998</ele>
        <time>2014-11-28T23:03:00Z</time>
      </trkpt>
      <trkpt lat="-6.776859825477004" lon="106.99307176284492">
        <ele>2270.2907709999999</ele>
        <time>2014-11-28T23:03:17Z</time>
      </trkpt>
      <trkpt lat="-6.776860328391194" lon="106.9930727686733">
        <ele>2268.8488769999999</ele>
        <time>2014-11-28T23:03:18Z</time>
      </trkpt>
      <trkpt lat="-6.77685764618218" lon="106.99307695962489">
        <ele>2269.8100589999999</ele>
        <time>2014-11-28T23:03:24Z</time>
      </trkpt>
      <trkpt lat="-6.77685521543026" lon="106.99307980947196">
        <ele>2266.4453119999998</ele>
        <time>2014-11-28T23:03:27Z</time>
      </trkpt>
      <trkpt lat="-6.776851192116737" lon="106.99308031238616">
        <ele>2269.8100589999999</ele>
        <time>2014-11-28T23:03:29Z</time>
      </trkpt>
      <trkpt lat="-6.776850102469325" lon="106.99307997711003">
        <ele>2269.8100589999999</ele>
        <time>2014-11-28T23:03:30Z</time>
      </trkpt>
      <trkpt lat="-6.77697298116982" lon="106.99304929934442">
        <ele>2273.6552729999999</ele>
        <time>2014-11-28T23:03:45Z</time>
      </trkpt>
      <trkpt lat="-6.776981363072991" lon="106.99304795823991">
        <ele>2273.6552729999999</ele>
        <time>2014-11-28T23:03:46Z</time>
      </trkpt>
      <trkpt lat="-6.776996869593859" lon="106.99303957633674">
        <ele>2269.3295899999998</ele>
        <time>2014-11-28T23:03:48Z</time>
      </trkpt>
      <trkpt lat="-6.777004329487681" lon="106.99303739704192">
        <ele>2270.2907709999999</ele>
        <time>2014-11-28T23:03:49Z</time>
      </trkpt>
      <trkpt lat="-6.77710248157382" lon="106.99303857050836">
        <ele>2273.6552729999999</ele>
        <time>2014-11-28T23:04:03Z</time>
      </trkpt>
      <trkpt lat="-6.777181355282664" lon="106.99298392049968">
        <ele>2276.539307</ele>
        <time>2014-11-28T23:04:20Z</time>
      </trkpt>
      <trkpt lat="-6.777212368324399" lon="106.99297520332038">
        <ele>2279.9038089999999</ele>
        <time>2014-11-28T23:05:02Z</time>
      </trkpt>
      <trkpt lat="-6.777218990027905" lon="106.9929760415107">
        <ele>2280.3845209999999</ele>
        <time>2014-11-28T23:05:04Z</time>
      </trkpt>
      <trkpt lat="-6.777386125177145" lon="106.99297755025327">
        <ele>2283.7490229999999</ele>
        <time>2014-11-28T23:05:21Z</time>
      </trkpt>
      <trkpt lat="-6.777504058554769" lon="106.99293765239418">
        <ele>2285.671875</ele>
        <time>2014-11-28T23:05:56Z</time>
      </trkpt>
      <trkpt lat="-6.777538675814867" lon="106.99293706566095">
        <ele>2288.5559079999998</ele>
        <time>2014-11-28T23:06:13Z</time>
      </trkpt>
      <trkpt lat="-6.777627104893327" lon="106.99291678145528">
        <ele>2291.9204100000002</ele>
        <time>2014-11-28T23:06:32Z</time>
      </trkpt>
      <trkpt lat="-6.777661554515362" lon="106.99289364740252">
        <ele>2295.2849120000001</ele>
        <time>2014-11-28T23:06:44Z</time>
      </trkpt>
      <trkpt lat="-6.777801867574453" lon="106.99291753582656">
        <ele>2298.1687010000001</ele>
        <time>2014-11-28T23:07:43Z</time>
      </trkpt>
      <trkpt lat="-6.777803879231215" lon="106.99282625690103">
        <ele>2301.5336910000001</ele>
        <time>2014-11-28T23:08:03Z</time>
      </trkpt>
      <trkpt lat="-6.777814188972116" lon="106.99282282032073">
        <ele>2304.898193</ele>
        <time>2014-11-28T23:08:20Z</time>
      </trkpt>
      <trkpt lat="-6.777840340510011" lon="106.99281091801822">
        <ele>2307.7822270000001</ele>
        <time>2014-11-28T23:08:38Z</time>
      </trkpt>
      <trkpt lat="-6.777847046032548" lon="106.992815611884">
        <ele>2308.2626949999999</ele>
        <time>2014-11-28T23:09:03Z</time>
      </trkpt>
      <trkpt lat="-6.777849141508341" lon="106.99281821027398">
        <ele>2307.3015140000002</ele>
        <time>2014-11-28T23:09:05Z</time>
      </trkpt>
      <trkpt lat="-6.777853667736054" lon="106.99281938374043">
        <ele>2309.2241210000002</ele>
        <time>2014-11-28T23:09:07Z</time>
      </trkpt>
      <trkpt lat="-6.777858110144734" lon="106.992820892483">
        <ele>2310.6660160000001</ele>
        <time>2014-11-28T23:09:09Z</time>
      </trkpt>
      <trkpt lat="-6.777859786525369" lon="106.99282198213041">
        <ele>2308.7434079999998</ele>
        <time>2014-11-28T23:09:11Z</time>
      </trkpt>
      <trkpt lat="-6.777861379086971" lon="106.99282005429268">
        <ele>2313.5498050000001</ele>
        <time>2014-11-28T23:09:12Z</time>
      </trkpt>
      <trkpt lat="-6.777863223105669" lon="106.99281862936914">
        <ele>2309.7045899999998</ele>
        <time>2014-11-28T23:09:13Z</time>
      </trkpt>
      <trkpt lat="-6.777987526729703" lon="106.99275886639953">
        <ele>2313.5498050000001</ele>
        <time>2014-11-28T23:09:30Z</time>
      </trkpt>
      <trkpt lat="-6.778059778735042" lon="106.9927638117224">
        <ele>2316.9147950000001</ele>
        <time>2014-11-28T23:09:57Z</time>
      </trkpt>
      <trkpt lat="-6.778143011033535" lon="106.99276800267398">
        <ele>2320.279297</ele>
        <time>2014-11-28T23:11:23Z</time>
      </trkpt>
      <trkpt lat="-6.778185423463583" lon="106.99277638457716">
        <ele>2323.6437989999999</ele>
        <time>2014-11-28T23:11:37Z</time>
      </trkpt>
      <trkpt lat="-6.778243677690625" lon="106.9927344750613">
        <ele>2326.5278320000002</ele>
        <time>2014-11-28T23:11:57Z</time>
      </trkpt>
      <trkpt lat="-6.778377704322338" lon="106.99266649782658">
        <ele>2329.4116210000002</ele>
        <time>2014-11-28T23:13:20Z</time>
      </trkpt>
      <trkpt lat="-6.778457332402468" lon="106.99262785725296">
        <ele>2332.2958979999999</ele>
        <time>2014-11-28T23:13:38Z</time>
      </trkpt>
      <trkpt lat="-6.778530590236187" lon="106.99263741262257">
        <ele>2335.1796880000002</ele>
        <time>2014-11-28T23:13:54Z</time>
      </trkpt>
      <trkpt lat="-6.778590688481927" lon="106.99262836016715">
        <ele>2338.5444339999999</ele>
        <time>2014-11-28T23:14:16Z</time>
      </trkpt>
      <trkpt lat="-6.778591442853212" lon="106.99260707013309">
        <ele>2338.063721</ele>
        <time>2014-11-28T23:14:31Z</time>
      </trkpt>
      <trkpt lat="-6.778573589399457" lon="106.99262249283493">
        <ele>2338.063721</ele>
        <time>2014-11-28T23:14:37Z</time>
      </trkpt>
      <trkpt lat="-6.778527405112982" lon="106.99255543760955">
        <ele>2341.9089359999998</ele>
        <time>2014-11-28T23:14:55Z</time>
      </trkpt>
      <trkpt lat="-6.778527572751045" lon="106.99254051782191">
        <ele>2341.9089359999998</ele>
        <time>2014-11-28T23:14:59Z</time>
      </trkpt>
      <trkpt lat="-6.778592113405466" lon="106.99248695746064">
        <ele>2345.2734380000002</ele>
        <time>2014-11-28T23:15:24Z</time>
      </trkpt>
      <trkpt lat="-6.778710214421153" lon="106.99252006597817">
        <ele>2348.157471</ele>
        <time>2014-11-28T23:16:07Z</time>
      </trkpt>
      <trkpt lat="-6.77875061519444" lon="106.99252241291106">
        <ele>2350.5607909999999</ele>
        <time>2014-11-28T23:16:20Z</time>
      </trkpt>
      <trkpt lat="-6.778816748410463" lon="106.99252258054912">
        <ele>2353.4448240000002</ele>
        <time>2014-11-28T23:16:39Z</time>
      </trkpt>
      <trkpt lat="-6.778945159167051" lon="106.99254797771573">
        <ele>2356.8093260000001</ele>
        <time>2014-11-28T23:17:05Z</time>
      </trkpt>
      <trkpt lat="-6.778932670131326" lon="106.99246105737984">
        <ele>2360.6545409999999</ele>
        <time>2014-11-28T23:18:06Z</time>
      </trkpt>
      <trkpt lat="-6.778975417837501" lon="106.99243867769837">
        <ele>2364.0192870000001</ele>
        <time>2014-11-28T23:18:19Z</time>
      </trkpt>
      <trkpt lat="-6.77898564375937" lon="106.99243264272809">
        <ele>2365.9418949999999</ele>
        <time>2014-11-28T23:18:21Z</time>
      </trkpt>
      <trkpt lat="-6.779000479727984" lon="106.99242786504328">
        <ele>2362.0964359999998</ele>
        <time>2014-11-28T23:18:24Z</time>
      </trkpt>
      <trkpt lat="-6.779006598517299" lon="106.99242794886231">
        <ele>2362.5771479999999</ele>
        <time>2014-11-28T23:18:25Z</time>
      </trkpt>
      <trkpt lat="-6.779018417000771" lon="106.99242677539587">
        <ele>2367.383789</ele>
        <time>2014-11-28T23:18:29Z</time>
      </trkpt>
      <trkpt lat="-6.779019674286246" lon="106.99242752976716">
        <ele>2367.8645019999999</ele>
        <time>2014-11-28T23:18:30Z</time>
      </trkpt>
      <trkpt lat="-6.779023949056864" lon="106.9924305472523">
        <ele>2364.5</ele>
        <time>2014-11-28T23:18:33Z</time>
      </trkpt>
      <trkpt lat="-6.779075330123305" lon="106.99246725998819">
        <ele>2367.383789</ele>
        <time>2014-11-28T23:18:39Z</time>
      </trkpt>
      <trkpt lat="-6.779062421992421" lon="106.99243532493711">
        <ele>2370.2678219999998</ele>
        <time>2014-11-28T23:19:43Z</time>
      </trkpt>
      <trkpt lat="-6.779133416712284" lon="106.99236064217985">
        <ele>2375.0742190000001</ele>
        <time>2014-11-28T23:20:06Z</time>
      </trkpt>
      <trkpt lat="-6.77921530790627" lon="106.99231403879821">
        <ele>2378.4389649999998</ele>
        <time>2014-11-28T23:20:29Z</time>
      </trkpt>
      <trkpt lat="-6.779292337596417" lon="106.9923525955528">
        <ele>2381.3229980000001</ele>
        <time>2014-11-28T23:20:48Z</time>
      </trkpt>
      <trkpt lat="-6.779283620417118" lon="106.99237179011106">
        <ele>2381.803711</ele>
        <time>2014-11-28T23:21:12Z</time>
      </trkpt>
      <trkpt lat="-6.779281692579389" lon="106.99237078428268">
        <ele>2378.4389649999998</ele>
        <time>2014-11-28T23:21:16Z</time>
      </trkpt>
      <trkpt lat="-6.779264844954014" lon="106.99235687032342">
        <ele>2382.764893</ele>
        <time>2014-11-28T23:21:34Z</time>
      </trkpt>
      <trkpt lat="-6.779264844954014" lon="106.99235762469471">
        <ele>2382.764893</ele>
        <time>2014-11-28T23:21:35Z</time>
      </trkpt>
      <trkpt lat="-6.779267862439156" lon="106.99236164800823">
        <ele>2382.764893</ele>
        <time>2014-11-28T23:21:44Z</time>
      </trkpt>
      <trkpt lat="-6.779268868267536" lon="106.99236097745597">
        <ele>2381.3229980000001</ele>
        <time>2014-11-28T23:21:46Z</time>
      </trkpt>
      <trkpt lat="-6.779261911287904" lon="106.99234329164028">
        <ele>2380.842529</ele>
        <time>2014-11-28T23:22:03Z</time>
      </trkpt>
      <trkpt lat="-6.779260318726301" lon="106.99233759194613">
        <ele>2379.4001459999999</ele>
        <time>2014-11-28T23:22:09Z</time>
      </trkpt>
      <trkpt lat="-6.779268952086568" lon="106.99234806932509">
        <ele>2380.842529</ele>
        <time>2014-11-28T23:22:24Z</time>
      </trkpt>
      <trkpt lat="-6.77927004173398" lon="106.9923562835902">
        <ele>2379.8808589999999</ele>
        <time>2014-11-28T23:22:29Z</time>
      </trkpt>
      <trkpt lat="-6.779268952086568" lon="106.99235988780856">
        <ele>2382.764893</ele>
        <time>2014-11-28T23:22:32Z</time>
      </trkpt>
      <trkpt lat="-6.779267275705934" lon="106.99236433021724">
        <ele>2379.4001459999999</ele>
        <time>2014-11-28T23:22:35Z</time>
      </trkpt>
      <trkpt lat="-6.779266940429807" lon="106.99236667715013">
        <ele>2382.2844239999999</ele>
        <time>2014-11-28T23:22:36Z</time>
      </trkpt>
      <trkpt lat="-6.779185635969043" lon="106.992371622473">
        <ele>2385.6489259999998</ele>
        <time>2014-11-28T23:22:55Z</time>
      </trkpt>
      <trkpt lat="-6.779184127226472" lon="106.99236391112208">
        <ele>2385.1682129999999</ele>
        <time>2014-11-28T23:22:56Z</time>
      </trkpt>
      <trkpt lat="-6.779156215488911" lon="106.99231076985598">
        <ele>2388.5329590000001</ele>
        <time>2014-11-28T23:23:15Z</time>
      </trkpt>
      <trkpt lat="-6.779239196330309" lon="106.99228260666132">
        <ele>2391.4167480000001</ele>
        <time>2014-11-28T23:24:00Z</time>
      </trkpt>
      <trkpt lat="-6.77928077057004" lon="106.99226735159755">
        <ele>2393.3393550000001</ele>
        <time>2014-11-28T23:24:08Z</time>
      </trkpt>
      <trkpt lat="-6.779361320659518" lon="106.99225871823728">
        <ele>2396.7041020000001</ele>
        <time>2014-11-28T23:24:22Z</time>
      </trkpt>
      <trkpt lat="-6.779377330094576" lon="106.99224589392543">
        <ele>2397.1848140000002</ele>
        <time>2014-11-28T23:24:29Z</time>
      </trkpt>
      <trkpt lat="-6.779446229338646" lon="106.99222275987267">
        <ele>2400.5493160000001</ele>
        <time>2014-11-28T23:24:45Z</time>
      </trkpt>
      <trkpt lat="-6.779556283727288" lon="106.99223650619388">
        <ele>2403.4333499999998</ele>
        <time>2014-11-28T23:25:11Z</time>
      </trkpt>
      <trkpt lat="-6.779587380588055" lon="106.99225377291441">
        <ele>2406.3171390000002</ele>
        <time>2014-11-28T23:26:14Z</time>
      </trkpt>
      <trkpt lat="-6.779658123850822" lon="106.99226357974112">
        <ele>2409.6816410000001</ele>
        <time>2014-11-28T23:26:31Z</time>
      </trkpt>
      <trkpt lat="-6.779698356986046" lon="106.99227296747267">
        <ele>2412.5659179999998</ele>
        <time>2014-11-28T23:26:45Z</time>
      </trkpt>
      <trkpt lat="-6.779626775532961" lon="106.99223793111742">
        <ele>2416.891846</ele>
        <time>2014-11-28T23:27:35Z</time>
      </trkpt>
      <trkpt lat="-6.779626859351993" lon="106.9922286272049">
        <ele>2413.0466310000002</ele>
        <time>2014-11-28T23:27:36Z</time>
      </trkpt>
      <trkpt lat="-6.77961453795433" lon="106.99217221699655">
        <ele>2415.9304200000001</ele>
        <time>2014-11-28T23:27:43Z</time>
      </trkpt>
      <trkpt lat="-6.779616298153997" lon="106.99216039851308">
        <ele>2416.4111330000001</ele>
        <time>2014-11-28T23:27:44Z</time>
      </trkpt>
      <trkpt lat="-6.779650328680873" lon="106.9921263679862">
        <ele>2419.2951659999999</ele>
        <time>2014-11-28T23:28:01Z</time>
      </trkpt>
      <trkpt lat="-6.779742613434792" lon="106.99201287701726">
        <ele>2421.217529</ele>
        <time>2014-11-28T23:28:15Z</time>
      </trkpt>
      <trkpt lat="-6.779779912903905" lon="106.99202134273946">
        <ele>2424.1015619999998</ele>
        <time>2014-11-28T23:28:31Z</time>
      </trkpt>
      <trkpt lat="-6.779838502407074" lon="106.99201597832143">
        <ele>2427.4660640000002</ele>
        <time>2014-11-28T23:29:30Z</time>
      </trkpt>
      <trkpt lat="-6.779921818524599" lon="106.99201069772243">
        <ele>2430.8310550000001</ele>
        <time>2014-11-28T23:29:45Z</time>
      </trkpt>
      <trkpt lat="-6.779973115772009" lon="106.99205143377185">
        <ele>2433.2341310000002</ele>
        <time>2014-11-28T23:30:04Z</time>
      </trkpt>
      <trkpt lat="-6.780090546235442" lon="106.99209485203028">
        <ele>2437.079346</ele>
        <time>2014-11-28T23:30:27Z</time>
      </trkpt>
      <trkpt lat="-6.780139161273837" lon="106.99206995777786">
        <ele>2437.5600589999999</ele>
        <time>2014-11-28T23:30:38Z</time>
      </trkpt>
      <trkpt lat="-6.780144441872835" lon="106.99205964803696">
        <ele>2439.4826659999999</ele>
        <time>2014-11-28T23:30:51Z</time>
      </trkpt>
      <trkpt lat="-6.780144274234772" lon="106.99205797165632">
        <ele>2434.6762699999999</ele>
        <time>2014-11-28T23:30:52Z</time>
      </trkpt>
      <trkpt lat="-6.780146537348628" lon="106.99205989949405">
        <ele>2437.079346</ele>
        <time>2014-11-28T23:30:53Z</time>
      </trkpt>
      <trkpt lat="-6.78015592508018" lon="106.99206719174981">
        <ele>2436.118164</ele>
        <time>2014-11-28T23:31:18Z</time>
      </trkpt>
      <trkpt lat="-6.780158104375005" lon="106.9920711312443">
        <ele>2438.0407709999999</ele>
        <time>2014-11-28T23:31:22Z</time>
      </trkpt>
      <trkpt lat="-6.780156847089529" lon="106.99207163415849">
        <ele>2440.4438479999999</ele>
        <time>2014-11-28T23:31:27Z</time>
      </trkpt>
      <trkpt lat="-6.780211161822081" lon="106.99215771630406">
        <ele>2443.8085940000001</ele>
        <time>2014-11-28T23:31:47Z</time>
      </trkpt>
      <trkpt lat="-6.780212000012398" lon="106.99214740656316">
        <ele>2443.8085940000001</ele>
        <time>2014-11-28T23:31:48Z</time>
      </trkpt>
      <trkpt lat="-6.780143938958645" lon="106.99219711124897">
        <ele>2447.1733399999998</ele>
        <time>2014-11-28T23:32:51Z</time>
      </trkpt>
      <trkpt lat="-6.78015248849988" lon="106.99219107627869">
        <ele>2449.0959469999998</ele>
        <time>2014-11-28T23:33:02Z</time>
      </trkpt>
      <trkpt lat="-6.780251562595367" lon="106.99204858392477">
        <ele>2452.4604490000002</ele>
        <time>2014-11-28T23:33:18Z</time>
      </trkpt>
      <trkpt lat="-6.780331274494529" lon="106.99195772409439">
        <ele>2455.8249510000001</ele>
        <time>2014-11-28T23:33:35Z</time>
      </trkpt>
      <trkpt lat="-6.780363628640771" lon="106.99195789173245">
        <ele>2456.305664</ele>
        <time>2014-11-28T23:33:58Z</time>
      </trkpt>
      <trkpt lat="-6.78037142381072" lon="106.99195604771376">
        <ele>2457.2670899999998</ele>
        <time>2014-11-28T23:34:00Z</time>
      </trkpt>
      <trkpt lat="-6.780370669439435" lon="106.99194640852511">
        <ele>2455.8249510000001</ele>
        <time>2014-11-28T23:34:10Z</time>
      </trkpt>
      <trkpt lat="-6.780363963916898" lon="106.9919366016984">
        <ele>2457.7478030000002</ele>
        <time>2014-11-28T23:34:14Z</time>
      </trkpt>
      <trkpt lat="-6.780363209545612" lon="106.99194087646902">
        <ele>2455.344482</ele>
        <time>2014-11-28T23:34:16Z</time>
      </trkpt>
      <trkpt lat="-6.780365891754627" lon="106.99194355867803">
        <ele>2460.631836</ele>
        <time>2014-11-28T23:34:19Z</time>
      </trkpt>
      <trkpt lat="-6.7803655564785" lon="106.99194313958287">
        <ele>2457.2670899999998</ele>
        <time>2014-11-28T23:34:20Z</time>
      </trkpt>
      <trkpt lat="-6.780459433794022" lon="106.99197012931108">
        <ele>2457.7478030000002</ele>
        <time>2014-11-28T23:34:59Z</time>
      </trkpt>
      <trkpt lat="-6.78045985288918" lon="106.99197004549205">
        <ele>2460.631836</ele>
        <time>2014-11-28T23:35:00Z</time>
      </trkpt>
      <trkpt lat="-6.780462870374322" lon="106.99195328168571">
        <ele>2459.1896969999998</ele>
        <time>2014-11-28T23:35:01Z</time>
      </trkpt>
      <trkpt lat="-6.780473934486508" lon="106.99194649234414">
        <ele>2462.554443</ele>
        <time>2014-11-28T23:35:05Z</time>
      </trkpt>
      <trkpt lat="-6.780488267540932" lon="106.99197490699589">
        <ele>2462.554443</ele>
        <time>2014-11-28T23:35:12Z</time>
      </trkpt>
      <trkpt lat="-6.78056295029819" lon="106.99195286259055">
        <ele>2466.3996579999998</ele>
        <time>2014-11-28T23:35:32Z</time>
      </trkpt>
      <trkpt lat="-6.780563117936254" lon="106.99192226864398">
        <ele>2465.9189449999999</ele>
        <time>2014-11-28T23:35:38Z</time>
      </trkpt>
      <trkpt lat="-6.780543671920896" lon="106.99190407991409">
        <ele>2465.4384770000001</ele>
        <time>2014-11-28T23:35:52Z</time>
      </trkpt>
      <trkpt lat="-6.780553981661797" lon="106.99197658337653">
        <ele>2468.8029790000001</ele>
        <time>2014-11-28T23:36:13Z</time>
      </trkpt>
      <trkpt lat="-6.780581641942263" lon="106.99201161973178">
        <ele>2470.2448730000001</ele>
        <time>2014-11-28T23:36:25Z</time>
      </trkpt>
      <trkpt lat="-6.780585497617722" lon="106.99200424365699">
        <ele>2473.609375</ele>
        <time>2014-11-28T23:36:40Z</time>
      </trkpt>
      <trkpt lat="-6.780610224232078" lon="106.99196426197886">
        <ele>2477.935547</ele>
        <time>2014-11-28T23:36:55Z</time>
      </trkpt>
      <trkpt lat="-6.78060645237565" lon="106.99196618981659">
        <ele>2476.4936520000001</ele>
        <time>2014-11-28T23:37:06Z</time>
      </trkpt>
      <trkpt lat="-6.780609302222729" lon="106.99197004549205">
        <ele>2476.0129390000002</ele>
        <time>2014-11-28T23:37:17Z</time>
      </trkpt>
      <trkpt lat="-6.780721116811037" lon="106.99188781902194">
        <ele>2479.3774410000001</ele>
        <time>2014-11-28T23:37:59Z</time>
      </trkpt>
      <trkpt lat="-6.780842151492834" lon="106.99188974685967">
        <ele>2482.741943</ele>
        <time>2014-11-28T23:38:13Z</time>
      </trkpt>
      <trkpt lat="-6.780914152041078" lon="106.99185680598021">
        <ele>2486.5871579999998</ele>
        <time>2014-11-28T23:39:04Z</time>
      </trkpt>
      <trkpt lat="-6.780910044908524" lon="106.99185127392411">
        <ele>2486.5871579999998</ele>
        <time>2014-11-28T23:39:05Z</time>
      </trkpt>
      <trkpt lat="-6.780973747372627" lon="106.99188790284097">
        <ele>2489.951904</ele>
        <time>2014-11-28T23:39:31Z</time>
      </trkpt>
      <trkpt lat="-6.780974250286818" lon="106.991954036057">
        <ele>2488.51001</ele>
        <time>2014-11-28T23:39:53Z</time>
      </trkpt>
      <trkpt lat="-6.780995624139905" lon="106.99188739992678">
        <ele>2490.913086</ele>
        <time>2014-11-28T23:40:33Z</time>
      </trkpt>
      <trkpt lat="-6.781007274985313" lon="106.99188052676618">
        <ele>2494.2778320000002</ele>
        <time>2014-11-28T23:40:46Z</time>
      </trkpt>
      <trkpt lat="-6.781041976064444" lon="106.99186703190207">
        <ele>2497.642578</ele>
        <time>2014-11-28T23:40:58Z</time>
      </trkpt>
      <trkpt lat="-6.781101068481803" lon="106.99179234914482">
        <ele>2501.0070799999999</ele>
        <time>2014-11-28T23:41:13Z</time>
      </trkpt>
      <trkpt lat="-6.781205926090479" lon="106.99182160198689">
        <ele>2502.4489749999998</ele>
        <time>2014-11-28T23:41:57Z</time>
      </trkpt>
      <trkpt lat="-6.781258145347238" lon="106.99184406548738">
        <ele>2505.3330080000001</ele>
        <time>2014-11-28T23:42:11Z</time>
      </trkpt>
      <trkpt lat="-6.781289828941226" lon="106.9918520282954">
        <ele>2506.7749020000001</ele>
        <time>2014-11-28T23:42:21Z</time>
      </trkpt>
      <trkpt lat="-6.781326960772276" lon="106.99182755313814">
        <ele>2508.2170409999999</ele>
        <time>2014-11-28T23:42:30Z</time>
      </trkpt>
      <trkpt lat="-6.781359314918518" lon="106.99183601886034">
        <ele>2511.1010740000002</ele>
        <time>2014-11-28T23:42:41Z</time>
      </trkpt>
      <trkpt lat="-6.781413042917848" lon="106.99187499471009">
        <ele>2512.0622560000002</ele>
        <time>2014-11-28T23:43:08Z</time>
      </trkpt>
      <trkpt lat="-6.781471716240048" lon="106.99201622977853">
        <ele>2508.2170409999999</ele>
        <time>2014-11-28T23:43:49Z</time>
      </trkpt>
      <trkpt lat="-6.781472638249397" lon="106.992017487064">
        <ele>2508.6977539999998</ele>
        <time>2014-11-28T23:43:50Z</time>
      </trkpt>
      <trkpt lat="-6.781474398449063" lon="106.99201949872077">
        <ele>2511.1010740000002</ele>
        <time>2014-11-28T23:43:52Z</time>
      </trkpt>
      <trkpt lat="-6.781475907191634" lon="106.9920262042433">
        <ele>2513.9848630000001</ele>
        <time>2014-11-28T23:43:55Z</time>
      </trkpt>
      <trkpt lat="-6.781478337943554" lon="106.99203022755682">
        <ele>2509.1784670000002</ele>
        <time>2014-11-28T23:43:59Z</time>
      </trkpt>
      <trkpt lat="-6.781479176133871" lon="106.9920314848423">
        <ele>2512.5429690000001</ele>
        <time>2014-11-28T23:44:00Z</time>
      </trkpt>
      <trkpt lat="-6.781483869999647" lon="106.99205403216183">
        <ele>2511.5817870000001</ele>
        <time>2014-11-28T23:44:07Z</time>
      </trkpt>
      <trkpt lat="-6.78149526938796" lon="106.99204648844898">
        <ele>2510.1396479999999</ele>
        <time>2014-11-28T23:44:14Z</time>
      </trkpt>
      <trkpt lat="-6.7815001308918" lon="106.99204372242093">
        <ele>2513.5041500000002</ele>
        <time>2014-11-28T23:44:15Z</time>
      </trkpt>
      <trkpt lat="-6.781501052901149" lon="106.99203936383128">
        <ele>2513.5041500000002</ele>
        <time>2014-11-28T23:44:16Z</time>
      </trkpt>
      <trkpt lat="-6.781524689868093" lon="106.99202427640557">
        <ele>2514.946289</ele>
        <time>2014-11-28T23:44:23Z</time>
      </trkpt>
      <trkpt lat="-6.781530976295471" lon="106.99202109128237">
        <ele>2513.5041500000002</ele>
        <time>2014-11-28T23:44:25Z</time>
      </trkpt>
      <trkpt lat="-6.78153969347477" lon="106.99200860224664">
        <ele>2517.830078</ele>
        <time>2014-11-28T23:44:32Z</time>
      </trkpt>
      <trkpt lat="-6.781538939103484" lon="106.99199778959155">
        <ele>2514.4655760000001</ele>
        <time>2014-11-28T23:44:35Z</time>
      </trkpt>
      <trkpt lat="-6.78149770013988" lon="106.99191514402628">
        <ele>2513.5041500000002</ele>
        <time>2014-11-28T23:48:36Z</time>
      </trkpt>
      <trkpt lat="-6.781509853899479" lon="106.99193727225065">
        <ele>2517.349365</ele>
        <time>2014-11-28T23:49:08Z</time>
      </trkpt>
      <trkpt lat="-6.781535502523184" lon="106.99195152148604">
        <ele>2516.8688959999999</ele>
        <time>2014-11-28T23:49:35Z</time>
      </trkpt>
      <trkpt lat="-6.781538855284452" lon="106.9919574726373">
        <ele>2514.946289</ele>
        <time>2014-11-28T23:49:38Z</time>
      </trkpt>
      <trkpt lat="-6.781583866104484" lon="106.99195780791342">
        <ele>2517.830078</ele>
        <time>2014-11-28T23:50:14Z</time>
      </trkpt>
      <trkpt lat="-6.781657878309488" lon="106.99202075600624">
        <ele>2521.1945799999999</ele>
        <time>2014-11-28T23:50:31Z</time>
      </trkpt>
      <trkpt lat="-6.781710097566247" lon="106.99204933829606">
        <ele>2523.5979000000002</ele>
        <time>2014-11-28T23:50:50Z</time>
      </trkpt>
      <trkpt lat="-6.781754856929183" lon="106.992033328861">
        <ele>2526.9628910000001</ele>
        <time>2014-11-28T23:51:22Z</time>
      </trkpt>
      <trkpt lat="-6.781853763386607" lon="106.9920695386827">
        <ele>2530.8081050000001</ele>
        <time>2014-11-28T23:52:28Z</time>
      </trkpt>
      <trkpt lat="-6.781931631267071" lon="106.99209434911609">
        <ele>2534.6533199999999</ele>
        <time>2014-11-28T23:52:46Z</time>
      </trkpt>
      <trkpt lat="-6.781932972371578" lon="106.99209351092577">
        <ele>2534.172607</ele>
        <time>2014-11-28T23:52:47Z</time>
      </trkpt>
      <trkpt lat="-6.78194822743535" lon="106.99206710793078">
        <ele>2537.0563959999999</ele>
        <time>2014-11-28T23:53:02Z</time>
      </trkpt>
      <trkpt lat="-6.781990975141525" lon="106.99199049733579">
        <ele>2540.421143</ele>
        <time>2014-11-28T23:53:55Z</time>
      </trkpt>
      <trkpt lat="-6.781991058960557" lon="106.99199108406901">
        <ele>2540.421143</ele>
        <time>2014-11-28T23:53:56Z</time>
      </trkpt>
      <trkpt lat="-6.781982174143195" lon="106.99195185676217">
        <ele>2543.3051759999998</ele>
        <time>2014-11-28T23:54:09Z</time>
      </trkpt>
      <trkpt lat="-6.782012265175581" lon="106.99186963029206">
        <ele>2547.1503910000001</ele>
        <time>2014-11-28T23:54:24Z</time>
      </trkpt>
      <trkpt lat="-6.782021736726165" lon="106.99177181348205">
        <ele>2546.1892090000001</ele>
        <time>2014-11-28T23:54:41Z</time>
      </trkpt>
      <trkpt lat="-6.78200832568109" lon="106.99167952872813">
        <ele>2549.0729980000001</ele>
        <time>2014-11-28T23:54:45Z</time>
      </trkpt>
      <trkpt lat="-6.782013103365898" lon="106.99159193783998">
        <ele>2549.553711</ele>
        <time>2014-11-28T23:55:00Z</time>
      </trkpt>
      <trkpt lat="-6.782012516632676" lon="106.99158372357488">
        <ele>2547.6311040000001</ele>
        <time>2014-11-28T23:55:04Z</time>
      </trkpt>
      <trkpt lat="-6.782014695927501" lon="106.99158028699458">
        <ele>2549.0729980000001</ele>
        <time>2014-11-28T23:55:45Z</time>
      </trkpt>
      <trkpt lat="-6.782067753374577" lon="106.99155078269541">
        <ele>2550.0344239999999</ele>
        <time>2014-11-28T23:55:59Z</time>
      </trkpt>
      <trkpt lat="-6.782078901305795" lon="106.99153234250844">
        <ele>2554.360107</ele>
        <time>2014-11-28T23:56:04Z</time>
      </trkpt>
      <trkpt lat="-6.782089294865727" lon="106.99151080101728">
        <ele>2552.9182129999999</ele>
        <time>2014-11-28T23:56:12Z</time>
      </trkpt>
      <trkpt lat="-6.782089294865727" lon="106.99166477657855">
        <ele>2556.763672</ele>
        <time>2014-11-28T23:57:39Z</time>
      </trkpt>
      <trkpt lat="-6.782217705622315" lon="106.99158137664199">
        <ele>2559.647461</ele>
        <time>2014-11-28T23:57:56Z</time>
      </trkpt>
      <trkpt lat="-6.782246455550194" lon="106.99156494811177">
        <ele>2561.0895999999998</ele>
        <time>2014-11-28T23:58:01Z</time>
      </trkpt>
      <trkpt lat="-6.782268416136503" lon="106.99155966751277">
        <ele>2560.6088869999999</ele>
        <time>2014-11-28T23:58:06Z</time>
      </trkpt>
      <trkpt lat="-6.782338321208954" lon="106.99148624204099">
        <ele>2563.9733890000002</ele>
        <time>2014-11-28T23:58:28Z</time>
      </trkpt>
      <trkpt lat="-6.78238115273416" lon="106.99147366918623">
        <ele>2566.857422</ele>
        <time>2014-11-28T23:59:11Z</time>
      </trkpt>
      <trkpt lat="-6.782422726973891" lon="106.99142572470009">
        <ele>2568.780029</ele>
        <time>2014-11-28T23:59:25Z</time>
      </trkpt>
      <trkpt lat="-6.782418200746179" lon="106.99138909578323">
        <ele>2565.8959960000002</ele>
        <time>2014-11-28T23:59:36Z</time>
      </trkpt>
      <trkpt lat="-6.782409735023975" lon="106.99136269278824">
        <ele>2569.2607419999999</ele>
        <time>2014-11-28T23:59:46Z</time>
      </trkpt>
      <trkpt lat="-6.782396240159869" lon="106.99134794063866">
        <ele>2565.8959960000002</ele>
        <time>2014-11-28T23:59:55Z</time>
      </trkpt>
      <trkpt lat="-6.782400514930487" lon="106.99133838526905">
        <ele>2568.780029</ele>
        <time>2014-11-29T00:00:03Z</time>
      </trkpt>
      <trkpt lat="-6.78242021240294" lon="106.99133184738457">
        <ele>2572.1447750000002</ele>
        <time>2014-11-29T00:00:12Z</time>
      </trkpt>
      <trkpt lat="-6.782492464408279" lon="106.99133075773716">
        <ele>2575.5092770000001</ele>
        <time>2014-11-29T00:00:26Z</time>
      </trkpt>
      <trkpt lat="-6.782611655071378" lon="106.99126177467406">
        <ele>2579.8352049999999</ele>
        <time>2014-11-29T00:00:55Z</time>
      </trkpt>
      <trkpt lat="-6.7826122418046" lon="106.99126001447439">
        <ele>2576.9514159999999</ele>
        <time>2014-11-29T00:00:57Z</time>
      </trkpt>
      <trkpt lat="-6.782615594565868" lon="106.99132614769042">
        <ele>2580.7966310000002</ele>
        <time>2014-11-29T00:01:22Z</time>
      </trkpt>
      <trkpt lat="-6.782616013661027" lon="106.99133017100394">
        <ele>2577.431885</ele>
        <time>2014-11-29T00:01:25Z</time>
      </trkpt>
      <trkpt lat="-6.782616432756186" lon="106.99133151210845">
        <ele>2580.7966310000002</ele>
        <time>2014-11-29T00:01:28Z</time>
      </trkpt>
      <trkpt lat="-6.782662952318788" lon="106.99138306081295">
        <ele>2577.431885</ele>
        <time>2014-11-29T00:01:44Z</time>
      </trkpt>
      <trkpt lat="-6.782662617042661" lon="106.99138264171779">
        <ele>2579.3544919999999</ele>
        <time>2014-11-29T00:01:50Z</time>
      </trkpt>
      <trkpt lat="-6.782763535156846" lon="106.99146025814116">
        <ele>2582.7189939999998</ele>
        <time>2014-11-29T00:03:42Z</time>
      </trkpt>
      <trkpt lat="-6.782875182107091" lon="106.99138892814517">
        <ele>2586.08374</ele>
        <time>2014-11-29T00:04:06Z</time>
      </trkpt>
      <trkpt lat="-6.782953552901745" lon="106.99136688373983">
        <ele>2588.9677729999999</ele>
        <time>2014-11-29T00:04:19Z</time>
      </trkpt>
      <trkpt lat="-6.78297869861126" lon="106.99131726287305">
        <ele>2589.4484859999998</ele>
        <time>2014-11-29T00:04:34Z</time>
      </trkpt>
      <trkpt lat="-6.783002503216267" lon="106.99131424538791">
        <ele>2588.0065920000002</ele>
        <time>2014-11-29T00:04:50Z</time>
      </trkpt>
      <trkpt lat="-6.783026643097401" lon="106.99131642468274">
        <ele>2590.8903810000002</ele>
        <time>2014-11-29T00:04:57Z</time>
      </trkpt>
      <trkpt lat="-6.783108366653323" lon="106.99128767475486">
        <ele>2594.2548830000001</ele>
        <time>2014-11-29T00:05:12Z</time>
      </trkpt>
      <trkpt lat="-6.783176008611918" lon="106.99127057567239">
        <ele>2597.138672</ele>
        <time>2014-11-29T00:05:26Z</time>
      </trkpt>
      <trkpt lat="-6.783189838752151" lon="106.99127057567239">
        <ele>2598.1000979999999</ele>
        <time>2014-11-29T00:05:28Z</time>
      </trkpt>
      <trkpt lat="-6.783229652792215" lon="106.99126060120761">
        <ele>2596.658203</ele>
        <time>2014-11-29T00:05:36Z</time>
      </trkpt>
      <trkpt lat="-6.783297127112746" lon="106.99124727398157">
        <ele>2598.5810550000001</ele>
        <time>2014-11-29T00:05:52Z</time>
      </trkpt>
      <trkpt lat="-6.78329486399889" lon="106.99123604223132">
        <ele>2597.6196289999998</ele>
        <time>2014-11-29T00:06:09Z</time>
      </trkpt>
      <trkpt lat="-6.783294528722763" lon="106.99125112965703">
        <ele>2599.5419919999999</ele>
        <time>2014-11-29T00:06:18Z</time>
      </trkpt>
      <trkpt lat="-6.783308107405901" lon="106.99127183295786">
        <ele>2600.0229490000002</ele>
        <time>2014-11-29T00:06:42Z</time>
      </trkpt>
      <trkpt lat="-6.783330654725432" lon="106.99112162925303">
        <ele>2602.9067380000001</ele>
        <time>2014-11-29T00:07:01Z</time>
      </trkpt>
      <trkpt lat="-6.783342473208904" lon="106.99108709581196">
        <ele>2603.868164</ele>
        <time>2014-11-29T00:07:06Z</time>
      </trkpt>
      <trkpt lat="-6.783381029963493" lon="106.99102758429945">
        <ele>2608.1938479999999</ele>
        <time>2014-11-29T00:07:16Z</time>
      </trkpt>
      <trkpt lat="-6.783395865932107" lon="106.99100914411247">
        <ele>2604.3486330000001</ele>
        <time>2014-11-29T00:07:18Z</time>
      </trkpt>
      <trkpt lat="-6.78339896723628" lon="106.99099380522966">
        <ele>2609.1552729999999</ele>
        <time>2014-11-29T00:07:21Z</time>
      </trkpt>
      <trkpt lat="-6.783399218693376" lon="106.99099129065871">
        <ele>2608.6748050000001</ele>
        <time>2014-11-29T00:07:22Z</time>
      </trkpt>
      <trkpt lat="-6.783391172066331" lon="106.99099196121097">
        <ele>2605.3100589999999</ele>
        <time>2014-11-29T00:07:24Z</time>
      </trkpt>
      <trkpt lat="-6.783371055498719" lon="106.99095684103668">
        <ele>2604.8291020000001</ele>
        <time>2014-11-29T00:07:30Z</time>
      </trkpt>
      <trkpt lat="-6.783379605039954" lon="106.99093529954553">
        <ele>2606.2714839999999</ele>
        <time>2014-11-29T00:07:34Z</time>
      </trkpt>
      <trkpt lat="-6.783374240621924" lon="106.99092054739594">
        <ele>2603.868164</ele>
        <time>2014-11-29T00:07:40Z</time>
      </trkpt>
      <trkpt lat="-6.783376503735781" lon="106.99091141112149">
        <ele>2607.232422</ele>
        <time>2014-11-29T00:07:46Z</time>
      </trkpt>
      <trkpt lat="-6.783447749912739" lon="106.99086841195822">
        <ele>2610.5971679999998</ele>
        <time>2014-11-29T00:08:05Z</time>
      </trkpt>
      <trkpt lat="-6.783635253086686" lon="106.99087671004236">
        <ele>2612.5200199999999</ele>
        <time>2014-11-29T00:08:44Z</time>
      </trkpt>
      <trkpt lat="-6.783765675500035" lon="106.99092834256589">
        <ele>2615.8847660000001</ele>
        <time>2014-11-29T00:09:14Z</time>
      </trkpt>
      <trkpt lat="-6.783869443461299" lon="106.99095340445638">
        <ele>2619.2495119999999</ele>
        <time>2014-11-29T00:09:58Z</time>
      </trkpt>
      <trkpt lat="-6.783887464553118" lon="106.99090143665671">
        <ele>2622.1333009999998</ele>
        <time>2014-11-29T00:10:16Z</time>
      </trkpt>
      <trkpt lat="-6.783930296078324" lon="106.9908001832664">
        <ele>2625.9785160000001</ele>
        <time>2014-11-29T00:10:52Z</time>
      </trkpt>
      <trkpt lat="-6.783919399604201" lon="106.99067554436624">
        <ele>2626.4589839999999</ele>
        <time>2014-11-29T00:11:03Z</time>
      </trkpt>
      <trkpt lat="-6.784014701843262" lon="106.99071552604437">
        <ele>2630.7851559999999</ele>
        <time>2014-11-29T00:11:27Z</time>
      </trkpt>
    </trkseg>
  </trk>

  <trk>
    <name>Sukabumi - Pertigaan Jalur G.Putri</name>
    <extensions>
      <gpxx:TrackExtension>
        <gpxx:DisplayColor>Red</gpxx:DisplayColor>
      </gpxx:TrackExtension>
    </extensions>
    <trkseg>
      <trkpt lat="-6.795976096764207" lon="106.98500283993781">
        <ele>2671.1601559999999</ele>
        <time>2014-12-07T01:37:33Z</time>
      </trkpt>
      <trkpt lat="-6.795979784801602" lon="106.9849890936166">
        <ele>2675.966797</ele>
        <time>2014-12-07T01:38:53Z</time>
      </trkpt>
      <trkpt lat="-6.795978611335158" lon="106.98498892597854">
        <ele>2679.3320309999999</ele>
        <time>2014-12-07T01:38:56Z</time>
      </trkpt>
      <trkpt lat="-6.795978443697095" lon="106.98498808778822">
        <ele>2682.696289</ele>
        <time>2014-12-07T01:38:59Z</time>
      </trkpt>
      <trkpt lat="-6.795977437868714" lon="106.98498808778822">
        <ele>2685.0996089999999</ele>
        <time>2014-12-07T01:39:02Z</time>
      </trkpt>
      <trkpt lat="-6.795980790629983" lon="106.98498666286469">
        <ele>2688.4643550000001</ele>
        <time>2014-12-07T01:39:05Z</time>
      </trkpt>
      <trkpt lat="-6.795981209725142" lon="106.98498699814081">
        <ele>2688.9448240000002</ele>
        <time>2014-12-07T01:39:06Z</time>
      </trkpt>
      <trkpt lat="-6.795982047915459" lon="106.98498641140759">
        <ele>2691.8286130000001</ele>
        <time>2014-12-07T01:39:10Z</time>
      </trkpt>
      <trkpt lat="-6.795981964096427" lon="106.98498657904565">
        <ele>2693.7514649999998</ele>
        <time>2014-12-07T01:39:13Z</time>
      </trkpt>
      <trkpt lat="-6.795981880277395" lon="106.9849856570363">
        <ele>2696.6352539999998</ele>
        <time>2014-12-07T01:39:17Z</time>
      </trkpt>
      <trkpt lat="-6.795981880277395" lon="106.9849856570363">
        <ele>2697.5966800000001</ele>
        <time>2014-12-07T01:39:19Z</time>
      </trkpt>
      <trkpt lat="-6.795981880277395" lon="106.98498557321727">
        <ele>2700</ele>
        <time>2014-12-07T01:39:25Z</time>
      </trkpt>
      <trkpt lat="-6.795983472838998" lon="106.98498674668372">
        <ele>2703.3642580000001</ele>
        <time>2014-12-07T01:39:34Z</time>
      </trkpt>
      <trkpt lat="-6.795981042087078" lon="106.98498859070241">
        <ele>2706.7290039999998</ele>
        <time>2014-12-07T01:39:49Z</time>
      </trkpt>
      <trkpt lat="-6.795991351827979" lon="106.98499060235918">
        <ele>2710.0942380000001</ele>
        <time>2014-12-07T01:40:20Z</time>
      </trkpt>
      <trkpt lat="-6.796047929674387" lon="106.98495732620358">
        <ele>2710.0942380000001</ele>
        <time>2014-12-07T01:41:44Z</time>
      </trkpt>
      <trkpt lat="-6.79612722247839" lon="106.9848978985101">
        <ele>2711.0551759999998</ele>
        <time>2014-12-07T01:42:06Z</time>
      </trkpt>
      <trkpt lat="-6.796259237453342" lon="106.98482321575284">
        <ele>2712.9780270000001</ele>
        <time>2014-12-07T01:42:28Z</time>
      </trkpt>
      <trkpt lat="-6.796273654326797" lon="106.98478725738823">
        <ele>2714.9003910000001</ele>
        <time>2014-12-07T01:42:38Z</time>
      </trkpt>
      <trkpt lat="-6.796229816973209" lon="106.98477384634316">
        <ele>2709.1328119999998</ele>
        <time>2014-12-07T01:42:47Z</time>
      </trkpt>
      <trkpt lat="-6.796231158077717" lon="106.984768146649">
        <ele>2709.6132809999999</ele>
        <time>2014-12-07T01:42:48Z</time>
      </trkpt>
      <trkpt lat="-6.796227972954512" lon="106.98474316857755">
        <ele>2712.0166020000001</ele>
        <time>2014-12-07T01:42:56Z</time>
      </trkpt>
      <trkpt lat="-6.79622545838356" lon="106.98472992517054">
        <ele>2708.1713869999999</ele>
        <time>2014-12-07T01:43:00Z</time>
      </trkpt>
      <trkpt lat="-6.79629628546536" lon="106.98466613888741">
        <ele>2706.7290039999998</ele>
        <time>2014-12-07T01:43:17Z</time>
      </trkpt>
      <trkpt lat="-6.796326208859682" lon="106.98462808504701">
        <ele>2707.6904300000001</ele>
        <time>2014-12-07T01:43:31Z</time>
      </trkpt>
      <trkpt lat="-6.796380858868361" lon="106.98452834039927">
        <ele>2706.7290039999998</ele>
        <time>2014-12-07T01:43:48Z</time>
      </trkpt>
      <trkpt lat="-6.796416649594903" lon="106.98448701761663">
        <ele>2705.767578</ele>
        <time>2014-12-07T01:43:57Z</time>
      </trkpt>
      <trkpt lat="-6.796458307653666" lon="106.984429853037">
        <ele>2705.767578</ele>
        <time>2014-12-07T01:44:12Z</time>
      </trkpt>
      <trkpt lat="-6.796516729518771" lon="106.98434092104435">
        <ele>2709.1328119999998</ele>
        <time>2014-12-07T01:44:26Z</time>
      </trkpt>
      <trkpt lat="-6.796556459739804" lon="106.9842604547739">
        <ele>2709.1328119999998</ele>
        <time>2014-12-07T01:44:43Z</time>
      </trkpt>
      <trkpt lat="-6.796557130292058" lon="106.98412416502833">
        <ele>2710.5747070000002</ele>
        <time>2014-12-07T01:45:00Z</time>
      </trkpt>
      <trkpt lat="-6.796604739502072" lon="106.98400153778493">
        <ele>2713.4584960000002</ele>
        <time>2014-12-07T01:45:19Z</time>
      </trkpt>
      <trkpt lat="-6.796682355925441" lon="106.98394009843469">
        <ele>2710.5747070000002</ele>
        <time>2014-12-07T01:45:31Z</time>
      </trkpt>
      <trkpt lat="-6.79673608392477" lon="106.98376709595323">
        <ele>2710.5747070000002</ele>
        <time>2014-12-07T01:45:53Z</time>
      </trkpt>
      <trkpt lat="-6.796773970127106" lon="106.98356718756258">
        <ele>2709.6132809999999</ele>
        <time>2014-12-07T01:46:16Z</time>
      </trkpt>
      <trkpt lat="-6.796808922663331" lon="106.9834213424474">
        <ele>2709.1328119999998</ele>
        <time>2014-12-07T01:46:33Z</time>
      </trkpt>
      <trkpt lat="-6.796834152191877" lon="106.98323224671185">
        <ele>2709.6132809999999</ele>
        <time>2014-12-07T01:46:54Z</time>
      </trkpt>
      <trkpt lat="-6.79682987742126" lon="106.98317298665643">
        <ele>2710.0942380000001</ele>
        <time>2014-12-07T01:47:01Z</time>
      </trkpt>
      <trkpt lat="-6.79680347442627" lon="106.98314105160534">
        <ele>2709.6132809999999</ele>
        <time>2014-12-07T01:47:15Z</time>
      </trkpt>
      <trkpt lat="-6.796847647055984" lon="106.98302001692355">
        <ele>2707.6904300000001</ele>
        <time>2014-12-07T01:47:40Z</time>
      </trkpt>
      <trkpt lat="-6.796872625127435" lon="106.98287467472255">
        <ele>2707.6904300000001</ele>
        <time>2014-12-07T01:48:01Z</time>
      </trkpt>
      <trkpt lat="-6.796952672302723" lon="106.98271122761071">
        <ele>2708.1713869999999</ele>
        <time>2014-12-07T01:48:24Z</time>
      </trkpt>
      <trkpt lat="-6.796934986487031" lon="106.98258021846414">
        <ele>2707.6904300000001</ele>
        <time>2014-12-07T01:48:39Z</time>
      </trkpt>
      <trkpt lat="-6.796904224902391" lon="106.9823784660548">
        <ele>2705.767578</ele>
        <time>2014-12-07T01:49:02Z</time>
      </trkpt>
      <trkpt lat="-6.796847144141793" lon="106.98226220905781">
        <ele>2703.3642580000001</ele>
        <time>2014-12-07T01:49:21Z</time>
      </trkpt>
      <trkpt lat="-6.796777071431279" lon="106.98204394429922">
        <ele>2702.883789</ele>
        <time>2014-12-07T01:49:48Z</time>
      </trkpt>
      <trkpt lat="-6.796705154702067" lon="106.98185526765883">
        <ele>2702.4033199999999</ele>
        <time>2014-12-07T01:50:12Z</time>
      </trkpt>
      <trkpt lat="-6.796633237972856" lon="106.98173238895833">
        <ele>2703.3642580000001</ele>
        <time>2014-12-07T01:50:30Z</time>
      </trkpt>
      <trkpt lat="-6.796603901311755" lon="106.98151621967554">
        <ele>2703.3642580000001</ele>
        <time>2014-12-07T01:50:56Z</time>
      </trkpt>
      <trkpt lat="-6.796541539952159" lon="106.9813419599086">
        <ele>2702.883789</ele>
        <time>2014-12-07T01:51:18Z</time>
      </trkpt>
      <trkpt lat="-6.796513544395566" lon="106.98124246671796">
        <ele>2703.8452149999998</ele>
        <time>2014-12-07T01:51:36Z</time>
      </trkpt>
      <trkpt lat="-6.796546820551157" lon="106.98121832683682">
        <ele>2704.8061520000001</ele>
        <time>2014-12-07T01:51:43Z</time>
      </trkpt>
      <trkpt lat="-6.796605912968516" lon="106.98116443119943">
        <ele>2706.7290039999998</ele>
        <time>2014-12-07T01:51:59Z</time>
      </trkpt>
      <trkpt lat="-6.796673554927111" lon="106.98113610036671">
        <ele>2709.6132809999999</ele>
        <time>2014-12-07T01:52:18Z</time>
      </trkpt>
      <trkpt lat="-6.79676198400557" lon="106.98110533878207">
        <ele>2712.9780270000001</ele>
        <time>2014-12-07T01:52:45Z</time>
      </trkpt>
      <trkpt lat="-6.796821746975184" lon="106.98110274039209">
        <ele>2715.3813479999999</ele>
        <time>2014-12-07T01:53:06Z</time>
      </trkpt>
      <trkpt lat="-6.796872457489371" lon="106.98100953362882">
        <ele>2716.3427729999999</ele>
        <time>2014-12-07T01:53:24Z</time>
      </trkpt>
      <trkpt lat="-6.796927526593208" lon="106.98090626858175">
        <ele>2717.7846679999998</ele>
        <time>2014-12-07T01:53:48Z</time>
      </trkpt>
      <trkpt lat="-6.796967508271337" lon="106.98089562356472">
        <ele>2720.6684570000002</ele>
        <time>2014-12-07T01:54:01Z</time>
      </trkpt>
      <trkpt lat="-6.797015620395541" lon="106.98087567463517">
        <ele>2723.5522460000002</ele>
        <time>2014-12-07T01:54:18Z</time>
      </trkpt>
      <trkpt lat="-6.797139085829258" lon="106.98080979287624">
        <ele>2726.4360350000002</ele>
        <time>2014-12-07T01:54:47Z</time>
      </trkpt>
      <trkpt lat="-6.797167835757136" lon="106.98073418810964">
        <ele>2723.5522460000002</ele>
        <time>2014-12-07T01:55:22Z</time>
      </trkpt>
      <trkpt lat="-6.79714453406632" lon="106.98069781064987">
        <ele>2722.1103520000001</ele>
        <time>2014-12-07T01:55:31Z</time>
      </trkpt>
      <trkpt lat="-6.79715140722692" lon="106.9806222897023">
        <ele>2718.7456050000001</ele>
        <time>2014-12-07T01:55:50Z</time>
      </trkpt>
      <trkpt lat="-6.797126093879342" lon="106.98056998662651">
        <ele>2718.2651369999999</ele>
        <time>2014-12-07T01:55:58Z</time>
      </trkpt>
      <trkpt lat="-6.797128608450294" lon="106.98052363470197">
        <ele>2714.9003910000001</ele>
        <time>2014-12-07T01:56:19Z</time>
      </trkpt>
      <trkpt lat="-6.797171523794532" lon="106.98045750148594">
        <ele>2712.0166020000001</ele>
        <time>2014-12-07T01:56:37Z</time>
      </trkpt>
      <trkpt lat="-6.797185940667987" lon="106.98045087978244">
        <ele>2711.0551759999998</ele>
        <time>2014-12-07T01:56:42Z</time>
      </trkpt>
      <trkpt lat="-6.797252912074328" lon="106.9804129935801">
        <ele>2708.1713869999999</ele>
        <time>2014-12-07T01:56:56Z</time>
      </trkpt>
      <trkpt lat="-6.79731703363359" lon="106.98040368966758">
        <ele>2705.767578</ele>
        <time>2014-12-07T01:57:12Z</time>
      </trkpt>
      <trkpt lat="-6.797361457720399" lon="106.98037477210164">
        <ele>2702.4033199999999</ele>
        <time>2014-12-07T01:57:30Z</time>
      </trkpt>
      <trkpt lat="-6.797385178506374" lon="106.98029271326959">
        <ele>2698.5581050000001</ele>
        <time>2014-12-07T01:57:49Z</time>
      </trkpt>
      <trkpt lat="-6.797465225681663" lon="106.98027854785323">
        <ele>2695.673828</ele>
        <time>2014-12-07T01:58:09Z</time>
      </trkpt>
      <trkpt lat="-6.797528006136417" lon="106.98033076710999">
        <ele>2692.790039</ele>
        <time>2014-12-07T01:58:38Z</time>
      </trkpt>
      <trkpt lat="-6.797550218179822" lon="106.98030402883887">
        <ele>2690.3867190000001</ele>
        <time>2014-12-07T01:58:46Z</time>
      </trkpt>
      <trkpt lat="-6.797603946179152" lon="106.98027720674872">
        <ele>2687.5029300000001</ele>
        <time>2014-12-07T01:59:03Z</time>
      </trkpt>
      <trkpt lat="-6.797645688056946" lon="106.9802922103554">
        <ele>2684.6191410000001</ele>
        <time>2014-12-07T01:59:20Z</time>
      </trkpt>
      <trkpt lat="-6.797659685835242" lon="106.98030612431467">
        <ele>2683.1772460000002</ele>
        <time>2014-12-07T01:59:25Z</time>
      </trkpt>
      <trkpt lat="-6.797725902870297" lon="106.98026002384722">
        <ele>2679.8125</ele>
        <time>2014-12-07T01:59:41Z</time>
      </trkpt>
      <trkpt lat="-6.797765968367457" lon="106.98023328557611">
        <ele>2677.8901369999999</ele>
        <time>2014-12-07T01:59:52Z</time>
      </trkpt>
      <trkpt lat="-6.797825060784817" lon="106.98024292476475">
        <ele>2675.0053710000002</ele>
        <time>2014-12-07T02:00:11Z</time>
      </trkpt>
      <trkpt lat="-6.797831011936069" lon="106.98023806326091">
        <ele>2676.4477539999998</ele>
        <time>2014-12-07T02:00:13Z</time>
      </trkpt>
      <trkpt lat="-6.79785406216979" lon="106.98021920397878">
        <ele>2673.5634770000001</ele>
        <time>2014-12-07T02:01:09Z</time>
      </trkpt>
      <trkpt lat="-6.797885159030557" lon="106.98016882874072">
        <ele>2670.1992190000001</ele>
        <time>2014-12-07T02:01:25Z</time>
      </trkpt>
      <trkpt lat="-6.797887170687318" lon="106.98016162030399">
        <ele>2669.7182619999999</ele>
        <time>2014-12-07T02:01:26Z</time>
      </trkpt>
      <trkpt lat="-6.797918267548084" lon="106.98014259338379">
        <ele>2666.3535160000001</ele>
        <time>2014-12-07T02:01:42Z</time>
      </trkpt>
      <trkpt lat="-6.797881219536066" lon="106.98010412044823">
        <ele>2663.4697270000001</ele>
        <time>2014-12-07T02:02:02Z</time>
      </trkpt>
      <trkpt lat="-6.797846099361777" lon="106.98004217818379">
        <ele>2661.5473630000001</ele>
        <time>2014-12-07T02:02:22Z</time>
      </trkpt>
      <trkpt lat="-6.797858504578471" lon="106.97996648959816">
        <ele>2657.7021479999999</ele>
        <time>2014-12-07T02:02:36Z</time>
      </trkpt>
      <trkpt lat="-6.797858085483313" lon="106.97996271774173">
        <ele>2657.7021479999999</ele>
        <time>2014-12-07T02:02:37Z</time>
      </trkpt>
      <trkpt lat="-6.797858085483313" lon="106.97988728061318">
        <ele>2654.3374020000001</ele>
        <time>2014-12-07T02:02:59Z</time>
      </trkpt>
      <trkpt lat="-6.797860516235232" lon="106.97987579740584">
        <ele>2653.8569339999999</ele>
        <time>2014-12-07T02:03:03Z</time>
      </trkpt>
      <trkpt lat="-6.797892116010189" lon="106.97981092147529">
        <ele>2650.4921880000002</ele>
        <time>2014-12-07T02:03:19Z</time>
      </trkpt>
      <trkpt lat="-6.797940898686647" lon="106.97976155206561">
        <ele>2646.6469729999999</ele>
        <time>2014-12-07T02:03:38Z</time>
      </trkpt>
      <trkpt lat="-6.797931678593159" lon="106.97967672720551">
        <ele>2645.205078</ele>
        <time>2014-12-07T02:03:48Z</time>
      </trkpt>
      <trkpt lat="-6.797955567017198" lon="106.9796774815768">
        <ele>2642.3208009999998</ele>
        <time>2014-12-07T02:04:08Z</time>
      </trkpt>
      <trkpt lat="-6.797995213419199" lon="106.97966725565493">
        <ele>2638.9560550000001</ele>
        <time>2014-12-07T02:04:35Z</time>
      </trkpt>
      <trkpt lat="-6.798043912276626" lon="106.97956399060786">
        <ele>2635.5913089999999</ele>
        <time>2014-12-07T02:05:00Z</time>
      </trkpt>
      <trkpt lat="-6.798028405755758" lon="106.97955083101988">
        <ele>2634.6303710000002</ele>
        <time>2014-12-07T02:05:04Z</time>
      </trkpt>
      <trkpt lat="-6.798007618635893" lon="106.97951939888299">
        <ele>2631.265625</ele>
        <time>2014-12-07T02:05:22Z</time>
      </trkpt>
      <trkpt lat="-6.797948777675629" lon="106.97946290485561">
        <ele>2627.9008789999998</ele>
        <time>2014-12-07T02:05:47Z</time>
      </trkpt>
      <trkpt lat="-6.797980880364776" lon="106.97932921350002">
        <ele>2625.498047</ele>
        <time>2014-12-07T02:06:09Z</time>
      </trkpt>
      <trkpt lat="-6.797995548695326" lon="106.97929493151605">
        <ele>2624.0561520000001</ele>
        <time>2014-12-07T02:06:14Z</time>
      </trkpt>
      <trkpt lat="-6.798061514273286" lon="106.97925662621856">
        <ele>2621.6528320000002</ele>
        <time>2014-12-07T02:06:49Z</time>
      </trkpt>
      <trkpt lat="-6.798147344961762" lon="106.97927649132907">
        <ele>2618.288086</ele>
        <time>2014-12-07T02:07:07Z</time>
      </trkpt>
      <trkpt lat="-6.798201827332377" lon="106.97918504476547">
        <ele>2616.3657229999999</ele>
        <time>2014-12-07T02:07:35Z</time>
      </trkpt>
      <trkpt lat="-6.798298470675945" lon="106.97914028540254">
        <ele>2613.0009770000001</ele>
        <time>2014-12-07T02:08:14Z</time>
      </trkpt>
      <trkpt lat="-6.798300482332707" lon="106.97907038033009">
        <ele>2611.5585940000001</ele>
        <time>2014-12-07T02:08:37Z</time>
      </trkpt>
      <trkpt lat="-6.798351109027863" lon="106.97900122962892">
        <ele>2608.1938479999999</ele>
        <time>2014-12-07T02:08:51Z</time>
      </trkpt>
      <trkpt lat="-6.798387989401817" lon="106.97896979749203">
        <ele>2605.3100589999999</ele>
        <time>2014-12-07T02:09:16Z</time>
      </trkpt>
      <trkpt lat="-6.798442974686623" lon="106.97887499816716">
        <ele>2603.3872070000002</ele>
        <time>2014-12-07T02:09:34Z</time>
      </trkpt>
      <trkpt lat="-6.798452278599143" lon="106.97882537730038">
        <ele>2600.5034179999998</ele>
        <time>2014-12-07T02:09:52Z</time>
      </trkpt>
      <trkpt lat="-6.798503994941711" lon="106.97872227989137">
        <ele>2597.138672</ele>
        <time>2014-12-07T02:10:14Z</time>
      </trkpt>
      <trkpt lat="-6.798586640506983" lon="106.97865882888436">
        <ele>2596.658203</ele>
        <time>2014-12-07T02:10:33Z</time>
      </trkpt>
      <trkpt lat="-6.798610780388117" lon="106.97858146391809">
        <ele>2594.735596</ele>
        <time>2014-12-07T02:10:56Z</time>
      </trkpt>
      <trkpt lat="-6.798611870035529" lon="106.97858079336584">
        <ele>2593.2937010000001</ele>
        <time>2014-12-07T02:10:58Z</time>
      </trkpt>
      <trkpt lat="-6.798703400418162" lon="106.97851583361626">
        <ele>2590.4096679999998</ele>
        <time>2014-12-07T02:11:19Z</time>
      </trkpt>
      <trkpt lat="-6.798722427338362" lon="106.97850946336985">
        <ele>2589.4484859999998</ele>
        <time>2014-12-07T02:11:24Z</time>
      </trkpt>
      <trkpt lat="-6.798831978812814" lon="106.97841701097786">
        <ele>2587.044922</ele>
        <time>2014-12-07T02:11:51Z</time>
      </trkpt>
      <trkpt lat="-6.798967681825161" lon="106.9783925358206">
        <ele>2584.641846</ele>
        <time>2014-12-07T02:12:11Z</time>
      </trkpt>
      <trkpt lat="-6.799027360975742" lon="106.97839471511543">
        <ele>2583.1997070000002</ele>
        <time>2014-12-07T02:12:25Z</time>
      </trkpt>
      <trkpt lat="-6.799107659608126" lon="106.97838759049773">
        <ele>2580.3159179999998</ele>
        <time>2014-12-07T02:12:43Z</time>
      </trkpt>
      <trkpt lat="-6.799142947420478" lon="106.97837702929974">
        <ele>2577.431885</ele>
        <time>2014-12-07T02:13:03Z</time>
      </trkpt>
      <trkpt lat="-6.799148814752698" lon="106.97832740843296">
        <ele>2574.0673830000001</ele>
        <time>2014-12-07T02:13:24Z</time>
      </trkpt>
      <trkpt lat="-6.799227772280574" lon="106.97827435098588">
        <ele>2571.1831050000001</ele>
        <time>2014-12-07T02:13:54Z</time>
      </trkpt>
      <trkpt lat="-6.799286613240838" lon="106.97823939844966">
        <ele>2567.8186040000001</ele>
        <time>2014-12-07T02:14:07Z</time>
      </trkpt>
      <trkpt lat="-6.799363978207111" lon="106.97821031324565">
        <ele>2564.9348140000002</ele>
        <time>2014-12-07T02:14:27Z</time>
      </trkpt>
      <trkpt lat="-6.799383843317628" lon="106.978216515854">
        <ele>2561.5703119999998</ele>
        <time>2014-12-07T02:14:43Z</time>
      </trkpt>
      <trkpt lat="-6.799471098929644" lon="106.9781734328717">
        <ele>2557.244385</ele>
        <time>2014-12-07T02:15:04Z</time>
      </trkpt>
      <trkpt lat="-6.799474870786071" lon="106.97816940955818">
        <ele>2557.244385</ele>
        <time>2014-12-07T02:15:05Z</time>
      </trkpt>
      <trkpt lat="-6.799564557150006" lon="106.97813143953681">
        <ele>2554.8408199999999</ele>
        <time>2014-12-07T02:15:23Z</time>
      </trkpt>
      <trkpt lat="-6.799587439745665" lon="106.97813118807971">
        <ele>2551.9567870000001</ele>
        <time>2014-12-07T02:15:41Z</time>
      </trkpt>
      <trkpt lat="-6.799632031470537" lon="106.9781094789505">
        <ele>2550.0344239999999</ele>
        <time>2014-12-07T02:15:55Z</time>
      </trkpt>
      <trkpt lat="-6.799691459164023" lon="106.97805172763765">
        <ele>2546.6696780000002</ele>
        <time>2014-12-07T02:16:22Z</time>
      </trkpt>
      <trkpt lat="-6.799762453883886" lon="106.97799288667738">
        <ele>2543.3051759999998</ele>
        <time>2014-12-07T02:16:39Z</time>
      </trkpt>
      <trkpt lat="-6.799696236848831" lon="106.97796757332981">
        <ele>2545.2277829999998</ele>
        <time>2014-12-07T02:16:58Z</time>
      </trkpt>
      <trkpt lat="-6.799713922664523" lon="106.97795131243765">
        <ele>2542.8244629999999</ele>
        <time>2014-12-07T02:17:23Z</time>
      </trkpt>
      <trkpt lat="-6.799731608480215" lon="106.97791527025402">
        <ele>2539.4597170000002</ele>
        <time>2014-12-07T02:17:42Z</time>
      </trkpt>
      <trkpt lat="-6.799822216853499" lon="106.97787101380527">
        <ele>2536.5756839999999</ele>
        <time>2014-12-07T02:18:05Z</time>
      </trkpt>
      <trkpt lat="-6.799856498837471" lon="106.97785173542798">
        <ele>2534.172607</ele>
        <time>2014-12-07T02:18:19Z</time>
      </trkpt>
      <trkpt lat="-6.799940317869186" lon="106.97776732966304">
        <ele>2530.8081050000001</ele>
        <time>2014-12-07T02:18:38Z</time>
      </trkpt>
      <trkpt lat="-6.799982143566012" lon="106.97775760665536">
        <ele>2527.4433589999999</ele>
        <time>2014-12-07T02:19:04Z</time>
      </trkpt>
      <trkpt lat="-6.79999228566885" lon="106.97776632383466">
        <ele>2524.5595699999999</ele>
        <time>2014-12-07T02:19:24Z</time>
      </trkpt>
      <trkpt lat="-6.799994548782706" lon="106.97777587920427">
        <ele>2521.1945799999999</ele>
        <time>2014-12-07T02:19:44Z</time>
      </trkpt>
      <trkpt lat="-6.799994632601738" lon="106.97777579538524">
        <ele>2521.1945799999999</ele>
        <time>2014-12-07T02:19:45Z</time>
      </trkpt>
      <trkpt lat="-6.800032937899232" lon="106.97775542736053">
        <ele>2517.830078</ele>
        <time>2014-12-07T02:20:08Z</time>
      </trkpt>
      <trkpt lat="-6.800081050023437" lon="106.97765291668475">
        <ele>2515.4270019999999</ele>
        <time>2014-12-07T02:20:29Z</time>
      </trkpt>
      <trkpt lat="-6.800163444131613" lon="106.97765744291246">
        <ele>2512.0622560000002</ele>
        <time>2014-12-07T02:20:48Z</time>
      </trkpt>
      <trkpt lat="-6.80016771890223" lon="106.97765492834151">
        <ele>2513.5041500000002</ele>
        <time>2014-12-07T02:20:51Z</time>
      </trkpt>
      <trkpt lat="-6.800184482708573" lon="106.97767127305269">
        <ele>2511.5817870000001</ele>
        <time>2014-12-07T02:20:55Z</time>
      </trkpt>
      <trkpt lat="-6.800242736935616" lon="106.97767345234752">
        <ele>2508.6977539999998</ele>
        <time>2014-12-07T02:21:05Z</time>
      </trkpt>
      <trkpt lat="-6.800309037789702" lon="106.97774251922965">
        <ele>2505.8134770000001</ele>
        <time>2014-12-07T02:21:32Z</time>
      </trkpt>
      <trkpt lat="-6.800377685576677" lon="106.97773212566972">
        <ele>2502.4489749999998</ele>
        <time>2014-12-07T02:22:05Z</time>
      </trkpt>
      <trkpt lat="-6.800401406362653" lon="106.97776322253048">
        <ele>2499.0844729999999</ele>
        <time>2014-12-07T02:22:23Z</time>
      </trkpt>
      <trkpt lat="-6.800475334748626" lon="106.9777315389365">
        <ele>2495.2392580000001</ele>
        <time>2014-12-07T02:22:42Z</time>
      </trkpt>
      <trkpt lat="-6.800519842654467" lon="106.9777056388557">
        <ele>2493.7973630000001</ele>
        <time>2014-12-07T02:23:01Z</time>
      </trkpt>
      <trkpt lat="-6.80059377104044" lon="106.97764931246638">
        <ele>2491.3937989999999</ele>
        <time>2014-12-07T02:23:26Z</time>
      </trkpt>
      <trkpt lat="-6.800587987527251" lon="106.97757253423333">
        <ele>2488.51001</ele>
        <time>2014-12-07T02:23:53Z</time>
      </trkpt>
      <trkpt lat="-6.800627885386348" lon="106.9775809161365">
        <ele>2485.1452640000002</ele>
        <time>2014-12-07T02:24:07Z</time>
      </trkpt>
      <trkpt lat="-6.800693431869149" lon="106.97748335078359">
        <ele>2481.7807619999999</ele>
        <time>2014-12-07T02:24:22Z</time>
      </trkpt>
      <trkpt lat="-6.800739280879498" lon="106.97739383205771">
        <ele>2478.41626</ele>
        <time>2014-12-07T02:24:48Z</time>
      </trkpt>
      <trkpt lat="-6.800747662782669" lon="106.97737321257591">
        <ele>2475.0512699999999</ele>
        <time>2014-12-07T02:25:09Z</time>
      </trkpt>
      <trkpt lat="-6.800796277821064" lon="106.97732702828944">
        <ele>2471.686768</ele>
        <time>2014-12-07T02:25:28Z</time>
      </trkpt>
      <trkpt lat="-6.800823854282498" lon="106.97729576379061">
        <ele>2468.3222660000001</ele>
        <time>2014-12-07T02:25:45Z</time>
      </trkpt>
      <trkpt lat="-6.800952684134245" lon="106.97711027227342">
        <ele>2465.4384770000001</ele>
        <time>2014-12-07T02:26:12Z</time>
      </trkpt>
      <trkpt lat="-6.800959641113877" lon="106.97710666805506">
        <ele>2464.4770509999998</ele>
        <time>2014-12-07T02:26:17Z</time>
      </trkpt>
      <trkpt lat="-6.800946649163961" lon="106.97703818790615">
        <ele>2460.631836</ele>
        <time>2014-12-07T02:26:37Z</time>
      </trkpt>
      <trkpt lat="-6.800995348021388" lon="106.9769334141165">
        <ele>2457.7478030000002</ele>
        <time>2014-12-07T02:27:02Z</time>
      </trkpt>
      <trkpt lat="-6.801011608913541" lon="106.97689653374255">
        <ele>2454.383057</ele>
        <time>2014-12-07T02:27:29Z</time>
      </trkpt>
      <trkpt lat="-6.801044633612037" lon="106.97683576494455">
        <ele>2451.499268</ele>
        <time>2014-12-07T02:27:53Z</time>
      </trkpt>
      <trkpt lat="-6.801036335527897" lon="106.97683333419263">
        <ele>2448.1345209999999</ele>
        <time>2014-12-07T02:28:08Z</time>
      </trkpt>
      <trkpt lat="-6.801141779869795" lon="106.97675102390349">
        <ele>2444.289307</ele>
        <time>2014-12-07T02:28:29Z</time>
      </trkpt>
      <trkpt lat="-6.801146976649761" lon="106.97675253264606">
        <ele>2444.289307</ele>
        <time>2014-12-07T02:28:30Z</time>
      </trkpt>
      <trkpt lat="-6.801140354946256" lon="106.97673342190683">
        <ele>2441.4052729999999</ele>
        <time>2014-12-07T02:28:49Z</time>
      </trkpt>
      <trkpt lat="-6.801140354946256" lon="106.97670165449381">
        <ele>2438.0407709999999</ele>
        <time>2014-12-07T02:29:16Z</time>
      </trkpt>
      <trkpt lat="-6.801154771819711" lon="106.97670450434089">
        <ele>2436.118164</ele>
        <time>2014-12-07T02:29:25Z</time>
      </trkpt>
      <trkpt lat="-6.801224341616035" lon="106.97674230672419">
        <ele>2432.7534179999998</ele>
        <time>2014-12-07T02:30:14Z</time>
      </trkpt>
      <trkpt lat="-6.801337832584977" lon="106.97672612965107">
        <ele>2429.3889159999999</ele>
        <time>2014-12-07T02:30:52Z</time>
      </trkpt>
      <trkpt lat="-6.801368845626712" lon="106.97669989429414">
        <ele>2428.4277339999999</ele>
        <time>2014-12-07T02:30:56Z</time>
      </trkpt>
      <trkpt lat="-6.801407570019364" lon="106.9766329228878">
        <ele>2425.5434570000002</ele>
        <time>2014-12-07T02:31:12Z</time>
      </trkpt>
      <trkpt lat="-6.801410671323538" lon="106.97661079466343">
        <ele>2422.6596679999998</ele>
        <time>2014-12-07T02:31:26Z</time>
      </trkpt>
      <trkpt lat="-6.801460543647409" lon="106.97660618461668">
        <ele>2419.2951659999999</ele>
        <time>2014-12-07T02:31:43Z</time>
      </trkpt>
      <trkpt lat="-6.801473703235388" lon="106.97648892179132">
        <ele>2415.4499510000001</ele>
        <time>2014-12-07T02:32:19Z</time>
      </trkpt>
      <trkpt lat="-6.8014523293823" lon="106.9763932004571">
        <ele>2412.5659179999998</ele>
        <time>2014-12-07T02:32:38Z</time>
      </trkpt>
      <trkpt lat="-6.801460543647409" lon="106.9763429928571">
        <ele>2409.201172</ele>
        <time>2014-12-07T02:33:00Z</time>
      </trkpt>
      <trkpt lat="-6.801513014361262" lon="106.97624458931386">
        <ele>2406.3171390000002</ele>
        <time>2014-12-07T02:33:22Z</time>
      </trkpt>
      <trkpt lat="-6.801587529480457" lon="106.97618499398232">
        <ele>2402.4719239999999</ele>
        <time>2014-12-07T02:33:41Z</time>
      </trkpt>
      <trkpt lat="-6.801601108163595" lon="106.97621055878699">
        <ele>2401.5107419999999</ele>
        <time>2014-12-07T02:34:08Z</time>
      </trkpt>
      <trkpt lat="-6.801578393206" lon="106.97617962956429">
        <ele>2398.1459960000002</ele>
        <time>2014-12-07T02:34:32Z</time>
      </trkpt>
      <trkpt lat="-6.801583673804998" lon="106.97613378055394">
        <ele>2395.7426759999998</ele>
        <time>2014-12-07T02:34:47Z</time>
      </trkpt>
      <trkpt lat="-6.801645113155246" lon="106.97603546082973">
        <ele>2392.3781739999999</ele>
        <time>2014-12-07T02:35:03Z</time>
      </trkpt>
      <trkpt lat="-6.801676629111171" lon="106.9760353770107">
        <ele>2391.4167480000001</ele>
        <time>2014-12-07T02:35:13Z</time>
      </trkpt>
      <trkpt lat="-6.801678976044059" lon="106.97602640837431">
        <ele>2389.9748540000001</ele>
        <time>2014-12-07T02:35:20Z</time>
      </trkpt>
      <trkpt lat="-6.801689872518182" lon="106.97602515108883">
        <ele>2387.5715329999998</ele>
        <time>2014-12-07T02:35:36Z</time>
      </trkpt>
      <trkpt lat="-6.801670426502824" lon="106.97595675475895">
        <ele>2385.6489259999998</ele>
        <time>2014-12-07T02:35:48Z</time>
      </trkpt>
      <trkpt lat="-6.801721137017012" lon="106.97592322714627">
        <ele>2384.2070309999999</ele>
        <time>2014-12-07T02:36:10Z</time>
      </trkpt>
      <trkpt lat="-6.801723903045058" lon="106.97592616081238">
        <ele>2382.764893</ele>
        <time>2014-12-07T02:36:12Z</time>
      </trkpt>
      <trkpt lat="-6.80174401961267" lon="106.97599790990353">
        <ele>2379.4001459999999</ele>
        <time>2014-12-07T02:36:40Z</time>
      </trkpt>
      <trkpt lat="-6.801885422319174" lon="106.97613436728716">
        <ele>2378.9194339999999</ele>
        <time>2014-12-07T02:37:12Z</time>
      </trkpt>
      <trkpt lat="-6.801895061507821" lon="106.97623008862138">
        <ele>2375.554932</ele>
        <time>2014-12-07T02:38:22Z</time>
      </trkpt>
      <trkpt lat="-6.80192532017827" lon="106.97602783329785">
        <ele>2378.9194339999999</ele>
        <time>2014-12-07T02:38:54Z</time>
      </trkpt>
      <trkpt lat="-6.801930433139205" lon="106.97601257823408">
        <ele>2377.9582519999999</ele>
        <time>2014-12-07T02:40:02Z</time>
      </trkpt>
      <trkpt lat="-6.80187595076859" lon="106.97605876252055">
        <ele>2381.3229980000001</ele>
        <time>2014-12-07T02:46:36Z</time>
      </trkpt>
      <trkpt lat="-6.802009893581271" lon="106.97610947303474">
        <ele>2381.803711</ele>
        <time>2014-12-07T02:56:20Z</time>
      </trkpt>
      <trkpt lat="-6.802091868594289" lon="106.97606345638633">
        <ele>2378.9194339999999</ele>
        <time>2014-12-07T02:56:46Z</time>
      </trkpt>
      <trkpt lat="-6.802238468080759" lon="106.97605608031154">
        <ele>2378.9194339999999</ele>
        <time>2014-12-07T02:57:05Z</time>
      </trkpt>
      <trkpt lat="-6.80236260406673" lon="106.97605323046446">
        <ele>2376.0356449999999</ele>
        <time>2014-12-07T02:57:23Z</time>
      </trkpt>
      <trkpt lat="-6.802453882992268" lon="106.97612883523107">
        <ele>2377.9582519999999</ele>
        <time>2014-12-07T02:57:34Z</time>
      </trkpt>
      <trkpt lat="-6.802573492750526" lon="106.97610385715961">
        <ele>2375.554932</ele>
        <time>2014-12-07T02:57:57Z</time>
      </trkpt>
      <trkpt lat="-6.802665526047349" lon="106.97599975392222">
        <ele>2372.1904300000001</ele>
        <time>2014-12-07T02:58:20Z</time>
      </trkpt>
      <trkpt lat="-6.802850933745503" lon="106.97584602981806">
        <ele>2370.7485350000002</ele>
        <time>2014-12-07T02:58:58Z</time>
      </trkpt>
      <trkpt lat="-6.802986469119787" lon="106.97573656216264">
        <ele>2367.8645019999999</ele>
        <time>2014-12-07T02:59:23Z</time>
      </trkpt>
      <trkpt lat="-6.803036676719785" lon="106.97568233124912">
        <ele>2364.5</ele>
        <time>2014-12-07T02:59:36Z</time>
      </trkpt>
      <trkpt lat="-6.803169194608927" lon="106.97554905898869">
        <ele>2362.5771479999999</ele>
        <time>2014-12-07T03:00:01Z</time>
      </trkpt>
      <trkpt lat="-6.803315877914429" lon="106.97550497017801">
        <ele>2359.693115</ele>
        <time>2014-12-07T03:00:27Z</time>
      </trkpt>
      <trkpt lat="-6.803467841818929" lon="106.97549390606582">
        <ele>2355.8479000000002</ele>
        <time>2014-12-07T03:00:50Z</time>
      </trkpt>
      <trkpt lat="-6.803540261462331" lon="106.97548032738268">
        <ele>2352.9641109999998</ele>
        <time>2014-12-07T03:01:05Z</time>
      </trkpt>
      <trkpt lat="-6.803613184019923" lon="106.97542861104012">
        <ele>2349.5996089999999</ele>
        <time>2014-12-07T03:01:21Z</time>
      </trkpt>
      <trkpt lat="-6.803674288094044" lon="106.97532769292593">
        <ele>2346.7153320000002</ele>
        <time>2014-12-07T03:01:37Z</time>
      </trkpt>
      <trkpt lat="-6.80370831862092" lon="106.97525384835899">
        <ele>2343.3508299999999</ele>
        <time>2014-12-07T03:01:57Z</time>
      </trkpt>
      <trkpt lat="-6.803774787113071" lon="106.97520766407251">
        <ele>2340.466797</ele>
        <time>2014-12-07T03:02:17Z</time>
      </trkpt>
      <trkpt lat="-6.803781744092703" lon="106.97519710287452">
        <ele>2339.0249020000001</ele>
        <time>2014-12-07T03:02:20Z</time>
      </trkpt>
      <trkpt lat="-6.803815523162484" lon="106.97511470876634">
        <ele>2335.6604000000002</ele>
        <time>2014-12-07T03:02:38Z</time>
      </trkpt>
      <trkpt lat="-6.803872603923082" lon="106.97508084587753">
        <ele>2332.2958979999999</ele>
        <time>2014-12-07T03:02:56Z</time>
      </trkpt>
      <trkpt lat="-6.803946699947119" lon="106.97504354640841">
        <ele>2329.4116210000002</ele>
        <time>2014-12-07T03:03:17Z</time>
      </trkpt>
      <trkpt lat="-6.804022556170821" lon="106.97506869211793">
        <ele>2327.9697270000001</ele>
        <time>2014-12-07T03:03:41Z</time>
      </trkpt>
      <trkpt lat="-6.804112242534757" lon="106.9750633276999">
        <ele>2325.085693</ele>
        <time>2014-12-07T03:05:30Z</time>
      </trkpt>
      <trkpt lat="-6.804254148155451" lon="106.97499342262745">
        <ele>2322.201904</ele>
        <time>2014-12-07T03:05:46Z</time>
      </trkpt>
      <trkpt lat="-6.80435230024159" lon="106.97495888918638">
        <ele>2318.8374020000001</ele>
        <time>2014-12-07T03:06:02Z</time>
      </trkpt>
      <trkpt lat="-6.804495546966791" lon="106.97489091195166">
        <ele>2315.4726559999999</ele>
        <time>2014-12-07T03:06:19Z</time>
      </trkpt>
      <trkpt lat="-6.80456000380218" lon="106.97479636408389">
        <ele>2314.5112300000001</ele>
        <time>2014-12-07T03:06:42Z</time>
      </trkpt>
      <trkpt lat="-6.804594369605184" lon="106.97472905740142">
        <ele>2311.1467290000001</ele>
        <time>2014-12-07T03:06:58Z</time>
      </trkpt>
      <trkpt lat="-6.804600823670626" lon="106.97470751591027">
        <ele>2310.1853030000002</ele>
        <time>2014-12-07T03:07:34Z</time>
      </trkpt>
      <trkpt lat="-6.804660335183144" lon="106.9746127165854">
        <ele>2307.3015140000002</ele>
        <time>2014-12-07T03:12:33Z</time>
      </trkpt>
      <trkpt lat="-6.804759912192822" lon="106.97462101466954">
        <ele>2303.9370119999999</ele>
        <time>2014-12-07T03:12:55Z</time>
      </trkpt>
      <trkpt lat="-6.804801318794489" lon="106.97454934939742">
        <ele>2300.5722660000001</ele>
        <time>2014-12-07T03:13:21Z</time>
      </trkpt>
      <trkpt lat="-6.804829398170114" lon="106.97449453175068">
        <ele>2297.688232</ele>
        <time>2014-12-07T03:13:37Z</time>
      </trkpt>
      <trkpt lat="-6.804867787286639" lon="106.97442345321178">
        <ele>2294.3234859999998</ele>
        <time>2014-12-07T03:13:56Z</time>
      </trkpt>
      <trkpt lat="-6.804877258837223" lon="106.97437517344952">
        <ele>2291.4396969999998</ele>
        <time>2014-12-07T03:14:13Z</time>
      </trkpt>
      <trkpt lat="-6.804885389283299" lon="106.97430568747222">
        <ele>2288.0751949999999</ele>
        <time>2014-12-07T03:14:35Z</time>
      </trkpt>
      <trkpt lat="-6.804919000715017" lon="106.97423133999109">
        <ele>2284.710693</ele>
        <time>2014-12-07T03:14:53Z</time>
      </trkpt>
      <trkpt lat="-6.80493769235909" lon="106.97418180294335">
        <ele>2281.345703</ele>
        <time>2014-12-07T03:15:07Z</time>
      </trkpt>
      <trkpt lat="-6.804915145039558" lon="106.97405875660479">
        <ele>2278.9423830000001</ele>
        <time>2014-12-07T03:15:38Z</time>
      </trkpt>
      <trkpt lat="-6.804934004321694" lon="106.97405012324452">
        <ele>2275.0971679999998</ele>
        <time>2014-12-07T03:15:50Z</time>
      </trkpt>
      <trkpt lat="-6.804979434236884" lon="106.97395322844386">
        <ele>2271.7326659999999</ele>
        <time>2014-12-07T03:16:10Z</time>
      </trkpt>
      <trkpt lat="-6.805012291297317" lon="106.9738751091063">
        <ele>2268.368164</ele>
        <time>2014-12-07T03:16:23Z</time>
      </trkpt>
      <trkpt lat="-6.805049842223525" lon="106.97383395396173">
        <ele>2265.4841310000002</ele>
        <time>2014-12-07T03:16:40Z</time>
      </trkpt>
      <trkpt lat="-6.805129973217845" lon="106.97379313409328">
        <ele>2264.5227049999999</ele>
        <time>2014-12-07T03:17:04Z</time>
      </trkpt>
      <trkpt lat="-6.805227622389793" lon="106.97374125011265">
        <ele>2262.119385</ele>
        <time>2014-12-07T03:17:45Z</time>
      </trkpt>
      <trkpt lat="-6.805291911587119" lon="106.97372959926724">
        <ele>2258.7548830000001</ele>
        <time>2014-12-07T03:17:59Z</time>
      </trkpt>
      <trkpt lat="-6.80533591657877" lon="106.97364946827292">
        <ele>2255.8708499999998</ele>
        <time>2014-12-07T03:18:14Z</time>
      </trkpt>
      <trkpt lat="-6.805395428091288" lon="106.97361736558378">
        <ele>2253.4677729999999</ele>
        <time>2014-12-07T03:18:24Z</time>
      </trkpt>
      <trkpt lat="-6.805436750873923" lon="106.97356288321316">
        <ele>2250.1030270000001</ele>
        <time>2014-12-07T03:18:37Z</time>
      </trkpt>
      <trkpt lat="-6.805498609319329" lon="106.97348627261817">
        <ele>2247.2189939999998</ele>
        <time>2014-12-07T03:18:55Z</time>
      </trkpt>
      <trkpt lat="-6.805619560182095" lon="106.97339826263487">
        <ele>2243.8544919999999</ele>
        <time>2014-12-07T03:19:13Z</time>
      </trkpt>
      <trkpt lat="-6.805726261809468" lon="106.97330069728196">
        <ele>2240.4897460000002</ele>
        <time>2014-12-07T03:19:29Z</time>
      </trkpt>
      <trkpt lat="-6.805776804685593" lon="106.97326188907027">
        <ele>2239.5285640000002</ele>
        <time>2014-12-07T03:20:07Z</time>
      </trkpt>
      <trkpt lat="-6.805851990357041" lon="106.97317689657211">
        <ele>2236.1640619999998</ele>
        <time>2014-12-07T03:20:24Z</time>
      </trkpt>
      <trkpt lat="-6.805918458849192" lon="106.97309358045459">
        <ele>2232.7990719999998</ele>
        <time>2014-12-07T03:20:40Z</time>
      </trkpt>
      <trkpt lat="-6.806044103577733" lon="106.97300414554775">
        <ele>2229.4345699999999</ele>
        <time>2014-12-07T03:20:59Z</time>
      </trkpt>
      <trkpt lat="-6.806187853217125" lon="106.97288093157113">
        <ele>2227.0314939999998</ele>
        <time>2014-12-07T03:21:24Z</time>
      </trkpt>
      <trkpt lat="-6.806338308379054" lon="106.97285553440452">
        <ele>2225.5893550000001</ele>
        <time>2014-12-07T03:21:41Z</time>
      </trkpt>
      <trkpt lat="-6.80648080073297" lon="106.9727838691324">
        <ele>2222.7055660000001</ele>
        <time>2014-12-07T03:22:01Z</time>
      </trkpt>
      <trkpt lat="-6.806513322517276" lon="106.97270256467164">
        <ele>2220.3022460000002</ele>
        <time>2014-12-07T03:22:19Z</time>
      </trkpt>
      <trkpt lat="-6.806600075215101" lon="106.97264129295945">
        <ele>2216.9375</ele>
        <time>2014-12-07T03:22:36Z</time>
      </trkpt>
      <trkpt lat="-6.806688336655498" lon="106.97253626771271">
        <ele>2213.5727539999998</ele>
        <time>2014-12-07T03:22:56Z</time>
      </trkpt>
      <trkpt lat="-6.80680425837636" lon="106.97249008342624">
        <ele>2210.2082519999999</ele>
        <time>2014-12-07T03:23:15Z</time>
      </trkpt>
      <trkpt lat="-6.806924873962998" lon="106.97244322858751">
        <ele>2207.3244629999999</ele>
        <time>2014-12-07T03:23:32Z</time>
      </trkpt>
      <trkpt lat="-6.807006429880858" lon="106.97238899767399">
        <ele>2204.4404300000001</ele>
        <time>2014-12-07T03:23:47Z</time>
      </trkpt>
      <trkpt lat="-6.807062840089202" lon="106.97229168377817">
        <ele>2201.5563959999999</ele>
        <time>2014-12-07T03:24:00Z</time>
      </trkpt>
      <trkpt lat="-6.807190412655473" lon="106.9722534622997">
        <ele>2198.1916500000002</ele>
        <time>2014-12-07T03:24:18Z</time>
      </trkpt>
      <trkpt lat="-6.80733391083777" lon="106.97216670960188">
        <ele>2194.8271479999999</ele>
        <time>2014-12-07T03:24:32Z</time>
      </trkpt>
      <trkpt lat="-6.807406665757299" lon="106.97212865576148">
        <ele>2191.9433589999999</ele>
        <time>2014-12-07T03:24:50Z</time>
      </trkpt>
      <trkpt lat="-6.807537842541933" lon="106.97205464355648">
        <ele>2188.578857</ele>
        <time>2014-12-07T03:25:09Z</time>
      </trkpt>
      <trkpt lat="-6.807581512257457" lon="106.97198607958853">
        <ele>2185.2138669999999</ele>
        <time>2014-12-07T03:25:23Z</time>
      </trkpt>
      <trkpt lat="-6.807610597461462" lon="106.97191148065031">
        <ele>2182.330078</ele>
        <time>2014-12-07T03:25:36Z</time>
      </trkpt>
      <trkpt lat="-6.807664493098855" lon="106.97184995748103">
        <ele>2178.9653320000002</ele>
        <time>2014-12-07T03:25:57Z</time>
      </trkpt>
      <trkpt lat="-6.807726435363293" lon="106.97184660471976">
        <ele>2176.0815429999998</ele>
        <time>2014-12-07T03:26:13Z</time>
      </trkpt>
      <trkpt lat="-6.807791143655777" lon="106.97183093056083">
        <ele>2172.7170409999999</ele>
        <time>2014-12-07T03:26:29Z</time>
      </trkpt>
      <trkpt lat="-6.807889211922884" lon="106.97184693999588">
        <ele>2169.3522950000001</ele>
        <time>2014-12-07T03:26:48Z</time>
      </trkpt>
      <trkpt lat="-6.807970684021711" lon="106.97186915203929">
        <ele>2166.4682619999999</ele>
        <time>2014-12-07T03:27:06Z</time>
      </trkpt>
      <trkpt lat="-6.808071853592992" lon="106.97192740626633">
        <ele>2163.10376</ele>
        <time>2014-12-07T03:27:26Z</time>
      </trkpt>
      <trkpt lat="-6.80821979418397" lon="106.97202262468636">
        <ele>2160.2197270000001</ele>
        <time>2014-12-07T03:27:49Z</time>
      </trkpt>
      <trkpt lat="-6.80829506367445" lon="106.97202840819955">
        <ele>2156.8552249999998</ele>
        <time>2014-12-07T03:28:04Z</time>
      </trkpt>
      <trkpt lat="-6.808345019817352" lon="106.97203100658953">
        <ele>2153.9711910000001</ele>
        <time>2014-12-07T03:28:19Z</time>
      </trkpt>
      <trkpt lat="-6.808439064770937" lon="106.97208062745631">
        <ele>2153.4904790000001</ele>
        <time>2014-12-07T03:28:41Z</time>
      </trkpt>
      <trkpt lat="-6.808494301512837" lon="106.97210778482258">
        <ele>2150.1259770000001</ele>
        <time>2014-12-07T03:29:08Z</time>
      </trkpt>
      <trkpt lat="-6.808506371453404" lon="106.9720462616533">
        <ele>2147.241943</ele>
        <time>2014-12-07T03:29:24Z</time>
      </trkpt>
      <trkpt lat="-6.808512322604656" lon="106.97203427553177">
        <ele>2145.8000489999999</ele>
        <time>2014-12-07T03:29:27Z</time>
      </trkpt>
      <trkpt lat="-6.808538977056742" lon="106.9719875883311">
        <ele>2142.435547</ele>
        <time>2014-12-07T03:29:43Z</time>
      </trkpt>
      <trkpt lat="-6.808618772774935" lon="106.97195288725197">
        <ele>2139.5512699999999</ele>
        <time>2014-12-07T03:30:04Z</time>
      </trkpt>
      <trkpt lat="-6.808683900162578" lon="106.97196654975414">
        <ele>2136.186768</ele>
        <time>2014-12-07T03:30:19Z</time>
      </trkpt>
      <trkpt lat="-6.808765036985278" lon="106.97201340459287">
        <ele>2132.8220209999999</ele>
        <time>2014-12-07T03:30:41Z</time>
      </trkpt>
      <trkpt lat="-6.80881105363369" lon="106.9719981495291">
        <ele>2130.8996579999998</ele>
        <time>2014-12-07T03:30:56Z</time>
      </trkpt>
      <trkpt lat="-6.808839719742537" lon="106.97200024500489">
        <ele>2127.5349120000001</ele>
        <time>2014-12-07T03:31:12Z</time>
      </trkpt>
      <trkpt lat="-6.808922030031681" lon="106.97197895497084">
        <ele>2124.6511230000001</ele>
        <time>2014-12-07T03:31:26Z</time>
      </trkpt>
      <trkpt lat="-6.808998640626669" lon="106.97199429385364">
        <ele>2121.766846</ele>
        <time>2014-12-07T03:31:44Z</time>
      </trkpt>
      <trkpt lat="-6.80902361869812" lon="106.97202287614346">
        <ele>2120.3249510000001</ele>
        <time>2014-12-07T03:32:05Z</time>
      </trkpt>
      <trkpt lat="-6.809093439951539" lon="106.9720187690109">
        <ele>2116.9604490000002</ele>
        <time>2014-12-07T03:32:21Z</time>
      </trkpt>
      <trkpt lat="-6.809143228456378" lon="106.97203058749437">
        <ele>2115.0378420000002</ele>
        <time>2014-12-07T03:32:29Z</time>
      </trkpt>
      <trkpt lat="-6.809210954234004" lon="106.97202354669571">
        <ele>2112.1538089999999</ele>
        <time>2014-12-07T03:32:45Z</time>
      </trkpt>
      <trkpt lat="-6.809294689446688" lon="106.97206151671708">
        <ele>2108.3085940000001</ele>
        <time>2014-12-07T03:33:02Z</time>
      </trkpt>
      <trkpt lat="-6.809338862076402" lon="106.97210476733744">
        <ele>2104.9438479999999</ele>
        <time>2014-12-07T03:33:25Z</time>
      </trkpt>
      <trkpt lat="-6.809390913695097" lon="106.9720895960927">
        <ele>2101.579346</ele>
        <time>2014-12-07T03:33:41Z</time>
      </trkpt>
      <trkpt lat="-6.809479175135493" lon="106.97203947231174">
        <ele>2098.6953119999998</ele>
        <time>2014-12-07T03:34:03Z</time>
      </trkpt>
      <trkpt lat="-6.809559557586908" lon="106.97201617062092">
        <ele>2095.8115229999999</ele>
        <time>2014-12-07T03:34:25Z</time>
      </trkpt>
      <trkpt lat="-6.809606496244669" lon="106.97196596302092">
        <ele>2092.4470209999999</ele>
        <time>2014-12-07T03:35:02Z</time>
      </trkpt>
      <trkpt lat="-6.809660559520125" lon="106.97191558778286">
        <ele>2089.5627439999998</ele>
        <time>2014-12-07T03:35:17Z</time>
      </trkpt>
      <trkpt lat="-6.809714706614614" lon="106.97188331745565">
        <ele>2086.678711</ele>
        <time>2014-12-07T03:35:32Z</time>
      </trkpt>
      <trkpt lat="-6.809777738526464" lon="106.97187443263829">
        <ele>2083.3142090000001</ele>
        <time>2014-12-07T03:35:49Z</time>
      </trkpt>
      <trkpt lat="-6.809827359393239" lon="106.97184316813946">
        <ele>2082.3530270000001</ele>
        <time>2014-12-07T03:36:02Z</time>
      </trkpt>
      <trkpt lat="-6.809881003573537" lon="106.9718097243458">
        <ele>2078.9882809999999</ele>
        <time>2014-12-07T03:36:14Z</time>
      </trkpt>
      <trkpt lat="-6.809998350217938" lon="106.97179748676717">
        <ele>2077.5463869999999</ele>
        <time>2014-12-07T03:36:33Z</time>
      </trkpt>
      <trkpt lat="-6.810059370473027" lon="106.97176546789706">
        <ele>2074.1816410000001</ele>
        <time>2014-12-07T03:36:49Z</time>
      </trkpt>
      <trkpt lat="-6.810088623315096" lon="106.97170218452811">
        <ele>2071.297607</ele>
        <time>2014-12-07T03:37:12Z</time>
      </trkpt>
      <trkpt lat="-6.810245532542467" lon="106.97165700607002">
        <ele>2067.9331050000001</ele>
        <time>2014-12-07T03:37:33Z</time>
      </trkpt>
      <trkpt lat="-6.810337565839291" lon="106.97163630276918">
        <ele>2065.0493160000001</ele>
        <time>2014-12-07T03:37:53Z</time>
      </trkpt>
      <trkpt lat="-6.810391629114747" lon="106.97161392308772">
        <ele>2061.6848140000002</ele>
        <time>2014-12-07T03:38:13Z</time>
      </trkpt>
      <trkpt lat="-6.810472765937448" lon="106.97153949178755">
        <ele>2058.3198240000002</ele>
        <time>2014-12-07T03:38:35Z</time>
      </trkpt>
      <trkpt lat="-6.810490032657981" lon="106.97151501663029">
        <ele>2056.8779300000001</ele>
        <time>2014-12-07T03:38:39Z</time>
      </trkpt>
      <trkpt lat="-6.810530852526426" lon="106.97132483124733">
        <ele>2054.9553219999998</ele>
        <time>2014-12-07T03:39:03Z</time>
      </trkpt>
      <trkpt lat="-6.810606960207224" lon="106.97126003913581">
        <ele>2051.5908199999999</ele>
        <time>2014-12-07T03:39:22Z</time>
      </trkpt>
      <trkpt lat="-6.810680385679007" lon="106.97116264142096">
        <ele>2049.6682129999999</ele>
        <time>2014-12-07T03:39:38Z</time>
      </trkpt>
      <trkpt lat="-6.810782393440604" lon="106.97109382599592">
        <ele>2047.264893</ele>
        <time>2014-12-07T03:39:57Z</time>
      </trkpt>
      <trkpt lat="-6.810852717608213" lon="106.97098586708307">
        <ele>2045.8229980000001</ele>
        <time>2014-12-07T03:40:23Z</time>
      </trkpt>
      <trkpt lat="-6.810922874137759" lon="106.97091428562999">
        <ele>2042.938721</ele>
        <time>2014-12-07T03:40:41Z</time>
      </trkpt>
      <trkpt lat="-6.811028989031911" lon="106.97089123539627">
        <ele>2039.5742190000001</ele>
        <time>2014-12-07T03:40:58Z</time>
      </trkpt>
      <trkpt lat="-6.811074754223228" lon="106.97084379382432">
        <ele>2038.1323239999999</ele>
        <time>2014-12-07T03:41:08Z</time>
      </trkpt>
      <trkpt lat="-6.811118926852942" lon="106.97073801420629">
        <ele>2034.767822</ele>
        <time>2014-12-07T03:41:26Z</time>
      </trkpt>
      <trkpt lat="-6.811151364818215" lon="106.97070398367941">
        <ele>2033.3256839999999</ele>
        <time>2014-12-07T03:41:35Z</time>
      </trkpt>
      <trkpt lat="-6.811237866058946" lon="106.97069426067173">
        <ele>2029.961182</ele>
        <time>2014-12-07T03:41:53Z</time>
      </trkpt>
      <trkpt lat="-6.811290420591831" lon="106.97059325873852">
        <ele>2027.0771480000001</ele>
        <time>2014-12-07T03:42:10Z</time>
      </trkpt>
      <trkpt lat="-6.811334425583482" lon="106.97052276693285">
        <ele>2025.154297</ele>
        <time>2014-12-07T03:42:27Z</time>
      </trkpt>
      <trkpt lat="-6.811372814700007" lon="106.9705147203058">
        <ele>2021.7897949999999</ele>
        <time>2014-12-07T03:42:38Z</time>
      </trkpt>
      <trkpt lat="-6.811425788328052" lon="106.97051363065839">
        <ele>2019.8671879999999</ele>
        <time>2014-12-07T03:42:56Z</time>
      </trkpt>
      <trkpt lat="-6.811451353132725" lon="106.970409527421">
        <ele>2016.502686</ele>
        <time>2014-12-07T03:43:17Z</time>
      </trkpt>
      <trkpt lat="-6.81147406809032" lon="106.97038932703435">
        <ele>2013.6186520000001</ele>
        <time>2014-12-07T03:43:32Z</time>
      </trkpt>
      <trkpt lat="-6.811565263196826" lon="106.97030114941299">
        <ele>2011.215332</ele>
        <time>2014-12-07T03:43:48Z</time>
      </trkpt>
      <trkpt lat="-6.811594935134053" lon="106.97024893015623">
        <ele>2008.8120120000001</ele>
        <time>2014-12-07T03:44:03Z</time>
      </trkpt>
      <trkpt lat="-6.811619075015187" lon="106.97017265483737">
        <ele>2005.44751</ele>
        <time>2014-12-07T03:44:20Z</time>
      </trkpt>
      <trkpt lat="-6.811631983146071" lon="106.97007399983704">
        <ele>2002.082764</ele>
        <time>2014-12-07T03:44:41Z</time>
      </trkpt>
      <trkpt lat="-6.811761567369103" lon="106.97007710114121">
        <ele>2000.1604</ele>
        <time>2014-12-07T03:45:09Z</time>
      </trkpt>
      <trkpt lat="-6.811802135780454" lon="106.97004105895758">
        <ele>1996.795654</ele>
        <time>2014-12-07T03:45:25Z</time>
      </trkpt>
      <trkpt lat="-6.811860976740718" lon="106.96997601538897">
        <ele>1993.911621</ele>
        <time>2014-12-07T03:45:47Z</time>
      </trkpt>
      <trkpt lat="-6.811929875984788" lon="106.96993268094957">
        <ele>1991.0275879999999</ele>
        <time>2014-12-07T03:46:08Z</time>
      </trkpt>
      <trkpt lat="-6.812008749693632" lon="106.96987149305642">
        <ele>1989.1049800000001</ele>
        <time>2014-12-07T03:46:25Z</time>
      </trkpt>
      <trkpt lat="-6.812038421630859" lon="106.9698294159025">
        <ele>1985.7404790000001</ele>
        <time>2014-12-07T03:46:44Z</time>
      </trkpt>
      <trkpt lat="-6.812126180157065" lon="106.96973361074924">
        <ele>1982.3759769999999</ele>
        <time>2014-12-07T03:47:10Z</time>
      </trkpt>
      <trkpt lat="-6.812170185148716" lon="106.96968474425375">
        <ele>1980.934082</ele>
        <time>2014-12-07T03:47:30Z</time>
      </trkpt>
      <trkpt lat="-6.812235480174422" lon="106.969756744802">
        <ele>1979.9724120000001</ele>
        <time>2014-12-07T03:47:45Z</time>
      </trkpt>
      <trkpt lat="-6.812238162383437" lon="106.96974903345108">
        <ele>1978.530518</ele>
        <time>2014-12-07T03:47:48Z</time>
      </trkpt>
      <trkpt lat="-6.812365232035518" lon="106.96970444172621">
        <ele>1975.1657709999999</ele>
        <time>2014-12-07T03:48:07Z</time>
      </trkpt>
      <trkpt lat="-6.81241812184453" lon="106.96966722607613">
        <ele>1973.7238769999999</ele>
        <time>2014-12-07T03:48:31Z</time>
      </trkpt>
      <trkpt lat="-6.812532115727663" lon="106.96965088136494">
        <ele>1970.8400879999999</ele>
        <time>2014-12-07T03:48:50Z</time>
      </trkpt>
      <trkpt lat="-6.812614677473903" lon="106.96966337040067">
        <ele>1968.436768</ele>
        <time>2014-12-07T03:49:08Z</time>
      </trkpt>
      <trkpt lat="-6.812695981934667" lon="106.96962716057897">
        <ele>1965.5529790000001</ele>
        <time>2014-12-07T03:49:24Z</time>
      </trkpt>
      <trkpt lat="-6.812779381871223" lon="106.96962112560868">
        <ele>1962.6687010000001</ele>
        <time>2014-12-07T03:49:43Z</time>
      </trkpt>
      <trkpt lat="-6.812829589471221" lon="106.96964853443205">
        <ele>1959.3041989999999</ele>
        <time>2014-12-07T03:49:58Z</time>
      </trkpt>
      <trkpt lat="-6.812906116247177" lon="106.96964006870985">
        <ele>1956.900879</ele>
        <time>2014-12-07T03:50:17Z</time>
      </trkpt>
      <trkpt lat="-6.812911480665207" lon="106.96971005760133">
        <ele>1954.0170900000001</ele>
        <time>2014-12-07T03:50:54Z</time>
      </trkpt>
      <trkpt lat="-6.813018098473549" lon="106.96973201818764">
        <ele>1950.6523440000001</ele>
        <time>2014-12-07T03:51:25Z</time>
      </trkpt>
      <trkpt lat="-6.813042825087905" lon="106.96976789273322">
        <ele>1946.806885</ele>
        <time>2014-12-07T03:51:38Z</time>
      </trkpt>
      <trkpt lat="-6.813090685755014" lon="106.96990191936493">
        <ele>1946.3264160000001</ele>
        <time>2014-12-07T03:51:55Z</time>
      </trkpt>
      <trkpt lat="-6.813148353248835" lon="106.96991273202002">
        <ele>1942.4812010000001</ele>
        <time>2014-12-07T03:52:18Z</time>
      </trkpt>
      <trkpt lat="-6.813266454264522" lon="106.96979463100433">
        <ele>1940.55835</ele>
        <time>2014-12-07T03:52:39Z</time>
      </trkpt>
      <trkpt lat="-6.813304675742984" lon="106.96973604150116">
        <ele>1937.1938479999999</ele>
        <time>2014-12-07T03:52:50Z</time>
      </trkpt>
      <trkpt lat="-6.813379526138306" lon="106.96959807537496">
        <ele>1933.829346</ele>
        <time>2014-12-07T03:53:10Z</time>
      </trkpt>
      <trkpt lat="-6.813406851142645" lon="106.96954946033657">
        <ele>1930.9453120000001</ele>
        <time>2014-12-07T03:53:26Z</time>
      </trkpt>
      <trkpt lat="-6.813470972701907" lon="106.96950444951653">
        <ele>1927.5805660000001</ele>
        <time>2014-12-07T03:53:40Z</time>
      </trkpt>
      <trkpt lat="-6.813576584681869" lon="106.96952414698899">
        <ele>1924.216064</ele>
        <time>2014-12-07T03:53:59Z</time>
      </trkpt>
      <trkpt lat="-6.813656380400062" lon="106.96956563740969">
        <ele>1920.8515620000001</ele>
        <time>2014-12-07T03:54:15Z</time>
      </trkpt>
      <trkpt lat="-6.813738103955984" lon="106.96952749975026">
        <ele>1917.967529</ele>
        <time>2014-12-07T03:54:31Z</time>
      </trkpt>
      <trkpt lat="-6.813808092847467" lon="106.96948600932956">
        <ele>1914.1220699999999</ele>
        <time>2014-12-07T03:54:46Z</time>
      </trkpt>
      <trkpt lat="-6.813816893845797" lon="106.96942976675928">
        <ele>1911.2382809999999</ele>
        <time>2014-12-07T03:55:05Z</time>
      </trkpt>
      <trkpt lat="-6.813864000141621" lon="106.96936782449484">
        <ele>1908.834961</ele>
        <time>2014-12-07T03:55:32Z</time>
      </trkpt>
      <trkpt lat="-6.813946226611733" lon="106.96936053223908">
        <ele>1905.950928</ele>
        <time>2014-12-07T03:55:50Z</time>
      </trkpt>
      <trkpt lat="-6.813945975154638" lon="106.96933169849217">
        <ele>1903.067139</ele>
        <time>2014-12-07T03:56:17Z</time>
      </trkpt>
      <trkpt lat="-6.813961816951633" lon="106.96927118115127">
        <ele>1900.18335</ele>
        <time>2014-12-07T03:56:46Z</time>
      </trkpt>
      <trkpt lat="-6.81396366097033" lon="106.96926724165678">
        <ele>1900.18335</ele>
        <time>2014-12-07T03:56:47Z</time>
      </trkpt>
      <trkpt lat="-6.813887385651469" lon="106.96924067102373">
        <ele>1898.260254</ele>
        <time>2014-12-07T03:57:06Z</time>
      </trkpt>
      <trkpt lat="-6.813857881352305" lon="106.9691763818264">
        <ele>1894.8957519999999</ele>
        <time>2014-12-07T03:57:30Z</time>
      </trkpt>
      <trkpt lat="-6.813762495294213" lon="106.96914578787982">
        <ele>1892.0119629999999</ele>
        <time>2014-12-07T03:57:55Z</time>
      </trkpt>
      <trkpt lat="-6.813653111457825" lon="106.96897932328284">
        <ele>1890.5698239999999</ele>
        <time>2014-12-07T03:58:14Z</time>
      </trkpt>
      <trkpt lat="-6.813575578853488" lon="106.96892249397933">
        <ele>1887.6860349999999</ele>
        <time>2014-12-07T03:58:35Z</time>
      </trkpt>
      <trkpt lat="-6.813584296032786" lon="106.96883423253894">
        <ele>1883.8405760000001</ele>
        <time>2014-12-07T03:58:53Z</time>
      </trkpt>
      <trkpt lat="-6.813560323789716" lon="106.96878905408084">
        <ele>1880.9567870000001</ele>
        <time>2014-12-07T03:59:09Z</time>
      </trkpt>
      <trkpt lat="-6.813647076487541" lon="106.96875628083944">
        <ele>1877.5920410000001</ele>
        <time>2014-12-07T03:59:26Z</time>
      </trkpt>
      <trkpt lat="-6.813702145591378" lon="106.96874915622175">
        <ele>1875.6694339999999</ele>
        <time>2014-12-07T03:59:32Z</time>
      </trkpt>
      <trkpt lat="-6.813881518319249" lon="106.96877748705447">
        <ele>1872.7856449999999</ele>
        <time>2014-12-07T03:59:56Z</time>
      </trkpt>
      <trkpt lat="-6.813944047316909" lon="106.96876944042742">
        <ele>1869.421143</ele>
        <time>2014-12-07T04:00:19Z</time>
      </trkpt>
      <trkpt lat="-6.814014287665486" lon="106.96875720284879">
        <ele>1866.536865</ele>
        <time>2014-12-07T04:00:37Z</time>
      </trkpt>
      <trkpt lat="-6.814150745049119" lon="106.96876625530422">
        <ele>1864.6142580000001</ele>
        <time>2014-12-07T04:01:02Z</time>
      </trkpt>
      <trkpt lat="-6.814286364242435" lon="106.96877798996866">
        <ele>1863.1723629999999</ele>
        <time>2014-12-07T04:01:31Z</time>
      </trkpt>
      <trkpt lat="-6.814325926825404" lon="106.96874370798469">
        <ele>1862.69165</ele>
        <time>2014-12-07T04:02:17Z</time>
      </trkpt>
      <trkpt lat="-6.814325172454119" lon="106.9686670973897">
        <ele>1866.0561520000001</ele>
        <time>2014-12-07T04:03:46Z</time>
      </trkpt>
      <trkpt lat="-6.814472861588001" lon="106.96864019148052">
        <ele>1868.9404300000001</ele>
        <time>2014-12-07T04:04:11Z</time>
      </trkpt>
      <trkpt lat="-6.814553076401353" lon="106.96857472881675">
        <ele>1870.3823239999999</ele>
        <time>2014-12-07T04:04:29Z</time>
      </trkpt>
      <trkpt lat="-6.814681235700846" lon="106.96851932443678">
        <ele>1872.304932</ele>
        <time>2014-12-07T04:04:54Z</time>
      </trkpt>
      <trkpt lat="-6.814828589558601" lon="106.96854731999338">
        <ele>1874.227539</ele>
        <time>2014-12-07T04:05:29Z</time>
      </trkpt>
      <trkpt lat="-6.814828924834728" lon="106.96854488924146">
        <ele>1873.266357</ele>
        <time>2014-12-07T04:06:31Z</time>
      </trkpt>
      <trkpt lat="-6.814841749146581" lon="106.96853407658637">
        <ele>1870.3823239999999</ele>
        <time>2014-12-07T04:09:13Z</time>
      </trkpt>
      <trkpt lat="-6.814820040017366" lon="106.96852552704513">
        <ele>1867.017578</ele>
        <time>2014-12-07T04:19:02Z</time>
      </trkpt>
      <trkpt lat="-6.814832361415029" lon="106.96849945932627">
        <ele>1864.1335449999999</ele>
        <time>2014-12-07T04:22:41Z</time>
      </trkpt>
      <trkpt lat="-6.815079962834716" lon="106.96842293255031">
        <ele>1863.652832</ele>
        <time>2014-12-07T04:24:19Z</time>
      </trkpt>
      <trkpt lat="-6.815294791013002" lon="106.96836828254163">
        <ele>1863.1723629999999</ele>
        <time>2014-12-07T04:24:42Z</time>
      </trkpt>
      <trkpt lat="-6.815436277538538" lon="106.96827289648354">
        <ele>1861.7304690000001</ele>
        <time>2014-12-07T04:24:59Z</time>
      </trkpt>
      <trkpt lat="-6.815577428787947" lon="106.9682130496949">
        <ele>1859.3271480000001</ele>
        <time>2014-12-07T04:25:14Z</time>
      </trkpt>
      <trkpt lat="-6.815705168992281" lon="106.96815077215433">
        <ele>1856.443115</ele>
        <time>2014-12-07T04:25:30Z</time>
      </trkpt>
      <trkpt lat="-6.815883368253708" lon="106.96810651570559">
        <ele>1853.5593260000001</ele>
        <time>2014-12-07T04:25:47Z</time>
      </trkpt>
      <trkpt lat="-6.816008593887091" lon="106.96808162145317">
        <ele>1849.7138669999999</ele>
        <time>2014-12-07T04:26:05Z</time>
      </trkpt>
      <trkpt lat="-6.81615854613483" lon="106.96803434751928">
        <ele>1846.8298339999999</ele>
        <time>2014-12-07T04:26:21Z</time>
      </trkpt>
      <trkpt lat="-6.816329369321466" lon="106.96796930395067">
        <ele>1844.9072269999999</ele>
        <time>2014-12-07T04:26:42Z</time>
      </trkpt>
      <trkpt lat="-6.816450739279389" lon="106.96794784627855">
        <ele>1842.0234379999999</ele>
        <time>2014-12-07T04:27:00Z</time>
      </trkpt>
      <trkpt lat="-6.816572276875377" lon="106.96792311966419">
        <ele>1838.658936</ele>
        <time>2014-12-07T04:27:16Z</time>
      </trkpt>
      <trkpt lat="-6.816688533872366" lon="106.96789990179241">
        <ele>1835.774658</ele>
        <time>2014-12-07T04:27:33Z</time>
      </trkpt>
      <trkpt lat="-6.816808143630624" lon="106.96792236529291">
        <ele>1832.4101559999999</ele>
        <time>2014-12-07T04:27:48Z</time>
      </trkpt>
      <trkpt lat="-6.816776627674699" lon="106.96801657788455">
        <ele>1829.0454099999999</ele>
        <time>2014-12-07T04:28:07Z</time>
      </trkpt>
      <trkpt lat="-6.816862374544144" lon="106.96799612604082">
        <ele>1826.161621</ele>
        <time>2014-12-07T04:28:22Z</time>
      </trkpt>
      <trkpt lat="-6.816976619884372" lon="106.96795765310526">
        <ele>1822.7971190000001</ele>
        <time>2014-12-07T04:28:36Z</time>
      </trkpt>
      <trkpt lat="-6.817131852731109" lon="106.96793678216636">
        <ele>1819.4323730000001</ele>
        <time>2014-12-07T04:28:56Z</time>
      </trkpt>
      <trkpt lat="-6.817222880199552" lon="106.9679397996515">
        <ele>1816.0676269999999</ele>
        <time>2014-12-07T04:29:16Z</time>
      </trkpt>
      <trkpt lat="-6.81731466203928" lon="106.96797307580709">
        <ele>1813.664307</ele>
        <time>2014-12-07T04:29:34Z</time>
      </trkpt>
      <trkpt lat="-6.817396469414234" lon="106.96795622818172">
        <ele>1810.2998050000001</ele>
        <time>2014-12-07T04:29:51Z</time>
      </trkpt>
      <trkpt lat="-6.817544242367148" lon="106.96786712855101">
        <ele>1809.819092</ele>
        <time>2014-12-07T04:30:18Z</time>
      </trkpt>
      <trkpt lat="-6.817772146314383" lon="106.96785371750593">
        <ele>1808.8579099999999</ele>
        <time>2014-12-07T04:30:45Z</time>
      </trkpt>
      <trkpt lat="-6.817878009751439" lon="106.96788623929024">
        <ele>1805.9738769999999</ele>
        <time>2014-12-07T04:30:59Z</time>
      </trkpt>
      <trkpt lat="-6.818006169050932" lon="106.96799922734499">
        <ele>1803.570557</ele>
        <time>2014-12-07T04:31:19Z</time>
      </trkpt>
      <trkpt lat="-6.81815218180418" lon="106.96809218265116">
        <ele>1800.6865230000001</ele>
        <time>2014-12-07T04:31:39Z</time>
      </trkpt>
      <trkpt lat="-6.818240275606513" lon="106.96814943104982">
        <ele>1797.3220209999999</ele>
        <time>2014-12-07T04:31:52Z</time>
      </trkpt>
      <trkpt lat="-6.818369356915355" lon="106.96822964586318">
        <ele>1794.4379879999999</ele>
        <time>2014-12-07T04:32:10Z</time>
      </trkpt>
      <trkpt lat="-6.818390730768442" lon="106.96826283819973">
        <ele>1794.4379879999999</ele>
        <time>2014-12-07T04:32:53Z</time>
      </trkpt>
      <trkpt lat="-6.81848494336009" lon="106.96823811158538">
        <ele>1792.9960940000001</ele>
        <time>2014-12-07T04:34:06Z</time>
      </trkpt>
      <trkpt lat="-6.818719804286957" lon="106.96820760145783">
        <ele>1792.515625</ele>
        <time>2014-12-07T04:34:36Z</time>
      </trkpt>
      <trkpt lat="-6.818876713514328" lon="106.96819972246885">
        <ele>1792.515625</ele>
        <time>2014-12-07T04:34:52Z</time>
      </trkpt>
      <trkpt lat="-6.819093888625503" lon="106.96818337775767">
        <ele>1789.631592</ele>
        <time>2014-12-07T04:35:15Z</time>
      </trkpt>
      <trkpt lat="-6.81922473013401" lon="106.96817507967353">
        <ele>1786.266846</ele>
        <time>2014-12-07T04:35:33Z</time>
      </trkpt>
      <trkpt lat="-6.819458585232496" lon="106.96820399723947">
        <ele>1783.3828120000001</ele>
        <time>2014-12-07T04:35:53Z</time>
      </trkpt>
      <trkpt lat="-6.819699313491583" lon="106.9682249519974">
        <ele>1780.018311</ele>
        <time>2014-12-07T04:36:21Z</time>
      </trkpt>
      <trkpt lat="-6.81983401067555" lon="106.96820148266852">
        <ele>1777.1345209999999</ele>
        <time>2014-12-07T04:36:41Z</time>
      </trkpt>
      <trkpt lat="-6.820084461942315" lon="106.96828085929155">
        <ele>1774.7312010000001</ele>
        <time>2014-12-07T04:37:04Z</time>
      </trkpt>
      <trkpt lat="-6.820156797766686" lon="106.96826769970357">
        <ele>1773.289307</ele>
        <time>2014-12-07T04:37:33Z</time>
      </trkpt>
      <trkpt lat="-6.820299290120602" lon="106.96831581182778">
        <ele>1771.366211</ele>
        <time>2014-12-07T04:37:58Z</time>
      </trkpt>
      <trkpt lat="-6.820463910698891" lon="106.96825537830591">
        <ele>1768.482422</ele>
        <time>2014-12-07T04:38:19Z</time>
      </trkpt>
      <trkpt lat="-6.820607744157314" lon="106.96821841411293">
        <ele>1765.1179199999999</ele>
        <time>2014-12-07T04:38:36Z</time>
      </trkpt>
      <trkpt lat="-6.820693323388696" lon="106.9681646861136">
        <ele>1761.753418</ele>
        <time>2014-12-07T04:38:48Z</time>
      </trkpt>
      <trkpt lat="-6.820817291736603" lon="106.96811741217971">
        <ele>1758.388672</ele>
        <time>2014-12-07T04:39:03Z</time>
      </trkpt>
      <trkpt lat="-6.820944864302874" lon="106.96804172359407">
        <ele>1755.504639</ele>
        <time>2014-12-07T04:39:24Z</time>
      </trkpt>
      <trkpt lat="-6.821050979197025" lon="106.96795471943915">
        <ele>1752.139893</ele>
        <time>2014-12-07T04:39:39Z</time>
      </trkpt>
      <trkpt lat="-6.821163799613714" lon="106.96784466505051">
        <ele>1749.2561040000001</ele>
        <time>2014-12-07T04:39:58Z</time>
      </trkpt>
      <trkpt lat="-6.821346441283822" lon="106.96777551434934">
        <ele>1745.8916019999999</ele>
        <time>2014-12-07T04:40:15Z</time>
      </trkpt>
      <trkpt lat="-6.821522461250424" lon="106.96776604279876">
        <ele>1744.4494629999999</ele>
        <time>2014-12-07T04:40:39Z</time>
      </trkpt>
      <trkpt lat="-6.821680963039398" lon="106.96773771196604">
        <ele>1741.5656739999999</ele>
        <time>2014-12-07T04:41:00Z</time>
      </trkpt>
      <trkpt lat="-6.821752293035388" lon="106.96769194677472">
        <ele>1738.200928</ele>
        <time>2014-12-07T04:41:13Z</time>
      </trkpt>
      <trkpt lat="-6.821823287755251" lon="106.96769219823182">
        <ele>1735.3168949999999</ele>
        <time>2014-12-07T04:41:28Z</time>
      </trkpt>
      <trkpt lat="-6.821905262768269" lon="106.96766126900911">
        <ele>1731.952393</ele>
        <time>2014-12-07T04:41:40Z</time>
      </trkpt>
      <trkpt lat="-6.822038535028696" lon="106.96761223487556">
        <ele>1729.0683590000001</ele>
        <time>2014-12-07T04:41:53Z</time>
      </trkpt>
      <trkpt lat="-6.822176920250058" lon="106.96756722405553">
        <ele>1725.2231449999999</ele>
        <time>2014-12-07T04:42:08Z</time>
      </trkpt>
      <trkpt lat="-6.822306169196963" lon="106.9675512984395">
        <ele>1722.339111</ele>
        <time>2014-12-07T04:42:26Z</time>
      </trkpt>
      <trkpt lat="-6.822359981015325" lon="106.9675533939153">
        <ele>1719.9357910000001</ele>
        <time>2014-12-07T04:42:36Z</time>
      </trkpt>
      <trkpt lat="-6.822440531104803" lon="106.96753185242414">
        <ele>1716.571289</ele>
        <time>2014-12-07T04:42:51Z</time>
      </trkpt>
      <trkpt lat="-6.8226358294487" lon="106.96745088323951">
        <ele>1714.1679690000001</ele>
        <time>2014-12-07T04:43:17Z</time>
      </trkpt>
      <trkpt lat="-6.82268419303" lon="106.96739237755537">
        <ele>1710.803467</ele>
        <time>2014-12-07T04:43:30Z</time>
      </trkpt>
      <trkpt lat="-6.822714619338512" lon="106.96727612055838">
        <ele>1707.438721</ele>
        <time>2014-12-07T04:43:42Z</time>
      </trkpt>
      <trkpt lat="-6.82275602594018" lon="106.9671767950058">
        <ele>1704.5546879999999</ele>
        <time>2014-12-07T04:43:54Z</time>
      </trkpt>
      <trkpt lat="-6.822838671505451" lon="106.96711585856974">
        <ele>1701.190186</ele>
        <time>2014-12-07T04:44:08Z</time>
      </trkpt>
      <trkpt lat="-6.822938080877066" lon="106.96710043586791">
        <ele>1698.3061520000001</ele>
        <time>2014-12-07T04:44:20Z</time>
      </trkpt>
      <trkpt lat="-6.822999184951186" lon="106.96701871231198">
        <ele>1694.94165</ele>
        <time>2014-12-07T04:44:36Z</time>
      </trkpt>
      <trkpt lat="-6.823077220469713" lon="106.96692919358611">
        <ele>1692.057861</ele>
        <time>2014-12-07T04:44:57Z</time>
      </trkpt>
      <trkpt lat="-6.823170427232981" lon="106.96684269234538">
        <ele>1689.1735839999999</ele>
        <time>2014-12-07T04:45:12Z</time>
      </trkpt>
      <trkpt lat="-6.823199009522796" lon="106.96678443811834">
        <ele>1688.2124020000001</ele>
        <time>2014-12-07T04:45:47Z</time>
      </trkpt>
      <trkpt lat="-6.823318284004927" lon="106.96674663573503">
        <ele>1684.8479</ele>
        <time>2014-12-07T04:48:12Z</time>
      </trkpt>
      <trkpt lat="-6.823379471898079" lon="106.96671436540782">
        <ele>1681.002686</ele>
        <time>2014-12-07T04:48:27Z</time>
      </trkpt>
      <trkpt lat="-6.823504026979208" lon="106.96664974093437">
        <ele>1677.157471</ele>
        <time>2014-12-07T04:48:45Z</time>
      </trkpt>
      <trkpt lat="-6.823601089417934" lon="106.96660523302853">
        <ele>1674.273193</ele>
        <time>2014-12-07T04:48:58Z</time>
      </trkpt>
      <trkpt lat="-6.823661187663674" lon="106.96657748892903">
        <ele>1670.9086910000001</ele>
        <time>2014-12-07T04:49:12Z</time>
      </trkpt>
      <trkpt lat="-6.823779288679361" lon="106.96650632657111">
        <ele>1667.5439449999999</ele>
        <time>2014-12-07T04:49:28Z</time>
      </trkpt>
      <trkpt lat="-6.823885068297386" lon="106.96645645424724">
        <ele>1664.179443</ele>
        <time>2014-12-07T04:49:43Z</time>
      </trkpt>
      <trkpt lat="-6.82399277575314" lon="106.96642963215709">
        <ele>1660.8149410000001</ele>
        <time>2014-12-07T04:49:59Z</time>
      </trkpt>
      <trkpt lat="-6.824046671390533" lon="106.96635427884758">
        <ele>1657.4501949999999</ele>
        <time>2014-12-07T04:50:18Z</time>
      </trkpt>
      <trkpt lat="-6.824084976688027" lon="106.96635159663856">
        <ele>1655.5275879999999</ele>
        <time>2014-12-07T04:50:24Z</time>
      </trkpt>
      <trkpt lat="-6.824147086590529" lon="106.96629895828664">
        <ele>1652.6435550000001</ele>
        <time>2014-12-07T04:50:37Z</time>
      </trkpt>
      <trkpt lat="-6.824225708842278" lon="106.9662409555167">
        <ele>1649.279053</ele>
        <time>2014-12-07T04:50:50Z</time>
      </trkpt>
      <trkpt lat="-6.824339786544442" lon="106.96624154224992">
        <ele>1647.3564449999999</ele>
        <time>2014-12-07T04:51:10Z</time>
      </trkpt>
      <trkpt lat="-6.824431987479329" lon="106.96625696495175">
        <ele>1643.9916989999999</ele>
        <time>2014-12-07T04:51:21Z</time>
      </trkpt>
      <trkpt lat="-6.824444308876991" lon="106.96626098826528">
        <ele>1643.9916989999999</ele>
        <time>2014-12-07T04:51:22Z</time>
      </trkpt>
      <trkpt lat="-6.824528547003865" lon="106.96626191027462">
        <ele>1641.1076660000001</ele>
        <time>2014-12-07T04:51:39Z</time>
      </trkpt>
      <trkpt lat="-6.824576240032911" lon="106.9662718847394">
        <ele>1637.743164</ele>
        <time>2014-12-07T04:51:53Z</time>
      </trkpt>
      <trkpt lat="-6.824716636911035" lon="106.96627020835876">
        <ele>1634.859375</ele>
        <time>2014-12-07T04:52:12Z</time>
      </trkpt>
      <trkpt lat="-6.824812274426222" lon="106.96626719087362">
        <ele>1632.4560550000001</ele>
        <time>2014-12-07T04:52:32Z</time>
      </trkpt>
      <trkpt lat="-6.824933812022209" lon="106.96628898382187">
        <ele>1630.533447</ele>
        <time>2014-12-07T04:52:57Z</time>
      </trkpt>
      <trkpt lat="-6.825074963271618" lon="106.96629879064858">
        <ele>1627.6491699999999</ele>
        <time>2014-12-07T04:53:14Z</time>
      </trkpt>
      <trkpt lat="-6.825204212218523" lon="106.96636375039816">
        <ele>1623.8039550000001</ele>
        <time>2014-12-07T04:53:29Z</time>
      </trkpt>
      <trkpt lat="-6.825359696522355" lon="106.96653909981251">
        <ele>1623.8039550000001</ele>
        <time>2014-12-07T04:53:48Z</time>
      </trkpt>
      <trkpt lat="-6.82550897821784" lon="106.96654714643955">
        <ele>1621.400635</ele>
        <time>2014-12-07T04:54:13Z</time>
      </trkpt>
      <trkpt lat="-6.825647195801139" lon="106.96657815948129">
        <ele>1618.516846</ele>
        <time>2014-12-07T04:54:25Z</time>
      </trkpt>
      <trkpt lat="-6.825768062844873" lon="106.96655896492302">
        <ele>1615.1523440000001</ele>
        <time>2014-12-07T04:54:38Z</time>
      </trkpt>
      <trkpt lat="-6.825892869383097" lon="106.96655770763755">
        <ele>1612.268311</ele>
        <time>2014-12-07T04:54:51Z</time>
      </trkpt>
      <trkpt lat="-6.825976017862558" lon="106.96653926745057">
        <ele>1608.903564</ele>
        <time>2014-12-07T04:55:05Z</time>
      </trkpt>
      <trkpt lat="-6.826086575165391" lon="106.96650322526693">
        <ele>1605.5390620000001</ele>
        <time>2014-12-07T04:55:17Z</time>
      </trkpt>
      <trkpt lat="-6.826204424723983" lon="106.96643155999482">
        <ele>1601.6938479999999</ele>
        <time>2014-12-07T04:55:44Z</time>
      </trkpt>
    </trkseg>
  </trk>

  <trk>
    <name>Surken- Puncak Gede-Kandang Badak</name>
    <extensions>
      <gpxx:TrackExtension>
        <gpxx:DisplayColor>Magenta</gpxx:DisplayColor>
      </gpxx:TrackExtension>
    </extensions>
    <trkseg>
      <trkpt lat="-6.78409525193274" lon="106.9907105807215">
        <ele>2628.8623050000001</ele>
        <time>2014-11-29T00:13:15Z</time>
      </trkpt>
      <trkpt lat="-6.78416314534843" lon="106.99090076610446">
        <ele>2628.8623050000001</ele>
        <time>2014-11-29T00:13:45Z</time>
      </trkpt>
      <trkpt lat="-6.784011432901025" lon="106.99065358377993">
        <ele>2627.4204100000002</ele>
        <time>2014-11-29T00:14:26Z</time>
      </trkpt>
      <trkpt lat="-6.784076141193509" lon="106.99069892987609">
        <ele>2630.7851559999999</ele>
        <time>2014-11-29T00:14:53Z</time>
      </trkpt>
      <trkpt lat="-6.784095671027899" lon="106.99070245027542">
        <ele>2631.265625</ele>
        <time>2014-11-29T00:14:57Z</time>
      </trkpt>
      <trkpt lat="-6.784178400412202" lon="106.99065542779863">
        <ele>2634.6303710000002</ele>
        <time>2014-11-29T00:15:14Z</time>
      </trkpt>
      <trkpt lat="-6.784208742901683" lon="106.99058384634554">
        <ele>2637.5141600000002</ele>
        <time>2014-11-29T00:15:26Z</time>
      </trkpt>
      <trkpt lat="-6.784207988530397" lon="106.99053380638361">
        <ele>2638.9560550000001</ele>
        <time>2014-11-29T00:15:58Z</time>
      </trkpt>
      <trkpt lat="-6.784252747893333" lon="106.99062357656658">
        <ele>2638.9560550000001</ele>
        <time>2014-11-29T00:17:23Z</time>
      </trkpt>
      <trkpt lat="-6.784320892766118" lon="106.99066339060664">
        <ele>2642.3208009999998</ele>
        <time>2014-11-29T00:17:36Z</time>
      </trkpt>
      <trkpt lat="-6.784423068165779" lon="106.99071250855923">
        <ele>2645.205078</ele>
        <time>2014-11-29T00:17:53Z</time>
      </trkpt>
      <trkpt lat="-6.784434132277966" lon="106.99070085771382">
        <ele>2645.205078</ele>
        <time>2014-11-29T00:17:54Z</time>
      </trkpt>
      <trkpt lat="-6.784530524164438" lon="106.9907296076417">
        <ele>2646.1665039999998</ele>
        <time>2014-11-29T00:18:08Z</time>
      </trkpt>
      <trkpt lat="-6.784506384283304" lon="106.99058401398361">
        <ele>2649.5307619999999</ele>
        <time>2014-11-29T00:18:51Z</time>
      </trkpt>
      <trkpt lat="-6.784546533599496" lon="106.99051159434021">
        <ele>2651.4536130000001</ele>
        <time>2014-11-29T00:19:01Z</time>
      </trkpt>
      <trkpt lat="-6.78466304205358" lon="106.99046985246241">
        <ele>2654.8183589999999</ele>
        <time>2014-11-29T00:19:19Z</time>
      </trkpt>
      <trkpt lat="-6.784691289067268" lon="106.99046574532986">
        <ele>2655.779297</ele>
        <time>2014-11-29T00:20:05Z</time>
      </trkpt>
      <trkpt lat="-6.784710651263595" lon="106.99040003120899">
        <ele>2659.6245119999999</ele>
        <time>2014-11-29T00:20:19Z</time>
      </trkpt>
      <trkpt lat="-6.784706125035882" lon="106.99038494378328">
        <ele>2660.5859380000002</ele>
        <time>2014-11-29T00:20:25Z</time>
      </trkpt>
      <trkpt lat="-6.784722888842225" lon="106.99030137620866">
        <ele>2663.9506839999999</ele>
        <time>2014-11-29T00:21:03Z</time>
      </trkpt>
      <trkpt lat="-6.784771671518683" lon="106.99028436094522">
        <ele>2667.3149410000001</ele>
        <time>2014-11-29T00:21:30Z</time>
      </trkpt>
      <trkpt lat="-6.78477393463254" lon="106.990283774212">
        <ele>2667.7958979999999</ele>
        <time>2014-11-29T00:21:31Z</time>
      </trkpt>
      <trkpt lat="-6.784806456416845" lon="106.99021655134857">
        <ele>2672.1215820000002</ele>
        <time>2014-11-29T00:21:49Z</time>
      </trkpt>
      <trkpt lat="-6.784892370924354" lon="106.99013642035425">
        <ele>2675.0053710000002</ele>
        <time>2014-11-29T00:22:58Z</time>
      </trkpt>
      <trkpt lat="-6.784959761425853" lon="106.99008570984006">
        <ele>2677.4091800000001</ele>
        <time>2014-11-29T00:23:11Z</time>
      </trkpt>
      <trkpt lat="-6.785027151927352" lon="106.99003516696393">
        <ele>2680.7739259999998</ele>
        <time>2014-11-29T00:23:25Z</time>
      </trkpt>
      <trkpt lat="-6.78505296818912" lon="106.98998780921102">
        <ele>2681.7348630000001</ele>
        <time>2014-11-29T00:23:41Z</time>
      </trkpt>
      <trkpt lat="-6.785096302628517" lon="106.98996786028147">
        <ele>2681.7348630000001</ele>
        <time>2014-11-29T00:23:59Z</time>
      </trkpt>
      <trkpt lat="-6.785199735313654" lon="106.98996484279633">
        <ele>2682.2158199999999</ele>
        <time>2014-11-29T00:24:23Z</time>
      </trkpt>
      <trkpt lat="-6.785291265696287" lon="106.99000381864607">
        <ele>2683.1772460000002</ele>
        <time>2014-11-29T00:24:37Z</time>
      </trkpt>
      <trkpt lat="-6.785400230437517" lon="106.99012946337461">
        <ele>2683.1772460000002</ele>
        <time>2014-11-29T00:24:56Z</time>
      </trkpt>
      <trkpt lat="-6.785434680059552" lon="106.990259969607">
        <ele>2682.2158199999999</ele>
        <time>2014-11-29T00:25:09Z</time>
      </trkpt>
      <trkpt lat="-6.785471141338348" lon="106.99038821272552">
        <ele>2683.1772460000002</ele>
        <time>2014-11-29T00:25:29Z</time>
      </trkpt>
      <trkpt lat="-6.785590667277575" lon="106.99045996181667">
        <ele>2686.5415039999998</ele>
        <time>2014-11-29T00:25:50Z</time>
      </trkpt>
      <trkpt lat="-6.785668702796102" lon="106.99054235592484">
        <ele>2687.022461</ele>
        <time>2014-11-29T00:26:02Z</time>
      </trkpt>
      <trkpt lat="-6.785714467987418" lon="106.9906104169786">
        <ele>2688.9448240000002</ele>
        <time>2014-11-29T00:26:14Z</time>
      </trkpt>
      <trkpt lat="-6.785746235400438" lon="106.99059239588678">
        <ele>2690.8676759999998</ele>
        <time>2014-11-29T00:26:33Z</time>
      </trkpt>
      <trkpt lat="-6.785759059712291" lon="106.99058309197426">
        <ele>2690.8676759999998</ele>
        <time>2014-11-29T00:26:59Z</time>
      </trkpt>
      <trkpt lat="-6.785771548748016" lon="106.99058728292584">
        <ele>2692.3095699999999</ele>
        <time>2014-11-29T00:27:02Z</time>
      </trkpt>
      <trkpt lat="-6.78585821762681" lon="106.99057454243302">
        <ele>2694.7128910000001</ele>
        <time>2014-11-29T00:27:21Z</time>
      </trkpt>
      <trkpt lat="-6.785963661968708" lon="106.99070018716156">
        <ele>2694.2319339999999</ele>
        <time>2014-11-29T00:27:36Z</time>
      </trkpt>
      <trkpt lat="-6.786103807389736" lon="106.99082180857658">
        <ele>2695.673828</ele>
        <time>2014-11-29T00:27:57Z</time>
      </trkpt>
      <trkpt lat="-6.786228027194738" lon="106.99098785407841">
        <ele>2697.5966800000001</ele>
        <time>2014-11-29T00:28:14Z</time>
      </trkpt>
      <trkpt lat="-6.786341099068523" lon="106.99112758040428">
        <ele>2697.1157229999999</ele>
        <time>2014-11-29T00:28:41Z</time>
      </trkpt>
      <trkpt lat="-6.786361802369356" lon="106.99115004390478">
        <ele>2696.6352539999998</ele>
        <time>2014-11-29T00:28:44Z</time>
      </trkpt>
      <trkpt lat="-6.786474036052823" lon="106.99123872444034">
        <ele>2696.6352539999998</ele>
        <time>2014-11-29T00:29:06Z</time>
      </trkpt>
      <trkpt lat="-6.786623653024435" lon="106.99141952209175">
        <ele>2696.6352539999998</ele>
        <time>2014-11-29T00:29:29Z</time>
      </trkpt>
      <trkpt lat="-6.786711160093546" lon="106.9916532933712">
        <ele>2696.6352539999998</ele>
        <time>2014-11-29T00:29:46Z</time>
      </trkpt>
      <trkpt lat="-6.786784585565329" lon="106.99168774299324">
        <ele>2696.6352539999998</ele>
        <time>2014-11-29T00:29:54Z</time>
      </trkpt>
      <trkpt lat="-6.786945266649127" lon="106.99177541770041">
        <ele>2697.1157229999999</ele>
        <time>2014-11-29T00:30:15Z</time>
      </trkpt>
      <trkpt lat="-6.786985835060477" lon="106.99188807047904">
        <ele>2697.1157229999999</ele>
        <time>2014-11-29T00:30:57Z</time>
      </trkpt>
      <trkpt lat="-6.787008298560977" lon="106.99204975739121">
        <ele>2697.1157229999999</ele>
        <time>2014-11-29T00:31:12Z</time>
      </trkpt>
      <trkpt lat="-6.787035120651126" lon="106.99207934550941">
        <ele>2697.1157229999999</ele>
        <time>2014-11-29T00:31:30Z</time>
      </trkpt>
      <trkpt lat="-6.787205608561635" lon="106.99238419532776">
        <ele>2697.1157229999999</ele>
        <time>2014-11-29T00:31:53Z</time>
      </trkpt>
      <trkpt lat="-6.787243830040097" lon="106.99245175346732">
        <ele>2696.1547850000002</ele>
        <time>2014-11-29T00:31:56Z</time>
      </trkpt>
      <trkpt lat="-6.787300910800695" lon="106.99250212870538">
        <ele>2697.5966800000001</ele>
        <time>2014-11-29T00:32:01Z</time>
      </trkpt>
      <trkpt lat="-6.787492018193007" lon="106.99273958802223">
        <ele>2696.6352539999998</ele>
        <time>2014-11-29T00:32:24Z</time>
      </trkpt>
      <trkpt lat="-6.787516241893172" lon="106.99276674538851">
        <ele>2698.0771479999999</ele>
        <time>2014-11-29T00:32:47Z</time>
      </trkpt>
      <trkpt lat="-6.787551948800683" lon="106.99279750697315">
        <ele>2698.5581050000001</ele>
        <time>2014-11-29T00:33:00Z</time>
      </trkpt>
      <trkpt lat="-6.787533676251769" lon="106.99278929270804">
        <ele>2698.5581050000001</ele>
        <time>2014-11-29T00:33:15Z</time>
      </trkpt>
      <trkpt lat="-6.78761187940836" lon="106.99282550252974">
        <ele>2698.5581050000001</ele>
        <time>2014-11-29T00:33:32Z</time>
      </trkpt>
      <trkpt lat="-6.787803238257766" lon="106.99286825023592">
        <ele>2699.0385740000002</ele>
        <time>2014-11-29T00:33:52Z</time>
      </trkpt>
      <trkpt lat="-6.787900887429714" lon="106.99288610368967">
        <ele>2698.5581050000001</ele>
        <time>2014-11-29T00:34:02Z</time>
      </trkpt>
      <trkpt lat="-6.788056874647737" lon="106.99289130046964">
        <ele>2698.0771479999999</ele>
        <time>2014-11-29T00:34:18Z</time>
      </trkpt>
      <trkpt lat="-6.788296094164252" lon="106.99295676313341">
        <ele>2699.0385740000002</ele>
        <time>2014-11-29T00:34:39Z</time>
      </trkpt>
      <trkpt lat="-6.788334315642715" lon="106.99297159910202">
        <ele>2698.0771479999999</ele>
        <time>2014-11-29T00:34:43Z</time>
      </trkpt>
      <trkpt lat="-6.788681074976921" lon="106.99299749918282">
        <ele>2697.5966800000001</ele>
        <time>2014-11-29T00:35:15Z</time>
      </trkpt>
      <trkpt lat="-6.788963377475739" lon="106.99301862157881">
        <ele>2698.0771479999999</ele>
        <time>2014-11-29T00:35:40Z</time>
      </trkpt>
      <trkpt lat="-6.789246518164873" lon="106.99309087358415">
        <ele>2697.5966800000001</ele>
        <time>2014-11-29T00:36:05Z</time>
      </trkpt>
      <trkpt lat="-6.789567209780216" lon="106.99312909506261">
        <ele>2698.0771479999999</ele>
        <time>2014-11-29T00:36:35Z</time>
      </trkpt>
      <trkpt lat="-6.789915142580867" lon="106.9930812343955">
        <ele>2698.0771479999999</ele>
        <time>2014-11-29T00:37:07Z</time>
      </trkpt>
      <trkpt lat="-6.790244886651635" lon="106.99295458383858">
        <ele>2698.0771479999999</ele>
        <time>2014-11-29T00:37:38Z</time>
      </trkpt>
      <trkpt lat="-6.790523249655962" lon="106.99285148642957">
        <ele>2699.5190429999998</ele>
        <time>2014-11-29T00:38:12Z</time>
      </trkpt>
      <trkpt lat="-6.790529116988182" lon="106.99285676702857">
        <ele>2700.4804690000001</ele>
        <time>2014-11-29T00:38:42Z</time>
      </trkpt>
      <trkpt lat="-6.790613690391183" lon="106.99286456219852">
        <ele>2700.9614259999998</ele>
        <time>2014-11-29T00:39:16Z</time>
      </trkpt>
      <trkpt lat="-6.790808904916048" lon="106.9927410967648">
        <ele>2700.4804690000001</ele>
        <time>2014-11-29T00:39:34Z</time>
      </trkpt>
      <trkpt lat="-6.791092464700341" lon="106.9926115963608">
        <ele>2700.9614259999998</ele>
        <time>2014-11-29T00:39:58Z</time>
      </trkpt>
      <trkpt lat="-6.791442325338721" lon="106.99245686642826">
        <ele>2700.9614259999998</ele>
        <time>2014-11-29T00:40:30Z</time>
      </trkpt>
      <trkpt lat="-6.791757484897971" lon="106.99222770519555">
        <ele>2701.4418949999999</ele>
        <time>2014-11-29T00:41:02Z</time>
      </trkpt>
      <trkpt lat="-6.792178843170404" lon="106.99193995445967">
        <ele>2701.4418949999999</ele>
        <time>2014-11-29T00:41:38Z</time>
      </trkpt>
      <trkpt lat="-6.792391911149025" lon="106.99171900749207">
        <ele>2701.4418949999999</ele>
        <time>2014-11-29T00:42:04Z</time>
      </trkpt>
      <trkpt lat="-6.792662059888244" lon="106.99147417210042">
        <ele>2701.4418949999999</ele>
        <time>2014-11-29T00:42:37Z</time>
      </trkpt>
      <trkpt lat="-6.792925838381052" lon="106.99119455181062">
        <ele>2701.4418949999999</ele>
        <time>2014-11-29T00:43:11Z</time>
      </trkpt>
      <trkpt lat="-6.793053662404418" lon="106.9911041110754">
        <ele>2701.4418949999999</ele>
        <time>2014-11-29T00:43:25Z</time>
      </trkpt>
      <trkpt lat="-6.793235130608082" lon="106.99096228927374">
        <ele>2701.9223630000001</ele>
        <time>2014-11-29T00:43:52Z</time>
      </trkpt>
      <trkpt lat="-6.793445348739624" lon="106.99071125127375">
        <ele>2702.4033199999999</ele>
        <time>2014-11-29T00:44:19Z</time>
      </trkpt>
      <trkpt lat="-6.793613992631435" lon="106.99050480499864">
        <ele>2701.9223630000001</ele>
        <time>2014-11-29T00:44:40Z</time>
      </trkpt>
      <trkpt lat="-6.793790683150291" lon="106.99021956883371">
        <ele>2701.4418949999999</ele>
        <time>2014-11-29T00:45:08Z</time>
      </trkpt>
      <trkpt lat="-6.793991094455123" lon="106.98997079394758">
        <ele>2702.4033199999999</ele>
        <time>2014-11-29T00:45:38Z</time>
      </trkpt>
      <trkpt lat="-6.794178513810039" lon="106.98970139957964">
        <ele>2702.883789</ele>
        <time>2014-11-29T00:46:06Z</time>
      </trkpt>
      <trkpt lat="-6.79440482519567" lon="106.98929361999035">
        <ele>2703.3642580000001</ele>
        <time>2014-11-29T00:46:46Z</time>
      </trkpt>
      <trkpt lat="-6.7944878898561" lon="106.9889850821346">
        <ele>2703.8452149999998</ele>
        <time>2014-11-29T00:47:14Z</time>
      </trkpt>
      <trkpt lat="-6.794552933424711" lon="106.98876078240573">
        <ele>2703.8452149999998</ele>
        <time>2014-11-29T00:47:33Z</time>
      </trkpt>
      <trkpt lat="-6.794667346403003" lon="106.98855366557837">
        <ele>2703.8452149999998</ele>
        <time>2014-11-29T00:47:54Z</time>
      </trkpt>
      <trkpt lat="-6.794782010838389" lon="106.98829097673297">
        <ele>2704.3256839999999</ele>
        <time>2014-11-29T00:48:19Z</time>
      </trkpt>
      <trkpt lat="-6.794849820435047" lon="106.988021498546">
        <ele>2704.8061520000001</ele>
        <time>2014-11-29T00:48:44Z</time>
      </trkpt>
      <trkpt lat="-6.794977225363255" lon="106.9876985438168">
        <ele>2705.767578</ele>
        <time>2014-11-29T00:49:08Z</time>
      </trkpt>
      <trkpt lat="-6.795063139870763" lon="106.98742043226957">
        <ele>2707.2094729999999</ele>
        <time>2014-11-29T00:49:35Z</time>
      </trkpt>
      <trkpt lat="-6.795124663040042" lon="106.98717333376408">
        <ele>2707.2094729999999</ele>
        <time>2014-11-29T00:50:00Z</time>
      </trkpt>
      <trkpt lat="-6.795196831226349" lon="106.98685767129064">
        <ele>2707.6904300000001</ele>
        <time>2014-11-29T00:50:30Z</time>
      </trkpt>
      <trkpt lat="-6.795242093503475" lon="106.98653974570334">
        <ele>2707.6904300000001</ele>
        <time>2014-11-29T00:51:00Z</time>
      </trkpt>
      <trkpt lat="-6.795252738520503" lon="106.98649917729199">
        <ele>2707.6904300000001</ele>
        <time>2014-11-29T00:51:04Z</time>
      </trkpt>
      <trkpt lat="-6.79536790587008" lon="106.98616809211671">
        <ele>2706.7290039999998</ele>
        <time>2014-11-29T00:51:36Z</time>
      </trkpt>
      <trkpt lat="-6.79538207128644" lon="106.9861120171845">
        <ele>2706.7290039999998</ele>
        <time>2014-11-29T00:51:41Z</time>
      </trkpt>
      <trkpt lat="-6.79545340128243" lon="106.98582937940955">
        <ele>2707.6904300000001</ele>
        <time>2014-11-29T00:52:09Z</time>
      </trkpt>
      <trkpt lat="-6.795460693538189" lon="106.98577900417149">
        <ele>2708.1713869999999</ele>
        <time>2014-11-29T00:52:16Z</time>
      </trkpt>
      <trkpt lat="-6.795507129281759" lon="106.98554213158786">
        <ele>2708.1713869999999</ele>
        <time>2014-11-29T00:52:41Z</time>
      </trkpt>
      <trkpt lat="-6.795649956911802" lon="106.98525840416551">
        <ele>2706.2485350000002</ele>
        <time>2014-11-29T00:53:12Z</time>
      </trkpt>
      <trkpt lat="-6.795750623568893" lon="106.98514776304364">
        <ele>2705.2871089999999</ele>
        <time>2014-11-29T00:53:28Z</time>
      </trkpt>
      <trkpt lat="-6.795797981321812" lon="106.98510945774615">
        <ele>2703.3642580000001</ele>
        <time>2014-11-29T00:53:35Z</time>
      </trkpt>
      <trkpt lat="-6.795889679342508" lon="106.9850149936974">
        <ele>2702.4033199999999</ele>
        <time>2014-11-29T00:53:51Z</time>
      </trkpt>
      <trkpt lat="-6.795893032103777" lon="106.98500853963196">
        <ele>2701.4418949999999</ele>
        <time>2014-11-29T00:53:52Z</time>
      </trkpt>
      <trkpt lat="-6.79594449698925" lon="106.9848286639899">
        <ele>2700.9614259999998</ele>
        <time>2014-11-29T00:54:15Z</time>
      </trkpt>
      <trkpt lat="-6.795942988246679" lon="106.98478231206536">
        <ele>2700.9614259999998</ele>
        <time>2014-11-29T00:54:27Z</time>
      </trkpt>
      <trkpt lat="-6.796099646016955" lon="106.9846510514617">
        <ele>2700.4804690000001</ele>
        <time>2014-11-29T00:54:47Z</time>
      </trkpt>
      <trkpt lat="-6.796317994594574" lon="106.98460117913783">
        <ele>2700</ele>
        <time>2014-11-29T00:55:10Z</time>
      </trkpt>
      <trkpt lat="-6.796369459480047" lon="106.98452096432447">
        <ele>2699.5190429999998</ele>
        <time>2014-11-29T00:55:20Z</time>
      </trkpt>
      <trkpt lat="-6.796433916315436" lon="106.98445868678391">
        <ele>2698.0771479999999</ele>
        <time>2014-11-29T00:55:32Z</time>
      </trkpt>
      <trkpt lat="-6.796464342623949" lon="106.98440697044134">
        <ele>2699.0385740000002</ele>
        <time>2014-11-29T00:55:45Z</time>
      </trkpt>
      <trkpt lat="-6.796435592696071" lon="106.98441401124001">
        <ele>2701.9223630000001</ele>
        <time>2014-11-29T01:00:23Z</time>
      </trkpt>
      <trkpt lat="-6.79643995128572" lon="106.98441979475319">
        <ele>2705.2871089999999</ele>
        <time>2014-11-29T01:07:32Z</time>
      </trkpt>
      <trkpt lat="-6.796445148065686" lon="106.98442281223834">
        <ele>2708.1713869999999</ele>
        <time>2014-11-29T01:14:24Z</time>
      </trkpt>
      <trkpt lat="-6.796455876901746" lon="106.98441409505904">
        <ele>2709.6132809999999</ele>
        <time>2014-11-29T01:21:34Z</time>
      </trkpt>
      <trkpt lat="-6.796462582424283" lon="106.98441803455353">
        <ele>2712.9780270000001</ele>
        <time>2014-11-29T01:27:26Z</time>
      </trkpt>
      <trkpt lat="-6.796463085338473" lon="106.9844176992774">
        <ele>2712.4970699999999</ele>
        <time>2014-11-29T01:28:13Z</time>
      </trkpt>
      <trkpt lat="-6.796438945457339" lon="106.9844451919198">
        <ele>2712.0166020000001</ele>
        <time>2014-11-29T01:38:45Z</time>
      </trkpt>
      <trkpt lat="-6.796501306816936" lon="106.98448844254017">
        <ele>2712.9780270000001</ele>
        <time>2014-11-29T01:42:03Z</time>
      </trkpt>
      <trkpt lat="-6.796515304595232" lon="106.98443186469376">
        <ele>2715.3813479999999</ele>
        <time>2014-11-29T01:42:43Z</time>
      </trkpt>
      <trkpt lat="-6.79651128128171" lon="106.98432818055153">
        <ele>2714.9003910000001</ele>
        <time>2014-11-29T01:42:56Z</time>
      </trkpt>
      <trkpt lat="-6.796545227989554" lon="106.98421368375421">
        <ele>2716.8232419999999</ele>
        <time>2014-11-29T01:43:14Z</time>
      </trkpt>
      <trkpt lat="-6.796565260738134" lon="106.98413447476923">
        <ele>2717.7846679999998</ele>
        <time>2014-11-29T01:43:30Z</time>
      </trkpt>
      <trkpt lat="-6.796614294871688" lon="106.98406130075455">
        <ele>2719.7070309999999</ele>
        <time>2014-11-29T01:43:47Z</time>
      </trkpt>
      <trkpt lat="-6.796557633206248" lon="106.98405845090747">
        <ele>2718.7456050000001</ele>
        <time>2014-11-29T01:44:47Z</time>
      </trkpt>
      <trkpt lat="-6.796572804450989" lon="106.98406415060163">
        <ele>2719.2265619999998</ele>
        <time>2014-11-29T01:45:03Z</time>
      </trkpt>
      <trkpt lat="-6.796523099765182" lon="106.98405241593719">
        <ele>2716.3427729999999</ele>
        <time>2014-11-29T01:45:23Z</time>
      </trkpt>
      <trkpt lat="-6.79648538120091" lon="106.98409759439528">
        <ele>2714.419922</ele>
        <time>2014-11-29T01:45:40Z</time>
      </trkpt>
      <trkpt lat="-6.796478843316436" lon="106.98416976258159">
        <ele>2713.4584960000002</ele>
        <time>2014-11-29T01:46:13Z</time>
      </trkpt>
      <trkpt lat="-6.796454368159175" lon="106.98421242646873">
        <ele>2712.4970699999999</ele>
        <time>2014-11-29T01:46:29Z</time>
      </trkpt>
      <trkpt lat="-6.796363089233637" lon="106.98420446366072">
        <ele>2714.9003910000001</ele>
        <time>2014-11-29T01:46:54Z</time>
      </trkpt>
      <trkpt lat="-6.796276085078716" lon="106.98427017778158">
        <ele>2717.7846679999998</ele>
        <time>2014-11-29T01:47:10Z</time>
      </trkpt>
      <trkpt lat="-6.796238450333476" lon="106.98427679948509">
        <ele>2719.2265619999998</ele>
        <time>2014-11-29T01:47:36Z</time>
      </trkpt>
      <trkpt lat="-6.796199809759855" lon="106.98428627103567">
        <ele>2719.7070309999999</ele>
        <time>2014-11-29T01:47:43Z</time>
      </trkpt>
      <trkpt lat="-6.796071650460362" lon="106.98430605232716">
        <ele>2719.7070309999999</ele>
        <time>2014-11-29T01:47:59Z</time>
      </trkpt>
      <trkpt lat="-6.796025801450014" lon="106.98429381474853">
        <ele>2720.1875</ele>
        <time>2014-11-29T01:48:04Z</time>
      </trkpt>
      <trkpt lat="-6.795842824503779" lon="106.98431024327874">
        <ele>2722.1103520000001</ele>
        <time>2014-11-29T01:48:26Z</time>
      </trkpt>
      <trkpt lat="-6.795720532536507" lon="106.98437067680061">
        <ele>2723.0717770000001</ele>
        <time>2014-11-29T01:48:46Z</time>
      </trkpt>
      <trkpt lat="-6.795597821474075" lon="106.98440772481263">
        <ele>2725.9555660000001</ele>
        <time>2014-11-29T01:49:07Z</time>
      </trkpt>
      <trkpt lat="-6.795410737395287" lon="106.98444753885269">
        <ele>2728.3588869999999</ele>
        <time>2014-11-29T01:49:32Z</time>
      </trkpt>
      <trkpt lat="-6.795308729633689" lon="106.98444779030979">
        <ele>2729.8007809999999</ele>
        <time>2014-11-29T01:49:51Z</time>
      </trkpt>
      <trkpt lat="-6.795243937522173" lon="106.98441032320261">
        <ele>2731.7236330000001</ele>
        <time>2014-11-29T01:50:23Z</time>
      </trkpt>
      <trkpt lat="-6.795095326378942" lon="106.98434293270111">
        <ele>2734.1264649999998</ele>
        <time>2014-11-29T01:50:48Z</time>
      </trkpt>
      <trkpt lat="-6.794975716620684" lon="106.98433932848275">
        <ele>2737.491211</ele>
        <time>2014-11-29T01:51:12Z</time>
      </trkpt>
      <trkpt lat="-6.79483775049448" lon="106.98436799459159">
        <ele>2738.9331050000001</ele>
        <time>2014-11-29T01:51:36Z</time>
      </trkpt>
      <trkpt lat="-6.794730965048075" lon="106.98435835540295">
        <ele>2740.8564449999999</ele>
        <time>2014-11-29T01:52:14Z</time>
      </trkpt>
      <trkpt lat="-6.794622419402003" lon="106.98432918637991">
        <ele>2744.220703</ele>
        <time>2014-11-29T01:53:02Z</time>
      </trkpt>
      <trkpt lat="-6.794541031122208" lon="106.98436656966805">
        <ele>2745.6625979999999</ele>
        <time>2014-11-29T01:53:19Z</time>
      </trkpt>
      <trkpt lat="-6.794475903734565" lon="106.98429121635854">
        <ele>2745.6625979999999</ele>
        <time>2014-11-29T01:53:43Z</time>
      </trkpt>
      <trkpt lat="-6.794364843517542" lon="106.98420857079327">
        <ele>2749.0273440000001</ele>
        <time>2014-11-29T01:54:06Z</time>
      </trkpt>
      <trkpt lat="-6.794260405004025" lon="106.98421343229711">
        <ele>2751.9111330000001</ele>
        <time>2014-11-29T01:54:29Z</time>
      </trkpt>
      <trkpt lat="-6.794163761660457" lon="106.98421997018158">
        <ele>2754.7954100000002</ele>
        <time>2014-11-29T01:54:50Z</time>
      </trkpt>
      <trkpt lat="-6.794037278741598" lon="106.98416297324002">
        <ele>2757.1982419999999</ele>
        <time>2014-11-29T01:55:30Z</time>
      </trkpt>
      <trkpt lat="-6.793944910168648" lon="106.9841190520674">
        <ele>2760.0825199999999</ele>
        <time>2014-11-29T01:55:52Z</time>
      </trkpt>
      <trkpt lat="-6.793872825801373" lon="106.98404369875789">
        <ele>2763.9277339999999</ele>
        <time>2014-11-29T01:56:20Z</time>
      </trkpt>
      <trkpt lat="-6.793834939599037" lon="106.98398896493018">
        <ele>2763.9277339999999</ele>
        <time>2014-11-29T01:56:50Z</time>
      </trkpt>
      <trkpt lat="-6.793743828311563" lon="106.98402986861765">
        <ele>2765.8500979999999</ele>
        <time>2014-11-29T01:57:20Z</time>
      </trkpt>
      <trkpt lat="-6.793671743944287" lon="106.98397798463702">
        <ele>2769.2148440000001</ele>
        <time>2014-11-29T01:57:37Z</time>
      </trkpt>
      <trkpt lat="-6.793579710647464" lon="106.9839375000447">
        <ele>2772.0991210000002</ele>
        <time>2014-11-29T01:57:54Z</time>
      </trkpt>
      <trkpt lat="-6.793518606573343" lon="106.98396641761065">
        <ele>2775.4638669999999</ele>
        <time>2014-11-29T01:58:58Z</time>
      </trkpt>
      <trkpt lat="-6.793302856385708" lon="106.9839184731245">
        <ele>2777.8671880000002</ele>
        <time>2014-11-29T01:59:27Z</time>
      </trkpt>
      <trkpt lat="-6.793252229690552" lon="106.98397354222834">
        <ele>2780.7509770000001</ele>
        <time>2014-11-29T01:59:48Z</time>
      </trkpt>
      <trkpt lat="-6.793164219707251" lon="106.98389919474721">
        <ele>2784.1152339999999</ele>
        <time>2014-11-29T02:00:24Z</time>
      </trkpt>
      <trkpt lat="-6.793076042085886" lon="106.98389651253819">
        <ele>2787.9604490000002</ele>
        <time>2014-11-29T02:00:47Z</time>
      </trkpt>
      <trkpt lat="-6.792970430105925" lon="106.9839340634644">
        <ele>2790.8447270000001</ele>
        <time>2014-11-29T02:01:35Z</time>
      </trkpt>
      <trkpt lat="-6.792805306613445" lon="106.98391051031649">
        <ele>2794.6899410000001</ele>
        <time>2014-11-29T02:02:04Z</time>
      </trkpt>
      <trkpt lat="-6.792689301073551" lon="106.983946217224">
        <ele>2798.5351559999999</ele>
        <time>2014-11-29T02:02:43Z</time>
      </trkpt>
      <trkpt lat="-6.792618976905942" lon="106.98393381200731">
        <ele>2801.899414</ele>
        <time>2014-11-29T02:03:40Z</time>
      </trkpt>
      <trkpt lat="-6.792541109025478" lon="106.98393900878727">
        <ele>2804.3032229999999</ele>
        <time>2014-11-29T02:04:18Z</time>
      </trkpt>
      <trkpt lat="-6.792489727959037" lon="106.9839084148407">
        <ele>2807.6679690000001</ele>
        <time>2014-11-29T02:04:37Z</time>
      </trkpt>
      <trkpt lat="-6.792427366599441" lon="106.98388393968344">
        <ele>2811.0322270000001</ele>
        <time>2014-11-29T02:05:10Z</time>
      </trkpt>
      <trkpt lat="-6.792426779866219" lon="106.98388637043536">
        <ele>2808.6293949999999</ele>
        <time>2014-11-29T02:05:12Z</time>
      </trkpt>
      <trkpt lat="-6.792370621114969" lon="106.98385217227042">
        <ele>2811.9936520000001</ele>
        <time>2014-11-29T02:05:34Z</time>
      </trkpt>
      <trkpt lat="-6.792321000248194" lon="106.98384026996791">
        <ele>2814.8774410000001</ele>
        <time>2014-11-29T02:05:53Z</time>
      </trkpt>
      <trkpt lat="-6.792243719100952" lon="106.98382820002735">
        <ele>2818.2421880000002</ele>
        <time>2014-11-29T02:06:39Z</time>
      </trkpt>
      <trkpt lat="-6.792168952524662" lon="106.98385560885072">
        <ele>2822.0874020000001</ele>
        <time>2014-11-29T02:07:10Z</time>
      </trkpt>
      <trkpt lat="-6.792058059945703" lon="106.98382878676057">
        <ele>2825.9326169999999</ele>
        <time>2014-11-29T02:08:09Z</time>
      </trkpt>
      <trkpt lat="-6.791967200115323" lon="106.98383557610214">
        <ele>2828.8164059999999</ele>
        <time>2014-11-29T02:08:34Z</time>
      </trkpt>
      <trkpt lat="-6.791923865675926" lon="106.98382962495089">
        <ele>2832.1811520000001</ele>
        <time>2014-11-29T02:08:55Z</time>
      </trkpt>
      <trkpt lat="-6.791914980858564" lon="106.98383088223636">
        <ele>2830.7392580000001</ele>
        <time>2014-11-29T02:09:12Z</time>
      </trkpt>
      <trkpt lat="-6.791859995573759" lon="106.98380473069847">
        <ele>2833.623047</ele>
        <time>2014-11-29T02:09:40Z</time>
      </trkpt>
      <trkpt lat="-6.791805513203144" lon="106.98379592970014">
        <ele>2836.9882809999999</ele>
        <time>2014-11-29T02:09:59Z</time>
      </trkpt>
      <trkpt lat="-6.791796293109655" lon="106.98379232548177">
        <ele>2837.9492190000001</ele>
        <time>2014-11-29T02:10:01Z</time>
      </trkpt>
      <trkpt lat="-6.791720520704985" lon="106.98376349173486">
        <ele>2841.3139649999998</ele>
        <time>2014-11-29T02:10:24Z</time>
      </trkpt>
      <trkpt lat="-6.791656734421849" lon="106.98378033936024">
        <ele>2840.8334960000002</ele>
        <time>2014-11-29T02:10:55Z</time>
      </trkpt>
      <trkpt lat="-6.791650783270598" lon="106.98376349173486">
        <ele>2843.7172850000002</ele>
        <time>2014-11-29T02:11:24Z</time>
      </trkpt>
      <trkpt lat="-6.791609460487962" lon="106.98374262079597">
        <ele>2847.0820309999999</ele>
        <time>2014-11-29T02:11:50Z</time>
      </trkpt>
      <trkpt lat="-6.791553553193808" lon="106.9837424531579">
        <ele>2849.0043949999999</ele>
        <time>2014-11-29T02:12:49Z</time>
      </trkpt>
      <trkpt lat="-6.791478618979454" lon="106.98368486948311">
        <ele>2851.8881839999999</ele>
        <time>2014-11-29T02:13:05Z</time>
      </trkpt>
      <trkpt lat="-6.79143981076777" lon="106.98367958888412">
        <ele>2854.772461</ele>
        <time>2014-11-29T02:13:25Z</time>
      </trkpt>
      <trkpt lat="-6.791402427479625" lon="106.98366508819163">
        <ele>2856.2143550000001</ele>
        <time>2014-11-29T02:14:03Z</time>
      </trkpt>
      <trkpt lat="-6.791371665894985" lon="106.9836494140327">
        <ele>2859.5786130000001</ele>
        <time>2014-11-29T02:14:24Z</time>
      </trkpt>
      <trkpt lat="-6.791295055299997" lon="106.98359694331884">
        <ele>2861.9819339999999</ele>
        <time>2014-11-29T02:14:47Z</time>
      </trkpt>
      <trkpt lat="-6.791223390027881" lon="106.98360465466976">
        <ele>2865.3466800000001</ele>
        <time>2014-11-29T02:15:04Z</time>
      </trkpt>
      <trkpt lat="-6.791178798303008" lon="106.98356861248612">
        <ele>2866.3076169999999</ele>
        <time>2014-11-29T02:15:35Z</time>
      </trkpt>
      <trkpt lat="-6.791145522147417" lon="106.98357087559998">
        <ele>2869.6728520000001</ele>
        <time>2014-11-29T02:16:06Z</time>
      </trkpt>
      <trkpt lat="-6.791099421679974" lon="106.98355302214622">
        <ele>2871.1147460000002</ele>
        <time>2014-11-29T02:16:50Z</time>
      </trkpt>
      <trkpt lat="-6.791048794984818" lon="106.9835199136287">
        <ele>2874.4794919999999</ele>
        <time>2014-11-29T02:17:13Z</time>
      </trkpt>
      <trkpt lat="-6.791026080027223" lon="106.98349116370082">
        <ele>2875.9213869999999</ele>
        <time>2014-11-29T02:17:34Z</time>
      </trkpt>
      <trkpt lat="-6.791002945974469" lon="106.98355226777494">
        <ele>2878.8051759999998</ele>
        <time>2014-11-29T02:18:08Z</time>
      </trkpt>
      <trkpt lat="-6.790935639292002" lon="106.98357389308512">
        <ele>2880.7280270000001</ele>
        <time>2014-11-29T02:18:30Z</time>
      </trkpt>
      <trkpt lat="-6.790912002325058" lon="106.98357523418963">
        <ele>2884.0922850000002</ele>
        <time>2014-11-29T02:18:42Z</time>
      </trkpt>
      <trkpt lat="-6.790855592116714" lon="106.98351345956326">
        <ele>2887.9375</ele>
        <time>2014-11-29T02:19:36Z</time>
      </trkpt>
      <trkpt lat="-6.79078996181488" lon="106.9834974501282">
        <ele>2891.7827149999998</ele>
        <time>2014-11-29T02:20:02Z</time>
      </trkpt>
      <trkpt lat="-6.790745621547103" lon="106.98343416675925">
        <ele>2894.6669919999999</ele>
        <time>2014-11-29T02:21:06Z</time>
      </trkpt>
      <trkpt lat="-6.790675800293684" lon="106.98338890448213">
        <ele>2898.03125</ele>
        <time>2014-11-29T02:21:26Z</time>
      </trkpt>
      <trkpt lat="-6.790607823058963" lon="106.98342394083738">
        <ele>2901.876953</ele>
        <time>2014-11-29T02:22:26Z</time>
      </trkpt>
      <trkpt lat="-6.790555017068982" lon="106.98340642265975">
        <ele>2905.2416990000002</ele>
        <time>2014-11-29T02:22:45Z</time>
      </trkpt>
      <trkpt lat="-6.790551412850618" lon="106.98341849260032">
        <ele>2905.2416990000002</ele>
        <time>2014-11-29T02:23:22Z</time>
      </trkpt>
      <trkpt lat="-6.790549652650952" lon="106.98341773822904">
        <ele>2908.6064449999999</ele>
        <time>2014-11-29T02:23:42Z</time>
      </trkpt>
      <trkpt lat="-6.790549401193857" lon="106.98341731913388">
        <ele>2909.086914</ele>
        <time>2014-11-29T02:23:46Z</time>
      </trkpt>
      <trkpt lat="-6.790487375110388" lon="106.9834213424474">
        <ele>2911.0092770000001</ele>
        <time>2014-11-29T02:24:40Z</time>
      </trkpt>
      <trkpt lat="-6.790428953245282" lon="106.98336518369615">
        <ele>2914.3740229999999</ele>
        <time>2014-11-29T02:24:57Z</time>
      </trkpt>
      <trkpt lat="-6.790423337370157" lon="106.98335722088814">
        <ele>2912.9321289999998</ele>
        <time>2014-11-29T02:24:58Z</time>
      </trkpt>
      <trkpt lat="-6.790371369570494" lon="106.98328253813088">
        <ele>2916.296875</ele>
        <time>2014-11-29T02:25:13Z</time>
      </trkpt>
      <trkpt lat="-6.790308672934771" lon="106.98327415622771">
        <ele>2917.7387699999999</ele>
        <time>2014-11-29T02:25:35Z</time>
      </trkpt>
      <trkpt lat="-6.790296267718077" lon="106.9832815323025">
        <ele>2921.1030270000001</ele>
        <time>2014-11-29T02:26:34Z</time>
      </trkpt>
      <trkpt lat="-6.790246060118079" lon="106.98327776044607">
        <ele>2923.9873050000001</ele>
        <time>2014-11-29T02:26:51Z</time>
      </trkpt>
      <trkpt lat="-6.790177831426263" lon="106.98323987424374">
        <ele>2927.3515619999998</ele>
        <time>2014-11-29T02:27:32Z</time>
      </trkpt>
      <trkpt lat="-6.790129132568836" lon="106.98323207907379">
        <ele>2930.7163089999999</ele>
        <time>2014-11-29T02:27:53Z</time>
      </trkpt>
      <trkpt lat="-6.790093509480357" lon="106.98320006020367">
        <ele>2933.600586</ele>
        <time>2014-11-29T02:28:37Z</time>
      </trkpt>
      <trkpt lat="-6.790049085393548" lon="106.98311070911586">
        <ele>2936.9653320000002</ele>
        <time>2014-11-29T02:29:05Z</time>
      </trkpt>
      <trkpt lat="-6.789995273575187" lon="106.98306335136294">
        <ele>2939.3686520000001</ele>
        <time>2014-11-29T02:29:57Z</time>
      </trkpt>
      <trkpt lat="-6.789979683235288" lon="106.98305664584041">
        <ele>2942.7329100000002</ele>
        <time>2014-11-29T02:30:10Z</time>
      </trkpt>
      <trkpt lat="-6.789907179772854" lon="106.98304113931954">
        <ele>2945.6166990000002</ele>
        <time>2014-11-29T02:30:35Z</time>
      </trkpt>
      <trkpt lat="-6.789863929152489" lon="106.98308489285409">
        <ele>2946.0976559999999</ele>
        <time>2014-11-29T02:31:06Z</time>
      </trkpt>
      <trkpt lat="-6.7899255361408" lon="106.98296226561069">
        <ele>2946.0976559999999</ele>
        <time>2014-11-29T02:33:50Z</time>
      </trkpt>
      <trkpt lat="-6.789938444271684" lon="106.98291373439133">
        <ele>2947.0590820000002</ele>
        <time>2014-11-29T02:34:09Z</time>
      </trkpt>
      <trkpt lat="-6.78992947563529" lon="106.98293636552989">
        <ele>2947.0590820000002</ele>
        <time>2014-11-29T02:34:22Z</time>
      </trkpt>
      <trkpt lat="-6.789935594424605" lon="106.98291113600135">
        <ele>2948.0200199999999</ele>
        <time>2014-11-29T02:34:37Z</time>
      </trkpt>
      <trkpt lat="-6.789924614131451" lon="106.9828877504915">
        <ele>2947.0590820000002</ele>
        <time>2014-11-29T02:34:50Z</time>
      </trkpt>
      <trkpt lat="-6.789928553625941" lon="106.98288355953991">
        <ele>2947.5395509999998</ele>
        <time>2014-11-29T02:35:11Z</time>
      </trkpt>
      <trkpt lat="-6.789950178936124" lon="106.98286847211421">
        <ele>2948.5009770000001</ele>
        <time>2014-11-29T02:35:35Z</time>
      </trkpt>
      <trkpt lat="-6.789955878630281" lon="106.98274835944176">
        <ele>2949.461914</ele>
        <time>2014-11-29T02:36:26Z</time>
      </trkpt>
      <trkpt lat="-6.789962584152818" lon="106.98268356733024">
        <ele>2948.9814449999999</ele>
        <time>2014-11-29T02:36:44Z</time>
      </trkpt>
      <trkpt lat="-6.789968367666006" lon="106.98270234279335">
        <ele>2948.5009770000001</ele>
        <time>2014-11-29T02:37:11Z</time>
      </trkpt>
      <trkpt lat="-6.789956297725439" lon="106.9826823938638">
        <ele>2949.9428710000002</ele>
        <time>2014-11-29T02:37:27Z</time>
      </trkpt>
      <trkpt lat="-6.789950346574187" lon="106.98262045159936">
        <ele>2950.4233399999998</ele>
        <time>2014-11-29T02:37:50Z</time>
      </trkpt>
      <trkpt lat="-6.789937522262335" lon="106.98239682242274">
        <ele>2950.9038089999999</ele>
        <time>2014-11-29T02:38:16Z</time>
      </trkpt>
      <trkpt lat="-6.789943389594555" lon="106.98235214687884">
        <ele>2950.9038089999999</ele>
        <time>2014-11-29T02:38:37Z</time>
      </trkpt>
      <trkpt lat="-6.789936097338796" lon="106.98221099562943">
        <ele>2951.8652339999999</ele>
        <time>2014-11-29T02:39:01Z</time>
      </trkpt>
      <trkpt lat="-6.789922099560499" lon="106.98192559182644">
        <ele>2952.3461910000001</ele>
        <time>2014-11-29T02:39:29Z</time>
      </trkpt>
      <trkpt lat="-6.789907934144139" lon="106.98169399984181">
        <ele>2950.9038089999999</ele>
        <time>2014-11-29T02:39:54Z</time>
      </trkpt>
      <trkpt lat="-6.789869125932455" lon="106.98153943754733">
        <ele>2947.5395509999998</ele>
        <time>2014-11-29T02:40:16Z</time>
      </trkpt>
      <trkpt lat="-6.789824785664678" lon="106.98135168291628">
        <ele>2945.6166990000002</ele>
        <time>2014-11-29T02:40:39Z</time>
      </trkpt>
      <trkpt lat="-6.789747253060341" lon="106.98117692023516">
        <ele>2943.2133789999998</ele>
        <time>2014-11-29T02:41:03Z</time>
      </trkpt>
      <trkpt lat="-6.789612974971533" lon="106.98097097687423">
        <ele>2943.694336</ele>
        <time>2014-11-29T02:41:30Z</time>
      </trkpt>
      <trkpt lat="-6.789558157324791" lon="106.98083116672933">
        <ele>2940.810547</ele>
        <time>2014-11-29T02:41:44Z</time>
      </trkpt>
      <trkpt lat="-6.789494622498751" lon="106.98067794553936">
        <ele>2938.4072270000001</ele>
        <time>2014-11-29T02:42:04Z</time>
      </trkpt>
      <trkpt lat="-6.789456065744162" lon="106.98060468770564">
        <ele>2934.5620119999999</ele>
        <time>2014-11-29T02:42:14Z</time>
      </trkpt>
      <trkpt lat="-6.789366630837321" lon="106.98049320839345">
        <ele>2932.6391600000002</ele>
        <time>2014-11-29T02:42:35Z</time>
      </trkpt>
      <trkpt lat="-6.789265964180231" lon="106.98037770576775">
        <ele>2929.274414</ele>
        <time>2014-11-29T02:42:57Z</time>
      </trkpt>
      <trkpt lat="-6.789178876206279" lon="106.98028340935707">
        <ele>2925.9096679999998</ele>
        <time>2014-11-29T02:43:15Z</time>
      </trkpt>
      <trkpt lat="-6.789092877879739" lon="106.98019598610699">
        <ele>2923.0258789999998</ele>
        <time>2014-11-29T02:43:33Z</time>
      </trkpt>
      <trkpt lat="-6.78905432112515" lon="106.98015994392335">
        <ele>2922.544922</ele>
        <time>2014-11-29T02:43:42Z</time>
      </trkpt>
      <trkpt lat="-6.788999419659376" lon="106.98011409491301">
        <ele>2918.6997070000002</ele>
        <time>2014-11-29T02:43:54Z</time>
      </trkpt>
      <trkpt lat="-6.788944015279412" lon="106.98001560755074">
        <ele>2915.3354490000002</ele>
        <time>2014-11-29T02:44:14Z</time>
      </trkpt>
      <trkpt lat="-6.788890287280083" lon="106.97994880378246">
        <ele>2911.970703</ele>
        <time>2014-11-29T02:44:29Z</time>
      </trkpt>
      <trkpt lat="-6.78888576105237" lon="106.97994402609766">
        <ele>2912.451172</ele>
        <time>2014-11-29T02:44:30Z</time>
      </trkpt>
      <trkpt lat="-6.78882515989244" lon="106.97984109632671">
        <ele>2909.086914</ele>
        <time>2014-11-29T02:44:47Z</time>
      </trkpt>
      <trkpt lat="-6.788734802976251" lon="106.97975635528564">
        <ele>2905.7221679999998</ele>
        <time>2014-11-29T02:45:01Z</time>
      </trkpt>
      <trkpt lat="-6.788651486858726" lon="106.97966909967363">
        <ele>2903.7998050000001</ele>
        <time>2014-11-29T02:45:16Z</time>
      </trkpt>
      <trkpt lat="-6.788544617593288" lon="106.97958880104125">
        <ele>2900.9160160000001</ele>
        <time>2014-11-29T02:45:31Z</time>
      </trkpt>
      <trkpt lat="-6.788424672558904" lon="106.97950188070536">
        <ele>2897.0698240000002</ele>
        <time>2014-11-29T02:45:46Z</time>
      </trkpt>
      <trkpt lat="-6.788212526589632" lon="106.97939040139318">
        <ele>2894.6669919999999</ele>
        <time>2014-11-29T02:46:10Z</time>
      </trkpt>
      <trkpt lat="-6.788193751126528" lon="106.97936290875077">
        <ele>2894.1860350000002</ele>
        <time>2014-11-29T02:46:15Z</time>
      </trkpt>
      <trkpt lat="-6.788095515221357" lon="106.97928646579385">
        <ele>2891.7827149999998</ele>
        <time>2014-11-29T02:46:30Z</time>
      </trkpt>
      <trkpt lat="-6.788047570735216" lon="106.97924103587866">
        <ele>2889.8603520000001</ele>
        <time>2014-11-29T02:46:37Z</time>
      </trkpt>
      <trkpt lat="-6.787989651784301" lon="106.97916425764561">
        <ele>2886.0151369999999</ele>
        <time>2014-11-29T02:46:53Z</time>
      </trkpt>
      <trkpt lat="-6.787901725620031" lon="106.97908027097583">
        <ele>2882.6503910000001</ele>
        <time>2014-11-29T02:47:09Z</time>
      </trkpt>
      <trkpt lat="-6.787897618487477" lon="106.97907272726297">
        <ele>2882.6503910000001</ele>
        <time>2014-11-29T02:47:10Z</time>
      </trkpt>
      <trkpt lat="-6.787819415330887" lon="106.97896108031273">
        <ele>2878.8051759999998</ele>
        <time>2014-11-29T02:47:26Z</time>
      </trkpt>
      <trkpt lat="-6.787800304591656" lon="106.97892369702458">
        <ele>2878.3247070000002</ele>
        <time>2014-11-29T02:47:31Z</time>
      </trkpt>
      <trkpt lat="-6.787772057577968" lon="106.97890416719019">
        <ele>2876.8828119999998</ele>
        <time>2014-11-29T02:47:36Z</time>
      </trkpt>
      <trkpt lat="-6.787708019837737" lon="106.97883677668869">
        <ele>2873.5180660000001</ele>
        <time>2014-11-29T02:47:49Z</time>
      </trkpt>
      <trkpt lat="-6.787649849429727" lon="106.97881213389337">
        <ele>2872.5566410000001</ele>
        <time>2014-11-29T02:47:55Z</time>
      </trkpt>
      <trkpt lat="-6.787482211366296" lon="106.97877651080489">
        <ele>2870.1538089999999</ele>
        <time>2014-11-29T02:48:16Z</time>
      </trkpt>
      <trkpt lat="-6.78741498850286" lon="106.9787744153291">
        <ele>2868.7114259999998</ele>
        <time>2014-11-29T02:48:32Z</time>
      </trkpt>
      <trkpt lat="-6.787382382899523" lon="106.97879620827734">
        <ele>2868.2309570000002</ele>
        <time>2014-11-29T02:48:49Z</time>
      </trkpt>
      <trkpt lat="-6.787255816161633" lon="106.97873099707067">
        <ele>2866.3076169999999</ele>
        <time>2014-11-29T02:49:23Z</time>
      </trkpt>
      <trkpt lat="-6.787210218608379" lon="106.97869847528636">
        <ele>2864.8657229999999</ele>
        <time>2014-11-29T02:49:29Z</time>
      </trkpt>
      <trkpt lat="-6.787112737074494" lon="106.97864642366767">
        <ele>2862.9433589999999</ele>
        <time>2014-11-29T02:49:46Z</time>
      </trkpt>
      <trkpt lat="-6.787055907770991" lon="106.97862597182393">
        <ele>2862.4628910000001</ele>
        <time>2014-11-29T02:50:04Z</time>
      </trkpt>
      <trkpt lat="-6.786959934979677" lon="106.97860275395215">
        <ele>2858.6171880000002</ele>
        <time>2014-11-29T02:50:25Z</time>
      </trkpt>
      <trkpt lat="-6.786901680752635" lon="106.97857819497585">
        <ele>2858.6171880000002</ele>
        <time>2014-11-29T02:50:31Z</time>
      </trkpt>
      <trkpt lat="-6.786851808428764" lon="106.97855472564697">
        <ele>2857.65625</ele>
        <time>2014-11-29T02:50:47Z</time>
      </trkpt>
      <trkpt lat="-6.786744771525264" lon="106.97848406620324">
        <ele>2856.2143550000001</ele>
        <time>2014-11-29T02:51:23Z</time>
      </trkpt>
      <trkpt lat="-6.786597333848476" lon="106.97843394242227">
        <ele>2854.772461</ele>
        <time>2014-11-29T02:51:42Z</time>
      </trkpt>
      <trkpt lat="-6.786538744345307" lon="106.97842363268137">
        <ele>2854.2915039999998</ele>
        <time>2014-11-29T02:51:51Z</time>
      </trkpt>
      <trkpt lat="-6.78650077432394" lon="106.97847057133913">
        <ele>2854.772461</ele>
        <time>2014-11-29T02:52:09Z</time>
      </trkpt>
      <trkpt lat="-6.786540588364005" lon="106.97845607064664">
        <ele>2854.772461</ele>
        <time>2014-11-29T02:56:15Z</time>
      </trkpt>
      <trkpt lat="-6.786540001630783" lon="106.97845632210374">
        <ele>2852.8496089999999</ele>
        <time>2014-11-29T02:56:27Z</time>
      </trkpt>
      <trkpt lat="-6.786541426554322" lon="106.97835825383663">
        <ele>2851.4077149999998</ele>
        <time>2014-11-29T03:04:48Z</time>
      </trkpt>
      <trkpt lat="-6.78648803383112" lon="106.97829203680158">
        <ele>2848.0429690000001</ele>
        <time>2014-11-29T03:05:04Z</time>
      </trkpt>
      <trkpt lat="-6.78644503466785" lon="106.97822473011911">
        <ele>2844.678711</ele>
        <time>2014-11-29T03:05:19Z</time>
      </trkpt>
      <trkpt lat="-6.786348056048155" lon="106.978121381253">
        <ele>2841.7944339999999</ele>
        <time>2014-11-29T03:05:38Z</time>
      </trkpt>
      <trkpt lat="-6.786255184561014" lon="106.97808332741261">
        <ele>2838.4301759999998</ele>
        <time>2014-11-29T03:05:52Z</time>
      </trkpt>
      <trkpt lat="-6.786133646965027" lon="106.97801266796887">
        <ele>2835.5454100000002</ele>
        <time>2014-11-29T03:06:11Z</time>
      </trkpt>
      <trkpt lat="-6.786059970036149" lon="106.97795583866537">
        <ele>2831.7006839999999</ele>
        <time>2014-11-29T03:06:25Z</time>
      </trkpt>
      <trkpt lat="-6.786015294492245" lon="106.97790521197021">
        <ele>2830.2583009999998</ele>
        <time>2014-11-29T03:06:34Z</time>
      </trkpt>
      <trkpt lat="-6.785917645320296" lon="106.97783354669809">
        <ele>2826.8940429999998</ele>
        <time>2014-11-29T03:06:49Z</time>
      </trkpt>
      <trkpt lat="-6.785817230120301" lon="106.97778669185936">
        <ele>2824.0102539999998</ele>
        <time>2014-11-29T03:07:02Z</time>
      </trkpt>
      <trkpt lat="-6.785704074427486" lon="106.97773807682097">
        <ele>2820.1645509999998</ele>
        <time>2014-11-29T03:07:18Z</time>
      </trkpt>
      <trkpt lat="-6.785600893199444" lon="106.97768904268742">
        <ele>2816.8002929999998</ele>
        <time>2014-11-29T03:07:33Z</time>
      </trkpt>
      <trkpt lat="-6.785592846572399" lon="106.97769046761096">
        <ele>2816.8002929999998</ele>
        <time>2014-11-29T03:07:34Z</time>
      </trkpt>
      <trkpt lat="-6.785466196015477" lon="106.97766884230077">
        <ele>2813.435547</ele>
        <time>2014-11-29T03:07:54Z</time>
      </trkpt>
      <trkpt lat="-6.785388831049204" lon="106.97762785479426">
        <ele>2810.5517580000001</ele>
        <time>2014-11-29T03:08:09Z</time>
      </trkpt>
      <trkpt lat="-6.785329403355718" lon="106.97758250869811">
        <ele>2807.1870119999999</ele>
        <time>2014-11-29T03:08:22Z</time>
      </trkpt>
      <trkpt lat="-6.785329822450876" lon="106.97758074849844">
        <ele>2806.7065429999998</ele>
        <time>2014-11-29T03:08:23Z</time>
      </trkpt>
      <trkpt lat="-6.785269556567073" lon="106.97753682732582">
        <ele>2803.8222660000001</ele>
        <time>2014-11-29T03:08:34Z</time>
      </trkpt>
      <trkpt lat="-6.785192275419831" lon="106.97746876627207">
        <ele>2800.4575199999999</ele>
        <time>2014-11-29T03:08:57Z</time>
      </trkpt>
      <trkpt lat="-6.785191856324673" lon="106.97745535522699">
        <ele>2799.015625</ele>
        <time>2014-11-29T03:09:05Z</time>
      </trkpt>
      <trkpt lat="-6.785214571282268" lon="106.97741981595755">
        <ele>2795.6508789999998</ele>
        <time>2014-11-29T03:09:20Z</time>
      </trkpt>
      <trkpt lat="-6.785298557952046" lon="106.97731864638627">
        <ele>2792.2866210000002</ele>
        <time>2014-11-29T03:09:36Z</time>
      </trkpt>
      <trkpt lat="-6.785339210182428" lon="106.97722108103335">
        <ele>2788.921875</ele>
        <time>2014-11-29T03:09:55Z</time>
      </trkpt>
      <trkpt lat="-6.785349017009139" lon="106.97716634720564">
        <ele>2785.5576169999999</ele>
        <time>2014-11-29T03:10:09Z</time>
      </trkpt>
      <trkpt lat="-6.785385310649872" lon="106.97709183208644">
        <ele>2782.6733399999998</ele>
        <time>2014-11-29T03:10:25Z</time>
      </trkpt>
      <trkpt lat="-6.785371229052544" lon="106.97701932862401">
        <ele>2779.3090820000002</ele>
        <time>2014-11-29T03:10:42Z</time>
      </trkpt>
      <trkpt lat="-6.785332001745701" lon="106.9769799336791">
        <ele>2776.9057619999999</ele>
        <time>2014-11-29T03:11:01Z</time>
      </trkpt>
      <trkpt lat="-6.78531532175839" lon="106.97693098336458">
        <ele>2774.5024410000001</ele>
        <time>2014-11-29T03:11:14Z</time>
      </trkpt>
      <trkpt lat="-6.785264611244202" lon="106.97690382599831">
        <ele>2771.618164</ele>
        <time>2014-11-29T03:11:33Z</time>
      </trkpt>
      <trkpt lat="-6.785226557403803" lon="106.97682126425207">
        <ele>2768.7338869999999</ele>
        <time>2014-11-29T03:11:55Z</time>
      </trkpt>
      <trkpt lat="-6.785183558240533" lon="106.97678480297327">
        <ele>2766.3305660000001</ele>
        <time>2014-11-29T03:12:13Z</time>
      </trkpt>
      <trkpt lat="-6.785147516056895" lon="106.97671833448112">
        <ele>2763.4467770000001</ele>
        <time>2014-11-29T03:13:22Z</time>
      </trkpt>
      <trkpt lat="-6.785097224637866" lon="106.976702157408">
        <ele>2760.5629880000001</ele>
        <time>2014-11-29T03:13:34Z</time>
      </trkpt>
      <trkpt lat="-6.785088926553726" lon="106.97665513493121">
        <ele>2757.1982419999999</ele>
        <time>2014-11-29T03:13:49Z</time>
      </trkpt>
      <trkpt lat="-6.785054728388786" lon="106.97659470140934">
        <ele>2754.7954100000002</ele>
        <time>2014-11-29T03:14:10Z</time>
      </trkpt>
      <trkpt lat="-6.784997899085283" lon="106.97656016796827">
        <ele>2751.430664</ele>
        <time>2014-11-29T03:15:01Z</time>
      </trkpt>
      <trkpt lat="-6.784994127228856" lon="106.97656192816794">
        <ele>2750.9497070000002</ele>
        <time>2014-11-29T03:15:02Z</time>
      </trkpt>
      <trkpt lat="-6.784952720627189" lon="106.97649965062737">
        <ele>2748.0659179999998</ele>
        <time>2014-11-29T03:15:18Z</time>
      </trkpt>
      <trkpt lat="-6.784893376752734" lon="106.9765123911202">
        <ele>2745.1821289999998</ele>
        <time>2014-11-29T03:15:34Z</time>
      </trkpt>
      <trkpt lat="-6.784913158044219" lon="106.97647601366043">
        <ele>2743.2592770000001</ele>
        <time>2014-11-29T03:15:50Z</time>
      </trkpt>
      <trkpt lat="-6.784920701757073" lon="106.97645748965442">
        <ele>2742.2983399999998</ele>
        <time>2014-11-29T03:15:56Z</time>
      </trkpt>
      <trkpt lat="-6.784890107810497" lon="106.97638750076294">
        <ele>2738.9331050000001</ele>
        <time>2014-11-29T03:16:13Z</time>
      </trkpt>
      <trkpt lat="-6.784884408116341" lon="106.97635866701603">
        <ele>2737.491211</ele>
        <time>2014-11-29T03:16:22Z</time>
      </trkpt>
      <trkpt lat="-6.784843588247895" lon="106.97632287628949">
        <ele>2734.607422</ele>
        <time>2014-11-29T03:16:33Z</time>
      </trkpt>
      <trkpt lat="-6.78481500595808" lon="106.97626017965376">
        <ele>2731.7236330000001</ele>
        <time>2014-11-29T03:16:49Z</time>
      </trkpt>
      <trkpt lat="-6.784757506102324" lon="106.976252887398">
        <ele>2728.8393550000001</ele>
        <time>2014-11-29T03:17:09Z</time>
      </trkpt>
      <trkpt lat="-6.784750884398818" lon="106.97622547857463">
        <ele>2725.9555660000001</ele>
        <time>2014-11-29T03:17:20Z</time>
      </trkpt>
      <trkpt lat="-6.784718865528703" lon="106.97620167396963">
        <ele>2724.513672</ele>
        <time>2014-11-29T03:17:40Z</time>
      </trkpt>
      <trkpt lat="-6.784722385928035" lon="106.97614191100001">
        <ele>2721.6298830000001</ele>
        <time>2014-11-29T03:17:54Z</time>
      </trkpt>
      <trkpt lat="-6.784675866365433" lon="106.97608508169651">
        <ele>2718.2651369999999</ele>
        <time>2014-11-29T03:18:10Z</time>
      </trkpt>
      <trkpt lat="-6.784667233005166" lon="106.97602087631822">
        <ele>2715.8618160000001</ele>
        <time>2014-11-29T03:18:25Z</time>
      </trkpt>
      <trkpt lat="-6.784576373174787" lon="106.97593680582941">
        <ele>2713.4584960000002</ele>
        <time>2014-11-29T03:18:49Z</time>
      </trkpt>
      <trkpt lat="-6.784509066492319" lon="106.97595625184476">
        <ele>2709.6132809999999</ele>
        <time>2014-11-29T03:19:08Z</time>
      </trkpt>
      <trkpt lat="-6.784448381513357" lon="106.97596203535795">
        <ele>2706.2485350000002</ele>
        <time>2014-11-29T03:19:22Z</time>
      </trkpt>
      <trkpt lat="-6.784434635192156" lon="106.97590604424477">
        <ele>2702.883789</ele>
        <time>2014-11-29T03:19:36Z</time>
      </trkpt>
      <trkpt lat="-6.78443094715476" lon="106.97582021355629">
        <ele>2701.4418949999999</ele>
        <time>2014-11-29T03:20:01Z</time>
      </trkpt>
      <trkpt lat="-6.784435557201505" lon="106.97575709782541">
        <ele>2698.5581050000001</ele>
        <time>2014-11-29T03:20:33Z</time>
      </trkpt>
      <trkpt lat="-6.784406388178468" lon="106.97571317665279">
        <ele>2695.1933589999999</ele>
        <time>2014-11-29T03:20:47Z</time>
      </trkpt>
      <trkpt lat="-6.78436447866261" lon="106.97563438676298">
        <ele>2691.8286130000001</ele>
        <time>2014-11-29T03:21:06Z</time>
      </trkpt>
      <trkpt lat="-6.784353079274297" lon="106.97557839564979">
        <ele>2689.4252929999998</ele>
        <time>2014-11-29T03:21:23Z</time>
      </trkpt>
      <trkpt lat="-6.784318881109357" lon="106.97550077922642">
        <ele>2685.5805660000001</ele>
        <time>2014-11-29T03:21:48Z</time>
      </trkpt>
      <trkpt lat="-6.784295747056603" lon="106.97544738650322">
        <ele>2683.6577149999998</ele>
        <time>2014-11-29T03:22:06Z</time>
      </trkpt>
      <trkpt lat="-6.784226763993502" lon="106.97540321387351">
        <ele>2680.7739259999998</ele>
        <time>2014-11-29T03:22:20Z</time>
      </trkpt>
      <trkpt lat="-6.784161636605859" lon="106.97538251057267">
        <ele>2677.4091800000001</ele>
        <time>2014-11-29T03:22:37Z</time>
      </trkpt>
      <trkpt lat="-6.784091396257281" lon="106.9753241725266">
        <ele>2674.5249020000001</ele>
        <time>2014-11-29T03:22:53Z</time>
      </trkpt>
      <trkpt lat="-6.784076895564795" lon="106.97531872428954">
        <ele>2674.0439449999999</ele>
        <time>2014-11-29T03:23:11Z</time>
      </trkpt>
      <trkpt lat="-6.784073710441589" lon="106.9753048941493">
        <ele>2673.5634770000001</ele>
        <time>2014-11-29T03:23:32Z</time>
      </trkpt>
      <trkpt lat="-6.784062227234244" lon="106.97528016753495">
        <ele>2671.6411130000001</ele>
        <time>2014-11-29T03:24:05Z</time>
      </trkpt>
      <trkpt lat="-6.784119727090001" lon="106.9752100110054">
        <ele>2668.756836</ele>
        <time>2014-11-29T03:25:13Z</time>
      </trkpt>
      <trkpt lat="-6.784059293568134" lon="106.97521612979472">
        <ele>2667.3149410000001</ele>
        <time>2014-11-29T03:25:33Z</time>
      </trkpt>
      <trkpt lat="-6.78406247869134" lon="106.97520791552961">
        <ele>2666.8344729999999</ele>
        <time>2014-11-29T03:25:49Z</time>
      </trkpt>
      <trkpt lat="-6.784054348245263" lon="106.97517983615398">
        <ele>2663.9506839999999</ele>
        <time>2014-11-29T03:26:17Z</time>
      </trkpt>
      <trkpt lat="-6.784040266647935" lon="106.97516365908086">
        <ele>2661.0664059999999</ele>
        <time>2014-11-29T03:26:42Z</time>
      </trkpt>
      <trkpt lat="-6.784037416800857" lon="106.97514002211392">
        <ele>2658.1826169999999</ele>
        <time>2014-11-29T03:27:10Z</time>
      </trkpt>
      <trkpt lat="-6.784054348245263" lon="106.97514161467552">
        <ele>2658.1826169999999</ele>
        <time>2014-11-29T03:27:47Z</time>
      </trkpt>
      <trkpt lat="-6.784058623015881" lon="106.97515754029155">
        <ele>2656.2602539999998</ele>
        <time>2014-11-29T03:28:48Z</time>
      </trkpt>
      <trkpt lat="-6.784035405144095" lon="106.97518151253462">
        <ele>2654.8183589999999</ele>
        <time>2014-11-29T03:29:12Z</time>
      </trkpt>
      <trkpt lat="-6.783999279141426" lon="106.97518369182944">
        <ele>2651.9340820000002</ele>
        <time>2014-11-29T03:30:12Z</time>
      </trkpt>
      <trkpt lat="-6.783909592777491" lon="106.97514521889389">
        <ele>2648.5698240000002</ele>
        <time>2014-11-29T03:30:23Z</time>
      </trkpt>
      <trkpt lat="-6.783829797059298" lon="106.97512183338404">
        <ele>2645.205078</ele>
        <time>2014-11-29T03:30:34Z</time>
      </trkpt>
      <trkpt lat="-6.783752515912056" lon="106.97515125386417">
        <ele>2642.3208009999998</ele>
        <time>2014-11-29T03:30:44Z</time>
      </trkpt>
      <trkpt lat="-6.783653190359473" lon="106.97514966130257">
        <ele>2638.9560550000001</ele>
        <time>2014-11-29T03:30:54Z</time>
      </trkpt>
      <trkpt lat="-6.783533748239279" lon="106.97514614090323">
        <ele>2636.0722660000001</ele>
        <time>2014-11-29T03:31:08Z</time>
      </trkpt>
      <trkpt lat="-6.783457137644291" lon="106.97515586391091">
        <ele>2633.6689449999999</ele>
        <time>2014-11-29T03:31:25Z</time>
      </trkpt>
      <trkpt lat="-6.78339016623795" lon="106.97517346590757">
        <ele>2630.3041990000002</ele>
        <time>2014-11-29T03:31:37Z</time>
      </trkpt>
      <trkpt lat="-6.783306263387203" lon="106.97520079091191">
        <ele>2626.9399410000001</ele>
        <time>2014-11-29T03:31:51Z</time>
      </trkpt>
      <trkpt lat="-6.783272232860327" lon="106.97524001821876">
        <ele>2625.0170899999998</ele>
        <time>2014-11-29T03:32:00Z</time>
      </trkpt>
      <trkpt lat="-6.783186737447977" lon="106.97525502182543">
        <ele>2621.6528320000002</ele>
        <time>2014-11-29T03:32:12Z</time>
      </trkpt>
      <trkpt lat="-6.783134434372187" lon="106.9752705283463">
        <ele>2620.2104490000002</ele>
        <time>2014-11-29T03:32:18Z</time>
      </trkpt>
      <trkpt lat="-6.783041646704078" lon="106.97535074315965">
        <ele>2617.3266600000002</ele>
        <time>2014-11-29T03:32:46Z</time>
      </trkpt>
      <trkpt lat="-6.782958079129458" lon="106.97537370957434">
        <ele>2613.9624020000001</ele>
        <time>2014-11-29T03:32:58Z</time>
      </trkpt>
      <trkpt lat="-6.782868728041649" lon="106.97538955137134">
        <ele>2612.0395509999998</ele>
        <time>2014-11-29T03:33:16Z</time>
      </trkpt>
      <trkpt lat="-6.782829333096743" lon="106.97537261992693">
        <ele>2609.6357419999999</ele>
        <time>2014-11-29T03:33:25Z</time>
      </trkpt>
      <trkpt lat="-6.782761020585895" lon="106.97541578672826">
        <ele>2605.7905270000001</ele>
        <time>2014-11-29T03:33:44Z</time>
      </trkpt>
      <trkpt lat="-6.782687846571207" lon="106.97542651556432">
        <ele>2602.4262699999999</ele>
        <time>2014-11-29T03:33:59Z</time>
      </trkpt>
      <trkpt lat="-6.782592879608274" lon="106.97543087415397">
        <ele>2600.5034179999998</ele>
        <time>2014-11-29T03:34:32Z</time>
      </trkpt>
      <trkpt lat="-6.782524231821299" lon="106.97537052445114">
        <ele>2599.0615229999999</ele>
        <time>2014-11-29T03:35:06Z</time>
      </trkpt>
      <trkpt lat="-6.782528925687075" lon="106.9753656629473">
        <ele>2599.5419919999999</ele>
        <time>2014-11-29T03:35:13Z</time>
      </trkpt>
      <trkpt lat="-6.782505037263036" lon="106.9753360748291">
        <ele>2596.1777339999999</ele>
        <time>2014-11-29T03:36:03Z</time>
      </trkpt>
      <trkpt lat="-6.782502941787243" lon="106.97533356025815">
        <ele>2595.6970209999999</ele>
        <time>2014-11-29T03:36:04Z</time>
      </trkpt>
      <trkpt lat="-6.782426750287414" lon="106.97522476315498">
        <ele>2592.8129880000001</ele>
        <time>2014-11-29T03:36:22Z</time>
      </trkpt>
      <trkpt lat="-6.782367909327149" lon="106.97521378286183">
        <ele>2590.8903810000002</ele>
        <time>2014-11-29T03:36:32Z</time>
      </trkpt>
      <trkpt lat="-6.782289119437337" lon="106.975187798962">
        <ele>2587.525635</ele>
        <time>2014-11-29T03:36:45Z</time>
      </trkpt>
      <trkpt lat="-6.782181998714805" lon="106.97520850226283">
        <ele>2584.1611330000001</ele>
        <time>2014-11-29T03:37:03Z</time>
      </trkpt>
      <trkpt lat="-6.782085355371237" lon="106.97522568516433">
        <ele>2580.7966310000002</ele>
        <time>2014-11-29T03:37:19Z</time>
      </trkpt>
      <trkpt lat="-6.781990891322494" lon="106.97531587444246">
        <ele>2578.873779</ele>
        <time>2014-11-29T03:37:41Z</time>
      </trkpt>
      <trkpt lat="-6.781917801126838" lon="106.97533573955297">
        <ele>2575.98999</ele>
        <time>2014-11-29T03:38:03Z</time>
      </trkpt>
      <trkpt lat="-6.781813781708479" lon="106.97533540427685">
        <ele>2572.6254880000001</ele>
        <time>2014-11-29T03:38:20Z</time>
      </trkpt>
      <trkpt lat="-6.781687885522842" lon="106.97534437291324">
        <ele>2568.780029</ele>
        <time>2014-11-29T03:38:39Z</time>
      </trkpt>
      <trkpt lat="-6.781607335433364" lon="106.97536901570857">
        <ele>2566.857422</ele>
        <time>2014-11-29T03:38:54Z</time>
      </trkpt>
      <trkpt lat="-6.781562995165587" lon="106.97538091801107">
        <ele>2564.9348140000002</ele>
        <time>2014-11-29T03:39:02Z</time>
      </trkpt>
      <trkpt lat="-6.781433746218681" lon="106.97533464990556">
        <ele>2561.5703119999998</ele>
        <time>2014-11-29T03:39:20Z</time>
      </trkpt>
      <trkpt lat="-6.781338360160589" lon="106.9753328897059">
        <ele>2558.686279</ele>
        <time>2014-11-29T03:39:32Z</time>
      </trkpt>
      <trkpt lat="-6.781254038214684" lon="106.97532542981207">
        <ele>2555.8020019999999</ele>
        <time>2014-11-29T03:39:46Z</time>
      </trkpt>
      <trkpt lat="-6.781134847551584" lon="106.9753241725266">
        <ele>2552.9182129999999</ele>
        <time>2014-11-29T03:39:57Z</time>
      </trkpt>
      <trkpt lat="-6.781081538647413" lon="106.9752929918468">
        <ele>2551.9567870000001</ele>
        <time>2014-11-29T03:40:03Z</time>
      </trkpt>
      <trkpt lat="-6.781031247228384" lon="106.97526197880507">
        <ele>2549.0729980000001</ele>
        <time>2014-11-29T03:40:17Z</time>
      </trkpt>
      <trkpt lat="-6.78099000826478" lon="106.97523876093328">
        <ele>2546.6696780000002</ele>
        <time>2014-11-29T03:40:30Z</time>
      </trkpt>
      <trkpt lat="-6.780878780409694" lon="106.97517765685916">
        <ele>2543.3051759999998</ele>
        <time>2014-11-29T03:40:47Z</time>
      </trkpt>
      <trkpt lat="-6.780795799568296" lon="106.97513809427619">
        <ele>2540.421143</ele>
        <time>2014-11-29T03:40:58Z</time>
      </trkpt>
      <trkpt lat="-6.780619695782661" lon="106.9751753937453">
        <ele>2537.5371089999999</ele>
        <time>2014-11-29T03:41:17Z</time>
      </trkpt>
      <trkpt lat="-6.780511569231749" lon="106.97515452280641">
        <ele>2533.6918949999999</ele>
        <time>2014-11-29T03:41:31Z</time>
      </trkpt>
      <trkpt lat="-6.78037385456264" lon="106.97512267157435">
        <ele>2530.327393</ele>
        <time>2014-11-29T03:41:47Z</time>
      </trkpt>
      <trkpt lat="-6.780307721346617" lon="106.97509584948421">
        <ele>2528.4047850000002</ele>
        <time>2014-11-29T03:41:57Z</time>
      </trkpt>
      <trkpt lat="-6.780174365267158" lon="106.97509819641709">
        <ele>2525.5207519999999</ele>
        <time>2014-11-29T03:42:10Z</time>
      </trkpt>
      <trkpt lat="-6.780050648376346" lon="106.97509878315032">
        <ele>2522.1560060000002</ele>
        <time>2014-11-29T03:42:26Z</time>
      </trkpt>
      <trkpt lat="-6.779974708333612" lon="106.97512468323112">
        <ele>2519.2722170000002</ele>
        <time>2014-11-29T03:42:38Z</time>
      </trkpt>
      <trkpt lat="-6.77996096201241" lon="106.97513608261943">
        <ele>2517.830078</ele>
        <time>2014-11-29T03:42:41Z</time>
      </trkpt>
      <trkpt lat="-6.779845207929611" lon="106.97516751475632">
        <ele>2514.946289</ele>
        <time>2014-11-29T03:42:57Z</time>
      </trkpt>
      <trkpt lat="-6.77982366643846" lon="106.97518285363913">
        <ele>2513.9848630000001</ele>
        <time>2014-11-29T03:42:59Z</time>
      </trkpt>
      <trkpt lat="-6.779688466340303" lon="106.9751944206655">
        <ele>2510.6203609999998</ele>
        <time>2014-11-29T03:43:19Z</time>
      </trkpt>
      <trkpt lat="-6.779643790796399" lon="106.97517740540206">
        <ele>2508.2170409999999</ele>
        <time>2014-11-29T03:43:26Z</time>
      </trkpt>
      <trkpt lat="-6.779509847983718" lon="106.97520615532994">
        <ele>2506.7749020000001</ele>
        <time>2014-11-29T03:44:00Z</time>
      </trkpt>
      <trkpt lat="-6.779428794980049" lon="106.9752150401473">
        <ele>2503.8911130000001</ele>
        <time>2014-11-29T03:44:13Z</time>
      </trkpt>
      <trkpt lat="-6.779311783611774" lon="106.97529793716967">
        <ele>2500.0458979999999</ele>
        <time>2014-11-29T03:44:30Z</time>
      </trkpt>
      <trkpt lat="-6.779202651232481" lon="106.9753466360271">
        <ele>2497.642578</ele>
        <time>2014-11-29T03:44:43Z</time>
      </trkpt>
      <trkpt lat="-6.779088824987412" lon="106.9753672555089">
        <ele>2494.2778320000002</ele>
        <time>2014-11-29T03:44:57Z</time>
      </trkpt>
      <trkpt lat="-6.778956893831492" lon="106.97536767460406">
        <ele>2491.3937989999999</ele>
        <time>2014-11-29T03:45:13Z</time>
      </trkpt>
      <trkpt lat="-6.778835775330663" lon="106.97536423802376">
        <ele>2488.029297</ele>
        <time>2014-11-29T03:45:30Z</time>
      </trkpt>
      <trkpt lat="-6.778758829459548" lon="106.97533993050456">
        <ele>2484.1840820000002</ele>
        <time>2014-11-29T03:45:41Z</time>
      </trkpt>
      <trkpt lat="-6.778744412586093" lon="106.97534118779004">
        <ele>2484.6647950000001</ele>
        <time>2014-11-29T03:45:42Z</time>
      </trkpt>
      <trkpt lat="-6.77859328687191" lon="106.97538527660072">
        <ele>2481.3000489999999</ele>
        <time>2014-11-29T03:45:58Z</time>
      </trkpt>
      <trkpt lat="-6.778552886098623" lon="106.97536172345281">
        <ele>2478.41626</ele>
        <time>2014-11-29T03:46:14Z</time>
      </trkpt>
      <trkpt lat="-6.778394803404808" lon="106.97538636624813">
        <ele>2475.0512699999999</ele>
        <time>2014-11-29T03:46:27Z</time>
      </trkpt>
      <trkpt lat="-6.778157260268927" lon="106.97548418305814">
        <ele>2472.648193</ele>
        <time>2014-11-29T03:46:52Z</time>
      </trkpt>
      <trkpt lat="-6.778111159801483" lon="106.97540136985481">
        <ele>2471.686768</ele>
        <time>2014-11-29T03:47:19Z</time>
      </trkpt>
      <trkpt lat="-6.778089785948396" lon="106.97538963519037">
        <ele>2472.1674800000001</ele>
        <time>2014-11-29T03:47:37Z</time>
      </trkpt>
      <trkpt lat="-6.778080398216844" lon="106.97540237568319">
        <ele>2470.725586</ele>
        <time>2014-11-29T03:47:42Z</time>
      </trkpt>
      <trkpt lat="-6.778035219758749" lon="106.97541235014796">
        <ele>2468.3222660000001</ele>
        <time>2014-11-29T03:47:54Z</time>
      </trkpt>
      <trkpt lat="-6.777967745438218" lon="106.97537538595498">
        <ele>2465.4384770000001</ele>
        <time>2014-11-29T03:48:10Z</time>
      </trkpt>
      <trkpt lat="-6.777907479554415" lon="106.97535367682576">
        <ele>2463.0351559999999</ele>
        <time>2014-11-29T03:48:22Z</time>
      </trkpt>
      <trkpt lat="-6.777749061584473" lon="106.97532308287919">
        <ele>2459.6701659999999</ele>
        <time>2014-11-29T03:48:37Z</time>
      </trkpt>
      <trkpt lat="-6.77768343128264" lon="106.97538611479104">
        <ele>2459.1896969999998</ele>
        <time>2014-11-29T03:49:11Z</time>
      </trkpt>
      <trkpt lat="-6.77762626670301" lon="106.97529290802777">
        <ele>2455.8249510000001</ele>
        <time>2014-11-29T03:50:01Z</time>
      </trkpt>
      <trkpt lat="-6.777466675266624" lon="106.97532366961241">
        <ele>2451.499268</ele>
        <time>2014-11-29T03:50:18Z</time>
      </trkpt>
      <trkpt lat="-6.777392411604524" lon="106.97530103847384">
        <ele>2448.6152339999999</ele>
        <time>2014-11-29T03:50:34Z</time>
      </trkpt>
      <trkpt lat="-6.777362572029233" lon="106.97530707344413">
        <ele>2447.1733399999998</ele>
        <time>2014-11-29T03:50:39Z</time>
      </trkpt>
      <trkpt lat="-6.777252685278654" lon="106.97531092911959">
        <ele>2443.8085940000001</ele>
        <time>2014-11-29T03:50:55Z</time>
      </trkpt>
      <trkpt lat="-6.77718898281455" lon="106.97525770403445">
        <ele>2440.4438479999999</ele>
        <time>2014-11-29T03:51:10Z</time>
      </trkpt>
      <trkpt lat="-6.777061577886343" lon="106.97526013478637">
        <ele>2436.5986330000001</ele>
        <time>2014-11-29T03:51:23Z</time>
      </trkpt>
      <trkpt lat="-6.77701841108501" lon="106.97525049559772">
        <ele>2435.6374510000001</ele>
        <time>2014-11-29T03:51:54Z</time>
      </trkpt>
      <trkpt lat="-6.776965018361807" lon="106.97518872097135">
        <ele>2432.2729490000002</ele>
        <time>2014-11-29T03:52:20Z</time>
      </trkpt>
      <trkpt lat="-6.776955630630255" lon="106.97518486529589">
        <ele>2432.2729490000002</ele>
        <time>2014-11-29T03:52:21Z</time>
      </trkpt>
      <trkpt lat="-6.776888156309724" lon="106.97514320723712">
        <ele>2427.9467770000001</ele>
        <time>2014-11-29T03:52:35Z</time>
      </trkpt>
      <trkpt lat="-6.776774413883686" lon="106.97520087473094">
        <ele>2428.4277339999999</ele>
        <time>2014-11-29T03:53:00Z</time>
      </trkpt>
      <trkpt lat="-6.776794027537108" lon="106.97518486529589">
        <ele>2426.5048830000001</ele>
        <time>2014-11-29T03:53:41Z</time>
      </trkpt>
      <trkpt lat="-6.776748513802886" lon="106.97538577951491">
        <ele>2427.4660640000002</ele>
        <time>2014-11-29T03:53:51Z</time>
      </trkpt>
      <trkpt lat="-6.776743568480015" lon="106.97541662491858">
        <ele>2426.0241700000001</ele>
        <time>2014-11-29T03:53:53Z</time>
      </trkpt>
      <trkpt lat="-6.776549611240625" lon="106.97571711614728">
        <ele>2422.6596679999998</ele>
        <time>2014-11-29T03:54:19Z</time>
      </trkpt>
      <trkpt lat="-6.776344086974859" lon="106.97590545751154">
        <ele>2421.6982419999999</ele>
        <time>2014-11-29T03:54:50Z</time>
      </trkpt>
      <trkpt lat="-6.776142166927457" lon="106.97629077360034">
        <ele>2419.775635</ele>
        <time>2014-11-29T03:55:25Z</time>
      </trkpt>
      <trkpt lat="-6.77609346807003" lon="106.97642111219466">
        <ele>2418.33374</ele>
        <time>2014-11-29T03:55:40Z</time>
      </trkpt>
      <trkpt lat="-6.776090869680047" lon="106.97649780660868">
        <ele>2418.33374</ele>
        <time>2014-11-29T03:55:53Z</time>
      </trkpt>
      <trkpt lat="-6.776022976264358" lon="106.97675571776927">
        <ele>2417.3723140000002</ele>
        <time>2014-11-29T03:56:18Z</time>
      </trkpt>
      <trkpt lat="-6.77592046558857" lon="106.97693970054388">
        <ele>2414.9692380000001</ele>
        <time>2014-11-29T03:56:44Z</time>
      </trkpt>
      <trkpt lat="-6.775567922741175" lon="106.97704397141933">
        <ele>2411.6044919999999</ele>
        <time>2014-11-29T03:57:12Z</time>
      </trkpt>
      <trkpt lat="-6.775498688220978" lon="106.97708101943135">
        <ele>2410.1623540000001</ele>
        <time>2014-11-29T03:57:18Z</time>
      </trkpt>
      <trkpt lat="-6.775387795642018" lon="106.97709895670414">
        <ele>2408.2397460000002</ele>
        <time>2014-11-29T03:57:28Z</time>
      </trkpt>
      <trkpt lat="-6.775262402370572" lon="106.97706148959696">
        <ele>2405.3559570000002</ele>
        <time>2014-11-29T03:57:43Z</time>
      </trkpt>
      <trkpt lat="-6.775107001885772" lon="106.97700005024672">
        <ele>2402.4719239999999</ele>
        <time>2014-11-29T03:57:56Z</time>
      </trkpt>
      <trkpt lat="-6.774891084060073" lon="106.97695788927376">
        <ele>2399.107422</ele>
        <time>2014-11-29T03:58:16Z</time>
      </trkpt>
      <trkpt lat="-6.774836182594299" lon="106.97679645381868">
        <ele>2396.7041020000001</ele>
        <time>2014-11-29T03:58:35Z</time>
      </trkpt>
      <trkpt lat="-6.774799302220345" lon="106.97674071416259">
        <ele>2393.3393550000001</ele>
        <time>2014-11-29T03:58:46Z</time>
      </trkpt>
      <trkpt lat="-6.774626802653074" lon="106.97668958455324">
        <ele>2390.4553219999998</ele>
        <time>2014-11-29T03:59:01Z</time>
      </trkpt>
      <trkpt lat="-6.774519430473447" lon="106.97663275524974">
        <ele>2386.610107</ele>
        <time>2014-11-29T03:59:15Z</time>
      </trkpt>
      <trkpt lat="-6.77448783069849" lon="106.97655673138797">
        <ele>2383.726318</ele>
        <time>2014-11-29T03:59:27Z</time>
      </trkpt>
      <trkpt lat="-6.774400407448411" lon="106.97656268253922">
        <ele>2382.764893</ele>
        <time>2014-11-29T03:59:49Z</time>
      </trkpt>
      <trkpt lat="-6.774350618943572" lon="106.976562095806">
        <ele>2378.9194339999999</ele>
        <time>2014-11-29T04:00:01Z</time>
      </trkpt>
      <trkpt lat="-6.774346427991986" lon="106.97655882686377">
        <ele>2378.9194339999999</ele>
        <time>2014-11-29T04:00:02Z</time>
      </trkpt>
      <trkpt lat="-6.774323126301169" lon="106.97652362287045">
        <ele>2376.0356449999999</ele>
        <time>2014-11-29T04:00:12Z</time>
      </trkpt>
      <trkpt lat="-6.774312062188983" lon="106.97651130147278">
        <ele>2374.59375</ele>
        <time>2014-11-29T04:00:14Z</time>
      </trkpt>
      <trkpt lat="-6.7741868365556" lon="106.97652395814657">
        <ele>2371.7097170000002</ele>
        <time>2014-11-29T04:00:26Z</time>
      </trkpt>
      <trkpt lat="-6.774039650335908" lon="106.97652320377529">
        <ele>2370.2678219999998</ele>
        <time>2014-11-29T04:00:54Z</time>
      </trkpt>
      <trkpt lat="-6.774002015590668" lon="106.97648908942938">
        <ele>2366.9033199999999</ele>
        <time>2014-11-29T04:01:09Z</time>
      </trkpt>
      <trkpt lat="-6.773961028084159" lon="106.97641742415726">
        <ele>2365.9418949999999</ele>
        <time>2014-11-29T04:01:46Z</time>
      </trkpt>
      <trkpt lat="-6.774068819358945" lon="106.97640242055058">
        <ele>2364.9807129999999</ele>
        <time>2014-11-29T04:03:43Z</time>
      </trkpt>
      <trkpt lat="-6.773993885144591" lon="106.97641977109015">
        <ele>2361.6159670000002</ele>
        <time>2014-11-29T04:03:56Z</time>
      </trkpt>
      <trkpt lat="-6.773810740560293" lon="106.97643427178264">
        <ele>2358.7319339999999</ele>
        <time>2014-11-29T04:04:15Z</time>
      </trkpt>
      <trkpt lat="-6.773783667013049" lon="106.97642195038497">
        <ele>2359.2126459999999</ele>
        <time>2014-11-29T04:04:41Z</time>
      </trkpt>
      <trkpt lat="-6.773727675899863" lon="106.97642555460334">
        <ele>2355.8479000000002</ele>
        <time>2014-11-29T04:04:56Z</time>
      </trkpt>
    </trkseg>
  </trk>

  <trk>
    <name>XC Situgunung</name>
    <extensions>
      <gpxx:TrackExtension>
        <gpxx:DisplayColor>DarkGray</gpxx:DisplayColor>
      </gpxx:TrackExtension>
    </extensions>
    <trkseg>
      <trkpt lat="-6.837309021502733" lon="106.92412876524031">
        <ele>1095.078857</ele>
      </trkpt>
      <trkpt lat="-6.837085392326117" lon="106.92440553568304">
        <ele>1094.1176760000001</ele>
      </trkpt>
      <trkpt lat="-6.836863188073039" lon="106.92478557117283">
        <ele>1091.233643</ele>
      </trkpt>
      <trkpt lat="-6.836804011836648" lon="106.92491264082491">
        <ele>1096.520996</ele>
      </trkpt>
      <trkpt lat="-6.836748104542494" lon="106.92496779374778">
        <ele>1103.730957</ele>
      </trkpt>
      <trkpt lat="-6.836731340736151" lon="106.92494826391339">
        <ele>1102.7695309999999</ele>
      </trkpt>
      <trkpt lat="-6.836687000468373" lon="106.9248687196523">
        <ele>1099.4047849999999</ele>
      </trkpt>
      <trkpt lat="-6.83669856749475" lon="106.9247511215508">
        <ele>1099.8854980000001</ele>
      </trkpt>
      <trkpt lat="-6.836680294945836" lon="106.92471927031875">
        <ele>1102.7695309999999</ele>
      </trkpt>
      <trkpt lat="-6.83665263466537" lon="106.9247061945498">
        <ele>1104.2116699999999</ele>
      </trkpt>
      <trkpt lat="-6.836446607485414" lon="106.92468088120222">
        <ele>1105.653564</ele>
      </trkpt>
      <trkpt lat="-6.836375780403614" lon="106.92467258311808">
        <ele>1113.3439940000001</ele>
      </trkpt>
      <trkpt lat="-6.836300678551197" lon="106.92464559338987">
        <ele>1111.9021</ele>
      </trkpt>
      <trkpt lat="-6.836098926141858" lon="106.92455783486366">
        <ele>1109.0180660000001</ele>
      </trkpt>
      <trkpt lat="-6.835951991379261" lon="106.92432967945933">
        <ele>1104.692139</ele>
      </trkpt>
      <trkpt lat="-6.836018124595285" lon="106.92360933870077">
        <ele>1102.7695309999999</ele>
      </trkpt>
      <trkpt lat="-6.836067577823997" lon="106.92296267487109">
        <ele>1100.3664550000001</ele>
      </trkpt>
      <trkpt lat="-6.83602130971849" lon="106.9229119643569">
        <ele>1098.4433590000001</ele>
      </trkpt>
      <trkpt lat="-6.835576985031366" lon="106.92290182225406">
        <ele>1094.5981449999999</ele>
      </trkpt>
      <trkpt lat="-6.835471205413342" lon="106.92283912561834">
        <ele>1094.1176760000001</ele>
      </trkpt>
      <trkpt lat="-6.835461063310504" lon="106.92278170958161">
        <ele>1093.6369629999999</ele>
      </trkpt>
      <trkpt lat="-6.835381099954248" lon="106.92250879481435">
        <ele>1090.272461</ele>
      </trkpt>
      <trkpt lat="-6.835115561261773" lon="106.9223403185606">
        <ele>1085.946533</ele>
      </trkpt>
      <trkpt lat="-6.835215725004673" lon="106.92219430580735">
        <ele>1101.3276370000001</ele>
      </trkpt>
      <trkpt lat="-6.835116064175963" lon="106.92173372022808">
        <ele>1096.040283</ele>
      </trkpt>
      <trkpt lat="-6.835119165480137" lon="106.9216994382441">
        <ele>1095.5595699999999</ele>
      </trkpt>
      <trkpt lat="-6.835172390565276" lon="106.92164990119636">
        <ele>1093.15625</ele>
      </trkpt>
      <trkpt lat="-6.835241541266441" lon="106.92158628255129">
        <ele>1093.6369629999999</ele>
      </trkpt>
      <trkpt lat="-6.835403060540557" lon="106.9213505834341">
        <ele>1095.078857</ele>
      </trkpt>
      <trkpt lat="-6.835597604513168" lon="106.92107222042978">
        <ele>1091.233643</ele>
      </trkpt>
      <trkpt lat="-6.835693996399641" lon="106.92044533789158">
        <ele>1084.9853519999999</ele>
      </trkpt>
      <trkpt lat="-6.835905890911818" lon="106.92016831599176">
        <ele>1082.5817870000001</ele>
      </trkpt>
      <trkpt lat="-6.836436800658703" lon="106.91993613727391">
        <ele>1075.852539</ele>
      </trkpt>
      <trkpt lat="-6.836454821750522" lon="106.91992389969528">
        <ele>1075.852539</ele>
      </trkpt>
      <trkpt lat="-6.836464293301106" lon="106.91991786472499">
        <ele>1067.2006839999999</ele>
      </trkpt>
      <trkpt lat="-6.836809627711773" lon="106.91983882337809">
        <ele>1062.8747559999999</ele>
      </trkpt>
      <trkpt lat="-6.837210617959499" lon="106.91963329911232">
        <ele>1056.1455080000001</ele>
      </trkpt>
      <trkpt lat="-6.837372723966837" lon="106.91952123306692">
        <ele>1050.858154</ele>
      </trkpt>
      <trkpt lat="-6.837400887161493" lon="106.91948820836842">
        <ele>1048.4548339999999</ele>
      </trkpt>
      <trkpt lat="-6.837446317076683" lon="106.91945417784154">
        <ele>1045.5710449999999</ele>
      </trkpt>
      <trkpt lat="-6.837602723389864" lon="106.91939952783287">
        <ele>1043.167725</ele>
      </trkpt>
      <trkpt lat="-6.837979992851615" lon="106.91931554116309">
        <ele>1038.361328</ele>
      </trkpt>
      <trkpt lat="-6.83819473721087" lon="106.91923700273037">
        <ele>1036.438721</ele>
      </trkpt>
      <trkpt lat="-6.838287441059947" lon="106.91914237104356">
        <ele>1033.554443</ele>
      </trkpt>
      <trkpt lat="-6.838363381102681" lon="106.91907791420817">
        <ele>1032.5932620000001</ele>
      </trkpt>
      <trkpt lat="-6.838522721081972" lon="106.91891203634441">
        <ele>1029.2285159999999</ele>
      </trkpt>
      <trkpt lat="-6.838780380785465" lon="106.9187209289521">
        <ele>1026.3447269999999</ele>
      </trkpt>
      <trkpt lat="-6.838788595050573" lon="106.91871589981019">
        <ele>1019.134766</ele>
      </trkpt>
      <trkpt lat="-6.838821200653911" lon="106.91868086345494">
        <ele>1022.499512</ele>
      </trkpt>
      <trkpt lat="-6.839109873399139" lon="106.91843837499619">
        <ele>1018.654053</ele>
      </trkpt>
      <trkpt lat="-6.839242726564407" lon="106.91834106110036">
        <ele>1015.770264</ele>
      </trkpt>
      <trkpt lat="-6.839298466220498" lon="106.9182735029608">
        <ele>1013.847412</ele>
      </trkpt>
      <trkpt lat="-6.839449089020491" lon="106.91809756681323">
        <ele>1008.560303</ele>
      </trkpt>
      <trkpt lat="-6.839767517521977" lon="106.91796940751374">
        <ele>1006.637695</ele>
      </trkpt>
      <trkpt lat="-6.839795261621475" lon="106.91797317937016">
        <ele>1005.195801</ele>
      </trkpt>
      <trkpt lat="-6.840026266872883" lon="106.91792456433177">
        <ele>1002.311523</ele>
      </trkpt>
      <trkpt lat="-6.840536976233125" lon="106.91786128096282">
        <ele>1002.792236</ele>
      </trkpt>
      <trkpt lat="-6.841131839901209" lon="106.91783445887268">
        <ele>1000.3891599999999</ele>
      </trkpt>
      <trkpt lat="-6.841655876487494" lon="106.91761393100023">
        <ele>993.17919900000004</ele>
      </trkpt>
      <trkpt lat="-6.841990482062101" lon="106.91742022521794">
        <ele>990.29540999999995</ele>
      </trkpt>
      <trkpt lat="-6.842483337968588" lon="106.9170976895839">
        <ele>982.12402299999997</ele>
      </trkpt>
      <trkpt lat="-6.842550141736865" lon="106.91705762408674">
        <ele>981.16284199999996</ele>
      </trkpt>
      <trkpt lat="-6.842579813674092" lon="106.91691161133349">
        <ele>977.31762700000002</ele>
      </trkpt>
      <trkpt lat="-6.842633290216327" lon="106.9167747348547">
        <ele>972.510986</ele>
      </trkpt>
      <trkpt lat="-6.842892961576581" lon="106.91655227914453">
        <ele>969.62695299999996</ele>
      </trkpt>
      <trkpt lat="-6.84323251247406" lon="106.91628699190915">
        <ele>966.74292000000003</ele>
      </trkpt>
      <trkpt lat="-6.8432891741395" lon="106.91627617925406">
        <ele>965.78173800000002</ele>
      </trkpt>
      <trkpt lat="-6.843280540779233" lon="106.91627483814955">
        <ele>954.24585000000002</ele>
      </trkpt>
      <trkpt lat="-6.843266962096095" lon="106.91627542488277">
        <ele>955.68774399999995</ele>
      </trkpt>
      <trkpt lat="-6.843253886327148" lon="106.91628632135689">
        <ele>956.16845699999999</ele>
      </trkpt>
      <trkpt lat="-6.843198062852025" lon="106.91629193723202">
        <ele>957.12988299999995</ele>
      </trkpt>
      <trkpt lat="-6.843090020120144" lon="106.91628799773753">
        <ele>953.76513699999998</ele>
      </trkpt>
      <trkpt lat="-6.843010224401951" lon="106.91629688255489">
        <ele>953.28442399999994</ele>
      </trkpt>
      <trkpt lat="-6.842900002375245" lon="106.91633015871048">
        <ele>950.40063499999997</ele>
      </trkpt>
      <trkpt lat="-6.842754827812314" lon="106.91637961193919">
        <ele>948.47778300000004</ele>
      </trkpt>
      <trkpt lat="-6.842552069574595" lon="106.91642546094954">
        <ele>947.035889</ele>
      </trkpt>
      <trkpt lat="-6.842493480071425" lon="106.9163962919265">
        <ele>946.55542000000003</ele>
      </trkpt>
      <trkpt lat="-6.842433968558908" lon="106.91630811430514">
        <ele>945.59399399999995</ele>
      </trkpt>
      <trkpt lat="-6.842381497845054" lon="106.91621926613152">
        <ele>942.71020499999997</ele>
      </trkpt>
      <trkpt lat="-6.842376384884119" lon="106.91620367579162">
        <ele>943.67138699999998</ele>
      </trkpt>
      <trkpt lat="-6.842346796765924" lon="106.91616092808545">
        <ele>940.78735400000005</ele>
      </trkpt>
      <trkpt lat="-6.842280915006995" lon="106.91608926281333">
        <ele>939.34521500000005</ele>
      </trkpt>
      <trkpt lat="-6.84219173155725" lon="106.91595615819097">
        <ele>938.86474599999997</ele>
      </trkpt>
      <trkpt lat="-6.8421545997262" lon="106.91588943824172">
        <ele>942.22949200000005</ele>
      </trkpt>
      <trkpt lat="-6.84213942848146" lon="106.91584995947778">
        <ele>940.78735400000005</ele>
      </trkpt>
      <trkpt lat="-6.842145463451743" lon="106.91583847627044">
        <ele>940.78735400000005</ele>
      </trkpt>
      <trkpt lat="-6.842184104025364" lon="106.91584291867912">
        <ele>944.15210000000002</ele>
      </trkpt>
      <trkpt lat="-6.842157784849405" lon="106.9158661365509">
        <ele>940.78735400000005</ele>
      </trkpt>
      <trkpt lat="-6.842122497037053" lon="106.91583713516593">
        <ele>941.26806599999998</ele>
      </trkpt>
      <trkpt lat="-6.842050999403" lon="106.91571266390383">
        <ele>943.67138699999998</ele>
      </trkpt>
      <trkpt lat="-6.84210036881268" lon="106.9156520627439">
        <ele>943.19067399999994</ele>
      </trkpt>
      <trkpt lat="-6.842327266931534" lon="106.91547067835927">
        <ele>940.78735400000005</ele>
      </trkpt>
      <trkpt lat="-6.842652317136526" lon="106.91529750823975">
        <ele>941.26806599999998</ele>
      </trkpt>
      <trkpt lat="-6.843006033450365" lon="106.91493960097432">
        <ele>939.82592799999998</ele>
      </trkpt>
      <trkpt lat="-6.843375004827976" lon="106.91482317633927">
        <ele>936.46142599999996</ele>
      </trkpt>
      <trkpt lat="-6.843368634581566" lon="106.91480699926615">
        <ele>931.65478499999995</ele>
      </trkpt>
      <trkpt lat="-6.843359414488077" lon="106.91479040309787">
        <ele>926.36767599999996</ele>
      </trkpt>
      <trkpt lat="-6.843354888260365" lon="106.91483952105045">
        <ele>936.94189500000005</ele>
      </trkpt>
      <trkpt lat="-6.843145424500108" lon="106.91474673338234">
        <ele>932.13549799999998</ele>
      </trkpt>
      <trkpt lat="-6.842808974906802" lon="106.91469635814428">
        <ele>926.36767599999996</ele>
      </trkpt>
      <trkpt lat="-6.842593224719167" lon="106.9146990403533">
        <ele>920.11889599999995</ele>
      </trkpt>
      <trkpt lat="-6.842204639688134" lon="106.91463760100305">
        <ele>914.35107400000004</ele>
      </trkpt>
      <trkpt lat="-6.84208863414824" lon="106.91460717469454">
        <ele>909.54467799999998</ele>
      </trkpt>
      <trkpt lat="-6.841955529525876" lon="106.91454573534429">
        <ele>901.85400400000003</ele>
      </trkpt>
      <trkpt lat="-6.841789232566953" lon="106.91448689438403">
        <ele>898.00878899999998</ele>
      </trkpt>
      <trkpt lat="-6.841444568708539" lon="106.91439796239138">
        <ele>891.76000999999997</ele>
      </trkpt>
      <trkpt lat="-6.841080961748958" lon="106.91435446031392">
        <ele>884.06957999999997</ele>
      </trkpt>
      <trkpt lat="-6.841103928163648" lon="106.91429109312594">
        <ele>878.78247099999999</ele>
      </trkpt>
      <trkpt lat="-6.841117674484849" lon="106.91434700042009">
        <ele>876.85986300000002</ele>
      </trkpt>
      <trkpt lat="-6.841041315346956" lon="106.91431338898838">
        <ele>878.30175799999995</ele>
      </trkpt>
      <trkpt lat="-6.841039974242449" lon="106.91428547725081">
        <ele>876.37914999999998</ele>
      </trkpt>
      <trkpt lat="-6.841014828532934" lon="106.91427097655833">
        <ele>874.45629899999994</ele>
      </trkpt>
      <trkpt lat="-6.84100728482008" lon="106.91419595852494">
        <ele>872.05297900000005</ele>
      </trkpt>
      <trkpt lat="-6.840999238193035" lon="106.91411557607353">
        <ele>869.16918899999996</ele>
      </trkpt>
      <trkpt lat="-6.840964537113905" lon="106.91406721249223">
        <ele>866.28515600000003</ele>
      </trkpt>
      <trkpt lat="-6.840989263728261" lon="106.91401247866452">
        <ele>863.40136700000005</ele>
      </trkpt>
      <trkpt lat="-6.841011978685856" lon="106.91399613395333">
        <ele>861.47875999999997</ele>
      </trkpt>
      <trkpt lat="-6.841017426922917" lon="106.91378457471728">
        <ele>857.15258800000004</ele>
      </trkpt>
      <trkpt lat="-6.840951796621084" lon="106.91347788088024">
        <ele>858.114014</ele>
      </trkpt>
      <trkpt lat="-6.840968979522586" lon="106.91358366049826">
        <ele>846.57836899999995</ele>
      </trkpt>
      <trkpt lat="-6.840979037806392" lon="106.91364166326821">
        <ele>868.207764</ele>
      </trkpt>
      <trkpt lat="-6.841002339497209" lon="106.91364979371428">
        <ele>864.84326199999998</ele>
      </trkpt>
      <trkpt lat="-6.841304758563638" lon="106.91346153616905">
        <ele>860.51733400000001</ele>
      </trkpt>
      <trkpt lat="-6.84167037717998" lon="106.91331133246422">
        <ele>858.114014</ele>
      </trkpt>
      <trkpt lat="-6.841726703569293" lon="106.91331543959677">
        <ele>856.19116199999996</ele>
      </trkpt>
      <trkpt lat="-6.841769367456436" lon="106.91330445930362">
        <ele>853.78808600000002</ele>
      </trkpt>
      <trkpt lat="-6.841757465153933" lon="106.91329875960946">
        <ele>860.51733400000001</ele>
      </trkpt>
      <trkpt lat="-6.841771462932229" lon="106.91334620118141">
        <ele>850.42358400000001</ele>
      </trkpt>
      <trkpt lat="-6.841775821521878" lon="106.91335801966488">
        <ele>850.90405299999998</ele>
      </trkpt>
      <trkpt lat="-6.841806834563613" lon="106.91348056308925">
        <ele>854.26879899999994</ele>
      </trkpt>
      <trkpt lat="-6.84180180542171" lon="106.91352968104184">
        <ele>853.78808600000002</ele>
      </trkpt>
      <trkpt lat="-6.841814294457436" lon="106.91366203129292">
        <ele>853.30737299999998</ele>
      </trkpt>
      <trkpt lat="-6.841804906725884" lon="106.91371290944517">
        <ele>853.78808600000002</ele>
      </trkpt>
      <trkpt lat="-6.841770960018039" lon="106.91378641873598">
        <ele>857.15258800000004</ele>
      </trkpt>
      <trkpt lat="-6.841785460710526" lon="106.91381902433932">
        <ele>860.99804700000004</ele>
      </trkpt>
      <trkpt lat="-6.841770121827722" lon="106.91383989527822">
        <ele>861.959473</ele>
      </trkpt>
      <trkpt lat="-6.841785879805684" lon="106.9138216227293">
        <ele>867.24658199999999</ele>
      </trkpt>
      <trkpt lat="-6.841757884249091" lon="106.91378616727889">
        <ele>863.88183600000002</ele>
      </trkpt>
      <trkpt lat="-6.84174170717597" lon="106.91376336850226">
        <ele>863.40136700000005</ele>
      </trkpt>
      <trkpt lat="-6.841779761016369" lon="106.91369363106787">
        <ele>860.51733400000001</ele>
      </trkpt>
      <trkpt lat="-6.841780515387654" lon="106.91365490667522">
        <ele>858.114014</ele>
      </trkpt>
      <trkpt lat="-6.841786382719874" lon="106.91352783702314">
        <ele>855.22997999999995</ele>
      </trkpt>
      <trkpt lat="-6.841770205646753" lon="106.91338341683149">
        <ele>851.38476600000001</ele>
      </trkpt>
      <trkpt lat="-6.841753693297505" lon="106.91331426613033">
        <ele>851.38476600000001</ele>
      </trkpt>
      <trkpt lat="-6.841770205646753" lon="106.9132378231734">
        <ele>848.98144500000001</ele>
      </trkpt>
      <trkpt lat="-6.841776240617037" lon="106.91323589533567">
        <ele>848.98144500000001</ele>
      </trkpt>
      <trkpt lat="-6.841961061581969" lon="106.91316992975771">
        <ele>850.90405299999998</ele>
      </trkpt>
      <trkpt lat="-6.842044377699494" lon="106.91312273964286">
        <ele>849.94287099999997</ele>
      </trkpt>
      <trkpt lat="-6.84211696498096" lon="106.91308443434536">
        <ele>846.57836899999995</ele>
      </trkpt>
      <trkpt lat="-6.842200364917517" lon="106.91307328641415">
        <ele>849.46215800000004</ele>
      </trkpt>
      <trkpt lat="-6.84224059805274" lon="106.91304529085755">
        <ele>847.53955099999996</ele>
      </trkpt>
      <trkpt lat="-6.842330116778612" lon="106.91303472965956">
        <ele>850.90405299999998</ele>
      </trkpt>
      <trkpt lat="-6.84237495996058" lon="106.91299768164754">
        <ele>845.13622999999995</ele>
      </trkpt>
      <trkpt lat="-6.842456767335534" lon="106.91295610740781">
        <ele>842.73290999999995</ele>
      </trkpt>
      <trkpt lat="-6.842561960220337" lon="106.91292182542384">
        <ele>840.81005900000002</ele>
      </trkpt>
      <trkpt lat="-6.842571934685111" lon="106.91289843991399">
        <ele>839.84887700000002</ele>
      </trkpt>
      <trkpt lat="-6.842622812837362" lon="106.91289416514337">
        <ele>840.32959000000005</ele>
      </trkpt>
      <trkpt lat="-6.842656088992953" lon="106.91285762004554">
        <ele>838.88769500000001</ele>
      </trkpt>
      <trkpt lat="-6.84267109259963" lon="106.91279794089496">
        <ele>839.84887700000002</ele>
      </trkpt>
      <trkpt lat="-6.84269405901432" lon="106.91271353513002">
        <ele>836.00366199999996</ele>
      </trkpt>
      <trkpt lat="-6.84278198517859" lon="106.91267112269998">
        <ele>832.15844700000002</ele>
      </trkpt>
      <trkpt lat="-6.842911737039685" lon="106.91258898004889">
        <ele>823.50659199999996</ele>
      </trkpt>
      <trkpt lat="-6.843019025400281" lon="106.91254472360015">
        <ele>825.90966800000001</ele>
      </trkpt>
      <trkpt lat="-6.843089517205954" lon="106.91253022290766">
        <ele>828.79394500000001</ele>
      </trkpt>
      <trkpt lat="-6.843111058697105" lon="106.91247976385057">
        <ele>830.23584000000005</ele>
      </trkpt>
      <trkpt lat="-6.843101000413299" lon="106.91246735863388">
        <ele>836.484375</ele>
      </trkpt>
      <trkpt lat="-6.843126816675067" lon="106.91252393648028">
        <ele>840.81005900000002</ele>
      </trkpt>
      <trkpt lat="-6.843105191364884" lon="106.91249049268663">
        <ele>835.52294900000004</ele>
      </trkpt>
      <trkpt lat="-6.843116590753198" lon="106.91249418072402">
        <ele>836.484375</ele>
      </trkpt>
      <trkpt lat="-6.843084236606956" lon="106.91248680464923">
        <ele>834.08105499999999</ele>
      </trkpt>
      <trkpt lat="-6.843093624338508" lon="106.9124608207494">
        <ele>840.81005900000002</ele>
      </trkpt>
      <trkpt lat="-6.843091109767556" lon="106.91242796368897">
        <ele>843.69409199999996</ele>
      </trkpt>
      <trkpt lat="-6.843148190528154" lon="106.91241078078747">
        <ele>843.21337900000003</ele>
      </trkpt>
      <trkpt lat="-6.843139640986919" lon="106.91238119266927">
        <ele>838.40698199999997</ele>
      </trkpt>
      <trkpt lat="-6.843193033710122" lon="106.91238848492503">
        <ele>820.14184599999999</ele>
      </trkpt>
      <trkpt lat="-6.843143161386251" lon="106.91234481520951">
        <ele>826.39038100000005</ele>
      </trkpt>
      <trkpt lat="-6.843162188306451" lon="106.91234900616109">
        <ele>829.75512700000002</ele>
      </trkpt>
      <trkpt lat="-6.843204433098435" lon="106.91232352517545">
        <ele>830.23584000000005</ele>
      </trkpt>
      <trkpt lat="-6.843275176361203" lon="106.91223258152604">
        <ele>830.71655299999998</ele>
      </trkpt>
      <trkpt lat="-6.843502828851342" lon="106.91216276027262">
        <ele>832.15844700000002</ele>
      </trkpt>
      <trkpt lat="-6.843664683401585" lon="106.91204306669533">
        <ele>832.63915999999995</ele>
      </trkpt>
      <trkpt lat="-6.843818910419941" lon="106.91199512220919">
        <ele>832.15844700000002</ele>
      </trkpt>
      <trkpt lat="-6.843919074162841" lon="106.91194960847497">
        <ele>832.15844700000002</ele>
      </trkpt>
      <trkpt lat="-6.844004485756159" lon="106.91189210861921">
        <ele>830.71655299999998</ele>
      </trkpt>
      <trkpt lat="-6.844251668080688" lon="106.91180351190269">
        <ele>829.75512700000002</ele>
      </trkpt>
      <trkpt lat="-6.844474375247955" lon="106.9117562379688">
        <ele>830.71655299999998</ele>
      </trkpt>
      <trkpt lat="-6.844564732164145" lon="106.91175213083625">
        <ele>830.71655299999998</ele>
      </trkpt>
      <trkpt lat="-6.844611838459969" lon="106.911685410887">
        <ele>830.71655299999998</ele>
      </trkpt>
      <trkpt lat="-6.844697082415223" lon="106.91158197820187">
        <ele>830.23584000000005</ele>
      </trkpt>
      <trkpt lat="-6.844733124598861" lon="106.9115561619401">
        <ele>830.71655299999998</ele>
      </trkpt>
      <trkpt lat="-6.844767071306706" lon="106.91151827573776">
        <ele>826.39038100000005</ele>
      </trkpt>
      <trkpt lat="-6.844857260584831" lon="106.91139313392341">
        <ele>826.39038100000005</ele>
      </trkpt>
      <trkpt lat="-6.844889782369137" lon="106.91137729212642">
        <ele>826.87109399999997</ele>
      </trkpt>
      <trkpt lat="-6.845079716295004" lon="106.91126832738519">
        <ele>825.42895499999997</ele>
      </trkpt>
      <trkpt lat="-6.845185915008187" lon="106.91115676425397">
        <ele>825.42895499999997</ele>
      </trkpt>
      <trkpt lat="-6.845287838950753" lon="106.9111763779074">
        <ele>824.948486</ele>
      </trkpt>
      <trkpt lat="-6.845417339354754" lon="106.91121459938586">
        <ele>824.948486</ele>
      </trkpt>
      <trkpt lat="-6.845475174486637" lon="106.91118291579187">
        <ele>825.90966800000001</ele>
      </trkpt>
      <trkpt lat="-6.845500823110342" lon="106.91116891801357">
        <ele>825.90966800000001</ele>
      </trkpt>
      <trkpt lat="-6.845592940226197" lon="106.91111736930907">
        <ele>823.98706100000004</ele>
      </trkpt>
      <trkpt lat="-6.84571523219347" lon="106.91105056554079">
        <ele>823.98706100000004</ele>
      </trkpt>
      <trkpt lat="-6.845799805596471" lon="106.91096649505198">
        <ele>825.42895499999997</ele>
      </trkpt>
      <trkpt lat="-6.845923773944378" lon="106.91086616367102">
        <ele>824.46777299999997</ele>
      </trkpt>
      <trkpt lat="-6.846044808626175" lon="106.91077941097319">
        <ele>828.31323199999997</ele>
      </trkpt>
      <trkpt lat="-6.846071798354387" lon="106.91075711511075">
        <ele>829.27441399999998</ele>
      </trkpt>
      <trkpt lat="-6.846052771434188" lon="106.91070741042495">
        <ele>828.31323199999997</ele>
      </trkpt>
      <trkpt lat="-6.846024272963405" lon="106.91069534048438">
        <ele>819.18066399999998</ele>
      </trkpt>
      <trkpt lat="-6.846020082011819" lon="106.91068394109607">
        <ele>819.66137700000002</ele>
      </trkpt>
      <trkpt lat="-6.845984207466245" lon="106.91053943708539">
        <ele>821.10327099999995</ele>
      </trkpt>
      <trkpt lat="-6.846137009561062" lon="106.91035897471011">
        <ele>820.14184599999999</ele>
      </trkpt>
      <trkpt lat="-6.846222337335348" lon="106.91033282317221">
        <ele>818.69995100000006</ele>
      </trkpt>
      <trkpt lat="-6.846230635419488" lon="106.91033081151545">
        <ele>818.69995100000006</ele>
      </trkpt>
      <trkpt lat="-6.846293918788433" lon="106.91032913513482">
        <ele>818.69995100000006</ele>
      </trkpt>
      <trkpt lat="-6.846376480534673" lon="106.91031999886036">
        <ele>820.14184599999999</ele>
      </trkpt>
      <trkpt lat="-6.846537832170725" lon="106.91028269939125">
        <ele>822.06445299999996</ele>
      </trkpt>
      <trkpt lat="-6.846613436937332" lon="106.91024908795953">
        <ele>823.50659199999996</ele>
      </trkpt>
      <trkpt lat="-6.846716534346342" lon="106.91018655896187">
        <ele>823.98706100000004</ele>
      </trkpt>
      <trkpt lat="-6.846781075000763" lon="106.91010307520628">
        <ele>821.58374000000003</ele>
      </trkpt>
      <trkpt lat="-6.846848297864199" lon="106.91003409214318">
        <ele>821.10327099999995</ele>
      </trkpt>
      <trkpt lat="-6.84697100892663" lon="106.90989503636956">
        <ele>823.98706100000004</ele>
      </trkpt>
      <trkpt lat="-6.847088439390063" lon="106.90986268222332">
        <ele>824.46777299999997</ele>
      </trkpt>
      <trkpt lat="-6.847161864861846" lon="106.90982303582132">
        <ele>823.02587900000003</ele>
      </trkpt>
      <trkpt lat="-6.847193380817771" lon="106.90980199724436">
        <ele>821.10327099999995</ele>
      </trkpt>
      <trkpt lat="-6.847315086051822" lon="106.90971323288977">
        <ele>820.62255900000002</ele>
      </trkpt>
      <trkpt lat="-6.847339980304241" lon="106.90967576578259">
        <ele>822.54516599999999</ele>
      </trkpt>
      <trkpt lat="-6.847386583685875" lon="106.90962396562099">
        <ele>820.62255900000002</ele>
      </trkpt>
      <trkpt lat="-6.847420027479529" lon="106.90957811661065">
        <ele>819.18066399999998</ele>
      </trkpt>
      <trkpt lat="-6.847431259229779" lon="106.90950896590948">
        <ele>823.50659199999996</ele>
      </trkpt>
      <trkpt lat="-6.847453638911247" lon="106.90937016159296">
        <ele>823.98706100000004</ele>
      </trkpt>
      <trkpt lat="-6.847454980015755" lon="106.90934459678829">
        <ele>824.948486</ele>
      </trkpt>
      <trkpt lat="-6.847480125725269" lon="106.90931601449847">
        <ele>823.98706100000004</ele>
      </trkpt>
      <trkpt lat="-6.847503175958991" lon="106.90920813940465">
        <ele>821.58374000000003</ele>
      </trkpt>
      <trkpt lat="-6.847530333325267" lon="106.90913513302803">
        <ele>819.18066399999998</ele>
      </trkpt>
      <trkpt lat="-6.847611889243126" lon="106.90897746942937">
        <ele>820.62255900000002</ele>
      </trkpt>
      <trkpt lat="-6.847635274752975" lon="106.90893840976059">
        <ele>820.14184599999999</ele>
      </trkpt>
      <trkpt lat="-6.847668634727597" lon="106.90884931012988">
        <ele>816.29663100000005</ele>
      </trkpt>
      <trkpt lat="-6.84770735912025" lon="106.90869726240635">
        <ele>816.29663100000005</ele>
      </trkpt>
      <trkpt lat="-6.847815234214068" lon="106.90858628600836">
        <ele>819.18066399999998</ele>
      </trkpt>
      <trkpt lat="-6.847955714911223" lon="106.90843323245645">
        <ele>819.18066399999998</ele>
      </trkpt>
      <trkpt lat="-6.848126538097858" lon="106.90834228880703">
        <ele>818.69995100000006</ele>
      </trkpt>
      <trkpt lat="-6.848247824236751" lon="106.90828763879836">
        <ele>819.18066399999998</ele>
      </trkpt>
      <trkpt lat="-6.848311778157949" lon="106.90826123580337">
        <ele>813.89331100000004</ele>
      </trkpt>
      <trkpt lat="-6.848402721807361" lon="106.90823852084577">
        <ele>815.81616199999996</ele>
      </trkpt>
      <trkpt lat="-6.848644874989986" lon="106.9081178214401">
        <ele>811.97070299999996</ele>
      </trkpt>
      <trkpt lat="-6.848864564672113" lon="106.90782026387751">
        <ele>812.93212900000003</ele>
      </trkpt>
      <trkpt lat="-6.849070759490132" lon="106.90742061473429">
        <ele>813.89331100000004</ele>
      </trkpt>
      <trkpt lat="-6.849066903814673" lon="106.90741181373596">
        <ele>814.37402299999997</ele>
      </trkpt>
      <trkpt lat="-6.849092217162252" lon="106.90738683566451">
        <ele>816.77734399999997</ele>
      </trkpt>
      <trkpt lat="-6.849148962646723" lon="106.90732933580875">
        <ele>815.33544900000004</ele>
      </trkpt>
      <trkpt lat="-6.849526735022664" lon="106.90708768554032">
        <ele>812.45141599999999</ele>
      </trkpt>
      <trkpt lat="-6.849853880703449" lon="106.90702993422747">
        <ele>811.48999000000003</ele>
      </trkpt>
      <trkpt lat="-6.850195778533816" lon="106.90716655924916">
        <ele>810.52856399999996</ele>
      </trkpt>
      <trkpt lat="-6.850217320024967" lon="106.90718533471227">
        <ele>810.04785200000003</ele>
      </trkpt>
      <trkpt lat="-6.850317064672709" lon="106.90715029835701">
        <ele>809.56738299999995</ele>
      </trkpt>
      <trkpt lat="-6.850492497906089" lon="106.9067607074976">
        <ele>811.97070299999996</ele>
      </trkpt>
      <trkpt lat="-6.850581932812929" lon="106.90679616294801">
        <ele>811.48999000000003</ele>
      </trkpt>
      <trkpt lat="-6.850650161504746" lon="106.90676623955369">
        <ele>811.48999000000003</ele>
      </trkpt>
      <trkpt lat="-6.850753426551819" lon="106.90659231506288">
        <ele>811.009277</ele>
      </trkpt>
      <trkpt lat="-6.850874880328775" lon="106.90655778162181">
        <ele>810.04785200000003</ele>
      </trkpt>
      <trkpt lat="-6.850924082100391" lon="106.90656255930662">
        <ele>810.04785200000003</ele>
      </trkpt>
      <trkpt lat="-6.851138826459646" lon="106.90613298676908">
        <ele>808.60595699999999</ele>
      </trkpt>
      <trkpt lat="-6.851215939968824" lon="106.90596501342952">
        <ele>806.68335000000002</ele>
      </trkpt>
      <trkpt lat="-6.851315433159471" lon="106.90587700344622">
        <ele>806.20263699999998</ele>
      </trkpt>
      <trkpt lat="-6.851468989625573" lon="106.90565781667829">
        <ele>805.24145499999997</ele>
      </trkpt>
      <trkpt lat="-6.851482903584838" lon="106.9055346865207">
        <ele>804.76074200000005</ele>
      </trkpt>
      <trkpt lat="-6.851879116147757" lon="106.90520511008799">
        <ele>805.24145499999997</ele>
      </trkpt>
      <trkpt lat="-6.851947093382478" lon="106.9051612727344">
        <ele>803.79956100000004</ele>
      </trkpt>
      <trkpt lat="-6.851953798905015" lon="106.90515900962055">
        <ele>803.318848</ele>
      </trkpt>
      <trkpt lat="-6.852047340944409" lon="106.90511651337147">
        <ele>801.87695299999996</ele>
      </trkpt>
      <trkpt lat="-6.852204166352749" lon="106.90502749755979">
        <ele>806.68335000000002</ele>
      </trkpt>
      <trkpt lat="-6.852334588766098" lon="106.90484158694744">
        <ele>806.68335000000002</ele>
      </trkpt>
      <trkpt lat="-6.852556960657239" lon="106.90463413484395">
        <ele>804.28027299999997</ele>
      </trkpt>
      <trkpt lat="-6.852896679192781" lon="106.90436532720923">
        <ele>801.87695299999996</ele>
      </trkpt>
      <trkpt lat="-6.853370340541005" lon="106.90405041910708">
        <ele>802.35742200000004</ele>
      </trkpt>
      <trkpt lat="-6.853506462648511" lon="106.90393349155784">
        <ele>799.95434599999999</ele>
      </trkpt>
      <trkpt lat="-6.853532362729311" lon="106.9039164762944">
        <ele>799.47363299999995</ele>
      </trkpt>
      <trkpt lat="-6.85357041656971" lon="106.90387548878789">
        <ele>794.66674799999998</ele>
      </trkpt>
      <trkpt lat="-6.853695139288902" lon="106.90411546267569">
        <ele>793.70556599999998</ele>
      </trkpt>
      <trkpt lat="-6.853736881166697" lon="106.9042119383812">
        <ele>792.74438499999997</ele>
      </trkpt>
      <trkpt lat="-6.853908039629459" lon="106.90439969301224">
        <ele>791.78295900000001</ele>
      </trkpt>
      <trkpt lat="-6.854243231937289" lon="106.90438393503428">
        <ele>787.93774399999995</ele>
      </trkpt>
      <trkpt lat="-6.854306180030108" lon="106.90445937216282">
        <ele>786.49585000000002</ele>
      </trkpt>
      <trkpt lat="-6.85446459800005" lon="106.9047746155411">
        <ele>787.45703100000003</ele>
      </trkpt>
      <trkpt lat="-6.854524025693536" lon="106.90503872931004">
        <ele>786.97631799999999</ele>
      </trkpt>
      <trkpt lat="-6.854602480307221" lon="106.9050373043865">
        <ele>789.86035200000003</ele>
      </trkpt>
      <trkpt lat="-6.85470356605947" lon="106.90510737709701">
        <ele>789.379639</ele>
      </trkpt>
      <trkpt lat="-6.854714378714562" lon="106.90521097742021">
        <ele>792.74438499999997</ele>
      </trkpt>
      <trkpt lat="-6.854714211076498" lon="106.90522799268365">
        <ele>792.74438499999997</ele>
      </trkpt>
      <trkpt lat="-6.854693507775664" lon="106.90527342259884">
        <ele>795.14746100000002</ele>
      </trkpt>
      <trkpt lat="-6.854576580226421" lon="106.90551792271435">
        <ele>802.35742200000004</ele>
      </trkpt>
      <trkpt lat="-6.854639360681176" lon="106.90577457658947">
        <ele>804.76074200000005</ele>
      </trkpt>
      <trkpt lat="-6.854827031493187" lon="106.9060022290796">
        <ele>805.72216800000001</ele>
      </trkpt>
      <trkpt lat="-6.854991568252444" lon="106.90598471090198">
        <ele>805.72216800000001</ele>
      </trkpt>
      <trkpt lat="-6.855187704786658" lon="106.90594146028161">
        <ele>808.60595699999999</ele>
      </trkpt>
      <trkpt lat="-6.855638734996319" lon="106.90584657713771">
        <ele>816.77734399999997</ele>
      </trkpt>
      <trkpt lat="-6.855928581207991" lon="106.90572621300817">
        <ele>825.42895499999997</ele>
      </trkpt>
      <trkpt lat="-6.856193784624338" lon="106.9057107064873">
        <ele>825.90966800000001</ele>
      </trkpt>
      <trkpt lat="-6.856458988040686" lon="106.9056155718863">
        <ele>827.35180700000001</ele>
      </trkpt>
      <trkpt lat="-6.856761993840337" lon="106.90539680421352">
        <ele>833.60034199999996</ele>
      </trkpt>
      <trkpt lat="-6.857219729572535" lon="106.90526529215276">
        <ele>835.52294900000004</ele>
      </trkpt>
      <trkpt lat="-6.857661874964833" lon="106.90515004098415">
        <ele>835.04247999999995</ele>
      </trkpt>
      <trkpt lat="-6.858173841610551" lon="106.9050735142082">
        <ele>839.84887700000002</ele>
      </trkpt>
      <trkpt lat="-6.858307616785169" lon="106.90511802211404">
        <ele>852.82665999999995</ele>
      </trkpt>
      <trkpt lat="-6.858308538794518" lon="106.90511760301888">
        <ele>851.86547900000005</ele>
      </trkpt>
      <trkpt lat="-6.858274424448609" lon="106.90506856888533">
        <ele>844.17504899999994</ele>
      </trkpt>
      <trkpt lat="-6.85871958732605" lon="106.90488299354911">
        <ele>844.17504899999994</ele>
      </trkpt>
      <trkpt lat="-6.859670765697956" lon="106.9043565262109">
        <ele>842.25219700000002</ele>
      </trkpt>
      <trkpt lat="-6.859862627461553" lon="106.90420556813478">
        <ele>838.40698199999997</ele>
      </trkpt>
      <trkpt lat="-6.860222294926643" lon="106.9040478207171">
        <ele>837.92627000000005</ele>
      </trkpt>
      <trkpt lat="-6.860949760302901" lon="106.90364817157388">
        <ele>836.96484399999997</ele>
      </trkpt>
      <trkpt lat="-6.861775126308203" lon="106.90323259681463">
        <ele>831.67773399999999</ele>
      </trkpt>
      <trkpt lat="-6.862323889508843" lon="106.90296538174152">
        <ele>829.75512700000002</ele>
      </trkpt>
      <trkpt lat="-6.862984886392951" lon="106.902612503618">
        <ele>825.90966800000001</ele>
      </trkpt>
      <trkpt lat="-6.863953834399581" lon="106.90211453475058">
        <ele>823.50659199999996</ele>
      </trkpt>
      <trkpt lat="-6.864207806065679" lon="106.90207798965275">
        <ele>821.58374000000003</ele>
      </trkpt>
      <trkpt lat="-6.864329762756825" lon="106.90207798965275">
        <ele>821.10327099999995</ele>
      </trkpt>
      <trkpt lat="-6.865019509568811" lon="106.90197338350117">
        <ele>813.41284199999996</ele>
      </trkpt>
      <trkpt lat="-6.865442795678973" lon="106.90182477235794">
        <ele>807.16406199999994</ele>
      </trkpt>
      <trkpt lat="-6.865946296602488" lon="106.90139033831656">
        <ele>803.318848</ele>
      </trkpt>
      <trkpt lat="-6.866531604900956" lon="106.90086856484413">
        <ele>795.14746100000002</ele>
      </trkpt>
      <trkpt lat="-6.867064358666539" lon="106.9000190589577">
        <ele>782.65063499999997</ele>
      </trkpt>
      <trkpt lat="-6.867385469377041" lon="106.89998033456504">
        <ele>781.68920900000001</ele>
      </trkpt>
      <trkpt lat="-6.867555789649487" lon="106.89987547695637">
        <ele>781.68920900000001</ele>
      </trkpt>
      <trkpt lat="-6.867818813771009" lon="106.89971362240613">
        <ele>781.20874000000003</ele>
      </trkpt>
      <trkpt lat="-6.868044203147292" lon="106.89964036457241">
        <ele>780.728027</ele>
      </trkpt>
      <trkpt lat="-6.868246626108885" lon="106.89961798489094">
        <ele>779.76635699999997</ele>
      </trkpt>
      <trkpt lat="-6.868478134274483" lon="106.89959233626723">
        <ele>777.84375</ele>
      </trkpt>
      <trkpt lat="-6.868856577202678" lon="106.89965226687491">
        <ele>776.88256799999999</ele>
      </trkpt>
      <trkpt lat="-6.868856996297836" lon="106.89966098405421">
        <ele>777.84375</ele>
      </trkpt>
      <trkpt lat="-6.868793126195669" lon="106.89987815916538">
        <ele>778.32446300000004</ele>
      </trkpt>
      <trkpt lat="-6.868073875084519" lon="106.90067670308053">
        <ele>778.80517599999996</ele>
      </trkpt>
      <trkpt lat="-6.867773635312915" lon="106.90091776661575">
        <ele>778.80517599999996</ele>
      </trkpt>
      <trkpt lat="-6.867614379152656" lon="106.90115581266582">
        <ele>778.80517599999996</ele>
      </trkpt>
      <trkpt lat="-6.867594681680203" lon="106.9015278853476">
        <ele>778.32446300000004</ele>
      </trkpt>
      <trkpt lat="-6.867619995027781" lon="106.9015955273062">
        <ele>777.36328100000003</ele>
      </trkpt>
      <trkpt lat="-6.867660311982036" lon="106.90170298330486">
        <ele>776.40185499999995</ele>
      </trkpt>
      <trkpt lat="-6.867854185402393" lon="106.90202878788114">
        <ele>771.59521500000005</ele>
      </trkpt>
      <trkpt lat="-6.868294067680836" lon="106.90266061574221">
        <ele>769.67285200000003</ele>
      </trkpt>
      <trkpt lat="-6.868541333824396" lon="106.90304107032716">
        <ele>768.23071300000004</ele>
      </trkpt>
      <trkpt lat="-6.868927320465446" lon="106.90313218161464">
        <ele>766.30810499999995</ele>
      </trkpt>
      <trkpt lat="-6.870000623166561" lon="106.90311340615153">
        <ele>761.50146500000005</ele>
      </trkpt>
      <trkpt lat="-6.870254930108786" lon="106.90339956432581">
        <ele>762.46264599999995</ele>
      </trkpt>
      <trkpt lat="-6.870513092726469" lon="106.90367013216019">
        <ele>760.54003899999998</ele>
      </trkpt>
      <trkpt lat="-6.870513092726469" lon="106.90367013216019">
        <ele>757.17553699999996</ele>
      </trkpt>
      <trkpt lat="-6.870496161282063" lon="106.90367323346436">
        <ele>756.214111</ele>
      </trkpt>
      <trkpt lat="-6.870318213477731" lon="106.90374489873648">
        <ele>753.33032200000002</ele>
      </trkpt>
      <trkpt lat="-6.870076982304454" lon="106.9038419611752">
        <ele>753.33032200000002</ele>
      </trkpt>
      <trkpt lat="-6.869668364524841" lon="106.90400683321059">
        <ele>754.77221699999996</ele>
      </trkpt>
      <trkpt lat="-6.869064113125205" lon="106.90423808991909">
        <ele>753.33032200000002</ele>
      </trkpt>
      <trkpt lat="-6.868951879441738" lon="106.90412577241659">
        <ele>752.84960899999999</ele>
      </trkpt>
      <trkpt lat="-6.868793210014701" lon="106.9041635747999">
        <ele>753.33032200000002</ele>
      </trkpt>
      <trkpt lat="-6.8685048725456" lon="106.9044535048306">
        <ele>751.88842799999998</ele>
      </trkpt>
      <trkpt lat="-6.868230113759637" lon="106.90475156530738">
        <ele>757.17553699999996</ele>
      </trkpt>
      <trkpt lat="-6.868255930021405" lon="106.90513780340552">
        <ele>759.09814500000005</ele>
      </trkpt>
      <trkpt lat="-6.86831921339035" lon="106.90552429296076">
        <ele>762.46264599999995</ele>
      </trkpt>
      <trkpt lat="-6.868232376873493" lon="106.9057831261307">
        <ele>761.98217799999998</ele>
      </trkpt>
      <trkpt lat="-6.86804068274796" lon="106.90606450662017">
        <ele>761.98217799999998</ele>
      </trkpt>
      <trkpt lat="-6.867716973647475" lon="106.9062442984432">
        <ele>760.05932600000006</ele>
      </trkpt>
      <trkpt lat="-6.867281030863524" lon="106.90634320490062">
        <ele>760.05932600000006</ele>
      </trkpt>
      <trkpt lat="-6.867000740021467" lon="106.90642786212265">
        <ele>759.57885699999997</ele>
      </trkpt>
      <trkpt lat="-6.866614334285259" lon="106.90637337975204">
        <ele>754.29174799999998</ele>
      </trkpt>
      <trkpt lat="-6.866138996556401" lon="106.90638720989227">
        <ele>752.84960899999999</ele>
      </trkpt>
      <trkpt lat="-6.865830374881625" lon="106.90653288736939">
        <ele>751.40771500000005</ele>
      </trkpt>
      <trkpt lat="-6.865443382412195" lon="106.90662366338074">
        <ele>753.33032200000002</ele>
      </trkpt>
      <trkpt lat="-6.864971565082669" lon="106.90673916600645">
        <ele>756.214111</ele>
      </trkpt>
      <trkpt lat="-6.864569736644626" lon="106.90702549181879">
        <ele>761.50146500000005</ele>
      </trkpt>
      <trkpt lat="-6.864253403618932" lon="106.90708458423615">
        <ele>767.26953100000003</ele>
      </trkpt>
      <trkpt lat="-6.864153994247317" lon="106.90688752569258">
        <ele>775.92114300000003</ele>
      </trkpt>
      <trkpt lat="-6.864153491333127" lon="106.90667646937072">
        <ele>782.65063499999997</ele>
      </trkpt>
      <trkpt lat="-6.864160113036633" lon="106.90659030340612">
        <ele>783.61181599999998</ele>
      </trkpt>
      <trkpt lat="-6.864152317866683" lon="106.90644286572933">
        <ele>782.65063499999997</ele>
      </trkpt>
      <trkpt lat="-6.864167405292392" lon="106.90635116770864">
        <ele>783.13110400000005</ele>
      </trkpt>
      <trkpt lat="-6.86399188823998" lon="106.90622418187559">
        <ele>785.53442399999994</ele>
      </trkpt>
      <trkpt lat="-6.863859537988901" lon="106.90624002367258">
        <ele>786.97631799999999</ele>
      </trkpt>
      <trkpt lat="-6.863821567967534" lon="106.90624899230897">
        <ele>788.41845699999999</ele>
      </trkpt>
      <trkpt lat="-6.86380916275084" lon="106.90626751631498">
        <ele>792.26367200000004</ele>
      </trkpt>
      <trkpt lat="-6.863817125558853" lon="106.90627430565655">
        <ele>793.70556599999998</ele>
      </trkpt>
      <trkpt lat="-6.863826680928469" lon="106.90628478303552">
        <ele>796.10913100000005</ele>
      </trkpt>
      <trkpt lat="-6.86388828791678" lon="106.90627212636173">
        <ele>796.10913100000005</ele>
      </trkpt>
      <trkpt lat="-6.864161370322108" lon="106.90629651769996">
        <ele>793.70556599999998</ele>
      </trkpt>
      <trkpt lat="-6.864180229604244" lon="106.90636516548693">
        <ele>796.58984399999997</ele>
      </trkpt>
      <trkpt lat="-6.864182911813259" lon="106.9064028840512">
        <ele>794.18627900000001</ele>
      </trkpt>
      <trkpt lat="-6.86418148688972" lon="106.90658586099744">
        <ele>797.55102499999998</ele>
      </trkpt>
      <trkpt lat="-6.864179139956832" lon="106.90658728592098">
        <ele>796.10913100000005</ele>
      </trkpt>
      <trkpt lat="-6.864186767488718" lon="106.90660832449794">
        <ele>796.58984399999997</ele>
      </trkpt>
      <trkpt lat="-6.864189868792892" lon="106.90661067143083">
        <ele>794.66674799999998</ele>
      </trkpt>
      <trkpt lat="-6.864136559888721" lon="106.9063251838088">
        <ele>793.22485400000005</ele>
      </trkpt>
      <trkpt lat="-6.863862974569202" lon="106.90626449882984">
        <ele>790.82153300000004</ele>
      </trkpt>
      <trkpt lat="-6.863652337342501" lon="106.90629467368126">
        <ele>792.74438499999997</ele>
      </trkpt>
      <trkpt lat="-6.863351259380579" lon="106.906270198524">
        <ele>795.62817399999994</ele>
      </trkpt>
      <trkpt lat="-6.862971810624003" lon="106.90635208971798">
        <ele>797.55102499999998</ele>
      </trkpt>
      <trkpt lat="-6.862883968278766" lon="106.90639290958643">
        <ele>798.51220699999999</ele>
      </trkpt>
      <trkpt lat="-6.862528240308166" lon="106.90660991705954">
        <ele>802.35742200000004</ele>
      </trkpt>
      <trkpt lat="-6.86220939271152" lon="106.90675006248057">
        <ele>804.28027299999997</ele>
      </trkpt>
      <trkpt lat="-6.862080562859774" lon="106.90678208135068">
        <ele>808.12548800000002</ele>
      </trkpt>
      <trkpt lat="-6.861751740798354" lon="106.90690202638507">
        <ele>817.73852499999998</ele>
      </trkpt>
      <trkpt lat="-6.861358461901546" lon="106.90713043324649">
        <ele>820.62255900000002</ele>
      </trkpt>
      <trkpt lat="-6.861002733930945" lon="106.9073236361146">
        <ele>823.50659199999996</ele>
      </trkpt>
      <trkpt lat="-6.860650274902582" lon="106.90753527916968">
        <ele>825.42895499999997</ele>
      </trkpt>
      <trkpt lat="-6.860236963257194" lon="106.90773862414062">
        <ele>831.67773399999999</ele>
      </trkpt>
      <trkpt lat="-6.860144007951021" lon="106.90777709707618">
        <ele>832.63915999999995</ele>
      </trkpt>
      <trkpt lat="-6.860145516693592" lon="106.90778933465481">
        <ele>830.71655299999998</ele>
      </trkpt>
      <trkpt lat="-6.860147528350353" lon="106.90778179094195">
        <ele>834.56176800000003</ele>
      </trkpt>
      <trkpt lat="-6.860150378197432" lon="106.90777718089521">
        <ele>837.92627000000005</ele>
      </trkpt>
      <trkpt lat="-6.860135961323977" lon="106.90780232660472">
        <ele>826.87109399999997</ele>
      </trkpt>
      <trkpt lat="-6.860135039314628" lon="106.90779662691057">
        <ele>826.39038100000005</ele>
      </trkpt>
      <trkpt lat="-6.860126070678234" lon="106.90778505988419">
        <ele>825.90966800000001</ele>
      </trkpt>
      <trkpt lat="-6.860115090385079" lon="106.90779478289187">
        <ele>819.66137700000002</ele>
      </trkpt>
      <trkpt lat="-6.860116515308619" lon="106.90780073404312">
        <ele>827.35180700000001</ele>
      </trkpt>
      <trkpt lat="-6.860126238316298" lon="106.90778430551291">
        <ele>828.31323199999997</ele>
      </trkpt>
      <trkpt lat="-6.860130513086915" lon="106.90777977928519">
        <ele>829.27441399999998</ele>
      </trkpt>
      <trkpt lat="-6.859963713213801" lon="106.90782194025815">
        <ele>832.15844700000002</ele>
      </trkpt>
      <trkpt lat="-6.859897412359715" lon="106.90783887170255">
        <ele>833.11962900000003</ele>
      </trkpt>
      <trkpt lat="-6.85986983589828" lon="106.90787022002041">
        <ele>829.27441399999998</ele>
      </trkpt>
      <trkpt lat="-6.859871512278915" lon="106.90787172876298">
        <ele>830.71655299999998</ele>
      </trkpt>
      <trkpt lat="-6.859868494793773" lon="106.90787399187684">
        <ele>835.04247999999995</ele>
      </trkpt>
      <trkpt lat="-6.859871009364724" lon="106.90786292776465">
        <ele>831.67773399999999</ele>
      </trkpt>
      <trkpt lat="-6.859859861433506" lon="106.90784121863544">
        <ele>827.83227499999998</ele>
      </trkpt>
      <trkpt lat="-6.859942004084587" lon="106.90781380981207">
        <ele>830.71655299999998</ele>
      </trkpt>
      <trkpt lat="-6.859971089288592" lon="106.90788480453193">
        <ele>830.23584000000005</ele>
      </trkpt>
      <trkpt lat="-6.859947871416807" lon="106.90795638598502">
        <ele>829.75512700000002</ele>
      </trkpt>
      <trkpt lat="-6.859780233353376" lon="106.9081006385386">
        <ele>828.79394500000001</ele>
      </trkpt>
      <trkpt lat="-6.859338004142046" lon="106.90849467180669">
        <ele>824.948486</ele>
      </trkpt>
      <trkpt lat="-6.858950424939394" lon="106.90884034149349">
        <ele>825.90966800000001</ele>
      </trkpt>
      <trkpt lat="-6.859099036082625" lon="106.90872400067747">
        <ele>826.39038100000005</ele>
      </trkpt>
      <trkpt lat="-6.858704499900341" lon="106.90897352993488">
        <ele>825.90966800000001</ele>
      </trkpt>
      <trkpt lat="-6.858779517933726" lon="106.9089624658227">
        <ele>828.79394500000001</ele>
      </trkpt>
      <trkpt lat="-6.858722185716033" lon="106.90899289213121">
        <ele>829.75512700000002</ele>
      </trkpt>
      <trkpt lat="-6.858434434980154" lon="106.90918936394155">
        <ele>830.71655299999998</ele>
      </trkpt>
      <trkpt lat="-6.858090693131089" lon="106.90934962593019">
        <ele>826.39038100000005</ele>
      </trkpt>
      <trkpt lat="-6.857946272939444" lon="106.90940394066274">
        <ele>825.90966800000001</ele>
      </trkpt>
      <trkpt lat="-6.85787184163928" lon="106.90942539833486">
        <ele>833.11962900000003</ele>
      </trkpt>
      <trkpt lat="-6.857851138338447" lon="106.90942430868745">
        <ele>836.00366199999996</ele>
      </trkpt>
      <trkpt lat="-6.857393905520439" lon="106.9095267355442">
        <ele>843.69409199999996</ele>
      </trkpt>
      <trkpt lat="-6.857007583603263" lon="106.90965422429144">
        <ele>845.61694299999999</ele>
      </trkpt>
      <trkpt lat="-6.856630062684417" lon="106.90976201556623">
        <ele>844.65551800000003</ele>
      </trkpt>
      <trkpt lat="-6.856391178444028" lon="106.90979151986539">
        <ele>848.020264</ele>
      </trkpt>
      <trkpt lat="-6.856145840138197" lon="106.9097978901118">
        <ele>847.05883800000004</ele>
      </trkpt>
      <trkpt lat="-6.855884995311499" lon="106.9099033344537">
        <ele>847.05883800000004</ele>
      </trkpt>
      <trkpt lat="-6.855715680867434" lon="106.91000710241497">
        <ele>853.30737299999998</ele>
      </trkpt>
      <trkpt lat="-6.855581821873784" lon="106.91009578295052">
        <ele>855.22997999999995</ele>
      </trkpt>
      <trkpt lat="-6.855375710874796" lon="106.91027347929776">
        <ele>861.959473</ele>
      </trkpt>
      <trkpt lat="-6.855344278737903" lon="106.91030876711011">
        <ele>861.959473</ele>
      </trkpt>
      <trkpt lat="-6.855283258482814" lon="106.91032947041094">
        <ele>860.99804700000004</ele>
      </trkpt>
      <trkpt lat="-6.855092737823725" lon="106.9104889780283">
        <ele>866.28515600000003</ele>
      </trkpt>
      <trkpt lat="-6.854933816939592" lon="106.91067036241293">
        <ele>879.743652</ele>
      </trkpt>
      <trkpt lat="-6.854761317372322" lon="106.91084822639823">
        <ele>880.22436500000003</ele>
      </trkpt>
      <trkpt lat="-6.854686634615064" lon="106.91091863438487">
        <ele>879.26293899999996</ele>
      </trkpt>
      <trkpt lat="-6.854482535272837" lon="106.91114393994212">
        <ele>874.93701199999998</ele>
      </trkpt>
      <trkpt lat="-6.854205597192049" lon="106.91139103844762">
        <ele>880.22436500000003</ele>
      </trkpt>
      <trkpt lat="-6.854092525318265" lon="106.91150084137917">
        <ele>882.146973</ele>
      </trkpt>
      <trkpt lat="-6.854015998542309" lon="106.91160896793008">
        <ele>882.62768600000004</ele>
      </trkpt>
      <trkpt lat="-6.85387727804482" lon="106.91172170452774">
        <ele>887.43408199999999</ele>
      </trkpt>
      <trkpt lat="-6.853523394092917" lon="106.91202496178448">
        <ele>885.99218800000006</ele>
      </trkpt>
      <trkpt lat="-6.85315459035337" lon="106.91240139305592">
        <ele>885.99218800000006</ele>
      </trkpt>
      <trkpt lat="-6.852822164073587" lon="106.91273180767894">
        <ele>885.03100600000005</ele>
      </trkpt>
      <trkpt lat="-6.852566264569759" lon="106.91300698556006">
        <ele>885.99218800000006</ele>
      </trkpt>
      <trkpt lat="-6.852380018681288" lon="106.9132087379694">
        <ele>887.43408199999999</ele>
      </trkpt>
      <trkpt lat="-6.852365769445896" lon="106.91321225836873">
        <ele>885.03100600000005</ele>
      </trkpt>
      <trkpt lat="-6.852321261540055" lon="106.91331711597741">
        <ele>892.24096699999996</ele>
      </trkpt>
      <trkpt lat="-6.852119592949748" lon="106.9135850854218">
        <ele>890.79858400000001</ele>
      </trkpt>
      <trkpt lat="-6.851838883012533" lon="106.91379521973431">
        <ele>891.76000999999997</ele>
      </trkpt>
      <trkpt lat="-6.851587509736419" lon="106.91396470181644">
        <ele>896.08618200000001</ele>
      </trkpt>
      <trkpt lat="-6.851455913856626" lon="106.91418724134564">
        <ele>898.00878899999998</ele>
      </trkpt>
      <trkpt lat="-6.851190878078342" lon="106.91433970816433">
        <ele>898.96997099999999</ele>
      </trkpt>
      <trkpt lat="-6.850903462618589" lon="106.91459116525948">
        <ele>899.45068400000002</ele>
      </trkpt>
      <trkpt lat="-6.850690059363842" lon="106.91487246192992">
        <ele>903.29589799999997</ele>
      </trkpt>
      <trkpt lat="-6.850501215085387" lon="106.91510908305645">
        <ele>908.58325200000002</ele>
      </trkpt>
      <trkpt lat="-6.850508004426956" lon="106.91522668115795">
        <ele>910.02514599999995</ele>
      </trkpt>
      <trkpt lat="-6.850529462099075" lon="106.91523539833724">
        <ele>909.54467799999998</ele>
      </trkpt>
      <trkpt lat="-6.850552009418607" lon="106.9152894616127">
        <ele>907.62182600000006</ele>
      </trkpt>
      <trkpt lat="-6.850494593381882" lon="106.91534386016428">
        <ele>910.50585899999999</ele>
      </trkpt>
      <trkpt lat="-6.850478583946824" lon="106.91536783240736">
        <ele>910.98657200000002</ele>
      </trkpt>
      <trkpt lat="-6.850330140441656" lon="106.91549548879266">
        <ele>916.27368200000001</ele>
      </trkpt>
      <trkpt lat="-6.85032200999558" lon="106.91549833863974">
        <ele>916.27368200000001</ele>
      </trkpt>
      <trkpt lat="-6.850151438266039" lon="106.91578357480466">
        <ele>921.56079099999999</ele>
      </trkpt>
      <trkpt lat="-6.850141296163201" lon="106.91583847627044">
        <ele>926.848389</ele>
      </trkpt>
      <trkpt lat="-6.850107936188579" lon="106.91573923453689">
        <ele>931.65478499999995</ele>
      </trkpt>
      <trkpt lat="-6.850251937285066" lon="106.91525124013424">
        <ele>924.92578100000003</ele>
      </trkpt>
      <trkpt lat="-6.850307676941156" lon="106.91523414105177">
        <ele>923.48364300000003</ele>
      </trkpt>
      <trkpt lat="-6.850143559277058" lon="106.91534042358398">
        <ele>925.40625</ele>
      </trkpt>
      <trkpt lat="-6.849842062219977" lon="106.91552960313857">
        <ele>927.80957000000001</ele>
      </trkpt>
      <trkpt lat="-6.849359096959233" lon="106.91576580516994">
        <ele>934.53881799999999</ele>
      </trkpt>
      <trkpt lat="-6.849088529124856" lon="106.91601097583771">
        <ele>933.57739300000003</ele>
      </trkpt>
      <trkpt lat="-6.848787702620029" lon="106.91630316898227">
        <ele>930.69360400000005</ele>
      </trkpt>
      <trkpt lat="-6.848728861659765" lon="106.91643945872784">
        <ele>928.29028300000004</ele>
      </trkpt>
      <trkpt lat="-6.848611263558269" lon="106.91651984117925">
        <ele>925.88696300000004</ele>
      </trkpt>
      <trkpt lat="-6.848607240244746" lon="106.91651715897024">
        <ele>925.88696300000004</ele>
      </trkpt>
      <trkpt lat="-6.848365841433406" lon="106.91662050783634">
        <ele>925.40625</ele>
      </trkpt>
      <trkpt lat="-6.848283112049103" lon="106.91662587225437">
        <ele>931.17431599999998</ele>
      </trkpt>
      <trkpt lat="-6.848128633573651" lon="106.91665261052549">
        <ele>932.13549799999998</ele>
      </trkpt>
      <trkpt lat="-6.848055962473154" lon="106.91667331382632">
        <ele>931.17431599999998</ele>
      </trkpt>
      <trkpt lat="-6.847797464579344" lon="106.91671270877123">
        <ele>930.21289100000001</ele>
      </trkpt>
      <trkpt lat="-6.847669137641788" lon="106.91675771959126">
        <ele>926.36767599999996</ele>
      </trkpt>
      <trkpt lat="-6.847560424357653" lon="106.91676082089543">
        <ele>928.29028300000004</ele>
      </trkpt>
      <trkpt lat="-6.847433438524604" lon="106.91674238070846">
        <ele>930.21289100000001</ele>
      </trkpt>
      <trkpt lat="-6.847279882058501" lon="106.91674640402198">
        <ele>935.01953100000003</ele>
      </trkpt>
      <trkpt lat="-6.84719673357904" lon="106.91673383116722">
        <ele>940.78735400000005</ele>
      </trkpt>
      <trkpt lat="-6.847210396081209" lon="106.91668697632849">
        <ele>949.91992200000004</ele>
      </trkpt>
      <trkpt lat="-6.847079219296575" lon="106.91645085811615">
        <ele>947.035889</ele>
      </trkpt>
    </trkseg>
  </trk>

</gpx>