<?xml version="1.0" encoding="utf-8"?><gpx creator="Garmin Desktop App" version="1.1" xsi:schemaLocation="http://www.topografix.com/GPX/1/1 http://www.topografix.com/GPX/1/1/gpx.xsd http://www.garmin.com/xmlschemas/WaypointExtension/v1 http://www8.garmin.com/xmlschemas/WaypointExtensionv1.xsd http://www.garmin.com/xmlschemas/TrackPointExtension/v1 http://www.garmin.com/xmlschemas/TrackPointExtensionv1.xsd http://www.garmin.com/xmlschemas/GpxExtensions/v3 http://www8.garmin.com/xmlschemas/GpxExtensionsv3.xsd http://www.garmin.com/xmlschemas/ActivityExtension/v1 http://www8.garmin.com/xmlschemas/ActivityExtensionv1.xsd http://www.garmin.com/xmlschemas/AdventuresExtensions/v1 http://www8.garmin.com/xmlschemas/AdventuresExtensionv1.xsd http://www.garmin.com/xmlschemas/PressureExtension/v1 http://www.garmin.com/xmlschemas/PressureExtensionv1.xsd http://www.garmin.com/xmlschemas/TripExtensions/v1 http://www.garmin.com/xmlschemas/TripExtensionsv1.xsd http://www.garmin.com/xmlschemas/TripMetaDataExtensions/v1 http://www.garmin.com/xmlschemas/TripMetaDataExtensionsv1.xsd http://www.garmin.com/xmlschemas/ViaPointTransportationModeExtensions/v1 http://www.garmin.com/xmlschemas/ViaPointTransportationModeExtensionsv1.xsd http://www.garmin.com/xmlschemas/CreationTimeExtension/v1 http://www.garmin.com/xmlschemas/CreationTimeExtensionsv1.xsd http://www.garmin.com/xmlschemas/AccelerationExtension/v1 http://www.garmin.com/xmlschemas/AccelerationExtensionv1.xsd http://www.garmin.com/xmlschemas/PowerExtension/v1 http://www.garmin.com/xmlschemas/PowerExtensionv1.xsd http://www.garmin.com/xmlschemas/VideoExtension/v1 http://www.garmin.com/xmlschemas/VideoExtensionv1.xsd" xmlns="http://www.topografix.com/GPX/1/1" xmlns:xsi="http://www.w3.org/2001/XMLSchema-instance" xmlns:wptx1="http://www.garmin.com/xmlschemas/WaypointExtension/v1" xmlns:gpxtrx="http://www.garmin.com/xmlschemas/GpxExtensions/v3" xmlns:gpxtpx="http://www.garmin.com/xmlschemas/TrackPointExtension/v1" xmlns:gpxx="http://www.garmin.com/xmlschemas/GpxExtensions/v3" xmlns:trp="http://www.garmin.com/xmlschemas/TripExtensions/v1" xmlns:adv="http://www.garmin.com/xmlschemas/AdventuresExtensions/v1" xmlns:prs="http://www.garmin.com/xmlschemas/PressureExtension/v1" xmlns:tmd="http://www.garmin.com/xmlschemas/TripMetaDataExtensions/v1" xmlns:vptm="http://www.garmin.com/xmlschemas/ViaPointTransportationModeExtensions/v1" xmlns:ctx="http://www.garmin.com/xmlschemas/CreationTimeExtension/v1" xmlns:gpxacc="http://www.garmin.com/xmlschemas/AccelerationExtension/v1" xmlns:gpxpx="http://www.garmin.com/xmlschemas/PowerExtension/v1" xmlns:vidx1="http://www.garmin.com/xmlschemas/VideoExtension/v1">

  <metadata>
    <link href="http://www.garmin.com">
      <text>Garmin International</text>
    </link>
    <time>2017-10-04T07:16:12Z</time>
    <bounds maxlat="-7.142639039084315" maxlon="107.89590599946678" minlat="-7.190520996227861" minlon="107.82001415267587" />
  </metadata>

  <wpt lat="-7.153641963377595" lon="107.85279803909361">
    <ele>1896.3099999999999</ele>
    <time>2017-10-03T22:33:12Z</time>
    <name>Batu Besar</name>
    <cmt>Waypoint no: 1</cmt>
    <desc>Waypoint no: 1</desc>
    <sym>Flag, Blue</sym>
    <type>user</type>
    <extensions>
      <gpxx:WaypointExtension>
        <gpxx:DisplayMode>SymbolAndName</gpxx:DisplayMode>
      </gpxx:WaypointExtension>
      <wptx1:WaypointExtension>
        <wptx1:DisplayMode>SymbolAndName</wptx1:DisplayMode>
      </wptx1:WaypointExtension>
      <ctx:CreationTimeExtension>
        <ctx:CreationTime>2017-10-03T22:33:12Z</ctx:CreationTime>
      </ctx:CreationTimeExtension>
    </extensions>
  </wpt>

  <wpt lat="-7.146406788378954" lon="107.84419476985931">
    <ele>2171</ele>
    <time>2017-10-03T22:34:34Z</time>
    <name>Camping area</name>
    <cmt>Waypoint no: 3</cmt>
    <desc>Waypoint no: 3</desc>
    <sym>Flag, Blue</sym>
    <type>user</type>
    <extensions>
      <gpxx:WaypointExtension>
        <gpxx:DisplayMode>SymbolAndName</gpxx:DisplayMode>
      </gpxx:WaypointExtension>
      <wptx1:WaypointExtension>
        <wptx1:DisplayMode>SymbolAndName</wptx1:DisplayMode>
      </wptx1:WaypointExtension>
      <ctx:CreationTimeExtension>
        <ctx:CreationTime>2017-10-03T22:34:34Z</ctx:CreationTime>
      </ctx:CreationTimeExtension>
    </extensions>
  </wpt>

  <wpt lat="-7.166115660220385" lon="107.83861703239381">
    <ele>1403</ele>
    <time>2017-10-03T22:34:34Z</time>
    <name>Cikahuripan</name>
    <cmt>Waypoint no: 2</cmt>
    <desc>Waypoint no: 2</desc>
    <sym>Flag, Blue</sym>
    <type>user</type>
    <extensions>
      <gpxx:WaypointExtension>
        <gpxx:DisplayMode>SymbolAndName</gpxx:DisplayMode>
      </gpxx:WaypointExtension>
      <wptx1:WaypointExtension>
        <wptx1:DisplayMode>SymbolAndName</wptx1:DisplayMode>
      </wptx1:WaypointExtension>
      <ctx:CreationTimeExtension>
        <ctx:CreationTime>2017-10-03T22:34:34Z</ctx:CreationTime>
      </ctx:CreationTimeExtension>
    </extensions>
  </wpt>

  <wpt lat="-7.157364031299949" lon="107.8660349920392">
    <ele>1184.22</ele>
    <time>2017-10-03T22:33:12Z</time>
    <name>Curug Citiis</name>
    <cmt>Waypoint no: 2</cmt>
    <desc>Waypoint no: 2</desc>
    <sym>Flag, Blue</sym>
    <type>user</type>
    <extensions>
      <gpxx:WaypointExtension>
        <gpxx:DisplayMode>SymbolAndName</gpxx:DisplayMode>
      </gpxx:WaypointExtension>
      <wptx1:WaypointExtension>
        <wptx1:DisplayMode>SymbolAndName</wptx1:DisplayMode>
      </wptx1:WaypointExtension>
      <ctx:CreationTimeExtension>
        <ctx:CreationTime>2017-10-03T22:33:12Z</ctx:CreationTime>
      </ctx:CreationTimeExtension>
    </extensions>
  </wpt>

  <wpt lat="-7.144233025610447" lon="107.84472500905395">
    <ele>2145</ele>
    <time>2017-10-03T22:33:12Z</time>
    <name>Kawah</name>
    <cmt>Waypoint no: 3</cmt>
    <desc>Waypoint no: 3</desc>
    <sym>Flag, Blue</sym>
    <type>user</type>
    <extensions>
      <gpxx:WaypointExtension>
        <gpxx:DisplayMode>SymbolAndName</gpxx:DisplayMode>
      </gpxx:WaypointExtension>
      <wptx1:WaypointExtension>
        <wptx1:DisplayMode>SymbolAndName</wptx1:DisplayMode>
      </wptx1:WaypointExtension>
      <ctx:CreationTimeExtension>
        <ctx:CreationTime>2017-10-03T22:33:12Z</ctx:CreationTime>
      </ctx:CreationTimeExtension>
    </extensions>
  </wpt>

  <wpt lat="-7.144233444705606" lon="107.84472534433007">
    <ele>2145</ele>
    <time>2017-10-03T22:34:34Z</time>
    <name>Masigit crater</name>
    <cmt>Waypoint no: 4</cmt>
    <desc>Waypoint no: 4</desc>
    <sym>Flag, Blue</sym>
    <type>user</type>
    <extensions>
      <gpxx:WaypointExtension>
        <gpxx:DisplayMode>SymbolAndName</gpxx:DisplayMode>
      </gpxx:WaypointExtension>
      <wptx1:WaypointExtension>
        <wptx1:DisplayMode>SymbolAndName</wptx1:DisplayMode>
      </wptx1:WaypointExtension>
      <ctx:CreationTimeExtension>
        <ctx:CreationTime>2017-10-03T22:34:34Z</ctx:CreationTime>
      </ctx:CreationTimeExtension>
    </extensions>
  </wpt>

  <wpt lat="-7.14692403562367" lon="107.84418999217451">
    <ele>2170.5300000000002</ele>
    <time>2017-10-03T22:33:12Z</time>
    <name>Pemakaman</name>
    <cmt>Waypoint no: 4</cmt>
    <desc>Waypoint no: 4</desc>
    <sym>Flag, Blue</sym>
    <type>user</type>
    <extensions>
      <gpxx:WaypointExtension>
        <gpxx:DisplayMode>SymbolAndName</gpxx:DisplayMode>
      </gpxx:WaypointExtension>
      <wptx1:WaypointExtension>
        <wptx1:DisplayMode>SymbolAndName</wptx1:DisplayMode>
      </wptx1:WaypointExtension>
      <ctx:CreationTimeExtension>
        <ctx:CreationTime>2017-10-03T22:33:12Z</ctx:CreationTime>
      </ctx:CreationTimeExtension>
    </extensions>
  </wpt>

  <wpt lat="-7.149465009570122" lon="107.8458549734205">
    <ele>0</ele>
    <time>2017-10-03T22:33:12Z</time>
    <name>Puncak 2</name>
    <cmt>Waypoint no: 5</cmt>
    <desc>Waypoint no: 5</desc>
    <sym>Flag, Blue</sym>
    <type>user</type>
    <extensions>
      <gpxx:WaypointExtension>
        <gpxx:DisplayMode>SymbolAndName</gpxx:DisplayMode>
      </gpxx:WaypointExtension>
      <wptx1:WaypointExtension>
        <wptx1:DisplayMode>SymbolAndName</wptx1:DisplayMode>
      </wptx1:WaypointExtension>
      <ctx:CreationTimeExtension>
        <ctx:CreationTime>2017-10-03T22:33:12Z</ctx:CreationTime>
      </ctx:CreationTimeExtension>
    </extensions>
  </wpt>

  <wpt lat="-7.144650025293231" lon="107.84401296637952">
    <ele>2213.3000000000002</ele>
    <time>2017-10-03T22:33:12Z</time>
    <name>Puncak 3</name>
    <cmt>Waypoint no: 6</cmt>
    <desc>Waypoint no: 6</desc>
    <sym>Flag, Blue</sym>
    <type>user</type>
    <extensions>
      <gpxx:WaypointExtension>
        <gpxx:DisplayMode>SymbolAndName</gpxx:DisplayMode>
      </gpxx:WaypointExtension>
      <wptx1:WaypointExtension>
        <wptx1:DisplayMode>SymbolAndName</wptx1:DisplayMode>
      </wptx1:WaypointExtension>
      <ctx:CreationTimeExtension>
        <ctx:CreationTime>2017-10-03T22:33:12Z</ctx:CreationTime>
      </ctx:CreationTimeExtension>
    </extensions>
  </wpt>

  <wpt lat="-7.152308989316225" lon="107.84869903698564">
    <ele>2053.4899999999998</ele>
    <time>2017-10-03T22:33:12Z</time>
    <name>Puncak Guntur</name>
    <cmt>Waypoint no: 7</cmt>
    <desc>Waypoint no: 7</desc>
    <sym>Flag, Blue</sym>
    <type>user</type>
    <extensions>
      <gpxx:WaypointExtension>
        <gpxx:DisplayMode>SymbolAndName</gpxx:DisplayMode>
      </gpxx:WaypointExtension>
      <wptx1:WaypointExtension>
        <wptx1:DisplayMode>SymbolAndName</wptx1:DisplayMode>
      </wptx1:WaypointExtension>
      <ctx:CreationTimeExtension>
        <ctx:CreationTime>2017-10-03T22:33:12Z</ctx:CreationTime>
      </ctx:CreationTimeExtension>
    </extensions>
  </wpt>

  <wpt lat="-7.146881958469749" lon="107.84135104157031">
    <ele>2186.8699999999999</ele>
    <time>2017-10-03T22:33:12Z</time>
    <name>Sensor Gn.Api</name>
    <cmt>Waypoint no: 9</cmt>
    <desc>Waypoint no: 9</desc>
    <sym>Flag, Blue</sym>
    <type>user</type>
    <extensions>
      <gpxx:WaypointExtension>
        <gpxx:DisplayMode>SymbolAndName</gpxx:DisplayMode>
      </gpxx:WaypointExtension>
      <wptx1:WaypointExtension>
        <wptx1:DisplayMode>SymbolAndName</wptx1:DisplayMode>
      </wptx1:WaypointExtension>
      <ctx:CreationTimeExtension>
        <ctx:CreationTime>2017-10-03T22:33:12Z</ctx:CreationTime>
      </ctx:CreationTimeExtension>
    </extensions>
  </wpt>

  <wpt lat="-7.15945296920836" lon="107.82135902903974">
    <ele>1601.6700000000001</ele>
    <time>2017-10-03T22:40:48Z</time>
    <name>Start (Cibeureum)</name>
    <cmt>02-OCT-11 18:03:49</cmt>
    <desc>02-OCT-11 18:03:49</desc>
    <sym>Flag, Blue</sym>
    <type>user</type>
    <extensions>
      <gpxx:WaypointExtension>
        <gpxx:DisplayMode>SymbolAndName</gpxx:DisplayMode>
      </gpxx:WaypointExtension>
      <wptx1:WaypointExtension>
        <wptx1:DisplayMode>SymbolAndName</wptx1:DisplayMode>
      </wptx1:WaypointExtension>
      <ctx:CreationTimeExtension>
        <ctx:CreationTime>2017-10-03T22:40:48Z</ctx:CreationTime>
      </ctx:CreationTimeExtension>
    </extensions>
  </wpt>

  <wpt lat="-7.142639541998506" lon="107.84125749953091">
    <ele>2258</ele>
    <time>2017-10-03T22:34:34Z</time>
    <name>summit</name>
    <cmt>Waypoint no: 5</cmt>
    <desc>Waypoint no: 5</desc>
    <sym>Flag, Blue</sym>
    <type>user</type>
    <extensions>
      <gpxx:WaypointExtension>
        <gpxx:DisplayMode>SymbolAndName</gpxx:DisplayMode>
      </gpxx:WaypointExtension>
      <wptx1:WaypointExtension>
        <wptx1:DisplayMode>SymbolAndName</wptx1:DisplayMode>
      </wptx1:WaypointExtension>
      <ctx:CreationTimeExtension>
        <ctx:CreationTime>2017-10-03T22:34:34Z</ctx:CreationTime>
      </ctx:CreationTimeExtension>
    </extensions>
  </wpt>

  <wpt lat="-7.142639039084315" lon="107.84125699661672">
    <ele>2258.0100000000002</ele>
    <time>2017-10-03T22:40:48Z</time>
    <name>Summit (Guntur Masigit)</name>
    <cmt>summit</cmt>
    <desc>summit</desc>
    <sym>Flag, Blue</sym>
    <type>user</type>
    <extensions>
      <gpxx:WaypointExtension>
        <gpxx:DisplayMode>SymbolAndName</gpxx:DisplayMode>
      </gpxx:WaypointExtension>
      <wptx1:WaypointExtension>
        <wptx1:DisplayMode>SymbolAndName</wptx1:DisplayMode>
      </wptx1:WaypointExtension>
      <ctx:CreationTimeExtension>
        <ctx:CreationTime>2017-10-03T22:40:48Z</ctx:CreationTime>
      </ctx:CreationTimeExtension>
    </extensions>
  </wpt>

  <wpt lat="-7.190520828589797" lon="107.82001750543714">
    <ele>1063</ele>
    <time>2017-10-03T22:34:34Z</time>
    <name>Tanjung Karya</name>
    <cmt>Waypoint no: 1</cmt>
    <desc>Waypoint no: 1</desc>
    <sym>Flag, Blue</sym>
    <type>user</type>
    <extensions>
      <gpxx:WaypointExtension>
        <gpxx:DisplayMode>SymbolAndName</gpxx:DisplayMode>
      </gpxx:WaypointExtension>
      <wptx1:WaypointExtension>
        <wptx1:DisplayMode>SymbolAndName</wptx1:DisplayMode>
      </wptx1:WaypointExtension>
      <ctx:CreationTimeExtension>
        <ctx:CreationTime>2017-10-03T22:34:34Z</ctx:CreationTime>
      </ctx:CreationTimeExtension>
    </extensions>
  </wpt>

  <wpt lat="-7.168443985283375" lon="107.89590599946678">
    <ele>745.62</ele>
    <time>2017-10-03T22:33:12Z</time>
    <name>Warung Tanjung</name>
    <cmt>Waypoint no: 10</cmt>
    <desc>Waypoint no: 10</desc>
    <sym>Flag, Blue</sym>
    <type>user</type>
    <extensions>
      <gpxx:WaypointExtension>
        <gpxx:DisplayMode>SymbolAndName</gpxx:DisplayMode>
      </gpxx:WaypointExtension>
      <wptx1:WaypointExtension>
        <wptx1:DisplayMode>SymbolAndName</wptx1:DisplayMode>
      </wptx1:WaypointExtension>
      <ctx:CreationTimeExtension>
        <ctx:CreationTime>2017-10-03T22:33:12Z</ctx:CreationTime>
      </ctx:CreationTimeExtension>
    </extensions>
  </wpt>

  <trk>
    <name>Guntur Cibeureum</name>
    <desc>This is track no: 1</desc>
    <extensions>
      <gpxx:TrackExtension>
        <gpxx:DisplayColor>DarkGray</gpxx:DisplayColor>
      </gpxx:TrackExtension>
    </extensions>
    <trkseg>
      <trkpt lat="-7.15945296920836" lon="107.8213560115546">
        <ele>1608.9000000000001</ele>
      </trkpt>
      <trkpt lat="-7.15945296920836" lon="107.8213560115546">
        <ele>1608.903564</ele>
      </trkpt>
      <trkpt lat="-7.159424973651767" lon="107.82131401821971">
        <ele>1607.9400000000001</ele>
      </trkpt>
      <trkpt lat="-7.159424973651767" lon="107.82131401821971">
        <ele>1607.9423830000001</ele>
      </trkpt>
      <trkpt lat="-7.159396978095174" lon="107.82131896354258">
        <ele>1608.4200000000001</ele>
      </trkpt>
      <trkpt lat="-7.159396978095174" lon="107.82131896354258">
        <ele>1608.4228519999999</ele>
      </trkpt>
      <trkpt lat="-7.159320032224059" lon="107.82141401432455">
        <ele>1609.3800000000001</ele>
      </trkpt>
      <trkpt lat="-7.159320032224059" lon="107.82141401432455">
        <ele>1609.3842770000001</ele>
      </trkpt>
      <trkpt lat="-7.159220958128572" lon="107.82152499072254">
        <ele>1611.79</ele>
      </trkpt>
      <trkpt lat="-7.159220958128572" lon="107.82152499072254">
        <ele>1611.7875979999999</ele>
      </trkpt>
      <trkpt lat="-7.159150969237089" lon="107.82162800431252">
        <ele>1613.23</ele>
      </trkpt>
      <trkpt lat="-7.159150969237089" lon="107.82162800431252">
        <ele>1613.229736</ele>
      </trkpt>
      <trkpt lat="-7.159077962860465" lon="107.82171199098229">
        <ele>1615.1500000000001</ele>
      </trkpt>
      <trkpt lat="-7.159077962860465" lon="107.82171199098229">
        <ele>1615.1523440000001</ele>
      </trkpt>
      <trkpt lat="-7.158982995897532" lon="107.82183998264372">
        <ele>1616.5899999999999</ele>
      </trkpt>
      <trkpt lat="-7.158982995897532" lon="107.82183998264372">
        <ele>1616.5942379999999</ele>
      </trkpt>
      <trkpt lat="-7.158928010612726" lon="107.82195498235524">
        <ele>1618.04</ele>
      </trkpt>
      <trkpt lat="-7.158928010612726" lon="107.82195498235524">
        <ele>1618.0361330000001</ele>
      </trkpt>
      <trkpt lat="-7.158884005621076" lon="107.8220590017736">
        <ele>1619</ele>
      </trkpt>
      <trkpt lat="-7.158884005621076" lon="107.8220590017736">
        <ele>1618.9975589999999</ele>
      </trkpt>
      <trkpt lat="-7.158860033378005" lon="107.82208004035056">
        <ele>1618.04</ele>
      </trkpt>
      <trkpt lat="-7.158860033378005" lon="107.82208004035056">
        <ele>1618.0361330000001</ele>
      </trkpt>
      <trkpt lat="-7.158818040043116" lon="107.82216696068645">
        <ele>1620.4400000000001</ele>
      </trkpt>
      <trkpt lat="-7.158818040043116" lon="107.82216696068645">
        <ele>1620.439453</ele>
      </trkpt>
      <trkpt lat="-7.158801024779677" lon="107.82222898676991">
        <ele>1621.4000000000001</ele>
      </trkpt>
      <trkpt lat="-7.158801024779677" lon="107.82222898676991">
        <ele>1621.400635</ele>
      </trkpt>
      <trkpt lat="-7.158750984817743" lon="107.82232403755188">
        <ele>1622.3599999999999</ele>
      </trkpt>
      <trkpt lat="-7.158750984817743" lon="107.82232403755188">
        <ele>1622.362061</ele>
      </trkpt>
      <trkpt lat="-7.158705973997712" lon="107.82244096510112">
        <ele>1625.25</ele>
      </trkpt>
      <trkpt lat="-7.158705973997712" lon="107.82244096510112">
        <ele>1625.24585</ele>
      </trkpt>
      <trkpt lat="-7.158683007583022" lon="107.82248999923468">
        <ele>1626.21</ele>
      </trkpt>
      <trkpt lat="-7.158683007583022" lon="107.82248999923468">
        <ele>1626.207275</ele>
      </trkpt>
      <trkpt lat="-7.158643025904894" lon="107.8226129617542">
        <ele>1627.6500000000001</ele>
      </trkpt>
      <trkpt lat="-7.158643025904894" lon="107.8226129617542">
        <ele>1627.6491699999999</ele>
      </trkpt>
      <trkpt lat="-7.15863699093461" lon="107.82272997312248">
        <ele>1629.0899999999999</ele>
      </trkpt>
      <trkpt lat="-7.15863699093461" lon="107.82272997312248">
        <ele>1629.0913089999999</ele>
      </trkpt>
      <trkpt lat="-7.158616036176682" lon="107.82280599698424">
        <ele>1629.0899999999999</ele>
      </trkpt>
      <trkpt lat="-7.158616036176682" lon="107.82280599698424">
        <ele>1629.0913089999999</ele>
      </trkpt>
      <trkpt lat="-7.158617964014411" lon="107.82282502390444">
        <ele>1631.49</ele>
      </trkpt>
      <trkpt lat="-7.158617964014411" lon="107.82282502390444">
        <ele>1631.494629</ele>
      </trkpt>
      <trkpt lat="-7.158577982336283" lon="107.82294396311045">
        <ele>1632.46</ele>
      </trkpt>
      <trkpt lat="-7.158577982336283" lon="107.82294396311045">
        <ele>1632.4560550000001</ele>
      </trkpt>
      <trkpt lat="-7.158511010929942" lon="107.82304898835719">
        <ele>1632.46</ele>
      </trkpt>
      <trkpt lat="-7.158511010929942" lon="107.82304898835719">
        <ele>1632.4560550000001</ele>
      </trkpt>
      <trkpt lat="-7.158473040908575" lon="107.82314202748239">
        <ele>1633.9000000000001</ele>
      </trkpt>
      <trkpt lat="-7.158473040908575" lon="107.82314202748239">
        <ele>1633.8979489999999</ele>
      </trkpt>
      <trkpt lat="-7.158410008996725" lon="107.82320799306035">
        <ele>1635.3399999999999</ele>
      </trkpt>
      <trkpt lat="-7.158410008996725" lon="107.82320799306035">
        <ele>1635.3398440000001</ele>
      </trkpt>
      <trkpt lat="-7.158383019268513" lon="107.82328200526536">
        <ele>1637.26</ele>
      </trkpt>
      <trkpt lat="-7.158383019268513" lon="107.82328200526536">
        <ele>1637.2624510000001</ele>
      </trkpt>
      <trkpt lat="-7.158376984298229" lon="107.82331796362996">
        <ele>1638.22</ele>
      </trkpt>
      <trkpt lat="-7.158376984298229" lon="107.82331796362996">
        <ele>1638.2238769999999</ele>
      </trkpt>
      <trkpt lat="-7.158381007611752" lon="107.82334998250008">
        <ele>1639.6700000000001</ele>
      </trkpt>
      <trkpt lat="-7.158381007611752" lon="107.82334998250008">
        <ele>1639.6657709999999</ele>
      </trkpt>
      <trkpt lat="-7.158382013440132" lon="107.82338099554181">
        <ele>1644.47</ele>
      </trkpt>
      <trkpt lat="-7.158382013440132" lon="107.82338099554181">
        <ele>1644.4724120000001</ele>
      </trkpt>
      <trkpt lat="-7.158381007611752" lon="107.82338300719857">
        <ele>1643.99</ele>
      </trkpt>
      <trkpt lat="-7.158381007611752" lon="107.82338300719857">
        <ele>1643.9916989999999</ele>
      </trkpt>
      <trkpt lat="-7.158380001783371" lon="107.82338895834982">
        <ele>1642.55</ele>
      </trkpt>
      <trkpt lat="-7.158380001783371" lon="107.82338895834982">
        <ele>1642.5498050000001</ele>
      </trkpt>
      <trkpt lat="-7.158380001783371" lon="107.82343296334147">
        <ele>1644.47</ele>
      </trkpt>
      <trkpt lat="-7.158380001783371" lon="107.82343296334147">
        <ele>1644.4724120000001</ele>
      </trkpt>
      <trkpt lat="-7.158374972641468" lon="107.82345701940358">
        <ele>1644.47</ele>
      </trkpt>
      <trkpt lat="-7.158374972641468" lon="107.82345701940358">
        <ele>1644.4724120000001</ele>
      </trkpt>
      <trkpt lat="-7.158352006226778" lon="107.82350303605199">
        <ele>1646.8800000000001</ele>
      </trkpt>
      <trkpt lat="-7.158352006226778" lon="107.82350303605199">
        <ele>1646.875732</ele>
      </trkpt>
      <trkpt lat="-7.15833599679172" lon="107.82352901995182">
        <ele>1647.3599999999999</ele>
      </trkpt>
      <trkpt lat="-7.15833599679172" lon="107.82352901995182">
        <ele>1647.3564449999999</ele>
      </trkpt>
      <trkpt lat="-7.158317975699902" lon="107.82358098775148">
        <ele>1648.8</ele>
      </trkpt>
      <trkpt lat="-7.158317975699902" lon="107.82358098775148">
        <ele>1648.7983400000001</ele>
      </trkpt>
      <trkpt lat="-7.15827296487987" lon="107.82361904159188">
        <ele>1649.28</ele>
      </trkpt>
      <trkpt lat="-7.15827296487987" lon="107.82361904159188">
        <ele>1649.279053</ele>
      </trkpt>
      <trkpt lat="-7.158300038427115" lon="107.82371995970607">
        <ele>1651.6800000000001</ele>
      </trkpt>
      <trkpt lat="-7.158300038427115" lon="107.82371995970607">
        <ele>1651.6823730000001</ele>
      </trkpt>
      <trkpt lat="-7.158263996243477" lon="107.8237979952246">
        <ele>1653.1199999999999</ele>
      </trkpt>
      <trkpt lat="-7.158263996243477" lon="107.8237979952246">
        <ele>1653.124268</ele>
      </trkpt>
      <trkpt lat="-7.158244969323278" lon="107.82385499216616">
        <ele>1653.5999999999999</ele>
      </trkpt>
      <trkpt lat="-7.158244969323278" lon="107.82385499216616">
        <ele>1653.6049800000001</ele>
      </trkpt>
      <trkpt lat="-7.158228037878871" lon="107.8239359613508">
        <ele>1655.05</ele>
      </trkpt>
      <trkpt lat="-7.158228037878871" lon="107.8239359613508">
        <ele>1655.046875</ele>
      </trkpt>
      <trkpt lat="-7.15820599347353" lon="107.82402698881924">
        <ele>1656.01</ele>
      </trkpt>
      <trkpt lat="-7.15820599347353" lon="107.82402698881924">
        <ele>1656.008057</ele>
      </trkpt>
      <trkpt lat="-7.158169029280543" lon="107.82408499158919">
        <ele>1658.8900000000001</ele>
      </trkpt>
      <trkpt lat="-7.158169029280543" lon="107.82408499158919">
        <ele>1658.8920900000001</ele>
      </trkpt>
      <trkpt lat="-7.158190989866853" lon="107.82418297603726">
        <ele>1658.4100000000001</ele>
      </trkpt>
      <trkpt lat="-7.158190989866853" lon="107.82418297603726">
        <ele>1658.4113769999999</ele>
      </trkpt>
      <trkpt lat="-7.15818596072495" lon="107.82427601516247">
        <ele>1660.8099999999999</ele>
      </trkpt>
      <trkpt lat="-7.15818596072495" lon="107.82427601516247">
        <ele>1660.8149410000001</ele>
      </trkpt>
      <trkpt lat="-7.158071966841817" lon="107.82432395964861">
        <ele>1662.74</ele>
      </trkpt>
      <trkpt lat="-7.158071966841817" lon="107.82432395964861">
        <ele>1662.7375489999999</ele>
      </trkpt>
      <trkpt lat="-7.158030979335308" lon="107.82441901043057">
        <ele>1664.1800000000001</ele>
      </trkpt>
      <trkpt lat="-7.158030979335308" lon="107.82441901043057">
        <ele>1664.179443</ele>
      </trkpt>
      <trkpt lat="-7.158007007092238" lon="107.82447600737214">
        <ele>1664.6600000000001</ele>
      </trkpt>
      <trkpt lat="-7.158007007092238" lon="107.82447600737214">
        <ele>1664.6601559999999</ele>
      </trkpt>
      <trkpt lat="-7.157955039292574" lon="107.82452998682857">
        <ele>1665.6199999999999</ele>
      </trkpt>
      <trkpt lat="-7.157955039292574" lon="107.82452998682857">
        <ele>1665.621582</ele>
      </trkpt>
      <trkpt lat="-7.157901981845498" lon="107.8245660290122">
        <ele>1665.6199999999999</ele>
      </trkpt>
      <trkpt lat="-7.157901981845498" lon="107.8245660290122">
        <ele>1665.621582</ele>
      </trkpt>
      <trkpt lat="-7.157915979623795" lon="107.82462503761053">
        <ele>1666.5799999999999</ele>
      </trkpt>
      <trkpt lat="-7.157915979623795" lon="107.82462503761053">
        <ele>1666.582764</ele>
      </trkpt>
      <trkpt lat="-7.157931989058852" lon="107.8246540389955">
        <ele>1665.6199999999999</ele>
      </trkpt>
      <trkpt lat="-7.157931989058852" lon="107.8246540389955">
        <ele>1665.621582</ele>
      </trkpt>
      <trkpt lat="-7.157941963523626" lon="107.82471204176545">
        <ele>1665.6199999999999</ele>
      </trkpt>
      <trkpt lat="-7.157941963523626" lon="107.82471204176545">
        <ele>1665.621582</ele>
      </trkpt>
      <trkpt lat="-7.157940035685897" lon="107.82487196847796">
        <ele>1666.0999999999999</ele>
      </trkpt>
      <trkpt lat="-7.157940035685897" lon="107.82487196847796">
        <ele>1666.1020510000001</ele>
      </trkpt>
      <trkpt lat="-7.157894019037485" lon="107.82491396181285">
        <ele>1668.99</ele>
      </trkpt>
      <trkpt lat="-7.157894019037485" lon="107.82491396181285">
        <ele>1668.9860839999999</ele>
      </trkpt>
      <trkpt lat="-7.15782000683248" lon="107.82495402731001">
        <ele>1669.47</ele>
      </trkpt>
      <trkpt lat="-7.15782000683248" lon="107.82495402731001">
        <ele>1669.466797</ele>
      </trkpt>
      <trkpt lat="-7.157770972698927" lon="107.82498202286661">
        <ele>1670.9100000000001</ele>
      </trkpt>
      <trkpt lat="-7.157770972698927" lon="107.82498202286661">
        <ele>1670.9086910000001</ele>
      </trkpt>
      <trkpt lat="-7.157666031271219" lon="107.82495503313839">
        <ele>1671.8699999999999</ele>
      </trkpt>
      <trkpt lat="-7.157666031271219" lon="107.82495503313839">
        <ele>1671.8698730000001</ele>
      </trkpt>
      <trkpt lat="-7.157587995752692" lon="107.82498001120985">
        <ele>1672.8299999999999</ele>
      </trkpt>
      <trkpt lat="-7.157587995752692" lon="107.82498001120985">
        <ele>1672.8312989999999</ele>
      </trkpt>
      <trkpt lat="-7.15756100602448" lon="107.82502200454473">
        <ele>1672.8299999999999</ele>
      </trkpt>
      <trkpt lat="-7.15756100602448" lon="107.82502200454473">
        <ele>1672.8312989999999</ele>
      </trkpt>
      <trkpt lat="-7.157575003802776" lon="107.82508897595108">
        <ele>1672.3499999999999</ele>
      </trkpt>
      <trkpt lat="-7.157575003802776" lon="107.82508897595108">
        <ele>1672.350586</ele>
      </trkpt>
      <trkpt lat="-7.157607022672892" lon="107.82516097649932">
        <ele>1673.3099999999999</ele>
      </trkpt>
      <trkpt lat="-7.157607022672892" lon="107.82516097649932">
        <ele>1673.3120120000001</ele>
      </trkpt>
      <trkpt lat="-7.157624959945679" lon="107.82526298426092">
        <ele>1676.2</ele>
      </trkpt>
      <trkpt lat="-7.157624959945679" lon="107.82526298426092">
        <ele>1676.1960449999999</ele>
      </trkpt>
      <trkpt lat="-7.157613979652524" lon="107.82529600895941">
        <ele>1674.27</ele>
      </trkpt>
      <trkpt lat="-7.157613979652524" lon="107.82529600895941">
        <ele>1674.273193</ele>
      </trkpt>
      <trkpt lat="-7.157602999359369" lon="107.82529500313103">
        <ele>1674.75</ele>
      </trkpt>
      <trkpt lat="-7.157602999359369" lon="107.82529500313103">
        <ele>1674.7539059999999</ele>
      </trkpt>
      <trkpt lat="-7.157541979104281" lon="107.82532802782953">
        <ele>1675.23</ele>
      </trkpt>
      <trkpt lat="-7.157541979104281" lon="107.82532802782953">
        <ele>1675.234375</ele>
      </trkpt>
      <trkpt lat="-7.157512977719307" lon="107.82535501755774">
        <ele>1675.23</ele>
      </trkpt>
      <trkpt lat="-7.157512977719307" lon="107.82535501755774">
        <ele>1675.234375</ele>
      </trkpt>
      <trkpt lat="-7.157469978556037" lon="107.82541997730732">
        <ele>1676.2</ele>
      </trkpt>
      <trkpt lat="-7.157469978556037" lon="107.82541997730732">
        <ele>1676.1960449999999</ele>
      </trkpt>
      <trkpt lat="-7.157476013526321" lon="107.82546901144087">
        <ele>1676.6800000000001</ele>
      </trkpt>
      <trkpt lat="-7.157476013526321" lon="107.82546901144087">
        <ele>1676.6767580000001</ele>
      </trkpt>
      <trkpt lat="-7.157499985769391" lon="107.82554000616074">
        <ele>1677.1600000000001</ele>
      </trkpt>
      <trkpt lat="-7.157499985769391" lon="107.82554000616074">
        <ele>1677.157471</ele>
      </trkpt>
      <trkpt lat="-7.15749504044652" lon="107.82559800893068">
        <ele>1676.6800000000001</ele>
      </trkpt>
      <trkpt lat="-7.15749504044652" lon="107.82559800893068">
        <ele>1676.6767580000001</ele>
      </trkpt>
      <trkpt lat="-7.157508032396436" lon="107.82568601891398">
        <ele>1675.72</ele>
      </trkpt>
      <trkpt lat="-7.157508032396436" lon="107.82568601891398">
        <ele>1675.7150879999999</ele>
      </trkpt>
      <trkpt lat="-7.157429996877909" lon="107.82573496922851">
        <ele>1678.1199999999999</ele>
      </trkpt>
      <trkpt lat="-7.157429996877909" lon="107.82573496922851">
        <ele>1678.1186520000001</ele>
      </trkpt>
      <trkpt lat="-7.157404012978077" lon="107.82574502751231">
        <ele>1678.1199999999999</ele>
      </trkpt>
      <trkpt lat="-7.157404012978077" lon="107.82574502751231">
        <ele>1678.1186520000001</ele>
      </trkpt>
      <trkpt lat="-7.157365037128329" lon="107.8258509747684">
        <ele>1680.04</ele>
      </trkpt>
      <trkpt lat="-7.157365037128329" lon="107.8258509747684">
        <ele>1680.04126</ele>
      </trkpt>
      <trkpt lat="-7.157332012429833" lon="107.82592398114502">
        <ele>1680.52</ele>
      </trkpt>
      <trkpt lat="-7.157332012429833" lon="107.82592398114502">
        <ele>1680.5219729999999</ele>
      </trkpt>
      <trkpt lat="-7.157284989953041" lon="107.82600101083517">
        <ele>1681.48</ele>
      </trkpt>
      <trkpt lat="-7.157284989953041" lon="107.82600101083517">
        <ele>1681.483154</ele>
      </trkpt>
      <trkpt lat="-7.157269986346364" lon="107.82605901360512">
        <ele>1681.48</ele>
      </trkpt>
      <trkpt lat="-7.157269986346364" lon="107.82605901360512">
        <ele>1681.483154</ele>
      </trkpt>
      <trkpt lat="-7.157274009659886" lon="107.82612699083984">
        <ele>1682.9300000000001</ele>
      </trkpt>
      <trkpt lat="-7.157274009659886" lon="107.82612699083984">
        <ele>1682.9250489999999</ele>
      </trkpt>
      <trkpt lat="-7.157248025760055" lon="107.82620896585286">
        <ele>1684.3699999999999</ele>
      </trkpt>
      <trkpt lat="-7.157248025760055" lon="107.82620896585286">
        <ele>1684.3671879999999</ele>
      </trkpt>
      <trkpt lat="-7.157195974141359" lon="107.82628800719976">
        <ele>1685.8099999999999</ele>
      </trkpt>
      <trkpt lat="-7.157195974141359" lon="107.82628800719976">
        <ele>1685.809082</ele>
      </trkpt>
      <trkpt lat="-7.157167978584766" lon="107.82639202661812">
        <ele>1688.21</ele>
      </trkpt>
      <trkpt lat="-7.157167978584766" lon="107.82639202661812">
        <ele>1688.2124020000001</ele>
      </trkpt>
      <trkpt lat="-7.157158004119992" lon="107.82642002217472">
        <ele>1687.73</ele>
      </trkpt>
      <trkpt lat="-7.157158004119992" lon="107.82642002217472">
        <ele>1687.731689</ele>
      </trkpt>
      <trkpt lat="-7.157133026048541" lon="107.82651800662279">
        <ele>1688.6900000000001</ele>
      </trkpt>
      <trkpt lat="-7.157133026048541" lon="107.82651800662279">
        <ele>1688.693115</ele>
      </trkpt>
      <trkpt lat="-7.157084997743368" lon="107.82658296637237">
        <ele>1690.1400000000001</ele>
      </trkpt>
      <trkpt lat="-7.157084997743368" lon="107.82658296637237">
        <ele>1690.13501</ele>
      </trkpt>
      <trkpt lat="-7.157051973044872" lon="107.82665303908288">
        <ele>1691.5799999999999</ele>
      </trkpt>
      <trkpt lat="-7.157051973044872" lon="107.82665303908288">
        <ele>1691.576904</ele>
      </trkpt>
      <trkpt lat="-7.157036969438195" lon="107.82673995941877">
        <ele>1693.02</ele>
      </trkpt>
      <trkpt lat="-7.157036969438195" lon="107.82673995941877">
        <ele>1693.019043</ele>
      </trkpt>
      <trkpt lat="-7.157026994973421" lon="107.82681103795767">
        <ele>1693.5</ele>
      </trkpt>
      <trkpt lat="-7.157026994973421" lon="107.82681103795767">
        <ele>1693.4997559999999</ele>
      </trkpt>
      <trkpt lat="-7.157009979709983" lon="107.82688102684915">
        <ele>1693.98</ele>
      </trkpt>
      <trkpt lat="-7.157009979709983" lon="107.82688102684915">
        <ele>1693.9804690000001</ele>
      </trkpt>
      <trkpt lat="-7.156963041052222" lon="107.82692796550691">
        <ele>1693.98</ele>
      </trkpt>
      <trkpt lat="-7.156963041052222" lon="107.82692796550691">
        <ele>1693.9804690000001</ele>
      </trkpt>
      <trkpt lat="-7.156960023567081" lon="107.82697901129723">
        <ele>1694.46</ele>
      </trkpt>
      <trkpt lat="-7.156960023567081" lon="107.82697901129723">
        <ele>1694.4609379999999</ele>
      </trkpt>
      <trkpt lat="-7.156974021345377" lon="107.82704497687519">
        <ele>1694.9400000000001</ele>
      </trkpt>
      <trkpt lat="-7.156974021345377" lon="107.82704497687519">
        <ele>1694.94165</ele>
      </trkpt>
      <trkpt lat="-7.156940996646881" lon="107.82710700295866">
        <ele>1696.3800000000001</ele>
      </trkpt>
      <trkpt lat="-7.156940996646881" lon="107.82710700295866">
        <ele>1696.383789</ele>
      </trkpt>
      <trkpt lat="-7.156903026625514" lon="107.82713801600039">
        <ele>1697.3399999999999</ele>
      </trkpt>
      <trkpt lat="-7.156903026625514" lon="107.82713801600039">
        <ele>1697.344971</ele>
      </trkpt>
      <trkpt lat="-7.156866984441876" lon="107.82721797935665">
        <ele>1699.27</ele>
      </trkpt>
      <trkpt lat="-7.156866984441876" lon="107.82721797935665">
        <ele>1699.267578</ele>
      </trkpt>
      <trkpt lat="-7.156846029683948" lon="107.8272670134902">
        <ele>1701.6700000000001</ele>
      </trkpt>
      <trkpt lat="-7.156846029683948" lon="107.8272670134902">
        <ele>1701.6708980000001</ele>
      </trkpt>
      <trkpt lat="-7.156814010813832" lon="107.82726801931858">
        <ele>1702.6300000000001</ele>
      </trkpt>
      <trkpt lat="-7.156814010813832" lon="107.82726801931858">
        <ele>1702.6320800000001</ele>
      </trkpt>
      <trkpt lat="-7.156758019700646" lon="107.82732199877501">
        <ele>1705.04</ele>
      </trkpt>
      <trkpt lat="-7.156758019700646" lon="107.82732199877501">
        <ele>1705.0354</ele>
      </trkpt>
      <trkpt lat="-7.156719965860248" lon="107.82738503068686">
        <ele>1706</ele>
      </trkpt>
      <trkpt lat="-7.156719965860248" lon="107.82738503068686">
        <ele>1705.996582</ele>
      </trkpt>
      <trkpt lat="-7.156661041080952" lon="107.82749097794294">
        <ele>1707.9200000000001</ele>
      </trkpt>
      <trkpt lat="-7.156661041080952" lon="107.82749097794294">
        <ele>1707.9194339999999</ele>
      </trkpt>
      <trkpt lat="-7.156665986403823" lon="107.82757395878434">
        <ele>1711.28</ele>
      </trkpt>
      <trkpt lat="-7.156665986403823" lon="107.82757395878434">
        <ele>1711.2841800000001</ele>
      </trkpt>
      <trkpt lat="-7.156627010554075" lon="107.82766498625278">
        <ele>1712.73</ele>
      </trkpt>
      <trkpt lat="-7.156627010554075" lon="107.82766498625278">
        <ele>1712.7260739999999</ele>
      </trkpt>
      <trkpt lat="-7.156646959483624" lon="107.82770002260804">
        <ele>1713.6900000000001</ele>
      </trkpt>
      <trkpt lat="-7.156646959483624" lon="107.82770002260804">
        <ele>1713.6872559999999</ele>
      </trkpt>
      <trkpt lat="-7.156608989462256" lon="107.8277469612658">
        <ele>1715.6099999999999</ele>
      </trkpt>
      <trkpt lat="-7.156608989462256" lon="107.8277469612658">
        <ele>1715.610107</ele>
      </trkpt>
      <trkpt lat="-7.156545035541058" lon="107.82786598429084">
        <ele>1718.49</ele>
      </trkpt>
      <trkpt lat="-7.156545035541058" lon="107.82786598429084">
        <ele>1718.4938959999999</ele>
      </trkpt>
      <trkpt lat="-7.156494995579124" lon="107.8279750328511">
        <ele>1720.9000000000001</ele>
      </trkpt>
      <trkpt lat="-7.156494995579124" lon="107.8279750328511">
        <ele>1720.897217</ele>
      </trkpt>
      <trkpt lat="-7.156402040272951" lon="107.82800897955894">
        <ele>1720.9000000000001</ele>
      </trkpt>
      <trkpt lat="-7.156402040272951" lon="107.82800897955894">
        <ele>1720.897217</ele>
      </trkpt>
      <trkpt lat="-7.156348982825875" lon="107.82806899398565">
        <ele>1723.3</ele>
      </trkpt>
      <trkpt lat="-7.156348982825875" lon="107.82806899398565">
        <ele>1723.3005370000001</ele>
      </trkpt>
      <trkpt lat="-7.156361974775791" lon="107.82816102728248">
        <ele>1725.7</ele>
      </trkpt>
      <trkpt lat="-7.156361974775791" lon="107.82816102728248">
        <ele>1725.703857</ele>
      </trkpt>
      <trkpt lat="-7.156330961734057" lon="107.82824199646711">
        <ele>1728.1099999999999</ele>
      </trkpt>
      <trkpt lat="-7.156330961734057" lon="107.82824199646711">
        <ele>1728.107178</ele>
      </trkpt>
      <trkpt lat="-7.156306989490986" lon="107.82834299840033">
        <ele>1730.99</ele>
      </trkpt>
      <trkpt lat="-7.156306989490986" lon="107.82834299840033">
        <ele>1730.991211</ele>
      </trkpt>
      <trkpt lat="-7.156306989490986" lon="107.82837300561368">
        <ele>1731.95</ele>
      </trkpt>
      <trkpt lat="-7.156306989490986" lon="107.82837300561368">
        <ele>1731.952393</ele>
      </trkpt>
      <trkpt lat="-7.156321993097663" lon="107.82842002809048">
        <ele>1733.3900000000001</ele>
      </trkpt>
      <trkpt lat="-7.156321993097663" lon="107.82842002809048">
        <ele>1733.3942870000001</ele>
      </trkpt>
      <trkpt lat="-7.156287040561438" lon="107.82845104113221">
        <ele>1734.3599999999999</ele>
      </trkpt>
      <trkpt lat="-7.156287040561438" lon="107.82845104113221">
        <ele>1734.3557129999999</ele>
      </trkpt>
      <trkpt lat="-7.156148990616202" lon="107.82846202142537">
        <ele>1735.3199999999999</ele>
      </trkpt>
      <trkpt lat="-7.156148990616202" lon="107.82846202142537">
        <ele>1735.3168949999999</ele>
      </trkpt>
      <trkpt lat="-7.15612200088799" lon="107.82852103002369">
        <ele>1737.24</ele>
      </trkpt>
      <trkpt lat="-7.15612200088799" lon="107.82852103002369">
        <ele>1737.2395019999999</ele>
      </trkpt>
      <trkpt lat="-7.156068021431565" lon="107.82857299782336">
        <ele>1735.8</ele>
      </trkpt>
      <trkpt lat="-7.156068021431565" lon="107.82857299782336">
        <ele>1735.797607</ele>
      </trkpt>
      <trkpt lat="-7.156013958156109" lon="107.82864600419998">
        <ele>1736.28</ele>
      </trkpt>
      <trkpt lat="-7.156013958156109" lon="107.82864600419998">
        <ele>1736.2783199999999</ele>
      </trkpt>
      <trkpt lat="-7.155994009226561" lon="107.82872898504138">
        <ele>1737.72</ele>
      </trkpt>
      <trkpt lat="-7.155994009226561" lon="107.82872898504138">
        <ele>1737.7202150000001</ele>
      </trkpt>
      <trkpt lat="-7.155958972871304" lon="107.8288109600544">
        <ele>1737.72</ele>
      </trkpt>
      <trkpt lat="-7.155958972871304" lon="107.8288109600544">
        <ele>1737.7202150000001</ele>
      </trkpt>
      <trkpt lat="-7.155957967042923" lon="107.82884800806642">
        <ele>1739.1600000000001</ele>
      </trkpt>
      <trkpt lat="-7.155957967042923" lon="107.82884800806642">
        <ele>1739.1621090000001</ele>
      </trkpt>
      <trkpt lat="-7.155921002849937" lon="107.82893098890781">
        <ele>1740.5999999999999</ele>
      </trkpt>
      <trkpt lat="-7.155921002849937" lon="107.82893098890781">
        <ele>1740.6042480000001</ele>
      </trkpt>
      <trkpt lat="-7.155887978151441" lon="107.82899301499128">
        <ele>1741.0799999999999</ele>
      </trkpt>
      <trkpt lat="-7.155887978151441" lon="107.82899301499128">
        <ele>1741.084961</ele>
      </trkpt>
      <trkpt lat="-7.155859982594848" lon="107.82901296392083">
        <ele>1742.05</ele>
      </trkpt>
      <trkpt lat="-7.155859982594848" lon="107.82901296392083">
        <ele>1742.0463870000001</ele>
      </trkpt>
      <trkpt lat="-7.1558210067451" lon="107.82904003746808">
        <ele>1743.01</ele>
      </trkpt>
      <trkpt lat="-7.1558210067451" lon="107.82904003746808">
        <ele>1743.007568</ele>
      </trkpt>
      <trkpt lat="-7.1558210067451" lon="107.8290699608624">
        <ele>1745.4100000000001</ele>
      </trkpt>
      <trkpt lat="-7.1558210067451" lon="107.8290699608624">
        <ele>1745.410889</ele>
      </trkpt>
      <trkpt lat="-7.155732996761799" lon="107.82914196141064">
        <ele>1746.8499999999999</ele>
      </trkpt>
      <trkpt lat="-7.155732996761799" lon="107.82914196141064">
        <ele>1746.852783</ele>
      </trkpt>
      <trkpt lat="-7.155673988163471" lon="107.82917900942266">
        <ele>1746.8499999999999</ele>
      </trkpt>
      <trkpt lat="-7.155673988163471" lon="107.82917900942266">
        <ele>1746.852783</ele>
      </trkpt>
      <trkpt lat="-7.155655967071652" lon="107.82921002246439">
        <ele>1749.26</ele>
      </trkpt>
      <trkpt lat="-7.155655967071652" lon="107.82921002246439">
        <ele>1749.2561040000001</ele>
      </trkpt>
      <trkpt lat="-7.155643980950117" lon="107.8292790055275">
        <ele>1750.7</ele>
      </trkpt>
      <trkpt lat="-7.155643980950117" lon="107.8292790055275">
        <ele>1750.6979980000001</ele>
      </trkpt>
      <trkpt lat="-7.155592013150454" lon="107.82930901274085">
        <ele>1751.6600000000001</ele>
      </trkpt>
      <trkpt lat="-7.155592013150454" lon="107.82930901274085">
        <ele>1751.6594239999999</ele>
      </trkpt>
      <trkpt lat="-7.155555970966816" lon="107.82934597693384">
        <ele>1752.6199999999999</ele>
      </trkpt>
      <trkpt lat="-7.155555970966816" lon="107.82934597693384">
        <ele>1752.6206050000001</ele>
      </trkpt>
      <trkpt lat="-7.15554197318852" lon="107.829430969432">
        <ele>1753.5799999999999</ele>
      </trkpt>
      <trkpt lat="-7.15554197318852" lon="107.829430969432">
        <ele>1753.5820309999999</ele>
      </trkpt>
      <trkpt lat="-7.155515989288688" lon="107.82946097664535">
        <ele>1754.54</ele>
      </trkpt>
      <trkpt lat="-7.155515989288688" lon="107.82946097664535">
        <ele>1754.5432129999999</ele>
      </trkpt>
      <trkpt lat="-7.155482964590192" lon="107.8295189794153">
        <ele>1755.5</ele>
      </trkpt>
      <trkpt lat="-7.155482964590192" lon="107.8295189794153">
        <ele>1755.504639</ele>
      </trkpt>
      <trkpt lat="-7.155446000397205" lon="107.82956298440695">
        <ele>1756.47</ele>
      </trkpt>
      <trkpt lat="-7.155446000397205" lon="107.82956298440695">
        <ele>1756.466064</ele>
      </trkpt>
      <trkpt lat="-7.155435020104051" lon="107.82957203686237">
        <ele>1756.95</ele>
      </trkpt>
      <trkpt lat="-7.155435020104051" lon="107.82957203686237">
        <ele>1756.9467770000001</ele>
      </trkpt>
      <trkpt lat="-7.15541297569871" lon="107.82961101271212">
        <ele>1756.95</ele>
      </trkpt>
      <trkpt lat="-7.15541297569871" lon="107.82961101271212">
        <ele>1756.9467770000001</ele>
      </trkpt>
      <trkpt lat="-7.155382968485355" lon="107.82967303879559">
        <ele>1757.9100000000001</ele>
      </trkpt>
      <trkpt lat="-7.155382968485355" lon="107.82967303879559">
        <ele>1757.908203</ele>
      </trkpt>
      <trkpt lat="-7.155352039262652" lon="107.82974503934383">
        <ele>1759.3499999999999</ele>
      </trkpt>
      <trkpt lat="-7.155352039262652" lon="107.82974503934383">
        <ele>1759.3500979999999</ele>
      </trkpt>
      <trkpt lat="-7.155337035655975" lon="107.82971201464534">
        <ele>1762.23</ele>
      </trkpt>
      <trkpt lat="-7.155337035655975" lon="107.82971201464534">
        <ele>1762.2338870000001</ele>
      </trkpt>
      <trkpt lat="-7.155295964330435" lon="107.82975199632347">
        <ele>1763.2</ele>
      </trkpt>
      <trkpt lat="-7.155295964330435" lon="107.82975199632347">
        <ele>1763.1953129999999</ele>
      </trkpt>
      <trkpt lat="-7.155254976823926" lon="107.82978602685034">
        <ele>1764.6400000000001</ele>
      </trkpt>
      <trkpt lat="-7.155254976823926" lon="107.82978602685034">
        <ele>1764.637207</ele>
      </trkpt>
      <trkpt lat="-7.155231004580855" lon="107.8297970071435">
        <ele>1766.5599999999999</ele>
      </trkpt>
      <trkpt lat="-7.155231004580855" lon="107.8297970071435">
        <ele>1766.559814</ele>
      </trkpt>
      <trkpt lat="-7.155237961560488" lon="107.82977596856654">
        <ele>1768</ele>
      </trkpt>
      <trkpt lat="-7.155237961560488" lon="107.82977596856654">
        <ele>1768.0017089999999</ele>
      </trkpt>
      <trkpt lat="-7.155222035944462" lon="107.82976599410176">
        <ele>1770.8900000000001</ele>
      </trkpt>
      <trkpt lat="-7.155222035944462" lon="107.82976599410176">
        <ele>1770.8857419999999</ele>
      </trkpt>
      <trkpt lat="-7.155165039002895" lon="107.82983497716486">
        <ele>1772.3299999999999</ele>
      </trkpt>
      <trkpt lat="-7.155165039002895" lon="107.82983497716486">
        <ele>1772.3278809999999</ele>
      </trkpt>
      <trkpt lat="-7.15515498071909" lon="107.8298609610647">
        <ele>1771.3699999999999</ele>
      </trkpt>
      <trkpt lat="-7.15515498071909" lon="107.8298609610647">
        <ele>1771.366211</ele>
      </trkpt>
      <trkpt lat="-7.155151963233948" lon="107.82992198131979">
        <ele>1774.73</ele>
      </trkpt>
      <trkpt lat="-7.155151963233948" lon="107.82992198131979">
        <ele>1774.7312010000001</ele>
      </trkpt>
      <trkpt lat="-7.15515498071909" lon="107.82994997687638">
        <ele>1775.21</ele>
      </trkpt>
      <trkpt lat="-7.15515498071909" lon="107.82994997687638">
        <ele>1775.2116699999999</ele>
      </trkpt>
      <trkpt lat="-7.155165039002895" lon="107.82998400740325">
        <ele>1777.1300000000001</ele>
      </trkpt>
      <trkpt lat="-7.155165039002895" lon="107.82998400740325">
        <ele>1777.1345209999999</ele>
      </trkpt>
      <trkpt lat="-7.155081974342465" lon="107.8300509788096">
        <ele>1779.0599999999999</ele>
      </trkpt>
      <trkpt lat="-7.155081974342465" lon="107.8300509788096">
        <ele>1779.056885</ele>
      </trkpt>
      <trkpt lat="-7.155009973794222" lon="107.83010797575116">
        <ele>1780.02</ele>
      </trkpt>
      <trkpt lat="-7.155009973794222" lon="107.83010797575116">
        <ele>1780.018311</ele>
      </trkpt>
      <trkpt lat="-7.154979966580868" lon="107.83018198795617">
        <ele>1782.9000000000001</ele>
      </trkpt>
      <trkpt lat="-7.154979966580868" lon="107.83018198795617">
        <ele>1782.9021</ele>
      </trkpt>
      <trkpt lat="-7.154955994337797" lon="107.83022498711944">
        <ele>1784.3399999999999</ele>
      </trkpt>
      <trkpt lat="-7.154955994337797" lon="107.83022498711944">
        <ele>1784.3442379999999</ele>
      </trkpt>
      <trkpt lat="-7.154953982681036" lon="107.83024803735316">
        <ele>1785.79</ele>
      </trkpt>
      <trkpt lat="-7.154953982681036" lon="107.83024803735316">
        <ele>1785.7861330000001</ele>
      </trkpt>
      <trkpt lat="-7.15491802431643" lon="107.83027502708137">
        <ele>1786.27</ele>
      </trkpt>
      <trkpt lat="-7.15491802431643" lon="107.83027502708137">
        <ele>1786.266846</ele>
      </trkpt>
      <trkpt lat="-7.154862033203244" lon="107.83032297156751">
        <ele>1787.23</ele>
      </trkpt>
      <trkpt lat="-7.154862033203244" lon="107.83032297156751">
        <ele>1787.2280270000001</ele>
      </trkpt>
      <trkpt lat="-7.15481098741293" lon="107.83035599626601">
        <ele>1788.6700000000001</ele>
      </trkpt>
      <trkpt lat="-7.15481098741293" lon="107.83035599626601">
        <ele>1788.6704099999999</ele>
      </trkpt>
      <trkpt lat="-7.154805958271027" lon="107.83040695823729">
        <ele>1789.6300000000001</ele>
      </trkpt>
      <trkpt lat="-7.154805958271027" lon="107.83040695823729">
        <ele>1789.631592</ele>
      </trkpt>
      <trkpt lat="-7.154799001291394" lon="107.83043696545064">
        <ele>1790.1099999999999</ele>
      </trkpt>
      <trkpt lat="-7.154799001291394" lon="107.83043696545064">
        <ele>1790.1123050000001</ele>
      </trkpt>
      <trkpt lat="-7.154771005734801" lon="107.83045498654246">
        <ele>1792.03</ele>
      </trkpt>
      <trkpt lat="-7.154771005734801" lon="107.83045498654246">
        <ele>1792.0349120000001</ele>
      </trkpt>
      <trkpt lat="-7.15478902682662" lon="107.83049396239221">
        <ele>1793.48</ele>
      </trkpt>
      <trkpt lat="-7.15478902682662" lon="107.83049396239221">
        <ele>1793.476807</ele>
      </trkpt>
      <trkpt lat="-7.154780980199575" lon="107.83049597404897">
        <ele>1794.4400000000001</ele>
      </trkpt>
      <trkpt lat="-7.154780980199575" lon="107.83049597404897">
        <ele>1794.4379879999999</ele>
      </trkpt>
      <trkpt lat="-7.154776034876704" lon="107.83055598847568">
        <ele>1795.8800000000001</ele>
      </trkpt>
      <trkpt lat="-7.154776034876704" lon="107.83055598847568">
        <ele>1795.8801269999999</ele>
      </trkpt>
      <trkpt lat="-7.15478902682662" lon="107.83061197958887">
        <ele>1796.8399999999999</ele>
      </trkpt>
      <trkpt lat="-7.15478902682662" lon="107.83061197958887">
        <ele>1796.8413089999999</ele>
      </trkpt>
      <trkpt lat="-7.154794977977872" lon="107.83064701594412">
        <ele>1797.3199999999999</ele>
      </trkpt>
      <trkpt lat="-7.154794977977872" lon="107.83064701594412">
        <ele>1797.3220209999999</ele>
      </trkpt>
      <trkpt lat="-7.154764970764518" lon="107.83065598458052">
        <ele>1797.3199999999999</ele>
      </trkpt>
      <trkpt lat="-7.154764970764518" lon="107.83065598458052">
        <ele>1797.3220209999999</ele>
      </trkpt>
      <trkpt lat="-7.154766982421279" lon="107.83068800345063">
        <ele>1798.28</ele>
      </trkpt>
      <trkpt lat="-7.154766982421279" lon="107.83068800345063">
        <ele>1798.283203</ele>
      </trkpt>
      <trkpt lat="-7.154786009341478" lon="107.83073402009904">
        <ele>1799.73</ele>
      </trkpt>
      <trkpt lat="-7.154786009341478" lon="107.83073402009904">
        <ele>1799.725342</ele>
      </trkpt>
      <trkpt lat="-7.154739992693067" lon="107.83079202286899">
        <ele>1800.21</ele>
      </trkpt>
      <trkpt lat="-7.154739992693067" lon="107.83079202286899">
        <ele>1800.2060550000001</ele>
      </trkpt>
      <trkpt lat="-7.15470302850008" lon="107.83085698261857">
        <ele>1800.21</ele>
      </trkpt>
      <trkpt lat="-7.15470302850008" lon="107.83085698261857">
        <ele>1800.2060550000001</ele>
      </trkpt>
      <trkpt lat="-7.154650976881385" lon="107.83092303201556">
        <ele>1800.21</ele>
      </trkpt>
      <trkpt lat="-7.154650976881385" lon="107.83092303201556">
        <ele>1800.2060550000001</ele>
      </trkpt>
      <trkpt lat="-7.154582999646664" lon="107.83097701147199">
        <ele>1799.73</ele>
      </trkpt>
      <trkpt lat="-7.154582999646664" lon="107.83097701147199">
        <ele>1799.725342</ele>
      </trkpt>
      <trkpt lat="-7.154506975784898" lon="107.83102403394878">
        <ele>1800.21</ele>
      </trkpt>
      <trkpt lat="-7.154506975784898" lon="107.83102403394878">
        <ele>1800.2060550000001</ele>
      </trkpt>
      <trkpt lat="-7.15444503352046" lon="107.8310970403254">
        <ele>1800.6900000000001</ele>
      </trkpt>
      <trkpt lat="-7.15444503352046" lon="107.8310970403254">
        <ele>1800.6865230000001</ele>
      </trkpt>
      <trkpt lat="-7.154416032135487" lon="107.83116401173174">
        <ele>1802.6099999999999</ele>
      </trkpt>
      <trkpt lat="-7.154416032135487" lon="107.83116401173174">
        <ele>1802.6091309999999</ele>
      </trkpt>
      <trkpt lat="-7.154301032423973" lon="107.83121799118817">
        <ele>1804.05</ele>
      </trkpt>
      <trkpt lat="-7.154301032423973" lon="107.83121799118817">
        <ele>1804.051514</ele>
      </trkpt>
      <trkpt lat="-7.154225008562207" lon="107.83126400783658">
        <ele>1804.53</ele>
      </trkpt>
      <trkpt lat="-7.154225008562207" lon="107.83126400783658">
        <ele>1804.531982</ele>
      </trkpt>
      <trkpt lat="-7.154170023277402" lon="107.83132502809167">
        <ele>1805.49</ele>
      </trkpt>
      <trkpt lat="-7.154170023277402" lon="107.83132502809167">
        <ele>1805.493408</ele>
      </trkpt>
      <trkpt lat="-7.154138004407287" lon="107.83138001337647">
        <ele>1805.01</ele>
      </trkpt>
      <trkpt lat="-7.154138004407287" lon="107.83138001337647">
        <ele>1805.0126949999999</ele>
      </trkpt>
      <trkpt lat="-7.154074972495437" lon="107.83143701031804">
        <ele>1806.45</ele>
      </trkpt>
      <trkpt lat="-7.154074972495437" lon="107.83143701031804">
        <ele>1806.4545900000001</ele>
      </trkpt>
      <trkpt lat="-7.154072038829327" lon="107.83145603723824">
        <ele>1809.3399999999999</ele>
      </trkpt>
      <trkpt lat="-7.154072038829327" lon="107.83145603723824">
        <ele>1809.3386230000001</ele>
      </trkpt>
      <trkpt lat="-7.154024010524154" lon="107.8314889781177">
        <ele>1811.26</ele>
      </trkpt>
      <trkpt lat="-7.154024010524154" lon="107.8314889781177">
        <ele>1811.2612300000001</ele>
      </trkpt>
      <trkpt lat="-7.153890989720821" lon="107.83158000558615">
        <ele>1810.78</ele>
      </trkpt>
      <trkpt lat="-7.153890989720821" lon="107.83158000558615">
        <ele>1810.780518</ele>
      </trkpt>
      <trkpt lat="-7.153847990557551" lon="107.83168503083289">
        <ele>1811.74</ele>
      </trkpt>
      <trkpt lat="-7.153847990557551" lon="107.83168503083289">
        <ele>1811.741943</ele>
      </trkpt>
      <trkpt lat="-7.153811026364565" lon="107.83173297531903">
        <ele>1812.22</ele>
      </trkpt>
      <trkpt lat="-7.153811026364565" lon="107.83173297531903">
        <ele>1812.2224120000001</ele>
      </trkpt>
      <trkpt lat="-7.153785964474082" lon="107.83176801167428">
        <ele>1813.1800000000001</ele>
      </trkpt>
      <trkpt lat="-7.153785964474082" lon="107.83176801167428">
        <ele>1813.1838379999999</ele>
      </trkpt>
      <trkpt lat="-7.153755035251379" lon="107.83179198391736">
        <ele>1814.1500000000001</ele>
      </trkpt>
      <trkpt lat="-7.153755035251379" lon="107.83179198391736">
        <ele>1814.1450199999999</ele>
      </trkpt>
      <trkpt lat="-7.153688985854387" lon="107.83179902471602">
        <ele>1816.55</ele>
      </trkpt>
      <trkpt lat="-7.153688985854387" lon="107.83179902471602">
        <ele>1816.5483400000001</ele>
      </trkpt>
      <trkpt lat="-7.153631988912821" lon="107.83185803331435">
        <ele>1817.03</ele>
      </trkpt>
      <trkpt lat="-7.153631988912821" lon="107.83185803331435">
        <ele>1817.029053</ele>
      </trkpt>
      <trkpt lat="-7.153575997799635" lon="107.83191796392202">
        <ele>1818.47</ele>
      </trkpt>
      <trkpt lat="-7.153575997799635" lon="107.83191796392202">
        <ele>1818.470947</ele>
      </trkpt>
      <trkpt lat="-7.153550013899803" lon="107.83193196170032">
        <ele>1818.47</ele>
      </trkpt>
      <trkpt lat="-7.153550013899803" lon="107.83193196170032">
        <ele>1818.470947</ele>
      </trkpt>
      <trkpt lat="-7.153536016121507" lon="107.83197999000549">
        <ele>1820.3900000000001</ele>
      </trkpt>
      <trkpt lat="-7.153536016121507" lon="107.83197999000549">
        <ele>1820.3937989999999</ele>
      </trkpt>
      <trkpt lat="-7.153460998088121" lon="107.8320540022105">
        <ele>1822.3199999999999</ele>
      </trkpt>
      <trkpt lat="-7.153460998088121" lon="107.8320540022105">
        <ele>1822.3164059999999</ele>
      </trkpt>
      <trkpt lat="-7.15343602001667" lon="107.83211996778846">
        <ele>1824.24</ele>
      </trkpt>
      <trkpt lat="-7.15343602001667" lon="107.83211996778846">
        <ele>1824.239014</ele>
      </trkpt>
      <trkpt lat="-7.153399977833033" lon="107.83214402385056">
        <ele>1824.72</ele>
      </trkpt>
      <trkpt lat="-7.153399977833033" lon="107.83214402385056">
        <ele>1824.7197269999999</ele>
      </trkpt>
      <trkpt lat="-7.153374999761581" lon="107.83215500414371">
        <ele>1828.0799999999999</ele>
      </trkpt>
      <trkpt lat="-7.153374999761581" lon="107.83215500414371">
        <ele>1828.0842290000001</ele>
      </trkpt>
      <trkpt lat="-7.153339963406324" lon="107.83217696473002">
        <ele>1828.5599999999999</ele>
      </trkpt>
      <trkpt lat="-7.153339963406324" lon="107.83217696473002">
        <ele>1828.5649410000001</ele>
      </trkpt>
      <trkpt lat="-7.153302999213338" lon="107.8321919683367">
        <ele>1829.05</ele>
      </trkpt>
      <trkpt lat="-7.153302999213338" lon="107.8321919683367">
        <ele>1829.0454099999999</ele>
      </trkpt>
      <trkpt lat="-7.153258994221687" lon="107.83222801052034">
        <ele>1829.05</ele>
      </trkpt>
      <trkpt lat="-7.153258994221687" lon="107.83222801052034">
        <ele>1829.0454099999999</ele>
      </trkpt>
      <trkpt lat="-7.153212977573276" lon="107.83226598054171">
        <ele>1829.53</ele>
      </trkpt>
      <trkpt lat="-7.153212977573276" lon="107.83226598054171">
        <ele>1829.5261230000001</ele>
      </trkpt>
      <trkpt lat="-7.153179030865431" lon="107.83235097303987">
        <ele>1831.9300000000001</ele>
      </trkpt>
      <trkpt lat="-7.153179030865431" lon="107.83235097303987">
        <ele>1831.929443</ele>
      </trkpt>
      <trkpt lat="-7.153167966753244" lon="107.83239397220314">
        <ele>1833.8499999999999</ele>
      </trkpt>
      <trkpt lat="-7.153167966753244" lon="107.83239397220314">
        <ele>1833.8520510000001</ele>
      </trkpt>
      <trkpt lat="-7.153109963983297" lon="107.83246203325689">
        <ele>1835.77</ele>
      </trkpt>
      <trkpt lat="-7.153109963983297" lon="107.83246203325689">
        <ele>1835.774658</ele>
      </trkpt>
      <trkpt lat="-7.153098983690143" lon="107.83249497413635">
        <ele>1837.22</ele>
      </trkpt>
      <trkpt lat="-7.153098983690143" lon="107.83249497413635">
        <ele>1837.216797</ele>
      </trkpt>
      <trkpt lat="-7.153086997568607" lon="107.83255700021982">
        <ele>1838.6600000000001</ele>
      </trkpt>
      <trkpt lat="-7.153086997568607" lon="107.83255700021982">
        <ele>1838.658936</ele>
      </trkpt>
      <trkpt lat="-7.153063025325537" lon="107.83261299133301">
        <ele>1838.1800000000001</ele>
      </trkpt>
      <trkpt lat="-7.153063025325537" lon="107.83261299133301">
        <ele>1838.1782229999999</ele>
      </trkpt>
      <trkpt lat="-7.153036035597324" lon="107.83265297301114">
        <ele>1841.0599999999999</ele>
      </trkpt>
      <trkpt lat="-7.153036035597324" lon="107.83265297301114">
        <ele>1841.0620120000001</ele>
      </trkpt>
      <trkpt lat="-7.152974009513855" lon="107.83269999548793">
        <ele>1840.5799999999999</ele>
      </trkpt>
      <trkpt lat="-7.152974009513855" lon="107.83269999548793">
        <ele>1840.5812989999999</ele>
      </trkpt>
      <trkpt lat="-7.152934027835727" lon="107.83280803821981">
        <ele>1842.5</ele>
      </trkpt>
      <trkpt lat="-7.152934027835727" lon="107.83280803821981">
        <ele>1842.50415</ele>
      </trkpt>
      <trkpt lat="-7.152925981208682" lon="107.83279102295637">
        <ele>1844.9100000000001</ele>
      </trkpt>
      <trkpt lat="-7.152925981208682" lon="107.83279102295637">
        <ele>1844.9072269999999</ele>
      </trkpt>
      <trkpt lat="-7.152882982045412" lon="107.83284198492765">
        <ele>1847.79</ele>
      </trkpt>
      <trkpt lat="-7.152882982045412" lon="107.83284198492765">
        <ele>1847.79126</ele>
      </trkpt>
      <trkpt lat="-7.152863033115864" lon="107.832864029333">
        <ele>1849.23</ele>
      </trkpt>
      <trkpt lat="-7.152863033115864" lon="107.832864029333">
        <ele>1849.233154</ele>
      </trkpt>
      <trkpt lat="-7.152853980660439" lon="107.83288800157607">
        <ele>1852.5999999999999</ele>
      </trkpt>
      <trkpt lat="-7.152853980660439" lon="107.83288800157607">
        <ele>1852.5979</ele>
      </trkpt>
      <trkpt lat="-7.152798995375633" lon="107.83298003487289">
        <ele>1853.5599999999999</ele>
      </trkpt>
      <trkpt lat="-7.152798995375633" lon="107.83298003487289">
        <ele>1853.5593260000001</ele>
      </trkpt>
      <trkpt lat="-7.152782985940576" lon="107.83305102959275">
        <ele>1855.48</ele>
      </trkpt>
      <trkpt lat="-7.152782985940576" lon="107.83305102959275">
        <ele>1855.4819339999999</ele>
      </trkpt>
      <trkpt lat="-7.152783991768956" lon="107.83309696242213">
        <ele>1857.4000000000001</ele>
      </trkpt>
      <trkpt lat="-7.152783991768956" lon="107.83309696242213">
        <ele>1857.4045410000001</ele>
      </trkpt>
      <trkpt lat="-7.152774017304182" lon="107.83314197324216">
        <ele>1858.3699999999999</ele>
      </trkpt>
      <trkpt lat="-7.152774017304182" lon="107.83314197324216">
        <ele>1858.3657229999999</ele>
      </trkpt>
      <trkpt lat="-7.152733029797673" lon="107.83320098184049">
        <ele>1861.25</ele>
      </trkpt>
      <trkpt lat="-7.152733029797673" lon="107.83320098184049">
        <ele>1861.2497559999999</ele>
      </trkpt>
      <trkpt lat="-7.152675027027726" lon="107.83326803706586">
        <ele>1864.6099999999999</ele>
      </trkpt>
      <trkpt lat="-7.152675027027726" lon="107.83326803706586">
        <ele>1864.6142580000001</ele>
      </trkpt>
      <trkpt lat="-7.152629010379314" lon="107.83329100348055">
        <ele>1867.02</ele>
      </trkpt>
      <trkpt lat="-7.152629010379314" lon="107.83329100348055">
        <ele>1867.017578</ele>
      </trkpt>
      <trkpt lat="-7.152606965973973" lon="107.83334498293698">
        <ele>1867.98</ele>
      </trkpt>
      <trkpt lat="-7.152606965973973" lon="107.83334498293698">
        <ele>1867.97876</ele>
      </trkpt>
      <trkpt lat="-7.152585005387664" lon="107.83333601430058">
        <ele>1868.9400000000001</ele>
      </trkpt>
      <trkpt lat="-7.152585005387664" lon="107.83333601430058">
        <ele>1868.9404300000001</ele>
      </trkpt>
      <trkpt lat="-7.152693970128894" lon="107.83332302235067">
        <ele>1869.4200000000001</ele>
      </trkpt>
      <trkpt lat="-7.152693970128894" lon="107.83332302235067">
        <ele>1869.421143</ele>
      </trkpt>
      <trkpt lat="-7.152667986229062" lon="107.83336903899908">
        <ele>1869.9000000000001</ele>
      </trkpt>
      <trkpt lat="-7.152667986229062" lon="107.83336903899908">
        <ele>1869.901611</ele>
      </trkpt>
      <trkpt lat="-7.152648037299514" lon="107.83339804038405">
        <ele>1869.9000000000001</ele>
      </trkpt>
      <trkpt lat="-7.152648037299514" lon="107.83339804038405">
        <ele>1869.901611</ele>
      </trkpt>
      <trkpt lat="-7.152646025642753" lon="107.83347196877003">
        <ele>1869.4200000000001</ele>
      </trkpt>
      <trkpt lat="-7.152646025642753" lon="107.83347196877003">
        <ele>1869.421143</ele>
      </trkpt>
      <trkpt lat="-7.15266396291554" lon="107.83342997543514">
        <ele>1869.4200000000001</ele>
      </trkpt>
      <trkpt lat="-7.15266396291554" lon="107.83342997543514">
        <ele>1869.421143</ele>
      </trkpt>
      <trkpt lat="-7.152700005099177" lon="107.8333299793303">
        <ele>1868.9400000000001</ele>
      </trkpt>
      <trkpt lat="-7.152700005099177" lon="107.8333299793303">
        <ele>1868.9404300000001</ele>
      </trkpt>
      <trkpt lat="-7.152643008157611" lon="107.83340298570693">
        <ele>1869.9000000000001</ele>
      </trkpt>
      <trkpt lat="-7.152643008157611" lon="107.83340298570693">
        <ele>1869.901611</ele>
      </trkpt>
      <trkpt lat="-7.15268399566412" lon="107.83341899514198">
        <ele>1869.9000000000001</ele>
      </trkpt>
      <trkpt lat="-7.15268399566412" lon="107.83341899514198">
        <ele>1869.901611</ele>
      </trkpt>
      <trkpt lat="-7.152667986229062" lon="107.83340700902045">
        <ele>1867.02</ele>
      </trkpt>
      <trkpt lat="-7.152667986229062" lon="107.83340700902045">
        <ele>1867.017578</ele>
      </trkpt>
      <trkpt lat="-7.152700005099177" lon="107.83339502289891">
        <ele>1869.9000000000001</ele>
      </trkpt>
      <trkpt lat="-7.152700005099177" lon="107.83339502289891">
        <ele>1869.901611</ele>
      </trkpt>
      <trkpt lat="-7.152648959308863" lon="107.83341698348522">
        <ele>1871.8199999999999</ele>
      </trkpt>
      <trkpt lat="-7.152648959308863" lon="107.83341698348522">
        <ele>1871.8242190000001</ele>
      </trkpt>
      <trkpt lat="-7.152625992894173" lon="107.83344003371894">
        <ele>1869.9000000000001</ele>
      </trkpt>
      <trkpt lat="-7.152625992894173" lon="107.83344003371894">
        <ele>1869.901611</ele>
      </trkpt>
      <trkpt lat="-7.152625992894173" lon="107.83344103954732">
        <ele>1871.8199999999999</ele>
      </trkpt>
      <trkpt lat="-7.152625992894173" lon="107.83344103954732">
        <ele>1871.8242190000001</ele>
      </trkpt>
      <trkpt lat="-7.152626998722553" lon="107.83344103954732">
        <ele>1870.3800000000001</ele>
      </trkpt>
      <trkpt lat="-7.152626998722553" lon="107.83344103954732">
        <ele>1870.3823239999999</ele>
      </trkpt>
      <trkpt lat="-7.15262196958065" lon="107.83343802206218">
        <ele>1870.3800000000001</ele>
      </trkpt>
      <trkpt lat="-7.15262196958065" lon="107.83343802206218">
        <ele>1870.3823239999999</ele>
      </trkpt>
      <trkpt lat="-7.152620041742921" lon="107.83343399874866">
        <ele>1872.3</ele>
      </trkpt>
      <trkpt lat="-7.152620041742921" lon="107.83343399874866">
        <ele>1872.304932</ele>
      </trkpt>
      <trkpt lat="-7.152614006772637" lon="107.8334129601717">
        <ele>1871.3399999999999</ele>
      </trkpt>
      <trkpt lat="-7.152614006772637" lon="107.8334129601717">
        <ele>1871.3435059999999</ele>
      </trkpt>
      <trkpt lat="-7.152615012601018" lon="107.8334129601717">
        <ele>1871.8199999999999</ele>
      </trkpt>
      <trkpt lat="-7.152615012601018" lon="107.8334129601717">
        <ele>1871.8242190000001</ele>
      </trkpt>
      <trkpt lat="-7.152620041742921" lon="107.83340197987854">
        <ele>1870.8599999999999</ele>
      </trkpt>
      <trkpt lat="-7.152620041742921" lon="107.83340197987854">
        <ele>1870.8630370000001</ele>
      </trkpt>
      <trkpt lat="-7.152616018429399" lon="107.83337599597871">
        <ele>1871.8199999999999</ele>
      </trkpt>
      <trkpt lat="-7.152616018429399" lon="107.83337599597871">
        <ele>1871.8242190000001</ele>
      </trkpt>
      <trkpt lat="-7.152622975409031" lon="107.83341698348522">
        <ele>1871.8199999999999</ele>
      </trkpt>
      <trkpt lat="-7.152622975409031" lon="107.83341698348522">
        <ele>1871.8242190000001</ele>
      </trkpt>
      <trkpt lat="-7.152576958760619" lon="107.83338303677738">
        <ele>1872.3</ele>
      </trkpt>
      <trkpt lat="-7.152576958760619" lon="107.83338303677738">
        <ele>1872.304932</ele>
      </trkpt>
      <trkpt lat="-7.152586011216044" lon="107.83335797488689">
        <ele>1873.75</ele>
      </trkpt>
      <trkpt lat="-7.152586011216044" lon="107.83335797488689">
        <ele>1873.7468260000001</ele>
      </trkpt>
      <trkpt lat="-7.152558015659452" lon="107.83334003761411">
        <ele>1871.8199999999999</ele>
      </trkpt>
      <trkpt lat="-7.152558015659452" lon="107.83334003761411">
        <ele>1871.8242190000001</ele>
      </trkpt>
      <trkpt lat="-7.152558015659452" lon="107.83334095962346">
        <ele>1873.27</ele>
      </trkpt>
      <trkpt lat="-7.152558015659452" lon="107.83334095962346">
        <ele>1873.266357</ele>
      </trkpt>
      <trkpt lat="-7.152551980689168" lon="107.83334699459374">
        <ele>1876.6300000000001</ele>
      </trkpt>
      <trkpt lat="-7.152551980689168" lon="107.83334699459374">
        <ele>1876.6308590000001</ele>
      </trkpt>
      <trkpt lat="-7.152467994019389" lon="107.8334459848702">
        <ele>1878.55</ele>
      </trkpt>
      <trkpt lat="-7.152467994019389" lon="107.8334459848702">
        <ele>1878.553467</ele>
      </trkpt>
      <trkpt lat="-7.152458019554615" lon="107.83357799984515">
        <ele>1880.96</ele>
      </trkpt>
      <trkpt lat="-7.152458019554615" lon="107.83357799984515">
        <ele>1880.9567870000001</ele>
      </trkpt>
      <trkpt lat="-7.152457013726234" lon="107.83366299234331">
        <ele>1882.4000000000001</ele>
      </trkpt>
      <trkpt lat="-7.152457013726234" lon="107.83366299234331">
        <ele>1882.398682</ele>
      </trkpt>
      <trkpt lat="-7.152465982362628" lon="107.83372099511325">
        <ele>1884.3199999999999</ele>
      </trkpt>
      <trkpt lat="-7.152465982362628" lon="107.83372099511325">
        <ele>1884.321533</ele>
      </trkpt>
      <trkpt lat="-7.152477968484163" lon="107.83374102786183">
        <ele>1884.8</ele>
      </trkpt>
      <trkpt lat="-7.152477968484163" lon="107.83374102786183">
        <ele>1884.802246</ele>
      </trkpt>
      <trkpt lat="-7.152521973475814" lon="107.83374496735632">
        <ele>1885.76</ele>
      </trkpt>
      <trkpt lat="-7.152521973475814" lon="107.83374496735632">
        <ele>1885.763428</ele>
      </trkpt>
      <trkpt lat="-7.152519039809704" lon="107.83377698622644">
        <ele>1888.6500000000001</ele>
      </trkpt>
      <trkpt lat="-7.152519039809704" lon="107.83377698622644">
        <ele>1888.647461</ele>
      </trkpt>
      <trkpt lat="-7.152490960434079" lon="107.8337929956615">
        <ele>1889.6099999999999</ele>
      </trkpt>
      <trkpt lat="-7.152490960434079" lon="107.8337929956615">
        <ele>1889.608643</ele>
      </trkpt>
      <trkpt lat="-7.15247000567615" lon="107.83382903784513">
        <ele>1890.5699999999999</ele>
      </trkpt>
      <trkpt lat="-7.15247000567615" lon="107.83382903784513">
        <ele>1890.5698239999999</ele>
      </trkpt>
      <trkpt lat="-7.152453996241093" lon="107.83382803201675">
        <ele>1891.53</ele>
      </trkpt>
      <trkpt lat="-7.152453996241093" lon="107.83382803201675">
        <ele>1891.53125</ele>
      </trkpt>
      <trkpt lat="-7.152443015947938" lon="107.83381403423846">
        <ele>1892.97</ele>
      </trkpt>
      <trkpt lat="-7.152443015947938" lon="107.83381403423846">
        <ele>1892.9731449999999</ele>
      </trkpt>
      <trkpt lat="-7.152499007061124" lon="107.83382803201675">
        <ele>1892.97</ele>
      </trkpt>
      <trkpt lat="-7.152499007061124" lon="107.83382803201675">
        <ele>1892.9731449999999</ele>
      </trkpt>
      <trkpt lat="-7.152521973475814" lon="107.83386801369488">
        <ele>1892.97</ele>
      </trkpt>
      <trkpt lat="-7.152521973475814" lon="107.83386801369488">
        <ele>1892.9731449999999</ele>
      </trkpt>
      <trkpt lat="-7.152515016496182" lon="107.83395300619304">
        <ele>1892.01</ele>
      </trkpt>
      <trkpt lat="-7.152515016496182" lon="107.83395300619304">
        <ele>1892.0119629999999</ele>
      </trkpt>
      <trkpt lat="-7.152521973475814" lon="107.83374899066985">
        <ele>1891.05</ele>
      </trkpt>
      <trkpt lat="-7.152521973475814" lon="107.83374899066985">
        <ele>1891.0505370000001</ele>
      </trkpt>
      <trkpt lat="-7.152510993182659" lon="107.83371102064848">
        <ele>1891.05</ele>
      </trkpt>
      <trkpt lat="-7.152510993182659" lon="107.83371102064848">
        <ele>1891.0505370000001</ele>
      </trkpt>
      <trkpt lat="-7.152436980977655" lon="107.83369903452694">
        <ele>1889.6099999999999</ele>
      </trkpt>
      <trkpt lat="-7.152436980977655" lon="107.83369903452694">
        <ele>1889.608643</ele>
      </trkpt>
      <trkpt lat="-7.152444021776319" lon="107.83375100232661">
        <ele>1890.5699999999999</ele>
      </trkpt>
      <trkpt lat="-7.152444021776319" lon="107.83375100232661">
        <ele>1890.5698239999999</ele>
      </trkpt>
      <trkpt lat="-7.152485009282827" lon="107.83376701176167">
        <ele>1889.6099999999999</ele>
      </trkpt>
      <trkpt lat="-7.152485009282827" lon="107.83376701176167">
        <ele>1889.608643</ele>
      </trkpt>
      <trkpt lat="-7.152472017332912" lon="107.83370699733496">
        <ele>1889.1300000000001</ele>
      </trkpt>
      <trkpt lat="-7.152472017332912" lon="107.83370699733496">
        <ele>1889.1279300000001</ele>
      </trkpt>
      <trkpt lat="-7.152465982362628" lon="107.83371303230524">
        <ele>1892.49</ele>
      </trkpt>
      <trkpt lat="-7.152465982362628" lon="107.83371303230524">
        <ele>1892.4926760000001</ele>
      </trkpt>
      <trkpt lat="-7.152477968484163" lon="107.83370599150658">
        <ele>1895.3800000000001</ele>
      </trkpt>
      <trkpt lat="-7.152477968484163" lon="107.83370599150658">
        <ele>1895.3764650000001</ele>
      </trkpt>
      <trkpt lat="-7.152475034818053" lon="107.83370599150658">
        <ele>1898.74</ele>
      </trkpt>
      <trkpt lat="-7.152475034818053" lon="107.83370599150658">
        <ele>1898.740967</ele>
      </trkpt>
      <trkpt lat="-7.152472017332912" lon="107.83370900899172">
        <ele>1902.1099999999999</ele>
      </trkpt>
      <trkpt lat="-7.152472017332912" lon="107.83370900899172">
        <ele>1902.1057129999999</ele>
      </trkpt>
      <trkpt lat="-7.152465982362628" lon="107.8337100148201">
        <ele>1904.99</ele>
      </trkpt>
      <trkpt lat="-7.152465982362628" lon="107.8337100148201">
        <ele>1904.989746</ele>
      </trkpt>
      <trkpt lat="-7.152302032336593" lon="107.83373096957803">
        <ele>1907.8699999999999</ele>
      </trkpt>
      <trkpt lat="-7.152302032336593" lon="107.83373096957803">
        <ele>1907.873779</ele>
      </trkpt>
      <trkpt lat="-7.152250986546278" lon="107.83379098400474">
        <ele>1910.28</ele>
      </trkpt>
      <trkpt lat="-7.152250986546278" lon="107.83379098400474">
        <ele>1910.2768550000001</ele>
      </trkpt>
      <trkpt lat="-7.152198012918234" lon="107.83387999981642">
        <ele>1910.76</ele>
      </trkpt>
      <trkpt lat="-7.152198012918234" lon="107.83387999981642">
        <ele>1910.757568</ele>
      </trkpt>
      <trkpt lat="-7.152149984613061" lon="107.83397303894162">
        <ele>1912.6800000000001</ele>
      </trkpt>
      <trkpt lat="-7.152149984613061" lon="107.83397303894162">
        <ele>1912.6801760000001</ele>
      </trkpt>
      <trkpt lat="-7.152103967964649" lon="107.83403104171157">
        <ele>1915.0799999999999</ele>
      </trkpt>
      <trkpt lat="-7.152103967964649" lon="107.83403104171157">
        <ele>1915.083496</ele>
      </trkpt>
      <trkpt lat="-7.15204001404345" lon="107.83403598703444">
        <ele>1916.04</ele>
      </trkpt>
      <trkpt lat="-7.15204001404345" lon="107.83403598703444">
        <ele>1916.044922</ele>
      </trkpt>
      <trkpt lat="-7.152032973244786" lon="107.83406197093427">
        <ele>1917.49</ele>
      </trkpt>
      <trkpt lat="-7.152032973244786" lon="107.83406197093427">
        <ele>1917.4868160000001</ele>
      </trkpt>
      <trkpt lat="-7.151999026536942" lon="107.83406096510589">
        <ele>1919.4100000000001</ele>
      </trkpt>
      <trkpt lat="-7.151999026536942" lon="107.83406096510589">
        <ele>1919.409668</ele>
      </trkpt>
      <trkpt lat="-7.151921996846795" lon="107.83396096900105">
        <ele>1920.8499999999999</ele>
      </trkpt>
      <trkpt lat="-7.151921996846795" lon="107.83396096900105">
        <ele>1920.8515629999999</ele>
      </trkpt>
      <trkpt lat="-7.151925014331937" lon="107.83392601646483">
        <ele>1923.25</ele>
      </trkpt>
      <trkpt lat="-7.151925014331937" lon="107.83392601646483">
        <ele>1923.2548830000001</ele>
      </trkpt>
      <trkpt lat="-7.151915961876512" lon="107.833900032565">
        <ele>1926.6199999999999</ele>
      </trkpt>
      <trkpt lat="-7.151915961876512" lon="107.833900032565">
        <ele>1926.619385</ele>
      </trkpt>
      <trkpt lat="-7.151874974370003" lon="107.83388301730156">
        <ele>1930.95</ele>
      </trkpt>
      <trkpt lat="-7.151874974370003" lon="107.83388301730156">
        <ele>1930.9453129999999</ele>
      </trkpt>
      <trkpt lat="-7.151838010177016" lon="107.8338720370084">
        <ele>1932.3900000000001</ele>
      </trkpt>
      <trkpt lat="-7.151838010177016" lon="107.8338720370084">
        <ele>1932.3874510000001</ele>
      </trkpt>
      <trkpt lat="-7.151791993528605" lon="107.83383901230991">
        <ele>1933.8299999999999</ele>
      </trkpt>
      <trkpt lat="-7.151791993528605" lon="107.83383901230991">
        <ele>1933.829346</ele>
      </trkpt>
      <trkpt lat="-7.151757040992379" lon="107.83385502174497">
        <ele>1935.27</ele>
      </trkpt>
      <trkpt lat="-7.151757040992379" lon="107.83385502174497">
        <ele>1935.27124</ele>
      </trkpt>
      <trkpt lat="-7.151716975495219" lon="107.83390900120139">
        <ele>1938.6400000000001</ele>
      </trkpt>
      <trkpt lat="-7.151716975495219" lon="107.83390900120139">
        <ele>1938.635986</ele>
      </trkpt>
      <trkpt lat="-7.151682022958994" lon="107.83391998149455">
        <ele>1940.0799999999999</ele>
      </trkpt>
      <trkpt lat="-7.151682022958994" lon="107.83391998149455">
        <ele>1940.0778809999999</ele>
      </trkpt>
      <trkpt lat="-7.151657966896892" lon="107.83397102728486">
        <ele>1941.04</ele>
      </trkpt>
      <trkpt lat="-7.151657966896892" lon="107.83397102728486">
        <ele>1941.0390629999999</ele>
      </trkpt>
      <trkpt lat="-7.151600969955325" lon="107.83395602367818">
        <ele>1942.48</ele>
      </trkpt>
      <trkpt lat="-7.151600969955325" lon="107.83395602367818">
        <ele>1942.4812010000001</ele>
      </trkpt>
      <trkpt lat="-7.151531986892223" lon="107.83391897566617">
        <ele>1945.3599999999999</ele>
      </trkpt>
      <trkpt lat="-7.151531986892223" lon="107.83391897566617">
        <ele>1945.36499</ele>
      </trkpt>
      <trkpt lat="-7.151515977457166" lon="107.83403598703444">
        <ele>1948.73</ele>
      </trkpt>
      <trkpt lat="-7.151515977457166" lon="107.83403598703444">
        <ele>1948.729736</ele>
      </trkpt>
      <trkpt lat="-7.151473984122276" lon="107.83407202921808">
        <ele>1951.6099999999999</ele>
      </trkpt>
      <trkpt lat="-7.151473984122276" lon="107.83407202921808">
        <ele>1951.6137699999999</ele>
      </trkpt>
      <trkpt lat="-7.151441965252161" lon="107.83410497009754">
        <ele>1954.98</ele>
      </trkpt>
      <trkpt lat="-7.151441965252161" lon="107.83410497009754">
        <ele>1954.9782709999999</ele>
      </trkpt>
      <trkpt lat="-7.151396032422781" lon="107.83422097563744">
        <ele>1955.46</ele>
      </trkpt>
      <trkpt lat="-7.151396032422781" lon="107.83422097563744">
        <ele>1955.4589840000001</ele>
      </trkpt>
      <trkpt lat="-7.15141698718071" lon="107.83423799090087">
        <ele>1957.8599999999999</ele>
      </trkpt>
      <trkpt lat="-7.15141698718071" lon="107.83423799090087">
        <ele>1957.8623050000001</ele>
      </trkpt>
      <trkpt lat="-7.151365019381046" lon="107.83419800922275">
        <ele>1961.71</ele>
      </trkpt>
      <trkpt lat="-7.151365019381046" lon="107.83419800922275">
        <ele>1961.7075199999999</ele>
      </trkpt>
      <trkpt lat="-7.151360996067524" lon="107.8341949917376">
        <ele>1961.23</ele>
      </trkpt>
      <trkpt lat="-7.151360996067524" lon="107.8341949917376">
        <ele>1961.226807</ele>
      </trkpt>
      <trkpt lat="-7.151296958327293" lon="107.83421996980906">
        <ele>1962.6700000000001</ele>
      </trkpt>
      <trkpt lat="-7.151296958327293" lon="107.83421996980906">
        <ele>1962.6687010000001</ele>
      </trkpt>
      <trkpt lat="-7.15124499052763" lon="107.83417898230255">
        <ele>1964.5899999999999</ele>
      </trkpt>
      <trkpt lat="-7.15124499052763" lon="107.83417898230255">
        <ele>1964.591553</ele>
      </trkpt>
      <trkpt lat="-7.151234010234475" lon="107.83417898230255">
        <ele>1965.55</ele>
      </trkpt>
      <trkpt lat="-7.151234010234475" lon="107.83417898230255">
        <ele>1965.5529790000001</ele>
      </trkpt>
      <trkpt lat="-7.151210960000753" lon="107.83424603752792">
        <ele>1968.4400000000001</ele>
      </trkpt>
      <trkpt lat="-7.151210960000753" lon="107.83424603752792">
        <ele>1968.436768</ele>
      </trkpt>
      <trkpt lat="-7.151191011071205" lon="107.83424796536565">
        <ele>1970.3599999999999</ele>
      </trkpt>
      <trkpt lat="-7.151191011071205" lon="107.83424796536565">
        <ele>1970.359375</ele>
      </trkpt>
      <trkpt lat="-7.151161003857851" lon="107.83423203974962">
        <ele>1970.3599999999999</ele>
      </trkpt>
      <trkpt lat="-7.151161003857851" lon="107.83423203974962">
        <ele>1970.359375</ele>
      </trkpt>
      <trkpt lat="-7.15111599303782" lon="107.83425902947783">
        <ele>1971.3199999999999</ele>
      </trkpt>
      <trkpt lat="-7.15111599303782" lon="107.83425902947783">
        <ele>1971.320557</ele>
      </trkpt>
      <trkpt lat="-7.151095038279891" lon="107.83432398922741">
        <ele>1970.8399999999999</ele>
      </trkpt>
      <trkpt lat="-7.151095038279891" lon="107.83432398922741">
        <ele>1970.8400879999999</ele>
      </trkpt>
      <trkpt lat="-7.151089003309608" lon="107.83434402197599">
        <ele>1972.76</ele>
      </trkpt>
      <trkpt lat="-7.151089003309608" lon="107.83434402197599">
        <ele>1972.7626949999999</ele>
      </trkpt>
      <trkpt lat="-7.151071988046169" lon="107.83438802696764">
        <ele>1973.24</ele>
      </trkpt>
      <trkpt lat="-7.151071988046169" lon="107.83438802696764">
        <ele>1973.243408</ele>
      </trkpt>
      <trkpt lat="-7.150999987497926" lon="107.83447100780904">
        <ele>1976.6099999999999</ele>
      </trkpt>
      <trkpt lat="-7.150999987497926" lon="107.83447100780904">
        <ele>1976.6079099999999</ele>
      </trkpt>
      <trkpt lat="-7.15092203579843" lon="107.83452096395195">
        <ele>1978.53</ele>
      </trkpt>
      <trkpt lat="-7.15092203579843" lon="107.83452096395195">
        <ele>1978.530518</ele>
      </trkpt>
      <trkpt lat="-7.150898985564709" lon="107.83459799364209">
        <ele>1980.45</ele>
      </trkpt>
      <trkpt lat="-7.150898985564709" lon="107.83459799364209">
        <ele>1980.4533690000001</ele>
      </trkpt>
      <trkpt lat="-7.150867972522974" lon="107.83463596366346">
        <ele>1984.3</ele>
      </trkpt>
      <trkpt lat="-7.150867972522974" lon="107.83463596366346">
        <ele>1984.2985839999999</ele>
      </trkpt>
      <trkpt lat="-7.150806030258536" lon="107.83473503775895">
        <ele>1986.22</ele>
      </trkpt>
      <trkpt lat="-7.150806030258536" lon="107.83473503775895">
        <ele>1986.2211910000001</ele>
      </trkpt>
      <trkpt lat="-7.150788009166718" lon="107.83479102887213">
        <ele>1987.6600000000001</ele>
      </trkpt>
      <trkpt lat="-7.150788009166718" lon="107.83479102887213">
        <ele>1987.663086</ele>
      </trkpt>
      <trkpt lat="-7.150750039145351" lon="107.83481801860034">
        <ele>1989.5899999999999</ele>
      </trkpt>
      <trkpt lat="-7.150750039145351" lon="107.83481801860034">
        <ele>1989.585693</ele>
      </trkpt>
      <trkpt lat="-7.150748027488589" lon="107.83480502665043">
        <ele>1992.95</ele>
      </trkpt>
      <trkpt lat="-7.150748027488589" lon="107.83480502665043">
        <ele>1992.9501949999999</ele>
      </trkpt>
      <trkpt lat="-7.150722965598106" lon="107.83480200916529">
        <ele>1993.9100000000001</ele>
      </trkpt>
      <trkpt lat="-7.150722965598106" lon="107.83480200916529">
        <ele>1993.911621</ele>
      </trkpt>
      <trkpt lat="-7.150712991133332" lon="107.83487099222839">
        <ele>1995.8299999999999</ele>
      </trkpt>
      <trkpt lat="-7.150712991133332" lon="107.83487099222839">
        <ele>1995.8342290000001</ele>
      </trkpt>
      <trkpt lat="-7.150657000020146" lon="107.83492597751319">
        <ele>1996.3199999999999</ele>
      </trkpt>
      <trkpt lat="-7.150657000020146" lon="107.83492597751319">
        <ele>1996.315186</ele>
      </trkpt>
      <trkpt lat="-7.150595979765058" lon="107.8349500335753">
        <ele>1999.2</ele>
      </trkpt>
      <trkpt lat="-7.150595979765058" lon="107.8349500335753">
        <ele>1999.198975</ele>
      </trkpt>
      <trkpt lat="-7.150594973936677" lon="107.83502496778965">
        <ele>2001.1199999999999</ele>
      </trkpt>
      <trkpt lat="-7.150594973936677" lon="107.83502496778965">
        <ele>2001.121582</ele>
      </trkpt>
      <trkpt lat="-7.150574019178748" lon="107.83503100275993">
        <ele>2004.49</ele>
      </trkpt>
      <trkpt lat="-7.150574019178748" lon="107.83503100275993">
        <ele>2004.4860839999999</ele>
      </trkpt>
      <trkpt lat="-7.150551974773407" lon="107.83509596250951">
        <ele>2004.01</ele>
      </trkpt>
      <trkpt lat="-7.150551974773407" lon="107.83509596250951">
        <ele>2004.005615</ele>
      </trkpt>
      <trkpt lat="-7.150558009743691" lon="107.83510803245008">
        <ele>2006.4100000000001</ele>
      </trkpt>
      <trkpt lat="-7.150558009743691" lon="107.83510803245008">
        <ele>2006.4086910000001</ele>
      </trkpt>
      <trkpt lat="-7.150468993932009" lon="107.83509101718664">
        <ele>2009.77</ele>
      </trkpt>
      <trkpt lat="-7.150468993932009" lon="107.83509101718664">
        <ele>2009.773193</ele>
      </trkpt>
      <trkpt lat="-7.150406967848539" lon="107.83509696833789">
        <ele>2010.73</ele>
      </trkpt>
      <trkpt lat="-7.150406967848539" lon="107.83509696833789">
        <ele>2010.7346190000001</ele>
      </trkpt>
      <trkpt lat="-7.150348965078592" lon="107.83514399081469">
        <ele>2012.1800000000001</ele>
      </trkpt>
      <trkpt lat="-7.150348965078592" lon="107.83514399081469">
        <ele>2012.1767580000001</ele>
      </trkpt>
      <trkpt lat="-7.150327004492283" lon="107.835239963606">
        <ele>2013.6199999999999</ele>
      </trkpt>
      <trkpt lat="-7.150327004492283" lon="107.835239963606">
        <ele>2013.6186520000001</ele>
      </trkpt>
      <trkpt lat="-7.15029900893569" lon="107.83525303937495">
        <ele>2015.0599999999999</ele>
      </trkpt>
      <trkpt lat="-7.15029900893569" lon="107.83525303937495">
        <ele>2015.0607910000001</ele>
      </trkpt>
      <trkpt lat="-7.150284005329013" lon="107.83529696054757">
        <ele>2016.5</ele>
      </trkpt>
      <trkpt lat="-7.150284005329013" lon="107.83529696054757">
        <ele>2016.502686</ele>
      </trkpt>
      <trkpt lat="-7.150294985622168" lon="107.83528799191117">
        <ele>2019.3900000000001</ele>
      </trkpt>
      <trkpt lat="-7.150294985622168" lon="107.83528799191117">
        <ele>2019.3867190000001</ele>
      </trkpt>
      <trkpt lat="-7.15025600977242" lon="107.83532696776092">
        <ele>2022.27</ele>
      </trkpt>
      <trkpt lat="-7.15025600977242" lon="107.83532696776092">
        <ele>2022.2705080000001</ele>
      </trkpt>
      <trkpt lat="-7.150252992287278" lon="107.83545998856425">
        <ele>2022.27</ele>
      </trkpt>
      <trkpt lat="-7.150252992287278" lon="107.83545998856425">
        <ele>2022.2705080000001</ele>
      </trkpt>
      <trkpt lat="-7.150248968973756" lon="107.83548002131283">
        <ele>2024.1900000000001</ele>
      </trkpt>
      <trkpt lat="-7.150248968973756" lon="107.83548002131283">
        <ele>2024.193115</ele>
      </trkpt>
      <trkpt lat="-7.150198007002473" lon="107.83543802797794">
        <ele>2025.1500000000001</ele>
      </trkpt>
      <trkpt lat="-7.150198007002473" lon="107.83543802797794">
        <ele>2025.154297</ele>
      </trkpt>
      <trkpt lat="-7.150172023102641" lon="107.83542503602803">
        <ele>2025.1500000000001</ele>
      </trkpt>
      <trkpt lat="-7.150172023102641" lon="107.83542503602803">
        <ele>2025.154297</ele>
      </trkpt>
      <trkpt lat="-7.15017001144588" lon="107.83542101271451">
        <ele>2026.5999999999999</ele>
      </trkpt>
      <trkpt lat="-7.15017001144588" lon="107.83542101271451">
        <ele>2026.596436</ele>
      </trkpt>
      <trkpt lat="-7.150132963433862" lon="107.83544599078596">
        <ele>2027.5599999999999</ele>
      </trkpt>
      <trkpt lat="-7.150132963433862" lon="107.83544599078596">
        <ele>2027.5576169999999</ele>
      </trkpt>
      <trkpt lat="-7.150130029767752" lon="107.83547499217093">
        <ele>2030.4400000000001</ele>
      </trkpt>
      <trkpt lat="-7.150130029767752" lon="107.83547499217093">
        <ele>2030.4418949999999</ele>
      </trkpt>
      <trkpt lat="-7.1501499786973" lon="107.8355179913342">
        <ele>2031.8800000000001</ele>
      </trkpt>
      <trkpt lat="-7.1501499786973" lon="107.8355179913342">
        <ele>2031.883789</ele>
      </trkpt>
      <trkpt lat="-7.150146039202809" lon="107.83554498106241">
        <ele>2032.3599999999999</ele>
      </trkpt>
      <trkpt lat="-7.150146039202809" lon="107.83554498106241">
        <ele>2032.3645019999999</ele>
      </trkpt>
      <trkpt lat="-7.150115026161075" lon="107.83556099049747">
        <ele>2035.25</ele>
      </trkpt>
      <trkpt lat="-7.150115026161075" lon="107.83556099049747">
        <ele>2035.2482910000001</ele>
      </trkpt>
      <trkpt lat="-7.150087030604482" lon="107.83556995913386">
        <ele>2035.73</ele>
      </trkpt>
      <trkpt lat="-7.150087030604482" lon="107.83556995913386">
        <ele>2035.729004</ele>
      </trkpt>
      <trkpt lat="-7.150068003684282" lon="107.8356009721756">
        <ele>2037.1700000000001</ele>
      </trkpt>
      <trkpt lat="-7.150068003684282" lon="107.8356009721756">
        <ele>2037.1708980000001</ele>
      </trkpt>
      <trkpt lat="-7.150029027834535" lon="107.83560700714588">
        <ele>2038.6099999999999</ele>
      </trkpt>
      <trkpt lat="-7.150029027834535" lon="107.83560700714588">
        <ele>2038.6130370000001</ele>
      </trkpt>
      <trkpt lat="-7.149997008964419" lon="107.83560700714588">
        <ele>2038.6099999999999</ele>
      </trkpt>
      <trkpt lat="-7.149997008964419" lon="107.83560700714588">
        <ele>2038.6130370000001</ele>
      </trkpt>
      <trkpt lat="-7.149974964559078" lon="107.83562603406608">
        <ele>2039.5699999999999</ele>
      </trkpt>
      <trkpt lat="-7.149974964559078" lon="107.83562603406608">
        <ele>2039.5742190000001</ele>
      </trkpt>
      <trkpt lat="-7.149924002587795" lon="107.83564598299563">
        <ele>2041.02</ele>
      </trkpt>
      <trkpt lat="-7.149924002587795" lon="107.83564598299563">
        <ele>2041.0161129999999</ele>
      </trkpt>
      <trkpt lat="-7.14986901730299" lon="107.83565000630915">
        <ele>2041.02</ele>
      </trkpt>
      <trkpt lat="-7.14986901730299" lon="107.83565000630915">
        <ele>2041.0161129999999</ele>
      </trkpt>
      <trkpt lat="-7.149823000654578" lon="107.83565604127944">
        <ele>2042.46</ele>
      </trkpt>
      <trkpt lat="-7.149823000654578" lon="107.83565604127944">
        <ele>2042.4582519999999</ele>
      </trkpt>
      <trkpt lat="-7.149801962077618" lon="107.83569501712918">
        <ele>2044.3800000000001</ele>
      </trkpt>
      <trkpt lat="-7.149801962077618" lon="107.83569501712918">
        <ele>2044.3808590000001</ele>
      </trkpt>
      <trkpt lat="-7.149757035076618" lon="107.83574497327209">
        <ele>2046.3</ele>
      </trkpt>
      <trkpt lat="-7.149757035076618" lon="107.83574497327209">
        <ele>2046.303711</ele>
      </trkpt>
      <trkpt lat="-7.149732979014516" lon="107.83578596077859">
        <ele>2047.26</ele>
      </trkpt>
      <trkpt lat="-7.149732979014516" lon="107.83578596077859">
        <ele>2047.264893</ele>
      </trkpt>
      <trkpt lat="-7.14974001981318" lon="107.83580096438527">
        <ele>2046.78</ele>
      </trkpt>
      <trkpt lat="-7.14974001981318" lon="107.83580096438527">
        <ele>2046.7841800000001</ele>
      </trkpt>
      <trkpt lat="-7.149729039520025" lon="107.83581303432584">
        <ele>2046.3</ele>
      </trkpt>
      <trkpt lat="-7.149729039520025" lon="107.83581303432584">
        <ele>2046.303711</ele>
      </trkpt>
      <trkpt lat="-7.149694003164768" lon="107.83586701378226">
        <ele>2046.3</ele>
      </trkpt>
      <trkpt lat="-7.149694003164768" lon="107.83586701378226">
        <ele>2046.303711</ele>
      </trkpt>
      <trkpt lat="-7.149686040356755" lon="107.83590397797525">
        <ele>2045.8199999999999</ele>
      </trkpt>
      <trkpt lat="-7.149686040356755" lon="107.83590397797525">
        <ele>2045.8229980000001</ele>
      </trkpt>
      <trkpt lat="-7.14967698790133" lon="107.83592300489545">
        <ele>2044.3800000000001</ele>
      </trkpt>
      <trkpt lat="-7.14967698790133" lon="107.83592300489545">
        <ele>2044.3808590000001</ele>
      </trkpt>
      <trkpt lat="-7.14967698790133" lon="107.83592903986573">
        <ele>2044.8599999999999</ele>
      </trkpt>
      <trkpt lat="-7.14967698790133" lon="107.83592903986573">
        <ele>2044.861572</ele>
      </trkpt>
      <trkpt lat="-7.14967698790133" lon="107.83592996187508">
        <ele>2044.8599999999999</ele>
      </trkpt>
      <trkpt lat="-7.14967698790133" lon="107.83592996187508">
        <ele>2044.861572</ele>
      </trkpt>
      <trkpt lat="-7.149677993729711" lon="107.83592996187508">
        <ele>2048.23</ele>
      </trkpt>
      <trkpt lat="-7.149677993729711" lon="107.83592996187508">
        <ele>2048.2260740000002</ele>
      </trkpt>
      <trkpt lat="-7.149678999558091" lon="107.83592602238059">
        <ele>2045.3399999999999</ele>
      </trkpt>
      <trkpt lat="-7.149678999558091" lon="107.83592602238059">
        <ele>2045.3422849999999</ele>
      </trkpt>
      <trkpt lat="-7.149675982072949" lon="107.83593499101698">
        <ele>2044.8599999999999</ele>
      </trkpt>
      <trkpt lat="-7.149675982072949" lon="107.83593499101698">
        <ele>2044.861572</ele>
      </trkpt>
      <trkpt lat="-7.149659972637892" lon="107.83594697713852">
        <ele>2042.9400000000001</ele>
      </trkpt>
      <trkpt lat="-7.149659972637892" lon="107.83594697713852">
        <ele>2042.938721</ele>
      </trkpt>
      <trkpt lat="-7.149652009829879" lon="107.83595602959394">
        <ele>2043.4200000000001</ele>
      </trkpt>
      <trkpt lat="-7.149652009829879" lon="107.83595602959394">
        <ele>2043.4194339999999</ele>
      </trkpt>
      <trkpt lat="-7.149645974859595" lon="107.83598000183702">
        <ele>2041.5</ele>
      </trkpt>
      <trkpt lat="-7.149645974859595" lon="107.83598000183702">
        <ele>2041.4968260000001</ele>
      </trkpt>
      <trkpt lat="-7.149641029536724" lon="107.83601596020162">
        <ele>2040.05</ele>
      </trkpt>
      <trkpt lat="-7.149641029536724" lon="107.83601596020162">
        <ele>2040.054932</ele>
      </trkpt>
      <trkpt lat="-7.149643041193485" lon="107.83604202792048">
        <ele>2039.0899999999999</ele>
      </trkpt>
      <trkpt lat="-7.149643041193485" lon="107.83604202792048">
        <ele>2039.0935059999999</ele>
      </trkpt>
      <trkpt lat="-7.149643041193485" lon="107.83605099655688">
        <ele>2038.6099999999999</ele>
      </trkpt>
      <trkpt lat="-7.149643041193485" lon="107.83605099655688">
        <ele>2038.6130370000001</ele>
      </trkpt>
      <trkpt lat="-7.149641029536724" lon="107.83607798628509">
        <ele>2038.1300000000001</ele>
      </trkpt>
      <trkpt lat="-7.149641029536724" lon="107.83607798628509">
        <ele>2038.1323239999999</ele>
      </trkpt>
      <trkpt lat="-7.149636000394821" lon="107.83610003069043">
        <ele>2036.6900000000001</ele>
      </trkpt>
      <trkpt lat="-7.149636000394821" lon="107.83610003069043">
        <ele>2036.690186</ele>
      </trkpt>
      <trkpt lat="-7.149610016494989" lon="107.83613598905504">
        <ele>2035.25</ele>
      </trkpt>
      <trkpt lat="-7.149610016494989" lon="107.83613598905504">
        <ele>2035.2482910000001</ele>
      </trkpt>
      <trkpt lat="-7.149600964039564" lon="107.8361430298537">
        <ele>2034.77</ele>
      </trkpt>
      <trkpt lat="-7.149600964039564" lon="107.8361430298537">
        <ele>2034.767822</ele>
      </trkpt>
      <trkpt lat="-7.149596018716693" lon="107.83615803346038">
        <ele>2034.77</ele>
      </trkpt>
      <trkpt lat="-7.149596018716693" lon="107.83615803346038">
        <ele>2034.767822</ele>
      </trkpt>
      <trkpt lat="-7.149599036201835" lon="107.83617203123868">
        <ele>2033.3299999999999</ele>
      </trkpt>
      <trkpt lat="-7.149599036201835" lon="107.83617203123868">
        <ele>2033.3256839999999</ele>
      </trkpt>
      <trkpt lat="-7.149594007059932" lon="107.83620296046138">
        <ele>2032.8399999999999</ele>
      </trkpt>
      <trkpt lat="-7.149594007059932" lon="107.83620296046138">
        <ele>2032.844971</ele>
      </trkpt>
      <trkpt lat="-7.149560982361436" lon="107.83622399903834">
        <ele>2030.9200000000001</ele>
      </trkpt>
      <trkpt lat="-7.149560982361436" lon="107.83622399903834">
        <ele>2030.922607</ele>
      </trkpt>
      <trkpt lat="-7.149541033431888" lon="107.83623598515987">
        <ele>2031.4000000000001</ele>
      </trkpt>
      <trkpt lat="-7.149541033431888" lon="107.83623598515987">
        <ele>2031.4030760000001</ele>
      </trkpt>
      <trkpt lat="-7.149483030661941" lon="107.83625400625169">
        <ele>2031.4000000000001</ele>
      </trkpt>
      <trkpt lat="-7.149483030661941" lon="107.83625400625169">
        <ele>2031.4030760000001</ele>
      </trkpt>
      <trkpt lat="-7.149441037327051" lon="107.83627202734351">
        <ele>2031.4000000000001</ele>
      </trkpt>
      <trkpt lat="-7.149441037327051" lon="107.83627202734351">
        <ele>2031.4030760000001</ele>
      </trkpt>
      <trkpt lat="-7.149438019841909" lon="107.83628300763667">
        <ele>2030.9200000000001</ele>
      </trkpt>
      <trkpt lat="-7.149438019841909" lon="107.83628300763667">
        <ele>2030.922607</ele>
      </trkpt>
      <trkpt lat="-7.149402983486652" lon="107.83625702373683">
        <ele>2030.9200000000001</ele>
      </trkpt>
      <trkpt lat="-7.149402983486652" lon="107.83625702373683">
        <ele>2030.922607</ele>
      </trkpt>
      <trkpt lat="-7.149344980716705" lon="107.83623699098825">
        <ele>2030.4400000000001</ele>
      </trkpt>
      <trkpt lat="-7.149344980716705" lon="107.83623699098825">
        <ele>2030.4418949999999</ele>
      </trkpt>
      <trkpt lat="-7.149263005703688" lon="107.83624897710979">
        <ele>2030.4400000000001</ele>
      </trkpt>
      <trkpt lat="-7.149263005703688" lon="107.83624897710979">
        <ele>2030.4418949999999</ele>
      </trkpt>
      <trkpt lat="-7.149207014590502" lon="107.83623699098825">
        <ele>2029</ele>
      </trkpt>
      <trkpt lat="-7.149207014590502" lon="107.83623699098825">
        <ele>2028.9997559999999</ele>
      </trkpt>
      <trkpt lat="-7.149143982678652" lon="107.83626096323133">
        <ele>2028.52</ele>
      </trkpt>
      <trkpt lat="-7.149143982678652" lon="107.83626096323133">
        <ele>2028.5192870000001</ele>
      </trkpt>
      <trkpt lat="-7.14905203320086" lon="107.83627001568675">
        <ele>2027.5599999999999</ele>
      </trkpt>
      <trkpt lat="-7.14905203320086" lon="107.83627001568675">
        <ele>2027.5576169999999</ele>
      </trkpt>
      <trkpt lat="-7.148995036259294" lon="107.83627898432314">
        <ele>2028.04</ele>
      </trkpt>
      <trkpt lat="-7.148995036259294" lon="107.83627898432314">
        <ele>2028.0385739999999</ele>
      </trkpt>
      <trkpt lat="-7.148959999904037" lon="107.83632399514318">
        <ele>2028.04</ele>
      </trkpt>
      <trkpt lat="-7.148959999904037" lon="107.83632399514318">
        <ele>2028.0385739999999</ele>
      </trkpt>
      <trkpt lat="-7.148933010175824" lon="107.83640395849943">
        <ele>2027.5599999999999</ele>
      </trkpt>
      <trkpt lat="-7.148933010175824" lon="107.83640395849943">
        <ele>2027.5576169999999</ele>
      </trkpt>
      <trkpt lat="-7.148852040991187" lon="107.83647000789642">
        <ele>2027.5599999999999</ele>
      </trkpt>
      <trkpt lat="-7.148852040991187" lon="107.83647000789642">
        <ele>2027.5576169999999</ele>
      </trkpt>
      <trkpt lat="-7.148755984380841" lon="107.83651602454484">
        <ele>2026.5999999999999</ele>
      </trkpt>
      <trkpt lat="-7.148755984380841" lon="107.83651602454484">
        <ele>2026.596436</ele>
      </trkpt>
      <trkpt lat="-7.14866504073143" lon="107.83655801787972">
        <ele>2026.1199999999999</ele>
      </trkpt>
      <trkpt lat="-7.14866504073143" lon="107.83655801787972">
        <ele>2026.1157229999999</ele>
      </trkpt>
      <trkpt lat="-7.1486010029912" lon="107.83660001121461">
        <ele>2025.1500000000001</ele>
      </trkpt>
      <trkpt lat="-7.1486010029912" lon="107.83660001121461">
        <ele>2025.154297</ele>
      </trkpt>
      <trkpt lat="-7.14851500466466" lon="107.836675029248">
        <ele>2025.6400000000001</ele>
      </trkpt>
      <trkpt lat="-7.14851500466466" lon="107.836675029248">
        <ele>2025.63501</ele>
      </trkpt>
      <trkpt lat="-7.148458007723093" lon="107.83672699704766">
        <ele>2025.6400000000001</ele>
      </trkpt>
      <trkpt lat="-7.148458007723093" lon="107.83672699704766">
        <ele>2025.63501</ele>
      </trkpt>
      <trkpt lat="-7.148373015224934" lon="107.83680696040392">
        <ele>2025.6400000000001</ele>
      </trkpt>
      <trkpt lat="-7.148373015224934" lon="107.83680696040392">
        <ele>2025.63501</ele>
      </trkpt>
      <trkpt lat="-7.148292968049645" lon="107.83687803894281">
        <ele>2026.5999999999999</ele>
      </trkpt>
      <trkpt lat="-7.148292968049645" lon="107.83687803894281">
        <ele>2026.596436</ele>
      </trkpt>
      <trkpt lat="-7.148218033835292" lon="107.83693998120725">
        <ele>2027.0799999999999</ele>
      </trkpt>
      <trkpt lat="-7.148218033835292" lon="107.83693998120725">
        <ele>2027.0771480000001</ele>
      </trkpt>
      <trkpt lat="-7.148181991651654" lon="107.83697501756251">
        <ele>2027.0799999999999</ele>
      </trkpt>
      <trkpt lat="-7.148181991651654" lon="107.83697501756251">
        <ele>2027.0771480000001</ele>
      </trkpt>
      <trkpt lat="-7.148148966953158" lon="107.83700795844197">
        <ele>2027.5599999999999</ele>
      </trkpt>
      <trkpt lat="-7.148148966953158" lon="107.83700795844197">
        <ele>2027.5576169999999</ele>
      </trkpt>
      <trkpt lat="-7.148066991940141" lon="107.83708800561726">
        <ele>2028.04</ele>
      </trkpt>
      <trkpt lat="-7.148066991940141" lon="107.83708800561726">
        <ele>2028.0385739999999</ele>
      </trkpt>
      <trkpt lat="-7.148036984726787" lon="107.83712496981025">
        <ele>2027.0799999999999</ele>
      </trkpt>
      <trkpt lat="-7.148036984726787" lon="107.83712496981025">
        <ele>2027.0771480000001</ele>
      </trkpt>
      <trkpt lat="-7.147995997220278" lon="107.83717802725732">
        <ele>2027.5599999999999</ele>
      </trkpt>
      <trkpt lat="-7.147995997220278" lon="107.83717802725732">
        <ele>2027.5576169999999</ele>
      </trkpt>
      <trkpt lat="-7.147960038855672" lon="107.83721700310707">
        <ele>2029</ele>
      </trkpt>
      <trkpt lat="-7.147960038855672" lon="107.83721700310707">
        <ele>2028.9997559999999</ele>
      </trkpt>
      <trkpt lat="-7.147940006107092" lon="107.83723896369338">
        <ele>2029.48</ele>
      </trkpt>
      <trkpt lat="-7.147940006107092" lon="107.83723896369338">
        <ele>2029.4804690000001</ele>
      </trkpt>
      <trkpt lat="-7.147903963923454" lon="107.8372900094837">
        <ele>2029</ele>
      </trkpt>
      <trkpt lat="-7.147903963923454" lon="107.8372900094837">
        <ele>2028.9997559999999</ele>
      </trkpt>
      <trkpt lat="-7.147854007780552" lon="107.83735698089004">
        <ele>2029.48</ele>
      </trkpt>
      <trkpt lat="-7.147854007780552" lon="107.83735698089004">
        <ele>2029.4804690000001</ele>
      </trkpt>
      <trkpt lat="-7.147868005558848" lon="107.83742495812476">
        <ele>2030.4400000000001</ele>
      </trkpt>
      <trkpt lat="-7.147868005558848" lon="107.83742495812476">
        <ele>2030.4418949999999</ele>
      </trkpt>
      <trkpt lat="-7.14787001721561" lon="107.83746100030839">
        <ele>2031.4000000000001</ele>
      </trkpt>
      <trkpt lat="-7.14787001721561" lon="107.83746100030839">
        <ele>2031.4030760000001</ele>
      </trkpt>
      <trkpt lat="-7.147845039144158" lon="107.83750098198652">
        <ele>2033.3299999999999</ele>
      </trkpt>
      <trkpt lat="-7.147845039144158" lon="107.83750098198652">
        <ele>2033.3256839999999</ele>
      </trkpt>
      <trkpt lat="-7.147826012223959" lon="107.83753903582692">
        <ele>2034.29</ele>
      </trkpt>
      <trkpt lat="-7.147826012223959" lon="107.83753903582692">
        <ele>2034.2871090000001</ele>
      </trkpt>
      <trkpt lat="-7.147822994738817" lon="107.83757298253477">
        <ele>2034.77</ele>
      </trkpt>
      <trkpt lat="-7.147822994738817" lon="107.83757298253477">
        <ele>2034.767822</ele>
      </trkpt>
      <trkpt lat="-7.147817965596914" lon="107.8375899977982">
        <ele>2036.21</ele>
      </trkpt>
      <trkpt lat="-7.147817965596914" lon="107.8375899977982">
        <ele>2036.209717</ele>
      </trkpt>
      <trkpt lat="-7.147802039980888" lon="107.83759703859687">
        <ele>2037.1700000000001</ele>
      </trkpt>
      <trkpt lat="-7.147802039980888" lon="107.83759703859687">
        <ele>2037.1708980000001</ele>
      </trkpt>
      <trkpt lat="-7.14778401888907" lon="107.83765202388167">
        <ele>2037.6500000000001</ele>
      </trkpt>
      <trkpt lat="-7.14778401888907" lon="107.83765202388167">
        <ele>2037.651611</ele>
      </trkpt>
      <trkpt lat="-7.14778502471745" lon="107.83767197281122">
        <ele>2038.6099999999999</ele>
      </trkpt>
      <trkpt lat="-7.14778502471745" lon="107.83767197281122">
        <ele>2038.6130370000001</ele>
      </trkpt>
      <trkpt lat="-7.147794999182224" lon="107.83768395893276">
        <ele>2039.0899999999999</ele>
      </trkpt>
      <trkpt lat="-7.147794999182224" lon="107.83768395893276">
        <ele>2039.0935059999999</ele>
      </trkpt>
      <trkpt lat="-7.147800028324127" lon="107.83768798224628">
        <ele>2040.54</ele>
      </trkpt>
      <trkpt lat="-7.147800028324127" lon="107.83768798224628">
        <ele>2040.5354</ele>
      </trkpt>
      <trkpt lat="-7.147812014445663" lon="107.83770499750972">
        <ele>2042.46</ele>
      </trkpt>
      <trkpt lat="-7.147812014445663" lon="107.83770499750972">
        <ele>2042.4582519999999</ele>
      </trkpt>
      <trkpt lat="-7.147822994738817" lon="107.83771396614611">
        <ele>2041.5</ele>
      </trkpt>
      <trkpt lat="-7.147822994738817" lon="107.83771396614611">
        <ele>2041.4968260000001</ele>
      </trkpt>
      <trkpt lat="-7.14782802388072" lon="107.83772201277316">
        <ele>2042.46</ele>
      </trkpt>
      <trkpt lat="-7.14782802388072" lon="107.83772201277316">
        <ele>2042.4582519999999</ele>
      </trkpt>
      <trkpt lat="-7.147832969203591" lon="107.83773701637983">
        <ele>2042.9400000000001</ele>
      </trkpt>
      <trkpt lat="-7.147832969203591" lon="107.83773701637983">
        <ele>2042.938721</ele>
      </trkpt>
      <trkpt lat="-7.14784998446703" lon="107.83775797113776">
        <ele>2044.3800000000001</ele>
      </trkpt>
      <trkpt lat="-7.14784998446703" lon="107.83775797113776">
        <ele>2044.3808590000001</ele>
      </trkpt>
      <trkpt lat="-7.147837998345494" lon="107.83778102137148">
        <ele>2045.8199999999999</ele>
      </trkpt>
      <trkpt lat="-7.147837998345494" lon="107.83778102137148">
        <ele>2045.8229980000001</ele>
      </trkpt>
      <trkpt lat="-7.147822994738817" lon="107.83780599944293">
        <ele>2047.26</ele>
      </trkpt>
      <trkpt lat="-7.147822994738817" lon="107.83780599944293">
        <ele>2047.264893</ele>
      </trkpt>
      <trkpt lat="-7.14782802388072" lon="107.83781999722123">
        <ele>2047.75</ele>
      </trkpt>
      <trkpt lat="-7.14782802388072" lon="107.83781999722123">
        <ele>2047.7456050000001</ele>
      </trkpt>
      <trkpt lat="-7.147819977253676" lon="107.83784002996981">
        <ele>2049.1900000000001</ele>
      </trkpt>
      <trkpt lat="-7.147819977253676" lon="107.83784002996981">
        <ele>2049.1875</ele>
      </trkpt>
      <trkpt lat="-7.147821988910437" lon="107.83785402774811">
        <ele>2049.6700000000001</ele>
      </trkpt>
      <trkpt lat="-7.147821988910437" lon="107.83785402774811">
        <ele>2049.6682129999999</ele>
      </trkpt>
      <trkpt lat="-7.147818971425295" lon="107.83787397667766">
        <ele>2050.6300000000001</ele>
      </trkpt>
      <trkpt lat="-7.147818971425295" lon="107.83787397667766">
        <ele>2050.6293949999999</ele>
      </trkpt>
      <trkpt lat="-7.147825006395578" lon="107.83789903856814">
        <ele>2052.0700000000002</ele>
      </trkpt>
      <trkpt lat="-7.147825006395578" lon="107.83789903856814">
        <ele>2052.071289</ele>
      </trkpt>
      <trkpt lat="-7.147831041365862" lon="107.83794295974076">
        <ele>2052.0700000000002</ele>
      </trkpt>
      <trkpt lat="-7.147831041365862" lon="107.83794295974076">
        <ele>2052.071289</ele>
      </trkpt>
      <trkpt lat="-7.147834980860353" lon="107.83798201940954">
        <ele>2052.0700000000002</ele>
      </trkpt>
      <trkpt lat="-7.147834980860353" lon="107.83798201940954">
        <ele>2052.071289</ele>
      </trkpt>
      <trkpt lat="-7.147833975031972" lon="107.83800900913775">
        <ele>2053.0300000000002</ele>
      </trkpt>
      <trkpt lat="-7.147833975031972" lon="107.83800900913775">
        <ele>2053.0327149999998</ele>
      </trkpt>
      <trkpt lat="-7.147834980860353" lon="107.83802200108767">
        <ele>2053.5100000000002</ele>
      </trkpt>
      <trkpt lat="-7.147834980860353" lon="107.83802200108767">
        <ele>2053.5134280000002</ele>
      </trkpt>
      <trkpt lat="-7.14787102304399" lon="107.83804597333074">
        <ele>2053.5100000000002</ele>
      </trkpt>
      <trkpt lat="-7.14787102304399" lon="107.83804597333074">
        <ele>2053.5134280000002</ele>
      </trkpt>
      <trkpt lat="-7.147894995287061" lon="107.83808796666563">
        <ele>2053.9899999999998</ele>
      </trkpt>
      <trkpt lat="-7.147894995287061" lon="107.83808796666563">
        <ele>2053.9941410000001</ele>
      </trkpt>
      <trkpt lat="-7.147907987236977" lon="107.83810498192906">
        <ele>2053.5100000000002</ele>
      </trkpt>
      <trkpt lat="-7.147907987236977" lon="107.83810498192906">
        <ele>2053.5134280000002</ele>
      </trkpt>
      <trkpt lat="-7.147919973358512" lon="107.83810900524259">
        <ele>2054.4699999999998</ele>
      </trkpt>
      <trkpt lat="-7.147919973358512" lon="107.83810900524259">
        <ele>2054.4746089999999</ele>
      </trkpt>
      <trkpt lat="-7.147941011935473" lon="107.838155021891">
        <ele>2053.9899999999998</ele>
      </trkpt>
      <trkpt lat="-7.147941011935473" lon="107.838155021891">
        <ele>2053.9941410000001</ele>
      </trkpt>
      <trkpt lat="-7.147930031642318" lon="107.83819500356913">
        <ele>2055.9200000000001</ele>
      </trkpt>
      <trkpt lat="-7.147930031642318" lon="107.83819500356913">
        <ele>2055.9165039999998</ele>
      </trkpt>
      <trkpt lat="-7.14791301637888" lon="107.83822199329734">
        <ele>2055.4400000000001</ele>
      </trkpt>
      <trkpt lat="-7.14791301637888" lon="107.83822199329734">
        <ele>2055.4360350000002</ele>
      </trkpt>
      <trkpt lat="-7.147875968366861" lon="107.83822299912572">
        <ele>2055.9200000000001</ele>
      </trkpt>
      <trkpt lat="-7.147875968366861" lon="107.83822299912572">
        <ele>2055.9165039999998</ele>
      </trkpt>
      <trkpt lat="-7.147865993902087" lon="107.83823699690402">
        <ele>2056.8800000000001</ele>
      </trkpt>
      <trkpt lat="-7.147865993902087" lon="107.83823699690402">
        <ele>2056.8779300000001</ele>
      </trkpt>
      <trkpt lat="-7.14787102304399" lon="107.83827999606729">
        <ele>2057.3600000000001</ele>
      </trkpt>
      <trkpt lat="-7.14787102304399" lon="107.83827999606729">
        <ele>2057.358643</ele>
      </trkpt>
      <trkpt lat="-7.147918967530131" lon="107.83834897913039">
        <ele>2058.3200000000002</ele>
      </trkpt>
      <trkpt lat="-7.147918967530131" lon="107.83834897913039">
        <ele>2058.3198240000002</ele>
      </trkpt>
      <trkpt lat="-7.147899018600583" lon="107.83838300965726">
        <ele>2058.3200000000002</ele>
      </trkpt>
      <trkpt lat="-7.147899018600583" lon="107.83838300965726">
        <ele>2058.3198240000002</ele>
      </trkpt>
      <trkpt lat="-7.147891977801919" lon="107.83841896802187">
        <ele>2059.7600000000002</ele>
      </trkpt>
      <trkpt lat="-7.147891977801919" lon="107.83841896802187">
        <ele>2059.7617190000001</ele>
      </trkpt>
      <trkpt lat="-7.147906981408596" lon="107.83847101964056">
        <ele>2059.7600000000002</ele>
      </trkpt>
      <trkpt lat="-7.147906981408596" lon="107.83847101964056">
        <ele>2059.7617190000001</ele>
      </trkpt>
      <trkpt lat="-7.14791301637888" lon="107.83849800936878">
        <ele>2061.1999999999998</ele>
      </trkpt>
      <trkpt lat="-7.14791301637888" lon="107.83849800936878">
        <ele>2061.2041020000001</ele>
      </trkpt>
      <trkpt lat="-7.147911004722118" lon="107.83851996995509">
        <ele>2060.2399999999998</ele>
      </trkpt>
      <trkpt lat="-7.147911004722118" lon="107.83851996995509">
        <ele>2060.2426759999998</ele>
      </trkpt>
      <trkpt lat="-7.147925002500415" lon="107.83853799104691">
        <ele>2058.8000000000002</ele>
      </trkpt>
      <trkpt lat="-7.147925002500415" lon="107.83853799104691">
        <ele>2058.8005370000001</ele>
      </trkpt>
      <trkpt lat="-7.147909998893738" lon="107.83856498077512">
        <ele>2060.2399999999998</ele>
      </trkpt>
      <trkpt lat="-7.147909998893738" lon="107.83856498077512">
        <ele>2060.2426759999998</ele>
      </trkpt>
      <trkpt lat="-7.147899018600583" lon="107.83856699243188">
        <ele>2061.1999999999998</ele>
      </trkpt>
      <trkpt lat="-7.147899018600583" lon="107.83856699243188">
        <ele>2061.2041020000001</ele>
      </trkpt>
      <trkpt lat="-7.147833975031972" lon="107.83857596106827">
        <ele>2061.6799999999998</ele>
      </trkpt>
      <trkpt lat="-7.147833975031972" lon="107.83857596106827">
        <ele>2061.6848140000002</ele>
      </trkpt>
      <trkpt lat="-7.147804973646998" lon="107.83858300186694">
        <ele>2062.1700000000001</ele>
      </trkpt>
      <trkpt lat="-7.147804973646998" lon="107.83858300186694">
        <ele>2062.1652829999998</ele>
      </trkpt>
      <trkpt lat="-7.147773038595915" lon="107.8386040404439">
        <ele>2062.1700000000001</ele>
      </trkpt>
      <trkpt lat="-7.147773038595915" lon="107.8386040404439">
        <ele>2062.1652829999998</ele>
      </trkpt>
      <trkpt lat="-7.147733978927136" lon="107.83863597549498">
        <ele>2064.0900000000001</ele>
      </trkpt>
      <trkpt lat="-7.147733978927136" lon="107.83863597549498">
        <ele>2064.0878910000001</ele>
      </trkpt>
      <trkpt lat="-7.147683016955853" lon="107.83864997327328">
        <ele>2065.0500000000002</ele>
      </trkpt>
      <trkpt lat="-7.147683016955853" lon="107.83864997327328">
        <ele>2065.0493160000001</ele>
      </trkpt>
      <trkpt lat="-7.147643035277724" lon="107.83870495855808">
        <ele>2067.4499999999998</ele>
      </trkpt>
      <trkpt lat="-7.147643035277724" lon="107.83870495855808">
        <ele>2067.452393</ele>
      </trkpt>
      <trkpt lat="-7.147604981437326" lon="107.83876203931868">
        <ele>2067.9299999999998</ele>
      </trkpt>
      <trkpt lat="-7.147604981437326" lon="107.83876203931868">
        <ele>2067.9331050000001</ele>
      </trkpt>
      <trkpt lat="-7.147590983659029" lon="107.8388109896332">
        <ele>2071.3000000000002</ele>
      </trkpt>
      <trkpt lat="-7.147590983659029" lon="107.8388109896332">
        <ele>2071.297607</ele>
      </trkpt>
      <trkpt lat="-7.147563993930817" lon="107.83883999101818">
        <ele>2071.7800000000002</ele>
      </trkpt>
      <trkpt lat="-7.147563993930817" lon="107.83883999101818">
        <ele>2071.7783199999999</ele>
      </trkpt>
      <trkpt lat="-7.147517977282405" lon="107.83882599323988">
        <ele>2075.1399999999999</ele>
      </trkpt>
      <trkpt lat="-7.147517977282405" lon="107.83882599323988">
        <ele>2075.1428219999998</ele>
      </trkpt>
      <trkpt lat="-7.14748302474618" lon="107.83885700628161">
        <ele>2076.0999999999999</ele>
      </trkpt>
      <trkpt lat="-7.14748302474618" lon="107.83885700628161">
        <ele>2076.1044919999999</ele>
      </trkpt>
      <trkpt lat="-7.147431978955865" lon="107.83891098573804">
        <ele>2078.0300000000002</ele>
      </trkpt>
      <trkpt lat="-7.147431978955865" lon="107.83891098573804">
        <ele>2078.0270999999998</ele>
      </trkpt>
      <trkpt lat="-7.1474439650774" lon="107.83893998712301">
        <ele>2079.9499999999998</ele>
      </trkpt>
      <trkpt lat="-7.1474439650774" lon="107.83893998712301">
        <ele>2079.9497070000002</ele>
      </trkpt>
      <trkpt lat="-7.147414041683078" lon="107.83896102569997">
        <ele>2080.9099999999999</ele>
      </trkpt>
      <trkpt lat="-7.147414041683078" lon="107.83896102569997">
        <ele>2080.9111330000001</ele>
      </trkpt>
      <trkpt lat="-7.147387973964214" lon="107.83894401043653">
        <ele>2082.8299999999999</ele>
      </trkpt>
      <trkpt lat="-7.147387973964214" lon="107.83894401043653">
        <ele>2082.8334960000002</ele>
      </trkpt>
      <trkpt lat="-7.147369030863047" lon="107.83896395936608">
        <ele>2084.7600000000002</ele>
      </trkpt>
      <trkpt lat="-7.147369030863047" lon="107.83896395936608">
        <ele>2084.7563479999999</ele>
      </trkpt>
      <trkpt lat="-7.147303987294436" lon="107.83898097462952">
        <ele>2086.1999999999998</ele>
      </trkpt>
      <trkpt lat="-7.147303987294436" lon="107.83898097462952">
        <ele>2086.1982419999999</ele>
      </trkpt>
      <trkpt lat="-7.14722502976656" lon="107.83903696574271">
        <ele>2088.1199999999999</ele>
      </trkpt>
      <trkpt lat="-7.14722502976656" lon="107.83903696574271">
        <ele>2088.1208499999998</ele>
      </trkpt>
      <trkpt lat="-7.147207008674741" lon="107.8390699904412">
        <ele>2089.5599999999999</ele>
      </trkpt>
      <trkpt lat="-7.147207008674741" lon="107.8390699904412">
        <ele>2089.5627439999998</ele>
      </trkpt>
      <trkpt lat="-7.147201979532838" lon="107.83909698016942">
        <ele>2089.0799999999999</ele>
      </trkpt>
      <trkpt lat="-7.147201979532838" lon="107.83909698016942">
        <ele>2089.0820309999999</ele>
      </trkpt>
      <trkpt lat="-7.147256964817643" lon="107.83912698738277">
        <ele>2088.1199999999999</ele>
      </trkpt>
      <trkpt lat="-7.147256964817643" lon="107.83912698738277">
        <ele>2088.1208499999998</ele>
      </trkpt>
      <trkpt lat="-7.147283032536507" lon="107.839191025123">
        <ele>2088.1199999999999</ele>
      </trkpt>
      <trkpt lat="-7.147283032536507" lon="107.839191025123">
        <ele>2088.1208499999998</ele>
      </trkpt>
      <trkpt lat="-7.147256964817643" lon="107.83926403149962">
        <ele>2088.1199999999999</ele>
      </trkpt>
      <trkpt lat="-7.147256964817643" lon="107.83926403149962">
        <ele>2088.1208499999998</ele>
      </trkpt>
      <trkpt lat="-7.147259982302785" lon="107.83932002261281">
        <ele>2088.5999999999999</ele>
      </trkpt>
      <trkpt lat="-7.147259982302785" lon="107.83932002261281">
        <ele>2088.6015630000002</ele>
      </trkpt>
      <trkpt lat="-7.14726802892983" lon="107.83935497514904">
        <ele>2089.5599999999999</ele>
      </trkpt>
      <trkpt lat="-7.14726802892983" lon="107.83935497514904">
        <ele>2089.5627439999998</ele>
      </trkpt>
      <trkpt lat="-7.147304993122816" lon="107.83939696848392">
        <ele>2087.6399999999999</ele>
      </trkpt>
      <trkpt lat="-7.147304993122816" lon="107.83939696848392">
        <ele>2087.6401369999999</ele>
      </trkpt>
      <trkpt lat="-7.147319996729493" lon="107.83940099179745">
        <ele>2088.1199999999999</ele>
      </trkpt>
      <trkpt lat="-7.147319996729493" lon="107.83940099179745">
        <ele>2088.1208499999998</ele>
      </trkpt>
      <trkpt lat="-7.147322008386254" lon="107.8394449967891">
        <ele>2087.6399999999999</ele>
      </trkpt>
      <trkpt lat="-7.147322008386254" lon="107.8394449967891">
        <ele>2087.6401369999999</ele>
      </trkpt>
      <trkpt lat="-7.14722502976656" lon="107.83947802148759">
        <ele>2088.1199999999999</ele>
      </trkpt>
      <trkpt lat="-7.14722502976656" lon="107.83947802148759">
        <ele>2088.1208499999998</ele>
      </trkpt>
      <trkpt lat="-7.14720499701798" lon="107.83953996375203">
        <ele>2088.5999999999999</ele>
      </trkpt>
      <trkpt lat="-7.14720499701798" lon="107.83953996375203">
        <ele>2088.6015630000002</ele>
      </trkpt>
      <trkpt lat="-7.147203991189599" lon="107.83953996375203">
        <ele>2088.1199999999999</ele>
      </trkpt>
      <trkpt lat="-7.147203991189599" lon="107.83953996375203">
        <ele>2088.1208499999998</ele>
      </trkpt>
      <trkpt lat="-7.147140959277749" lon="107.83957902342081">
        <ele>2091.4899999999998</ele>
      </trkpt>
      <trkpt lat="-7.147038029506803" lon="107.83965303562582">
        <ele>2100.6199999999999</ele>
      </trkpt>
      <trkpt lat="-7.147038029506803" lon="107.83965303562582">
        <ele>2100.6179200000001</ele>
      </trkpt>
      <trkpt lat="-7.147025037556887" lon="107.83973702229559">
        <ele>2102.0599999999999</ele>
      </trkpt>
      <trkpt lat="-7.147025037556887" lon="107.83973702229559">
        <ele>2102.0598140000002</ele>
      </trkpt>
      <trkpt lat="-7.147008022293448" lon="107.83977197483182">
        <ele>2105.4200000000001</ele>
      </trkpt>
      <trkpt lat="-7.147008022293448" lon="107.83977197483182">
        <ele>2105.4245609999998</ele>
      </trkpt>
      <trkpt lat="-7.14694700203836" lon="107.83978303894401">
        <ele>2106.8699999999999</ele>
      </trkpt>
      <trkpt lat="-7.14694700203836" lon="107.83978303894401">
        <ele>2106.8664549999999</ele>
      </trkpt>
      <trkpt lat="-7.146939039230347" lon="107.8398250322789">
        <ele>2108.3099999999999</ele>
      </trkpt>
      <trkpt lat="-7.146939039230347" lon="107.8398250322789">
        <ele>2108.3085940000001</ele>
      </trkpt>
      <trkpt lat="-7.146921018138528" lon="107.83986995927989">
        <ele>2111.1900000000001</ele>
      </trkpt>
      <trkpt lat="-7.146855974569917" lon="107.84005402587354">
        <ele>2130.9000000000001</ele>
      </trkpt>
      <trkpt lat="-7.146855974569917" lon="107.84005402587354">
        <ele>2130.8996579999998</ele>
      </trkpt>
      <trkpt lat="-7.146829990670085" lon="107.84008202143013">
        <ele>2133.7800000000002</ele>
      </trkpt>
      <trkpt lat="-7.146829990670085" lon="107.84008202143013">
        <ele>2133.7834469999998</ele>
      </trkpt>
      <trkpt lat="-7.146764025092125" lon="107.84013700671494">
        <ele>2135.23</ele>
      </trkpt>
      <trkpt lat="-7.146764025092125" lon="107.84013700671494">
        <ele>2135.2253420000002</ele>
      </trkpt>
      <trkpt lat="-7.146688001230359" lon="107.84016600809991">
        <ele>2139.0700000000002</ele>
      </trkpt>
      <trkpt lat="-7.14666998013854" lon="107.84021797589958">
        <ele>2142.9200000000001</ele>
      </trkpt>
      <trkpt lat="-7.14666998013854" lon="107.84021797589958">
        <ele>2142.9160160000001</ele>
      </trkpt>
      <trkpt lat="-7.146616000682116" lon="107.84029902890325">
        <ele>2144.3600000000001</ele>
      </trkpt>
      <trkpt lat="-7.146616000682116" lon="107.84029902890325">
        <ele>2144.3579100000002</ele>
      </trkpt>
      <trkpt lat="-7.146608037874103" lon="107.84036801196635">
        <ele>2147.7199999999998</ele>
      </trkpt>
      <trkpt lat="-7.146608037874103" lon="107.84036801196635">
        <ele>2147.7226559999999</ele>
      </trkpt>
      <trkpt lat="-7.14656000956893" lon="107.84051000140607">
        <ele>2147.2399999999998</ele>
      </trkpt>
      <trkpt lat="-7.14656000956893" lon="107.84051000140607">
        <ele>2147.241943</ele>
      </trkpt>
      <trkpt lat="-7.146585993468761" lon="107.84056004136801">
        <ele>2147.2399999999998</ele>
      </trkpt>
      <trkpt lat="-7.146585993468761" lon="107.84056004136801">
        <ele>2147.241943</ele>
      </trkpt>
      <trkpt lat="-7.146597979590297" lon="107.84058501943946">
        <ele>2145.8000000000002</ele>
      </trkpt>
      <trkpt lat="-7.1466030087322" lon="107.84058602526784">
        <ele>2147.2399999999998</ele>
      </trkpt>
      <trkpt lat="-7.146613989025354" lon="107.84058602526784">
        <ele>2147.2399999999998</ele>
      </trkpt>
      <trkpt lat="-7.146613989025354" lon="107.84058602526784">
        <ele>2147.241943</ele>
      </trkpt>
      <trkpt lat="-7.146655982360244" lon="107.84058200195432">
        <ele>2147.7199999999998</ele>
      </trkpt>
      <trkpt lat="-7.146655982360244" lon="107.84058200195432">
        <ele>2147.7226559999999</ele>
      </trkpt>
      <trkpt lat="-7.146681966260076" lon="107.84060002304614">
        <ele>2149.1599999999999</ele>
      </trkpt>
      <trkpt lat="-7.146681966260076" lon="107.84060002304614">
        <ele>2149.1645509999998</ele>
      </trkpt>
      <trkpt lat="-7.146683977916837" lon="107.84062097780406">
        <ele>2149.6500000000001</ele>
      </trkpt>
      <trkpt lat="-7.146683977916837" lon="107.84062097780406">
        <ele>2149.6452640000002</ele>
      </trkpt>
      <trkpt lat="-7.146703004837036" lon="107.84063698723912">
        <ele>2150.6100000000001</ele>
      </trkpt>
      <trkpt lat="-7.146703004837036" lon="107.84063698723912">
        <ele>2150.6064449999999</ele>
      </trkpt>
      <trkpt lat="-7.146701999008656" lon="107.84064796753228">
        <ele>2151.0900000000001</ele>
      </trkpt>
      <trkpt lat="-7.146701999008656" lon="107.84064796753228">
        <ele>2151.0871579999998</ele>
      </trkpt>
      <trkpt lat="-7.146696969866753" lon="107.84067202359438">
        <ele>2151.5700000000002</ele>
      </trkpt>
      <trkpt lat="-7.146696969866753" lon="107.84067202359438">
        <ele>2151.5678710000002</ele>
      </trkpt>
      <trkpt lat="-7.146663023158908" lon="107.84068803302944">
        <ele>2153.0100000000002</ele>
      </trkpt>
      <trkpt lat="-7.146663023158908" lon="107.84068803302944">
        <ele>2153.0097660000001</ele>
      </trkpt>
      <trkpt lat="-7.146633015945554" lon="107.84071099944413">
        <ele>2153.9699999999998</ele>
      </trkpt>
      <trkpt lat="-7.146633015945554" lon="107.84071099944413">
        <ele>2153.9711910000001</ele>
      </trkpt>
      <trkpt lat="-7.146595967933536" lon="107.84073899500072">
        <ele>2156.8600000000001</ele>
      </trkpt>
      <trkpt lat="-7.146595967933536" lon="107.84073899500072">
        <ele>2156.8552249999998</ele>
      </trkpt>
      <trkpt lat="-7.146548023447394" lon="107.84078400582075">
        <ele>2157.8200000000002</ele>
      </trkpt>
      <trkpt lat="-7.146548023447394" lon="107.84078400582075">
        <ele>2157.8166500000002</ele>
      </trkpt>
      <trkpt lat="-7.146522961556912" lon="107.84081501886249">
        <ele>2159.7399999999998</ele>
      </trkpt>
      <trkpt lat="-7.146522961556912" lon="107.84081501886249">
        <ele>2159.7390140000002</ele>
      </trkpt>
      <trkpt lat="-7.146493960171938" lon="107.84088701941073">
        <ele>2160.6999999999998</ele>
      </trkpt>
      <trkpt lat="-7.146493960171938" lon="107.84088701941073">
        <ele>2160.7004390000002</ele>
      </trkpt>
      <trkpt lat="-7.146436041221023" lon="107.84093404188752">
        <ele>2162.6199999999999</ele>
      </trkpt>
      <trkpt lat="-7.146436041221023" lon="107.84093404188752">
        <ele>2162.623047</ele>
      </trkpt>
      <trkpt lat="-7.146403016522527" lon="107.84096798859537">
        <ele>2161.6599999999999</ele>
      </trkpt>
      <trkpt lat="-7.146403016522527" lon="107.84096798859537">
        <ele>2161.661865</ele>
      </trkpt>
      <trkpt lat="-7.146378038451076" lon="107.84101601690054">
        <ele>2162.1399999999999</ele>
      </trkpt>
      <trkpt lat="-7.146378038451076" lon="107.84101601690054">
        <ele>2162.1423340000001</ele>
      </trkpt>
      <trkpt lat="-7.146311989054084" lon="107.84105197526515">
        <ele>2162.6199999999999</ele>
      </trkpt>
      <trkpt lat="-7.146311989054084" lon="107.84105197526515">
        <ele>2162.623047</ele>
      </trkpt>
      <trkpt lat="-7.146339984610677" lon="107.84112799912691">
        <ele>2163.0999999999999</ele>
      </trkpt>
      <trkpt lat="-7.146339984610677" lon="107.84112799912691">
        <ele>2163.10376</ele>
      </trkpt>
      <trkpt lat="-7.146318024024367" lon="107.84116303548217">
        <ele>2163.0999999999999</ele>
      </trkpt>
      <trkpt lat="-7.146318024024367" lon="107.84116303548217">
        <ele>2163.10376</ele>
      </trkpt>
      <trkpt lat="-7.146292962133884" lon="107.84121097996831">
        <ele>2162.6199999999999</ele>
      </trkpt>
      <trkpt lat="-7.146292962133884" lon="107.84121097996831">
        <ele>2162.623047</ele>
      </trkpt>
      <trkpt lat="-7.146263038739562" lon="107.84124601632357">
        <ele>2162.1399999999999</ele>
      </trkpt>
      <trkpt lat="-7.146263038739562" lon="107.84124601632357">
        <ele>2162.1423340000001</ele>
      </trkpt>
      <trkpt lat="-7.146231019869447" lon="107.84126101993024">
        <ele>2162.1399999999999</ele>
      </trkpt>
      <trkpt lat="-7.146231019869447" lon="107.84126101993024">
        <ele>2162.1423340000001</ele>
      </trkpt>
      <trkpt lat="-7.14619598351419" lon="107.84128700383008">
        <ele>2162.1399999999999</ele>
      </trkpt>
      <trkpt lat="-7.14619598351419" lon="107.84128700383008">
        <ele>2162.1423340000001</ele>
      </trkpt>
      <trkpt lat="-7.146163964644074" lon="107.84132296219468">
        <ele>2163.0999999999999</ele>
      </trkpt>
      <trkpt lat="-7.146163964644074" lon="107.84132296219468">
        <ele>2163.10376</ele>
      </trkpt>
      <trkpt lat="-7.146166982129216" lon="107.84139798022807">
        <ele>2163.5799999999999</ele>
      </trkpt>
      <trkpt lat="-7.146166982129216" lon="107.84139798022807">
        <ele>2163.5842290000001</ele>
      </trkpt>
      <trkpt lat="-7.146145021542907" lon="107.84140602685511">
        <ele>2164.5500000000002</ele>
      </trkpt>
      <trkpt lat="-7.146145021542907" lon="107.84140602685511">
        <ele>2164.545654</ele>
      </trkpt>
      <trkpt lat="-7.146136974915862" lon="107.84142103046179">
        <ele>2165.0300000000002</ele>
      </trkpt>
      <trkpt lat="-7.146136974915862" lon="107.84142103046179">
        <ele>2165.0263669999999</ele>
      </trkpt>
      <trkpt lat="-7.146118031814694" lon="107.84147601574659">
        <ele>2164.5500000000002</ele>
      </trkpt>
      <trkpt lat="-7.146118031814694" lon="107.84147601574659">
        <ele>2164.545654</ele>
      </trkpt>
      <trkpt lat="-7.146105039864779" lon="107.84153996966779">
        <ele>2165.5100000000002</ele>
      </trkpt>
      <trkpt lat="-7.146105039864779" lon="107.84153996966779">
        <ele>2165.5070799999999</ele>
      </trkpt>
      <trkpt lat="-7.146086012944579" lon="107.84158296883106">
        <ele>2165.0300000000002</ele>
      </trkpt>
      <trkpt lat="-7.146086012944579" lon="107.84158296883106">
        <ele>2165.0263669999999</ele>
      </trkpt>
      <trkpt lat="-7.146052988246083" lon="107.84164901822805">
        <ele>2165.5100000000002</ele>
      </trkpt>
      <trkpt lat="-7.146052988246083" lon="107.84164901822805">
        <ele>2165.5070799999999</ele>
      </trkpt>
      <trkpt lat="-7.146034967154265" lon="107.84169402904809">
        <ele>2165.9899999999998</ele>
      </trkpt>
      <trkpt lat="-7.146034967154265" lon="107.84169402904809">
        <ele>2165.9875489999999</ele>
      </trkpt>
      <trkpt lat="-7.146005965769291" lon="107.84172403626144">
        <ele>2166.9499999999998</ele>
      </trkpt>
      <trkpt lat="-7.146005965769291" lon="107.84172403626144">
        <ele>2166.9489749999998</ele>
      </trkpt>
      <trkpt lat="-7.145994985476136" lon="107.8418090287596">
        <ele>2166.9499999999998</ele>
      </trkpt>
      <trkpt lat="-7.145994985476136" lon="107.8418090287596">
        <ele>2166.9489749999998</ele>
      </trkpt>
      <trkpt lat="-7.145973024889827" lon="107.8418640140444">
        <ele>2166.4699999999998</ele>
      </trkpt>
      <trkpt lat="-7.145973024889827" lon="107.8418640140444">
        <ele>2166.4682619999999</ele>
      </trkpt>
      <trkpt lat="-7.145969001576304" lon="107.84188002347946">
        <ele>2166.4699999999998</ele>
      </trkpt>
      <trkpt lat="-7.145969001576304" lon="107.84188002347946">
        <ele>2166.4682619999999</ele>
      </trkpt>
      <trkpt lat="-7.145948968827725" lon="107.84195202402771">
        <ele>2167.4299999999998</ele>
      </trkpt>
      <trkpt lat="-7.145948968827725" lon="107.84195202402771">
        <ele>2167.429443</ele>
      </trkpt>
      <trkpt lat="-7.145942011848092" lon="107.84196501597762">
        <ele>2167.4299999999998</ele>
      </trkpt>
      <trkpt lat="-7.145942011848092" lon="107.84196501597762">
        <ele>2167.429443</ele>
      </trkpt>
      <trkpt lat="-7.145913010463119" lon="107.84202201291919">
        <ele>2166.9499999999998</ele>
      </trkpt>
      <trkpt lat="-7.145913010463119" lon="107.84202201291919">
        <ele>2166.9489749999998</ele>
      </trkpt>
      <trkpt lat="-7.145889038220048" lon="107.84205998294055">
        <ele>2167.9099999999999</ele>
      </trkpt>
      <trkpt lat="-7.145889038220048" lon="107.84205998294055">
        <ele>2167.9101559999999</ele>
      </trkpt>
      <trkpt lat="-7.145861964672804" lon="107.84208898432553">
        <ele>2167.9099999999999</ele>
      </trkpt>
      <trkpt lat="-7.145861964672804" lon="107.84208898432553">
        <ele>2167.9101559999999</ele>
      </trkpt>
      <trkpt lat="-7.145846039056778" lon="107.84214698709548">
        <ele>2168.3899999999999</ele>
      </trkpt>
      <trkpt lat="-7.145846039056778" lon="107.84214698709548">
        <ele>2168.3908689999998</ele>
      </trkpt>
      <trkpt lat="-7.145858025178313" lon="107.84221597015858">
        <ele>2168.3899999999999</ele>
      </trkpt>
      <trkpt lat="-7.145858025178313" lon="107.84221597015858">
        <ele>2168.3908689999998</ele>
      </trkpt>
      <trkpt lat="-7.14589599519968" lon="107.8422889765352">
        <ele>2168.3899999999999</ele>
      </trkpt>
      <trkpt lat="-7.14589599519968" lon="107.8422889765352">
        <ele>2168.3908689999998</ele>
      </trkpt>
      <trkpt lat="-7.14591602794826" lon="107.84232803620398">
        <ele>2169.8299999999999</ele>
      </trkpt>
      <trkpt lat="-7.14591602794826" lon="107.84232803620398">
        <ele>2169.8327640000002</ele>
      </trkpt>
      <trkpt lat="-7.145927008241415" lon="107.84237103536725">
        <ele>2170.3099999999999</ele>
      </trkpt>
      <trkpt lat="-7.145927008241415" lon="107.84237103536725">
        <ele>2170.3134770000001</ele>
      </trkpt>
      <trkpt lat="-7.145943017676473" lon="107.84241403453052">
        <ele>2170.79</ele>
      </trkpt>
      <trkpt lat="-7.145943017676473" lon="107.84241403453052">
        <ele>2170.7941890000002</ele>
      </trkpt>
      <trkpt lat="-7.145948968827725" lon="107.84242803230882">
        <ele>2171.7600000000002</ele>
      </trkpt>
      <trkpt lat="-7.145948968827725" lon="107.84242803230882">
        <ele>2171.7553710000002</ele>
      </trkpt>
      <trkpt lat="-7.145972019061446" lon="107.84246097318828">
        <ele>2170.79</ele>
      </trkpt>
      <trkpt lat="-7.145972019061446" lon="107.84246097318828">
        <ele>2170.7941890000002</ele>
      </trkpt>
      <trkpt lat="-7.145942011848092" lon="107.84249500371516">
        <ele>2171.7600000000002</ele>
      </trkpt>
      <trkpt lat="-7.145942011848092" lon="107.84249500371516">
        <ele>2171.7553710000002</ele>
      </trkpt>
      <trkpt lat="-7.145901024341583" lon="107.84251797012985">
        <ele>2171.7600000000002</ele>
      </trkpt>
      <trkpt lat="-7.145901024341583" lon="107.84251797012985">
        <ele>2171.7553710000002</ele>
      </trkpt>
      <trkpt lat="-7.145863976329565" lon="107.84254898317158">
        <ele>2171.7600000000002</ele>
      </trkpt>
      <trkpt lat="-7.145863976329565" lon="107.84254898317158">
        <ele>2171.7553710000002</ele>
      </trkpt>
      <trkpt lat="-7.145850984379649" lon="107.84258997067809">
        <ele>2172.2399999999998</ele>
      </trkpt>
      <trkpt lat="-7.145850984379649" lon="107.84258997067809">
        <ele>2172.236328</ele>
      </trkpt>
      <trkpt lat="-7.145822988823056" lon="107.84263699315488">
        <ele>2173.1999999999998</ele>
      </trkpt>
      <trkpt lat="-7.145822988823056" lon="107.84263699315488">
        <ele>2173.1977539999998</ele>
      </trkpt>
      <trkpt lat="-7.145792981609702" lon="107.84267496317625">
        <ele>2173.6799999999998</ele>
      </trkpt>
      <trkpt lat="-7.145792981609702" lon="107.84267496317625">
        <ele>2173.6782229999999</ele>
      </trkpt>
      <trkpt lat="-7.145736990496516" lon="107.84270002506673">
        <ele>2175.1199999999999</ele>
      </trkpt>
      <trkpt lat="-7.145736990496516" lon="107.84270002506673">
        <ele>2175.1201169999999</ele>
      </trkpt>
      <trkpt lat="-7.14572299271822" lon="107.84274403005838">
        <ele>2176.0799999999999</ele>
      </trkpt>
      <trkpt lat="-7.14572299271822" lon="107.84274403005838">
        <ele>2176.0815429999998</ele>
      </trkpt>
      <trkpt lat="-7.145705977454782" lon="107.84277596510947">
        <ele>2177.04</ele>
      </trkpt>
      <trkpt lat="-7.145705977454782" lon="107.84277596510947">
        <ele>2177.0429690000001</ele>
      </trkpt>
      <trkpt lat="-7.145690973848105" lon="107.84281200729311">
        <ele>2177.52</ele>
      </trkpt>
      <trkpt lat="-7.145690973848105" lon="107.84281200729311">
        <ele>2177.5234380000002</ele>
      </trkpt>
      <trkpt lat="-7.145684016868472" lon="107.8428400028497">
        <ele>2178</ele>
      </trkpt>
      <trkpt lat="-7.145684016868472" lon="107.8428400028497">
        <ele>2178.0041500000002</ele>
      </trkpt>
      <trkpt lat="-7.145690973848105" lon="107.84287302754819">
        <ele>2178.9699999999998</ele>
      </trkpt>
      <trkpt lat="-7.145690973848105" lon="107.84287302754819">
        <ele>2178.9653320000002</ele>
      </trkpt>
      <trkpt lat="-7.145692985504866" lon="107.84288702532649">
        <ele>2178.9699999999998</ele>
      </trkpt>
      <trkpt lat="-7.145692985504866" lon="107.84288702532649">
        <ele>2178.9653320000002</ele>
      </trkpt>
      <trkpt lat="-7.145707989111543" lon="107.8429229836911">
        <ele>2179.9299999999998</ele>
      </trkpt>
      <trkpt lat="-7.145707989111543" lon="107.8429229836911">
        <ele>2179.9267580000001</ele>
      </trkpt>
      <trkpt lat="-7.14570103213191" lon="107.84297302365303">
        <ele>2180.8899999999999</ele>
      </trkpt>
      <trkpt lat="-7.14570103213191" lon="107.84297302365303">
        <ele>2180.8881839999999</ele>
      </trkpt>
      <trkpt lat="-7.145673958584666" lon="107.84300596453249">
        <ele>2181.8499999999999</ele>
      </trkpt>
      <trkpt lat="-7.145673958584666" lon="107.84300596453249">
        <ele>2181.849365</ele>
      </trkpt>
      <trkpt lat="-7.14563699439168" lon="107.8430300205946">
        <ele>2182.8099999999999</ele>
      </trkpt>
      <trkpt lat="-7.14563699439168" lon="107.8430300205946">
        <ele>2182.810547</ele>
      </trkpt>
      <trkpt lat="-7.145627019926906" lon="107.84306396730244">
        <ele>2183.77</ele>
      </trkpt>
      <trkpt lat="-7.145627019926906" lon="107.84306396730244">
        <ele>2183.7719729999999</ele>
      </trkpt>
      <trkpt lat="-7.145630037412047" lon="107.84309296868742">
        <ele>2185.6900000000001</ele>
      </trkpt>
      <trkpt lat="-7.145630037412047" lon="107.84309296868742">
        <ele>2185.6945799999999</ele>
      </trkpt>
      <trkpt lat="-7.145632971078157" lon="107.84309699200094">
        <ele>2185.6900000000001</ele>
      </trkpt>
      <trkpt lat="-7.145632971078157" lon="107.84309699200094">
        <ele>2185.6945799999999</ele>
      </trkpt>
      <trkpt lat="-7.145631965249777" lon="107.84309104084969">
        <ele>2185.6900000000001</ele>
      </trkpt>
      <trkpt lat="-7.145631965249777" lon="107.84309104084969">
        <ele>2185.6945799999999</ele>
      </trkpt>
      <trkpt lat="-7.145651997998357" lon="107.8430990036577">
        <ele>2184.73</ele>
      </trkpt>
      <trkpt lat="-7.145651997998357" lon="107.8430990036577">
        <ele>2184.7333979999999</ele>
      </trkpt>
      <trkpt lat="-7.145671024918556" lon="107.84312699921429">
        <ele>2184.73</ele>
      </trkpt>
      <trkpt lat="-7.145671024918556" lon="107.84312699921429">
        <ele>2184.7333979999999</ele>
      </trkpt>
      <trkpt lat="-7.145704971626401" lon="107.8431730158627">
        <ele>2187.6199999999999</ele>
      </trkpt>
      <trkpt lat="-7.145704971626401" lon="107.8431730158627">
        <ele>2187.6171880000002</ele>
      </trkpt>
      <trkpt lat="-7.145705977454782" lon="107.84317402169108">
        <ele>2184.73</ele>
      </trkpt>
      <trkpt lat="-7.145705977454782" lon="107.84317402169108">
        <ele>2184.7333979999999</ele>
      </trkpt>
      <trkpt lat="-7.145706983283162" lon="107.84317603334785">
        <ele>2185.6900000000001</ele>
      </trkpt>
      <trkpt lat="-7.145706983283162" lon="107.84317603334785">
        <ele>2185.6945799999999</ele>
      </trkpt>
      <trkpt lat="-7.145731961354613" lon="107.84321400336921">
        <ele>2184.73</ele>
      </trkpt>
      <trkpt lat="-7.145731961354613" lon="107.84321400336921">
        <ele>2184.7333979999999</ele>
      </trkpt>
      <trkpt lat="-7.14576699770987" lon="107.84325700253248">
        <ele>2185.6900000000001</ele>
      </trkpt>
      <trkpt lat="-7.14576699770987" lon="107.84325700253248">
        <ele>2185.6945799999999</ele>
      </trkpt>
      <trkpt lat="-7.145799016579986" lon="107.84330201335251">
        <ele>2185.21</ele>
      </trkpt>
      <trkpt lat="-7.145799016579986" lon="107.84330201335251">
        <ele>2185.2138669999999</ele>
      </trkpt>
      <trkpt lat="-7.145797004923224" lon="107.84333998337388">
        <ele>2184.73</ele>
      </trkpt>
      <trkpt lat="-7.145797004923224" lon="107.84333998337388">
        <ele>2184.7333979999999</ele>
      </trkpt>
      <trkpt lat="-7.145799016579986" lon="107.84337099641562">
        <ele>2185.6900000000001</ele>
      </trkpt>
      <trkpt lat="-7.145799016579986" lon="107.84337099641562">
        <ele>2185.6945799999999</ele>
      </trkpt>
      <trkpt lat="-7.145776972174645" lon="107.84342003054917">
        <ele>2185.6900000000001</ele>
      </trkpt>
      <trkpt lat="-7.145776972174645" lon="107.84342003054917">
        <ele>2185.6945799999999</ele>
      </trkpt>
      <trkpt lat="-7.145811002701521" lon="107.84347996115685">
        <ele>2184.25</ele>
      </trkpt>
      <trkpt lat="-7.145811002701521" lon="107.84347996115685">
        <ele>2184.2526859999998</ele>
      </trkpt>
      <trkpt lat="-7.145797004923224" lon="107.84352497197688">
        <ele>2184.73</ele>
      </trkpt>
      <trkpt lat="-7.145797004923224" lon="107.84352497197688">
        <ele>2184.7333979999999</ele>
      </trkpt>
      <trkpt lat="-7.14578996412456" lon="107.84355103969574">
        <ele>2184.73</ele>
      </trkpt>
      <trkpt lat="-7.14578996412456" lon="107.84355103969574">
        <ele>2184.7333979999999</ele>
      </trkpt>
      <trkpt lat="-7.145790969952941" lon="107.84360401332378">
        <ele>2185.21</ele>
      </trkpt>
      <trkpt lat="-7.145790969952941" lon="107.84360401332378">
        <ele>2185.2138669999999</ele>
      </trkpt>
      <trkpt lat="-7.145813014358282" lon="107.84365497529507">
        <ele>2185.21</ele>
      </trkpt>
      <trkpt lat="-7.145813014358282" lon="107.84365497529507">
        <ele>2185.2138669999999</ele>
      </trkpt>
      <trkpt lat="-7.14585199020803" lon="107.84366897307336">
        <ele>2183.77</ele>
      </trkpt>
      <trkpt lat="-7.14585199020803" lon="107.84366897307336">
        <ele>2183.7719729999999</ele>
      </trkpt>
      <trkpt lat="-7.145878979936242" lon="107.84368196502328">
        <ele>2184.25</ele>
      </trkpt>
      <trkpt lat="-7.145878979936242" lon="107.84368196502328">
        <ele>2184.2526859999998</ele>
      </trkpt>
      <trkpt lat="-7.145935976877809" lon="107.84369504079223">
        <ele>2183.77</ele>
      </trkpt>
      <trkpt lat="-7.145935976877809" lon="107.84369504079223">
        <ele>2183.7719729999999</ele>
      </trkpt>
      <trkpt lat="-7.145936982706189" lon="107.84374499693513">
        <ele>2183.77</ele>
      </trkpt>
      <trkpt lat="-7.145936982706189" lon="107.84374499693513">
        <ele>2183.7719729999999</ele>
      </trkpt>
      <trkpt lat="-7.145947962999344" lon="107.84381498582661">
        <ele>2184.73</ele>
      </trkpt>
      <trkpt lat="-7.145947962999344" lon="107.84381498582661">
        <ele>2184.7333979999999</ele>
      </trkpt>
      <trkpt lat="-7.145991967990995" lon="107.84383602440357">
        <ele>2183.29</ele>
      </trkpt>
      <trkpt lat="-7.145991967990995" lon="107.84383602440357">
        <ele>2183.29126</ele>
      </trkpt>
      <trkpt lat="-7.14602398686111" lon="107.84386100247502">
        <ele>2184.25</ele>
      </trkpt>
      <trkpt lat="-7.14602398686111" lon="107.84386100247502">
        <ele>2184.2526859999998</ele>
      </trkpt>
      <trkpt lat="-7.146060029044747" lon="107.84389997832477">
        <ele>2183.77</ele>
      </trkpt>
      <trkpt lat="-7.146060029044747" lon="107.84389997832477">
        <ele>2183.7719729999999</ele>
      </trkpt>
      <trkpt lat="-7.146090036258102" lon="107.84393199719489">
        <ele>2184.25</ele>
      </trkpt>
      <trkpt lat="-7.146090036258102" lon="107.84393199719489">
        <ele>2184.2526859999998</ele>
      </trkpt>
      <trkpt lat="-7.146129012107849" lon="107.84396996721625">
        <ele>2183.29</ele>
      </trkpt>
      <trkpt lat="-7.146129012107849" lon="107.84396996721625">
        <ele>2183.29126</ele>
      </trkpt>
      <trkpt lat="-7.146160025149584" lon="107.84400483593345">
        <ele>2183.77</ele>
      </trkpt>
      <trkpt lat="-7.146183326840401" lon="107.84403895027936">
        <ele>2183.7719729999999</ele>
      </trkpt>
      <trkpt lat="-7.1462282538414" lon="107.84409477375448">
        <ele>2183.77</ele>
      </trkpt>
      <trkpt lat="-7.146240826696158" lon="107.84412528388202">
        <ele>2183.7719729999999</ele>
      </trkpt>
      <trkpt lat="-7.146271420642734" lon="107.84415227361023">
        <ele>2184.25</ele>
      </trkpt>
      <trkpt lat="-7.14630008675158" lon="107.84416308626533">
        <ele>2184.2526859999998</ele>
      </trkpt>
      <trkpt lat="-7.146415086463094" lon="107.84418286755681">
        <ele>2184.73</ele>
      </trkpt>
    </trkseg>
  </trk>

  <trk>
    <name>Guntur Cikahuripan</name>
    <desc>This is track no: 1</desc>
    <extensions>
      <gpxx:TrackExtension>
        <gpxx:DisplayColor>DarkGray</gpxx:DisplayColor>
      </gpxx:TrackExtension>
    </extensions>
    <trkseg>
      <trkpt lat="-7.190515547990799" lon="107.82002706080675">
        <ele>1063.35546875</ele>
      </trkpt>
      <trkpt lat="-7.19051999039948" lon="107.82001415267587">
        <ele>1063.8359375</ele>
      </trkpt>
      <trkpt lat="-7.190518984571099" lon="107.82001733779907">
        <ele>1063.35546875</ele>
      </trkpt>
      <trkpt lat="-7.190520996227861" lon="107.82001708634198">
        <ele>1063.35546875</ele>
      </trkpt>
      <trkpt lat="-7.190483696758747" lon="107.8200295753777">
        <ele>1064.3166503906</ele>
      </trkpt>
      <trkpt lat="-7.190436841920018" lon="107.82003049738705">
        <ele>1066.2392578125</ele>
      </trkpt>
      <trkpt lat="-7.1903479937464" lon="107.82004726119339">
        <ele>1066.2392578125</ele>
      </trkpt>
      <trkpt lat="-7.190249841660261" lon="107.82006544992328">
        <ele>1065.2780761719</ele>
      </trkpt>
      <trkpt lat="-7.190173901617527" lon="107.82010492868721">
        <ele>1065.7587890625</ele>
      </trkpt>
      <trkpt lat="-7.190138278529048" lon="107.82014281488955">
        <ele>1065.7587890625</ele>
      </trkpt>
      <trkpt lat="-7.19013249501586" lon="107.82016016542912">
        <ele>1065.7587890625</ele>
      </trkpt>
      <trkpt lat="-7.190086394548416" lon="107.82025597058237">
        <ele>1067.6811523438</ele>
      </trkpt>
      <trkpt lat="-7.190051609650254" lon="107.82029259949923">
        <ele>1067.6811523438</ele>
      </trkpt>
      <trkpt lat="-7.190041970461607" lon="107.82031045295298">
        <ele>1067.6811523438</ele>
      </trkpt>
      <trkpt lat="-7.189907860010862" lon="107.8204011451453">
        <ele>1065.2780761719</ele>
      </trkpt>
      <trkpt lat="-7.189816245809197" lon="107.82042386010289">
        <ele>1060.9521484375</ele>
      </trkpt>
      <trkpt lat="-7.189742904156447" lon="107.82045571133494">
        <ele>1060.4714355469</ele>
      </trkpt>
      <trkpt lat="-7.189649194478989" lon="107.82048965804279">
        <ele>1061.4328613281</ele>
      </trkpt>
      <trkpt lat="-7.189570991322398" lon="107.8205372672528">
        <ele>1061.9135742188</ele>
      </trkpt>
      <trkpt lat="-7.189532266929746" lon="107.82055713236332">
        <ele>1061.9135742188</ele>
      </trkpt>
      <trkpt lat="-7.189500331878662" lon="107.8205856308341">
        <ele>1062.3940429688</ele>
      </trkpt>
      <trkpt lat="-7.189326407387853" lon="107.82074782066047">
        <ele>1061.4328613281</ele>
      </trkpt>
      <trkpt lat="-7.189213167876005" lon="107.82087204046547">
        <ele>1060.9521484375</ele>
      </trkpt>
      <trkpt lat="-7.189131695777178" lon="107.82098335213959">
        <ele>1059.9907226562</ele>
      </trkpt>
      <trkpt lat="-7.189075704663992" lon="107.82104604877532">
        <ele>1058.548828125</ele>
      </trkpt>
      <trkpt lat="-7.189065562561154" lon="107.82106331549585">
        <ele>1058.068359375</ele>
      </trkpt>
      <trkpt lat="-7.189037399366498" lon="107.82108661718667">
        <ele>1057.1069335938</ele>
      </trkpt>
      <trkpt lat="-7.18901158310473" lon="107.82108955085278">
        <ele>1056.6262207031</ele>
      </trkpt>
      <trkpt lat="-7.18889825977385" lon="107.8210124373436">
        <ele>1059.0295410156</ele>
      </trkpt>
      <trkpt lat="-7.188875963911414" lon="107.8210021276027">
        <ele>1059.0295410156</ele>
      </trkpt>
      <trkpt lat="-7.1888249181211" lon="107.82098075374961">
        <ele>1058.548828125</ele>
      </trkpt>
      <trkpt lat="-7.188775213435292" lon="107.82097312621772">
        <ele>1058.068359375</ele>
      </trkpt>
      <trkpt lat="-7.188749900087714" lon="107.82097463496029">
        <ele>1058.068359375</ele>
      </trkpt>
      <trkpt lat="-7.188629452139139" lon="107.82094814814627">
        <ele>1056.1455078125</ele>
      </trkpt>
      <trkpt lat="-7.188593661412597" lon="107.82094747759402">
        <ele>1056.6262207031</ele>
      </trkpt>
      <trkpt lat="-7.188525181263685" lon="107.82090481370687">
        <ele>1057.1069335938</ele>
      </trkpt>
      <trkpt lat="-7.188436416909099" lon="107.82083658501506">
        <ele>1060.4714355469</ele>
      </trkpt>
      <trkpt lat="-7.188392244279385" lon="107.82077430747449">
        <ele>1061.4328613281</ele>
      </trkpt>
      <trkpt lat="-7.188389310613275" lon="107.82080213539302">
        <ele>1060.9521484375</ele>
      </trkpt>
      <trkpt lat="-7.188347987830639" lon="107.8208898101002">
        <ele>1059.0295410156</ele>
      </trkpt>
      <trkpt lat="-7.188334409147501" lon="107.82091998495162">
        <ele>1058.068359375</ele>
      </trkpt>
      <trkpt lat="-7.188320411369205" lon="107.8209381736815">
        <ele>1057.5876464844</ele>
      </trkpt>
      <trkpt lat="-7.188322423025966" lon="107.82104194164276">
        <ele>1054.7036132812</ele>
      </trkpt>
      <trkpt lat="-7.188342288136482" lon="107.82105803489685">
        <ele>1054.2231445312</ele>
      </trkpt>
      <trkpt lat="-7.188445637002587" lon="107.82116238959134">
        <ele>1057.5876464844</ele>
      </trkpt>
      <trkpt lat="-7.188455108553171" lon="107.82117228023708">
        <ele>1057.1069335938</ele>
      </trkpt>
      <trkpt lat="-7.188505902886391" lon="107.82123757526278">
        <ele>1055.6650390625</ele>
      </trkpt>
      <trkpt lat="-7.188509171828628" lon="107.82133664935827">
        <ele>1052.7810058594</ele>
      </trkpt>
      <trkpt lat="-7.188469106331468" lon="107.82140043564141">
        <ele>1053.26171875</ele>
      </trkpt>
      <trkpt lat="-7.188420994207263" lon="107.82146438956261">
        <ele>1054.2231445312</ele>
      </trkpt>
      <trkpt lat="-7.188390148803592" lon="107.82151593826711">
        <ele>1054.7036132812</ele>
      </trkpt>
      <trkpt lat="-7.188279759138823" lon="107.82151794992387">
        <ele>1057.5876464844</ele>
      </trkpt>
      <trkpt lat="-7.188239526003599" lon="107.82155524939299">
        <ele>1057.5876464844</ele>
      </trkpt>
      <trkpt lat="-7.188224270939827" lon="107.82160210423172">
        <ele>1058.068359375</ele>
      </trkpt>
      <trkpt lat="-7.188201639801264" lon="107.8216443490237">
        <ele>1058.068359375</ele>
      </trkpt>
      <trkpt lat="-7.188075995072722" lon="107.82174685969949">
        <ele>1058.548828125</ele>
      </trkpt>
      <trkpt lat="-7.187980273738504" lon="107.82174434512854">
        <ele>1059.0295410156</ele>
      </trkpt>
      <trkpt lat="-7.187964096665382" lon="107.82171408645809">
        <ele>1059.5102539062</ele>
      </trkpt>
      <trkpt lat="-7.187926797196269" lon="107.8217151761055">
        <ele>1059.9907226562</ele>
      </trkpt>
      <trkpt lat="-7.187926042824984" lon="107.82176655717194">
        <ele>1059.5102539062</ele>
      </trkpt>
      <trkpt lat="-7.187974490225315" lon="107.82184761017561">
        <ele>1058.068359375</ele>
      </trkpt>
      <trkpt lat="-7.18798496760428" lon="107.82186621800065">
        <ele>1057.5876464844</ele>
      </trkpt>
      <trkpt lat="-7.188005754724145" lon="107.82194685190916">
        <ele>1056.6262207031</ele>
      </trkpt>
      <trkpt lat="-7.187995277345181" lon="107.82195640727878">
        <ele>1057.1069335938</ele>
      </trkpt>
      <trkpt lat="-7.187975328415632" lon="107.82196193933487">
        <ele>1057.1069335938</ele>
      </trkpt>
      <trkpt lat="-7.187931658700109" lon="107.82198498956859">
        <ele>1057.1069335938</ele>
      </trkpt>
      <trkpt lat="-7.187781371176243" lon="107.82201977446675">
        <ele>1056.6262207031</ele>
      </trkpt>
      <trkpt lat="-7.187746502459049" lon="107.82203075475991">
        <ele>1056.6262207031</ele>
      </trkpt>
      <trkpt lat="-7.187630916014314" lon="107.82205858267844">
        <ele>1057.1069335938</ele>
      </trkpt>
      <trkpt lat="-7.18755648471415" lon="107.82207861542702">
        <ele>1056.6262207031</ele>
      </trkpt>
      <trkpt lat="-7.187416506931186" lon="107.82212312333286">
        <ele>1057.1069335938</ele>
      </trkpt>
      <trkpt lat="-7.187359342351556" lon="107.82216042280197">
        <ele>1055.1843261719</ele>
      </trkpt>
      <trkpt lat="-7.187360515818" lon="107.82216587103903">
        <ele>1055.1843261719</ele>
      </trkpt>
      <trkpt lat="-7.187402257695794" lon="107.82219059765339">
        <ele>1056.6262207031</ele>
      </trkpt>
      <trkpt lat="-7.187431007623673" lon="107.82225027680397">
        <ele>1057.5876464844</ele>
      </trkpt>
      <trkpt lat="-7.187381889671087" lon="107.82222295179963">
        <ele>1058.548828125</ele>
      </trkpt>
      <trkpt lat="-7.187357330694795" lon="107.82223141752183">
        <ele>1059.0295410156</ele>
      </trkpt>
      <trkpt lat="-7.18732338398695" lon="107.82223711721599">
        <ele>1059.5102539062</ele>
      </trkpt>
      <trkpt lat="-7.187303602695465" lon="107.82224055379629">
        <ele>1059.5102539062</ele>
      </trkpt>
      <trkpt lat="-7.187309302389622" lon="107.82227416522801">
        <ele>1060.4714355469</ele>
      </trkpt>
      <trkpt lat="-7.187310894951224" lon="107.8223227802664">
        <ele>1060.4714355469</ele>
      </trkpt>
      <trkpt lat="-7.187278792262077" lon="107.82240207307041">
        <ele>1061.4328613281</ele>
      </trkpt>
      <trkpt lat="-7.187276361510158" lon="107.82243543304503">
        <ele>1061.4328613281</ele>
      </trkpt>
      <trkpt lat="-7.187316929921508" lon="107.82255336642265">
        <ele>1062.3940429688</ele>
      </trkpt>
      <trkpt lat="-7.187309553846717" lon="107.82257901504636">
        <ele>1062.8747558594</ele>
      </trkpt>
      <trkpt lat="-7.18729161657393" lon="107.82260810025036">
        <ele>1062.8747558594</ele>
      </trkpt>
      <trkpt lat="-7.187202349305153" lon="107.82264799810946">
        <ele>1063.8359375</ele>
      </trkpt>
      <trkpt lat="-7.187063293531537" lon="107.82265654765069">
        <ele>1065.7587890625</ele>
      </trkpt>
      <trkpt lat="-7.186949886381626" lon="107.8226634208113">
        <ele>1066.2392578125</ele>
      </trkpt>
      <trkpt lat="-7.186849471181631" lon="107.82268839888275">
        <ele>1064.3166503906</ele>
      </trkpt>
      <trkpt lat="-7.186830947175622" lon="107.82269837334752">
        <ele>1063.8359375</ele>
      </trkpt>
      <trkpt lat="-7.186804292723537" lon="107.82271916046739">
        <ele>1064.7973632812</ele>
      </trkpt>
      <trkpt lat="-7.18682499602437" lon="107.82279074192047">
        <ele>1065.7587890625</ele>
      </trkpt>
      <trkpt lat="-7.186825079843402" lon="107.82280599698424">
        <ele>1065.7587890625</ele>
      </trkpt>
      <trkpt lat="-7.186835054308176" lon="107.82285880297422">
        <ele>1066.7199707031</ele>
      </trkpt>
      <trkpt lat="-7.186865480616689" lon="107.82295796088874">
        <ele>1070.5654296875</ele>
      </trkpt>
      <trkpt lat="-7.186883753165603" lon="107.82306851819158">
        <ele>1073.4494628906</ele>
      </trkpt>
      <trkpt lat="-7.186889620497823" lon="107.82317530363798">
        <ele>1071.5266113281</ele>
      </trkpt>
      <trkpt lat="-7.186877299100161" lon="107.82327027060091">
        <ele>1072.0073242188</ele>
      </trkpt>
      <trkpt lat="-7.186878556385636" lon="107.82330069690943">
        <ele>1072.96875</ele>
      </trkpt>
      <trkpt lat="-7.186727011576295" lon="107.82333162613213">
        <ele>1076.8139648438</ele>
      </trkpt>
      <trkpt lat="-7.186631793156266" lon="107.8233434446156">
        <ele>1074.4106445312</ele>
      </trkpt>
      <trkpt lat="-7.186603378504515" lon="107.82334336079657">
        <ele>1073.9299316406</ele>
      </trkpt>
      <trkpt lat="-7.186504807323217" lon="107.82335593365133">
        <ele>1072.0073242188</ele>
      </trkpt>
      <trkpt lat="-7.186428532004356" lon="107.82336808741093">
        <ele>1072.4880371094</ele>
      </trkpt>
      <trkpt lat="-7.186335325241089" lon="107.82339264638722">
        <ele>1073.4494628906</ele>
      </trkpt>
      <trkpt lat="-7.186283776536584" lon="107.82341158948839">
        <ele>1073.9299316406</ele>
      </trkpt>
      <trkpt lat="-7.186160897836089" lon="107.82343648374081">
        <ele>1072.96875</ele>
      </trkpt>
      <trkpt lat="-7.186132567003369" lon="107.82344235107303">
        <ele>1073.9299316406</ele>
      </trkpt>
      <trkpt lat="-7.18601823784411" lon="107.82341971993446">
        <ele>1081.6203613281</ele>
      </trkpt>
      <trkpt lat="-7.185961492359638" lon="107.82339784316719">
        <ele>1085.9465332031</ele>
      </trkpt>
      <trkpt lat="-7.185937352478504" lon="107.82339164055884">
        <ele>1086.9077148438</ele>
      </trkpt>
      <trkpt lat="-7.185916649177671" lon="107.82338920980692">
        <ele>1087.3884277344</ele>
      </trkpt>
      <trkpt lat="-7.185818329453468" lon="107.82337713986635">
        <ele>1090.2724609375</ele>
      </trkpt>
      <trkpt lat="-7.185755297541618" lon="107.82337605021894">
        <ele>1090.2724609375</ele>
      </trkpt>
      <trkpt lat="-7.185658486559987" lon="107.82338250428438">
        <ele>1088.3498535156</ele>
      </trkpt>
      <trkpt lat="-7.185575589537621" lon="107.82341066747904">
        <ele>1087.3884277344</ele>
      </trkpt>
      <trkpt lat="-7.185512557625771" lon="107.82345810905099">
        <ele>1084.9853515625</ele>
      </trkpt>
      <trkpt lat="-7.185509288683534" lon="107.82352399080992">
        <ele>1084.5046386719</ele>
      </trkpt>
      <trkpt lat="-7.185559077188373" lon="107.82358568161726">
        <ele>1083.0622558594</ele>
      </trkpt>
      <trkpt lat="-7.185575757175684" lon="107.82361635938287">
        <ele>1083.0622558594</ele>
      </trkpt>
      <trkpt lat="-7.185592018067837" lon="107.82366212457418">
        <ele>1084.0239257812</ele>
      </trkpt>
      <trkpt lat="-7.185582295060158" lon="107.82374259084463">
        <ele>1084.9853515625</ele>
      </trkpt>
      <trkpt lat="-7.18558581545949" lon="107.82379355281591">
        <ele>1085.4658203125</ele>
      </trkpt>
      <trkpt lat="-7.185571314767003" lon="107.82387276180089">
        <ele>1084.9853515625</ele>
      </trkpt>
      <trkpt lat="-7.185575840994716" lon="107.82397024333477">
        <ele>1084.0239257812</ele>
      </trkpt>
      <trkpt lat="-7.185569806024432" lon="107.8240654617548">
        <ele>1084.9853515625</ele>
      </trkpt>
      <trkpt lat="-7.185566201806068" lon="107.82414710149169">
        <ele>1085.4658203125</ele>
      </trkpt>
      <trkpt lat="-7.185570308938623" lon="107.82418490387499">
        <ele>1085.9465332031</ele>
      </trkpt>
      <trkpt lat="-7.185602663084865" lon="107.82433393411338">
        <ele>1085.4658203125</ele>
      </trkpt>
      <trkpt lat="-7.185606518760324" lon="107.82434432767332">
        <ele>1085.4658203125</ele>
      </trkpt>
      <trkpt lat="-7.185686733573675" lon="107.82450526021421">
        <ele>1087.869140625</ele>
      </trkpt>
      <trkpt lat="-7.185735600069165" lon="107.82462294213474">
        <ele>1086.4272460938</ele>
      </trkpt>
      <trkpt lat="-7.185717998072505" lon="107.82470273785293">
        <ele>1088.3498535156</ele>
      </trkpt>
      <trkpt lat="-7.185655469074845" lon="107.82471438869834">
        <ele>1091.7143554688</ele>
      </trkpt>
      <trkpt lat="-7.185518592596054" lon="107.82472905702889">
        <ele>1095.0788574219</ele>
      </trkpt>
      <trkpt lat="-7.185447849333286" lon="107.82475068233907">
        <ele>1097.0014648438</ele>
      </trkpt>
      <trkpt lat="-7.185432426631451" lon="107.82476702705026">
        <ele>1097.4821777344</ele>
      </trkpt>
      <trkpt lat="-7.185409208759666" lon="107.82477448694408">
        <ele>1097.962890625</ele>
      </trkpt>
      <trkpt lat="-7.185385320335627" lon="107.82477515749633">
        <ele>1097.962890625</ele>
      </trkpt>
      <trkpt lat="-7.185355564579368" lon="107.82478680834174">
        <ele>1097.962890625</ele>
      </trkpt>
      <trkpt lat="-7.185329999774694" lon="107.82478613778949">
        <ele>1097.962890625</ele>
      </trkpt>
      <trkpt lat="-7.185311308130622" lon="107.82479862682521">
        <ele>1098.443359375</ele>
      </trkpt>
      <trkpt lat="-7.185217430815101" lon="107.82482301816344">
        <ele>1098.9240722656</ele>
      </trkpt>
      <trkpt lat="-7.185127744451165" lon="107.82484120689332">
        <ele>1100.8469238281</ele>
      </trkpt>
      <trkpt lat="-7.185001177713275" lon="107.82485847361386">
        <ele>1099.8854980469</ele>
      </trkpt>
      <trkpt lat="-7.184923812747002" lon="107.82488328404725">
        <ele>1099.4047851562</ele>
      </trkpt>
      <trkpt lat="-7.184819206595421" lon="107.82488915137947">
        <ele>1101.3276367188</ele>
      </trkpt>
      <trkpt lat="-7.184749720618129" lon="107.82489619217813">
        <ele>1103.2502441406</ele>
      </trkpt>
      <trkpt lat="-7.184662716463208" lon="107.82491781748831">
        <ele>1104.2116699219</ele>
      </trkpt>
      <trkpt lat="-7.184606054797769" lon="107.82493567094207">
        <ele>1104.6921386719</ele>
      </trkpt>
      <trkpt lat="-7.184547130018473" lon="107.82497330568731">
        <ele>1103.7309570312</ele>
      </trkpt>
      <trkpt lat="-7.184468004852533" lon="107.82500943168998">
        <ele>1103.7309570312</ele>
      </trkpt>
      <trkpt lat="-7.184378989040852" lon="107.82505016773939">
        <ele>1105.1728515625</ele>
      </trkpt>
      <trkpt lat="-7.184272622689605" lon="107.82507045194507">
        <ele>1107.0954589844</ele>
      </trkpt>
      <trkpt lat="-7.184245213866234" lon="107.82506986521184">
        <ele>1107.0954589844</ele>
      </trkpt>
      <trkpt lat="-7.184156868606806" lon="107.825091406703">
        <ele>1107.576171875</ele>
      </trkpt>
      <trkpt lat="-7.18408964574337" lon="107.82510054297745">
        <ele>1106.6147460938</ele>
      </trkpt>
      <trkpt lat="-7.184062488377094" lon="107.8250929992646">
        <ele>1106.1340332031</ele>
      </trkpt>
      <trkpt lat="-7.184030972421169" lon="107.82509392127395">
        <ele>1106.1340332031</ele>
      </trkpt>
      <trkpt lat="-7.183964923024178" lon="107.82512275502086">
        <ele>1108.0568847656</ele>
      </trkpt>
      <trkpt lat="-7.183953775092959" lon="107.82512728124857">
        <ele>1108.5373535156</ele>
      </trkpt>
      <trkpt lat="-7.183878254145384" lon="107.82514169812202">
        <ele>1109.4987792969</ele>
      </trkpt>
      <trkpt lat="-7.183770630508661" lon="107.82515301369131">
        <ele>1112.86328125</ele>
      </trkpt>
      <trkpt lat="-7.183755123987794" lon="107.82516231760383">
        <ele>1113.3439941406</ele>
      </trkpt>
      <trkpt lat="-7.183716567233205" lon="107.82518955878913">
        <ele>1114.7858886719</ele>
      </trkpt>
      <trkpt lat="-7.183642303571105" lon="107.82525418326259">
        <ele>1116.7087402344</ele>
      </trkpt>
      <trkpt lat="-7.183609278872609" lon="107.82538896426558">
        <ele>1119.1120605469</ele>
      </trkpt>
      <trkpt lat="-7.183531410992146" lon="107.82545275054872">
        <ele>1120.5539550781</ele>
      </trkpt>
      <trkpt lat="-7.183425966650248" lon="107.82549642026424">
        <ele>1118.6313476562</ele>
      </trkpt>
      <trkpt lat="-7.183388667181134" lon="107.82550807110965">
        <ele>1118.1506347656</ele>
      </trkpt>
      <trkpt lat="-7.183331837877631" lon="107.82552382908762">
        <ele>1118.6313476562</ele>
      </trkpt>
      <trkpt lat="-7.183212311938405" lon="107.8255607932806">
        <ele>1117.669921875</ele>
      </trkpt>
      <trkpt lat="-7.183191776275635" lon="107.8255660738796">
        <ele>1117.669921875</ele>
      </trkpt>
      <trkpt lat="-7.183056995272636" lon="107.82557965256274">
        <ele>1120.0732421875</ele>
      </trkpt>
      <trkpt lat="-7.182961022481322" lon="107.82558040693402">
        <ele>1122.9572753906</ele>
      </trkpt>
      <trkpt lat="-7.182895559817553" lon="107.8255848493427">
        <ele>1125.3603515625</ele>
      </trkpt>
      <trkpt lat="-7.182780224829912" lon="107.82557755708694">
        <ele>1128.7250976562</ele>
      </trkpt>
      <trkpt lat="-7.182665728032589" lon="107.82558275386691">
        <ele>1129.2055664062</ele>
      </trkpt>
      <trkpt lat="-7.182560786604881" lon="107.82558476552367">
        <ele>1126.8024902344</ele>
      </trkpt>
      <trkpt lat="-7.182468082755804" lon="107.82559599727392">
        <ele>1125.3603515625</ele>
      </trkpt>
      <trkpt lat="-7.182403123006225" lon="107.82559826038778">
        <ele>1125.3603515625</ele>
      </trkpt>
      <trkpt lat="-7.182323494926095" lon="107.82560974359512">
        <ele>1125.8410644531</ele>
      </trkpt>
      <trkpt lat="-7.182245962321758" lon="107.82565861009061">
        <ele>1127.763671875</ele>
      </trkpt>
      <trkpt lat="-7.18219768255949" lon="107.82571937888861">
        <ele>1129.6862792969</ele>
      </trkpt>
      <trkpt lat="-7.18212777748704" lon="107.82580252736807">
        <ele>1129.6862792969</ele>
      </trkpt>
      <trkpt lat="-7.182120904326439" lon="107.82580588012934">
        <ele>1129.6862792969</ele>
      </trkpt>
      <trkpt lat="-7.182029038667679" lon="107.82587762922049">
        <ele>1131.1284179688</ele>
      </trkpt>
      <trkpt lat="-7.181982938200235" lon="107.82591283321381">
        <ele>1132.5705566406</ele>
      </trkpt>
      <trkpt lat="-7.181873386725783" lon="107.82595206052065">
        <ele>1133.5317382812</ele>
      </trkpt>
      <trkpt lat="-7.181852180510759" lon="107.82595608383417">
        <ele>1134.0124511719</ele>
      </trkpt>
      <trkpt lat="-7.18182192184031" lon="107.82597041688859">
        <ele>1134.0124511719</ele>
      </trkpt>
      <trkpt lat="-7.181726368144155" lon="107.8260290902108">
        <ele>1135.4543457031</ele>
      </trkpt>
      <trkpt lat="-7.181674903258681" lon="107.82607384957373">
        <ele>1137.376953125</ele>
      </trkpt>
      <trkpt lat="-7.181614050641656" lon="107.82609555870295">
        <ele>1140.2609863281</ele>
      </trkpt>
      <trkpt lat="-7.181581696495414" lon="107.82610142603517">
        <ele>1141.7028808594</ele>
      </trkpt>
      <trkpt lat="-7.181446077302098" lon="107.82614761032164">
        <ele>1145.5480957031</ele>
      </trkpt>
      <trkpt lat="-7.181364186108112" lon="107.82617141492665">
        <ele>1149.3935546875</ele>
      </trkpt>
      <trkpt lat="-7.181307524442673" lon="107.82618289813399">
        <ele>1150.8354492188</ele>
      </trkpt>
      <trkpt lat="-7.181236864998937" lon="107.82620611600578">
        <ele>1152.27734375</ele>
      </trkpt>
      <trkpt lat="-7.181190177798271" lon="107.82621785067022">
        <ele>1152.7580566406</ele>
      </trkpt>
      <trkpt lat="-7.181157320737839" lon="107.82621257007122">
        <ele>1153.2387695312</ele>
      </trkpt>
      <trkpt lat="-7.181120105087757" lon="107.8262341953814">
        <ele>1152.7580566406</ele>
      </trkpt>
      <trkpt lat="-7.18106553889811" lon="107.82625230029225">
        <ele>1152.27734375</ele>
      </trkpt>
      <trkpt lat="-7.181042488664389" lon="107.82624852843583">
        <ele>1151.3161621094</ele>
      </trkpt>
      <trkpt lat="-7.180963279679418" lon="107.82624886371195">
        <ele>1150.3549804688</ele>
      </trkpt>
      <trkpt lat="-7.180830342695117" lon="107.82624525949359">
        <ele>1150.8354492188</ele>
      </trkpt>
      <trkpt lat="-7.180797317996621" lon="107.82624207437038">
        <ele>1150.8354492188</ele>
      </trkpt>
      <trkpt lat="-7.180746607482433" lon="107.82625917345285">
        <ele>1151.3161621094</ele>
      </trkpt>
      <trkpt lat="-7.18058274127543" lon="107.82627551816404">
        <ele>1148.4321289062</ele>
      </trkpt>
      <trkpt lat="-7.180477129295468" lon="107.826285995543">
        <ele>1147.9514160156</ele>
      </trkpt>
      <trkpt lat="-7.18036531470716" lon="107.82630535773933">
        <ele>1147.470703125</ele>
      </trkpt>
      <trkpt lat="-7.180264061316848" lon="107.82632723450661">
        <ele>1146.9899902344</ele>
      </trkpt>
      <trkpt lat="-7.180220978334546" lon="107.82633896917105">
        <ele>1146.5095214844</ele>
      </trkpt>
      <trkpt lat="-7.18016205355525" lon="107.82636310905218">
        <ele>1145.5480957031</ele>
      </trkpt>
      <trkpt lat="-7.180103464052081" lon="107.82641926780343">
        <ele>1144.5866699219</ele>
      </trkpt>
      <trkpt lat="-7.180096423253417" lon="107.82641323283315">
        <ele>1145.0673828125</ele>
      </trkpt>
      <trkpt lat="-7.179998103529215" lon="107.82647534273565">
        <ele>1146.9899902344</ele>
      </trkpt>
      <trkpt lat="-7.179934149608016" lon="107.82653862610459">
        <ele>1147.470703125</ele>
      </trkpt>
      <trkpt lat="-7.17988402582705" lon="107.82658581621945">
        <ele>1147.470703125</ele>
      </trkpt>
      <trkpt lat="-7.179873213171959" lon="107.8266575653106">
        <ele>1146.5095214844</ele>
      </trkpt>
      <trkpt lat="-7.179851336404681" lon="107.82671900466084">
        <ele>1145.0673828125</ele>
      </trkpt>
      <trkpt lat="-7.179848402738571" lon="107.82672688364983">
        <ele>1145.0673828125</ele>
      </trkpt>
      <trkpt lat="-7.179837338626385" lon="107.82678740099072">
        <ele>1144.5866699219</ele>
      </trkpt>
      <trkpt lat="-7.179764918982983" lon="107.82688295468688">
        <ele>1145.5480957031</ele>
      </trkpt>
      <trkpt lat="-7.179747233167291" lon="107.82690315507352">
        <ele>1146.0288085938</ele>
      </trkpt>
      <trkpt lat="-7.179704736918211" lon="107.82697146758437">
        <ele>1148.4321289062</ele>
      </trkpt>
      <trkpt lat="-7.179675819352269" lon="107.82702796161175">
        <ele>1149.8742675781</ele>
      </trkpt>
      <trkpt lat="-7.179634915664792" lon="107.82710088416934">
        <ele>1152.27734375</ele>
      </trkpt>
      <trkpt lat="-7.179584875702858" lon="107.82720188610256">
        <ele>1156.1225585938</ele>
      </trkpt>
      <trkpt lat="-7.179581522941589" lon="107.82720616087317">
        <ele>1156.6032714844</ele>
      </trkpt>
      <trkpt lat="-7.179529806599021" lon="107.82724413089454">
        <ele>1159.0065917969</ele>
      </trkpt>
      <trkpt lat="-7.17950776219368" lon="107.82724890857935">
        <ele>1159.4873046875</ele>
      </trkpt>
      <trkpt lat="-7.179398713633418" lon="107.82731319777668">
        <ele>1162.37109375</ele>
      </trkpt>
      <trkpt lat="-7.179240295663476" lon="107.82736684195697">
        <ele>1166.697265625</ele>
      </trkpt>
      <trkpt lat="-7.17921020463109" lon="107.82736625522375">
        <ele>1168.6198730469</ele>
      </trkpt>
      <trkpt lat="-7.179094199091196" lon="107.82730397768319">
        <ele>1169.1005859375</ele>
      </trkpt>
      <trkpt lat="-7.179025299847126" lon="107.82725150696933">
        <ele>1168.1391601562</ele>
      </trkpt>
      <trkpt lat="-7.178943576291204" lon="107.82720381394029">
        <ele>1167.6584472656</ele>
      </trkpt>
      <trkpt lat="-7.17891507782042" lon="107.82723248004913">
        <ele>1169.1005859375</ele>
      </trkpt>
      <trkpt lat="-7.178900074213743" lon="107.82725930213928">
        <ele>1169.5812988281</ele>
      </trkpt>
      <trkpt lat="-7.178884567692876" lon="107.82729718834162">
        <ele>1170.0617675781</ele>
      </trkpt>
      <trkpt lat="-7.17887157574296" lon="107.82731219194829">
        <ele>1170.0617675781</ele>
      </trkpt>
      <trkpt lat="-7.178840059787035" lon="107.82739341259003">
        <ele>1171.5036621094</ele>
      </trkpt>
      <trkpt lat="-7.178794629871845" lon="107.82748435623944">
        <ele>1173.9069824219</ele>
      </trkpt>
      <trkpt lat="-7.178765879943967" lon="107.82754420302808">
        <ele>1173.9069824219</ele>
      </trkpt>
      <trkpt lat="-7.178725395351648" lon="107.82760011032224">
        <ele>1171.984375</ele>
      </trkpt>
      <trkpt lat="-7.178687425330281" lon="107.82766674645245">
        <ele>1171.5036621094</ele>
      </trkpt>
      <trkpt lat="-7.178655071184039" lon="107.82772122882307">
        <ele>1169.5812988281</ele>
      </trkpt>
      <trkpt lat="-7.178637636825442" lon="107.82775240950286">
        <ele>1169.5812988281</ele>
      </trkpt>
      <trkpt lat="-7.178599163889885" lon="107.82779976725578">
        <ele>1168.1391601562</ele>
      </trkpt>
      <trkpt lat="-7.178595056757331" lon="107.82783027738333">
        <ele>1167.1779785156</ele>
      </trkpt>
      <trkpt lat="-7.178563540801406" lon="107.82787738367915">
        <ele>1166.2165527344</ele>
      </trkpt>
      <trkpt lat="-7.178537640720606" lon="107.82790839672089">
        <ele>1165.2553710938</ele>
      </trkpt>
      <trkpt lat="-7.178492462262511" lon="107.82798240892589">
        <ele>1169.5812988281</ele>
      </trkpt>
      <trkpt lat="-7.178462287411094" lon="107.82804007641971">
        <ele>1173.9069824219</ele>
      </trkpt>
      <trkpt lat="-7.178432028740645" lon="107.82808374613523">
        <ele>1176.3103027344</ele>
      </trkpt>
      <trkpt lat="-7.178367823362351" lon="107.82819136977196">
        <ele>1180.1557617188</ele>
      </trkpt>
      <trkpt lat="-7.178353741765022" lon="107.82825188711286">
        <ele>1181.1171875</ele>
      </trkpt>
      <trkpt lat="-7.17832189053297" lon="107.82831533811986">
        <ele>1181.1171875</ele>
      </trkpt>
      <trkpt lat="-7.178294314071536" lon="107.82835800200701">
        <ele>1180.1557617188</ele>
      </trkpt>
      <trkpt lat="-7.17828031629324" lon="107.82837426289916">
        <ele>1180.1557617188</ele>
      </trkpt>
      <trkpt lat="-7.17823195271194" lon="107.82843033783138">
        <ele>1180.1557617188</ele>
      </trkpt>
      <trkpt lat="-7.178220050409436" lon="107.8284465149045">
        <ele>1181.1171875</ele>
      </trkpt>
      <trkpt lat="-7.17822122387588" lon="107.82850803807378">
        <ele>1182.0783691406</ele>
      </trkpt>
      <trkpt lat="-7.178210746496916" lon="107.82854206860065">
        <ele>1182.5590820312</ele>
      </trkpt>
      <trkpt lat="-7.178169591352344" lon="107.82860845327377">
        <ele>1183.5202636719</ele>
      </trkpt>
      <trkpt lat="-7.178148217499256" lon="107.8287160769105">
        <ele>1186.404296875</ele>
      </trkpt>
      <trkpt lat="-7.178121814504266" lon="107.82880425453186">
        <ele>1188.8076171875</ele>
      </trkpt>
      <trkpt lat="-7.178082587197423" lon="107.82887290231884">
        <ele>1192.1721191406</ele>
      </trkpt>
      <trkpt lat="-7.178057273849845" lon="107.8289351798594">
        <ele>1195.5366210938</ele>
      </trkpt>
      <trkpt lat="-7.178055681288242" lon="107.82893819734454">
        <ele>1196.017578125</ele>
      </trkpt>
      <trkpt lat="-7.178020477294922" lon="107.82897197641432">
        <ele>1197.4594726562</ele>
      </trkpt>
      <trkpt lat="-7.177978064864874" lon="107.82904414460063">
        <ele>1198.9013671875</ele>
      </trkpt>
      <trkpt lat="-7.177938669919968" lon="107.82910491339862">
        <ele>1202.7465820312</ele>
      </trkpt>
      <trkpt lat="-7.17789332382381" lon="107.82918454147875">
        <ele>1205.6306152344</ele>
      </trkpt>
      <trkpt lat="-7.177840853109956" lon="107.82923927530646">
        <ele>1208.5144042969</ele>
      </trkpt>
      <trkpt lat="-7.177781676873565" lon="107.82926458865404">
        <ele>1211.3984375</ele>
      </trkpt>
      <trkpt lat="-7.177681596949697" lon="107.8293202444911">
        <ele>1216.205078125</ele>
      </trkpt>
      <trkpt lat="-7.177602304145694" lon="107.82936190254986">
        <ele>1218.6083984375</ele>
      </trkpt>
      <trkpt lat="-7.177514797076583" lon="107.82940791919827">
        <ele>1221.9729003906</ele>
      </trkpt>
      <trkpt lat="-7.177504487335682" lon="107.82941110432148">
        <ele>1222.4536132812</ele>
      </trkpt>
      <trkpt lat="-7.177441706880927" lon="107.82942711375654">
        <ele>1224.8569335938</ele>
      </trkpt>
      <trkpt lat="-7.177397701889277" lon="107.82942786812782">
        <ele>1226.7795410156</ele>
      </trkpt>
      <trkpt lat="-7.177338022738695" lon="107.82945745624602">
        <ele>1228.7023925781</ele>
      </trkpt>
      <trkpt lat="-7.177298879250884" lon="107.82946835272014">
        <ele>1229.1828613281</ele>
      </trkpt>
      <trkpt lat="-7.177260657772422" lon="107.82948369160295">
        <ele>1229.1828613281</ele>
      </trkpt>
      <trkpt lat="-7.177224364131689" lon="107.82949073240161">
        <ele>1228.7023925781</ele>
      </trkpt>
      <trkpt lat="-7.177134677767754" lon="107.82954102382064">
        <ele>1229.1828613281</ele>
      </trkpt>
      <trkpt lat="-7.177048595622182" lon="107.82955829054117">
        <ele>1229.1828613281</ele>
      </trkpt>
      <trkpt lat="-7.176935104653239" lon="107.8296500723809">
        <ele>1232.5476074219</ele>
      </trkpt>
      <trkpt lat="-7.176930075511336" lon="107.82965711317956">
        <ele>1232.5476074219</ele>
      </trkpt>
      <trkpt lat="-7.176874503493309" lon="107.8297034651041">
        <ele>1233.0280761719</ele>
      </trkpt>
      <trkpt lat="-7.17682077549398" lon="107.82975794747472">
        <ele>1233.9895019531</ele>
      </trkpt>
      <trkpt lat="-7.176769394427538" lon="107.82980404794216">
        <ele>1235.912109375</ele>
      </trkpt>
      <trkpt lat="-7.176727987825871" lon="107.82985551282763">
        <ele>1237.3540039062</ele>
      </trkpt>
      <trkpt lat="-7.176725137978792" lon="107.82986288890243">
        <ele>1237.3540039062</ele>
      </trkpt>
      <trkpt lat="-7.176683144643903" lon="107.82992726191878">
        <ele>1238.7961425781</ele>
      </trkpt>
      <trkpt lat="-7.176660345867276" lon="107.8299521561712">
        <ele>1238.7961425781</ele>
      </trkpt>
      <trkpt lat="-7.176614329218864" lon="107.82998811453581">
        <ele>1239.2766113281</ele>
      </trkpt>
      <trkpt lat="-7.176562026143074" lon="107.8300560079515">
        <ele>1239.2766113281</ele>
      </trkpt>
      <trkpt lat="-7.176507543772459" lon="107.83011334016919">
        <ele>1238.3154296875</ele>
      </trkpt>
      <trkpt lat="-7.176501760259271" lon="107.83011719584465">
        <ele>1238.3154296875</ele>
      </trkpt>
      <trkpt lat="-7.176438141614199" lon="107.83016924746335">
        <ele>1236.3928222656</ele>
      </trkpt>
      <trkpt lat="-7.176410229876638" lon="107.83018793910742">
        <ele>1236.8732910156</ele>
      </trkpt>
      <trkpt lat="-7.176399501040578" lon="107.83018802292645">
        <ele>1236.8732910156</ele>
      </trkpt>
      <trkpt lat="-7.176342504099011" lon="107.83022213727236">
        <ele>1236.8732910156</ele>
      </trkpt>
      <trkpt lat="-7.176307216286659" lon="107.83024694770575">
        <ele>1237.3540039062</ele>
      </trkpt>
      <trkpt lat="-7.176218116655946" lon="107.83029288053513">
        <ele>1238.7961425781</ele>
      </trkpt>
      <trkpt lat="-7.176122227683663" lon="107.83033336512744">
        <ele>1243.1218261719</ele>
      </trkpt>
      <trkpt lat="-7.176018124446273" lon="107.83039052970707">
        <ele>1245.0446777344</ele>
      </trkpt>
      <trkpt lat="-7.175925923511386" lon="107.83043134957552">
        <ele>1246.9672851562</ele>
      </trkpt>
      <trkpt lat="-7.175835901871324" lon="107.83047351054847">
        <ele>1249.3706054688</ele>
      </trkpt>
      <trkpt lat="-7.175758956000209" lon="107.83049454912543">
        <ele>1251.2932128906</ele>
      </trkpt>
      <trkpt lat="-7.17569743283093" lon="107.830546265468">
        <ele>1250.8125</ele>
      </trkpt>
      <trkpt lat="-7.175684943795204" lon="107.83056311309338">
        <ele>1250.8125</ele>
      </trkpt>
      <trkpt lat="-7.175624761730433" lon="107.83065045252442">
        <ele>1249.8513183594</ele>
      </trkpt>
      <trkpt lat="-7.175560975447297" lon="107.83069998957217">
        <ele>1249.3706054688</ele>
      </trkpt>
      <trkpt lat="-7.175517976284027" lon="107.83074416220188">
        <ele>1250.8125</ele>
      </trkpt>
      <trkpt lat="-7.175455363467336" lon="107.83083007670939">
        <ele>1251.7739257812</ele>
      </trkpt>
      <trkpt lat="-7.175393756479025" lon="107.8308988083154">
        <ele>1249.3706054688</ele>
      </trkpt>
      <trkpt lat="-7.175341453403235" lon="107.83093241974711">
        <ele>1249.3706054688</ele>
      </trkpt>
      <trkpt lat="-7.175253862515092" lon="107.83098455518484">
        <ele>1250.8125</ele>
      </trkpt>
      <trkpt lat="-7.175194686278701" lon="107.83100475557148">
        <ele>1251.2932128906</ele>
      </trkpt>
      <trkpt lat="-7.175144227221608" lon="107.83102998510003">
        <ele>1253.2158203125</ele>
      </trkpt>
      <trkpt lat="-7.175071807578206" lon="107.83106401562691">
        <ele>1253.6965332031</ele>
      </trkpt>
      <trkpt lat="-7.174960160627961" lon="107.83113626763225">
        <ele>1254.1772460938</ele>
      </trkpt>
      <trkpt lat="-7.174875754863024" lon="107.83117197453976">
        <ele>1255.1384277344</ele>
      </trkpt>
      <trkpt lat="-7.174793360754848" lon="107.83120340667665">
        <ele>1257.5417480469</ele>
      </trkpt>
      <trkpt lat="-7.174713397398591" lon="107.8312526922673">
        <ele>1261.8679199219</ele>
      </trkpt>
      <trkpt lat="-7.174637373536825" lon="107.83127054572105">
        <ele>1264.2709960938</ele>
      </trkpt>
      <trkpt lat="-7.174628404900432" lon="107.83127272501588">
        <ele>1264.7517089844</ele>
      </trkpt>
      <trkpt lat="-7.174624716863036" lon="107.83126903697848">
        <ele>1266.1936035156</ele>
      </trkpt>
      <trkpt lat="-7.174622537568212" lon="107.83127825707197">
        <ele>1266.6743164062</ele>
      </trkpt>
      <trkpt lat="-7.174631673842669" lon="107.83128571696579">
        <ele>1266.6743164062</ele>
      </trkpt>
      <trkpt lat="-7.174635194242001" lon="107.831294182688">
        <ele>1266.6743164062</ele>
      </trkpt>
      <trkpt lat="-7.174618765711784" lon="107.83130046911538">
        <ele>1268.5969238281</ele>
      </trkpt>
      <trkpt lat="-7.174616502597928" lon="107.83131429925561">
        <ele>1268.5969238281</ele>
      </trkpt>
      <trkpt lat="-7.174637792631984" lon="107.83129476942122">
        <ele>1269.0776367188</ele>
      </trkpt>
      <trkpt lat="-7.17460485175252" lon="107.83129175193608">
        <ele>1270.51953125</ele>
      </trkpt>
      <trkpt lat="-7.174591440707445" lon="107.83129460178316">
        <ele>1269.0776367188</ele>
      </trkpt>
      <trkpt lat="-7.174534862861037" lon="107.83130491152406">
        <ele>1269.0776367188</ele>
      </trkpt>
      <trkpt lat="-7.174422210082412" lon="107.83131388016045">
        <ele>1271.9614257812</ele>
      </trkpt>
      <trkpt lat="-7.174326404929161" lon="107.83136081881821">
        <ele>1272.4421386719</ele>
      </trkpt>
      <trkpt lat="-7.174260104075074" lon="107.83138512633741">
        <ele>1273.8840332031</ele>
      </trkpt>
      <trkpt lat="-7.174053238704801" lon="107.83145410940051">
        <ele>1276.2875976562</ele>
      </trkpt>
      <trkpt lat="-7.173885349184275" lon="107.83151730895042">
        <ele>1277.7294921875</ele>
      </trkpt>
      <trkpt lat="-7.173829860985279" lon="107.83153633587062">
        <ele>1278.6909179688</ele>
      </trkpt>
      <trkpt lat="-7.173660127446055" lon="107.83159324899316">
        <ele>1280.1328125</ele>
      </trkpt>
      <trkpt lat="-7.173495423048735" lon="107.83165561035275">
        <ele>1282.0554199219</ele>
      </trkpt>
      <trkpt lat="-7.173462565988302" lon="107.83166491426528">
        <ele>1282.5361328125</ele>
      </trkpt>
      <trkpt lat="-7.173381261527538" lon="107.83172199502587">
        <ele>1283.0166015625</ele>
      </trkpt>
      <trkpt lat="-7.173362988978624" lon="107.83173146657646">
        <ele>1283.0166015625</ele>
      </trkpt>
      <trkpt lat="-7.173209097236395" lon="107.83183489926159">
        <ele>1285.419921875</ele>
      </trkpt>
      <trkpt lat="-7.173164673149586" lon="107.83186591230333">
        <ele>1285.419921875</ele>
      </trkpt>
      <trkpt lat="-7.173150004819036" lon="107.83188099972904">
        <ele>1285.9006347656</ele>
      </trkpt>
      <trkpt lat="-7.173044644296169" lon="107.83193372189999">
        <ele>1286.3813476562</ele>
      </trkpt>
      <trkpt lat="-7.17296501621604" lon="107.831991892308">
        <ele>1283.9780273438</ele>
      </trkpt>
      <trkpt lat="-7.172897541895509" lon="107.83202458173037">
        <ele>1281.5747070312</ele>
      </trkpt>
      <trkpt lat="-7.172824451699853" lon="107.83206917345524">
        <ele>1280.6135253906</ele>
      </trkpt>
      <trkpt lat="-7.172755049541593" lon="107.83211007714272">
        <ele>1280.6135253906</ele>
      </trkpt>
      <trkpt lat="-7.172700818628073" lon="107.83214578405023">
        <ele>1281.0942382812</ele>
      </trkpt>
      <trkpt lat="-7.172668045386672" lon="107.83219783566892">
        <ele>1280.6135253906</ele>
      </trkpt>
      <trkpt lat="-7.172590428963304" lon="107.83225868828595">
        <ele>1285.419921875</ele>
      </trkpt>
      <trkpt lat="-7.172456989064813" lon="107.83235281705856">
        <ele>1290.70703125</ele>
      </trkpt>
      <trkpt lat="-7.172398483380675" lon="107.83238332718611">
        <ele>1290.70703125</ele>
      </trkpt>
      <trkpt lat="-7.172380546107888" lon="107.83239430747926">
        <ele>1290.2265625</ele>
      </trkpt>
      <trkpt lat="-7.172326231375337" lon="107.83245683647692">
        <ele>1289.2651367188</ele>
      </trkpt>
      <trkpt lat="-7.172243418172002" lon="107.83251123502851">
        <ele>1287.8232421875</ele>
      </trkpt>
      <trkpt lat="-7.172196311876178" lon="107.83253646455705">
        <ele>1286.3813476562</ele>
      </trkpt>
      <trkpt lat="-7.172167310491204" lon="107.83255406655371">
        <ele>1285.419921875</ele>
      </trkpt>
      <trkpt lat="-7.172064548358321" lon="107.83263009041548">
        <ele>1284.939453125</ele>
      </trkpt>
      <trkpt lat="-7.172024482861161" lon="107.83265448175371">
        <ele>1285.419921875</ele>
      </trkpt>
      <trkpt lat="-7.17196237295866" lon="107.83269228413701">
        <ele>1286.3813476562</ele>
      </trkpt>
      <trkpt lat="-7.17184653505683" lon="107.83274089917541">
        <ele>1288.7846679688</ele>
      </trkpt>
      <trkpt lat="-7.171834800392389" lon="107.8327496163547">
        <ele>1288.7846679688</ele>
      </trkpt>
      <trkpt lat="-7.171804960817099" lon="107.83276931382716">
        <ele>1290.2265625</ele>
      </trkpt>
      <trkpt lat="-7.171804206445813" lon="107.83279378898442">
        <ele>1292.1494140625</ele>
      </trkpt>
      <trkpt lat="-7.171810576692224" lon="107.83278138376772">
        <ele>1291.6684570312</ele>
      </trkpt>
      <trkpt lat="-7.171791549772024" lon="107.83277409151196">
        <ele>1290.70703125</ele>
      </trkpt>
      <trkpt lat="-7.1717219799757" lon="107.83281021751463">
        <ele>1291.6684570312</ele>
      </trkpt>
      <trkpt lat="-7.171718208119273" lon="107.83281784504652">
        <ele>1291.6684570312</ele>
      </trkpt>
      <trkpt lat="-7.171674454584718" lon="107.83284240402281">
        <ele>1291.6684570312</ele>
      </trkpt>
      <trkpt lat="-7.171570770442486" lon="107.83290853723884">
        <ele>1292.1494140625</ele>
      </trkpt>
      <trkpt lat="-7.171426685526967" lon="107.83301121555269">
        <ele>1294.5524902344</ele>
      </trkpt>
      <trkpt lat="-7.171379327774048" lon="107.83304248005152">
        <ele>1295.5139160156</ele>
      </trkpt>
      <trkpt lat="-7.171359965577722" lon="107.8330643568188">
        <ele>1295.5139160156</ele>
      </trkpt>
      <trkpt lat="-7.171328198164702" lon="107.83308916725218">
        <ele>1295.9946289062</ele>
      </trkpt>
      <trkpt lat="-7.17125334776938" lon="107.83313560299575">
        <ele>1296.9558105469</ele>
      </trkpt>
      <trkpt lat="-7.171181850135326" lon="107.83321388997138">
        <ele>1298.8784179688</ele>
      </trkpt>
      <trkpt lat="-7.171123931184411" lon="107.83327641896904">
        <ele>1300.8010253906</ele>
      </trkpt>
      <trkpt lat="-7.171066850423813" lon="107.83332478255033">
        <ele>1302.7236328125</ele>
      </trkpt>
      <trkpt lat="-7.171031646430492" lon="107.83338504843414">
        <ele>1305.126953125</ele>
      </trkpt>
      <trkpt lat="-7.170988647267222" lon="107.83343299292028">
        <ele>1306.5688476562</ele>
      </trkpt>
      <trkpt lat="-7.170951850712299" lon="107.83348890021443">
        <ele>1307.0495605469</ele>
      </trkpt>
      <trkpt lat="-7.170877000316978" lon="107.83354070037603">
        <ele>1308.9724121094</ele>
      </trkpt>
      <trkpt lat="-7.17077448964119" lon="107.83366332761943">
        <ele>1313.2983398438</ele>
      </trkpt>
      <trkpt lat="-7.170699387788773" lon="107.83373532816768">
        <ele>1315.7016601562</ele>
      </trkpt>
      <trkpt lat="-7.17065965756774" lon="107.83378570340574">
        <ele>1318.5854492188</ele>
      </trkpt>
      <trkpt lat="-7.170647922903299" lon="107.83382744528353">
        <ele>1320.02734375</ele>
      </trkpt>
      <trkpt lat="-7.17061422765255" lon="107.83389559015632">
        <ele>1321.9499511719</ele>
      </trkpt>
      <trkpt lat="-7.170594446361065" lon="107.83395065926015">
        <ele>1322.9113769531</ele>
      </trkpt>
      <trkpt lat="-7.170562678948045" lon="107.83400153741241">
        <ele>1322.9113769531</ele>
      </trkpt>
      <trkpt lat="-7.170528816059232" lon="107.83407177776098">
        <ele>1323.3920898438</ele>
      </trkpt>
      <trkpt lat="-7.170497719198465" lon="107.83414076082408">
        <ele>1323.8725585938</ele>
      </trkpt>
      <trkpt lat="-7.170428233221173" lon="107.83421359956264">
        <ele>1326.7568359375</ele>
      </trkpt>
      <trkpt lat="-7.170334188267589" lon="107.83435952849686">
        <ele>1326.7568359375</ele>
      </trkpt>
      <trkpt lat="-7.170253554359078" lon="107.83446949906647">
        <ele>1326.7568359375</ele>
      </trkpt>
      <trkpt lat="-7.170227486640215" lon="107.83450151793659">
        <ele>1326.7568359375</ele>
      </trkpt>
      <trkpt lat="-7.170204101130366" lon="107.83458651043475">
        <ele>1326.7568359375</ele>
      </trkpt>
      <trkpt lat="-7.170176692306995" lon="107.83465482294559">
        <ele>1327.7180175781</ele>
      </trkpt>
      <trkpt lat="-7.170059345662594" lon="107.83477610908449">
        <ele>1331.5632324219</ele>
      </trkpt>
      <trkpt lat="-7.170004779472947" lon="107.83486219123006">
        <ele>1335.8891601562</ele>
      </trkpt>
      <trkpt lat="-7.169935461133719" lon="107.83494483679533">
        <ele>1338.7731933594</ele>
      </trkpt>
      <trkpt lat="-7.169892126694322" lon="107.83501281403005">
        <ele>1340.2153320312</ele>
      </trkpt>
      <trkpt lat="-7.16988273896277" lon="107.83503611572087">
        <ele>1340.6958007812</ele>
      </trkpt>
      <trkpt lat="-7.169834040105343" lon="107.83515832386911">
        <ele>1340.6958007812</ele>
      </trkpt>
      <trkpt lat="-7.169835967943072" lon="107.83518020063639">
        <ele>1340.6958007812</ele>
      </trkpt>
      <trkpt lat="-7.169791460037231" lon="107.83528983592987">
        <ele>1339.734375</ele>
      </trkpt>
      <trkpt lat="-7.169780731201172" lon="107.83530257642269">
        <ele>1339.734375</ele>
      </trkpt>
      <trkpt lat="-7.16971124522388" lon="107.83537709154189">
        <ele>1342.1379394531</ele>
      </trkpt>
      <trkpt lat="-7.169650057330728" lon="107.83543978817761">
        <ele>1345.9831542969</ele>
      </trkpt>
      <trkpt lat="-7.169580487534404" lon="107.83548798412085">
        <ele>1350.3090820312</ele>
      </trkpt>
      <trkpt lat="-7.169522568583489" lon="107.83552017062902">
        <ele>1352.7121582031</ele>
      </trkpt>
      <trkpt lat="-7.169463224709034" lon="107.83556384034455">
        <ele>1353.1928710938</ele>
      </trkpt>
      <trkpt lat="-7.169337496161461" lon="107.8356477431953">
        <ele>1353.6735839844</ele>
      </trkpt>
      <trkpt lat="-7.169227777048945" lon="107.83568982034922">
        <ele>1353.6735839844</ele>
      </trkpt>
      <trkpt lat="-7.169138425961137" lon="107.83571555279195">
        <ele>1353.6735839844</ele>
      </trkpt>
      <trkpt lat="-7.169051337987185" lon="107.83573013730347">
        <ele>1355.5961914062</ele>
      </trkpt>
      <trkpt lat="-7.168982941657305" lon="107.83574522472918">
        <ele>1355.5961914062</ele>
      </trkpt>
      <trkpt lat="-7.168907672166824" lon="107.83578537404537">
        <ele>1354.634765625</ele>
      </trkpt>
      <trkpt lat="-7.168843215331435" lon="107.83580901101232">
        <ele>1354.154296875</ele>
      </trkpt>
      <trkpt lat="-7.168773729354143" lon="107.83581873401999">
        <ele>1353.1928710938</ele>
      </trkpt>
      <trkpt lat="-7.168753864243627" lon="107.83582745119929">
        <ele>1352.7121582031</ele>
      </trkpt>
      <trkpt lat="-7.16873886063695" lon="107.8358253557235">
        <ele>1352.2314453125</ele>
      </trkpt>
      <trkpt lat="-7.168638361617923" lon="107.83584899269044">
        <ele>1354.634765625</ele>
      </trkpt>
      <trkpt lat="-7.16857323423028" lon="107.83585729077458">
        <ele>1358.4802246094</ele>
      </trkpt>
      <trkpt lat="-7.168523697182536" lon="107.83586709760129">
        <ele>1362.3254394531</ele>
      </trkpt>
      <trkpt lat="-7.16847357340157" lon="107.83587908372283">
        <ele>1363.2868652344</ele>
      </trkpt>
      <trkpt lat="-7.168396459892392" lon="107.83591059967875">
        <ele>1364.248046875</ele>
      </trkpt>
      <trkpt lat="-7.16839050874114" lon="107.83591059967875">
        <ele>1365.6901855469</ele>
      </trkpt>
      <trkpt lat="-7.168335104361177" lon="107.83591076731682">
        <ele>1368.0932617188</ele>
      </trkpt>
      <trkpt lat="-7.168311970308423" lon="107.83591445535421">
        <ele>1368.0932617188</ele>
      </trkpt>
      <trkpt lat="-7.16822043992579" lon="107.83592526800931">
        <ele>1369.5354003906</ele>
      </trkpt>
      <trkpt lat="-7.168197138234973" lon="107.83593448810279">
        <ele>1370.0158691406</ele>
      </trkpt>
      <trkpt lat="-7.168157827109098" lon="107.83594789914787">
        <ele>1370.0158691406</ele>
      </trkpt>
      <trkpt lat="-7.16809680685401" lon="107.83599047921598">
        <ele>1370.9772949219</ele>
      </trkpt>
      <trkpt lat="-7.168034026399255" lon="107.83601294271648">
        <ele>1371.9384765625</ele>
      </trkpt>
      <trkpt lat="-7.16795657761395" lon="107.83602610230446">
        <ele>1371.9384765625</ele>
      </trkpt>
      <trkpt lat="-7.167882900685072" lon="107.83603079617023">
        <ele>1373.380859375</ele>
      </trkpt>
      <trkpt lat="-7.167789358645678" lon="107.83606206066906">
        <ele>1374.8227539062</ele>
      </trkpt>
      <trkpt lat="-7.167719872668386" lon="107.83611939288676">
        <ele>1374.8227539062</ele>
      </trkpt>
      <trkpt lat="-7.167659439146519" lon="107.83616138622165">
        <ele>1373.861328125</ele>
      </trkpt>
      <trkpt lat="-7.167628258466721" lon="107.83617203123868">
        <ele>1372.9001464844</ele>
      </trkpt>
      <trkpt lat="-7.167625492438674" lon="107.83617437817156">
        <ele>1372.9001464844</ele>
      </trkpt>
      <trkpt lat="-7.167606214061379" lon="107.83616532571614">
        <ele>1372.4194335938</ele>
      </trkpt>
      <trkpt lat="-7.167521305382252" lon="107.8362053912133">
        <ele>1372.9001464844</ele>
      </trkpt>
      <trkpt lat="-7.167421644553542" lon="107.83626875840127">
        <ele>1371.9384765625</ele>
      </trkpt>
      <trkpt lat="-7.167356349527836" lon="107.83631393685937">
        <ele>1370.9772949219</ele>
      </trkpt>
      <trkpt lat="-7.167306561022997" lon="107.83633925020695">
        <ele>1372.4194335938</ele>
      </trkpt>
      <trkpt lat="-7.167278481647372" lon="107.83635534346104">
        <ele>1372.4194335938</ele>
      </trkpt>
      <trkpt lat="-7.167266495525837" lon="107.83638635650277">
        <ele>1372.9001464844</ele>
      </trkpt>
      <trkpt lat="-7.167177647352219" lon="107.8364778868854">
        <ele>1366.6513671875</ele>
      </trkpt>
      <trkpt lat="-7.167136743664742" lon="107.83656279556453">
        <ele>1367.1320800781</ele>
      </trkpt>
      <trkpt lat="-7.167083518579602" lon="107.83662918023765">
        <ele>1369.5354003906</ele>
      </trkpt>
      <trkpt lat="-7.167054014280438" lon="107.83668131567538">
        <ele>1371.4577636719</ele>
      </trkpt>
      <trkpt lat="-7.167014535516501" lon="107.83674208447337">
        <ele>1373.380859375</ele>
      </trkpt>
      <trkpt lat="-7.16697690077126" lon="107.83680000342429">
        <ele>1375.3032226562</ele>
      </trkpt>
      <trkpt lat="-7.16695049777627" lon="107.83686337061226">
        <ele>1378.1872558594</ele>
      </trkpt>
      <trkpt lat="-7.166932979598641" lon="107.8369390591979">
        <ele>1379.1484375</ele>
      </trkpt>
      <trkpt lat="-7.166879586875439" lon="107.83700058236718">
        <ele>1379.6291503906</ele>
      </trkpt>
      <trkpt lat="-7.166868355125189" lon="107.83707174472511">
        <ele>1378.66796875</ele>
      </trkpt>
      <trkpt lat="-7.166868355125189" lon="107.83707174472511">
        <ele>1378.66796875</ele>
      </trkpt>
      <trkpt lat="-7.166831139475107" lon="107.83711524680257">
        <ele>1375.7839355469</ele>
      </trkpt>
      <trkpt lat="-7.166821416467428" lon="107.83714458346367">
        <ele>1376.2646484375</ele>
      </trkpt>
      <trkpt lat="-7.166816890239716" lon="107.8371673822403">
        <ele>1376.7453613281</ele>
      </trkpt>
      <trkpt lat="-7.166790151968598" lon="107.83724005334079">
        <ele>1377.7065429688</ele>
      </trkpt>
      <trkpt lat="-7.166788307949901" lon="107.83724466338754">
        <ele>1377.7065429688</ele>
      </trkpt>
      <trkpt lat="-7.166742291301489" lon="107.83733661286533">
        <ele>1380.1098632812</ele>
      </trkpt>
      <trkpt lat="-7.166733238846064" lon="107.83737106248736">
        <ele>1380.5905761719</ele>
      </trkpt>
      <trkpt lat="-7.166687306016684" lon="107.83742738887668">
        <ele>1378.66796875</ele>
      </trkpt>
      <trkpt lat="-7.166645899415016" lon="107.83748128451407">
        <ele>1378.66796875</ele>
      </trkpt>
      <trkpt lat="-7.166636846959591" lon="107.83748882822692">
        <ele>1378.66796875</ele>
      </trkpt>
      <trkpt lat="-7.166610024869442" lon="107.83753023482859">
        <ele>1383.4743652344</ele>
      </trkpt>
      <trkpt lat="-7.166600301861763" lon="107.8375625051558">
        <ele>1385.3969726562</ele>
      </trkpt>
      <trkpt lat="-7.166596110910177" lon="107.83757507801056">
        <ele>1386.3583984375</ele>
      </trkpt>
      <trkpt lat="-7.166578257456422" lon="107.83763718791306">
        <ele>1389.2424316406</ele>
      </trkpt>
      <trkpt lat="-7.166516315191984" lon="107.83769980072975">
        <ele>1389.7231445312</ele>
      </trkpt>
      <trkpt lat="-7.16650583781302" lon="107.83771304413676">
        <ele>1389.2424316406</ele>
      </trkpt>
      <trkpt lat="-7.166487229987979" lon="107.83779040910304">
        <ele>1388.28125</ele>
      </trkpt>
      <trkpt lat="-7.166464598849416" lon="107.83783265389502">
        <ele>1390.2038574219</ele>
      </trkpt>
      <trkpt lat="-7.166455462574959" lon="107.83785092644393">
        <ele>1390.2038574219</ele>
      </trkpt>
      <trkpt lat="-7.166423946619034" lon="107.83787230029702">
        <ele>1390.6843261719</ele>
      </trkpt>
      <trkpt lat="-7.16638513840735" lon="107.83790624700487">
        <ele>1392.6071777344</ele>
      </trkpt>
      <trkpt lat="-7.166335266083479" lon="107.83792736940086">
        <ele>1396.9328613281</ele>
      </trkpt>
      <trkpt lat="-7.166292769834399" lon="107.83794748596847">
        <ele>1398.85546875</ele>
      </trkpt>
      <trkpt lat="-7.166282963007689" lon="107.83796584233642">
        <ele>1399.3361816406</ele>
      </trkpt>
      <trkpt lat="-7.166265696287155" lon="107.83801705576479">
        <ele>1400.2976074219</ele>
      </trkpt>
      <trkpt lat="-7.166267037391663" lon="107.83811244182289">
        <ele>1402.7006835938</ele>
      </trkpt>
      <trkpt lat="-7.166276508942246" lon="107.83817497082055">
        <ele>1403.662109375</ele>
      </trkpt>
      <trkpt lat="-7.166270976886153" lon="107.83829659223557">
        <ele>1403.1813964844</ele>
      </trkpt>
      <trkpt lat="-7.166269384324551" lon="107.83834772184491">
        <ele>1403.662109375</ele>
      </trkpt>
      <trkpt lat="-7.166273323819041" lon="107.83844294026494">
        <ele>1402.7006835938</ele>
      </trkpt>
      <trkpt lat="-7.166264103725553" lon="107.83847076818347">
        <ele>1402.2199707031</ele>
      </trkpt>
      <trkpt lat="-7.166208950802684" lon="107.83854469656944">
        <ele>1402.2199707031</ele>
      </trkpt>
      <trkpt lat="-7.166174752637744" lon="107.83858149312437">
        <ele>1404.1430664062</ele>
      </trkpt>
      <trkpt lat="-7.166150361299515" lon="107.83859331160784">
        <ele>1403.662109375</ele>
      </trkpt>
      <trkpt lat="-7.166147008538246" lon="107.83859725110233">
        <ele>1403.662109375</ele>
      </trkpt>
      <trkpt lat="-7.166152037680149" lon="107.83860211260617">
        <ele>1403.662109375</ele>
      </trkpt>
      <trkpt lat="-7.16613837517798" lon="107.83859666436911">
        <ele>1403.1813964844</ele>
      </trkpt>
      <trkpt lat="-7.166138794273138" lon="107.83859817311168">
        <ele>1403.662109375</ele>
      </trkpt>
      <trkpt lat="-7.166123958304524" lon="107.83861787058413">
        <ele>1403.662109375</ele>
      </trkpt>
      <trkpt lat="-7.16611591167748" lon="107.83861720003188">
        <ele>1403.1813964844</ele>
      </trkpt>
      <trkpt lat="-7.16611398383975" lon="107.83861518837512">
        <ele>1403.1813964844</ele>
      </trkpt>
      <trkpt lat="-7.166115324944258" lon="107.83861678093672">
        <ele>1403.1813964844</ele>
      </trkpt>
      <trkpt lat="-7.166114402934909" lon="107.8386159427464">
        <ele>1402.7006835938</ele>
      </trkpt>
      <trkpt lat="-7.16614524833858" lon="107.83860839903355">
        <ele>1400.7780761719</ele>
      </trkpt>
      <trkpt lat="-7.166155306622386" lon="107.83859356306493">
        <ele>1402.2199707031</ele>
      </trkpt>
      <trkpt lat="-7.166157234460115" lon="107.83858953975141">
        <ele>1403.1813964844</ele>
      </trkpt>
      <trkpt lat="-7.166155055165291" lon="107.83859129995108">
        <ele>1403.662109375</ele>
      </trkpt>
      <trkpt lat="-7.166158324107528" lon="107.83858987502754">
        <ele>1404.6235351562</ele>
      </trkpt>
      <trkpt lat="-7.166153965517879" lon="107.83858995884657">
        <ele>1404.1430664062</ele>
      </trkpt>
      <trkpt lat="-7.166137285530567" lon="107.83858090639114">
        <ele>1403.662109375</ele>
      </trkpt>
      <trkpt lat="-7.166142063215375" lon="107.83859456889331">
        <ele>1404.6235351562</ele>
      </trkpt>
      <trkpt lat="-7.166152708232403" lon="107.83860471099615">
        <ele>1405.1042480469</ele>
      </trkpt>
      <trkpt lat="-7.166151786223054" lon="107.83860253170133">
        <ele>1404.6235351562</ele>
      </trkpt>
      <trkpt lat="-7.166142063215375" lon="107.83860990777612">
        <ele>1406.0654296875</ele>
      </trkpt>
      <trkpt lat="-7.166140889748931" lon="107.8386006038636">
        <ele>1406.5461425781</ele>
      </trkpt>
      <trkpt lat="-7.166125969961286" lon="107.8385522402823">
        <ele>1407.5075683594</ele>
      </trkpt>
      <trkpt lat="-7.166124796494842" lon="107.83854964189231">
        <ele>1407.5075683594</ele>
      </trkpt>
      <trkpt lat="-7.166075510904193" lon="107.83854595385492">
        <ele>1408.46875</ele>
      </trkpt>
      <trkpt lat="-7.165960343554616" lon="107.83857177011669">
        <ele>1407.5075683594</ele>
      </trkpt>
      <trkpt lat="-7.165899574756622" lon="107.83858199603856">
        <ele>1407.98828125</ele>
      </trkpt>
      <trkpt lat="-7.165813744068146" lon="107.8385760448873">
        <ele>1408.9494628906</ele>
      </trkpt>
      <trkpt lat="-7.165747778490186" lon="107.83857210539281">
        <ele>1407.5075683594</ele>
      </trkpt>
      <trkpt lat="-7.165699247270823" lon="107.83857931382954">
        <ele>1410.3913574219</ele>
      </trkpt>
      <trkpt lat="-7.165642501786351" lon="107.83858459442854">
        <ele>1413.275390625</ele>
      </trkpt>
      <trkpt lat="-7.165620038285852" lon="107.83860202878714">
        <ele>1413.275390625</ele>
      </trkpt>
      <trkpt lat="-7.165562454611063" lon="107.83862759359181">
        <ele>1415.6787109375</ele>
      </trkpt>
      <trkpt lat="-7.165559940040112" lon="107.83864720724523">
        <ele>1416.6398925781</ele>
      </trkpt>
      <trkpt lat="-7.16554032638669" lon="107.83869037404656">
        <ele>1420.9660644531</ele>
      </trkpt>
      <trkpt lat="-7.165526077151299" lon="107.83869825303555">
        <ele>1421.9272460938</ele>
      </trkpt>
      <trkpt lat="-7.165473019704223" lon="107.83874871209264">
        <ele>1424.8112792969</ele>
      </trkpt>
      <trkpt lat="-7.165442425757647" lon="107.83875206485391">
        <ele>1426.7338867188</ele>
      </trkpt>
      <trkpt lat="-7.165423985570669" lon="107.8387539088726">
        <ele>1427.2145996094</ele>
      </trkpt>
      <trkpt lat="-7.165373107418418" lon="107.83877620473504">
        <ele>1428.6564941406</ele>
      </trkpt>
      <trkpt lat="-7.165308734402061" lon="107.83881266601384">
        <ele>1430.0983886719</ele>
      </trkpt>
      <trkpt lat="-7.165247462689877" lon="107.83885851502419">
        <ele>1431.5402832031</ele>
      </trkpt>
      <trkpt lat="-7.165148220956326" lon="107.83887737430632">
        <ele>1435.3854980469</ele>
      </trkpt>
      <trkpt lat="-7.165105640888214" lon="107.83887938596308">
        <ele>1436.3471679688</ele>
      </trkpt>
      <trkpt lat="-7.165042106062174" lon="107.8388873487711">
        <ele>1437.7890625</ele>
      </trkpt>
      <trkpt lat="-7.164988880977035" lon="107.83889061771333">
        <ele>1437.7890625</ele>
      </trkpt>
      <trkpt lat="-7.164889220148325" lon="107.83892481587827">
        <ele>1438.7504882812</ele>
      </trkpt>
      <trkpt lat="-7.164795929566026" lon="107.83891794271767">
        <ele>1439.2309570312</ele>
      </trkpt>
      <trkpt lat="-7.164760055020452" lon="107.83891475759447">
        <ele>1439.7116699219</ele>
      </trkpt>
      <trkpt lat="-7.164649832993746" lon="107.83894409425557">
        <ele>1443.076171875</ele>
      </trkpt>
      <trkpt lat="-7.164576658979058" lon="107.83896806649864">
        <ele>1444.9987792969</ele>
      </trkpt>
      <trkpt lat="-7.164505999535322" lon="107.83897636458278">
        <ele>1446.4409179688</ele>
      </trkpt>
      <trkpt lat="-7.164488229900599" lon="107.83897301182151">
        <ele>1446.9213867188</ele>
      </trkpt>
      <trkpt lat="-7.164486302062869" lon="107.83897376619279">
        <ele>1446.9213867188</ele>
      </trkpt>
      <trkpt lat="-7.164434418082237" lon="107.8389473631978">
        <ele>1447.8828125</ele>
      </trkpt>
      <trkpt lat="-7.164363171905279" lon="107.83892976120114">
        <ele>1451.7280273438</ele>
      </trkpt>
      <trkpt lat="-7.164354957640171" lon="107.83892741426826">
        <ele>1451.7280273438</ele>
      </trkpt>
      <trkpt lat="-7.164291255176067" lon="107.83886840566993">
        <ele>1453.6508789062</ele>
      </trkpt>
      <trkpt lat="-7.164268540218473" lon="107.83885851502419">
        <ele>1452.2087402344</ele>
      </trkpt>
      <trkpt lat="-7.164341965690255" lon="107.83892909064889">
        <ele>1452.689453125</ele>
      </trkpt>
      <trkpt lat="-7.164351521059871" lon="107.83896018750966">
        <ele>1453.1701660156</ele>
      </trkpt>
      <trkpt lat="-7.164333499968052" lon="107.83896949142218">
        <ele>1453.1701660156</ele>
      </trkpt>
      <trkpt lat="-7.164291171357036" lon="107.83902338705957">
        <ele>1452.689453125</ele>
      </trkpt>
      <trkpt lat="-7.164260493591428" lon="107.8390876762569">
        <ele>1456.0539550781</ele>
      </trkpt>
      <trkpt lat="-7.164235012605786" lon="107.83909505233169">
        <ele>1458.9379882812</ele>
      </trkpt>
      <trkpt lat="-7.164158318191767" lon="107.83909178338945">
        <ele>1460.3798828125</ele>
      </trkpt>
      <trkpt lat="-7.164131244644523" lon="107.83908004872501">
        <ele>1460.8605957031</ele>
      </trkpt>
      <trkpt lat="-7.164064021781087" lon="107.83908541314304">
        <ele>1463.2639160156</ele>
      </trkpt>
      <trkpt lat="-7.164040133357048" lon="107.83909731544554">
        <ele>1465.6672363281</ele>
      </trkpt>
      <trkpt lat="-7.164002247154713" lon="107.83911340869963">
        <ele>1468.0705566406</ele>
      </trkpt>
      <trkpt lat="-7.163949189707637" lon="107.83914417028427">
        <ele>1468.0705566406</ele>
      </trkpt>
      <trkpt lat="-7.163914740085602" lon="107.83915850333869">
        <ele>1468.0705566406</ele>
      </trkpt>
      <trkpt lat="-7.163829328492284" lon="107.83917116001248">
        <ele>1469.0319824219</ele>
      </trkpt>
      <trkpt lat="-7.163802338764072" lon="107.8391738422215">
        <ele>1469.5126953125</ele>
      </trkpt>
      <trkpt lat="-7.16371868737042" lon="107.83920896239579">
        <ele>1470.4738769531</ele>
      </trkpt>
      <trkpt lat="-7.163607208058238" lon="107.83919823355973">
        <ele>1472.396484375</ele>
      </trkpt>
      <trkpt lat="-7.1635452657938" lon="107.83917333930731">
        <ele>1472.396484375</ele>
      </trkpt>
      <trkpt lat="-7.163495561107993" lon="107.83915397711098">
        <ele>1474.7998046875</ele>
      </trkpt>
      <trkpt lat="-7.163435630500317" lon="107.83914593048394">
        <ele>1476.2416992188</ele>
      </trkpt>
      <trkpt lat="-7.163369664922357" lon="107.83913813531399">
        <ele>1476.2416992188</ele>
      </trkpt>
      <trkpt lat="-7.16330386698246" lon="107.83913000486791">
        <ele>1477.68359375</ele>
      </trkpt>
      <trkpt lat="-7.163255251944065" lon="107.83912681974471">
        <ele>1480.0869140625</ele>
      </trkpt>
      <trkpt lat="-7.163218623027206" lon="107.83913142979145">
        <ele>1481.0483398438</ele>
      </trkpt>
      <trkpt lat="-7.163185765966773" lon="107.83913000486791">
        <ele>1480.5676269531</ele>
      </trkpt>
      <trkpt lat="-7.163144107908011" lon="107.83912229351699">
        <ele>1480.0869140625</ele>
      </trkpt>
      <trkpt lat="-7.163107227534056" lon="107.83911508508027">
        <ele>1480.0869140625</ele>
      </trkpt>
      <trkpt lat="-7.163067078217864" lon="107.83911483362317">
        <ele>1481.0483398438</ele>
      </trkpt>
      <trkpt lat="-7.162981666624546" lon="107.83910360187292">
        <ele>1483.4514160156</ele>
      </trkpt>
      <trkpt lat="-7.162939757108688" lon="107.83909605816007">
        <ele>1484.8937988281</ele>
      </trkpt>
      <trkpt lat="-7.162853758782148" lon="107.83906454220414">
        <ele>1489.2194824219</ele>
      </trkpt>
      <trkpt lat="-7.162774465978146" lon="107.83904191106558">
        <ele>1491.1420898438</ele>
      </trkpt>
      <trkpt lat="-7.162724928930402" lon="107.83901374787092">
        <ele>1489.7001953125</ele>
      </trkpt>
      <trkpt lat="-7.162662986665964" lon="107.83898835070431">
        <ele>1491.1420898438</ele>
      </trkpt>
      <trkpt lat="-7.162628034129739" lon="107.83897301182151">
        <ele>1492.5842285156</ele>
      </trkpt>
      <trkpt lat="-7.16257631778717" lon="107.8389735147357">
        <ele>1493.5454101562</ele>
      </trkpt>
      <trkpt lat="-7.162538263946772" lon="107.83896898850799">
        <ele>1493.5454101562</ele>
      </trkpt>
      <trkpt lat="-7.162476237863302" lon="107.83897066488862">
        <ele>1494.5065917969</ele>
      </trkpt>
      <trkpt lat="-7.162419240921736" lon="107.83897980116308">
        <ele>1496.9099121094</ele>
      </trkpt>
      <trkpt lat="-7.162425694987178" lon="107.83898835070431">
        <ele>1500.2749023438</ele>
      </trkpt>
      <trkpt lat="-7.162421839311719" lon="107.83898575231433">
        <ele>1500.2749023438</ele>
      </trkpt>
      <trkpt lat="-7.162424856796861" lon="107.83898935653269">
        <ele>1500.7553710938</ele>
      </trkpt>
      <trkpt lat="-7.162424102425575" lon="107.83898675814271">
        <ele>1500.7553710938</ele>
      </trkpt>
      <trkpt lat="-7.162424772977829" lon="107.83899111673236">
        <ele>1501.2360839844</ele>
      </trkpt>
      <trkpt lat="-7.162424521520734" lon="107.83899270929396">
        <ele>1501.2360839844</ele>
      </trkpt>
      <trkpt lat="-7.162419073283672" lon="107.8389978222549">
        <ele>1501.2360839844</ele>
      </trkpt>
      <trkpt lat="-7.162420498207212" lon="107.83900620415807">
        <ele>1499.7939453125</ele>
      </trkpt>
      <trkpt lat="-7.162421504035592" lon="107.83900327049196">
        <ele>1499.3132324219</ele>
      </trkpt>
      <trkpt lat="-7.162412032485008" lon="107.83899715170264">
        <ele>1499.3132324219</ele>
      </trkpt>
      <trkpt lat="-7.162380013614893" lon="107.83900243230164">
        <ele>1500.2749023438</ele>
      </trkpt>
      <trkpt lat="-7.162376996129751" lon="107.83900553360581">
        <ele>1500.2749023438</ele>
      </trkpt>
      <trkpt lat="-7.162315305322409" lon="107.83901349641383">
        <ele>1500.7553710938</ele>
      </trkpt>
      <trkpt lat="-7.162249507382512" lon="107.83905976451933">
        <ele>1501.716796875</ele>
      </trkpt>
      <trkpt lat="-7.162198126316071" lon="107.83908323384821">
        <ele>1503.6394042969</ele>
      </trkpt>
      <trkpt lat="-7.162138363346458" lon="107.83910586498678">
        <ele>1504.1201171875</ele>
      </trkpt>
      <trkpt lat="-7.162100560963154" lon="107.83911583945155">
        <ele>1504.1201171875</ele>
      </trkpt>
      <trkpt lat="-7.162023698911071" lon="107.83912028186023">
        <ele>1506.0424804688</ele>
      </trkpt>
      <trkpt lat="-7.161971312016249" lon="107.83912941813469">
        <ele>1507.4846191406</ele>
      </trkpt>
      <trkpt lat="-7.161947004497051" lon="107.83914458937943">
        <ele>1508.9265136719</ele>
      </trkpt>
      <trkpt lat="-7.161899479106069" lon="107.83915422856808">
        <ele>1509.4072265625</ele>
      </trkpt>
      <trkpt lat="-7.16181306168437" lon="107.83920141868293">
        <ele>1509.4072265625</ele>
      </trkpt>
      <trkpt lat="-7.161698816344142" lon="107.83925548195839">
        <ele>1511.3298339844</ele>
      </trkpt>
      <trkpt lat="-7.161614829674363" lon="107.83926889300346">
        <ele>1513.2524414062</ele>
      </trkpt>
      <trkpt lat="-7.161540817469358" lon="107.83925430849195">
        <ele>1514.6943359375</ele>
      </trkpt>
      <trkpt lat="-7.161499494686723" lon="107.83927073702216">
        <ele>1515.1750488281</ele>
      </trkpt>
      <trkpt lat="-7.161460686475039" lon="107.83928305841982">
        <ele>1515.6557617188</ele>
      </trkpt>
      <trkpt lat="-7.161367395892739" lon="107.83929672092199">
        <ele>1520.4624023438</ele>
      </trkpt>
      <trkpt lat="-7.161105377599597" lon="107.83923544920981">
        <ele>1522.8657226562</ele>
      </trkpt>
      <trkpt lat="-7.160997753962874" lon="107.8392222058028">
        <ele>1531.0368652344</ele>
      </trkpt>
      <trkpt lat="-7.160952910780907" lon="107.83921306952834">
        <ele>1535.3627929688</ele>
      </trkpt>
      <trkpt lat="-7.1609066426754" lon="107.83919571898878">
        <ele>1541.611328125</ele>
      </trkpt>
      <trkpt lat="-7.16087487526238" lon="107.83920167014003">
        <ele>1542.0920410156</ele>
      </trkpt>
      <trkpt lat="-7.160843778401613" lon="107.83919144421816">
        <ele>1542.5727539062</ele>
      </trkpt>
      <trkpt lat="-7.160798097029328" lon="107.8391907736659">
        <ele>1544.4951171875</ele>
      </trkpt>
      <trkpt lat="-7.160750068724155" lon="107.83921742811799">
        <ele>1545.4565429688</ele>
      </trkpt>
      <trkpt lat="-7.160703465342522" lon="107.8392565716058">
        <ele>1545.9372558594</ele>
      </trkpt>
      <trkpt lat="-7.160669350996614" lon="107.83928683027625">
        <ele>1546.41796875</ele>
      </trkpt>
      <trkpt lat="-7.160601792857051" lon="107.83933049999177">
        <ele>1549.7827148438</ele>
      </trkpt>
      <trkpt lat="-7.160561894997954" lon="107.83933728933334">
        <ele>1549.7827148438</ele>
      </trkpt>
      <trkpt lat="-7.160510933026671" lon="107.83940887078643">
        <ele>1547.8598632812</ele>
      </trkpt>
      <trkpt lat="-7.160413367673755" lon="107.83950417302549">
        <ele>1546.41796875</ele>
      </trkpt>
      <trkpt lat="-7.160396687686443" lon="107.83956779167056">
        <ele>1548.3405761719</ele>
      </trkpt>
      <trkpt lat="-7.160349581390619" lon="107.83965856768191">
        <ele>1555.0698242188</ele>
      </trkpt>
      <trkpt lat="-7.160298200324178" lon="107.83970852382481">
        <ele>1557.9538574219</ele>
      </trkpt>
      <trkpt lat="-7.160263666883111" lon="107.83975504338741">
        <ele>1559.3957519531</ele>
      </trkpt>
      <trkpt lat="-7.160216979682446" lon="107.83980868756771">
        <ele>1562.2795410156</ele>
      </trkpt>
      <trkpt lat="-7.160193175077438" lon="107.83983039669693">
        <ele>1565.1638183594</ele>
      </trkpt>
      <trkpt lat="-7.160200634971261" lon="107.83983232453465">
        <ele>1565.1638183594</ele>
      </trkpt>
      <trkpt lat="-7.160204323008657" lon="107.83984137699008">
        <ele>1565.64453125</ele>
      </trkpt>
      <trkpt lat="-7.160144224762917" lon="107.83983173780143">
        <ele>1565.1638183594</ele>
      </trkpt>
      <trkpt lat="-7.160108350217342" lon="107.83983299508691">
        <ele>1565.64453125</ele>
      </trkpt>
      <trkpt lat="-7.160039870068431" lon="107.83987230621278">
        <ele>1569.9702148438</ele>
      </trkpt>
      <trkpt lat="-7.160014808177948" lon="107.83993014134467">
        <ele>1571.412109375</ele>
      </trkpt>
      <trkpt lat="-7.159956218674779" lon="107.83996442332864">
        <ele>1572.8542480469</ele>
      </trkpt>
      <trkpt lat="-7.159937862306833" lon="107.83996869809926">
        <ele>1572.3735351562</ele>
      </trkpt>
      <trkpt lat="-7.159850439056754" lon="107.83999375998974">
        <ele>1577.1801757812</ele>
      </trkpt>
      <trkpt lat="-7.159785898402333" lon="107.84000867977738">
        <ele>1579.5832519531</ele>
      </trkpt>
      <trkpt lat="-7.159715741872788" lon="107.84002435393631">
        <ele>1582.4675292969</ele>
      </trkpt>
      <trkpt lat="-7.159657152369618" lon="107.84004690125585">
        <ele>1584.3901367188</ele>
      </trkpt>
      <trkpt lat="-7.159611722454429" lon="107.84005779772997">
        <ele>1585.83203125</ele>
      </trkpt>
      <trkpt lat="-7.159582804888487" lon="107.84007020294666">
        <ele>1586.7932128906</ele>
      </trkpt>
      <trkpt lat="-7.159567466005683" lon="107.84006852656603">
        <ele>1586.7932128906</ele>
      </trkpt>
      <trkpt lat="-7.159512983635068" lon="107.84009878523648">
        <ele>1587.2739257812</ele>
      </trkpt>
      <trkpt lat="-7.159484988078475" lon="107.84011110663414">
        <ele>1587.2739257812</ele>
      </trkpt>
      <trkpt lat="-7.159410137683153" lon="107.84013038501143">
        <ele>1589.1965332031</ele>
      </trkpt>
      <trkpt lat="-7.159355487674475" lon="107.84013348631561">
        <ele>1589.6772460938</ele>
      </trkpt>
      <trkpt lat="-7.159312320873141" lon="107.84012577496469">
        <ele>1591.119140625</ele>
      </trkpt>
      <trkpt lat="-7.159262448549271" lon="107.84011722542346">
        <ele>1591.5998535156</ele>
      </trkpt>
      <trkpt lat="-7.159246355295181" lon="107.8401181474328">
        <ele>1592.0805664062</ele>
      </trkpt>
      <trkpt lat="-7.159175863489509" lon="107.84013365395367">
        <ele>1598.3291015625</ele>
      </trkpt>
      <trkpt lat="-7.15911777690053" lon="107.84014035947621">
        <ele>1602.6550292969</ele>
      </trkpt>
      <trkpt lat="-7.159063881263137" lon="107.84015402197838">
        <ele>1605.0583496094</ele>
      </trkpt>
      <trkpt lat="-7.159060863777995" lon="107.84014974720776">
        <ele>1604.5776367188</ele>
      </trkpt>
      <trkpt lat="-7.159016858786345" lon="107.8401580452919">
        <ele>1604.5776367188</ele>
      </trkpt>
      <trkpt lat="-7.158964555710554" lon="107.84017439000309">
        <ele>1606.5002441406</ele>
      </trkpt>
      <trkpt lat="-7.158911749720573" lon="107.84018654376268">
        <ele>1609.3842773438</ele>
      </trkpt>
      <trkpt lat="-7.158898590132594" lon="107.84018025733531">
        <ele>1610.826171875</ele>
      </trkpt>
      <trkpt lat="-7.158888196572661" lon="107.84017112106085">
        <ele>1610.826171875</ele>
      </trkpt>
      <trkpt lat="-7.158861625939608" lon="107.84016081131995">
        <ele>1611.3068847656</ele>
      </trkpt>
      <trkpt lat="-7.158800270408392" lon="107.84014463424683">
        <ele>1613.2297363281</ele>
      </trkpt>
      <trkpt lat="-7.158760875463486" lon="107.84013918600976">
        <ele>1614.6716308594</ele>
      </trkpt>
      <trkpt lat="-7.158735562115908" lon="107.84015209414065">
        <ele>1616.1135253906</ele>
      </trkpt>
      <trkpt lat="-7.158682001754642" lon="107.84015494398773">
        <ele>1616.5942382812</ele>
      </trkpt>
      <trkpt lat="-7.158649982884526" lon="107.84015159122646">
        <ele>1616.5942382812</ele>
      </trkpt>
      <trkpt lat="-7.158584520220757" lon="107.84012719988823">
        <ele>1617.5554199219</ele>
      </trkpt>
      <trkpt lat="-7.158545712009072" lon="107.84014279022813">
        <ele>1619.4782714844</ele>
      </trkpt>
      <trkpt lat="-7.15853925794363" lon="107.84013876691461">
        <ele>1619.9587402344</ele>
      </trkpt>
      <trkpt lat="-7.158482093364" lon="107.84016634337604">
        <ele>1621.4006347656</ele>
      </trkpt>
      <trkpt lat="-7.158406488597393" lon="107.84021420404315">
        <ele>1624.7653808594</ele>
      </trkpt>
      <trkpt lat="-7.158364159986377" lon="107.84024831838906">
        <ele>1625.7265625</ele>
      </trkpt>
      <trkpt lat="-7.158349491655827" lon="107.8402547724545">
        <ele>1625.7265625</ele>
      </trkpt>
      <trkpt lat="-7.158313952386379" lon="107.84027329646051">
        <ele>1626.2072753906</ele>
      </trkpt>
      <trkpt lat="-7.158261984586716" lon="107.84027254208922">
        <ele>1628.6108398438</ele>
      </trkpt>
      <trkpt lat="-7.158224266022444" lon="107.84028553403914">
        <ele>1631.9753417969</ele>
      </trkpt>
      <trkpt lat="-7.158208843320608" lon="107.84029718488455">
        <ele>1633.8979492188</ele>
      </trkpt>
      <trkpt lat="-7.158203311264515" lon="107.8403015434742">
        <ele>1633.8979492188</ele>
      </trkpt>
      <trkpt lat="-7.158160479739308" lon="107.84032727591693">
        <ele>1634.859375</ele>
      </trkpt>
      <trkpt lat="-7.158111026510596" lon="107.84035250544548">
        <ele>1634.859375</ele>
      </trkpt>
      <trkpt lat="-7.158067272976041" lon="107.84037932753563">
        <ele>1636.3012695312</ele>
      </trkpt>
      <trkpt lat="-7.158001977950335" lon="107.84040992148221">
        <ele>1635.8205566406</ele>
      </trkpt>
      <trkpt lat="-7.157968366518617" lon="107.84044051542878">
        <ele>1633.8979492188</ele>
      </trkpt>
      <trkpt lat="-7.157954284921289" lon="107.84048829227686">
        <ele>1636.3012695312</ele>
      </trkpt>
      <trkpt lat="-7.157938191667199" lon="107.84054738469422">
        <ele>1639.1850585938</ele>
      </trkpt>
      <trkpt lat="-7.157907346263528" lon="107.84056951291859">
        <ele>1641.1076660156</ele>
      </trkpt>
      <trkpt lat="-7.157861413434148" lon="107.84060941077769">
        <ele>1643.0302734375</ele>
      </trkpt>
      <trkpt lat="-7.157847080379725" lon="107.84062634222209">
        <ele>1643.5109863281</ele>
      </trkpt>
      <trkpt lat="-7.157811792567372" lon="107.84064335748553">
        <ele>1645.9145507812</ele>
      </trkpt>
      <trkpt lat="-7.157810283824801" lon="107.84066196531057">
        <ele>1650.7209472656</ele>
      </trkpt>
      <trkpt lat="-7.15779603458941" lon="107.84067889675498">
        <ele>1650.7209472656</ele>
      </trkpt>
      <trkpt lat="-7.157797543331981" lon="107.84067839384079">
        <ele>1651.6823730469</ele>
      </trkpt>
      <trkpt lat="-7.157797543331981" lon="107.84067780710757">
        <ele>1652.1628417969</ele>
      </trkpt>
      <trkpt lat="-7.1577965375036" lon="107.8406918887049">
        <ele>1653.6049804688</ele>
      </trkpt>
      <trkpt lat="-7.157750939950347" lon="107.84072524867952">
        <ele>1654.0856933594</ele>
      </trkpt>
      <trkpt lat="-7.157696206122637" lon="107.84075458534062">
        <ele>1655.5275878906</ele>
      </trkpt>
      <trkpt lat="-7.15765044093132" lon="107.8407743666321">
        <ele>1655.046875</ele>
      </trkpt>
      <trkpt lat="-7.157591432332993" lon="107.8408195450902">
        <ele>1654.0856933594</ele>
      </trkpt>
      <trkpt lat="-7.15752337127924" lon="107.84082666970789">
        <ele>1656.4887695312</ele>
      </trkpt>
      <trkpt lat="-7.157486323267222" lon="107.84081032499671">
        <ele>1659.8532714844</ele>
      </trkpt>
      <trkpt lat="-7.157446593046188" lon="107.84077227115631">
        <ele>1663.2182617188</ele>
      </trkpt>
      <trkpt lat="-7.157426476478577" lon="107.84074150957167">
        <ele>1666.5827636719</ele>
      </trkpt>
      <trkpt lat="-7.157424716278911" lon="107.84074578434229">
        <ele>1667.0634765625</ele>
      </trkpt>
      <trkpt lat="-7.15734894387424" lon="107.84067797474563">
        <ele>1668.0246582031</ele>
      </trkpt>
      <trkpt lat="-7.157310890033841" lon="107.84059826284647">
        <ele>1674.2731933594</ele>
      </trkpt>
      <trkpt lat="-7.157275350764394" lon="107.84057462587953">
        <ele>1677.6379394531</ele>
      </trkpt>
      <trkpt lat="-7.157270908355713" lon="107.84056540578604">
        <ele>1679.0798339844</ele>
      </trkpt>
      <trkpt lat="-7.157221371307969" lon="107.84059063531458">
        <ele>1679.0798339844</ele>
      </trkpt>
      <trkpt lat="-7.157158004119992" lon="107.84060689620674">
        <ele>1680.5219726562</ele>
      </trkpt>
      <trkpt lat="-7.157149454578757" lon="107.84061267971992">
        <ele>1683.4057617188</ele>
      </trkpt>
      <trkpt lat="-7.157138558104634" lon="107.84062039107084">
        <ele>1688.6931152344</ele>
      </trkpt>
      <trkpt lat="-7.157116681337357" lon="107.8406345564872">
        <ele>1693.0190429688</ele>
      </trkpt>
      <trkpt lat="-7.157069072127342" lon="107.84064050763845">
        <ele>1695.9030761719</ele>
      </trkpt>
      <trkpt lat="-7.157048955559731" lon="107.84066967666149">
        <ele>1697.8256835938</ele>
      </trkpt>
      <trkpt lat="-7.156981732696295" lon="107.84067839384079">
        <ele>1701.1901855469</ele>
      </trkpt>
      <trkpt lat="-7.156949043273926" lon="107.84070471301675">
        <ele>1700.2290039062</ele>
      </trkpt>
      <trkpt lat="-7.156913252547383" lon="107.84073555842042">
        <ele>1698.3061523438</ele>
      </trkpt>
      <trkpt lat="-7.156868577003479" lon="107.84075793810189">
        <ele>1697.8256835938</ele>
      </trkpt>
      <trkpt lat="-7.156821135431528" lon="107.84079741686583">
        <ele>1696.3837890625</ele>
      </trkpt>
      <trkpt lat="-7.156783668324351" lon="107.8408161085099">
        <ele>1695.9030761719</ele>
      </trkpt>
      <trkpt lat="-7.156784506514669" lon="107.84082893282175">
        <ele>1698.3061523438</ele>
      </trkpt>
      <trkpt lat="-7.156741842627525" lon="107.84081543795764">
        <ele>1702.6320800781</ele>
      </trkpt>
      <trkpt lat="-7.156710075214505" lon="107.84082314930856">
        <ele>1704.5546875</ele>
      </trkpt>
      <trkpt lat="-7.156660705804825" lon="107.84082205966115">
        <ele>1709.8420410156</ele>
      </trkpt>
      <trkpt lat="-7.156659280881286" lon="107.84082063473761">
        <ele>1710.8034667969</ele>
      </trkpt>
      <trkpt lat="-7.156609995290637" lon="107.84080931916833">
        <ele>1710.3227539062</ele>
      </trkpt>
      <trkpt lat="-7.156585436314344" lon="107.8408002667129">
        <ele>1710.3227539062</ele>
      </trkpt>
      <trkpt lat="-7.156562805175781" lon="107.84079808741808">
        <ele>1712.2453613281</ele>
      </trkpt>
      <trkpt lat="-7.156507233157754" lon="107.84080085344613">
        <ele>1717.0520019531</ele>
      </trkpt>
      <trkpt lat="-7.156475214287639" lon="107.84080294892192">
        <ele>1718.974609375</ele>
      </trkpt>
      <trkpt lat="-7.156469849869609" lon="107.8408021107316">
        <ele>1719.4553222656</ele>
      </trkpt>
      <trkpt lat="-7.156479153782129" lon="107.84081686288118">
        <ele>1719.9357910156</ele>
      </trkpt>
      <trkpt lat="-7.156437328085303" lon="107.84079825505614">
        <ele>1722.3391113281</ele>
      </trkpt>
      <trkpt lat="-7.156370943412185" lon="107.84078635275364">
        <ele>1724.2619628906</ele>
      </trkpt>
      <trkpt lat="-7.156326686963439" lon="107.84080537967384">
        <ele>1725.2231445312</ele>
      </trkpt>
      <trkpt lat="-7.156260637566447" lon="107.84085055813193">
        <ele>1726.6652832031</ele>
      </trkpt>
      <trkpt lat="-7.156172543764114" lon="107.84084594808519">
        <ele>1728.587890625</ele>
      </trkpt>
      <trkpt lat="-7.15597246773541" lon="107.84089808352292">
        <ele>1730.9912109375</ele>
      </trkpt>
      <trkpt lat="-7.155907843261957" lon="107.84095139242709">
        <ele>1731.4716796875</ele>
      </trkpt>
      <trkpt lat="-7.155853696167469" lon="107.84099858254194">
        <ele>1733.3942871094</ele>
      </trkpt>
      <trkpt lat="-7.155837519094348" lon="107.84100780263543">
        <ele>1733.3942871094</ele>
      </trkpt>
      <trkpt lat="-7.155814049765468" lon="107.84102900885046">
        <ele>1735.7976074219</ele>
      </trkpt>
      <trkpt lat="-7.155806086957455" lon="107.84103529527783">
        <ele>1736.2783203125</ele>
      </trkpt>
      <trkpt lat="-7.15576970949769" lon="107.84104711376131">
        <ele>1738.2009277344</ele>
      </trkpt>
      <trkpt lat="-7.155743557959795" lon="107.84105935133994">
        <ele>1738.681640625</ele>
      </trkpt>
      <trkpt lat="-7.155705252662301" lon="107.8410748578608">
        <ele>1740.6042480469</ele>
      </trkpt>
      <trkpt lat="-7.155675245448947" lon="107.84108659252524">
        <ele>1742.0463867188</ele>
      </trkpt>
      <trkpt lat="-7.155638197436929" lon="107.84111056476831">
        <ele>1742.5270996094</ele>
      </trkpt>
      <trkpt lat="-7.155606346204877" lon="107.84112213179469">
        <ele>1743.48828125</ele>
      </trkpt>
      <trkpt lat="-7.15558011084795" lon="107.84112296998501">
        <ele>1744.4494628906</ele>
      </trkpt>
      <trkpt lat="-7.155523113906384" lon="107.8411321900785">
        <ele>1745.8916015625</ele>
      </trkpt>
      <trkpt lat="-7.155481455847621" lon="107.84114509820938">
        <ele>1747.8142089844</ele>
      </trkpt>
      <trkpt lat="-7.155443904921413" lon="107.84117099829018">
        <ele>1750.6979980469</ele>
      </trkpt>
      <trkpt lat="-7.155409455299377" lon="107.84118440933526">
        <ele>1752.6206054688</ele>
      </trkpt>
      <trkpt lat="-7.155364863574505" lon="107.84121232107282">
        <ele>1755.0239257812</ele>
      </trkpt>
      <trkpt lat="-7.155373496934772" lon="107.84123847261071">
        <ele>1757.908203125</ele>
      </trkpt>
      <trkpt lat="-7.15537928044796" lon="107.84124735742807">
        <ele>1758.388671875</ele>
      </trkpt>
      <trkpt lat="-7.155331168323755" lon="107.84127677790821">
        <ele>1762.2338867188</ele>
      </trkpt>
      <trkpt lat="-7.155287498608232" lon="107.84125909209251">
        <ele>1764.6372070312</ele>
      </trkpt>
      <trkpt lat="-7.155276853591204" lon="107.84125523641706">
        <ele>1765.1179199219</ele>
      </trkpt>
      <trkpt lat="-7.155216336250305" lon="107.84127426333725">
        <ele>1768.0017089844</ele>
      </trkpt>
      <trkpt lat="-7.155163949355483" lon="107.84127116203308">
        <ele>1769.9243164062</ele>
      </trkpt>
      <trkpt lat="-7.155122961848974" lon="107.8412907756865">
        <ele>1769.9243164062</ele>
      </trkpt>
      <trkpt lat="-7.155116507783532" lon="107.8412910271436">
        <ele>1769.9243164062</ele>
      </trkpt>
      <trkpt lat="-7.155049033463001" lon="107.84130401909351">
        <ele>1773.7697753906</ele>
      </trkpt>
      <trkpt lat="-7.155017936602235" lon="107.84130376763642">
        <ele>1778.095703125</ele>
      </trkpt>
      <trkpt lat="-7.154964962974191" lon="107.84130041487515">
        <ele>1779.0568847656</ele>
      </trkpt>
      <trkpt lat="-7.154957922175527" lon="107.84130628220737">
        <ele>1779.0568847656</ele>
      </trkpt>
      <trkpt lat="-7.154932441189885" lon="107.8413029294461">
        <ele>1779.0568847656</ele>
      </trkpt>
      <trkpt lat="-7.154868906363845" lon="107.84130762331188">
        <ele>1780.4990234375</ele>
      </trkpt>
      <trkpt lat="-7.154810819774866" lon="107.84131566993892">
        <ele>1780.9797363281</ele>
      </trkpt>
      <trkpt lat="-7.154777124524117" lon="107.84131399355829">
        <ele>1781.9409179688</ele>
      </trkpt>
      <trkpt lat="-7.154717361554503" lon="107.84130955114961">
        <ele>1782.9020996094</ele>
      </trkpt>
      <trkpt lat="-7.154716271907091" lon="107.84131592139602">
        <ele>1782.9020996094</ele>
      </trkpt>
      <trkpt lat="-7.154661202803254" lon="107.84134400077164">
        <ele>1782.9020996094</ele>
      </trkpt>
      <trkpt lat="-7.154656425118446" lon="107.8413407318294">
        <ele>1782.9020996094</ele>
      </trkpt>
      <trkpt lat="-7.154562128707767" lon="107.84134735353291">
        <ele>1785.7861328125</ele>
      </trkpt>
      <trkpt lat="-7.154510747641325" lon="107.84133536741138">
        <ele>1787.7087402344</ele>
      </trkpt>
      <trkpt lat="-7.154513094574213" lon="107.84133922308683">
        <ele>1787.7087402344</ele>
      </trkpt>
      <trkpt lat="-7.154480824247003" lon="107.84133377484977">
        <ele>1789.6315917969</ele>
      </trkpt>
      <trkpt lat="-7.154402118176222" lon="107.84135967493057">
        <ele>1793.4768066406</ele>
      </trkpt>
      <trkpt lat="-7.154354173690081" lon="107.84141466021538">
        <ele>1796.8413085938</ele>
      </trkpt>
      <trkpt lat="-7.154269013553858" lon="107.84138758666813">
        <ele>1799.2446289062</ele>
      </trkpt>
      <trkpt lat="-7.154190978035331" lon="107.84138238988817">
        <ele>1799.2446289062</ele>
      </trkpt>
      <trkpt lat="-7.154110595583916" lon="107.84137325361371">
        <ele>1799.7253417969</ele>
      </trkpt>
      <trkpt lat="-7.154005821794272" lon="107.84137786366045">
        <ele>1800.2060546875</ele>
      </trkpt>
      <trkpt lat="-7.153925187885761" lon="107.84136654809117">
        <ele>1801.1672363281</ele>
      </trkpt>
      <trkpt lat="-7.153802309185267" lon="107.84136512316763">
        <ele>1805.9738769531</ele>
      </trkpt>
      <trkpt lat="-7.153750592842698" lon="107.84137551672757">
        <ele>1807.416015625</ele>
      </trkpt>
      <trkpt lat="-7.153743049129844" lon="107.8413650393486">
        <ele>1807.416015625</ele>
      </trkpt>
      <trkpt lat="-7.15367641299963" lon="107.84132690168917">
        <ele>1808.3771972656</ele>
      </trkpt>
      <trkpt lat="-7.153599634766579" lon="107.84129496663809">
        <ele>1813.1838378906</ele>
      </trkpt>
      <trkpt lat="-7.153508691117168" lon="107.84127342514694">
        <ele>1816.5483398438</ele>
      </trkpt>
      <trkpt lat="-7.153435936197639" lon="107.84126437269151">
        <ele>1818.9516601562</ele>
      </trkpt>
      <trkpt lat="-7.153375335037708" lon="107.84124651923776">
        <ele>1820.8745117188</ele>
      </trkpt>
      <trkpt lat="-7.153292605653405" lon="107.84122833050787">
        <ele>1822.31640625</ele>
      </trkpt>
      <trkpt lat="-7.153264442458749" lon="107.84122313372791">
        <ele>1822.7971191406</ele>
      </trkpt>
      <trkpt lat="-7.153181377798319" lon="107.8412098903209">
        <ele>1825.2001953125</ele>
      </trkpt>
      <trkpt lat="-7.15313209220767" lon="107.84120871685445">
        <ele>1827.123046875</ele>
      </trkpt>
      <trkpt lat="-7.153125386685133" lon="107.84120595082641">
        <ele>1827.603515625</ele>
      </trkpt>
      <trkpt lat="-7.153032766655088" lon="107.84118231385946">
        <ele>1828.5649414062</ele>
      </trkpt>
      <trkpt lat="-7.152953473851085" lon="107.84118491224945">
        <ele>1829.5261230469</ele>
      </trkpt>
      <trkpt lat="-7.152902595698834" lon="107.84119505435228">
        <ele>1830.0068359375</ele>
      </trkpt>
      <trkpt lat="-7.152848616242409" lon="107.84118105657399">
        <ele>1832.41015625</ele>
      </trkpt>
      <trkpt lat="-7.152809891849756" lon="107.84120670519769">
        <ele>1834.8134765625</ele>
      </trkpt>
      <trkpt lat="-7.1527851652354" lon="107.84121315926313">
        <ele>1835.7746582031</ele>
      </trkpt>
      <trkpt lat="-7.152736382558942" lon="107.84120896831155">
        <ele>1835.2939453125</ele>
      </trkpt>
      <trkpt lat="-7.152685504406691" lon="107.84121827222407">
        <ele>1835.2939453125</ele>
      </trkpt>
      <trkpt lat="-7.152623143047094" lon="107.84123092889786">
        <ele>1835.2939453125</ele>
      </trkpt>
      <trkpt lat="-7.152588358148933" lon="107.84123419784009">
        <ele>1835.7746582031</ele>
      </trkpt>
      <trkpt lat="-7.152585424482822" lon="107.84123461693525">
        <ele>1836.2556152344</ele>
      </trkpt>
      <trkpt lat="-7.152544017881155" lon="107.84124643541873">
        <ele>1836.7360839844</ele>
      </trkpt>
      <trkpt lat="-7.152464725077152" lon="107.8412807174027">
        <ele>1839.1394042969</ele>
      </trkpt>
      <trkpt lat="-7.152435723692179" lon="107.84131642431021">
        <ele>1839.6201171875</ele>
      </trkpt>
      <trkpt lat="-7.152415104210377" lon="107.84135481342673">
        <ele>1842.9846191406</ele>
      </trkpt>
      <trkpt lat="-7.152411667630076" lon="107.84135380759835">
        <ele>1842.5041503906</ele>
      </trkpt>
      <trkpt lat="-7.15240890160203" lon="107.84136143513024">
        <ele>1843.4653320312</ele>
      </trkpt>
      <trkpt lat="-7.152408733963966" lon="107.84136579371989">
        <ele>1843.9460449219</ele>
      </trkpt>
      <trkpt lat="-7.152408147230744" lon="107.8413877543062">
        <ele>1845.3879394531</ele>
      </trkpt>
      <trkpt lat="-7.152413344010711" lon="107.84139135852456">
        <ele>1847.310546875</ele>
      </trkpt>
      <trkpt lat="-7.152424156665802" lon="107.84138398244977">
        <ele>1847.310546875</ele>
      </trkpt>
      <trkpt lat="-7.152423653751612" lon="107.84138188697398">
        <ele>1847.310546875</ele>
      </trkpt>
      <trkpt lat="-7.152419546619058" lon="107.84139228053391">
        <ele>1848.2717285156</ele>
      </trkpt>
      <trkpt lat="-7.152387443929911" lon="107.84141189418733">
        <ele>1848.2717285156</ele>
      </trkpt>
      <trkpt lat="-7.152375457808375" lon="107.84141264855862">
        <ele>1848.7524414062</ele>
      </trkpt>
      <trkpt lat="-7.152299685403705" lon="107.84144215285778">
        <ele>1847.7912597656</ele>
      </trkpt>
      <trkpt lat="-7.152247633785009" lon="107.84145983867347">
        <ele>1847.310546875</ele>
      </trkpt>
      <trkpt lat="-7.152206897735596" lon="107.84150116145611">
        <ele>1847.310546875</ele>
      </trkpt>
      <trkpt lat="-7.152179572731257" lon="107.8415257204324">
        <ele>1847.7912597656</ele>
      </trkpt>
      <trkpt lat="-7.152123330160976" lon="107.8415394667536">
        <ele>1850.1945800781</ele>
      </trkpt>
      <trkpt lat="-7.152111930772662" lon="107.8415465913713">
        <ele>1851.6364746094</ele>
      </trkpt>
      <trkpt lat="-7.152106817811728" lon="107.84156654030085">
        <ele>1854.5205078125</ele>
      </trkpt>
      <trkpt lat="-7.152102207764983" lon="107.84155463799834">
        <ele>1855.9624023438</ele>
      </trkpt>
      <trkpt lat="-7.152096508070827" lon="107.84156058914959">
        <ele>1856.923828125</ele>
      </trkpt>
      <trkpt lat="-7.152103716507554" lon="107.84156846813858">
        <ele>1857.4045410156</ele>
      </trkpt>
      <trkpt lat="-7.152105895802379" lon="107.84157291054726">
        <ele>1858.3657226562</ele>
      </trkpt>
      <trkpt lat="-7.151977568864822" lon="107.84162705764174">
        <ele>1854.0400390625</ele>
      </trkpt>
      <trkpt lat="-7.151962732896209" lon="107.84163376316428">
        <ele>1854.0400390625</ele>
      </trkpt>
      <trkpt lat="-7.151794759556651" lon="107.84171489998698">
        <ele>1858.8464355469</ele>
      </trkpt>
      <trkpt lat="-7.151662325486541" lon="107.84190852195024">
        <ele>1863.1723632812</ele>
      </trkpt>
      <trkpt lat="-7.151648495346308" lon="107.8419850487262">
        <ele>1871.82421875</ele>
      </trkpt>
      <trkpt lat="-7.151628127321601" lon="107.84208060242236">
        <ele>1876.1501464844</ele>
      </trkpt>
      <trkpt lat="-7.151623098179698" lon="107.84217020496726">
        <ele>1881.91796875</ele>
      </trkpt>
      <trkpt lat="-7.15160314925015" lon="107.84222996793687">
        <ele>1884.8022460938</ele>
      </trkpt>
      <trkpt lat="-7.151563670486212" lon="107.84227942116559">
        <ele>1885.2827148438</ele>
      </trkpt>
      <trkpt lat="-7.15152008458972" lon="107.84235225990415">
        <ele>1883.8405761719</ele>
      </trkpt>
      <trkpt lat="-7.151513546705246" lon="107.84236441366374">
        <ele>1884.3215332031</ele>
      </trkpt>
      <trkpt lat="-7.15147758834064" lon="107.84243255853653">
        <ele>1884.3215332031</ele>
      </trkpt>
      <trkpt lat="-7.151469793170691" lon="107.84252098761499">
        <ele>1885.2827148438</ele>
      </trkpt>
      <trkpt lat="-7.15142578817904" lon="107.84257194958627">
        <ele>1887.6860351562</ele>
      </trkpt>
      <trkpt lat="-7.151402486488223" lon="107.8425910603255">
        <ele>1889.6086425781</ele>
      </trkpt>
      <trkpt lat="-7.151362840086222" lon="107.84262425266206">
        <ele>1892.9731445312</ele>
      </trkpt>
      <trkpt lat="-7.151247756555677" lon="107.84265476278961">
        <ele>1897.7797851562</ele>
      </trkpt>
      <trkpt lat="-7.151158573105931" lon="107.84267923794687">
        <ele>1899.7023925781</ele>
      </trkpt>
      <trkpt lat="-7.15102219954133" lon="107.84272156655788">
        <ele>1904.0285644531</ele>
      </trkpt>
      <trkpt lat="-7.150947516784072" lon="107.84275811165571">
        <ele>1906.9123535156</ele>
      </trkpt>
      <trkpt lat="-7.150918347761035" lon="107.84276808612049">
        <ele>1907.8737792969</ele>
      </trkpt>
      <trkpt lat="-7.150808377191424" lon="107.842782670632">
        <ele>1906.431640625</ele>
      </trkpt>
      <trkpt lat="-7.150706453248859" lon="107.84285073168576">
        <ele>1905.4704589844</ele>
      </trkpt>
      <trkpt lat="-7.15058826841414" lon="107.84291451796889">
        <ele>1908.3542480469</ele>
      </trkpt>
      <trkpt lat="-7.150415517389774" lon="107.84291736781597">
        <ele>1909.3156738281</ele>
      </trkpt>
      <trkpt lat="-7.150163305923343" lon="107.84309967420995">
        <ele>1917.9675292969</ele>
      </trkpt>
      <trkpt lat="-7.150119720026851" lon="107.8431214671582">
        <ele>1920.8515625</ele>
      </trkpt>
      <trkpt lat="-7.150035900995135" lon="107.84315465949476">
        <ele>1923.7353515625</ele>
      </trkpt>
      <trkpt lat="-7.149999858811498" lon="107.84318919293582">
        <ele>1925.6579589844</ele>
      </trkpt>
      <trkpt lat="-7.149884775280953" lon="107.84329094924033">
        <ele>1928.0612792969</ele>
      </trkpt>
      <trkpt lat="-7.149675730615854" lon="107.84349043853581">
        <ele>1939.1164550781</ele>
      </trkpt>
      <trkpt lat="-7.149633234366775" lon="107.84360267221928">
        <ele>1942.0004882812</ele>
      </trkpt>
      <trkpt lat="-7.149577997624874" lon="107.84371314570308">
        <ele>1955.458984375</ele>
      </trkpt>
      <trkpt lat="-7.149529131129384" lon="107.84374608658254">
        <ele>1961.2268066406</ele>
      </trkpt>
      <trkpt lat="-7.149464758113027" lon="107.84380811266601">
        <ele>1969.3981933594</ele>
      </trkpt>
      <trkpt lat="-7.149417819455266" lon="107.84385974518955">
        <ele>1972.7626953125</ele>
      </trkpt>
      <trkpt lat="-7.149410611018539" lon="107.84389042295516">
        <ele>1979.0109863281</ele>
      </trkpt>
      <trkpt lat="-7.149396194145083" lon="107.84389411099255">
        <ele>1981.4145507812</ele>
      </trkpt>
      <trkpt lat="-7.149368114769459" lon="107.84392612986267">
        <ele>1983.3371582031</ele>
      </trkpt>
      <trkpt lat="-7.149291504174471" lon="107.84396477043629">
        <ele>1989.1049804688</ele>
      </trkpt>
      <trkpt lat="-7.14917466044426" lon="107.84405001439154">
        <ele>1997.7570800781</ele>
      </trkpt>
      <trkpt lat="-7.149133924394846" lon="107.84409779123962">
        <ele>2000.6408691406</ele>
      </trkpt>
      <trkpt lat="-7.149102408438921" lon="107.84412343986332">
        <ele>2000.1604003906</ele>
      </trkpt>
      <trkpt lat="-7.149024624377489" lon="107.84417264163494">
        <ele>2002.5634765625</ele>
      </trkpt>
      <trkpt lat="-7.148977601900697" lon="107.84425855614245">
        <ele>2000.6408691406</ele>
      </trkpt>
      <trkpt lat="-7.148983385413885" lon="107.84436198882759">
        <ele>2007.3701171875</ele>
      </trkpt>
      <trkpt lat="-7.148963855579495" lon="107.84440767019987">
        <ele>2010.7346191406</ele>
      </trkpt>
      <trkpt lat="-7.148944828659296" lon="107.84444002434611">
        <ele>2011.6960449219</ele>
      </trkpt>
      <trkpt lat="-7.148912725970149" lon="107.8444875497371">
        <ele>2011.6960449219</ele>
      </trkpt>
      <trkpt lat="-7.14885170571506" lon="107.84460078924894">
        <ele>2015.0607910156</ele>
      </trkpt>
      <trkpt lat="-7.148790769279003" lon="107.8446770645678">
        <ele>2018.9060058594</ele>
      </trkpt>
      <trkpt lat="-7.148747351020575" lon="107.84470095299184">
        <ele>2022.7512207031</ele>
      </trkpt>
      <trkpt lat="-7.148695383220911" lon="107.84474135376513">
        <ele>2027.0771484375</ele>
      </trkpt>
      <trkpt lat="-7.148656910285354" lon="107.84477815032005">
        <ele>2030.4418945312</ele>
      </trkpt>
      <trkpt lat="-7.14864106848836" lon="107.84478158690035">
        <ele>2031.4030761719</ele>
      </trkpt>
      <trkpt lat="-7.148591279983521" lon="107.84479382447898">
        <ele>2033.8063964844</ele>
      </trkpt>
      <trkpt lat="-7.148535624146462" lon="107.84483380615711">
        <ele>2038.6130371094</ele>
      </trkpt>
      <trkpt lat="-7.148486422374845" lon="107.8448742069304">
        <ele>2044.8615722656</ele>
      </trkpt>
      <trkpt lat="-7.148442752659321" lon="107.84492055885494">
        <ele>2049.1875</ele>
      </trkpt>
      <trkpt lat="-7.148349126800895" lon="107.84505374729633">
        <ele>2062.1652832031</ele>
      </trkpt>
      <trkpt lat="-7.148161455988884" lon="107.84524535760283">
        <ele>2063.6071777344</ele>
      </trkpt>
      <trkpt lat="-7.148131197318435" lon="107.84528693184257">
        <ele>2068.4138183594</ele>
      </trkpt>
      <trkpt lat="-7.148102028295398" lon="107.84529288299382">
        <ele>2068.89453125</ele>
      </trkpt>
      <trkpt lat="-7.147985268384218" lon="107.8452782984823">
        <ele>2072.7397460938</ele>
      </trkpt>
      <trkpt lat="-7.147960122674704" lon="107.84526907838881">
        <ele>2078.5078125</ele>
      </trkpt>
      <trkpt lat="-7.147877896204591" lon="107.8452074714005">
        <ele>2081.8723144531</ele>
      </trkpt>
      <trkpt lat="-7.147850235924125" lon="107.84518408589065">
        <ele>2084.2756347656</ele>
      </trkpt>
      <trkpt lat="-7.147835735231638" lon="107.84516656771302">
        <ele>2088.6015625</ele>
      </trkpt>
      <trkpt lat="-7.147814612835646" lon="107.84514427185059">
        <ele>2093.408203125</ele>
      </trkpt>
      <trkpt lat="-7.147809499874711" lon="107.84509599208832">
        <ele>2094.8500976562</ele>
      </trkpt>
      <trkpt lat="-7.147798016667366" lon="107.8450901247561">
        <ele>2095.8115234375</ele>
      </trkpt>
      <trkpt lat="-7.147774798795581" lon="107.84508165903389">
        <ele>2095.8115234375</ele>
      </trkpt>
      <trkpt lat="-7.147711096331477" lon="107.84508383832872">
        <ele>2098.2145996094</ele>
      </trkpt>
      <trkpt lat="-7.147696428000927" lon="107.84507755190134">
        <ele>2098.2145996094</ele>
      </trkpt>
      <trkpt lat="-7.147682094946504" lon="107.84504637122154">
        <ele>2100.1374511719</ele>
      </trkpt>
      <trkpt lat="-7.147646974772215" lon="107.84502390772104">
        <ele>2099.1760253906</ele>
      </trkpt>
      <trkpt lat="-7.147637754678726" lon="107.84501259215176">
        <ele>2099.6567382813</ele>
      </trkpt>
      <trkpt lat="-7.147614452987909" lon="107.84499616362154">
        <ele>2102.5405273438</ele>
      </trkpt>
      <trkpt lat="-7.147582098841667" lon="107.84497294574976">
        <ele>2104.9438476562</ele>
      </trkpt>
      <trkpt lat="-7.147573381662369" lon="107.84495685249567">
        <ele>2104.9438476562</ele>
      </trkpt>
      <trkpt lat="-7.147574136033654" lon="107.8449484705925">
        <ele>2104.4631347656</ele>
      </trkpt>
      <trkpt lat="-7.147543709725142" lon="107.84492692910135">
        <ele>2106.3857421875</ele>
      </trkpt>
      <trkpt lat="-7.147524682804942" lon="107.84492651000619">
        <ele>2108.30859375</ele>
      </trkpt>
      <trkpt lat="-7.147515546530485" lon="107.84490505233407">
        <ele>2108.7893066406</ele>
      </trkpt>
      <trkpt lat="-7.147498447448015" lon="107.84486481919885">
        <ele>2111.1926269531</ele>
      </trkpt>
      <trkpt lat="-7.147482940927148" lon="107.84484906122088">
        <ele>2112.1538085938</ele>
      </trkpt>
      <trkpt lat="-7.147444300353527" lon="107.84483028575778">
        <ele>2114.0764160156</ele>
      </trkpt>
      <trkpt lat="-7.147409431636334" lon="107.8448033798486">
        <ele>2115.9990234375</ele>
      </trkpt>
      <trkpt lat="-7.147383028641343" lon="107.8447930701077">
        <ele>2118.40234375</ele>
      </trkpt>
      <trkpt lat="-7.147397445514798" lon="107.84477010369301">
        <ele>2121.7668457031</ele>
      </trkpt>
      <trkpt lat="-7.147370204329491" lon="107.84477848559618">
        <ele>2125.1315917969</ele>
      </trkpt>
      <trkpt lat="-7.147352686151862" lon="107.84476331435144">
        <ele>2127.0544433594</ele>
      </trkpt>
      <trkpt lat="-7.147352686151862" lon="107.84476331435144">
        <ele>2127.0544433594</ele>
      </trkpt>
      <trkpt lat="-7.147335838526487" lon="107.84473858773708">
        <ele>2127.0544433594</ele>
      </trkpt>
      <trkpt lat="-7.147329552099109" lon="107.84471830353141">
        <ele>2132.3415527344</ele>
      </trkpt>
      <trkpt lat="-7.147316811606288" lon="107.84470841288567">
        <ele>2133.7834472656</ele>
      </trkpt>
      <trkpt lat="-7.147324355319142" lon="107.84469877369702">
        <ele>2135.7060546875</ele>
      </trkpt>
      <trkpt lat="-7.147309770807624" lon="107.84468377009034">
        <ele>2137.1479492188</ele>
      </trkpt>
      <trkpt lat="-7.147286720573902" lon="107.84466549754143">
        <ele>2137.6286621094</ele>
      </trkpt>
      <trkpt lat="-7.147284289821982" lon="107.84466164186597">
        <ele>2137.6286621094</ele>
      </trkpt>
      <trkpt lat="-7.147291246801615" lon="107.8446498233825">
        <ele>2138.5900878906</ele>
      </trkpt>
      <trkpt lat="-7.147258222103119" lon="107.84463037736714">
        <ele>2140.9934082031</ele>
      </trkpt>
      <trkpt lat="-7.147221090272069" lon="107.84461470320821">
        <ele>2142.916015625</ele>
      </trkpt>
      <trkpt lat="-7.147205919027329" lon="107.84459391608834">
        <ele>2142.435546875</ele>
      </trkpt>
      <trkpt lat="-7.147188149392605" lon="107.84457220695913">
        <ele>2142.916015625</ele>
      </trkpt>
      <trkpt lat="-7.147167697548866" lon="107.84455041401088">
        <ele>2146.2807617188</ele>
      </trkpt>
      <trkpt lat="-7.147154957056046" lon="107.84454370848835">
        <ele>2147.72265625</ele>
      </trkpt>
      <trkpt lat="-7.147143390029669" lon="107.84452744759619">
        <ele>2147.72265625</ele>
      </trkpt>
      <trkpt lat="-7.147125704213977" lon="107.84449391998351">
        <ele>2148.6838378906</ele>
      </trkpt>
      <trkpt lat="-7.147121764719486" lon="107.84449425525963">
        <ele>2149.6452636719</ele>
      </trkpt>
      <trkpt lat="-7.147107012569904" lon="107.84445913508534">
        <ele>2150.6064453125</ele>
      </trkpt>
      <trkpt lat="-7.147067449986935" lon="107.8444270323962">
        <ele>2152.5290527344</ele>
      </trkpt>
      <trkpt lat="-7.147042388096452" lon="107.84439342096448">
        <ele>2154.4516601562</ele>
      </trkpt>
      <trkpt lat="-7.147038951516151" lon="107.84438956528902">
        <ele>2153.9711914062</ele>
      </trkpt>
      <trkpt lat="-7.147013135254383" lon="107.84439140930772">
        <ele>2153.9711914062</ele>
      </trkpt>
      <trkpt lat="-7.146975500509143" lon="107.84436081536114">
        <ele>2154.4516601562</ele>
      </trkpt>
      <trkpt lat="-7.146882712841034" lon="107.84432016313076">
        <ele>2157.8166503906</ele>
      </trkpt>
      <trkpt lat="-7.146826051175594" lon="107.84428713843226">
        <ele>2159.2585449219</ele>
      </trkpt>
      <trkpt lat="-7.146783722564578" lon="107.84424355253577">
        <ele>2160.7004394531</ele>
      </trkpt>
      <trkpt lat="-7.146699149161577" lon="107.84418915398419">
        <ele>2164.0649414063</ele>
      </trkpt>
      <trkpt lat="-7.146690180525184" lon="107.84418798051775">
        <ele>2163.5842285156</ele>
      </trkpt>
      <trkpt lat="-7.146665453910828" lon="107.84417733550072">
        <ele>2163.5842285156</ele>
      </trkpt>
      <trkpt lat="-7.146567301824689" lon="107.84418127499521">
        <ele>2165.0263671875</ele>
      </trkpt>
      <trkpt lat="-7.146427575498819" lon="107.84418856725097">
        <ele>2161.6618652344</ele>
      </trkpt>
      <trkpt lat="-7.14642221108079" lon="107.8441868070513">
        <ele>2171.2746582031</ele>
      </trkpt>
      <trkpt lat="-7.146325316280127" lon="107.84416870214045">
        <ele>2165.0263671875</ele>
      </trkpt>
      <trkpt lat="-7.146009569987655" lon="107.84419854171574">
        <ele>2167.4294433594</ele>
      </trkpt>
      <trkpt lat="-7.145949304103851" lon="107.84418236464262">
        <ele>2167.91015625</ele>
      </trkpt>
      <trkpt lat="-7.145891552790999" lon="107.84418948926032">
        <ele>2169.3522949219</ele>
      </trkpt>
      <trkpt lat="-7.145797088742256" lon="107.84419225528836">
        <ele>2170.3134765625</ele>
      </trkpt>
      <trkpt lat="-7.145695667713881" lon="107.84422729164362">
        <ele>2173.1977539062</ele>
      </trkpt>
      <trkpt lat="-7.145650153979659" lon="107.84423994831741">
        <ele>2173.1977539062</ele>
      </trkpt>
      <trkpt lat="-7.145592737942934" lon="107.84422092139721">
        <ele>2172.236328125</ele>
      </trkpt>
      <trkpt lat="-7.145576644688845" lon="107.84422452561557">
        <ele>2171.7553710938</ele>
      </trkpt>
      <trkpt lat="-7.14553339406848" lon="107.84427557140589">
        <ele>2171.7553710938</ele>
      </trkpt>
      <trkpt lat="-7.145519983023405" lon="107.84431060776114">
        <ele>2171.2746582031</ele>
      </trkpt>
      <trkpt lat="-7.14548603631556" lon="107.84436793997884">
        <ele>2171.2746582031</ele>
      </trkpt>
      <trkpt lat="-7.145419232547283" lon="107.84441278316081">
        <ele>2172.7170410156</ele>
      </trkpt>
      <trkpt lat="-7.145352093502879" lon="107.84448511898518">
        <ele>2173.6782226562</ele>
      </trkpt>
      <trkpt lat="-7.145311525091529" lon="107.84456122666597">
        <ele>2175.6008300781</ele>
      </trkpt>
      <trkpt lat="-7.145299790427089" lon="107.84457178786397">
        <ele>2176.0815429688</ele>
      </trkpt>
      <trkpt lat="-7.145292246714234" lon="107.84458654001355">
        <ele>2178.0041503906</ele>
      </trkpt>
      <trkpt lat="-7.145258886739612" lon="107.84462350420654">
        <ele>2178.9653320312</ele>
      </trkpt>
      <trkpt lat="-7.145213624462485" lon="107.84461755305529">
        <ele>2179.4460449219</ele>
      </trkpt>
      <trkpt lat="-7.145162578672171" lon="107.84461688250303">
        <ele>2178.0041503906</ele>
      </trkpt>
      <trkpt lat="-7.145150676369667" lon="107.84462987445295">
        <ele>2177.5234375</ele>
      </trkpt>
      <trkpt lat="-7.145126285031438" lon="107.84465577453375">
        <ele>2176.5622558594</ele>
      </trkpt>
      <trkpt lat="-7.145068282261491" lon="107.8447288647294">
        <ele>2173.6782226562</ele>
      </trkpt>
      <trkpt lat="-7.145059145987034" lon="107.8447447065264">
        <ele>2173.1977539062</ele>
      </trkpt>
      <trkpt lat="-7.145039029419422" lon="107.8447582013905">
        <ele>2172.7170410156</ele>
      </trkpt>
      <trkpt lat="-7.145021678879857" lon="107.84475962631404">
        <ele>2172.7170410156</ele>
      </trkpt>
      <trkpt lat="-7.145011033862829" lon="107.84475216642022">
        <ele>2170.7941894531</ele>
      </trkpt>
      <trkpt lat="-7.144975159317255" lon="107.84477119334042">
        <ele>2168.8715820312</ele>
      </trkpt>
      <trkpt lat="-7.144950935617089" lon="107.84477328881621">
        <ele>2167.91015625</ele>
      </trkpt>
      <trkpt lat="-7.144872145727277" lon="107.84478426910937">
        <ele>2164.0649414063</ele>
      </trkpt>
      <trkpt lat="-7.144859489053488" lon="107.84479768015444">
        <ele>2163.5842285156</ele>
      </trkpt>
      <trkpt lat="-7.144831325858831" lon="107.84479483030736">
        <ele>2162.1423339844</ele>
      </trkpt>
      <trkpt lat="-7.144744656980038" lon="107.8447846043855">
        <ele>2160.2197265625</ele>
      </trkpt>
      <trkpt lat="-7.144719678908587" lon="107.84477639012039">
        <ele>2158.7778320312</ele>
      </trkpt>
      <trkpt lat="-7.144666621461511" lon="107.84476105123758">
        <ele>2157.8166503906</ele>
      </trkpt>
      <trkpt lat="-7.144548771902919" lon="107.84472106955945">
        <ele>2154.4516601562</ele>
      </trkpt>
      <trkpt lat="-7.144521111622453" lon="107.84471604041755">
        <ele>2153.4904785156</ele>
      </trkpt>
      <trkpt lat="-7.144521111622453" lon="107.84471604041755">
        <ele>2153.4904785156</ele>
      </trkpt>
      <trkpt lat="-7.144468640908599" lon="107.84472458995879">
        <ele>2151.5678710938</ele>
      </trkpt>
      <trkpt lat="-7.14444718323648" lon="107.84472584724426">
        <ele>2149.1645507812</ele>
      </trkpt>
      <trkpt lat="-7.144395969808102" lon="107.84471587277949">
        <ele>2148.203125</ele>
      </trkpt>
      <trkpt lat="-7.144358167424798" lon="107.84471184946597">
        <ele>2148.6838378906</ele>
      </trkpt>
      <trkpt lat="-7.144309468567371" lon="107.8447069041431">
        <ele>2147.2419433594</ele>
      </trkpt>
      <trkpt lat="-7.144239731132984" lon="107.84472257830203">
        <ele>2147.72265625</ele>
      </trkpt>
      <trkpt lat="-7.144237384200096" lon="107.84471738152206">
        <ele>2148.203125</ele>
      </trkpt>
      <trkpt lat="-7.144235875457525" lon="107.84473674371839">
        <ele>2147.2419433594</ele>
      </trkpt>
      <trkpt lat="-7.144231768324971" lon="107.84472484141588">
        <ele>2148.203125</ele>
      </trkpt>
      <trkpt lat="-7.144248196855187" lon="107.84471805207431">
        <ele>2147.72265625</ele>
      </trkpt>
      <trkpt lat="-7.144250040873885" lon="107.8447256796062">
        <ele>2146.7612304688</ele>
      </trkpt>
      <trkpt lat="-7.144246101379395" lon="107.84474026411772">
        <ele>2146.2807617188</ele>
      </trkpt>
      <trkpt lat="-7.144247610121965" lon="107.84472475759685">
        <ele>2145.8000488281</ele>
      </trkpt>
      <trkpt lat="-7.144244173541665" lon="107.84471821971238">
        <ele>2145.3193359375</ele>
      </trkpt>
      <trkpt lat="-7.144232941791415" lon="107.84472945146263">
        <ele>2145.3193359375</ele>
      </trkpt>
      <trkpt lat="-7.144233360886574" lon="107.84472249448299">
        <ele>2144.3579101563</ele>
      </trkpt>
      <trkpt lat="-7.144220285117626" lon="107.84471763297915">
        <ele>2146.2807617188</ele>
      </trkpt>
      <trkpt lat="-7.144223470240831" lon="107.84472098574042">
        <ele>2145.3193359375</ele>
      </trkpt>
      <trkpt lat="-7.144234953448176" lon="107.84472358413041">
        <ele>2145.3193359375</ele>
      </trkpt>
      <trkpt lat="-7.144233109429479" lon="107.84472509287298">
        <ele>2144.8386230469</ele>
      </trkpt>
      <trkpt lat="-7.144229589030147" lon="107.84472920000553">
        <ele>2144.8386230469</ele>
      </trkpt>
      <trkpt lat="-7.144235707819462" lon="107.84472961910069">
        <ele>2145.8000488281</ele>
      </trkpt>
      <trkpt lat="-7.14422045275569" lon="107.84473129548132">
        <ele>2145.8000488281</ele>
      </trkpt>
      <trkpt lat="-7.144198827445507" lon="107.84475417807698">
        <ele>2145.3193359375</ele>
      </trkpt>
      <trkpt lat="-7.144196648150682" lon="107.84472844563425">
        <ele>2156.3745117188</ele>
      </trkpt>
      <trkpt lat="-7.144196480512619" lon="107.84473615698516">
        <ele>2156.8552246094</ele>
      </trkpt>
    </trkseg>
  </trk>

  <trk>
    <name>Guntur Citilis</name>
    <desc>This is track no: 1</desc>
    <extensions>
      <gpxx:TrackExtension>
        <gpxx:DisplayColor>DarkGray</gpxx:DisplayColor>
      </gpxx:TrackExtension>
    </extensions>
    <trkseg>
      <trkpt lat="-7.168814968317747" lon="107.89567700587213">
        <ele>750.90999999999997</ele>
      </trkpt>
      <trkpt lat="-7.168814968317747" lon="107.89567700587213">
        <ele>750.90966800000001</ele>
      </trkpt>
      <trkpt lat="-7.168536018580198" lon="107.89589200168848">
        <ele>753.30999999999995</ele>
      </trkpt>
      <trkpt lat="-7.168536018580198" lon="107.89589200168848">
        <ele>753.31298800000002</ele>
      </trkpt>
      <trkpt lat="-7.168042995035648" lon="107.89526897482574">
        <ele>749.47000000000003</ele>
      </trkpt>
      <trkpt lat="-7.168042995035648" lon="107.89526897482574">
        <ele>749.46777299999997</ele>
      </trkpt>
      <trkpt lat="-7.1670560259372" lon="107.89080603048205">
        <ele>761</ele>
      </trkpt>
      <trkpt lat="-7.1670560259372" lon="107.89080603048205">
        <ele>761.00366199999996</ele>
      </trkpt>
      <trkpt lat="-7.165853977203369" lon="107.88896100595593">
        <ele>770.13999999999999</ele>
      </trkpt>
      <trkpt lat="-7.165853977203369" lon="107.88896100595593">
        <ele>770.135986</ele>
      </trkpt>
      <trkpt lat="-7.165016960352659" lon="107.88850997574627">
        <ele>776.87</ele>
      </trkpt>
      <trkpt lat="-7.165016960352659" lon="107.88850997574627">
        <ele>776.86523399999999</ele>
      </trkpt>
      <trkpt lat="-7.16469501145184" lon="107.88808098994195">
        <ele>779.26999999999998</ele>
      </trkpt>
      <trkpt lat="-7.16469501145184" lon="107.88808098994195">
        <ele>779.26831100000004</ele>
      </trkpt>
      <trkpt lat="-7.16432997956872" lon="107.886794032529">
        <ele>788.39999999999998</ele>
      </trkpt>
      <trkpt lat="-7.16432997956872" lon="107.886794032529">
        <ele>788.40112299999998</ele>
      </trkpt>
      <trkpt lat="-7.16366495937109" lon="107.88535603322089">
        <ele>802.82000000000005</ele>
      </trkpt>
      <trkpt lat="-7.16366495937109" lon="107.88535603322089">
        <ele>802.82055700000001</ele>
      </trkpt>
      <trkpt lat="-7.16370795853436" lon="107.88505596108735">
        <ele>805.70000000000005</ele>
      </trkpt>
      <trkpt lat="-7.16370795853436" lon="107.88505596108735">
        <ele>805.70459000000005</ele>
      </trkpt>
      <trkpt lat="-7.16480297036469" lon="107.88456201553345">
        <ele>812.42999999999995</ele>
      </trkpt>
      <trkpt lat="-7.16480297036469" lon="107.88456201553345">
        <ele>812.43359399999997</ele>
      </trkpt>
      <trkpt lat="-7.1645019762218" lon="107.8821590077132">
        <ele>821.09000000000003</ele>
      </trkpt>
      <trkpt lat="-7.1645019762218" lon="107.8821590077132">
        <ele>821.08569299999999</ele>
      </trkpt>
      <trkpt lat="-7.164352023974061" lon="107.88181501440704">
        <ele>820.60000000000002</ele>
      </trkpt>
      <trkpt lat="-7.164352023974061" lon="107.88181501440704">
        <ele>820.60497999999995</ele>
      </trkpt>
      <trkpt lat="-7.164438022300601" lon="107.88140798918903">
        <ele>820.60000000000002</ele>
      </trkpt>
      <trkpt lat="-7.164438022300601" lon="107.88140798918903">
        <ele>820.60497999999995</ele>
      </trkpt>
      <trkpt lat="-7.16473801061511" lon="107.88095695897937">
        <ele>825.40999999999997</ele>
      </trkpt>
      <trkpt lat="-7.16473801061511" lon="107.88095695897937">
        <ele>825.41137700000002</ele>
      </trkpt>
      <trkpt lat="-7.164395023137331" lon="107.87857498973608">
        <ele>860.01999999999998</ele>
      </trkpt>
      <trkpt lat="-7.164395023137331" lon="107.87857498973608">
        <ele>860.01855499999999</ele>
      </trkpt>
      <trkpt lat="-7.163407970219851" lon="107.87793201394379">
        <ele>877.79999999999995</ele>
      </trkpt>
      <trkpt lat="-7.163407970219851" lon="107.87793201394379">
        <ele>877.80273399999999</ele>
      </trkpt>
      <trkpt lat="-7.163072023540735" lon="107.87771701812744">
        <ele>887.41999999999996</ele>
      </trkpt>
      <trkpt lat="-7.163072023540735" lon="107.87771701812744">
        <ele>887.41601600000001</ele>
      </trkpt>
      <trkpt lat="-7.162534995004535" lon="107.87697697989643">
        <ele>895.11000000000001</ele>
      </trkpt>
      <trkpt lat="-7.162534995004535" lon="107.87697697989643">
        <ele>895.10644500000001</ele>
      </trkpt>
      <trkpt lat="-7.162351012229919" lon="107.87645596079528">
        <ele>900.38999999999999</ele>
      </trkpt>
      <trkpt lat="-7.162351012229919" lon="107.87645596079528">
        <ele>900.39379899999994</ele>
      </trkpt>
      <trkpt lat="-7.162787960842252" lon="107.87580200470984">
        <ele>904.24000000000001</ele>
      </trkpt>
      <trkpt lat="-7.162787960842252" lon="107.87580200470984">
        <ele>904.239014</ele>
      </trkpt>
      <trkpt lat="-7.162733981385827" lon="107.87529800087214">
        <ele>913.37</ele>
      </trkpt>
      <trkpt lat="-7.162733981385827" lon="107.87529800087214">
        <ele>913.37133800000004</ele>
      </trkpt>
      <trkpt lat="-7.162472968921065" lon="107.87446098402143">
        <ele>934.03999999999996</ele>
      </trkpt>
      <trkpt lat="-7.162472968921065" lon="107.87446098402143">
        <ele>934.03955099999996</ele>
      </trkpt>
      <trkpt lat="-7.162149008363485" lon="107.87425202317536">
        <ele>941.73000000000002</ele>
      </trkpt>
      <trkpt lat="-7.162149008363485" lon="107.87425202317536">
        <ele>941.72997999999995</ele>
      </trkpt>
      <trkpt lat="-7.161489017307758" lon="107.87416602484882">
        <ele>943.16999999999996</ele>
      </trkpt>
      <trkpt lat="-7.161489017307758" lon="107.87416602484882">
        <ele>943.171875</ele>
      </trkpt>
      <trkpt lat="-7.161254994571209" lon="107.87344702519476">
        <ele>945.58000000000004</ele>
      </trkpt>
      <trkpt lat="-7.161254994571209" lon="107.87344702519476">
        <ele>945.57519500000001</ele>
      </trkpt>
      <trkpt lat="-7.160871019586921" lon="107.87313597276807">
        <ele>949.89999999999998</ele>
      </trkpt>
      <trkpt lat="-7.160871019586921" lon="107.87313597276807">
        <ele>949.90136700000005</ele>
      </trkpt>
      <trkpt lat="-7.160744033753872" lon="107.87277102470398">
        <ele>950.86000000000001</ele>
      </trkpt>
      <trkpt lat="-7.160744033753872" lon="107.87277102470398">
        <ele>950.86254899999994</ele>
      </trkpt>
      <trkpt lat="-7.160595003515482" lon="107.87263196893036">
        <ele>959.02999999999997</ele>
      </trkpt>
      <trkpt lat="-7.160595003515482" lon="107.87263196893036">
        <ele>959.03369099999998</ele>
      </trkpt>
      <trkpt lat="-7.160200970247388" lon="107.87255602888763">
        <ele>969.61000000000001</ele>
      </trkpt>
      <trkpt lat="-7.160200970247388" lon="107.87255602888763">
        <ele>969.60815400000001</ele>
      </trkpt>
      <trkpt lat="-7.160115977749229" lon="107.8721169847995">
        <ele>972.49000000000001</ele>
      </trkpt>
      <trkpt lat="-7.160115977749229" lon="107.8721169847995">
        <ele>972.49194299999999</ele>
      </trkpt>
      <trkpt lat="-7.159807020798326" lon="107.87164399400353">
        <ele>974.40999999999997</ele>
      </trkpt>
      <trkpt lat="-7.159807020798326" lon="107.87164399400353">
        <ele>974.41455099999996</ele>
      </trkpt>
      <trkpt lat="-7.159997960552573" lon="107.87147300317883">
        <ele>1008.0599999999999</ele>
      </trkpt>
      <trkpt lat="-7.159997960552573" lon="107.87147300317883">
        <ele>1008.060547</ele>
      </trkpt>
      <trkpt lat="-7.160016987472773" lon="107.87132296711206">
        <ele>1008.54</ele>
      </trkpt>
      <trkpt lat="-7.160016987472773" lon="107.87132296711206">
        <ele>1008.541016</ele>
      </trkpt>
      <trkpt lat="-7.159545002505183" lon="107.87059298716486">
        <ele>1013.83</ele>
      </trkpt>
      <trkpt lat="-7.159545002505183" lon="107.87059298716486">
        <ele>1013.828369</ele>
      </trkpt>
      <trkpt lat="-7.159159015864134" lon="107.87035703659058">
        <ele>1022.96</ele>
      </trkpt>
      <trkpt lat="-7.159159015864134" lon="107.87035703659058">
        <ele>1022.9609380000001</ele>
      </trkpt>
      <trkpt lat="-7.158665992319584" lon="107.86952001973987">
        <ele>1050.3599999999999</ele>
      </trkpt>
      <trkpt lat="-7.158665992319584" lon="107.86952001973987">
        <ele>1050.3583980000001</ele>
      </trkpt>
      <trkpt lat="-7.158386958763003" lon="107.8693060297519">
        <ele>1055.1600000000001</ele>
      </trkpt>
      <trkpt lat="-7.158386958763003" lon="107.8693060297519">
        <ele>1055.1647949999999</ele>
      </trkpt>
      <trkpt lat="-7.158278999850154" lon="107.86776099354029">
        <ele>1065.26</ele>
      </trkpt>
      <trkpt lat="-7.158278999850154" lon="107.86776099354029">
        <ele>1065.2585449999999</ele>
      </trkpt>
      <trkpt lat="-7.157979011535645" lon="107.86765303462744">
        <ele>1077.28</ele>
      </trkpt>
      <trkpt lat="-7.157979011535645" lon="107.86765303462744">
        <ele>1077.2751459999999</ele>
      </trkpt>
      <trkpt lat="-7.157679023221135" lon="107.86724600940943">
        <ele>1115.73</ele>
      </trkpt>
      <trkpt lat="-7.157679023221135" lon="107.86724600940943">
        <ele>1115.727539</ele>
      </trkpt>
      <trkpt lat="-7.157507026568055" lon="107.86679497919977">
        <ele>1146.49</ele>
      </trkpt>
      <trkpt lat="-7.157507026568055" lon="107.86679497919977">
        <ele>1146.4895019999999</ele>
      </trkpt>
      <trkpt lat="-7.157507026568055" lon="107.86625904031098">
        <ele>1163.3099999999999</ele>
      </trkpt>
      <trkpt lat="-7.157507026568055" lon="107.86625904031098">
        <ele>1163.3122559999999</ele>
      </trkpt>
      <trkpt lat="-7.157850014045835" lon="107.86645199172199">
        <ele>1158.03</ele>
      </trkpt>
      <trkpt lat="-7.157850014045835" lon="107.86645199172199">
        <ele>1158.0251459999999</ele>
      </trkpt>
      <trkpt lat="-7.157807014882565" lon="107.86617295816541">
        <ele>1171</ele>
      </trkpt>
      <trkpt lat="-7.157807014882565" lon="107.86617295816541">
        <ele>1171.002686</ele>
      </trkpt>
      <trkpt lat="-7.158065009862185" lon="107.86574397236109">
        <ele>1185.9000000000001</ele>
      </trkpt>
      <trkpt lat="-7.158065009862185" lon="107.86574397236109">
        <ele>1185.9030760000001</ele>
      </trkpt>
      <trkpt lat="-7.157679023221135" lon="107.86445600911975">
        <ele>1227.24</ele>
      </trkpt>
      <trkpt lat="-7.157679023221135" lon="107.86445600911975">
        <ele>1227.2395019999999</ele>
      </trkpt>
      <trkpt lat="-7.157722022384405" lon="107.86415602080524">
        <ele>1235.4100000000001</ele>
      </trkpt>
      <trkpt lat="-7.157722022384405" lon="107.86415602080524">
        <ele>1235.4104</ele>
      </trkpt>
      <trkpt lat="-7.157270992174745" lon="107.86316896788776">
        <ele>1276.75</ele>
      </trkpt>
      <trkpt lat="-7.157270992174745" lon="107.86316896788776">
        <ele>1276.7470699999999</ele>
      </trkpt>
      <trkpt lat="-7.157098995521665" lon="107.86308296956122">
        <ele>1288.28</ele>
      </trkpt>
      <trkpt lat="-7.157098995521665" lon="107.86308296956122">
        <ele>1288.2827150000001</ele>
      </trkpt>
      <trkpt lat="-7.156885005533695" lon="107.86267502233386">
        <ele>1307.99</ele>
      </trkpt>
      <trkpt lat="-7.156885005533695" lon="107.86267502233386">
        <ele>1307.989746</ele>
      </trkpt>
      <trkpt lat="-7.156069027259946" lon="107.8607439994812">
        <ele>1399.79</ele>
      </trkpt>
      <trkpt lat="-7.156069027259946" lon="107.8607439994812">
        <ele>1399.794922</ele>
      </trkpt>
      <trkpt lat="-7.155683040618897" lon="107.85945695824921">
        <ele>1466.1300000000001</ele>
      </trkpt>
      <trkpt lat="-7.155683040618897" lon="107.85945695824921">
        <ele>1466.1252440000001</ele>
      </trkpt>
      <trkpt lat="-7.155275009572506" lon="107.85834099166095">
        <ele>1540.6300000000001</ele>
      </trkpt>
      <trkpt lat="-7.155275009572506" lon="107.85834099166095">
        <ele>1540.6267089999999</ele>
      </trkpt>
      <trkpt lat="-7.154995976015925" lon="107.8579550050199">
        <ele>1563.7</ele>
      </trkpt>
      <trkpt lat="-7.154995976015925" lon="107.8579550050199">
        <ele>1563.6982419999999</ele>
      </trkpt>
      <trkpt lat="-7.154609989374876" lon="107.85718202590942">
        <ele>1601.1900000000001</ele>
      </trkpt>
      <trkpt lat="-7.154609989374876" lon="107.85718202590942">
        <ele>1601.189453</ele>
      </trkpt>
      <trkpt lat="-7.154523991048336" lon="107.85651700571179">
        <ele>1636.76</ele>
      </trkpt>
      <trkpt lat="-7.154523991048336" lon="107.85651700571179">
        <ele>1636.7578120000001</ele>
      </trkpt>
      <trkpt lat="-7.154159964993596" lon="107.85617401823401">
        <ele>1663.6700000000001</ele>
      </trkpt>
      <trkpt lat="-7.154159964993596" lon="107.85617401823401">
        <ele>1663.674561</ele>
      </trkpt>
      <trkpt lat="-7.153858970850706" lon="107.85501496866345">
        <ele>1746.3499999999999</ele>
      </trkpt>
      <trkpt lat="-7.153858970850706" lon="107.85501496866345">
        <ele>1746.3474120000001</ele>
      </trkpt>
      <trkpt lat="-7.153666019439697" lon="107.85477901808918">
        <ele>1763.1700000000001</ele>
      </trkpt>
      <trkpt lat="-7.153666019439697" lon="107.85477901808918">
        <ele>1763.1704099999999</ele>
      </trkpt>
      <trkpt lat="-7.153537021949887" lon="107.8538990020752">
        <ele>1819.4100000000001</ele>
      </trkpt>
      <trkpt lat="-7.153537021949887" lon="107.8538990020752">
        <ele>1819.4072269999999</ele>
      </trkpt>
      <trkpt lat="-7.153729973360896" lon="107.85226796753705">
        <ele>1923.23</ele>
      </trkpt>
      <trkpt lat="-7.153729973360896" lon="107.85226796753705">
        <ele>1923.22876</ele>
      </trkpt>
      <trkpt lat="-7.153558982536197" lon="107.85151703283191">
        <ele>1933.3199999999999</ele>
      </trkpt>
      <trkpt lat="-7.153558982536197" lon="107.85151703283191">
        <ele>1933.3222659999999</ele>
      </trkpt>
      <trkpt lat="-7.153323031961918" lon="107.85115200094879">
        <ele>1934.28</ele>
      </trkpt>
      <trkpt lat="-7.153323031961918" lon="107.85115200094879">
        <ele>1934.2836910000001</ele>
      </trkpt>
      <trkpt lat="-7.153323031961918" lon="107.85076601430774">
        <ele>1945.3399999999999</ele>
      </trkpt>
      <trkpt lat="-7.153323031961918" lon="107.85076601430774">
        <ele>1945.3388669999999</ele>
      </trkpt>
      <trkpt lat="-7.152529014274478" lon="107.84992899745703">
        <ele>1993.8900000000001</ele>
      </trkpt>
      <trkpt lat="-7.152529014274478" lon="107.84992899745703">
        <ele>1993.88501</ele>
      </trkpt>
      <trkpt lat="-7.152077984064817" lon="107.8492639772594">
        <ele>2041.47</ele>
      </trkpt>
      <trkpt lat="-7.152077984064817" lon="107.8492639772594">
        <ele>2041.469971</ele>
      </trkpt>
      <trkpt lat="-7.152077984064817" lon="107.84904998727143">
        <ele>2045.8</ele>
      </trkpt>
      <trkpt lat="-7.152077984064817" lon="107.84904998727143">
        <ele>2045.7958980000001</ele>
      </trkpt>
      <trkpt lat="-7.152335979044437" lon="107.84868503920734">
        <ele>2050.5999999999999</ele>
      </trkpt>
      <trkpt lat="-7.152335979044437" lon="107.84868503920734">
        <ele>2050.6022950000001</ele>
      </trkpt>
      <trkpt lat="-7.152034984901547" lon="107.84832000732422">
        <ele>2047.24</ele>
      </trkpt>
      <trkpt lat="-7.152034984901547" lon="107.84832000732422">
        <ele>2047.237793</ele>
      </trkpt>
      <trkpt lat="-7.151948986575007" lon="107.84827700816095">
        <ele>2047.24</ele>
      </trkpt>
      <trkpt lat="-7.151948986575007" lon="107.84827700816095">
        <ele>2047.237793</ele>
      </trkpt>
      <trkpt lat="-7.150468993932009" lon="107.8472900390625">
        <ele>2085.21</ele>
      </trkpt>
      <trkpt lat="-7.150468993932009" lon="107.8472900390625">
        <ele>2085.2094729999999</ele>
      </trkpt>
      <trkpt lat="-7.150017963722348" lon="107.84671101719141">
        <ele>2105.4000000000001</ele>
      </trkpt>
      <trkpt lat="-7.150017963722348" lon="107.84671101719141">
        <ele>2105.3972170000002</ele>
      </trkpt>
      <trkpt lat="-7.149739013984799" lon="107.84651798196137">
        <ele>2116.9299999999998</ele>
      </trkpt>
      <trkpt lat="-7.149739013984799" lon="107.84651798196137">
        <ele>2116.9328609999998</ele>
      </trkpt>
      <trkpt lat="-7.149459980428219" lon="107.84585203975439">
        <ele>2146.25</ele>
      </trkpt>
      <trkpt lat="-7.149459980428219" lon="107.84585203975439">
        <ele>2146.2529300000001</ele>
      </trkpt>
      <trkpt lat="-7.14918103069067" lon="107.84585203975439">
        <ele>2145.29</ele>
      </trkpt>
      <trkpt lat="-7.14918103069067" lon="107.84585203975439">
        <ele>2145.2915039999998</ele>
      </trkpt>
      <trkpt lat="-7.148104878142476" lon="107.84528668038547">
        <ele>2083.29</ele>
      </trkpt>
    </trkseg>
  </trk>

  <trk>
    <name>Track Camping Area- Puncak Masigit</name>
    <desc>This is track no: 1</desc>
    <extensions>
      <gpxx:TrackExtension>
        <gpxx:DisplayColor>DarkGray</gpxx:DisplayColor>
      </gpxx:TrackExtension>
    </extensions>
    <trkseg>
      <trkpt lat="-7.146243005990982" lon="107.84416099078953">
        <ele>2184.73</ele>
      </trkpt>
      <trkpt lat="-7.146206963807344" lon="107.84415302798152">
        <ele>2190.5</ele>
      </trkpt>
      <trkpt lat="-7.146206963807344" lon="107.84415302798152">
        <ele>2190.501221</ele>
      </trkpt>
      <trkpt lat="-7.146176034584642" lon="107.8441540338099">
        <ele>2190.98</ele>
      </trkpt>
      <trkpt lat="-7.146176034584642" lon="107.8441540338099">
        <ele>2190.9819339999999</ele>
      </trkpt>
      <trkpt lat="-7.146148961037397" lon="107.84415897913277">
        <ele>2191.46</ele>
      </trkpt>
      <trkpt lat="-7.146148961037397" lon="107.84415897913277">
        <ele>2191.4626459999999</ele>
      </trkpt>
      <trkpt lat="-7.146094981580973" lon="107.84419602714479">
        <ele>2190.98</ele>
      </trkpt>
      <trkpt lat="-7.146094981580973" lon="107.84419602714479">
        <ele>2190.9819339999999</ele>
      </trkpt>
      <trkpt lat="-7.146057011559606" lon="107.84421698190272">
        <ele>2191.46</ele>
      </trkpt>
      <trkpt lat="-7.146057011559606" lon="107.84421698190272">
        <ele>2191.4626459999999</ele>
      </trkpt>
      <trkpt lat="-7.146025998517871" lon="107.8442039899528">
        <ele>2192.4200000000001</ele>
      </trkpt>
      <trkpt lat="-7.146025998517871" lon="107.8442039899528">
        <ele>2192.4240719999998</ele>
      </trkpt>
      <trkpt lat="-7.145986016839743" lon="107.84417800605297">
        <ele>2193.3899999999999</ele>
      </trkpt>
      <trkpt lat="-7.145986016839743" lon="107.84417800605297">
        <ele>2193.3852539999998</ele>
      </trkpt>
      <trkpt lat="-7.145963972434402" lon="107.84417297691107">
        <ele>2192.9000000000001</ele>
      </trkpt>
      <trkpt lat="-7.145963972434402" lon="107.84417297691107">
        <ele>2192.9045409999999</ele>
      </trkpt>
      <trkpt lat="-7.145949974656105" lon="107.84418202936649">
        <ele>2193.3899999999999</ele>
      </trkpt>
      <trkpt lat="-7.145949974656105" lon="107.84418202936649">
        <ele>2193.3852539999998</ele>
      </trkpt>
      <trkpt lat="-7.145918039605022" lon="107.84418102353811">
        <ele>2194.8299999999999</ele>
      </trkpt>
      <trkpt lat="-7.145918039605022" lon="107.84418102353811">
        <ele>2194.8271479999999</ele>
      </trkpt>
      <trkpt lat="-7.1458949893713" lon="107.84417901188135">
        <ele>2193.8699999999999</ele>
      </trkpt>
      <trkpt lat="-7.1458949893713" lon="107.84417901188135">
        <ele>2193.8659670000002</ele>
      </trkpt>
      <trkpt lat="-7.145844027400017" lon="107.84417901188135">
        <ele>2195.3099999999999</ele>
      </trkpt>
      <trkpt lat="-7.145844027400017" lon="107.84417901188135">
        <ele>2195.3078609999998</ele>
      </trkpt>
      <trkpt lat="-7.145799016579986" lon="107.84417901188135">
        <ele>2195.3099999999999</ele>
      </trkpt>
      <trkpt lat="-7.145799016579986" lon="107.84417901188135">
        <ele>2195.3078609999998</ele>
      </trkpt>
      <trkpt lat="-7.145771021023393" lon="107.8441849630326">
        <ele>2196.27</ele>
      </trkpt>
      <trkpt lat="-7.145771021023393" lon="107.8441849630326">
        <ele>2196.2692870000001</ele>
      </trkpt>
      <trkpt lat="-7.145745037123561" lon="107.84420801326632">
        <ele>2196.75</ele>
      </trkpt>
      <trkpt lat="-7.145745037123561" lon="107.84420801326632">
        <ele>2196.7497560000002</ele>
      </trkpt>
      <trkpt lat="-7.145708994939923" lon="107.84421899355948">
        <ele>2195.79</ele>
      </trkpt>
      <trkpt lat="-7.145708994939923" lon="107.84421899355948">
        <ele>2195.7885740000002</ele>
      </trkpt>
      <trkpt lat="-7.145678987726569" lon="107.84421597607434">
        <ele>2196.27</ele>
      </trkpt>
      <trkpt lat="-7.145678987726569" lon="107.84421597607434">
        <ele>2196.2692870000001</ele>
      </trkpt>
      <trkpt lat="-7.145646968856454" lon="107.8442179877311">
        <ele>2196.75</ele>
      </trkpt>
      <trkpt lat="-7.145646968856454" lon="107.8442179877311">
        <ele>2196.7497560000002</ele>
      </trkpt>
      <trkpt lat="-7.145622996613383" lon="107.84426299855113">
        <ele>2197.23</ele>
      </trkpt>
      <trkpt lat="-7.145622996613383" lon="107.84426299855113">
        <ele>2197.2304690000001</ele>
      </trkpt>
      <trkpt lat="-7.145597012713552" lon="107.84428998827934">
        <ele>2197.23</ele>
      </trkpt>
      <trkpt lat="-7.145597012713552" lon="107.84428998827934">
        <ele>2197.2304690000001</ele>
      </trkpt>
      <trkpt lat="-7.145587038248777" lon="107.8443390224129">
        <ele>2198.1900000000001</ele>
      </trkpt>
      <trkpt lat="-7.145587038248777" lon="107.8443390224129">
        <ele>2198.1916500000002</ele>
      </trkpt>
      <trkpt lat="-7.145567005500197" lon="107.84435302019119">
        <ele>2198.1900000000001</ele>
      </trkpt>
      <trkpt lat="-7.145567005500197" lon="107.84435302019119">
        <ele>2198.1916500000002</ele>
      </trkpt>
      <trkpt lat="-7.145524006336927" lon="107.84438998438418">
        <ele>2198.6700000000001</ele>
      </trkpt>
      <trkpt lat="-7.145524006336927" lon="107.84438998438418">
        <ele>2198.6723630000001</ele>
      </trkpt>
      <trkpt lat="-7.14548603631556" lon="107.84441001713276">
        <ele>2199.1500000000001</ele>
      </trkpt>
      <trkpt lat="-7.14548603631556" lon="107.84441001713276">
        <ele>2199.1530760000001</ele>
      </trkpt>
      <trkpt lat="-7.145455023273826" lon="107.84443901851773">
        <ele>2199.1500000000001</ele>
      </trkpt>
      <trkpt lat="-7.145455023273826" lon="107.84443901851773">
        <ele>2199.1530760000001</ele>
      </trkpt>
      <trkpt lat="-7.145411018282175" lon="107.84448402933776">
        <ele>2199.6300000000001</ele>
      </trkpt>
      <trkpt lat="-7.145411018282175" lon="107.84448402933776">
        <ele>2199.633789</ele>
      </trkpt>
      <trkpt lat="-7.145398026332259" lon="107.84452803432941">
        <ele>2199.6300000000001</ele>
      </trkpt>
      <trkpt lat="-7.145398026332259" lon="107.84452803432941">
        <ele>2199.633789</ele>
      </trkpt>
      <trkpt lat="-7.14533600024879" lon="107.84459299407899">
        <ele>2201.0799999999999</ele>
      </trkpt>
      <trkpt lat="-7.14533600024879" lon="107.84459299407899">
        <ele>2201.0756839999999</ele>
      </trkpt>
      <trkpt lat="-7.145324014127255" lon="107.84461202099919">
        <ele>2200.1100000000001</ele>
      </trkpt>
      <trkpt lat="-7.145324014127255" lon="107.84461202099919">
        <ele>2200.1145019999999</ele>
      </trkpt>
      <trkpt lat="-7.145300963893533" lon="107.84461101517081">
        <ele>2201.0799999999999</ele>
      </trkpt>
      <trkpt lat="-7.145300963893533" lon="107.84461101517081">
        <ele>2201.0756839999999</ele>
      </trkpt>
      <trkpt lat="-7.145256036892533" lon="107.84460699185729">
        <ele>2201.0799999999999</ele>
      </trkpt>
      <trkpt lat="-7.145256036892533" lon="107.84460699185729">
        <ele>2201.0756839999999</ele>
      </trkpt>
      <trkpt lat="-7.145211026072502" lon="107.84458603709936">
        <ele>2203.48</ele>
      </trkpt>
      <trkpt lat="-7.145211026072502" lon="107.84458603709936">
        <ele>2203.4790039999998</ele>
      </trkpt>
      <trkpt lat="-7.145175989717245" lon="107.84454798325896">
        <ele>2204.4400000000001</ele>
      </trkpt>
      <trkpt lat="-7.145175989717245" lon="107.84454798325896">
        <ele>2204.4404300000001</ele>
      </trkpt>
      <trkpt lat="-7.145145982503891" lon="107.84452602267265">
        <ele>2205.8800000000001</ele>
      </trkpt>
      <trkpt lat="-7.145145982503891" lon="107.84452602267265">
        <ele>2205.8823240000002</ele>
      </trkpt>
      <trkpt lat="-7.145088985562325" lon="107.84449702128768">
        <ele>2209.25</ele>
      </trkpt>
      <trkpt lat="-7.145088985562325" lon="107.84449702128768">
        <ele>2209.2470699999999</ele>
      </trkpt>
      <trkpt lat="-7.145011033862829" lon="107.84444002434611">
        <ele>2210.21</ele>
      </trkpt>
      <trkpt lat="-7.145011033862829" lon="107.84444002434611">
        <ele>2210.2082519999999</ele>
      </trkpt>
      <trkpt lat="-7.144967028871179" lon="107.84441898576915">
        <ele>2211.6500000000001</ele>
      </trkpt>
      <trkpt lat="-7.144967028871179" lon="107.84441898576915">
        <ele>2211.6503910000001</ele>
      </trkpt>
      <trkpt lat="-7.144934004172683" lon="107.84438503906131">
        <ele>2212.6100000000001</ele>
      </trkpt>
      <trkpt lat="-7.144934004172683" lon="107.84438503906131">
        <ele>2212.6115719999998</ele>
      </trkpt>
      <trkpt lat="-7.144916988909245" lon="107.84434396773577">
        <ele>2214.0500000000002</ele>
      </trkpt>
      <trkpt lat="-7.144916988909245" lon="107.84434396773577">
        <ele>2214.0534670000002</ele>
      </trkpt>
      <trkpt lat="-7.144867032766342" lon="107.84426299855113">
        <ele>2217.4200000000001</ele>
      </trkpt>
      <trkpt lat="-7.144867032766342" lon="107.84426299855113">
        <ele>2217.4179690000001</ele>
      </trkpt>
      <trkpt lat="-7.144823027774692" lon="107.84423902630806">
        <ele>2218.3800000000001</ele>
      </trkpt>
      <trkpt lat="-7.144823027774692" lon="107.84423902630806">
        <ele>2218.3793949999999</ele>
      </trkpt>
      <trkpt lat="-7.144765025004745" lon="107.84417498856783">
        <ele>2218.3800000000001</ele>
      </trkpt>
      <trkpt lat="-7.144765025004745" lon="107.84417498856783">
        <ele>2218.3793949999999</ele>
      </trkpt>
      <trkpt lat="-7.144739963114262" lon="107.8441350068897">
        <ele>2220.3000000000002</ele>
      </trkpt>
      <trkpt lat="-7.144739963114262" lon="107.8441350068897">
        <ele>2220.3022460000002</ele>
      </trkpt>
      <trkpt lat="-7.144740968942642" lon="107.84415897913277">
        <ele>2220.3000000000002</ele>
      </trkpt>
      <trkpt lat="-7.144740968942642" lon="107.84415897913277">
        <ele>2220.3022460000002</ele>
      </trkpt>
      <trkpt lat="-7.144744992256165" lon="107.84416501410306">
        <ele>2220.3000000000002</ele>
      </trkpt>
      <trkpt lat="-7.144744992256165" lon="107.84416501410306">
        <ele>2220.3022460000002</ele>
      </trkpt>
      <trkpt lat="-7.144750021398068" lon="107.84411698579788">
        <ele>2221.2600000000002</ele>
      </trkpt>
      <trkpt lat="-7.144750021398068" lon="107.84411698579788">
        <ele>2221.2634280000002</ele>
      </trkpt>
      <trkpt lat="-7.144712973386049" lon="107.84406996332109">
        <ele>2222.2199999999998</ele>
      </trkpt>
      <trkpt lat="-7.144712973386049" lon="107.84406996332109">
        <ele>2222.2248540000001</ele>
      </trkpt>
      <trkpt lat="-7.14469101279974" lon="107.84395999275148">
        <ele>2223.1900000000001</ele>
      </trkpt>
      <trkpt lat="-7.14469101279974" lon="107.84395999275148">
        <ele>2223.186279</ele>
      </trkpt>
      <trkpt lat="-7.144678020849824" lon="107.8439090307802">
        <ele>2223.1900000000001</ele>
      </trkpt>
      <trkpt lat="-7.144678020849824" lon="107.8439090307802">
        <ele>2223.186279</ele>
      </trkpt>
      <trkpt lat="-7.144689001142979" lon="107.84384398721159">
        <ele>2222.71</ele>
      </trkpt>
      <trkpt lat="-7.144689001142979" lon="107.84384398721159">
        <ele>2222.7055660000001</ele>
      </trkpt>
      <trkpt lat="-7.144702998921275" lon="107.84381297416985">
        <ele>2222.2199999999998</ele>
      </trkpt>
      <trkpt lat="-7.144702998921275" lon="107.84381297416985">
        <ele>2222.2248540000001</ele>
      </trkpt>
      <trkpt lat="-7.14469201862812" lon="107.84378497861326">
        <ele>2221.7399999999998</ele>
      </trkpt>
      <trkpt lat="-7.14469201862812" lon="107.84378497861326">
        <ele>2221.7441410000001</ele>
      </trkpt>
      <trkpt lat="-7.144702998921275" lon="107.84373401664197">
        <ele>2221.7399999999998</ele>
      </trkpt>
      <trkpt lat="-7.144702998921275" lon="107.84373401664197">
        <ele>2221.7441410000001</ele>
      </trkpt>
      <trkpt lat="-7.14471498504281" lon="107.84364902414382">
        <ele>2221.2600000000002</ele>
      </trkpt>
      <trkpt lat="-7.14471498504281" lon="107.84364902414382">
        <ele>2221.2634280000002</ele>
      </trkpt>
      <trkpt lat="-7.144720014184713" lon="107.84361097030342">
        <ele>2221.2600000000002</ele>
      </trkpt>
      <trkpt lat="-7.144720014184713" lon="107.84361097030342">
        <ele>2221.2634280000002</ele>
      </trkpt>
      <trkpt lat="-7.144722025841475" lon="107.84354198724031">
        <ele>2220.3000000000002</ele>
      </trkpt>
      <trkpt lat="-7.144722025841475" lon="107.84354198724031">
        <ele>2220.3022460000002</ele>
      </trkpt>
      <trkpt lat="-7.14473501779139" lon="107.84351399168372">
        <ele>2219.8200000000002</ele>
      </trkpt>
      <trkpt lat="-7.14473501779139" lon="107.84351399168372">
        <ele>2219.821289</ele>
      </trkpt>
      <trkpt lat="-7.144730994477868" lon="107.84349697642028">
        <ele>2220.7800000000002</ele>
      </trkpt>
      <trkpt lat="-7.144730994477868" lon="107.84349697642028">
        <ele>2220.7829590000001</ele>
      </trkpt>
      <trkpt lat="-7.14473501779139" lon="107.84346696920693">
        <ele>2218.3800000000001</ele>
      </trkpt>
      <trkpt lat="-7.14473501779139" lon="107.84346696920693">
        <ele>2218.3793949999999</ele>
      </trkpt>
      <trkpt lat="-7.14473501779139" lon="107.84346302971244">
        <ele>2217.9000000000001</ele>
      </trkpt>
      <trkpt lat="-7.14473501779139" lon="107.84346302971244">
        <ele>2217.898682</ele>
      </trkpt>
      <trkpt lat="-7.144710039719939" lon="107.843446014449">
        <ele>2216.9400000000001</ele>
      </trkpt>
      <trkpt lat="-7.144710039719939" lon="107.843446014449">
        <ele>2216.9375</ele>
      </trkpt>
      <trkpt lat="-7.144695036113262" lon="107.8434320166707">
        <ele>2215.98</ele>
      </trkpt>
      <trkpt lat="-7.144695036113262" lon="107.8434320166707">
        <ele>2215.9760740000002</ele>
      </trkpt>
      <trkpt lat="-7.14469101279974" lon="107.84341600723565">
        <ele>2215.5</ele>
      </trkpt>
      <trkpt lat="-7.14469101279974" lon="107.84341600723565">
        <ele>2215.4956050000001</ele>
      </trkpt>
      <trkpt lat="-7.144675003364682" lon="107.84339798614383">
        <ele>2213.0900000000001</ele>
      </trkpt>
      <trkpt lat="-7.144675003364682" lon="107.84339798614383">
        <ele>2213.0922850000002</ele>
      </trkpt>
      <trkpt lat="-7.144650025293231" lon="107.8433770313859">
        <ele>2212.6100000000001</ele>
      </trkpt>
      <trkpt lat="-7.144650025293231" lon="107.8433770313859">
        <ele>2212.6115719999998</ele>
      </trkpt>
      <trkpt lat="-7.144641978666186" lon="107.84337996505201">
        <ele>2212.6100000000001</ele>
      </trkpt>
      <trkpt lat="-7.144641978666186" lon="107.84337996505201">
        <ele>2212.6115719999998</ele>
      </trkpt>
      <trkpt lat="-7.144634015858173" lon="107.84336001612246">
        <ele>2210.6900000000001</ele>
      </trkpt>
      <trkpt lat="-7.144634015858173" lon="107.84336001612246">
        <ele>2210.6889649999998</ele>
      </trkpt>
      <trkpt lat="-7.144630998373032" lon="107.84335599280894">
        <ele>2211.1700000000001</ele>
      </trkpt>
      <trkpt lat="-7.144630998373032" lon="107.84335599280894">
        <ele>2211.1696780000002</ele>
      </trkpt>
      <trkpt lat="-7.144635021686554" lon="107.84335196949542">
        <ele>2210.6900000000001</ele>
      </trkpt>
      <trkpt lat="-7.144635021686554" lon="107.84335196949542">
        <ele>2210.6889649999998</ele>
      </trkpt>
      <trkpt lat="-7.144618006423116" lon="107.84336202777922">
        <ele>2211.1700000000001</ele>
      </trkpt>
      <trkpt lat="-7.144618006423116" lon="107.84336202777922">
        <ele>2211.1696780000002</ele>
      </trkpt>
      <trkpt lat="-7.144637033343315" lon="107.84335599280894">
        <ele>2211.6500000000001</ele>
      </trkpt>
      <trkpt lat="-7.144637033343315" lon="107.84335599280894">
        <ele>2211.6503910000001</ele>
      </trkpt>
      <trkpt lat="-7.144641978666186" lon="107.84335004165769">
        <ele>2211.1700000000001</ele>
      </trkpt>
      <trkpt lat="-7.144641978666186" lon="107.84335004165769">
        <ele>2211.1696780000002</ele>
      </trkpt>
      <trkpt lat="-7.144625969231129" lon="107.84333797171712">
        <ele>2210.21</ele>
      </trkpt>
      <trkpt lat="-7.144625969231129" lon="107.84333797171712">
        <ele>2210.2082519999999</ele>
      </trkpt>
      <trkpt lat="-7.144610965624452" lon="107.84332598559558">
        <ele>2209.25</ele>
      </trkpt>
      <trkpt lat="-7.144610965624452" lon="107.84332598559558">
        <ele>2209.2470699999999</ele>
      </trkpt>
      <trkpt lat="-7.144595962017775" lon="107.84331198781729">
        <ele>2206.8400000000001</ele>
      </trkpt>
      <trkpt lat="-7.144595962017775" lon="107.84331198781729">
        <ele>2206.84375</ele>
      </trkpt>
      <trkpt lat="-7.144577018916607" lon="107.84330301918089">
        <ele>2207.3200000000002</ele>
      </trkpt>
      <trkpt lat="-7.144577018916607" lon="107.84330301918089">
        <ele>2207.3244629999999</ele>
      </trkpt>
      <trkpt lat="-7.144577018916607" lon="107.84329203888774">
        <ele>2207.3200000000002</ele>
      </trkpt>
      <trkpt lat="-7.144577018916607" lon="107.84329203888774">
        <ele>2207.3244629999999</ele>
      </trkpt>
      <trkpt lat="-7.144577018916607" lon="107.84329203888774">
        <ele>2206.8400000000001</ele>
      </trkpt>
      <trkpt lat="-7.144577018916607" lon="107.84329203888774">
        <ele>2206.84375</ele>
      </trkpt>
      <trkpt lat="-7.144579030573368" lon="107.84328600391746">
        <ele>2206.3600000000001</ele>
      </trkpt>
      <trkpt lat="-7.144579030573368" lon="107.84328600391746">
        <ele>2206.3630370000001</ele>
      </trkpt>
      <trkpt lat="-7.144586993381381" lon="107.84327896311879">
        <ele>2205.4000000000001</ele>
      </trkpt>
      <trkpt lat="-7.144586993381381" lon="107.84327896311879">
        <ele>2205.4018550000001</ele>
      </trkpt>
      <trkpt lat="-7.144572995603085" lon="107.84325700253248">
        <ele>2202.04</ele>
      </trkpt>
      <trkpt lat="-7.144572995603085" lon="107.84325700253248">
        <ele>2202.036865</ele>
      </trkpt>
      <trkpt lat="-7.144551035016775" lon="107.84323202446103">
        <ele>2202.52</ele>
      </trkpt>
      <trkpt lat="-7.144551035016775" lon="107.84323202446103">
        <ele>2202.517578</ele>
      </trkpt>
      <trkpt lat="-7.144539970904589" lon="107.84319296479225">
        <ele>2200.1100000000001</ele>
      </trkpt>
      <trkpt lat="-7.144539970904589" lon="107.84319296479225">
        <ele>2200.1145019999999</ele>
      </trkpt>
      <trkpt lat="-7.14449898339808" lon="107.84315197728574">
        <ele>2198.1900000000001</ele>
      </trkpt>
      <trkpt lat="-7.14449898339808" lon="107.84315197728574">
        <ele>2198.1916500000002</ele>
      </trkpt>
      <trkpt lat="-7.144515998661518" lon="107.84312498755753">
        <ele>2197.71</ele>
      </trkpt>
      <trkpt lat="-7.144515998661518" lon="107.84312498755753">
        <ele>2197.711182</ele>
      </trkpt>
      <trkpt lat="-7.14451901614666" lon="107.84311702474952">
        <ele>2194.3499999999999</ele>
      </trkpt>
      <trkpt lat="-7.14451901614666" lon="107.84311702474952">
        <ele>2194.3464359999998</ele>
      </trkpt>
      <trkpt lat="-7.144506024196744" lon="107.84307695925236">
        <ele>2192.9000000000001</ele>
      </trkpt>
      <trkpt lat="-7.144506024196744" lon="107.84307695925236">
        <ele>2192.9045409999999</ele>
      </trkpt>
      <trkpt lat="-7.144462019205093" lon="107.84301199950278">
        <ele>2190.5</ele>
      </trkpt>
      <trkpt lat="-7.144462019205093" lon="107.84301199950278">
        <ele>2190.501221</ele>
      </trkpt>
      <trkpt lat="-7.144449027255178" lon="107.84295701421797">
        <ele>2188.5799999999999</ele>
      </trkpt>
      <trkpt lat="-7.144449027255178" lon="107.84295701421797">
        <ele>2188.578857</ele>
      </trkpt>
      <trkpt lat="-7.144417008385062" lon="107.84289901144803">
        <ele>2190.02</ele>
      </trkpt>
      <trkpt lat="-7.144417008385062" lon="107.84289901144803">
        <ele>2190.0207519999999</ele>
      </trkpt>
      <trkpt lat="-7.144396975636482" lon="107.84285701811314">
        <ele>2189.54</ele>
      </trkpt>
      <trkpt lat="-7.144396975636482" lon="107.84285701811314">
        <ele>2189.540039</ele>
      </trkpt>
      <trkpt lat="-7.144362023100257" lon="107.84287101589143">
        <ele>2188.0999999999999</ele>
      </trkpt>
      <trkpt lat="-7.144362023100257" lon="107.84287101589143">
        <ele>2188.0981449999999</ele>
      </trkpt>
      <trkpt lat="-7.144316006451845" lon="107.84285299479961">
        <ele>2189.0599999999999</ele>
      </trkpt>
      <trkpt lat="-7.144316006451845" lon="107.84285299479961">
        <ele>2189.0593260000001</ele>
      </trkpt>
      <trkpt lat="-7.144280970096588" lon="107.84286799840629">
        <ele>2188.0999999999999</ele>
      </trkpt>
      <trkpt lat="-7.144280970096588" lon="107.84286799840629">
        <ele>2188.0981449999999</ele>
      </trkpt>
      <trkpt lat="-7.144262026995421" lon="107.84282701089978">
        <ele>2188.5799999999999</ele>
      </trkpt>
      <trkpt lat="-7.144262026995421" lon="107.84282701089978">
        <ele>2188.578857</ele>
      </trkpt>
      <trkpt lat="-7.144194971770048" lon="107.84276498481631">
        <ele>2188.5799999999999</ele>
      </trkpt>
      <trkpt lat="-7.144194971770048" lon="107.84276498481631">
        <ele>2188.578857</ele>
      </trkpt>
      <trkpt lat="-7.144213998690248" lon="107.84275299869478">
        <ele>2189.0599999999999</ele>
      </trkpt>
      <trkpt lat="-7.144213998690248" lon="107.84275299869478">
        <ele>2189.0593260000001</ele>
      </trkpt>
      <trkpt lat="-7.144178040325642" lon="107.84270002506673">
        <ele>2190.5</ele>
      </trkpt>
      <trkpt lat="-7.144178040325642" lon="107.84270002506673">
        <ele>2190.501221</ele>
      </trkpt>
      <trkpt lat="-7.144146021455526" lon="107.84262400120497">
        <ele>2191.46</ele>
      </trkpt>
      <trkpt lat="-7.144146021455526" lon="107.84262400120497">
        <ele>2191.4626459999999</ele>
      </trkpt>
      <trkpt lat="-7.144128000363708" lon="107.8425860311836">
        <ele>2192.9000000000001</ele>
      </trkpt>
      <trkpt lat="-7.144128000363708" lon="107.8425860311836">
        <ele>2192.9045409999999</ele>
      </trkpt>
      <trkpt lat="-7.144112996757031" lon="107.8425860311836">
        <ele>2192.9000000000001</ele>
      </trkpt>
      <trkpt lat="-7.144112996757031" lon="107.8425860311836">
        <ele>2192.9045409999999</ele>
      </trkpt>
      <trkpt lat="-7.144105033949018" lon="107.84257396124303">
        <ele>2193.8699999999999</ele>
      </trkpt>
      <trkpt lat="-7.144105033949018" lon="107.84257396124303">
        <ele>2193.8659670000002</ele>
      </trkpt>
      <trkpt lat="-7.144108973443508" lon="107.84255803562701">
        <ele>2194.3499999999999</ele>
      </trkpt>
      <trkpt lat="-7.144108973443508" lon="107.84255803562701">
        <ele>2194.3464359999998</ele>
      </trkpt>
      <trkpt lat="-7.144105033949018" lon="107.84253196790814">
        <ele>2196.27</ele>
      </trkpt>
      <trkpt lat="-7.144105033949018" lon="107.84253196790814">
        <ele>2196.2692870000001</ele>
      </trkpt>
      <trkpt lat="-7.144120959565043" lon="107.84251503646374">
        <ele>2196.75</ele>
      </trkpt>
      <trkpt lat="-7.144120959565043" lon="107.84251503646374">
        <ele>2196.7497560000002</ele>
      </trkpt>
      <trkpt lat="-7.144117020070553" lon="107.84249500371516">
        <ele>2197.23</ele>
      </trkpt>
      <trkpt lat="-7.144117020070553" lon="107.84249500371516">
        <ele>2197.2304690000001</ele>
      </trkpt>
      <trkpt lat="-7.144112996757031" lon="107.8424649965018">
        <ele>2198.6700000000001</ele>
      </trkpt>
      <trkpt lat="-7.144112996757031" lon="107.8424649965018">
        <ele>2198.6723630000001</ele>
      </trkpt>
      <trkpt lat="-7.144116014242172" lon="107.84244303591549">
        <ele>2200.1100000000001</ele>
      </trkpt>
      <trkpt lat="-7.144116014242172" lon="107.84244303591549">
        <ele>2200.1145019999999</ele>
      </trkpt>
      <trkpt lat="-7.144115008413792" lon="107.84243096597493">
        <ele>2201.0799999999999</ele>
      </trkpt>
      <trkpt lat="-7.144115008413792" lon="107.84243096597493">
        <ele>2201.0756839999999</ele>
      </trkpt>
      <trkpt lat="-7.144077960401774" lon="107.84239701926708">
        <ele>2203.48</ele>
      </trkpt>
      <trkpt lat="-7.144077960401774" lon="107.84239701926708">
        <ele>2203.4790039999998</ele>
      </trkpt>
      <trkpt lat="-7.144054993987083" lon="107.84238603897393">
        <ele>2203.48</ele>
      </trkpt>
      <trkpt lat="-7.144054993987083" lon="107.84238603897393">
        <ele>2203.4790039999998</ele>
      </trkpt>
      <trkpt lat="-7.144011994823813" lon="107.84236902371049">
        <ele>2205.4000000000001</ele>
      </trkpt>
      <trkpt lat="-7.144011994823813" lon="107.84236902371049">
        <ele>2205.4018550000001</ele>
      </trkpt>
      <trkpt lat="-7.144006965681911" lon="107.84234899096191">
        <ele>2205.8800000000001</ele>
      </trkpt>
      <trkpt lat="-7.144006965681911" lon="107.84234899096191">
        <ele>2205.8823240000002</ele>
      </trkpt>
      <trkpt lat="-7.144006965681911" lon="107.84233901649714">
        <ele>2206.8400000000001</ele>
      </trkpt>
      <trkpt lat="-7.144006965681911" lon="107.84233901649714">
        <ele>2206.84375</ele>
      </trkpt>
      <trkpt lat="-7.143991962075234" lon="107.84232300706208">
        <ele>2207.3200000000002</ele>
      </trkpt>
      <trkpt lat="-7.143991962075234" lon="107.84232300706208">
        <ele>2207.3244629999999</ele>
      </trkpt>
      <trkpt lat="-7.143967989832163" lon="107.84230900928378">
        <ele>2208.77</ele>
      </trkpt>
      <trkpt lat="-7.143967989832163" lon="107.84230900928378">
        <ele>2208.766357</ele>
      </trkpt>
      <trkpt lat="-7.143954997882247" lon="107.84230398014188">
        <ele>2208.29</ele>
      </trkpt>
      <trkpt lat="-7.143954997882247" lon="107.84230398014188">
        <ele>2208.2856449999999</ele>
      </trkpt>
      <trkpt lat="-7.143945023417473" lon="107.84229098819196">
        <ele>2209.25</ele>
      </trkpt>
      <trkpt lat="-7.143945023417473" lon="107.84229098819196">
        <ele>2209.2470699999999</ele>
      </trkpt>
      <trkpt lat="-7.143962038680911" lon="107.84228201955557">
        <ele>2210.21</ele>
      </trkpt>
      <trkpt lat="-7.143962038680911" lon="107.84228201955557">
        <ele>2210.2082519999999</ele>
      </trkpt>
      <trkpt lat="-7.14396296069026" lon="107.84226701594889">
        <ele>2210.6900000000001</ele>
      </trkpt>
      <trkpt lat="-7.14396296069026" lon="107.84226701594889">
        <ele>2210.6889649999998</ele>
      </trkpt>
      <trkpt lat="-7.143965978175402" lon="107.84223499707878">
        <ele>2212.1300000000001</ele>
      </trkpt>
      <trkpt lat="-7.143965978175402" lon="107.84223499707878">
        <ele>2212.1308589999999</ele>
      </trkpt>
      <trkpt lat="-7.143941000103951" lon="107.84219602122903">
        <ele>2214.0500000000002</ele>
      </trkpt>
      <trkpt lat="-7.143941000103951" lon="107.84219602122903">
        <ele>2214.0534670000002</ele>
      </trkpt>
      <trkpt lat="-7.143924990668893" lon="107.84218596294522">
        <ele>2215.98</ele>
      </trkpt>
      <trkpt lat="-7.143924990668893" lon="107.84218596294522">
        <ele>2215.9760740000002</ele>
      </trkpt>
      <trkpt lat="-7.143929013982415" lon="107.84217699430883">
        <ele>2215.5</ele>
      </trkpt>
      <trkpt lat="-7.143929013982415" lon="107.84217699430883">
        <ele>2215.4956050000001</ele>
      </trkpt>
      <trkpt lat="-7.143910992890596" lon="107.84213097766042">
        <ele>2218.3800000000001</ele>
      </trkpt>
      <trkpt lat="-7.143910992890596" lon="107.84213097766042">
        <ele>2218.3793949999999</ele>
      </trkpt>
      <trkpt lat="-7.143914010375738" lon="107.84213399514556">
        <ele>2219.3400000000001</ele>
      </trkpt>
      <trkpt lat="-7.143914010375738" lon="107.84213399514556">
        <ele>2219.3408199999999</ele>
      </trkpt>
      <trkpt lat="-7.143886014819145" lon="107.84210700541735">
        <ele>2222.2199999999998</ele>
      </trkpt>
      <trkpt lat="-7.143886014819145" lon="107.84210700541735">
        <ele>2222.2248540000001</ele>
      </trkpt>
      <trkpt lat="-7.143892971798778" lon="107.8420820273459">
        <ele>2223.1900000000001</ele>
      </trkpt>
      <trkpt lat="-7.143892971798778" lon="107.8420820273459">
        <ele>2223.186279</ele>
      </trkpt>
      <trkpt lat="-7.143907975405455" lon="107.84205696545541">
        <ele>2226.5500000000002</ele>
      </trkpt>
      <trkpt lat="-7.143907975405455" lon="107.84205696545541">
        <ele>2226.5507809999999</ele>
      </trkpt>
      <trkpt lat="-7.143886014819145" lon="107.84204598516226">
        <ele>2226.5500000000002</ele>
      </trkpt>
      <trkpt lat="-7.143886014819145" lon="107.84204598516226">
        <ele>2226.5507809999999</ele>
      </trkpt>
      <trkpt lat="-7.143857013434172" lon="107.84199804067612">
        <ele>2227.0300000000002</ele>
      </trkpt>
      <trkpt lat="-7.143857013434172" lon="107.84199804067612">
        <ele>2227.0314939999998</ele>
      </trkpt>
      <trkpt lat="-7.143828012049198" lon="107.84195797517896">
        <ele>2230.4000000000001</ele>
      </trkpt>
      <trkpt lat="-7.143828012049198" lon="107.84195797517896">
        <ele>2230.3959960000002</ele>
      </trkpt>
      <trkpt lat="-7.143803033977747" lon="107.84191397018731">
        <ele>2231.3600000000001</ele>
      </trkpt>
      <trkpt lat="-7.143803033977747" lon="107.84191397018731">
        <ele>2231.3571780000002</ele>
      </trkpt>
      <trkpt lat="-7.143796999007464" lon="107.84188496880233">
        <ele>2234.2399999999998</ele>
      </trkpt>
      <trkpt lat="-7.143796999007464" lon="107.84188496880233">
        <ele>2234.241211</ele>
      </trkpt>
      <trkpt lat="-7.143786018714309" lon="107.8418640140444">
        <ele>2234.2399999999998</ele>
      </trkpt>
      <trkpt lat="-7.143786018714309" lon="107.8418640140444">
        <ele>2234.241211</ele>
      </trkpt>
      <trkpt lat="-7.143801022320986" lon="107.84185102209449">
        <ele>2236.1599999999999</ele>
      </trkpt>
      <trkpt lat="-7.143801022320986" lon="107.84185102209449">
        <ele>2236.1640630000002</ele>
      </trkpt>
      <trkpt lat="-7.143809990957379" lon="107.84184196963906">
        <ele>2237.6100000000001</ele>
      </trkpt>
      <trkpt lat="-7.143809990957379" lon="107.84184196963906">
        <ele>2237.6059570000002</ele>
      </trkpt>
      <trkpt lat="-7.143819965422154" lon="107.84183300100267">
        <ele>2237.1300000000001</ele>
      </trkpt>
      <trkpt lat="-7.143819965422154" lon="107.84183300100267">
        <ele>2237.1252439999998</ele>
      </trkpt>
      <trkpt lat="-7.143830023705959" lon="107.84181900322437">
        <ele>2239.0500000000002</ele>
      </trkpt>
      <trkpt lat="-7.143830023705959" lon="107.84181900322437">
        <ele>2239.0478520000001</ele>
      </trkpt>
      <trkpt lat="-7.143829017877579" lon="107.84180198796093">
        <ele>2238.5700000000002</ele>
      </trkpt>
      <trkpt lat="-7.143829017877579" lon="107.84180198796093">
        <ele>2238.5673830000001</ele>
      </trkpt>
      <trkpt lat="-7.143847960978746" lon="107.84178899601102">
        <ele>2240.0100000000002</ele>
      </trkpt>
      <trkpt lat="-7.143847960978746" lon="107.84178899601102">
        <ele>2240.0092770000001</ele>
      </trkpt>
      <trkpt lat="-7.14385399594903" lon="107.84178296104074">
        <ele>2240.0100000000002</ele>
      </trkpt>
      <trkpt lat="-7.14385399594903" lon="107.84178296104074">
        <ele>2240.0092770000001</ele>
      </trkpt>
      <trkpt lat="-7.143842009827495" lon="107.84175597131252">
        <ele>2241.9299999999998</ele>
      </trkpt>
      <trkpt lat="-7.143842009827495" lon="107.84175597131252">
        <ele>2241.931885</ele>
      </trkpt>
      <trkpt lat="-7.143842009827495" lon="107.84175203181803">
        <ele>2242.8899999999999</ele>
      </trkpt>
      <trkpt lat="-7.143842009827495" lon="107.84175203181803">
        <ele>2242.8930660000001</ele>
      </trkpt>
      <trkpt lat="-7.143838992342353" lon="107.84173702821136">
        <ele>2244.3299999999999</ele>
      </trkpt>
      <trkpt lat="-7.143838992342353" lon="107.84173702821136">
        <ele>2244.334961</ele>
      </trkpt>
      <trkpt lat="-7.14383396320045" lon="107.84171096049249">
        <ele>2244.8200000000002</ele>
      </trkpt>
      <trkpt lat="-7.14383396320045" lon="107.84171096049249">
        <ele>2244.8156739999999</ele>
      </trkpt>
      <trkpt lat="-7.143835974857211" lon="107.84169101156294">
        <ele>2245.3000000000002</ele>
      </trkpt>
      <trkpt lat="-7.143835974857211" lon="107.84169101156294">
        <ele>2245.2963869999999</ele>
      </trkpt>
      <trkpt lat="-7.143826000392437" lon="107.84166796132922">
        <ele>2246.2600000000002</ele>
      </trkpt>
      <trkpt lat="-7.143826000392437" lon="107.84166796132922">
        <ele>2246.2578130000002</ele>
      </trkpt>
      <trkpt lat="-7.143818959593773" lon="107.84165002405643">
        <ele>2246.7399999999998</ele>
      </trkpt>
      <trkpt lat="-7.143818959593773" lon="107.84165002405643">
        <ele>2246.7382809999999</ele>
      </trkpt>
      <trkpt lat="-7.143817031756043" lon="107.84165002405643">
        <ele>2246.7399999999998</ele>
      </trkpt>
      <trkpt lat="-7.143817031756043" lon="107.84165002405643">
        <ele>2246.7382809999999</ele>
      </trkpt>
      <trkpt lat="-7.143816025927663" lon="107.84165002405643">
        <ele>2246.2600000000002</ele>
      </trkpt>
      <trkpt lat="-7.143816025927663" lon="107.84165002405643">
        <ele>2246.2578130000002</ele>
      </trkpt>
      <trkpt lat="-7.143806973472238" lon="107.84164801239967">
        <ele>2245.3000000000002</ele>
      </trkpt>
      <trkpt lat="-7.143806973472238" lon="107.84164801239967">
        <ele>2245.2963869999999</ele>
      </trkpt>
      <trkpt lat="-7.143807979300618" lon="107.84164901822805">
        <ele>2246.2600000000002</ele>
      </trkpt>
      <trkpt lat="-7.143807979300618" lon="107.84164901822805">
        <ele>2246.2578130000002</ele>
      </trkpt>
      <trkpt lat="-7.143804039806128" lon="107.84165002405643">
        <ele>2247.2199999999998</ele>
      </trkpt>
      <trkpt lat="-7.143804039806128" lon="107.84165002405643">
        <ele>2247.2189939999998</ele>
      </trkpt>
      <trkpt lat="-7.143807979300618" lon="107.84164398908615">
        <ele>2248.6599999999999</ele>
      </trkpt>
      <trkpt lat="-7.143807979300618" lon="107.84164398908615">
        <ele>2248.6608890000002</ele>
      </trkpt>
      <trkpt lat="-7.143807979300618" lon="107.84164499491453">
        <ele>2244.8200000000002</ele>
      </trkpt>
      <trkpt lat="-7.143807979300618" lon="107.84164499491453">
        <ele>2244.8156739999999</ele>
      </trkpt>
      <trkpt lat="-7.143807979300618" lon="107.84164499491453">
        <ele>2244.8200000000002</ele>
      </trkpt>
      <trkpt lat="-7.143807979300618" lon="107.84164499491453">
        <ele>2244.8156739999999</ele>
      </trkpt>
      <trkpt lat="-7.143807979300618" lon="107.84164499491453">
        <ele>2248.1799999999998</ele>
      </trkpt>
      <trkpt lat="-7.143807979300618" lon="107.84164499491453">
        <ele>2248.1801759999998</ele>
      </trkpt>
      <trkpt lat="-7.143806973472238" lon="107.84164398908615">
        <ele>2248.6599999999999</ele>
      </trkpt>
      <trkpt lat="-7.143806973472238" lon="107.84164398908615">
        <ele>2248.6608890000002</ele>
      </trkpt>
      <trkpt lat="-7.143806973472238" lon="107.84164398908615">
        <ele>2246.7399999999998</ele>
      </trkpt>
      <trkpt lat="-7.143806973472238" lon="107.84164398908615">
        <ele>2246.7382809999999</ele>
      </trkpt>
      <trkpt lat="-7.143799010664225" lon="107.84164901822805">
        <ele>2245.7800000000002</ele>
      </trkpt>
      <trkpt lat="-7.143799010664225" lon="107.84164901822805">
        <ele>2245.7770999999998</ele>
      </trkpt>
      <trkpt lat="-7.143792975693941" lon="107.8416520357132">
        <ele>2246.7399999999998</ele>
      </trkpt>
      <trkpt lat="-7.143792975693941" lon="107.8416520357132">
        <ele>2246.7382809999999</ele>
      </trkpt>
      <trkpt lat="-7.143789958208799" lon="107.8416520357132">
        <ele>2246.7399999999998</ele>
      </trkpt>
      <trkpt lat="-7.143789958208799" lon="107.8416520357132">
        <ele>2246.7382809999999</ele>
      </trkpt>
      <trkpt lat="-7.143755005672574" lon="107.84165597520769">
        <ele>2245.7800000000002</ele>
      </trkpt>
      <trkpt lat="-7.143755005672574" lon="107.84165597520769">
        <ele>2245.7770999999998</ele>
      </trkpt>
      <trkpt lat="-7.143663978204131" lon="107.84164700657129">
        <ele>2245.7800000000002</ele>
      </trkpt>
      <trkpt lat="-7.143663978204131" lon="107.84164700657129">
        <ele>2245.7770999999998</ele>
      </trkpt>
      <trkpt lat="-7.143617961555719" lon="107.84165496937931">
        <ele>2246.7399999999998</ele>
      </trkpt>
      <trkpt lat="-7.143617961555719" lon="107.84165496937931">
        <ele>2246.7382809999999</ele>
      </trkpt>
      <trkpt lat="-7.143583009019494" lon="107.84163996577263">
        <ele>2245.7800000000002</ele>
      </trkpt>
      <trkpt lat="-7.143583009019494" lon="107.84163996577263">
        <ele>2245.7770999999998</ele>
      </trkpt>
      <trkpt lat="-7.143574040383101" lon="107.84163895994425">
        <ele>2246.2600000000002</ele>
      </trkpt>
      <trkpt lat="-7.143574040383101" lon="107.84163895994425">
        <ele>2246.2578130000002</ele>
      </trkpt>
      <trkpt lat="-7.143545961007476" lon="107.84163703210652">
        <ele>2246.2600000000002</ele>
      </trkpt>
      <trkpt lat="-7.143545961007476" lon="107.84163703210652">
        <ele>2246.2578130000002</ele>
      </trkpt>
      <trkpt lat="-7.143514025956392" lon="107.841633008793">
        <ele>2246.2600000000002</ele>
      </trkpt>
      <trkpt lat="-7.143514025956392" lon="107.841633008793">
        <ele>2246.2578130000002</ele>
      </trkpt>
      <trkpt lat="-7.143463985994458" lon="107.8416240401566">
        <ele>2248.6599999999999</ele>
      </trkpt>
      <trkpt lat="-7.143463985994458" lon="107.8416240401566">
        <ele>2248.6608890000002</ele>
      </trkpt>
      <trkpt lat="-7.143436996266246" lon="107.84161498770118">
        <ele>2248.6599999999999</ele>
      </trkpt>
      <trkpt lat="-7.143436996266246" lon="107.84161498770118">
        <ele>2248.6608890000002</ele>
      </trkpt>
      <trkpt lat="-7.143412018194795" lon="107.84159897826612">
        <ele>2248.1799999999998</ele>
      </trkpt>
      <trkpt lat="-7.143412018194795" lon="107.84159897826612">
        <ele>2248.1801759999998</ele>
      </trkpt>
      <trkpt lat="-7.143357032909989" lon="107.84158104099333">
        <ele>2250.0999999999999</ele>
      </trkpt>
      <trkpt lat="-7.143357032909989" lon="107.84158104099333">
        <ele>2250.1030270000001</ele>
      </trkpt>
      <trkpt lat="-7.143319984897971" lon="107.84157198853791">
        <ele>2252.0300000000002</ele>
      </trkpt>
      <trkpt lat="-7.143319984897971" lon="107.84157198853791">
        <ele>2252.025635</ele>
      </trkpt>
      <trkpt lat="-7.143289977684617" lon="107.8415449988097">
        <ele>2252.9899999999998</ele>
      </trkpt>
      <trkpt lat="-7.143289977684617" lon="107.8415449988097">
        <ele>2252.9870609999998</ele>
      </trkpt>
      <trkpt lat="-7.143260976299644" lon="107.84150300547481">
        <ele>2254.9099999999999</ele>
      </trkpt>
      <trkpt lat="-7.143260976299644" lon="107.84150300547481">
        <ele>2254.9096679999998</ele>
      </trkpt>
      <trkpt lat="-7.143218982964754" lon="107.84148498438299">
        <ele>2256.8299999999999</ele>
      </trkpt>
      <trkpt lat="-7.143218982964754" lon="107.84148498438299">
        <ele>2256.8322750000002</ele>
      </trkpt>
      <trkpt lat="-7.143224012106657" lon="107.84145698882639">
        <ele>2260.1999999999998</ele>
      </trkpt>
      <trkpt lat="-7.143224012106657" lon="107.84145698882639">
        <ele>2260.1967770000001</ele>
      </trkpt>
      <trkpt lat="-7.14322904124856" lon="107.84143796190619">
        <ele>2261.6399999999999</ele>
      </trkpt>
      <trkpt lat="-7.14322904124856" lon="107.84143796190619">
        <ele>2261.6389159999999</ele>
      </trkpt>
      <trkpt lat="-7.143208002671599" lon="107.84140602685511">
        <ele>2265</ele>
      </trkpt>
      <trkpt lat="-7.143208002671599" lon="107.84140602685511">
        <ele>2265.0034179999998</ele>
      </trkpt>
      <trkpt lat="-7.143200039863586" lon="107.84139999188483">
        <ele>2265.96</ele>
      </trkpt>
      <trkpt lat="-7.143200039863586" lon="107.84139999188483">
        <ele>2265.9645999999998</ele>
      </trkpt>
      <trkpt lat="-7.143196016550064" lon="107.84139697439969">
        <ele>2265.96</ele>
      </trkpt>
      <trkpt lat="-7.143196016550064" lon="107.84139697439969">
        <ele>2265.9645999999998</ele>
      </trkpt>
      <trkpt lat="-7.143176989629865" lon="107.84138599410653">
        <ele>2265.96</ele>
      </trkpt>
      <trkpt lat="-7.143176989629865" lon="107.84138599410653">
        <ele>2265.9645999999998</ele>
      </trkpt>
      <trkpt lat="-7.143156034871936" lon="107.84139001742005">
        <ele>2266.4499999999998</ele>
      </trkpt>
      <trkpt lat="-7.143156034871936" lon="107.84139001742005">
        <ele>2266.4453130000002</ele>
      </trkpt>
      <trkpt lat="-7.143127033486962" lon="107.84138297662139">
        <ele>2266.4499999999998</ele>
      </trkpt>
      <trkpt lat="-7.143127033486962" lon="107.84138297662139">
        <ele>2266.4453130000002</ele>
      </trkpt>
      <trkpt lat="-7.143110018223524" lon="107.84136897884309">
        <ele>2266.9299999999998</ele>
      </trkpt>
      <trkpt lat="-7.143110018223524" lon="107.84136897884309">
        <ele>2266.9260250000002</ele>
      </trkpt>
      <trkpt lat="-7.143108006566763" lon="107.84137199632823">
        <ele>2267.4099999999999</ele>
      </trkpt>
      <trkpt lat="-7.143108006566763" lon="107.84137199632823">
        <ele>2267.4064939999998</ele>
      </trkpt>
      <trkpt lat="-7.143105994910002" lon="107.84137601964176">
        <ele>2268.8499999999999</ele>
      </trkpt>
      <trkpt lat="-7.143105994910002" lon="107.84137601964176">
        <ele>2268.8488769999999</ele>
      </trkpt>
      <trkpt lat="-7.14308001101017" lon="107.84137501381338">
        <ele>2267.8899999999999</ele>
      </trkpt>
      <trkpt lat="-7.14308001101017" lon="107.84137501381338">
        <ele>2267.8872070000002</ele>
      </trkpt>
      <trkpt lat="-7.143061989918351" lon="107.84135598689318">
        <ele>2270.29</ele>
      </trkpt>
      <trkpt lat="-7.143061989918351" lon="107.84135598689318">
        <ele>2270.2907709999999</ele>
      </trkpt>
      <trkpt lat="-7.143053021281958" lon="107.84136302769184">
        <ele>2269.3299999999999</ele>
      </trkpt>
      <trkpt lat="-7.142996024340391" lon="107.84135296940804">
        <ele>2270.77</ele>
      </trkpt>
      <trkpt lat="-7.142996024340391" lon="107.84135296940804">
        <ele>2270.7714839999999</ele>
      </trkpt>
      <trkpt lat="-7.142942966893315" lon="107.84135296940804">
        <ele>2272.21</ele>
      </trkpt>
      <trkpt lat="-7.14290801435709" lon="107.8413409832865">
        <ele>2270.29</ele>
      </trkpt>
      <trkpt lat="-7.14290801435709" lon="107.8413409832865">
        <ele>2270.2907709999999</ele>
      </trkpt>
      <trkpt lat="-7.142898961901665" lon="107.8413269855082">
        <ele>2269.8099999999999</ele>
      </trkpt>
      <trkpt lat="-7.142898961901665" lon="107.8413269855082">
        <ele>2269.8100589999999</ele>
      </trkpt>
      <trkpt lat="-7.142897034063935" lon="107.84132396802306">
        <ele>2270.29</ele>
      </trkpt>
      <trkpt lat="-7.142897034063935" lon="107.84132396802306">
        <ele>2270.2907709999999</ele>
      </trkpt>
      <trkpt lat="-7.142874989658594" lon="107.84131298772991">
        <ele>2269.3299999999999</ele>
      </trkpt>
      <trkpt lat="-7.142874989658594" lon="107.84131298772991">
        <ele>2269.3295899999998</ele>
      </trkpt>
      <trkpt lat="-7.142838025465608" lon="107.84130502492189">
        <ele>2268.3699999999999</ele>
      </trkpt>
      <trkpt lat="-7.142838025465608" lon="107.84130502492189">
        <ele>2268.368164</ele>
      </trkpt>
      <trkpt lat="-7.142805000767112" lon="107.84130100160837">
        <ele>2267.8899999999999</ele>
      </trkpt>
      <trkpt lat="-7.142805000767112" lon="107.84130100160837">
        <ele>2267.8872070000002</ele>
      </trkpt>
      <trkpt lat="-7.14277901686728" lon="107.84129303880036">
        <ele>2267.8899999999999</ele>
      </trkpt>
      <trkpt lat="-7.142750266939402" lon="107.84127376042306">
        <ele>2270.77</ele>
      </trkpt>
      <trkpt lat="-7.142714308574796" lon="107.84126294776797">
        <ele>2270.7714839999999</ele>
      </trkpt>
      <trkpt lat="-7.142692767083645" lon="107.84125758334994">
        <ele>2270.29</ele>
      </trkpt>
      <trkpt lat="-7.142655048519373" lon="107.84125213511288">
        <ele>2270.2907709999999</ele>
      </trkpt>
    </trkseg>
  </trk>

  <trk>
    <name>Track Camping Area-Puncak Masigit 2</name>
    <desc>This is track no: 4</desc>
    <extensions>
      <gpxx:TrackExtension>
        <gpxx:DisplayColor>DarkGray</gpxx:DisplayColor>
      </gpxx:TrackExtension>
    </extensions>
    <trkseg>
      <trkpt lat="-7.146375775337219" lon="107.84419803880155">
        <ele>2177.5234375</ele>
      </trkpt>
      <trkpt lat="-7.146396394819021" lon="107.8442005533725">
        <ele>2177.04296875</ele>
      </trkpt>
      <trkpt lat="-7.146018706262112" lon="107.84421589225531">
        <ele>2178.9653320312</ele>
      </trkpt>
      <trkpt lat="-7.145942347124219" lon="107.84419443458319">
        <ele>2179.9267578125</ele>
      </trkpt>
      <trkpt lat="-7.145847715437412" lon="107.84419577568769">
        <ele>2178.9653320312</ele>
      </trkpt>
      <trkpt lat="-7.145785940811038" lon="107.84419384784997">
        <ele>2179.9267578125</ele>
      </trkpt>
      <trkpt lat="-7.145758280530572" lon="107.84419971518219">
        <ele>2180.4074707031</ele>
      </trkpt>
      <trkpt lat="-7.145672701299191" lon="107.84422561526299">
        <ele>2181.8493652344</ele>
      </trkpt>
      <trkpt lat="-7.145652752369642" lon="107.84422695636749">
        <ele>2182.330078125</ele>
      </trkpt>
      <trkpt lat="-7.145588714629412" lon="107.84432125277817">
        <ele>2181.8493652344</ele>
      </trkpt>
      <trkpt lat="-7.14557345956564" lon="107.84433810040355">
        <ele>2181.3686523438</ele>
      </trkpt>
      <trkpt lat="-7.145472206175327" lon="107.84440347924829">
        <ele>2178.9653320312</ele>
      </trkpt>
      <trkpt lat="-7.145415544509888" lon="107.84446542151272">
        <ele>2179.4460449219</ele>
      </trkpt>
      <trkpt lat="-7.145352847874165" lon="107.84455955028534">
        <ele>2179.4460449219</ele>
      </trkpt>
      <trkpt lat="-7.145302221179009" lon="107.84458721056581">
        <ele>2177.5234375</ele>
      </trkpt>
      <trkpt lat="-7.14527397416532" lon="107.84456625580788">
        <ele>2176.5622558594</ele>
      </trkpt>
      <trkpt lat="-7.145223347470164" lon="107.84456332214177">
        <ele>2175.6008300781</ele>
      </trkpt>
      <trkpt lat="-7.145222425460815" lon="107.84456055611372">
        <ele>2175.6008300781</ele>
      </trkpt>
      <trkpt lat="-7.145171631127596" lon="107.84453826025128">
        <ele>2176.0815429688</ele>
      </trkpt>
      <trkpt lat="-7.145000221207738" lon="107.84441923722625">
        <ele>2178.4848632812</ele>
      </trkpt>
      <trkpt lat="-7.144907517358661" lon="107.84433064050972">
        <ele>2181.8493652344</ele>
      </trkpt>
      <trkpt lat="-7.144817663356662" lon="107.84424271434546">
        <ele>2185.2138671875</ele>
      </trkpt>
      <trkpt lat="-7.144803246483207" lon="107.84421170130372">
        <ele>2186.1752929688</ele>
      </trkpt>
      <trkpt lat="-7.144735604524612" lon="107.84414699301124">
        <ele>2196.2692871094</ele>
      </trkpt>
      <trkpt lat="-7.144711129367352" lon="107.84410256892443">
        <ele>2199.1530761719</ele>
      </trkpt>
      <trkpt lat="-7.144699478521943" lon="107.84396326169372">
        <ele>2200.1145019531</ele>
      </trkpt>
      <trkpt lat="-7.144684391096234" lon="107.8438723180443">
        <ele>2200.5949707031</ele>
      </trkpt>
      <trkpt lat="-7.144701657816768" lon="107.84380350261927">
        <ele>2200.5949707031</ele>
      </trkpt>
      <trkpt lat="-7.144706603139639" lon="107.84375991672277">
        <ele>2202.0368652344</ele>
      </trkpt>
      <trkpt lat="-7.144701490178704" lon="107.8436809591949">
        <ele>2203.9597167969</ele>
      </trkpt>
      <trkpt lat="-7.144708363339305" lon="107.84360175020993">
        <ele>2204.9211425781</ele>
      </trkpt>
      <trkpt lat="-7.144722528755665" lon="107.84353637136519">
        <ele>2204.4404296875</ele>
      </trkpt>
      <trkpt lat="-7.144787823781371" lon="107.84348951652646">
        <ele>2203.9597167969</ele>
      </trkpt>
      <trkpt lat="-7.144846161827445" lon="107.84347585402429">
        <ele>2202.0368652344</ele>
      </trkpt>
      <trkpt lat="-7.14489720761776" lon="107.84347426146269">
        <ele>2199.6337890625</ele>
      </trkpt>
      <trkpt lat="-7.145061157643795" lon="107.84345481544733">
        <ele>2190.5012207031</ele>
      </trkpt>
      <trkpt lat="-7.145212786272168" lon="107.84341625869274">
        <ele>2183.2912597656</ele>
      </trkpt>
      <trkpt lat="-7.145292917266488" lon="107.84336261451244">
        <ele>2181.8493652344</ele>
      </trkpt>
      <trkpt lat="-7.145283529534936" lon="107.84333596006036">
        <ele>2181.3686523438</ele>
      </trkpt>
      <trkpt lat="-7.145306747406721" lon="107.84332581795752">
        <ele>2181.3686523438</ele>
      </trkpt>
      <trkpt lat="-7.145374892279506" lon="107.84331860952079">
        <ele>2182.330078125</ele>
      </trkpt>
      <trkpt lat="-7.145412527024746" lon="107.84329555928707">
        <ele>2181.3686523438</ele>
      </trkpt>
      <trkpt lat="-7.14544303715229" lon="107.84327208995819">
        <ele>2181.8493652344</ele>
      </trkpt>
      <trkpt lat="-7.145467093214393" lon="107.84327133558691">
        <ele>2181.3686523438</ele>
      </trkpt>
      <trkpt lat="-7.145481090992689" lon="107.84324895590544">
        <ele>2181.3686523438</ele>
      </trkpt>
      <trkpt lat="-7.145537501201034" lon="107.84317720681429">
        <ele>2179.9267578125</ele>
      </trkpt>
      <trkpt lat="-7.145601287484169" lon="107.84312373027205">
        <ele>2176.0815429688</ele>
      </trkpt>
      <trkpt lat="-7.145609334111214" lon="107.84307830035686">
        <ele>2174.1589355469</ele>
      </trkpt>
      <trkpt lat="-7.145614614710212" lon="107.84305206499994">
        <ele>2174.1589355469</ele>
      </trkpt>
      <trkpt lat="-7.145630288869143" lon="107.84303010441363">
        <ele>2173.6782226562</ele>
      </trkpt>
      <trkpt lat="-7.145637664943934" lon="107.84302507527173">
        <ele>2173.6782226562</ele>
      </trkpt>
      <trkpt lat="-7.145665576681495" lon="107.84300604835153">
        <ele>2172.236328125</ele>
      </trkpt>
      <trkpt lat="-7.145692063495517" lon="107.84294377081096">
        <ele>2169.3522949219</ele>
      </trkpt>
      <trkpt lat="-7.14570052921772" lon="107.84290521405637">
        <ele>2166.4682617188</ele>
      </trkpt>
      <trkpt lat="-7.145688626915216" lon="107.84285391680896">
        <ele>2164.0649414063</ele>
      </trkpt>
      <trkpt lat="-7.145745540037751" lon="107.84274361096323">
        <ele>2161.6618652344</ele>
      </trkpt>
      <trkpt lat="-7.145762806758285" lon="107.84271460957825">
        <ele>2162.623046875</ele>
      </trkpt>
      <trkpt lat="-7.145805889740586" lon="107.84268225543201">
        <ele>2162.623046875</ele>
      </trkpt>
      <trkpt lat="-7.14581485837698" lon="107.84266599453986">
        <ele>2162.623046875</ele>
      </trkpt>
      <trkpt lat="-7.145855091512203" lon="107.84262525849044">
        <ele>2161.6618652344</ele>
      </trkpt>
      <trkpt lat="-7.145896581932902" lon="107.84254051744938">
        <ele>2160.7004394531</ele>
      </trkpt>
      <trkpt lat="-7.14594729244709" lon="107.84247103147209">
        <ele>2160.7004394531</ele>
      </trkpt>
      <trkpt lat="-7.145930361002684" lon="107.84236676059663">
        <ele>2159.2585449219</ele>
      </trkpt>
      <trkpt lat="-7.145939078181982" lon="107.8423682693392">
        <ele>2159.2585449219</ele>
      </trkpt>
      <trkpt lat="-7.145933881402016" lon="107.84235125407577">
        <ele>2159.2585449219</ele>
      </trkpt>
      <trkpt lat="-7.145927930250764" lon="107.84231705591083">
        <ele>2159.2585449219</ele>
      </trkpt>
      <trkpt lat="-7.145903455093503" lon="107.8422577958554">
        <ele>2157.8166503906</ele>
      </trkpt>
      <trkpt lat="-7.145826257765293" lon="107.84216685220599">
        <ele>2158.7778320312</ele>
      </trkpt>
      <trkpt lat="-7.145682843402028" lon="107.84224840812385">
        <ele>2159.2585449219</ele>
      </trkpt>
      <trkpt lat="-7.145663816481829" lon="107.84225343726575">
        <ele>2159.7390136719</ele>
      </trkpt>
      <trkpt lat="-7.145645376294851" lon="107.84224488772452">
        <ele>2159.7390136719</ele>
      </trkpt>
      <trkpt lat="-7.145577063784003" lon="107.84223977476358">
        <ele>2159.7390136719</ele>
      </trkpt>
      <trkpt lat="-7.145527023822069" lon="107.84220591187477">
        <ele>2159.2585449219</ele>
      </trkpt>
      <trkpt lat="-7.145482851192355" lon="107.84218277782202">
        <ele>2160.2197265625</ele>
      </trkpt>
      <trkpt lat="-7.145430464297533" lon="107.84218168817461">
        <ele>2160.7004394531</ele>
      </trkpt>
      <trkpt lat="-7.14540833607316" lon="107.84210918471217">
        <ele>2161.6618652344</ele>
      </trkpt>
      <trkpt lat="-7.145400373265147" lon="107.84205981530249">
        <ele>2162.623046875</ele>
      </trkpt>
      <trkpt lat="-7.145375395193696" lon="107.84203123301268">
        <ele>2165.0263671875</ele>
      </trkpt>
      <trkpt lat="-7.145361984148622" lon="107.84198295325041">
        <ele>2167.4294433594</ele>
      </trkpt>
      <trkpt lat="-7.14533943682909" lon="107.84194950945675">
        <ele>2169.3522949219</ele>
      </trkpt>
      <trkpt lat="-7.14533013291657" lon="107.8419023193419">
        <ele>2172.236328125</ele>
      </trkpt>
      <trkpt lat="-7.145314458757639" lon="107.84183886833489">
        <ele>2176.0815429688</ele>
      </trkpt>
      <trkpt lat="-7.145297778770328" lon="107.84181665629148">
        <ele>2176.5622558594</ele>
      </trkpt>
      <trkpt lat="-7.145234495401382" lon="107.8416914306581">
        <ele>2186.1752929688</ele>
      </trkpt>
      <trkpt lat="-7.145214797928929" lon="107.84162948839366">
        <ele>2187.1364746094</ele>
      </trkpt>
      <trkpt lat="-7.145198117941618" lon="107.84161272458732">
        <ele>2187.1364746094</ele>
      </trkpt>
      <trkpt lat="-7.145186131820083" lon="107.84158020280302">
        <ele>2189.0593261719</ele>
      </trkpt>
      <trkpt lat="-7.14516693726182" lon="107.84152320586145">
        <ele>2192.4240722656</ele>
      </trkpt>
      <trkpt lat="-7.145159980282188" lon="107.84151767380536">
        <ele>2193.3852539062</ele>
      </trkpt>
      <trkpt lat="-7.145167523995042" lon="107.84147190861404">
        <ele>2196.7497558594</ele>
      </trkpt>
      <trkpt lat="-7.145150760188699" lon="107.84146218560636">
        <ele>2198.1916503906</ele>
      </trkpt>
      <trkpt lat="-7.145117735490203" lon="107.84140552394092">
        <ele>2202.9982910156</ele>
      </trkpt>
      <trkpt lat="-7.145106922835112" lon="107.84137694165111">
        <ele>2203.4790039063</ele>
      </trkpt>
      <trkpt lat="-7.145104156807065" lon="107.84134115092456">
        <ele>2205.4018554688</ele>
      </trkpt>
      <trkpt lat="-7.145091751590371" lon="107.84130468964577">
        <ele>2206.3630371094</ele>
      </trkpt>
      <trkpt lat="-7.145092422142625" lon="107.84127853810787">
        <ele>2209.2470703125</ele>
      </trkpt>
      <trkpt lat="-7.145079597830772" lon="107.84125029109418">
        <ele>2209.7275390625</ele>
      </trkpt>
      <trkpt lat="-7.145034587010741" lon="107.84120829775929">
        <ele>2211.1696777344</ele>
      </trkpt>
      <trkpt lat="-7.145015811547637" lon="107.84117468632758">
        <ele>2215.4956054688</ele>
      </trkpt>
      <trkpt lat="-7.144991587847471" lon="107.84116412512958">
        <ele>2216.9375</ele>
      </trkpt>
      <trkpt lat="-7.144948253408074" lon="107.84117460250854">
        <ele>2220.7829589844</ele>
      </trkpt>
      <trkpt lat="-7.144896285608411" lon="107.84119907766581">
        <ele>2223.1862792969</ele>
      </trkpt>
      <trkpt lat="-7.144875833764672" lon="107.84120905213058">
        <ele>2223.1862792969</ele>
      </trkpt>
      <trkpt lat="-7.144859991967678" lon="107.84122154116631">
        <ele>2223.6667480469</ele>
      </trkpt>
      <trkpt lat="-7.144801151007414" lon="107.84125020727515">
        <ele>2226.55078125</ele>
      </trkpt>
      <trkpt lat="-7.144757062196732" lon="107.84127124585211">
        <ele>2226.0700683594</ele>
      </trkpt>
      <trkpt lat="-7.144754715263844" lon="107.84128004685044">
        <ele>2226.0700683594</ele>
      </trkpt>
      <trkpt lat="-7.144727222621441" lon="107.84130376763642">
        <ele>2225.1086425781</ele>
      </trkpt>
      <trkpt lat="-7.144714565947652" lon="107.84132556058466">
        <ele>2224.6281738281</ele>
      </trkpt>
      <trkpt lat="-7.144694533199072" lon="107.84136218950152">
        <ele>2226.0700683594</ele>
      </trkpt>
      <trkpt lat="-7.144646421074867" lon="107.84140736795962">
        <ele>2230.3959960938</ele>
      </trkpt>
      <trkpt lat="-7.144591519609094" lon="107.84139865078032">
        <ele>2233.2797851562</ele>
      </trkpt>
      <trkpt lat="-7.144573666155338" lon="107.84139923751354">
        <ele>2233.7604980469</ele>
      </trkpt>
      <trkpt lat="-7.144541060552001" lon="107.8414326813072">
        <ele>2233.7604980469</ele>
      </trkpt>
      <trkpt lat="-7.144497223198414" lon="107.84145690500736">
        <ele>2232.7990722656</ele>
      </trkpt>
      <trkpt lat="-7.14442815631628" lon="107.84147241152823">
        <ele>2234.2412109375</ele>
      </trkpt>
      <trkpt lat="-7.144336542114615" lon="107.84148506820202">
        <ele>2234.2412109375</ele>
      </trkpt>
      <trkpt lat="-7.144281724467874" lon="107.84149931743741">
        <ele>2235.2023925781</ele>
      </trkpt>
      <trkpt lat="-7.14420042000711" lon="107.84153234213591">
        <ele>2234.7219238281</ele>
      </trkpt>
      <trkpt lat="-7.144151972606778" lon="107.84155430272222">
        <ele>2236.1640625</ele>
      </trkpt>
      <trkpt lat="-7.144115343689919" lon="107.8415587451309">
        <ele>2237.1252441406</ele>
      </trkpt>
      <trkpt lat="-7.144021550193429" lon="107.84158690832555">
        <ele>2236.64453125</ele>
      </trkpt>
      <trkpt lat="-7.143999505788088" lon="107.84159042872488">
        <ele>2236.64453125</ele>
      </trkpt>
      <trkpt lat="-7.143964301794767" lon="107.84160124137998">
        <ele>2236.64453125</ele>
      </trkpt>
      <trkpt lat="-7.143934797495604" lon="107.84160727635026">
        <ele>2237.1252441406</ele>
      </trkpt>
      <trkpt lat="-7.143869753926992" lon="107.84164088778198">
        <ele>2237.1252441406</ele>
      </trkpt>
      <trkpt lat="-7.143827676773071" lon="107.84165597520769">
        <ele>2236.1640625</ele>
      </trkpt>
    </trkseg>
  </trk>

</gpx>