<?xml version="1.0" encoding="UTF-8"?>
<gpx creator="StravaGPX" xmlns:xsi="http://www.w3.org/2001/XMLSchema-instance" xsi:schemaLocation="http://www.topografix.com/GPX/1/1 http://www.topografix.com/GPX/1/1/gpx.xsd" version="1.1" xmlns="http://www.topografix.com/GPX/1/1">
 <trk>
  <name>Ranu Panei - Mount Semeru</name>
  <type>running</type>
  <trkseg>
   <trkpt lat="-8.0143780" lon="112.9453880">
    <ele>2140.8</ele>
   </trkpt>
   <trkpt lat="-8.0143980" lon="112.9453920">
    <ele>2141.4</ele>
   </trkpt>
   <trkpt lat="-8.0144610" lon="112.9454120">
    <ele>2140.4</ele>
   </trkpt>
   <trkpt lat="-8.0144800" lon="112.9454070">
    <ele>2140.6</ele>
   </trkpt>
   <trkpt lat="-8.0145770" lon="112.9453440">
    <ele>2141.0</ele>
   </trkpt>
   <trkpt lat="-8.0147020" lon="112.9452080">
    <ele>2141.2</ele>
   </trkpt>
   <trkpt lat="-8.0147700" lon="112.9450570">
    <ele>2140.0</ele>
   </trkpt>
   <trkpt lat="-8.0147720" lon="112.9450290">
    <ele>2139.8</ele>
   </trkpt>
   <trkpt lat="-8.0147720" lon="112.9448660">
    <ele>2138.6</ele>
   </trkpt>
   <trkpt lat="-8.0147360" lon="112.9447510">
    <ele>2137.2</ele>
   </trkpt>
   <trkpt lat="-8.0147140" lon="112.9446990">
    <ele>2136.8</ele>
   </trkpt>
   <trkpt lat="-8.0146750" lon="112.9446170">
    <ele>2136.0</ele>
   </trkpt>
   <trkpt lat="-8.0146600" lon="112.9445660">
    <ele>2135.2</ele>
   </trkpt>
   <trkpt lat="-8.0146700" lon="112.9444780">
    <ele>2134.8</ele>
   </trkpt>
   <trkpt lat="-8.0146820" lon="112.9444460">
    <ele>2134.8</ele>
   </trkpt>
   <trkpt lat="-8.0147450" lon="112.9443350">
    <ele>2133.8</ele>
   </trkpt>
   <trkpt lat="-8.0148120" lon="112.9442620">
    <ele>2133.0</ele>
   </trkpt>
   <trkpt lat="-8.0148350" lon="112.9442400">
    <ele>2132.6</ele>
   </trkpt>
   <trkpt lat="-8.0149240" lon="112.9441560">
    <ele>2131.4</ele>
   </trkpt>
   <trkpt lat="-8.0149500" lon="112.9441330">
    <ele>2131.2</ele>
   </trkpt>
   <trkpt lat="-8.0150210" lon="112.9440760">
    <ele>2130.4</ele>
   </trkpt>
   <trkpt lat="-8.0151250" lon="112.9440430">
    <ele>2129.4</ele>
   </trkpt>
   <trkpt lat="-8.0152040" lon="112.9440440">
    <ele>2129.2</ele>
   </trkpt>
   <trkpt lat="-8.0152970" lon="112.9440610">
    <ele>2129.4</ele>
   </trkpt>
   <trkpt lat="-8.0154540" lon="112.9440900">
    <ele>2128.6</ele>
   </trkpt>
   <trkpt lat="-8.0156310" lon="112.9441580">
    <ele>2128.6</ele>
   </trkpt>
   <trkpt lat="-8.0157710" lon="112.9442180">
    <ele>2128.0</ele>
   </trkpt>
   <trkpt lat="-8.0158260" lon="112.9442350">
    <ele>2127.4</ele>
   </trkpt>
   <trkpt lat="-8.0159650" lon="112.9443030">
    <ele>2127.0</ele>
   </trkpt>
   <trkpt lat="-8.0159930" lon="112.9443210">
    <ele>2126.8</ele>
   </trkpt>
   <trkpt lat="-8.0161960" lon="112.9444560">
    <ele>2126.6</ele>
   </trkpt>
   <trkpt lat="-8.0162800" lon="112.9445050">
    <ele>2126.0</ele>
   </trkpt>
   <trkpt lat="-8.0163580" lon="112.9445410">
    <ele>2125.4</ele>
   </trkpt>
   <trkpt lat="-8.0164950" lon="112.9446140">
    <ele>2125.2</ele>
   </trkpt>
   <trkpt lat="-8.0165940" lon="112.9446690">
    <ele>2125.0</ele>
   </trkpt>
   <trkpt lat="-8.0166190" lon="112.9446830">
    <ele>2124.8</ele>
   </trkpt>
   <trkpt lat="-8.0166890" lon="112.9447370">
    <ele>2123.8</ele>
   </trkpt>
   <trkpt lat="-8.0167780" lon="112.9447930">
    <ele>2123.0</ele>
   </trkpt>
   <trkpt lat="-8.0169220" lon="112.9448380">
    <ele>2123.2</ele>
   </trkpt>
   <trkpt lat="-8.0169740" lon="112.9448500">
    <ele>2122.8</ele>
   </trkpt>
   <trkpt lat="-8.0171540" lon="112.9448540">
    <ele>2121.6</ele>
   </trkpt>
   <trkpt lat="-8.0174060" lon="112.9448680">
    <ele>2120.8</ele>
   </trkpt>
   <trkpt lat="-8.0174360" lon="112.9448700">
    <ele>2120.6</ele>
   </trkpt>
   <trkpt lat="-8.0175610" lon="112.9448860">
    <ele>2119.0</ele>
   </trkpt>
   <trkpt lat="-8.0176290" lon="112.9448960">
    <ele>2118.2</ele>
   </trkpt>
   <trkpt lat="-8.0176640" lon="112.9449030">
    <ele>2118.0</ele>
   </trkpt>
   <trkpt lat="-8.0178040" lon="112.9449350">
    <ele>2116.8</ele>
   </trkpt>
   <trkpt lat="-8.0178360" lon="112.9449370">
    <ele>2116.8</ele>
   </trkpt>
   <trkpt lat="-8.0178910" lon="112.9449440">
    <ele>2115.8</ele>
   </trkpt>
   <trkpt lat="-8.0179510" lon="112.9449400">
    <ele>2114.8</ele>
   </trkpt>
   <trkpt lat="-8.0179660" lon="112.9449400">
    <ele>2114.6</ele>
   </trkpt>
   <trkpt lat="-8.0180550" lon="112.9448970">
    <ele>2114.6</ele>
   </trkpt>
   <trkpt lat="-8.0180590" lon="112.9448090">
    <ele>2114.4</ele>
   </trkpt>
   <trkpt lat="-8.0180150" lon="112.9447300">
    <ele>2114.4</ele>
   </trkpt>
   <trkpt lat="-8.0180030" lon="112.9446120">
    <ele>2115.4</ele>
   </trkpt>
   <trkpt lat="-8.0180340" lon="112.9445030">
    <ele>2115.8</ele>
   </trkpt>
   <trkpt lat="-8.0180410" lon="112.9444830">
    <ele>2116.0</ele>
   </trkpt>
   <trkpt lat="-8.0180530" lon="112.9444430">
    <ele>2117.0</ele>
   </trkpt>
   <trkpt lat="-8.0180970" lon="112.9443460">
    <ele>2117.6</ele>
   </trkpt>
   <trkpt lat="-8.0181400" lon="112.9443030">
    <ele>2118.0</ele>
   </trkpt>
   <trkpt lat="-8.0181980" lon="112.9442600">
    <ele>2119.2</ele>
   </trkpt>
   <trkpt lat="-8.0182170" lon="112.9442470">
    <ele>2119.2</ele>
   </trkpt>
   <trkpt lat="-8.0183290" lon="112.9441740">
    <ele>2120.4</ele>
   </trkpt>
   <trkpt lat="-8.0183690" lon="112.9441500">
    <ele>2121.0</ele>
   </trkpt>
   <trkpt lat="-8.0184110" lon="112.9441310">
    <ele>2121.4</ele>
   </trkpt>
   <trkpt lat="-8.0185140" lon="112.9440810">
    <ele>2122.2</ele>
   </trkpt>
   <trkpt lat="-8.0185780" lon="112.9440380">
    <ele>2122.8</ele>
   </trkpt>
   <trkpt lat="-8.0186140" lon="112.9440210">
    <ele>2122.6</ele>
   </trkpt>
   <trkpt lat="-8.0186520" lon="112.9440030">
    <ele>2123.2</ele>
   </trkpt>
   <trkpt lat="-8.0187000" lon="112.9439870">
    <ele>2123.8</ele>
   </trkpt>
   <trkpt lat="-8.0187390" lon="112.9439710">
    <ele>2125.2</ele>
   </trkpt>
   <trkpt lat="-8.0187630" lon="112.9439700">
    <ele>2125.6</ele>
   </trkpt>
   <trkpt lat="-8.0188050" lon="112.9439620">
    <ele>2126.2</ele>
   </trkpt>
   <trkpt lat="-8.0188280" lon="112.9439490">
    <ele>2126.2</ele>
   </trkpt>
   <trkpt lat="-8.0189380" lon="112.9439320">
    <ele>2127.2</ele>
   </trkpt>
   <trkpt lat="-8.0189900" lon="112.9439210">
    <ele>2127.4</ele>
   </trkpt>
   <trkpt lat="-8.0190220" lon="112.9438890">
    <ele>2127.8</ele>
   </trkpt>
   <trkpt lat="-8.0190730" lon="112.9438520">
    <ele>2127.2</ele>
   </trkpt>
   <trkpt lat="-8.0191050" lon="112.9438220">
    <ele>2127.0</ele>
   </trkpt>
   <trkpt lat="-8.0192450" lon="112.9437110">
    <ele>2126.8</ele>
   </trkpt>
   <trkpt lat="-8.0192950" lon="112.9436760">
    <ele>2126.2</ele>
   </trkpt>
   <trkpt lat="-8.0193690" lon="112.9436230">
    <ele>2125.8</ele>
   </trkpt>
   <trkpt lat="-8.0194360" lon="112.9435740">
    <ele>2125.0</ele>
   </trkpt>
   <trkpt lat="-8.0195380" lon="112.9435120">
    <ele>2124.2</ele>
   </trkpt>
   <trkpt lat="-8.0195780" lon="112.9434730">
    <ele>2124.0</ele>
   </trkpt>
   <trkpt lat="-8.0196010" lon="112.9434360">
    <ele>2124.0</ele>
   </trkpt>
   <trkpt lat="-8.0196120" lon="112.9433960">
    <ele>2124.0</ele>
   </trkpt>
   <trkpt lat="-8.0195810" lon="112.9433920">
    <ele>2124.2</ele>
   </trkpt>
   <trkpt lat="-8.0195490" lon="112.9434080">
    <ele>2124.0</ele>
   </trkpt>
   <trkpt lat="-8.0194930" lon="112.9434620">
    <ele>2124.6</ele>
   </trkpt>
   <trkpt lat="-8.0194740" lon="112.9434980">
    <ele>2125.0</ele>
   </trkpt>
   <trkpt lat="-8.0194640" lon="112.9435020">
    <ele>2125.2</ele>
   </trkpt>
   <trkpt lat="-8.0194550" lon="112.9435080">
    <ele>2125.2</ele>
   </trkpt>
   <trkpt lat="-8.0194460" lon="112.9435180">
    <ele>2125.4</ele>
   </trkpt>
   <trkpt lat="-8.0193910" lon="112.9436170">
    <ele>2125.6</ele>
   </trkpt>
   <trkpt lat="-8.0192640" lon="112.9437560">
    <ele>2125.6</ele>
   </trkpt>
   <trkpt lat="-8.0191570" lon="112.9438330">
    <ele>2126.0</ele>
   </trkpt>
   <trkpt lat="-8.0191340" lon="112.9438430">
    <ele>2126.2</ele>
   </trkpt>
   <trkpt lat="-8.0190200" lon="112.9438650">
    <ele>2127.2</ele>
   </trkpt>
   <trkpt lat="-8.0189960" lon="112.9438770">
    <ele>2127.2</ele>
   </trkpt>
   <trkpt lat="-8.0189370" lon="112.9438820">
    <ele>2126.8</ele>
   </trkpt>
   <trkpt lat="-8.0189530" lon="112.9438910">
    <ele>2127.0</ele>
   </trkpt>
   <trkpt lat="-8.0189610" lon="112.9438880">
    <ele>2127.0</ele>
   </trkpt>
   <trkpt lat="-8.0190180" lon="112.9438790">
    <ele>2128.2</ele>
   </trkpt>
   <trkpt lat="-8.0190290" lon="112.9438720">
    <ele>2128.4</ele>
   </trkpt>
   <trkpt lat="-8.0190570" lon="112.9438540">
    <ele>2129.2</ele>
   </trkpt>
   <trkpt lat="-8.0190810" lon="112.9438550">
    <ele>2129.6</ele>
   </trkpt>
   <trkpt lat="-8.0191170" lon="112.9438460">
    <ele>2129.8</ele>
   </trkpt>
   <trkpt lat="-8.0191430" lon="112.9438210">
    <ele>2129.8</ele>
   </trkpt>
   <trkpt lat="-8.0191680" lon="112.9437960">
    <ele>2130.2</ele>
   </trkpt>
   <trkpt lat="-8.0191760" lon="112.9437890">
    <ele>2130.4</ele>
   </trkpt>
   <trkpt lat="-8.0191990" lon="112.9437860">
    <ele>2131.0</ele>
   </trkpt>
   <trkpt lat="-8.0192180" lon="112.9437870">
    <ele>2131.6</ele>
   </trkpt>
   <trkpt lat="-8.0192570" lon="112.9437770">
    <ele>2132.6</ele>
   </trkpt>
   <trkpt lat="-8.0192730" lon="112.9437660">
    <ele>2132.8</ele>
   </trkpt>
   <trkpt lat="-8.0192890" lon="112.9437720">
    <ele>2133.2</ele>
   </trkpt>
   <trkpt lat="-8.0193030" lon="112.9437690">
    <ele>2132.8</ele>
   </trkpt>
   <trkpt lat="-8.0193070" lon="112.9437710">
    <ele>2132.4</ele>
   </trkpt>
   <trkpt lat="-8.0193040" lon="112.9437670">
    <ele>2132.6</ele>
   </trkpt>
   <trkpt lat="-8.0193030" lon="112.9437690">
    <ele>2132.6</ele>
   </trkpt>
   <trkpt lat="-8.0193250" lon="112.9437690">
    <ele>2132.4</ele>
   </trkpt>
   <trkpt lat="-8.0193660" lon="112.9437740">
    <ele>2132.4</ele>
   </trkpt>
   <trkpt lat="-8.0194240" lon="112.9437770">
    <ele>2134.0</ele>
   </trkpt>
   <trkpt lat="-8.0194550" lon="112.9437770">
    <ele>2134.8</ele>
   </trkpt>
   <trkpt lat="-8.0194750" lon="112.9437630">
    <ele>2135.0</ele>
   </trkpt>
   <trkpt lat="-8.0195020" lon="112.9437490">
    <ele>2136.0</ele>
   </trkpt>
   <trkpt lat="-8.0195070" lon="112.9437450">
    <ele>2136.2</ele>
   </trkpt>
   <trkpt lat="-8.0195270" lon="112.9436520">
    <ele>2137.0</ele>
   </trkpt>
   <trkpt lat="-8.0195410" lon="112.9436410">
    <ele>2137.4</ele>
   </trkpt>
   <trkpt lat="-8.0195470" lon="112.9436370">
    <ele>2137.4</ele>
   </trkpt>
   <trkpt lat="-8.0195770" lon="112.9436280">
    <ele>2138.6</ele>
   </trkpt>
   <trkpt lat="-8.0196050" lon="112.9436240">
    <ele>2140.0</ele>
   </trkpt>
   <trkpt lat="-8.0196490" lon="112.9435880">
    <ele>2141.2</ele>
   </trkpt>
   <trkpt lat="-8.0196780" lon="112.9435750">
    <ele>2142.6</ele>
   </trkpt>
   <trkpt lat="-8.0196980" lon="112.9435610">
    <ele>2143.0</ele>
   </trkpt>
   <trkpt lat="-8.0197410" lon="112.9435560">
    <ele>2143.6</ele>
   </trkpt>
   <trkpt lat="-8.0197810" lon="112.9435270">
    <ele>2144.2</ele>
   </trkpt>
   <trkpt lat="-8.0198240" lon="112.9434960">
    <ele>2144.6</ele>
   </trkpt>
   <trkpt lat="-8.0198560" lon="112.9434770">
    <ele>2145.4</ele>
   </trkpt>
   <trkpt lat="-8.0198720" lon="112.9434390">
    <ele>2146.0</ele>
   </trkpt>
   <trkpt lat="-8.0198870" lon="112.9433740">
    <ele>2146.0</ele>
   </trkpt>
   <trkpt lat="-8.0199090" lon="112.9433350">
    <ele>2146.4</ele>
   </trkpt>
   <trkpt lat="-8.0199530" lon="112.9433050">
    <ele>2147.4</ele>
   </trkpt>
   <trkpt lat="-8.0199820" lon="112.9432840">
    <ele>2147.8</ele>
   </trkpt>
   <trkpt lat="-8.0200450" lon="112.9432550">
    <ele>2148.6</ele>
   </trkpt>
   <trkpt lat="-8.0200670" lon="112.9432410">
    <ele>2148.6</ele>
   </trkpt>
   <trkpt lat="-8.0201070" lon="112.9432150">
    <ele>2149.6</ele>
   </trkpt>
   <trkpt lat="-8.0201340" lon="112.9432020">
    <ele>2150.0</ele>
   </trkpt>
   <trkpt lat="-8.0201490" lon="112.9431940">
    <ele>2150.0</ele>
   </trkpt>
   <trkpt lat="-8.0202010" lon="112.9431740">
    <ele>2150.6</ele>
   </trkpt>
   <trkpt lat="-8.0202240" lon="112.9431700">
    <ele>2150.8</ele>
   </trkpt>
   <trkpt lat="-8.0202330" lon="112.9431660">
    <ele>2151.0</ele>
   </trkpt>
   <trkpt lat="-8.0202430" lon="112.9431560">
    <ele>2151.2</ele>
   </trkpt>
   <trkpt lat="-8.0202880" lon="112.9431080">
    <ele>2151.6</ele>
   </trkpt>
   <trkpt lat="-8.0202990" lon="112.9430780">
    <ele>2151.8</ele>
   </trkpt>
   <trkpt lat="-8.0203070" lon="112.9430640">
    <ele>2152.0</ele>
   </trkpt>
   <trkpt lat="-8.0203530" lon="112.9430230">
    <ele>2152.2</ele>
   </trkpt>
   <trkpt lat="-8.0204130" lon="112.9429890">
    <ele>2153.0</ele>
   </trkpt>
   <trkpt lat="-8.0204720" lon="112.9429710">
    <ele>2153.2</ele>
   </trkpt>
   <trkpt lat="-8.0205090" lon="112.9429270">
    <ele>2154.2</ele>
   </trkpt>
   <trkpt lat="-8.0205320" lon="112.9428260">
    <ele>2154.8</ele>
   </trkpt>
   <trkpt lat="-8.0205490" lon="112.9428050">
    <ele>2155.4</ele>
   </trkpt>
   <trkpt lat="-8.0205940" lon="112.9427620">
    <ele>2156.0</ele>
   </trkpt>
   <trkpt lat="-8.0205920" lon="112.9427330">
    <ele>2156.2</ele>
   </trkpt>
   <trkpt lat="-8.0205930" lon="112.9427090">
    <ele>2156.4</ele>
   </trkpt>
   <trkpt lat="-8.0205930" lon="112.9426960">
    <ele>2156.8</ele>
   </trkpt>
   <trkpt lat="-8.0206000" lon="112.9426680">
    <ele>2157.4</ele>
   </trkpt>
   <trkpt lat="-8.0205930" lon="112.9426300">
    <ele>2157.4</ele>
   </trkpt>
   <trkpt lat="-8.0205970" lon="112.9426160">
    <ele>2157.6</ele>
   </trkpt>
   <trkpt lat="-8.0206180" lon="112.9425610">
    <ele>2158.0</ele>
   </trkpt>
   <trkpt lat="-8.0206320" lon="112.9425200">
    <ele>2158.8</ele>
   </trkpt>
   <trkpt lat="-8.0206340" lon="112.9424560">
    <ele>2159.8</ele>
   </trkpt>
   <trkpt lat="-8.0206380" lon="112.9424400">
    <ele>2159.8</ele>
   </trkpt>
   <trkpt lat="-8.0206640" lon="112.9423830">
    <ele>2161.0</ele>
   </trkpt>
   <trkpt lat="-8.0206700" lon="112.9423730">
    <ele>2161.4</ele>
   </trkpt>
   <trkpt lat="-8.0206990" lon="112.9423460">
    <ele>2162.2</ele>
   </trkpt>
   <trkpt lat="-8.0207220" lon="112.9423190">
    <ele>2162.8</ele>
   </trkpt>
   <trkpt lat="-8.0207330" lon="112.9423140">
    <ele>2163.2</ele>
   </trkpt>
   <trkpt lat="-8.0207510" lon="112.9422870">
    <ele>2164.2</ele>
   </trkpt>
   <trkpt lat="-8.0207610" lon="112.9422800">
    <ele>2164.6</ele>
   </trkpt>
   <trkpt lat="-8.0208000" lon="112.9422660">
    <ele>2165.4</ele>
   </trkpt>
   <trkpt lat="-8.0208090" lon="112.9422580">
    <ele>2165.6</ele>
   </trkpt>
   <trkpt lat="-8.0208730" lon="112.9422520">
    <ele>2166.6</ele>
   </trkpt>
   <trkpt lat="-8.0208880" lon="112.9422510">
    <ele>2166.8</ele>
   </trkpt>
   <trkpt lat="-8.0209210" lon="112.9422470">
    <ele>2167.6</ele>
   </trkpt>
   <trkpt lat="-8.0209310" lon="112.9422470">
    <ele>2167.8</ele>
   </trkpt>
   <trkpt lat="-8.0209520" lon="112.9422490">
    <ele>2168.0</ele>
   </trkpt>
   <trkpt lat="-8.0209750" lon="112.9422220">
    <ele>2169.2</ele>
   </trkpt>
   <trkpt lat="-8.0209920" lon="112.9422250">
    <ele>2170.0</ele>
   </trkpt>
   <trkpt lat="-8.0210210" lon="112.9422260">
    <ele>2170.4</ele>
   </trkpt>
   <trkpt lat="-8.0210310" lon="112.9422290">
    <ele>2171.0</ele>
   </trkpt>
   <trkpt lat="-8.0210660" lon="112.9422520">
    <ele>2171.4</ele>
   </trkpt>
   <trkpt lat="-8.0211370" lon="112.9423240">
    <ele>2171.2</ele>
   </trkpt>
   <trkpt lat="-8.0212370" lon="112.9423770">
    <ele>2171.6</ele>
   </trkpt>
   <trkpt lat="-8.0212620" lon="112.9423910">
    <ele>2171.6</ele>
   </trkpt>
   <trkpt lat="-8.0214230" lon="112.9424610">
    <ele>2170.4</ele>
   </trkpt>
   <trkpt lat="-8.0214850" lon="112.9424720">
    <ele>2170.6</ele>
   </trkpt>
   <trkpt lat="-8.0215430" lon="112.9425080">
    <ele>2170.2</ele>
   </trkpt>
   <trkpt lat="-8.0215670" lon="112.9425400">
    <ele>2168.8</ele>
   </trkpt>
   <trkpt lat="-8.0215910" lon="112.9425730">
    <ele>2167.6</ele>
   </trkpt>
   <trkpt lat="-8.0216080" lon="112.9426410">
    <ele>2166.4</ele>
   </trkpt>
   <trkpt lat="-8.0215730" lon="112.9427850">
    <ele>2165.6</ele>
   </trkpt>
   <trkpt lat="-8.0215690" lon="112.9428090">
    <ele>2165.4</ele>
   </trkpt>
   <trkpt lat="-8.0215700" lon="112.9429100">
    <ele>2165.4</ele>
   </trkpt>
   <trkpt lat="-8.0215880" lon="112.9431130">
    <ele>2164.8</ele>
   </trkpt>
   <trkpt lat="-8.0215130" lon="112.9432430">
    <ele>2165.4</ele>
   </trkpt>
   <trkpt lat="-8.0214070" lon="112.9434210">
    <ele>2165.4</ele>
   </trkpt>
   <trkpt lat="-8.0213300" lon="112.9435610">
    <ele>2165.4</ele>
   </trkpt>
   <trkpt lat="-8.0212490" lon="112.9437170">
    <ele>2164.8</ele>
   </trkpt>
   <trkpt lat="-8.0212370" lon="112.9437460">
    <ele>2164.4</ele>
   </trkpt>
   <trkpt lat="-8.0212440" lon="112.9438590">
    <ele>2163.8</ele>
   </trkpt>
   <trkpt lat="-8.0212860" lon="112.9439070">
    <ele>2163.8</ele>
   </trkpt>
   <trkpt lat="-8.0213220" lon="112.9439180">
    <ele>2163.8</ele>
   </trkpt>
   <trkpt lat="-8.0213930" lon="112.9439200">
    <ele>2163.8</ele>
   </trkpt>
   <trkpt lat="-8.0214100" lon="112.9439090">
    <ele>2163.8</ele>
   </trkpt>
   <trkpt lat="-8.0214360" lon="112.9439040">
    <ele>2163.8</ele>
   </trkpt>
   <trkpt lat="-8.0214970" lon="112.9438800">
    <ele>2164.0</ele>
   </trkpt>
   <trkpt lat="-8.0216110" lon="112.9438430">
    <ele>2164.4</ele>
   </trkpt>
   <trkpt lat="-8.0216680" lon="112.9438310">
    <ele>2165.2</ele>
   </trkpt>
   <trkpt lat="-8.0216730" lon="112.9438420">
    <ele>2165.4</ele>
   </trkpt>
   <trkpt lat="-8.0216710" lon="112.9438600">
    <ele>2165.6</ele>
   </trkpt>
   <trkpt lat="-8.0216580" lon="112.9438820">
    <ele>2165.6</ele>
   </trkpt>
   <trkpt lat="-8.0216300" lon="112.9439270">
    <ele>2165.6</ele>
   </trkpt>
   <trkpt lat="-8.0215870" lon="112.9440000">
    <ele>2166.2</ele>
   </trkpt>
   <trkpt lat="-8.0215860" lon="112.9440240">
    <ele>2166.4</ele>
   </trkpt>
   <trkpt lat="-8.0215850" lon="112.9440460">
    <ele>2166.6</ele>
   </trkpt>
   <trkpt lat="-8.0215770" lon="112.9441530">
    <ele>2167.2</ele>
   </trkpt>
   <trkpt lat="-8.0215780" lon="112.9442150">
    <ele>2167.6</ele>
   </trkpt>
   <trkpt lat="-8.0216080" lon="112.9442910">
    <ele>2168.4</ele>
   </trkpt>
   <trkpt lat="-8.0216220" lon="112.9443060">
    <ele>2168.6</ele>
   </trkpt>
   <trkpt lat="-8.0216850" lon="112.9443340">
    <ele>2169.0</ele>
   </trkpt>
   <trkpt lat="-8.0217090" lon="112.9443430">
    <ele>2169.6</ele>
   </trkpt>
   <trkpt lat="-8.0217200" lon="112.9443460">
    <ele>2169.8</ele>
   </trkpt>
   <trkpt lat="-8.0217840" lon="112.9443650">
    <ele>2170.6</ele>
   </trkpt>
   <trkpt lat="-8.0218520" lon="112.9444090">
    <ele>2170.8</ele>
   </trkpt>
   <trkpt lat="-8.0218900" lon="112.9444230">
    <ele>2171.0</ele>
   </trkpt>
   <trkpt lat="-8.0219530" lon="112.9444290">
    <ele>2172.0</ele>
   </trkpt>
   <trkpt lat="-8.0219570" lon="112.9444390">
    <ele>2172.4</ele>
   </trkpt>
   <trkpt lat="-8.0219490" lon="112.9444540">
    <ele>2173.0</ele>
   </trkpt>
   <trkpt lat="-8.0219390" lon="112.9444780">
    <ele>2173.0</ele>
   </trkpt>
   <trkpt lat="-8.0219330" lon="112.9444900">
    <ele>2173.2</ele>
   </trkpt>
   <trkpt lat="-8.0218970" lon="112.9445290">
    <ele>2174.0</ele>
   </trkpt>
   <trkpt lat="-8.0218850" lon="112.9445480">
    <ele>2174.2</ele>
   </trkpt>
   <trkpt lat="-8.0218330" lon="112.9446030">
    <ele>2174.4</ele>
   </trkpt>
   <trkpt lat="-8.0217930" lon="112.9446810">
    <ele>2174.8</ele>
   </trkpt>
   <trkpt lat="-8.0217960" lon="112.9446930">
    <ele>2175.0</ele>
   </trkpt>
   <trkpt lat="-8.0217980" lon="112.9447150">
    <ele>2175.4</ele>
   </trkpt>
   <trkpt lat="-8.0217980" lon="112.9447390">
    <ele>2175.6</ele>
   </trkpt>
   <trkpt lat="-8.0218070" lon="112.9447710">
    <ele>2175.6</ele>
   </trkpt>
   <trkpt lat="-8.0217840" lon="112.9448460">
    <ele>2176.2</ele>
   </trkpt>
   <trkpt lat="-8.0217870" lon="112.9448520">
    <ele>2176.4</ele>
   </trkpt>
   <trkpt lat="-8.0217870" lon="112.9448740">
    <ele>2176.4</ele>
   </trkpt>
   <trkpt lat="-8.0218010" lon="112.9449270">
    <ele>2176.8</ele>
   </trkpt>
   <trkpt lat="-8.0218730" lon="112.9450050">
    <ele>2177.2</ele>
   </trkpt>
   <trkpt lat="-8.0218830" lon="112.9450100">
    <ele>2177.4</ele>
   </trkpt>
   <trkpt lat="-8.0219090" lon="112.9450090">
    <ele>2177.6</ele>
   </trkpt>
   <trkpt lat="-8.0219500" lon="112.9449840">
    <ele>2178.0</ele>
   </trkpt>
   <trkpt lat="-8.0219730" lon="112.9449750">
    <ele>2178.0</ele>
   </trkpt>
   <trkpt lat="-8.0220120" lon="112.9449470">
    <ele>2178.6</ele>
   </trkpt>
   <trkpt lat="-8.0220320" lon="112.9449340">
    <ele>2178.8</ele>
   </trkpt>
   <trkpt lat="-8.0221350" lon="112.9449230">
    <ele>2179.0</ele>
   </trkpt>
   <trkpt lat="-8.0221890" lon="112.9449240">
    <ele>2179.8</ele>
   </trkpt>
   <trkpt lat="-8.0222440" lon="112.9449380">
    <ele>2180.4</ele>
   </trkpt>
   <trkpt lat="-8.0222800" lon="112.9449520">
    <ele>2181.0</ele>
   </trkpt>
   <trkpt lat="-8.0223020" lon="112.9449630">
    <ele>2181.4</ele>
   </trkpt>
   <trkpt lat="-8.0223250" lon="112.9449700">
    <ele>2181.8</ele>
   </trkpt>
   <trkpt lat="-8.0223380" lon="112.9449670">
    <ele>2182.0</ele>
   </trkpt>
   <trkpt lat="-8.0223970" lon="112.9449590">
    <ele>2182.6</ele>
   </trkpt>
   <trkpt lat="-8.0224270" lon="112.9449430">
    <ele>2183.0</ele>
   </trkpt>
   <trkpt lat="-8.0224420" lon="112.9449330">
    <ele>2183.2</ele>
   </trkpt>
   <trkpt lat="-8.0225530" lon="112.9449250">
    <ele>2184.0</ele>
   </trkpt>
   <trkpt lat="-8.0225660" lon="112.9449220">
    <ele>2184.2</ele>
   </trkpt>
   <trkpt lat="-8.0226550" lon="112.9448750">
    <ele>2185.0</ele>
   </trkpt>
   <trkpt lat="-8.0227190" lon="112.9447820">
    <ele>2185.0</ele>
   </trkpt>
   <trkpt lat="-8.0227200" lon="112.9447660">
    <ele>2185.0</ele>
   </trkpt>
   <trkpt lat="-8.0227630" lon="112.9446410">
    <ele>2186.0</ele>
   </trkpt>
   <trkpt lat="-8.0227710" lon="112.9446280">
    <ele>2186.2</ele>
   </trkpt>
   <trkpt lat="-8.0228240" lon="112.9445550">
    <ele>2187.2</ele>
   </trkpt>
   <trkpt lat="-8.0228270" lon="112.9445430">
    <ele>2187.4</ele>
   </trkpt>
   <trkpt lat="-8.0228600" lon="112.9444970">
    <ele>2187.8</ele>
   </trkpt>
   <trkpt lat="-8.0228750" lon="112.9444620">
    <ele>2188.4</ele>
   </trkpt>
   <trkpt lat="-8.0228850" lon="112.9443950">
    <ele>2189.2</ele>
   </trkpt>
   <trkpt lat="-8.0229180" lon="112.9442980">
    <ele>2189.2</ele>
   </trkpt>
   <trkpt lat="-8.0229400" lon="112.9442510">
    <ele>2189.6</ele>
   </trkpt>
   <trkpt lat="-8.0229610" lon="112.9441980">
    <ele>2190.8</ele>
   </trkpt>
   <trkpt lat="-8.0229670" lon="112.9441860">
    <ele>2191.0</ele>
   </trkpt>
   <trkpt lat="-8.0230080" lon="112.9441090">
    <ele>2191.8</ele>
   </trkpt>
   <trkpt lat="-8.0230140" lon="112.9440800">
    <ele>2192.4</ele>
   </trkpt>
   <trkpt lat="-8.0230090" lon="112.9440550">
    <ele>2192.8</ele>
   </trkpt>
   <trkpt lat="-8.0230110" lon="112.9439710">
    <ele>2193.4</ele>
   </trkpt>
   <trkpt lat="-8.0230090" lon="112.9438970">
    <ele>2193.6</ele>
   </trkpt>
   <trkpt lat="-8.0230040" lon="112.9438650">
    <ele>2194.0</ele>
   </trkpt>
   <trkpt lat="-8.0229750" lon="112.9437840">
    <ele>2195.0</ele>
   </trkpt>
   <trkpt lat="-8.0229920" lon="112.9437310">
    <ele>2195.6</ele>
   </trkpt>
   <trkpt lat="-8.0230210" lon="112.9437140">
    <ele>2195.8</ele>
   </trkpt>
   <trkpt lat="-8.0230540" lon="112.9437160">
    <ele>2196.0</ele>
   </trkpt>
   <trkpt lat="-8.0230870" lon="112.9437200">
    <ele>2196.0</ele>
   </trkpt>
   <trkpt lat="-8.0230980" lon="112.9437210">
    <ele>2196.0</ele>
   </trkpt>
   <trkpt lat="-8.0231690" lon="112.9437400">
    <ele>2196.6</ele>
   </trkpt>
   <trkpt lat="-8.0232630" lon="112.9436840">
    <ele>2196.8</ele>
   </trkpt>
   <trkpt lat="-8.0232840" lon="112.9436520">
    <ele>2197.2</ele>
   </trkpt>
   <trkpt lat="-8.0233030" lon="112.9436360">
    <ele>2197.4</ele>
   </trkpt>
   <trkpt lat="-8.0233470" lon="112.9436290">
    <ele>2198.2</ele>
   </trkpt>
   <trkpt lat="-8.0233700" lon="112.9436250">
    <ele>2198.4</ele>
   </trkpt>
   <trkpt lat="-8.0233940" lon="112.9436230">
    <ele>2198.4</ele>
   </trkpt>
   <trkpt lat="-8.0234250" lon="112.9436440">
    <ele>2198.8</ele>
   </trkpt>
   <trkpt lat="-8.0234360" lon="112.9436560">
    <ele>2199.0</ele>
   </trkpt>
   <trkpt lat="-8.0235190" lon="112.9437380">
    <ele>2199.2</ele>
   </trkpt>
   <trkpt lat="-8.0235360" lon="112.9437530">
    <ele>2199.4</ele>
   </trkpt>
   <trkpt lat="-8.0235700" lon="112.9437620">
    <ele>2199.8</ele>
   </trkpt>
   <trkpt lat="-8.0235840" lon="112.9437610">
    <ele>2200.0</ele>
   </trkpt>
   <trkpt lat="-8.0236090" lon="112.9437340">
    <ele>2200.8</ele>
   </trkpt>
   <trkpt lat="-8.0236130" lon="112.9437160">
    <ele>2201.2</ele>
   </trkpt>
   <trkpt lat="-8.0236050" lon="112.9436810">
    <ele>2201.8</ele>
   </trkpt>
   <trkpt lat="-8.0235910" lon="112.9436140">
    <ele>2202.2</ele>
   </trkpt>
   <trkpt lat="-8.0235960" lon="112.9435620">
    <ele>2202.8</ele>
   </trkpt>
   <trkpt lat="-8.0235760" lon="112.9434920">
    <ele>2203.4</ele>
   </trkpt>
   <trkpt lat="-8.0235200" lon="112.9433360">
    <ele>2203.8</ele>
   </trkpt>
   <trkpt lat="-8.0235180" lon="112.9433210">
    <ele>2204.4</ele>
   </trkpt>
   <trkpt lat="-8.0235130" lon="112.9432590">
    <ele>2205.4</ele>
   </trkpt>
   <trkpt lat="-8.0235090" lon="112.9432240">
    <ele>2205.4</ele>
   </trkpt>
   <trkpt lat="-8.0235160" lon="112.9432010">
    <ele>2205.8</ele>
   </trkpt>
   <trkpt lat="-8.0235580" lon="112.9431610">
    <ele>2207.0</ele>
   </trkpt>
   <trkpt lat="-8.0235630" lon="112.9431470">
    <ele>2207.2</ele>
   </trkpt>
   <trkpt lat="-8.0235490" lon="112.9430980">
    <ele>2207.2</ele>
   </trkpt>
   <trkpt lat="-8.0235480" lon="112.9430000">
    <ele>2207.8</ele>
   </trkpt>
   <trkpt lat="-8.0235550" lon="112.9429210">
    <ele>2208.0</ele>
   </trkpt>
   <trkpt lat="-8.0235540" lon="112.9429100">
    <ele>2208.2</ele>
   </trkpt>
   <trkpt lat="-8.0235520" lon="112.9428500">
    <ele>2209.2</ele>
   </trkpt>
   <trkpt lat="-8.0235520" lon="112.9428390">
    <ele>2209.4</ele>
   </trkpt>
   <trkpt lat="-8.0235800" lon="112.9427190">
    <ele>2210.2</ele>
   </trkpt>
   <trkpt lat="-8.0235900" lon="112.9426170">
    <ele>2211.2</ele>
   </trkpt>
   <trkpt lat="-8.0235890" lon="112.9425950">
    <ele>2211.4</ele>
   </trkpt>
   <trkpt lat="-8.0235850" lon="112.9425490">
    <ele>2212.0</ele>
   </trkpt>
   <trkpt lat="-8.0235890" lon="112.9425030">
    <ele>2212.6</ele>
   </trkpt>
   <trkpt lat="-8.0235900" lon="112.9423990">
    <ele>2213.6</ele>
   </trkpt>
   <trkpt lat="-8.0235850" lon="112.9423770">
    <ele>2214.2</ele>
   </trkpt>
   <trkpt lat="-8.0235870" lon="112.9423050">
    <ele>2214.8</ele>
   </trkpt>
   <trkpt lat="-8.0235880" lon="112.9422330">
    <ele>2215.6</ele>
   </trkpt>
   <trkpt lat="-8.0235700" lon="112.9422200">
    <ele>2215.8</ele>
   </trkpt>
   <trkpt lat="-8.0235550" lon="112.9422100">
    <ele>2216.0</ele>
   </trkpt>
   <trkpt lat="-8.0235200" lon="112.9421170">
    <ele>2216.4</ele>
   </trkpt>
   <trkpt lat="-8.0235100" lon="112.9420990">
    <ele>2216.6</ele>
   </trkpt>
   <trkpt lat="-8.0235590" lon="112.9420400">
    <ele>2216.8</ele>
   </trkpt>
   <trkpt lat="-8.0235770" lon="112.9420220">
    <ele>2217.0</ele>
   </trkpt>
   <trkpt lat="-8.0236440" lon="112.9419230">
    <ele>2218.0</ele>
   </trkpt>
   <trkpt lat="-8.0236720" lon="112.9418930">
    <ele>2218.6</ele>
   </trkpt>
   <trkpt lat="-8.0236740" lon="112.9418520">
    <ele>2219.0</ele>
   </trkpt>
   <trkpt lat="-8.0236740" lon="112.9418250">
    <ele>2219.4</ele>
   </trkpt>
   <trkpt lat="-8.0237070" lon="112.9417550">
    <ele>2219.6</ele>
   </trkpt>
   <trkpt lat="-8.0237070" lon="112.9417430">
    <ele>2220.0</ele>
   </trkpt>
   <trkpt lat="-8.0237030" lon="112.9417320">
    <ele>2220.2</ele>
   </trkpt>
   <trkpt lat="-8.0236940" lon="112.9416900">
    <ele>2220.4</ele>
   </trkpt>
   <trkpt lat="-8.0236920" lon="112.9416560">
    <ele>2221.2</ele>
   </trkpt>
   <trkpt lat="-8.0236520" lon="112.9415870">
    <ele>2222.2</ele>
   </trkpt>
   <trkpt lat="-8.0236790" lon="112.9415310">
    <ele>2222.4</ele>
   </trkpt>
   <trkpt lat="-8.0236880" lon="112.9414560">
    <ele>2222.4</ele>
   </trkpt>
   <trkpt lat="-8.0237120" lon="112.9414210">
    <ele>2223.4</ele>
   </trkpt>
   <trkpt lat="-8.0237370" lon="112.9413620">
    <ele>2224.6</ele>
   </trkpt>
   <trkpt lat="-8.0237440" lon="112.9413500">
    <ele>2224.8</ele>
   </trkpt>
   <trkpt lat="-8.0237700" lon="112.9413010">
    <ele>2225.6</ele>
   </trkpt>
   <trkpt lat="-8.0237870" lon="112.9412730">
    <ele>2226.0</ele>
   </trkpt>
   <trkpt lat="-8.0238060" lon="112.9412080">
    <ele>2226.0</ele>
   </trkpt>
   <trkpt lat="-8.0237900" lon="112.9411450">
    <ele>2226.8</ele>
   </trkpt>
   <trkpt lat="-8.0237960" lon="112.9411150">
    <ele>2227.2</ele>
   </trkpt>
   <trkpt lat="-8.0237950" lon="112.9410310">
    <ele>2228.0</ele>
   </trkpt>
   <trkpt lat="-8.0238080" lon="112.9409860">
    <ele>2228.2</ele>
   </trkpt>
   <trkpt lat="-8.0238110" lon="112.9409450">
    <ele>2229.0</ele>
   </trkpt>
   <trkpt lat="-8.0238040" lon="112.9409320">
    <ele>2229.0</ele>
   </trkpt>
   <trkpt lat="-8.0238000" lon="112.9409100">
    <ele>2229.2</ele>
   </trkpt>
   <trkpt lat="-8.0237940" lon="112.9408800">
    <ele>2229.4</ele>
   </trkpt>
   <trkpt lat="-8.0237850" lon="112.9408590">
    <ele>2229.6</ele>
   </trkpt>
   <trkpt lat="-8.0237910" lon="112.9408430">
    <ele>2229.6</ele>
   </trkpt>
   <trkpt lat="-8.0238320" lon="112.9407860">
    <ele>2230.0</ele>
   </trkpt>
   <trkpt lat="-8.0238290" lon="112.9407670">
    <ele>2230.2</ele>
   </trkpt>
   <trkpt lat="-8.0238760" lon="112.9407000">
    <ele>2230.8</ele>
   </trkpt>
   <trkpt lat="-8.0238880" lon="112.9406890">
    <ele>2230.8</ele>
   </trkpt>
   <trkpt lat="-8.0239250" lon="112.9406120">
    <ele>2231.2</ele>
   </trkpt>
   <trkpt lat="-8.0239190" lon="112.9405960">
    <ele>2231.4</ele>
   </trkpt>
   <trkpt lat="-8.0239320" lon="112.9404740">
    <ele>2232.2</ele>
   </trkpt>
   <trkpt lat="-8.0239370" lon="112.9404560">
    <ele>2232.4</ele>
   </trkpt>
   <trkpt lat="-8.0239370" lon="112.9404260">
    <ele>2232.8</ele>
   </trkpt>
   <trkpt lat="-8.0239390" lon="112.9403860">
    <ele>2233.0</ele>
   </trkpt>
   <trkpt lat="-8.0239480" lon="112.9403720">
    <ele>2233.0</ele>
   </trkpt>
   <trkpt lat="-8.0239480" lon="112.9403480">
    <ele>2233.2</ele>
   </trkpt>
   <trkpt lat="-8.0239480" lon="112.9403270">
    <ele>2233.6</ele>
   </trkpt>
   <trkpt lat="-8.0239840" lon="112.9402380">
    <ele>2234.6</ele>
   </trkpt>
   <trkpt lat="-8.0240100" lon="112.9402030">
    <ele>2234.8</ele>
   </trkpt>
   <trkpt lat="-8.0240060" lon="112.9401520">
    <ele>2235.8</ele>
   </trkpt>
   <trkpt lat="-8.0240060" lon="112.9401100">
    <ele>2236.6</ele>
   </trkpt>
   <trkpt lat="-8.0240070" lon="112.9400530">
    <ele>2236.8</ele>
   </trkpt>
   <trkpt lat="-8.0240170" lon="112.9400380">
    <ele>2236.8</ele>
   </trkpt>
   <trkpt lat="-8.0240140" lon="112.9400090">
    <ele>2237.2</ele>
   </trkpt>
   <trkpt lat="-8.0240270" lon="112.9399530">
    <ele>2237.4</ele>
   </trkpt>
   <trkpt lat="-8.0240400" lon="112.9398820">
    <ele>2238.0</ele>
   </trkpt>
   <trkpt lat="-8.0240440" lon="112.9398450">
    <ele>2239.0</ele>
   </trkpt>
   <trkpt lat="-8.0240460" lon="112.9398300">
    <ele>2239.2</ele>
   </trkpt>
   <trkpt lat="-8.0240370" lon="112.9397730">
    <ele>2239.6</ele>
   </trkpt>
   <trkpt lat="-8.0240270" lon="112.9397500">
    <ele>2240.2</ele>
   </trkpt>
   <trkpt lat="-8.0240210" lon="112.9397420">
    <ele>2240.2</ele>
   </trkpt>
   <trkpt lat="-8.0240250" lon="112.9397290">
    <ele>2240.4</ele>
   </trkpt>
   <trkpt lat="-8.0240660" lon="112.9396560">
    <ele>2241.2</ele>
   </trkpt>
   <trkpt lat="-8.0240740" lon="112.9396390">
    <ele>2241.6</ele>
   </trkpt>
   <trkpt lat="-8.0241210" lon="112.9395550">
    <ele>2242.0</ele>
   </trkpt>
   <trkpt lat="-8.0241210" lon="112.9395250">
    <ele>2242.4</ele>
   </trkpt>
   <trkpt lat="-8.0241060" lon="112.9394880">
    <ele>2243.0</ele>
   </trkpt>
   <trkpt lat="-8.0241010" lon="112.9394310">
    <ele>2243.6</ele>
   </trkpt>
   <trkpt lat="-8.0240970" lon="112.9394170">
    <ele>2243.6</ele>
   </trkpt>
   <trkpt lat="-8.0241140" lon="112.9393400">
    <ele>2244.4</ele>
   </trkpt>
   <trkpt lat="-8.0241370" lon="112.9393000">
    <ele>2244.6</ele>
   </trkpt>
   <trkpt lat="-8.0241610" lon="112.9392440">
    <ele>2245.2</ele>
   </trkpt>
   <trkpt lat="-8.0241540" lon="112.9391710">
    <ele>2245.4</ele>
   </trkpt>
   <trkpt lat="-8.0241470" lon="112.9390700">
    <ele>2245.6</ele>
   </trkpt>
   <trkpt lat="-8.0241490" lon="112.9390570">
    <ele>2245.6</ele>
   </trkpt>
   <trkpt lat="-8.0241570" lon="112.9390000">
    <ele>2246.2</ele>
   </trkpt>
   <trkpt lat="-8.0241630" lon="112.9389870">
    <ele>2246.4</ele>
   </trkpt>
   <trkpt lat="-8.0241770" lon="112.9389310">
    <ele>2246.8</ele>
   </trkpt>
   <trkpt lat="-8.0241700" lon="112.9389020">
    <ele>2247.2</ele>
   </trkpt>
   <trkpt lat="-8.0241870" lon="112.9388730">
    <ele>2247.8</ele>
   </trkpt>
   <trkpt lat="-8.0242460" lon="112.9387930">
    <ele>2248.8</ele>
   </trkpt>
   <trkpt lat="-8.0242720" lon="112.9387070">
    <ele>2249.4</ele>
   </trkpt>
   <trkpt lat="-8.0242730" lon="112.9386950">
    <ele>2249.4</ele>
   </trkpt>
   <trkpt lat="-8.0242830" lon="112.9386240">
    <ele>2250.0</ele>
   </trkpt>
   <trkpt lat="-8.0242900" lon="112.9385900">
    <ele>2250.4</ele>
   </trkpt>
   <trkpt lat="-8.0243140" lon="112.9385440">
    <ele>2251.0</ele>
   </trkpt>
   <trkpt lat="-8.0243360" lon="112.9384990">
    <ele>2251.8</ele>
   </trkpt>
   <trkpt lat="-8.0243440" lon="112.9384840">
    <ele>2252.2</ele>
   </trkpt>
   <trkpt lat="-8.0243560" lon="112.9384310">
    <ele>2252.8</ele>
   </trkpt>
   <trkpt lat="-8.0243650" lon="112.9384010">
    <ele>2252.8</ele>
   </trkpt>
   <trkpt lat="-8.0243780" lon="112.9383630">
    <ele>2253.0</ele>
   </trkpt>
   <trkpt lat="-8.0243730" lon="112.9383380">
    <ele>2253.2</ele>
   </trkpt>
   <trkpt lat="-8.0243750" lon="112.9383130">
    <ele>2253.6</ele>
   </trkpt>
   <trkpt lat="-8.0243670" lon="112.9382750">
    <ele>2254.2</ele>
   </trkpt>
   <trkpt lat="-8.0243670" lon="112.9382630">
    <ele>2254.4</ele>
   </trkpt>
   <trkpt lat="-8.0243650" lon="112.9382400">
    <ele>2254.8</ele>
   </trkpt>
   <trkpt lat="-8.0243670" lon="112.9382140">
    <ele>2255.4</ele>
   </trkpt>
   <trkpt lat="-8.0243890" lon="112.9381830">
    <ele>2255.6</ele>
   </trkpt>
   <trkpt lat="-8.0243900" lon="112.9381690">
    <ele>2255.8</ele>
   </trkpt>
   <trkpt lat="-8.0244330" lon="112.9380960">
    <ele>2256.4</ele>
   </trkpt>
   <trkpt lat="-8.0244400" lon="112.9380790">
    <ele>2256.4</ele>
   </trkpt>
   <trkpt lat="-8.0244850" lon="112.9379830">
    <ele>2257.0</ele>
   </trkpt>
   <trkpt lat="-8.0244850" lon="112.9379180">
    <ele>2257.4</ele>
   </trkpt>
   <trkpt lat="-8.0244810" lon="112.9378790">
    <ele>2258.0</ele>
   </trkpt>
   <trkpt lat="-8.0244860" lon="112.9378640">
    <ele>2258.2</ele>
   </trkpt>
   <trkpt lat="-8.0245150" lon="112.9378300">
    <ele>2258.4</ele>
   </trkpt>
   <trkpt lat="-8.0245250" lon="112.9378210">
    <ele>2258.6</ele>
   </trkpt>
   <trkpt lat="-8.0245450" lon="112.9377280">
    <ele>2259.6</ele>
   </trkpt>
   <trkpt lat="-8.0245390" lon="112.9376630">
    <ele>2260.2</ele>
   </trkpt>
   <trkpt lat="-8.0245370" lon="112.9376310">
    <ele>2260.8</ele>
   </trkpt>
   <trkpt lat="-8.0245230" lon="112.9375710">
    <ele>2261.4</ele>
   </trkpt>
   <trkpt lat="-8.0245110" lon="112.9375000">
    <ele>2261.8</ele>
   </trkpt>
   <trkpt lat="-8.0245430" lon="112.9374820">
    <ele>2262.0</ele>
   </trkpt>
   <trkpt lat="-8.0245770" lon="112.9374000">
    <ele>2263.0</ele>
   </trkpt>
   <trkpt lat="-8.0245850" lon="112.9373630">
    <ele>2263.8</ele>
   </trkpt>
   <trkpt lat="-8.0245910" lon="112.9373470">
    <ele>2264.0</ele>
   </trkpt>
   <trkpt lat="-8.0246540" lon="112.9372250">
    <ele>2264.4</ele>
   </trkpt>
   <trkpt lat="-8.0246910" lon="112.9371340">
    <ele>2265.2</ele>
   </trkpt>
   <trkpt lat="-8.0246930" lon="112.9370520">
    <ele>2266.2</ele>
   </trkpt>
   <trkpt lat="-8.0246880" lon="112.9370330">
    <ele>2266.4</ele>
   </trkpt>
   <trkpt lat="-8.0246700" lon="112.9369270">
    <ele>2267.2</ele>
   </trkpt>
   <trkpt lat="-8.0246710" lon="112.9369140">
    <ele>2267.6</ele>
   </trkpt>
   <trkpt lat="-8.0247060" lon="112.9368480">
    <ele>2268.6</ele>
   </trkpt>
   <trkpt lat="-8.0247080" lon="112.9368340">
    <ele>2269.0</ele>
   </trkpt>
   <trkpt lat="-8.0247250" lon="112.9368000">
    <ele>2269.6</ele>
   </trkpt>
   <trkpt lat="-8.0247540" lon="112.9367520">
    <ele>2270.2</ele>
   </trkpt>
   <trkpt lat="-8.0247690" lon="112.9367180">
    <ele>2270.6</ele>
   </trkpt>
   <trkpt lat="-8.0247700" lon="112.9367060">
    <ele>2270.6</ele>
   </trkpt>
   <trkpt lat="-8.0247960" lon="112.9366820">
    <ele>2271.2</ele>
   </trkpt>
   <trkpt lat="-8.0248110" lon="112.9366440">
    <ele>2271.6</ele>
   </trkpt>
   <trkpt lat="-8.0248310" lon="112.9366120">
    <ele>2272.0</ele>
   </trkpt>
   <trkpt lat="-8.0248270" lon="112.9365840">
    <ele>2272.2</ele>
   </trkpt>
   <trkpt lat="-8.0248230" lon="112.9365590">
    <ele>2273.0</ele>
   </trkpt>
   <trkpt lat="-8.0248330" lon="112.9364980">
    <ele>2273.6</ele>
   </trkpt>
   <trkpt lat="-8.0248380" lon="112.9364240">
    <ele>2274.0</ele>
   </trkpt>
   <trkpt lat="-8.0248410" lon="112.9363940">
    <ele>2274.4</ele>
   </trkpt>
   <trkpt lat="-8.0248410" lon="112.9363610">
    <ele>2274.8</ele>
   </trkpt>
   <trkpt lat="-8.0248420" lon="112.9363460">
    <ele>2275.0</ele>
   </trkpt>
   <trkpt lat="-8.0248400" lon="112.9363350">
    <ele>2275.0</ele>
   </trkpt>
   <trkpt lat="-8.0248270" lon="112.9363040">
    <ele>2275.2</ele>
   </trkpt>
   <trkpt lat="-8.0248470" lon="112.9362510">
    <ele>2276.2</ele>
   </trkpt>
   <trkpt lat="-8.0248400" lon="112.9362010">
    <ele>2277.2</ele>
   </trkpt>
   <trkpt lat="-8.0248610" lon="112.9361570">
    <ele>2277.6</ele>
   </trkpt>
   <trkpt lat="-8.0248730" lon="112.9361120">
    <ele>2278.0</ele>
   </trkpt>
   <trkpt lat="-8.0248690" lon="112.9360830">
    <ele>2278.4</ele>
   </trkpt>
   <trkpt lat="-8.0248610" lon="112.9359980">
    <ele>2279.6</ele>
   </trkpt>
   <trkpt lat="-8.0249280" lon="112.9358940">
    <ele>2280.0</ele>
   </trkpt>
   <trkpt lat="-8.0249570" lon="112.9358050">
    <ele>2280.2</ele>
   </trkpt>
   <trkpt lat="-8.0249770" lon="112.9357720">
    <ele>2280.8</ele>
   </trkpt>
   <trkpt lat="-8.0249790" lon="112.9357240">
    <ele>2281.6</ele>
   </trkpt>
   <trkpt lat="-8.0249870" lon="112.9357150">
    <ele>2281.8</ele>
   </trkpt>
   <trkpt lat="-8.0250110" lon="112.9356560">
    <ele>2282.2</ele>
   </trkpt>
   <trkpt lat="-8.0250570" lon="112.9355480">
    <ele>2282.6</ele>
   </trkpt>
   <trkpt lat="-8.0250690" lon="112.9355170">
    <ele>2282.8</ele>
   </trkpt>
   <trkpt lat="-8.0250770" lon="112.9354750">
    <ele>2283.2</ele>
   </trkpt>
   <trkpt lat="-8.0250870" lon="112.9354520">
    <ele>2283.8</ele>
   </trkpt>
   <trkpt lat="-8.0250880" lon="112.9354400">
    <ele>2284.2</ele>
   </trkpt>
   <trkpt lat="-8.0251370" lon="112.9353890">
    <ele>2284.6</ele>
   </trkpt>
   <trkpt lat="-8.0251570" lon="112.9353510">
    <ele>2284.8</ele>
   </trkpt>
   <trkpt lat="-8.0251590" lon="112.9353180">
    <ele>2285.2</ele>
   </trkpt>
   <trkpt lat="-8.0251660" lon="112.9352630">
    <ele>2286.2</ele>
   </trkpt>
   <trkpt lat="-8.0251630" lon="112.9352380">
    <ele>2286.8</ele>
   </trkpt>
   <trkpt lat="-8.0251920" lon="112.9352100">
    <ele>2287.2</ele>
   </trkpt>
   <trkpt lat="-8.0252170" lon="112.9351930">
    <ele>2287.6</ele>
   </trkpt>
   <trkpt lat="-8.0252220" lon="112.9351780">
    <ele>2287.8</ele>
   </trkpt>
   <trkpt lat="-8.0252720" lon="112.9351400">
    <ele>2288.2</ele>
   </trkpt>
   <trkpt lat="-8.0252970" lon="112.9351320">
    <ele>2288.4</ele>
   </trkpt>
   <trkpt lat="-8.0253370" lon="112.9351130">
    <ele>2288.6</ele>
   </trkpt>
   <trkpt lat="-8.0253690" lon="112.9350880">
    <ele>2288.8</ele>
   </trkpt>
   <trkpt lat="-8.0253800" lon="112.9350550">
    <ele>2289.0</ele>
   </trkpt>
   <trkpt lat="-8.0253960" lon="112.9350420">
    <ele>2289.4</ele>
   </trkpt>
   <trkpt lat="-8.0254050" lon="112.9350370">
    <ele>2289.6</ele>
   </trkpt>
   <trkpt lat="-8.0254260" lon="112.9350100">
    <ele>2290.0</ele>
   </trkpt>
   <trkpt lat="-8.0254400" lon="112.9349830">
    <ele>2290.4</ele>
   </trkpt>
   <trkpt lat="-8.0254520" lon="112.9349610">
    <ele>2290.8</ele>
   </trkpt>
   <trkpt lat="-8.0254870" lon="112.9349090">
    <ele>2291.2</ele>
   </trkpt>
   <trkpt lat="-8.0254850" lon="112.9348820">
    <ele>2291.6</ele>
   </trkpt>
   <trkpt lat="-8.0254850" lon="112.9348670">
    <ele>2292.0</ele>
   </trkpt>
   <trkpt lat="-8.0255050" lon="112.9347670">
    <ele>2292.6</ele>
   </trkpt>
   <trkpt lat="-8.0255080" lon="112.9347560">
    <ele>2292.8</ele>
   </trkpt>
   <trkpt lat="-8.0255330" lon="112.9346830">
    <ele>2293.2</ele>
   </trkpt>
   <trkpt lat="-8.0255450" lon="112.9346590">
    <ele>2293.4</ele>
   </trkpt>
   <trkpt lat="-8.0255760" lon="112.9346060">
    <ele>2293.8</ele>
   </trkpt>
   <trkpt lat="-8.0255830" lon="112.9345940">
    <ele>2294.2</ele>
   </trkpt>
   <trkpt lat="-8.0256120" lon="112.9345660">
    <ele>2294.8</ele>
   </trkpt>
   <trkpt lat="-8.0256290" lon="112.9345520">
    <ele>2295.0</ele>
   </trkpt>
   <trkpt lat="-8.0256610" lon="112.9345170">
    <ele>2295.2</ele>
   </trkpt>
   <trkpt lat="-8.0256800" lon="112.9344910">
    <ele>2295.4</ele>
   </trkpt>
   <trkpt lat="-8.0257290" lon="112.9344530">
    <ele>2295.6</ele>
   </trkpt>
   <trkpt lat="-8.0257690" lon="112.9343790">
    <ele>2296.0</ele>
   </trkpt>
   <trkpt lat="-8.0257770" lon="112.9343670">
    <ele>2296.0</ele>
   </trkpt>
   <trkpt lat="-8.0257950" lon="112.9343410">
    <ele>2296.2</ele>
   </trkpt>
   <trkpt lat="-8.0258140" lon="112.9343050">
    <ele>2296.6</ele>
   </trkpt>
   <trkpt lat="-8.0258360" lon="112.9342680">
    <ele>2297.4</ele>
   </trkpt>
   <trkpt lat="-8.0258570" lon="112.9342220">
    <ele>2298.4</ele>
   </trkpt>
   <trkpt lat="-8.0259070" lon="112.9341360">
    <ele>2299.4</ele>
   </trkpt>
   <trkpt lat="-8.0259800" lon="112.9340230">
    <ele>2300.2</ele>
   </trkpt>
   <trkpt lat="-8.0259840" lon="112.9340070">
    <ele>2300.6</ele>
   </trkpt>
   <trkpt lat="-8.0260590" lon="112.9339260">
    <ele>2301.6</ele>
   </trkpt>
   <trkpt lat="-8.0261220" lon="112.9338530">
    <ele>2301.4</ele>
   </trkpt>
   <trkpt lat="-8.0261250" lon="112.9338380">
    <ele>2301.2</ele>
   </trkpt>
   <trkpt lat="-8.0261300" lon="112.9337960">
    <ele>2301.2</ele>
   </trkpt>
   <trkpt lat="-8.0261540" lon="112.9337850">
    <ele>2300.8</ele>
   </trkpt>
   <trkpt lat="-8.0261910" lon="112.9337670">
    <ele>2300.2</ele>
   </trkpt>
   <trkpt lat="-8.0262170" lon="112.9337470">
    <ele>2300.2</ele>
   </trkpt>
   <trkpt lat="-8.0262430" lon="112.9336680">
    <ele>2300.2</ele>
   </trkpt>
   <trkpt lat="-8.0262620" lon="112.9336170">
    <ele>2300.6</ele>
   </trkpt>
   <trkpt lat="-8.0262720" lon="112.9335940">
    <ele>2301.2</ele>
   </trkpt>
   <trkpt lat="-8.0262770" lon="112.9335890">
    <ele>2301.6</ele>
   </trkpt>
   <trkpt lat="-8.0262870" lon="112.9335820">
    <ele>2302.2</ele>
   </trkpt>
   <trkpt lat="-8.0263000" lon="112.9335740">
    <ele>2303.0</ele>
   </trkpt>
   <trkpt lat="-8.0263130" lon="112.9335680">
    <ele>2303.4</ele>
   </trkpt>
   <trkpt lat="-8.0263240" lon="112.9335500">
    <ele>2304.2</ele>
   </trkpt>
   <trkpt lat="-8.0263410" lon="112.9335240">
    <ele>2305.2</ele>
   </trkpt>
   <trkpt lat="-8.0263620" lon="112.9335140">
    <ele>2306.2</ele>
   </trkpt>
   <trkpt lat="-8.0263800" lon="112.9334940">
    <ele>2306.4</ele>
   </trkpt>
   <trkpt lat="-8.0263940" lon="112.9334780">
    <ele>2306.6</ele>
   </trkpt>
   <trkpt lat="-8.0264520" lon="112.9334020">
    <ele>2307.4</ele>
   </trkpt>
   <trkpt lat="-8.0264700" lon="112.9333790">
    <ele>2308.2</ele>
   </trkpt>
   <trkpt lat="-8.0264720" lon="112.9333680">
    <ele>2308.4</ele>
   </trkpt>
   <trkpt lat="-8.0264860" lon="112.9333490">
    <ele>2308.4</ele>
   </trkpt>
   <trkpt lat="-8.0265090" lon="112.9333300">
    <ele>2308.6</ele>
   </trkpt>
   <trkpt lat="-8.0265330" lon="112.9333030">
    <ele>2308.8</ele>
   </trkpt>
   <trkpt lat="-8.0266000" lon="112.9332180">
    <ele>2308.8</ele>
   </trkpt>
   <trkpt lat="-8.0266520" lon="112.9331300">
    <ele>2309.2</ele>
   </trkpt>
   <trkpt lat="-8.0266610" lon="112.9331220">
    <ele>2309.4</ele>
   </trkpt>
   <trkpt lat="-8.0267100" lon="112.9330970">
    <ele>2310.6</ele>
   </trkpt>
   <trkpt lat="-8.0267360" lon="112.9330850">
    <ele>2311.0</ele>
   </trkpt>
   <trkpt lat="-8.0267390" lon="112.9330630">
    <ele>2311.4</ele>
   </trkpt>
   <trkpt lat="-8.0267380" lon="112.9330450">
    <ele>2311.6</ele>
   </trkpt>
   <trkpt lat="-8.0267510" lon="112.9329770">
    <ele>2312.0</ele>
   </trkpt>
   <trkpt lat="-8.0267670" lon="112.9329560">
    <ele>2312.0</ele>
   </trkpt>
   <trkpt lat="-8.0268150" lon="112.9329070">
    <ele>2312.8</ele>
   </trkpt>
   <trkpt lat="-8.0268480" lon="112.9328700">
    <ele>2313.4</ele>
   </trkpt>
   <trkpt lat="-8.0268630" lon="112.9328470">
    <ele>2313.6</ele>
   </trkpt>
   <trkpt lat="-8.0268920" lon="112.9328240">
    <ele>2313.8</ele>
   </trkpt>
   <trkpt lat="-8.0269040" lon="112.9328140">
    <ele>2314.0</ele>
   </trkpt>
   <trkpt lat="-8.0269680" lon="112.9327700">
    <ele>2314.6</ele>
   </trkpt>
   <trkpt lat="-8.0270110" lon="112.9327490">
    <ele>2315.0</ele>
   </trkpt>
   <trkpt lat="-8.0270170" lon="112.9327380">
    <ele>2315.2</ele>
   </trkpt>
   <trkpt lat="-8.0270240" lon="112.9327270">
    <ele>2315.4</ele>
   </trkpt>
   <trkpt lat="-8.0270370" lon="112.9326920">
    <ele>2316.0</ele>
   </trkpt>
   <trkpt lat="-8.0270500" lon="112.9326580">
    <ele>2316.6</ele>
   </trkpt>
   <trkpt lat="-8.0270520" lon="112.9326400">
    <ele>2317.0</ele>
   </trkpt>
   <trkpt lat="-8.0270530" lon="112.9326290">
    <ele>2317.2</ele>
   </trkpt>
   <trkpt lat="-8.0270590" lon="112.9325940">
    <ele>2317.8</ele>
   </trkpt>
   <trkpt lat="-8.0270670" lon="112.9325420">
    <ele>2318.4</ele>
   </trkpt>
   <trkpt lat="-8.0270770" lon="112.9325250">
    <ele>2318.4</ele>
   </trkpt>
   <trkpt lat="-8.0270850" lon="112.9325120">
    <ele>2318.4</ele>
   </trkpt>
   <trkpt lat="-8.0271340" lon="112.9324990">
    <ele>2319.0</ele>
   </trkpt>
   <trkpt lat="-8.0271560" lon="112.9325120">
    <ele>2319.2</ele>
   </trkpt>
   <trkpt lat="-8.0271610" lon="112.9325200">
    <ele>2319.4</ele>
   </trkpt>
   <trkpt lat="-8.0271650" lon="112.9325270">
    <ele>2319.4</ele>
   </trkpt>
   <trkpt lat="-8.0271340" lon="112.9326440">
    <ele>2319.4</ele>
   </trkpt>
   <trkpt lat="-8.0271250" lon="112.9327210">
    <ele>2319.4</ele>
   </trkpt>
   <trkpt lat="-8.0271320" lon="112.9327300">
    <ele>2319.8</ele>
   </trkpt>
   <trkpt lat="-8.0271660" lon="112.9327440">
    <ele>2320.6</ele>
   </trkpt>
   <trkpt lat="-8.0271650" lon="112.9327520">
    <ele>2321.0</ele>
   </trkpt>
   <trkpt lat="-8.0271550" lon="112.9327840">
    <ele>2321.6</ele>
   </trkpt>
   <trkpt lat="-8.0271500" lon="112.9328060">
    <ele>2322.2</ele>
   </trkpt>
   <trkpt lat="-8.0271460" lon="112.9328380">
    <ele>2322.8</ele>
   </trkpt>
   <trkpt lat="-8.0271450" lon="112.9328480">
    <ele>2323.0</ele>
   </trkpt>
   <trkpt lat="-8.0271410" lon="112.9328820">
    <ele>2323.2</ele>
   </trkpt>
   <trkpt lat="-8.0271330" lon="112.9328910">
    <ele>2323.2</ele>
   </trkpt>
   <trkpt lat="-8.0271260" lon="112.9330600">
    <ele>2323.0</ele>
   </trkpt>
   <trkpt lat="-8.0270980" lon="112.9331260">
    <ele>2323.8</ele>
   </trkpt>
   <trkpt lat="-8.0270670" lon="112.9331640">
    <ele>2323.6</ele>
   </trkpt>
   <trkpt lat="-8.0270340" lon="112.9332700">
    <ele>2324.6</ele>
   </trkpt>
   <trkpt lat="-8.0270260" lon="112.9333340">
    <ele>2324.8</ele>
   </trkpt>
   <trkpt lat="-8.0270270" lon="112.9333820">
    <ele>2325.2</ele>
   </trkpt>
   <trkpt lat="-8.0270400" lon="112.9334760">
    <ele>2326.0</ele>
   </trkpt>
   <trkpt lat="-8.0270500" lon="112.9335120">
    <ele>2326.6</ele>
   </trkpt>
   <trkpt lat="-8.0270640" lon="112.9335530">
    <ele>2327.2</ele>
   </trkpt>
   <trkpt lat="-8.0270660" lon="112.9336110">
    <ele>2328.0</ele>
   </trkpt>
   <trkpt lat="-8.0270630" lon="112.9336460">
    <ele>2328.4</ele>
   </trkpt>
   <trkpt lat="-8.0270290" lon="112.9337340">
    <ele>2329.6</ele>
   </trkpt>
   <trkpt lat="-8.0269930" lon="112.9337900">
    <ele>2330.4</ele>
   </trkpt>
   <trkpt lat="-8.0269880" lon="112.9338340">
    <ele>2330.8</ele>
   </trkpt>
   <trkpt lat="-8.0269740" lon="112.9338770">
    <ele>2331.4</ele>
   </trkpt>
   <trkpt lat="-8.0269520" lon="112.9339160">
    <ele>2331.8</ele>
   </trkpt>
   <trkpt lat="-8.0269530" lon="112.9339310">
    <ele>2332.0</ele>
   </trkpt>
   <trkpt lat="-8.0269530" lon="112.9339490">
    <ele>2332.2</ele>
   </trkpt>
   <trkpt lat="-8.0269510" lon="112.9340130">
    <ele>2332.6</ele>
   </trkpt>
   <trkpt lat="-8.0269420" lon="112.9340440">
    <ele>2332.8</ele>
   </trkpt>
   <trkpt lat="-8.0269400" lon="112.9340610">
    <ele>2333.0</ele>
   </trkpt>
   <trkpt lat="-8.0269470" lon="112.9341250">
    <ele>2333.2</ele>
   </trkpt>
   <trkpt lat="-8.0269350" lon="112.9341730">
    <ele>2333.4</ele>
   </trkpt>
   <trkpt lat="-8.0269310" lon="112.9341860">
    <ele>2333.4</ele>
   </trkpt>
   <trkpt lat="-8.0269300" lon="112.9342110">
    <ele>2333.6</ele>
   </trkpt>
   <trkpt lat="-8.0269430" lon="112.9342520">
    <ele>2334.0</ele>
   </trkpt>
   <trkpt lat="-8.0269570" lon="112.9342880">
    <ele>2335.2</ele>
   </trkpt>
   <trkpt lat="-8.0269720" lon="112.9343430">
    <ele>2335.6</ele>
   </trkpt>
   <trkpt lat="-8.0269770" lon="112.9343610">
    <ele>2336.2</ele>
   </trkpt>
   <trkpt lat="-8.0269840" lon="112.9344750">
    <ele>2337.0</ele>
   </trkpt>
   <trkpt lat="-8.0269680" lon="112.9345370">
    <ele>2337.6</ele>
   </trkpt>
   <trkpt lat="-8.0269470" lon="112.9345900">
    <ele>2338.8</ele>
   </trkpt>
   <trkpt lat="-8.0269360" lon="112.9346180">
    <ele>2339.2</ele>
   </trkpt>
   <trkpt lat="-8.0269100" lon="112.9346170">
    <ele>2339.2</ele>
   </trkpt>
   <trkpt lat="-8.0268830" lon="112.9346270">
    <ele>2339.2</ele>
   </trkpt>
   <trkpt lat="-8.0268380" lon="112.9346090">
    <ele>2339.4</ele>
   </trkpt>
   <trkpt lat="-8.0268100" lon="112.9346410">
    <ele>2339.2</ele>
   </trkpt>
   <trkpt lat="-8.0268870" lon="112.9346610">
    <ele>2339.2</ele>
   </trkpt>
   <trkpt lat="-8.0268910" lon="112.9346570">
    <ele>2339.2</ele>
   </trkpt>
   <trkpt lat="-8.0268950" lon="112.9346400">
    <ele>2339.2</ele>
   </trkpt>
   <trkpt lat="-8.0268860" lon="112.9346430">
    <ele>2339.0</ele>
   </trkpt>
   <trkpt lat="-8.0268740" lon="112.9346300">
    <ele>2339.2</ele>
   </trkpt>
   <trkpt lat="-8.0269270" lon="112.9346690">
    <ele>2339.2</ele>
   </trkpt>
   <trkpt lat="-8.0269100" lon="112.9346700">
    <ele>2339.4</ele>
   </trkpt>
   <trkpt lat="-8.0268820" lon="112.9346750">
    <ele>2339.4</ele>
   </trkpt>
   <trkpt lat="-8.0268600" lon="112.9347040">
    <ele>2339.8</ele>
   </trkpt>
   <trkpt lat="-8.0268550" lon="112.9347100">
    <ele>2340.2</ele>
   </trkpt>
   <trkpt lat="-8.0268470" lon="112.9347230">
    <ele>2340.6</ele>
   </trkpt>
   <trkpt lat="-8.0268500" lon="112.9347320">
    <ele>2341.0</ele>
   </trkpt>
   <trkpt lat="-8.0268540" lon="112.9347420">
    <ele>2341.2</ele>
   </trkpt>
   <trkpt lat="-8.0269020" lon="112.9347440">
    <ele>2341.4</ele>
   </trkpt>
   <trkpt lat="-8.0270180" lon="112.9347150">
    <ele>2341.8</ele>
   </trkpt>
   <trkpt lat="-8.0270800" lon="112.9347000">
    <ele>2342.0</ele>
   </trkpt>
   <trkpt lat="-8.0272120" lon="112.9346670">
    <ele>2342.6</ele>
   </trkpt>
   <trkpt lat="-8.0273170" lon="112.9346180">
    <ele>2343.4</ele>
   </trkpt>
   <trkpt lat="-8.0273880" lon="112.9345730">
    <ele>2342.8</ele>
   </trkpt>
   <trkpt lat="-8.0274480" lon="112.9345300">
    <ele>2344.4</ele>
   </trkpt>
   <trkpt lat="-8.0275440" lon="112.9344790">
    <ele>2345.2</ele>
   </trkpt>
   <trkpt lat="-8.0276620" lon="112.9343860">
    <ele>2345.0</ele>
   </trkpt>
   <trkpt lat="-8.0277800" lon="112.9343140">
    <ele>2345.2</ele>
   </trkpt>
   <trkpt lat="-8.0278260" lon="112.9342960">
    <ele>2346.0</ele>
   </trkpt>
   <trkpt lat="-8.0278930" lon="112.9342920">
    <ele>2345.6</ele>
   </trkpt>
   <trkpt lat="-8.0279610" lon="112.9343370">
    <ele>2346.0</ele>
   </trkpt>
   <trkpt lat="-8.0280030" lon="112.9344340">
    <ele>2346.2</ele>
   </trkpt>
   <trkpt lat="-8.0279890" lon="112.9345360">
    <ele>2346.4</ele>
   </trkpt>
   <trkpt lat="-8.0279630" lon="112.9346670">
    <ele>2346.2</ele>
   </trkpt>
   <trkpt lat="-8.0279490" lon="112.9347250">
    <ele>2346.6</ele>
   </trkpt>
   <trkpt lat="-8.0279150" lon="112.9348210">
    <ele>2346.6</ele>
   </trkpt>
   <trkpt lat="-8.0278890" lon="112.9348550">
    <ele>2347.0</ele>
   </trkpt>
   <trkpt lat="-8.0278480" lon="112.9349220">
    <ele>2347.6</ele>
   </trkpt>
   <trkpt lat="-8.0277270" lon="112.9350490">
    <ele>2348.0</ele>
   </trkpt>
   <trkpt lat="-8.0276990" lon="112.9350900">
    <ele>2348.2</ele>
   </trkpt>
   <trkpt lat="-8.0276240" lon="112.9351940">
    <ele>2348.8</ele>
   </trkpt>
   <trkpt lat="-8.0275540" lon="112.9353110">
    <ele>2348.8</ele>
   </trkpt>
   <trkpt lat="-8.0275520" lon="112.9353200">
    <ele>2348.6</ele>
   </trkpt>
   <trkpt lat="-8.0275840" lon="112.9353740">
    <ele>2348.8</ele>
   </trkpt>
   <trkpt lat="-8.0275940" lon="112.9354160">
    <ele>2349.2</ele>
   </trkpt>
   <trkpt lat="-8.0276020" lon="112.9354510">
    <ele>2349.0</ele>
   </trkpt>
   <trkpt lat="-8.0276400" lon="112.9355350">
    <ele>2348.4</ele>
   </trkpt>
   <trkpt lat="-8.0276570" lon="112.9356000">
    <ele>2348.8</ele>
   </trkpt>
   <trkpt lat="-8.0277380" lon="112.9357020">
    <ele>2348.4</ele>
   </trkpt>
   <trkpt lat="-8.0277550" lon="112.9357270">
    <ele>2348.4</ele>
   </trkpt>
   <trkpt lat="-8.0277790" lon="112.9357750">
    <ele>2348.6</ele>
   </trkpt>
   <trkpt lat="-8.0277880" lon="112.9358430">
    <ele>2349.0</ele>
   </trkpt>
   <trkpt lat="-8.0278140" lon="112.9358760">
    <ele>2349.2</ele>
   </trkpt>
   <trkpt lat="-8.0278890" lon="112.9359000">
    <ele>2349.2</ele>
   </trkpt>
   <trkpt lat="-8.0279900" lon="112.9359370">
    <ele>2349.2</ele>
   </trkpt>
   <trkpt lat="-8.0281130" lon="112.9358890">
    <ele>2349.0</ele>
   </trkpt>
   <trkpt lat="-8.0282700" lon="112.9358300">
    <ele>2348.8</ele>
   </trkpt>
   <trkpt lat="-8.0283840" lon="112.9357980">
    <ele>2349.2</ele>
   </trkpt>
   <trkpt lat="-8.0284740" lon="112.9357680">
    <ele>2350.6</ele>
   </trkpt>
   <trkpt lat="-8.0284990" lon="112.9357510">
    <ele>2350.6</ele>
   </trkpt>
   <trkpt lat="-8.0286190" lon="112.9357390">
    <ele>2350.8</ele>
   </trkpt>
   <trkpt lat="-8.0286830" lon="112.9357930">
    <ele>2351.8</ele>
   </trkpt>
   <trkpt lat="-8.0286810" lon="112.9358660">
    <ele>2351.4</ele>
   </trkpt>
   <trkpt lat="-8.0286650" lon="112.9359210">
    <ele>2352.0</ele>
   </trkpt>
   <trkpt lat="-8.0286470" lon="112.9359710">
    <ele>2351.6</ele>
   </trkpt>
   <trkpt lat="-8.0286270" lon="112.9361370">
    <ele>2352.0</ele>
   </trkpt>
   <trkpt lat="-8.0286320" lon="112.9363100">
    <ele>2352.4</ele>
   </trkpt>
   <trkpt lat="-8.0285820" lon="112.9363830">
    <ele>2353.0</ele>
   </trkpt>
   <trkpt lat="-8.0285110" lon="112.9364290">
    <ele>2352.6</ele>
   </trkpt>
   <trkpt lat="-8.0283440" lon="112.9365170">
    <ele>2353.2</ele>
   </trkpt>
   <trkpt lat="-8.0282700" lon="112.9366130">
    <ele>2353.2</ele>
   </trkpt>
   <trkpt lat="-8.0282380" lon="112.9367520">
    <ele>2353.6</ele>
   </trkpt>
   <trkpt lat="-8.0282390" lon="112.9368360">
    <ele>2354.0</ele>
   </trkpt>
   <trkpt lat="-8.0282340" lon="112.9369230">
    <ele>2354.0</ele>
   </trkpt>
   <trkpt lat="-8.0282150" lon="112.9371230">
    <ele>2354.0</ele>
   </trkpt>
   <trkpt lat="-8.0282340" lon="112.9373120">
    <ele>2353.8</ele>
   </trkpt>
   <trkpt lat="-8.0282810" lon="112.9374280">
    <ele>2354.0</ele>
   </trkpt>
   <trkpt lat="-8.0282830" lon="112.9375950">
    <ele>2354.8</ele>
   </trkpt>
   <trkpt lat="-8.0283890" lon="112.9376960">
    <ele>2354.8</ele>
   </trkpt>
   <trkpt lat="-8.0285800" lon="112.9378060">
    <ele>2354.2</ele>
   </trkpt>
   <trkpt lat="-8.0287200" lon="112.9379020">
    <ele>2354.0</ele>
   </trkpt>
   <trkpt lat="-8.0288480" lon="112.9379740">
    <ele>2355.0</ele>
   </trkpt>
   <trkpt lat="-8.0289370" lon="112.9380490">
    <ele>2354.8</ele>
   </trkpt>
   <trkpt lat="-8.0290420" lon="112.9381270">
    <ele>2354.4</ele>
   </trkpt>
   <trkpt lat="-8.0291870" lon="112.9381950">
    <ele>2354.8</ele>
   </trkpt>
   <trkpt lat="-8.0292510" lon="112.9382410">
    <ele>2354.6</ele>
   </trkpt>
   <trkpt lat="-8.0293550" lon="112.9382660">
    <ele>2354.8</ele>
   </trkpt>
   <trkpt lat="-8.0294840" lon="112.9382700">
    <ele>2355.0</ele>
   </trkpt>
   <trkpt lat="-8.0295110" lon="112.9382710">
    <ele>2355.2</ele>
   </trkpt>
   <trkpt lat="-8.0296840" lon="112.9383810">
    <ele>2355.4</ele>
   </trkpt>
   <trkpt lat="-8.0297360" lon="112.9383550">
    <ele>2356.0</ele>
   </trkpt>
   <trkpt lat="-8.0297560" lon="112.9382970">
    <ele>2355.8</ele>
   </trkpt>
   <trkpt lat="-8.0297560" lon="112.9382660">
    <ele>2355.8</ele>
   </trkpt>
   <trkpt lat="-8.0297750" lon="112.9381820">
    <ele>2355.8</ele>
   </trkpt>
   <trkpt lat="-8.0299070" lon="112.9380750">
    <ele>2356.0</ele>
   </trkpt>
   <trkpt lat="-8.0299200" lon="112.9380310">
    <ele>2356.6</ele>
   </trkpt>
   <trkpt lat="-8.0299270" lon="112.9379980">
    <ele>2357.0</ele>
   </trkpt>
   <trkpt lat="-8.0299700" lon="112.9379560">
    <ele>2357.2</ele>
   </trkpt>
   <trkpt lat="-8.0299750" lon="112.9379490">
    <ele>2357.4</ele>
   </trkpt>
   <trkpt lat="-8.0299790" lon="112.9379420">
    <ele>2357.6</ele>
   </trkpt>
   <trkpt lat="-8.0300710" lon="112.9378990">
    <ele>2357.8</ele>
   </trkpt>
   <trkpt lat="-8.0300850" lon="112.9378800">
    <ele>2357.8</ele>
   </trkpt>
   <trkpt lat="-8.0300910" lon="112.9378080">
    <ele>2357.8</ele>
   </trkpt>
   <trkpt lat="-8.0301010" lon="112.9376970">
    <ele>2358.2</ele>
   </trkpt>
   <trkpt lat="-8.0301550" lon="112.9376310">
    <ele>2358.2</ele>
   </trkpt>
   <trkpt lat="-8.0302250" lon="112.9376210">
    <ele>2358.6</ele>
   </trkpt>
   <trkpt lat="-8.0302520" lon="112.9376150">
    <ele>2358.6</ele>
   </trkpt>
   <trkpt lat="-8.0303550" lon="112.9376370">
    <ele>2358.8</ele>
   </trkpt>
   <trkpt lat="-8.0303790" lon="112.9376360">
    <ele>2358.8</ele>
   </trkpt>
   <trkpt lat="-8.0304010" lon="112.9376280">
    <ele>2359.0</ele>
   </trkpt>
   <trkpt lat="-8.0304200" lon="112.9375990">
    <ele>2359.0</ele>
   </trkpt>
   <trkpt lat="-8.0304100" lon="112.9375760">
    <ele>2359.4</ele>
   </trkpt>
   <trkpt lat="-8.0304010" lon="112.9375510">
    <ele>2359.8</ele>
   </trkpt>
   <trkpt lat="-8.0303880" lon="112.9374820">
    <ele>2360.4</ele>
   </trkpt>
   <trkpt lat="-8.0303770" lon="112.9374590">
    <ele>2361.0</ele>
   </trkpt>
   <trkpt lat="-8.0303600" lon="112.9373890">
    <ele>2361.8</ele>
   </trkpt>
   <trkpt lat="-8.0303600" lon="112.9373770">
    <ele>2362.0</ele>
   </trkpt>
   <trkpt lat="-8.0303950" lon="112.9373250">
    <ele>2363.0</ele>
   </trkpt>
   <trkpt lat="-8.0303890" lon="112.9373140">
    <ele>2363.2</ele>
   </trkpt>
   <trkpt lat="-8.0303510" lon="112.9372120">
    <ele>2364.4</ele>
   </trkpt>
   <trkpt lat="-8.0303560" lon="112.9372010">
    <ele>2364.6</ele>
   </trkpt>
   <trkpt lat="-8.0303710" lon="112.9371780">
    <ele>2364.6</ele>
   </trkpt>
   <trkpt lat="-8.0303800" lon="112.9371420">
    <ele>2365.0</ele>
   </trkpt>
   <trkpt lat="-8.0303640" lon="112.9371240">
    <ele>2365.6</ele>
   </trkpt>
   <trkpt lat="-8.0303560" lon="112.9370910">
    <ele>2366.4</ele>
   </trkpt>
   <trkpt lat="-8.0303460" lon="112.9370810">
    <ele>2366.8</ele>
   </trkpt>
   <trkpt lat="-8.0303340" lon="112.9370760">
    <ele>2367.2</ele>
   </trkpt>
   <trkpt lat="-8.0303130" lon="112.9370640">
    <ele>2368.0</ele>
   </trkpt>
   <trkpt lat="-8.0303090" lon="112.9370470">
    <ele>2368.2</ele>
   </trkpt>
   <trkpt lat="-8.0303210" lon="112.9370250">
    <ele>2368.8</ele>
   </trkpt>
   <trkpt lat="-8.0303490" lon="112.9370090">
    <ele>2369.0</ele>
   </trkpt>
   <trkpt lat="-8.0304130" lon="112.9369430">
    <ele>2369.8</ele>
   </trkpt>
   <trkpt lat="-8.0304090" lon="112.9369340">
    <ele>2370.2</ele>
   </trkpt>
   <trkpt lat="-8.0303510" lon="112.9368900">
    <ele>2371.4</ele>
   </trkpt>
   <trkpt lat="-8.0303390" lon="112.9368730">
    <ele>2372.0</ele>
   </trkpt>
   <trkpt lat="-8.0303290" lon="112.9368650">
    <ele>2372.4</ele>
   </trkpt>
   <trkpt lat="-8.0302980" lon="112.9368350">
    <ele>2373.2</ele>
   </trkpt>
   <trkpt lat="-8.0302730" lon="112.9367940">
    <ele>2373.6</ele>
   </trkpt>
   <trkpt lat="-8.0302640" lon="112.9367380">
    <ele>2374.2</ele>
   </trkpt>
   <trkpt lat="-8.0302580" lon="112.9367030">
    <ele>2374.6</ele>
   </trkpt>
   <trkpt lat="-8.0302290" lon="112.9366770">
    <ele>2375.2</ele>
   </trkpt>
   <trkpt lat="-8.0302200" lon="112.9366690">
    <ele>2375.4</ele>
   </trkpt>
   <trkpt lat="-8.0302100" lon="112.9366600">
    <ele>2375.8</ele>
   </trkpt>
   <trkpt lat="-8.0301430" lon="112.9366210">
    <ele>2376.2</ele>
   </trkpt>
   <trkpt lat="-8.0301210" lon="112.9365980">
    <ele>2376.8</ele>
   </trkpt>
   <trkpt lat="-8.0300870" lon="112.9365490">
    <ele>2377.8</ele>
   </trkpt>
   <trkpt lat="-8.0300060" lon="112.9364630">
    <ele>2378.8</ele>
   </trkpt>
   <trkpt lat="-8.0299800" lon="112.9364480">
    <ele>2379.0</ele>
   </trkpt>
   <trkpt lat="-8.0299480" lon="112.9364050">
    <ele>2379.4</ele>
   </trkpt>
   <trkpt lat="-8.0299460" lon="112.9363930">
    <ele>2379.6</ele>
   </trkpt>
   <trkpt lat="-8.0299420" lon="112.9363390">
    <ele>2380.0</ele>
   </trkpt>
   <trkpt lat="-8.0299600" lon="112.9362580">
    <ele>2381.0</ele>
   </trkpt>
   <trkpt lat="-8.0299800" lon="112.9361870">
    <ele>2382.2</ele>
   </trkpt>
   <trkpt lat="-8.0299890" lon="112.9361630">
    <ele>2382.6</ele>
   </trkpt>
   <trkpt lat="-8.0300020" lon="112.9361490">
    <ele>2382.8</ele>
   </trkpt>
   <trkpt lat="-8.0300320" lon="112.9361010">
    <ele>2382.6</ele>
   </trkpt>
   <trkpt lat="-8.0300380" lon="112.9360880">
    <ele>2382.6</ele>
   </trkpt>
   <trkpt lat="-8.0300590" lon="112.9360020">
    <ele>2383.0</ele>
   </trkpt>
   <trkpt lat="-8.0300700" lon="112.9359760">
    <ele>2383.4</ele>
   </trkpt>
   <trkpt lat="-8.0301090" lon="112.9359380">
    <ele>2384.2</ele>
   </trkpt>
   <trkpt lat="-8.0301150" lon="112.9359330">
    <ele>2384.4</ele>
   </trkpt>
   <trkpt lat="-8.0301300" lon="112.9359130">
    <ele>2385.2</ele>
   </trkpt>
   <trkpt lat="-8.0301390" lon="112.9359030">
    <ele>2385.2</ele>
   </trkpt>
   <trkpt lat="-8.0301710" lon="112.9358700">
    <ele>2385.6</ele>
   </trkpt>
   <trkpt lat="-8.0302080" lon="112.9358380">
    <ele>2385.8</ele>
   </trkpt>
   <trkpt lat="-8.0302210" lon="112.9358260">
    <ele>2385.8</ele>
   </trkpt>
   <trkpt lat="-8.0302230" lon="112.9358000">
    <ele>2386.2</ele>
   </trkpt>
   <trkpt lat="-8.0302470" lon="112.9357920">
    <ele>2386.2</ele>
   </trkpt>
   <trkpt lat="-8.0302650" lon="112.9357720">
    <ele>2386.4</ele>
   </trkpt>
   <trkpt lat="-8.0302620" lon="112.9357120">
    <ele>2386.6</ele>
   </trkpt>
   <trkpt lat="-8.0302600" lon="112.9356960">
    <ele>2386.6</ele>
   </trkpt>
   <trkpt lat="-8.0302460" lon="112.9356560">
    <ele>2387.0</ele>
   </trkpt>
   <trkpt lat="-8.0302160" lon="112.9355930">
    <ele>2387.2</ele>
   </trkpt>
   <trkpt lat="-8.0301950" lon="112.9355410">
    <ele>2387.8</ele>
   </trkpt>
   <trkpt lat="-8.0301870" lon="112.9355150">
    <ele>2387.8</ele>
   </trkpt>
   <trkpt lat="-8.0301870" lon="112.9355030">
    <ele>2387.2</ele>
   </trkpt>
   <trkpt lat="-8.0301950" lon="112.9354780">
    <ele>2386.8</ele>
   </trkpt>
   <trkpt lat="-8.0301970" lon="112.9354660">
    <ele>2386.6</ele>
   </trkpt>
   <trkpt lat="-8.0302300" lon="112.9353780">
    <ele>2386.0</ele>
   </trkpt>
   <trkpt lat="-8.0302970" lon="112.9353260">
    <ele>2385.6</ele>
   </trkpt>
   <trkpt lat="-8.0302920" lon="112.9353150">
    <ele>2385.4</ele>
   </trkpt>
   <trkpt lat="-8.0302850" lon="112.9352970">
    <ele>2385.4</ele>
   </trkpt>
   <trkpt lat="-8.0303200" lon="112.9352330">
    <ele>2385.0</ele>
   </trkpt>
   <trkpt lat="-8.0303410" lon="112.9351760">
    <ele>2384.4</ele>
   </trkpt>
   <trkpt lat="-8.0304030" lon="112.9351150">
    <ele>2383.6</ele>
   </trkpt>
   <trkpt lat="-8.0304240" lon="112.9350930">
    <ele>2383.4</ele>
   </trkpt>
   <trkpt lat="-8.0304530" lon="112.9350160">
    <ele>2382.0</ele>
   </trkpt>
   <trkpt lat="-8.0304670" lon="112.9349880">
    <ele>2381.6</ele>
   </trkpt>
   <trkpt lat="-8.0304860" lon="112.9349380">
    <ele>2381.0</ele>
   </trkpt>
   <trkpt lat="-8.0304970" lon="112.9348980">
    <ele>2380.0</ele>
   </trkpt>
   <trkpt lat="-8.0304970" lon="112.9348840">
    <ele>2379.8</ele>
   </trkpt>
   <trkpt lat="-8.0304950" lon="112.9348560">
    <ele>2379.6</ele>
   </trkpt>
   <trkpt lat="-8.0305000" lon="112.9348470">
    <ele>2379.6</ele>
   </trkpt>
   <trkpt lat="-8.0305330" lon="112.9348010">
    <ele>2379.6</ele>
   </trkpt>
   <trkpt lat="-8.0305510" lon="112.9347820">
    <ele>2379.2</ele>
   </trkpt>
   <trkpt lat="-8.0305960" lon="112.9347270">
    <ele>2379.0</ele>
   </trkpt>
   <trkpt lat="-8.0306160" lon="112.9347220">
    <ele>2379.0</ele>
   </trkpt>
   <trkpt lat="-8.0307100" lon="112.9347210">
    <ele>2378.6</ele>
   </trkpt>
   <trkpt lat="-8.0308230" lon="112.9347120">
    <ele>2377.2</ele>
   </trkpt>
   <trkpt lat="-8.0309150" lon="112.9347550">
    <ele>2376.0</ele>
   </trkpt>
   <trkpt lat="-8.0310370" lon="112.9347940">
    <ele>2376.0</ele>
   </trkpt>
   <trkpt lat="-8.0312030" lon="112.9347340">
    <ele>2375.6</ele>
   </trkpt>
   <trkpt lat="-8.0312710" lon="112.9347180">
    <ele>2375.0</ele>
   </trkpt>
   <trkpt lat="-8.0313970" lon="112.9346890">
    <ele>2375.6</ele>
   </trkpt>
   <trkpt lat="-8.0314590" lon="112.9346930">
    <ele>2375.6</ele>
   </trkpt>
   <trkpt lat="-8.0314740" lon="112.9346680">
    <ele>2375.4</ele>
   </trkpt>
   <trkpt lat="-8.0315620" lon="112.9344840">
    <ele>2373.8</ele>
   </trkpt>
   <trkpt lat="-8.0315760" lon="112.9344560">
    <ele>2373.8</ele>
   </trkpt>
   <trkpt lat="-8.0316190" lon="112.9343790">
    <ele>2372.6</ele>
   </trkpt>
   <trkpt lat="-8.0316760" lon="112.9342790">
    <ele>2372.0</ele>
   </trkpt>
   <trkpt lat="-8.0316990" lon="112.9342240">
    <ele>2371.4</ele>
   </trkpt>
   <trkpt lat="-8.0317580" lon="112.9341140">
    <ele>2371.2</ele>
   </trkpt>
   <trkpt lat="-8.0318090" lon="112.9340320">
    <ele>2370.4</ele>
   </trkpt>
   <trkpt lat="-8.0318470" lon="112.9340010">
    <ele>2370.2</ele>
   </trkpt>
   <trkpt lat="-8.0318980" lon="112.9339930">
    <ele>2369.2</ele>
   </trkpt>
   <trkpt lat="-8.0319670" lon="112.9339390">
    <ele>2368.0</ele>
   </trkpt>
   <trkpt lat="-8.0320190" lon="112.9338180">
    <ele>2367.0</ele>
   </trkpt>
   <trkpt lat="-8.0320320" lon="112.9337910">
    <ele>2367.0</ele>
   </trkpt>
   <trkpt lat="-8.0320570" lon="112.9337350">
    <ele>2365.8</ele>
   </trkpt>
   <trkpt lat="-8.0320820" lon="112.9336890">
    <ele>2364.4</ele>
   </trkpt>
   <trkpt lat="-8.0320980" lon="112.9336760">
    <ele>2363.8</ele>
   </trkpt>
   <trkpt lat="-8.0321150" lon="112.9336700">
    <ele>2363.2</ele>
   </trkpt>
   <trkpt lat="-8.0321480" lon="112.9336540">
    <ele>2362.2</ele>
   </trkpt>
   <trkpt lat="-8.0321550" lon="112.9336420">
    <ele>2361.8</ele>
   </trkpt>
   <trkpt lat="-8.0321560" lon="112.9336250">
    <ele>2361.6</ele>
   </trkpt>
   <trkpt lat="-8.0321630" lon="112.9335170">
    <ele>2361.6</ele>
   </trkpt>
   <trkpt lat="-8.0321220" lon="112.9333910">
    <ele>2361.8</ele>
   </trkpt>
   <trkpt lat="-8.0320490" lon="112.9332920">
    <ele>2361.2</ele>
   </trkpt>
   <trkpt lat="-8.0320520" lon="112.9332990">
    <ele>2360.6</ele>
   </trkpt>
   <trkpt lat="-8.0320580" lon="112.9333220">
    <ele>2360.6</ele>
   </trkpt>
   <trkpt lat="-8.0320540" lon="112.9333170">
    <ele>2360.8</ele>
   </trkpt>
   <trkpt lat="-8.0320170" lon="112.9332690">
    <ele>2361.4</ele>
   </trkpt>
   <trkpt lat="-8.0320110" lon="112.9332250">
    <ele>2361.6</ele>
   </trkpt>
   <trkpt lat="-8.0320130" lon="112.9331800">
    <ele>2361.6</ele>
   </trkpt>
   <trkpt lat="-8.0320510" lon="112.9331590">
    <ele>2361.6</ele>
   </trkpt>
   <trkpt lat="-8.0321080" lon="112.9331490">
    <ele>2361.4</ele>
   </trkpt>
   <trkpt lat="-8.0322290" lon="112.9331560">
    <ele>2359.8</ele>
   </trkpt>
   <trkpt lat="-8.0322520" lon="112.9331640">
    <ele>2359.2</ele>
   </trkpt>
   <trkpt lat="-8.0322710" lon="112.9331750">
    <ele>2358.6</ele>
   </trkpt>
   <trkpt lat="-8.0323100" lon="112.9332280">
    <ele>2357.2</ele>
   </trkpt>
   <trkpt lat="-8.0323320" lon="112.9332280">
    <ele>2356.4</ele>
   </trkpt>
   <trkpt lat="-8.0323510" lon="112.9332160">
    <ele>2355.8</ele>
   </trkpt>
   <trkpt lat="-8.0324570" lon="112.9330760">
    <ele>2355.0</ele>
   </trkpt>
   <trkpt lat="-8.0324760" lon="112.9330440">
    <ele>2354.8</ele>
   </trkpt>
   <trkpt lat="-8.0325290" lon="112.9329430">
    <ele>2353.8</ele>
   </trkpt>
   <trkpt lat="-8.0325710" lon="112.9328070">
    <ele>2353.8</ele>
   </trkpt>
   <trkpt lat="-8.0325950" lon="112.9327750">
    <ele>2353.4</ele>
   </trkpt>
   <trkpt lat="-8.0326220" lon="112.9327340">
    <ele>2352.6</ele>
   </trkpt>
   <trkpt lat="-8.0326420" lon="112.9326980">
    <ele>2352.6</ele>
   </trkpt>
   <trkpt lat="-8.0326540" lon="112.9326850">
    <ele>2353.0</ele>
   </trkpt>
   <trkpt lat="-8.0326960" lon="112.9326410">
    <ele>2352.8</ele>
   </trkpt>
   <trkpt lat="-8.0327050" lon="112.9325960">
    <ele>2352.8</ele>
   </trkpt>
   <trkpt lat="-8.0327110" lon="112.9325750">
    <ele>2353.6</ele>
   </trkpt>
   <trkpt lat="-8.0327060" lon="112.9325320">
    <ele>2354.4</ele>
   </trkpt>
   <trkpt lat="-8.0326970" lon="112.9325180">
    <ele>2354.8</ele>
   </trkpt>
   <trkpt lat="-8.0327340" lon="112.9325100">
    <ele>2355.0</ele>
   </trkpt>
   <trkpt lat="-8.0327480" lon="112.9325050">
    <ele>2354.8</ele>
   </trkpt>
   <trkpt lat="-8.0328180" lon="112.9324700">
    <ele>2353.2</ele>
   </trkpt>
   <trkpt lat="-8.0328440" lon="112.9324520">
    <ele>2352.6</ele>
   </trkpt>
   <trkpt lat="-8.0328940" lon="112.9324130">
    <ele>2352.0</ele>
   </trkpt>
   <trkpt lat="-8.0329190" lon="112.9323740">
    <ele>2350.6</ele>
   </trkpt>
   <trkpt lat="-8.0329780" lon="112.9322870">
    <ele>2350.4</ele>
   </trkpt>
   <trkpt lat="-8.0329930" lon="112.9322840">
    <ele>2350.2</ele>
   </trkpt>
   <trkpt lat="-8.0329980" lon="112.9322770">
    <ele>2350.0</ele>
   </trkpt>
   <trkpt lat="-8.0330260" lon="112.9322610">
    <ele>2349.4</ele>
   </trkpt>
   <trkpt lat="-8.0330780" lon="112.9322450">
    <ele>2348.6</ele>
   </trkpt>
   <trkpt lat="-8.0331050" lon="112.9322580">
    <ele>2348.2</ele>
   </trkpt>
   <trkpt lat="-8.0331940" lon="112.9322660">
    <ele>2347.4</ele>
   </trkpt>
   <trkpt lat="-8.0332220" lon="112.9322600">
    <ele>2346.8</ele>
   </trkpt>
   <trkpt lat="-8.0333110" lon="112.9322790">
    <ele>2345.6</ele>
   </trkpt>
   <trkpt lat="-8.0334150" lon="112.9323040">
    <ele>2344.4</ele>
   </trkpt>
   <trkpt lat="-8.0334900" lon="112.9323440">
    <ele>2343.2</ele>
   </trkpt>
   <trkpt lat="-8.0335540" lon="112.9323810">
    <ele>2342.2</ele>
   </trkpt>
   <trkpt lat="-8.0335760" lon="112.9324090">
    <ele>2342.0</ele>
   </trkpt>
   <trkpt lat="-8.0336640" lon="112.9324690">
    <ele>2341.2</ele>
   </trkpt>
   <trkpt lat="-8.0337120" lon="112.9324760">
    <ele>2340.6</ele>
   </trkpt>
   <trkpt lat="-8.0337750" lon="112.9324810">
    <ele>2340.0</ele>
   </trkpt>
   <trkpt lat="-8.0338120" lon="112.9324950">
    <ele>2339.6</ele>
   </trkpt>
   <trkpt lat="-8.0338700" lon="112.9325480">
    <ele>2339.0</ele>
   </trkpt>
   <trkpt lat="-8.0338790" lon="112.9325940">
    <ele>2338.6</ele>
   </trkpt>
   <trkpt lat="-8.0339120" lon="112.9326310">
    <ele>2338.8</ele>
   </trkpt>
   <trkpt lat="-8.0339410" lon="112.9326590">
    <ele>2338.8</ele>
   </trkpt>
   <trkpt lat="-8.0339750" lon="112.9327050">
    <ele>2338.4</ele>
   </trkpt>
   <trkpt lat="-8.0340240" lon="112.9327560">
    <ele>2337.8</ele>
   </trkpt>
   <trkpt lat="-8.0340370" lon="112.9327940">
    <ele>2338.0</ele>
   </trkpt>
   <trkpt lat="-8.0340370" lon="112.9328070">
    <ele>2338.0</ele>
   </trkpt>
   <trkpt lat="-8.0340200" lon="112.9328440">
    <ele>2337.8</ele>
   </trkpt>
   <trkpt lat="-8.0340200" lon="112.9328550">
    <ele>2337.8</ele>
   </trkpt>
   <trkpt lat="-8.0340440" lon="112.9329760">
    <ele>2337.8</ele>
   </trkpt>
   <trkpt lat="-8.0341170" lon="112.9330460">
    <ele>2337.8</ele>
   </trkpt>
   <trkpt lat="-8.0341210" lon="112.9331430">
    <ele>2337.8</ele>
   </trkpt>
   <trkpt lat="-8.0341070" lon="112.9331660">
    <ele>2337.8</ele>
   </trkpt>
   <trkpt lat="-8.0340960" lon="112.9332290">
    <ele>2338.0</ele>
   </trkpt>
   <trkpt lat="-8.0341040" lon="112.9332550">
    <ele>2338.4</ele>
   </trkpt>
   <trkpt lat="-8.0340600" lon="112.9332540">
    <ele>2339.6</ele>
   </trkpt>
   <trkpt lat="-8.0340150" lon="112.9332370">
    <ele>2339.8</ele>
   </trkpt>
   <trkpt lat="-8.0340150" lon="112.9332480">
    <ele>2340.0</ele>
   </trkpt>
   <trkpt lat="-8.0340130" lon="112.9332930">
    <ele>2340.8</ele>
   </trkpt>
   <trkpt lat="-8.0340110" lon="112.9333030">
    <ele>2340.8</ele>
   </trkpt>
   <trkpt lat="-8.0340050" lon="112.9333100">
    <ele>2341.0</ele>
   </trkpt>
   <trkpt lat="-8.0340080" lon="112.9333980">
    <ele>2340.6</ele>
   </trkpt>
   <trkpt lat="-8.0339220" lon="112.9334180">
    <ele>2340.8</ele>
   </trkpt>
   <trkpt lat="-8.0339360" lon="112.9334670">
    <ele>2341.0</ele>
   </trkpt>
   <trkpt lat="-8.0339330" lon="112.9335230">
    <ele>2341.2</ele>
   </trkpt>
   <trkpt lat="-8.0339310" lon="112.9335690">
    <ele>2341.4</ele>
   </trkpt>
   <trkpt lat="-8.0339490" lon="112.9336090">
    <ele>2342.0</ele>
   </trkpt>
   <trkpt lat="-8.0339500" lon="112.9337380">
    <ele>2343.0</ele>
   </trkpt>
   <trkpt lat="-8.0338960" lon="112.9338100">
    <ele>2344.2</ele>
   </trkpt>
   <trkpt lat="-8.0338710" lon="112.9338440">
    <ele>2344.8</ele>
   </trkpt>
   <trkpt lat="-8.0338910" lon="112.9338760">
    <ele>2345.4</ele>
   </trkpt>
   <trkpt lat="-8.0338840" lon="112.9338890">
    <ele>2346.4</ele>
   </trkpt>
   <trkpt lat="-8.0338790" lon="112.9339020">
    <ele>2346.8</ele>
   </trkpt>
   <trkpt lat="-8.0338790" lon="112.9339150">
    <ele>2347.6</ele>
   </trkpt>
   <trkpt lat="-8.0338840" lon="112.9339330">
    <ele>2348.0</ele>
   </trkpt>
   <trkpt lat="-8.0338970" lon="112.9339980">
    <ele>2349.0</ele>
   </trkpt>
   <trkpt lat="-8.0339030" lon="112.9340070">
    <ele>2349.2</ele>
   </trkpt>
   <trkpt lat="-8.0340000" lon="112.9340230">
    <ele>2350.0</ele>
   </trkpt>
   <trkpt lat="-8.0340090" lon="112.9340350">
    <ele>2350.4</ele>
   </trkpt>
   <trkpt lat="-8.0340260" lon="112.9340380">
    <ele>2350.4</ele>
   </trkpt>
   <trkpt lat="-8.0340440" lon="112.9340690">
    <ele>2351.0</ele>
   </trkpt>
   <trkpt lat="-8.0340630" lon="112.9340780">
    <ele>2351.6</ele>
   </trkpt>
   <trkpt lat="-8.0341010" lon="112.9341020">
    <ele>2352.2</ele>
   </trkpt>
   <trkpt lat="-8.0341710" lon="112.9341510">
    <ele>2353.2</ele>
   </trkpt>
   <trkpt lat="-8.0341890" lon="112.9341620">
    <ele>2353.8</ele>
   </trkpt>
   <trkpt lat="-8.0342080" lon="112.9341660">
    <ele>2354.4</ele>
   </trkpt>
   <trkpt lat="-8.0342320" lon="112.9341770">
    <ele>2354.2</ele>
   </trkpt>
   <trkpt lat="-8.0343150" lon="112.9341670">
    <ele>2354.8</ele>
   </trkpt>
   <trkpt lat="-8.0343360" lon="112.9341650">
    <ele>2355.4</ele>
   </trkpt>
   <trkpt lat="-8.0344610" lon="112.9341630">
    <ele>2356.4</ele>
   </trkpt>
   <trkpt lat="-8.0344760" lon="112.9341540">
    <ele>2356.6</ele>
   </trkpt>
   <trkpt lat="-8.0345130" lon="112.9341230">
    <ele>2357.8</ele>
   </trkpt>
   <trkpt lat="-8.0345630" lon="112.9340950">
    <ele>2358.8</ele>
   </trkpt>
   <trkpt lat="-8.0346000" lon="112.9340680">
    <ele>2359.0</ele>
   </trkpt>
   <trkpt lat="-8.0346020" lon="112.9340620">
    <ele>2359.2</ele>
   </trkpt>
   <trkpt lat="-8.0346180" lon="112.9341020">
    <ele>2359.6</ele>
   </trkpt>
   <trkpt lat="-8.0346410" lon="112.9340950">
    <ele>2359.6</ele>
   </trkpt>
   <trkpt lat="-8.0346660" lon="112.9340830">
    <ele>2359.2</ele>
   </trkpt>
   <trkpt lat="-8.0346830" lon="112.9340820">
    <ele>2359.0</ele>
   </trkpt>
   <trkpt lat="-8.0347100" lon="112.9340760">
    <ele>2359.0</ele>
   </trkpt>
   <trkpt lat="-8.0347240" lon="112.9340630">
    <ele>2359.0</ele>
   </trkpt>
   <trkpt lat="-8.0347400" lon="112.9340450">
    <ele>2359.4</ele>
   </trkpt>
   <trkpt lat="-8.0347480" lon="112.9340400">
    <ele>2360.0</ele>
   </trkpt>
   <trkpt lat="-8.0347720" lon="112.9340340">
    <ele>2360.6</ele>
   </trkpt>
   <trkpt lat="-8.0347780" lon="112.9340200">
    <ele>2360.8</ele>
   </trkpt>
   <trkpt lat="-8.0348110" lon="112.9340120">
    <ele>2360.8</ele>
   </trkpt>
   <trkpt lat="-8.0348240" lon="112.9340010">
    <ele>2361.0</ele>
   </trkpt>
   <trkpt lat="-8.0348350" lon="112.9339930">
    <ele>2361.2</ele>
   </trkpt>
   <trkpt lat="-8.0348830" lon="112.9339740">
    <ele>2361.6</ele>
   </trkpt>
   <trkpt lat="-8.0349360" lon="112.9339630">
    <ele>2362.2</ele>
   </trkpt>
   <trkpt lat="-8.0349550" lon="112.9339620">
    <ele>2362.4</ele>
   </trkpt>
   <trkpt lat="-8.0349710" lon="112.9339560">
    <ele>2362.4</ele>
   </trkpt>
   <trkpt lat="-8.0350280" lon="112.9339270">
    <ele>2363.2</ele>
   </trkpt>
   <trkpt lat="-8.0350420" lon="112.9339250">
    <ele>2363.4</ele>
   </trkpt>
   <trkpt lat="-8.0350670" lon="112.9339170">
    <ele>2363.8</ele>
   </trkpt>
   <trkpt lat="-8.0350750" lon="112.9339070">
    <ele>2364.0</ele>
   </trkpt>
   <trkpt lat="-8.0351180" lon="112.9338620">
    <ele>2364.6</ele>
   </trkpt>
   <trkpt lat="-8.0351340" lon="112.9338340">
    <ele>2365.4</ele>
   </trkpt>
   <trkpt lat="-8.0351490" lon="112.9338210">
    <ele>2365.8</ele>
   </trkpt>
   <trkpt lat="-8.0351790" lon="112.9338040">
    <ele>2366.4</ele>
   </trkpt>
   <trkpt lat="-8.0351930" lon="112.9338000">
    <ele>2366.6</ele>
   </trkpt>
   <trkpt lat="-8.0352110" lon="112.9338050">
    <ele>2366.8</ele>
   </trkpt>
   <trkpt lat="-8.0352240" lon="112.9338070">
    <ele>2366.8</ele>
   </trkpt>
   <trkpt lat="-8.0352730" lon="112.9338350">
    <ele>2367.2</ele>
   </trkpt>
   <trkpt lat="-8.0353020" lon="112.9338580">
    <ele>2367.4</ele>
   </trkpt>
   <trkpt lat="-8.0353330" lon="112.9338720">
    <ele>2367.6</ele>
   </trkpt>
   <trkpt lat="-8.0353450" lon="112.9338790">
    <ele>2367.8</ele>
   </trkpt>
   <trkpt lat="-8.0353740" lon="112.9338830">
    <ele>2368.0</ele>
   </trkpt>
   <trkpt lat="-8.0354220" lon="112.9338660">
    <ele>2368.4</ele>
   </trkpt>
   <trkpt lat="-8.0354550" lon="112.9338430">
    <ele>2369.0</ele>
   </trkpt>
   <trkpt lat="-8.0354840" lon="112.9338120">
    <ele>2369.2</ele>
   </trkpt>
   <trkpt lat="-8.0355180" lon="112.9337690">
    <ele>2369.8</ele>
   </trkpt>
   <trkpt lat="-8.0355310" lon="112.9337630">
    <ele>2370.0</ele>
   </trkpt>
   <trkpt lat="-8.0355450" lon="112.9337550">
    <ele>2370.0</ele>
   </trkpt>
   <trkpt lat="-8.0355760" lon="112.9337360">
    <ele>2370.4</ele>
   </trkpt>
   <trkpt lat="-8.0356200" lon="112.9337110">
    <ele>2371.0</ele>
   </trkpt>
   <trkpt lat="-8.0356360" lon="112.9337080">
    <ele>2371.4</ele>
   </trkpt>
   <trkpt lat="-8.0356940" lon="112.9337200">
    <ele>2372.2</ele>
   </trkpt>
   <trkpt lat="-8.0357250" lon="112.9337290">
    <ele>2372.6</ele>
   </trkpt>
   <trkpt lat="-8.0357630" lon="112.9337480">
    <ele>2373.0</ele>
   </trkpt>
   <trkpt lat="-8.0357860" lon="112.9337460">
    <ele>2373.4</ele>
   </trkpt>
   <trkpt lat="-8.0358530" lon="112.9337280">
    <ele>2374.4</ele>
   </trkpt>
   <trkpt lat="-8.0358670" lon="112.9337260">
    <ele>2374.4</ele>
   </trkpt>
   <trkpt lat="-8.0359600" lon="112.9337080">
    <ele>2374.8</ele>
   </trkpt>
   <trkpt lat="-8.0360430" lon="112.9336520">
    <ele>2375.6</ele>
   </trkpt>
   <trkpt lat="-8.0360660" lon="112.9336390">
    <ele>2376.0</ele>
   </trkpt>
   <trkpt lat="-8.0360770" lon="112.9336350">
    <ele>2376.0</ele>
   </trkpt>
   <trkpt lat="-8.0360900" lon="112.9336430">
    <ele>2376.4</ele>
   </trkpt>
   <trkpt lat="-8.0360990" lon="112.9336570">
    <ele>2376.8</ele>
   </trkpt>
   <trkpt lat="-8.0361200" lon="112.9336770">
    <ele>2377.2</ele>
   </trkpt>
   <trkpt lat="-8.0361780" lon="112.9337000">
    <ele>2377.6</ele>
   </trkpt>
   <trkpt lat="-8.0362590" lon="112.9337490">
    <ele>2377.8</ele>
   </trkpt>
   <trkpt lat="-8.0362750" lon="112.9337560">
    <ele>2377.8</ele>
   </trkpt>
   <trkpt lat="-8.0363150" lon="112.9337540">
    <ele>2378.0</ele>
   </trkpt>
   <trkpt lat="-8.0363500" lon="112.9337540">
    <ele>2379.0</ele>
   </trkpt>
   <trkpt lat="-8.0363820" lon="112.9337530">
    <ele>2379.6</ele>
   </trkpt>
   <trkpt lat="-8.0364860" lon="112.9337830">
    <ele>2379.6</ele>
   </trkpt>
   <trkpt lat="-8.0365340" lon="112.9337990">
    <ele>2380.2</ele>
   </trkpt>
   <trkpt lat="-8.0365690" lon="112.9338050">
    <ele>2380.6</ele>
   </trkpt>
   <trkpt lat="-8.0365860" lon="112.9338060">
    <ele>2380.8</ele>
   </trkpt>
   <trkpt lat="-8.0366020" lon="112.9338120">
    <ele>2380.8</ele>
   </trkpt>
   <trkpt lat="-8.0366530" lon="112.9338240">
    <ele>2381.4</ele>
   </trkpt>
   <trkpt lat="-8.0366660" lon="112.9338230">
    <ele>2381.6</ele>
   </trkpt>
   <trkpt lat="-8.0367120" lon="112.9338480">
    <ele>2382.2</ele>
   </trkpt>
   <trkpt lat="-8.0367230" lon="112.9338550">
    <ele>2382.4</ele>
   </trkpt>
   <trkpt lat="-8.0367290" lon="112.9338700">
    <ele>2382.6</ele>
   </trkpt>
   <trkpt lat="-8.0367310" lon="112.9338850">
    <ele>2382.8</ele>
   </trkpt>
   <trkpt lat="-8.0367420" lon="112.9339250">
    <ele>2382.4</ele>
   </trkpt>
   <trkpt lat="-8.0367590" lon="112.9339390">
    <ele>2382.4</ele>
   </trkpt>
   <trkpt lat="-8.0368000" lon="112.9339410">
    <ele>2382.8</ele>
   </trkpt>
   <trkpt lat="-8.0368360" lon="112.9339670">
    <ele>2383.8</ele>
   </trkpt>
   <trkpt lat="-8.0368630" lon="112.9340120">
    <ele>2384.2</ele>
   </trkpt>
   <trkpt lat="-8.0368690" lon="112.9340330">
    <ele>2384.4</ele>
   </trkpt>
   <trkpt lat="-8.0368800" lon="112.9340570">
    <ele>2385.0</ele>
   </trkpt>
   <trkpt lat="-8.0368960" lon="112.9340860">
    <ele>2385.4</ele>
   </trkpt>
   <trkpt lat="-8.0369370" lon="112.9342010">
    <ele>2385.4</ele>
   </trkpt>
   <trkpt lat="-8.0369760" lon="112.9342900">
    <ele>2386.4</ele>
   </trkpt>
   <trkpt lat="-8.0370140" lon="112.9343180">
    <ele>2387.2</ele>
   </trkpt>
   <trkpt lat="-8.0370860" lon="112.9343480">
    <ele>2387.6</ele>
   </trkpt>
   <trkpt lat="-8.0371460" lon="112.9343630">
    <ele>2388.0</ele>
   </trkpt>
   <trkpt lat="-8.0372030" lon="112.9343660">
    <ele>2388.6</ele>
   </trkpt>
   <trkpt lat="-8.0372110" lon="112.9343660">
    <ele>2388.8</ele>
   </trkpt>
   <trkpt lat="-8.0372220" lon="112.9343570">
    <ele>2389.2</ele>
   </trkpt>
   <trkpt lat="-8.0372320" lon="112.9343360">
    <ele>2389.6</ele>
   </trkpt>
   <trkpt lat="-8.0372370" lon="112.9343170">
    <ele>2389.8</ele>
   </trkpt>
   <trkpt lat="-8.0372440" lon="112.9343020">
    <ele>2390.0</ele>
   </trkpt>
   <trkpt lat="-8.0372530" lon="112.9342520">
    <ele>2390.6</ele>
   </trkpt>
   <trkpt lat="-8.0372520" lon="112.9342430">
    <ele>2390.8</ele>
   </trkpt>
   <trkpt lat="-8.0372460" lon="112.9341750">
    <ele>2391.2</ele>
   </trkpt>
   <trkpt lat="-8.0372390" lon="112.9341260">
    <ele>2391.8</ele>
   </trkpt>
   <trkpt lat="-8.0372320" lon="112.9340800">
    <ele>2392.4</ele>
   </trkpt>
   <trkpt lat="-8.0372190" lon="112.9340270">
    <ele>2392.8</ele>
   </trkpt>
   <trkpt lat="-8.0372170" lon="112.9339540">
    <ele>2393.0</ele>
   </trkpt>
   <trkpt lat="-8.0372050" lon="112.9338730">
    <ele>2393.8</ele>
   </trkpt>
   <trkpt lat="-8.0372010" lon="112.9338600">
    <ele>2394.2</ele>
   </trkpt>
   <trkpt lat="-8.0372320" lon="112.9337580">
    <ele>2394.8</ele>
   </trkpt>
   <trkpt lat="-8.0372470" lon="112.9337450">
    <ele>2394.8</ele>
   </trkpt>
   <trkpt lat="-8.0372820" lon="112.9337060">
    <ele>2395.6</ele>
   </trkpt>
   <trkpt lat="-8.0372920" lon="112.9337010">
    <ele>2395.8</ele>
   </trkpt>
   <trkpt lat="-8.0373060" lon="112.9336930">
    <ele>2396.0</ele>
   </trkpt>
   <trkpt lat="-8.0373380" lon="112.9336690">
    <ele>2396.2</ele>
   </trkpt>
   <trkpt lat="-8.0373460" lon="112.9336600">
    <ele>2396.6</ele>
   </trkpt>
   <trkpt lat="-8.0373620" lon="112.9336440">
    <ele>2397.0</ele>
   </trkpt>
   <trkpt lat="-8.0373700" lon="112.9336340">
    <ele>2397.2</ele>
   </trkpt>
   <trkpt lat="-8.0374000" lon="112.9335910">
    <ele>2398.2</ele>
   </trkpt>
   <trkpt lat="-8.0374340" lon="112.9335550">
    <ele>2398.6</ele>
   </trkpt>
   <trkpt lat="-8.0374480" lon="112.9335100">
    <ele>2398.6</ele>
   </trkpt>
   <trkpt lat="-8.0374660" lon="112.9334800">
    <ele>2398.8</ele>
   </trkpt>
   <trkpt lat="-8.0375150" lon="112.9333760">
    <ele>2399.0</ele>
   </trkpt>
   <trkpt lat="-8.0375470" lon="112.9333210">
    <ele>2399.4</ele>
   </trkpt>
   <trkpt lat="-8.0375520" lon="112.9333090">
    <ele>2399.6</ele>
   </trkpt>
   <trkpt lat="-8.0375820" lon="112.9332180">
    <ele>2400.6</ele>
   </trkpt>
   <trkpt lat="-8.0375510" lon="112.9331540">
    <ele>2401.8</ele>
   </trkpt>
   <trkpt lat="-8.0375660" lon="112.9331120">
    <ele>2402.8</ele>
   </trkpt>
   <trkpt lat="-8.0375910" lon="112.9330670">
    <ele>2402.8</ele>
   </trkpt>
   <trkpt lat="-8.0376110" lon="112.9330430">
    <ele>2403.0</ele>
   </trkpt>
   <trkpt lat="-8.0376350" lon="112.9329950">
    <ele>2404.0</ele>
   </trkpt>
   <trkpt lat="-8.0376450" lon="112.9329740">
    <ele>2404.4</ele>
   </trkpt>
   <trkpt lat="-8.0376890" lon="112.9329540">
    <ele>2404.6</ele>
   </trkpt>
   <trkpt lat="-8.0377200" lon="112.9329550">
    <ele>2405.0</ele>
   </trkpt>
   <trkpt lat="-8.0377560" lon="112.9329550">
    <ele>2405.0</ele>
   </trkpt>
   <trkpt lat="-8.0378110" lon="112.9329320">
    <ele>2405.8</ele>
   </trkpt>
   <trkpt lat="-8.0378160" lon="112.9329190">
    <ele>2406.0</ele>
   </trkpt>
   <trkpt lat="-8.0378180" lon="112.9329010">
    <ele>2406.2</ele>
   </trkpt>
   <trkpt lat="-8.0378780" lon="112.9328470">
    <ele>2406.6</ele>
   </trkpt>
   <trkpt lat="-8.0379060" lon="112.9327730">
    <ele>2407.0</ele>
   </trkpt>
   <trkpt lat="-8.0379170" lon="112.9327420">
    <ele>2407.2</ele>
   </trkpt>
   <trkpt lat="-8.0379350" lon="112.9327270">
    <ele>2407.2</ele>
   </trkpt>
   <trkpt lat="-8.0379450" lon="112.9327120">
    <ele>2407.4</ele>
   </trkpt>
   <trkpt lat="-8.0379560" lon="112.9326910">
    <ele>2407.6</ele>
   </trkpt>
   <trkpt lat="-8.0379600" lon="112.9326380">
    <ele>2408.2</ele>
   </trkpt>
   <trkpt lat="-8.0379570" lon="112.9325780">
    <ele>2408.6</ele>
   </trkpt>
   <trkpt lat="-8.0379530" lon="112.9325230">
    <ele>2409.6</ele>
   </trkpt>
   <trkpt lat="-8.0379540" lon="112.9324960">
    <ele>2410.2</ele>
   </trkpt>
   <trkpt lat="-8.0379400" lon="112.9324220">
    <ele>2410.8</ele>
   </trkpt>
   <trkpt lat="-8.0379310" lon="112.9324130">
    <ele>2411.0</ele>
   </trkpt>
   <trkpt lat="-8.0378670" lon="112.9323760">
    <ele>2411.6</ele>
   </trkpt>
   <trkpt lat="-8.0378690" lon="112.9323640">
    <ele>2412.0</ele>
   </trkpt>
   <trkpt lat="-8.0378830" lon="112.9323240">
    <ele>2413.2</ele>
   </trkpt>
   <trkpt lat="-8.0379010" lon="112.9322910">
    <ele>2413.6</ele>
   </trkpt>
   <trkpt lat="-8.0379320" lon="112.9322080">
    <ele>2413.8</ele>
   </trkpt>
   <trkpt lat="-8.0379850" lon="112.9321680">
    <ele>2414.0</ele>
   </trkpt>
   <trkpt lat="-8.0379950" lon="112.9321640">
    <ele>2414.0</ele>
   </trkpt>
   <trkpt lat="-8.0380340" lon="112.9321480">
    <ele>2414.0</ele>
   </trkpt>
   <trkpt lat="-8.0381170" lon="112.9321450">
    <ele>2413.8</ele>
   </trkpt>
   <trkpt lat="-8.0383140" lon="112.9321260">
    <ele>2412.4</ele>
   </trkpt>
   <trkpt lat="-8.0383420" lon="112.9321260">
    <ele>2412.2</ele>
   </trkpt>
   <trkpt lat="-8.0384120" lon="112.9320430">
    <ele>2412.6</ele>
   </trkpt>
   <trkpt lat="-8.0384330" lon="112.9319710">
    <ele>2413.4</ele>
   </trkpt>
   <trkpt lat="-8.0384180" lon="112.9319070">
    <ele>2414.0</ele>
   </trkpt>
   <trkpt lat="-8.0384020" lon="112.9318650">
    <ele>2414.6</ele>
   </trkpt>
   <trkpt lat="-8.0384220" lon="112.9318170">
    <ele>2415.0</ele>
   </trkpt>
   <trkpt lat="-8.0384560" lon="112.9318030">
    <ele>2415.2</ele>
   </trkpt>
   <trkpt lat="-8.0385960" lon="112.9317940">
    <ele>2415.6</ele>
   </trkpt>
   <trkpt lat="-8.0386170" lon="112.9317900">
    <ele>2415.8</ele>
   </trkpt>
   <trkpt lat="-8.0386780" lon="112.9317660">
    <ele>2416.8</ele>
   </trkpt>
   <trkpt lat="-8.0386900" lon="112.9317610">
    <ele>2417.0</ele>
   </trkpt>
   <trkpt lat="-8.0387680" lon="112.9317490">
    <ele>2417.4</ele>
   </trkpt>
   <trkpt lat="-8.0388290" lon="112.9317540">
    <ele>2417.4</ele>
   </trkpt>
   <trkpt lat="-8.0388370" lon="112.9317400">
    <ele>2417.6</ele>
   </trkpt>
   <trkpt lat="-8.0388610" lon="112.9317220">
    <ele>2418.0</ele>
   </trkpt>
   <trkpt lat="-8.0389410" lon="112.9316870">
    <ele>2417.8</ele>
   </trkpt>
   <trkpt lat="-8.0390910" lon="112.9316420">
    <ele>2417.8</ele>
   </trkpt>
   <trkpt lat="-8.0391050" lon="112.9316270">
    <ele>2418.2</ele>
   </trkpt>
   <trkpt lat="-8.0391350" lon="112.9315950">
    <ele>2418.4</ele>
   </trkpt>
   <trkpt lat="-8.0391970" lon="112.9315730">
    <ele>2418.8</ele>
   </trkpt>
   <trkpt lat="-8.0392830" lon="112.9315350">
    <ele>2419.0</ele>
   </trkpt>
   <trkpt lat="-8.0393290" lon="112.9315100">
    <ele>2419.4</ele>
   </trkpt>
   <trkpt lat="-8.0393800" lon="112.9314710">
    <ele>2420.2</ele>
   </trkpt>
   <trkpt lat="-8.0394190" lon="112.9314200">
    <ele>2420.8</ele>
   </trkpt>
   <trkpt lat="-8.0394580" lon="112.9313580">
    <ele>2421.2</ele>
   </trkpt>
   <trkpt lat="-8.0394630" lon="112.9313450">
    <ele>2421.4</ele>
   </trkpt>
   <trkpt lat="-8.0395080" lon="112.9312980">
    <ele>2421.8</ele>
   </trkpt>
   <trkpt lat="-8.0395290" lon="112.9312810">
    <ele>2422.2</ele>
   </trkpt>
   <trkpt lat="-8.0395560" lon="112.9312890">
    <ele>2422.4</ele>
   </trkpt>
   <trkpt lat="-8.0395760" lon="112.9313690">
    <ele>2422.6</ele>
   </trkpt>
   <trkpt lat="-8.0395620" lon="112.9313980">
    <ele>2422.4</ele>
   </trkpt>
   <trkpt lat="-8.0395860" lon="112.9314510">
    <ele>2422.0</ele>
   </trkpt>
   <trkpt lat="-8.0396020" lon="112.9314310">
    <ele>2422.8</ele>
   </trkpt>
   <trkpt lat="-8.0396420" lon="112.9313850">
    <ele>2423.0</ele>
   </trkpt>
   <trkpt lat="-8.0396480" lon="112.9313690">
    <ele>2423.0</ele>
   </trkpt>
   <trkpt lat="-8.0396590" lon="112.9313230">
    <ele>2423.2</ele>
   </trkpt>
   <trkpt lat="-8.0396820" lon="112.9312950">
    <ele>2423.8</ele>
   </trkpt>
   <trkpt lat="-8.0397000" lon="112.9312700">
    <ele>2424.4</ele>
   </trkpt>
   <trkpt lat="-8.0397490" lon="112.9312260">
    <ele>2425.4</ele>
   </trkpt>
   <trkpt lat="-8.0397670" lon="112.9312030">
    <ele>2425.6</ele>
   </trkpt>
   <trkpt lat="-8.0398440" lon="112.9311480">
    <ele>2425.4</ele>
   </trkpt>
   <trkpt lat="-8.0399180" lon="112.9311070">
    <ele>2426.6</ele>
   </trkpt>
   <trkpt lat="-8.0399850" lon="112.9311270">
    <ele>2427.6</ele>
   </trkpt>
   <trkpt lat="-8.0399990" lon="112.9311110">
    <ele>2428.2</ele>
   </trkpt>
   <trkpt lat="-8.0400140" lon="112.9311010">
    <ele>2428.4</ele>
   </trkpt>
   <trkpt lat="-8.0400480" lon="112.9310660">
    <ele>2428.6</ele>
   </trkpt>
   <trkpt lat="-8.0400390" lon="112.9310520">
    <ele>2428.8</ele>
   </trkpt>
   <trkpt lat="-8.0400340" lon="112.9310530">
    <ele>2429.0</ele>
   </trkpt>
   <trkpt lat="-8.0399880" lon="112.9310600">
    <ele>2429.8</ele>
   </trkpt>
   <trkpt lat="-8.0399840" lon="112.9310840">
    <ele>2430.0</ele>
   </trkpt>
   <trkpt lat="-8.0399620" lon="112.9311870">
    <ele>2430.0</ele>
   </trkpt>
   <trkpt lat="-8.0399620" lon="112.9313230">
    <ele>2430.4</ele>
   </trkpt>
   <trkpt lat="-8.0399440" lon="112.9313630">
    <ele>2430.8</ele>
   </trkpt>
   <trkpt lat="-8.0399280" lon="112.9313910">
    <ele>2431.2</ele>
   </trkpt>
   <trkpt lat="-8.0399470" lon="112.9314970">
    <ele>2431.4</ele>
   </trkpt>
   <trkpt lat="-8.0399680" lon="112.9315100">
    <ele>2431.4</ele>
   </trkpt>
   <trkpt lat="-8.0400800" lon="112.9315360">
    <ele>2432.4</ele>
   </trkpt>
   <trkpt lat="-8.0401020" lon="112.9315290">
    <ele>2432.4</ele>
   </trkpt>
   <trkpt lat="-8.0402590" lon="112.9315010">
    <ele>2433.4</ele>
   </trkpt>
   <trkpt lat="-8.0402840" lon="112.9314940">
    <ele>2433.6</ele>
   </trkpt>
   <trkpt lat="-8.0404000" lon="112.9314490">
    <ele>2434.0</ele>
   </trkpt>
   <trkpt lat="-8.0404740" lon="112.9314830">
    <ele>2434.6</ele>
   </trkpt>
   <trkpt lat="-8.0405370" lon="112.9315160">
    <ele>2435.8</ele>
   </trkpt>
   <trkpt lat="-8.0405590" lon="112.9315180">
    <ele>2436.0</ele>
   </trkpt>
   <trkpt lat="-8.0406230" lon="112.9315260">
    <ele>2436.4</ele>
   </trkpt>
   <trkpt lat="-8.0406420" lon="112.9315290">
    <ele>2436.6</ele>
   </trkpt>
   <trkpt lat="-8.0406710" lon="112.9315340">
    <ele>2437.0</ele>
   </trkpt>
   <trkpt lat="-8.0407510" lon="112.9315550">
    <ele>2438.0</ele>
   </trkpt>
   <trkpt lat="-8.0407650" lon="112.9315570">
    <ele>2438.0</ele>
   </trkpt>
   <trkpt lat="-8.0407750" lon="112.9315370">
    <ele>2438.2</ele>
   </trkpt>
   <trkpt lat="-8.0407630" lon="112.9315280">
    <ele>2438.4</ele>
   </trkpt>
   <trkpt lat="-8.0407910" lon="112.9315460">
    <ele>2438.4</ele>
   </trkpt>
   <trkpt lat="-8.0408920" lon="112.9315620">
    <ele>2438.0</ele>
   </trkpt>
   <trkpt lat="-8.0409290" lon="112.9315880">
    <ele>2439.4</ele>
   </trkpt>
   <trkpt lat="-8.0409320" lon="112.9315780">
    <ele>2439.6</ele>
   </trkpt>
   <trkpt lat="-8.0409420" lon="112.9315790">
    <ele>2440.0</ele>
   </trkpt>
   <trkpt lat="-8.0409670" lon="112.9316040">
    <ele>2440.6</ele>
   </trkpt>
   <trkpt lat="-8.0409820" lon="112.9316190">
    <ele>2440.8</ele>
   </trkpt>
   <trkpt lat="-8.0410860" lon="112.9316680">
    <ele>2441.0</ele>
   </trkpt>
   <trkpt lat="-8.0411010" lon="112.9316710">
    <ele>2441.0</ele>
   </trkpt>
   <trkpt lat="-8.0411550" lon="112.9316850">
    <ele>2441.6</ele>
   </trkpt>
   <trkpt lat="-8.0411950" lon="112.9316710">
    <ele>2441.8</ele>
   </trkpt>
   <trkpt lat="-8.0412560" lon="112.9316570">
    <ele>2441.8</ele>
   </trkpt>
   <trkpt lat="-8.0412960" lon="112.9316710">
    <ele>2442.6</ele>
   </trkpt>
   <trkpt lat="-8.0413010" lon="112.9316590">
    <ele>2443.0</ele>
   </trkpt>
   <trkpt lat="-8.0413120" lon="112.9316380">
    <ele>2444.0</ele>
   </trkpt>
   <trkpt lat="-8.0413310" lon="112.9316200">
    <ele>2444.2</ele>
   </trkpt>
   <trkpt lat="-8.0413540" lon="112.9315920">
    <ele>2444.2</ele>
   </trkpt>
   <trkpt lat="-8.0413890" lon="112.9316190">
    <ele>2445.2</ele>
   </trkpt>
   <trkpt lat="-8.0413980" lon="112.9316240">
    <ele>2445.2</ele>
   </trkpt>
   <trkpt lat="-8.0414200" lon="112.9316440">
    <ele>2445.4</ele>
   </trkpt>
   <trkpt lat="-8.0414500" lon="112.9316350">
    <ele>2445.6</ele>
   </trkpt>
   <trkpt lat="-8.0415060" lon="112.9316230">
    <ele>2445.2</ele>
   </trkpt>
   <trkpt lat="-8.0415720" lon="112.9316120">
    <ele>2446.2</ele>
   </trkpt>
   <trkpt lat="-8.0415810" lon="112.9316120">
    <ele>2446.4</ele>
   </trkpt>
   <trkpt lat="-8.0416140" lon="112.9316150">
    <ele>2447.0</ele>
   </trkpt>
   <trkpt lat="-8.0416250" lon="112.9316240">
    <ele>2447.4</ele>
   </trkpt>
   <trkpt lat="-8.0416440" lon="112.9316880">
    <ele>2448.6</ele>
   </trkpt>
   <trkpt lat="-8.0416490" lon="112.9317000">
    <ele>2448.8</ele>
   </trkpt>
   <trkpt lat="-8.0416690" lon="112.9317660">
    <ele>2449.2</ele>
   </trkpt>
   <trkpt lat="-8.0416790" lon="112.9317720">
    <ele>2449.4</ele>
   </trkpt>
   <trkpt lat="-8.0416990" lon="112.9318040">
    <ele>2449.6</ele>
   </trkpt>
   <trkpt lat="-8.0417340" lon="112.9318040">
    <ele>2449.8</ele>
   </trkpt>
   <trkpt lat="-8.0417520" lon="112.9317960">
    <ele>2449.8</ele>
   </trkpt>
   <trkpt lat="-8.0417700" lon="112.9317960">
    <ele>2449.8</ele>
   </trkpt>
   <trkpt lat="-8.0417930" lon="112.9318050">
    <ele>2450.0</ele>
   </trkpt>
   <trkpt lat="-8.0418140" lon="112.9318110">
    <ele>2450.2</ele>
   </trkpt>
   <trkpt lat="-8.0418220" lon="112.9318210">
    <ele>2450.6</ele>
   </trkpt>
   <trkpt lat="-8.0418700" lon="112.9318560">
    <ele>2451.4</ele>
   </trkpt>
   <trkpt lat="-8.0418820" lon="112.9318630">
    <ele>2451.6</ele>
   </trkpt>
   <trkpt lat="-8.0419230" lon="112.9319130">
    <ele>2452.2</ele>
   </trkpt>
   <trkpt lat="-8.0419740" lon="112.9319990">
    <ele>2452.6</ele>
   </trkpt>
   <trkpt lat="-8.0419800" lon="112.9320100">
    <ele>2452.8</ele>
   </trkpt>
   <trkpt lat="-8.0420360" lon="112.9320670">
    <ele>2454.0</ele>
   </trkpt>
   <trkpt lat="-8.0420510" lon="112.9320770">
    <ele>2454.2</ele>
   </trkpt>
   <trkpt lat="-8.0420800" lon="112.9321180">
    <ele>2455.0</ele>
   </trkpt>
   <trkpt lat="-8.0421190" lon="112.9321480">
    <ele>2455.6</ele>
   </trkpt>
   <trkpt lat="-8.0421690" lon="112.9322170">
    <ele>2456.0</ele>
   </trkpt>
   <trkpt lat="-8.0421750" lon="112.9322260">
    <ele>2456.2</ele>
   </trkpt>
   <trkpt lat="-8.0422230" lon="112.9322840">
    <ele>2456.8</ele>
   </trkpt>
   <trkpt lat="-8.0422330" lon="112.9322930">
    <ele>2457.2</ele>
   </trkpt>
   <trkpt lat="-8.0422350" lon="112.9322960">
    <ele>2457.2</ele>
   </trkpt>
   <trkpt lat="-8.0422520" lon="112.9322900">
    <ele>2457.4</ele>
   </trkpt>
   <trkpt lat="-8.0422790" lon="112.9322930">
    <ele>2458.4</ele>
   </trkpt>
   <trkpt lat="-8.0422920" lon="112.9323010">
    <ele>2459.6</ele>
   </trkpt>
   <trkpt lat="-8.0423060" lon="112.9323020">
    <ele>2460.8</ele>
   </trkpt>
   <trkpt lat="-8.0423280" lon="112.9322720">
    <ele>2461.6</ele>
   </trkpt>
   <trkpt lat="-8.0423380" lon="112.9322690">
    <ele>2462.2</ele>
   </trkpt>
   <trkpt lat="-8.0423700" lon="112.9322710">
    <ele>2463.4</ele>
   </trkpt>
   <trkpt lat="-8.0423880" lon="112.9322760">
    <ele>2464.2</ele>
   </trkpt>
   <trkpt lat="-8.0423970" lon="112.9322750">
    <ele>2464.6</ele>
   </trkpt>
   <trkpt lat="-8.0424220" lon="112.9322670">
    <ele>2465.2</ele>
   </trkpt>
   <trkpt lat="-8.0424390" lon="112.9322660">
    <ele>2465.6</ele>
   </trkpt>
   <trkpt lat="-8.0424550" lon="112.9322860">
    <ele>2466.8</ele>
   </trkpt>
   <trkpt lat="-8.0424630" lon="112.9322930">
    <ele>2467.2</ele>
   </trkpt>
   <trkpt lat="-8.0424930" lon="112.9322940">
    <ele>2467.8</ele>
   </trkpt>
   <trkpt lat="-8.0425220" lon="112.9322960">
    <ele>2468.6</ele>
   </trkpt>
   <trkpt lat="-8.0425330" lon="112.9322990">
    <ele>2469.2</ele>
   </trkpt>
   <trkpt lat="-8.0425630" lon="112.9322820">
    <ele>2470.4</ele>
   </trkpt>
   <trkpt lat="-8.0425860" lon="112.9322780">
    <ele>2471.0</ele>
   </trkpt>
   <trkpt lat="-8.0425930" lon="112.9322750">
    <ele>2471.8</ele>
   </trkpt>
   <trkpt lat="-8.0426020" lon="112.9322880">
    <ele>2472.8</ele>
   </trkpt>
   <trkpt lat="-8.0426160" lon="112.9322950">
    <ele>2473.4</ele>
   </trkpt>
   <trkpt lat="-8.0426280" lon="112.9322950">
    <ele>2474.2</ele>
   </trkpt>
   <trkpt lat="-8.0426620" lon="112.9323020">
    <ele>2475.4</ele>
   </trkpt>
   <trkpt lat="-8.0426670" lon="112.9323070">
    <ele>2475.8</ele>
   </trkpt>
   <trkpt lat="-8.0426880" lon="112.9322950">
    <ele>2476.6</ele>
   </trkpt>
   <trkpt lat="-8.0427120" lon="112.9322850">
    <ele>2477.6</ele>
   </trkpt>
   <trkpt lat="-8.0427210" lon="112.9322830">
    <ele>2477.8</ele>
   </trkpt>
   <trkpt lat="-8.0427490" lon="112.9322960">
    <ele>2478.2</ele>
   </trkpt>
   <trkpt lat="-8.0427680" lon="112.9323100">
    <ele>2479.0</ele>
   </trkpt>
   <trkpt lat="-8.0427780" lon="112.9323080">
    <ele>2479.8</ele>
   </trkpt>
   <trkpt lat="-8.0427820" lon="112.9323050">
    <ele>2480.4</ele>
   </trkpt>
   <trkpt lat="-8.0428110" lon="112.9322920">
    <ele>2481.8</ele>
   </trkpt>
   <trkpt lat="-8.0428180" lon="112.9322850">
    <ele>2482.2</ele>
   </trkpt>
   <trkpt lat="-8.0428270" lon="112.9322810">
    <ele>2482.8</ele>
   </trkpt>
   <trkpt lat="-8.0428410" lon="112.9322760">
    <ele>2483.4</ele>
   </trkpt>
   <trkpt lat="-8.0428530" lon="112.9322610">
    <ele>2483.6</ele>
   </trkpt>
   <trkpt lat="-8.0428640" lon="112.9322830">
    <ele>2484.0</ele>
   </trkpt>
   <trkpt lat="-8.0428670" lon="112.9322910">
    <ele>2484.2</ele>
   </trkpt>
   <trkpt lat="-8.0428840" lon="112.9323060">
    <ele>2485.2</ele>
   </trkpt>
   <trkpt lat="-8.0428910" lon="112.9323100">
    <ele>2485.6</ele>
   </trkpt>
   <trkpt lat="-8.0429150" lon="112.9323030">
    <ele>2485.8</ele>
   </trkpt>
   <trkpt lat="-8.0429270" lon="112.9322950">
    <ele>2485.8</ele>
   </trkpt>
   <trkpt lat="-8.0429400" lon="112.9322880">
    <ele>2486.0</ele>
   </trkpt>
   <trkpt lat="-8.0429540" lon="112.9322820">
    <ele>2486.4</ele>
   </trkpt>
   <trkpt lat="-8.0429960" lon="112.9322850">
    <ele>2487.0</ele>
   </trkpt>
   <trkpt lat="-8.0430240" lon="112.9322810">
    <ele>2487.2</ele>
   </trkpt>
   <trkpt lat="-8.0430420" lon="112.9322780">
    <ele>2487.2</ele>
   </trkpt>
   <trkpt lat="-8.0430630" lon="112.9322760">
    <ele>2487.4</ele>
   </trkpt>
   <trkpt lat="-8.0431750" lon="112.9322770">
    <ele>2488.0</ele>
   </trkpt>
   <trkpt lat="-8.0432410" lon="112.9322710">
    <ele>2488.8</ele>
   </trkpt>
   <trkpt lat="-8.0432440" lon="112.9322660">
    <ele>2489.2</ele>
   </trkpt>
   <trkpt lat="-8.0432470" lon="112.9322810">
    <ele>2489.6</ele>
   </trkpt>
   <trkpt lat="-8.0432430" lon="112.9322830">
    <ele>2489.8</ele>
   </trkpt>
   <trkpt lat="-8.0432320" lon="112.9323040">
    <ele>2490.2</ele>
   </trkpt>
   <trkpt lat="-8.0432280" lon="112.9323140">
    <ele>2490.0</ele>
   </trkpt>
   <trkpt lat="-8.0432370" lon="112.9323100">
    <ele>2490.6</ele>
   </trkpt>
   <trkpt lat="-8.0432570" lon="112.9322870">
    <ele>2490.4</ele>
   </trkpt>
   <trkpt lat="-8.0433170" lon="112.9322980">
    <ele>2490.4</ele>
   </trkpt>
   <trkpt lat="-8.0434440" lon="112.9322880">
    <ele>2491.2</ele>
   </trkpt>
   <trkpt lat="-8.0434710" lon="112.9322870">
    <ele>2491.6</ele>
   </trkpt>
   <trkpt lat="-8.0435410" lon="112.9322860">
    <ele>2492.2</ele>
   </trkpt>
   <trkpt lat="-8.0436160" lon="112.9322700">
    <ele>2492.6</ele>
   </trkpt>
   <trkpt lat="-8.0436600" lon="112.9322490">
    <ele>2493.6</ele>
   </trkpt>
   <trkpt lat="-8.0437260" lon="112.9322180">
    <ele>2494.8</ele>
   </trkpt>
   <trkpt lat="-8.0438420" lon="112.9321930">
    <ele>2495.8</ele>
   </trkpt>
   <trkpt lat="-8.0438660" lon="112.9321890">
    <ele>2495.8</ele>
   </trkpt>
   <trkpt lat="-8.0439860" lon="112.9321070">
    <ele>2497.2</ele>
   </trkpt>
   <trkpt lat="-8.0440000" lon="112.9320830">
    <ele>2497.8</ele>
   </trkpt>
   <trkpt lat="-8.0440440" lon="112.9320470">
    <ele>2498.2</ele>
   </trkpt>
   <trkpt lat="-8.0440760" lon="112.9320140">
    <ele>2498.2</ele>
   </trkpt>
   <trkpt lat="-8.0441320" lon="112.9319510">
    <ele>2499.0</ele>
   </trkpt>
   <trkpt lat="-8.0441530" lon="112.9319140">
    <ele>2499.4</ele>
   </trkpt>
   <trkpt lat="-8.0441960" lon="112.9318780">
    <ele>2500.6</ele>
   </trkpt>
   <trkpt lat="-8.0442090" lon="112.9318640">
    <ele>2500.8</ele>
   </trkpt>
   <trkpt lat="-8.0442380" lon="112.9318340">
    <ele>2501.6</ele>
   </trkpt>
   <trkpt lat="-8.0442630" lon="112.9317870">
    <ele>2502.2</ele>
   </trkpt>
   <trkpt lat="-8.0442700" lon="112.9317070">
    <ele>2502.6</ele>
   </trkpt>
   <trkpt lat="-8.0442780" lon="112.9316980">
    <ele>2502.8</ele>
   </trkpt>
   <trkpt lat="-8.0442880" lon="112.9316770">
    <ele>2503.6</ele>
   </trkpt>
   <trkpt lat="-8.0442940" lon="112.9316650">
    <ele>2503.8</ele>
   </trkpt>
   <trkpt lat="-8.0442960" lon="112.9316500">
    <ele>2504.2</ele>
   </trkpt>
   <trkpt lat="-8.0443360" lon="112.9315840">
    <ele>2504.8</ele>
   </trkpt>
   <trkpt lat="-8.0443540" lon="112.9315570">
    <ele>2505.6</ele>
   </trkpt>
   <trkpt lat="-8.0443650" lon="112.9315370">
    <ele>2506.2</ele>
   </trkpt>
   <trkpt lat="-8.0443910" lon="112.9314940">
    <ele>2507.2</ele>
   </trkpt>
   <trkpt lat="-8.0444080" lon="112.9314740">
    <ele>2507.4</ele>
   </trkpt>
   <trkpt lat="-8.0444600" lon="112.9313700">
    <ele>2506.4</ele>
   </trkpt>
   <trkpt lat="-8.0444830" lon="112.9313180">
    <ele>2506.4</ele>
   </trkpt>
   <trkpt lat="-8.0444710" lon="112.9312880">
    <ele>2507.0</ele>
   </trkpt>
   <trkpt lat="-8.0444360" lon="112.9312350">
    <ele>2507.8</ele>
   </trkpt>
   <trkpt lat="-8.0444290" lon="112.9312040">
    <ele>2508.2</ele>
   </trkpt>
   <trkpt lat="-8.0444160" lon="112.9311610">
    <ele>2508.6</ele>
   </trkpt>
   <trkpt lat="-8.0444070" lon="112.9311450">
    <ele>2509.0</ele>
   </trkpt>
   <trkpt lat="-8.0443980" lon="112.9311170">
    <ele>2509.4</ele>
   </trkpt>
   <trkpt lat="-8.0443870" lon="112.9310980">
    <ele>2509.6</ele>
   </trkpt>
   <trkpt lat="-8.0443740" lon="112.9310810">
    <ele>2509.8</ele>
   </trkpt>
   <trkpt lat="-8.0443410" lon="112.9310590">
    <ele>2510.4</ele>
   </trkpt>
   <trkpt lat="-8.0443200" lon="112.9310460">
    <ele>2511.0</ele>
   </trkpt>
   <trkpt lat="-8.0442890" lon="112.9310230">
    <ele>2511.4</ele>
   </trkpt>
   <trkpt lat="-8.0442910" lon="112.9310180">
    <ele>2511.6</ele>
   </trkpt>
   <trkpt lat="-8.0442930" lon="112.9310000">
    <ele>2511.8</ele>
   </trkpt>
   <trkpt lat="-8.0442850" lon="112.9309810">
    <ele>2512.2</ele>
   </trkpt>
   <trkpt lat="-8.0442770" lon="112.9309630">
    <ele>2512.6</ele>
   </trkpt>
   <trkpt lat="-8.0442750" lon="112.9309510">
    <ele>2512.8</ele>
   </trkpt>
   <trkpt lat="-8.0442590" lon="112.9309310">
    <ele>2513.2</ele>
   </trkpt>
   <trkpt lat="-8.0442590" lon="112.9309190">
    <ele>2513.4</ele>
   </trkpt>
   <trkpt lat="-8.0442890" lon="112.9309070">
    <ele>2513.8</ele>
   </trkpt>
   <trkpt lat="-8.0443010" lon="112.9309000">
    <ele>2513.8</ele>
   </trkpt>
   <trkpt lat="-8.0443370" lon="112.9308760">
    <ele>2513.6</ele>
   </trkpt>
   <trkpt lat="-8.0443120" lon="112.9308540">
    <ele>2513.6</ele>
   </trkpt>
   <trkpt lat="-8.0442270" lon="112.9308060">
    <ele>2513.8</ele>
   </trkpt>
   <trkpt lat="-8.0442220" lon="112.9307140">
    <ele>2514.4</ele>
   </trkpt>
   <trkpt lat="-8.0442300" lon="112.9307170">
    <ele>2515.0</ele>
   </trkpt>
   <trkpt lat="-8.0442600" lon="112.9307140">
    <ele>2515.0</ele>
   </trkpt>
   <trkpt lat="-8.0442990" lon="112.9307050">
    <ele>2515.2</ele>
   </trkpt>
   <trkpt lat="-8.0443310" lon="112.9306740">
    <ele>2516.0</ele>
   </trkpt>
   <trkpt lat="-8.0443340" lon="112.9306610">
    <ele>2516.2</ele>
   </trkpt>
   <trkpt lat="-8.0443340" lon="112.9306470">
    <ele>2516.4</ele>
   </trkpt>
   <trkpt lat="-8.0443270" lon="112.9306350">
    <ele>2516.6</ele>
   </trkpt>
   <trkpt lat="-8.0443130" lon="112.9306120">
    <ele>2517.2</ele>
   </trkpt>
   <trkpt lat="-8.0443130" lon="112.9306130">
    <ele>2517.4</ele>
   </trkpt>
   <trkpt lat="-8.0442980" lon="112.9305920">
    <ele>2517.2</ele>
   </trkpt>
   <trkpt lat="-8.0442890" lon="112.9305800">
    <ele>2517.2</ele>
   </trkpt>
   <trkpt lat="-8.0442090" lon="112.9304810">
    <ele>2516.2</ele>
   </trkpt>
   <trkpt lat="-8.0442060" lon="112.9304580">
    <ele>2516.2</ele>
   </trkpt>
   <trkpt lat="-8.0442100" lon="112.9303800">
    <ele>2516.6</ele>
   </trkpt>
   <trkpt lat="-8.0442470" lon="112.9303470">
    <ele>2517.0</ele>
   </trkpt>
   <trkpt lat="-8.0442570" lon="112.9303350">
    <ele>2516.8</ele>
   </trkpt>
   <trkpt lat="-8.0442860" lon="112.9302910">
    <ele>2517.4</ele>
   </trkpt>
   <trkpt lat="-8.0443380" lon="112.9302360">
    <ele>2517.2</ele>
   </trkpt>
   <trkpt lat="-8.0443560" lon="112.9302210">
    <ele>2517.2</ele>
   </trkpt>
   <trkpt lat="-8.0444080" lon="112.9301960">
    <ele>2517.0</ele>
   </trkpt>
   <trkpt lat="-8.0444340" lon="112.9301910">
    <ele>2516.8</ele>
   </trkpt>
   <trkpt lat="-8.0444900" lon="112.9301720">
    <ele>2516.8</ele>
   </trkpt>
   <trkpt lat="-8.0445340" lon="112.9301740">
    <ele>2518.0</ele>
   </trkpt>
   <trkpt lat="-8.0445570" lon="112.9301790">
    <ele>2518.6</ele>
   </trkpt>
   <trkpt lat="-8.0446060" lon="112.9301980">
    <ele>2519.4</ele>
   </trkpt>
   <trkpt lat="-8.0446260" lon="112.9302080">
    <ele>2519.6</ele>
   </trkpt>
   <trkpt lat="-8.0446390" lon="112.9302100">
    <ele>2519.6</ele>
   </trkpt>
   <trkpt lat="-8.0446610" lon="112.9302220">
    <ele>2520.2</ele>
   </trkpt>
   <trkpt lat="-8.0446720" lon="112.9302330">
    <ele>2520.6</ele>
   </trkpt>
   <trkpt lat="-8.0446960" lon="112.9302550">
    <ele>2521.0</ele>
   </trkpt>
   <trkpt lat="-8.0447700" lon="112.9303160">
    <ele>2521.8</ele>
   </trkpt>
   <trkpt lat="-8.0448110" lon="112.9303340">
    <ele>2522.6</ele>
   </trkpt>
   <trkpt lat="-8.0448190" lon="112.9303220">
    <ele>2523.0</ele>
   </trkpt>
   <trkpt lat="-8.0448720" lon="112.9303090">
    <ele>2522.8</ele>
   </trkpt>
   <trkpt lat="-8.0449550" lon="112.9302710">
    <ele>2524.2</ele>
   </trkpt>
   <trkpt lat="-8.0449690" lon="112.9302530">
    <ele>2524.6</ele>
   </trkpt>
   <trkpt lat="-8.0449930" lon="112.9301860">
    <ele>2524.8</ele>
   </trkpt>
   <trkpt lat="-8.0450190" lon="112.9301630">
    <ele>2524.8</ele>
   </trkpt>
   <trkpt lat="-8.0450400" lon="112.9300310">
    <ele>2524.8</ele>
   </trkpt>
   <trkpt lat="-8.0450670" lon="112.9300130">
    <ele>2525.4</ele>
   </trkpt>
   <trkpt lat="-8.0450890" lon="112.9299830">
    <ele>2526.2</ele>
   </trkpt>
   <trkpt lat="-8.0451010" lon="112.9299630">
    <ele>2526.4</ele>
   </trkpt>
   <trkpt lat="-8.0451550" lon="112.9298480">
    <ele>2526.0</ele>
   </trkpt>
   <trkpt lat="-8.0452380" lon="112.9297250">
    <ele>2525.6</ele>
   </trkpt>
   <trkpt lat="-8.0452850" lon="112.9296580">
    <ele>2527.6</ele>
   </trkpt>
   <trkpt lat="-8.0453040" lon="112.9296390">
    <ele>2527.6</ele>
   </trkpt>
   <trkpt lat="-8.0453380" lon="112.9296020">
    <ele>2527.6</ele>
   </trkpt>
   <trkpt lat="-8.0453600" lon="112.9295530">
    <ele>2527.6</ele>
   </trkpt>
   <trkpt lat="-8.0453860" lon="112.9295240">
    <ele>2527.8</ele>
   </trkpt>
   <trkpt lat="-8.0454400" lon="112.9294860">
    <ele>2528.2</ele>
   </trkpt>
   <trkpt lat="-8.0454560" lon="112.9294640">
    <ele>2528.4</ele>
   </trkpt>
   <trkpt lat="-8.0454660" lon="112.9294470">
    <ele>2528.6</ele>
   </trkpt>
   <trkpt lat="-8.0454730" lon="112.9294440">
    <ele>2529.0</ele>
   </trkpt>
   <trkpt lat="-8.0455090" lon="112.9293870">
    <ele>2529.8</ele>
   </trkpt>
   <trkpt lat="-8.0455720" lon="112.9293260">
    <ele>2531.0</ele>
   </trkpt>
   <trkpt lat="-8.0455810" lon="112.9293140">
    <ele>2531.4</ele>
   </trkpt>
   <trkpt lat="-8.0456530" lon="112.9292580">
    <ele>2531.6</ele>
   </trkpt>
   <trkpt lat="-8.0456620" lon="112.9292490">
    <ele>2531.6</ele>
   </trkpt>
   <trkpt lat="-8.0457140" lon="112.9292060">
    <ele>2531.4</ele>
   </trkpt>
   <trkpt lat="-8.0457860" lon="112.9291330">
    <ele>2530.8</ele>
   </trkpt>
   <trkpt lat="-8.0458510" lon="112.9290810">
    <ele>2530.4</ele>
   </trkpt>
   <trkpt lat="-8.0458730" lon="112.9290680">
    <ele>2530.0</ele>
   </trkpt>
   <trkpt lat="-8.0459130" lon="112.9290500">
    <ele>2530.2</ele>
   </trkpt>
   <trkpt lat="-8.0459230" lon="112.9290430">
    <ele>2530.4</ele>
   </trkpt>
   <trkpt lat="-8.0459890" lon="112.9290030">
    <ele>2529.2</ele>
   </trkpt>
   <trkpt lat="-8.0460620" lon="112.9289280">
    <ele>2529.6</ele>
   </trkpt>
   <trkpt lat="-8.0460550" lon="112.9287940">
    <ele>2529.2</ele>
   </trkpt>
   <trkpt lat="-8.0460540" lon="112.9287070">
    <ele>2528.8</ele>
   </trkpt>
   <trkpt lat="-8.0460480" lon="112.9286490">
    <ele>2528.0</ele>
   </trkpt>
   <trkpt lat="-8.0459710" lon="112.9285840">
    <ele>2527.2</ele>
   </trkpt>
   <trkpt lat="-8.0458350" lon="112.9285150">
    <ele>2526.2</ele>
   </trkpt>
   <trkpt lat="-8.0458120" lon="112.9284950">
    <ele>2526.0</ele>
   </trkpt>
   <trkpt lat="-8.0457980" lon="112.9284830">
    <ele>2525.8</ele>
   </trkpt>
   <trkpt lat="-8.0458030" lon="112.9284750">
    <ele>2525.6</ele>
   </trkpt>
   <trkpt lat="-8.0458160" lon="112.9284630">
    <ele>2525.6</ele>
   </trkpt>
   <trkpt lat="-8.0458450" lon="112.9284200">
    <ele>2525.2</ele>
   </trkpt>
   <trkpt lat="-8.0458790" lon="112.9284110">
    <ele>2525.2</ele>
   </trkpt>
   <trkpt lat="-8.0459140" lon="112.9283950">
    <ele>2525.0</ele>
   </trkpt>
   <trkpt lat="-8.0460600" lon="112.9283430">
    <ele>2523.8</ele>
   </trkpt>
   <trkpt lat="-8.0461490" lon="112.9283270">
    <ele>2522.6</ele>
   </trkpt>
   <trkpt lat="-8.0462260" lon="112.9283070">
    <ele>2521.8</ele>
   </trkpt>
   <trkpt lat="-8.0462740" lon="112.9282840">
    <ele>2521.4</ele>
   </trkpt>
   <trkpt lat="-8.0463560" lon="112.9282620">
    <ele>2520.6</ele>
   </trkpt>
   <trkpt lat="-8.0464110" lon="112.9282230">
    <ele>2520.0</ele>
   </trkpt>
   <trkpt lat="-8.0464590" lon="112.9281790">
    <ele>2519.6</ele>
   </trkpt>
   <trkpt lat="-8.0465020" lon="112.9281460">
    <ele>2518.8</ele>
   </trkpt>
   <trkpt lat="-8.0465840" lon="112.9281260">
    <ele>2518.6</ele>
   </trkpt>
   <trkpt lat="-8.0467140" lon="112.9281670">
    <ele>2517.8</ele>
   </trkpt>
   <trkpt lat="-8.0467890" lon="112.9282000">
    <ele>2517.6</ele>
   </trkpt>
   <trkpt lat="-8.0468050" lon="112.9282170">
    <ele>2517.4</ele>
   </trkpt>
   <trkpt lat="-8.0468210" lon="112.9282240">
    <ele>2516.6</ele>
   </trkpt>
   <trkpt lat="-8.0468420" lon="112.9282270">
    <ele>2516.2</ele>
   </trkpt>
   <trkpt lat="-8.0468630" lon="112.9282270">
    <ele>2515.6</ele>
   </trkpt>
   <trkpt lat="-8.0468930" lon="112.9282290">
    <ele>2515.6</ele>
   </trkpt>
   <trkpt lat="-8.0469350" lon="112.9282270">
    <ele>2515.4</ele>
   </trkpt>
   <trkpt lat="-8.0469420" lon="112.9282350">
    <ele>2516.0</ele>
   </trkpt>
   <trkpt lat="-8.0470090" lon="112.9282530">
    <ele>2514.0</ele>
   </trkpt>
   <trkpt lat="-8.0470860" lon="112.9282300">
    <ele>2513.0</ele>
   </trkpt>
   <trkpt lat="-8.0471100" lon="112.9282220">
    <ele>2512.8</ele>
   </trkpt>
   <trkpt lat="-8.0471850" lon="112.9282020">
    <ele>2511.8</ele>
   </trkpt>
   <trkpt lat="-8.0472240" lon="112.9281770">
    <ele>2511.4</ele>
   </trkpt>
   <trkpt lat="-8.0472370" lon="112.9281590">
    <ele>2511.2</ele>
   </trkpt>
   <trkpt lat="-8.0472570" lon="112.9280800">
    <ele>2510.6</ele>
   </trkpt>
   <trkpt lat="-8.0472660" lon="112.9279780">
    <ele>2509.4</ele>
   </trkpt>
   <trkpt lat="-8.0472710" lon="112.9279280">
    <ele>2508.6</ele>
   </trkpt>
   <trkpt lat="-8.0472750" lon="112.9279010">
    <ele>2508.2</ele>
   </trkpt>
   <trkpt lat="-8.0473170" lon="112.9277870">
    <ele>2507.0</ele>
   </trkpt>
   <trkpt lat="-8.0473290" lon="112.9277600">
    <ele>2507.0</ele>
   </trkpt>
   <trkpt lat="-8.0473520" lon="112.9276680">
    <ele>2506.4</ele>
   </trkpt>
   <trkpt lat="-8.0473660" lon="112.9276390">
    <ele>2505.8</ele>
   </trkpt>
   <trkpt lat="-8.0473660" lon="112.9276330">
    <ele>2505.4</ele>
   </trkpt>
   <trkpt lat="-8.0473710" lon="112.9276100">
    <ele>2505.8</ele>
   </trkpt>
   <trkpt lat="-8.0473750" lon="112.9275990">
    <ele>2505.8</ele>
   </trkpt>
   <trkpt lat="-8.0474240" lon="112.9274920">
    <ele>2505.6</ele>
   </trkpt>
   <trkpt lat="-8.0474370" lon="112.9274720">
    <ele>2505.2</ele>
   </trkpt>
   <trkpt lat="-8.0474520" lon="112.9274500">
    <ele>2504.8</ele>
   </trkpt>
   <trkpt lat="-8.0474900" lon="112.9273920">
    <ele>2503.6</ele>
   </trkpt>
   <trkpt lat="-8.0475030" lon="112.9273730">
    <ele>2503.2</ele>
   </trkpt>
   <trkpt lat="-8.0475280" lon="112.9272840">
    <ele>2502.8</ele>
   </trkpt>
   <trkpt lat="-8.0475350" lon="112.9272600">
    <ele>2502.4</ele>
   </trkpt>
   <trkpt lat="-8.0475670" lon="112.9271320">
    <ele>2501.2</ele>
   </trkpt>
   <trkpt lat="-8.0476000" lon="112.9270210">
    <ele>2500.0</ele>
   </trkpt>
   <trkpt lat="-8.0475900" lon="112.9269520">
    <ele>2499.4</ele>
   </trkpt>
   <trkpt lat="-8.0475950" lon="112.9269520">
    <ele>2498.8</ele>
   </trkpt>
   <trkpt lat="-8.0475930" lon="112.9269580">
    <ele>2498.6</ele>
   </trkpt>
   <trkpt lat="-8.0476130" lon="112.9269460">
    <ele>2498.4</ele>
   </trkpt>
   <trkpt lat="-8.0476120" lon="112.9269090">
    <ele>2498.4</ele>
   </trkpt>
   <trkpt lat="-8.0476860" lon="112.9267870">
    <ele>2497.4</ele>
   </trkpt>
   <trkpt lat="-8.0477230" lon="112.9266900">
    <ele>2496.2</ele>
   </trkpt>
   <trkpt lat="-8.0477720" lon="112.9265560">
    <ele>2495.4</ele>
   </trkpt>
   <trkpt lat="-8.0477980" lon="112.9265070">
    <ele>2494.8</ele>
   </trkpt>
   <trkpt lat="-8.0478030" lon="112.9264240">
    <ele>2494.0</ele>
   </trkpt>
   <trkpt lat="-8.0477980" lon="112.9263950">
    <ele>2493.0</ele>
   </trkpt>
   <trkpt lat="-8.0477950" lon="112.9263420">
    <ele>2492.0</ele>
   </trkpt>
   <trkpt lat="-8.0477860" lon="112.9262520">
    <ele>2491.0</ele>
   </trkpt>
   <trkpt lat="-8.0477640" lon="112.9261070">
    <ele>2489.8</ele>
   </trkpt>
   <trkpt lat="-8.0477670" lon="112.9260760">
    <ele>2489.2</ele>
   </trkpt>
   <trkpt lat="-8.0477790" lon="112.9259530">
    <ele>2488.6</ele>
   </trkpt>
   <trkpt lat="-8.0477770" lon="112.9259250">
    <ele>2488.6</ele>
   </trkpt>
   <trkpt lat="-8.0477810" lon="112.9258200">
    <ele>2487.2</ele>
   </trkpt>
   <trkpt lat="-8.0477720" lon="112.9257990">
    <ele>2486.8</ele>
   </trkpt>
   <trkpt lat="-8.0477460" lon="112.9257680">
    <ele>2486.6</ele>
   </trkpt>
   <trkpt lat="-8.0477520" lon="112.9257300">
    <ele>2486.4</ele>
   </trkpt>
   <trkpt lat="-8.0477400" lon="112.9256370">
    <ele>2486.2</ele>
   </trkpt>
   <trkpt lat="-8.0477410" lon="112.9254840">
    <ele>2485.4</ele>
   </trkpt>
   <trkpt lat="-8.0477490" lon="112.9254590">
    <ele>2485.2</ele>
   </trkpt>
   <trkpt lat="-8.0477170" lon="112.9253610">
    <ele>2484.0</ele>
   </trkpt>
   <trkpt lat="-8.0476730" lon="112.9252920">
    <ele>2482.8</ele>
   </trkpt>
   <trkpt lat="-8.0476690" lon="112.9252710">
    <ele>2482.6</ele>
   </trkpt>
   <trkpt lat="-8.0476750" lon="112.9252500">
    <ele>2482.4</ele>
   </trkpt>
   <trkpt lat="-8.0476790" lon="112.9252170">
    <ele>2481.8</ele>
   </trkpt>
   <trkpt lat="-8.0477080" lon="112.9251510">
    <ele>2480.6</ele>
   </trkpt>
   <trkpt lat="-8.0477400" lon="112.9250410">
    <ele>2479.2</ele>
   </trkpt>
   <trkpt lat="-8.0477360" lon="112.9250120">
    <ele>2479.2</ele>
   </trkpt>
   <trkpt lat="-8.0476550" lon="112.9248880">
    <ele>2478.8</ele>
   </trkpt>
   <trkpt lat="-8.0475550" lon="112.9248070">
    <ele>2478.2</ele>
   </trkpt>
   <trkpt lat="-8.0475260" lon="112.9247620">
    <ele>2477.2</ele>
   </trkpt>
   <trkpt lat="-8.0475320" lon="112.9247440">
    <ele>2476.8</ele>
   </trkpt>
   <trkpt lat="-8.0475530" lon="112.9247080">
    <ele>2476.0</ele>
   </trkpt>
   <trkpt lat="-8.0476050" lon="112.9246590">
    <ele>2474.8</ele>
   </trkpt>
   <trkpt lat="-8.0476260" lon="112.9246470">
    <ele>2474.4</ele>
   </trkpt>
   <trkpt lat="-8.0476470" lon="112.9246270">
    <ele>2473.8</ele>
   </trkpt>
   <trkpt lat="-8.0476880" lon="112.9245600">
    <ele>2473.2</ele>
   </trkpt>
   <trkpt lat="-8.0477020" lon="112.9244440">
    <ele>2472.6</ele>
   </trkpt>
   <trkpt lat="-8.0476530" lon="112.9243450">
    <ele>2471.8</ele>
   </trkpt>
   <trkpt lat="-8.0476400" lon="112.9243340">
    <ele>2471.4</ele>
   </trkpt>
   <trkpt lat="-8.0476350" lon="112.9243140">
    <ele>2471.0</ele>
   </trkpt>
   <trkpt lat="-8.0476500" lon="112.9243000">
    <ele>2470.2</ele>
   </trkpt>
   <trkpt lat="-8.0476630" lon="112.9242900">
    <ele>2470.2</ele>
   </trkpt>
   <trkpt lat="-8.0476800" lon="112.9242940">
    <ele>2470.6</ele>
   </trkpt>
   <trkpt lat="-8.0476710" lon="112.9242890">
    <ele>2470.6</ele>
   </trkpt>
   <trkpt lat="-8.0476720" lon="112.9242800">
    <ele>2470.8</ele>
   </trkpt>
   <trkpt lat="-8.0476630" lon="112.9242760">
    <ele>2470.8</ele>
   </trkpt>
   <trkpt lat="-8.0476100" lon="112.9242280">
    <ele>2470.6</ele>
   </trkpt>
   <trkpt lat="-8.0474860" lon="112.9241090">
    <ele>2469.2</ele>
   </trkpt>
   <trkpt lat="-8.0474410" lon="112.9240230">
    <ele>2468.0</ele>
   </trkpt>
   <trkpt lat="-8.0474110" lon="112.9239820">
    <ele>2467.6</ele>
   </trkpt>
   <trkpt lat="-8.0473960" lon="112.9239690">
    <ele>2467.6</ele>
   </trkpt>
   <trkpt lat="-8.0473550" lon="112.9239530">
    <ele>2467.2</ele>
   </trkpt>
   <trkpt lat="-8.0472900" lon="112.9239400">
    <ele>2466.8</ele>
   </trkpt>
   <trkpt lat="-8.0472050" lon="112.9239240">
    <ele>2466.6</ele>
   </trkpt>
   <trkpt lat="-8.0471120" lon="112.9238610">
    <ele>2466.2</ele>
   </trkpt>
   <trkpt lat="-8.0471150" lon="112.9238440">
    <ele>2465.8</ele>
   </trkpt>
   <trkpt lat="-8.0471190" lon="112.9238450">
    <ele>2465.6</ele>
   </trkpt>
   <trkpt lat="-8.0471200" lon="112.9238310">
    <ele>2465.2</ele>
   </trkpt>
   <trkpt lat="-8.0471180" lon="112.9238170">
    <ele>2465.2</ele>
   </trkpt>
   <trkpt lat="-8.0470990" lon="112.9237400">
    <ele>2464.8</ele>
   </trkpt>
   <trkpt lat="-8.0471010" lon="112.9237170">
    <ele>2464.2</ele>
   </trkpt>
   <trkpt lat="-8.0471100" lon="112.9236940">
    <ele>2464.0</ele>
   </trkpt>
   <trkpt lat="-8.0471200" lon="112.9236710">
    <ele>2463.6</ele>
   </trkpt>
   <trkpt lat="-8.0471230" lon="112.9235760">
    <ele>2462.8</ele>
   </trkpt>
   <trkpt lat="-8.0470970" lon="112.9235340">
    <ele>2462.6</ele>
   </trkpt>
   <trkpt lat="-8.0470210" lon="112.9234710">
    <ele>2462.6</ele>
   </trkpt>
   <trkpt lat="-8.0469640" lon="112.9234150">
    <ele>2461.6</ele>
   </trkpt>
   <trkpt lat="-8.0469340" lon="112.9233900">
    <ele>2460.8</ele>
   </trkpt>
   <trkpt lat="-8.0468810" lon="112.9233520">
    <ele>2460.4</ele>
   </trkpt>
   <trkpt lat="-8.0468160" lon="112.9232880">
    <ele>2460.2</ele>
   </trkpt>
   <trkpt lat="-8.0467010" lon="112.9231920">
    <ele>2459.2</ele>
   </trkpt>
   <trkpt lat="-8.0466600" lon="112.9231370">
    <ele>2458.0</ele>
   </trkpt>
   <trkpt lat="-8.0466590" lon="112.9230290">
    <ele>2456.8</ele>
   </trkpt>
   <trkpt lat="-8.0466520" lon="112.9229990">
    <ele>2456.4</ele>
   </trkpt>
   <trkpt lat="-8.0466430" lon="112.9229690">
    <ele>2455.8</ele>
   </trkpt>
   <trkpt lat="-8.0465950" lon="112.9228530">
    <ele>2454.8</ele>
   </trkpt>
   <trkpt lat="-8.0465320" lon="112.9227570">
    <ele>2455.0</ele>
   </trkpt>
   <trkpt lat="-8.0465260" lon="112.9227460">
    <ele>2454.4</ele>
   </trkpt>
   <trkpt lat="-8.0465110" lon="112.9227180">
    <ele>2453.4</ele>
   </trkpt>
   <trkpt lat="-8.0465060" lon="112.9227090">
    <ele>2453.2</ele>
   </trkpt>
   <trkpt lat="-8.0465100" lon="112.9227150">
    <ele>2453.4</ele>
   </trkpt>
   <trkpt lat="-8.0465080" lon="112.9227160">
    <ele>2453.2</ele>
   </trkpt>
   <trkpt lat="-8.0465040" lon="112.9227190">
    <ele>2453.4</ele>
   </trkpt>
   <trkpt lat="-8.0465110" lon="112.9227250">
    <ele>2452.8</ele>
   </trkpt>
   <trkpt lat="-8.0465170" lon="112.9227200">
    <ele>2452.4</ele>
   </trkpt>
   <trkpt lat="-8.0465310" lon="112.9227330">
    <ele>2452.4</ele>
   </trkpt>
   <trkpt lat="-8.0465240" lon="112.9227380">
    <ele>2452.0</ele>
   </trkpt>
   <trkpt lat="-8.0465290" lon="112.9227410">
    <ele>2452.0</ele>
   </trkpt>
   <trkpt lat="-8.0465260" lon="112.9227350">
    <ele>2451.8</ele>
   </trkpt>
   <trkpt lat="-8.0465250" lon="112.9227340">
    <ele>2451.8</ele>
   </trkpt>
   <trkpt lat="-8.0465210" lon="112.9227320">
    <ele>2452.6</ele>
   </trkpt>
   <trkpt lat="-8.0465140" lon="112.9227290">
    <ele>2452.0</ele>
   </trkpt>
   <trkpt lat="-8.0465160" lon="112.9227300">
    <ele>2452.8</ele>
   </trkpt>
   <trkpt lat="-8.0465190" lon="112.9227440">
    <ele>2452.4</ele>
   </trkpt>
   <trkpt lat="-8.0464870" lon="112.9226620">
    <ele>2452.2</ele>
   </trkpt>
   <trkpt lat="-8.0465280" lon="112.9225300">
    <ele>2451.4</ele>
   </trkpt>
   <trkpt lat="-8.0465470" lon="112.9224960">
    <ele>2451.2</ele>
   </trkpt>
   <trkpt lat="-8.0465950" lon="112.9223410">
    <ele>2449.8</ele>
   </trkpt>
   <trkpt lat="-8.0466120" lon="112.9222140">
    <ele>2449.0</ele>
   </trkpt>
   <trkpt lat="-8.0466290" lon="112.9222170">
    <ele>2448.8</ele>
   </trkpt>
   <trkpt lat="-8.0466300" lon="112.9222350">
    <ele>2448.8</ele>
   </trkpt>
   <trkpt lat="-8.0466230" lon="112.9222350">
    <ele>2448.8</ele>
   </trkpt>
   <trkpt lat="-8.0466190" lon="112.9222270">
    <ele>2449.0</ele>
   </trkpt>
   <trkpt lat="-8.0465840" lon="112.9221110">
    <ele>2447.6</ele>
   </trkpt>
   <trkpt lat="-8.0465690" lon="112.9220240">
    <ele>2446.6</ele>
   </trkpt>
   <trkpt lat="-8.0465700" lon="112.9220100">
    <ele>2446.6</ele>
   </trkpt>
   <trkpt lat="-8.0465660" lon="112.9219240">
    <ele>2445.8</ele>
   </trkpt>
   <trkpt lat="-8.0465670" lon="112.9218530">
    <ele>2445.4</ele>
   </trkpt>
   <trkpt lat="-8.0465700" lon="112.9218140">
    <ele>2445.0</ele>
   </trkpt>
   <trkpt lat="-8.0465570" lon="112.9217960">
    <ele>2444.8</ele>
   </trkpt>
   <trkpt lat="-8.0465460" lon="112.9217470">
    <ele>2444.6</ele>
   </trkpt>
   <trkpt lat="-8.0465350" lon="112.9217080">
    <ele>2444.4</ele>
   </trkpt>
   <trkpt lat="-8.0465310" lon="112.9216590">
    <ele>2444.4</ele>
   </trkpt>
   <trkpt lat="-8.0464860" lon="112.9215550">
    <ele>2443.6</ele>
   </trkpt>
   <trkpt lat="-8.0464440" lon="112.9214770">
    <ele>2443.4</ele>
   </trkpt>
   <trkpt lat="-8.0463930" lon="112.9213730">
    <ele>2442.8</ele>
   </trkpt>
   <trkpt lat="-8.0463670" lon="112.9213210">
    <ele>2442.2</ele>
   </trkpt>
   <trkpt lat="-8.0463160" lon="112.9212170">
    <ele>2441.0</ele>
   </trkpt>
   <trkpt lat="-8.0462940" lon="112.9211630">
    <ele>2439.8</ele>
   </trkpt>
   <trkpt lat="-8.0462520" lon="112.9210700">
    <ele>2438.6</ele>
   </trkpt>
   <trkpt lat="-8.0462230" lon="112.9210140">
    <ele>2438.4</ele>
   </trkpt>
   <trkpt lat="-8.0461830" lon="112.9209660">
    <ele>2437.4</ele>
   </trkpt>
   <trkpt lat="-8.0461760" lon="112.9209710">
    <ele>2437.0</ele>
   </trkpt>
   <trkpt lat="-8.0461830" lon="112.9209710">
    <ele>2437.0</ele>
   </trkpt>
   <trkpt lat="-8.0461710" lon="112.9210170">
    <ele>2436.8</ele>
   </trkpt>
   <trkpt lat="-8.0461750" lon="112.9210160">
    <ele>2436.8</ele>
   </trkpt>
   <trkpt lat="-8.0461840" lon="112.9209250">
    <ele>2436.4</ele>
   </trkpt>
   <trkpt lat="-8.0461750" lon="112.9208780">
    <ele>2435.2</ele>
   </trkpt>
   <trkpt lat="-8.0461650" lon="112.9208600">
    <ele>2434.4</ele>
   </trkpt>
   <trkpt lat="-8.0461610" lon="112.9208360">
    <ele>2433.6</ele>
   </trkpt>
   <trkpt lat="-8.0461460" lon="112.9207930">
    <ele>2431.8</ele>
   </trkpt>
   <trkpt lat="-8.0461370" lon="112.9207740">
    <ele>2431.0</ele>
   </trkpt>
   <trkpt lat="-8.0461300" lon="112.9207590">
    <ele>2430.0</ele>
   </trkpt>
   <trkpt lat="-8.0461320" lon="112.9207040">
    <ele>2428.4</ele>
   </trkpt>
   <trkpt lat="-8.0461310" lon="112.9206840">
    <ele>2427.8</ele>
   </trkpt>
   <trkpt lat="-8.0461330" lon="112.9206670">
    <ele>2427.4</ele>
   </trkpt>
   <trkpt lat="-8.0461400" lon="112.9206090">
    <ele>2425.8</ele>
   </trkpt>
   <trkpt lat="-8.0461480" lon="112.9205920">
    <ele>2424.8</ele>
   </trkpt>
   <trkpt lat="-8.0461560" lon="112.9205730">
    <ele>2423.8</ele>
   </trkpt>
   <trkpt lat="-8.0461530" lon="112.9205600">
    <ele>2423.4</ele>
   </trkpt>
   <trkpt lat="-8.0461530" lon="112.9205280">
    <ele>2422.6</ele>
   </trkpt>
   <trkpt lat="-8.0461670" lon="112.9204760">
    <ele>2421.2</ele>
   </trkpt>
   <trkpt lat="-8.0461610" lon="112.9204320">
    <ele>2419.8</ele>
   </trkpt>
   <trkpt lat="-8.0461570" lon="112.9204100">
    <ele>2419.0</ele>
   </trkpt>
   <trkpt lat="-8.0461530" lon="112.9203900">
    <ele>2418.2</ele>
   </trkpt>
   <trkpt lat="-8.0461560" lon="112.9203430">
    <ele>2417.0</ele>
   </trkpt>
   <trkpt lat="-8.0461710" lon="112.9203070">
    <ele>2415.0</ele>
   </trkpt>
   <trkpt lat="-8.0461710" lon="112.9202860">
    <ele>2413.6</ele>
   </trkpt>
   <trkpt lat="-8.0461730" lon="112.9202360">
    <ele>2411.6</ele>
   </trkpt>
   <trkpt lat="-8.0461730" lon="112.9202060">
    <ele>2410.6</ele>
   </trkpt>
   <trkpt lat="-8.0461710" lon="112.9201720">
    <ele>2409.6</ele>
   </trkpt>
   <trkpt lat="-8.0461780" lon="112.9200950">
    <ele>2408.0</ele>
   </trkpt>
   <trkpt lat="-8.0461900" lon="112.9200210">
    <ele>2406.8</ele>
   </trkpt>
   <trkpt lat="-8.0462140" lon="112.9199230">
    <ele>2405.8</ele>
   </trkpt>
   <trkpt lat="-8.0462310" lon="112.9198400">
    <ele>2404.8</ele>
   </trkpt>
   <trkpt lat="-8.0462420" lon="112.9197650">
    <ele>2405.0</ele>
   </trkpt>
   <trkpt lat="-8.0463020" lon="112.9196460">
    <ele>2404.0</ele>
   </trkpt>
   <trkpt lat="-8.0463230" lon="112.9196260">
    <ele>2403.8</ele>
   </trkpt>
   <trkpt lat="-8.0463350" lon="112.9196030">
    <ele>2403.8</ele>
   </trkpt>
   <trkpt lat="-8.0463680" lon="112.9195320">
    <ele>2403.4</ele>
   </trkpt>
   <trkpt lat="-8.0464340" lon="112.9193860">
    <ele>2403.6</ele>
   </trkpt>
   <trkpt lat="-8.0465270" lon="112.9192270">
    <ele>2404.4</ele>
   </trkpt>
   <trkpt lat="-8.0466390" lon="112.9191160">
    <ele>2404.2</ele>
   </trkpt>
   <trkpt lat="-8.0467070" lon="112.9190390">
    <ele>2404.8</ele>
   </trkpt>
   <trkpt lat="-8.0467500" lon="112.9189740">
    <ele>2404.8</ele>
   </trkpt>
   <trkpt lat="-8.0468500" lon="112.9188640">
    <ele>2405.2</ele>
   </trkpt>
   <trkpt lat="-8.0469860" lon="112.9188140">
    <ele>2405.6</ele>
   </trkpt>
   <trkpt lat="-8.0470010" lon="112.9188070">
    <ele>2405.8</ele>
   </trkpt>
   <trkpt lat="-8.0470340" lon="112.9187660">
    <ele>2406.2</ele>
   </trkpt>
   <trkpt lat="-8.0470890" lon="112.9187390">
    <ele>2406.8</ele>
   </trkpt>
   <trkpt lat="-8.0471020" lon="112.9187330">
    <ele>2407.2</ele>
   </trkpt>
   <trkpt lat="-8.0471430" lon="112.9187160">
    <ele>2408.0</ele>
   </trkpt>
   <trkpt lat="-8.0471630" lon="112.9187190">
    <ele>2408.4</ele>
   </trkpt>
   <trkpt lat="-8.0471710" lon="112.9187160">
    <ele>2408.8</ele>
   </trkpt>
   <trkpt lat="-8.0471780" lon="112.9187100">
    <ele>2409.2</ele>
   </trkpt>
   <trkpt lat="-8.0471860" lon="112.9186990">
    <ele>2409.4</ele>
   </trkpt>
   <trkpt lat="-8.0472010" lon="112.9186790">
    <ele>2409.6</ele>
   </trkpt>
   <trkpt lat="-8.0472120" lon="112.9186860">
    <ele>2410.2</ele>
   </trkpt>
   <trkpt lat="-8.0472190" lon="112.9186850">
    <ele>2411.0</ele>
   </trkpt>
   <trkpt lat="-8.0472300" lon="112.9186710">
    <ele>2411.4</ele>
   </trkpt>
   <trkpt lat="-8.0472330" lon="112.9186550">
    <ele>2412.0</ele>
   </trkpt>
   <trkpt lat="-8.0472440" lon="112.9186620">
    <ele>2412.6</ele>
   </trkpt>
   <trkpt lat="-8.0472550" lon="112.9186590">
    <ele>2413.4</ele>
   </trkpt>
   <trkpt lat="-8.0472630" lon="112.9186560">
    <ele>2413.6</ele>
   </trkpt>
   <trkpt lat="-8.0472730" lon="112.9186520">
    <ele>2413.8</ele>
   </trkpt>
   <trkpt lat="-8.0472920" lon="112.9186620">
    <ele>2414.8</ele>
   </trkpt>
   <trkpt lat="-8.0473060" lon="112.9186480">
    <ele>2415.6</ele>
   </trkpt>
   <trkpt lat="-8.0473140" lon="112.9186380">
    <ele>2415.8</ele>
   </trkpt>
   <trkpt lat="-8.0473200" lon="112.9186380">
    <ele>2416.0</ele>
   </trkpt>
   <trkpt lat="-8.0473370" lon="112.9186650">
    <ele>2416.8</ele>
   </trkpt>
   <trkpt lat="-8.0473430" lon="112.9186770">
    <ele>2417.0</ele>
   </trkpt>
   <trkpt lat="-8.0473520" lon="112.9186880">
    <ele>2417.2</ele>
   </trkpt>
   <trkpt lat="-8.0473620" lon="112.9186930">
    <ele>2417.4</ele>
   </trkpt>
   <trkpt lat="-8.0473810" lon="112.9186900">
    <ele>2418.0</ele>
   </trkpt>
   <trkpt lat="-8.0473870" lon="112.9186910">
    <ele>2418.4</ele>
   </trkpt>
   <trkpt lat="-8.0474680" lon="112.9187210">
    <ele>2418.8</ele>
   </trkpt>
   <trkpt lat="-8.0475330" lon="112.9187350">
    <ele>2419.0</ele>
   </trkpt>
   <trkpt lat="-8.0476290" lon="112.9187730">
    <ele>2418.4</ele>
   </trkpt>
   <trkpt lat="-8.0476600" lon="112.9187980">
    <ele>2419.6</ele>
   </trkpt>
   <trkpt lat="-8.0476710" lon="112.9188020">
    <ele>2419.8</ele>
   </trkpt>
   <trkpt lat="-8.0477530" lon="112.9188240">
    <ele>2419.2</ele>
   </trkpt>
   <trkpt lat="-8.0477690" lon="112.9188330">
    <ele>2419.0</ele>
   </trkpt>
   <trkpt lat="-8.0478880" lon="112.9188230">
    <ele>2418.4</ele>
   </trkpt>
   <trkpt lat="-8.0479750" lon="112.9188160">
    <ele>2418.4</ele>
   </trkpt>
   <trkpt lat="-8.0479890" lon="112.9188110">
    <ele>2418.6</ele>
   </trkpt>
   <trkpt lat="-8.0480660" lon="112.9187940">
    <ele>2418.4</ele>
   </trkpt>
   <trkpt lat="-8.0481440" lon="112.9187900">
    <ele>2419.2</ele>
   </trkpt>
   <trkpt lat="-8.0482380" lon="112.9187560">
    <ele>2419.2</ele>
   </trkpt>
   <trkpt lat="-8.0484230" lon="112.9187440">
    <ele>2418.2</ele>
   </trkpt>
   <trkpt lat="-8.0484470" lon="112.9187460">
    <ele>2418.0</ele>
   </trkpt>
   <trkpt lat="-8.0485780" lon="112.9187570">
    <ele>2417.6</ele>
   </trkpt>
   <trkpt lat="-8.0486980" lon="112.9187530">
    <ele>2417.0</ele>
   </trkpt>
   <trkpt lat="-8.0487100" lon="112.9187500">
    <ele>2417.0</ele>
   </trkpt>
   <trkpt lat="-8.0487190" lon="112.9187470">
    <ele>2416.8</ele>
   </trkpt>
   <trkpt lat="-8.0487280" lon="112.9187400">
    <ele>2416.8</ele>
   </trkpt>
   <trkpt lat="-8.0487670" lon="112.9187230">
    <ele>2417.0</ele>
   </trkpt>
   <trkpt lat="-8.0487830" lon="112.9187220">
    <ele>2417.0</ele>
   </trkpt>
   <trkpt lat="-8.0488750" lon="112.9186830">
    <ele>2417.6</ele>
   </trkpt>
   <trkpt lat="-8.0489120" lon="112.9186680">
    <ele>2417.6</ele>
   </trkpt>
   <trkpt lat="-8.0489200" lon="112.9186610">
    <ele>2417.6</ele>
   </trkpt>
   <trkpt lat="-8.0489520" lon="112.9186330">
    <ele>2417.8</ele>
   </trkpt>
   <trkpt lat="-8.0489640" lon="112.9186350">
    <ele>2418.0</ele>
   </trkpt>
   <trkpt lat="-8.0489740" lon="112.9186420">
    <ele>2418.0</ele>
   </trkpt>
   <trkpt lat="-8.0490270" lon="112.9186690">
    <ele>2418.0</ele>
   </trkpt>
   <trkpt lat="-8.0490750" lon="112.9186490">
    <ele>2417.4</ele>
   </trkpt>
   <trkpt lat="-8.0491130" lon="112.9186380">
    <ele>2417.0</ele>
   </trkpt>
   <trkpt lat="-8.0492010" lon="112.9186510">
    <ele>2416.8</ele>
   </trkpt>
   <trkpt lat="-8.0492160" lon="112.9186530">
    <ele>2416.6</ele>
   </trkpt>
   <trkpt lat="-8.0492500" lon="112.9186460">
    <ele>2416.4</ele>
   </trkpt>
   <trkpt lat="-8.0492970" lon="112.9186220">
    <ele>2416.2</ele>
   </trkpt>
   <trkpt lat="-8.0493370" lon="112.9185520">
    <ele>2416.0</ele>
   </trkpt>
   <trkpt lat="-8.0493440" lon="112.9185380">
    <ele>2415.8</ele>
   </trkpt>
   <trkpt lat="-8.0493790" lon="112.9184870">
    <ele>2415.2</ele>
   </trkpt>
   <trkpt lat="-8.0493900" lon="112.9184850">
    <ele>2415.0</ele>
   </trkpt>
   <trkpt lat="-8.0493950" lon="112.9184780">
    <ele>2414.8</ele>
   </trkpt>
   <trkpt lat="-8.0494050" lon="112.9184670">
    <ele>2414.8</ele>
   </trkpt>
   <trkpt lat="-8.0494440" lon="112.9184330">
    <ele>2414.8</ele>
   </trkpt>
   <trkpt lat="-8.0495330" lon="112.9183930">
    <ele>2413.6</ele>
   </trkpt>
   <trkpt lat="-8.0496180" lon="112.9183560">
    <ele>2413.2</ele>
   </trkpt>
   <trkpt lat="-8.0498090" lon="112.9182400">
    <ele>2412.8</ele>
   </trkpt>
   <trkpt lat="-8.0499280" lon="112.9181520">
    <ele>2413.4</ele>
   </trkpt>
   <trkpt lat="-8.0500550" lon="112.9180780">
    <ele>2413.0</ele>
   </trkpt>
   <trkpt lat="-8.0501780" lon="112.9179730">
    <ele>2412.4</ele>
   </trkpt>
   <trkpt lat="-8.0501940" lon="112.9179510">
    <ele>2412.2</ele>
   </trkpt>
   <trkpt lat="-8.0502610" lon="112.9178790">
    <ele>2412.6</ele>
   </trkpt>
   <trkpt lat="-8.0502950" lon="112.9178610">
    <ele>2413.4</ele>
   </trkpt>
   <trkpt lat="-8.0503360" lon="112.9178200">
    <ele>2413.2</ele>
   </trkpt>
   <trkpt lat="-8.0504020" lon="112.9177240">
    <ele>2413.4</ele>
   </trkpt>
   <trkpt lat="-8.0504850" lon="112.9176430">
    <ele>2413.2</ele>
   </trkpt>
   <trkpt lat="-8.0505410" lon="112.9176080">
    <ele>2413.0</ele>
   </trkpt>
   <trkpt lat="-8.0505920" lon="112.9175690">
    <ele>2412.8</ele>
   </trkpt>
   <trkpt lat="-8.0506580" lon="112.9175230">
    <ele>2413.0</ele>
   </trkpt>
   <trkpt lat="-8.0506680" lon="112.9175130">
    <ele>2412.8</ele>
   </trkpt>
   <trkpt lat="-8.0506800" lon="112.9174900">
    <ele>2412.4</ele>
   </trkpt>
   <trkpt lat="-8.0507320" lon="112.9174550">
    <ele>2411.6</ele>
   </trkpt>
   <trkpt lat="-8.0507460" lon="112.9174450">
    <ele>2411.2</ele>
   </trkpt>
   <trkpt lat="-8.0507750" lon="112.9174300">
    <ele>2410.0</ele>
   </trkpt>
   <trkpt lat="-8.0508270" lon="112.9174060">
    <ele>2408.8</ele>
   </trkpt>
   <trkpt lat="-8.0508870" lon="112.9174000">
    <ele>2407.8</ele>
   </trkpt>
   <trkpt lat="-8.0509120" lon="112.9173970">
    <ele>2407.4</ele>
   </trkpt>
   <trkpt lat="-8.0509280" lon="112.9173820">
    <ele>2407.2</ele>
   </trkpt>
   <trkpt lat="-8.0509490" lon="112.9173780">
    <ele>2407.0</ele>
   </trkpt>
   <trkpt lat="-8.0509880" lon="112.9173790">
    <ele>2407.6</ele>
   </trkpt>
   <trkpt lat="-8.0510120" lon="112.9173650">
    <ele>2407.8</ele>
   </trkpt>
   <trkpt lat="-8.0510140" lon="112.9173390">
    <ele>2407.6</ele>
   </trkpt>
   <trkpt lat="-8.0510300" lon="112.9173440">
    <ele>2407.6</ele>
   </trkpt>
   <trkpt lat="-8.0510400" lon="112.9173610">
    <ele>2407.6</ele>
   </trkpt>
   <trkpt lat="-8.0510670" lon="112.9173580">
    <ele>2407.6</ele>
   </trkpt>
   <trkpt lat="-8.0510730" lon="112.9173510">
    <ele>2407.8</ele>
   </trkpt>
   <trkpt lat="-8.0510720" lon="112.9173450">
    <ele>2408.8</ele>
   </trkpt>
   <trkpt lat="-8.0510770" lon="112.9173680">
    <ele>2408.6</ele>
   </trkpt>
   <trkpt lat="-8.0510940" lon="112.9173820">
    <ele>2408.4</ele>
   </trkpt>
   <trkpt lat="-8.0511190" lon="112.9173790">
    <ele>2407.8</ele>
   </trkpt>
   <trkpt lat="-8.0511260" lon="112.9173490">
    <ele>2407.8</ele>
   </trkpt>
   <trkpt lat="-8.0511450" lon="112.9173260">
    <ele>2408.2</ele>
   </trkpt>
   <trkpt lat="-8.0511750" lon="112.9172920">
    <ele>2408.2</ele>
   </trkpt>
   <trkpt lat="-8.0511900" lon="112.9172680">
    <ele>2408.8</ele>
   </trkpt>
   <trkpt lat="-8.0511930" lon="112.9172570">
    <ele>2409.0</ele>
   </trkpt>
   <trkpt lat="-8.0511970" lon="112.9172530">
    <ele>2409.0</ele>
   </trkpt>
   <trkpt lat="-8.0512030" lon="112.9172380">
    <ele>2409.2</ele>
   </trkpt>
   <trkpt lat="-8.0512120" lon="112.9172100">
    <ele>2409.4</ele>
   </trkpt>
   <trkpt lat="-8.0512170" lon="112.9171900">
    <ele>2409.8</ele>
   </trkpt>
   <trkpt lat="-8.0512260" lon="112.9171510">
    <ele>2410.0</ele>
   </trkpt>
   <trkpt lat="-8.0512290" lon="112.9171410">
    <ele>2410.0</ele>
   </trkpt>
   <trkpt lat="-8.0512100" lon="112.9171300">
    <ele>2410.2</ele>
   </trkpt>
   <trkpt lat="-8.0511920" lon="112.9171430">
    <ele>2410.4</ele>
   </trkpt>
   <trkpt lat="-8.0512110" lon="112.9171230">
    <ele>2410.6</ele>
   </trkpt>
   <trkpt lat="-8.0512590" lon="112.9170990">
    <ele>2410.8</ele>
   </trkpt>
   <trkpt lat="-8.0512850" lon="112.9170920">
    <ele>2410.8</ele>
   </trkpt>
   <trkpt lat="-8.0513020" lon="112.9170950">
    <ele>2411.0</ele>
   </trkpt>
   <trkpt lat="-8.0513250" lon="112.9170850">
    <ele>2411.4</ele>
   </trkpt>
   <trkpt lat="-8.0513980" lon="112.9170350">
    <ele>2412.0</ele>
   </trkpt>
   <trkpt lat="-8.0514470" lon="112.9170040">
    <ele>2412.8</ele>
   </trkpt>
   <trkpt lat="-8.0514600" lon="112.9170020">
    <ele>2412.8</ele>
   </trkpt>
   <trkpt lat="-8.0514880" lon="112.9169940">
    <ele>2413.0</ele>
   </trkpt>
   <trkpt lat="-8.0515030" lon="112.9169880">
    <ele>2413.2</ele>
   </trkpt>
   <trkpt lat="-8.0515100" lon="112.9169800">
    <ele>2413.4</ele>
   </trkpt>
   <trkpt lat="-8.0515750" lon="112.9169540">
    <ele>2414.2</ele>
   </trkpt>
   <trkpt lat="-8.0515860" lon="112.9169470">
    <ele>2414.4</ele>
   </trkpt>
   <trkpt lat="-8.0516000" lon="112.9169360">
    <ele>2414.4</ele>
   </trkpt>
   <trkpt lat="-8.0516510" lon="112.9169200">
    <ele>2415.0</ele>
   </trkpt>
   <trkpt lat="-8.0516650" lon="112.9169180">
    <ele>2415.2</ele>
   </trkpt>
   <trkpt lat="-8.0517080" lon="112.9168930">
    <ele>2415.8</ele>
   </trkpt>
   <trkpt lat="-8.0517240" lon="112.9168790">
    <ele>2416.2</ele>
   </trkpt>
   <trkpt lat="-8.0517310" lon="112.9168700">
    <ele>2416.2</ele>
   </trkpt>
   <trkpt lat="-8.0517460" lon="112.9168570">
    <ele>2416.4</ele>
   </trkpt>
   <trkpt lat="-8.0517550" lon="112.9168460">
    <ele>2416.8</ele>
   </trkpt>
   <trkpt lat="-8.0517600" lon="112.9168400">
    <ele>2417.2</ele>
   </trkpt>
   <trkpt lat="-8.0517670" lon="112.9168330">
    <ele>2417.6</ele>
   </trkpt>
   <trkpt lat="-8.0517820" lon="112.9168290">
    <ele>2418.0</ele>
   </trkpt>
   <trkpt lat="-8.0518060" lon="112.9168240">
    <ele>2418.8</ele>
   </trkpt>
   <trkpt lat="-8.0518160" lon="112.9168060">
    <ele>2419.4</ele>
   </trkpt>
   <trkpt lat="-8.0518330" lon="112.9167780">
    <ele>2419.8</ele>
   </trkpt>
   <trkpt lat="-8.0518410" lon="112.9167750">
    <ele>2420.0</ele>
   </trkpt>
   <trkpt lat="-8.0518570" lon="112.9167640">
    <ele>2420.8</ele>
   </trkpt>
   <trkpt lat="-8.0518660" lon="112.9167410">
    <ele>2421.4</ele>
   </trkpt>
   <trkpt lat="-8.0518800" lon="112.9167310">
    <ele>2422.0</ele>
   </trkpt>
   <trkpt lat="-8.0518920" lon="112.9167210">
    <ele>2422.2</ele>
   </trkpt>
   <trkpt lat="-8.0519020" lon="112.9167010">
    <ele>2422.6</ele>
   </trkpt>
   <trkpt lat="-8.0519130" lon="112.9166970">
    <ele>2423.0</ele>
   </trkpt>
   <trkpt lat="-8.0519240" lon="112.9166820">
    <ele>2424.0</ele>
   </trkpt>
   <trkpt lat="-8.0519310" lon="112.9166750">
    <ele>2424.2</ele>
   </trkpt>
   <trkpt lat="-8.0519640" lon="112.9166580">
    <ele>2424.8</ele>
   </trkpt>
   <trkpt lat="-8.0519730" lon="112.9166570">
    <ele>2425.2</ele>
   </trkpt>
   <trkpt lat="-8.0520040" lon="112.9166470">
    <ele>2425.4</ele>
   </trkpt>
   <trkpt lat="-8.0520200" lon="112.9166420">
    <ele>2426.0</ele>
   </trkpt>
   <trkpt lat="-8.0520270" lon="112.9166410">
    <ele>2426.4</ele>
   </trkpt>
   <trkpt lat="-8.0520420" lon="112.9166440">
    <ele>2426.8</ele>
   </trkpt>
   <trkpt lat="-8.0520570" lon="112.9166480">
    <ele>2427.2</ele>
   </trkpt>
   <trkpt lat="-8.0520580" lon="112.9166390">
    <ele>2427.4</ele>
   </trkpt>
   <trkpt lat="-8.0520810" lon="112.9166380">
    <ele>2428.6</ele>
   </trkpt>
   <trkpt lat="-8.0520920" lon="112.9166320">
    <ele>2429.0</ele>
   </trkpt>
   <trkpt lat="-8.0521060" lon="112.9166240">
    <ele>2429.6</ele>
   </trkpt>
   <trkpt lat="-8.0521150" lon="112.9166170">
    <ele>2430.4</ele>
   </trkpt>
   <trkpt lat="-8.0521180" lon="112.9166080">
    <ele>2430.8</ele>
   </trkpt>
   <trkpt lat="-8.0521320" lon="112.9165800">
    <ele>2431.6</ele>
   </trkpt>
   <trkpt lat="-8.0521370" lon="112.9165740">
    <ele>2431.8</ele>
   </trkpt>
   <trkpt lat="-8.0521590" lon="112.9165530">
    <ele>2432.8</ele>
   </trkpt>
   <trkpt lat="-8.0521610" lon="112.9165600">
    <ele>2433.0</ele>
   </trkpt>
   <trkpt lat="-8.0521690" lon="112.9165600">
    <ele>2434.0</ele>
   </trkpt>
   <trkpt lat="-8.0521970" lon="112.9165500">
    <ele>2434.4</ele>
   </trkpt>
   <trkpt lat="-8.0522150" lon="112.9165330">
    <ele>2435.0</ele>
   </trkpt>
   <trkpt lat="-8.0522220" lon="112.9165170">
    <ele>2435.6</ele>
   </trkpt>
   <trkpt lat="-8.0522220" lon="112.9165050">
    <ele>2435.8</ele>
   </trkpt>
   <trkpt lat="-8.0522340" lon="112.9164910">
    <ele>2436.2</ele>
   </trkpt>
   <trkpt lat="-8.0522390" lon="112.9164920">
    <ele>2436.4</ele>
   </trkpt>
   <trkpt lat="-8.0522490" lon="112.9164690">
    <ele>2437.4</ele>
   </trkpt>
   <trkpt lat="-8.0522600" lon="112.9164480">
    <ele>2437.8</ele>
   </trkpt>
   <trkpt lat="-8.0522650" lon="112.9164190">
    <ele>2438.6</ele>
   </trkpt>
   <trkpt lat="-8.0522800" lon="112.9163930">
    <ele>2439.2</ele>
   </trkpt>
   <trkpt lat="-8.0522760" lon="112.9164030">
    <ele>2439.2</ele>
   </trkpt>
   <trkpt lat="-8.0522730" lon="112.9164010">
    <ele>2439.0</ele>
   </trkpt>
   <trkpt lat="-8.0522750" lon="112.9164220">
    <ele>2438.6</ele>
   </trkpt>
   <trkpt lat="-8.0522810" lon="112.9164280">
    <ele>2439.0</ele>
   </trkpt>
   <trkpt lat="-8.0522910" lon="112.9164110">
    <ele>2439.6</ele>
   </trkpt>
   <trkpt lat="-8.0523150" lon="112.9163690">
    <ele>2440.8</ele>
   </trkpt>
   <trkpt lat="-8.0523270" lon="112.9163560">
    <ele>2441.4</ele>
   </trkpt>
   <trkpt lat="-8.0523330" lon="112.9163530">
    <ele>2441.8</ele>
   </trkpt>
   <trkpt lat="-8.0523430" lon="112.9163350">
    <ele>2442.6</ele>
   </trkpt>
   <trkpt lat="-8.0523470" lon="112.9163260">
    <ele>2442.8</ele>
   </trkpt>
   <trkpt lat="-8.0523530" lon="112.9163230">
    <ele>2443.0</ele>
   </trkpt>
   <trkpt lat="-8.0523610" lon="112.9163100">
    <ele>2444.0</ele>
   </trkpt>
   <trkpt lat="-8.0523640" lon="112.9163060">
    <ele>2444.2</ele>
   </trkpt>
   <trkpt lat="-8.0523840" lon="112.9162780">
    <ele>2445.2</ele>
   </trkpt>
   <trkpt lat="-8.0523880" lon="112.9162750">
    <ele>2445.4</ele>
   </trkpt>
   <trkpt lat="-8.0524050" lon="112.9162500">
    <ele>2446.4</ele>
   </trkpt>
   <trkpt lat="-8.0524220" lon="112.9162330">
    <ele>2447.4</ele>
   </trkpt>
   <trkpt lat="-8.0524490" lon="112.9162260">
    <ele>2448.4</ele>
   </trkpt>
   <trkpt lat="-8.0524560" lon="112.9162250">
    <ele>2448.8</ele>
   </trkpt>
   <trkpt lat="-8.0524740" lon="112.9162150">
    <ele>2449.8</ele>
   </trkpt>
   <trkpt lat="-8.0524810" lon="112.9162190">
    <ele>2450.0</ele>
   </trkpt>
   <trkpt lat="-8.0525110" lon="112.9162140">
    <ele>2451.0</ele>
   </trkpt>
   <trkpt lat="-8.0525200" lon="112.9162060">
    <ele>2452.0</ele>
   </trkpt>
   <trkpt lat="-8.0525280" lon="112.9162060">
    <ele>2452.4</ele>
   </trkpt>
   <trkpt lat="-8.0525370" lon="112.9162090">
    <ele>2452.6</ele>
   </trkpt>
   <trkpt lat="-8.0525450" lon="112.9161990">
    <ele>2453.0</ele>
   </trkpt>
   <trkpt lat="-8.0525520" lon="112.9161890">
    <ele>2453.2</ele>
   </trkpt>
   <trkpt lat="-8.0525770" lon="112.9161760">
    <ele>2454.0</ele>
   </trkpt>
   <trkpt lat="-8.0525820" lon="112.9161760">
    <ele>2454.4</ele>
   </trkpt>
   <trkpt lat="-8.0526150" lon="112.9161620">
    <ele>2455.0</ele>
   </trkpt>
   <trkpt lat="-8.0526280" lon="112.9161500">
    <ele>2455.4</ele>
   </trkpt>
   <trkpt lat="-8.0526430" lon="112.9161220">
    <ele>2456.4</ele>
   </trkpt>
   <trkpt lat="-8.0526740" lon="112.9161110">
    <ele>2457.4</ele>
   </trkpt>
   <trkpt lat="-8.0526830" lon="112.9161130">
    <ele>2457.6</ele>
   </trkpt>
   <trkpt lat="-8.0526950" lon="112.9161200">
    <ele>2458.8</ele>
   </trkpt>
   <trkpt lat="-8.0526980" lon="112.9161050">
    <ele>2459.4</ele>
   </trkpt>
   <trkpt lat="-8.0527090" lon="112.9161050">
    <ele>2460.0</ele>
   </trkpt>
   <trkpt lat="-8.0527250" lon="112.9161000">
    <ele>2460.4</ele>
   </trkpt>
   <trkpt lat="-8.0527390" lon="112.9160970">
    <ele>2461.0</ele>
   </trkpt>
   <trkpt lat="-8.0527420" lon="112.9160780">
    <ele>2461.8</ele>
   </trkpt>
   <trkpt lat="-8.0527480" lon="112.9160740">
    <ele>2462.2</ele>
   </trkpt>
   <trkpt lat="-8.0527750" lon="112.9160850">
    <ele>2463.2</ele>
   </trkpt>
   <trkpt lat="-8.0527850" lon="112.9160830">
    <ele>2464.0</ele>
   </trkpt>
   <trkpt lat="-8.0527970" lon="112.9160770">
    <ele>2464.4</ele>
   </trkpt>
   <trkpt lat="-8.0528110" lon="112.9160680">
    <ele>2465.6</ele>
   </trkpt>
   <trkpt lat="-8.0528090" lon="112.9160430">
    <ele>2466.6</ele>
   </trkpt>
   <trkpt lat="-8.0528060" lon="112.9160440">
    <ele>2466.8</ele>
   </trkpt>
   <trkpt lat="-8.0528310" lon="112.9160350">
    <ele>2466.8</ele>
   </trkpt>
   <trkpt lat="-8.0528500" lon="112.9160320">
    <ele>2467.0</ele>
   </trkpt>
   <trkpt lat="-8.0528740" lon="112.9160220">
    <ele>2467.4</ele>
   </trkpt>
   <trkpt lat="-8.0528780" lon="112.9160190">
    <ele>2467.8</ele>
   </trkpt>
   <trkpt lat="-8.0528780" lon="112.9160150">
    <ele>2467.8</ele>
   </trkpt>
   <trkpt lat="-8.0528830" lon="112.9160020">
    <ele>2468.2</ele>
   </trkpt>
   <trkpt lat="-8.0528860" lon="112.9159880">
    <ele>2468.6</ele>
   </trkpt>
   <trkpt lat="-8.0528860" lon="112.9159830">
    <ele>2468.8</ele>
   </trkpt>
   <trkpt lat="-8.0528920" lon="112.9159600">
    <ele>2470.0</ele>
   </trkpt>
   <trkpt lat="-8.0528960" lon="112.9159560">
    <ele>2470.2</ele>
   </trkpt>
   <trkpt lat="-8.0529040" lon="112.9159310">
    <ele>2470.8</ele>
   </trkpt>
   <trkpt lat="-8.0529070" lon="112.9159240">
    <ele>2471.0</ele>
   </trkpt>
   <trkpt lat="-8.0529080" lon="112.9159200">
    <ele>2471.2</ele>
   </trkpt>
   <trkpt lat="-8.0529210" lon="112.9159250">
    <ele>2472.4</ele>
   </trkpt>
   <trkpt lat="-8.0529280" lon="112.9159300">
    <ele>2472.6</ele>
   </trkpt>
   <trkpt lat="-8.0529400" lon="112.9159340">
    <ele>2473.2</ele>
   </trkpt>
   <trkpt lat="-8.0529470" lon="112.9159310">
    <ele>2473.4</ele>
   </trkpt>
   <trkpt lat="-8.0529700" lon="112.9159310">
    <ele>2474.6</ele>
   </trkpt>
   <trkpt lat="-8.0529770" lon="112.9159220">
    <ele>2474.8</ele>
   </trkpt>
   <trkpt lat="-8.0529980" lon="112.9159300">
    <ele>2475.6</ele>
   </trkpt>
   <trkpt lat="-8.0529990" lon="112.9159180">
    <ele>2475.8</ele>
   </trkpt>
   <trkpt lat="-8.0530090" lon="112.9159140">
    <ele>2476.6</ele>
   </trkpt>
   <trkpt lat="-8.0530130" lon="112.9159220">
    <ele>2477.0</ele>
   </trkpt>
   <trkpt lat="-8.0530310" lon="112.9159150">
    <ele>2478.0</ele>
   </trkpt>
   <trkpt lat="-8.0530380" lon="112.9159070">
    <ele>2478.2</ele>
   </trkpt>
   <trkpt lat="-8.0530640" lon="112.9158920">
    <ele>2479.2</ele>
   </trkpt>
   <trkpt lat="-8.0530880" lon="112.9158890">
    <ele>2480.0</ele>
   </trkpt>
   <trkpt lat="-8.0531070" lon="112.9158880">
    <ele>2480.2</ele>
   </trkpt>
   <trkpt lat="-8.0531140" lon="112.9158810">
    <ele>2480.4</ele>
   </trkpt>
   <trkpt lat="-8.0531260" lon="112.9158790">
    <ele>2480.6</ele>
   </trkpt>
   <trkpt lat="-8.0531410" lon="112.9158820">
    <ele>2480.8</ele>
   </trkpt>
   <trkpt lat="-8.0531640" lon="112.9158760">
    <ele>2481.6</ele>
   </trkpt>
   <trkpt lat="-8.0531820" lon="112.9158760">
    <ele>2482.2</ele>
   </trkpt>
   <trkpt lat="-8.0531910" lon="112.9158780">
    <ele>2482.6</ele>
   </trkpt>
   <trkpt lat="-8.0532180" lon="112.9158820">
    <ele>2483.2</ele>
   </trkpt>
   <trkpt lat="-8.0532730" lon="112.9158620">
    <ele>2483.8</ele>
   </trkpt>
   <trkpt lat="-8.0533030" lon="112.9158350">
    <ele>2484.0</ele>
   </trkpt>
   <trkpt lat="-8.0533220" lon="112.9158390">
    <ele>2483.8</ele>
   </trkpt>
   <trkpt lat="-8.0533800" lon="112.9158410">
    <ele>2484.2</ele>
   </trkpt>
   <trkpt lat="-8.0534550" lon="112.9158170">
    <ele>2482.8</ele>
   </trkpt>
   <trkpt lat="-8.0534840" lon="112.9158220">
    <ele>2482.6</ele>
   </trkpt>
   <trkpt lat="-8.0535090" lon="112.9158130">
    <ele>2482.0</ele>
   </trkpt>
   <trkpt lat="-8.0535170" lon="112.9158230">
    <ele>2481.8</ele>
   </trkpt>
   <trkpt lat="-8.0535240" lon="112.9158310">
    <ele>2482.2</ele>
   </trkpt>
   <trkpt lat="-8.0535250" lon="112.9158320">
    <ele>2482.0</ele>
   </trkpt>
   <trkpt lat="-8.0535240" lon="112.9158310">
    <ele>2482.0</ele>
   </trkpt>
   <trkpt lat="-8.0535440" lon="112.9158300">
    <ele>2482.0</ele>
   </trkpt>
   <trkpt lat="-8.0535570" lon="112.9158260">
    <ele>2482.0</ele>
   </trkpt>
   <trkpt lat="-8.0535940" lon="112.9158290">
    <ele>2481.8</ele>
   </trkpt>
   <trkpt lat="-8.0536440" lon="112.9158240">
    <ele>2481.6</ele>
   </trkpt>
   <trkpt lat="-8.0536630" lon="112.9158260">
    <ele>2481.6</ele>
   </trkpt>
   <trkpt lat="-8.0537400" lon="112.9158750">
    <ele>2481.0</ele>
   </trkpt>
   <trkpt lat="-8.0537580" lon="112.9159120">
    <ele>2480.2</ele>
   </trkpt>
   <trkpt lat="-8.0537630" lon="112.9159620">
    <ele>2479.8</ele>
   </trkpt>
   <trkpt lat="-8.0537580" lon="112.9160420">
    <ele>2479.2</ele>
   </trkpt>
   <trkpt lat="-8.0537640" lon="112.9160920">
    <ele>2478.8</ele>
   </trkpt>
   <trkpt lat="-8.0538040" lon="112.9161640">
    <ele>2478.0</ele>
   </trkpt>
   <trkpt lat="-8.0538200" lon="112.9161880">
    <ele>2477.8</ele>
   </trkpt>
   <trkpt lat="-8.0539240" lon="112.9163040">
    <ele>2477.0</ele>
   </trkpt>
   <trkpt lat="-8.0539490" lon="112.9163260">
    <ele>2476.6</ele>
   </trkpt>
   <trkpt lat="-8.0540070" lon="112.9164010">
    <ele>2475.2</ele>
   </trkpt>
   <trkpt lat="-8.0540300" lon="112.9164230">
    <ele>2474.8</ele>
   </trkpt>
   <trkpt lat="-8.0540890" lon="112.9164890">
    <ele>2474.0</ele>
   </trkpt>
   <trkpt lat="-8.0541320" lon="112.9165350">
    <ele>2473.4</ele>
   </trkpt>
   <trkpt lat="-8.0541530" lon="112.9165570">
    <ele>2473.0</ele>
   </trkpt>
   <trkpt lat="-8.0542350" lon="112.9166410">
    <ele>2471.8</ele>
   </trkpt>
   <trkpt lat="-8.0543270" lon="112.9167210">
    <ele>2470.4</ele>
   </trkpt>
   <trkpt lat="-8.0543730" lon="112.9167620">
    <ele>2469.6</ele>
   </trkpt>
   <trkpt lat="-8.0544240" lon="112.9167890">
    <ele>2469.2</ele>
   </trkpt>
   <trkpt lat="-8.0545060" lon="112.9168200">
    <ele>2468.8</ele>
   </trkpt>
   <trkpt lat="-8.0546530" lon="112.9168590">
    <ele>2467.8</ele>
   </trkpt>
   <trkpt lat="-8.0546860" lon="112.9168650">
    <ele>2467.6</ele>
   </trkpt>
   <trkpt lat="-8.0548080" lon="112.9168740">
    <ele>2466.6</ele>
   </trkpt>
   <trkpt lat="-8.0549040" lon="112.9168550">
    <ele>2465.4</ele>
   </trkpt>
   <trkpt lat="-8.0549590" lon="112.9168400">
    <ele>2464.6</ele>
   </trkpt>
   <trkpt lat="-8.0549880" lon="112.9168300">
    <ele>2464.2</ele>
   </trkpt>
   <trkpt lat="-8.0551000" lon="112.9168120">
    <ele>2463.0</ele>
   </trkpt>
   <trkpt lat="-8.0552900" lon="112.9168050">
    <ele>2461.6</ele>
   </trkpt>
   <trkpt lat="-8.0553840" lon="112.9167980">
    <ele>2460.6</ele>
   </trkpt>
   <trkpt lat="-8.0554610" lon="112.9168100">
    <ele>2459.2</ele>
   </trkpt>
   <trkpt lat="-8.0555650" lon="112.9168060">
    <ele>2458.4</ele>
   </trkpt>
   <trkpt lat="-8.0556090" lon="112.9168080">
    <ele>2458.0</ele>
   </trkpt>
   <trkpt lat="-8.0556180" lon="112.9168060">
    <ele>2458.2</ele>
   </trkpt>
   <trkpt lat="-8.0556640" lon="112.9167510">
    <ele>2458.4</ele>
   </trkpt>
   <trkpt lat="-8.0556730" lon="112.9167380">
    <ele>2458.4</ele>
   </trkpt>
   <trkpt lat="-8.0556880" lon="112.9167590">
    <ele>2458.4</ele>
   </trkpt>
   <trkpt lat="-8.0556990" lon="112.9167730">
    <ele>2458.4</ele>
   </trkpt>
   <trkpt lat="-8.0557790" lon="112.9168780">
    <ele>2458.2</ele>
   </trkpt>
   <trkpt lat="-8.0558640" lon="112.9169500">
    <ele>2457.0</ele>
   </trkpt>
   <trkpt lat="-8.0559140" lon="112.9169840">
    <ele>2456.4</ele>
   </trkpt>
   <trkpt lat="-8.0559590" lon="112.9170090">
    <ele>2456.0</ele>
   </trkpt>
   <trkpt lat="-8.0560550" lon="112.9170660">
    <ele>2455.0</ele>
   </trkpt>
   <trkpt lat="-8.0560800" lon="112.9170880">
    <ele>2454.8</ele>
   </trkpt>
   <trkpt lat="-8.0561070" lon="112.9171130">
    <ele>2455.0</ele>
   </trkpt>
   <trkpt lat="-8.0561160" lon="112.9171230">
    <ele>2455.0</ele>
   </trkpt>
   <trkpt lat="-8.0561700" lon="112.9171630">
    <ele>2454.6</ele>
   </trkpt>
   <trkpt lat="-8.0562260" lon="112.9171800">
    <ele>2453.6</ele>
   </trkpt>
   <trkpt lat="-8.0562820" lon="112.9171980">
    <ele>2452.4</ele>
   </trkpt>
   <trkpt lat="-8.0563430" lon="112.9172180">
    <ele>2452.0</ele>
   </trkpt>
   <trkpt lat="-8.0564480" lon="112.9172400">
    <ele>2451.4</ele>
   </trkpt>
   <trkpt lat="-8.0565100" lon="112.9172470">
    <ele>2451.0</ele>
   </trkpt>
   <trkpt lat="-8.0565720" lon="112.9172400">
    <ele>2450.2</ele>
   </trkpt>
   <trkpt lat="-8.0567030" lon="112.9172020">
    <ele>2449.8</ele>
   </trkpt>
   <trkpt lat="-8.0568550" lon="112.9171370">
    <ele>2449.2</ele>
   </trkpt>
   <trkpt lat="-8.0570010" lon="112.9170700">
    <ele>2448.4</ele>
   </trkpt>
   <trkpt lat="-8.0571190" lon="112.9169980">
    <ele>2448.8</ele>
   </trkpt>
   <trkpt lat="-8.0572260" lon="112.9169260">
    <ele>2448.8</ele>
   </trkpt>
   <trkpt lat="-8.0572940" lon="112.9168940">
    <ele>2448.6</ele>
   </trkpt>
   <trkpt lat="-8.0573820" lon="112.9168500">
    <ele>2449.0</ele>
   </trkpt>
   <trkpt lat="-8.0574950" lon="112.9168260">
    <ele>2449.2</ele>
   </trkpt>
   <trkpt lat="-8.0576040" lon="112.9167790">
    <ele>2449.0</ele>
   </trkpt>
   <trkpt lat="-8.0576450" lon="112.9167550">
    <ele>2449.0</ele>
   </trkpt>
   <trkpt lat="-8.0576670" lon="112.9167150">
    <ele>2449.2</ele>
   </trkpt>
   <trkpt lat="-8.0577690" lon="112.9166270">
    <ele>2449.8</ele>
   </trkpt>
   <trkpt lat="-8.0578810" lon="112.9165910">
    <ele>2449.6</ele>
   </trkpt>
   <trkpt lat="-8.0579870" lon="112.9165780">
    <ele>2450.0</ele>
   </trkpt>
   <trkpt lat="-8.0581030" lon="112.9165770">
    <ele>2448.8</ele>
   </trkpt>
   <trkpt lat="-8.0581990" lon="112.9165970">
    <ele>2450.0</ele>
   </trkpt>
   <trkpt lat="-8.0582750" lon="112.9166200">
    <ele>2449.8</ele>
   </trkpt>
   <trkpt lat="-8.0583950" lon="112.9166320">
    <ele>2450.0</ele>
   </trkpt>
   <trkpt lat="-8.0584410" lon="112.9166400">
    <ele>2450.2</ele>
   </trkpt>
   <trkpt lat="-8.0585580" lon="112.9166540">
    <ele>2449.4</ele>
   </trkpt>
   <trkpt lat="-8.0586020" lon="112.9166660">
    <ele>2449.2</ele>
   </trkpt>
   <trkpt lat="-8.0586700" lon="112.9166890">
    <ele>2448.8</ele>
   </trkpt>
   <trkpt lat="-8.0588370" lon="112.9167540">
    <ele>2450.2</ele>
   </trkpt>
   <trkpt lat="-8.0589050" lon="112.9167960">
    <ele>2450.2</ele>
   </trkpt>
   <trkpt lat="-8.0589610" lon="112.9168450">
    <ele>2450.2</ele>
   </trkpt>
   <trkpt lat="-8.0590740" lon="112.9168970">
    <ele>2450.4</ele>
   </trkpt>
   <trkpt lat="-8.0592180" lon="112.9169400">
    <ele>2449.8</ele>
   </trkpt>
   <trkpt lat="-8.0593630" lon="112.9169700">
    <ele>2449.8</ele>
   </trkpt>
   <trkpt lat="-8.0595230" lon="112.9170220">
    <ele>2450.4</ele>
   </trkpt>
   <trkpt lat="-8.0596320" lon="112.9170390">
    <ele>2450.8</ele>
   </trkpt>
   <trkpt lat="-8.0596460" lon="112.9170420">
    <ele>2450.8</ele>
   </trkpt>
   <trkpt lat="-8.0596760" lon="112.9170560">
    <ele>2451.4</ele>
   </trkpt>
   <trkpt lat="-8.0596880" lon="112.9170620">
    <ele>2451.6</ele>
   </trkpt>
   <trkpt lat="-8.0597530" lon="112.9171110">
    <ele>2452.2</ele>
   </trkpt>
   <trkpt lat="-8.0598450" lon="112.9171480">
    <ele>2451.6</ele>
   </trkpt>
   <trkpt lat="-8.0599190" lon="112.9172120">
    <ele>2451.2</ele>
   </trkpt>
   <trkpt lat="-8.0599830" lon="112.9172730">
    <ele>2451.4</ele>
   </trkpt>
   <trkpt lat="-8.0600560" lon="112.9173390">
    <ele>2452.4</ele>
   </trkpt>
   <trkpt lat="-8.0601320" lon="112.9173760">
    <ele>2452.6</ele>
   </trkpt>
   <trkpt lat="-8.0602020" lon="112.9174210">
    <ele>2452.8</ele>
   </trkpt>
   <trkpt lat="-8.0602500" lon="112.9174400">
    <ele>2453.4</ele>
   </trkpt>
   <trkpt lat="-8.0602790" lon="112.9174470">
    <ele>2453.6</ele>
   </trkpt>
   <trkpt lat="-8.0603110" lon="112.9174540">
    <ele>2453.6</ele>
   </trkpt>
   <trkpt lat="-8.0603590" lon="112.9174590">
    <ele>2453.6</ele>
   </trkpt>
   <trkpt lat="-8.0603740" lon="112.9174620">
    <ele>2453.6</ele>
   </trkpt>
   <trkpt lat="-8.0604340" lon="112.9175010">
    <ele>2454.0</ele>
   </trkpt>
   <trkpt lat="-8.0605050" lon="112.9175320">
    <ele>2453.6</ele>
   </trkpt>
   <trkpt lat="-8.0605190" lon="112.9175350">
    <ele>2453.6</ele>
   </trkpt>
   <trkpt lat="-8.0605840" lon="112.9175660">
    <ele>2454.2</ele>
   </trkpt>
   <trkpt lat="-8.0606020" lon="112.9175670">
    <ele>2454.4</ele>
   </trkpt>
   <trkpt lat="-8.0606160" lon="112.9175700">
    <ele>2454.6</ele>
   </trkpt>
   <trkpt lat="-8.0606560" lon="112.9175680">
    <ele>2454.8</ele>
   </trkpt>
   <trkpt lat="-8.0607270" lon="112.9175600">
    <ele>2455.2</ele>
   </trkpt>
   <trkpt lat="-8.0607360" lon="112.9175730">
    <ele>2455.2</ele>
   </trkpt>
   <trkpt lat="-8.0607820" lon="112.9175750">
    <ele>2455.6</ele>
   </trkpt>
   <trkpt lat="-8.0607950" lon="112.9175760">
    <ele>2455.8</ele>
   </trkpt>
   <trkpt lat="-8.0608200" lon="112.9175840">
    <ele>2456.2</ele>
   </trkpt>
   <trkpt lat="-8.0608260" lon="112.9175880">
    <ele>2456.4</ele>
   </trkpt>
   <trkpt lat="-8.0608410" lon="112.9175980">
    <ele>2456.6</ele>
   </trkpt>
   <trkpt lat="-8.0608720" lon="112.9176150">
    <ele>2456.8</ele>
   </trkpt>
   <trkpt lat="-8.0609000" lon="112.9176210">
    <ele>2457.0</ele>
   </trkpt>
   <trkpt lat="-8.0609730" lon="112.9176420">
    <ele>2457.8</ele>
   </trkpt>
   <trkpt lat="-8.0610240" lon="112.9176340">
    <ele>2458.2</ele>
   </trkpt>
   <trkpt lat="-8.0610440" lon="112.9176500">
    <ele>2458.2</ele>
   </trkpt>
   <trkpt lat="-8.0610840" lon="112.9176770">
    <ele>2458.4</ele>
   </trkpt>
   <trkpt lat="-8.0610930" lon="112.9176790">
    <ele>2458.6</ele>
   </trkpt>
   <trkpt lat="-8.0611010" lon="112.9176760">
    <ele>2458.8</ele>
   </trkpt>
   <trkpt lat="-8.0611170" lon="112.9176850">
    <ele>2459.2</ele>
   </trkpt>
   <trkpt lat="-8.0611250" lon="112.9177010">
    <ele>2459.2</ele>
   </trkpt>
   <trkpt lat="-8.0611340" lon="112.9177170">
    <ele>2459.4</ele>
   </trkpt>
   <trkpt lat="-8.0611640" lon="112.9177230">
    <ele>2459.6</ele>
   </trkpt>
   <trkpt lat="-8.0612150" lon="112.9177320">
    <ele>2460.0</ele>
   </trkpt>
   <trkpt lat="-8.0612330" lon="112.9177490">
    <ele>2460.0</ele>
   </trkpt>
   <trkpt lat="-8.0612750" lon="112.9177560">
    <ele>2460.4</ele>
   </trkpt>
   <trkpt lat="-8.0612980" lon="112.9177660">
    <ele>2460.4</ele>
   </trkpt>
   <trkpt lat="-8.0613360" lon="112.9177790">
    <ele>2461.0</ele>
   </trkpt>
   <trkpt lat="-8.0613620" lon="112.9177890">
    <ele>2461.2</ele>
   </trkpt>
   <trkpt lat="-8.0614510" lon="112.9178160">
    <ele>2461.0</ele>
   </trkpt>
   <trkpt lat="-8.0614790" lon="112.9178140">
    <ele>2462.2</ele>
   </trkpt>
   <trkpt lat="-8.0615370" lon="112.9178210">
    <ele>2462.8</ele>
   </trkpt>
   <trkpt lat="-8.0615560" lon="112.9178150">
    <ele>2463.0</ele>
   </trkpt>
   <trkpt lat="-8.0616050" lon="112.9178110">
    <ele>2463.2</ele>
   </trkpt>
   <trkpt lat="-8.0616180" lon="112.9178090">
    <ele>2463.2</ele>
   </trkpt>
   <trkpt lat="-8.0616320" lon="112.9178110">
    <ele>2463.2</ele>
   </trkpt>
   <trkpt lat="-8.0616850" lon="112.9178080">
    <ele>2463.4</ele>
   </trkpt>
   <trkpt lat="-8.0617380" lon="112.9178230">
    <ele>2463.8</ele>
   </trkpt>
   <trkpt lat="-8.0617620" lon="112.9178380">
    <ele>2464.0</ele>
   </trkpt>
   <trkpt lat="-8.0618230" lon="112.9178560">
    <ele>2464.2</ele>
   </trkpt>
   <trkpt lat="-8.0618360" lon="112.9178670">
    <ele>2464.2</ele>
   </trkpt>
   <trkpt lat="-8.0618480" lon="112.9178780">
    <ele>2464.4</ele>
   </trkpt>
   <trkpt lat="-8.0618880" lon="112.9178980">
    <ele>2465.0</ele>
   </trkpt>
   <trkpt lat="-8.0619150" lon="112.9179040">
    <ele>2465.2</ele>
   </trkpt>
   <trkpt lat="-8.0619300" lon="112.9179040">
    <ele>2465.4</ele>
   </trkpt>
   <trkpt lat="-8.0619860" lon="112.9179050">
    <ele>2465.6</ele>
   </trkpt>
   <trkpt lat="-8.0620590" lon="112.9179060">
    <ele>2465.8</ele>
   </trkpt>
   <trkpt lat="-8.0621090" lon="112.9178870">
    <ele>2466.4</ele>
   </trkpt>
   <trkpt lat="-8.0621230" lon="112.9178840">
    <ele>2466.4</ele>
   </trkpt>
   <trkpt lat="-8.0621460" lon="112.9178750">
    <ele>2466.8</ele>
   </trkpt>
   <trkpt lat="-8.0621750" lon="112.9178400">
    <ele>2467.0</ele>
   </trkpt>
   <trkpt lat="-8.0622210" lon="112.9178240">
    <ele>2467.6</ele>
   </trkpt>
   <trkpt lat="-8.0622690" lon="112.9178070">
    <ele>2467.8</ele>
   </trkpt>
   <trkpt lat="-8.0623290" lon="112.9177700">
    <ele>2468.4</ele>
   </trkpt>
   <trkpt lat="-8.0623420" lon="112.9177680">
    <ele>2468.6</ele>
   </trkpt>
   <trkpt lat="-8.0623950" lon="112.9177320">
    <ele>2469.0</ele>
   </trkpt>
   <trkpt lat="-8.0624770" lon="112.9176830">
    <ele>2469.2</ele>
   </trkpt>
   <trkpt lat="-8.0624920" lon="112.9176790">
    <ele>2469.4</ele>
   </trkpt>
   <trkpt lat="-8.0625070" lon="112.9176760">
    <ele>2469.6</ele>
   </trkpt>
   <trkpt lat="-8.0625780" lon="112.9176660">
    <ele>2470.0</ele>
   </trkpt>
   <trkpt lat="-8.0626450" lon="112.9176640">
    <ele>2470.4</ele>
   </trkpt>
   <trkpt lat="-8.0626560" lon="112.9176670">
    <ele>2470.4</ele>
   </trkpt>
   <trkpt lat="-8.0626680" lon="112.9176650">
    <ele>2470.4</ele>
   </trkpt>
   <trkpt lat="-8.0626950" lon="112.9176450">
    <ele>2470.8</ele>
   </trkpt>
   <trkpt lat="-8.0627060" lon="112.9176400">
    <ele>2471.0</ele>
   </trkpt>
   <trkpt lat="-8.0627180" lon="112.9176390">
    <ele>2471.2</ele>
   </trkpt>
   <trkpt lat="-8.0627600" lon="112.9176350">
    <ele>2472.0</ele>
   </trkpt>
   <trkpt lat="-8.0627930" lon="112.9176430">
    <ele>2472.6</ele>
   </trkpt>
   <trkpt lat="-8.0628280" lon="112.9176260">
    <ele>2472.8</ele>
   </trkpt>
   <trkpt lat="-8.0628560" lon="112.9176160">
    <ele>2473.0</ele>
   </trkpt>
   <trkpt lat="-8.0628730" lon="112.9176150">
    <ele>2473.0</ele>
   </trkpt>
   <trkpt lat="-8.0628900" lon="112.9176180">
    <ele>2473.2</ele>
   </trkpt>
   <trkpt lat="-8.0629350" lon="112.9176140">
    <ele>2474.0</ele>
   </trkpt>
   <trkpt lat="-8.0629470" lon="112.9176100">
    <ele>2474.2</ele>
   </trkpt>
   <trkpt lat="-8.0629610" lon="112.9176080">
    <ele>2474.4</ele>
   </trkpt>
   <trkpt lat="-8.0630520" lon="112.9176000">
    <ele>2474.8</ele>
   </trkpt>
   <trkpt lat="-8.0630690" lon="112.9175940">
    <ele>2475.0</ele>
   </trkpt>
   <trkpt lat="-8.0630800" lon="112.9175880">
    <ele>2475.0</ele>
   </trkpt>
   <trkpt lat="-8.0631020" lon="112.9175580">
    <ele>2475.4</ele>
   </trkpt>
   <trkpt lat="-8.0631660" lon="112.9175210">
    <ele>2476.2</ele>
   </trkpt>
   <trkpt lat="-8.0632110" lon="112.9174860">
    <ele>2476.4</ele>
   </trkpt>
   <trkpt lat="-8.0632760" lon="112.9174290">
    <ele>2477.4</ele>
   </trkpt>
   <trkpt lat="-8.0632860" lon="112.9174180">
    <ele>2477.8</ele>
   </trkpt>
   <trkpt lat="-8.0633100" lon="112.9173940">
    <ele>2478.6</ele>
   </trkpt>
   <trkpt lat="-8.0633240" lon="112.9173810">
    <ele>2478.8</ele>
   </trkpt>
   <trkpt lat="-8.0633500" lon="112.9173490">
    <ele>2479.4</ele>
   </trkpt>
   <trkpt lat="-8.0633770" lon="112.9173340">
    <ele>2479.8</ele>
   </trkpt>
   <trkpt lat="-8.0633830" lon="112.9173140">
    <ele>2480.0</ele>
   </trkpt>
   <trkpt lat="-8.0634140" lon="112.9172710">
    <ele>2481.0</ele>
   </trkpt>
   <trkpt lat="-8.0634280" lon="112.9172680">
    <ele>2481.2</ele>
   </trkpt>
   <trkpt lat="-8.0634440" lon="112.9172680">
    <ele>2481.4</ele>
   </trkpt>
   <trkpt lat="-8.0634790" lon="112.9172790">
    <ele>2482.0</ele>
   </trkpt>
   <trkpt lat="-8.0634910" lon="112.9172780">
    <ele>2482.2</ele>
   </trkpt>
   <trkpt lat="-8.0635550" lon="112.9172770">
    <ele>2482.6</ele>
   </trkpt>
   <trkpt lat="-8.0635650" lon="112.9172830">
    <ele>2482.8</ele>
   </trkpt>
   <trkpt lat="-8.0635760" lon="112.9172890">
    <ele>2483.2</ele>
   </trkpt>
   <trkpt lat="-8.0635980" lon="112.9172960">
    <ele>2483.4</ele>
   </trkpt>
   <trkpt lat="-8.0636090" lon="112.9173000">
    <ele>2483.6</ele>
   </trkpt>
   <trkpt lat="-8.0636780" lon="112.9173020">
    <ele>2483.8</ele>
   </trkpt>
   <trkpt lat="-8.0637200" lon="112.9172970">
    <ele>2484.2</ele>
   </trkpt>
   <trkpt lat="-8.0637760" lon="112.9172630">
    <ele>2484.8</ele>
   </trkpt>
   <trkpt lat="-8.0638440" lon="112.9172190">
    <ele>2485.2</ele>
   </trkpt>
   <trkpt lat="-8.0638510" lon="112.9172110">
    <ele>2485.4</ele>
   </trkpt>
   <trkpt lat="-8.0638750" lon="112.9172040">
    <ele>2485.8</ele>
   </trkpt>
   <trkpt lat="-8.0639020" lon="112.9171910">
    <ele>2486.4</ele>
   </trkpt>
   <trkpt lat="-8.0639360" lon="112.9171810">
    <ele>2486.8</ele>
   </trkpt>
   <trkpt lat="-8.0639790" lon="112.9171530">
    <ele>2487.4</ele>
   </trkpt>
   <trkpt lat="-8.0639910" lon="112.9171370">
    <ele>2487.8</ele>
   </trkpt>
   <trkpt lat="-8.0639970" lon="112.9171410">
    <ele>2488.4</ele>
   </trkpt>
   <trkpt lat="-8.0640010" lon="112.9171440">
    <ele>2488.4</ele>
   </trkpt>
   <trkpt lat="-8.0640520" lon="112.9171310">
    <ele>2489.0</ele>
   </trkpt>
   <trkpt lat="-8.0640670" lon="112.9171070">
    <ele>2489.6</ele>
   </trkpt>
   <trkpt lat="-8.0640770" lon="112.9170980">
    <ele>2489.8</ele>
   </trkpt>
   <trkpt lat="-8.0641370" lon="112.9170140">
    <ele>2490.6</ele>
   </trkpt>
   <trkpt lat="-8.0641420" lon="112.9169920">
    <ele>2491.0</ele>
   </trkpt>
   <trkpt lat="-8.0641610" lon="112.9169100">
    <ele>2491.4</ele>
   </trkpt>
   <trkpt lat="-8.0641960" lon="112.9168870">
    <ele>2492.0</ele>
   </trkpt>
   <trkpt lat="-8.0642220" lon="112.9168750">
    <ele>2492.2</ele>
   </trkpt>
   <trkpt lat="-8.0642330" lon="112.9168790">
    <ele>2492.4</ele>
   </trkpt>
   <trkpt lat="-8.0642450" lon="112.9168830">
    <ele>2492.4</ele>
   </trkpt>
   <trkpt lat="-8.0642730" lon="112.9168750">
    <ele>2493.0</ele>
   </trkpt>
   <trkpt lat="-8.0642860" lon="112.9168690">
    <ele>2493.2</ele>
   </trkpt>
   <trkpt lat="-8.0642860" lon="112.9168690">
    <ele>2493.2</ele>
   </trkpt>
   <trkpt lat="-8.0643390" lon="112.9168410">
    <ele>2494.0</ele>
   </trkpt>
   <trkpt lat="-8.0643480" lon="112.9168400">
    <ele>2494.2</ele>
   </trkpt>
   <trkpt lat="-8.0643550" lon="112.9168430">
    <ele>2494.4</ele>
   </trkpt>
   <trkpt lat="-8.0644180" lon="112.9168320">
    <ele>2495.4</ele>
   </trkpt>
   <trkpt lat="-8.0644680" lon="112.9168180">
    <ele>2496.4</ele>
   </trkpt>
   <trkpt lat="-8.0644790" lon="112.9168190">
    <ele>2496.6</ele>
   </trkpt>
   <trkpt lat="-8.0644910" lon="112.9168220">
    <ele>2496.6</ele>
   </trkpt>
   <trkpt lat="-8.0645380" lon="112.9168180">
    <ele>2497.2</ele>
   </trkpt>
   <trkpt lat="-8.0645630" lon="112.9167880">
    <ele>2497.6</ele>
   </trkpt>
   <trkpt lat="-8.0645650" lon="112.9167770">
    <ele>2497.8</ele>
   </trkpt>
   <trkpt lat="-8.0645690" lon="112.9167650">
    <ele>2497.8</ele>
   </trkpt>
   <trkpt lat="-8.0646140" lon="112.9167240">
    <ele>2498.2</ele>
   </trkpt>
   <trkpt lat="-8.0646730" lon="112.9167150">
    <ele>2498.8</ele>
   </trkpt>
   <trkpt lat="-8.0646930" lon="112.9167030">
    <ele>2499.0</ele>
   </trkpt>
   <trkpt lat="-8.0647550" lon="112.9166250">
    <ele>2499.6</ele>
   </trkpt>
   <trkpt lat="-8.0647660" lon="112.9166160">
    <ele>2499.6</ele>
   </trkpt>
   <trkpt lat="-8.0648000" lon="112.9165660">
    <ele>2500.0</ele>
   </trkpt>
   <trkpt lat="-8.0648380" lon="112.9165440">
    <ele>2500.2</ele>
   </trkpt>
   <trkpt lat="-8.0649260" lon="112.9164990">
    <ele>2500.8</ele>
   </trkpt>
   <trkpt lat="-8.0649390" lon="112.9164960">
    <ele>2501.2</ele>
   </trkpt>
   <trkpt lat="-8.0649820" lon="112.9164850">
    <ele>2502.4</ele>
   </trkpt>
   <trkpt lat="-8.0650090" lon="112.9164780">
    <ele>2503.0</ele>
   </trkpt>
   <trkpt lat="-8.0650620" lon="112.9164760">
    <ele>2503.4</ele>
   </trkpt>
   <trkpt lat="-8.0650750" lon="112.9164760">
    <ele>2503.8</ele>
   </trkpt>
   <trkpt lat="-8.0650830" lon="112.9164740">
    <ele>2504.0</ele>
   </trkpt>
   <trkpt lat="-8.0651310" lon="112.9164510">
    <ele>2504.4</ele>
   </trkpt>
   <trkpt lat="-8.0651420" lon="112.9164510">
    <ele>2504.6</ele>
   </trkpt>
   <trkpt lat="-8.0652070" lon="112.9164700">
    <ele>2505.6</ele>
   </trkpt>
   <trkpt lat="-8.0652660" lon="112.9164550">
    <ele>2506.6</ele>
   </trkpt>
   <trkpt lat="-8.0653110" lon="112.9164440">
    <ele>2508.0</ele>
   </trkpt>
   <trkpt lat="-8.0653410" lon="112.9164360">
    <ele>2508.4</ele>
   </trkpt>
   <trkpt lat="-8.0653830" lon="112.9164000">
    <ele>2508.8</ele>
   </trkpt>
   <trkpt lat="-8.0653920" lon="112.9164050">
    <ele>2509.0</ele>
   </trkpt>
   <trkpt lat="-8.0654010" lon="112.9164150">
    <ele>2509.2</ele>
   </trkpt>
   <trkpt lat="-8.0654440" lon="112.9164370">
    <ele>2510.0</ele>
   </trkpt>
   <trkpt lat="-8.0654570" lon="112.9164430">
    <ele>2510.4</ele>
   </trkpt>
   <trkpt lat="-8.0654740" lon="112.9164560">
    <ele>2511.2</ele>
   </trkpt>
   <trkpt lat="-8.0655310" lon="112.9164730">
    <ele>2511.4</ele>
   </trkpt>
   <trkpt lat="-8.0655470" lon="112.9164700">
    <ele>2511.2</ele>
   </trkpt>
   <trkpt lat="-8.0655890" lon="112.9164350">
    <ele>2512.0</ele>
   </trkpt>
   <trkpt lat="-8.0655930" lon="112.9164330">
    <ele>2512.2</ele>
   </trkpt>
   <trkpt lat="-8.0656190" lon="112.9164260">
    <ele>2513.0</ele>
   </trkpt>
   <trkpt lat="-8.0656340" lon="112.9164260">
    <ele>2513.0</ele>
   </trkpt>
   <trkpt lat="-8.0656480" lon="112.9164290">
    <ele>2513.4</ele>
   </trkpt>
   <trkpt lat="-8.0656990" lon="112.9164300">
    <ele>2513.8</ele>
   </trkpt>
   <trkpt lat="-8.0657740" lon="112.9163910">
    <ele>2514.4</ele>
   </trkpt>
   <trkpt lat="-8.0658090" lon="112.9163570">
    <ele>2515.2</ele>
   </trkpt>
   <trkpt lat="-8.0658230" lon="112.9163460">
    <ele>2515.6</ele>
   </trkpt>
   <trkpt lat="-8.0658320" lon="112.9163470">
    <ele>2516.0</ele>
   </trkpt>
   <trkpt lat="-8.0658410" lon="112.9163500">
    <ele>2516.2</ele>
   </trkpt>
   <trkpt lat="-8.0658660" lon="112.9163480">
    <ele>2516.8</ele>
   </trkpt>
   <trkpt lat="-8.0658750" lon="112.9163530">
    <ele>2516.8</ele>
   </trkpt>
   <trkpt lat="-8.0658960" lon="112.9163590">
    <ele>2517.0</ele>
   </trkpt>
   <trkpt lat="-8.0659220" lon="112.9163710">
    <ele>2517.2</ele>
   </trkpt>
   <trkpt lat="-8.0659510" lon="112.9163870">
    <ele>2517.4</ele>
   </trkpt>
   <trkpt lat="-8.0659610" lon="112.9164150">
    <ele>2518.0</ele>
   </trkpt>
   <trkpt lat="-8.0659810" lon="112.9164460">
    <ele>2518.6</ele>
   </trkpt>
   <trkpt lat="-8.0660100" lon="112.9164430">
    <ele>2518.6</ele>
   </trkpt>
   <trkpt lat="-8.0660580" lon="112.9164090">
    <ele>2519.2</ele>
   </trkpt>
   <trkpt lat="-8.0660770" lon="112.9163940">
    <ele>2519.6</ele>
   </trkpt>
   <trkpt lat="-8.0660830" lon="112.9163950">
    <ele>2519.6</ele>
   </trkpt>
   <trkpt lat="-8.0660970" lon="112.9163980">
    <ele>2520.4</ele>
   </trkpt>
   <trkpt lat="-8.0661010" lon="112.9164050">
    <ele>2520.6</ele>
   </trkpt>
   <trkpt lat="-8.0661150" lon="112.9164200">
    <ele>2521.0</ele>
   </trkpt>
   <trkpt lat="-8.0661770" lon="112.9164780">
    <ele>2521.6</ele>
   </trkpt>
   <trkpt lat="-8.0662290" lon="112.9165020">
    <ele>2522.2</ele>
   </trkpt>
   <trkpt lat="-8.0662290" lon="112.9164990">
    <ele>2522.6</ele>
   </trkpt>
   <trkpt lat="-8.0662270" lon="112.9164890">
    <ele>2522.6</ele>
   </trkpt>
   <trkpt lat="-8.0662400" lon="112.9164990">
    <ele>2522.8</ele>
   </trkpt>
   <trkpt lat="-8.0662670" lon="112.9164960">
    <ele>2523.0</ele>
   </trkpt>
   <trkpt lat="-8.0662960" lon="112.9164890">
    <ele>2523.6</ele>
   </trkpt>
   <trkpt lat="-8.0663100" lon="112.9164880">
    <ele>2523.6</ele>
   </trkpt>
   <trkpt lat="-8.0663480" lon="112.9164870">
    <ele>2524.2</ele>
   </trkpt>
   <trkpt lat="-8.0663820" lon="112.9164690">
    <ele>2524.6</ele>
   </trkpt>
   <trkpt lat="-8.0663950" lon="112.9164680">
    <ele>2524.6</ele>
   </trkpt>
   <trkpt lat="-8.0664070" lon="112.9164710">
    <ele>2524.8</ele>
   </trkpt>
   <trkpt lat="-8.0664430" lon="112.9164420">
    <ele>2525.8</ele>
   </trkpt>
   <trkpt lat="-8.0664610" lon="112.9164330">
    <ele>2526.0</ele>
   </trkpt>
   <trkpt lat="-8.0665220" lon="112.9164560">
    <ele>2527.0</ele>
   </trkpt>
   <trkpt lat="-8.0665320" lon="112.9164550">
    <ele>2527.4</ele>
   </trkpt>
   <trkpt lat="-8.0665710" lon="112.9164340">
    <ele>2528.0</ele>
   </trkpt>
   <trkpt lat="-8.0665790" lon="112.9164180">
    <ele>2528.2</ele>
   </trkpt>
   <trkpt lat="-8.0665990" lon="112.9164090">
    <ele>2528.6</ele>
   </trkpt>
   <trkpt lat="-8.0666190" lon="112.9164190">
    <ele>2528.8</ele>
   </trkpt>
   <trkpt lat="-8.0666430" lon="112.9164170">
    <ele>2529.2</ele>
   </trkpt>
   <trkpt lat="-8.0666720" lon="112.9164120">
    <ele>2529.4</ele>
   </trkpt>
   <trkpt lat="-8.0667170" lon="112.9164220">
    <ele>2530.2</ele>
   </trkpt>
   <trkpt lat="-8.0667370" lon="112.9164180">
    <ele>2530.6</ele>
   </trkpt>
   <trkpt lat="-8.0667730" lon="112.9164050">
    <ele>2531.0</ele>
   </trkpt>
   <trkpt lat="-8.0668340" lon="112.9164080">
    <ele>2531.4</ele>
   </trkpt>
   <trkpt lat="-8.0668670" lon="112.9164060">
    <ele>2532.2</ele>
   </trkpt>
   <trkpt lat="-8.0668780" lon="112.9164060">
    <ele>2532.2</ele>
   </trkpt>
   <trkpt lat="-8.0669000" lon="112.9164050">
    <ele>2532.4</ele>
   </trkpt>
   <trkpt lat="-8.0669300" lon="112.9163890">
    <ele>2533.6</ele>
   </trkpt>
   <trkpt lat="-8.0669580" lon="112.9163580">
    <ele>2534.0</ele>
   </trkpt>
   <trkpt lat="-8.0669950" lon="112.9163310">
    <ele>2534.6</ele>
   </trkpt>
   <trkpt lat="-8.0670040" lon="112.9163280">
    <ele>2534.8</ele>
   </trkpt>
   <trkpt lat="-8.0670440" lon="112.9163030">
    <ele>2535.8</ele>
   </trkpt>
   <trkpt lat="-8.0670850" lon="112.9163220">
    <ele>2536.8</ele>
   </trkpt>
   <trkpt lat="-8.0670950" lon="112.9163190">
    <ele>2537.2</ele>
   </trkpt>
   <trkpt lat="-8.0671150" lon="112.9163090">
    <ele>2537.8</ele>
   </trkpt>
   <trkpt lat="-8.0671530" lon="112.9163120">
    <ele>2538.4</ele>
   </trkpt>
   <trkpt lat="-8.0672060" lon="112.9163140">
    <ele>2539.2</ele>
   </trkpt>
   <trkpt lat="-8.0672490" lon="112.9162910">
    <ele>2539.8</ele>
   </trkpt>
   <trkpt lat="-8.0672760" lon="112.9162960">
    <ele>2540.2</ele>
   </trkpt>
   <trkpt lat="-8.0673040" lon="112.9162960">
    <ele>2540.6</ele>
   </trkpt>
   <trkpt lat="-8.0673430" lon="112.9162760">
    <ele>2541.0</ele>
   </trkpt>
   <trkpt lat="-8.0673870" lon="112.9162780">
    <ele>2541.2</ele>
   </trkpt>
   <trkpt lat="-8.0673970" lon="112.9162810">
    <ele>2541.4</ele>
   </trkpt>
   <trkpt lat="-8.0674080" lon="112.9162840">
    <ele>2541.6</ele>
   </trkpt>
   <trkpt lat="-8.0674470" lon="112.9162730">
    <ele>2542.4</ele>
   </trkpt>
   <trkpt lat="-8.0674880" lon="112.9162430">
    <ele>2543.0</ele>
   </trkpt>
   <trkpt lat="-8.0674970" lon="112.9162350">
    <ele>2543.4</ele>
   </trkpt>
   <trkpt lat="-8.0675050" lon="112.9162280">
    <ele>2543.6</ele>
   </trkpt>
   <trkpt lat="-8.0675360" lon="112.9162010">
    <ele>2544.4</ele>
   </trkpt>
   <trkpt lat="-8.0675480" lon="112.9162010">
    <ele>2544.6</ele>
   </trkpt>
   <trkpt lat="-8.0675610" lon="112.9161960">
    <ele>2544.8</ele>
   </trkpt>
   <trkpt lat="-8.0676130" lon="112.9162120">
    <ele>2545.2</ele>
   </trkpt>
   <trkpt lat="-8.0676240" lon="112.9162190">
    <ele>2545.4</ele>
   </trkpt>
   <trkpt lat="-8.0676390" lon="112.9162240">
    <ele>2545.6</ele>
   </trkpt>
   <trkpt lat="-8.0677010" lon="112.9162280">
    <ele>2546.4</ele>
   </trkpt>
   <trkpt lat="-8.0677120" lon="112.9162320">
    <ele>2546.8</ele>
   </trkpt>
   <trkpt lat="-8.0677710" lon="112.9162510">
    <ele>2547.4</ele>
   </trkpt>
   <trkpt lat="-8.0677810" lon="112.9162490">
    <ele>2547.6</ele>
   </trkpt>
   <trkpt lat="-8.0677890" lon="112.9162490">
    <ele>2547.8</ele>
   </trkpt>
   <trkpt lat="-8.0678120" lon="112.9162600">
    <ele>2548.2</ele>
   </trkpt>
   <trkpt lat="-8.0678380" lon="112.9162530">
    <ele>2548.8</ele>
   </trkpt>
   <trkpt lat="-8.0678490" lon="112.9162460">
    <ele>2549.0</ele>
   </trkpt>
   <trkpt lat="-8.0678770" lon="112.9162390">
    <ele>2549.4</ele>
   </trkpt>
   <trkpt lat="-8.0678900" lon="112.9162290">
    <ele>2549.8</ele>
   </trkpt>
   <trkpt lat="-8.0679110" lon="112.9162210">
    <ele>2550.2</ele>
   </trkpt>
   <trkpt lat="-8.0679760" lon="112.9162020">
    <ele>2551.2</ele>
   </trkpt>
   <trkpt lat="-8.0679820" lon="112.9162060">
    <ele>2551.4</ele>
   </trkpt>
   <trkpt lat="-8.0680240" lon="112.9162340">
    <ele>2552.0</ele>
   </trkpt>
   <trkpt lat="-8.0680480" lon="112.9162520">
    <ele>2552.4</ele>
   </trkpt>
   <trkpt lat="-8.0680610" lon="112.9162560">
    <ele>2553.0</ele>
   </trkpt>
   <trkpt lat="-8.0680710" lon="112.9162620">
    <ele>2553.4</ele>
   </trkpt>
   <trkpt lat="-8.0680790" lon="112.9162680">
    <ele>2553.6</ele>
   </trkpt>
   <trkpt lat="-8.0681080" lon="112.9162870">
    <ele>2554.4</ele>
   </trkpt>
   <trkpt lat="-8.0681170" lon="112.9162900">
    <ele>2554.6</ele>
   </trkpt>
   <trkpt lat="-8.0681420" lon="112.9162720">
    <ele>2555.6</ele>
   </trkpt>
   <trkpt lat="-8.0681770" lon="112.9162590">
    <ele>2556.6</ele>
   </trkpt>
   <trkpt lat="-8.0681910" lon="112.9162680">
    <ele>2556.8</ele>
   </trkpt>
   <trkpt lat="-8.0681960" lon="112.9162650">
    <ele>2557.2</ele>
   </trkpt>
   <trkpt lat="-8.0682080" lon="112.9162580">
    <ele>2557.6</ele>
   </trkpt>
   <trkpt lat="-8.0682200" lon="112.9162550">
    <ele>2558.0</ele>
   </trkpt>
   <trkpt lat="-8.0682370" lon="112.9162670">
    <ele>2558.2</ele>
   </trkpt>
   <trkpt lat="-8.0684640" lon="112.9162980">
    <ele>2558.0</ele>
   </trkpt>
   <trkpt lat="-8.0684700" lon="112.9163000">
    <ele>2558.0</ele>
   </trkpt>
   <trkpt lat="-8.0684820" lon="112.9163040">
    <ele>2560.0</ele>
   </trkpt>
   <trkpt lat="-8.0684920" lon="112.9163030">
    <ele>2561.4</ele>
   </trkpt>
   <trkpt lat="-8.0685060" lon="112.9162980">
    <ele>2562.8</ele>
   </trkpt>
   <trkpt lat="-8.0685150" lon="112.9162910">
    <ele>2563.4</ele>
   </trkpt>
   <trkpt lat="-8.0685210" lon="112.9162780">
    <ele>2563.8</ele>
   </trkpt>
   <trkpt lat="-8.0685110" lon="112.9162570">
    <ele>2564.0</ele>
   </trkpt>
   <trkpt lat="-8.0685100" lon="112.9162550">
    <ele>2563.8</ele>
   </trkpt>
   <trkpt lat="-8.0685220" lon="112.9162540">
    <ele>2563.4</ele>
   </trkpt>
   <trkpt lat="-8.0685160" lon="112.9162620">
    <ele>2563.6</ele>
   </trkpt>
   <trkpt lat="-8.0684860" lon="112.9162550">
    <ele>2563.6</ele>
   </trkpt>
   <trkpt lat="-8.0685120" lon="112.9162420">
    <ele>2564.0</ele>
   </trkpt>
   <trkpt lat="-8.0686080" lon="112.9162510">
    <ele>2564.6</ele>
   </trkpt>
   <trkpt lat="-8.0686260" lon="112.9162450">
    <ele>2564.6</ele>
   </trkpt>
   <trkpt lat="-8.0686510" lon="112.9162360">
    <ele>2565.0</ele>
   </trkpt>
   <trkpt lat="-8.0686590" lon="112.9162370">
    <ele>2565.4</ele>
   </trkpt>
   <trkpt lat="-8.0686890" lon="112.9162590">
    <ele>2566.0</ele>
   </trkpt>
   <trkpt lat="-8.0687000" lon="112.9162710">
    <ele>2566.6</ele>
   </trkpt>
   <trkpt lat="-8.0687070" lon="112.9162760">
    <ele>2567.0</ele>
   </trkpt>
   <trkpt lat="-8.0687230" lon="112.9162650">
    <ele>2567.2</ele>
   </trkpt>
   <trkpt lat="-8.0687480" lon="112.9162450">
    <ele>2567.6</ele>
   </trkpt>
   <trkpt lat="-8.0687610" lon="112.9162330">
    <ele>2567.6</ele>
   </trkpt>
   <trkpt lat="-8.0687830" lon="112.9162250">
    <ele>2567.8</ele>
   </trkpt>
   <trkpt lat="-8.0688170" lon="112.9162130">
    <ele>2568.4</ele>
   </trkpt>
   <trkpt lat="-8.0688290" lon="112.9162060">
    <ele>2568.4</ele>
   </trkpt>
   <trkpt lat="-8.0688400" lon="112.9161970">
    <ele>2568.6</ele>
   </trkpt>
   <trkpt lat="-8.0688730" lon="112.9161860">
    <ele>2569.0</ele>
   </trkpt>
   <trkpt lat="-8.0689060" lon="112.9161890">
    <ele>2569.6</ele>
   </trkpt>
   <trkpt lat="-8.0689390" lon="112.9161840">
    <ele>2570.2</ele>
   </trkpt>
   <trkpt lat="-8.0689520" lon="112.9161800">
    <ele>2570.8</ele>
   </trkpt>
   <trkpt lat="-8.0689590" lon="112.9161780">
    <ele>2571.0</ele>
   </trkpt>
   <trkpt lat="-8.0689660" lon="112.9161750">
    <ele>2571.2</ele>
   </trkpt>
   <trkpt lat="-8.0690070" lon="112.9161640">
    <ele>2572.0</ele>
   </trkpt>
   <trkpt lat="-8.0690150" lon="112.9161550">
    <ele>2572.2</ele>
   </trkpt>
   <trkpt lat="-8.0690490" lon="112.9161490">
    <ele>2573.0</ele>
   </trkpt>
   <trkpt lat="-8.0690710" lon="112.9161490">
    <ele>2573.2</ele>
   </trkpt>
   <trkpt lat="-8.0690900" lon="112.9161470">
    <ele>2573.4</ele>
   </trkpt>
   <trkpt lat="-8.0691330" lon="112.9161250">
    <ele>2574.2</ele>
   </trkpt>
   <trkpt lat="-8.0691470" lon="112.9161180">
    <ele>2574.6</ele>
   </trkpt>
   <trkpt lat="-8.0691620" lon="112.9161170">
    <ele>2575.0</ele>
   </trkpt>
   <trkpt lat="-8.0691760" lon="112.9161190">
    <ele>2575.4</ele>
   </trkpt>
   <trkpt lat="-8.0692030" lon="112.9161200">
    <ele>2576.2</ele>
   </trkpt>
   <trkpt lat="-8.0692220" lon="112.9161370">
    <ele>2576.6</ele>
   </trkpt>
   <trkpt lat="-8.0692330" lon="112.9161500">
    <ele>2576.8</ele>
   </trkpt>
   <trkpt lat="-8.0692610" lon="112.9161360">
    <ele>2577.4</ele>
   </trkpt>
   <trkpt lat="-8.0692680" lon="112.9161370">
    <ele>2577.6</ele>
   </trkpt>
   <trkpt lat="-8.0692980" lon="112.9161260">
    <ele>2578.4</ele>
   </trkpt>
   <trkpt lat="-8.0693130" lon="112.9161330">
    <ele>2578.6</ele>
   </trkpt>
   <trkpt lat="-8.0693220" lon="112.9161390">
    <ele>2578.8</ele>
   </trkpt>
   <trkpt lat="-8.0693450" lon="112.9161490">
    <ele>2579.2</ele>
   </trkpt>
   <trkpt lat="-8.0693550" lon="112.9161550">
    <ele>2579.2</ele>
   </trkpt>
   <trkpt lat="-8.0693660" lon="112.9161690">
    <ele>2579.4</ele>
   </trkpt>
   <trkpt lat="-8.0693790" lon="112.9161680">
    <ele>2580.0</ele>
   </trkpt>
   <trkpt lat="-8.0694000" lon="112.9161710">
    <ele>2580.4</ele>
   </trkpt>
   <trkpt lat="-8.0694130" lon="112.9161690">
    <ele>2580.6</ele>
   </trkpt>
   <trkpt lat="-8.0694540" lon="112.9161780">
    <ele>2581.0</ele>
   </trkpt>
   <trkpt lat="-8.0694730" lon="112.9161610">
    <ele>2581.4</ele>
   </trkpt>
   <trkpt lat="-8.0694780" lon="112.9161590">
    <ele>2581.6</ele>
   </trkpt>
   <trkpt lat="-8.0695050" lon="112.9161410">
    <ele>2582.2</ele>
   </trkpt>
   <trkpt lat="-8.0695110" lon="112.9161330">
    <ele>2582.4</ele>
   </trkpt>
   <trkpt lat="-8.0695230" lon="112.9161350">
    <ele>2582.6</ele>
   </trkpt>
   <trkpt lat="-8.0695600" lon="112.9161230">
    <ele>2583.2</ele>
   </trkpt>
   <trkpt lat="-8.0695640" lon="112.9161160">
    <ele>2583.2</ele>
   </trkpt>
   <trkpt lat="-8.0696020" lon="112.9160900">
    <ele>2584.2</ele>
   </trkpt>
   <trkpt lat="-8.0696150" lon="112.9160850">
    <ele>2584.4</ele>
   </trkpt>
   <trkpt lat="-8.0696610" lon="112.9160570">
    <ele>2585.4</ele>
   </trkpt>
   <trkpt lat="-8.0696710" lon="112.9160520">
    <ele>2585.6</ele>
   </trkpt>
   <trkpt lat="-8.0696820" lon="112.9160510">
    <ele>2585.8</ele>
   </trkpt>
   <trkpt lat="-8.0697090" lon="112.9160490">
    <ele>2586.6</ele>
   </trkpt>
   <trkpt lat="-8.0697480" lon="112.9160390">
    <ele>2587.0</ele>
   </trkpt>
   <trkpt lat="-8.0697800" lon="112.9160410">
    <ele>2587.2</ele>
   </trkpt>
   <trkpt lat="-8.0697880" lon="112.9160310">
    <ele>2587.6</ele>
   </trkpt>
   <trkpt lat="-8.0698150" lon="112.9160020">
    <ele>2588.2</ele>
   </trkpt>
   <trkpt lat="-8.0698600" lon="112.9159720">
    <ele>2588.6</ele>
   </trkpt>
   <trkpt lat="-8.0698930" lon="112.9159450">
    <ele>2589.8</ele>
   </trkpt>
   <trkpt lat="-8.0699250" lon="112.9159190">
    <ele>2590.6</ele>
   </trkpt>
   <trkpt lat="-8.0699370" lon="112.9159170">
    <ele>2591.0</ele>
   </trkpt>
   <trkpt lat="-8.0699480" lon="112.9159170">
    <ele>2591.2</ele>
   </trkpt>
   <trkpt lat="-8.0699840" lon="112.9159020">
    <ele>2592.0</ele>
   </trkpt>
   <trkpt lat="-8.0700000" lon="112.9158930">
    <ele>2592.8</ele>
   </trkpt>
   <trkpt lat="-8.0700130" lon="112.9158830">
    <ele>2592.8</ele>
   </trkpt>
   <trkpt lat="-8.0700450" lon="112.9158750">
    <ele>2593.0</ele>
   </trkpt>
   <trkpt lat="-8.0700640" lon="112.9158630">
    <ele>2593.4</ele>
   </trkpt>
   <trkpt lat="-8.0700770" lon="112.9158470">
    <ele>2594.0</ele>
   </trkpt>
   <trkpt lat="-8.0700920" lon="112.9158290">
    <ele>2594.8</ele>
   </trkpt>
   <trkpt lat="-8.0701020" lon="112.9158230">
    <ele>2595.0</ele>
   </trkpt>
   <trkpt lat="-8.0701640" lon="112.9157820">
    <ele>2596.2</ele>
   </trkpt>
   <trkpt lat="-8.0701740" lon="112.9157800">
    <ele>2596.4</ele>
   </trkpt>
   <trkpt lat="-8.0702090" lon="112.9157580">
    <ele>2597.2</ele>
   </trkpt>
   <trkpt lat="-8.0702650" lon="112.9157170">
    <ele>2598.2</ele>
   </trkpt>
   <trkpt lat="-8.0702880" lon="112.9156840">
    <ele>2599.4</ele>
   </trkpt>
   <trkpt lat="-8.0703010" lon="112.9156630">
    <ele>2599.6</ele>
   </trkpt>
   <trkpt lat="-8.0703300" lon="112.9156300">
    <ele>2600.6</ele>
   </trkpt>
   <trkpt lat="-8.0703370" lon="112.9156260">
    <ele>2600.8</ele>
   </trkpt>
   <trkpt lat="-8.0703990" lon="112.9155950">
    <ele>2601.8</ele>
   </trkpt>
   <trkpt lat="-8.0704120" lon="112.9155840">
    <ele>2602.0</ele>
   </trkpt>
   <trkpt lat="-8.0704510" lon="112.9155360">
    <ele>2602.4</ele>
   </trkpt>
   <trkpt lat="-8.0704990" lon="112.9154950">
    <ele>2602.0</ele>
   </trkpt>
   <trkpt lat="-8.0705540" lon="112.9154800">
    <ele>2602.6</ele>
   </trkpt>
   <trkpt lat="-8.0705670" lon="112.9154740">
    <ele>2602.8</ele>
   </trkpt>
   <trkpt lat="-8.0706080" lon="112.9154380">
    <ele>2603.6</ele>
   </trkpt>
   <trkpt lat="-8.0706230" lon="112.9154410">
    <ele>2603.8</ele>
   </trkpt>
   <trkpt lat="-8.0706360" lon="112.9154440">
    <ele>2603.8</ele>
   </trkpt>
   <trkpt lat="-8.0706890" lon="112.9154530">
    <ele>2604.6</ele>
   </trkpt>
   <trkpt lat="-8.0707010" lon="112.9154550">
    <ele>2605.2</ele>
   </trkpt>
   <trkpt lat="-8.0707310" lon="112.9154470">
    <ele>2606.0</ele>
   </trkpt>
   <trkpt lat="-8.0707420" lon="112.9154470">
    <ele>2606.2</ele>
   </trkpt>
   <trkpt lat="-8.0707520" lon="112.9154460">
    <ele>2606.4</ele>
   </trkpt>
   <trkpt lat="-8.0707770" lon="112.9154550">
    <ele>2607.6</ele>
   </trkpt>
   <trkpt lat="-8.0707840" lon="112.9154620">
    <ele>2607.8</ele>
   </trkpt>
   <trkpt lat="-8.0708030" lon="112.9154720">
    <ele>2608.6</ele>
   </trkpt>
   <trkpt lat="-8.0708130" lon="112.9154770">
    <ele>2609.0</ele>
   </trkpt>
   <trkpt lat="-8.0708610" lon="112.9154650">
    <ele>2609.6</ele>
   </trkpt>
   <trkpt lat="-8.0708760" lon="112.9154570">
    <ele>2610.0</ele>
   </trkpt>
   <trkpt lat="-8.0709010" lon="112.9154440">
    <ele>2610.6</ele>
   </trkpt>
   <trkpt lat="-8.0709200" lon="112.9154260">
    <ele>2611.4</ele>
   </trkpt>
   <trkpt lat="-8.0709500" lon="112.9153960">
    <ele>2611.8</ele>
   </trkpt>
   <trkpt lat="-8.0709690" lon="112.9153770">
    <ele>2612.2</ele>
   </trkpt>
   <trkpt lat="-8.0709880" lon="112.9153540">
    <ele>2613.0</ele>
   </trkpt>
   <trkpt lat="-8.0710170" lon="112.9153280">
    <ele>2613.0</ele>
   </trkpt>
   <trkpt lat="-8.0710390" lon="112.9153150">
    <ele>2614.0</ele>
   </trkpt>
   <trkpt lat="-8.0710420" lon="112.9153050">
    <ele>2614.0</ele>
   </trkpt>
   <trkpt lat="-8.0710600" lon="112.9152700">
    <ele>2614.8</ele>
   </trkpt>
   <trkpt lat="-8.0710920" lon="112.9152550">
    <ele>2614.4</ele>
   </trkpt>
   <trkpt lat="-8.0711200" lon="112.9152300">
    <ele>2614.4</ele>
   </trkpt>
   <trkpt lat="-8.0711530" lon="112.9151960">
    <ele>2614.8</ele>
   </trkpt>
   <trkpt lat="-8.0711650" lon="112.9151900">
    <ele>2615.0</ele>
   </trkpt>
   <trkpt lat="-8.0712210" lon="112.9151990">
    <ele>2616.0</ele>
   </trkpt>
   <trkpt lat="-8.0712350" lon="112.9151990">
    <ele>2616.2</ele>
   </trkpt>
   <trkpt lat="-8.0712460" lon="112.9151960">
    <ele>2616.2</ele>
   </trkpt>
   <trkpt lat="-8.0712910" lon="112.9151700">
    <ele>2617.2</ele>
   </trkpt>
   <trkpt lat="-8.0713270" lon="112.9151430">
    <ele>2618.6</ele>
   </trkpt>
   <trkpt lat="-8.0713370" lon="112.9151300">
    <ele>2619.0</ele>
   </trkpt>
   <trkpt lat="-8.0713430" lon="112.9151260">
    <ele>2619.2</ele>
   </trkpt>
   <trkpt lat="-8.0713630" lon="112.9151200">
    <ele>2619.6</ele>
   </trkpt>
   <trkpt lat="-8.0713770" lon="112.9150970">
    <ele>2620.0</ele>
   </trkpt>
   <trkpt lat="-8.0713910" lon="112.9150840">
    <ele>2620.2</ele>
   </trkpt>
   <trkpt lat="-8.0714180" lon="112.9150810">
    <ele>2620.8</ele>
   </trkpt>
   <trkpt lat="-8.0714220" lon="112.9150810">
    <ele>2621.0</ele>
   </trkpt>
   <trkpt lat="-8.0714320" lon="112.9150960">
    <ele>2621.4</ele>
   </trkpt>
   <trkpt lat="-8.0714530" lon="112.9151100">
    <ele>2621.8</ele>
   </trkpt>
   <trkpt lat="-8.0714560" lon="112.9151150">
    <ele>2622.0</ele>
   </trkpt>
   <trkpt lat="-8.0714680" lon="112.9151350">
    <ele>2622.6</ele>
   </trkpt>
   <trkpt lat="-8.0714730" lon="112.9151460">
    <ele>2623.0</ele>
   </trkpt>
   <trkpt lat="-8.0714950" lon="112.9151550">
    <ele>2623.2</ele>
   </trkpt>
   <trkpt lat="-8.0715110" lon="112.9151560">
    <ele>2623.4</ele>
   </trkpt>
   <trkpt lat="-8.0715550" lon="112.9151650">
    <ele>2624.2</ele>
   </trkpt>
   <trkpt lat="-8.0715730" lon="112.9151720">
    <ele>2625.0</ele>
   </trkpt>
   <trkpt lat="-8.0715810" lon="112.9151730">
    <ele>2625.4</ele>
   </trkpt>
   <trkpt lat="-8.0716010" lon="112.9151790">
    <ele>2626.4</ele>
   </trkpt>
   <trkpt lat="-8.0716060" lon="112.9151750">
    <ele>2626.6</ele>
   </trkpt>
   <trkpt lat="-8.0716420" lon="112.9151490">
    <ele>2627.4</ele>
   </trkpt>
   <trkpt lat="-8.0716510" lon="112.9151450">
    <ele>2627.6</ele>
   </trkpt>
   <trkpt lat="-8.0716620" lon="112.9151430">
    <ele>2627.8</ele>
   </trkpt>
   <trkpt lat="-8.0717600" lon="112.9151450">
    <ele>2627.8</ele>
   </trkpt>
   <trkpt lat="-8.0718040" lon="112.9151370">
    <ele>2628.4</ele>
   </trkpt>
   <trkpt lat="-8.0718530" lon="112.9151370">
    <ele>2629.4</ele>
   </trkpt>
   <trkpt lat="-8.0718740" lon="112.9151420">
    <ele>2629.8</ele>
   </trkpt>
   <trkpt lat="-8.0718900" lon="112.9151490">
    <ele>2630.4</ele>
   </trkpt>
   <trkpt lat="-8.0718980" lon="112.9151450">
    <ele>2631.2</ele>
   </trkpt>
   <trkpt lat="-8.0719050" lon="112.9151480">
    <ele>2631.8</ele>
   </trkpt>
   <trkpt lat="-8.0719340" lon="112.9151520">
    <ele>2633.0</ele>
   </trkpt>
   <trkpt lat="-8.0719820" lon="112.9151410">
    <ele>2633.6</ele>
   </trkpt>
   <trkpt lat="-8.0719940" lon="112.9151420">
    <ele>2634.0</ele>
   </trkpt>
   <trkpt lat="-8.0720320" lon="112.9151420">
    <ele>2634.6</ele>
   </trkpt>
   <trkpt lat="-8.0720600" lon="112.9151320">
    <ele>2635.2</ele>
   </trkpt>
   <trkpt lat="-8.0720750" lon="112.9151240">
    <ele>2635.6</ele>
   </trkpt>
   <trkpt lat="-8.0720950" lon="112.9151150">
    <ele>2635.6</ele>
   </trkpt>
   <trkpt lat="-8.0721280" lon="112.9151020">
    <ele>2635.8</ele>
   </trkpt>
   <trkpt lat="-8.0721460" lon="112.9150920">
    <ele>2636.2</ele>
   </trkpt>
   <trkpt lat="-8.0721690" lon="112.9150830">
    <ele>2637.2</ele>
   </trkpt>
   <trkpt lat="-8.0721770" lon="112.9150790">
    <ele>2637.6</ele>
   </trkpt>
   <trkpt lat="-8.0721940" lon="112.9150630">
    <ele>2638.4</ele>
   </trkpt>
   <trkpt lat="-8.0722360" lon="112.9150250">
    <ele>2639.0</ele>
   </trkpt>
   <trkpt lat="-8.0722470" lon="112.9150140">
    <ele>2639.4</ele>
   </trkpt>
   <trkpt lat="-8.0722830" lon="112.9149810">
    <ele>2640.2</ele>
   </trkpt>
   <trkpt lat="-8.0723120" lon="112.9149790">
    <ele>2640.6</ele>
   </trkpt>
   <trkpt lat="-8.0723370" lon="112.9149640">
    <ele>2641.8</ele>
   </trkpt>
   <trkpt lat="-8.0723490" lon="112.9149540">
    <ele>2642.0</ele>
   </trkpt>
   <trkpt lat="-8.0723850" lon="112.9149230">
    <ele>2642.8</ele>
   </trkpt>
   <trkpt lat="-8.0724230" lon="112.9148940">
    <ele>2643.2</ele>
   </trkpt>
   <trkpt lat="-8.0724620" lon="112.9148810">
    <ele>2643.6</ele>
   </trkpt>
   <trkpt lat="-8.0724770" lon="112.9148710">
    <ele>2643.8</ele>
   </trkpt>
   <trkpt lat="-8.0724950" lon="112.9148650">
    <ele>2643.8</ele>
   </trkpt>
   <trkpt lat="-8.0725050" lon="112.9148630">
    <ele>2644.0</ele>
   </trkpt>
   <trkpt lat="-8.0725270" lon="112.9148590">
    <ele>2644.4</ele>
   </trkpt>
   <trkpt lat="-8.0725490" lon="112.9148500">
    <ele>2645.2</ele>
   </trkpt>
   <trkpt lat="-8.0725810" lon="112.9148020">
    <ele>2645.6</ele>
   </trkpt>
   <trkpt lat="-8.0726310" lon="112.9147630">
    <ele>2646.2</ele>
   </trkpt>
   <trkpt lat="-8.0726360" lon="112.9147580">
    <ele>2646.2</ele>
   </trkpt>
   <trkpt lat="-8.0726610" lon="112.9147130">
    <ele>2647.2</ele>
   </trkpt>
   <trkpt lat="-8.0726770" lon="112.9147030">
    <ele>2647.6</ele>
   </trkpt>
   <trkpt lat="-8.0726880" lon="112.9146990">
    <ele>2648.6</ele>
   </trkpt>
   <trkpt lat="-8.0727130" lon="112.9146930">
    <ele>2649.4</ele>
   </trkpt>
   <trkpt lat="-8.0727250" lon="112.9146910">
    <ele>2649.6</ele>
   </trkpt>
   <trkpt lat="-8.0727830" lon="112.9146630">
    <ele>2650.6</ele>
   </trkpt>
   <trkpt lat="-8.0727890" lon="112.9146650">
    <ele>2650.8</ele>
   </trkpt>
   <trkpt lat="-8.0728190" lon="112.9146660">
    <ele>2652.0</ele>
   </trkpt>
   <trkpt lat="-8.0728420" lon="112.9146240">
    <ele>2653.0</ele>
   </trkpt>
   <trkpt lat="-8.0728470" lon="112.9146190">
    <ele>2653.2</ele>
   </trkpt>
   <trkpt lat="-8.0728730" lon="112.9146010">
    <ele>2654.2</ele>
   </trkpt>
   <trkpt lat="-8.0729020" lon="112.9146080">
    <ele>2655.2</ele>
   </trkpt>
   <trkpt lat="-8.0729050" lon="112.9145980">
    <ele>2655.4</ele>
   </trkpt>
   <trkpt lat="-8.0729220" lon="112.9145630">
    <ele>2656.2</ele>
   </trkpt>
   <trkpt lat="-8.0729770" lon="112.9145280">
    <ele>2657.2</ele>
   </trkpt>
   <trkpt lat="-8.0729850" lon="112.9145250">
    <ele>2657.6</ele>
   </trkpt>
   <trkpt lat="-8.0729800" lon="112.9144850">
    <ele>2658.0</ele>
   </trkpt>
   <trkpt lat="-8.0729520" lon="112.9144880">
    <ele>2658.0</ele>
   </trkpt>
   <trkpt lat="-8.0729330" lon="112.9144860">
    <ele>2657.2</ele>
   </trkpt>
   <trkpt lat="-8.0728980" lon="112.9145080">
    <ele>2657.6</ele>
   </trkpt>
   <trkpt lat="-8.0729270" lon="112.9145090">
    <ele>2657.6</ele>
   </trkpt>
   <trkpt lat="-8.0729170" lon="112.9145230">
    <ele>2657.0</ele>
   </trkpt>
   <trkpt lat="-8.0729210" lon="112.9145150">
    <ele>2657.2</ele>
   </trkpt>
   <trkpt lat="-8.0728790" lon="112.9145330">
    <ele>2657.2</ele>
   </trkpt>
   <trkpt lat="-8.0728830" lon="112.9144630">
    <ele>2657.2</ele>
   </trkpt>
   <trkpt lat="-8.0729070" lon="112.9144500">
    <ele>2657.4</ele>
   </trkpt>
   <trkpt lat="-8.0729160" lon="112.9144670">
    <ele>2657.4</ele>
   </trkpt>
   <trkpt lat="-8.0729400" lon="112.9144720">
    <ele>2657.6</ele>
   </trkpt>
   <trkpt lat="-8.0729770" lon="112.9145090">
    <ele>2658.0</ele>
   </trkpt>
   <trkpt lat="-8.0730030" lon="112.9145590">
    <ele>2658.2</ele>
   </trkpt>
   <trkpt lat="-8.0730020" lon="112.9145480">
    <ele>2658.4</ele>
   </trkpt>
   <trkpt lat="-8.0729760" lon="112.9144920">
    <ele>2657.8</ele>
   </trkpt>
   <trkpt lat="-8.0729560" lon="112.9144800">
    <ele>2657.8</ele>
   </trkpt>
   <trkpt lat="-8.0729310" lon="112.9145240">
    <ele>2657.8</ele>
   </trkpt>
   <trkpt lat="-8.0729250" lon="112.9145610">
    <ele>2657.8</ele>
   </trkpt>
   <trkpt lat="-8.0729150" lon="112.9145630">
    <ele>2657.8</ele>
   </trkpt>
   <trkpt lat="-8.0729350" lon="112.9145620">
    <ele>2657.8</ele>
   </trkpt>
   <trkpt lat="-8.0729910" lon="112.9145340">
    <ele>2657.8</ele>
   </trkpt>
   <trkpt lat="-8.0730250" lon="112.9145000">
    <ele>2658.2</ele>
   </trkpt>
   <trkpt lat="-8.0730380" lon="112.9144960">
    <ele>2660.2</ele>
   </trkpt>
   <trkpt lat="-8.0730850" lon="112.9144790">
    <ele>2661.4</ele>
   </trkpt>
   <trkpt lat="-8.0731110" lon="112.9144620">
    <ele>2661.6</ele>
   </trkpt>
   <trkpt lat="-8.0731210" lon="112.9144590">
    <ele>2662.6</ele>
   </trkpt>
   <trkpt lat="-8.0731310" lon="112.9144450">
    <ele>2663.4</ele>
   </trkpt>
   <trkpt lat="-8.0731390" lon="112.9144250">
    <ele>2663.6</ele>
   </trkpt>
   <trkpt lat="-8.0731360" lon="112.9143990">
    <ele>2664.0</ele>
   </trkpt>
   <trkpt lat="-8.0731230" lon="112.9143630">
    <ele>2664.0</ele>
   </trkpt>
   <trkpt lat="-8.0731260" lon="112.9143280">
    <ele>2664.6</ele>
   </trkpt>
   <trkpt lat="-8.0731330" lon="112.9143110">
    <ele>2665.0</ele>
   </trkpt>
   <trkpt lat="-8.0731310" lon="112.9142940">
    <ele>2665.4</ele>
   </trkpt>
   <trkpt lat="-8.0731290" lon="112.9142750">
    <ele>2665.6</ele>
   </trkpt>
   <trkpt lat="-8.0731430" lon="112.9142570">
    <ele>2666.2</ele>
   </trkpt>
   <trkpt lat="-8.0731510" lon="112.9142550">
    <ele>2666.8</ele>
   </trkpt>
   <trkpt lat="-8.0731950" lon="112.9142610">
    <ele>2667.6</ele>
   </trkpt>
   <trkpt lat="-8.0732050" lon="112.9142540">
    <ele>2667.8</ele>
   </trkpt>
   <trkpt lat="-8.0732090" lon="112.9142420">
    <ele>2668.2</ele>
   </trkpt>
   <trkpt lat="-8.0732070" lon="112.9142180">
    <ele>2668.6</ele>
   </trkpt>
   <trkpt lat="-8.0732080" lon="112.9141900">
    <ele>2669.0</ele>
   </trkpt>
   <trkpt lat="-8.0732030" lon="112.9141680">
    <ele>2669.6</ele>
   </trkpt>
   <trkpt lat="-8.0731970" lon="112.9141570">
    <ele>2670.0</ele>
   </trkpt>
   <trkpt lat="-8.0731920" lon="112.9141540">
    <ele>2670.2</ele>
   </trkpt>
   <trkpt lat="-8.0732110" lon="112.9141350">
    <ele>2671.2</ele>
   </trkpt>
   <trkpt lat="-8.0732180" lon="112.9141290">
    <ele>2671.4</ele>
   </trkpt>
   <trkpt lat="-8.0732320" lon="112.9141200">
    <ele>2672.2</ele>
   </trkpt>
   <trkpt lat="-8.0732340" lon="112.9141200">
    <ele>2672.4</ele>
   </trkpt>
   <trkpt lat="-8.0732690" lon="112.9141220">
    <ele>2673.4</ele>
   </trkpt>
   <trkpt lat="-8.0732900" lon="112.9141110">
    <ele>2674.2</ele>
   </trkpt>
   <trkpt lat="-8.0732980" lon="112.9141080">
    <ele>2674.6</ele>
   </trkpt>
   <trkpt lat="-8.0733130" lon="112.9141010">
    <ele>2675.4</ele>
   </trkpt>
   <trkpt lat="-8.0733360" lon="112.9140920">
    <ele>2675.8</ele>
   </trkpt>
   <trkpt lat="-8.0733560" lon="112.9140970">
    <ele>2676.0</ele>
   </trkpt>
   <trkpt lat="-8.0733680" lon="112.9141180">
    <ele>2676.4</ele>
   </trkpt>
   <trkpt lat="-8.0733730" lon="112.9141200">
    <ele>2676.8</ele>
   </trkpt>
   <trkpt lat="-8.0733990" lon="112.9141170">
    <ele>2677.8</ele>
   </trkpt>
   <trkpt lat="-8.0734360" lon="112.9141110">
    <ele>2679.0</ele>
   </trkpt>
   <trkpt lat="-8.0734450" lon="112.9141100">
    <ele>2679.0</ele>
   </trkpt>
   <trkpt lat="-8.0734680" lon="112.9141050">
    <ele>2679.4</ele>
   </trkpt>
   <trkpt lat="-8.0735140" lon="112.9141030">
    <ele>2680.2</ele>
   </trkpt>
   <trkpt lat="-8.0735350" lon="112.9140990">
    <ele>2680.8</ele>
   </trkpt>
   <trkpt lat="-8.0735560" lon="112.9140750">
    <ele>2681.2</ele>
   </trkpt>
   <trkpt lat="-8.0735550" lon="112.9140740">
    <ele>2681.4</ele>
   </trkpt>
   <trkpt lat="-8.0735380" lon="112.9140650">
    <ele>2681.6</ele>
   </trkpt>
   <trkpt lat="-8.0735140" lon="112.9140810">
    <ele>2681.6</ele>
   </trkpt>
   <trkpt lat="-8.0735210" lon="112.9140860">
    <ele>2681.8</ele>
   </trkpt>
   <trkpt lat="-8.0735420" lon="112.9140700">
    <ele>2682.4</ele>
   </trkpt>
   <trkpt lat="-8.0735600" lon="112.9140520">
    <ele>2682.6</ele>
   </trkpt>
   <trkpt lat="-8.0736160" lon="112.9140280">
    <ele>2683.4</ele>
   </trkpt>
   <trkpt lat="-8.0736380" lon="112.9140320">
    <ele>2683.8</ele>
   </trkpt>
   <trkpt lat="-8.0737100" lon="112.9140340">
    <ele>2684.6</ele>
   </trkpt>
   <trkpt lat="-8.0737390" lon="112.9140460">
    <ele>2685.0</ele>
   </trkpt>
   <trkpt lat="-8.0737640" lon="112.9140490">
    <ele>2685.6</ele>
   </trkpt>
   <trkpt lat="-8.0737970" lon="112.9140350">
    <ele>2686.6</ele>
   </trkpt>
   <trkpt lat="-8.0738080" lon="112.9140300">
    <ele>2686.8</ele>
   </trkpt>
   <trkpt lat="-8.0738670" lon="112.9140170">
    <ele>2688.0</ele>
   </trkpt>
   <trkpt lat="-8.0738720" lon="112.9140180">
    <ele>2688.2</ele>
   </trkpt>
   <trkpt lat="-8.0739220" lon="112.9140220">
    <ele>2689.0</ele>
   </trkpt>
   <trkpt lat="-8.0739500" lon="112.9139980">
    <ele>2690.2</ele>
   </trkpt>
   <trkpt lat="-8.0739620" lon="112.9139920">
    <ele>2690.4</ele>
   </trkpt>
   <trkpt lat="-8.0739840" lon="112.9139620">
    <ele>2691.2</ele>
   </trkpt>
   <trkpt lat="-8.0739900" lon="112.9139540">
    <ele>2691.6</ele>
   </trkpt>
   <trkpt lat="-8.0740110" lon="112.9139520">
    <ele>2692.2</ele>
   </trkpt>
   <trkpt lat="-8.0740260" lon="112.9139620">
    <ele>2693.0</ele>
   </trkpt>
   <trkpt lat="-8.0740300" lon="112.9139620">
    <ele>2693.2</ele>
   </trkpt>
   <trkpt lat="-8.0740570" lon="112.9139760">
    <ele>2694.0</ele>
   </trkpt>
   <trkpt lat="-8.0740640" lon="112.9139830">
    <ele>2694.2</ele>
   </trkpt>
   <trkpt lat="-8.0740730" lon="112.9139610">
    <ele>2694.2</ele>
   </trkpt>
   <trkpt lat="-8.0741110" lon="112.9139620">
    <ele>2695.4</ele>
   </trkpt>
   <trkpt lat="-8.0741200" lon="112.9139650">
    <ele>2695.6</ele>
   </trkpt>
   <trkpt lat="-8.0741430" lon="112.9139680">
    <ele>2696.6</ele>
   </trkpt>
   <trkpt lat="-8.0741680" lon="112.9139700">
    <ele>2697.4</ele>
   </trkpt>
   <trkpt lat="-8.0741770" lon="112.9139640">
    <ele>2697.8</ele>
   </trkpt>
   <trkpt lat="-8.0741890" lon="112.9139650">
    <ele>2698.4</ele>
   </trkpt>
   <trkpt lat="-8.0742000" lon="112.9139760">
    <ele>2699.0</ele>
   </trkpt>
   <trkpt lat="-8.0742320" lon="112.9140030">
    <ele>2700.0</ele>
   </trkpt>
   <trkpt lat="-8.0742570" lon="112.9140020">
    <ele>2700.4</ele>
   </trkpt>
   <trkpt lat="-8.0742720" lon="112.9139900">
    <ele>2701.0</ele>
   </trkpt>
   <trkpt lat="-8.0743150" lon="112.9139740">
    <ele>2702.2</ele>
   </trkpt>
   <trkpt lat="-8.0743450" lon="112.9139640">
    <ele>2702.6</ele>
   </trkpt>
   <trkpt lat="-8.0743640" lon="112.9139520">
    <ele>2702.8</ele>
   </trkpt>
   <trkpt lat="-8.0744110" lon="112.9139270">
    <ele>2703.2</ele>
   </trkpt>
   <trkpt lat="-8.0744250" lon="112.9139150">
    <ele>2703.6</ele>
   </trkpt>
   <trkpt lat="-8.0744690" lon="112.9139030">
    <ele>2703.6</ele>
   </trkpt>
   <trkpt lat="-8.0745090" lon="112.9139150">
    <ele>2703.8</ele>
   </trkpt>
   <trkpt lat="-8.0745370" lon="112.9139130">
    <ele>2703.8</ele>
   </trkpt>
   <trkpt lat="-8.0746010" lon="112.9139200">
    <ele>2703.4</ele>
   </trkpt>
   <trkpt lat="-8.0746380" lon="112.9139250">
    <ele>2703.0</ele>
   </trkpt>
   <trkpt lat="-8.0746700" lon="112.9139080">
    <ele>2703.0</ele>
   </trkpt>
   <trkpt lat="-8.0747020" lon="112.9138930">
    <ele>2701.8</ele>
   </trkpt>
   <trkpt lat="-8.0747230" lon="112.9138830">
    <ele>2701.0</ele>
   </trkpt>
   <trkpt lat="-8.0747340" lon="112.9138790">
    <ele>2700.8</ele>
   </trkpt>
   <trkpt lat="-8.0747950" lon="112.9138660">
    <ele>2700.4</ele>
   </trkpt>
   <trkpt lat="-8.0748090" lon="112.9138630">
    <ele>2700.6</ele>
   </trkpt>
   <trkpt lat="-8.0748590" lon="112.9138510">
    <ele>2699.6</ele>
   </trkpt>
   <trkpt lat="-8.0748870" lon="112.9138420">
    <ele>2699.2</ele>
   </trkpt>
   <trkpt lat="-8.0749020" lon="112.9138420">
    <ele>2698.8</ele>
   </trkpt>
   <trkpt lat="-8.0749170" lon="112.9138350">
    <ele>2698.6</ele>
   </trkpt>
   <trkpt lat="-8.0749690" lon="112.9138240">
    <ele>2698.4</ele>
   </trkpt>
   <trkpt lat="-8.0749810" lon="112.9138220">
    <ele>2698.4</ele>
   </trkpt>
   <trkpt lat="-8.0749870" lon="112.9138160">
    <ele>2698.2</ele>
   </trkpt>
   <trkpt lat="-8.0750240" lon="112.9137390">
    <ele>2698.2</ele>
   </trkpt>
   <trkpt lat="-8.0750690" lon="112.9136870">
    <ele>2698.2</ele>
   </trkpt>
   <trkpt lat="-8.0750970" lon="112.9136630">
    <ele>2698.4</ele>
   </trkpt>
   <trkpt lat="-8.0751160" lon="112.9136420">
    <ele>2698.4</ele>
   </trkpt>
   <trkpt lat="-8.0751840" lon="112.9135750">
    <ele>2698.8</ele>
   </trkpt>
   <trkpt lat="-8.0752050" lon="112.9135500">
    <ele>2698.8</ele>
   </trkpt>
   <trkpt lat="-8.0752150" lon="112.9135360">
    <ele>2698.8</ele>
   </trkpt>
   <trkpt lat="-8.0752420" lon="112.9134960">
    <ele>2698.6</ele>
   </trkpt>
   <trkpt lat="-8.0752700" lon="112.9134740">
    <ele>2699.8</ele>
   </trkpt>
   <trkpt lat="-8.0752740" lon="112.9134660">
    <ele>2699.8</ele>
   </trkpt>
   <trkpt lat="-8.0752780" lon="112.9134570">
    <ele>2700.0</ele>
   </trkpt>
   <trkpt lat="-8.0752920" lon="112.9134410">
    <ele>2700.8</ele>
   </trkpt>
   <trkpt lat="-8.0752890" lon="112.9134210">
    <ele>2701.2</ele>
   </trkpt>
   <trkpt lat="-8.0752780" lon="112.9134050">
    <ele>2701.8</ele>
   </trkpt>
   <trkpt lat="-8.0752800" lon="112.9133880">
    <ele>2703.0</ele>
   </trkpt>
   <trkpt lat="-8.0752830" lon="112.9133830">
    <ele>2703.8</ele>
   </trkpt>
   <trkpt lat="-8.0753010" lon="112.9133720">
    <ele>2703.8</ele>
   </trkpt>
   <trkpt lat="-8.0753120" lon="112.9133610">
    <ele>2703.8</ele>
   </trkpt>
   <trkpt lat="-8.0753180" lon="112.9133560">
    <ele>2703.8</ele>
   </trkpt>
   <trkpt lat="-8.0753490" lon="112.9133330">
    <ele>2704.4</ele>
   </trkpt>
   <trkpt lat="-8.0753490" lon="112.9133350">
    <ele>2704.8</ele>
   </trkpt>
   <trkpt lat="-8.0753550" lon="112.9133330">
    <ele>2705.4</ele>
   </trkpt>
   <trkpt lat="-8.0753680" lon="112.9133450">
    <ele>2706.4</ele>
   </trkpt>
   <trkpt lat="-8.0753760" lon="112.9133450">
    <ele>2706.4</ele>
   </trkpt>
   <trkpt lat="-8.0754360" lon="112.9133390">
    <ele>2707.6</ele>
   </trkpt>
   <trkpt lat="-8.0754350" lon="112.9133390">
    <ele>2708.2</ele>
   </trkpt>
   <trkpt lat="-8.0754560" lon="112.9133790">
    <ele>2708.8</ele>
   </trkpt>
   <trkpt lat="-8.0754260" lon="112.9133050">
    <ele>2709.6</ele>
   </trkpt>
   <trkpt lat="-8.0754270" lon="112.9133350">
    <ele>2709.2</ele>
   </trkpt>
   <trkpt lat="-8.0754440" lon="112.9133640">
    <ele>2710.0</ele>
   </trkpt>
   <trkpt lat="-8.0754820" lon="112.9133730">
    <ele>2711.2</ele>
   </trkpt>
   <trkpt lat="-8.0754950" lon="112.9133740">
    <ele>2711.4</ele>
   </trkpt>
   <trkpt lat="-8.0755230" lon="112.9133670">
    <ele>2712.2</ele>
   </trkpt>
   <trkpt lat="-8.0755400" lon="112.9133590">
    <ele>2712.4</ele>
   </trkpt>
   <trkpt lat="-8.0755810" lon="112.9133700">
    <ele>2713.2</ele>
   </trkpt>
   <trkpt lat="-8.0755930" lon="112.9133790">
    <ele>2713.2</ele>
   </trkpt>
   <trkpt lat="-8.0756070" lon="112.9133920">
    <ele>2713.2</ele>
   </trkpt>
   <trkpt lat="-8.0756270" lon="112.9133730">
    <ele>2713.6</ele>
   </trkpt>
   <trkpt lat="-8.0756630" lon="112.9133590">
    <ele>2714.2</ele>
   </trkpt>
   <trkpt lat="-8.0757090" lon="112.9133350">
    <ele>2715.2</ele>
   </trkpt>
   <trkpt lat="-8.0757320" lon="112.9133290">
    <ele>2715.4</ele>
   </trkpt>
   <trkpt lat="-8.0757640" lon="112.9133000">
    <ele>2716.4</ele>
   </trkpt>
   <trkpt lat="-8.0757730" lon="112.9132930">
    <ele>2716.6</ele>
   </trkpt>
   <trkpt lat="-8.0758350" lon="112.9132670">
    <ele>2717.4</ele>
   </trkpt>
   <trkpt lat="-8.0758680" lon="112.9132450">
    <ele>2718.0</ele>
   </trkpt>
   <trkpt lat="-8.0759000" lon="112.9132370">
    <ele>2718.4</ele>
   </trkpt>
   <trkpt lat="-8.0759230" lon="112.9132300">
    <ele>2719.2</ele>
   </trkpt>
   <trkpt lat="-8.0759720" lon="112.9132220">
    <ele>2719.6</ele>
   </trkpt>
   <trkpt lat="-8.0759970" lon="112.9132370">
    <ele>2720.4</ele>
   </trkpt>
   <trkpt lat="-8.0760060" lon="112.9132410">
    <ele>2720.8</ele>
   </trkpt>
   <trkpt lat="-8.0760250" lon="112.9132040">
    <ele>2721.8</ele>
   </trkpt>
   <trkpt lat="-8.0760560" lon="112.9131860">
    <ele>2722.6</ele>
   </trkpt>
   <trkpt lat="-8.0760650" lon="112.9131850">
    <ele>2722.8</ele>
   </trkpt>
   <trkpt lat="-8.0760870" lon="112.9131880">
    <ele>2723.4</ele>
   </trkpt>
   <trkpt lat="-8.0761000" lon="112.9131810">
    <ele>2724.0</ele>
   </trkpt>
   <trkpt lat="-8.0761180" lon="112.9131780">
    <ele>2724.8</ele>
   </trkpt>
   <trkpt lat="-8.0761350" lon="112.9131730">
    <ele>2725.4</ele>
   </trkpt>
   <trkpt lat="-8.0761790" lon="112.9131640">
    <ele>2726.6</ele>
   </trkpt>
   <trkpt lat="-8.0762260" lon="112.9131280">
    <ele>2727.6</ele>
   </trkpt>
   <trkpt lat="-8.0762640" lon="112.9131190">
    <ele>2728.6</ele>
   </trkpt>
   <trkpt lat="-8.0762700" lon="112.9131160">
    <ele>2728.6</ele>
   </trkpt>
   <trkpt lat="-8.0763120" lon="112.9131160">
    <ele>2729.8</ele>
   </trkpt>
   <trkpt lat="-8.0763520" lon="112.9131140">
    <ele>2731.0</ele>
   </trkpt>
   <trkpt lat="-8.0763740" lon="112.9131200">
    <ele>2731.2</ele>
   </trkpt>
   <trkpt lat="-8.0764080" lon="112.9130990">
    <ele>2732.0</ele>
   </trkpt>
   <trkpt lat="-8.0764130" lon="112.9130960">
    <ele>2732.4</ele>
   </trkpt>
   <trkpt lat="-8.0764240" lon="112.9130970">
    <ele>2733.2</ele>
   </trkpt>
   <trkpt lat="-8.0764850" lon="112.9130940">
    <ele>2734.0</ele>
   </trkpt>
   <trkpt lat="-8.0764880" lon="112.9130950">
    <ele>2734.2</ele>
   </trkpt>
   <trkpt lat="-8.0765340" lon="112.9130870">
    <ele>2735.4</ele>
   </trkpt>
   <trkpt lat="-8.0765370" lon="112.9130880">
    <ele>2735.6</ele>
   </trkpt>
   <trkpt lat="-8.0765640" lon="112.9131640">
    <ele>2736.0</ele>
   </trkpt>
   <trkpt lat="-8.0765680" lon="112.9131780">
    <ele>2736.6</ele>
   </trkpt>
   <trkpt lat="-8.0765700" lon="112.9131890">
    <ele>2737.0</ele>
   </trkpt>
   <trkpt lat="-8.0765710" lon="112.9131990">
    <ele>2737.4</ele>
   </trkpt>
   <trkpt lat="-8.0765740" lon="112.9131840">
    <ele>2737.8</ele>
   </trkpt>
   <trkpt lat="-8.0765850" lon="112.9131870">
    <ele>2738.2</ele>
   </trkpt>
   <trkpt lat="-8.0765980" lon="112.9131700">
    <ele>2738.8</ele>
   </trkpt>
   <trkpt lat="-8.0766170" lon="112.9131460">
    <ele>2739.8</ele>
   </trkpt>
   <trkpt lat="-8.0766320" lon="112.9131200">
    <ele>2740.2</ele>
   </trkpt>
   <trkpt lat="-8.0766940" lon="112.9130880">
    <ele>2741.0</ele>
   </trkpt>
   <trkpt lat="-8.0767070" lon="112.9130940">
    <ele>2741.8</ele>
   </trkpt>
   <trkpt lat="-8.0767110" lon="112.9130990">
    <ele>2742.0</ele>
   </trkpt>
   <trkpt lat="-8.0767350" lon="112.9130880">
    <ele>2743.2</ele>
   </trkpt>
   <trkpt lat="-8.0767590" lon="112.9131370">
    <ele>2744.2</ele>
   </trkpt>
   <trkpt lat="-8.0767640" lon="112.9131610">
    <ele>2744.8</ele>
   </trkpt>
   <trkpt lat="-8.0767910" lon="112.9131930">
    <ele>2745.4</ele>
   </trkpt>
   <trkpt lat="-8.0768330" lon="112.9132060">
    <ele>2745.6</ele>
   </trkpt>
   <trkpt lat="-8.0768820" lon="112.9131770">
    <ele>2746.4</ele>
   </trkpt>
   <trkpt lat="-8.0769040" lon="112.9131650">
    <ele>2746.6</ele>
   </trkpt>
   <trkpt lat="-8.0769870" lon="112.9131370">
    <ele>2747.2</ele>
   </trkpt>
   <trkpt lat="-8.0770310" lon="112.9131300">
    <ele>2747.4</ele>
   </trkpt>
   <trkpt lat="-8.0770520" lon="112.9131260">
    <ele>2747.6</ele>
   </trkpt>
   <trkpt lat="-8.0770920" lon="112.9131250">
    <ele>2747.8</ele>
   </trkpt>
   <trkpt lat="-8.0771220" lon="112.9131210">
    <ele>2747.8</ele>
   </trkpt>
   <trkpt lat="-8.0771570" lon="112.9131070">
    <ele>2748.0</ele>
   </trkpt>
   <trkpt lat="-8.0771680" lon="112.9131090">
    <ele>2748.0</ele>
   </trkpt>
   <trkpt lat="-8.0772200" lon="112.9131180">
    <ele>2748.2</ele>
   </trkpt>
   <trkpt lat="-8.0773320" lon="112.9131270">
    <ele>2748.2</ele>
   </trkpt>
   <trkpt lat="-8.0773970" lon="112.9131450">
    <ele>2748.4</ele>
   </trkpt>
   <trkpt lat="-8.0774120" lon="112.9131420">
    <ele>2748.8</ele>
   </trkpt>
   <trkpt lat="-8.0774490" lon="112.9131190">
    <ele>2748.8</ele>
   </trkpt>
   <trkpt lat="-8.0774570" lon="112.9131070">
    <ele>2748.6</ele>
   </trkpt>
   <trkpt lat="-8.0775080" lon="112.9130680">
    <ele>2748.8</ele>
   </trkpt>
   <trkpt lat="-8.0775180" lon="112.9130630">
    <ele>2748.8</ele>
   </trkpt>
   <trkpt lat="-8.0775870" lon="112.9130170">
    <ele>2749.0</ele>
   </trkpt>
   <trkpt lat="-8.0776390" lon="112.9130130">
    <ele>2749.2</ele>
   </trkpt>
   <trkpt lat="-8.0776590" lon="112.9130200">
    <ele>2749.2</ele>
   </trkpt>
   <trkpt lat="-8.0777050" lon="112.9130500">
    <ele>2749.4</ele>
   </trkpt>
   <trkpt lat="-8.0777070" lon="112.9130570">
    <ele>2749.6</ele>
   </trkpt>
   <trkpt lat="-8.0777180" lon="112.9130650">
    <ele>2749.4</ele>
   </trkpt>
   <trkpt lat="-8.0777430" lon="112.9130670">
    <ele>2749.6</ele>
   </trkpt>
   <trkpt lat="-8.0777550" lon="112.9130650">
    <ele>2749.6</ele>
   </trkpt>
   <trkpt lat="-8.0777870" lon="112.9130630">
    <ele>2749.6</ele>
   </trkpt>
   <trkpt lat="-8.0778370" lon="112.9130680">
    <ele>2749.2</ele>
   </trkpt>
   <trkpt lat="-8.0779100" lon="112.9130950">
    <ele>2749.6</ele>
   </trkpt>
   <trkpt lat="-8.0780010" lon="112.9131280">
    <ele>2750.4</ele>
   </trkpt>
   <trkpt lat="-8.0780250" lon="112.9131310">
    <ele>2750.4</ele>
   </trkpt>
   <trkpt lat="-8.0780300" lon="112.9131330">
    <ele>2750.6</ele>
   </trkpt>
   <trkpt lat="-8.0780400" lon="112.9131400">
    <ele>2751.0</ele>
   </trkpt>
   <trkpt lat="-8.0780490" lon="112.9131360">
    <ele>2751.2</ele>
   </trkpt>
   <trkpt lat="-8.0780750" lon="112.9131250">
    <ele>2751.2</ele>
   </trkpt>
   <trkpt lat="-8.0781040" lon="112.9131240">
    <ele>2751.4</ele>
   </trkpt>
   <trkpt lat="-8.0781230" lon="112.9131410">
    <ele>2751.4</ele>
   </trkpt>
   <trkpt lat="-8.0781200" lon="112.9131500">
    <ele>2751.0</ele>
   </trkpt>
   <trkpt lat="-8.0781830" lon="112.9131310">
    <ele>2751.2</ele>
   </trkpt>
   <trkpt lat="-8.0782210" lon="112.9130970">
    <ele>2751.2</ele>
   </trkpt>
   <trkpt lat="-8.0782920" lon="112.9130730">
    <ele>2751.6</ele>
   </trkpt>
   <trkpt lat="-8.0782940" lon="112.9130730">
    <ele>2751.8</ele>
   </trkpt>
   <trkpt lat="-8.0783020" lon="112.9130940">
    <ele>2752.2</ele>
   </trkpt>
   <trkpt lat="-8.0783280" lon="112.9131240">
    <ele>2752.4</ele>
   </trkpt>
   <trkpt lat="-8.0783600" lon="112.9131340">
    <ele>2752.4</ele>
   </trkpt>
   <trkpt lat="-8.0783800" lon="112.9131430">
    <ele>2752.4</ele>
   </trkpt>
   <trkpt lat="-8.0784080" lon="112.9131490">
    <ele>2752.4</ele>
   </trkpt>
   <trkpt lat="-8.0784420" lon="112.9131690">
    <ele>2752.2</ele>
   </trkpt>
   <trkpt lat="-8.0784710" lon="112.9131960">
    <ele>2752.0</ele>
   </trkpt>
   <trkpt lat="-8.0785660" lon="112.9132180">
    <ele>2751.6</ele>
   </trkpt>
   <trkpt lat="-8.0785930" lon="112.9132170">
    <ele>2751.4</ele>
   </trkpt>
   <trkpt lat="-8.0786130" lon="112.9132310">
    <ele>2751.2</ele>
   </trkpt>
   <trkpt lat="-8.0786400" lon="112.9132610">
    <ele>2751.2</ele>
   </trkpt>
   <trkpt lat="-8.0787280" lon="112.9132680">
    <ele>2751.8</ele>
   </trkpt>
   <trkpt lat="-8.0788230" lon="112.9133030">
    <ele>2751.4</ele>
   </trkpt>
   <trkpt lat="-8.0788580" lon="112.9133110">
    <ele>2751.4</ele>
   </trkpt>
   <trkpt lat="-8.0788970" lon="112.9133220">
    <ele>2751.4</ele>
   </trkpt>
   <trkpt lat="-8.0789500" lon="112.9133530">
    <ele>2751.8</ele>
   </trkpt>
   <trkpt lat="-8.0789580" lon="112.9133580">
    <ele>2751.8</ele>
   </trkpt>
   <trkpt lat="-8.0790150" lon="112.9133630">
    <ele>2751.8</ele>
   </trkpt>
   <trkpt lat="-8.0790950" lon="112.9133610">
    <ele>2751.4</ele>
   </trkpt>
   <trkpt lat="-8.0791110" lon="112.9133570">
    <ele>2751.4</ele>
   </trkpt>
   <trkpt lat="-8.0791950" lon="112.9133840">
    <ele>2750.8</ele>
   </trkpt>
   <trkpt lat="-8.0792890" lon="112.9134340">
    <ele>2750.8</ele>
   </trkpt>
   <trkpt lat="-8.0792990" lon="112.9134410">
    <ele>2750.6</ele>
   </trkpt>
   <trkpt lat="-8.0793680" lon="112.9134630">
    <ele>2749.8</ele>
   </trkpt>
   <trkpt lat="-8.0793970" lon="112.9134670">
    <ele>2749.6</ele>
   </trkpt>
   <trkpt lat="-8.0794490" lon="112.9134620">
    <ele>2749.2</ele>
   </trkpt>
   <trkpt lat="-8.0795300" lon="112.9134460">
    <ele>2748.8</ele>
   </trkpt>
   <trkpt lat="-8.0795540" lon="112.9134480">
    <ele>2748.4</ele>
   </trkpt>
   <trkpt lat="-8.0796110" lon="112.9134480">
    <ele>2747.4</ele>
   </trkpt>
   <trkpt lat="-8.0796570" lon="112.9134520">
    <ele>2746.8</ele>
   </trkpt>
   <trkpt lat="-8.0796880" lon="112.9134610">
    <ele>2746.4</ele>
   </trkpt>
   <trkpt lat="-8.0797020" lon="112.9134660">
    <ele>2746.2</ele>
   </trkpt>
   <trkpt lat="-8.0797490" lon="112.9134460">
    <ele>2745.2</ele>
   </trkpt>
   <trkpt lat="-8.0797650" lon="112.9134400">
    <ele>2745.0</ele>
   </trkpt>
   <trkpt lat="-8.0798490" lon="112.9134020">
    <ele>2744.4</ele>
   </trkpt>
   <trkpt lat="-8.0798650" lon="112.9133850">
    <ele>2744.4</ele>
   </trkpt>
   <trkpt lat="-8.0798990" lon="112.9133660">
    <ele>2744.2</ele>
   </trkpt>
   <trkpt lat="-8.0799400" lon="112.9133600">
    <ele>2743.2</ele>
   </trkpt>
   <trkpt lat="-8.0799370" lon="112.9133580">
    <ele>2742.8</ele>
   </trkpt>
   <trkpt lat="-8.0799330" lon="112.9133780">
    <ele>2742.6</ele>
   </trkpt>
   <trkpt lat="-8.0799490" lon="112.9133960">
    <ele>2743.2</ele>
   </trkpt>
   <trkpt lat="-8.0799460" lon="112.9134030">
    <ele>2742.2</ele>
   </trkpt>
   <trkpt lat="-8.0799450" lon="112.9134190">
    <ele>2742.2</ele>
   </trkpt>
   <trkpt lat="-8.0799820" lon="112.9134670">
    <ele>2742.4</ele>
   </trkpt>
   <trkpt lat="-8.0800110" lon="112.9135080">
    <ele>2742.6</ele>
   </trkpt>
   <trkpt lat="-8.0800870" lon="112.9135250">
    <ele>2742.4</ele>
   </trkpt>
   <trkpt lat="-8.0801310" lon="112.9135430">
    <ele>2742.2</ele>
   </trkpt>
   <trkpt lat="-8.0801750" lon="112.9135570">
    <ele>2741.6</ele>
   </trkpt>
   <trkpt lat="-8.0802900" lon="112.9136210">
    <ele>2741.2</ele>
   </trkpt>
   <trkpt lat="-8.0803080" lon="112.9136370">
    <ele>2741.2</ele>
   </trkpt>
   <trkpt lat="-8.0803740" lon="112.9136830">
    <ele>2740.0</ele>
   </trkpt>
   <trkpt lat="-8.0804500" lon="112.9136910">
    <ele>2739.8</ele>
   </trkpt>
   <trkpt lat="-8.0804700" lon="112.9136990">
    <ele>2739.8</ele>
   </trkpt>
   <trkpt lat="-8.0804980" lon="112.9137430">
    <ele>2739.2</ele>
   </trkpt>
   <trkpt lat="-8.0805000" lon="112.9137570">
    <ele>2739.0</ele>
   </trkpt>
   <trkpt lat="-8.0805170" lon="112.9137980">
    <ele>2738.8</ele>
   </trkpt>
   <trkpt lat="-8.0805630" lon="112.9138180">
    <ele>2739.2</ele>
   </trkpt>
   <trkpt lat="-8.0805780" lon="112.9138260">
    <ele>2739.2</ele>
   </trkpt>
   <trkpt lat="-8.0805870" lon="112.9138440">
    <ele>2739.0</ele>
   </trkpt>
   <trkpt lat="-8.0805900" lon="112.9138810">
    <ele>2738.8</ele>
   </trkpt>
   <trkpt lat="-8.0805760" lon="112.9139030">
    <ele>2739.0</ele>
   </trkpt>
   <trkpt lat="-8.0805780" lon="112.9139340">
    <ele>2739.2</ele>
   </trkpt>
   <trkpt lat="-8.0807460" lon="112.9139850">
    <ele>2738.4</ele>
   </trkpt>
   <trkpt lat="-8.0807730" lon="112.9140020">
    <ele>2738.0</ele>
   </trkpt>
   <trkpt lat="-8.0808420" lon="112.9140510">
    <ele>2737.6</ele>
   </trkpt>
   <trkpt lat="-8.0809380" lon="112.9140870">
    <ele>2736.8</ele>
   </trkpt>
   <trkpt lat="-8.0809750" lon="112.9140930">
    <ele>2736.2</ele>
   </trkpt>
   <trkpt lat="-8.0810060" lon="112.9140730">
    <ele>2735.8</ele>
   </trkpt>
   <trkpt lat="-8.0811030" lon="112.9140420">
    <ele>2735.0</ele>
   </trkpt>
   <trkpt lat="-8.0811330" lon="112.9140480">
    <ele>2734.6</ele>
   </trkpt>
   <trkpt lat="-8.0811610" lon="112.9140760">
    <ele>2733.8</ele>
   </trkpt>
   <trkpt lat="-8.0811700" lon="112.9140840">
    <ele>2733.4</ele>
   </trkpt>
   <trkpt lat="-8.0811990" lon="112.9141160">
    <ele>2732.6</ele>
   </trkpt>
   <trkpt lat="-8.0812100" lon="112.9141250">
    <ele>2732.4</ele>
   </trkpt>
   <trkpt lat="-8.0812210" lon="112.9141350">
    <ele>2732.2</ele>
   </trkpt>
   <trkpt lat="-8.0812520" lon="112.9141460">
    <ele>2731.0</ele>
   </trkpt>
   <trkpt lat="-8.0813060" lon="112.9141920">
    <ele>2730.6</ele>
   </trkpt>
   <trkpt lat="-8.0813400" lon="112.9142160">
    <ele>2730.8</ele>
   </trkpt>
   <trkpt lat="-8.0813810" lon="112.9142330">
    <ele>2730.4</ele>
   </trkpt>
   <trkpt lat="-8.0813980" lon="112.9142360">
    <ele>2730.0</ele>
   </trkpt>
   <trkpt lat="-8.0814060" lon="112.9142320">
    <ele>2729.8</ele>
   </trkpt>
   <trkpt lat="-8.0814210" lon="112.9142210">
    <ele>2729.6</ele>
   </trkpt>
   <trkpt lat="-8.0815030" lon="112.9142800">
    <ele>2730.2</ele>
   </trkpt>
   <trkpt lat="-8.0815680" lon="112.9142810">
    <ele>2729.0</ele>
   </trkpt>
   <trkpt lat="-8.0815810" lon="112.9142850">
    <ele>2728.6</ele>
   </trkpt>
   <trkpt lat="-8.0816670" lon="112.9143060">
    <ele>2728.2</ele>
   </trkpt>
   <trkpt lat="-8.0817080" lon="112.9143060">
    <ele>2727.8</ele>
   </trkpt>
   <trkpt lat="-8.0817320" lon="112.9143060">
    <ele>2727.4</ele>
   </trkpt>
   <trkpt lat="-8.0817570" lon="112.9143140">
    <ele>2727.2</ele>
   </trkpt>
   <trkpt lat="-8.0817900" lon="112.9143400">
    <ele>2726.8</ele>
   </trkpt>
   <trkpt lat="-8.0818010" lon="112.9143410">
    <ele>2726.8</ele>
   </trkpt>
   <trkpt lat="-8.0818650" lon="112.9143670">
    <ele>2726.2</ele>
   </trkpt>
   <trkpt lat="-8.0818760" lon="112.9143750">
    <ele>2726.0</ele>
   </trkpt>
   <trkpt lat="-8.0819140" lon="112.9143950">
    <ele>2725.8</ele>
   </trkpt>
   <trkpt lat="-8.0819370" lon="112.9144010">
    <ele>2726.0</ele>
   </trkpt>
   <trkpt lat="-8.0819480" lon="112.9144060">
    <ele>2726.0</ele>
   </trkpt>
   <trkpt lat="-8.0820100" lon="112.9144370">
    <ele>2725.8</ele>
   </trkpt>
   <trkpt lat="-8.0820480" lon="112.9144320">
    <ele>2725.8</ele>
   </trkpt>
   <trkpt lat="-8.0820760" lon="112.9144290">
    <ele>2725.8</ele>
   </trkpt>
   <trkpt lat="-8.0820850" lon="112.9144270">
    <ele>2725.6</ele>
   </trkpt>
   <trkpt lat="-8.0820930" lon="112.9144230">
    <ele>2725.8</ele>
   </trkpt>
   <trkpt lat="-8.0821310" lon="112.9144330">
    <ele>2725.2</ele>
   </trkpt>
   <trkpt lat="-8.0821420" lon="112.9144350">
    <ele>2725.2</ele>
   </trkpt>
   <trkpt lat="-8.0822060" lon="112.9144120">
    <ele>2725.4</ele>
   </trkpt>
   <trkpt lat="-8.0822330" lon="112.9144280">
    <ele>2724.8</ele>
   </trkpt>
   <trkpt lat="-8.0822410" lon="112.9144430">
    <ele>2724.4</ele>
   </trkpt>
   <trkpt lat="-8.0822650" lon="112.9144860">
    <ele>2723.4</ele>
   </trkpt>
   <trkpt lat="-8.0822720" lon="112.9144990">
    <ele>2723.4</ele>
   </trkpt>
   <trkpt lat="-8.0823180" lon="112.9145410">
    <ele>2723.2</ele>
   </trkpt>
   <trkpt lat="-8.0823160" lon="112.9145610">
    <ele>2723.6</ele>
   </trkpt>
   <trkpt lat="-8.0823150" lon="112.9146170">
    <ele>2723.8</ele>
   </trkpt>
   <trkpt lat="-8.0823150" lon="112.9146310">
    <ele>2723.6</ele>
   </trkpt>
   <trkpt lat="-8.0823490" lon="112.9146540">
    <ele>2723.2</ele>
   </trkpt>
   <trkpt lat="-8.0823940" lon="112.9146690">
    <ele>2722.8</ele>
   </trkpt>
   <trkpt lat="-8.0824330" lon="112.9146960">
    <ele>2722.4</ele>
   </trkpt>
   <trkpt lat="-8.0825120" lon="112.9147370">
    <ele>2721.6</ele>
   </trkpt>
   <trkpt lat="-8.0825470" lon="112.9147510">
    <ele>2721.2</ele>
   </trkpt>
   <trkpt lat="-8.0826000" lon="112.9147750">
    <ele>2721.0</ele>
   </trkpt>
   <trkpt lat="-8.0826380" lon="112.9147870">
    <ele>2720.2</ele>
   </trkpt>
   <trkpt lat="-8.0826790" lon="112.9148080">
    <ele>2719.2</ele>
   </trkpt>
   <trkpt lat="-8.0826900" lon="112.9148120">
    <ele>2719.0</ele>
   </trkpt>
   <trkpt lat="-8.0827430" lon="112.9148250">
    <ele>2718.6</ele>
   </trkpt>
   <trkpt lat="-8.0827550" lon="112.9148280">
    <ele>2718.6</ele>
   </trkpt>
   <trkpt lat="-8.0828220" lon="112.9148460">
    <ele>2718.0</ele>
   </trkpt>
   <trkpt lat="-8.0828340" lon="112.9148410">
    <ele>2717.6</ele>
   </trkpt>
   <trkpt lat="-8.0828690" lon="112.9148250">
    <ele>2716.8</ele>
   </trkpt>
   <trkpt lat="-8.0828870" lon="112.9148230">
    <ele>2715.2</ele>
   </trkpt>
   <trkpt lat="-8.0829040" lon="112.9148240">
    <ele>2714.2</ele>
   </trkpt>
   <trkpt lat="-8.0829150" lon="112.9148270">
    <ele>2714.0</ele>
   </trkpt>
   <trkpt lat="-8.0829330" lon="112.9148290">
    <ele>2713.6</ele>
   </trkpt>
   <trkpt lat="-8.0829530" lon="112.9148000">
    <ele>2713.0</ele>
   </trkpt>
   <trkpt lat="-8.0829770" lon="112.9147940">
    <ele>2712.4</ele>
   </trkpt>
   <trkpt lat="-8.0829800" lon="112.9147860">
    <ele>2712.0</ele>
   </trkpt>
   <trkpt lat="-8.0829850" lon="112.9147760">
    <ele>2712.0</ele>
   </trkpt>
   <trkpt lat="-8.0829770" lon="112.9147820">
    <ele>2711.8</ele>
   </trkpt>
   <trkpt lat="-8.0830090" lon="112.9147590">
    <ele>2711.8</ele>
   </trkpt>
   <trkpt lat="-8.0830090" lon="112.9147660">
    <ele>2712.0</ele>
   </trkpt>
   <trkpt lat="-8.0830340" lon="112.9147710">
    <ele>2711.2</ele>
   </trkpt>
   <trkpt lat="-8.0830580" lon="112.9147670">
    <ele>2710.8</ele>
   </trkpt>
   <trkpt lat="-8.0830800" lon="112.9147590">
    <ele>2710.6</ele>
   </trkpt>
   <trkpt lat="-8.0831380" lon="112.9147370">
    <ele>2710.6</ele>
   </trkpt>
   <trkpt lat="-8.0832110" lon="112.9147060">
    <ele>2709.8</ele>
   </trkpt>
   <trkpt lat="-8.0832170" lon="112.9146840">
    <ele>2708.8</ele>
   </trkpt>
   <trkpt lat="-8.0832230" lon="112.9146820">
    <ele>2708.4</ele>
   </trkpt>
   <trkpt lat="-8.0832420" lon="112.9146770">
    <ele>2707.4</ele>
   </trkpt>
   <trkpt lat="-8.0832570" lon="112.9146660">
    <ele>2707.2</ele>
   </trkpt>
   <trkpt lat="-8.0832670" lon="112.9146590">
    <ele>2707.2</ele>
   </trkpt>
   <trkpt lat="-8.0832790" lon="112.9146540">
    <ele>2707.0</ele>
   </trkpt>
   <trkpt lat="-8.0832910" lon="112.9146370">
    <ele>2706.6</ele>
   </trkpt>
   <trkpt lat="-8.0832950" lon="112.9146270">
    <ele>2706.0</ele>
   </trkpt>
   <trkpt lat="-8.0833070" lon="112.9146130">
    <ele>2705.0</ele>
   </trkpt>
   <trkpt lat="-8.0833210" lon="112.9145780">
    <ele>2704.0</ele>
   </trkpt>
   <trkpt lat="-8.0833410" lon="112.9145420">
    <ele>2703.6</ele>
   </trkpt>
   <trkpt lat="-8.0833850" lon="112.9144530">
    <ele>2702.8</ele>
   </trkpt>
   <trkpt lat="-8.0833950" lon="112.9144360">
    <ele>2702.2</ele>
   </trkpt>
   <trkpt lat="-8.0834020" lon="112.9144280">
    <ele>2701.6</ele>
   </trkpt>
   <trkpt lat="-8.0834490" lon="112.9143560">
    <ele>2701.0</ele>
   </trkpt>
   <trkpt lat="-8.0834540" lon="112.9143450">
    <ele>2701.0</ele>
   </trkpt>
   <trkpt lat="-8.0834830" lon="112.9142990">
    <ele>2701.0</ele>
   </trkpt>
   <trkpt lat="-8.0834980" lon="112.9142790">
    <ele>2700.4</ele>
   </trkpt>
   <trkpt lat="-8.0835300" lon="112.9142520">
    <ele>2699.4</ele>
   </trkpt>
   <trkpt lat="-8.0835710" lon="112.9142310">
    <ele>2698.4</ele>
   </trkpt>
   <trkpt lat="-8.0836120" lon="112.9142250">
    <ele>2697.6</ele>
   </trkpt>
   <trkpt lat="-8.0836230" lon="112.9142310">
    <ele>2697.2</ele>
   </trkpt>
   <trkpt lat="-8.0836340" lon="112.9142350">
    <ele>2697.0</ele>
   </trkpt>
   <trkpt lat="-8.0836600" lon="112.9142610">
    <ele>2696.2</ele>
   </trkpt>
   <trkpt lat="-8.0836840" lon="112.9142460">
    <ele>2696.2</ele>
   </trkpt>
   <trkpt lat="-8.0836920" lon="112.9142440">
    <ele>2696.0</ele>
   </trkpt>
   <trkpt lat="-8.0836950" lon="112.9142450">
    <ele>2695.8</ele>
   </trkpt>
   <trkpt lat="-8.0836970" lon="112.9142490">
    <ele>2695.4</ele>
   </trkpt>
   <trkpt lat="-8.0837230" lon="112.9142370">
    <ele>2695.0</ele>
   </trkpt>
   <trkpt lat="-8.0837390" lon="112.9142300">
    <ele>2694.8</ele>
   </trkpt>
   <trkpt lat="-8.0837650" lon="112.9142190">
    <ele>2694.8</ele>
   </trkpt>
   <trkpt lat="-8.0838010" lon="112.9142040">
    <ele>2694.6</ele>
   </trkpt>
   <trkpt lat="-8.0838490" lon="112.9141940">
    <ele>2693.6</ele>
   </trkpt>
   <trkpt lat="-8.0839010" lon="112.9141840">
    <ele>2693.0</ele>
   </trkpt>
   <trkpt lat="-8.0839400" lon="112.9141730">
    <ele>2692.6</ele>
   </trkpt>
   <trkpt lat="-8.0839670" lon="112.9141570">
    <ele>2691.2</ele>
   </trkpt>
   <trkpt lat="-8.0840320" lon="112.9141060">
    <ele>2690.6</ele>
   </trkpt>
   <trkpt lat="-8.0841220" lon="112.9140780">
    <ele>2690.0</ele>
   </trkpt>
   <trkpt lat="-8.0841560" lon="112.9140640">
    <ele>2689.0</ele>
   </trkpt>
   <trkpt lat="-8.0842150" lon="112.9140430">
    <ele>2687.8</ele>
   </trkpt>
   <trkpt lat="-8.0842300" lon="112.9140380">
    <ele>2687.8</ele>
   </trkpt>
   <trkpt lat="-8.0842860" lon="112.9140410">
    <ele>2686.8</ele>
   </trkpt>
   <trkpt lat="-8.0843130" lon="112.9140820">
    <ele>2686.6</ele>
   </trkpt>
   <trkpt lat="-8.0843480" lon="112.9141210">
    <ele>2685.8</ele>
   </trkpt>
   <trkpt lat="-8.0843430" lon="112.9141440">
    <ele>2685.6</ele>
   </trkpt>
   <trkpt lat="-8.0843420" lon="112.9141620">
    <ele>2685.4</ele>
   </trkpt>
   <trkpt lat="-8.0843580" lon="112.9141920">
    <ele>2685.0</ele>
   </trkpt>
   <trkpt lat="-8.0843810" lon="112.9141970">
    <ele>2684.6</ele>
   </trkpt>
   <trkpt lat="-8.0844710" lon="112.9141850">
    <ele>2684.4</ele>
   </trkpt>
   <trkpt lat="-8.0844820" lon="112.9141830">
    <ele>2684.6</ele>
   </trkpt>
   <trkpt lat="-8.0845210" lon="112.9141730">
    <ele>2684.8</ele>
   </trkpt>
   <trkpt lat="-8.0845420" lon="112.9141840">
    <ele>2684.8</ele>
   </trkpt>
   <trkpt lat="-8.0845790" lon="112.9142140">
    <ele>2684.4</ele>
   </trkpt>
   <trkpt lat="-8.0845890" lon="112.9142290">
    <ele>2684.2</ele>
   </trkpt>
   <trkpt lat="-8.0846030" lon="112.9142370">
    <ele>2684.0</ele>
   </trkpt>
   <trkpt lat="-8.0846490" lon="112.9142620">
    <ele>2684.2</ele>
   </trkpt>
   <trkpt lat="-8.0846830" lon="112.9142690">
    <ele>2684.0</ele>
   </trkpt>
   <trkpt lat="-8.0847070" lon="112.9142720">
    <ele>2683.6</ele>
   </trkpt>
   <trkpt lat="-8.0847190" lon="112.9142790">
    <ele>2683.4</ele>
   </trkpt>
   <trkpt lat="-8.0847780" lon="112.9142920">
    <ele>2683.4</ele>
   </trkpt>
   <trkpt lat="-8.0847950" lon="112.9143150">
    <ele>2683.4</ele>
   </trkpt>
   <trkpt lat="-8.0848040" lon="112.9143370">
    <ele>2683.2</ele>
   </trkpt>
   <trkpt lat="-8.0848040" lon="112.9143530">
    <ele>2683.2</ele>
   </trkpt>
   <trkpt lat="-8.0848200" lon="112.9143860">
    <ele>2682.8</ele>
   </trkpt>
   <trkpt lat="-8.0848300" lon="112.9144040">
    <ele>2682.6</ele>
   </trkpt>
   <trkpt lat="-8.0848430" lon="112.9144240">
    <ele>2682.4</ele>
   </trkpt>
   <trkpt lat="-8.0848370" lon="112.9144630">
    <ele>2682.6</ele>
   </trkpt>
   <trkpt lat="-8.0848540" lon="112.9145130">
    <ele>2682.6</ele>
   </trkpt>
   <trkpt lat="-8.0848370" lon="112.9145820">
    <ele>2682.6</ele>
   </trkpt>
   <trkpt lat="-8.0848470" lon="112.9146210">
    <ele>2682.6</ele>
   </trkpt>
   <trkpt lat="-8.0848550" lon="112.9146460">
    <ele>2682.4</ele>
   </trkpt>
   <trkpt lat="-8.0848710" lon="112.9146860">
    <ele>2682.4</ele>
   </trkpt>
   <trkpt lat="-8.0848850" lon="112.9147540">
    <ele>2682.2</ele>
   </trkpt>
   <trkpt lat="-8.0848900" lon="112.9147710">
    <ele>2682.2</ele>
   </trkpt>
   <trkpt lat="-8.0848960" lon="112.9147880">
    <ele>2682.0</ele>
   </trkpt>
   <trkpt lat="-8.0849080" lon="112.9148530">
    <ele>2682.0</ele>
   </trkpt>
   <trkpt lat="-8.0849070" lon="112.9148940">
    <ele>2682.0</ele>
   </trkpt>
   <trkpt lat="-8.0849120" lon="112.9149580">
    <ele>2682.4</ele>
   </trkpt>
   <trkpt lat="-8.0850050" lon="112.9150310">
    <ele>2682.2</ele>
   </trkpt>
   <trkpt lat="-8.0850520" lon="112.9150740">
    <ele>2681.8</ele>
   </trkpt>
   <trkpt lat="-8.0851640" lon="112.9150770">
    <ele>2682.0</ele>
   </trkpt>
   <trkpt lat="-8.0851850" lon="112.9150820">
    <ele>2682.2</ele>
   </trkpt>
   <trkpt lat="-8.0852270" lon="112.9151490">
    <ele>2682.0</ele>
   </trkpt>
   <trkpt lat="-8.0852690" lon="112.9151940">
    <ele>2681.2</ele>
   </trkpt>
   <trkpt lat="-8.0852810" lon="112.9152100">
    <ele>2680.8</ele>
   </trkpt>
   <trkpt lat="-8.0852980" lon="112.9152370">
    <ele>2680.2</ele>
   </trkpt>
   <trkpt lat="-8.0853080" lon="112.9152530">
    <ele>2679.8</ele>
   </trkpt>
   <trkpt lat="-8.0853490" lon="112.9152770">
    <ele>2680.0</ele>
   </trkpt>
   <trkpt lat="-8.0853760" lon="112.9152910">
    <ele>2680.6</ele>
   </trkpt>
   <trkpt lat="-8.0854240" lon="112.9152990">
    <ele>2681.0</ele>
   </trkpt>
   <trkpt lat="-8.0854340" lon="112.9153090">
    <ele>2681.2</ele>
   </trkpt>
   <trkpt lat="-8.0854550" lon="112.9153260">
    <ele>2681.6</ele>
   </trkpt>
   <trkpt lat="-8.0854690" lon="112.9153250">
    <ele>2681.6</ele>
   </trkpt>
   <trkpt lat="-8.0855230" lon="112.9153350">
    <ele>2680.4</ele>
   </trkpt>
   <trkpt lat="-8.0855370" lon="112.9153350">
    <ele>2680.2</ele>
   </trkpt>
   <trkpt lat="-8.0855580" lon="112.9153420">
    <ele>2680.0</ele>
   </trkpt>
   <trkpt lat="-8.0855720" lon="112.9153450">
    <ele>2680.0</ele>
   </trkpt>
   <trkpt lat="-8.0856030" lon="112.9153450">
    <ele>2679.6</ele>
   </trkpt>
   <trkpt lat="-8.0856500" lon="112.9153590">
    <ele>2679.2</ele>
   </trkpt>
   <trkpt lat="-8.0856600" lon="112.9153700">
    <ele>2679.2</ele>
   </trkpt>
   <trkpt lat="-8.0857060" lon="112.9154260">
    <ele>2679.2</ele>
   </trkpt>
   <trkpt lat="-8.0857140" lon="112.9154350">
    <ele>2679.2</ele>
   </trkpt>
   <trkpt lat="-8.0857190" lon="112.9154460">
    <ele>2679.0</ele>
   </trkpt>
   <trkpt lat="-8.0857280" lon="112.9154630">
    <ele>2678.6</ele>
   </trkpt>
   <trkpt lat="-8.0857540" lon="112.9154830">
    <ele>2678.6</ele>
   </trkpt>
   <trkpt lat="-8.0857910" lon="112.9155030">
    <ele>2678.6</ele>
   </trkpt>
   <trkpt lat="-8.0858610" lon="112.9155500">
    <ele>2678.6</ele>
   </trkpt>
   <trkpt lat="-8.0858870" lon="112.9156050">
    <ele>2678.2</ele>
   </trkpt>
   <trkpt lat="-8.0858880" lon="112.9156220">
    <ele>2678.2</ele>
   </trkpt>
   <trkpt lat="-8.0859420" lon="112.9156660">
    <ele>2677.2</ele>
   </trkpt>
   <trkpt lat="-8.0859760" lon="112.9156740">
    <ele>2677.0</ele>
   </trkpt>
   <trkpt lat="-8.0859900" lon="112.9156940">
    <ele>2677.0</ele>
   </trkpt>
   <trkpt lat="-8.0860200" lon="112.9157080">
    <ele>2676.6</ele>
   </trkpt>
   <trkpt lat="-8.0861000" lon="112.9156950">
    <ele>2676.2</ele>
   </trkpt>
   <trkpt lat="-8.0861140" lon="112.9156970">
    <ele>2675.8</ele>
   </trkpt>
   <trkpt lat="-8.0861870" lon="112.9157220">
    <ele>2675.4</ele>
   </trkpt>
   <trkpt lat="-8.0862140" lon="112.9157340">
    <ele>2674.8</ele>
   </trkpt>
   <trkpt lat="-8.0862500" lon="112.9157570">
    <ele>2674.6</ele>
   </trkpt>
   <trkpt lat="-8.0863340" lon="112.9158420">
    <ele>2674.6</ele>
   </trkpt>
   <trkpt lat="-8.0863960" lon="112.9158900">
    <ele>2674.6</ele>
   </trkpt>
   <trkpt lat="-8.0864930" lon="112.9159350">
    <ele>2674.0</ele>
   </trkpt>
   <trkpt lat="-8.0865320" lon="112.9159580">
    <ele>2673.8</ele>
   </trkpt>
   <trkpt lat="-8.0865470" lon="112.9159650">
    <ele>2673.8</ele>
   </trkpt>
   <trkpt lat="-8.0866380" lon="112.9160330">
    <ele>2673.8</ele>
   </trkpt>
   <trkpt lat="-8.0867350" lon="112.9160810">
    <ele>2673.8</ele>
   </trkpt>
   <trkpt lat="-8.0867950" lon="112.9161620">
    <ele>2673.2</ele>
   </trkpt>
   <trkpt lat="-8.0868300" lon="112.9162080">
    <ele>2673.0</ele>
   </trkpt>
   <trkpt lat="-8.0868930" lon="112.9162450">
    <ele>2673.6</ele>
   </trkpt>
   <trkpt lat="-8.0869160" lon="112.9162840">
    <ele>2673.2</ele>
   </trkpt>
   <trkpt lat="-8.0869760" lon="112.9163230">
    <ele>2672.8</ele>
   </trkpt>
   <trkpt lat="-8.0870280" lon="112.9163880">
    <ele>2673.0</ele>
   </trkpt>
   <trkpt lat="-8.0870300" lon="112.9164080">
    <ele>2672.8</ele>
   </trkpt>
   <trkpt lat="-8.0870420" lon="112.9164320">
    <ele>2672.2</ele>
   </trkpt>
   <trkpt lat="-8.0870660" lon="112.9164290">
    <ele>2671.8</ele>
   </trkpt>
   <trkpt lat="-8.0870990" lon="112.9164550">
    <ele>2672.4</ele>
   </trkpt>
   <trkpt lat="-8.0871640" lon="112.9165090">
    <ele>2672.6</ele>
   </trkpt>
   <trkpt lat="-8.0871930" lon="112.9165280">
    <ele>2672.4</ele>
   </trkpt>
   <trkpt lat="-8.0872150" lon="112.9165450">
    <ele>2672.4</ele>
   </trkpt>
   <trkpt lat="-8.0872200" lon="112.9165520">
    <ele>2672.2</ele>
   </trkpt>
   <trkpt lat="-8.0872330" lon="112.9165750">
    <ele>2671.6</ele>
   </trkpt>
   <trkpt lat="-8.0872830" lon="112.9165720">
    <ele>2671.0</ele>
   </trkpt>
   <trkpt lat="-8.0872730" lon="112.9166020">
    <ele>2670.6</ele>
   </trkpt>
   <trkpt lat="-8.0872830" lon="112.9166040">
    <ele>2670.6</ele>
   </trkpt>
   <trkpt lat="-8.0873280" lon="112.9166310">
    <ele>2671.2</ele>
   </trkpt>
   <trkpt lat="-8.0873340" lon="112.9166450">
    <ele>2671.6</ele>
   </trkpt>
   <trkpt lat="-8.0873670" lon="112.9167010">
    <ele>2671.6</ele>
   </trkpt>
   <trkpt lat="-8.0874110" lon="112.9167310">
    <ele>2671.0</ele>
   </trkpt>
   <trkpt lat="-8.0874220" lon="112.9167350">
    <ele>2671.0</ele>
   </trkpt>
   <trkpt lat="-8.0874440" lon="112.9167370">
    <ele>2671.0</ele>
   </trkpt>
   <trkpt lat="-8.0874550" lon="112.9167320">
    <ele>2671.0</ele>
   </trkpt>
   <trkpt lat="-8.0874650" lon="112.9167250">
    <ele>2671.2</ele>
   </trkpt>
   <trkpt lat="-8.0874730" lon="112.9167130">
    <ele>2671.8</ele>
   </trkpt>
   <trkpt lat="-8.0874830" lon="112.9167150">
    <ele>2671.4</ele>
   </trkpt>
   <trkpt lat="-8.0874770" lon="112.9167220">
    <ele>2671.6</ele>
   </trkpt>
   <trkpt lat="-8.0874940" lon="112.9167230">
    <ele>2671.4</ele>
   </trkpt>
   <trkpt lat="-8.0874800" lon="112.9167080">
    <ele>2671.0</ele>
   </trkpt>
   <trkpt lat="-8.0874870" lon="112.9166980">
    <ele>2671.2</ele>
   </trkpt>
   <trkpt lat="-8.0874920" lon="112.9167000">
    <ele>2671.4</ele>
   </trkpt>
   <trkpt lat="-8.0874880" lon="112.9167180">
    <ele>2671.4</ele>
   </trkpt>
   <trkpt lat="-8.0874800" lon="112.9167170">
    <ele>2671.6</ele>
   </trkpt>
   <trkpt lat="-8.0874940" lon="112.9167220">
    <ele>2671.4</ele>
   </trkpt>
   <trkpt lat="-8.0874800" lon="112.9167200">
    <ele>2672.4</ele>
   </trkpt>
   <trkpt lat="-8.0874840" lon="112.9167220">
    <ele>2672.4</ele>
   </trkpt>
   <trkpt lat="-8.0874980" lon="112.9166990">
    <ele>2672.4</ele>
   </trkpt>
   <trkpt lat="-8.0875020" lon="112.9167140">
    <ele>2672.4</ele>
   </trkpt>
   <trkpt lat="-8.0874950" lon="112.9167200">
    <ele>2672.4</ele>
   </trkpt>
   <trkpt lat="-8.0874900" lon="112.9167210">
    <ele>2672.4</ele>
   </trkpt>
   <trkpt lat="-8.0874790" lon="112.9167130">
    <ele>2672.4</ele>
   </trkpt>
   <trkpt lat="-8.0874720" lon="112.9167210">
    <ele>2672.4</ele>
   </trkpt>
   <trkpt lat="-8.0874710" lon="112.9167090">
    <ele>2672.4</ele>
   </trkpt>
   <trkpt lat="-8.0875070" lon="112.9166830">
    <ele>2672.4</ele>
   </trkpt>
   <trkpt lat="-8.0875030" lon="112.9166610">
    <ele>2672.4</ele>
   </trkpt>
   <trkpt lat="-8.0875010" lon="112.9166540">
    <ele>2672.4</ele>
   </trkpt>
   <trkpt lat="-8.0875020" lon="112.9166470">
    <ele>2672.4</ele>
   </trkpt>
   <trkpt lat="-8.0875030" lon="112.9166730">
    <ele>2672.4</ele>
   </trkpt>
   <trkpt lat="-8.0875050" lon="112.9167110">
    <ele>2672.4</ele>
   </trkpt>
   <trkpt lat="-8.0875380" lon="112.9167440">
    <ele>2672.4</ele>
   </trkpt>
   <trkpt lat="-8.0875280" lon="112.9167480">
    <ele>2672.4</ele>
   </trkpt>
   <trkpt lat="-8.0874980" lon="112.9167380">
    <ele>2672.4</ele>
   </trkpt>
   <trkpt lat="-8.0874900" lon="112.9167390">
    <ele>2672.4</ele>
   </trkpt>
   <trkpt lat="-8.0874840" lon="112.9167270">
    <ele>2672.4</ele>
   </trkpt>
   <trkpt lat="-8.0874630" lon="112.9166860">
    <ele>2672.4</ele>
   </trkpt>
   <trkpt lat="-8.0874790" lon="112.9166580">
    <ele>2672.4</ele>
   </trkpt>
   <trkpt lat="-8.0874980" lon="112.9166780">
    <ele>2672.4</ele>
   </trkpt>
   <trkpt lat="-8.0874940" lon="112.9166650">
    <ele>2672.4</ele>
   </trkpt>
   <trkpt lat="-8.0874780" lon="112.9166450">
    <ele>2672.4</ele>
   </trkpt>
   <trkpt lat="-8.0874660" lon="112.9166680">
    <ele>2672.4</ele>
   </trkpt>
   <trkpt lat="-8.0874660" lon="112.9166780">
    <ele>2672.4</ele>
   </trkpt>
   <trkpt lat="-8.0874690" lon="112.9166890">
    <ele>2672.4</ele>
   </trkpt>
   <trkpt lat="-8.0874790" lon="112.9167290">
    <ele>2671.8</ele>
   </trkpt>
   <trkpt lat="-8.0874780" lon="112.9167370">
    <ele>2671.4</ele>
   </trkpt>
   <trkpt lat="-8.0874510" lon="112.9167730">
    <ele>2671.4</ele>
   </trkpt>
   <trkpt lat="-8.0874450" lon="112.9167850">
    <ele>2671.6</ele>
   </trkpt>
   <trkpt lat="-8.0874220" lon="112.9168980">
    <ele>2671.6</ele>
   </trkpt>
   <trkpt lat="-8.0874240" lon="112.9170000">
    <ele>2671.6</ele>
   </trkpt>
   <trkpt lat="-8.0874160" lon="112.9171110">
    <ele>2671.8</ele>
   </trkpt>
   <trkpt lat="-8.0874390" lon="112.9172000">
    <ele>2670.8</ele>
   </trkpt>
   <trkpt lat="-8.0874690" lon="112.9172610">
    <ele>2671.6</ele>
   </trkpt>
   <trkpt lat="-8.0875000" lon="112.9173130">
    <ele>2671.4</ele>
   </trkpt>
   <trkpt lat="-8.0875110" lon="112.9173180">
    <ele>2671.6</ele>
   </trkpt>
   <trkpt lat="-8.0875230" lon="112.9173260">
    <ele>2671.6</ele>
   </trkpt>
   <trkpt lat="-8.0875800" lon="112.9173860">
    <ele>2671.6</ele>
   </trkpt>
   <trkpt lat="-8.0876000" lon="112.9174170">
    <ele>2671.6</ele>
   </trkpt>
   <trkpt lat="-8.0876180" lon="112.9174880">
    <ele>2672.0</ele>
   </trkpt>
   <trkpt lat="-8.0876270" lon="112.9174940">
    <ele>2672.6</ele>
   </trkpt>
   <trkpt lat="-8.0876240" lon="112.9175010">
    <ele>2672.8</ele>
   </trkpt>
   <trkpt lat="-8.0876290" lon="112.9175380">
    <ele>2671.8</ele>
   </trkpt>
   <trkpt lat="-8.0876310" lon="112.9175410">
    <ele>2671.6</ele>
   </trkpt>
   <trkpt lat="-8.0876300" lon="112.9175550">
    <ele>2671.6</ele>
   </trkpt>
   <trkpt lat="-8.0876560" lon="112.9175790">
    <ele>2672.0</ele>
   </trkpt>
   <trkpt lat="-8.0876600" lon="112.9176000">
    <ele>2672.2</ele>
   </trkpt>
   <trkpt lat="-8.0876600" lon="112.9176100">
    <ele>2672.2</ele>
   </trkpt>
   <trkpt lat="-8.0876410" lon="112.9175940">
    <ele>2672.4</ele>
   </trkpt>
   <trkpt lat="-8.0876000" lon="112.9175570">
    <ele>2672.4</ele>
   </trkpt>
   <trkpt lat="-8.0876060" lon="112.9175240">
    <ele>2672.4</ele>
   </trkpt>
   <trkpt lat="-8.0875770" lon="112.9175450">
    <ele>2672.4</ele>
   </trkpt>
   <trkpt lat="-8.0875830" lon="112.9175380">
    <ele>2672.4</ele>
   </trkpt>
   <trkpt lat="-8.0875940" lon="112.9175370">
    <ele>2672.4</ele>
   </trkpt>
   <trkpt lat="-8.0875980" lon="112.9175220">
    <ele>2672.4</ele>
   </trkpt>
   <trkpt lat="-8.0875960" lon="112.9175410">
    <ele>2672.4</ele>
   </trkpt>
   <trkpt lat="-8.0876150" lon="112.9175500">
    <ele>2672.4</ele>
   </trkpt>
   <trkpt lat="-8.0876330" lon="112.9175550">
    <ele>2672.4</ele>
   </trkpt>
   <trkpt lat="-8.0876470" lon="112.9175360">
    <ele>2672.4</ele>
   </trkpt>
   <trkpt lat="-8.0876370" lon="112.9175280">
    <ele>2672.4</ele>
   </trkpt>
   <trkpt lat="-8.0876280" lon="112.9175140">
    <ele>2672.4</ele>
   </trkpt>
   <trkpt lat="-8.0876120" lon="112.9175150">
    <ele>2672.4</ele>
   </trkpt>
   <trkpt lat="-8.0876210" lon="112.9175050">
    <ele>2672.4</ele>
   </trkpt>
   <trkpt lat="-8.0876340" lon="112.9175350">
    <ele>2672.4</ele>
   </trkpt>
   <trkpt lat="-8.0876440" lon="112.9175820">
    <ele>2672.4</ele>
   </trkpt>
   <trkpt lat="-8.0876640" lon="112.9175620">
    <ele>2672.4</ele>
   </trkpt>
   <trkpt lat="-8.0876510" lon="112.9175480">
    <ele>2672.4</ele>
   </trkpt>
   <trkpt lat="-8.0876380" lon="112.9175680">
    <ele>2672.4</ele>
   </trkpt>
   <trkpt lat="-8.0876480" lon="112.9175840">
    <ele>2672.4</ele>
   </trkpt>
   <trkpt lat="-8.0876730" lon="112.9175280">
    <ele>2672.4</ele>
   </trkpt>
   <trkpt lat="-8.0876510" lon="112.9174750">
    <ele>2672.4</ele>
   </trkpt>
   <trkpt lat="-8.0876400" lon="112.9174950">
    <ele>2672.4</ele>
   </trkpt>
   <trkpt lat="-8.0876330" lon="112.9175130">
    <ele>2672.4</ele>
   </trkpt>
   <trkpt lat="-8.0876940" lon="112.9175560">
    <ele>2672.4</ele>
   </trkpt>
   <trkpt lat="-8.0876970" lon="112.9175830">
    <ele>2672.4</ele>
   </trkpt>
   <trkpt lat="-8.0876380" lon="112.9175360">
    <ele>2672.4</ele>
   </trkpt>
   <trkpt lat="-8.0876250" lon="112.9175200">
    <ele>2672.4</ele>
   </trkpt>
   <trkpt lat="-8.0876110" lon="112.9175040">
    <ele>2672.4</ele>
   </trkpt>
   <trkpt lat="-8.0876130" lon="112.9175890">
    <ele>2672.4</ele>
   </trkpt>
   <trkpt lat="-8.0876310" lon="112.9176050">
    <ele>2672.4</ele>
   </trkpt>
   <trkpt lat="-8.0876190" lon="112.9175810">
    <ele>2672.4</ele>
   </trkpt>
   <trkpt lat="-8.0876190" lon="112.9175810">
    <ele>2672.4</ele>
   </trkpt>
   <trkpt lat="-8.0876880" lon="112.9173510">
    <ele>2671.0</ele>
   </trkpt>
   <trkpt lat="-8.0876880" lon="112.9173510">
    <ele>2665.4</ele>
   </trkpt>
   <trkpt lat="-8.0876880" lon="112.9173510">
    <ele>2666.4</ele>
   </trkpt>
   <trkpt lat="-8.0870900" lon="112.9154470">
    <ele>2666.8</ele>
   </trkpt>
   <trkpt lat="-8.0870900" lon="112.9153660">
    <ele>2665.8</ele>
   </trkpt>
   <trkpt lat="-8.0870850" lon="112.9153430">
    <ele>2665.4</ele>
   </trkpt>
   <trkpt lat="-8.0870860" lon="112.9152820">
    <ele>2664.4</ele>
   </trkpt>
   <trkpt lat="-8.0870430" lon="112.9152460">
    <ele>2664.2</ele>
   </trkpt>
   <trkpt lat="-8.0870140" lon="112.9151360">
    <ele>2663.8</ele>
   </trkpt>
   <trkpt lat="-8.0870030" lon="112.9150680">
    <ele>2663.4</ele>
   </trkpt>
   <trkpt lat="-8.0870100" lon="112.9150290">
    <ele>2662.8</ele>
   </trkpt>
   <trkpt lat="-8.0870590" lon="112.9149560">
    <ele>2663.2</ele>
   </trkpt>
   <trkpt lat="-8.0870770" lon="112.9149280">
    <ele>2663.2</ele>
   </trkpt>
   <trkpt lat="-8.0870880" lon="112.9149070">
    <ele>2663.2</ele>
   </trkpt>
   <trkpt lat="-8.0870850" lon="112.9148940">
    <ele>2663.2</ele>
   </trkpt>
   <trkpt lat="-8.0870940" lon="112.9148710">
    <ele>2663.0</ele>
   </trkpt>
   <trkpt lat="-8.0871040" lon="112.9148670">
    <ele>2662.2</ele>
   </trkpt>
   <trkpt lat="-8.0871070" lon="112.9148650">
    <ele>2661.6</ele>
   </trkpt>
   <trkpt lat="-8.0871130" lon="112.9148530">
    <ele>2660.6</ele>
   </trkpt>
   <trkpt lat="-8.0871100" lon="112.9148250">
    <ele>2659.6</ele>
   </trkpt>
   <trkpt lat="-8.0871220" lon="112.9148050">
    <ele>2658.2</ele>
   </trkpt>
   <trkpt lat="-8.0871390" lon="112.9147780">
    <ele>2657.2</ele>
   </trkpt>
   <trkpt lat="-8.0871490" lon="112.9147720">
    <ele>2656.6</ele>
   </trkpt>
   <trkpt lat="-8.0871620" lon="112.9147580">
    <ele>2656.0</ele>
   </trkpt>
   <trkpt lat="-8.0871880" lon="112.9147250">
    <ele>2654.4</ele>
   </trkpt>
   <trkpt lat="-8.0872070" lon="112.9147160">
    <ele>2652.8</ele>
   </trkpt>
   <trkpt lat="-8.0872350" lon="112.9146930">
    <ele>2652.0</ele>
   </trkpt>
   <trkpt lat="-8.0872770" lon="112.9146370">
    <ele>2651.8</ele>
   </trkpt>
   <trkpt lat="-8.0872870" lon="112.9146010">
    <ele>2651.2</ele>
   </trkpt>
   <trkpt lat="-8.0872940" lon="112.9145690">
    <ele>2650.8</ele>
   </trkpt>
   <trkpt lat="-8.0872940" lon="112.9145130">
    <ele>2650.6</ele>
   </trkpt>
   <trkpt lat="-8.0872940" lon="112.9144220">
    <ele>2650.4</ele>
   </trkpt>
   <trkpt lat="-8.0873240" lon="112.9143420">
    <ele>2650.4</ele>
   </trkpt>
   <trkpt lat="-8.0873210" lon="112.9142300">
    <ele>2650.8</ele>
   </trkpt>
   <trkpt lat="-8.0873330" lon="112.9141790">
    <ele>2650.2</ele>
   </trkpt>
   <trkpt lat="-8.0873340" lon="112.9141570">
    <ele>2650.0</ele>
   </trkpt>
   <trkpt lat="-8.0873270" lon="112.9140950">
    <ele>2649.8</ele>
   </trkpt>
   <trkpt lat="-8.0873630" lon="112.9140040">
    <ele>2649.6</ele>
   </trkpt>
   <trkpt lat="-8.0874150" lon="112.9139560">
    <ele>2649.8</ele>
   </trkpt>
   <trkpt lat="-8.0874190" lon="112.9139480">
    <ele>2649.8</ele>
   </trkpt>
   <trkpt lat="-8.0874220" lon="112.9138530">
    <ele>2650.6</ele>
   </trkpt>
   <trkpt lat="-8.0874430" lon="112.9137530">
    <ele>2648.6</ele>
   </trkpt>
   <trkpt lat="-8.0874450" lon="112.9137410">
    <ele>2648.4</ele>
   </trkpt>
   <trkpt lat="-8.0874640" lon="112.9136590">
    <ele>2648.0</ele>
   </trkpt>
   <trkpt lat="-8.0874600" lon="112.9136300">
    <ele>2647.4</ele>
   </trkpt>
   <trkpt lat="-8.0874550" lon="112.9136120">
    <ele>2647.0</ele>
   </trkpt>
   <trkpt lat="-8.0874420" lon="112.9135910">
    <ele>2646.0</ele>
   </trkpt>
   <trkpt lat="-8.0874360" lon="112.9135810">
    <ele>2645.6</ele>
   </trkpt>
   <trkpt lat="-8.0874270" lon="112.9135170">
    <ele>2645.0</ele>
   </trkpt>
   <trkpt lat="-8.0874360" lon="112.9135080">
    <ele>2645.0</ele>
   </trkpt>
   <trkpt lat="-8.0874430" lon="112.9134990">
    <ele>2644.6</ele>
   </trkpt>
   <trkpt lat="-8.0874520" lon="112.9134610">
    <ele>2643.4</ele>
   </trkpt>
   <trkpt lat="-8.0874680" lon="112.9134210">
    <ele>2642.6</ele>
   </trkpt>
   <trkpt lat="-8.0874790" lon="112.9134080">
    <ele>2642.0</ele>
   </trkpt>
   <trkpt lat="-8.0875420" lon="112.9133350">
    <ele>2641.0</ele>
   </trkpt>
   <trkpt lat="-8.0875800" lon="112.9133010">
    <ele>2639.8</ele>
   </trkpt>
   <trkpt lat="-8.0876070" lon="112.9132680">
    <ele>2639.4</ele>
   </trkpt>
   <trkpt lat="-8.0876730" lon="112.9131940">
    <ele>2638.6</ele>
   </trkpt>
   <trkpt lat="-8.0876800" lon="112.9131810">
    <ele>2638.0</ele>
   </trkpt>
   <trkpt lat="-8.0877050" lon="112.9131500">
    <ele>2637.4</ele>
   </trkpt>
   <trkpt lat="-8.0877090" lon="112.9131390">
    <ele>2637.4</ele>
   </trkpt>
   <trkpt lat="-8.0877210" lon="112.9131240">
    <ele>2637.2</ele>
   </trkpt>
   <trkpt lat="-8.0877540" lon="112.9130660">
    <ele>2636.2</ele>
   </trkpt>
   <trkpt lat="-8.0877700" lon="112.9130480">
    <ele>2635.2</ele>
   </trkpt>
   <trkpt lat="-8.0877640" lon="112.9130390">
    <ele>2634.8</ele>
   </trkpt>
   <trkpt lat="-8.0877850" lon="112.9130110">
    <ele>2634.4</ele>
   </trkpt>
   <trkpt lat="-8.0877890" lon="112.9129980">
    <ele>2633.8</ele>
   </trkpt>
   <trkpt lat="-8.0877940" lon="112.9129770">
    <ele>2632.2</ele>
   </trkpt>
   <trkpt lat="-8.0878330" lon="112.9129090">
    <ele>2631.2</ele>
   </trkpt>
   <trkpt lat="-8.0878490" lon="112.9128990">
    <ele>2631.2</ele>
   </trkpt>
   <trkpt lat="-8.0878940" lon="112.9128020">
    <ele>2630.4</ele>
   </trkpt>
   <trkpt lat="-8.0879190" lon="112.9127950">
    <ele>2630.0</ele>
   </trkpt>
   <trkpt lat="-8.0879550" lon="112.9127930">
    <ele>2629.0</ele>
   </trkpt>
   <trkpt lat="-8.0879790" lon="112.9127760">
    <ele>2628.6</ele>
   </trkpt>
   <trkpt lat="-8.0879950" lon="112.9127640">
    <ele>2628.2</ele>
   </trkpt>
   <trkpt lat="-8.0879820" lon="112.9127430">
    <ele>2627.6</ele>
   </trkpt>
   <trkpt lat="-8.0879520" lon="112.9126750">
    <ele>2626.4</ele>
   </trkpt>
   <trkpt lat="-8.0879400" lon="112.9126420">
    <ele>2626.2</ele>
   </trkpt>
   <trkpt lat="-8.0878570" lon="112.9126130">
    <ele>2625.2</ele>
   </trkpt>
   <trkpt lat="-8.0878290" lon="112.9125730">
    <ele>2624.2</ele>
   </trkpt>
   <trkpt lat="-8.0878330" lon="112.9125440">
    <ele>2623.0</ele>
   </trkpt>
   <trkpt lat="-8.0878240" lon="112.9125460">
    <ele>2622.6</ele>
   </trkpt>
   <trkpt lat="-8.0877920" lon="112.9125250">
    <ele>2622.0</ele>
   </trkpt>
   <trkpt lat="-8.0877410" lon="112.9124960">
    <ele>2621.8</ele>
   </trkpt>
   <trkpt lat="-8.0877410" lon="112.9124560">
    <ele>2621.2</ele>
   </trkpt>
   <trkpt lat="-8.0877500" lon="112.9124310">
    <ele>2621.2</ele>
   </trkpt>
   <trkpt lat="-8.0877870" lon="112.9123530">
    <ele>2620.8</ele>
   </trkpt>
   <trkpt lat="-8.0877930" lon="112.9122740">
    <ele>2619.6</ele>
   </trkpt>
   <trkpt lat="-8.0877990" lon="112.9122080">
    <ele>2618.8</ele>
   </trkpt>
   <trkpt lat="-8.0878030" lon="112.9121990">
    <ele>2618.6</ele>
   </trkpt>
   <trkpt lat="-8.0878630" lon="112.9121790">
    <ele>2618.0</ele>
   </trkpt>
   <trkpt lat="-8.0878840" lon="112.9121640">
    <ele>2617.4</ele>
   </trkpt>
   <trkpt lat="-8.0878840" lon="112.9121520">
    <ele>2617.0</ele>
   </trkpt>
   <trkpt lat="-8.0879340" lon="112.9121300">
    <ele>2616.2</ele>
   </trkpt>
   <trkpt lat="-8.0879450" lon="112.9121230">
    <ele>2616.0</ele>
   </trkpt>
   <trkpt lat="-8.0879470" lon="112.9121110">
    <ele>2615.8</ele>
   </trkpt>
   <trkpt lat="-8.0880020" lon="112.9120610">
    <ele>2616.4</ele>
   </trkpt>
   <trkpt lat="-8.0880580" lon="112.9120270">
    <ele>2615.2</ele>
   </trkpt>
   <trkpt lat="-8.0880940" lon="112.9120150">
    <ele>2614.6</ele>
   </trkpt>
   <trkpt lat="-8.0881220" lon="112.9120010">
    <ele>2614.0</ele>
   </trkpt>
   <trkpt lat="-8.0881190" lon="112.9119720">
    <ele>2613.2</ele>
   </trkpt>
   <trkpt lat="-8.0881190" lon="112.9119590">
    <ele>2613.0</ele>
   </trkpt>
   <trkpt lat="-8.0881510" lon="112.9119100">
    <ele>2612.0</ele>
   </trkpt>
   <trkpt lat="-8.0881600" lon="112.9118820">
    <ele>2612.0</ele>
   </trkpt>
   <trkpt lat="-8.0881060" lon="112.9117590">
    <ele>2611.8</ele>
   </trkpt>
   <trkpt lat="-8.0881290" lon="112.9116360">
    <ele>2610.8</ele>
   </trkpt>
   <trkpt lat="-8.0881340" lon="112.9116230">
    <ele>2610.4</ele>
   </trkpt>
   <trkpt lat="-8.0882470" lon="112.9115220">
    <ele>2609.8</ele>
   </trkpt>
   <trkpt lat="-8.0883380" lon="112.9114760">
    <ele>2609.6</ele>
   </trkpt>
   <trkpt lat="-8.0883830" lon="112.9114360">
    <ele>2608.8</ele>
   </trkpt>
   <trkpt lat="-8.0883830" lon="112.9114300">
    <ele>2608.2</ele>
   </trkpt>
   <trkpt lat="-8.0884040" lon="112.9113910">
    <ele>2607.0</ele>
   </trkpt>
   <trkpt lat="-8.0883530" lon="112.9113220">
    <ele>2606.8</ele>
   </trkpt>
   <trkpt lat="-8.0882690" lon="112.9112440">
    <ele>2606.4</ele>
   </trkpt>
   <trkpt lat="-8.0882720" lon="112.9112260">
    <ele>2606.2</ele>
   </trkpt>
   <trkpt lat="-8.0882730" lon="112.9112080">
    <ele>2606.0</ele>
   </trkpt>
   <trkpt lat="-8.0882960" lon="112.9111580">
    <ele>2604.8</ele>
   </trkpt>
   <trkpt lat="-8.0883120" lon="112.9111470">
    <ele>2604.2</ele>
   </trkpt>
   <trkpt lat="-8.0883230" lon="112.9111500">
    <ele>2603.6</ele>
   </trkpt>
   <trkpt lat="-8.0883540" lon="112.9111040">
    <ele>2603.0</ele>
   </trkpt>
   <trkpt lat="-8.0883460" lon="112.9110720">
    <ele>2602.4</ele>
   </trkpt>
   <trkpt lat="-8.0883790" lon="112.9110660">
    <ele>2601.8</ele>
   </trkpt>
   <trkpt lat="-8.0883910" lon="112.9110410">
    <ele>2601.2</ele>
   </trkpt>
   <trkpt lat="-8.0884330" lon="112.9110160">
    <ele>2600.4</ele>
   </trkpt>
   <trkpt lat="-8.0883720" lon="112.9109990">
    <ele>2600.0</ele>
   </trkpt>
   <trkpt lat="-8.0883150" lon="112.9109820">
    <ele>2599.0</ele>
   </trkpt>
   <trkpt lat="-8.0882640" lon="112.9109470">
    <ele>2598.6</ele>
   </trkpt>
   <trkpt lat="-8.0882760" lon="112.9109290">
    <ele>2598.0</ele>
   </trkpt>
   <trkpt lat="-8.0881920" lon="112.9108860">
    <ele>2596.6</ele>
   </trkpt>
   <trkpt lat="-8.0881460" lon="112.9108360">
    <ele>2596.8</ele>
   </trkpt>
   <trkpt lat="-8.0880310" lon="112.9107550">
    <ele>2595.6</ele>
   </trkpt>
   <trkpt lat="-8.0880180" lon="112.9107450">
    <ele>2595.2</ele>
   </trkpt>
   <trkpt lat="-8.0878520" lon="112.9107490">
    <ele>2594.4</ele>
   </trkpt>
   <trkpt lat="-8.0877230" lon="112.9107430">
    <ele>2594.4</ele>
   </trkpt>
   <trkpt lat="-8.0874960" lon="112.9107190">
    <ele>2594.0</ele>
   </trkpt>
   <trkpt lat="-8.0874640" lon="112.9107230">
    <ele>2593.8</ele>
   </trkpt>
   <trkpt lat="-8.0873870" lon="112.9107270">
    <ele>2593.4</ele>
   </trkpt>
   <trkpt lat="-8.0873810" lon="112.9107180">
    <ele>2593.2</ele>
   </trkpt>
   <trkpt lat="-8.0873340" lon="112.9107050">
    <ele>2592.8</ele>
   </trkpt>
   <trkpt lat="-8.0872080" lon="112.9107010">
    <ele>2592.4</ele>
   </trkpt>
   <trkpt lat="-8.0871140" lon="112.9106760">
    <ele>2592.0</ele>
   </trkpt>
   <trkpt lat="-8.0869270" lon="112.9106520">
    <ele>2591.2</ele>
   </trkpt>
   <trkpt lat="-8.0869010" lon="112.9106460">
    <ele>2591.2</ele>
   </trkpt>
   <trkpt lat="-8.0866440" lon="112.9106120">
    <ele>2591.0</ele>
   </trkpt>
   <trkpt lat="-8.0864560" lon="112.9106030">
    <ele>2590.2</ele>
   </trkpt>
   <trkpt lat="-8.0863610" lon="112.9105720">
    <ele>2590.0</ele>
   </trkpt>
   <trkpt lat="-8.0863380" lon="112.9105550">
    <ele>2589.0</ele>
   </trkpt>
   <trkpt lat="-8.0864470" lon="112.9105240">
    <ele>2589.0</ele>
   </trkpt>
   <trkpt lat="-8.0867400" lon="112.9104770">
    <ele>2589.4</ele>
   </trkpt>
   <trkpt lat="-8.0867670" lon="112.9104750">
    <ele>2589.6</ele>
   </trkpt>
   <trkpt lat="-8.0868840" lon="112.9104580">
    <ele>2588.4</ele>
   </trkpt>
   <trkpt lat="-8.0869490" lon="112.9104540">
    <ele>2588.2</ele>
   </trkpt>
   <trkpt lat="-8.0869700" lon="112.9104380">
    <ele>2588.2</ele>
   </trkpt>
   <trkpt lat="-8.0869810" lon="112.9104410">
    <ele>2588.0</ele>
   </trkpt>
   <trkpt lat="-8.0869670" lon="112.9104410">
    <ele>2587.2</ele>
   </trkpt>
   <trkpt lat="-8.0869830" lon="112.9104590">
    <ele>2586.8</ele>
   </trkpt>
   <trkpt lat="-8.0869950" lon="112.9104990">
    <ele>2587.0</ele>
   </trkpt>
   <trkpt lat="-8.0869840" lon="112.9105070">
    <ele>2587.2</ele>
   </trkpt>
   <trkpt lat="-8.0868000" lon="112.9105820">
    <ele>2587.4</ele>
   </trkpt>
   <trkpt lat="-8.0867160" lon="112.9105930">
    <ele>2587.8</ele>
   </trkpt>
   <trkpt lat="-8.0867560" lon="112.9105600">
    <ele>2588.6</ele>
   </trkpt>
   <trkpt lat="-8.0867430" lon="112.9105910">
    <ele>2589.0</ele>
   </trkpt>
   <trkpt lat="-8.0867930" lon="112.9106630">
    <ele>2589.6</ele>
   </trkpt>
   <trkpt lat="-8.0867940" lon="112.9107540">
    <ele>2589.6</ele>
   </trkpt>
   <trkpt lat="-8.0867630" lon="112.9108430">
    <ele>2589.6</ele>
   </trkpt>
   <trkpt lat="-8.0866670" lon="112.9108820">
    <ele>2589.4</ele>
   </trkpt>
   <trkpt lat="-8.0869400" lon="112.9108640">
    <ele>2589.4</ele>
   </trkpt>
   <trkpt lat="-8.0869750" lon="112.9108490">
    <ele>2589.4</ele>
   </trkpt>
   <trkpt lat="-8.0870030" lon="112.9107890">
    <ele>2589.4</ele>
   </trkpt>
   <trkpt lat="-8.0871410" lon="112.9107570">
    <ele>2589.6</ele>
   </trkpt>
   <trkpt lat="-8.0872210" lon="112.9107200">
    <ele>2589.4</ele>
   </trkpt>
   <trkpt lat="-8.0872410" lon="112.9107940">
    <ele>2589.2</ele>
   </trkpt>
   <trkpt lat="-8.0872770" lon="112.9108370">
    <ele>2589.2</ele>
   </trkpt>
   <trkpt lat="-8.0873030" lon="112.9108820">
    <ele>2589.2</ele>
   </trkpt>
   <trkpt lat="-8.0881250" lon="112.9107550">
    <ele>2594.6</ele>
   </trkpt>
   <trkpt lat="-8.0881210" lon="112.9107660">
    <ele>2594.6</ele>
   </trkpt>
   <trkpt lat="-8.0880770" lon="112.9107690">
    <ele>2595.6</ele>
   </trkpt>
   <trkpt lat="-8.0880690" lon="112.9107760">
    <ele>2595.8</ele>
   </trkpt>
   <trkpt lat="-8.0880280" lon="112.9108250">
    <ele>2596.4</ele>
   </trkpt>
   <trkpt lat="-8.0880160" lon="112.9108450">
    <ele>2596.6</ele>
   </trkpt>
   <trkpt lat="-8.0879930" lon="112.9108910">
    <ele>2597.8</ele>
   </trkpt>
   <trkpt lat="-8.0879920" lon="112.9108980">
    <ele>2597.8</ele>
   </trkpt>
   <trkpt lat="-8.0879890" lon="112.9109510">
    <ele>2599.0</ele>
   </trkpt>
   <trkpt lat="-8.0879870" lon="112.9109600">
    <ele>2599.2</ele>
   </trkpt>
   <trkpt lat="-8.0880090" lon="112.9109920">
    <ele>2600.2</ele>
   </trkpt>
   <trkpt lat="-8.0880140" lon="112.9110170">
    <ele>2601.0</ele>
   </trkpt>
   <trkpt lat="-8.0880250" lon="112.9110410">
    <ele>2601.4</ele>
   </trkpt>
   <trkpt lat="-8.0880440" lon="112.9110920">
    <ele>2601.8</ele>
   </trkpt>
   <trkpt lat="-8.0881880" lon="112.9111430">
    <ele>2602.4</ele>
   </trkpt>
   <trkpt lat="-8.0882170" lon="112.9111700">
    <ele>2602.8</ele>
   </trkpt>
   <trkpt lat="-8.0882680" lon="112.9112660">
    <ele>2603.6</ele>
   </trkpt>
   <trkpt lat="-8.0882850" lon="112.9113130">
    <ele>2604.0</ele>
   </trkpt>
   <trkpt lat="-8.0883000" lon="112.9113610">
    <ele>2604.4</ele>
   </trkpt>
   <trkpt lat="-8.0883000" lon="112.9113640">
    <ele>2604.6</ele>
   </trkpt>
   <trkpt lat="-8.0882340" lon="112.9113880">
    <ele>2605.0</ele>
   </trkpt>
   <trkpt lat="-8.0882130" lon="112.9114220">
    <ele>2605.6</ele>
   </trkpt>
   <trkpt lat="-8.0882010" lon="112.9114390">
    <ele>2606.2</ele>
   </trkpt>
   <trkpt lat="-8.0881520" lon="112.9114410">
    <ele>2606.6</ele>
   </trkpt>
   <trkpt lat="-8.0880790" lon="112.9114500">
    <ele>2607.4</ele>
   </trkpt>
   <trkpt lat="-8.0880350" lon="112.9114550">
    <ele>2607.6</ele>
   </trkpt>
   <trkpt lat="-8.0880040" lon="112.9114680">
    <ele>2608.0</ele>
   </trkpt>
   <trkpt lat="-8.0879800" lon="112.9114800">
    <ele>2608.4</ele>
   </trkpt>
   <trkpt lat="-8.0879500" lon="112.9115280">
    <ele>2608.6</ele>
   </trkpt>
   <trkpt lat="-8.0879430" lon="112.9115400">
    <ele>2608.8</ele>
   </trkpt>
   <trkpt lat="-8.0879030" lon="112.9115880">
    <ele>2609.6</ele>
   </trkpt>
   <trkpt lat="-8.0879040" lon="112.9116030">
    <ele>2609.8</ele>
   </trkpt>
   <trkpt lat="-8.0878980" lon="112.9116190">
    <ele>2610.0</ele>
   </trkpt>
   <trkpt lat="-8.0878900" lon="112.9116840">
    <ele>2610.2</ele>
   </trkpt>
   <trkpt lat="-8.0878950" lon="112.9116750">
    <ele>2610.8</ele>
   </trkpt>
   <trkpt lat="-8.0879010" lon="112.9116480">
    <ele>2611.6</ele>
   </trkpt>
   <trkpt lat="-8.0878950" lon="112.9116550">
    <ele>2611.6</ele>
   </trkpt>
   <trkpt lat="-8.0878290" lon="112.9116550">
    <ele>2612.0</ele>
   </trkpt>
   <trkpt lat="-8.0878180" lon="112.9116710">
    <ele>2612.6</ele>
   </trkpt>
   <trkpt lat="-8.0878030" lon="112.9116970">
    <ele>2613.2</ele>
   </trkpt>
   <trkpt lat="-8.0878000" lon="112.9117120">
    <ele>2613.4</ele>
   </trkpt>
   <trkpt lat="-8.0876920" lon="112.9116880">
    <ele>2614.2</ele>
   </trkpt>
   <trkpt lat="-8.0876920" lon="112.9117070">
    <ele>2614.6</ele>
   </trkpt>
   <trkpt lat="-8.0876720" lon="112.9117670">
    <ele>2615.4</ele>
   </trkpt>
   <trkpt lat="-8.0876580" lon="112.9118250">
    <ele>2616.2</ele>
   </trkpt>
   <trkpt lat="-8.0876410" lon="112.9118240">
    <ele>2616.4</ele>
   </trkpt>
   <trkpt lat="-8.0876180" lon="112.9118240">
    <ele>2616.6</ele>
   </trkpt>
   <trkpt lat="-8.0875840" lon="112.9118240">
    <ele>2616.8</ele>
   </trkpt>
   <trkpt lat="-8.0875920" lon="112.9118730">
    <ele>2617.2</ele>
   </trkpt>
   <trkpt lat="-8.0875920" lon="112.9118950">
    <ele>2617.4</ele>
   </trkpt>
   <trkpt lat="-8.0875880" lon="112.9119830">
    <ele>2617.8</ele>
   </trkpt>
   <trkpt lat="-8.0875760" lon="112.9120260">
    <ele>2618.4</ele>
   </trkpt>
   <trkpt lat="-8.0875700" lon="112.9120480">
    <ele>2618.8</ele>
   </trkpt>
   <trkpt lat="-8.0875790" lon="112.9120990">
    <ele>2619.6</ele>
   </trkpt>
   <trkpt lat="-8.0875800" lon="112.9121160">
    <ele>2619.8</ele>
   </trkpt>
   <trkpt lat="-8.0875770" lon="112.9121490">
    <ele>2620.6</ele>
   </trkpt>
   <trkpt lat="-8.0876170" lon="112.9121680">
    <ele>2621.4</ele>
   </trkpt>
   <trkpt lat="-8.0876140" lon="112.9121460">
    <ele>2621.6</ele>
   </trkpt>
   <trkpt lat="-8.0876030" lon="112.9121520">
    <ele>2621.4</ele>
   </trkpt>
   <trkpt lat="-8.0875940" lon="112.9121530">
    <ele>2621.6</ele>
   </trkpt>
   <trkpt lat="-8.0875630" lon="112.9121710">
    <ele>2622.0</ele>
   </trkpt>
   <trkpt lat="-8.0875610" lon="112.9121960">
    <ele>2622.0</ele>
   </trkpt>
   <trkpt lat="-8.0875560" lon="112.9122310">
    <ele>2622.6</ele>
   </trkpt>
   <trkpt lat="-8.0875590" lon="112.9122480">
    <ele>2622.6</ele>
   </trkpt>
   <trkpt lat="-8.0876220" lon="112.9123420">
    <ele>2623.6</ele>
   </trkpt>
   <trkpt lat="-8.0876570" lon="112.9123770">
    <ele>2623.8</ele>
   </trkpt>
   <trkpt lat="-8.0877560" lon="112.9124540">
    <ele>2624.6</ele>
   </trkpt>
   <trkpt lat="-8.0877640" lon="112.9124670">
    <ele>2624.8</ele>
   </trkpt>
   <trkpt lat="-8.0877780" lon="112.9124770">
    <ele>2625.2</ele>
   </trkpt>
   <trkpt lat="-8.0878210" lon="112.9125430">
    <ele>2626.0</ele>
   </trkpt>
   <trkpt lat="-8.0878200" lon="112.9125450">
    <ele>2626.2</ele>
   </trkpt>
   <trkpt lat="-8.0877900" lon="112.9125550">
    <ele>2627.0</ele>
   </trkpt>
   <trkpt lat="-8.0877800" lon="112.9125570">
    <ele>2627.2</ele>
   </trkpt>
   <trkpt lat="-8.0877260" lon="112.9126120">
    <ele>2628.2</ele>
   </trkpt>
   <trkpt lat="-8.0877250" lon="112.9126340">
    <ele>2628.2</ele>
   </trkpt>
   <trkpt lat="-8.0877190" lon="112.9126640">
    <ele>2629.2</ele>
   </trkpt>
   <trkpt lat="-8.0877150" lon="112.9126690">
    <ele>2629.4</ele>
   </trkpt>
   <trkpt lat="-8.0877080" lon="112.9127410">
    <ele>2629.8</ele>
   </trkpt>
   <trkpt lat="-8.0876780" lon="112.9127820">
    <ele>2630.4</ele>
   </trkpt>
   <trkpt lat="-8.0876780" lon="112.9127880">
    <ele>2630.6</ele>
   </trkpt>
   <trkpt lat="-8.0876610" lon="112.9128180">
    <ele>2631.6</ele>
   </trkpt>
   <trkpt lat="-8.0876560" lon="112.9128320">
    <ele>2631.8</ele>
   </trkpt>
   <trkpt lat="-8.0876670" lon="112.9129240">
    <ele>2632.0</ele>
   </trkpt>
   <trkpt lat="-8.0876500" lon="112.9129580">
    <ele>2632.8</ele>
   </trkpt>
   <trkpt lat="-8.0876420" lon="112.9129670">
    <ele>2633.4</ele>
   </trkpt>
   <trkpt lat="-8.0876310" lon="112.9129680">
    <ele>2633.8</ele>
   </trkpt>
   <trkpt lat="-8.0876190" lon="112.9129810">
    <ele>2634.6</ele>
   </trkpt>
   <trkpt lat="-8.0876250" lon="112.9129960">
    <ele>2635.0</ele>
   </trkpt>
   <trkpt lat="-8.0876150" lon="112.9130150">
    <ele>2636.2</ele>
   </trkpt>
   <trkpt lat="-8.0875970" lon="112.9130490">
    <ele>2637.2</ele>
   </trkpt>
   <trkpt lat="-8.0875850" lon="112.9130560">
    <ele>2637.2</ele>
   </trkpt>
   <trkpt lat="-8.0875760" lon="112.9130630">
    <ele>2637.4</ele>
   </trkpt>
   <trkpt lat="-8.0874900" lon="112.9130630">
    <ele>2637.4</ele>
   </trkpt>
   <trkpt lat="-8.0874270" lon="112.9130710">
    <ele>2638.4</ele>
   </trkpt>
   <trkpt lat="-8.0874210" lon="112.9130800">
    <ele>2638.8</ele>
   </trkpt>
   <trkpt lat="-8.0874130" lon="112.9131110">
    <ele>2639.4</ele>
   </trkpt>
   <trkpt lat="-8.0874280" lon="112.9131300">
    <ele>2639.8</ele>
   </trkpt>
   <trkpt lat="-8.0874220" lon="112.9132200">
    <ele>2640.6</ele>
   </trkpt>
   <trkpt lat="-8.0873990" lon="112.9132740">
    <ele>2641.6</ele>
   </trkpt>
   <trkpt lat="-8.0873970" lon="112.9132890">
    <ele>2641.8</ele>
   </trkpt>
   <trkpt lat="-8.0874100" lon="112.9133180">
    <ele>2642.0</ele>
   </trkpt>
   <trkpt lat="-8.0874470" lon="112.9133640">
    <ele>2642.6</ele>
   </trkpt>
   <trkpt lat="-8.0874400" lon="112.9133740">
    <ele>2642.6</ele>
   </trkpt>
   <trkpt lat="-8.0874350" lon="112.9134040">
    <ele>2642.8</ele>
   </trkpt>
   <trkpt lat="-8.0874050" lon="112.9134170">
    <ele>2643.8</ele>
   </trkpt>
   <trkpt lat="-8.0873940" lon="112.9134200">
    <ele>2644.0</ele>
   </trkpt>
   <trkpt lat="-8.0873750" lon="112.9134700">
    <ele>2644.6</ele>
   </trkpt>
   <trkpt lat="-8.0873820" lon="112.9135010">
    <ele>2644.8</ele>
   </trkpt>
   <trkpt lat="-8.0873830" lon="112.9135450">
    <ele>2646.2</ele>
   </trkpt>
   <trkpt lat="-8.0873500" lon="112.9136150">
    <ele>2647.2</ele>
   </trkpt>
   <trkpt lat="-8.0873550" lon="112.9136270">
    <ele>2647.2</ele>
   </trkpt>
   <trkpt lat="-8.0873570" lon="112.9137170">
    <ele>2647.8</ele>
   </trkpt>
   <trkpt lat="-8.0873570" lon="112.9137900">
    <ele>2648.6</ele>
   </trkpt>
   <trkpt lat="-8.0873630" lon="112.9138200">
    <ele>2649.2</ele>
   </trkpt>
   <trkpt lat="-8.0873670" lon="112.9138320">
    <ele>2649.2</ele>
   </trkpt>
   <trkpt lat="-8.0873590" lon="112.9138710">
    <ele>2649.6</ele>
   </trkpt>
   <trkpt lat="-8.0873470" lon="112.9138860">
    <ele>2649.6</ele>
   </trkpt>
   <trkpt lat="-8.0872840" lon="112.9139180">
    <ele>2649.8</ele>
   </trkpt>
   <trkpt lat="-8.0872450" lon="112.9139860">
    <ele>2649.8</ele>
   </trkpt>
   <trkpt lat="-8.0872420" lon="112.9140490">
    <ele>2649.4</ele>
   </trkpt>
   <trkpt lat="-8.0872610" lon="112.9140890">
    <ele>2649.8</ele>
   </trkpt>
   <trkpt lat="-8.0872840" lon="112.9141800">
    <ele>2650.0</ele>
   </trkpt>
   <trkpt lat="-8.0872770" lon="112.9142240">
    <ele>2649.8</ele>
   </trkpt>
   <trkpt lat="-8.0872790" lon="112.9142920">
    <ele>2650.2</ele>
   </trkpt>
   <trkpt lat="-8.0872730" lon="112.9143090">
    <ele>2650.6</ele>
   </trkpt>
   <trkpt lat="-8.0872410" lon="112.9143590">
    <ele>2650.8</ele>
   </trkpt>
   <trkpt lat="-8.0871760" lon="112.9144190">
    <ele>2650.8</ele>
   </trkpt>
   <trkpt lat="-8.0871530" lon="112.9144870">
    <ele>2650.8</ele>
   </trkpt>
   <trkpt lat="-8.0871510" lon="112.9146070">
    <ele>2650.6</ele>
   </trkpt>
   <trkpt lat="-8.0871510" lon="112.9146390">
    <ele>2651.6</ele>
   </trkpt>
   <trkpt lat="-8.0871280" lon="112.9146710">
    <ele>2651.8</ele>
   </trkpt>
   <trkpt lat="-8.0871240" lon="112.9146720">
    <ele>2653.0</ele>
   </trkpt>
   <trkpt lat="-8.0871240" lon="112.9146780">
    <ele>2654.0</ele>
   </trkpt>
   <trkpt lat="-8.0871240" lon="112.9146820">
    <ele>2654.0</ele>
   </trkpt>
   <trkpt lat="-8.0871240" lon="112.9146940">
    <ele>2655.2</ele>
   </trkpt>
   <trkpt lat="-8.0871210" lon="112.9147020">
    <ele>2655.8</ele>
   </trkpt>
   <trkpt lat="-8.0871150" lon="112.9147090">
    <ele>2656.6</ele>
   </trkpt>
   <trkpt lat="-8.0870940" lon="112.9147150">
    <ele>2657.6</ele>
   </trkpt>
   <trkpt lat="-8.0870990" lon="112.9147420">
    <ele>2658.8</ele>
   </trkpt>
   <trkpt lat="-8.0871000" lon="112.9147460">
    <ele>2659.4</ele>
   </trkpt>
   <trkpt lat="-8.0870920" lon="112.9147630">
    <ele>2660.0</ele>
   </trkpt>
   <trkpt lat="-8.0871200" lon="112.9148140">
    <ele>2661.0</ele>
   </trkpt>
   <trkpt lat="-8.0871130" lon="112.9148350">
    <ele>2661.8</ele>
   </trkpt>
   <trkpt lat="-8.0871020" lon="112.9148460">
    <ele>2662.2</ele>
   </trkpt>
   <trkpt lat="-8.0870770" lon="112.9148680">
    <ele>2663.0</ele>
   </trkpt>
   <trkpt lat="-8.0870700" lon="112.9148790">
    <ele>2663.2</ele>
   </trkpt>
   <trkpt lat="-8.0869910" lon="112.9149630">
    <ele>2663.4</ele>
   </trkpt>
   <trkpt lat="-8.0869650" lon="112.9150180">
    <ele>2663.0</ele>
   </trkpt>
   <trkpt lat="-8.0869650" lon="112.9150430">
    <ele>2662.6</ele>
   </trkpt>
   <trkpt lat="-8.0869870" lon="112.9151250">
    <ele>2663.0</ele>
   </trkpt>
   <trkpt lat="-8.0869920" lon="112.9151370">
    <ele>2663.2</ele>
   </trkpt>
   <trkpt lat="-8.0870190" lon="112.9152190">
    <ele>2663.6</ele>
   </trkpt>
   <trkpt lat="-8.0870360" lon="112.9153200">
    <ele>2664.0</ele>
   </trkpt>
   <trkpt lat="-8.0870330" lon="112.9153630">
    <ele>2664.4</ele>
   </trkpt>
   <trkpt lat="-8.0870260" lon="112.9154310">
    <ele>2664.6</ele>
   </trkpt>
   <trkpt lat="-8.0870450" lon="112.9154580">
    <ele>2665.0</ele>
   </trkpt>
   <trkpt lat="-8.0870580" lon="112.9154820">
    <ele>2665.2</ele>
   </trkpt>
   <trkpt lat="-8.0870630" lon="112.9155030">
    <ele>2665.2</ele>
   </trkpt>
   <trkpt lat="-8.0870670" lon="112.9155200">
    <ele>2665.4</ele>
   </trkpt>
   <trkpt lat="-8.0870800" lon="112.9155500">
    <ele>2665.8</ele>
   </trkpt>
   <trkpt lat="-8.0870970" lon="112.9155880">
    <ele>2666.6</ele>
   </trkpt>
   <trkpt lat="-8.0871270" lon="112.9156360">
    <ele>2667.2</ele>
   </trkpt>
   <trkpt lat="-8.0871900" lon="112.9156950">
    <ele>2666.8</ele>
   </trkpt>
   <trkpt lat="-8.0871990" lon="112.9157720">
    <ele>2666.8</ele>
   </trkpt>
   <trkpt lat="-8.0872130" lon="112.9158720">
    <ele>2667.2</ele>
   </trkpt>
   <trkpt lat="-8.0872020" lon="112.9159290">
    <ele>2667.6</ele>
   </trkpt>
   <trkpt lat="-8.0872010" lon="112.9159630">
    <ele>2667.8</ele>
   </trkpt>
   <trkpt lat="-8.0871910" lon="112.9160490">
    <ele>2668.0</ele>
   </trkpt>
   <trkpt lat="-8.0871960" lon="112.9160890">
    <ele>2668.6</ele>
   </trkpt>
   <trkpt lat="-8.0872050" lon="112.9161290">
    <ele>2669.4</ele>
   </trkpt>
   <trkpt lat="-8.0872070" lon="112.9161490">
    <ele>2669.8</ele>
   </trkpt>
   <trkpt lat="-8.0872210" lon="112.9161880">
    <ele>2669.8</ele>
   </trkpt>
   <trkpt lat="-8.0872140" lon="112.9162140">
    <ele>2669.6</ele>
   </trkpt>
   <trkpt lat="-8.0872460" lon="112.9162770">
    <ele>2670.4</ele>
   </trkpt>
   <trkpt lat="-8.0872630" lon="112.9163050">
    <ele>2670.2</ele>
   </trkpt>
   <trkpt lat="-8.0872840" lon="112.9163530">
    <ele>2670.2</ele>
   </trkpt>
   <trkpt lat="-8.0872900" lon="112.9163720">
    <ele>2670.8</ele>
   </trkpt>
   <trkpt lat="-8.0873120" lon="112.9164340">
    <ele>2670.8</ele>
   </trkpt>
   <trkpt lat="-8.0873430" lon="112.9165480">
    <ele>2670.6</ele>
   </trkpt>
   <trkpt lat="-8.0874070" lon="112.9167310">
    <ele>2670.6</ele>
   </trkpt>
   <trkpt lat="-8.0874350" lon="112.9168290">
    <ele>2671.2</ele>
   </trkpt>
   <trkpt lat="-8.0874450" lon="112.9169460">
    <ele>2671.0</ele>
   </trkpt>
   <trkpt lat="-8.0874690" lon="112.9170150">
    <ele>2671.0</ele>
   </trkpt>
   <trkpt lat="-8.0875050" lon="112.9170650">
    <ele>2671.8</ele>
   </trkpt>
   <trkpt lat="-8.0875140" lon="112.9170820">
    <ele>2672.0</ele>
   </trkpt>
   <trkpt lat="-8.0875330" lon="112.9171260">
    <ele>2672.2</ele>
   </trkpt>
   <trkpt lat="-8.0875570" lon="112.9171370">
    <ele>2672.2</ele>
   </trkpt>
   <trkpt lat="-8.0875890" lon="112.9171780">
    <ele>2671.6</ele>
   </trkpt>
   <trkpt lat="-8.0876110" lon="112.9172630">
    <ele>2671.4</ele>
   </trkpt>
   <trkpt lat="-8.0875840" lon="112.9173420">
    <ele>2671.4</ele>
   </trkpt>
   <trkpt lat="-8.0876100" lon="112.9173560">
    <ele>2671.4</ele>
   </trkpt>
   <trkpt lat="-8.0876330" lon="112.9173910">
    <ele>2671.4</ele>
   </trkpt>
   <trkpt lat="-8.0876530" lon="112.9174260">
    <ele>2670.6</ele>
   </trkpt>
   <trkpt lat="-8.0876640" lon="112.9174320">
    <ele>2671.2</ele>
   </trkpt>
   <trkpt lat="-8.0876470" lon="112.9174430">
    <ele>2671.2</ele>
   </trkpt>
   <trkpt lat="-8.0876500" lon="112.9174750">
    <ele>2671.0</ele>
   </trkpt>
   <trkpt lat="-8.0876540" lon="112.9174730">
    <ele>2671.4</ele>
   </trkpt>
   <trkpt lat="-8.0876620" lon="112.9174730">
    <ele>2671.0</ele>
   </trkpt>
   <trkpt lat="-8.0876620" lon="112.9174730">
    <ele>2671.0</ele>
   </trkpt>
   <trkpt lat="-8.0876620" lon="112.9174730">
    <ele>2668.8</ele>
   </trkpt>
   <trkpt lat="-8.0876620" lon="112.9174730">
    <ele>2667.4</ele>
   </trkpt>
   <trkpt lat="-8.0876620" lon="112.9174730">
    <ele>2666.2</ele>
   </trkpt>
   <trkpt lat="-8.0875770" lon="112.9174430">
    <ele>2666.2</ele>
   </trkpt>
   <trkpt lat="-8.0875680" lon="112.9174590">
    <ele>2666.0</ele>
   </trkpt>
   <trkpt lat="-8.0875440" lon="112.9174740">
    <ele>2665.8</ele>
   </trkpt>
   <trkpt lat="-8.0875720" lon="112.9174700">
    <ele>2666.0</ele>
   </trkpt>
   <trkpt lat="-8.0875640" lon="112.9174750">
    <ele>2666.0</ele>
   </trkpt>
   <trkpt lat="-8.0876220" lon="112.9174380">
    <ele>2666.0</ele>
   </trkpt>
   <trkpt lat="-8.0876220" lon="112.9174170">
    <ele>2665.8</ele>
   </trkpt>
   <trkpt lat="-8.0876470" lon="112.9174350">
    <ele>2665.6</ele>
   </trkpt>
   <trkpt lat="-8.0876370" lon="112.9174310">
    <ele>2665.4</ele>
   </trkpt>
   <trkpt lat="-8.0876010" lon="112.9174370">
    <ele>2665.2</ele>
   </trkpt>
   <trkpt lat="-8.0876010" lon="112.9174340">
    <ele>2665.2</ele>
   </trkpt>
   <trkpt lat="-8.0875700" lon="112.9174230">
    <ele>2665.8</ele>
   </trkpt>
   <trkpt lat="-8.0875800" lon="112.9174380">
    <ele>2665.8</ele>
   </trkpt>
   <trkpt lat="-8.0875830" lon="112.9174480">
    <ele>2665.8</ele>
   </trkpt>
   <trkpt lat="-8.0876190" lon="112.9174440">
    <ele>2665.2</ele>
   </trkpt>
   <trkpt lat="-8.0875510" lon="112.9174420">
    <ele>2665.2</ele>
   </trkpt>
   <trkpt lat="-8.0875510" lon="112.9174390">
    <ele>2665.6</ele>
   </trkpt>
   <trkpt lat="-8.0875680" lon="112.9174310">
    <ele>2665.4</ele>
   </trkpt>
   <trkpt lat="-8.0875660" lon="112.9174110">
    <ele>2665.6</ele>
   </trkpt>
   <trkpt lat="-8.0875540" lon="112.9173730">
    <ele>2665.6</ele>
   </trkpt>
   <trkpt lat="-8.0875700" lon="112.9173410">
    <ele>2665.4</ele>
   </trkpt>
   <trkpt lat="-8.0875750" lon="112.9173340">
    <ele>2665.4</ele>
   </trkpt>
   <trkpt lat="-8.0876170" lon="112.9172970">
    <ele>2665.8</ele>
   </trkpt>
   <trkpt lat="-8.0875940" lon="112.9173290">
    <ele>2666.4</ele>
   </trkpt>
   <trkpt lat="-8.0876080" lon="112.9173070">
    <ele>2666.4</ele>
   </trkpt>
   <trkpt lat="-8.0876690" lon="112.9173030">
    <ele>2666.2</ele>
   </trkpt>
   <trkpt lat="-8.0876810" lon="112.9173060">
    <ele>2666.2</ele>
   </trkpt>
   <trkpt lat="-8.0877590" lon="112.9173400">
    <ele>2666.4</ele>
   </trkpt>
   <trkpt lat="-8.0878240" lon="112.9173530">
    <ele>2666.4</ele>
   </trkpt>
   <trkpt lat="-8.0879030" lon="112.9173960">
    <ele>2666.6</ele>
   </trkpt>
   <trkpt lat="-8.0879720" lon="112.9174230">
    <ele>2667.0</ele>
   </trkpt>
   <trkpt lat="-8.0879920" lon="112.9174000">
    <ele>2667.2</ele>
   </trkpt>
   <trkpt lat="-8.0880020" lon="112.9173830">
    <ele>2667.2</ele>
   </trkpt>
   <trkpt lat="-8.0880100" lon="112.9173690">
    <ele>2667.6</ele>
   </trkpt>
   <trkpt lat="-8.0880390" lon="112.9173180">
    <ele>2668.4</ele>
   </trkpt>
   <trkpt lat="-8.0880600" lon="112.9172910">
    <ele>2668.8</ele>
   </trkpt>
   <trkpt lat="-8.0880700" lon="112.9172720">
    <ele>2668.8</ele>
   </trkpt>
   <trkpt lat="-8.0880900" lon="112.9172610">
    <ele>2669.6</ele>
   </trkpt>
   <trkpt lat="-8.0880990" lon="112.9172560">
    <ele>2670.2</ele>
   </trkpt>
   <trkpt lat="-8.0881390" lon="112.9171820">
    <ele>2671.4</ele>
   </trkpt>
   <trkpt lat="-8.0881580" lon="112.9171670">
    <ele>2671.6</ele>
   </trkpt>
   <trkpt lat="-8.0881830" lon="112.9171660">
    <ele>2672.0</ele>
   </trkpt>
   <trkpt lat="-8.0882080" lon="112.9171640">
    <ele>2672.8</ele>
   </trkpt>
   <trkpt lat="-8.0882370" lon="112.9171430">
    <ele>2673.6</ele>
   </trkpt>
   <trkpt lat="-8.0882460" lon="112.9171290">
    <ele>2673.8</ele>
   </trkpt>
   <trkpt lat="-8.0882980" lon="112.9170640">
    <ele>2674.2</ele>
   </trkpt>
   <trkpt lat="-8.0883180" lon="112.9170410">
    <ele>2674.8</ele>
   </trkpt>
   <trkpt lat="-8.0883260" lon="112.9170310">
    <ele>2674.8</ele>
   </trkpt>
   <trkpt lat="-8.0883490" lon="112.9169950">
    <ele>2675.2</ele>
   </trkpt>
   <trkpt lat="-8.0883750" lon="112.9169880">
    <ele>2675.8</ele>
   </trkpt>
   <trkpt lat="-8.0883850" lon="112.9169570">
    <ele>2676.4</ele>
   </trkpt>
   <trkpt lat="-8.0884010" lon="112.9169210">
    <ele>2677.0</ele>
   </trkpt>
   <trkpt lat="-8.0884280" lon="112.9168580">
    <ele>2677.8</ele>
   </trkpt>
   <trkpt lat="-8.0884330" lon="112.9168250">
    <ele>2678.2</ele>
   </trkpt>
   <trkpt lat="-8.0884490" lon="112.9168000">
    <ele>2678.4</ele>
   </trkpt>
   <trkpt lat="-8.0884660" lon="112.9167820">
    <ele>2678.6</ele>
   </trkpt>
   <trkpt lat="-8.0884670" lon="112.9167700">
    <ele>2678.8</ele>
   </trkpt>
   <trkpt lat="-8.0884680" lon="112.9167380">
    <ele>2679.6</ele>
   </trkpt>
   <trkpt lat="-8.0884840" lon="112.9167300">
    <ele>2680.8</ele>
   </trkpt>
   <trkpt lat="-8.0885070" lon="112.9167270">
    <ele>2681.4</ele>
   </trkpt>
   <trkpt lat="-8.0885250" lon="112.9167180">
    <ele>2681.8</ele>
   </trkpt>
   <trkpt lat="-8.0885440" lon="112.9167110">
    <ele>2682.0</ele>
   </trkpt>
   <trkpt lat="-8.0885960" lon="112.9166830">
    <ele>2682.4</ele>
   </trkpt>
   <trkpt lat="-8.0886520" lon="112.9166500">
    <ele>2682.6</ele>
   </trkpt>
   <trkpt lat="-8.0886630" lon="112.9166360">
    <ele>2682.8</ele>
   </trkpt>
   <trkpt lat="-8.0886870" lon="112.9166090">
    <ele>2682.6</ele>
   </trkpt>
   <trkpt lat="-8.0886930" lon="112.9166050">
    <ele>2683.0</ele>
   </trkpt>
   <trkpt lat="-8.0887100" lon="112.9166090">
    <ele>2684.4</ele>
   </trkpt>
   <trkpt lat="-8.0887770" lon="112.9166210">
    <ele>2685.4</ele>
   </trkpt>
   <trkpt lat="-8.0887980" lon="112.9166320">
    <ele>2685.4</ele>
   </trkpt>
   <trkpt lat="-8.0888360" lon="112.9166320">
    <ele>2686.6</ele>
   </trkpt>
   <trkpt lat="-8.0888450" lon="112.9166340">
    <ele>2687.6</ele>
   </trkpt>
   <trkpt lat="-8.0888820" lon="112.9166180">
    <ele>2688.2</ele>
   </trkpt>
   <trkpt lat="-8.0889200" lon="112.9166050">
    <ele>2688.8</ele>
   </trkpt>
   <trkpt lat="-8.0889270" lon="112.9166050">
    <ele>2689.2</ele>
   </trkpt>
   <trkpt lat="-8.0889650" lon="112.9165910">
    <ele>2690.0</ele>
   </trkpt>
   <trkpt lat="-8.0889830" lon="112.9165820">
    <ele>2690.8</ele>
   </trkpt>
   <trkpt lat="-8.0889980" lon="112.9165690">
    <ele>2691.0</ele>
   </trkpt>
   <trkpt lat="-8.0890630" lon="112.9165150">
    <ele>2691.6</ele>
   </trkpt>
   <trkpt lat="-8.0890840" lon="112.9165230">
    <ele>2691.8</ele>
   </trkpt>
   <trkpt lat="-8.0891130" lon="112.9165150">
    <ele>2692.0</ele>
   </trkpt>
   <trkpt lat="-8.0891330" lon="112.9165350">
    <ele>2692.2</ele>
   </trkpt>
   <trkpt lat="-8.0891720" lon="112.9165520">
    <ele>2693.0</ele>
   </trkpt>
   <trkpt lat="-8.0891910" lon="112.9165580">
    <ele>2693.6</ele>
   </trkpt>
   <trkpt lat="-8.0892380" lon="112.9165440">
    <ele>2694.2</ele>
   </trkpt>
   <trkpt lat="-8.0892680" lon="112.9165160">
    <ele>2694.8</ele>
   </trkpt>
   <trkpt lat="-8.0893470" lon="112.9164730">
    <ele>2695.6</ele>
   </trkpt>
   <trkpt lat="-8.0893640" lon="112.9164660">
    <ele>2696.0</ele>
   </trkpt>
   <trkpt lat="-8.0894250" lon="112.9164650">
    <ele>2697.0</ele>
   </trkpt>
   <trkpt lat="-8.0894390" lon="112.9164600">
    <ele>2697.2</ele>
   </trkpt>
   <trkpt lat="-8.0894720" lon="112.9164570">
    <ele>2698.2</ele>
   </trkpt>
   <trkpt lat="-8.0894880" lon="112.9164530">
    <ele>2698.4</ele>
   </trkpt>
   <trkpt lat="-8.0895400" lon="112.9164450">
    <ele>2699.2</ele>
   </trkpt>
   <trkpt lat="-8.0895790" lon="112.9164090">
    <ele>2699.4</ele>
   </trkpt>
   <trkpt lat="-8.0896070" lon="112.9163830">
    <ele>2699.8</ele>
   </trkpt>
   <trkpt lat="-8.0896190" lon="112.9163690">
    <ele>2700.0</ele>
   </trkpt>
   <trkpt lat="-8.0896300" lon="112.9163590">
    <ele>2700.6</ele>
   </trkpt>
   <trkpt lat="-8.0896800" lon="112.9163460">
    <ele>2701.6</ele>
   </trkpt>
   <trkpt lat="-8.0897190" lon="112.9163410">
    <ele>2702.6</ele>
   </trkpt>
   <trkpt lat="-8.0897240" lon="112.9163410">
    <ele>2702.8</ele>
   </trkpt>
   <trkpt lat="-8.0897380" lon="112.9163290">
    <ele>2703.0</ele>
   </trkpt>
   <trkpt lat="-8.0897460" lon="112.9162870">
    <ele>2702.8</ele>
   </trkpt>
   <trkpt lat="-8.0897340" lon="112.9163180">
    <ele>2704.0</ele>
   </trkpt>
   <trkpt lat="-8.0897550" lon="112.9163100">
    <ele>2704.2</ele>
   </trkpt>
   <trkpt lat="-8.0897750" lon="112.9163410">
    <ele>2705.0</ele>
   </trkpt>
   <trkpt lat="-8.0897760" lon="112.9163730">
    <ele>2705.2</ele>
   </trkpt>
   <trkpt lat="-8.0898010" lon="112.9163780">
    <ele>2705.8</ele>
   </trkpt>
   <trkpt lat="-8.0898180" lon="112.9163660">
    <ele>2706.2</ele>
   </trkpt>
   <trkpt lat="-8.0898730" lon="112.9163560">
    <ele>2706.8</ele>
   </trkpt>
   <trkpt lat="-8.0899280" lon="112.9163360">
    <ele>2707.6</ele>
   </trkpt>
   <trkpt lat="-8.0899660" lon="112.9163220">
    <ele>2708.0</ele>
   </trkpt>
   <trkpt lat="-8.0899810" lon="112.9163160">
    <ele>2708.8</ele>
   </trkpt>
   <trkpt lat="-8.0899970" lon="112.9162950">
    <ele>2708.8</ele>
   </trkpt>
   <trkpt lat="-8.0900050" lon="112.9162900">
    <ele>2709.0</ele>
   </trkpt>
   <trkpt lat="-8.0900130" lon="112.9162820">
    <ele>2710.0</ele>
   </trkpt>
   <trkpt lat="-8.0900160" lon="112.9162420">
    <ele>2710.8</ele>
   </trkpt>
   <trkpt lat="-8.0900170" lon="112.9162230">
    <ele>2711.2</ele>
   </trkpt>
   <trkpt lat="-8.0900540" lon="112.9161860">
    <ele>2712.0</ele>
   </trkpt>
   <trkpt lat="-8.0900590" lon="112.9161800">
    <ele>2712.4</ele>
   </trkpt>
   <trkpt lat="-8.0900770" lon="112.9161340">
    <ele>2713.6</ele>
   </trkpt>
   <trkpt lat="-8.0900780" lon="112.9161210">
    <ele>2714.0</ele>
   </trkpt>
   <trkpt lat="-8.0900950" lon="112.9160950">
    <ele>2714.6</ele>
   </trkpt>
   <trkpt lat="-8.0901040" lon="112.9161000">
    <ele>2714.8</ele>
   </trkpt>
   <trkpt lat="-8.0901320" lon="112.9160900">
    <ele>2715.4</ele>
   </trkpt>
   <trkpt lat="-8.0901410" lon="112.9160830">
    <ele>2715.6</ele>
   </trkpt>
   <trkpt lat="-8.0901530" lon="112.9160800">
    <ele>2716.0</ele>
   </trkpt>
   <trkpt lat="-8.0901870" lon="112.9160680">
    <ele>2716.8</ele>
   </trkpt>
   <trkpt lat="-8.0902140" lon="112.9160500">
    <ele>2717.4</ele>
   </trkpt>
   <trkpt lat="-8.0902270" lon="112.9160550">
    <ele>2718.0</ele>
   </trkpt>
   <trkpt lat="-8.0902440" lon="112.9160450">
    <ele>2719.0</ele>
   </trkpt>
   <trkpt lat="-8.0902480" lon="112.9160480">
    <ele>2719.2</ele>
   </trkpt>
   <trkpt lat="-8.0902600" lon="112.9160350">
    <ele>2719.6</ele>
   </trkpt>
   <trkpt lat="-8.0902950" lon="112.9160330">
    <ele>2719.8</ele>
   </trkpt>
   <trkpt lat="-8.0903270" lon="112.9160170">
    <ele>2720.2</ele>
   </trkpt>
   <trkpt lat="-8.0903470" lon="112.9159960">
    <ele>2721.2</ele>
   </trkpt>
   <trkpt lat="-8.0903520" lon="112.9159800">
    <ele>2721.6</ele>
   </trkpt>
   <trkpt lat="-8.0903960" lon="112.9159090">
    <ele>2722.6</ele>
   </trkpt>
   <trkpt lat="-8.0904140" lon="112.9158880">
    <ele>2722.8</ele>
   </trkpt>
   <trkpt lat="-8.0904310" lon="112.9158800">
    <ele>2723.8</ele>
   </trkpt>
   <trkpt lat="-8.0904380" lon="112.9158840">
    <ele>2724.2</ele>
   </trkpt>
   <trkpt lat="-8.0904520" lon="112.9158960">
    <ele>2724.8</ele>
   </trkpt>
   <trkpt lat="-8.0904790" lon="112.9158950">
    <ele>2724.8</ele>
   </trkpt>
   <trkpt lat="-8.0905010" lon="112.9158960">
    <ele>2726.0</ele>
   </trkpt>
   <trkpt lat="-8.0905110" lon="112.9158960">
    <ele>2726.4</ele>
   </trkpt>
   <trkpt lat="-8.0905270" lon="112.9158940">
    <ele>2727.0</ele>
   </trkpt>
   <trkpt lat="-8.0905480" lon="112.9158880">
    <ele>2727.4</ele>
   </trkpt>
   <trkpt lat="-8.0905880" lon="112.9158600">
    <ele>2728.0</ele>
   </trkpt>
   <trkpt lat="-8.0906000" lon="112.9158440">
    <ele>2728.2</ele>
   </trkpt>
   <trkpt lat="-8.0906590" lon="112.9158850">
    <ele>2728.8</ele>
   </trkpt>
   <trkpt lat="-8.0906650" lon="112.9159040">
    <ele>2729.4</ele>
   </trkpt>
   <trkpt lat="-8.0906720" lon="112.9159180">
    <ele>2729.6</ele>
   </trkpt>
   <trkpt lat="-8.0906900" lon="112.9158820">
    <ele>2729.6</ele>
   </trkpt>
   <trkpt lat="-8.0907110" lon="112.9158740">
    <ele>2729.2</ele>
   </trkpt>
   <trkpt lat="-8.0907460" lon="112.9158850">
    <ele>2730.8</ele>
   </trkpt>
   <trkpt lat="-8.0907560" lon="112.9159150">
    <ele>2731.4</ele>
   </trkpt>
   <trkpt lat="-8.0907670" lon="112.9159160">
    <ele>2731.8</ele>
   </trkpt>
   <trkpt lat="-8.0908070" lon="112.9159160">
    <ele>2732.4</ele>
   </trkpt>
   <trkpt lat="-8.0908360" lon="112.9159340">
    <ele>2733.4</ele>
   </trkpt>
   <trkpt lat="-8.0908460" lon="112.9159400">
    <ele>2733.8</ele>
   </trkpt>
   <trkpt lat="-8.0908910" lon="112.9159200">
    <ele>2734.4</ele>
   </trkpt>
   <trkpt lat="-8.0909010" lon="112.9159280">
    <ele>2734.6</ele>
   </trkpt>
   <trkpt lat="-8.0909310" lon="112.9159590">
    <ele>2735.4</ele>
   </trkpt>
   <trkpt lat="-8.0909470" lon="112.9159790">
    <ele>2735.8</ele>
   </trkpt>
   <trkpt lat="-8.0909770" lon="112.9160050">
    <ele>2736.8</ele>
   </trkpt>
   <trkpt lat="-8.0909870" lon="112.9160090">
    <ele>2737.4</ele>
   </trkpt>
   <trkpt lat="-8.0909980" lon="112.9160050">
    <ele>2738.2</ele>
   </trkpt>
   <trkpt lat="-8.0910050" lon="112.9160070">
    <ele>2738.6</ele>
   </trkpt>
   <trkpt lat="-8.0910230" lon="112.9160160">
    <ele>2738.8</ele>
   </trkpt>
   <trkpt lat="-8.0910420" lon="112.9160410">
    <ele>2739.2</ele>
   </trkpt>
   <trkpt lat="-8.0910610" lon="112.9160590">
    <ele>2739.8</ele>
   </trkpt>
   <trkpt lat="-8.0910690" lon="112.9160670">
    <ele>2740.4</ele>
   </trkpt>
   <trkpt lat="-8.0910780" lon="112.9160880">
    <ele>2740.8</ele>
   </trkpt>
   <trkpt lat="-8.0910930" lon="112.9161090">
    <ele>2741.4</ele>
   </trkpt>
   <trkpt lat="-8.0911010" lon="112.9161200">
    <ele>2741.6</ele>
   </trkpt>
   <trkpt lat="-8.0911350" lon="112.9161620">
    <ele>2742.6</ele>
   </trkpt>
   <trkpt lat="-8.0911640" lon="112.9161760">
    <ele>2743.0</ele>
   </trkpt>
   <trkpt lat="-8.0911960" lon="112.9161750">
    <ele>2743.2</ele>
   </trkpt>
   <trkpt lat="-8.0912500" lon="112.9161730">
    <ele>2743.4</ele>
   </trkpt>
   <trkpt lat="-8.0912770" lon="112.9161720">
    <ele>2743.6</ele>
   </trkpt>
   <trkpt lat="-8.0912910" lon="112.9161690">
    <ele>2743.8</ele>
   </trkpt>
   <trkpt lat="-8.0913090" lon="112.9161650">
    <ele>2744.6</ele>
   </trkpt>
   <trkpt lat="-8.0913110" lon="112.9161660">
    <ele>2744.8</ele>
   </trkpt>
   <trkpt lat="-8.0913250" lon="112.9161650">
    <ele>2745.0</ele>
   </trkpt>
   <trkpt lat="-8.0913370" lon="112.9161810">
    <ele>2745.4</ele>
   </trkpt>
   <trkpt lat="-8.0913400" lon="112.9162050">
    <ele>2746.0</ele>
   </trkpt>
   <trkpt lat="-8.0913630" lon="112.9162430">
    <ele>2747.2</ele>
   </trkpt>
   <trkpt lat="-8.0913830" lon="112.9162610">
    <ele>2747.8</ele>
   </trkpt>
   <trkpt lat="-8.0914130" lon="112.9162930">
    <ele>2748.4</ele>
   </trkpt>
   <trkpt lat="-8.0914390" lon="112.9162820">
    <ele>2749.0</ele>
   </trkpt>
   <trkpt lat="-8.0914590" lon="112.9162690">
    <ele>2749.2</ele>
   </trkpt>
   <trkpt lat="-8.0915050" lon="112.9162560">
    <ele>2749.6</ele>
   </trkpt>
   <trkpt lat="-8.0915360" lon="112.9162680">
    <ele>2749.8</ele>
   </trkpt>
   <trkpt lat="-8.0915790" lon="112.9162530">
    <ele>2750.8</ele>
   </trkpt>
   <trkpt lat="-8.0916040" lon="112.9162830">
    <ele>2751.8</ele>
   </trkpt>
   <trkpt lat="-8.0916220" lon="112.9163030">
    <ele>2752.0</ele>
   </trkpt>
   <trkpt lat="-8.0916380" lon="112.9163100">
    <ele>2752.6</ele>
   </trkpt>
   <trkpt lat="-8.0916600" lon="112.9162940">
    <ele>2753.0</ele>
   </trkpt>
   <trkpt lat="-8.0916730" lon="112.9162900">
    <ele>2753.6</ele>
   </trkpt>
   <trkpt lat="-8.0917090" lon="112.9162910">
    <ele>2754.2</ele>
   </trkpt>
   <trkpt lat="-8.0917220" lon="112.9162920">
    <ele>2754.4</ele>
   </trkpt>
   <trkpt lat="-8.0917400" lon="112.9162930">
    <ele>2754.6</ele>
   </trkpt>
   <trkpt lat="-8.0917710" lon="112.9163070">
    <ele>2755.0</ele>
   </trkpt>
   <trkpt lat="-8.0917790" lon="112.9163040">
    <ele>2755.4</ele>
   </trkpt>
   <trkpt lat="-8.0917980" lon="112.9163050">
    <ele>2755.6</ele>
   </trkpt>
   <trkpt lat="-8.0918140" lon="112.9163070">
    <ele>2755.8</ele>
   </trkpt>
   <trkpt lat="-8.0918390" lon="112.9163070">
    <ele>2756.4</ele>
   </trkpt>
   <trkpt lat="-8.0918590" lon="112.9163070">
    <ele>2756.8</ele>
   </trkpt>
   <trkpt lat="-8.0918880" lon="112.9162910">
    <ele>2757.4</ele>
   </trkpt>
   <trkpt lat="-8.0919030" lon="112.9163010">
    <ele>2758.2</ele>
   </trkpt>
   <trkpt lat="-8.0919130" lon="112.9163160">
    <ele>2758.6</ele>
   </trkpt>
   <trkpt lat="-8.0919510" lon="112.9163030">
    <ele>2759.4</ele>
   </trkpt>
   <trkpt lat="-8.0919660" lon="112.9162920">
    <ele>2759.6</ele>
   </trkpt>
   <trkpt lat="-8.0919770" lon="112.9162850">
    <ele>2759.8</ele>
   </trkpt>
   <trkpt lat="-8.0919950" lon="112.9162990">
    <ele>2760.4</ele>
   </trkpt>
   <trkpt lat="-8.0920130" lon="112.9163320">
    <ele>2761.2</ele>
   </trkpt>
   <trkpt lat="-8.0920220" lon="112.9163350">
    <ele>2761.4</ele>
   </trkpt>
   <trkpt lat="-8.0920300" lon="112.9163520">
    <ele>2761.8</ele>
   </trkpt>
   <trkpt lat="-8.0920510" lon="112.9163810">
    <ele>2762.2</ele>
   </trkpt>
   <trkpt lat="-8.0920550" lon="112.9164200">
    <ele>2763.2</ele>
   </trkpt>
   <trkpt lat="-8.0920560" lon="112.9164270">
    <ele>2763.6</ele>
   </trkpt>
   <trkpt lat="-8.0920620" lon="112.9164320">
    <ele>2763.8</ele>
   </trkpt>
   <trkpt lat="-8.0920770" lon="112.9164490">
    <ele>2764.0</ele>
   </trkpt>
   <trkpt lat="-8.0921060" lon="112.9164710">
    <ele>2764.4</ele>
   </trkpt>
   <trkpt lat="-8.0921060" lon="112.9164770">
    <ele>2764.8</ele>
   </trkpt>
   <trkpt lat="-8.0921140" lon="112.9165070">
    <ele>2766.0</ele>
   </trkpt>
   <trkpt lat="-8.0921170" lon="112.9165150">
    <ele>2766.2</ele>
   </trkpt>
   <trkpt lat="-8.0921320" lon="112.9165330">
    <ele>2766.4</ele>
   </trkpt>
   <trkpt lat="-8.0921430" lon="112.9165440">
    <ele>2767.2</ele>
   </trkpt>
   <trkpt lat="-8.0921530" lon="112.9165590">
    <ele>2767.6</ele>
   </trkpt>
   <trkpt lat="-8.0921750" lon="112.9166020">
    <ele>2768.2</ele>
   </trkpt>
   <trkpt lat="-8.0921870" lon="112.9166070">
    <ele>2768.6</ele>
   </trkpt>
   <trkpt lat="-8.0922090" lon="112.9166320">
    <ele>2769.4</ele>
   </trkpt>
   <trkpt lat="-8.0922470" lon="112.9166820">
    <ele>2769.8</ele>
   </trkpt>
   <trkpt lat="-8.0922890" lon="112.9167050">
    <ele>2771.0</ele>
   </trkpt>
   <trkpt lat="-8.0923100" lon="112.9167050">
    <ele>2772.2</ele>
   </trkpt>
   <trkpt lat="-8.0923200" lon="112.9167040">
    <ele>2773.0</ele>
   </trkpt>
   <trkpt lat="-8.0923220" lon="112.9167160">
    <ele>2773.4</ele>
   </trkpt>
   <trkpt lat="-8.0923320" lon="112.9167420">
    <ele>2774.4</ele>
   </trkpt>
   <trkpt lat="-8.0923330" lon="112.9167500">
    <ele>2774.6</ele>
   </trkpt>
   <trkpt lat="-8.0923500" lon="112.9167910">
    <ele>2775.8</ele>
   </trkpt>
   <trkpt lat="-8.0923430" lon="112.9168000">
    <ele>2776.0</ele>
   </trkpt>
   <trkpt lat="-8.0923420" lon="112.9168310">
    <ele>2776.8</ele>
   </trkpt>
   <trkpt lat="-8.0923490" lon="112.9168300">
    <ele>2777.0</ele>
   </trkpt>
   <trkpt lat="-8.0923620" lon="112.9168150">
    <ele>2777.2</ele>
   </trkpt>
   <trkpt lat="-8.0923800" lon="112.9168250">
    <ele>2777.6</ele>
   </trkpt>
   <trkpt lat="-8.0923850" lon="112.9168330">
    <ele>2778.2</ele>
   </trkpt>
   <trkpt lat="-8.0923930" lon="112.9168480">
    <ele>2779.2</ele>
   </trkpt>
   <trkpt lat="-8.0923960" lon="112.9168500">
    <ele>2779.4</ele>
   </trkpt>
   <trkpt lat="-8.0924200" lon="112.9168720">
    <ele>2780.0</ele>
   </trkpt>
   <trkpt lat="-8.0924230" lon="112.9168920">
    <ele>2780.2</ele>
   </trkpt>
   <trkpt lat="-8.0924350" lon="112.9168940">
    <ele>2780.4</ele>
   </trkpt>
   <trkpt lat="-8.0924660" lon="112.9168910">
    <ele>2781.0</ele>
   </trkpt>
   <trkpt lat="-8.0924820" lon="112.9169020">
    <ele>2781.4</ele>
   </trkpt>
   <trkpt lat="-8.0925230" lon="112.9169210">
    <ele>2782.2</ele>
   </trkpt>
   <trkpt lat="-8.0925370" lon="112.9169220">
    <ele>2782.6</ele>
   </trkpt>
   <trkpt lat="-8.0925590" lon="112.9169260">
    <ele>2783.0</ele>
   </trkpt>
   <trkpt lat="-8.0926000" lon="112.9169670">
    <ele>2783.0</ele>
   </trkpt>
   <trkpt lat="-8.0926380" lon="112.9169770">
    <ele>2783.8</ele>
   </trkpt>
   <trkpt lat="-8.0926680" lon="112.9169960">
    <ele>2785.0</ele>
   </trkpt>
   <trkpt lat="-8.0926770" lon="112.9170130">
    <ele>2786.0</ele>
   </trkpt>
   <trkpt lat="-8.0927010" lon="112.9170570">
    <ele>2786.8</ele>
   </trkpt>
   <trkpt lat="-8.0927100" lon="112.9170780">
    <ele>2787.2</ele>
   </trkpt>
   <trkpt lat="-8.0927220" lon="112.9170860">
    <ele>2788.2</ele>
   </trkpt>
   <trkpt lat="-8.0927390" lon="112.9170910">
    <ele>2788.8</ele>
   </trkpt>
   <trkpt lat="-8.0927470" lon="112.9171050">
    <ele>2789.0</ele>
   </trkpt>
   <trkpt lat="-8.0927660" lon="112.9171020">
    <ele>2789.4</ele>
   </trkpt>
   <trkpt lat="-8.0928000" lon="112.9171110">
    <ele>2790.2</ele>
   </trkpt>
   <trkpt lat="-8.0928160" lon="112.9171240">
    <ele>2790.6</ele>
   </trkpt>
   <trkpt lat="-8.0928540" lon="112.9171540">
    <ele>2791.2</ele>
   </trkpt>
   <trkpt lat="-8.0928640" lon="112.9171520">
    <ele>2791.6</ele>
   </trkpt>
   <trkpt lat="-8.0928930" lon="112.9171650">
    <ele>2791.8</ele>
   </trkpt>
   <trkpt lat="-8.0929080" lon="112.9171710">
    <ele>2792.2</ele>
   </trkpt>
   <trkpt lat="-8.0929300" lon="112.9171610">
    <ele>2792.8</ele>
   </trkpt>
   <trkpt lat="-8.0929490" lon="112.9171560">
    <ele>2793.2</ele>
   </trkpt>
   <trkpt lat="-8.0929700" lon="112.9171670">
    <ele>2794.0</ele>
   </trkpt>
   <trkpt lat="-8.0930170" lon="112.9171980">
    <ele>2795.2</ele>
   </trkpt>
   <trkpt lat="-8.0930300" lon="112.9172010">
    <ele>2795.6</ele>
   </trkpt>
   <trkpt lat="-8.0930470" lon="112.9172100">
    <ele>2796.4</ele>
   </trkpt>
   <trkpt lat="-8.0930730" lon="112.9172200">
    <ele>2797.0</ele>
   </trkpt>
   <trkpt lat="-8.0931030" lon="112.9172320">
    <ele>2797.6</ele>
   </trkpt>
   <trkpt lat="-8.0931110" lon="112.9172340">
    <ele>2797.8</ele>
   </trkpt>
   <trkpt lat="-8.0931640" lon="112.9172340">
    <ele>2798.6</ele>
   </trkpt>
   <trkpt lat="-8.0931890" lon="112.9172350">
    <ele>2799.2</ele>
   </trkpt>
   <trkpt lat="-8.0932120" lon="112.9172310">
    <ele>2799.8</ele>
   </trkpt>
   <trkpt lat="-8.0932560" lon="112.9172330">
    <ele>2801.0</ele>
   </trkpt>
   <trkpt lat="-8.0932660" lon="112.9172380">
    <ele>2801.2</ele>
   </trkpt>
   <trkpt lat="-8.0932890" lon="112.9172550">
    <ele>2802.0</ele>
   </trkpt>
   <trkpt lat="-8.0933200" lon="112.9172400">
    <ele>2803.0</ele>
   </trkpt>
   <trkpt lat="-8.0933590" lon="112.9172510">
    <ele>2804.0</ele>
   </trkpt>
   <trkpt lat="-8.0933670" lon="112.9172450">
    <ele>2804.2</ele>
   </trkpt>
   <trkpt lat="-8.0934100" lon="112.9172700">
    <ele>2805.2</ele>
   </trkpt>
   <trkpt lat="-8.0934280" lon="112.9172590">
    <ele>2805.2</ele>
   </trkpt>
   <trkpt lat="-8.0934310" lon="112.9172610">
    <ele>2805.2</ele>
   </trkpt>
   <trkpt lat="-8.0934050" lon="112.9172800">
    <ele>2806.2</ele>
   </trkpt>
   <trkpt lat="-8.0934040" lon="112.9172770">
    <ele>2806.4</ele>
   </trkpt>
   <trkpt lat="-8.0934010" lon="112.9173200">
    <ele>2807.6</ele>
   </trkpt>
   <trkpt lat="-8.0934060" lon="112.9173250">
    <ele>2807.8</ele>
   </trkpt>
   <trkpt lat="-8.0934240" lon="112.9173370">
    <ele>2808.6</ele>
   </trkpt>
   <trkpt lat="-8.0934410" lon="112.9173540">
    <ele>2809.0</ele>
   </trkpt>
   <trkpt lat="-8.0934600" lon="112.9173490">
    <ele>2809.4</ele>
   </trkpt>
   <trkpt lat="-8.0934630" lon="112.9173550">
    <ele>2809.8</ele>
   </trkpt>
   <trkpt lat="-8.0934830" lon="112.9173630">
    <ele>2811.0</ele>
   </trkpt>
   <trkpt lat="-8.0935010" lon="112.9173880">
    <ele>2811.4</ele>
   </trkpt>
   <trkpt lat="-8.0935140" lon="112.9173940">
    <ele>2812.2</ele>
   </trkpt>
   <trkpt lat="-8.0935220" lon="112.9174160">
    <ele>2812.8</ele>
   </trkpt>
   <trkpt lat="-8.0935320" lon="112.9174100">
    <ele>2812.8</ele>
   </trkpt>
   <trkpt lat="-8.0935420" lon="112.9174110">
    <ele>2813.2</ele>
   </trkpt>
   <trkpt lat="-8.0935520" lon="112.9174280">
    <ele>2814.2</ele>
   </trkpt>
   <trkpt lat="-8.0935910" lon="112.9174430">
    <ele>2814.6</ele>
   </trkpt>
   <trkpt lat="-8.0935940" lon="112.9174550">
    <ele>2814.6</ele>
   </trkpt>
   <trkpt lat="-8.0936230" lon="112.9174550">
    <ele>2814.6</ele>
   </trkpt>
   <trkpt lat="-8.0936250" lon="112.9174510">
    <ele>2814.4</ele>
   </trkpt>
   <trkpt lat="-8.0936390" lon="112.9174450">
    <ele>2815.4</ele>
   </trkpt>
   <trkpt lat="-8.0936600" lon="112.9174470">
    <ele>2816.4</ele>
   </trkpt>
   <trkpt lat="-8.0936960" lon="112.9174550">
    <ele>2817.6</ele>
   </trkpt>
   <trkpt lat="-8.0936990" lon="112.9174570">
    <ele>2818.0</ele>
   </trkpt>
   <trkpt lat="-8.0937090" lon="112.9174820">
    <ele>2818.8</ele>
   </trkpt>
   <trkpt lat="-8.0937130" lon="112.9174600">
    <ele>2819.0</ele>
   </trkpt>
   <trkpt lat="-8.0937190" lon="112.9174610">
    <ele>2819.8</ele>
   </trkpt>
   <trkpt lat="-8.0937420" lon="112.9174930">
    <ele>2820.8</ele>
   </trkpt>
   <trkpt lat="-8.0937450" lon="112.9174940">
    <ele>2820.8</ele>
   </trkpt>
   <trkpt lat="-8.0937770" lon="112.9175210">
    <ele>2821.8</ele>
   </trkpt>
   <trkpt lat="-8.0937800" lon="112.9175260">
    <ele>2822.0</ele>
   </trkpt>
   <trkpt lat="-8.0939140" lon="112.9177110">
    <ele>2832.4</ele>
   </trkpt>
   <trkpt lat="-8.0939200" lon="112.9177290">
    <ele>2833.8</ele>
   </trkpt>
   <trkpt lat="-8.0939140" lon="112.9177500">
    <ele>2834.8</ele>
   </trkpt>
   <trkpt lat="-8.0939170" lon="112.9177720">
    <ele>2835.4</ele>
   </trkpt>
   <trkpt lat="-8.0939210" lon="112.9177990">
    <ele>2836.0</ele>
   </trkpt>
   <trkpt lat="-8.0939290" lon="112.9178150">
    <ele>2836.6</ele>
   </trkpt>
   <trkpt lat="-8.0939340" lon="112.9178180">
    <ele>2837.0</ele>
   </trkpt>
   <trkpt lat="-8.0939520" lon="112.9178340">
    <ele>2837.6</ele>
   </trkpt>
   <trkpt lat="-8.0939690" lon="112.9178500">
    <ele>2838.0</ele>
   </trkpt>
   <trkpt lat="-8.0939720" lon="112.9178560">
    <ele>2838.2</ele>
   </trkpt>
   <trkpt lat="-8.0939760" lon="112.9178570">
    <ele>2838.4</ele>
   </trkpt>
   <trkpt lat="-8.0939850" lon="112.9178650">
    <ele>2839.0</ele>
   </trkpt>
   <trkpt lat="-8.0939880" lon="112.9178660">
    <ele>2839.2</ele>
   </trkpt>
   <trkpt lat="-8.0939930" lon="112.9178720">
    <ele>2839.4</ele>
   </trkpt>
   <trkpt lat="-8.0940070" lon="112.9178760">
    <ele>2840.0</ele>
   </trkpt>
   <trkpt lat="-8.0940130" lon="112.9178800">
    <ele>2840.4</ele>
   </trkpt>
   <trkpt lat="-8.0940180" lon="112.9178910">
    <ele>2841.6</ele>
   </trkpt>
   <trkpt lat="-8.0940170" lon="112.9178990">
    <ele>2841.8</ele>
   </trkpt>
   <trkpt lat="-8.0940180" lon="112.9179120">
    <ele>2842.6</ele>
   </trkpt>
   <trkpt lat="-8.0940230" lon="112.9179200">
    <ele>2843.4</ele>
   </trkpt>
   <trkpt lat="-8.0940300" lon="112.9179270">
    <ele>2843.6</ele>
   </trkpt>
   <trkpt lat="-8.0940460" lon="112.9179250">
    <ele>2844.0</ele>
   </trkpt>
   <trkpt lat="-8.0940630" lon="112.9179220">
    <ele>2844.6</ele>
   </trkpt>
   <trkpt lat="-8.0940790" lon="112.9179450">
    <ele>2845.8</ele>
   </trkpt>
   <trkpt lat="-8.0940890" lon="112.9179750">
    <ele>2846.2</ele>
   </trkpt>
   <trkpt lat="-8.0940930" lon="112.9179910">
    <ele>2846.8</ele>
   </trkpt>
   <trkpt lat="-8.0940930" lon="112.9179970">
    <ele>2847.0</ele>
   </trkpt>
   <trkpt lat="-8.0940900" lon="112.9179990">
    <ele>2847.2</ele>
   </trkpt>
   <trkpt lat="-8.0940880" lon="112.9180180">
    <ele>2848.0</ele>
   </trkpt>
   <trkpt lat="-8.0940840" lon="112.9180210">
    <ele>2848.4</ele>
   </trkpt>
   <trkpt lat="-8.0940810" lon="112.9180230">
    <ele>2848.4</ele>
   </trkpt>
   <trkpt lat="-8.0940830" lon="112.9180050">
    <ele>2849.0</ele>
   </trkpt>
   <trkpt lat="-8.0940910" lon="112.9180200">
    <ele>2849.8</ele>
   </trkpt>
   <trkpt lat="-8.0940960" lon="112.9180280">
    <ele>2850.0</ele>
   </trkpt>
   <trkpt lat="-8.0940970" lon="112.9180370">
    <ele>2850.4</ele>
   </trkpt>
   <trkpt lat="-8.0940880" lon="112.9180380">
    <ele>2851.4</ele>
   </trkpt>
   <trkpt lat="-8.0940650" lon="112.9180550">
    <ele>2852.4</ele>
   </trkpt>
   <trkpt lat="-8.0940620" lon="112.9180630">
    <ele>2852.8</ele>
   </trkpt>
   <trkpt lat="-8.0940580" lon="112.9180620">
    <ele>2853.6</ele>
   </trkpt>
   <trkpt lat="-8.0940580" lon="112.9180630">
    <ele>2853.8</ele>
   </trkpt>
   <trkpt lat="-8.0940570" lon="112.9180710">
    <ele>2854.8</ele>
   </trkpt>
   <trkpt lat="-8.0940510" lon="112.9180770">
    <ele>2855.4</ele>
   </trkpt>
   <trkpt lat="-8.0940520" lon="112.9180920">
    <ele>2855.6</ele>
   </trkpt>
   <trkpt lat="-8.0940590" lon="112.9181050">
    <ele>2855.8</ele>
   </trkpt>
   <trkpt lat="-8.0940670" lon="112.9181000">
    <ele>2856.8</ele>
   </trkpt>
   <trkpt lat="-8.0940690" lon="112.9180960">
    <ele>2857.2</ele>
   </trkpt>
   <trkpt lat="-8.0940790" lon="112.9181040">
    <ele>2858.0</ele>
   </trkpt>
   <trkpt lat="-8.0940830" lon="112.9181110">
    <ele>2858.0</ele>
   </trkpt>
   <trkpt lat="-8.0941080" lon="112.9181220">
    <ele>2858.6</ele>
   </trkpt>
   <trkpt lat="-8.0941180" lon="112.9181180">
    <ele>2858.8</ele>
   </trkpt>
   <trkpt lat="-8.0941240" lon="112.9181090">
    <ele>2859.0</ele>
   </trkpt>
   <trkpt lat="-8.0941360" lon="112.9181120">
    <ele>2859.6</ele>
   </trkpt>
   <trkpt lat="-8.0941420" lon="112.9181190">
    <ele>2860.0</ele>
   </trkpt>
   <trkpt lat="-8.0941370" lon="112.9181380">
    <ele>2860.6</ele>
   </trkpt>
   <trkpt lat="-8.0941350" lon="112.9181410">
    <ele>2861.2</ele>
   </trkpt>
   <trkpt lat="-8.0941020" lon="112.9181590">
    <ele>2862.0</ele>
   </trkpt>
   <trkpt lat="-8.0940890" lon="112.9181730">
    <ele>2862.2</ele>
   </trkpt>
   <trkpt lat="-8.0940950" lon="112.9181850">
    <ele>2862.6</ele>
   </trkpt>
   <trkpt lat="-8.0941220" lon="112.9181970">
    <ele>2863.2</ele>
   </trkpt>
   <trkpt lat="-8.0941240" lon="112.9181990">
    <ele>2863.4</ele>
   </trkpt>
   <trkpt lat="-8.0941300" lon="112.9181850">
    <ele>2864.2</ele>
   </trkpt>
   <trkpt lat="-8.0941330" lon="112.9181820">
    <ele>2864.2</ele>
   </trkpt>
   <trkpt lat="-8.0941400" lon="112.9181880">
    <ele>2863.8</ele>
   </trkpt>
   <trkpt lat="-8.0941480" lon="112.9181790">
    <ele>2863.8</ele>
   </trkpt>
   <trkpt lat="-8.0941610" lon="112.9181660">
    <ele>2863.8</ele>
   </trkpt>
   <trkpt lat="-8.0941740" lon="112.9181550">
    <ele>2863.2</ele>
   </trkpt>
   <trkpt lat="-8.0941860" lon="112.9181510">
    <ele>2863.2</ele>
   </trkpt>
   <trkpt lat="-8.0941920" lon="112.9181520">
    <ele>2863.2</ele>
   </trkpt>
   <trkpt lat="-8.0941960" lon="112.9181650">
    <ele>2863.6</ele>
   </trkpt>
   <trkpt lat="-8.0941950" lon="112.9181850">
    <ele>2864.2</ele>
   </trkpt>
   <trkpt lat="-8.0941840" lon="112.9181930">
    <ele>2865.2</ele>
   </trkpt>
   <trkpt lat="-8.0941790" lon="112.9182030">
    <ele>2865.4</ele>
   </trkpt>
   <trkpt lat="-8.0941700" lon="112.9182110">
    <ele>2866.0</ele>
   </trkpt>
   <trkpt lat="-8.0941570" lon="112.9182300">
    <ele>2866.2</ele>
   </trkpt>
   <trkpt lat="-8.0941460" lon="112.9182290">
    <ele>2866.6</ele>
   </trkpt>
   <trkpt lat="-8.0941440" lon="112.9182290">
    <ele>2867.0</ele>
   </trkpt>
   <trkpt lat="-8.0941400" lon="112.9182270">
    <ele>2867.6</ele>
   </trkpt>
   <trkpt lat="-8.0941420" lon="112.9182320">
    <ele>2867.8</ele>
   </trkpt>
   <trkpt lat="-8.0941480" lon="112.9182610">
    <ele>2868.2</ele>
   </trkpt>
   <trkpt lat="-8.0941440" lon="112.9182600">
    <ele>2868.4</ele>
   </trkpt>
   <trkpt lat="-8.0941560" lon="112.9182690">
    <ele>2868.4</ele>
   </trkpt>
   <trkpt lat="-8.0941530" lon="112.9182660">
    <ele>2868.8</ele>
   </trkpt>
   <trkpt lat="-8.0941530" lon="112.9182560">
    <ele>2869.6</ele>
   </trkpt>
   <trkpt lat="-8.0941500" lon="112.9182540">
    <ele>2870.2</ele>
   </trkpt>
   <trkpt lat="-8.0941460" lon="112.9182520">
    <ele>2871.2</ele>
   </trkpt>
   <trkpt lat="-8.0941430" lon="112.9182530">
    <ele>2871.6</ele>
   </trkpt>
   <trkpt lat="-8.0941460" lon="112.9182660">
    <ele>2872.0</ele>
   </trkpt>
   <trkpt lat="-8.0941530" lon="112.9182800">
    <ele>2872.4</ele>
   </trkpt>
   <trkpt lat="-8.0941620" lon="112.9182930">
    <ele>2873.0</ele>
   </trkpt>
   <trkpt lat="-8.0941580" lon="112.9182980">
    <ele>2873.6</ele>
   </trkpt>
   <trkpt lat="-8.0941580" lon="112.9183130">
    <ele>2874.6</ele>
   </trkpt>
   <trkpt lat="-8.0941580" lon="112.9183180">
    <ele>2874.8</ele>
   </trkpt>
   <trkpt lat="-8.0941850" lon="112.9183610">
    <ele>2875.4</ele>
   </trkpt>
   <trkpt lat="-8.0941850" lon="112.9183610">
    <ele>2875.8</ele>
   </trkpt>
   <trkpt lat="-8.0941880" lon="112.9183500">
    <ele>2876.8</ele>
   </trkpt>
   <trkpt lat="-8.0941840" lon="112.9183490">
    <ele>2877.2</ele>
   </trkpt>
   <trkpt lat="-8.0941970" lon="112.9183750">
    <ele>2878.0</ele>
   </trkpt>
   <trkpt lat="-8.0942140" lon="112.9184250">
    <ele>2879.0</ele>
   </trkpt>
   <trkpt lat="-8.0942200" lon="112.9184310">
    <ele>2879.2</ele>
   </trkpt>
   <trkpt lat="-8.0942350" lon="112.9184870">
    <ele>2880.0</ele>
   </trkpt>
   <trkpt lat="-8.0942420" lon="112.9184900">
    <ele>2880.4</ele>
   </trkpt>
   <trkpt lat="-8.0942580" lon="112.9184950">
    <ele>2880.8</ele>
   </trkpt>
   <trkpt lat="-8.0942770" lon="112.9184540">
    <ele>2881.4</ele>
   </trkpt>
   <trkpt lat="-8.0942910" lon="112.9184470">
    <ele>2881.6</ele>
   </trkpt>
   <trkpt lat="-8.0943000" lon="112.9184460">
    <ele>2881.6</ele>
   </trkpt>
   <trkpt lat="-8.0943100" lon="112.9184310">
    <ele>2882.4</ele>
   </trkpt>
   <trkpt lat="-8.0943080" lon="112.9184380">
    <ele>2882.8</ele>
   </trkpt>
   <trkpt lat="-8.0943030" lon="112.9184440">
    <ele>2883.6</ele>
   </trkpt>
   <trkpt lat="-8.0942930" lon="112.9184240">
    <ele>2884.0</ele>
   </trkpt>
   <trkpt lat="-8.0943180" lon="112.9184620">
    <ele>2884.6</ele>
   </trkpt>
   <trkpt lat="-8.0943490" lon="112.9184710">
    <ele>2885.8</ele>
   </trkpt>
   <trkpt lat="-8.0943560" lon="112.9184540">
    <ele>2886.8</ele>
   </trkpt>
   <trkpt lat="-8.0943600" lon="112.9184580">
    <ele>2887.0</ele>
   </trkpt>
   <trkpt lat="-8.0943690" lon="112.9184830">
    <ele>2887.8</ele>
   </trkpt>
   <trkpt lat="-8.0943780" lon="112.9185060">
    <ele>2888.0</ele>
   </trkpt>
   <trkpt lat="-8.0943800" lon="112.9185100">
    <ele>2888.2</ele>
   </trkpt>
   <trkpt lat="-8.0943720" lon="112.9185100">
    <ele>2889.4</ele>
   </trkpt>
   <trkpt lat="-8.0943700" lon="112.9185170">
    <ele>2889.8</ele>
   </trkpt>
   <trkpt lat="-8.0943790" lon="112.9185540">
    <ele>2890.8</ele>
   </trkpt>
   <trkpt lat="-8.0943820" lon="112.9185550">
    <ele>2891.2</ele>
   </trkpt>
   <trkpt lat="-8.0943870" lon="112.9185450">
    <ele>2891.8</ele>
   </trkpt>
   <trkpt lat="-8.0943970" lon="112.9185450">
    <ele>2893.0</ele>
   </trkpt>
   <trkpt lat="-8.0944260" lon="112.9185530">
    <ele>2894.0</ele>
   </trkpt>
   <trkpt lat="-8.0944270" lon="112.9185590">
    <ele>2894.2</ele>
   </trkpt>
   <trkpt lat="-8.0944510" lon="112.9186040">
    <ele>2894.6</ele>
   </trkpt>
   <trkpt lat="-8.0944740" lon="112.9186190">
    <ele>2894.8</ele>
   </trkpt>
   <trkpt lat="-8.0944740" lon="112.9186510">
    <ele>2894.8</ele>
   </trkpt>
   <trkpt lat="-8.0944680" lon="112.9186480">
    <ele>2895.0</ele>
   </trkpt>
   <trkpt lat="-8.0944610" lon="112.9186410">
    <ele>2895.4</ele>
   </trkpt>
   <trkpt lat="-8.0944480" lon="112.9186410">
    <ele>2896.8</ele>
   </trkpt>
   <trkpt lat="-8.0944490" lon="112.9186420">
    <ele>2897.8</ele>
   </trkpt>
   <trkpt lat="-8.0944540" lon="112.9186420">
    <ele>2898.0</ele>
   </trkpt>
   <trkpt lat="-8.0944690" lon="112.9186660">
    <ele>2899.0</ele>
   </trkpt>
   <trkpt lat="-8.0944690" lon="112.9186760">
    <ele>2899.2</ele>
   </trkpt>
   <trkpt lat="-8.0944710" lon="112.9187210">
    <ele>2900.2</ele>
   </trkpt>
   <trkpt lat="-8.0944750" lon="112.9187280">
    <ele>2900.6</ele>
   </trkpt>
   <trkpt lat="-8.0944790" lon="112.9187220">
    <ele>2901.8</ele>
   </trkpt>
   <trkpt lat="-8.0944800" lon="112.9187300">
    <ele>2902.0</ele>
   </trkpt>
   <trkpt lat="-8.0944780" lon="112.9187300">
    <ele>2902.8</ele>
   </trkpt>
   <trkpt lat="-8.0944760" lon="112.9187410">
    <ele>2903.4</ele>
   </trkpt>
   <trkpt lat="-8.0944760" lon="112.9187540">
    <ele>2904.0</ele>
   </trkpt>
   <trkpt lat="-8.0944970" lon="112.9187790">
    <ele>2905.2</ele>
   </trkpt>
   <trkpt lat="-8.0945010" lon="112.9187880">
    <ele>2905.4</ele>
   </trkpt>
   <trkpt lat="-8.0945100" lon="112.9188310">
    <ele>2906.2</ele>
   </trkpt>
   <trkpt lat="-8.0945150" lon="112.9188710">
    <ele>2906.8</ele>
   </trkpt>
   <trkpt lat="-8.0945210" lon="112.9188920">
    <ele>2907.4</ele>
   </trkpt>
   <trkpt lat="-8.0945240" lon="112.9188950">
    <ele>2907.6</ele>
   </trkpt>
   <trkpt lat="-8.0945070" lon="112.9188520">
    <ele>2908.2</ele>
   </trkpt>
   <trkpt lat="-8.0945020" lon="112.9188410">
    <ele>2908.4</ele>
   </trkpt>
   <trkpt lat="-8.0944910" lon="112.9188750">
    <ele>2909.4</ele>
   </trkpt>
   <trkpt lat="-8.0944650" lon="112.9188800">
    <ele>2910.4</ele>
   </trkpt>
   <trkpt lat="-8.0944640" lon="112.9188840">
    <ele>2910.6</ele>
   </trkpt>
   <trkpt lat="-8.0944700" lon="112.9188930">
    <ele>2911.6</ele>
   </trkpt>
   <trkpt lat="-8.0944770" lon="112.9189220">
    <ele>2912.6</ele>
   </trkpt>
   <trkpt lat="-8.0944760" lon="112.9189250">
    <ele>2913.8</ele>
   </trkpt>
   <trkpt lat="-8.0944710" lon="112.9189650">
    <ele>2915.0</ele>
   </trkpt>
   <trkpt lat="-8.0944650" lon="112.9189790">
    <ele>2915.4</ele>
   </trkpt>
   <trkpt lat="-8.0944400" lon="112.9189940">
    <ele>2916.4</ele>
   </trkpt>
   <trkpt lat="-8.0944390" lon="112.9190260">
    <ele>2916.6</ele>
   </trkpt>
   <trkpt lat="-8.0944370" lon="112.9190490">
    <ele>2917.6</ele>
   </trkpt>
   <trkpt lat="-8.0944310" lon="112.9190500">
    <ele>2917.8</ele>
   </trkpt>
   <trkpt lat="-8.0944150" lon="112.9191010">
    <ele>2918.6</ele>
   </trkpt>
   <trkpt lat="-8.0944100" lon="112.9191100">
    <ele>2919.0</ele>
   </trkpt>
   <trkpt lat="-8.0944050" lon="112.9191160">
    <ele>2920.0</ele>
   </trkpt>
   <trkpt lat="-8.0944020" lon="112.9191200">
    <ele>2920.4</ele>
   </trkpt>
   <trkpt lat="-8.0944290" lon="112.9191650">
    <ele>2921.0</ele>
   </trkpt>
   <trkpt lat="-8.0944290" lon="112.9191790">
    <ele>2921.4</ele>
   </trkpt>
   <trkpt lat="-8.0944300" lon="112.9192000">
    <ele>2922.4</ele>
   </trkpt>
   <trkpt lat="-8.0944640" lon="112.9192380">
    <ele>2923.2</ele>
   </trkpt>
   <trkpt lat="-8.0944830" lon="112.9192430">
    <ele>2923.4</ele>
   </trkpt>
   <trkpt lat="-8.0944930" lon="112.9192390">
    <ele>2923.6</ele>
   </trkpt>
   <trkpt lat="-8.0945140" lon="112.9192290">
    <ele>2924.4</ele>
   </trkpt>
   <trkpt lat="-8.0945710" lon="112.9192450">
    <ele>2925.8</ele>
   </trkpt>
   <trkpt lat="-8.0945960" lon="112.9192580">
    <ele>2927.0</ele>
   </trkpt>
   <trkpt lat="-8.0946090" lon="112.9192550">
    <ele>2928.0</ele>
   </trkpt>
   <trkpt lat="-8.0946370" lon="112.9192080">
    <ele>2928.4</ele>
   </trkpt>
   <trkpt lat="-8.0946470" lon="112.9192010">
    <ele>2929.2</ele>
   </trkpt>
   <trkpt lat="-8.0946550" lon="112.9191950">
    <ele>2929.4</ele>
   </trkpt>
   <trkpt lat="-8.0946990" lon="112.9191660">
    <ele>2930.6</ele>
   </trkpt>
   <trkpt lat="-8.0947120" lon="112.9191640">
    <ele>2930.8</ele>
   </trkpt>
   <trkpt lat="-8.0947340" lon="112.9191450">
    <ele>2931.6</ele>
   </trkpt>
   <trkpt lat="-8.0947390" lon="112.9191380">
    <ele>2931.6</ele>
   </trkpt>
   <trkpt lat="-8.0947630" lon="112.9191190">
    <ele>2932.0</ele>
   </trkpt>
   <trkpt lat="-8.0948030" lon="112.9191340">
    <ele>2932.8</ele>
   </trkpt>
   <trkpt lat="-8.0948100" lon="112.9191520">
    <ele>2933.8</ele>
   </trkpt>
   <trkpt lat="-8.0948150" lon="112.9191600">
    <ele>2934.4</ele>
   </trkpt>
   <trkpt lat="-8.0948230" lon="112.9191440">
    <ele>2934.8</ele>
   </trkpt>
   <trkpt lat="-8.0948380" lon="112.9191400">
    <ele>2936.0</ele>
   </trkpt>
   <trkpt lat="-8.0948430" lon="112.9191360">
    <ele>2936.4</ele>
   </trkpt>
   <trkpt lat="-8.0948570" lon="112.9191340">
    <ele>2937.2</ele>
   </trkpt>
   <trkpt lat="-8.0948680" lon="112.9191340">
    <ele>2938.0</ele>
   </trkpt>
   <trkpt lat="-8.0948790" lon="112.9191310">
    <ele>2938.2</ele>
   </trkpt>
   <trkpt lat="-8.0948930" lon="112.9191520">
    <ele>2939.4</ele>
   </trkpt>
   <trkpt lat="-8.0949080" lon="112.9191570">
    <ele>2940.2</ele>
   </trkpt>
   <trkpt lat="-8.0949090" lon="112.9191620">
    <ele>2940.4</ele>
   </trkpt>
   <trkpt lat="-8.0949480" lon="112.9191450">
    <ele>2941.0</ele>
   </trkpt>
   <trkpt lat="-8.0949570" lon="112.9191490">
    <ele>2941.6</ele>
   </trkpt>
   <trkpt lat="-8.0949780" lon="112.9191670">
    <ele>2943.0</ele>
   </trkpt>
   <trkpt lat="-8.0949790" lon="112.9191960">
    <ele>2944.0</ele>
   </trkpt>
   <trkpt lat="-8.0949800" lon="112.9192070">
    <ele>2945.0</ele>
   </trkpt>
   <trkpt lat="-8.0949810" lon="112.9192090">
    <ele>2945.0</ele>
   </trkpt>
   <trkpt lat="-8.0950150" lon="112.9192040">
    <ele>2946.2</ele>
   </trkpt>
   <trkpt lat="-8.0950240" lon="112.9192030">
    <ele>2946.4</ele>
   </trkpt>
   <trkpt lat="-8.0950500" lon="112.9191950">
    <ele>2947.2</ele>
   </trkpt>
   <trkpt lat="-8.0950750" lon="112.9191940">
    <ele>2948.0</ele>
   </trkpt>
   <trkpt lat="-8.0950970" lon="112.9191860">
    <ele>2948.4</ele>
   </trkpt>
   <trkpt lat="-8.0951140" lon="112.9191990">
    <ele>2949.4</ele>
   </trkpt>
   <trkpt lat="-8.0951490" lon="112.9192140">
    <ele>2950.6</ele>
   </trkpt>
   <trkpt lat="-8.0951940" lon="112.9191730">
    <ele>2951.2</ele>
   </trkpt>
   <trkpt lat="-8.0952230" lon="112.9191610">
    <ele>2951.8</ele>
   </trkpt>
   <trkpt lat="-8.0952390" lon="112.9191530">
    <ele>2952.4</ele>
   </trkpt>
   <trkpt lat="-8.0952550" lon="112.9191550">
    <ele>2952.8</ele>
   </trkpt>
   <trkpt lat="-8.0952720" lon="112.9191460">
    <ele>2954.0</ele>
   </trkpt>
   <trkpt lat="-8.0953090" lon="112.9191230">
    <ele>2955.2</ele>
   </trkpt>
   <trkpt lat="-8.0953120" lon="112.9191240">
    <ele>2955.4</ele>
   </trkpt>
   <trkpt lat="-8.0953420" lon="112.9191280">
    <ele>2956.2</ele>
   </trkpt>
   <trkpt lat="-8.0953540" lon="112.9191500">
    <ele>2956.4</ele>
   </trkpt>
   <trkpt lat="-8.0953600" lon="112.9191520">
    <ele>2956.4</ele>
   </trkpt>
   <trkpt lat="-8.0953760" lon="112.9191630">
    <ele>2957.0</ele>
   </trkpt>
   <trkpt lat="-8.0953720" lon="112.9191820">
    <ele>2957.2</ele>
   </trkpt>
   <trkpt lat="-8.0953610" lon="112.9192000">
    <ele>2958.4</ele>
   </trkpt>
   <trkpt lat="-8.0953650" lon="112.9192040">
    <ele>2959.4</ele>
   </trkpt>
   <trkpt lat="-8.0953650" lon="112.9192050">
    <ele>2959.6</ele>
   </trkpt>
   <trkpt lat="-8.0954190" lon="112.9191940">
    <ele>2960.8</ele>
   </trkpt>
   <trkpt lat="-8.0954260" lon="112.9191960">
    <ele>2961.2</ele>
   </trkpt>
   <trkpt lat="-8.0954360" lon="112.9191940">
    <ele>2961.8</ele>
   </trkpt>
   <trkpt lat="-8.0954460" lon="112.9191920">
    <ele>2963.0</ele>
   </trkpt>
   <trkpt lat="-8.0954560" lon="112.9191910">
    <ele>2963.4</ele>
   </trkpt>
   <trkpt lat="-8.0954720" lon="112.9191880">
    <ele>2964.0</ele>
   </trkpt>
   <trkpt lat="-8.0955040" lon="112.9191770">
    <ele>2964.8</ele>
   </trkpt>
   <trkpt lat="-8.0955170" lon="112.9191890">
    <ele>2965.2</ele>
   </trkpt>
   <trkpt lat="-8.0955330" lon="112.9191760">
    <ele>2966.2</ele>
   </trkpt>
   <trkpt lat="-8.0955350" lon="112.9191740">
    <ele>2966.4</ele>
   </trkpt>
   <trkpt lat="-8.0955530" lon="112.9191640">
    <ele>2967.6</ele>
   </trkpt>
   <trkpt lat="-8.0955640" lon="112.9191680">
    <ele>2967.8</ele>
   </trkpt>
   <trkpt lat="-8.0956050" lon="112.9191940">
    <ele>2968.8</ele>
   </trkpt>
   <trkpt lat="-8.0956270" lon="112.9191930">
    <ele>2969.8</ele>
   </trkpt>
   <trkpt lat="-8.0956440" lon="112.9191760">
    <ele>2970.2</ele>
   </trkpt>
   <trkpt lat="-8.0956540" lon="112.9191710">
    <ele>2971.2</ele>
   </trkpt>
   <trkpt lat="-8.0956650" lon="112.9191700">
    <ele>2971.6</ele>
   </trkpt>
   <trkpt lat="-8.0956840" lon="112.9191680">
    <ele>2972.4</ele>
   </trkpt>
   <trkpt lat="-8.0956940" lon="112.9191330">
    <ele>2973.4</ele>
   </trkpt>
   <trkpt lat="-8.0957110" lon="112.9191360">
    <ele>2973.8</ele>
   </trkpt>
   <trkpt lat="-8.0957240" lon="112.9191490">
    <ele>2974.6</ele>
   </trkpt>
   <trkpt lat="-8.0957520" lon="112.9191440">
    <ele>2975.4</ele>
   </trkpt>
   <trkpt lat="-8.0957530" lon="112.9191600">
    <ele>2975.4</ele>
   </trkpt>
   <trkpt lat="-8.0957550" lon="112.9191660">
    <ele>2975.6</ele>
   </trkpt>
   <trkpt lat="-8.0957620" lon="112.9191660">
    <ele>2976.0</ele>
   </trkpt>
   <trkpt lat="-8.0957640" lon="112.9191610">
    <ele>2976.8</ele>
   </trkpt>
   <trkpt lat="-8.0957690" lon="112.9191590">
    <ele>2977.2</ele>
   </trkpt>
   <trkpt lat="-8.0957610" lon="112.9191610">
    <ele>2977.6</ele>
   </trkpt>
   <trkpt lat="-8.0957770" lon="112.9191900">
    <ele>2977.8</ele>
   </trkpt>
   <trkpt lat="-8.0957940" lon="112.9192140">
    <ele>2978.0</ele>
   </trkpt>
   <trkpt lat="-8.0958240" lon="112.9192260">
    <ele>2978.8</ele>
   </trkpt>
   <trkpt lat="-8.0958390" lon="112.9192340">
    <ele>2979.8</ele>
   </trkpt>
   <trkpt lat="-8.0958380" lon="112.9192370">
    <ele>2980.0</ele>
   </trkpt>
   <trkpt lat="-8.0958490" lon="112.9192460">
    <ele>2981.0</ele>
   </trkpt>
   <trkpt lat="-8.0958520" lon="112.9192660">
    <ele>2981.8</ele>
   </trkpt>
   <trkpt lat="-8.0958590" lon="112.9192880">
    <ele>2982.2</ele>
   </trkpt>
   <trkpt lat="-8.0958870" lon="112.9192770">
    <ele>2982.6</ele>
   </trkpt>
   <trkpt lat="-8.0959130" lon="112.9192640">
    <ele>2983.4</ele>
   </trkpt>
   <trkpt lat="-8.0959200" lon="112.9192700">
    <ele>2984.6</ele>
   </trkpt>
   <trkpt lat="-8.0959190" lon="112.9192820">
    <ele>2984.8</ele>
   </trkpt>
   <trkpt lat="-8.0959530" lon="112.9192890">
    <ele>2985.6</ele>
   </trkpt>
   <trkpt lat="-8.0959740" lon="112.9193040">
    <ele>2986.8</ele>
   </trkpt>
   <trkpt lat="-8.0960020" lon="112.9192960">
    <ele>2988.2</ele>
   </trkpt>
   <trkpt lat="-8.0960420" lon="112.9192710">
    <ele>2989.2</ele>
   </trkpt>
   <trkpt lat="-8.0960480" lon="112.9192690">
    <ele>2989.4</ele>
   </trkpt>
   <trkpt lat="-8.0960680" lon="112.9192720">
    <ele>2990.4</ele>
   </trkpt>
   <trkpt lat="-8.0960820" lon="112.9192870">
    <ele>2990.8</ele>
   </trkpt>
   <trkpt lat="-8.0960920" lon="112.9193080">
    <ele>2991.6</ele>
   </trkpt>
   <trkpt lat="-8.0960900" lon="112.9193270">
    <ele>2992.2</ele>
   </trkpt>
   <trkpt lat="-8.0961000" lon="112.9193290">
    <ele>2992.8</ele>
   </trkpt>
   <trkpt lat="-8.0961080" lon="112.9193250">
    <ele>2993.4</ele>
   </trkpt>
   <trkpt lat="-8.0961240" lon="112.9193370">
    <ele>2993.8</ele>
   </trkpt>
   <trkpt lat="-8.0961360" lon="112.9193340">
    <ele>2995.0</ele>
   </trkpt>
   <trkpt lat="-8.0961420" lon="112.9193290">
    <ele>2995.4</ele>
   </trkpt>
   <trkpt lat="-8.0961670" lon="112.9193290">
    <ele>2996.2</ele>
   </trkpt>
   <trkpt lat="-8.0961750" lon="112.9193380">
    <ele>2996.6</ele>
   </trkpt>
   <trkpt lat="-8.0962120" lon="112.9193700">
    <ele>2997.4</ele>
   </trkpt>
   <trkpt lat="-8.0962300" lon="112.9193660">
    <ele>2997.8</ele>
   </trkpt>
   <trkpt lat="-8.0962670" lon="112.9193760">
    <ele>2998.6</ele>
   </trkpt>
   <trkpt lat="-8.0962760" lon="112.9193870">
    <ele>2999.0</ele>
   </trkpt>
   <trkpt lat="-8.0963080" lon="112.9193860">
    <ele>2999.6</ele>
   </trkpt>
   <trkpt lat="-8.0963330" lon="112.9193810">
    <ele>3000.4</ele>
   </trkpt>
   <trkpt lat="-8.0963390" lon="112.9193810">
    <ele>3000.8</ele>
   </trkpt>
   <trkpt lat="-8.0963810" lon="112.9193990">
    <ele>3001.8</ele>
   </trkpt>
   <trkpt lat="-8.0963920" lon="112.9194020">
    <ele>3002.0</ele>
   </trkpt>
   <trkpt lat="-8.0964530" lon="112.9194160">
    <ele>3002.4</ele>
   </trkpt>
   <trkpt lat="-8.0964680" lon="112.9194110">
    <ele>3002.4</ele>
   </trkpt>
   <trkpt lat="-8.0964920" lon="112.9194160">
    <ele>3003.0</ele>
   </trkpt>
   <trkpt lat="-8.0965520" lon="112.9194230">
    <ele>3004.0</ele>
   </trkpt>
   <trkpt lat="-8.0965590" lon="112.9194250">
    <ele>3004.2</ele>
   </trkpt>
   <trkpt lat="-8.0966310" lon="112.9194060">
    <ele>3005.4</ele>
   </trkpt>
   <trkpt lat="-8.0966880" lon="112.9194160">
    <ele>3006.0</ele>
   </trkpt>
   <trkpt lat="-8.0967120" lon="112.9194330">
    <ele>3006.6</ele>
   </trkpt>
   <trkpt lat="-8.0967270" lon="112.9194500">
    <ele>3007.4</ele>
   </trkpt>
   <trkpt lat="-8.0967350" lon="112.9194590">
    <ele>3007.8</ele>
   </trkpt>
   <trkpt lat="-8.0967630" lon="112.9195020">
    <ele>3008.8</ele>
   </trkpt>
   <trkpt lat="-8.0967720" lon="112.9195070">
    <ele>3009.0</ele>
   </trkpt>
   <trkpt lat="-8.0967840" lon="112.9195080">
    <ele>3009.2</ele>
   </trkpt>
   <trkpt lat="-8.0968090" lon="112.9195000">
    <ele>3009.6</ele>
   </trkpt>
   <trkpt lat="-8.0968210" lon="112.9195170">
    <ele>3009.6</ele>
   </trkpt>
   <trkpt lat="-8.0968440" lon="112.9195570">
    <ele>3009.6</ele>
   </trkpt>
   <trkpt lat="-8.0968640" lon="112.9195780">
    <ele>3010.0</ele>
   </trkpt>
   <trkpt lat="-8.0968700" lon="112.9195830">
    <ele>3010.2</ele>
   </trkpt>
   <trkpt lat="-8.0968950" lon="112.9196020">
    <ele>3011.2</ele>
   </trkpt>
   <trkpt lat="-8.0969100" lon="112.9196010">
    <ele>3011.8</ele>
   </trkpt>
   <trkpt lat="-8.0969330" lon="112.9195960">
    <ele>3012.6</ele>
   </trkpt>
   <trkpt lat="-8.0969520" lon="112.9196090">
    <ele>3012.8</ele>
   </trkpt>
   <trkpt lat="-8.0969720" lon="112.9196190">
    <ele>3012.8</ele>
   </trkpt>
   <trkpt lat="-8.0970350" lon="112.9196460">
    <ele>3013.6</ele>
   </trkpt>
   <trkpt lat="-8.0970420" lon="112.9196570">
    <ele>3014.0</ele>
   </trkpt>
   <trkpt lat="-8.0970550" lon="112.9196710">
    <ele>3014.8</ele>
   </trkpt>
   <trkpt lat="-8.0970670" lon="112.9196810">
    <ele>3015.6</ele>
   </trkpt>
   <trkpt lat="-8.0970760" lon="112.9196890">
    <ele>3016.0</ele>
   </trkpt>
   <trkpt lat="-8.0970830" lon="112.9196940">
    <ele>3016.2</ele>
   </trkpt>
   <trkpt lat="-8.0971480" lon="112.9197290">
    <ele>3017.0</ele>
   </trkpt>
   <trkpt lat="-8.0971630" lon="112.9197460">
    <ele>3017.4</ele>
   </trkpt>
   <trkpt lat="-8.0971840" lon="112.9197750">
    <ele>3018.2</ele>
   </trkpt>
   <trkpt lat="-8.0972040" lon="112.9197920">
    <ele>3018.6</ele>
   </trkpt>
   <trkpt lat="-8.0972140" lon="112.9197940">
    <ele>3018.8</ele>
   </trkpt>
   <trkpt lat="-8.0972270" lon="112.9198030">
    <ele>3019.2</ele>
   </trkpt>
   <trkpt lat="-8.0972460" lon="112.9198190">
    <ele>3019.8</ele>
   </trkpt>
   <trkpt lat="-8.0972610" lon="112.9198330">
    <ele>3020.4</ele>
   </trkpt>
   <trkpt lat="-8.0972870" lon="112.9198440">
    <ele>3021.2</ele>
   </trkpt>
   <trkpt lat="-8.0973030" lon="112.9198530">
    <ele>3021.6</ele>
   </trkpt>
   <trkpt lat="-8.0973220" lon="112.9198550">
    <ele>3022.0</ele>
   </trkpt>
   <trkpt lat="-8.0973430" lon="112.9198590">
    <ele>3022.4</ele>
   </trkpt>
   <trkpt lat="-8.0973590" lon="112.9198660">
    <ele>3022.8</ele>
   </trkpt>
   <trkpt lat="-8.0973730" lon="112.9198710">
    <ele>3024.0</ele>
   </trkpt>
   <trkpt lat="-8.0973800" lon="112.9198720">
    <ele>3024.8</ele>
   </trkpt>
   <trkpt lat="-8.0973900" lon="112.9198800">
    <ele>3025.2</ele>
   </trkpt>
   <trkpt lat="-8.0973960" lon="112.9199010">
    <ele>3026.2</ele>
   </trkpt>
   <trkpt lat="-8.0973980" lon="112.9199020">
    <ele>3026.4</ele>
   </trkpt>
   <trkpt lat="-8.0973970" lon="112.9199170">
    <ele>3026.8</ele>
   </trkpt>
   <trkpt lat="-8.0973810" lon="112.9199450">
    <ele>3027.0</ele>
   </trkpt>
   <trkpt lat="-8.0973920" lon="112.9199800">
    <ele>3027.2</ele>
   </trkpt>
   <trkpt lat="-8.0973950" lon="112.9199810">
    <ele>3027.4</ele>
   </trkpt>
   <trkpt lat="-8.0974100" lon="112.9199940">
    <ele>3028.0</ele>
   </trkpt>
   <trkpt lat="-8.0974220" lon="112.9200020">
    <ele>3028.4</ele>
   </trkpt>
   <trkpt lat="-8.0974370" lon="112.9200060">
    <ele>3028.8</ele>
   </trkpt>
   <trkpt lat="-8.0974610" lon="112.9200160">
    <ele>3029.4</ele>
   </trkpt>
   <trkpt lat="-8.0975080" lon="112.9199970">
    <ele>3030.4</ele>
   </trkpt>
   <trkpt lat="-8.0975140" lon="112.9199910">
    <ele>3030.6</ele>
   </trkpt>
   <trkpt lat="-8.0975350" lon="112.9199900">
    <ele>3031.6</ele>
   </trkpt>
   <trkpt lat="-8.0975450" lon="112.9199930">
    <ele>3031.6</ele>
   </trkpt>
   <trkpt lat="-8.0975600" lon="112.9199930">
    <ele>3031.8</ele>
   </trkpt>
   <trkpt lat="-8.0975800" lon="112.9199790">
    <ele>3032.4</ele>
   </trkpt>
   <trkpt lat="-8.0975860" lon="112.9199730">
    <ele>3033.0</ele>
   </trkpt>
   <trkpt lat="-8.0976220" lon="112.9199860">
    <ele>3034.0</ele>
   </trkpt>
   <trkpt lat="-8.0976570" lon="112.9199960">
    <ele>3035.0</ele>
   </trkpt>
   <trkpt lat="-8.0976770" lon="112.9199840">
    <ele>3035.8</ele>
   </trkpt>
   <trkpt lat="-8.0976970" lon="112.9199740">
    <ele>3036.2</ele>
   </trkpt>
   <trkpt lat="-8.0977150" lon="112.9199790">
    <ele>3036.8</ele>
   </trkpt>
   <trkpt lat="-8.0977360" lon="112.9199910">
    <ele>3037.4</ele>
   </trkpt>
   <trkpt lat="-8.0977470" lon="112.9200040">
    <ele>3037.8</ele>
   </trkpt>
   <trkpt lat="-8.0977570" lon="112.9200070">
    <ele>3038.0</ele>
   </trkpt>
   <trkpt lat="-8.0978090" lon="112.9200240">
    <ele>3038.0</ele>
   </trkpt>
   <trkpt lat="-8.0978240" lon="112.9200270">
    <ele>3038.4</ele>
   </trkpt>
   <trkpt lat="-8.0978410" lon="112.9200290">
    <ele>3039.6</ele>
   </trkpt>
   <trkpt lat="-8.0978580" lon="112.9200300">
    <ele>3040.4</ele>
   </trkpt>
   <trkpt lat="-8.0978660" lon="112.9200320">
    <ele>3040.6</ele>
   </trkpt>
   <trkpt lat="-8.0978850" lon="112.9200390">
    <ele>3041.0</ele>
   </trkpt>
   <trkpt lat="-8.0978990" lon="112.9200400">
    <ele>3041.8</ele>
   </trkpt>
   <trkpt lat="-8.0979250" lon="112.9200340">
    <ele>3042.6</ele>
   </trkpt>
   <trkpt lat="-8.0979310" lon="112.9200350">
    <ele>3042.8</ele>
   </trkpt>
   <trkpt lat="-8.0979700" lon="112.9200310">
    <ele>3043.8</ele>
   </trkpt>
   <trkpt lat="-8.0979950" lon="112.9200420">
    <ele>3044.8</ele>
   </trkpt>
   <trkpt lat="-8.0980040" lon="112.9200410">
    <ele>3045.0</ele>
   </trkpt>
   <trkpt lat="-8.0980300" lon="112.9200550">
    <ele>3046.2</ele>
   </trkpt>
   <trkpt lat="-8.0980390" lon="112.9200560">
    <ele>3046.6</ele>
   </trkpt>
   <trkpt lat="-8.0980570" lon="112.9200250">
    <ele>3047.4</ele>
   </trkpt>
   <trkpt lat="-8.0980630" lon="112.9200270">
    <ele>3047.4</ele>
   </trkpt>
   <trkpt lat="-8.0980760" lon="112.9200550">
    <ele>3048.4</ele>
   </trkpt>
   <trkpt lat="-8.0980880" lon="112.9200540">
    <ele>3049.0</ele>
   </trkpt>
   <trkpt lat="-8.0981030" lon="112.9200490">
    <ele>3049.6</ele>
   </trkpt>
   <trkpt lat="-8.0981180" lon="112.9200630">
    <ele>3050.2</ele>
   </trkpt>
   <trkpt lat="-8.0981310" lon="112.9200640">
    <ele>3050.6</ele>
   </trkpt>
   <trkpt lat="-8.0981430" lon="112.9200580">
    <ele>3051.4</ele>
   </trkpt>
   <trkpt lat="-8.0981530" lon="112.9200530">
    <ele>3051.8</ele>
   </trkpt>
   <trkpt lat="-8.0981650" lon="112.9200500">
    <ele>3052.2</ele>
   </trkpt>
   <trkpt lat="-8.0981730" lon="112.9200560">
    <ele>3052.4</ele>
   </trkpt>
   <trkpt lat="-8.0981850" lon="112.9200640">
    <ele>3052.8</ele>
   </trkpt>
   <trkpt lat="-8.0982030" lon="112.9200590">
    <ele>3053.8</ele>
   </trkpt>
   <trkpt lat="-8.0982060" lon="112.9200530">
    <ele>3054.0</ele>
   </trkpt>
   <trkpt lat="-8.0982190" lon="112.9200490">
    <ele>3054.4</ele>
   </trkpt>
   <trkpt lat="-8.0982230" lon="112.9200620">
    <ele>3055.2</ele>
   </trkpt>
   <trkpt lat="-8.0982270" lon="112.9200630">
    <ele>3055.8</ele>
   </trkpt>
   <trkpt lat="-8.0982340" lon="112.9200620">
    <ele>3056.4</ele>
   </trkpt>
   <trkpt lat="-8.0982690" lon="112.9200430">
    <ele>3057.2</ele>
   </trkpt>
   <trkpt lat="-8.0982830" lon="112.9200310">
    <ele>3057.6</ele>
   </trkpt>
   <trkpt lat="-8.0982800" lon="112.9200310">
    <ele>3058.2</ele>
   </trkpt>
   <trkpt lat="-8.0982820" lon="112.9200300">
    <ele>3058.6</ele>
   </trkpt>
   <trkpt lat="-8.0982910" lon="112.9200200">
    <ele>3059.0</ele>
   </trkpt>
   <trkpt lat="-8.0982950" lon="112.9200190">
    <ele>3059.8</ele>
   </trkpt>
   <trkpt lat="-8.0982960" lon="112.9200300">
    <ele>3060.2</ele>
   </trkpt>
   <trkpt lat="-8.0982990" lon="112.9200600">
    <ele>3061.0</ele>
   </trkpt>
   <trkpt lat="-8.0983180" lon="112.9200680">
    <ele>3061.2</ele>
   </trkpt>
   <trkpt lat="-8.0983250" lon="112.9200500">
    <ele>3062.0</ele>
   </trkpt>
   <trkpt lat="-8.0983290" lon="112.9200490">
    <ele>3062.2</ele>
   </trkpt>
   <trkpt lat="-8.0983440" lon="112.9200530">
    <ele>3063.0</ele>
   </trkpt>
   <trkpt lat="-8.0983470" lon="112.9200570">
    <ele>3063.2</ele>
   </trkpt>
   <trkpt lat="-8.0983590" lon="112.9200800">
    <ele>3064.2</ele>
   </trkpt>
   <trkpt lat="-8.0983640" lon="112.9200800">
    <ele>3064.4</ele>
   </trkpt>
   <trkpt lat="-8.0983750" lon="112.9200700">
    <ele>3064.6</ele>
   </trkpt>
   <trkpt lat="-8.0983870" lon="112.9200610">
    <ele>3065.4</ele>
   </trkpt>
   <trkpt lat="-8.0984020" lon="112.9200580">
    <ele>3066.2</ele>
   </trkpt>
   <trkpt lat="-8.0984050" lon="112.9200690">
    <ele>3066.4</ele>
   </trkpt>
   <trkpt lat="-8.0984200" lon="112.9201080">
    <ele>3067.2</ele>
   </trkpt>
   <trkpt lat="-8.0984240" lon="112.9201170">
    <ele>3067.4</ele>
   </trkpt>
   <trkpt lat="-8.0984380" lon="112.9201100">
    <ele>3068.2</ele>
   </trkpt>
   <trkpt lat="-8.0984400" lon="112.9201080">
    <ele>3068.6</ele>
   </trkpt>
   <trkpt lat="-8.0984640" lon="112.9200960">
    <ele>3069.6</ele>
   </trkpt>
   <trkpt lat="-8.0984730" lon="112.9200840">
    <ele>3070.0</ele>
   </trkpt>
   <trkpt lat="-8.0984860" lon="112.9201240">
    <ele>3070.8</ele>
   </trkpt>
   <trkpt lat="-8.0984910" lon="112.9201300">
    <ele>3070.8</ele>
   </trkpt>
   <trkpt lat="-8.0984970" lon="112.9201400">
    <ele>3071.4</ele>
   </trkpt>
   <trkpt lat="-8.0985070" lon="112.9201370">
    <ele>3071.8</ele>
   </trkpt>
   <trkpt lat="-8.0985210" lon="112.9201340">
    <ele>3073.0</ele>
   </trkpt>
   <trkpt lat="-8.0985260" lon="112.9201290">
    <ele>3073.2</ele>
   </trkpt>
   <trkpt lat="-8.0985400" lon="112.9201100">
    <ele>3074.0</ele>
   </trkpt>
   <trkpt lat="-8.0985420" lon="112.9201090">
    <ele>3074.0</ele>
   </trkpt>
   <trkpt lat="-8.0985530" lon="112.9201140">
    <ele>3075.2</ele>
   </trkpt>
   <trkpt lat="-8.0985610" lon="112.9201400">
    <ele>3075.8</ele>
   </trkpt>
   <trkpt lat="-8.0985640" lon="112.9201500">
    <ele>3075.8</ele>
   </trkpt>
   <trkpt lat="-8.0985780" lon="112.9201510">
    <ele>3076.4</ele>
   </trkpt>
   <trkpt lat="-8.0985900" lon="112.9201360">
    <ele>3076.8</ele>
   </trkpt>
   <trkpt lat="-8.0986070" lon="112.9201180">
    <ele>3077.4</ele>
   </trkpt>
   <trkpt lat="-8.0986080" lon="112.9201110">
    <ele>3077.8</ele>
   </trkpt>
   <trkpt lat="-8.0986100" lon="112.9201040">
    <ele>3078.2</ele>
   </trkpt>
   <trkpt lat="-8.0986110" lon="112.9200980">
    <ele>3078.4</ele>
   </trkpt>
   <trkpt lat="-8.0986130" lon="112.9200950">
    <ele>3078.8</ele>
   </trkpt>
   <trkpt lat="-8.0986230" lon="112.9200960">
    <ele>3079.2</ele>
   </trkpt>
   <trkpt lat="-8.0986260" lon="112.9201010">
    <ele>3079.6</ele>
   </trkpt>
   <trkpt lat="-8.0986290" lon="112.9201180">
    <ele>3079.8</ele>
   </trkpt>
   <trkpt lat="-8.0986400" lon="112.9201370">
    <ele>3080.2</ele>
   </trkpt>
   <trkpt lat="-8.0986480" lon="112.9201540">
    <ele>3080.2</ele>
   </trkpt>
   <trkpt lat="-8.0986600" lon="112.9201660">
    <ele>3081.0</ele>
   </trkpt>
   <trkpt lat="-8.0986740" lon="112.9201880">
    <ele>3082.0</ele>
   </trkpt>
   <trkpt lat="-8.0986790" lon="112.9201920">
    <ele>3082.2</ele>
   </trkpt>
   <trkpt lat="-8.0986970" lon="112.9202050">
    <ele>3082.8</ele>
   </trkpt>
   <trkpt lat="-8.0986990" lon="112.9202070">
    <ele>3083.2</ele>
   </trkpt>
   <trkpt lat="-8.0987160" lon="112.9202110">
    <ele>3083.8</ele>
   </trkpt>
   <trkpt lat="-8.0987170" lon="112.9202070">
    <ele>3084.2</ele>
   </trkpt>
   <trkpt lat="-8.0987150" lon="112.9201990">
    <ele>3084.6</ele>
   </trkpt>
   <trkpt lat="-8.0987400" lon="112.9201940">
    <ele>3085.4</ele>
   </trkpt>
   <trkpt lat="-8.0987650" lon="112.9202020">
    <ele>3086.6</ele>
   </trkpt>
   <trkpt lat="-8.0987870" lon="112.9202130">
    <ele>3087.4</ele>
   </trkpt>
   <trkpt lat="-8.0987900" lon="112.9202140">
    <ele>3087.6</ele>
   </trkpt>
   <trkpt lat="-8.0987930" lon="112.9202100">
    <ele>3088.0</ele>
   </trkpt>
   <trkpt lat="-8.0988020" lon="112.9202170">
    <ele>3088.6</ele>
   </trkpt>
   <trkpt lat="-8.0988050" lon="112.9202200">
    <ele>3088.8</ele>
   </trkpt>
   <trkpt lat="-8.0988120" lon="112.9202370">
    <ele>3089.4</ele>
   </trkpt>
   <trkpt lat="-8.0988300" lon="112.9202360">
    <ele>3090.0</ele>
   </trkpt>
   <trkpt lat="-8.0988440" lon="112.9202250">
    <ele>3091.0</ele>
   </trkpt>
   <trkpt lat="-8.0988480" lon="112.9202240">
    <ele>3091.4</ele>
   </trkpt>
   <trkpt lat="-8.0988590" lon="112.9202220">
    <ele>3092.2</ele>
   </trkpt>
   <trkpt lat="-8.0988740" lon="112.9202070">
    <ele>3092.8</ele>
   </trkpt>
   <trkpt lat="-8.0988750" lon="112.9201860">
    <ele>3093.0</ele>
   </trkpt>
   <trkpt lat="-8.0988800" lon="112.9201870">
    <ele>3093.2</ele>
   </trkpt>
   <trkpt lat="-8.0988870" lon="112.9201920">
    <ele>3093.4</ele>
   </trkpt>
   <trkpt lat="-8.0988900" lon="112.9202040">
    <ele>3093.4</ele>
   </trkpt>
   <trkpt lat="-8.0988990" lon="112.9202190">
    <ele>3094.2</ele>
   </trkpt>
   <trkpt lat="-8.0989030" lon="112.9202220">
    <ele>3094.4</ele>
   </trkpt>
   <trkpt lat="-8.0989110" lon="112.9202250">
    <ele>3095.2</ele>
   </trkpt>
   <trkpt lat="-8.0989160" lon="112.9202140">
    <ele>3095.4</ele>
   </trkpt>
   <trkpt lat="-8.0989230" lon="112.9202090">
    <ele>3095.6</ele>
   </trkpt>
   <trkpt lat="-8.0989380" lon="112.9202130">
    <ele>3096.6</ele>
   </trkpt>
   <trkpt lat="-8.0989510" lon="112.9202220">
    <ele>3097.8</ele>
   </trkpt>
   <trkpt lat="-8.0989560" lon="112.9202250">
    <ele>3098.2</ele>
   </trkpt>
   <trkpt lat="-8.0989570" lon="112.9202250">
    <ele>3098.2</ele>
   </trkpt>
   <trkpt lat="-8.0989630" lon="112.9202270">
    <ele>3098.8</ele>
   </trkpt>
   <trkpt lat="-8.0989720" lon="112.9202150">
    <ele>3099.0</ele>
   </trkpt>
   <trkpt lat="-8.0989860" lon="112.9202280">
    <ele>3099.4</ele>
   </trkpt>
   <trkpt lat="-8.0989960" lon="112.9202370">
    <ele>3099.8</ele>
   </trkpt>
   <trkpt lat="-8.0989990" lon="112.9202380">
    <ele>3100.0</ele>
   </trkpt>
   <trkpt lat="-8.0990090" lon="112.9202250">
    <ele>3100.4</ele>
   </trkpt>
   <trkpt lat="-8.0990180" lon="112.9202280">
    <ele>3100.8</ele>
   </trkpt>
   <trkpt lat="-8.0990180" lon="112.9202350">
    <ele>3101.8</ele>
   </trkpt>
   <trkpt lat="-8.0990160" lon="112.9202340">
    <ele>3102.0</ele>
   </trkpt>
   <trkpt lat="-8.0990210" lon="112.9202340">
    <ele>3102.0</ele>
   </trkpt>
   <trkpt lat="-8.0990310" lon="112.9202380">
    <ele>3102.8</ele>
   </trkpt>
   <trkpt lat="-8.0990370" lon="112.9202350">
    <ele>3103.0</ele>
   </trkpt>
   <trkpt lat="-8.0990450" lon="112.9202370">
    <ele>3103.4</ele>
   </trkpt>
   <trkpt lat="-8.0990610" lon="112.9202410">
    <ele>3103.8</ele>
   </trkpt>
   <trkpt lat="-8.0990640" lon="112.9202350">
    <ele>3104.2</ele>
   </trkpt>
   <trkpt lat="-8.0990750" lon="112.9202220">
    <ele>3105.2</ele>
   </trkpt>
   <trkpt lat="-8.0990880" lon="112.9202310">
    <ele>3105.8</ele>
   </trkpt>
   <trkpt lat="-8.0990920" lon="112.9202300">
    <ele>3106.4</ele>
   </trkpt>
   <trkpt lat="-8.0990970" lon="112.9202330">
    <ele>3106.4</ele>
   </trkpt>
   <trkpt lat="-8.0991010" lon="112.9202390">
    <ele>3106.6</ele>
   </trkpt>
   <trkpt lat="-8.0991120" lon="112.9202610">
    <ele>3107.2</ele>
   </trkpt>
   <trkpt lat="-8.0991130" lon="112.9202610">
    <ele>3107.4</ele>
   </trkpt>
   <trkpt lat="-8.0991140" lon="112.9202620">
    <ele>3107.6</ele>
   </trkpt>
   <trkpt lat="-8.0991270" lon="112.9202760">
    <ele>3107.8</ele>
   </trkpt>
   <trkpt lat="-8.0991310" lon="112.9202760">
    <ele>3108.0</ele>
   </trkpt>
   <trkpt lat="-8.0991460" lon="112.9202760">
    <ele>3108.2</ele>
   </trkpt>
   <trkpt lat="-8.0991480" lon="112.9202760">
    <ele>3108.4</ele>
   </trkpt>
   <trkpt lat="-8.0991560" lon="112.9202770">
    <ele>3109.0</ele>
   </trkpt>
   <trkpt lat="-8.0991620" lon="112.9202680">
    <ele>3109.8</ele>
   </trkpt>
   <trkpt lat="-8.0991710" lon="112.9202650">
    <ele>3110.4</ele>
   </trkpt>
   <trkpt lat="-8.0991880" lon="112.9202530">
    <ele>3110.6</ele>
   </trkpt>
   <trkpt lat="-8.0992010" lon="112.9202540">
    <ele>3111.0</ele>
   </trkpt>
   <trkpt lat="-8.0992100" lon="112.9202480">
    <ele>3111.8</ele>
   </trkpt>
   <trkpt lat="-8.0992050" lon="112.9202570">
    <ele>3112.2</ele>
   </trkpt>
   <trkpt lat="-8.0992140" lon="112.9202680">
    <ele>3112.8</ele>
   </trkpt>
   <trkpt lat="-8.0992180" lon="112.9202750">
    <ele>3112.8</ele>
   </trkpt>
   <trkpt lat="-8.0992230" lon="112.9202810">
    <ele>3113.2</ele>
   </trkpt>
   <trkpt lat="-8.0992260" lon="112.9202890">
    <ele>3113.6</ele>
   </trkpt>
   <trkpt lat="-8.0992300" lon="112.9202960">
    <ele>3114.0</ele>
   </trkpt>
   <trkpt lat="-8.0992430" lon="112.9202850">
    <ele>3114.2</ele>
   </trkpt>
   <trkpt lat="-8.0992480" lon="112.9202780">
    <ele>3114.8</ele>
   </trkpt>
   <trkpt lat="-8.0992600" lon="112.9202640">
    <ele>3115.2</ele>
   </trkpt>
   <trkpt lat="-8.0992660" lon="112.9202600">
    <ele>3115.4</ele>
   </trkpt>
   <trkpt lat="-8.0992760" lon="112.9202480">
    <ele>3116.2</ele>
   </trkpt>
   <trkpt lat="-8.0992770" lon="112.9202480">
    <ele>3116.4</ele>
   </trkpt>
   <trkpt lat="-8.0992800" lon="112.9202520">
    <ele>3116.6</ele>
   </trkpt>
   <trkpt lat="-8.0992880" lon="112.9202540">
    <ele>3117.0</ele>
   </trkpt>
   <trkpt lat="-8.0992990" lon="112.9202580">
    <ele>3117.4</ele>
   </trkpt>
   <trkpt lat="-8.0993010" lon="112.9202640">
    <ele>3117.4</ele>
   </trkpt>
   <trkpt lat="-8.0993060" lon="112.9202680">
    <ele>3117.8</ele>
   </trkpt>
   <trkpt lat="-8.0993170" lon="112.9202660">
    <ele>3118.4</ele>
   </trkpt>
   <trkpt lat="-8.0993250" lon="112.9202640">
    <ele>3118.6</ele>
   </trkpt>
   <trkpt lat="-8.0993310" lon="112.9202600">
    <ele>3119.2</ele>
   </trkpt>
   <trkpt lat="-8.0993350" lon="112.9202540">
    <ele>3119.8</ele>
   </trkpt>
   <trkpt lat="-8.0993450" lon="112.9202460">
    <ele>3120.0</ele>
   </trkpt>
   <trkpt lat="-8.0993550" lon="112.9202330">
    <ele>3120.6</ele>
   </trkpt>
   <trkpt lat="-8.0993570" lon="112.9202280">
    <ele>3120.6</ele>
   </trkpt>
   <trkpt lat="-8.0993580" lon="112.9202260">
    <ele>3120.8</ele>
   </trkpt>
   <trkpt lat="-8.0993630" lon="112.9202150">
    <ele>3121.2</ele>
   </trkpt>
   <trkpt lat="-8.0993740" lon="112.9202250">
    <ele>3122.0</ele>
   </trkpt>
   <trkpt lat="-8.0993720" lon="112.9202240">
    <ele>3122.6</ele>
   </trkpt>
   <trkpt lat="-8.0993690" lon="112.9202310">
    <ele>3123.0</ele>
   </trkpt>
   <trkpt lat="-8.0993800" lon="112.9202440">
    <ele>3123.0</ele>
   </trkpt>
   <trkpt lat="-8.0993940" lon="112.9202570">
    <ele>3123.0</ele>
   </trkpt>
   <trkpt lat="-8.0993990" lon="112.9202710">
    <ele>3124.6</ele>
   </trkpt>
   <trkpt lat="-8.0994090" lon="112.9202690">
    <ele>3125.2</ele>
   </trkpt>
   <trkpt lat="-8.0994340" lon="112.9202540">
    <ele>3126.0</ele>
   </trkpt>
   <trkpt lat="-8.0994530" lon="112.9202400">
    <ele>3126.8</ele>
   </trkpt>
   <trkpt lat="-8.0994560" lon="112.9202360">
    <ele>3127.0</ele>
   </trkpt>
   <trkpt lat="-8.0994700" lon="112.9202200">
    <ele>3128.0</ele>
   </trkpt>
   <trkpt lat="-8.0994770" lon="112.9202120">
    <ele>3128.2</ele>
   </trkpt>
   <trkpt lat="-8.0994830" lon="112.9202020">
    <ele>3128.6</ele>
   </trkpt>
   <trkpt lat="-8.0994910" lon="112.9202080">
    <ele>3129.0</ele>
   </trkpt>
   <trkpt lat="-8.0994990" lon="112.9202140">
    <ele>3129.0</ele>
   </trkpt>
   <trkpt lat="-8.0995060" lon="112.9202250">
    <ele>3129.6</ele>
   </trkpt>
   <trkpt lat="-8.0995100" lon="112.9202290">
    <ele>3130.2</ele>
   </trkpt>
   <trkpt lat="-8.0995170" lon="112.9202320">
    <ele>3130.8</ele>
   </trkpt>
   <trkpt lat="-8.0995220" lon="112.9202390">
    <ele>3131.2</ele>
   </trkpt>
   <trkpt lat="-8.0995330" lon="112.9202480">
    <ele>3131.8</ele>
   </trkpt>
   <trkpt lat="-8.0995410" lon="112.9202500">
    <ele>3132.0</ele>
   </trkpt>
   <trkpt lat="-8.0995490" lon="112.9202570">
    <ele>3133.0</ele>
   </trkpt>
   <trkpt lat="-8.0995630" lon="112.9202630">
    <ele>3133.6</ele>
   </trkpt>
   <trkpt lat="-8.0995730" lon="112.9202710">
    <ele>3133.6</ele>
   </trkpt>
   <trkpt lat="-8.0995840" lon="112.9202780">
    <ele>3134.2</ele>
   </trkpt>
   <trkpt lat="-8.0995910" lon="112.9202730">
    <ele>3134.6</ele>
   </trkpt>
   <trkpt lat="-8.0996150" lon="112.9202620">
    <ele>3135.4</ele>
   </trkpt>
   <trkpt lat="-8.0996340" lon="112.9202600">
    <ele>3136.0</ele>
   </trkpt>
   <trkpt lat="-8.0996430" lon="112.9202660">
    <ele>3136.6</ele>
   </trkpt>
   <trkpt lat="-8.0996460" lon="112.9202650">
    <ele>3137.2</ele>
   </trkpt>
   <trkpt lat="-8.0996540" lon="112.9202650">
    <ele>3137.8</ele>
   </trkpt>
   <trkpt lat="-8.0996570" lon="112.9202770">
    <ele>3138.8</ele>
   </trkpt>
   <trkpt lat="-8.0996590" lon="112.9202800">
    <ele>3138.8</ele>
   </trkpt>
   <trkpt lat="-8.0996740" lon="112.9202810">
    <ele>3139.0</ele>
   </trkpt>
   <trkpt lat="-8.0996820" lon="112.9202730">
    <ele>3139.2</ele>
   </trkpt>
   <trkpt lat="-8.0996950" lon="112.9202690">
    <ele>3140.0</ele>
   </trkpt>
   <trkpt lat="-8.0996930" lon="112.9202770">
    <ele>3140.4</ele>
   </trkpt>
   <trkpt lat="-8.0996980" lon="112.9202880">
    <ele>3141.2</ele>
   </trkpt>
   <trkpt lat="-8.0997110" lon="112.9202820">
    <ele>3141.8</ele>
   </trkpt>
   <trkpt lat="-8.0997160" lon="112.9202800">
    <ele>3142.0</ele>
   </trkpt>
   <trkpt lat="-8.0997160" lon="112.9202880">
    <ele>3142.0</ele>
   </trkpt>
   <trkpt lat="-8.0997210" lon="112.9202980">
    <ele>3142.4</ele>
   </trkpt>
   <trkpt lat="-8.0997280" lon="112.9203070">
    <ele>3142.8</ele>
   </trkpt>
   <trkpt lat="-8.0997330" lon="112.9203120">
    <ele>3143.2</ele>
   </trkpt>
   <trkpt lat="-8.0997390" lon="112.9203110">
    <ele>3143.6</ele>
   </trkpt>
   <trkpt lat="-8.0997590" lon="112.9203070">
    <ele>3144.8</ele>
   </trkpt>
   <trkpt lat="-8.0997650" lon="112.9203030">
    <ele>3145.2</ele>
   </trkpt>
   <trkpt lat="-8.0997800" lon="112.9202940">
    <ele>3146.0</ele>
   </trkpt>
   <trkpt lat="-8.0997940" lon="112.9202910">
    <ele>3146.2</ele>
   </trkpt>
   <trkpt lat="-8.0998010" lon="112.9202790">
    <ele>3147.0</ele>
   </trkpt>
   <trkpt lat="-8.0997990" lon="112.9202800">
    <ele>3147.0</ele>
   </trkpt>
   <trkpt lat="-8.0997940" lon="112.9202900">
    <ele>3147.4</ele>
   </trkpt>
   <trkpt lat="-8.0997940" lon="112.9202910">
    <ele>3148.0</ele>
   </trkpt>
   <trkpt lat="-8.0997960" lon="112.9202970">
    <ele>3147.8</ele>
   </trkpt>
   <trkpt lat="-8.0997980" lon="112.9202960">
    <ele>3148.2</ele>
   </trkpt>
   <trkpt lat="-8.0998060" lon="112.9203030">
    <ele>3148.6</ele>
   </trkpt>
   <trkpt lat="-8.0998160" lon="112.9203100">
    <ele>3149.0</ele>
   </trkpt>
   <trkpt lat="-8.0998240" lon="112.9203030">
    <ele>3149.0</ele>
   </trkpt>
   <trkpt lat="-8.0998380" lon="112.9202970">
    <ele>3149.0</ele>
   </trkpt>
   <trkpt lat="-8.0998450" lon="112.9202930">
    <ele>3149.4</ele>
   </trkpt>
   <trkpt lat="-8.0998560" lon="112.9202900">
    <ele>3150.4</ele>
   </trkpt>
   <trkpt lat="-8.0998610" lon="112.9202880">
    <ele>3150.6</ele>
   </trkpt>
   <trkpt lat="-8.0998700" lon="112.9203000">
    <ele>3151.2</ele>
   </trkpt>
   <trkpt lat="-8.0998730" lon="112.9203080">
    <ele>3151.4</ele>
   </trkpt>
   <trkpt lat="-8.0998760" lon="112.9203140">
    <ele>3151.6</ele>
   </trkpt>
   <trkpt lat="-8.0998930" lon="112.9203200">
    <ele>3152.6</ele>
   </trkpt>
   <trkpt lat="-8.0999000" lon="112.9203160">
    <ele>3153.0</ele>
   </trkpt>
   <trkpt lat="-8.0999190" lon="112.9203120">
    <ele>3154.2</ele>
   </trkpt>
   <trkpt lat="-8.0999230" lon="112.9203160">
    <ele>3154.6</ele>
   </trkpt>
   <trkpt lat="-8.0999330" lon="112.9203290">
    <ele>3155.2</ele>
   </trkpt>
   <trkpt lat="-8.0999410" lon="112.9203340">
    <ele>3155.6</ele>
   </trkpt>
   <trkpt lat="-8.0999520" lon="112.9203370">
    <ele>3156.2</ele>
   </trkpt>
   <trkpt lat="-8.0999560" lon="112.9203320">
    <ele>3156.4</ele>
   </trkpt>
   <trkpt lat="-8.0999730" lon="112.9203280">
    <ele>3156.8</ele>
   </trkpt>
   <trkpt lat="-8.0999810" lon="112.9203200">
    <ele>3157.4</ele>
   </trkpt>
   <trkpt lat="-8.0999850" lon="112.9203130">
    <ele>3158.0</ele>
   </trkpt>
   <trkpt lat="-8.0999910" lon="112.9203060">
    <ele>3158.6</ele>
   </trkpt>
   <trkpt lat="-8.1000010" lon="112.9203130">
    <ele>3158.6</ele>
   </trkpt>
   <trkpt lat="-8.1000030" lon="112.9203200">
    <ele>3159.2</ele>
   </trkpt>
   <trkpt lat="-8.1000050" lon="112.9203280">
    <ele>3159.6</ele>
   </trkpt>
   <trkpt lat="-8.1000080" lon="112.9203300">
    <ele>3159.8</ele>
   </trkpt>
   <trkpt lat="-8.1000180" lon="112.9203430">
    <ele>3160.6</ele>
   </trkpt>
   <trkpt lat="-8.1000370" lon="112.9203410">
    <ele>3161.4</ele>
   </trkpt>
   <trkpt lat="-8.1000420" lon="112.9203370">
    <ele>3161.8</ele>
   </trkpt>
   <trkpt lat="-8.1000500" lon="112.9203350">
    <ele>3162.4</ele>
   </trkpt>
   <trkpt lat="-8.1000600" lon="112.9203340">
    <ele>3162.6</ele>
   </trkpt>
   <trkpt lat="-8.1000620" lon="112.9203310">
    <ele>3162.8</ele>
   </trkpt>
   <trkpt lat="-8.1000800" lon="112.9203280">
    <ele>3163.6</ele>
   </trkpt>
   <trkpt lat="-8.1000870" lon="112.9203390">
    <ele>3163.6</ele>
   </trkpt>
   <trkpt lat="-8.1000940" lon="112.9203450">
    <ele>3164.0</ele>
   </trkpt>
   <trkpt lat="-8.1000960" lon="112.9203500">
    <ele>3164.8</ele>
   </trkpt>
   <trkpt lat="-8.1000980" lon="112.9203510">
    <ele>3165.4</ele>
   </trkpt>
   <trkpt lat="-8.1001060" lon="112.9203490">
    <ele>3165.4</ele>
   </trkpt>
   <trkpt lat="-8.1001160" lon="112.9203400">
    <ele>3165.6</ele>
   </trkpt>
   <trkpt lat="-8.1001280" lon="112.9203490">
    <ele>3166.0</ele>
   </trkpt>
   <trkpt lat="-8.1001300" lon="112.9203550">
    <ele>3166.2</ele>
   </trkpt>
   <trkpt lat="-8.1001340" lon="112.9203640">
    <ele>3166.4</ele>
   </trkpt>
   <trkpt lat="-8.1001390" lon="112.9203720">
    <ele>3167.2</ele>
   </trkpt>
   <trkpt lat="-8.1001450" lon="112.9203740">
    <ele>3167.4</ele>
   </trkpt>
   <trkpt lat="-8.1001600" lon="112.9203740">
    <ele>3167.8</ele>
   </trkpt>
   <trkpt lat="-8.1001680" lon="112.9203740">
    <ele>3168.6</ele>
   </trkpt>
   <trkpt lat="-8.1001730" lon="112.9203690">
    <ele>3169.0</ele>
   </trkpt>
   <trkpt lat="-8.1001730" lon="112.9203610">
    <ele>3169.0</ele>
   </trkpt>
   <trkpt lat="-8.1001730" lon="112.9203650">
    <ele>3169.6</ele>
   </trkpt>
   <trkpt lat="-8.1001800" lon="112.9203780">
    <ele>3170.6</ele>
   </trkpt>
   <trkpt lat="-8.1001820" lon="112.9203930">
    <ele>3171.2</ele>
   </trkpt>
   <trkpt lat="-8.1001890" lon="112.9203970">
    <ele>3171.4</ele>
   </trkpt>
   <trkpt lat="-8.1002060" lon="112.9203900">
    <ele>3171.6</ele>
   </trkpt>
   <trkpt lat="-8.1002120" lon="112.9203850">
    <ele>3172.0</ele>
   </trkpt>
   <trkpt lat="-8.1002230" lon="112.9203850">
    <ele>3172.8</ele>
   </trkpt>
   <trkpt lat="-8.1002260" lon="112.9203850">
    <ele>3173.2</ele>
   </trkpt>
   <trkpt lat="-8.1002290" lon="112.9203890">
    <ele>3173.6</ele>
   </trkpt>
   <trkpt lat="-8.1002300" lon="112.9203960">
    <ele>3174.4</ele>
   </trkpt>
   <trkpt lat="-8.1002340" lon="112.9204110">
    <ele>3175.2</ele>
   </trkpt>
   <trkpt lat="-8.1002390" lon="112.9204160">
    <ele>3175.4</ele>
   </trkpt>
   <trkpt lat="-8.1002500" lon="112.9204250">
    <ele>3175.8</ele>
   </trkpt>
   <trkpt lat="-8.1002580" lon="112.9204190">
    <ele>3176.0</ele>
   </trkpt>
   <trkpt lat="-8.1002800" lon="112.9203910">
    <ele>3176.4</ele>
   </trkpt>
   <trkpt lat="-8.1002830" lon="112.9203900">
    <ele>3176.4</ele>
   </trkpt>
   <trkpt lat="-8.1002900" lon="112.9203940">
    <ele>3177.8</ele>
   </trkpt>
   <trkpt lat="-8.1002880" lon="112.9203940">
    <ele>3178.0</ele>
   </trkpt>
   <trkpt lat="-8.1002900" lon="112.9203850">
    <ele>3178.6</ele>
   </trkpt>
   <trkpt lat="-8.1002890" lon="112.9203850">
    <ele>3178.4</ele>
   </trkpt>
   <trkpt lat="-8.1003050" lon="112.9203820">
    <ele>3178.6</ele>
   </trkpt>
   <trkpt lat="-8.1003140" lon="112.9203770">
    <ele>3178.8</ele>
   </trkpt>
   <trkpt lat="-8.1003360" lon="112.9203830">
    <ele>3179.8</ele>
   </trkpt>
   <trkpt lat="-8.1003420" lon="112.9203800">
    <ele>3180.0</ele>
   </trkpt>
   <trkpt lat="-8.1003570" lon="112.9203740">
    <ele>3181.2</ele>
   </trkpt>
   <trkpt lat="-8.1003660" lon="112.9203670">
    <ele>3182.2</ele>
   </trkpt>
   <trkpt lat="-8.1003720" lon="112.9203790">
    <ele>3182.8</ele>
   </trkpt>
   <trkpt lat="-8.1003740" lon="112.9203870">
    <ele>3183.2</ele>
   </trkpt>
   <trkpt lat="-8.1003760" lon="112.9203930">
    <ele>3183.4</ele>
   </trkpt>
   <trkpt lat="-8.1003900" lon="112.9203970">
    <ele>3184.2</ele>
   </trkpt>
   <trkpt lat="-8.1003910" lon="112.9203970">
    <ele>3184.4</ele>
   </trkpt>
   <trkpt lat="-8.1003960" lon="112.9204000">
    <ele>3184.4</ele>
   </trkpt>
   <trkpt lat="-8.1003920" lon="112.9204020">
    <ele>3184.2</ele>
   </trkpt>
   <trkpt lat="-8.1003970" lon="112.9204060">
    <ele>3184.6</ele>
   </trkpt>
   <trkpt lat="-8.1004010" lon="112.9204090">
    <ele>3184.2</ele>
   </trkpt>
   <trkpt lat="-8.1004090" lon="112.9204100">
    <ele>3184.6</ele>
   </trkpt>
   <trkpt lat="-8.1004150" lon="112.9204090">
    <ele>3185.2</ele>
   </trkpt>
   <trkpt lat="-8.1004170" lon="112.9204130">
    <ele>3185.4</ele>
   </trkpt>
   <trkpt lat="-8.1004200" lon="112.9204240">
    <ele>3185.6</ele>
   </trkpt>
   <trkpt lat="-8.1004290" lon="112.9204350">
    <ele>3186.0</ele>
   </trkpt>
   <trkpt lat="-8.1004400" lon="112.9204330">
    <ele>3186.2</ele>
   </trkpt>
   <trkpt lat="-8.1004450" lon="112.9204310">
    <ele>3186.4</ele>
   </trkpt>
   <trkpt lat="-8.1004480" lon="112.9204300">
    <ele>3186.8</ele>
   </trkpt>
   <trkpt lat="-8.1004610" lon="112.9204240">
    <ele>3187.6</ele>
   </trkpt>
   <trkpt lat="-8.1004690" lon="112.9204230">
    <ele>3188.2</ele>
   </trkpt>
   <trkpt lat="-8.1004860" lon="112.9204220">
    <ele>3188.6</ele>
   </trkpt>
   <trkpt lat="-8.1004910" lon="112.9204180">
    <ele>3188.8</ele>
   </trkpt>
   <trkpt lat="-8.1005070" lon="112.9204130">
    <ele>3190.0</ele>
   </trkpt>
   <trkpt lat="-8.1005080" lon="112.9204160">
    <ele>3190.4</ele>
   </trkpt>
   <trkpt lat="-8.1005200" lon="112.9204230">
    <ele>3191.2</ele>
   </trkpt>
   <trkpt lat="-8.1005400" lon="112.9204380">
    <ele>3192.0</ele>
   </trkpt>
   <trkpt lat="-8.1005470" lon="112.9204470">
    <ele>3192.4</ele>
   </trkpt>
   <trkpt lat="-8.1005610" lon="112.9204450">
    <ele>3193.0</ele>
   </trkpt>
   <trkpt lat="-8.1005700" lon="112.9204390">
    <ele>3193.6</ele>
   </trkpt>
   <trkpt lat="-8.1005890" lon="112.9204270">
    <ele>3194.2</ele>
   </trkpt>
   <trkpt lat="-8.1006070" lon="112.9204230">
    <ele>3194.8</ele>
   </trkpt>
   <trkpt lat="-8.1006150" lon="112.9204220">
    <ele>3195.2</ele>
   </trkpt>
   <trkpt lat="-8.1006190" lon="112.9204210">
    <ele>3195.8</ele>
   </trkpt>
   <trkpt lat="-8.1006220" lon="112.9204270">
    <ele>3195.8</ele>
   </trkpt>
   <trkpt lat="-8.1006340" lon="112.9204340">
    <ele>3197.0</ele>
   </trkpt>
   <trkpt lat="-8.1006550" lon="112.9204230">
    <ele>3198.0</ele>
   </trkpt>
   <trkpt lat="-8.1006570" lon="112.9204230">
    <ele>3198.2</ele>
   </trkpt>
   <trkpt lat="-8.1006620" lon="112.9204150">
    <ele>3199.0</ele>
   </trkpt>
   <trkpt lat="-8.1006650" lon="112.9204120">
    <ele>3199.2</ele>
   </trkpt>
   <trkpt lat="-8.1006740" lon="112.9204010">
    <ele>3200.2</ele>
   </trkpt>
   <trkpt lat="-8.1006730" lon="112.9204020">
    <ele>3200.4</ele>
   </trkpt>
   <trkpt lat="-8.1006760" lon="112.9204060">
    <ele>3201.0</ele>
   </trkpt>
   <trkpt lat="-8.1006820" lon="112.9204130">
    <ele>3201.4</ele>
   </trkpt>
   <trkpt lat="-8.1006830" lon="112.9204170">
    <ele>3201.6</ele>
   </trkpt>
   <trkpt lat="-8.1006910" lon="112.9204280">
    <ele>3202.0</ele>
   </trkpt>
   <trkpt lat="-8.1006960" lon="112.9204320">
    <ele>3202.2</ele>
   </trkpt>
   <trkpt lat="-8.1007080" lon="112.9204270">
    <ele>3202.6</ele>
   </trkpt>
   <trkpt lat="-8.1007120" lon="112.9204230">
    <ele>3202.6</ele>
   </trkpt>
   <trkpt lat="-8.1007310" lon="112.9204330">
    <ele>3203.6</ele>
   </trkpt>
   <trkpt lat="-8.1007380" lon="112.9204390">
    <ele>3203.6</ele>
   </trkpt>
   <trkpt lat="-8.1007400" lon="112.9204350">
    <ele>3204.0</ele>
   </trkpt>
   <trkpt lat="-8.1007370" lon="112.9204320">
    <ele>3204.8</ele>
   </trkpt>
   <trkpt lat="-8.1007520" lon="112.9204340">
    <ele>3204.8</ele>
   </trkpt>
   <trkpt lat="-8.1007630" lon="112.9204280">
    <ele>3205.2</ele>
   </trkpt>
   <trkpt lat="-8.1007830" lon="112.9204350">
    <ele>3205.8</ele>
   </trkpt>
   <trkpt lat="-8.1007840" lon="112.9204340">
    <ele>3206.0</ele>
   </trkpt>
   <trkpt lat="-8.1007890" lon="112.9204160">
    <ele>3206.6</ele>
   </trkpt>
   <trkpt lat="-8.1007820" lon="112.9204150">
    <ele>3206.8</ele>
   </trkpt>
   <trkpt lat="-8.1007740" lon="112.9204270">
    <ele>3206.6</ele>
   </trkpt>
   <trkpt lat="-8.1007790" lon="112.9204240">
    <ele>3206.8</ele>
   </trkpt>
   <trkpt lat="-8.1007890" lon="112.9204190">
    <ele>3207.0</ele>
   </trkpt>
   <trkpt lat="-8.1007850" lon="112.9204070">
    <ele>3207.8</ele>
   </trkpt>
   <trkpt lat="-8.1008020" lon="112.9203970">
    <ele>3208.0</ele>
   </trkpt>
   <trkpt lat="-8.1008160" lon="112.9204060">
    <ele>3208.4</ele>
   </trkpt>
   <trkpt lat="-8.1008210" lon="112.9204210">
    <ele>3209.0</ele>
   </trkpt>
   <trkpt lat="-8.1008260" lon="112.9204250">
    <ele>3209.6</ele>
   </trkpt>
   <trkpt lat="-8.1008370" lon="112.9204230">
    <ele>3210.2</ele>
   </trkpt>
   <trkpt lat="-8.1008380" lon="112.9204210">
    <ele>3210.6</ele>
   </trkpt>
   <trkpt lat="-8.1008610" lon="112.9204130">
    <ele>3211.2</ele>
   </trkpt>
   <trkpt lat="-8.1008590" lon="112.9204090">
    <ele>3211.2</ele>
   </trkpt>
   <trkpt lat="-8.1008610" lon="112.9203960">
    <ele>3212.2</ele>
   </trkpt>
   <trkpt lat="-8.1008610" lon="112.9203930">
    <ele>3212.4</ele>
   </trkpt>
   <trkpt lat="-8.1008700" lon="112.9203970">
    <ele>3212.6</ele>
   </trkpt>
   <trkpt lat="-8.1008830" lon="112.9203940">
    <ele>3212.4</ele>
   </trkpt>
   <trkpt lat="-8.1008980" lon="112.9203890">
    <ele>3213.8</ele>
   </trkpt>
   <trkpt lat="-8.1009020" lon="112.9203860">
    <ele>3214.0</ele>
   </trkpt>
   <trkpt lat="-8.1009050" lon="112.9203850">
    <ele>3214.8</ele>
   </trkpt>
   <trkpt lat="-8.1009100" lon="112.9203870">
    <ele>3214.8</ele>
   </trkpt>
   <trkpt lat="-8.1009260" lon="112.9204070">
    <ele>3215.2</ele>
   </trkpt>
   <trkpt lat="-8.1009340" lon="112.9204090">
    <ele>3215.8</ele>
   </trkpt>
   <trkpt lat="-8.1009390" lon="112.9204020">
    <ele>3216.6</ele>
   </trkpt>
   <trkpt lat="-8.1009480" lon="112.9204020">
    <ele>3216.6</ele>
   </trkpt>
   <trkpt lat="-8.1009510" lon="112.9204030">
    <ele>3216.6</ele>
   </trkpt>
   <trkpt lat="-8.1009550" lon="112.9204140">
    <ele>3216.8</ele>
   </trkpt>
   <trkpt lat="-8.1009610" lon="112.9204350">
    <ele>3218.0</ele>
   </trkpt>
   <trkpt lat="-8.1009670" lon="112.9204340">
    <ele>3218.2</ele>
   </trkpt>
   <trkpt lat="-8.1009840" lon="112.9204370">
    <ele>3219.0</ele>
   </trkpt>
   <trkpt lat="-8.1009900" lon="112.9204350">
    <ele>3219.4</ele>
   </trkpt>
   <trkpt lat="-8.1010020" lon="112.9204330">
    <ele>3220.0</ele>
   </trkpt>
   <trkpt lat="-8.1010250" lon="112.9204350">
    <ele>3220.8</ele>
   </trkpt>
   <trkpt lat="-8.1010300" lon="112.9204390">
    <ele>3221.2</ele>
   </trkpt>
   <trkpt lat="-8.1010370" lon="112.9204520">
    <ele>3222.0</ele>
   </trkpt>
   <trkpt lat="-8.1010410" lon="112.9204560">
    <ele>3222.2</ele>
   </trkpt>
   <trkpt lat="-8.1010550" lon="112.9204660">
    <ele>3223.0</ele>
   </trkpt>
   <trkpt lat="-8.1010600" lon="112.9204720">
    <ele>3223.4</ele>
   </trkpt>
   <trkpt lat="-8.1010720" lon="112.9204730">
    <ele>3224.2</ele>
   </trkpt>
   <trkpt lat="-8.1010720" lon="112.9204640">
    <ele>3224.4</ele>
   </trkpt>
   <trkpt lat="-8.1010780" lon="112.9204530">
    <ele>3224.8</ele>
   </trkpt>
   <trkpt lat="-8.1010880" lon="112.9204430">
    <ele>3225.2</ele>
   </trkpt>
   <trkpt lat="-8.1010840" lon="112.9204450">
    <ele>3225.6</ele>
   </trkpt>
   <trkpt lat="-8.1010780" lon="112.9204580">
    <ele>3226.2</ele>
   </trkpt>
   <trkpt lat="-8.1010820" lon="112.9204670">
    <ele>3226.0</ele>
   </trkpt>
   <trkpt lat="-8.1010820" lon="112.9204730">
    <ele>3226.4</ele>
   </trkpt>
   <trkpt lat="-8.1010830" lon="112.9204720">
    <ele>3226.6</ele>
   </trkpt>
   <trkpt lat="-8.1011000" lon="112.9204700">
    <ele>3226.8</ele>
   </trkpt>
   <trkpt lat="-8.1011040" lon="112.9204680">
    <ele>3228.0</ele>
   </trkpt>
   <trkpt lat="-8.1011030" lon="112.9204690">
    <ele>3228.2</ele>
   </trkpt>
   <trkpt lat="-8.1011100" lon="112.9204700">
    <ele>3228.6</ele>
   </trkpt>
   <trkpt lat="-8.1011120" lon="112.9204710">
    <ele>3229.0</ele>
   </trkpt>
   <trkpt lat="-8.1011190" lon="112.9204700">
    <ele>3228.8</ele>
   </trkpt>
   <trkpt lat="-8.1011330" lon="112.9204620">
    <ele>3229.8</ele>
   </trkpt>
   <trkpt lat="-8.1011350" lon="112.9204730">
    <ele>3230.0</ele>
   </trkpt>
   <trkpt lat="-8.1011350" lon="112.9204750">
    <ele>3230.2</ele>
   </trkpt>
   <trkpt lat="-8.1011440" lon="112.9204820">
    <ele>3230.6</ele>
   </trkpt>
   <trkpt lat="-8.1011420" lon="112.9204810">
    <ele>3230.6</ele>
   </trkpt>
   <trkpt lat="-8.1011510" lon="112.9204610">
    <ele>3231.2</ele>
   </trkpt>
   <trkpt lat="-8.1011540" lon="112.9204630">
    <ele>3231.2</ele>
   </trkpt>
   <trkpt lat="-8.1011640" lon="112.9204710">
    <ele>3231.4</ele>
   </trkpt>
   <trkpt lat="-8.1011690" lon="112.9204720">
    <ele>3232.2</ele>
   </trkpt>
   <trkpt lat="-8.1011740" lon="112.9204800">
    <ele>3232.2</ele>
   </trkpt>
   <trkpt lat="-8.1011810" lon="112.9204750">
    <ele>3232.2</ele>
   </trkpt>
   <trkpt lat="-8.1011960" lon="112.9204770">
    <ele>3232.6</ele>
   </trkpt>
   <trkpt lat="-8.1012010" lon="112.9204810">
    <ele>3233.2</ele>
   </trkpt>
   <trkpt lat="-8.1012050" lon="112.9204850">
    <ele>3233.8</ele>
   </trkpt>
   <trkpt lat="-8.1012150" lon="112.9204960">
    <ele>3235.0</ele>
   </trkpt>
   <trkpt lat="-8.1012220" lon="112.9205080">
    <ele>3236.2</ele>
   </trkpt>
   <trkpt lat="-8.1012370" lon="112.9205200">
    <ele>3237.0</ele>
   </trkpt>
   <trkpt lat="-8.1012430" lon="112.9205250">
    <ele>3237.4</ele>
   </trkpt>
   <trkpt lat="-8.1012460" lon="112.9205270">
    <ele>3238.2</ele>
   </trkpt>
   <trkpt lat="-8.1012490" lon="112.9205290">
    <ele>3238.4</ele>
   </trkpt>
   <trkpt lat="-8.1012710" lon="112.9205290">
    <ele>3239.4</ele>
   </trkpt>
   <trkpt lat="-8.1012760" lon="112.9205290">
    <ele>3239.6</ele>
   </trkpt>
   <trkpt lat="-8.1012990" lon="112.9205200">
    <ele>3240.6</ele>
   </trkpt>
   <trkpt lat="-8.1013050" lon="112.9205190">
    <ele>3240.6</ele>
   </trkpt>
   <trkpt lat="-8.1013190" lon="112.9205350">
    <ele>3241.4</ele>
   </trkpt>
   <trkpt lat="-8.1013230" lon="112.9205410">
    <ele>3241.6</ele>
   </trkpt>
   <trkpt lat="-8.1013270" lon="112.9205460">
    <ele>3241.8</ele>
   </trkpt>
   <trkpt lat="-8.1013330" lon="112.9205470">
    <ele>3242.2</ele>
   </trkpt>
   <trkpt lat="-8.1013390" lon="112.9205490">
    <ele>3242.8</ele>
   </trkpt>
   <trkpt lat="-8.1013420" lon="112.9205420">
    <ele>3243.2</ele>
   </trkpt>
   <trkpt lat="-8.1013590" lon="112.9205310">
    <ele>3243.8</ele>
   </trkpt>
   <trkpt lat="-8.1013670" lon="112.9205190">
    <ele>3244.0</ele>
   </trkpt>
   <trkpt lat="-8.1013800" lon="112.9204950">
    <ele>3244.6</ele>
   </trkpt>
   <trkpt lat="-8.1013810" lon="112.9204910">
    <ele>3245.0</ele>
   </trkpt>
   <trkpt lat="-8.1013830" lon="112.9204920">
    <ele>3245.4</ele>
   </trkpt>
   <trkpt lat="-8.1013910" lon="112.9205000">
    <ele>3246.0</ele>
   </trkpt>
   <trkpt lat="-8.1013980" lon="112.9205150">
    <ele>3246.6</ele>
   </trkpt>
   <trkpt lat="-8.1014040" lon="112.9205250">
    <ele>3247.2</ele>
   </trkpt>
   <trkpt lat="-8.1014190" lon="112.9205330">
    <ele>3248.0</ele>
   </trkpt>
   <trkpt lat="-8.1014250" lon="112.9205290">
    <ele>3248.2</ele>
   </trkpt>
   <trkpt lat="-8.1014490" lon="112.9205200">
    <ele>3248.8</ele>
   </trkpt>
   <trkpt lat="-8.1014550" lon="112.9205290">
    <ele>3249.4</ele>
   </trkpt>
   <trkpt lat="-8.1014600" lon="112.9205420">
    <ele>3250.6</ele>
   </trkpt>
   <trkpt lat="-8.1014720" lon="112.9205550">
    <ele>3251.8</ele>
   </trkpt>
   <trkpt lat="-8.1014800" lon="112.9205550">
    <ele>3251.8</ele>
   </trkpt>
   <trkpt lat="-8.1014980" lon="112.9205290">
    <ele>3252.4</ele>
   </trkpt>
   <trkpt lat="-8.1014990" lon="112.9205240">
    <ele>3253.0</ele>
   </trkpt>
   <trkpt lat="-8.1015100" lon="112.9205270">
    <ele>3253.8</ele>
   </trkpt>
   <trkpt lat="-8.1015170" lon="112.9205310">
    <ele>3254.2</ele>
   </trkpt>
   <trkpt lat="-8.1015260" lon="112.9205530">
    <ele>3255.4</ele>
   </trkpt>
   <trkpt lat="-8.1015390" lon="112.9205540">
    <ele>3255.4</ele>
   </trkpt>
   <trkpt lat="-8.1015560" lon="112.9205450">
    <ele>3255.4</ele>
   </trkpt>
   <trkpt lat="-8.1015760" lon="112.9205300">
    <ele>3256.6</ele>
   </trkpt>
   <trkpt lat="-8.1015900" lon="112.9205120">
    <ele>3257.6</ele>
   </trkpt>
   <trkpt lat="-8.1015950" lon="112.9205110">
    <ele>3258.2</ele>
   </trkpt>
   <trkpt lat="-8.1016040" lon="112.9205150">
    <ele>3258.8</ele>
   </trkpt>
   <trkpt lat="-8.1016030" lon="112.9205330">
    <ele>3259.6</ele>
   </trkpt>
   <trkpt lat="-8.1016070" lon="112.9205380">
    <ele>3259.8</ele>
   </trkpt>
   <trkpt lat="-8.1016300" lon="112.9205390">
    <ele>3260.4</ele>
   </trkpt>
   <trkpt lat="-8.1016450" lon="112.9205180">
    <ele>3261.0</ele>
   </trkpt>
   <trkpt lat="-8.1016640" lon="112.9205130">
    <ele>3262.0</ele>
   </trkpt>
   <trkpt lat="-8.1016690" lon="112.9205060">
    <ele>3262.6</ele>
   </trkpt>
   <trkpt lat="-8.1016850" lon="112.9205050">
    <ele>3263.2</ele>
   </trkpt>
   <trkpt lat="-8.1016900" lon="112.9205100">
    <ele>3264.0</ele>
   </trkpt>
   <trkpt lat="-8.1016950" lon="112.9205120">
    <ele>3264.6</ele>
   </trkpt>
   <trkpt lat="-8.1016950" lon="112.9205270">
    <ele>3265.6</ele>
   </trkpt>
   <trkpt lat="-8.1016950" lon="112.9205330">
    <ele>3265.6</ele>
   </trkpt>
   <trkpt lat="-8.1017060" lon="112.9205480">
    <ele>3266.4</ele>
   </trkpt>
   <trkpt lat="-8.1017280" lon="112.9205560">
    <ele>3266.8</ele>
   </trkpt>
   <trkpt lat="-8.1017320" lon="112.9205490">
    <ele>3267.0</ele>
   </trkpt>
   <trkpt lat="-8.1017430" lon="112.9205310">
    <ele>3267.8</ele>
   </trkpt>
   <trkpt lat="-8.1017520" lon="112.9205110">
    <ele>3268.2</ele>
   </trkpt>
   <trkpt lat="-8.1017580" lon="112.9205140">
    <ele>3269.0</ele>
   </trkpt>
   <trkpt lat="-8.1017650" lon="112.9205260">
    <ele>3269.0</ele>
   </trkpt>
   <trkpt lat="-8.1017770" lon="112.9205320">
    <ele>3269.4</ele>
   </trkpt>
   <trkpt lat="-8.1017830" lon="112.9205380">
    <ele>3270.2</ele>
   </trkpt>
   <trkpt lat="-8.1017990" lon="112.9205480">
    <ele>3271.4</ele>
   </trkpt>
   <trkpt lat="-8.1018100" lon="112.9205500">
    <ele>3272.8</ele>
   </trkpt>
   <trkpt lat="-8.1018130" lon="112.9205510">
    <ele>3273.2</ele>
   </trkpt>
   <trkpt lat="-8.1018220" lon="112.9205600">
    <ele>3273.8</ele>
   </trkpt>
   <trkpt lat="-8.1018260" lon="112.9205640">
    <ele>3273.8</ele>
   </trkpt>
   <trkpt lat="-8.1018240" lon="112.9205650">
    <ele>3273.8</ele>
   </trkpt>
   <trkpt lat="-8.1018290" lon="112.9205560">
    <ele>3273.4</ele>
   </trkpt>
   <trkpt lat="-8.1018430" lon="112.9205430">
    <ele>3274.8</ele>
   </trkpt>
   <trkpt lat="-8.1018490" lon="112.9205430">
    <ele>3275.0</ele>
   </trkpt>
   <trkpt lat="-8.1018610" lon="112.9205450">
    <ele>3276.0</ele>
   </trkpt>
   <trkpt lat="-8.1018690" lon="112.9205450">
    <ele>3276.4</ele>
   </trkpt>
   <trkpt lat="-8.1018880" lon="112.9205370">
    <ele>3276.6</ele>
   </trkpt>
   <trkpt lat="-8.1018980" lon="112.9205370">
    <ele>3277.2</ele>
   </trkpt>
   <trkpt lat="-8.1019060" lon="112.9205370">
    <ele>3277.4</ele>
   </trkpt>
   <trkpt lat="-8.1019210" lon="112.9205370">
    <ele>3278.2</ele>
   </trkpt>
   <trkpt lat="-8.1019240" lon="112.9205360">
    <ele>3278.4</ele>
   </trkpt>
   <trkpt lat="-8.1019450" lon="112.9205210">
    <ele>3279.4</ele>
   </trkpt>
   <trkpt lat="-8.1019520" lon="112.9205220">
    <ele>3279.6</ele>
   </trkpt>
   <trkpt lat="-8.1019660" lon="112.9205240">
    <ele>3280.4</ele>
   </trkpt>
   <trkpt lat="-8.1019690" lon="112.9205170">
    <ele>3280.8</ele>
   </trkpt>
   <trkpt lat="-8.1019770" lon="112.9205070">
    <ele>3281.8</ele>
   </trkpt>
   <trkpt lat="-8.1019790" lon="112.9205070">
    <ele>3281.8</ele>
   </trkpt>
   <trkpt lat="-8.1019970" lon="112.9204830">
    <ele>3282.6</ele>
   </trkpt>
   <trkpt lat="-8.1019990" lon="112.9204820">
    <ele>3282.8</ele>
   </trkpt>
   <trkpt lat="-8.1020100" lon="112.9204860">
    <ele>3284.2</ele>
   </trkpt>
   <trkpt lat="-8.1020140" lon="112.9204970">
    <ele>3284.8</ele>
   </trkpt>
   <trkpt lat="-8.1020160" lon="112.9205100">
    <ele>3285.0</ele>
   </trkpt>
   <trkpt lat="-8.1020310" lon="112.9205270">
    <ele>3285.0</ele>
   </trkpt>
   <trkpt lat="-8.1020330" lon="112.9205220">
    <ele>3285.2</ele>
   </trkpt>
   <trkpt lat="-8.1020470" lon="112.9204890">
    <ele>3286.0</ele>
   </trkpt>
   <trkpt lat="-8.1020560" lon="112.9204770">
    <ele>3286.2</ele>
   </trkpt>
   <trkpt lat="-8.1020560" lon="112.9204780">
    <ele>3286.4</ele>
   </trkpt>
   <trkpt lat="-8.1020630" lon="112.9204970">
    <ele>3287.2</ele>
   </trkpt>
   <trkpt lat="-8.1020650" lon="112.9205020">
    <ele>3287.4</ele>
   </trkpt>
   <trkpt lat="-8.1020710" lon="112.9205200">
    <ele>3288.0</ele>
   </trkpt>
   <trkpt lat="-8.1020730" lon="112.9205180">
    <ele>3288.6</ele>
   </trkpt>
   <trkpt lat="-8.1020820" lon="112.9205150">
    <ele>3288.8</ele>
   </trkpt>
   <trkpt lat="-8.1020810" lon="112.9205290">
    <ele>3289.2</ele>
   </trkpt>
   <trkpt lat="-8.1020840" lon="112.9205350">
    <ele>3289.2</ele>
   </trkpt>
   <trkpt lat="-8.1020860" lon="112.9205490">
    <ele>3289.6</ele>
   </trkpt>
   <trkpt lat="-8.1020960" lon="112.9205440">
    <ele>3289.8</ele>
   </trkpt>
   <trkpt lat="-8.1021150" lon="112.9205240">
    <ele>3290.8</ele>
   </trkpt>
   <trkpt lat="-8.1021190" lon="112.9205280">
    <ele>3291.0</ele>
   </trkpt>
   <trkpt lat="-8.1021240" lon="112.9205500">
    <ele>3291.8</ele>
   </trkpt>
   <trkpt lat="-8.1021280" lon="112.9205540">
    <ele>3292.0</ele>
   </trkpt>
   <trkpt lat="-8.1021330" lon="112.9205690">
    <ele>3293.0</ele>
   </trkpt>
   <trkpt lat="-8.1021380" lon="112.9205720">
    <ele>3293.4</ele>
   </trkpt>
   <trkpt lat="-8.1021530" lon="112.9205900">
    <ele>3294.2</ele>
   </trkpt>
   <trkpt lat="-8.1021620" lon="112.9205990">
    <ele>3294.6</ele>
   </trkpt>
   <trkpt lat="-8.1021730" lon="112.9206220">
    <ele>3295.2</ele>
   </trkpt>
   <trkpt lat="-8.1022020" lon="112.9206070">
    <ele>3295.6</ele>
   </trkpt>
   <trkpt lat="-8.1022080" lon="112.9206060">
    <ele>3296.6</ele>
   </trkpt>
   <trkpt lat="-8.1022130" lon="112.9206130">
    <ele>3297.6</ele>
   </trkpt>
   <trkpt lat="-8.1022150" lon="112.9206170">
    <ele>3297.8</ele>
   </trkpt>
   <trkpt lat="-8.1022230" lon="112.9206330">
    <ele>3299.0</ele>
   </trkpt>
   <trkpt lat="-8.1022420" lon="112.9206420">
    <ele>3298.6</ele>
   </trkpt>
   <trkpt lat="-8.1022500" lon="112.9206310">
    <ele>3300.0</ele>
   </trkpt>
   <trkpt lat="-8.1022440" lon="112.9206290">
    <ele>3300.2</ele>
   </trkpt>
   <trkpt lat="-8.1022580" lon="112.9206130">
    <ele>3300.4</ele>
   </trkpt>
   <trkpt lat="-8.1022700" lon="112.9205990">
    <ele>3301.2</ele>
   </trkpt>
   <trkpt lat="-8.1022740" lon="112.9205860">
    <ele>3302.0</ele>
   </trkpt>
   <trkpt lat="-8.1022870" lon="112.9205900">
    <ele>3302.4</ele>
   </trkpt>
   <trkpt lat="-8.1022960" lon="112.9205960">
    <ele>3302.8</ele>
   </trkpt>
   <trkpt lat="-8.1023090" lon="112.9206010">
    <ele>3303.4</ele>
   </trkpt>
   <trkpt lat="-8.1023100" lon="112.9205960">
    <ele>3303.6</ele>
   </trkpt>
   <trkpt lat="-8.1023200" lon="112.9206040">
    <ele>3304.2</ele>
   </trkpt>
   <trkpt lat="-8.1023230" lon="112.9206030">
    <ele>3304.2</ele>
   </trkpt>
   <trkpt lat="-8.1023320" lon="112.9206030">
    <ele>3304.6</ele>
   </trkpt>
   <trkpt lat="-8.1023350" lon="112.9206060">
    <ele>3304.6</ele>
   </trkpt>
   <trkpt lat="-8.1023400" lon="112.9206140">
    <ele>3305.6</ele>
   </trkpt>
   <trkpt lat="-8.1023430" lon="112.9206250">
    <ele>3306.0</ele>
   </trkpt>
   <trkpt lat="-8.1023450" lon="112.9206400">
    <ele>3306.6</ele>
   </trkpt>
   <trkpt lat="-8.1023460" lon="112.9206430">
    <ele>3306.8</ele>
   </trkpt>
   <trkpt lat="-8.1023560" lon="112.9206480">
    <ele>3306.4</ele>
   </trkpt>
   <trkpt lat="-8.1023690" lon="112.9206250">
    <ele>3307.8</ele>
   </trkpt>
   <trkpt lat="-8.1023660" lon="112.9206040">
    <ele>3307.8</ele>
   </trkpt>
   <trkpt lat="-8.1023710" lon="112.9206040">
    <ele>3308.0</ele>
   </trkpt>
   <trkpt lat="-8.1023820" lon="112.9206100">
    <ele>3308.4</ele>
   </trkpt>
   <trkpt lat="-8.1023850" lon="112.9206190">
    <ele>3308.8</ele>
   </trkpt>
   <trkpt lat="-8.1023870" lon="112.9206190">
    <ele>3308.8</ele>
   </trkpt>
   <trkpt lat="-8.1023950" lon="112.9206320">
    <ele>3309.2</ele>
   </trkpt>
   <trkpt lat="-8.1024020" lon="112.9206360">
    <ele>3310.0</ele>
   </trkpt>
   <trkpt lat="-8.1024030" lon="112.9206400">
    <ele>3310.2</ele>
   </trkpt>
   <trkpt lat="-8.1024130" lon="112.9206550">
    <ele>3310.4</ele>
   </trkpt>
   <trkpt lat="-8.1024380" lon="112.9206690">
    <ele>3311.0</ele>
   </trkpt>
   <trkpt lat="-8.1024550" lon="112.9206730">
    <ele>3312.0</ele>
   </trkpt>
   <trkpt lat="-8.1024710" lon="112.9206590">
    <ele>3312.6</ele>
   </trkpt>
   <trkpt lat="-8.1024850" lon="112.9206500">
    <ele>3313.4</ele>
   </trkpt>
   <trkpt lat="-8.1024900" lon="112.9206410">
    <ele>3313.6</ele>
   </trkpt>
   <trkpt lat="-8.1025090" lon="112.9206450">
    <ele>3314.4</ele>
   </trkpt>
   <trkpt lat="-8.1025130" lon="112.9206600">
    <ele>3315.4</ele>
   </trkpt>
   <trkpt lat="-8.1025190" lon="112.9206720">
    <ele>3316.6</ele>
   </trkpt>
   <trkpt lat="-8.1025240" lon="112.9206810">
    <ele>3317.0</ele>
   </trkpt>
   <trkpt lat="-8.1025400" lon="112.9206860">
    <ele>3317.8</ele>
   </trkpt>
   <trkpt lat="-8.1025530" lon="112.9206750">
    <ele>3318.4</ele>
   </trkpt>
   <trkpt lat="-8.1025810" lon="112.9206590">
    <ele>3318.4</ele>
   </trkpt>
   <trkpt lat="-8.1025880" lon="112.9206750">
    <ele>3319.4</ele>
   </trkpt>
   <trkpt lat="-8.1025930" lon="112.9206780">
    <ele>3320.4</ele>
   </trkpt>
   <trkpt lat="-8.1025940" lon="112.9206810">
    <ele>3320.8</ele>
   </trkpt>
   <trkpt lat="-8.1025960" lon="112.9206880">
    <ele>3321.4</ele>
   </trkpt>
   <trkpt lat="-8.1026130" lon="112.9206700">
    <ele>3321.6</ele>
   </trkpt>
   <trkpt lat="-8.1026260" lon="112.9206500">
    <ele>3322.6</ele>
   </trkpt>
   <trkpt lat="-8.1026290" lon="112.9206680">
    <ele>3323.2</ele>
   </trkpt>
   <trkpt lat="-8.1026390" lon="112.9206860">
    <ele>3323.4</ele>
   </trkpt>
   <trkpt lat="-8.1026500" lon="112.9206750">
    <ele>3323.6</ele>
   </trkpt>
   <trkpt lat="-8.1026500" lon="112.9206720">
    <ele>3323.6</ele>
   </trkpt>
   <trkpt lat="-8.1026480" lon="112.9206660">
    <ele>3324.2</ele>
   </trkpt>
   <trkpt lat="-8.1026680" lon="112.9206810">
    <ele>3325.0</ele>
   </trkpt>
   <trkpt lat="-8.1026920" lon="112.9206950">
    <ele>3325.6</ele>
   </trkpt>
   <trkpt lat="-8.1026990" lon="112.9206700">
    <ele>3326.0</ele>
   </trkpt>
   <trkpt lat="-8.1027030" lon="112.9206570">
    <ele>3326.6</ele>
   </trkpt>
   <trkpt lat="-8.1027120" lon="112.9206460">
    <ele>3327.2</ele>
   </trkpt>
   <trkpt lat="-8.1027190" lon="112.9206450">
    <ele>3328.4</ele>
   </trkpt>
   <trkpt lat="-8.1027230" lon="112.9206540">
    <ele>3328.4</ele>
   </trkpt>
   <trkpt lat="-8.1027340" lon="112.9206620">
    <ele>3329.0</ele>
   </trkpt>
   <trkpt lat="-8.1027380" lon="112.9206700">
    <ele>3329.6</ele>
   </trkpt>
   <trkpt lat="-8.1027400" lon="112.9206700">
    <ele>3329.8</ele>
   </trkpt>
   <trkpt lat="-8.1027560" lon="112.9206530">
    <ele>3330.0</ele>
   </trkpt>
   <trkpt lat="-8.1027580" lon="112.9206370">
    <ele>3330.6</ele>
   </trkpt>
   <trkpt lat="-8.1027780" lon="112.9206240">
    <ele>3331.8</ele>
   </trkpt>
   <trkpt lat="-8.1027880" lon="112.9206140">
    <ele>3332.4</ele>
   </trkpt>
   <trkpt lat="-8.1027980" lon="112.9206030">
    <ele>3332.8</ele>
   </trkpt>
   <trkpt lat="-8.1028020" lon="112.9205970">
    <ele>3333.2</ele>
   </trkpt>
   <trkpt lat="-8.1028030" lon="112.9206000">
    <ele>3334.0</ele>
   </trkpt>
   <trkpt lat="-8.1028170" lon="112.9206200">
    <ele>3335.0</ele>
   </trkpt>
   <trkpt lat="-8.1028330" lon="112.9206320">
    <ele>3335.2</ele>
   </trkpt>
   <trkpt lat="-8.1028460" lon="112.9206400">
    <ele>3335.2</ele>
   </trkpt>
   <trkpt lat="-8.1028490" lon="112.9206230">
    <ele>3336.0</ele>
   </trkpt>
   <trkpt lat="-8.1028520" lon="112.9206230">
    <ele>3336.2</ele>
   </trkpt>
   <trkpt lat="-8.1028570" lon="112.9206260">
    <ele>3336.6</ele>
   </trkpt>
   <trkpt lat="-8.1028680" lon="112.9206280">
    <ele>3337.0</ele>
   </trkpt>
   <trkpt lat="-8.1028880" lon="112.9206250">
    <ele>3337.4</ele>
   </trkpt>
   <trkpt lat="-8.1028910" lon="112.9206270">
    <ele>3337.4</ele>
   </trkpt>
   <trkpt lat="-8.1029070" lon="112.9206170">
    <ele>3338.6</ele>
   </trkpt>
   <trkpt lat="-8.1029100" lon="112.9206220">
    <ele>3339.0</ele>
   </trkpt>
   <trkpt lat="-8.1028990" lon="112.9206190">
    <ele>3339.6</ele>
   </trkpt>
   <trkpt lat="-8.1028890" lon="112.9206130">
    <ele>3339.8</ele>
   </trkpt>
   <trkpt lat="-8.1028890" lon="112.9205850">
    <ele>3340.4</ele>
   </trkpt>
   <trkpt lat="-8.1028890" lon="112.9205860">
    <ele>3340.6</ele>
   </trkpt>
   <trkpt lat="-8.1028980" lon="112.9205960">
    <ele>3340.8</ele>
   </trkpt>
   <trkpt lat="-8.1029030" lon="112.9206270">
    <ele>3340.4</ele>
   </trkpt>
   <trkpt lat="-8.1029240" lon="112.9206640">
    <ele>3340.8</ele>
   </trkpt>
   <trkpt lat="-8.1029220" lon="112.9206720">
    <ele>3341.0</ele>
   </trkpt>
   <trkpt lat="-8.1029290" lon="112.9206930">
    <ele>3341.6</ele>
   </trkpt>
   <trkpt lat="-8.1029430" lon="112.9206900">
    <ele>3342.0</ele>
   </trkpt>
   <trkpt lat="-8.1029630" lon="112.9206930">
    <ele>3342.8</ele>
   </trkpt>
   <trkpt lat="-8.1029710" lon="112.9207000">
    <ele>3343.6</ele>
   </trkpt>
   <trkpt lat="-8.1029790" lon="112.9207040">
    <ele>3343.8</ele>
   </trkpt>
   <trkpt lat="-8.1029800" lon="112.9207140">
    <ele>3344.0</ele>
   </trkpt>
   <trkpt lat="-8.1029850" lon="112.9207130">
    <ele>3344.2</ele>
   </trkpt>
   <trkpt lat="-8.1029950" lon="112.9206820">
    <ele>3344.6</ele>
   </trkpt>
   <trkpt lat="-8.1030020" lon="112.9206650">
    <ele>3345.0</ele>
   </trkpt>
   <trkpt lat="-8.1030090" lon="112.9206490">
    <ele>3346.0</ele>
   </trkpt>
   <trkpt lat="-8.1030130" lon="112.9206440">
    <ele>3346.2</ele>
   </trkpt>
   <trkpt lat="-8.1030360" lon="112.9206220">
    <ele>3347.2</ele>
   </trkpt>
   <trkpt lat="-8.1030430" lon="112.9206310">
    <ele>3347.4</ele>
   </trkpt>
   <trkpt lat="-8.1030620" lon="112.9206650">
    <ele>3348.4</ele>
   </trkpt>
   <trkpt lat="-8.1030780" lon="112.9206480">
    <ele>3349.0</ele>
   </trkpt>
   <trkpt lat="-8.1030630" lon="112.9206360">
    <ele>3349.6</ele>
   </trkpt>
   <trkpt lat="-8.1030630" lon="112.9206400">
    <ele>3350.2</ele>
   </trkpt>
   <trkpt lat="-8.1030630" lon="112.9206230">
    <ele>3350.6</ele>
   </trkpt>
   <trkpt lat="-8.1030660" lon="112.9206180">
    <ele>3351.0</ele>
   </trkpt>
   <trkpt lat="-8.1030780" lon="112.9206150">
    <ele>3351.6</ele>
   </trkpt>
   <trkpt lat="-8.1030830" lon="112.9206100">
    <ele>3352.0</ele>
   </trkpt>
   <trkpt lat="-8.1031000" lon="112.9205930">
    <ele>3352.6</ele>
   </trkpt>
   <trkpt lat="-8.1031040" lon="112.9205730">
    <ele>3353.6</ele>
   </trkpt>
   <trkpt lat="-8.1031060" lon="112.9205770">
    <ele>3354.0</ele>
   </trkpt>
   <trkpt lat="-8.1031130" lon="112.9205880">
    <ele>3354.0</ele>
   </trkpt>
   <trkpt lat="-8.1031160" lon="112.9206000">
    <ele>3353.4</ele>
   </trkpt>
   <trkpt lat="-8.1031160" lon="112.9206070">
    <ele>3353.2</ele>
   </trkpt>
   <trkpt lat="-8.1031220" lon="112.9206080">
    <ele>3353.2</ele>
   </trkpt>
   <trkpt lat="-8.1031390" lon="112.9206240">
    <ele>3355.2</ele>
   </trkpt>
   <trkpt lat="-8.1031540" lon="112.9206330">
    <ele>3356.4</ele>
   </trkpt>
   <trkpt lat="-8.1031560" lon="112.9206460">
    <ele>3357.4</ele>
   </trkpt>
   <trkpt lat="-8.1031630" lon="112.9206530">
    <ele>3357.6</ele>
   </trkpt>
   <trkpt lat="-8.1031820" lon="112.9206400">
    <ele>3357.8</ele>
   </trkpt>
   <trkpt lat="-8.1032020" lon="112.9206240">
    <ele>3358.6</ele>
   </trkpt>
   <trkpt lat="-8.1032140" lon="112.9206280">
    <ele>3359.8</ele>
   </trkpt>
   <trkpt lat="-8.1032170" lon="112.9206310">
    <ele>3359.8</ele>
   </trkpt>
   <trkpt lat="-8.1032230" lon="112.9206580">
    <ele>3360.8</ele>
   </trkpt>
   <trkpt lat="-8.1032230" lon="112.9206610">
    <ele>3361.0</ele>
   </trkpt>
   <trkpt lat="-8.1032420" lon="112.9206700">
    <ele>3360.6</ele>
   </trkpt>
   <trkpt lat="-8.1032610" lon="112.9206560">
    <ele>3361.8</ele>
   </trkpt>
   <trkpt lat="-8.1032600" lon="112.9206600">
    <ele>3362.2</ele>
   </trkpt>
   <trkpt lat="-8.1032610" lon="112.9206690">
    <ele>3362.6</ele>
   </trkpt>
   <trkpt lat="-8.1032750" lon="112.9206690">
    <ele>3363.2</ele>
   </trkpt>
   <trkpt lat="-8.1032750" lon="112.9206650">
    <ele>3363.6</ele>
   </trkpt>
   <trkpt lat="-8.1033000" lon="112.9206450">
    <ele>3363.8</ele>
   </trkpt>
   <trkpt lat="-8.1033060" lon="112.9206530">
    <ele>3364.6</ele>
   </trkpt>
   <trkpt lat="-8.1033120" lon="112.9206650">
    <ele>3365.6</ele>
   </trkpt>
   <trkpt lat="-8.1033150" lon="112.9206670">
    <ele>3365.8</ele>
   </trkpt>
   <trkpt lat="-8.1033130" lon="112.9206760">
    <ele>3366.2</ele>
   </trkpt>
   <trkpt lat="-8.1033110" lon="112.9206600">
    <ele>3366.6</ele>
   </trkpt>
   <trkpt lat="-8.1033110" lon="112.9206590">
    <ele>3366.8</ele>
   </trkpt>
   <trkpt lat="-8.1033210" lon="112.9206540">
    <ele>3367.8</ele>
   </trkpt>
   <trkpt lat="-8.1033260" lon="112.9206570">
    <ele>3368.0</ele>
   </trkpt>
   <trkpt lat="-8.1033500" lon="112.9206690">
    <ele>3368.6</ele>
   </trkpt>
   <trkpt lat="-8.1033690" lon="112.9206720">
    <ele>3369.2</ele>
   </trkpt>
   <trkpt lat="-8.1033710" lon="112.9206730">
    <ele>3369.6</ele>
   </trkpt>
   <trkpt lat="-8.1033780" lon="112.9206790">
    <ele>3370.0</ele>
   </trkpt>
   <trkpt lat="-8.1033950" lon="112.9206720">
    <ele>3370.6</ele>
   </trkpt>
   <trkpt lat="-8.1034000" lon="112.9206650">
    <ele>3371.4</ele>
   </trkpt>
   <trkpt lat="-8.1034030" lon="112.9206710">
    <ele>3371.6</ele>
   </trkpt>
   <trkpt lat="-8.1034190" lon="112.9206740">
    <ele>3372.2</ele>
   </trkpt>
   <trkpt lat="-8.1034320" lon="112.9207020">
    <ele>3372.0</ele>
   </trkpt>
   <trkpt lat="-8.1034530" lon="112.9206970">
    <ele>3372.6</ele>
   </trkpt>
   <trkpt lat="-8.1034580" lon="112.9207000">
    <ele>3372.6</ele>
   </trkpt>
   <trkpt lat="-8.1034580" lon="112.9207000">
    <ele>3373.0</ele>
   </trkpt>
   <trkpt lat="-8.1034560" lon="112.9206990">
    <ele>3374.2</ele>
   </trkpt>
   <trkpt lat="-8.1034570" lon="112.9207060">
    <ele>3374.4</ele>
   </trkpt>
   <trkpt lat="-8.1034560" lon="112.9207080">
    <ele>3374.4</ele>
   </trkpt>
   <trkpt lat="-8.1034630" lon="112.9207100">
    <ele>3374.6</ele>
   </trkpt>
   <trkpt lat="-8.1034780" lon="112.9207220">
    <ele>3375.2</ele>
   </trkpt>
   <trkpt lat="-8.1034900" lon="112.9207210">
    <ele>3375.8</ele>
   </trkpt>
   <trkpt lat="-8.1034900" lon="112.9207210">
    <ele>3375.8</ele>
   </trkpt>
   <trkpt lat="-8.1034930" lon="112.9207210">
    <ele>3376.2</ele>
   </trkpt>
   <trkpt lat="-8.1034930" lon="112.9207270">
    <ele>3376.4</ele>
   </trkpt>
   <trkpt lat="-8.1034940" lon="112.9207280">
    <ele>3376.0</ele>
   </trkpt>
   <trkpt lat="-8.1034970" lon="112.9207400">
    <ele>3376.0</ele>
   </trkpt>
   <trkpt lat="-8.1035110" lon="112.9207510">
    <ele>3377.2</ele>
   </trkpt>
   <trkpt lat="-8.1035150" lon="112.9207460">
    <ele>3377.2</ele>
   </trkpt>
   <trkpt lat="-8.1035190" lon="112.9207330">
    <ele>3377.0</ele>
   </trkpt>
   <trkpt lat="-8.1035250" lon="112.9207330">
    <ele>3377.4</ele>
   </trkpt>
   <trkpt lat="-8.1035390" lon="112.9207270">
    <ele>3378.2</ele>
   </trkpt>
   <trkpt lat="-8.1035380" lon="112.9207220">
    <ele>3378.6</ele>
   </trkpt>
   <trkpt lat="-8.1035480" lon="112.9207270">
    <ele>3379.4</ele>
   </trkpt>
   <trkpt lat="-8.1035530" lon="112.9207320">
    <ele>3379.4</ele>
   </trkpt>
   <trkpt lat="-8.1035590" lon="112.9207450">
    <ele>3380.0</ele>
   </trkpt>
   <trkpt lat="-8.1035630" lon="112.9207520">
    <ele>3381.0</ele>
   </trkpt>
   <trkpt lat="-8.1035720" lon="112.9207510">
    <ele>3381.2</ele>
   </trkpt>
   <trkpt lat="-8.1035780" lon="112.9207460">
    <ele>3381.2</ele>
   </trkpt>
   <trkpt lat="-8.1035900" lon="112.9207470">
    <ele>3381.2</ele>
   </trkpt>
   <trkpt lat="-8.1035970" lon="112.9207590">
    <ele>3381.8</ele>
   </trkpt>
   <trkpt lat="-8.1035980" lon="112.9207650">
    <ele>3382.2</ele>
   </trkpt>
   <trkpt lat="-8.1036120" lon="112.9207620">
    <ele>3382.6</ele>
   </trkpt>
   <trkpt lat="-8.1036120" lon="112.9207470">
    <ele>3383.4</ele>
   </trkpt>
   <trkpt lat="-8.1036110" lon="112.9207540">
    <ele>3383.6</ele>
   </trkpt>
   <trkpt lat="-8.1036240" lon="112.9207630">
    <ele>3383.8</ele>
   </trkpt>
   <trkpt lat="-8.1036370" lon="112.9207370">
    <ele>3384.0</ele>
   </trkpt>
   <trkpt lat="-8.1036420" lon="112.9207080">
    <ele>3384.4</ele>
   </trkpt>
   <trkpt lat="-8.1036450" lon="112.9207050">
    <ele>3384.6</ele>
   </trkpt>
   <trkpt lat="-8.1036500" lon="112.9207060">
    <ele>3385.8</ele>
   </trkpt>
   <trkpt lat="-8.1036480" lon="112.9207040">
    <ele>3385.8</ele>
   </trkpt>
   <trkpt lat="-8.1036640" lon="112.9207080">
    <ele>3386.8</ele>
   </trkpt>
   <trkpt lat="-8.1036640" lon="112.9207190">
    <ele>3387.2</ele>
   </trkpt>
   <trkpt lat="-8.1036660" lon="112.9207220">
    <ele>3387.2</ele>
   </trkpt>
   <trkpt lat="-8.1036760" lon="112.9207350">
    <ele>3386.2</ele>
   </trkpt>
   <trkpt lat="-8.1036730" lon="112.9207370">
    <ele>3386.4</ele>
   </trkpt>
   <trkpt lat="-8.1036730" lon="112.9207400">
    <ele>3387.0</ele>
   </trkpt>
   <trkpt lat="-8.1036950" lon="112.9207580">
    <ele>3387.0</ele>
   </trkpt>
   <trkpt lat="-8.1037050" lon="112.9207650">
    <ele>3387.8</ele>
   </trkpt>
   <trkpt lat="-8.1037150" lon="112.9207740">
    <ele>3388.4</ele>
   </trkpt>
   <trkpt lat="-8.1037170" lon="112.9207800">
    <ele>3388.6</ele>
   </trkpt>
   <trkpt lat="-8.1037180" lon="112.9207840">
    <ele>3388.8</ele>
   </trkpt>
   <trkpt lat="-8.1037330" lon="112.9207720">
    <ele>3389.2</ele>
   </trkpt>
   <trkpt lat="-8.1037400" lon="112.9207440">
    <ele>3390.0</ele>
   </trkpt>
   <trkpt lat="-8.1037420" lon="112.9207370">
    <ele>3390.6</ele>
   </trkpt>
   <trkpt lat="-8.1037440" lon="112.9207370">
    <ele>3391.0</ele>
   </trkpt>
   <trkpt lat="-8.1037580" lon="112.9207470">
    <ele>3392.2</ele>
   </trkpt>
   <trkpt lat="-8.1037620" lon="112.9207510">
    <ele>3392.4</ele>
   </trkpt>
   <trkpt lat="-8.1037710" lon="112.9207620">
    <ele>3392.8</ele>
   </trkpt>
   <trkpt lat="-8.1037820" lon="112.9207740">
    <ele>3393.4</ele>
   </trkpt>
   <trkpt lat="-8.1037960" lon="112.9207680">
    <ele>3394.0</ele>
   </trkpt>
   <trkpt lat="-8.1038000" lon="112.9207600">
    <ele>3394.4</ele>
   </trkpt>
   <trkpt lat="-8.1038100" lon="112.9207340">
    <ele>3395.2</ele>
   </trkpt>
   <trkpt lat="-8.1038150" lon="112.9207360">
    <ele>3395.6</ele>
   </trkpt>
   <trkpt lat="-8.1038280" lon="112.9207510">
    <ele>3396.2</ele>
   </trkpt>
   <trkpt lat="-8.1038320" lon="112.9207610">
    <ele>3396.6</ele>
   </trkpt>
   <trkpt lat="-8.1038410" lon="112.9207760">
    <ele>3397.2</ele>
   </trkpt>
   <trkpt lat="-8.1038440" lon="112.9207840">
    <ele>3397.6</ele>
   </trkpt>
   <trkpt lat="-8.1038610" lon="112.9207920">
    <ele>3398.4</ele>
   </trkpt>
   <trkpt lat="-8.1038700" lon="112.9207990">
    <ele>3398.8</ele>
   </trkpt>
   <trkpt lat="-8.1038810" lon="112.9208040">
    <ele>3399.6</ele>
   </trkpt>
   <trkpt lat="-8.1038850" lon="112.9208090">
    <ele>3399.8</ele>
   </trkpt>
   <trkpt lat="-8.1038960" lon="112.9208260">
    <ele>3400.4</ele>
   </trkpt>
   <trkpt lat="-8.1039100" lon="112.9208190">
    <ele>3400.6</ele>
   </trkpt>
   <trkpt lat="-8.1039200" lon="112.9208100">
    <ele>3400.8</ele>
   </trkpt>
   <trkpt lat="-8.1039260" lon="112.9207970">
    <ele>3401.2</ele>
   </trkpt>
   <trkpt lat="-8.1039250" lon="112.9207860">
    <ele>3402.0</ele>
   </trkpt>
   <trkpt lat="-8.1039260" lon="112.9207830">
    <ele>3402.4</ele>
   </trkpt>
   <trkpt lat="-8.1039410" lon="112.9207850">
    <ele>3402.8</ele>
   </trkpt>
   <trkpt lat="-8.1039460" lon="112.9207890">
    <ele>3403.2</ele>
   </trkpt>
   <trkpt lat="-8.1039500" lon="112.9208010">
    <ele>3404.2</ele>
   </trkpt>
   <trkpt lat="-8.1039440" lon="112.9208220">
    <ele>3404.8</ele>
   </trkpt>
   <trkpt lat="-8.1039520" lon="112.9208190">
    <ele>3405.2</ele>
   </trkpt>
   <trkpt lat="-8.1039510" lon="112.9208210">
    <ele>3405.4</ele>
   </trkpt>
   <trkpt lat="-8.1039610" lon="112.9208320">
    <ele>3405.8</ele>
   </trkpt>
   <trkpt lat="-8.1039770" lon="112.9208380">
    <ele>3406.6</ele>
   </trkpt>
   <trkpt lat="-8.1039840" lon="112.9208400">
    <ele>3406.8</ele>
   </trkpt>
   <trkpt lat="-8.1039920" lon="112.9208400">
    <ele>3407.6</ele>
   </trkpt>
   <trkpt lat="-8.1039990" lon="112.9208540">
    <ele>3408.2</ele>
   </trkpt>
   <trkpt lat="-8.1040030" lon="112.9208620">
    <ele>3408.6</ele>
   </trkpt>
   <trkpt lat="-8.1040050" lon="112.9208650">
    <ele>3408.8</ele>
   </trkpt>
   <trkpt lat="-8.1040130" lon="112.9208710">
    <ele>3409.0</ele>
   </trkpt>
   <trkpt lat="-8.1040290" lon="112.9208490">
    <ele>3410.0</ele>
   </trkpt>
   <trkpt lat="-8.1040470" lon="112.9208280">
    <ele>3410.4</ele>
   </trkpt>
   <trkpt lat="-8.1040520" lon="112.9208240">
    <ele>3411.0</ele>
   </trkpt>
   <trkpt lat="-8.1040600" lon="112.9208340">
    <ele>3412.0</ele>
   </trkpt>
   <trkpt lat="-8.1040780" lon="112.9208440">
    <ele>3413.0</ele>
   </trkpt>
   <trkpt lat="-8.1040840" lon="112.9208500">
    <ele>3413.4</ele>
   </trkpt>
   <trkpt lat="-8.1040960" lon="112.9208550">
    <ele>3413.8</ele>
   </trkpt>
   <trkpt lat="-8.1041100" lon="112.9208460">
    <ele>3414.4</ele>
   </trkpt>
   <trkpt lat="-8.1041130" lon="112.9208340">
    <ele>3415.0</ele>
   </trkpt>
   <trkpt lat="-8.1041140" lon="112.9208190">
    <ele>3415.6</ele>
   </trkpt>
   <trkpt lat="-8.1041140" lon="112.9208090">
    <ele>3415.8</ele>
   </trkpt>
   <trkpt lat="-8.1041200" lon="112.9207970">
    <ele>3416.0</ele>
   </trkpt>
   <trkpt lat="-8.1041270" lon="112.9207950">
    <ele>3416.6</ele>
   </trkpt>
   <trkpt lat="-8.1041310" lon="112.9207900">
    <ele>3417.2</ele>
   </trkpt>
   <trkpt lat="-8.1041360" lon="112.9207860">
    <ele>3417.8</ele>
   </trkpt>
   <trkpt lat="-8.1041470" lon="112.9207830">
    <ele>3418.0</ele>
   </trkpt>
   <trkpt lat="-8.1041590" lon="112.9207850">
    <ele>3418.8</ele>
   </trkpt>
   <trkpt lat="-8.1041700" lon="112.9207950">
    <ele>3419.6</ele>
   </trkpt>
   <trkpt lat="-8.1041830" lon="112.9208110">
    <ele>3419.6</ele>
   </trkpt>
   <trkpt lat="-8.1041850" lon="112.9208170">
    <ele>3420.0</ele>
   </trkpt>
   <trkpt lat="-8.1041940" lon="112.9208260">
    <ele>3420.4</ele>
   </trkpt>
   <trkpt lat="-8.1041970" lon="112.9208320">
    <ele>3420.4</ele>
   </trkpt>
   <trkpt lat="-8.1042070" lon="112.9208340">
    <ele>3420.8</ele>
   </trkpt>
   <trkpt lat="-8.1042090" lon="112.9208330">
    <ele>3421.0</ele>
   </trkpt>
   <trkpt lat="-8.1042220" lon="112.9208360">
    <ele>3422.0</ele>
   </trkpt>
   <trkpt lat="-8.1042400" lon="112.9208420">
    <ele>3423.0</ele>
   </trkpt>
   <trkpt lat="-8.1042480" lon="112.9208300">
    <ele>3423.0</ele>
   </trkpt>
   <trkpt lat="-8.1042470" lon="112.9208220">
    <ele>3423.4</ele>
   </trkpt>
   <trkpt lat="-8.1042460" lon="112.9208080">
    <ele>3423.8</ele>
   </trkpt>
   <trkpt lat="-8.1042570" lon="112.9207900">
    <ele>3424.0</ele>
   </trkpt>
   <trkpt lat="-8.1042580" lon="112.9207840">
    <ele>3424.2</ele>
   </trkpt>
   <trkpt lat="-8.1042670" lon="112.9207810">
    <ele>3425.2</ele>
   </trkpt>
   <trkpt lat="-8.1042720" lon="112.9207750">
    <ele>3425.6</ele>
   </trkpt>
   <trkpt lat="-8.1042770" lon="112.9207600">
    <ele>3426.2</ele>
   </trkpt>
   <trkpt lat="-8.1042810" lon="112.9207530">
    <ele>3426.6</ele>
   </trkpt>
   <trkpt lat="-8.1042890" lon="112.9207380">
    <ele>3427.0</ele>
   </trkpt>
   <trkpt lat="-8.1042930" lon="112.9207380">
    <ele>3427.2</ele>
   </trkpt>
   <trkpt lat="-8.1043000" lon="112.9207430">
    <ele>3428.6</ele>
   </trkpt>
   <trkpt lat="-8.1043110" lon="112.9207440">
    <ele>3429.0</ele>
   </trkpt>
   <trkpt lat="-8.1043220" lon="112.9207580">
    <ele>3429.0</ele>
   </trkpt>
   <trkpt lat="-8.1043350" lon="112.9207760">
    <ele>3428.8</ele>
   </trkpt>
   <trkpt lat="-8.1043440" lon="112.9207850">
    <ele>3429.6</ele>
   </trkpt>
   <trkpt lat="-8.1043480" lon="112.9207990">
    <ele>3430.4</ele>
   </trkpt>
   <trkpt lat="-8.1043570" lon="112.9208050">
    <ele>3430.6</ele>
   </trkpt>
   <trkpt lat="-8.1043620" lon="112.9208120">
    <ele>3431.2</ele>
   </trkpt>
   <trkpt lat="-8.1043780" lon="112.9208050">
    <ele>3431.6</ele>
   </trkpt>
   <trkpt lat="-8.1043820" lon="112.9208010">
    <ele>3432.0</ele>
   </trkpt>
   <trkpt lat="-8.1043850" lon="112.9207950">
    <ele>3433.0</ele>
   </trkpt>
   <trkpt lat="-8.1043850" lon="112.9207940">
    <ele>3433.0</ele>
   </trkpt>
   <trkpt lat="-8.1043850" lon="112.9207890">
    <ele>3433.2</ele>
   </trkpt>
   <trkpt lat="-8.1043880" lon="112.9207950">
    <ele>3433.4</ele>
   </trkpt>
   <trkpt lat="-8.1043850" lon="112.9208030">
    <ele>3434.0</ele>
   </trkpt>
   <trkpt lat="-8.1043840" lon="112.9208020">
    <ele>3434.0</ele>
   </trkpt>
   <trkpt lat="-8.1043870" lon="112.9208040">
    <ele>3433.6</ele>
   </trkpt>
   <trkpt lat="-8.1044020" lon="112.9208210">
    <ele>3434.4</ele>
   </trkpt>
   <trkpt lat="-8.1044150" lon="112.9208190">
    <ele>3435.2</ele>
   </trkpt>
   <trkpt lat="-8.1044140" lon="112.9208220">
    <ele>3435.2</ele>
   </trkpt>
   <trkpt lat="-8.1044170" lon="112.9208240">
    <ele>3434.8</ele>
   </trkpt>
   <trkpt lat="-8.1044280" lon="112.9208280">
    <ele>3434.6</ele>
   </trkpt>
   <trkpt lat="-8.1044250" lon="112.9208180">
    <ele>3435.6</ele>
   </trkpt>
   <trkpt lat="-8.1044260" lon="112.9208030">
    <ele>3435.8</ele>
   </trkpt>
   <trkpt lat="-8.1044360" lon="112.9208050">
    <ele>3435.8</ele>
   </trkpt>
   <trkpt lat="-8.1044540" lon="112.9208020">
    <ele>3436.4</ele>
   </trkpt>
   <trkpt lat="-8.1044590" lon="112.9208090">
    <ele>3437.0</ele>
   </trkpt>
   <trkpt lat="-8.1044630" lon="112.9208090">
    <ele>3437.6</ele>
   </trkpt>
   <trkpt lat="-8.1044600" lon="112.9208110">
    <ele>3438.4</ele>
   </trkpt>
   <trkpt lat="-8.1044720" lon="112.9208190">
    <ele>3438.8</ele>
   </trkpt>
   <trkpt lat="-8.1044790" lon="112.9208150">
    <ele>3439.2</ele>
   </trkpt>
   <trkpt lat="-8.1044940" lon="112.9208030">
    <ele>3440.0</ele>
   </trkpt>
   <trkpt lat="-8.1044940" lon="112.9207850">
    <ele>3440.6</ele>
   </trkpt>
   <trkpt lat="-8.1045130" lon="112.9207810">
    <ele>3441.0</ele>
   </trkpt>
   <trkpt lat="-8.1045140" lon="112.9207730">
    <ele>3441.2</ele>
   </trkpt>
   <trkpt lat="-8.1045190" lon="112.9207660">
    <ele>3442.0</ele>
   </trkpt>
   <trkpt lat="-8.1045190" lon="112.9207660">
    <ele>3442.2</ele>
   </trkpt>
   <trkpt lat="-8.1045290" lon="112.9207660">
    <ele>3442.4</ele>
   </trkpt>
   <trkpt lat="-8.1045470" lon="112.9207880">
    <ele>3443.4</ele>
   </trkpt>
   <trkpt lat="-8.1045530" lon="112.9207970">
    <ele>3444.4</ele>
   </trkpt>
   <trkpt lat="-8.1045640" lon="112.9208090">
    <ele>3444.6</ele>
   </trkpt>
   <trkpt lat="-8.1045770" lon="112.9208120">
    <ele>3444.6</ele>
   </trkpt>
   <trkpt lat="-8.1045850" lon="112.9208170">
    <ele>3445.0</ele>
   </trkpt>
   <trkpt lat="-8.1045950" lon="112.9208250">
    <ele>3445.6</ele>
   </trkpt>
   <trkpt lat="-8.1046000" lon="112.9208330">
    <ele>3445.8</ele>
   </trkpt>
   <trkpt lat="-8.1046010" lon="112.9208430">
    <ele>3446.0</ele>
   </trkpt>
   <trkpt lat="-8.1046070" lon="112.9208480">
    <ele>3446.2</ele>
   </trkpt>
   <trkpt lat="-8.1046070" lon="112.9208400">
    <ele>3446.4</ele>
   </trkpt>
   <trkpt lat="-8.1046080" lon="112.9208400">
    <ele>3446.6</ele>
   </trkpt>
   <trkpt lat="-8.1046290" lon="112.9208340">
    <ele>3446.6</ele>
   </trkpt>
   <trkpt lat="-8.1046420" lon="112.9208410">
    <ele>3447.4</ele>
   </trkpt>
   <trkpt lat="-8.1046430" lon="112.9208430">
    <ele>3447.8</ele>
   </trkpt>
   <trkpt lat="-8.1046460" lon="112.9208470">
    <ele>3448.4</ele>
   </trkpt>
   <trkpt lat="-8.1046500" lon="112.9208530">
    <ele>3448.8</ele>
   </trkpt>
   <trkpt lat="-8.1046590" lon="112.9208600">
    <ele>3450.0</ele>
   </trkpt>
   <trkpt lat="-8.1046590" lon="112.9208590">
    <ele>3449.8</ele>
   </trkpt>
   <trkpt lat="-8.1046650" lon="112.9208420">
    <ele>3450.2</ele>
   </trkpt>
   <trkpt lat="-8.1046640" lon="112.9208370">
    <ele>3451.0</ele>
   </trkpt>
   <trkpt lat="-8.1046660" lon="112.9208370">
    <ele>3451.0</ele>
   </trkpt>
   <trkpt lat="-8.1046710" lon="112.9208160">
    <ele>3451.4</ele>
   </trkpt>
   <trkpt lat="-8.1046870" lon="112.9208130">
    <ele>3451.6</ele>
   </trkpt>
   <trkpt lat="-8.1046910" lon="112.9208060">
    <ele>3452.0</ele>
   </trkpt>
   <trkpt lat="-8.1046950" lon="112.9207980">
    <ele>3452.6</ele>
   </trkpt>
   <trkpt lat="-8.1046960" lon="112.9208000">
    <ele>3453.4</ele>
   </trkpt>
   <trkpt lat="-8.1046990" lon="112.9208070">
    <ele>3453.6</ele>
   </trkpt>
   <trkpt lat="-8.1047130" lon="112.9208230">
    <ele>3453.8</ele>
   </trkpt>
   <trkpt lat="-8.1047200" lon="112.9208290">
    <ele>3453.6</ele>
   </trkpt>
   <trkpt lat="-8.1047190" lon="112.9208380">
    <ele>3454.2</ele>
   </trkpt>
   <trkpt lat="-8.1047160" lon="112.9208380">
    <ele>3454.4</ele>
   </trkpt>
   <trkpt lat="-8.1047230" lon="112.9208310">
    <ele>3454.6</ele>
   </trkpt>
   <trkpt lat="-8.1047330" lon="112.9208330">
    <ele>3455.6</ele>
   </trkpt>
   <trkpt lat="-8.1047450" lon="112.9208320">
    <ele>3456.2</ele>
   </trkpt>
   <trkpt lat="-8.1047440" lon="112.9208330">
    <ele>3456.4</ele>
   </trkpt>
   <trkpt lat="-8.1047550" lon="112.9208410">
    <ele>3456.8</ele>
   </trkpt>
   <trkpt lat="-8.1047650" lon="112.9208490">
    <ele>3457.2</ele>
   </trkpt>
   <trkpt lat="-8.1047740" lon="112.9208370">
    <ele>3457.8</ele>
   </trkpt>
   <trkpt lat="-8.1047830" lon="112.9208250">
    <ele>3457.8</ele>
   </trkpt>
   <trkpt lat="-8.1047860" lon="112.9208160">
    <ele>3458.6</ele>
   </trkpt>
   <trkpt lat="-8.1047870" lon="112.9208240">
    <ele>3458.8</ele>
   </trkpt>
   <trkpt lat="-8.1047890" lon="112.9208220">
    <ele>3459.0</ele>
   </trkpt>
   <trkpt lat="-8.1047960" lon="112.9208200">
    <ele>3459.2</ele>
   </trkpt>
   <trkpt lat="-8.1048050" lon="112.9208070">
    <ele>3459.8</ele>
   </trkpt>
   <trkpt lat="-8.1048080" lon="112.9208040">
    <ele>3460.0</ele>
   </trkpt>
   <trkpt lat="-8.1048230" lon="112.9208000">
    <ele>3461.2</ele>
   </trkpt>
   <trkpt lat="-8.1048420" lon="112.9208170">
    <ele>3461.8</ele>
   </trkpt>
   <trkpt lat="-8.1048500" lon="112.9208240">
    <ele>3462.2</ele>
   </trkpt>
   <trkpt lat="-8.1048590" lon="112.9208320">
    <ele>3462.4</ele>
   </trkpt>
   <trkpt lat="-8.1048610" lon="112.9208240">
    <ele>3462.6</ele>
   </trkpt>
   <trkpt lat="-8.1048660" lon="112.9208090">
    <ele>3463.0</ele>
   </trkpt>
   <trkpt lat="-8.1048700" lon="112.9208010">
    <ele>3463.4</ele>
   </trkpt>
   <trkpt lat="-8.1048710" lon="112.9207990">
    <ele>3463.4</ele>
   </trkpt>
   <trkpt lat="-8.1048800" lon="112.9208000">
    <ele>3464.0</ele>
   </trkpt>
   <trkpt lat="-8.1048850" lon="112.9208010">
    <ele>3464.4</ele>
   </trkpt>
   <trkpt lat="-8.1048880" lon="112.9208000">
    <ele>3465.0</ele>
   </trkpt>
   <trkpt lat="-8.1048930" lon="112.9208190">
    <ele>3464.4</ele>
   </trkpt>
   <trkpt lat="-8.1048990" lon="112.9208350">
    <ele>3464.6</ele>
   </trkpt>
   <trkpt lat="-8.1049100" lon="112.9208490">
    <ele>3465.6</ele>
   </trkpt>
   <trkpt lat="-8.1049170" lon="112.9208530">
    <ele>3466.6</ele>
   </trkpt>
   <trkpt lat="-8.1049210" lon="112.9208540">
    <ele>3467.0</ele>
   </trkpt>
   <trkpt lat="-8.1049380" lon="112.9208380">
    <ele>3467.6</ele>
   </trkpt>
   <trkpt lat="-8.1049400" lon="112.9208320">
    <ele>3467.6</ele>
   </trkpt>
   <trkpt lat="-8.1049540" lon="112.9208170">
    <ele>3468.4</ele>
   </trkpt>
   <trkpt lat="-8.1049540" lon="112.9208140">
    <ele>3468.8</ele>
   </trkpt>
   <trkpt lat="-8.1049540" lon="112.9208090">
    <ele>3469.4</ele>
   </trkpt>
   <trkpt lat="-8.1049620" lon="112.9208090">
    <ele>3469.8</ele>
   </trkpt>
   <trkpt lat="-8.1049710" lon="112.9208070">
    <ele>3470.2</ele>
   </trkpt>
   <trkpt lat="-8.1049800" lon="112.9208170">
    <ele>3471.0</ele>
   </trkpt>
   <trkpt lat="-8.1049830" lon="112.9208240">
    <ele>3471.0</ele>
   </trkpt>
   <trkpt lat="-8.1049850" lon="112.9208310">
    <ele>3471.0</ele>
   </trkpt>
   <trkpt lat="-8.1050010" lon="112.9208360">
    <ele>3472.0</ele>
   </trkpt>
   <trkpt lat="-8.1050050" lon="112.9208320">
    <ele>3472.2</ele>
   </trkpt>
   <trkpt lat="-8.1050110" lon="112.9208160">
    <ele>3473.0</ele>
   </trkpt>
   <trkpt lat="-8.1050150" lon="112.9208110">
    <ele>3473.4</ele>
   </trkpt>
   <trkpt lat="-8.1050360" lon="112.9208200">
    <ele>3474.0</ele>
   </trkpt>
   <trkpt lat="-8.1050430" lon="112.9208480">
    <ele>3474.6</ele>
   </trkpt>
   <trkpt lat="-8.1050500" lon="112.9208660">
    <ele>3475.2</ele>
   </trkpt>
   <trkpt lat="-8.1050640" lon="112.9208830">
    <ele>3475.4</ele>
   </trkpt>
   <trkpt lat="-8.1050780" lon="112.9208660">
    <ele>3475.4</ele>
   </trkpt>
   <trkpt lat="-8.1050840" lon="112.9208600">
    <ele>3475.6</ele>
   </trkpt>
   <trkpt lat="-8.1050900" lon="112.9208580">
    <ele>3475.8</ele>
   </trkpt>
   <trkpt lat="-8.1050980" lon="112.9208460">
    <ele>3476.6</ele>
   </trkpt>
   <trkpt lat="-8.1050980" lon="112.9208430">
    <ele>3477.0</ele>
   </trkpt>
   <trkpt lat="-8.1051000" lon="112.9208370">
    <ele>3477.4</ele>
   </trkpt>
   <trkpt lat="-8.1051060" lon="112.9208300">
    <ele>3477.6</ele>
   </trkpt>
   <trkpt lat="-8.1051060" lon="112.9208250">
    <ele>3478.2</ele>
   </trkpt>
   <trkpt lat="-8.1051190" lon="112.9208320">
    <ele>3479.0</ele>
   </trkpt>
   <trkpt lat="-8.1051210" lon="112.9208320">
    <ele>3479.2</ele>
   </trkpt>
   <trkpt lat="-8.1051370" lon="112.9208350">
    <ele>3479.4</ele>
   </trkpt>
   <trkpt lat="-8.1051370" lon="112.9208500">
    <ele>3480.2</ele>
   </trkpt>
   <trkpt lat="-8.1051540" lon="112.9208460">
    <ele>3481.2</ele>
   </trkpt>
   <trkpt lat="-8.1051590" lon="112.9208490">
    <ele>3481.4</ele>
   </trkpt>
   <trkpt lat="-8.1051640" lon="112.9208580">
    <ele>3481.8</ele>
   </trkpt>
   <trkpt lat="-8.1051720" lon="112.9208630">
    <ele>3482.0</ele>
   </trkpt>
   <trkpt lat="-8.1051840" lon="112.9208890">
    <ele>3482.2</ele>
   </trkpt>
   <trkpt lat="-8.1051860" lon="112.9208980">
    <ele>3482.6</ele>
   </trkpt>
   <trkpt lat="-8.1051950" lon="112.9209110">
    <ele>3483.6</ele>
   </trkpt>
   <trkpt lat="-8.1052010" lon="112.9209150">
    <ele>3484.0</ele>
   </trkpt>
   <trkpt lat="-8.1052120" lon="112.9209270">
    <ele>3484.6</ele>
   </trkpt>
   <trkpt lat="-8.1052190" lon="112.9209190">
    <ele>3484.6</ele>
   </trkpt>
   <trkpt lat="-8.1052220" lon="112.9209120">
    <ele>3484.8</ele>
   </trkpt>
   <trkpt lat="-8.1052270" lon="112.9208970">
    <ele>3485.2</ele>
   </trkpt>
   <trkpt lat="-8.1052360" lon="112.9209020">
    <ele>3486.0</ele>
   </trkpt>
   <trkpt lat="-8.1052380" lon="112.9209130">
    <ele>3486.4</ele>
   </trkpt>
   <trkpt lat="-8.1052430" lon="112.9209140">
    <ele>3486.8</ele>
   </trkpt>
   <trkpt lat="-8.1052450" lon="112.9209130">
    <ele>3487.2</ele>
   </trkpt>
   <trkpt lat="-8.1052480" lon="112.9209190">
    <ele>3487.4</ele>
   </trkpt>
   <trkpt lat="-8.1052500" lon="112.9209290">
    <ele>3487.6</ele>
   </trkpt>
   <trkpt lat="-8.1052570" lon="112.9209290">
    <ele>3487.8</ele>
   </trkpt>
   <trkpt lat="-8.1052660" lon="112.9209040">
    <ele>3488.0</ele>
   </trkpt>
   <trkpt lat="-8.1052700" lon="112.9208990">
    <ele>3488.2</ele>
   </trkpt>
   <trkpt lat="-8.1052730" lon="112.9208900">
    <ele>3489.2</ele>
   </trkpt>
   <trkpt lat="-8.1052750" lon="112.9208870">
    <ele>3489.4</ele>
   </trkpt>
   <trkpt lat="-8.1052790" lon="112.9209020">
    <ele>3490.2</ele>
   </trkpt>
   <trkpt lat="-8.1052840" lon="112.9209130">
    <ele>3490.4</ele>
   </trkpt>
   <trkpt lat="-8.1052990" lon="112.9209230">
    <ele>3491.0</ele>
   </trkpt>
   <trkpt lat="-8.1053080" lon="112.9209310">
    <ele>3491.6</ele>
   </trkpt>
   <trkpt lat="-8.1053150" lon="112.9209230">
    <ele>3492.0</ele>
   </trkpt>
   <trkpt lat="-8.1053180" lon="112.9209140">
    <ele>3492.8</ele>
   </trkpt>
   <trkpt lat="-8.1053290" lon="112.9209190">
    <ele>3493.4</ele>
   </trkpt>
   <trkpt lat="-8.1053290" lon="112.9209300">
    <ele>3494.0</ele>
   </trkpt>
   <trkpt lat="-8.1053330" lon="112.9209440">
    <ele>3494.8</ele>
   </trkpt>
   <trkpt lat="-8.1053430" lon="112.9209340">
    <ele>3495.0</ele>
   </trkpt>
   <trkpt lat="-8.1053490" lon="112.9209270">
    <ele>3494.8</ele>
   </trkpt>
   <trkpt lat="-8.1053640" lon="112.9209260">
    <ele>3495.4</ele>
   </trkpt>
   <trkpt lat="-8.1053680" lon="112.9209330">
    <ele>3496.0</ele>
   </trkpt>
   <trkpt lat="-8.1053710" lon="112.9209490">
    <ele>3496.6</ele>
   </trkpt>
   <trkpt lat="-8.1053800" lon="112.9209590">
    <ele>3497.0</ele>
   </trkpt>
   <trkpt lat="-8.1053830" lon="112.9209620">
    <ele>3497.2</ele>
   </trkpt>
   <trkpt lat="-8.1053940" lon="112.9209620">
    <ele>3498.0</ele>
   </trkpt>
   <trkpt lat="-8.1053970" lon="112.9209640">
    <ele>3498.4</ele>
   </trkpt>
   <trkpt lat="-8.1053990" lon="112.9209680">
    <ele>3498.6</ele>
   </trkpt>
   <trkpt lat="-8.1054090" lon="112.9209590">
    <ele>3499.2</ele>
   </trkpt>
   <trkpt lat="-8.1054170" lon="112.9209580">
    <ele>3499.4</ele>
   </trkpt>
   <trkpt lat="-8.1054200" lon="112.9209540">
    <ele>3499.8</ele>
   </trkpt>
   <trkpt lat="-8.1054270" lon="112.9209430">
    <ele>3500.4</ele>
   </trkpt>
   <trkpt lat="-8.1054290" lon="112.9209460">
    <ele>3500.6</ele>
   </trkpt>
   <trkpt lat="-8.1054370" lon="112.9209540">
    <ele>3501.4</ele>
   </trkpt>
   <trkpt lat="-8.1054440" lon="112.9209600">
    <ele>3501.6</ele>
   </trkpt>
   <trkpt lat="-8.1054550" lon="112.9209570">
    <ele>3502.0</ele>
   </trkpt>
   <trkpt lat="-8.1054640" lon="112.9209550">
    <ele>3502.8</ele>
   </trkpt>
   <trkpt lat="-8.1054730" lon="112.9209590">
    <ele>3503.2</ele>
   </trkpt>
   <trkpt lat="-8.1054870" lon="112.9209730">
    <ele>3503.8</ele>
   </trkpt>
   <trkpt lat="-8.1055020" lon="112.9209720">
    <ele>3504.2</ele>
   </trkpt>
   <trkpt lat="-8.1055100" lon="112.9209470">
    <ele>3504.8</ele>
   </trkpt>
   <trkpt lat="-8.1055140" lon="112.9209470">
    <ele>3505.0</ele>
   </trkpt>
   <trkpt lat="-8.1055240" lon="112.9209540">
    <ele>3505.6</ele>
   </trkpt>
   <trkpt lat="-8.1055310" lon="112.9209660">
    <ele>3506.4</ele>
   </trkpt>
   <trkpt lat="-8.1055420" lon="112.9209740">
    <ele>3507.2</ele>
   </trkpt>
   <trkpt lat="-8.1055520" lon="112.9209690">
    <ele>3507.4</ele>
   </trkpt>
   <trkpt lat="-8.1055510" lon="112.9209690">
    <ele>3507.4</ele>
   </trkpt>
   <trkpt lat="-8.1055520" lon="112.9209580">
    <ele>3507.8</ele>
   </trkpt>
   <trkpt lat="-8.1055650" lon="112.9209520">
    <ele>3508.6</ele>
   </trkpt>
   <trkpt lat="-8.1055660" lon="112.9209510">
    <ele>3508.6</ele>
   </trkpt>
   <trkpt lat="-8.1055810" lon="112.9209560">
    <ele>3509.0</ele>
   </trkpt>
   <trkpt lat="-8.1055900" lon="112.9209570">
    <ele>3509.6</ele>
   </trkpt>
   <trkpt lat="-8.1055950" lon="112.9209580">
    <ele>3509.6</ele>
   </trkpt>
   <trkpt lat="-8.1056080" lon="112.9209650">
    <ele>3510.8</ele>
   </trkpt>
   <trkpt lat="-8.1056330" lon="112.9209740">
    <ele>3511.2</ele>
   </trkpt>
   <trkpt lat="-8.1056400" lon="112.9209830">
    <ele>3511.8</ele>
   </trkpt>
   <trkpt lat="-8.1056500" lon="112.9209950">
    <ele>3512.4</ele>
   </trkpt>
   <trkpt lat="-8.1056500" lon="112.9209990">
    <ele>3512.6</ele>
   </trkpt>
   <trkpt lat="-8.1056550" lon="112.9209980">
    <ele>3513.2</ele>
   </trkpt>
   <trkpt lat="-8.1056660" lon="112.9210010">
    <ele>3513.6</ele>
   </trkpt>
   <trkpt lat="-8.1056790" lon="112.9209790">
    <ele>3514.2</ele>
   </trkpt>
   <trkpt lat="-8.1056910" lon="112.9209790">
    <ele>3514.2</ele>
   </trkpt>
   <trkpt lat="-8.1057030" lon="112.9209940">
    <ele>3515.6</ele>
   </trkpt>
   <trkpt lat="-8.1057140" lon="112.9209800">
    <ele>3516.8</ele>
   </trkpt>
   <trkpt lat="-8.1057210" lon="112.9209720">
    <ele>3517.0</ele>
   </trkpt>
   <trkpt lat="-8.1057250" lon="112.9209660">
    <ele>3517.2</ele>
   </trkpt>
   <trkpt lat="-8.1057380" lon="112.9209540">
    <ele>3517.8</ele>
   </trkpt>
   <trkpt lat="-8.1057500" lon="112.9209670">
    <ele>3518.8</ele>
   </trkpt>
   <trkpt lat="-8.1057530" lon="112.9209800">
    <ele>3519.4</ele>
   </trkpt>
   <trkpt lat="-8.1057660" lon="112.9209910">
    <ele>3519.0</ele>
   </trkpt>
   <trkpt lat="-8.1057860" lon="112.9209860">
    <ele>3520.0</ele>
   </trkpt>
   <trkpt lat="-8.1057940" lon="112.9209830">
    <ele>3520.8</ele>
   </trkpt>
   <trkpt lat="-8.1057960" lon="112.9209830">
    <ele>3521.2</ele>
   </trkpt>
   <trkpt lat="-8.1058080" lon="112.9209780">
    <ele>3521.8</ele>
   </trkpt>
   <trkpt lat="-8.1058150" lon="112.9209750">
    <ele>3522.2</ele>
   </trkpt>
   <trkpt lat="-8.1058250" lon="112.9209870">
    <ele>3522.8</ele>
   </trkpt>
   <trkpt lat="-8.1058320" lon="112.9209970">
    <ele>3523.2</ele>
   </trkpt>
   <trkpt lat="-8.1058400" lon="112.9210110">
    <ele>3524.0</ele>
   </trkpt>
   <trkpt lat="-8.1058410" lon="112.9210160">
    <ele>3524.4</ele>
   </trkpt>
   <trkpt lat="-8.1058470" lon="112.9210300">
    <ele>3525.0</ele>
   </trkpt>
   <trkpt lat="-8.1058550" lon="112.9210250">
    <ele>3525.4</ele>
   </trkpt>
   <trkpt lat="-8.1058560" lon="112.9210190">
    <ele>3525.6</ele>
   </trkpt>
   <trkpt lat="-8.1058580" lon="112.9210030">
    <ele>3525.6</ele>
   </trkpt>
   <trkpt lat="-8.1058670" lon="112.9209870">
    <ele>3525.8</ele>
   </trkpt>
   <trkpt lat="-8.1058820" lon="112.9209820">
    <ele>3526.2</ele>
   </trkpt>
   <trkpt lat="-8.1058790" lon="112.9209830">
    <ele>3526.8</ele>
   </trkpt>
   <trkpt lat="-8.1058850" lon="112.9209920">
    <ele>3527.4</ele>
   </trkpt>
   <trkpt lat="-8.1058850" lon="112.9209980">
    <ele>3527.8</ele>
   </trkpt>
   <trkpt lat="-8.1058920" lon="112.9210100">
    <ele>3528.4</ele>
   </trkpt>
   <trkpt lat="-8.1059140" lon="112.9210050">
    <ele>3528.6</ele>
   </trkpt>
   <trkpt lat="-8.1059160" lon="112.9210020">
    <ele>3529.0</ele>
   </trkpt>
   <trkpt lat="-8.1059240" lon="112.9209920">
    <ele>3530.0</ele>
   </trkpt>
   <trkpt lat="-8.1059430" lon="112.9209840">
    <ele>3530.2</ele>
   </trkpt>
   <trkpt lat="-8.1059630" lon="112.9209970">
    <ele>3530.6</ele>
   </trkpt>
   <trkpt lat="-8.1059750" lon="112.9210000">
    <ele>3531.2</ele>
   </trkpt>
   <trkpt lat="-8.1059790" lon="112.9209990">
    <ele>3531.4</ele>
   </trkpt>
   <trkpt lat="-8.1059820" lon="112.9209940">
    <ele>3532.4</ele>
   </trkpt>
   <trkpt lat="-8.1059870" lon="112.9209980">
    <ele>3533.4</ele>
   </trkpt>
   <trkpt lat="-8.1060030" lon="112.9210080">
    <ele>3533.4</ele>
   </trkpt>
   <trkpt lat="-8.1060090" lon="112.9210150">
    <ele>3533.6</ele>
   </trkpt>
   <trkpt lat="-8.1060160" lon="112.9210220">
    <ele>3533.6</ele>
   </trkpt>
   <trkpt lat="-8.1060250" lon="112.9210300">
    <ele>3534.4</ele>
   </trkpt>
   <trkpt lat="-8.1060180" lon="112.9210340">
    <ele>3534.8</ele>
   </trkpt>
   <trkpt lat="-8.1060200" lon="112.9210380">
    <ele>3535.4</ele>
   </trkpt>
   <trkpt lat="-8.1060240" lon="112.9210430">
    <ele>3535.6</ele>
   </trkpt>
   <trkpt lat="-8.1060520" lon="112.9210440">
    <ele>3535.6</ele>
   </trkpt>
   <trkpt lat="-8.1060560" lon="112.9210330">
    <ele>3536.4</ele>
   </trkpt>
   <trkpt lat="-8.1060570" lon="112.9210300">
    <ele>3536.6</ele>
   </trkpt>
   <trkpt lat="-8.1060610" lon="112.9210140">
    <ele>3537.8</ele>
   </trkpt>
   <trkpt lat="-8.1060610" lon="112.9210110">
    <ele>3538.2</ele>
   </trkpt>
   <trkpt lat="-8.1060680" lon="112.9210100">
    <ele>3538.8</ele>
   </trkpt>
   <trkpt lat="-8.1060820" lon="112.9210320">
    <ele>3539.6</ele>
   </trkpt>
   <trkpt lat="-8.1060910" lon="112.9210440">
    <ele>3540.0</ele>
   </trkpt>
   <trkpt lat="-8.1061060" lon="112.9210440">
    <ele>3540.2</ele>
   </trkpt>
   <trkpt lat="-8.1061150" lon="112.9210350">
    <ele>3540.6</ele>
   </trkpt>
   <trkpt lat="-8.1061190" lon="112.9210310">
    <ele>3540.6</ele>
   </trkpt>
   <trkpt lat="-8.1061340" lon="112.9210110">
    <ele>3541.2</ele>
   </trkpt>
   <trkpt lat="-8.1061490" lon="112.9210050">
    <ele>3542.0</ele>
   </trkpt>
   <trkpt lat="-8.1061560" lon="112.9210020">
    <ele>3542.4</ele>
   </trkpt>
   <trkpt lat="-8.1061630" lon="112.9209970">
    <ele>3542.4</ele>
   </trkpt>
   <trkpt lat="-8.1061750" lon="112.9209840">
    <ele>3543.6</ele>
   </trkpt>
   <trkpt lat="-8.1061870" lon="112.9209970">
    <ele>3544.4</ele>
   </trkpt>
   <trkpt lat="-8.1061960" lon="112.9210250">
    <ele>3545.0</ele>
   </trkpt>
   <trkpt lat="-8.1061920" lon="112.9210320">
    <ele>3545.4</ele>
   </trkpt>
   <trkpt lat="-8.1061890" lon="112.9210490">
    <ele>3546.0</ele>
   </trkpt>
   <trkpt lat="-8.1061990" lon="112.9210550">
    <ele>3546.4</ele>
   </trkpt>
   <trkpt lat="-8.1062200" lon="112.9210740">
    <ele>3546.8</ele>
   </trkpt>
   <trkpt lat="-8.1062250" lon="112.9210880">
    <ele>3547.2</ele>
   </trkpt>
   <trkpt lat="-8.1062300" lon="112.9211000">
    <ele>3547.2</ele>
   </trkpt>
   <trkpt lat="-8.1062370" lon="112.9211060">
    <ele>3547.2</ele>
   </trkpt>
   <trkpt lat="-8.1062410" lon="112.9210960">
    <ele>3547.2</ele>
   </trkpt>
   <trkpt lat="-8.1062560" lon="112.9210750">
    <ele>3547.6</ele>
   </trkpt>
   <trkpt lat="-8.1062630" lon="112.9210640">
    <ele>3548.2</ele>
   </trkpt>
   <trkpt lat="-8.1062780" lon="112.9210690">
    <ele>3548.8</ele>
   </trkpt>
   <trkpt lat="-8.1062740" lon="112.9210590">
    <ele>3549.0</ele>
   </trkpt>
   <trkpt lat="-8.1062790" lon="112.9210440">
    <ele>3549.4</ele>
   </trkpt>
   <trkpt lat="-8.1062930" lon="112.9210270">
    <ele>3550.4</ele>
   </trkpt>
   <trkpt lat="-8.1062980" lon="112.9210170">
    <ele>3550.4</ele>
   </trkpt>
   <trkpt lat="-8.1062960" lon="112.9210050">
    <ele>3551.4</ele>
   </trkpt>
   <trkpt lat="-8.1062970" lon="112.9210010">
    <ele>3551.4</ele>
   </trkpt>
   <trkpt lat="-8.1063040" lon="112.9210060">
    <ele>3551.4</ele>
   </trkpt>
   <trkpt lat="-8.1063000" lon="112.9210130">
    <ele>3551.6</ele>
   </trkpt>
   <trkpt lat="-8.1063090" lon="112.9210230">
    <ele>3550.8</ele>
   </trkpt>
   <trkpt lat="-8.1063270" lon="112.9210370">
    <ele>3551.2</ele>
   </trkpt>
   <trkpt lat="-8.1063510" lon="112.9210480">
    <ele>3552.2</ele>
   </trkpt>
   <trkpt lat="-8.1063560" lon="112.9210510">
    <ele>3553.0</ele>
   </trkpt>
   <trkpt lat="-8.1063560" lon="112.9210520">
    <ele>3553.6</ele>
   </trkpt>
   <trkpt lat="-8.1063540" lon="112.9210560">
    <ele>3554.0</ele>
   </trkpt>
   <trkpt lat="-8.1063460" lon="112.9210790">
    <ele>3554.8</ele>
   </trkpt>
   <trkpt lat="-8.1063560" lon="112.9210800">
    <ele>3555.0</ele>
   </trkpt>
   <trkpt lat="-8.1063600" lon="112.9210800">
    <ele>3556.0</ele>
   </trkpt>
   <trkpt lat="-8.1063690" lon="112.9210840">
    <ele>3556.2</ele>
   </trkpt>
   <trkpt lat="-8.1063760" lon="112.9210890">
    <ele>3556.4</ele>
   </trkpt>
   <trkpt lat="-8.1063900" lon="112.9210920">
    <ele>3555.8</ele>
   </trkpt>
   <trkpt lat="-8.1064060" lon="112.9211090">
    <ele>3557.4</ele>
   </trkpt>
   <trkpt lat="-8.1064220" lon="112.9211240">
    <ele>3557.8</ele>
   </trkpt>
   <trkpt lat="-8.1064330" lon="112.9211200">
    <ele>3558.6</ele>
   </trkpt>
   <trkpt lat="-8.1064320" lon="112.9211090">
    <ele>3558.8</ele>
   </trkpt>
   <trkpt lat="-8.1064350" lon="112.9210850">
    <ele>3559.6</ele>
   </trkpt>
   <trkpt lat="-8.1064350" lon="112.9210830">
    <ele>3560.8</ele>
   </trkpt>
   <trkpt lat="-8.1064410" lon="112.9210960">
    <ele>3561.4</ele>
   </trkpt>
   <trkpt lat="-8.1064510" lon="112.9211000">
    <ele>3561.4</ele>
   </trkpt>
   <trkpt lat="-8.1064710" lon="112.9211110">
    <ele>3561.2</ele>
   </trkpt>
   <trkpt lat="-8.1064920" lon="112.9211250">
    <ele>3562.0</ele>
   </trkpt>
   <trkpt lat="-8.1064990" lon="112.9211300">
    <ele>3562.0</ele>
   </trkpt>
   <trkpt lat="-8.1064970" lon="112.9211350">
    <ele>3563.0</ele>
   </trkpt>
   <trkpt lat="-8.1064970" lon="112.9211400">
    <ele>3564.0</ele>
   </trkpt>
   <trkpt lat="-8.1064970" lon="112.9211390">
    <ele>3564.2</ele>
   </trkpt>
   <trkpt lat="-8.1064890" lon="112.9211550">
    <ele>3564.4</ele>
   </trkpt>
   <trkpt lat="-8.1064910" lon="112.9211560">
    <ele>3564.6</ele>
   </trkpt>
   <trkpt lat="-8.1064950" lon="112.9211610">
    <ele>3564.8</ele>
   </trkpt>
   <trkpt lat="-8.1064980" lon="112.9211700">
    <ele>3564.8</ele>
   </trkpt>
   <trkpt lat="-8.1065180" lon="112.9211790">
    <ele>3565.4</ele>
   </trkpt>
   <trkpt lat="-8.1065270" lon="112.9211720">
    <ele>3565.8</ele>
   </trkpt>
   <trkpt lat="-8.1065450" lon="112.9211450">
    <ele>3566.0</ele>
   </trkpt>
   <trkpt lat="-8.1065570" lon="112.9211230">
    <ele>3566.4</ele>
   </trkpt>
   <trkpt lat="-8.1065640" lon="112.9211220">
    <ele>3566.8</ele>
   </trkpt>
   <trkpt lat="-8.1065810" lon="112.9211530">
    <ele>3567.6</ele>
   </trkpt>
   <trkpt lat="-8.1065900" lon="112.9211550">
    <ele>3568.8</ele>
   </trkpt>
   <trkpt lat="-8.1065920" lon="112.9211480">
    <ele>3569.0</ele>
   </trkpt>
   <trkpt lat="-8.1065920" lon="112.9211360">
    <ele>3569.2</ele>
   </trkpt>
   <trkpt lat="-8.1065930" lon="112.9211160">
    <ele>3569.4</ele>
   </trkpt>
   <trkpt lat="-8.1065990" lon="112.9211170">
    <ele>3570.0</ele>
   </trkpt>
   <trkpt lat="-8.1066030" lon="112.9211260">
    <ele>3570.8</ele>
   </trkpt>
   <trkpt lat="-8.1066060" lon="112.9211290">
    <ele>3571.2</ele>
   </trkpt>
   <trkpt lat="-8.1066220" lon="112.9211440">
    <ele>3571.6</ele>
   </trkpt>
   <trkpt lat="-8.1066210" lon="112.9211580">
    <ele>3572.0</ele>
   </trkpt>
   <trkpt lat="-8.1066440" lon="112.9211580">
    <ele>3572.4</ele>
   </trkpt>
   <trkpt lat="-8.1066700" lon="112.9211370">
    <ele>3573.2</ele>
   </trkpt>
   <trkpt lat="-8.1066740" lon="112.9211340">
    <ele>3573.6</ele>
   </trkpt>
   <trkpt lat="-8.1066890" lon="112.9211310">
    <ele>3574.8</ele>
   </trkpt>
   <trkpt lat="-8.1066980" lon="112.9211370">
    <ele>3575.0</ele>
   </trkpt>
   <trkpt lat="-8.1067290" lon="112.9211450">
    <ele>3575.4</ele>
   </trkpt>
   <trkpt lat="-8.1067570" lon="112.9211620">
    <ele>3576.0</ele>
   </trkpt>
   <trkpt lat="-8.1067750" lon="112.9211580">
    <ele>3577.0</ele>
   </trkpt>
   <trkpt lat="-8.1067770" lon="112.9211560">
    <ele>3577.2</ele>
   </trkpt>
   <trkpt lat="-8.1067770" lon="112.9211520">
    <ele>3577.2</ele>
   </trkpt>
   <trkpt lat="-8.1067860" lon="112.9211780">
    <ele>3578.2</ele>
   </trkpt>
   <trkpt lat="-8.1067850" lon="112.9211820">
    <ele>3578.2</ele>
   </trkpt>
   <trkpt lat="-8.1067810" lon="112.9212020">
    <ele>3578.6</ele>
   </trkpt>
   <trkpt lat="-8.1067860" lon="112.9211960">
    <ele>3579.0</ele>
   </trkpt>
   <trkpt lat="-8.1067910" lon="112.9211910">
    <ele>3579.4</ele>
   </trkpt>
   <trkpt lat="-8.1068040" lon="112.9211810">
    <ele>3580.0</ele>
   </trkpt>
   <trkpt lat="-8.1068040" lon="112.9211840">
    <ele>3580.4</ele>
   </trkpt>
   <trkpt lat="-8.1068070" lon="112.9212000">
    <ele>3580.6</ele>
   </trkpt>
   <trkpt lat="-8.1068210" lon="112.9212200">
    <ele>3581.6</ele>
   </trkpt>
   <trkpt lat="-8.1068220" lon="112.9212230">
    <ele>3581.6</ele>
   </trkpt>
   <trkpt lat="-8.1068240" lon="112.9212330">
    <ele>3581.8</ele>
   </trkpt>
   <trkpt lat="-8.1068280" lon="112.9212560">
    <ele>3582.6</ele>
   </trkpt>
   <trkpt lat="-8.1068310" lon="112.9212650">
    <ele>3582.8</ele>
   </trkpt>
   <trkpt lat="-8.1068340" lon="112.9212950">
    <ele>3583.0</ele>
   </trkpt>
   <trkpt lat="-8.1068460" lon="112.9213290">
    <ele>3583.2</ele>
   </trkpt>
   <trkpt lat="-8.1068590" lon="112.9213420">
    <ele>3583.4</ele>
   </trkpt>
   <trkpt lat="-8.1068690" lon="112.9213460">
    <ele>3583.4</ele>
   </trkpt>
   <trkpt lat="-8.1068760" lon="112.9213500">
    <ele>3583.6</ele>
   </trkpt>
   <trkpt lat="-8.1068990" lon="112.9213620">
    <ele>3584.6</ele>
   </trkpt>
   <trkpt lat="-8.1069060" lon="112.9213700">
    <ele>3585.0</ele>
   </trkpt>
   <trkpt lat="-8.1069250" lon="112.9213780">
    <ele>3585.8</ele>
   </trkpt>
   <trkpt lat="-8.1069330" lon="112.9213830">
    <ele>3586.4</ele>
   </trkpt>
   <trkpt lat="-8.1069390" lon="112.9213860">
    <ele>3586.6</ele>
   </trkpt>
   <trkpt lat="-8.1069560" lon="112.9213970">
    <ele>3586.8</ele>
   </trkpt>
   <trkpt lat="-8.1069630" lon="112.9214040">
    <ele>3587.0</ele>
   </trkpt>
   <trkpt lat="-8.1069710" lon="112.9214050">
    <ele>3587.2</ele>
   </trkpt>
   <trkpt lat="-8.1069920" lon="112.9214100">
    <ele>3588.0</ele>
   </trkpt>
   <trkpt lat="-8.1069940" lon="112.9214140">
    <ele>3588.4</ele>
   </trkpt>
   <trkpt lat="-8.1070000" lon="112.9214160">
    <ele>3588.6</ele>
   </trkpt>
   <trkpt lat="-8.1070130" lon="112.9214150">
    <ele>3589.0</ele>
   </trkpt>
   <trkpt lat="-8.1070230" lon="112.9214150">
    <ele>3589.2</ele>
   </trkpt>
   <trkpt lat="-8.1070410" lon="112.9214210">
    <ele>3590.2</ele>
   </trkpt>
   <trkpt lat="-8.1070460" lon="112.9214220">
    <ele>3590.4</ele>
   </trkpt>
   <trkpt lat="-8.1070550" lon="112.9214190">
    <ele>3590.8</ele>
   </trkpt>
   <trkpt lat="-8.1070730" lon="112.9214210">
    <ele>3591.2</ele>
   </trkpt>
   <trkpt lat="-8.1071020" lon="112.9214060">
    <ele>3591.8</ele>
   </trkpt>
   <trkpt lat="-8.1071170" lon="112.9214100">
    <ele>3592.4</ele>
   </trkpt>
   <trkpt lat="-8.1071190" lon="112.9214230">
    <ele>3592.6</ele>
   </trkpt>
   <trkpt lat="-8.1071430" lon="112.9214330">
    <ele>3592.0</ele>
   </trkpt>
   <trkpt lat="-8.1071650" lon="112.9214430">
    <ele>3591.2</ele>
   </trkpt>
   <trkpt lat="-8.1071720" lon="112.9214460">
    <ele>3591.2</ele>
   </trkpt>
   <trkpt lat="-8.1071720" lon="112.9214430">
    <ele>3591.8</ele>
   </trkpt>
   <trkpt lat="-8.1071760" lon="112.9214480">
    <ele>3591.0</ele>
   </trkpt>
   <trkpt lat="-8.1071780" lon="112.9214510">
    <ele>3591.6</ele>
   </trkpt>
   <trkpt lat="-8.1071670" lon="112.9214470">
    <ele>3591.4</ele>
   </trkpt>
   <trkpt lat="-8.1071980" lon="112.9214600">
    <ele>3591.8</ele>
   </trkpt>
   <trkpt lat="-8.1071950" lon="112.9214610">
    <ele>3591.0</ele>
   </trkpt>
   <trkpt lat="-8.1072050" lon="112.9214750">
    <ele>3591.8</ele>
   </trkpt>
   <trkpt lat="-8.1071670" lon="112.9214640">
    <ele>3591.4</ele>
   </trkpt>
   <trkpt lat="-8.1071840" lon="112.9214740">
    <ele>3590.8</ele>
   </trkpt>
   <trkpt lat="-8.1072230" lon="112.9214780">
    <ele>3591.0</ele>
   </trkpt>
   <trkpt lat="-8.1072430" lon="112.9214920">
    <ele>3591.2</ele>
   </trkpt>
   <trkpt lat="-8.1072480" lon="112.9214970">
    <ele>3591.2</ele>
   </trkpt>
   <trkpt lat="-8.1072540" lon="112.9214980">
    <ele>3591.2</ele>
   </trkpt>
   <trkpt lat="-8.1072270" lon="112.9215050">
    <ele>3591.2</ele>
   </trkpt>
   <trkpt lat="-8.1072120" lon="112.9215080">
    <ele>3591.2</ele>
   </trkpt>
   <trkpt lat="-8.1071190" lon="112.9215030">
    <ele>3591.2</ele>
   </trkpt>
   <trkpt lat="-8.1070800" lon="112.9215070">
    <ele>3592.0</ele>
   </trkpt>
   <trkpt lat="-8.1070720" lon="112.9215240">
    <ele>3592.2</ele>
   </trkpt>
   <trkpt lat="-8.1070650" lon="112.9215340">
    <ele>3592.6</ele>
   </trkpt>
   <trkpt lat="-8.1070380" lon="112.9215380">
    <ele>3592.8</ele>
   </trkpt>
   <trkpt lat="-8.1070150" lon="112.9215420">
    <ele>3593.6</ele>
   </trkpt>
   <trkpt lat="-8.1070000" lon="112.9215470">
    <ele>3594.0</ele>
   </trkpt>
   <trkpt lat="-8.1069810" lon="112.9215580">
    <ele>3593.6</ele>
   </trkpt>
   <trkpt lat="-8.1069880" lon="112.9215520">
    <ele>3594.6</ele>
   </trkpt>
   <trkpt lat="-8.1069890" lon="112.9215390">
    <ele>3595.2</ele>
   </trkpt>
   <trkpt lat="-8.1069910" lon="112.9215350">
    <ele>3595.4</ele>
   </trkpt>
   <trkpt lat="-8.1070090" lon="112.9215370">
    <ele>3595.6</ele>
   </trkpt>
   <trkpt lat="-8.1070190" lon="112.9215260">
    <ele>3596.0</ele>
   </trkpt>
   <trkpt lat="-8.1070250" lon="112.9215260">
    <ele>3596.2</ele>
   </trkpt>
   <trkpt lat="-8.1070400" lon="112.9215150">
    <ele>3596.4</ele>
   </trkpt>
   <trkpt lat="-8.1070460" lon="112.9215120">
    <ele>3596.8</ele>
   </trkpt>
   <trkpt lat="-8.1070530" lon="112.9214910">
    <ele>3597.2</ele>
   </trkpt>
   <trkpt lat="-8.1070590" lon="112.9214920">
    <ele>3597.8</ele>
   </trkpt>
   <trkpt lat="-8.1070690" lon="112.9214980">
    <ele>3598.6</ele>
   </trkpt>
   <trkpt lat="-8.1070690" lon="112.9214970">
    <ele>3599.0</ele>
   </trkpt>
   <trkpt lat="-8.1070840" lon="112.9215030">
    <ele>3599.6</ele>
   </trkpt>
   <trkpt lat="-8.1070940" lon="112.9215030">
    <ele>3599.6</ele>
   </trkpt>
   <trkpt lat="-8.1071080" lon="112.9215060">
    <ele>3600.4</ele>
   </trkpt>
   <trkpt lat="-8.1071120" lon="112.9215060">
    <ele>3600.8</ele>
   </trkpt>
   <trkpt lat="-8.1071160" lon="112.9215070">
    <ele>3601.4</ele>
   </trkpt>
   <trkpt lat="-8.1071330" lon="112.9215100">
    <ele>3602.2</ele>
   </trkpt>
   <trkpt lat="-8.1071450" lon="112.9215190">
    <ele>3602.6</ele>
   </trkpt>
   <trkpt lat="-8.1071440" lon="112.9215350">
    <ele>3603.6</ele>
   </trkpt>
   <trkpt lat="-8.1071460" lon="112.9215390">
    <ele>3604.2</ele>
   </trkpt>
   <trkpt lat="-8.1071520" lon="112.9215400">
    <ele>3604.6</ele>
   </trkpt>
   <trkpt lat="-8.1071540" lon="112.9215360">
    <ele>3604.6</ele>
   </trkpt>
   <trkpt lat="-8.1071700" lon="112.9215170">
    <ele>3605.8</ele>
   </trkpt>
   <trkpt lat="-8.1071720" lon="112.9215130">
    <ele>3606.0</ele>
   </trkpt>
   <trkpt lat="-8.1072060" lon="112.9215030">
    <ele>3605.8</ele>
   </trkpt>
   <trkpt lat="-8.1072220" lon="112.9214870">
    <ele>3606.8</ele>
   </trkpt>
   <trkpt lat="-8.1072280" lon="112.9214940">
    <ele>3607.4</ele>
   </trkpt>
   <trkpt lat="-8.1072400" lon="112.9215020">
    <ele>3608.4</ele>
   </trkpt>
   <trkpt lat="-8.1072550" lon="112.9214990">
    <ele>3609.0</ele>
   </trkpt>
   <trkpt lat="-8.1072680" lon="112.9214960">
    <ele>3609.6</ele>
   </trkpt>
   <trkpt lat="-8.1072790" lon="112.9214890">
    <ele>3610.0</ele>
   </trkpt>
   <trkpt lat="-8.1072900" lon="112.9214820">
    <ele>3610.6</ele>
   </trkpt>
   <trkpt lat="-8.1072940" lon="112.9214750">
    <ele>3611.2</ele>
   </trkpt>
   <trkpt lat="-8.1072980" lon="112.9214740">
    <ele>3611.8</ele>
   </trkpt>
   <trkpt lat="-8.1073110" lon="112.9214970">
    <ele>3612.8</ele>
   </trkpt>
   <trkpt lat="-8.1073170" lon="112.9215070">
    <ele>3612.8</ele>
   </trkpt>
   <trkpt lat="-8.1073460" lon="112.9215150">
    <ele>3613.4</ele>
   </trkpt>
   <trkpt lat="-8.1073450" lon="112.9215210">
    <ele>3613.6</ele>
   </trkpt>
   <trkpt lat="-8.1073440" lon="112.9215440">
    <ele>3614.0</ele>
   </trkpt>
   <trkpt lat="-8.1073590" lon="112.9215480">
    <ele>3614.6</ele>
   </trkpt>
   <trkpt lat="-8.1073750" lon="112.9215530">
    <ele>3615.0</ele>
   </trkpt>
   <trkpt lat="-8.1073850" lon="112.9215780">
    <ele>3614.8</ele>
   </trkpt>
   <trkpt lat="-8.1073790" lon="112.9216180">
    <ele>3615.4</ele>
   </trkpt>
   <trkpt lat="-8.1073760" lon="112.9216260">
    <ele>3616.0</ele>
   </trkpt>
   <trkpt lat="-8.1073810" lon="112.9216470">
    <ele>3617.2</ele>
   </trkpt>
   <trkpt lat="-8.1073840" lon="112.9216550">
    <ele>3617.2</ele>
   </trkpt>
   <trkpt lat="-8.1073860" lon="112.9216730">
    <ele>3617.6</ele>
   </trkpt>
   <trkpt lat="-8.1074180" lon="112.9217180">
    <ele>3618.2</ele>
   </trkpt>
   <trkpt lat="-8.1074300" lon="112.9217210">
    <ele>3618.2</ele>
   </trkpt>
   <trkpt lat="-8.1074430" lon="112.9217320">
    <ele>3618.2</ele>
   </trkpt>
   <trkpt lat="-8.1074470" lon="112.9217430">
    <ele>3618.2</ele>
   </trkpt>
   <trkpt lat="-8.1074590" lon="112.9217700">
    <ele>3618.2</ele>
   </trkpt>
   <trkpt lat="-8.1074600" lon="112.9217760">
    <ele>3618.4</ele>
   </trkpt>
   <trkpt lat="-8.1074610" lon="112.9217850">
    <ele>3618.6</ele>
   </trkpt>
   <trkpt lat="-8.1074700" lon="112.9218320">
    <ele>3619.6</ele>
   </trkpt>
   <trkpt lat="-8.1074770" lon="112.9218430">
    <ele>3619.8</ele>
   </trkpt>
   <trkpt lat="-8.1074960" lon="112.9218740">
    <ele>3619.8</ele>
   </trkpt>
   <trkpt lat="-8.1075010" lon="112.9218860">
    <ele>3619.8</ele>
   </trkpt>
   <trkpt lat="-8.1075100" lon="112.9219190">
    <ele>3620.8</ele>
   </trkpt>
   <trkpt lat="-8.1075220" lon="112.9219480">
    <ele>3621.8</ele>
   </trkpt>
   <trkpt lat="-8.1075320" lon="112.9219580">
    <ele>3622.0</ele>
   </trkpt>
   <trkpt lat="-8.1075720" lon="112.9220020">
    <ele>3622.0</ele>
   </trkpt>
   <trkpt lat="-8.1075820" lon="112.9220110">
    <ele>3622.0</ele>
   </trkpt>
   <trkpt lat="-8.1075990" lon="112.9220240">
    <ele>3622.0</ele>
   </trkpt>
   <trkpt lat="-8.1076080" lon="112.9220260">
    <ele>3621.8</ele>
   </trkpt>
   <trkpt lat="-8.1076240" lon="112.9220300">
    <ele>3621.6</ele>
   </trkpt>
   <trkpt lat="-8.1076420" lon="112.9220520">
    <ele>3621.6</ele>
   </trkpt>
   <trkpt lat="-8.1076720" lon="112.9220790">
    <ele>3622.8</ele>
   </trkpt>
   <trkpt lat="-8.1076830" lon="112.9220740">
    <ele>3623.0</ele>
   </trkpt>
   <trkpt lat="-8.1076910" lon="112.9220800">
    <ele>3623.0</ele>
   </trkpt>
   <trkpt lat="-8.1077100" lon="112.9220740">
    <ele>3623.4</ele>
   </trkpt>
   <trkpt lat="-8.1077100" lon="112.9220740">
    <ele>3597.6</ele>
   </trkpt>
   <trkpt lat="-8.1077100" lon="112.9220740">
    <ele>3598.6</ele>
   </trkpt>
   <trkpt lat="-8.1077100" lon="112.9220740">
    <ele>3601.0</ele>
   </trkpt>
   <trkpt lat="-8.1086580" lon="112.9231750">
    <ele>3602.4</ele>
   </trkpt>
   <trkpt lat="-8.1086550" lon="112.9231740">
    <ele>3603.6</ele>
   </trkpt>
   <trkpt lat="-8.1086570" lon="112.9231710">
    <ele>3604.6</ele>
   </trkpt>
   <trkpt lat="-8.1086380" lon="112.9231790">
    <ele>3605.2</ele>
   </trkpt>
   <trkpt lat="-8.1086200" lon="112.9231530">
    <ele>3606.2</ele>
   </trkpt>
   <trkpt lat="-8.1086090" lon="112.9231480">
    <ele>3606.2</ele>
   </trkpt>
   <trkpt lat="-8.1085700" lon="112.9231780">
    <ele>3606.8</ele>
   </trkpt>
   <trkpt lat="-8.1085640" lon="112.9231700">
    <ele>3606.8</ele>
   </trkpt>
   <trkpt lat="-8.1085050" lon="112.9231420">
    <ele>3607.2</ele>
   </trkpt>
   <trkpt lat="-8.1084990" lon="112.9231360">
    <ele>3607.8</ele>
   </trkpt>
   <trkpt lat="-8.1084910" lon="112.9231170">
    <ele>3608.8</ele>
   </trkpt>
   <trkpt lat="-8.1084780" lon="112.9231050">
    <ele>3609.2</ele>
   </trkpt>
   <trkpt lat="-8.1084720" lon="112.9230970">
    <ele>3609.2</ele>
   </trkpt>
   <trkpt lat="-8.1084270" lon="112.9230460">
    <ele>3609.0</ele>
   </trkpt>
   <trkpt lat="-8.1084100" lon="112.9230360">
    <ele>3608.8</ele>
   </trkpt>
   <trkpt lat="-8.1084040" lon="112.9230290">
    <ele>3609.6</ele>
   </trkpt>
   <trkpt lat="-8.1083950" lon="112.9230220">
    <ele>3608.8</ele>
   </trkpt>
   <trkpt lat="-8.1083850" lon="112.9230110">
    <ele>3608.8</ele>
   </trkpt>
   <trkpt lat="-8.1083730" lon="112.9229890">
    <ele>3610.0</ele>
   </trkpt>
   <trkpt lat="-8.1083370" lon="112.9229530">
    <ele>3610.4</ele>
   </trkpt>
   <trkpt lat="-8.1082730" lon="112.9229040">
    <ele>3610.6</ele>
   </trkpt>
   <trkpt lat="-8.1081810" lon="112.9228030">
    <ele>3610.2</ele>
   </trkpt>
   <trkpt lat="-8.1081260" lon="112.9227270">
    <ele>3611.0</ele>
   </trkpt>
   <trkpt lat="-8.1081070" lon="112.9226880">
    <ele>3612.2</ele>
   </trkpt>
   <trkpt lat="-8.1080700" lon="112.9226350">
    <ele>3613.4</ele>
   </trkpt>
   <trkpt lat="-8.1080620" lon="112.9226240">
    <ele>3613.4</ele>
   </trkpt>
   <trkpt lat="-8.1080400" lon="112.9225960">
    <ele>3614.4</ele>
   </trkpt>
   <trkpt lat="-8.1080260" lon="112.9225680">
    <ele>3615.2</ele>
   </trkpt>
   <trkpt lat="-8.1080100" lon="112.9225380">
    <ele>3615.6</ele>
   </trkpt>
   <trkpt lat="-8.1079950" lon="112.9225080">
    <ele>3615.8</ele>
   </trkpt>
   <trkpt lat="-8.1079820" lon="112.9224790">
    <ele>3616.8</ele>
   </trkpt>
   <trkpt lat="-8.1079730" lon="112.9224650">
    <ele>3617.0</ele>
   </trkpt>
   <trkpt lat="-8.1079420" lon="112.9224270">
    <ele>3617.8</ele>
   </trkpt>
   <trkpt lat="-8.1079380" lon="112.9224170">
    <ele>3618.0</ele>
   </trkpt>
   <trkpt lat="-8.1079270" lon="112.9223510">
    <ele>3619.2</ele>
   </trkpt>
   <trkpt lat="-8.1079120" lon="112.9223260">
    <ele>3620.0</ele>
   </trkpt>
   <trkpt lat="-8.1079040" lon="112.9223160">
    <ele>3620.4</ele>
   </trkpt>
   <trkpt lat="-8.1078880" lon="112.9222930">
    <ele>3621.4</ele>
   </trkpt>
   <trkpt lat="-8.1078870" lon="112.9222780">
    <ele>3621.8</ele>
   </trkpt>
   <trkpt lat="-8.1078710" lon="112.9222510">
    <ele>3622.2</ele>
   </trkpt>
   <trkpt lat="-8.1078680" lon="112.9222390">
    <ele>3622.6</ele>
   </trkpt>
   <trkpt lat="-8.1078650" lon="112.9222410">
    <ele>3622.4</ele>
   </trkpt>
   <trkpt lat="-8.1078620" lon="112.9222390">
    <ele>3621.8</ele>
   </trkpt>
   <trkpt lat="-8.1078640" lon="112.9222380">
    <ele>3621.4</ele>
   </trkpt>
   <trkpt lat="-8.1078680" lon="112.9222420">
    <ele>3621.4</ele>
   </trkpt>
   <trkpt lat="-8.1078400" lon="112.9222070">
    <ele>3622.4</ele>
   </trkpt>
   <trkpt lat="-8.1078350" lon="112.9221970">
    <ele>3622.4</ele>
   </trkpt>
   <trkpt lat="-8.1078240" lon="112.9221820">
    <ele>3622.4</ele>
   </trkpt>
   <trkpt lat="-8.1078180" lon="112.9221630">
    <ele>3622.6</ele>
   </trkpt>
   <trkpt lat="-8.1078180" lon="112.9221630">
    <ele>3610.8</ele>
   </trkpt>
   <trkpt lat="-8.1075340" lon="112.9214530">
    <ele>3612.2</ele>
   </trkpt>
   <trkpt lat="-8.1073110" lon="112.9216120">
    <ele>3611.2</ele>
   </trkpt>
   <trkpt lat="-8.1073810" lon="112.9214880">
    <ele>3611.0</ele>
   </trkpt>
   <trkpt lat="-8.1073360" lon="112.9215240">
    <ele>3609.6</ele>
   </trkpt>
   <trkpt lat="-8.1073160" lon="112.9215280">
    <ele>3608.2</ele>
   </trkpt>
   <trkpt lat="-8.1072590" lon="112.9215090">
    <ele>3607.4</ele>
   </trkpt>
   <trkpt lat="-8.1072590" lon="112.9215090">
    <ele>3607.2</ele>
   </trkpt>
   <trkpt lat="-8.1072580" lon="112.9215150">
    <ele>3606.8</ele>
   </trkpt>
   <trkpt lat="-8.1072460" lon="112.9215260">
    <ele>3606.0</ele>
   </trkpt>
   <trkpt lat="-8.1072410" lon="112.9215250">
    <ele>3605.4</ele>
   </trkpt>
   <trkpt lat="-8.1072310" lon="112.9215210">
    <ele>3604.6</ele>
   </trkpt>
   <trkpt lat="-8.1072160" lon="112.9215230">
    <ele>3603.4</ele>
   </trkpt>
   <trkpt lat="-8.1072000" lon="112.9215280">
    <ele>3603.0</ele>
   </trkpt>
   <trkpt lat="-8.1071810" lon="112.9215390">
    <ele>3602.4</ele>
   </trkpt>
   <trkpt lat="-8.1071780" lon="112.9215290">
    <ele>3601.6</ele>
   </trkpt>
   <trkpt lat="-8.1071810" lon="112.9215170">
    <ele>3601.4</ele>
   </trkpt>
   <trkpt lat="-8.1071730" lon="112.9215010">
    <ele>3601.0</ele>
   </trkpt>
   <trkpt lat="-8.1071690" lon="112.9215020">
    <ele>3600.6</ele>
   </trkpt>
   <trkpt lat="-8.1071650" lon="112.9215040">
    <ele>3600.2</ele>
   </trkpt>
   <trkpt lat="-8.1071410" lon="112.9214940">
    <ele>3599.2</ele>
   </trkpt>
   <trkpt lat="-8.1071250" lon="112.9214960">
    <ele>3598.2</ele>
   </trkpt>
   <trkpt lat="-8.1071190" lon="112.9215030">
    <ele>3597.8</ele>
   </trkpt>
   <trkpt lat="-8.1071040" lon="112.9215070">
    <ele>3597.2</ele>
   </trkpt>
   <trkpt lat="-8.1070910" lon="112.9215020">
    <ele>3596.6</ele>
   </trkpt>
   <trkpt lat="-8.1070690" lon="112.9215020">
    <ele>3595.2</ele>
   </trkpt>
   <trkpt lat="-8.1070480" lon="112.9215090">
    <ele>3594.2</ele>
   </trkpt>
   <trkpt lat="-8.1070340" lon="112.9215120">
    <ele>3594.0</ele>
   </trkpt>
   <trkpt lat="-8.1070070" lon="112.9215260">
    <ele>3592.8</ele>
   </trkpt>
   <trkpt lat="-8.1069910" lon="112.9215480">
    <ele>3591.6</ele>
   </trkpt>
   <trkpt lat="-8.1069930" lon="112.9215390">
    <ele>3591.0</ele>
   </trkpt>
   <trkpt lat="-8.1070050" lon="112.9215180">
    <ele>3590.0</ele>
   </trkpt>
   <trkpt lat="-8.1070270" lon="112.9214790">
    <ele>3589.0</ele>
   </trkpt>
   <trkpt lat="-8.1070300" lon="112.9214520">
    <ele>3588.4</ele>
   </trkpt>
   <trkpt lat="-8.1070210" lon="112.9214420">
    <ele>3587.6</ele>
   </trkpt>
   <trkpt lat="-8.1070090" lon="112.9214360">
    <ele>3587.0</ele>
   </trkpt>
   <trkpt lat="-8.1070020" lon="112.9214340">
    <ele>3586.2</ele>
   </trkpt>
   <trkpt lat="-8.1069600" lon="112.9214050">
    <ele>3585.0</ele>
   </trkpt>
   <trkpt lat="-8.1069520" lon="112.9214040">
    <ele>3586.8</ele>
   </trkpt>
   <trkpt lat="-8.1069330" lon="112.9213850">
    <ele>3586.0</ele>
   </trkpt>
   <trkpt lat="-8.1069030" lon="112.9213430">
    <ele>3586.4</ele>
   </trkpt>
   <trkpt lat="-8.1068590" lon="112.9213010">
    <ele>3585.4</ele>
   </trkpt>
   <trkpt lat="-8.1068420" lon="112.9212890">
    <ele>3584.2</ele>
   </trkpt>
   <trkpt lat="-8.1068300" lon="112.9212740">
    <ele>3583.2</ele>
   </trkpt>
   <trkpt lat="-8.1068170" lon="112.9212610">
    <ele>3582.6</ele>
   </trkpt>
   <trkpt lat="-8.1068010" lon="112.9212550">
    <ele>3582.0</ele>
   </trkpt>
   <trkpt lat="-8.1067690" lon="112.9212560">
    <ele>3581.0</ele>
   </trkpt>
   <trkpt lat="-8.1067570" lon="112.9212560">
    <ele>3580.4</ele>
   </trkpt>
   <trkpt lat="-8.1067230" lon="112.9212570">
    <ele>3579.8</ele>
   </trkpt>
   <trkpt lat="-8.1066960" lon="112.9212720">
    <ele>3578.2</ele>
   </trkpt>
   <trkpt lat="-8.1066860" lon="112.9212840">
    <ele>3577.6</ele>
   </trkpt>
   <trkpt lat="-8.1066760" lon="112.9212950">
    <ele>3577.2</ele>
   </trkpt>
   <trkpt lat="-8.1066640" lon="112.9213080">
    <ele>3576.4</ele>
   </trkpt>
   <trkpt lat="-8.1066520" lon="112.9213110">
    <ele>3575.8</ele>
   </trkpt>
   <trkpt lat="-8.1066400" lon="112.9213150">
    <ele>3575.0</ele>
   </trkpt>
   <trkpt lat="-8.1066300" lon="112.9213170">
    <ele>3573.8</ele>
   </trkpt>
   <trkpt lat="-8.1066240" lon="112.9213180">
    <ele>3572.6</ele>
   </trkpt>
   <trkpt lat="-8.1066200" lon="112.9213120">
    <ele>3571.6</ele>
   </trkpt>
   <trkpt lat="-8.1066190" lon="112.9213000">
    <ele>3571.0</ele>
   </trkpt>
   <trkpt lat="-8.1066170" lon="112.9212880">
    <ele>3570.6</ele>
   </trkpt>
   <trkpt lat="-8.1066090" lon="112.9212620">
    <ele>3570.0</ele>
   </trkpt>
   <trkpt lat="-8.1065980" lon="112.9212580">
    <ele>3569.6</ele>
   </trkpt>
   <trkpt lat="-8.1065850" lon="112.9212550">
    <ele>3569.0</ele>
   </trkpt>
   <trkpt lat="-8.1065710" lon="112.9212540">
    <ele>3568.6</ele>
   </trkpt>
   <trkpt lat="-8.1065410" lon="112.9212560">
    <ele>3567.2</ele>
   </trkpt>
   <trkpt lat="-8.1065280" lon="112.9212540">
    <ele>3566.2</ele>
   </trkpt>
   <trkpt lat="-8.1065150" lon="112.9212510">
    <ele>3565.4</ele>
   </trkpt>
   <trkpt lat="-8.1065030" lon="112.9212490">
    <ele>3564.8</ele>
   </trkpt>
   <trkpt lat="-8.1064740" lon="112.9212430">
    <ele>3563.6</ele>
   </trkpt>
   <trkpt lat="-8.1064440" lon="112.9212440">
    <ele>3562.2</ele>
   </trkpt>
   <trkpt lat="-8.1064440" lon="112.9212460">
    <ele>3561.8</ele>
   </trkpt>
   <trkpt lat="-8.1064440" lon="112.9212480">
    <ele>3561.2</ele>
   </trkpt>
   <trkpt lat="-8.1064350" lon="112.9212460">
    <ele>3560.8</ele>
   </trkpt>
   <trkpt lat="-8.1064260" lon="112.9212370">
    <ele>3560.2</ele>
   </trkpt>
   <trkpt lat="-8.1064260" lon="112.9212370">
    <ele>3560.0</ele>
   </trkpt>
   <trkpt lat="-8.1064200" lon="112.9212240">
    <ele>3558.6</ele>
   </trkpt>
   <trkpt lat="-8.1064240" lon="112.9212090">
    <ele>3557.8</ele>
   </trkpt>
   <trkpt lat="-8.1064310" lon="112.9211970">
    <ele>3558.0</ele>
   </trkpt>
   <trkpt lat="-8.1064310" lon="112.9211880">
    <ele>3557.8</ele>
   </trkpt>
   <trkpt lat="-8.1064190" lon="112.9211570">
    <ele>3557.8</ele>
   </trkpt>
   <trkpt lat="-8.1064200" lon="112.9211310">
    <ele>3558.8</ele>
   </trkpt>
   <trkpt lat="-8.1064240" lon="112.9211340">
    <ele>3559.4</ele>
   </trkpt>
   <trkpt lat="-8.1064270" lon="112.9211100">
    <ele>3559.2</ele>
   </trkpt>
   <trkpt lat="-8.1064250" lon="112.9210970">
    <ele>3559.2</ele>
   </trkpt>
   <trkpt lat="-8.1063990" lon="112.9210780">
    <ele>3559.2</ele>
   </trkpt>
   <trkpt lat="-8.1063740" lon="112.9210760">
    <ele>3557.4</ele>
   </trkpt>
   <trkpt lat="-8.1063710" lon="112.9210750">
    <ele>3557.2</ele>
   </trkpt>
   <trkpt lat="-8.1063610" lon="112.9210760">
    <ele>3557.2</ele>
   </trkpt>
   <trkpt lat="-8.1063630" lon="112.9210650">
    <ele>3556.4</ele>
   </trkpt>
   <trkpt lat="-8.1063650" lon="112.9210630">
    <ele>3556.0</ele>
   </trkpt>
   <trkpt lat="-8.1063640" lon="112.9210630">
    <ele>3556.0</ele>
   </trkpt>
   <trkpt lat="-8.1063660" lon="112.9210720">
    <ele>3556.0</ele>
   </trkpt>
   <trkpt lat="-8.1063700" lon="112.9210730">
    <ele>3555.8</ele>
   </trkpt>
   <trkpt lat="-8.1063710" lon="112.9210730">
    <ele>3556.0</ele>
   </trkpt>
   <trkpt lat="-8.1063710" lon="112.9210680">
    <ele>3556.2</ele>
   </trkpt>
   <trkpt lat="-8.1063680" lon="112.9210590">
    <ele>3556.6</ele>
   </trkpt>
   <trkpt lat="-8.1063700" lon="112.9210570">
    <ele>3556.0</ele>
   </trkpt>
   <trkpt lat="-8.1063720" lon="112.9210490">
    <ele>3556.0</ele>
   </trkpt>
   <trkpt lat="-8.1063730" lon="112.9210450">
    <ele>3556.2</ele>
   </trkpt>
   <trkpt lat="-8.1063650" lon="112.9210430">
    <ele>3556.2</ele>
   </trkpt>
   <trkpt lat="-8.1063630" lon="112.9210400">
    <ele>3556.0</ele>
   </trkpt>
   <trkpt lat="-8.1063670" lon="112.9210380">
    <ele>3556.6</ele>
   </trkpt>
   <trkpt lat="-8.1063660" lon="112.9210290">
    <ele>3556.6</ele>
   </trkpt>
   <trkpt lat="-8.1063610" lon="112.9210200">
    <ele>3556.2</ele>
   </trkpt>
   <trkpt lat="-8.1063410" lon="112.9210080">
    <ele>3555.0</ele>
   </trkpt>
   <trkpt lat="-8.1063340" lon="112.9210080">
    <ele>3554.4</ele>
   </trkpt>
   <trkpt lat="-8.1063280" lon="112.9210090">
    <ele>3553.8</ele>
   </trkpt>
   <trkpt lat="-8.1063090" lon="112.9210030">
    <ele>3553.4</ele>
   </trkpt>
   <trkpt lat="-8.1063060" lon="112.9210030">
    <ele>3552.6</ele>
   </trkpt>
   <trkpt lat="-8.1063030" lon="112.9210020">
    <ele>3552.4</ele>
   </trkpt>
   <trkpt lat="-8.1062950" lon="112.9210020">
    <ele>3553.2</ele>
   </trkpt>
   <trkpt lat="-8.1062960" lon="112.9210050">
    <ele>3553.8</ele>
   </trkpt>
   <trkpt lat="-8.1062890" lon="112.9210260">
    <ele>3553.6</ele>
   </trkpt>
   <trkpt lat="-8.1062670" lon="112.9210480">
    <ele>3552.0</ele>
   </trkpt>
   <trkpt lat="-8.1062520" lon="112.9210310">
    <ele>3550.8</ele>
   </trkpt>
   <trkpt lat="-8.1062250" lon="112.9210130">
    <ele>3549.6</ele>
   </trkpt>
   <trkpt lat="-8.1062090" lon="112.9210120">
    <ele>3548.6</ele>
   </trkpt>
   <trkpt lat="-8.1061980" lon="112.9210160">
    <ele>3548.0</ele>
   </trkpt>
   <trkpt lat="-8.1061900" lon="112.9210130">
    <ele>3547.6</ele>
   </trkpt>
   <trkpt lat="-8.1061830" lon="112.9210030">
    <ele>3547.2</ele>
   </trkpt>
   <trkpt lat="-8.1061710" lon="112.9209970">
    <ele>3546.8</ele>
   </trkpt>
   <trkpt lat="-8.1061510" lon="112.9210050">
    <ele>3545.8</ele>
   </trkpt>
   <trkpt lat="-8.1061410" lon="112.9210100">
    <ele>3545.2</ele>
   </trkpt>
   <trkpt lat="-8.1061210" lon="112.9210250">
    <ele>3544.2</ele>
   </trkpt>
   <trkpt lat="-8.1061010" lon="112.9210270">
    <ele>3542.6</ele>
   </trkpt>
   <trkpt lat="-8.1060910" lon="112.9210190">
    <ele>3541.6</ele>
   </trkpt>
   <trkpt lat="-8.1060780" lon="112.9210190">
    <ele>3540.8</ele>
   </trkpt>
   <trkpt lat="-8.1060470" lon="112.9210280">
    <ele>3539.8</ele>
   </trkpt>
   <trkpt lat="-8.1060410" lon="112.9210230">
    <ele>3539.2</ele>
   </trkpt>
   <trkpt lat="-8.1060410" lon="112.9210230">
    <ele>3538.4</ele>
   </trkpt>
   <trkpt lat="-8.1060300" lon="112.9210030">
    <ele>3537.2</ele>
   </trkpt>
   <trkpt lat="-8.1060240" lon="112.9209960">
    <ele>3536.2</ele>
   </trkpt>
   <trkpt lat="-8.1060190" lon="112.9209920">
    <ele>3535.6</ele>
   </trkpt>
   <trkpt lat="-8.1060020" lon="112.9209890">
    <ele>3535.2</ele>
   </trkpt>
   <trkpt lat="-8.1059950" lon="112.9209850">
    <ele>3535.0</ele>
   </trkpt>
   <trkpt lat="-8.1059860" lon="112.9209830">
    <ele>3534.6</ele>
   </trkpt>
   <trkpt lat="-8.1059860" lon="112.9209830">
    <ele>3534.2</ele>
   </trkpt>
   <trkpt lat="-8.1059740" lon="112.9209900">
    <ele>3533.6</ele>
   </trkpt>
   <trkpt lat="-8.1059640" lon="112.9209930">
    <ele>3532.6</ele>
   </trkpt>
   <trkpt lat="-8.1059510" lon="112.9209970">
    <ele>3532.4</ele>
   </trkpt>
   <trkpt lat="-8.1059510" lon="112.9209990">
    <ele>3531.4</ele>
   </trkpt>
   <trkpt lat="-8.1059420" lon="112.9209860">
    <ele>3531.2</ele>
   </trkpt>
   <trkpt lat="-8.1059420" lon="112.9209860">
    <ele>3530.8</ele>
   </trkpt>
   <trkpt lat="-8.1059180" lon="112.9209610">
    <ele>3530.6</ele>
   </trkpt>
   <trkpt lat="-8.1058910" lon="112.9209630">
    <ele>3530.2</ele>
   </trkpt>
   <trkpt lat="-8.1058820" lon="112.9209720">
    <ele>3529.4</ele>
   </trkpt>
   <trkpt lat="-8.1058710" lon="112.9209790">
    <ele>3528.4</ele>
   </trkpt>
   <trkpt lat="-8.1058660" lon="112.9209840">
    <ele>3527.4</ele>
   </trkpt>
   <trkpt lat="-8.1058640" lon="112.9209850">
    <ele>3527.0</ele>
   </trkpt>
   <trkpt lat="-8.1058500" lon="112.9209700">
    <ele>3526.4</ele>
   </trkpt>
   <trkpt lat="-8.1058500" lon="112.9209700">
    <ele>3525.6</ele>
   </trkpt>
   <trkpt lat="-8.1058280" lon="112.9209550">
    <ele>3524.4</ele>
   </trkpt>
   <trkpt lat="-8.1057910" lon="112.9209630">
    <ele>3523.4</ele>
   </trkpt>
   <trkpt lat="-8.1057810" lon="112.9209640">
    <ele>3523.0</ele>
   </trkpt>
   <trkpt lat="-8.1057700" lon="112.9209590">
    <ele>3522.4</ele>
   </trkpt>
   <trkpt lat="-8.1057580" lon="112.9209530">
    <ele>3521.6</ele>
   </trkpt>
   <trkpt lat="-8.1057460" lon="112.9209480">
    <ele>3520.6</ele>
   </trkpt>
   <trkpt lat="-8.1057220" lon="112.9209430">
    <ele>3518.8</ele>
   </trkpt>
   <trkpt lat="-8.1056950" lon="112.9209520">
    <ele>3517.4</ele>
   </trkpt>
   <trkpt lat="-8.1056850" lon="112.9209580">
    <ele>3516.8</ele>
   </trkpt>
   <trkpt lat="-8.1056720" lon="112.9209580">
    <ele>3516.4</ele>
   </trkpt>
   <trkpt lat="-8.1056500" lon="112.9209480">
    <ele>3515.0</ele>
   </trkpt>
   <trkpt lat="-8.1056240" lon="112.9209300">
    <ele>3513.6</ele>
   </trkpt>
   <trkpt lat="-8.1056080" lon="112.9209290">
    <ele>3512.6</ele>
   </trkpt>
   <trkpt lat="-8.1055960" lon="112.9209330">
    <ele>3511.6</ele>
   </trkpt>
   <trkpt lat="-8.1055730" lon="112.9209460">
    <ele>3510.2</ele>
   </trkpt>
   <trkpt lat="-8.1055490" lon="112.9209530">
    <ele>3508.8</ele>
   </trkpt>
   <trkpt lat="-8.1055330" lon="112.9209380">
    <ele>3508.0</ele>
   </trkpt>
   <trkpt lat="-8.1055270" lon="112.9209350">
    <ele>3507.4</ele>
   </trkpt>
   <trkpt lat="-8.1055270" lon="112.9209350">
    <ele>3506.2</ele>
   </trkpt>
   <trkpt lat="-8.1055200" lon="112.9209370">
    <ele>3505.2</ele>
   </trkpt>
   <trkpt lat="-8.1055100" lon="112.9209330">
    <ele>3504.8</ele>
   </trkpt>
   <trkpt lat="-8.1054990" lon="112.9209330">
    <ele>3504.6</ele>
   </trkpt>
   <trkpt lat="-8.1054870" lon="112.9209430">
    <ele>3503.4</ele>
   </trkpt>
   <trkpt lat="-8.1054810" lon="112.9209400">
    <ele>3503.0</ele>
   </trkpt>
   <trkpt lat="-8.1054560" lon="112.9209110">
    <ele>3502.4</ele>
   </trkpt>
   <trkpt lat="-8.1054430" lon="112.9209150">
    <ele>3501.6</ele>
   </trkpt>
   <trkpt lat="-8.1054430" lon="112.9209150">
    <ele>3501.2</ele>
   </trkpt>
   <trkpt lat="-8.1054330" lon="112.9209180">
    <ele>3500.8</ele>
   </trkpt>
   <trkpt lat="-8.1054160" lon="112.9209290">
    <ele>3500.2</ele>
   </trkpt>
   <trkpt lat="-8.1054100" lon="112.9209310">
    <ele>3499.2</ele>
   </trkpt>
   <trkpt lat="-8.1054110" lon="112.9209360">
    <ele>3499.0</ele>
   </trkpt>
   <trkpt lat="-8.1054190" lon="112.9209370">
    <ele>3499.0</ele>
   </trkpt>
   <trkpt lat="-8.1054200" lon="112.9209390">
    <ele>3499.4</ele>
   </trkpt>
   <trkpt lat="-8.1054230" lon="112.9209420">
    <ele>3499.2</ele>
   </trkpt>
   <trkpt lat="-8.1054260" lon="112.9209430">
    <ele>3499.2</ele>
   </trkpt>
   <trkpt lat="-8.1054220" lon="112.9209590">
    <ele>3499.0</ele>
   </trkpt>
   <trkpt lat="-8.1054230" lon="112.9209600">
    <ele>3498.4</ele>
   </trkpt>
   <trkpt lat="-8.1054230" lon="112.9209620">
    <ele>3498.2</ele>
   </trkpt>
   <trkpt lat="-8.1054240" lon="112.9209630">
    <ele>3498.0</ele>
   </trkpt>
   <trkpt lat="-8.1054220" lon="112.9209670">
    <ele>3498.0</ele>
   </trkpt>
   <trkpt lat="-8.1054260" lon="112.9209740">
    <ele>3498.4</ele>
   </trkpt>
   <trkpt lat="-8.1054280" lon="112.9209740">
    <ele>3498.8</ele>
   </trkpt>
   <trkpt lat="-8.1054250" lon="112.9209730">
    <ele>3498.6</ele>
   </trkpt>
   <trkpt lat="-8.1054350" lon="112.9209670">
    <ele>3498.6</ele>
   </trkpt>
   <trkpt lat="-8.1054240" lon="112.9209710">
    <ele>3498.6</ele>
   </trkpt>
   <trkpt lat="-8.1054100" lon="112.9209940">
    <ele>3498.2</ele>
   </trkpt>
   <trkpt lat="-8.1053990" lon="112.9210050">
    <ele>3497.6</ele>
   </trkpt>
   <trkpt lat="-8.1053870" lon="112.9210150">
    <ele>3496.8</ele>
   </trkpt>
   <trkpt lat="-8.1053520" lon="112.9210310">
    <ele>3494.8</ele>
   </trkpt>
   <trkpt lat="-8.1053350" lon="112.9210320">
    <ele>3493.6</ele>
   </trkpt>
   <trkpt lat="-8.1053200" lon="112.9210330">
    <ele>3492.4</ele>
   </trkpt>
   <trkpt lat="-8.1053060" lon="112.9210340">
    <ele>3491.2</ele>
   </trkpt>
   <trkpt lat="-8.1052770" lon="112.9210340">
    <ele>3489.2</ele>
   </trkpt>
   <trkpt lat="-8.1052550" lon="112.9210330">
    <ele>3487.6</ele>
   </trkpt>
   <trkpt lat="-8.1052540" lon="112.9210310">
    <ele>3487.2</ele>
   </trkpt>
   <trkpt lat="-8.1052600" lon="112.9210320">
    <ele>3486.4</ele>
   </trkpt>
   <trkpt lat="-8.1052610" lon="112.9210330">
    <ele>3485.8</ele>
   </trkpt>
   <trkpt lat="-8.1052600" lon="112.9210320">
    <ele>3486.2</ele>
   </trkpt>
   <trkpt lat="-8.1051720" lon="112.9210170">
    <ele>3484.0</ele>
   </trkpt>
   <trkpt lat="-8.1051510" lon="112.9210170">
    <ele>3482.4</ele>
   </trkpt>
   <trkpt lat="-8.1051190" lon="112.9210150">
    <ele>3481.0</ele>
   </trkpt>
   <trkpt lat="-8.1050840" lon="112.9210090">
    <ele>3479.8</ele>
   </trkpt>
   <trkpt lat="-8.1050500" lon="112.9209960">
    <ele>3477.4</ele>
   </trkpt>
   <trkpt lat="-8.1050500" lon="112.9209960">
    <ele>3475.8</ele>
   </trkpt>
   <trkpt lat="-8.1050310" lon="112.9209920">
    <ele>3474.8</ele>
   </trkpt>
   <trkpt lat="-8.1050180" lon="112.9209900">
    <ele>3473.6</ele>
   </trkpt>
   <trkpt lat="-8.1050040" lon="112.9209850">
    <ele>3472.6</ele>
   </trkpt>
   <trkpt lat="-8.1049860" lon="112.9209810">
    <ele>3471.6</ele>
   </trkpt>
   <trkpt lat="-8.1049490" lon="112.9209820">
    <ele>3470.2</ele>
   </trkpt>
   <trkpt lat="-8.1049320" lon="112.9209740">
    <ele>3469.4</ele>
   </trkpt>
   <trkpt lat="-8.1049140" lon="112.9209670">
    <ele>3468.4</ele>
   </trkpt>
   <trkpt lat="-8.1049040" lon="112.9209650">
    <ele>3466.8</ele>
   </trkpt>
   <trkpt lat="-8.1048990" lon="112.9209650">
    <ele>3465.2</ele>
   </trkpt>
   <trkpt lat="-8.1048990" lon="112.9209680">
    <ele>3464.2</ele>
   </trkpt>
   <trkpt lat="-8.1048990" lon="112.9209690">
    <ele>3463.4</ele>
   </trkpt>
   <trkpt lat="-8.1049130" lon="112.9209650">
    <ele>3463.0</ele>
   </trkpt>
   <trkpt lat="-8.1049160" lon="112.9209620">
    <ele>3462.6</ele>
   </trkpt>
   <trkpt lat="-8.1049190" lon="112.9209550">
    <ele>3462.4</ele>
   </trkpt>
   <trkpt lat="-8.1049130" lon="112.9209620">
    <ele>3463.2</ele>
   </trkpt>
   <trkpt lat="-8.1048950" lon="112.9209630">
    <ele>3463.2</ele>
   </trkpt>
   <trkpt lat="-8.1048790" lon="112.9209590">
    <ele>3463.2</ele>
   </trkpt>
   <trkpt lat="-8.1048150" lon="112.9209410">
    <ele>3461.0</ele>
   </trkpt>
   <trkpt lat="-8.1047920" lon="112.9209370">
    <ele>3459.6</ele>
   </trkpt>
   <trkpt lat="-8.1047670" lon="112.9209340">
    <ele>3458.4</ele>
   </trkpt>
   <trkpt lat="-8.1047210" lon="112.9209270">
    <ele>3457.2</ele>
   </trkpt>
   <trkpt lat="-8.1047010" lon="112.9209250">
    <ele>3455.0</ele>
   </trkpt>
   <trkpt lat="-8.1046840" lon="112.9209210">
    <ele>3453.4</ele>
   </trkpt>
   <trkpt lat="-8.1046630" lon="112.9209180">
    <ele>3452.0</ele>
   </trkpt>
   <trkpt lat="-8.1046230" lon="112.9209200">
    <ele>3450.6</ele>
   </trkpt>
   <trkpt lat="-8.1046030" lon="112.9209210">
    <ele>3449.6</ele>
   </trkpt>
   <trkpt lat="-8.1046030" lon="112.9209210">
    <ele>3448.4</ele>
   </trkpt>
   <trkpt lat="-8.1045870" lon="112.9209200">
    <ele>3447.4</ele>
   </trkpt>
   <trkpt lat="-8.1045700" lon="112.9209150">
    <ele>3446.0</ele>
   </trkpt>
   <trkpt lat="-8.1045320" lon="112.9209070">
    <ele>3444.6</ele>
   </trkpt>
   <trkpt lat="-8.1045120" lon="112.9209040">
    <ele>3443.2</ele>
   </trkpt>
   <trkpt lat="-8.1044910" lon="112.9209010">
    <ele>3441.8</ele>
   </trkpt>
   <trkpt lat="-8.1044910" lon="112.9209010">
    <ele>3440.8</ele>
   </trkpt>
   <trkpt lat="-8.1044720" lon="112.9208960">
    <ele>3439.6</ele>
   </trkpt>
   <trkpt lat="-8.1044320" lon="112.9208970">
    <ele>3438.6</ele>
   </trkpt>
   <trkpt lat="-8.1043980" lon="112.9208940">
    <ele>3436.8</ele>
   </trkpt>
   <trkpt lat="-8.1043980" lon="112.9208940">
    <ele>3435.8</ele>
   </trkpt>
   <trkpt lat="-8.1043720" lon="112.9208950">
    <ele>3433.6</ele>
   </trkpt>
   <trkpt lat="-8.1043530" lon="112.9208960">
    <ele>3432.0</ele>
   </trkpt>
   <trkpt lat="-8.1043340" lon="112.9208970">
    <ele>3430.6</ele>
   </trkpt>
   <trkpt lat="-8.1043200" lon="112.9208960">
    <ele>3429.6</ele>
   </trkpt>
   <trkpt lat="-8.1043040" lon="112.9208950">
    <ele>3428.6</ele>
   </trkpt>
   <trkpt lat="-8.1042850" lon="112.9208930">
    <ele>3427.8</ele>
   </trkpt>
   <trkpt lat="-8.1042480" lon="112.9208930">
    <ele>3425.8</ele>
   </trkpt>
   <trkpt lat="-8.1042300" lon="112.9208950">
    <ele>3424.6</ele>
   </trkpt>
   <trkpt lat="-8.1042130" lon="112.9208960">
    <ele>3423.6</ele>
   </trkpt>
   <trkpt lat="-8.1041970" lon="112.9208970">
    <ele>3422.6</ele>
   </trkpt>
   <trkpt lat="-8.1041770" lon="112.9208950">
    <ele>3421.8</ele>
   </trkpt>
   <trkpt lat="-8.1041440" lon="112.9208840">
    <ele>3419.2</ele>
   </trkpt>
   <trkpt lat="-8.1041070" lon="112.9208790">
    <ele>3417.6</ele>
   </trkpt>
   <trkpt lat="-8.1040890" lon="112.9208780">
    <ele>3416.4</ele>
   </trkpt>
   <trkpt lat="-8.1040690" lon="112.9208730">
    <ele>3415.4</ele>
   </trkpt>
   <trkpt lat="-8.1040380" lon="112.9208660">
    <ele>3413.8</ele>
   </trkpt>
   <trkpt lat="-8.1040020" lon="112.9208620">
    <ele>3411.8</ele>
   </trkpt>
   <trkpt lat="-8.1040020" lon="112.9208620">
    <ele>3410.6</ele>
   </trkpt>
   <trkpt lat="-8.1039850" lon="112.9208600">
    <ele>3409.4</ele>
   </trkpt>
   <trkpt lat="-8.1039510" lon="112.9208550">
    <ele>3407.8</ele>
   </trkpt>
   <trkpt lat="-8.1039510" lon="112.9208550">
    <ele>3406.4</ele>
   </trkpt>
   <trkpt lat="-8.1039360" lon="112.9208510">
    <ele>3405.4</ele>
   </trkpt>
   <trkpt lat="-8.1039210" lon="112.9208470">
    <ele>3404.2</ele>
   </trkpt>
   <trkpt lat="-8.1038980" lon="112.9208350">
    <ele>3402.6</ele>
   </trkpt>
   <trkpt lat="-8.1038850" lon="112.9208270">
    <ele>3401.6</ele>
   </trkpt>
   <trkpt lat="-8.1038870" lon="112.9208290">
    <ele>3400.4</ele>
   </trkpt>
   <trkpt lat="-8.1038900" lon="112.9208390">
    <ele>3399.6</ele>
   </trkpt>
   <trkpt lat="-8.1038590" lon="112.9208270">
    <ele>3399.2</ele>
   </trkpt>
   <trkpt lat="-8.1038430" lon="112.9208200">
    <ele>3398.6</ele>
   </trkpt>
   <trkpt lat="-8.1038430" lon="112.9208200">
    <ele>3398.2</ele>
   </trkpt>
   <trkpt lat="-8.1038180" lon="112.9208050">
    <ele>3396.8</ele>
   </trkpt>
   <trkpt lat="-8.1037680" lon="112.9208030">
    <ele>3395.6</ele>
   </trkpt>
   <trkpt lat="-8.1037290" lon="112.9207890">
    <ele>3394.6</ele>
   </trkpt>
   <trkpt lat="-8.1037030" lon="112.9207820">
    <ele>3392.8</ele>
   </trkpt>
   <trkpt lat="-8.1037030" lon="112.9207820">
    <ele>3391.4</ele>
   </trkpt>
   <trkpt lat="-8.1036680" lon="112.9207770">
    <ele>3390.0</ele>
   </trkpt>
   <trkpt lat="-8.1036510" lon="112.9207730">
    <ele>3388.8</ele>
   </trkpt>
   <trkpt lat="-8.1036200" lon="112.9207660">
    <ele>3387.0</ele>
   </trkpt>
   <trkpt lat="-8.1036200" lon="112.9207660">
    <ele>3385.6</ele>
   </trkpt>
   <trkpt lat="-8.1035930" lon="112.9207650">
    <ele>3384.2</ele>
   </trkpt>
   <trkpt lat="-8.1035870" lon="112.9207630">
    <ele>3382.4</ele>
   </trkpt>
   <trkpt lat="-8.1035830" lon="112.9207580">
    <ele>3381.6</ele>
   </trkpt>
   <trkpt lat="-8.1035770" lon="112.9207530">
    <ele>3381.0</ele>
   </trkpt>
   <trkpt lat="-8.1035410" lon="112.9207340">
    <ele>3379.6</ele>
   </trkpt>
   <trkpt lat="-8.1035020" lon="112.9207220">
    <ele>3378.2</ele>
   </trkpt>
   <trkpt lat="-8.1035020" lon="112.9207220">
    <ele>3376.6</ele>
   </trkpt>
   <trkpt lat="-8.1034830" lon="112.9207200">
    <ele>3374.8</ele>
   </trkpt>
   <trkpt lat="-8.1034630" lon="112.9207210">
    <ele>3373.2</ele>
   </trkpt>
   <trkpt lat="-8.1034450" lon="112.9207230">
    <ele>3372.0</ele>
   </trkpt>
   <trkpt lat="-8.1034050" lon="112.9207320">
    <ele>3370.4</ele>
   </trkpt>
   <trkpt lat="-8.1033890" lon="112.9207340">
    <ele>3369.6</ele>
   </trkpt>
   <trkpt lat="-8.1033720" lon="112.9207340">
    <ele>3368.8</ele>
   </trkpt>
   <trkpt lat="-8.1033370" lon="112.9207420">
    <ele>3367.0</ele>
   </trkpt>
   <trkpt lat="-8.1033040" lon="112.9207420">
    <ele>3365.0</ele>
   </trkpt>
   <trkpt lat="-8.1032850" lon="112.9207400">
    <ele>3364.0</ele>
   </trkpt>
   <trkpt lat="-8.1032680" lon="112.9207330">
    <ele>3362.8</ele>
   </trkpt>
   <trkpt lat="-8.1032540" lon="112.9207260">
    <ele>3361.6</ele>
   </trkpt>
   <trkpt lat="-8.1032370" lon="112.9207250">
    <ele>3360.4</ele>
   </trkpt>
   <trkpt lat="-8.1032000" lon="112.9207230">
    <ele>3358.6</ele>
   </trkpt>
   <trkpt lat="-8.1031820" lon="112.9207230">
    <ele>3357.6</ele>
   </trkpt>
   <trkpt lat="-8.1031620" lon="112.9207250">
    <ele>3356.4</ele>
   </trkpt>
   <trkpt lat="-8.1031410" lon="112.9207250">
    <ele>3355.2</ele>
   </trkpt>
   <trkpt lat="-8.1031230" lon="112.9207230">
    <ele>3353.6</ele>
   </trkpt>
   <trkpt lat="-8.1031030" lon="112.9207210">
    <ele>3352.2</ele>
   </trkpt>
   <trkpt lat="-8.1030850" lon="112.9207230">
    <ele>3351.2</ele>
   </trkpt>
   <trkpt lat="-8.1030480" lon="112.9207290">
    <ele>3349.2</ele>
   </trkpt>
   <trkpt lat="-8.1030290" lon="112.9207310">
    <ele>3348.0</ele>
   </trkpt>
   <trkpt lat="-8.1030110" lon="112.9207280">
    <ele>3346.8</ele>
   </trkpt>
   <trkpt lat="-8.1029910" lon="112.9207250">
    <ele>3345.4</ele>
   </trkpt>
   <trkpt lat="-8.1029730" lon="112.9207230">
    <ele>3344.4</ele>
   </trkpt>
   <trkpt lat="-8.1029570" lon="112.9207200">
    <ele>3343.4</ele>
   </trkpt>
   <trkpt lat="-8.1029220" lon="112.9207240">
    <ele>3341.8</ele>
   </trkpt>
   <trkpt lat="-8.1029070" lon="112.9207250">
    <ele>3341.4</ele>
   </trkpt>
   <trkpt lat="-8.1028900" lon="112.9207220">
    <ele>3340.6</ele>
   </trkpt>
   <trkpt lat="-8.1028680" lon="112.9207210">
    <ele>3339.6</ele>
   </trkpt>
   <trkpt lat="-8.1028500" lon="112.9207230">
    <ele>3338.4</ele>
   </trkpt>
   <trkpt lat="-8.1028330" lon="112.9207250">
    <ele>3337.0</ele>
   </trkpt>
   <trkpt lat="-8.1028110" lon="112.9207250">
    <ele>3335.4</ele>
   </trkpt>
   <trkpt lat="-8.1027930" lon="112.9207230">
    <ele>3334.0</ele>
   </trkpt>
   <trkpt lat="-8.1027750" lon="112.9207210">
    <ele>3332.8</ele>
   </trkpt>
   <trkpt lat="-8.1027550" lon="112.9207210">
    <ele>3331.6</ele>
   </trkpt>
   <trkpt lat="-8.1027350" lon="112.9207190">
    <ele>3330.4</ele>
   </trkpt>
   <trkpt lat="-8.1027180" lon="112.9207130">
    <ele>3329.4</ele>
   </trkpt>
   <trkpt lat="-8.1026980" lon="112.9207100">
    <ele>3328.2</ele>
   </trkpt>
   <trkpt lat="-8.1026580" lon="112.9207130">
    <ele>3326.2</ele>
   </trkpt>
   <trkpt lat="-8.1026390" lon="112.9207150">
    <ele>3325.0</ele>
   </trkpt>
   <trkpt lat="-8.1026190" lon="112.9207150">
    <ele>3323.6</ele>
   </trkpt>
   <trkpt lat="-8.1026000" lon="112.9207120">
    <ele>3322.2</ele>
   </trkpt>
   <trkpt lat="-8.1025830" lon="112.9207090">
    <ele>3321.0</ele>
   </trkpt>
   <trkpt lat="-8.1025630" lon="112.9207070">
    <ele>3319.6</ele>
   </trkpt>
   <trkpt lat="-8.1025460" lon="112.9207030">
    <ele>3318.4</ele>
   </trkpt>
   <trkpt lat="-8.1025310" lon="112.9206990">
    <ele>3317.6</ele>
   </trkpt>
   <trkpt lat="-8.1025140" lon="112.9206970">
    <ele>3316.8</ele>
   </trkpt>
   <trkpt lat="-8.1024980" lon="112.9206990">
    <ele>3315.8</ele>
   </trkpt>
   <trkpt lat="-8.1024830" lon="112.9207020">
    <ele>3314.6</ele>
   </trkpt>
   <trkpt lat="-8.1024670" lon="112.9206980">
    <ele>3313.6</ele>
   </trkpt>
   <trkpt lat="-8.1024510" lon="112.9206930">
    <ele>3312.4</ele>
   </trkpt>
   <trkpt lat="-8.1024310" lon="112.9206910">
    <ele>3311.2</ele>
   </trkpt>
   <trkpt lat="-8.1024120" lon="112.9206900">
    <ele>3310.2</ele>
   </trkpt>
   <trkpt lat="-8.1023750" lon="112.9206930">
    <ele>3308.4</ele>
   </trkpt>
   <trkpt lat="-8.1023540" lon="112.9206970">
    <ele>3307.4</ele>
   </trkpt>
   <trkpt lat="-8.1023390" lon="112.9206920">
    <ele>3306.0</ele>
   </trkpt>
   <trkpt lat="-8.1023210" lon="112.9206850">
    <ele>3304.6</ele>
   </trkpt>
   <trkpt lat="-8.1023000" lon="112.9206840">
    <ele>3303.2</ele>
   </trkpt>
   <trkpt lat="-8.1022830" lon="112.9206820">
    <ele>3302.4</ele>
   </trkpt>
   <trkpt lat="-8.1022700" lon="112.9206770">
    <ele>3301.6</ele>
   </trkpt>
   <trkpt lat="-8.1022550" lon="112.9206710">
    <ele>3300.6</ele>
   </trkpt>
   <trkpt lat="-8.1022360" lon="112.9206660">
    <ele>3299.4</ele>
   </trkpt>
   <trkpt lat="-8.1022190" lon="112.9206640">
    <ele>3298.4</ele>
   </trkpt>
   <trkpt lat="-8.1022000" lon="112.9206620">
    <ele>3297.4</ele>
   </trkpt>
   <trkpt lat="-8.1021780" lon="112.9206620">
    <ele>3296.2</ele>
   </trkpt>
   <trkpt lat="-8.1021360" lon="112.9206570">
    <ele>3294.2</ele>
   </trkpt>
   <trkpt lat="-8.1021140" lon="112.9206560">
    <ele>3292.6</ele>
   </trkpt>
   <trkpt lat="-8.1020940" lon="112.9206530">
    <ele>3291.0</ele>
   </trkpt>
   <trkpt lat="-8.1020740" lon="112.9206470">
    <ele>3289.8</ele>
   </trkpt>
   <trkpt lat="-8.1020510" lon="112.9206410">
    <ele>3288.8</ele>
   </trkpt>
   <trkpt lat="-8.1020350" lon="112.9206380">
    <ele>3287.6</ele>
   </trkpt>
   <trkpt lat="-8.1020180" lon="112.9206340">
    <ele>3286.0</ele>
   </trkpt>
   <trkpt lat="-8.1019940" lon="112.9206310">
    <ele>3284.4</ele>
   </trkpt>
   <trkpt lat="-8.1019730" lon="112.9206290">
    <ele>3283.0</ele>
   </trkpt>
   <trkpt lat="-8.1019560" lon="112.9206290">
    <ele>3282.0</ele>
   </trkpt>
   <trkpt lat="-8.1019370" lon="112.9206250">
    <ele>3281.0</ele>
   </trkpt>
   <trkpt lat="-8.1019170" lon="112.9206210">
    <ele>3280.2</ele>
   </trkpt>
   <trkpt lat="-8.1018970" lon="112.9206200">
    <ele>3279.2</ele>
   </trkpt>
   <trkpt lat="-8.1018800" lon="112.9206220">
    <ele>3277.6</ele>
   </trkpt>
   <trkpt lat="-8.1018590" lon="112.9206220">
    <ele>3276.6</ele>
   </trkpt>
   <trkpt lat="-8.1018160" lon="112.9206220">
    <ele>3274.8</ele>
   </trkpt>
   <trkpt lat="-8.1017830" lon="112.9206200">
    <ele>3273.4</ele>
   </trkpt>
   <trkpt lat="-8.1017640" lon="112.9206220">
    <ele>3272.2</ele>
   </trkpt>
   <trkpt lat="-8.1017460" lon="112.9206190">
    <ele>3270.8</ele>
   </trkpt>
   <trkpt lat="-8.1017300" lon="112.9206140">
    <ele>3269.8</ele>
   </trkpt>
   <trkpt lat="-8.1017160" lon="112.9206130">
    <ele>3268.8</ele>
   </trkpt>
   <trkpt lat="-8.1017030" lon="112.9206130">
    <ele>3267.6</ele>
   </trkpt>
   <trkpt lat="-8.1016900" lon="112.9206090">
    <ele>3266.2</ele>
   </trkpt>
   <trkpt lat="-8.1016740" lon="112.9206100">
    <ele>3265.2</ele>
   </trkpt>
   <trkpt lat="-8.1016380" lon="112.9206130">
    <ele>3263.6</ele>
   </trkpt>
   <trkpt lat="-8.1016090" lon="112.9206100">
    <ele>3262.0</ele>
   </trkpt>
   <trkpt lat="-8.1015960" lon="112.9206070">
    <ele>3260.8</ele>
   </trkpt>
   <trkpt lat="-8.1015760" lon="112.9206060">
    <ele>3259.4</ele>
   </trkpt>
   <trkpt lat="-8.1015560" lon="112.9206070">
    <ele>3258.2</ele>
   </trkpt>
   <trkpt lat="-8.1015260" lon="112.9206020">
    <ele>3256.4</ele>
   </trkpt>
   <trkpt lat="-8.1015130" lon="112.9205940">
    <ele>3255.0</ele>
   </trkpt>
   <trkpt lat="-8.1014970" lon="112.9205890">
    <ele>3253.6</ele>
   </trkpt>
   <trkpt lat="-8.1014820" lon="112.9205840">
    <ele>3252.6</ele>
   </trkpt>
   <trkpt lat="-8.1014450" lon="112.9205830">
    <ele>3251.4</ele>
   </trkpt>
   <trkpt lat="-8.1014270" lon="112.9205790">
    <ele>3250.6</ele>
   </trkpt>
   <trkpt lat="-8.1014080" lon="112.9205760">
    <ele>3249.8</ele>
   </trkpt>
   <trkpt lat="-8.1013910" lon="112.9205740">
    <ele>3248.6</ele>
   </trkpt>
   <trkpt lat="-8.1013750" lon="112.9205720">
    <ele>3247.4</ele>
   </trkpt>
   <trkpt lat="-8.1013590" lon="112.9205750">
    <ele>3246.2</ele>
   </trkpt>
   <trkpt lat="-8.1013470" lon="112.9205800">
    <ele>3245.0</ele>
   </trkpt>
   <trkpt lat="-8.1013390" lon="112.9205810">
    <ele>3243.4</ele>
   </trkpt>
   <trkpt lat="-8.1013360" lon="112.9205860">
    <ele>3242.4</ele>
   </trkpt>
   <trkpt lat="-8.1013560" lon="112.9205790">
    <ele>3242.2</ele>
   </trkpt>
   <trkpt lat="-8.1013550" lon="112.9205700">
    <ele>3242.2</ele>
   </trkpt>
   <trkpt lat="-8.1013330" lon="112.9205650">
    <ele>3242.0</ele>
   </trkpt>
   <trkpt lat="-8.1013170" lon="112.9205680">
    <ele>3241.6</ele>
   </trkpt>
   <trkpt lat="-8.1012980" lon="112.9205690">
    <ele>3241.2</ele>
   </trkpt>
   <trkpt lat="-8.1012600" lon="112.9205750">
    <ele>3239.2</ele>
   </trkpt>
   <trkpt lat="-8.1012430" lon="112.9205810">
    <ele>3238.0</ele>
   </trkpt>
   <trkpt lat="-8.1012250" lon="112.9205830">
    <ele>3236.6</ele>
   </trkpt>
   <trkpt lat="-8.1012100" lon="112.9205860">
    <ele>3235.6</ele>
   </trkpt>
   <trkpt lat="-8.1011960" lon="112.9205830">
    <ele>3234.4</ele>
   </trkpt>
   <trkpt lat="-8.1011970" lon="112.9205790">
    <ele>3233.4</ele>
   </trkpt>
   <trkpt lat="-8.1012010" lon="112.9205770">
    <ele>3233.2</ele>
   </trkpt>
   <trkpt lat="-8.1011960" lon="112.9205790">
    <ele>3232.8</ele>
   </trkpt>
   <trkpt lat="-8.1011880" lon="112.9205790">
    <ele>3232.4</ele>
   </trkpt>
   <trkpt lat="-8.1011750" lon="112.9205760">
    <ele>3232.0</ele>
   </trkpt>
   <trkpt lat="-8.1011570" lon="112.9205730">
    <ele>3231.6</ele>
   </trkpt>
   <trkpt lat="-8.1011130" lon="112.9205640">
    <ele>3230.2</ele>
   </trkpt>
   <trkpt lat="-8.1010890" lon="112.9205570">
    <ele>3229.2</ele>
   </trkpt>
   <trkpt lat="-8.1010670" lon="112.9205510">
    <ele>3228.2</ele>
   </trkpt>
   <trkpt lat="-8.1010470" lon="112.9205450">
    <ele>3227.2</ele>
   </trkpt>
   <trkpt lat="-8.1010300" lon="112.9205400">
    <ele>3226.0</ele>
   </trkpt>
   <trkpt lat="-8.1009890" lon="112.9205300">
    <ele>3224.0</ele>
   </trkpt>
   <trkpt lat="-8.1009660" lon="112.9205240">
    <ele>3222.8</ele>
   </trkpt>
   <trkpt lat="-8.1009440" lon="112.9205130">
    <ele>3221.6</ele>
   </trkpt>
   <trkpt lat="-8.1009240" lon="112.9205030">
    <ele>3220.0</ele>
   </trkpt>
   <trkpt lat="-8.1009010" lon="112.9204950">
    <ele>3218.6</ele>
   </trkpt>
   <trkpt lat="-8.1008800" lon="112.9204930">
    <ele>3217.6</ele>
   </trkpt>
   <trkpt lat="-8.1008680" lon="112.9204930">
    <ele>3216.4</ele>
   </trkpt>
   <trkpt lat="-8.1008630" lon="112.9204960">
    <ele>3215.4</ele>
   </trkpt>
   <trkpt lat="-8.1008620" lon="112.9204990">
    <ele>3214.0</ele>
   </trkpt>
   <trkpt lat="-8.1008650" lon="112.9205010">
    <ele>3212.6</ele>
   </trkpt>
   <trkpt lat="-8.1008670" lon="112.9204990">
    <ele>3212.4</ele>
   </trkpt>
   <trkpt lat="-8.1008630" lon="112.9204980">
    <ele>3212.0</ele>
   </trkpt>
   <trkpt lat="-8.1008070" lon="112.9205060">
    <ele>3211.4</ele>
   </trkpt>
   <trkpt lat="-8.1007700" lon="112.9204990">
    <ele>3209.2</ele>
   </trkpt>
   <trkpt lat="-8.1007550" lon="112.9204950">
    <ele>3207.6</ele>
   </trkpt>
   <trkpt lat="-8.1007410" lon="112.9204850">
    <ele>3206.6</ele>
   </trkpt>
   <trkpt lat="-8.1007040" lon="112.9204700">
    <ele>3204.6</ele>
   </trkpt>
   <trkpt lat="-8.1006880" lon="112.9204590">
    <ele>3203.4</ele>
   </trkpt>
   <trkpt lat="-8.1006500" lon="112.9204410">
    <ele>3201.6</ele>
   </trkpt>
   <trkpt lat="-8.1006290" lon="112.9204360">
    <ele>3200.6</ele>
   </trkpt>
   <trkpt lat="-8.1006120" lon="112.9204310">
    <ele>3199.4</ele>
   </trkpt>
   <trkpt lat="-8.1005930" lon="112.9204280">
    <ele>3198.4</ele>
   </trkpt>
   <trkpt lat="-8.1005750" lon="112.9204220">
    <ele>3197.2</ele>
   </trkpt>
   <trkpt lat="-8.1005460" lon="112.9204040">
    <ele>3195.2</ele>
   </trkpt>
   <trkpt lat="-8.1005290" lon="112.9203940">
    <ele>3194.2</ele>
   </trkpt>
   <trkpt lat="-8.1005120" lon="112.9203860">
    <ele>3193.6</ele>
   </trkpt>
   <trkpt lat="-8.1004860" lon="112.9203670">
    <ele>3191.2</ele>
   </trkpt>
   <trkpt lat="-8.1004680" lon="112.9203610">
    <ele>3189.6</ele>
   </trkpt>
   <trkpt lat="-8.1004480" lon="112.9203600">
    <ele>3188.4</ele>
   </trkpt>
   <trkpt lat="-8.1004310" lon="112.9203580">
    <ele>3187.2</ele>
   </trkpt>
   <trkpt lat="-8.1003970" lon="112.9203480">
    <ele>3185.4</ele>
   </trkpt>
   <trkpt lat="-8.1003610" lon="112.9203490">
    <ele>3183.8</ele>
   </trkpt>
   <trkpt lat="-8.1003210" lon="112.9203340">
    <ele>3182.0</ele>
   </trkpt>
   <trkpt lat="-8.1003060" lon="112.9203250">
    <ele>3181.0</ele>
   </trkpt>
   <trkpt lat="-8.1002860" lon="112.9203190">
    <ele>3179.4</ele>
   </trkpt>
   <trkpt lat="-8.1002640" lon="112.9203180">
    <ele>3178.0</ele>
   </trkpt>
   <trkpt lat="-8.1002470" lon="112.9203190">
    <ele>3176.6</ele>
   </trkpt>
   <trkpt lat="-8.1002290" lon="112.9203200">
    <ele>3175.2</ele>
   </trkpt>
   <trkpt lat="-8.1002150" lon="112.9203210">
    <ele>3174.0</ele>
   </trkpt>
   <trkpt lat="-8.1002000" lon="112.9203170">
    <ele>3172.6</ele>
   </trkpt>
   <trkpt lat="-8.1001840" lon="112.9203130">
    <ele>3171.2</ele>
   </trkpt>
   <trkpt lat="-8.1001670" lon="112.9203130">
    <ele>3169.8</ele>
   </trkpt>
   <trkpt lat="-8.1001360" lon="112.9203120">
    <ele>3168.4</ele>
   </trkpt>
   <trkpt lat="-8.1001010" lon="112.9203060">
    <ele>3166.2</ele>
   </trkpt>
   <trkpt lat="-8.1000820" lon="112.9203050">
    <ele>3165.0</ele>
   </trkpt>
   <trkpt lat="-8.1000460" lon="112.9202980">
    <ele>3163.2</ele>
   </trkpt>
   <trkpt lat="-8.1000150" lon="112.9202840">
    <ele>3161.4</ele>
   </trkpt>
   <trkpt lat="-8.0999850" lon="112.9202700">
    <ele>3160.0</ele>
   </trkpt>
   <trkpt lat="-8.0999710" lon="112.9202620">
    <ele>3159.0</ele>
   </trkpt>
   <trkpt lat="-8.0999550" lon="112.9202540">
    <ele>3157.4</ele>
   </trkpt>
   <trkpt lat="-8.0999370" lon="112.9202490">
    <ele>3156.2</ele>
   </trkpt>
   <trkpt lat="-8.0999190" lon="112.9202490">
    <ele>3155.2</ele>
   </trkpt>
   <trkpt lat="-8.0999020" lon="112.9202540">
    <ele>3154.0</ele>
   </trkpt>
   <trkpt lat="-8.0998870" lon="112.9202530">
    <ele>3152.4</ele>
   </trkpt>
   <trkpt lat="-8.0998680" lon="112.9202530">
    <ele>3151.0</ele>
   </trkpt>
   <trkpt lat="-8.0998510" lon="112.9202500">
    <ele>3150.0</ele>
   </trkpt>
   <trkpt lat="-8.0998150" lon="112.9202360">
    <ele>3148.2</ele>
   </trkpt>
   <trkpt lat="-8.0997770" lon="112.9202230">
    <ele>3146.0</ele>
   </trkpt>
   <trkpt lat="-8.0997570" lon="112.9202230">
    <ele>3144.4</ele>
   </trkpt>
   <trkpt lat="-8.0997370" lon="112.9202220">
    <ele>3143.2</ele>
   </trkpt>
   <trkpt lat="-8.0996920" lon="112.9202240">
    <ele>3141.4</ele>
   </trkpt>
   <trkpt lat="-8.0996620" lon="112.9202140">
    <ele>3139.4</ele>
   </trkpt>
   <trkpt lat="-8.0996490" lon="112.9202100">
    <ele>3138.2</ele>
   </trkpt>
   <trkpt lat="-8.0996400" lon="112.9202090">
    <ele>3137.0</ele>
   </trkpt>
   <trkpt lat="-8.0996340" lon="112.9202090">
    <ele>3136.2</ele>
   </trkpt>
   <trkpt lat="-8.0996330" lon="112.9202100">
    <ele>3135.4</ele>
   </trkpt>
   <trkpt lat="-8.0996290" lon="112.9202060">
    <ele>3134.2</ele>
   </trkpt>
   <trkpt lat="-8.0996020" lon="112.9202030">
    <ele>3133.4</ele>
   </trkpt>
   <trkpt lat="-8.0995840" lon="112.9202010">
    <ele>3133.2</ele>
   </trkpt>
   <trkpt lat="-8.0995270" lon="112.9202090">
    <ele>3131.8</ele>
   </trkpt>
   <trkpt lat="-8.0995080" lon="112.9202100">
    <ele>3130.6</ele>
   </trkpt>
   <trkpt lat="-8.0994900" lon="112.9202130">
    <ele>3129.2</ele>
   </trkpt>
   <trkpt lat="-8.0994680" lon="112.9202170">
    <ele>3128.0</ele>
   </trkpt>
   <trkpt lat="-8.0994480" lon="112.9202180">
    <ele>3126.6</ele>
   </trkpt>
   <trkpt lat="-8.0994280" lon="112.9202180">
    <ele>3125.4</ele>
   </trkpt>
   <trkpt lat="-8.0993870" lon="112.9202240">
    <ele>3123.8</ele>
   </trkpt>
   <trkpt lat="-8.0993490" lon="112.9202220">
    <ele>3121.6</ele>
   </trkpt>
   <trkpt lat="-8.0993300" lon="112.9202170">
    <ele>3120.4</ele>
   </trkpt>
   <trkpt lat="-8.0993110" lon="112.9202130">
    <ele>3119.0</ele>
   </trkpt>
   <trkpt lat="-8.0992960" lon="112.9202080">
    <ele>3117.8</ele>
   </trkpt>
   <trkpt lat="-8.0992590" lon="112.9202060">
    <ele>3116.0</ele>
   </trkpt>
   <trkpt lat="-8.0992220" lon="112.9202060">
    <ele>3114.8</ele>
   </trkpt>
   <trkpt lat="-8.0991990" lon="112.9202060">
    <ele>3113.6</ele>
   </trkpt>
   <trkpt lat="-8.0991770" lon="112.9202020">
    <ele>3112.0</ele>
   </trkpt>
   <trkpt lat="-8.0991340" lon="112.9201950">
    <ele>3109.8</ele>
   </trkpt>
   <trkpt lat="-8.0991120" lon="112.9201920">
    <ele>3108.6</ele>
   </trkpt>
   <trkpt lat="-8.0990940" lon="112.9201880">
    <ele>3107.8</ele>
   </trkpt>
   <trkpt lat="-8.0990780" lon="112.9201850">
    <ele>3106.8</ele>
   </trkpt>
   <trkpt lat="-8.0990570" lon="112.9201840">
    <ele>3105.4</ele>
   </trkpt>
   <trkpt lat="-8.0990390" lon="112.9201890">
    <ele>3103.6</ele>
   </trkpt>
   <trkpt lat="-8.0990190" lon="112.9201880">
    <ele>3101.8</ele>
   </trkpt>
   <trkpt lat="-8.0989990" lon="112.9201870">
    <ele>3100.2</ele>
   </trkpt>
   <trkpt lat="-8.0989780" lon="112.9201850">
    <ele>3098.8</ele>
   </trkpt>
   <trkpt lat="-8.0989350" lon="112.9201810">
    <ele>3097.0</ele>
   </trkpt>
   <trkpt lat="-8.0988960" lon="112.9201780">
    <ele>3094.8</ele>
   </trkpt>
   <trkpt lat="-8.0988740" lon="112.9201720">
    <ele>3093.8</ele>
   </trkpt>
   <trkpt lat="-8.0988510" lon="112.9201690">
    <ele>3092.6</ele>
   </trkpt>
   <trkpt lat="-8.0988260" lon="112.9201640">
    <ele>3091.2</ele>
   </trkpt>
   <trkpt lat="-8.0988040" lon="112.9201580">
    <ele>3089.8</ele>
   </trkpt>
   <trkpt lat="-8.0987820" lon="112.9201500">
    <ele>3088.6</ele>
   </trkpt>
   <trkpt lat="-8.0987580" lon="112.9201440">
    <ele>3087.4</ele>
   </trkpt>
   <trkpt lat="-8.0987360" lon="112.9201390">
    <ele>3086.2</ele>
   </trkpt>
   <trkpt lat="-8.0987130" lon="112.9201360">
    <ele>3084.8</ele>
   </trkpt>
   <trkpt lat="-8.0986870" lon="112.9201350">
    <ele>3083.6</ele>
   </trkpt>
   <trkpt lat="-8.0986650" lon="112.9201320">
    <ele>3082.0</ele>
   </trkpt>
   <trkpt lat="-8.0986450" lon="112.9201290">
    <ele>3080.6</ele>
   </trkpt>
   <trkpt lat="-8.0986260" lon="112.9201250">
    <ele>3079.6</ele>
   </trkpt>
   <trkpt lat="-8.0986050" lon="112.9201210">
    <ele>3078.6</ele>
   </trkpt>
   <trkpt lat="-8.0985880" lon="112.9201140">
    <ele>3077.4</ele>
   </trkpt>
   <trkpt lat="-8.0985760" lon="112.9201070">
    <ele>3076.0</ele>
   </trkpt>
   <trkpt lat="-8.0985610" lon="112.9200990">
    <ele>3074.6</ele>
   </trkpt>
   <trkpt lat="-8.0985490" lon="112.9200930">
    <ele>3073.6</ele>
   </trkpt>
   <trkpt lat="-8.0985390" lon="112.9200910">
    <ele>3073.0</ele>
   </trkpt>
   <trkpt lat="-8.0985160" lon="112.9200930">
    <ele>3071.6</ele>
   </trkpt>
   <trkpt lat="-8.0984730" lon="112.9200920">
    <ele>3070.0</ele>
   </trkpt>
   <trkpt lat="-8.0984580" lon="112.9200900">
    <ele>3068.6</ele>
   </trkpt>
   <trkpt lat="-8.0984260" lon="112.9200760">
    <ele>3067.2</ele>
   </trkpt>
   <trkpt lat="-8.0984060" lon="112.9200630">
    <ele>3065.2</ele>
   </trkpt>
   <trkpt lat="-8.0984040" lon="112.9200610">
    <ele>3064.2</ele>
   </trkpt>
   <trkpt lat="-8.0984000" lon="112.9200550">
    <ele>3062.6</ele>
   </trkpt>
   <trkpt lat="-8.0983950" lon="112.9200530">
    <ele>3062.2</ele>
   </trkpt>
   <trkpt lat="-8.0983720" lon="112.9200680">
    <ele>3062.4</ele>
   </trkpt>
   <trkpt lat="-8.0983650" lon="112.9200650">
    <ele>3062.0</ele>
   </trkpt>
   <trkpt lat="-8.0983680" lon="112.9200710">
    <ele>3062.0</ele>
   </trkpt>
   <trkpt lat="-8.0983700" lon="112.9200690">
    <ele>3062.2</ele>
   </trkpt>
   <trkpt lat="-8.0983620" lon="112.9200650">
    <ele>3062.2</ele>
   </trkpt>
   <trkpt lat="-8.0983180" lon="112.9200520">
    <ele>3061.2</ele>
   </trkpt>
   <trkpt lat="-8.0983120" lon="112.9200510">
    <ele>3060.4</ele>
   </trkpt>
   <trkpt lat="-8.0983120" lon="112.9200510">
    <ele>3060.2</ele>
   </trkpt>
   <trkpt lat="-8.0982770" lon="112.9200390">
    <ele>3058.8</ele>
   </trkpt>
   <trkpt lat="-8.0982650" lon="112.9200360">
    <ele>3058.2</ele>
   </trkpt>
   <trkpt lat="-8.0982490" lon="112.9200340">
    <ele>3057.6</ele>
   </trkpt>
   <trkpt lat="-8.0982140" lon="112.9200330">
    <ele>3056.6</ele>
   </trkpt>
   <trkpt lat="-8.0981790" lon="112.9200330">
    <ele>3054.6</ele>
   </trkpt>
   <trkpt lat="-8.0981580" lon="112.9200320">
    <ele>3053.8</ele>
   </trkpt>
   <trkpt lat="-8.0981360" lon="112.9200350">
    <ele>3053.2</ele>
   </trkpt>
   <trkpt lat="-8.0980940" lon="112.9200410">
    <ele>3051.6</ele>
   </trkpt>
   <trkpt lat="-8.0980730" lon="112.9200440">
    <ele>3050.4</ele>
   </trkpt>
   <trkpt lat="-8.0980540" lon="112.9200450">
    <ele>3048.8</ele>
   </trkpt>
   <trkpt lat="-8.0980320" lon="112.9200450">
    <ele>3047.0</ele>
   </trkpt>
   <trkpt lat="-8.0980100" lon="112.9200430">
    <ele>3045.6</ele>
   </trkpt>
   <trkpt lat="-8.0979600" lon="112.9200380">
    <ele>3043.8</ele>
   </trkpt>
   <trkpt lat="-8.0979320" lon="112.9200400">
    <ele>3042.6</ele>
   </trkpt>
   <trkpt lat="-8.0979040" lon="112.9200420">
    <ele>3041.4</ele>
   </trkpt>
   <trkpt lat="-8.0978760" lon="112.9200470">
    <ele>3040.2</ele>
   </trkpt>
   <trkpt lat="-8.0978500" lon="112.9200490">
    <ele>3039.2</ele>
   </trkpt>
   <trkpt lat="-8.0978270" lon="112.9200490">
    <ele>3038.0</ele>
   </trkpt>
   <trkpt lat="-8.0978100" lon="112.9200450">
    <ele>3037.0</ele>
   </trkpt>
   <trkpt lat="-8.0977900" lon="112.9200400">
    <ele>3035.6</ele>
   </trkpt>
   <trkpt lat="-8.0977800" lon="112.9200430">
    <ele>3034.6</ele>
   </trkpt>
   <trkpt lat="-8.0977720" lon="112.9200380">
    <ele>3034.2</ele>
   </trkpt>
   <trkpt lat="-8.0977670" lon="112.9200290">
    <ele>3034.2</ele>
   </trkpt>
   <trkpt lat="-8.0977620" lon="112.9200130">
    <ele>3034.0</ele>
   </trkpt>
   <trkpt lat="-8.0977480" lon="112.9199870">
    <ele>3034.0</ele>
   </trkpt>
   <trkpt lat="-8.0977320" lon="112.9199830">
    <ele>3034.6</ele>
   </trkpt>
   <trkpt lat="-8.0977200" lon="112.9199820">
    <ele>3034.6</ele>
   </trkpt>
   <trkpt lat="-8.0976630" lon="112.9199730">
    <ele>3033.6</ele>
   </trkpt>
   <trkpt lat="-8.0976420" lon="112.9199650">
    <ele>3033.0</ele>
   </trkpt>
   <trkpt lat="-8.0975400" lon="112.9199610">
    <ele>3031.8</ele>
   </trkpt>
   <trkpt lat="-8.0975220" lon="112.9199670">
    <ele>3030.6</ele>
   </trkpt>
   <trkpt lat="-8.0975060" lon="112.9199790">
    <ele>3029.2</ele>
   </trkpt>
   <trkpt lat="-8.0974860" lon="112.9199910">
    <ele>3027.8</ele>
   </trkpt>
   <trkpt lat="-8.0974680" lon="112.9199970">
    <ele>3026.8</ele>
   </trkpt>
   <trkpt lat="-8.0974490" lon="112.9199920">
    <ele>3026.0</ele>
   </trkpt>
   <trkpt lat="-8.0974200" lon="112.9199860">
    <ele>3025.6</ele>
   </trkpt>
   <trkpt lat="-8.0974200" lon="112.9199890">
    <ele>3024.6</ele>
   </trkpt>
   <trkpt lat="-8.0974240" lon="112.9199880">
    <ele>3024.4</ele>
   </trkpt>
   <trkpt lat="-8.0974290" lon="112.9199960">
    <ele>3023.8</ele>
   </trkpt>
   <trkpt lat="-8.0974320" lon="112.9199980">
    <ele>3023.6</ele>
   </trkpt>
   <trkpt lat="-8.0974440" lon="112.9199870">
    <ele>3024.2</ele>
   </trkpt>
   <trkpt lat="-8.0973670" lon="112.9199750">
    <ele>3024.0</ele>
   </trkpt>
   <trkpt lat="-8.0973580" lon="112.9199650">
    <ele>3024.2</ele>
   </trkpt>
   <trkpt lat="-8.0973520" lon="112.9199390">
    <ele>3023.8</ele>
   </trkpt>
   <trkpt lat="-8.0973560" lon="112.9199050">
    <ele>3023.2</ele>
   </trkpt>
   <trkpt lat="-8.0973580" lon="112.9198780">
    <ele>3022.2</ele>
   </trkpt>
   <trkpt lat="-8.0973550" lon="112.9198720">
    <ele>3021.2</ele>
   </trkpt>
   <trkpt lat="-8.0973530" lon="112.9198630">
    <ele>3020.0</ele>
   </trkpt>
   <trkpt lat="-8.0973400" lon="112.9198420">
    <ele>3019.8</ele>
   </trkpt>
   <trkpt lat="-8.0972980" lon="112.9198220">
    <ele>3019.4</ele>
   </trkpt>
   <trkpt lat="-8.0972570" lon="112.9198090">
    <ele>3018.8</ele>
   </trkpt>
   <trkpt lat="-8.0972440" lon="112.9197990">
    <ele>3018.4</ele>
   </trkpt>
   <trkpt lat="-8.0972390" lon="112.9197900">
    <ele>3018.2</ele>
   </trkpt>
   <trkpt lat="-8.0972320" lon="112.9197840">
    <ele>3018.0</ele>
   </trkpt>
   <trkpt lat="-8.0972190" lon="112.9197720">
    <ele>3017.8</ele>
   </trkpt>
   <trkpt lat="-8.0972050" lon="112.9197620">
    <ele>3016.4</ele>
   </trkpt>
   <trkpt lat="-8.0971990" lon="112.9197600">
    <ele>3015.8</ele>
   </trkpt>
   <trkpt lat="-8.0971920" lon="112.9197590">
    <ele>3015.2</ele>
   </trkpt>
   <trkpt lat="-8.0971830" lon="112.9197310">
    <ele>3014.0</ele>
   </trkpt>
   <trkpt lat="-8.0971550" lon="112.9197200">
    <ele>3013.8</ele>
   </trkpt>
   <trkpt lat="-8.0971450" lon="112.9197160">
    <ele>3013.6</ele>
   </trkpt>
   <trkpt lat="-8.0970820" lon="112.9196610">
    <ele>3013.0</ele>
   </trkpt>
   <trkpt lat="-8.0970590" lon="112.9196440">
    <ele>3012.0</ele>
   </trkpt>
   <trkpt lat="-8.0970170" lon="112.9196410">
    <ele>3010.6</ele>
   </trkpt>
   <trkpt lat="-8.0969930" lon="112.9196190">
    <ele>3010.2</ele>
   </trkpt>
   <trkpt lat="-8.0969600" lon="112.9196070">
    <ele>3009.4</ele>
   </trkpt>
   <trkpt lat="-8.0969410" lon="112.9195950">
    <ele>3008.8</ele>
   </trkpt>
   <trkpt lat="-8.0969000" lon="112.9195670">
    <ele>3008.0</ele>
   </trkpt>
   <trkpt lat="-8.0968850" lon="112.9195510">
    <ele>3007.6</ele>
   </trkpt>
   <trkpt lat="-8.0968580" lon="112.9195150">
    <ele>3006.4</ele>
   </trkpt>
   <trkpt lat="-8.0968020" lon="112.9194710">
    <ele>3005.4</ele>
   </trkpt>
   <trkpt lat="-8.0967680" lon="112.9194540">
    <ele>3004.8</ele>
   </trkpt>
   <trkpt lat="-8.0967550" lon="112.9194470">
    <ele>3004.4</ele>
   </trkpt>
   <trkpt lat="-8.0967310" lon="112.9194250">
    <ele>3003.4</ele>
   </trkpt>
   <trkpt lat="-8.0967010" lon="112.9194140">
    <ele>3002.6</ele>
   </trkpt>
   <trkpt lat="-8.0966850" lon="112.9194170">
    <ele>3002.2</ele>
   </trkpt>
   <trkpt lat="-8.0966490" lon="112.9194090">
    <ele>3001.8</ele>
   </trkpt>
   <trkpt lat="-8.0966310" lon="112.9194010">
    <ele>3001.0</ele>
   </trkpt>
   <trkpt lat="-8.0965790" lon="112.9193930">
    <ele>3000.0</ele>
   </trkpt>
   <trkpt lat="-8.0965670" lon="112.9193960">
    <ele>2999.8</ele>
   </trkpt>
   <trkpt lat="-8.0965520" lon="112.9193950">
    <ele>2999.4</ele>
   </trkpt>
   <trkpt lat="-8.0964780" lon="112.9193960">
    <ele>2998.6</ele>
   </trkpt>
   <trkpt lat="-8.0963190" lon="112.9194030">
    <ele>2997.6</ele>
   </trkpt>
   <trkpt lat="-8.0962790" lon="112.9193850">
    <ele>2997.2</ele>
   </trkpt>
   <trkpt lat="-8.0962790" lon="112.9193850">
    <ele>2996.6</ele>
   </trkpt>
   <trkpt lat="-8.0962420" lon="112.9193730">
    <ele>2994.6</ele>
   </trkpt>
   <trkpt lat="-8.0962160" lon="112.9193610">
    <ele>2993.4</ele>
   </trkpt>
   <trkpt lat="-8.0961930" lon="112.9193640">
    <ele>2993.2</ele>
   </trkpt>
   <trkpt lat="-8.0961560" lon="112.9193570">
    <ele>2992.2</ele>
   </trkpt>
   <trkpt lat="-8.0961460" lon="112.9193450">
    <ele>2991.2</ele>
   </trkpt>
   <trkpt lat="-8.0961330" lon="112.9193290">
    <ele>2990.2</ele>
   </trkpt>
   <trkpt lat="-8.0961190" lon="112.9193170">
    <ele>2989.2</ele>
   </trkpt>
   <trkpt lat="-8.0961070" lon="112.9193030">
    <ele>2988.4</ele>
   </trkpt>
   <trkpt lat="-8.0960960" lon="112.9192920">
    <ele>2987.6</ele>
   </trkpt>
   <trkpt lat="-8.0960810" lon="112.9192840">
    <ele>2986.8</ele>
   </trkpt>
   <trkpt lat="-8.0960680" lon="112.9192830">
    <ele>2986.2</ele>
   </trkpt>
   <trkpt lat="-8.0960570" lon="112.9192840">
    <ele>2985.8</ele>
   </trkpt>
   <trkpt lat="-8.0960470" lon="112.9192920">
    <ele>2985.2</ele>
   </trkpt>
   <trkpt lat="-8.0960360" lon="112.9192900">
    <ele>2984.8</ele>
   </trkpt>
   <trkpt lat="-8.0960130" lon="112.9192690">
    <ele>2983.2</ele>
   </trkpt>
   <trkpt lat="-8.0959950" lon="112.9192580">
    <ele>2981.8</ele>
   </trkpt>
   <trkpt lat="-8.0959740" lon="112.9192500">
    <ele>2980.4</ele>
   </trkpt>
   <trkpt lat="-8.0959420" lon="112.9192250">
    <ele>2978.8</ele>
   </trkpt>
   <trkpt lat="-8.0958860" lon="112.9191850">
    <ele>2977.0</ele>
   </trkpt>
   <trkpt lat="-8.0958680" lon="112.9191750">
    <ele>2975.2</ele>
   </trkpt>
   <trkpt lat="-8.0958370" lon="112.9191580">
    <ele>2973.8</ele>
   </trkpt>
   <trkpt lat="-8.0958130" lon="112.9191570">
    <ele>2972.8</ele>
   </trkpt>
   <trkpt lat="-8.0958130" lon="112.9191570">
    <ele>2971.8</ele>
   </trkpt>
   <trkpt lat="-8.0957980" lon="112.9191560">
    <ele>2971.2</ele>
   </trkpt>
   <trkpt lat="-8.0957620" lon="112.9191490">
    <ele>2970.0</ele>
   </trkpt>
   <trkpt lat="-8.0957170" lon="112.9191380">
    <ele>2968.6</ele>
   </trkpt>
   <trkpt lat="-8.0956790" lon="112.9191450">
    <ele>2967.6</ele>
   </trkpt>
   <trkpt lat="-8.0956390" lon="112.9191410">
    <ele>2967.0</ele>
   </trkpt>
   <trkpt lat="-8.0956030" lon="112.9191380">
    <ele>2965.0</ele>
   </trkpt>
   <trkpt lat="-8.0955860" lon="112.9191350">
    <ele>2963.8</ele>
   </trkpt>
   <trkpt lat="-8.0955860" lon="112.9191350">
    <ele>2962.8</ele>
   </trkpt>
   <trkpt lat="-8.0955760" lon="112.9191370">
    <ele>2961.8</ele>
   </trkpt>
   <trkpt lat="-8.0955590" lon="112.9191300">
    <ele>2960.0</ele>
   </trkpt>
   <trkpt lat="-8.0955420" lon="112.9191280">
    <ele>2959.4</ele>
   </trkpt>
   <trkpt lat="-8.0955140" lon="112.9191250">
    <ele>2958.8</ele>
   </trkpt>
   <trkpt lat="-8.0954650" lon="112.9191220">
    <ele>2958.0</ele>
   </trkpt>
   <trkpt lat="-8.0954400" lon="112.9191200">
    <ele>2957.4</ele>
   </trkpt>
   <trkpt lat="-8.0954240" lon="112.9191160">
    <ele>2956.8</ele>
   </trkpt>
   <trkpt lat="-8.0954090" lon="112.9191070">
    <ele>2955.8</ele>
   </trkpt>
   <trkpt lat="-8.0953950" lon="112.9191040">
    <ele>2954.6</ele>
   </trkpt>
   <trkpt lat="-8.0953680" lon="112.9191040">
    <ele>2953.4</ele>
   </trkpt>
   <trkpt lat="-8.0953680" lon="112.9191040">
    <ele>2952.4</ele>
   </trkpt>
   <trkpt lat="-8.0953250" lon="112.9191040">
    <ele>2950.8</ele>
   </trkpt>
   <trkpt lat="-8.0952790" lon="112.9191000">
    <ele>2949.4</ele>
   </trkpt>
   <trkpt lat="-8.0952790" lon="112.9191000">
    <ele>2949.0</ele>
   </trkpt>
   <trkpt lat="-8.0952570" lon="112.9191040">
    <ele>2948.2</ele>
   </trkpt>
   <trkpt lat="-8.0952110" lon="112.9191000">
    <ele>2947.2</ele>
   </trkpt>
   <trkpt lat="-8.0951920" lon="112.9191150">
    <ele>2946.6</ele>
   </trkpt>
   <trkpt lat="-8.0951920" lon="112.9191150">
    <ele>2945.8</ele>
   </trkpt>
   <trkpt lat="-8.0951810" lon="112.9191200">
    <ele>2944.8</ele>
   </trkpt>
   <trkpt lat="-8.0951730" lon="112.9191190">
    <ele>2944.4</ele>
   </trkpt>
   <trkpt lat="-8.0951380" lon="112.9191360">
    <ele>2944.0</ele>
   </trkpt>
   <trkpt lat="-8.0950870" lon="112.9191510">
    <ele>2943.2</ele>
   </trkpt>
   <trkpt lat="-8.0950790" lon="112.9191460">
    <ele>2942.6</ele>
   </trkpt>
   <trkpt lat="-8.0950680" lon="112.9191290">
    <ele>2941.6</ele>
   </trkpt>
   <trkpt lat="-8.0950520" lon="112.9191190">
    <ele>2940.4</ele>
   </trkpt>
   <trkpt lat="-8.0950420" lon="112.9191280">
    <ele>2939.0</ele>
   </trkpt>
   <trkpt lat="-8.0950260" lon="112.9191370">
    <ele>2938.0</ele>
   </trkpt>
   <trkpt lat="-8.0949930" lon="112.9191190">
    <ele>2937.0</ele>
   </trkpt>
   <trkpt lat="-8.0949720" lon="112.9191040">
    <ele>2936.4</ele>
   </trkpt>
   <trkpt lat="-8.0949350" lon="112.9191030">
    <ele>2935.8</ele>
   </trkpt>
   <trkpt lat="-8.0949080" lon="112.9191050">
    <ele>2934.6</ele>
   </trkpt>
   <trkpt lat="-8.0948770" lon="112.9191000">
    <ele>2933.4</ele>
   </trkpt>
   <trkpt lat="-8.0948490" lon="112.9191030">
    <ele>2932.4</ele>
   </trkpt>
   <trkpt lat="-8.0948110" lon="112.9190820">
    <ele>2931.2</ele>
   </trkpt>
   <trkpt lat="-8.0947950" lon="112.9190820">
    <ele>2930.0</ele>
   </trkpt>
   <trkpt lat="-8.0947640" lon="112.9191000">
    <ele>2928.2</ele>
   </trkpt>
   <trkpt lat="-8.0947470" lon="112.9191120">
    <ele>2927.4</ele>
   </trkpt>
   <trkpt lat="-8.0947270" lon="112.9191180">
    <ele>2926.8</ele>
   </trkpt>
   <trkpt lat="-8.0946980" lon="112.9191270">
    <ele>2925.4</ele>
   </trkpt>
   <trkpt lat="-8.0946710" lon="112.9191460">
    <ele>2924.4</ele>
   </trkpt>
   <trkpt lat="-8.0946430" lon="112.9191460">
    <ele>2923.0</ele>
   </trkpt>
   <trkpt lat="-8.0946350" lon="112.9191320">
    <ele>2921.8</ele>
   </trkpt>
   <trkpt lat="-8.0946270" lon="112.9191310">
    <ele>2921.2</ele>
   </trkpt>
   <trkpt lat="-8.0946160" lon="112.9191310">
    <ele>2920.4</ele>
   </trkpt>
   <trkpt lat="-8.0945970" lon="112.9191290">
    <ele>2919.8</ele>
   </trkpt>
   <trkpt lat="-8.0945800" lon="112.9191220">
    <ele>2919.2</ele>
   </trkpt>
   <trkpt lat="-8.0945650" lon="112.9191170">
    <ele>2917.6</ele>
   </trkpt>
   <trkpt lat="-8.0945620" lon="112.9191070">
    <ele>2916.6</ele>
   </trkpt>
   <trkpt lat="-8.0945530" lon="112.9190820">
    <ele>2916.2</ele>
   </trkpt>
   <trkpt lat="-8.0945540" lon="112.9190580">
    <ele>2915.2</ele>
   </trkpt>
   <trkpt lat="-8.0945600" lon="112.9190480">
    <ele>2914.0</ele>
   </trkpt>
   <trkpt lat="-8.0945620" lon="112.9190320">
    <ele>2912.8</ele>
   </trkpt>
   <trkpt lat="-8.0945610" lon="112.9190000">
    <ele>2911.4</ele>
   </trkpt>
   <trkpt lat="-8.0945530" lon="112.9189590">
    <ele>2910.0</ele>
   </trkpt>
   <trkpt lat="-8.0945570" lon="112.9189420">
    <ele>2909.0</ele>
   </trkpt>
   <trkpt lat="-8.0945610" lon="112.9189240">
    <ele>2908.0</ele>
   </trkpt>
   <trkpt lat="-8.0945620" lon="112.9188850">
    <ele>2906.2</ele>
   </trkpt>
   <trkpt lat="-8.0945680" lon="112.9188490">
    <ele>2905.4</ele>
   </trkpt>
   <trkpt lat="-8.0945680" lon="112.9188490">
    <ele>2904.4</ele>
   </trkpt>
   <trkpt lat="-8.0945580" lon="112.9188350">
    <ele>2903.6</ele>
   </trkpt>
   <trkpt lat="-8.0945500" lon="112.9188170">
    <ele>2903.2</ele>
   </trkpt>
   <trkpt lat="-8.0945420" lon="112.9187890">
    <ele>2902.8</ele>
   </trkpt>
   <trkpt lat="-8.0945280" lon="112.9187780">
    <ele>2901.6</ele>
   </trkpt>
   <trkpt lat="-8.0945350" lon="112.9187470">
    <ele>2901.0</ele>
   </trkpt>
   <trkpt lat="-8.0945300" lon="112.9187340">
    <ele>2900.6</ele>
   </trkpt>
   <trkpt lat="-8.0945210" lon="112.9187180">
    <ele>2899.8</ele>
   </trkpt>
   <trkpt lat="-8.0945270" lon="112.9187090">
    <ele>2899.6</ele>
   </trkpt>
   <trkpt lat="-8.0945270" lon="112.9186830">
    <ele>2898.8</ele>
   </trkpt>
   <trkpt lat="-8.0945170" lon="112.9186640">
    <ele>2898.6</ele>
   </trkpt>
   <trkpt lat="-8.0945070" lon="112.9186510">
    <ele>2898.2</ele>
   </trkpt>
   <trkpt lat="-8.0944950" lon="112.9186260">
    <ele>2897.4</ele>
   </trkpt>
   <trkpt lat="-8.0944910" lon="112.9185990">
    <ele>2896.2</ele>
   </trkpt>
   <trkpt lat="-8.0944870" lon="112.9185930">
    <ele>2895.6</ele>
   </trkpt>
   <trkpt lat="-8.0944890" lon="112.9185900">
    <ele>2895.0</ele>
   </trkpt>
   <trkpt lat="-8.0944980" lon="112.9185790">
    <ele>2894.0</ele>
   </trkpt>
   <trkpt lat="-8.0944990" lon="112.9185630">
    <ele>2893.4</ele>
   </trkpt>
   <trkpt lat="-8.0944800" lon="112.9185440">
    <ele>2892.6</ele>
   </trkpt>
   <trkpt lat="-8.0944650" lon="112.9185350">
    <ele>2890.8</ele>
   </trkpt>
   <trkpt lat="-8.0944550" lon="112.9185290">
    <ele>2889.8</ele>
   </trkpt>
   <trkpt lat="-8.0944500" lon="112.9185170">
    <ele>2889.2</ele>
   </trkpt>
   <trkpt lat="-8.0944490" lon="112.9185040">
    <ele>2889.0</ele>
   </trkpt>
   <trkpt lat="-8.0944480" lon="112.9184870">
    <ele>2888.6</ele>
   </trkpt>
   <trkpt lat="-8.0944460" lon="112.9184740">
    <ele>2888.2</ele>
   </trkpt>
   <trkpt lat="-8.0944390" lon="112.9184590">
    <ele>2887.8</ele>
   </trkpt>
   <trkpt lat="-8.0944170" lon="112.9184470">
    <ele>2886.8</ele>
   </trkpt>
   <trkpt lat="-8.0944040" lon="112.9184350">
    <ele>2885.4</ele>
   </trkpt>
   <trkpt lat="-8.0943910" lon="112.9184330">
    <ele>2884.8</ele>
   </trkpt>
   <trkpt lat="-8.0943820" lon="112.9184240">
    <ele>2884.2</ele>
   </trkpt>
   <trkpt lat="-8.0943820" lon="112.9184240">
    <ele>2883.8</ele>
   </trkpt>
   <trkpt lat="-8.0943520" lon="112.9184200">
    <ele>2882.8</ele>
   </trkpt>
   <trkpt lat="-8.0943370" lon="112.9184200">
    <ele>2881.2</ele>
   </trkpt>
   <trkpt lat="-8.0943320" lon="112.9184090">
    <ele>2880.4</ele>
   </trkpt>
   <trkpt lat="-8.0943230" lon="112.9183930">
    <ele>2879.8</ele>
   </trkpt>
   <trkpt lat="-8.0943070" lon="112.9183780">
    <ele>2878.4</ele>
   </trkpt>
   <trkpt lat="-8.0942850" lon="112.9183910">
    <ele>2877.2</ele>
   </trkpt>
   <trkpt lat="-8.0942540" lon="112.9183960">
    <ele>2876.2</ele>
   </trkpt>
   <trkpt lat="-8.0942220" lon="112.9183600">
    <ele>2874.8</ele>
   </trkpt>
   <trkpt lat="-8.0942160" lon="112.9183550">
    <ele>2874.0</ele>
   </trkpt>
   <trkpt lat="-8.0942130" lon="112.9183510">
    <ele>2873.4</ele>
   </trkpt>
   <trkpt lat="-8.0941940" lon="112.9183510">
    <ele>2871.8</ele>
   </trkpt>
   <trkpt lat="-8.0941920" lon="112.9183240">
    <ele>2870.0</ele>
   </trkpt>
   <trkpt lat="-8.0941660" lon="112.9183230">
    <ele>2869.2</ele>
   </trkpt>
   <trkpt lat="-8.0941650" lon="112.9182880">
    <ele>2868.8</ele>
   </trkpt>
   <trkpt lat="-8.0941730" lon="112.9182720">
    <ele>2867.8</ele>
   </trkpt>
   <trkpt lat="-8.0941800" lon="112.9182650">
    <ele>2867.0</ele>
   </trkpt>
   <trkpt lat="-8.0941850" lon="112.9182510">
    <ele>2866.8</ele>
   </trkpt>
   <trkpt lat="-8.0941860" lon="112.9182480">
    <ele>2866.4</ele>
   </trkpt>
   <trkpt lat="-8.0941830" lon="112.9182530">
    <ele>2865.4</ele>
   </trkpt>
   <trkpt lat="-8.0941870" lon="112.9182450">
    <ele>2865.0</ele>
   </trkpt>
   <trkpt lat="-8.0941950" lon="112.9182350">
    <ele>2864.6</ele>
   </trkpt>
   <trkpt lat="-8.0941950" lon="112.9182260">
    <ele>2864.4</ele>
   </trkpt>
   <trkpt lat="-8.0941940" lon="112.9182110">
    <ele>2864.0</ele>
   </trkpt>
   <trkpt lat="-8.0941900" lon="112.9181880">
    <ele>2863.2</ele>
   </trkpt>
   <trkpt lat="-8.0941800" lon="112.9181900">
    <ele>2862.0</ele>
   </trkpt>
   <trkpt lat="-8.0941810" lon="112.9181790">
    <ele>2861.4</ele>
   </trkpt>
   <trkpt lat="-8.0941730" lon="112.9181640">
    <ele>2861.0</ele>
   </trkpt>
   <trkpt lat="-8.0941480" lon="112.9181260">
    <ele>2859.2</ele>
   </trkpt>
   <trkpt lat="-8.0941310" lon="112.9181060">
    <ele>2857.4</ele>
   </trkpt>
   <trkpt lat="-8.0941200" lon="112.9180990">
    <ele>2856.0</ele>
   </trkpt>
   <trkpt lat="-8.0941140" lon="112.9180870">
    <ele>2855.0</ele>
   </trkpt>
   <trkpt lat="-8.0941120" lon="112.9180510">
    <ele>2853.4</ele>
   </trkpt>
   <trkpt lat="-8.0941110" lon="112.9180280">
    <ele>2851.8</ele>
   </trkpt>
   <trkpt lat="-8.0941090" lon="112.9180190">
    <ele>2850.0</ele>
   </trkpt>
   <trkpt lat="-8.0941140" lon="112.9180130">
    <ele>2849.2</ele>
   </trkpt>
   <trkpt lat="-8.0941180" lon="112.9179960">
    <ele>2848.8</ele>
   </trkpt>
   <trkpt lat="-8.0941080" lon="112.9179580">
    <ele>2847.8</ele>
   </trkpt>
   <trkpt lat="-8.0941060" lon="112.9179510">
    <ele>2847.0</ele>
   </trkpt>
   <trkpt lat="-8.0941050" lon="112.9179390">
    <ele>2846.0</ele>
   </trkpt>
   <trkpt lat="-8.0941010" lon="112.9179300">
    <ele>2845.2</ele>
   </trkpt>
   <trkpt lat="-8.0940910" lon="112.9179140">
    <ele>2844.4</ele>
   </trkpt>
   <trkpt lat="-8.0940740" lon="112.9178970">
    <ele>2843.0</ele>
   </trkpt>
   <trkpt lat="-8.0940640" lon="112.9178830">
    <ele>2841.6</ele>
   </trkpt>
   <trkpt lat="-8.0940510" lon="112.9178600">
    <ele>2840.6</ele>
   </trkpt>
   <trkpt lat="-8.0940340" lon="112.9178310">
    <ele>2839.2</ele>
   </trkpt>
   <trkpt lat="-8.0940150" lon="112.9178080">
    <ele>2838.0</ele>
   </trkpt>
   <trkpt lat="-8.0939940" lon="112.9177940">
    <ele>2837.0</ele>
   </trkpt>
   <trkpt lat="-8.0939750" lon="112.9177790">
    <ele>2835.8</ele>
   </trkpt>
   <trkpt lat="-8.0939590" lon="112.9177620">
    <ele>2834.8</ele>
   </trkpt>
   <trkpt lat="-8.0939440" lon="112.9177480">
    <ele>2833.8</ele>
   </trkpt>
   <trkpt lat="-8.0939320" lon="112.9177380">
    <ele>2832.8</ele>
   </trkpt>
   <trkpt lat="-8.0939260" lon="112.9177190">
    <ele>2832.0</ele>
   </trkpt>
   <trkpt lat="-8.0939270" lon="112.9176840">
    <ele>2831.0</ele>
   </trkpt>
   <trkpt lat="-8.0939180" lon="112.9176380">
    <ele>2829.8</ele>
   </trkpt>
   <trkpt lat="-8.0938910" lon="112.9175970">
    <ele>2827.8</ele>
   </trkpt>
   <trkpt lat="-8.0938610" lon="112.9175430">
    <ele>2826.2</ele>
   </trkpt>
   <trkpt lat="-8.0938460" lon="112.9175240">
    <ele>2825.6</ele>
   </trkpt>
   <trkpt lat="-8.0938280" lon="112.9175010">
    <ele>2825.0</ele>
   </trkpt>
   <trkpt lat="-8.0937900" lon="112.9174630">
    <ele>2823.8</ele>
   </trkpt>
   <trkpt lat="-8.0937660" lon="112.9174460">
    <ele>2823.0</ele>
   </trkpt>
   <trkpt lat="-8.0937410" lon="112.9174280">
    <ele>2822.4</ele>
   </trkpt>
   <trkpt lat="-8.0937160" lon="112.9174150">
    <ele>2820.6</ele>
   </trkpt>
   <trkpt lat="-8.0936740" lon="112.9174000">
    <ele>2818.8</ele>
   </trkpt>
   <trkpt lat="-8.0935810" lon="112.9173740">
    <ele>2817.0</ele>
   </trkpt>
   <trkpt lat="-8.0935340" lon="112.9173780">
    <ele>2816.0</ele>
   </trkpt>
   <trkpt lat="-8.0934980" lon="112.9173700">
    <ele>2815.2</ele>
   </trkpt>
   <trkpt lat="-8.0934980" lon="112.9173700">
    <ele>2814.4</ele>
   </trkpt>
   <trkpt lat="-8.0934600" lon="112.9173550">
    <ele>2812.6</ele>
   </trkpt>
   <trkpt lat="-8.0934370" lon="112.9173380">
    <ele>2811.0</ele>
   </trkpt>
   <trkpt lat="-8.0934240" lon="112.9173280">
    <ele>2810.4</ele>
   </trkpt>
   <trkpt lat="-8.0934260" lon="112.9173280">
    <ele>2809.8</ele>
   </trkpt>
   <trkpt lat="-8.0934520" lon="112.9173390">
    <ele>2809.4</ele>
   </trkpt>
   <trkpt lat="-8.0934650" lon="112.9173250">
    <ele>2809.0</ele>
   </trkpt>
   <trkpt lat="-8.0934650" lon="112.9173060">
    <ele>2808.2</ele>
   </trkpt>
   <trkpt lat="-8.0934410" lon="112.9172610">
    <ele>2807.0</ele>
   </trkpt>
   <trkpt lat="-8.0934230" lon="112.9172470">
    <ele>2806.4</ele>
   </trkpt>
   <trkpt lat="-8.0934060" lon="112.9172400">
    <ele>2805.6</ele>
   </trkpt>
   <trkpt lat="-8.0933900" lon="112.9172440">
    <ele>2804.6</ele>
   </trkpt>
   <trkpt lat="-8.0933710" lon="112.9172510">
    <ele>2803.8</ele>
   </trkpt>
   <trkpt lat="-8.0933510" lon="112.9172510">
    <ele>2803.2</ele>
   </trkpt>
   <trkpt lat="-8.0933210" lon="112.9172520">
    <ele>2802.8</ele>
   </trkpt>
   <trkpt lat="-8.0932940" lon="112.9172370">
    <ele>2802.6</ele>
   </trkpt>
   <trkpt lat="-8.0932650" lon="112.9172280">
    <ele>2802.4</ele>
   </trkpt>
   <trkpt lat="-8.0932060" lon="112.9172160">
    <ele>2802.2</ele>
   </trkpt>
   <trkpt lat="-8.0931830" lon="112.9171950">
    <ele>2801.0</ele>
   </trkpt>
   <trkpt lat="-8.0931200" lon="112.9171510">
    <ele>2799.6</ele>
   </trkpt>
   <trkpt lat="-8.0931010" lon="112.9171380">
    <ele>2798.6</ele>
   </trkpt>
   <trkpt lat="-8.0930800" lon="112.9171320">
    <ele>2797.8</ele>
   </trkpt>
   <trkpt lat="-8.0930370" lon="112.9171100">
    <ele>2796.2</ele>
   </trkpt>
   <trkpt lat="-8.0929970" lon="112.9170910">
    <ele>2795.0</ele>
   </trkpt>
   <trkpt lat="-8.0929760" lon="112.9170910">
    <ele>2794.6</ele>
   </trkpt>
   <trkpt lat="-8.0929560" lon="112.9170910">
    <ele>2794.0</ele>
   </trkpt>
   <trkpt lat="-8.0929030" lon="112.9170870">
    <ele>2792.2</ele>
   </trkpt>
   <trkpt lat="-8.0928680" lon="112.9170590">
    <ele>2791.4</ele>
   </trkpt>
   <trkpt lat="-8.0928440" lon="112.9170470">
    <ele>2790.8</ele>
   </trkpt>
   <trkpt lat="-8.0927860" lon="112.9170380">
    <ele>2789.8</ele>
   </trkpt>
   <trkpt lat="-8.0927660" lon="112.9170270">
    <ele>2789.0</ele>
   </trkpt>
   <trkpt lat="-8.0927450" lon="112.9170130">
    <ele>2788.2</ele>
   </trkpt>
   <trkpt lat="-8.0927020" lon="112.9169930">
    <ele>2787.0</ele>
   </trkpt>
   <trkpt lat="-8.0926680" lon="112.9169640">
    <ele>2785.8</ele>
   </trkpt>
   <trkpt lat="-8.0926540" lon="112.9169480">
    <ele>2785.4</ele>
   </trkpt>
   <trkpt lat="-8.0926380" lon="112.9169310">
    <ele>2784.8</ele>
   </trkpt>
   <trkpt lat="-8.0925940" lon="112.9169230">
    <ele>2783.8</ele>
   </trkpt>
   <trkpt lat="-8.0925360" lon="112.9169210">
    <ele>2782.8</ele>
   </trkpt>
   <trkpt lat="-8.0925080" lon="112.9169180">
    <ele>2782.0</ele>
   </trkpt>
   <trkpt lat="-8.0924660" lon="112.9169020">
    <ele>2780.4</ele>
   </trkpt>
   <trkpt lat="-8.0924420" lon="112.9168840">
    <ele>2779.8</ele>
   </trkpt>
   <trkpt lat="-8.0924360" lon="112.9168550">
    <ele>2779.4</ele>
   </trkpt>
   <trkpt lat="-8.0924260" lon="112.9168470">
    <ele>2778.2</ele>
   </trkpt>
   <trkpt lat="-8.0924070" lon="112.9168140">
    <ele>2777.2</ele>
   </trkpt>
   <trkpt lat="-8.0923950" lon="112.9168050">
    <ele>2777.2</ele>
   </trkpt>
   <trkpt lat="-8.0923680" lon="112.9167790">
    <ele>2776.0</ele>
   </trkpt>
   <trkpt lat="-8.0923530" lon="112.9167660">
    <ele>2775.0</ele>
   </trkpt>
   <trkpt lat="-8.0923100" lon="112.9167430">
    <ele>2773.6</ele>
   </trkpt>
   <trkpt lat="-8.0922240" lon="112.9166320">
    <ele>2772.4</ele>
   </trkpt>
   <trkpt lat="-8.0921830" lon="112.9165640">
    <ele>2770.8</ele>
   </trkpt>
   <trkpt lat="-8.0921500" lon="112.9165040">
    <ele>2769.4</ele>
   </trkpt>
   <trkpt lat="-8.0921370" lon="112.9164780">
    <ele>2768.6</ele>
   </trkpt>
   <trkpt lat="-8.0921370" lon="112.9164780">
    <ele>2767.6</ele>
   </trkpt>
   <trkpt lat="-8.0921060" lon="112.9164390">
    <ele>2766.4</ele>
   </trkpt>
   <trkpt lat="-8.0920380" lon="112.9164010">
    <ele>2764.8</ele>
   </trkpt>
   <trkpt lat="-8.0920150" lon="112.9163750">
    <ele>2763.6</ele>
   </trkpt>
   <trkpt lat="-8.0919630" lon="112.9163380">
    <ele>2762.0</ele>
   </trkpt>
   <trkpt lat="-8.0919110" lon="112.9163190">
    <ele>2760.8</ele>
   </trkpt>
   <trkpt lat="-8.0918100" lon="112.9162980">
    <ele>2759.0</ele>
   </trkpt>
   <trkpt lat="-8.0918100" lon="112.9162980">
    <ele>2757.8</ele>
   </trkpt>
   <trkpt lat="-8.0917420" lon="112.9162940">
    <ele>2756.4</ele>
   </trkpt>
   <trkpt lat="-8.0916810" lon="112.9162830">
    <ele>2755.8</ele>
   </trkpt>
   <trkpt lat="-8.0916810" lon="112.9162830">
    <ele>2755.2</ele>
   </trkpt>
   <trkpt lat="-8.0916220" lon="112.9162550">
    <ele>2754.0</ele>
   </trkpt>
   <trkpt lat="-8.0915610" lon="112.9162420">
    <ele>2752.4</ele>
   </trkpt>
   <trkpt lat="-8.0915330" lon="112.9162370">
    <ele>2752.0</ele>
   </trkpt>
   <trkpt lat="-8.0914410" lon="112.9161990">
    <ele>2751.2</ele>
   </trkpt>
   <trkpt lat="-8.0914070" lon="112.9161830">
    <ele>2750.0</ele>
   </trkpt>
   <trkpt lat="-8.0913770" lon="112.9161610">
    <ele>2749.2</ele>
   </trkpt>
   <trkpt lat="-8.0913530" lon="112.9161300">
    <ele>2748.6</ele>
   </trkpt>
   <trkpt lat="-8.0912950" lon="112.9160930">
    <ele>2747.2</ele>
   </trkpt>
   <trkpt lat="-8.0912360" lon="112.9160830">
    <ele>2746.6</ele>
   </trkpt>
   <trkpt lat="-8.0912360" lon="112.9160830">
    <ele>2745.8</ele>
   </trkpt>
   <trkpt lat="-8.0911780" lon="112.9160590">
    <ele>2744.0</ele>
   </trkpt>
   <trkpt lat="-8.0911180" lon="112.9160270">
    <ele>2742.6</ele>
   </trkpt>
   <trkpt lat="-8.0910890" lon="112.9160100">
    <ele>2741.8</ele>
   </trkpt>
   <trkpt lat="-8.0910210" lon="112.9159970">
    <ele>2741.0</ele>
   </trkpt>
   <trkpt lat="-8.0910210" lon="112.9159970">
    <ele>2740.0</ele>
   </trkpt>
   <trkpt lat="-8.0909560" lon="112.9159730">
    <ele>2738.2</ele>
   </trkpt>
   <trkpt lat="-8.0909320" lon="112.9159500">
    <ele>2737.4</ele>
   </trkpt>
   <trkpt lat="-8.0909120" lon="112.9159260">
    <ele>2736.6</ele>
   </trkpt>
   <trkpt lat="-8.0908810" lon="112.9158740">
    <ele>2735.0</ele>
   </trkpt>
   <trkpt lat="-8.0908630" lon="112.9158550">
    <ele>2734.4</ele>
   </trkpt>
   <trkpt lat="-8.0908390" lon="112.9158470">
    <ele>2734.0</ele>
   </trkpt>
   <trkpt lat="-8.0907790" lon="112.9158270">
    <ele>2732.4</ele>
   </trkpt>
   <trkpt lat="-8.0907280" lon="112.9158250">
    <ele>2730.6</ele>
   </trkpt>
   <trkpt lat="-8.0906790" lon="112.9158430">
    <ele>2729.2</ele>
   </trkpt>
   <trkpt lat="-8.0906650" lon="112.9158380">
    <ele>2728.2</ele>
   </trkpt>
   <trkpt lat="-8.0906430" lon="112.9158250">
    <ele>2727.8</ele>
   </trkpt>
   <trkpt lat="-8.0905790" lon="112.9158310">
    <ele>2726.2</ele>
   </trkpt>
   <trkpt lat="-8.0905030" lon="112.9158270">
    <ele>2724.6</ele>
   </trkpt>
   <trkpt lat="-8.0904640" lon="112.9158450">
    <ele>2724.0</ele>
   </trkpt>
   <trkpt lat="-8.0904430" lon="112.9159310">
    <ele>2723.4</ele>
   </trkpt>
   <trkpt lat="-8.0904330" lon="112.9159520">
    <ele>2722.8</ele>
   </trkpt>
   <trkpt lat="-8.0904220" lon="112.9159730">
    <ele>2722.4</ele>
   </trkpt>
   <trkpt lat="-8.0903640" lon="112.9159940">
    <ele>2721.0</ele>
   </trkpt>
   <trkpt lat="-8.0903160" lon="112.9160080">
    <ele>2720.0</ele>
   </trkpt>
   <trkpt lat="-8.0902450" lon="112.9160080">
    <ele>2718.8</ele>
   </trkpt>
   <trkpt lat="-8.0902090" lon="112.9160290">
    <ele>2717.4</ele>
   </trkpt>
   <trkpt lat="-8.0901820" lon="112.9160740">
    <ele>2716.4</ele>
   </trkpt>
   <trkpt lat="-8.0901520" lon="112.9161130">
    <ele>2715.0</ele>
   </trkpt>
   <trkpt lat="-8.0901380" lon="112.9161320">
    <ele>2713.6</ele>
   </trkpt>
   <trkpt lat="-8.0900900" lon="112.9161450">
    <ele>2712.8</ele>
   </trkpt>
   <trkpt lat="-8.0900710" lon="112.9161460">
    <ele>2712.4</ele>
   </trkpt>
   <trkpt lat="-8.0900110" lon="112.9161690">
    <ele>2710.8</ele>
   </trkpt>
   <trkpt lat="-8.0899520" lon="112.9162070">
    <ele>2709.4</ele>
   </trkpt>
   <trkpt lat="-8.0899250" lon="112.9162230">
    <ele>2708.6</ele>
   </trkpt>
   <trkpt lat="-8.0899010" lon="112.9162370">
    <ele>2708.0</ele>
   </trkpt>
   <trkpt lat="-8.0898510" lon="112.9162640">
    <ele>2706.6</ele>
   </trkpt>
   <trkpt lat="-8.0898070" lon="112.9162960">
    <ele>2706.0</ele>
   </trkpt>
   <trkpt lat="-8.0897890" lon="112.9163230">
    <ele>2705.6</ele>
   </trkpt>
   <trkpt lat="-8.0897710" lon="112.9163200">
    <ele>2705.2</ele>
   </trkpt>
   <trkpt lat="-8.0897440" lon="112.9163270">
    <ele>2704.8</ele>
   </trkpt>
   <trkpt lat="-8.0897300" lon="112.9163310">
    <ele>2704.6</ele>
   </trkpt>
   <trkpt lat="-8.0896860" lon="112.9163430">
    <ele>2704.0</ele>
   </trkpt>
   <trkpt lat="-8.0896410" lon="112.9163540">
    <ele>2703.2</ele>
   </trkpt>
   <trkpt lat="-8.0895850" lon="112.9163680">
    <ele>2702.0</ele>
   </trkpt>
   <trkpt lat="-8.0895710" lon="112.9163840">
    <ele>2701.2</ele>
   </trkpt>
   <trkpt lat="-8.0895460" lon="112.9163960">
    <ele>2700.6</ele>
   </trkpt>
   <trkpt lat="-8.0894720" lon="112.9164250">
    <ele>2699.2</ele>
   </trkpt>
   <trkpt lat="-8.0894050" lon="112.9164410">
    <ele>2698.2</ele>
   </trkpt>
   <trkpt lat="-8.0893860" lon="112.9164500">
    <ele>2697.8</ele>
   </trkpt>
   <trkpt lat="-8.0893750" lon="112.9164610">
    <ele>2697.6</ele>
   </trkpt>
   <trkpt lat="-8.0893380" lon="112.9164950">
    <ele>2696.6</ele>
   </trkpt>
   <trkpt lat="-8.0893090" lon="112.9165000">
    <ele>2695.2</ele>
   </trkpt>
   <trkpt lat="-8.0892100" lon="112.9164770">
    <ele>2694.6</ele>
   </trkpt>
   <trkpt lat="-8.0891650" lon="112.9164820">
    <ele>2694.0</ele>
   </trkpt>
   <trkpt lat="-8.0891160" lon="112.9164780">
    <ele>2693.0</ele>
   </trkpt>
   <trkpt lat="-8.0890750" lon="112.9164860">
    <ele>2692.2</ele>
   </trkpt>
   <trkpt lat="-8.0890590" lon="112.9164940">
    <ele>2691.8</ele>
   </trkpt>
   <trkpt lat="-8.0889770" lon="112.9165370">
    <ele>2690.4</ele>
   </trkpt>
   <trkpt lat="-8.0889410" lon="112.9165610">
    <ele>2689.2</ele>
   </trkpt>
   <trkpt lat="-8.0888600" lon="112.9165880">
    <ele>2688.2</ele>
   </trkpt>
   <trkpt lat="-8.0888370" lon="112.9165930">
    <ele>2687.8</ele>
   </trkpt>
   <trkpt lat="-8.0887800" lon="112.9165930">
    <ele>2687.0</ele>
   </trkpt>
   <trkpt lat="-8.0887300" lon="112.9165950">
    <ele>2686.0</ele>
   </trkpt>
   <trkpt lat="-8.0887060" lon="112.9166000">
    <ele>2685.4</ele>
   </trkpt>
   <trkpt lat="-8.0886850" lon="112.9166100">
    <ele>2684.8</ele>
   </trkpt>
   <trkpt lat="-8.0886370" lon="112.9166170">
    <ele>2683.6</ele>
   </trkpt>
   <trkpt lat="-8.0885970" lon="112.9166280">
    <ele>2682.6</ele>
   </trkpt>
   <trkpt lat="-8.0885800" lon="112.9166380">
    <ele>2682.2</ele>
   </trkpt>
   <trkpt lat="-8.0885560" lon="112.9166480">
    <ele>2681.6</ele>
   </trkpt>
   <trkpt lat="-8.0885350" lon="112.9166530">
    <ele>2680.8</ele>
   </trkpt>
   <trkpt lat="-8.0885280" lon="112.9166790">
    <ele>2680.2</ele>
   </trkpt>
   <trkpt lat="-8.0885180" lon="112.9167010">
    <ele>2680.0</ele>
   </trkpt>
   <trkpt lat="-8.0884680" lon="112.9167960">
    <ele>2679.2</ele>
   </trkpt>
   <trkpt lat="-8.0884490" lon="112.9168610">
    <ele>2677.6</ele>
   </trkpt>
   <trkpt lat="-8.0884410" lon="112.9168990">
    <ele>2677.0</ele>
   </trkpt>
   <trkpt lat="-8.0884080" lon="112.9169670">
    <ele>2676.2</ele>
   </trkpt>
   <trkpt lat="-8.0883590" lon="112.9170530">
    <ele>2675.0</ele>
   </trkpt>
   <trkpt lat="-8.0883420" lon="112.9170710">
    <ele>2674.4</ele>
   </trkpt>
   <trkpt lat="-8.0883150" lon="112.9170780">
    <ele>2674.2</ele>
   </trkpt>
   <trkpt lat="-8.0882900" lon="112.9170870">
    <ele>2674.0</ele>
   </trkpt>
   <trkpt lat="-8.0882650" lon="112.9170940">
    <ele>2673.4</ele>
   </trkpt>
   <trkpt lat="-8.0882360" lon="112.9171100">
    <ele>2673.0</ele>
   </trkpt>
   <trkpt lat="-8.0882090" lon="112.9171380">
    <ele>2672.6</ele>
   </trkpt>
   <trkpt lat="-8.0881290" lon="112.9172530">
    <ele>2671.2</ele>
   </trkpt>
   <trkpt lat="-8.0881020" lon="112.9172740">
    <ele>2670.8</ele>
   </trkpt>
   <trkpt lat="-8.0880650" lon="112.9173090">
    <ele>2670.0</ele>
   </trkpt>
   <trkpt lat="-8.0880350" lon="112.9173710">
    <ele>2669.4</ele>
   </trkpt>
   <trkpt lat="-8.0879780" lon="112.9173690">
    <ele>2668.8</ele>
   </trkpt>
   <trkpt lat="-8.0879340" lon="112.9173650">
    <ele>2668.6</ele>
   </trkpt>
   <trkpt lat="-8.0878380" lon="112.9173640">
    <ele>2668.0</ele>
   </trkpt>
   <trkpt lat="-8.0878380" lon="112.9173640">
    <ele>2666.2</ele>
   </trkpt>
   <trkpt lat="-8.0875830" lon="112.9169790">
    <ele>2666.0</ele>
   </trkpt>
   <trkpt lat="-8.0876040" lon="112.9171860">
    <ele>2665.2</ele>
   </trkpt>
   <trkpt lat="-8.0875860" lon="112.9171720">
    <ele>2664.4</ele>
   </trkpt>
   <trkpt lat="-8.0875370" lon="112.9171140">
    <ele>2664.4</ele>
   </trkpt>
   <trkpt lat="-8.0875240" lon="112.9171000">
    <ele>2664.6</ele>
   </trkpt>
   <trkpt lat="-8.0874900" lon="112.9170170">
    <ele>2664.8</ele>
   </trkpt>
   <trkpt lat="-8.0874180" lon="112.9168460">
    <ele>2664.2</ele>
   </trkpt>
   <trkpt lat="-8.0874040" lon="112.9167990">
    <ele>2664.2</ele>
   </trkpt>
   <trkpt lat="-8.0873690" lon="112.9166820">
    <ele>2664.0</ele>
   </trkpt>
   <trkpt lat="-8.0872510" lon="112.9165150">
    <ele>2663.2</ele>
   </trkpt>
   <trkpt lat="-8.0871440" lon="112.9163550">
    <ele>2663.8</ele>
   </trkpt>
   <trkpt lat="-8.0870250" lon="112.9162850">
    <ele>2664.4</ele>
   </trkpt>
   <trkpt lat="-8.0869090" lon="112.9162000">
    <ele>2664.2</ele>
   </trkpt>
   <trkpt lat="-8.0868100" lon="112.9160860">
    <ele>2665.2</ele>
   </trkpt>
   <trkpt lat="-8.0867620" lon="112.9160250">
    <ele>2665.4</ele>
   </trkpt>
   <trkpt lat="-8.0866730" lon="112.9159370">
    <ele>2666.2</ele>
   </trkpt>
   <trkpt lat="-8.0866360" lon="112.9159030">
    <ele>2666.6</ele>
   </trkpt>
   <trkpt lat="-8.0864970" lon="112.9157850">
    <ele>2667.2</ele>
   </trkpt>
   <trkpt lat="-8.0864350" lon="112.9157430">
    <ele>2667.2</ele>
   </trkpt>
   <trkpt lat="-8.0863700" lon="112.9157140">
    <ele>2667.4</ele>
   </trkpt>
   <trkpt lat="-8.0862850" lon="112.9156380">
    <ele>2667.6</ele>
   </trkpt>
   <trkpt lat="-8.0861950" lon="112.9155960">
    <ele>2668.2</ele>
   </trkpt>
   <trkpt lat="-8.0861810" lon="112.9155930">
    <ele>2668.4</ele>
   </trkpt>
   <trkpt lat="-8.0861070" lon="112.9155660">
    <ele>2669.0</ele>
   </trkpt>
   <trkpt lat="-8.0860480" lon="112.9155630">
    <ele>2669.4</ele>
   </trkpt>
   <trkpt lat="-8.0860300" lon="112.9155540">
    <ele>2669.6</ele>
   </trkpt>
   <trkpt lat="-8.0859400" lon="112.9154690">
    <ele>2669.6</ele>
   </trkpt>
   <trkpt lat="-8.0859200" lon="112.9154540">
    <ele>2669.8</ele>
   </trkpt>
   <trkpt lat="-8.0859010" lon="112.9154340">
    <ele>2670.4</ele>
   </trkpt>
   <trkpt lat="-8.0858920" lon="112.9154240">
    <ele>2670.4</ele>
   </trkpt>
   <trkpt lat="-8.0858930" lon="112.9154170">
    <ele>2670.6</ele>
   </trkpt>
   <trkpt lat="-8.0858640" lon="112.9154100">
    <ele>2670.2</ele>
   </trkpt>
   <trkpt lat="-8.0858570" lon="112.9154040">
    <ele>2670.2</ele>
   </trkpt>
   <trkpt lat="-8.0858350" lon="112.9153960">
    <ele>2670.2</ele>
   </trkpt>
   <trkpt lat="-8.0857490" lon="112.9153320">
    <ele>2670.4</ele>
   </trkpt>
   <trkpt lat="-8.0856820" lon="112.9152610">
    <ele>2671.4</ele>
   </trkpt>
   <trkpt lat="-8.0856570" lon="112.9152560">
    <ele>2671.8</ele>
   </trkpt>
   <trkpt lat="-8.0856300" lon="112.9152550">
    <ele>2671.8</ele>
   </trkpt>
   <trkpt lat="-8.0854540" lon="112.9152160">
    <ele>2672.6</ele>
   </trkpt>
   <trkpt lat="-8.0853610" lon="112.9151820">
    <ele>2672.6</ele>
   </trkpt>
   <trkpt lat="-8.0852730" lon="112.9151200">
    <ele>2672.2</ele>
   </trkpt>
   <trkpt lat="-8.0852550" lon="112.9150900">
    <ele>2672.6</ele>
   </trkpt>
   <trkpt lat="-8.0852480" lon="112.9150740">
    <ele>2672.8</ele>
   </trkpt>
   <trkpt lat="-8.0852460" lon="112.9150610">
    <ele>2673.0</ele>
   </trkpt>
   <trkpt lat="-8.0852420" lon="112.9150200">
    <ele>2673.8</ele>
   </trkpt>
   <trkpt lat="-8.0852150" lon="112.9149820">
    <ele>2674.0</ele>
   </trkpt>
   <trkpt lat="-8.0851400" lon="112.9149390">
    <ele>2673.8</ele>
   </trkpt>
   <trkpt lat="-8.0851230" lon="112.9149250">
    <ele>2673.8</ele>
   </trkpt>
   <trkpt lat="-8.0850480" lon="112.9148200">
    <ele>2673.8</ele>
   </trkpt>
   <trkpt lat="-8.0850100" lon="112.9147280">
    <ele>2673.8</ele>
   </trkpt>
   <trkpt lat="-8.0849610" lon="112.9146000">
    <ele>2674.4</ele>
   </trkpt>
   <trkpt lat="-8.0849580" lon="112.9144740">
    <ele>2674.4</ele>
   </trkpt>
   <trkpt lat="-8.0849540" lon="112.9143940">
    <ele>2674.2</ele>
   </trkpt>
   <trkpt lat="-8.0849410" lon="112.9143650">
    <ele>2674.4</ele>
   </trkpt>
   <trkpt lat="-8.0849110" lon="112.9143420">
    <ele>2674.4</ele>
   </trkpt>
   <trkpt lat="-8.0847700" lon="112.9142380">
    <ele>2674.8</ele>
   </trkpt>
   <trkpt lat="-8.0847480" lon="112.9142200">
    <ele>2675.0</ele>
   </trkpt>
   <trkpt lat="-8.0847250" lon="112.9142050">
    <ele>2675.2</ele>
   </trkpt>
   <trkpt lat="-8.0846750" lon="112.9141470">
    <ele>2675.0</ele>
   </trkpt>
   <trkpt lat="-8.0846240" lon="112.9140940">
    <ele>2675.2</ele>
   </trkpt>
   <trkpt lat="-8.0845720" lon="112.9140740">
    <ele>2675.6</ele>
   </trkpt>
   <trkpt lat="-8.0844990" lon="112.9140420">
    <ele>2676.2</ele>
   </trkpt>
   <trkpt lat="-8.0844820" lon="112.9140310">
    <ele>2676.2</ele>
   </trkpt>
   <trkpt lat="-8.0844340" lon="112.9139740">
    <ele>2677.2</ele>
   </trkpt>
   <trkpt lat="-8.0844250" lon="112.9139700">
    <ele>2677.4</ele>
   </trkpt>
   <trkpt lat="-8.0844160" lon="112.9139570">
    <ele>2677.8</ele>
   </trkpt>
   <trkpt lat="-8.0843860" lon="112.9139450">
    <ele>2678.2</ele>
   </trkpt>
   <trkpt lat="-8.0843690" lon="112.9139450">
    <ele>2678.4</ele>
   </trkpt>
   <trkpt lat="-8.0843120" lon="112.9139100">
    <ele>2678.8</ele>
   </trkpt>
   <trkpt lat="-8.0842400" lon="112.9138930">
    <ele>2679.8</ele>
   </trkpt>
   <trkpt lat="-8.0842060" lon="112.9139200">
    <ele>2680.8</ele>
   </trkpt>
   <trkpt lat="-8.0841670" lon="112.9139430">
    <ele>2681.4</ele>
   </trkpt>
   <trkpt lat="-8.0841070" lon="112.9139780">
    <ele>2682.0</ele>
   </trkpt>
   <trkpt lat="-8.0840590" lon="112.9139830">
    <ele>2683.0</ele>
   </trkpt>
   <trkpt lat="-8.0840470" lon="112.9139890">
    <ele>2683.4</ele>
   </trkpt>
   <trkpt lat="-8.0839650" lon="112.9140360">
    <ele>2684.0</ele>
   </trkpt>
   <trkpt lat="-8.0839610" lon="112.9140330">
    <ele>2684.2</ele>
   </trkpt>
   <trkpt lat="-8.0839090" lon="112.9140630">
    <ele>2684.8</ele>
   </trkpt>
   <trkpt lat="-8.0838910" lon="112.9140740">
    <ele>2685.0</ele>
   </trkpt>
   <trkpt lat="-8.0838650" lon="112.9140930">
    <ele>2685.4</ele>
   </trkpt>
   <trkpt lat="-8.0837970" lon="112.9141390">
    <ele>2685.8</ele>
   </trkpt>
   <trkpt lat="-8.0837500" lon="112.9141580">
    <ele>2686.2</ele>
   </trkpt>
   <trkpt lat="-8.0837130" lon="112.9141610">
    <ele>2687.0</ele>
   </trkpt>
   <trkpt lat="-8.0836980" lon="112.9141640">
    <ele>2687.2</ele>
   </trkpt>
   <trkpt lat="-8.0836880" lon="112.9141680">
    <ele>2687.4</ele>
   </trkpt>
   <trkpt lat="-8.0836660" lon="112.9141670">
    <ele>2687.6</ele>
   </trkpt>
   <trkpt lat="-8.0836480" lon="112.9141680">
    <ele>2687.8</ele>
   </trkpt>
   <trkpt lat="-8.0836000" lon="112.9141550">
    <ele>2688.0</ele>
   </trkpt>
   <trkpt lat="-8.0835710" lon="112.9141570">
    <ele>2688.8</ele>
   </trkpt>
   <trkpt lat="-8.0835430" lon="112.9141690">
    <ele>2689.8</ele>
   </trkpt>
   <trkpt lat="-8.0835280" lon="112.9141770">
    <ele>2690.2</ele>
   </trkpt>
   <trkpt lat="-8.0835090" lon="112.9141800">
    <ele>2690.8</ele>
   </trkpt>
   <trkpt lat="-8.0834880" lon="112.9142020">
    <ele>2691.8</ele>
   </trkpt>
   <trkpt lat="-8.0834870" lon="112.9142110">
    <ele>2692.0</ele>
   </trkpt>
   <trkpt lat="-8.0834850" lon="112.9142190">
    <ele>2692.0</ele>
   </trkpt>
   <trkpt lat="-8.0834650" lon="112.9142720">
    <ele>2693.2</ele>
   </trkpt>
   <trkpt lat="-8.0834610" lon="112.9143010">
    <ele>2693.4</ele>
   </trkpt>
   <trkpt lat="-8.0834580" lon="112.9143290">
    <ele>2693.8</ele>
   </trkpt>
   <trkpt lat="-8.0834560" lon="112.9143570">
    <ele>2694.2</ele>
   </trkpt>
   <trkpt lat="-8.0834240" lon="112.9143840">
    <ele>2695.0</ele>
   </trkpt>
   <trkpt lat="-8.0833800" lon="112.9143930">
    <ele>2695.0</ele>
   </trkpt>
   <trkpt lat="-8.0833630" lon="112.9144080">
    <ele>2695.2</ele>
   </trkpt>
   <trkpt lat="-8.0833430" lon="112.9144200">
    <ele>2695.2</ele>
   </trkpt>
   <trkpt lat="-8.0833170" lon="112.9144690">
    <ele>2696.2</ele>
   </trkpt>
   <trkpt lat="-8.0833150" lon="112.9144970">
    <ele>2696.6</ele>
   </trkpt>
   <trkpt lat="-8.0832650" lon="112.9145080">
    <ele>2697.2</ele>
   </trkpt>
   <trkpt lat="-8.0832040" lon="112.9145270">
    <ele>2697.8</ele>
   </trkpt>
   <trkpt lat="-8.0831680" lon="112.9145340">
    <ele>2698.0</ele>
   </trkpt>
   <trkpt lat="-8.0831550" lon="112.9145380">
    <ele>2698.4</ele>
   </trkpt>
   <trkpt lat="-8.0831510" lon="112.9145350">
    <ele>2699.6</ele>
   </trkpt>
   <trkpt lat="-8.0831300" lon="112.9145400">
    <ele>2700.4</ele>
   </trkpt>
   <trkpt lat="-8.0831210" lon="112.9145410">
    <ele>2700.6</ele>
   </trkpt>
   <trkpt lat="-8.0830890" lon="112.9145310">
    <ele>2701.6</ele>
   </trkpt>
   <trkpt lat="-8.0830770" lon="112.9145280">
    <ele>2701.8</ele>
   </trkpt>
   <trkpt lat="-8.0830450" lon="112.9145590">
    <ele>2702.0</ele>
   </trkpt>
   <trkpt lat="-8.0830230" lon="112.9145990">
    <ele>2702.6</ele>
   </trkpt>
   <trkpt lat="-8.0830190" lon="112.9146080">
    <ele>2703.0</ele>
   </trkpt>
   <trkpt lat="-8.0830130" lon="112.9146190">
    <ele>2703.4</ele>
   </trkpt>
   <trkpt lat="-8.0829670" lon="112.9146430">
    <ele>2704.2</ele>
   </trkpt>
   <trkpt lat="-8.0829520" lon="112.9146520">
    <ele>2704.6</ele>
   </trkpt>
   <trkpt lat="-8.0829380" lon="112.9146620">
    <ele>2705.2</ele>
   </trkpt>
   <trkpt lat="-8.0828810" lon="112.9146560">
    <ele>2706.4</ele>
   </trkpt>
   <trkpt lat="-8.0828460" lon="112.9146680">
    <ele>2707.4</ele>
   </trkpt>
   <trkpt lat="-8.0828390" lon="112.9146870">
    <ele>2707.6</ele>
   </trkpt>
   <trkpt lat="-8.0828010" lon="112.9147220">
    <ele>2708.0</ele>
   </trkpt>
   <trkpt lat="-8.0827660" lon="112.9147450">
    <ele>2708.8</ele>
   </trkpt>
   <trkpt lat="-8.0827300" lon="112.9147520">
    <ele>2709.8</ele>
   </trkpt>
   <trkpt lat="-8.0827050" lon="112.9147410">
    <ele>2710.4</ele>
   </trkpt>
   <trkpt lat="-8.0826820" lon="112.9147450">
    <ele>2710.8</ele>
   </trkpt>
   <trkpt lat="-8.0826740" lon="112.9147390">
    <ele>2711.0</ele>
   </trkpt>
   <trkpt lat="-8.0826360" lon="112.9146810">
    <ele>2712.0</ele>
   </trkpt>
   <trkpt lat="-8.0826180" lon="112.9146660">
    <ele>2712.4</ele>
   </trkpt>
   <trkpt lat="-8.0826040" lon="112.9146640">
    <ele>2712.6</ele>
   </trkpt>
   <trkpt lat="-8.0825930" lon="112.9146390">
    <ele>2712.6</ele>
   </trkpt>
   <trkpt lat="-8.0825400" lon="112.9146470">
    <ele>2713.2</ele>
   </trkpt>
   <trkpt lat="-8.0825250" lon="112.9146560">
    <ele>2713.2</ele>
   </trkpt>
   <trkpt lat="-8.0824760" lon="112.9146830">
    <ele>2713.6</ele>
   </trkpt>
   <trkpt lat="-8.0824440" lon="112.9146870">
    <ele>2714.2</ele>
   </trkpt>
   <trkpt lat="-8.0823940" lon="112.9146790">
    <ele>2715.0</ele>
   </trkpt>
   <trkpt lat="-8.0823830" lon="112.9146700">
    <ele>2715.2</ele>
   </trkpt>
   <trkpt lat="-8.0823200" lon="112.9145790">
    <ele>2715.8</ele>
   </trkpt>
   <trkpt lat="-8.0823180" lon="112.9145460">
    <ele>2716.4</ele>
   </trkpt>
   <trkpt lat="-8.0823300" lon="112.9145120">
    <ele>2716.4</ele>
   </trkpt>
   <trkpt lat="-8.0823380" lon="112.9144870">
    <ele>2716.6</ele>
   </trkpt>
   <trkpt lat="-8.0822700" lon="112.9144390">
    <ele>2717.0</ele>
   </trkpt>
   <trkpt lat="-8.0822550" lon="112.9144220">
    <ele>2717.4</ele>
   </trkpt>
   <trkpt lat="-8.0822160" lon="112.9144350">
    <ele>2718.0</ele>
   </trkpt>
   <trkpt lat="-8.0821490" lon="112.9143760">
    <ele>2718.2</ele>
   </trkpt>
   <trkpt lat="-8.0821260" lon="112.9143750">
    <ele>2718.4</ele>
   </trkpt>
   <trkpt lat="-8.0819740" lon="112.9143320">
    <ele>2718.2</ele>
   </trkpt>
   <trkpt lat="-8.0819270" lon="112.9143100">
    <ele>2718.4</ele>
   </trkpt>
   <trkpt lat="-8.0818450" lon="112.9142400">
    <ele>2719.4</ele>
   </trkpt>
   <trkpt lat="-8.0816690" lon="112.9141330">
    <ele>2719.4</ele>
   </trkpt>
   <trkpt lat="-8.0816470" lon="112.9141230">
    <ele>2719.8</ele>
   </trkpt>
   <trkpt lat="-8.0815680" lon="112.9140750">
    <ele>2720.2</ele>
   </trkpt>
   <trkpt lat="-8.0815400" lon="112.9140850">
    <ele>2720.8</ele>
   </trkpt>
   <trkpt lat="-8.0815000" lon="112.9141020">
    <ele>2721.8</ele>
   </trkpt>
   <trkpt lat="-8.0814860" lon="112.9141060">
    <ele>2722.2</ele>
   </trkpt>
   <trkpt lat="-8.0814470" lon="112.9140970">
    <ele>2722.8</ele>
   </trkpt>
   <trkpt lat="-8.0813770" lon="112.9140790">
    <ele>2723.0</ele>
   </trkpt>
   <trkpt lat="-8.0812890" lon="112.9140300">
    <ele>2723.0</ele>
   </trkpt>
   <trkpt lat="-8.0812210" lon="112.9139850">
    <ele>2724.0</ele>
   </trkpt>
   <trkpt lat="-8.0811980" lon="112.9139720">
    <ele>2725.2</ele>
   </trkpt>
   <trkpt lat="-8.0811760" lon="112.9139530">
    <ele>2725.4</ele>
   </trkpt>
   <trkpt lat="-8.0810950" lon="112.9139280">
    <ele>2725.8</ele>
   </trkpt>
   <trkpt lat="-8.0810690" lon="112.9139280">
    <ele>2726.4</ele>
   </trkpt>
   <trkpt lat="-8.0810010" lon="112.9139160">
    <ele>2727.0</ele>
   </trkpt>
   <trkpt lat="-8.0809110" lon="112.9138490">
    <ele>2727.2</ele>
   </trkpt>
   <trkpt lat="-8.0808670" lon="112.9138490">
    <ele>2727.6</ele>
   </trkpt>
   <trkpt lat="-8.0808260" lon="112.9138290">
    <ele>2728.6</ele>
   </trkpt>
   <trkpt lat="-8.0808150" lon="112.9138290">
    <ele>2728.6</ele>
   </trkpt>
   <trkpt lat="-8.0807480" lon="112.9138460">
    <ele>2729.0</ele>
   </trkpt>
   <trkpt lat="-8.0807330" lon="112.9138500">
    <ele>2729.2</ele>
   </trkpt>
   <trkpt lat="-8.0806920" lon="112.9138530">
    <ele>2729.6</ele>
   </trkpt>
   <trkpt lat="-8.0806830" lon="112.9138450">
    <ele>2729.8</ele>
   </trkpt>
   <trkpt lat="-8.0806540" lon="112.9138120">
    <ele>2730.0</ele>
   </trkpt>
   <trkpt lat="-8.0806340" lon="112.9137950">
    <ele>2730.4</ele>
   </trkpt>
   <trkpt lat="-8.0805720" lon="112.9137120">
    <ele>2730.8</ele>
   </trkpt>
   <trkpt lat="-8.0805560" lon="112.9136860">
    <ele>2730.8</ele>
   </trkpt>
   <trkpt lat="-8.0805360" lon="112.9136160">
    <ele>2731.0</ele>
   </trkpt>
   <trkpt lat="-8.0804900" lon="112.9136050">
    <ele>2730.8</ele>
   </trkpt>
   <trkpt lat="-8.0803280" lon="112.9134980">
    <ele>2731.0</ele>
   </trkpt>
   <trkpt lat="-8.0802560" lon="112.9134590">
    <ele>2731.8</ele>
   </trkpt>
   <trkpt lat="-8.0802130" lon="112.9134590">
    <ele>2732.6</ele>
   </trkpt>
   <trkpt lat="-8.0801930" lon="112.9134520">
    <ele>2732.8</ele>
   </trkpt>
   <trkpt lat="-8.0800770" lon="112.9133860">
    <ele>2733.0</ele>
   </trkpt>
   <trkpt lat="-8.0800360" lon="112.9133710">
    <ele>2734.0</ele>
   </trkpt>
   <trkpt lat="-8.0799500" lon="112.9133100">
    <ele>2734.6</ele>
   </trkpt>
   <trkpt lat="-8.0799340" lon="112.9132950">
    <ele>2734.4</ele>
   </trkpt>
   <trkpt lat="-8.0798560" lon="112.9132510">
    <ele>2734.8</ele>
   </trkpt>
   <trkpt lat="-8.0798370" lon="112.9132440">
    <ele>2735.0</ele>
   </trkpt>
   <trkpt lat="-8.0797610" lon="112.9132710">
    <ele>2735.4</ele>
   </trkpt>
   <trkpt lat="-8.0797190" lon="112.9132970">
    <ele>2736.2</ele>
   </trkpt>
   <trkpt lat="-8.0796940" lon="112.9133060">
    <ele>2737.0</ele>
   </trkpt>
   <trkpt lat="-8.0796800" lon="112.9133080">
    <ele>2737.4</ele>
   </trkpt>
   <trkpt lat="-8.0796230" lon="112.9133260">
    <ele>2738.0</ele>
   </trkpt>
   <trkpt lat="-8.0795520" lon="112.9133190">
    <ele>2738.6</ele>
   </trkpt>
   <trkpt lat="-8.0795390" lon="112.9133230">
    <ele>2738.8</ele>
   </trkpt>
   <trkpt lat="-8.0794810" lon="112.9132890">
    <ele>2739.8</ele>
   </trkpt>
   <trkpt lat="-8.0794170" lon="112.9132840">
    <ele>2740.2</ele>
   </trkpt>
   <trkpt lat="-8.0794040" lon="112.9132910">
    <ele>2740.4</ele>
   </trkpt>
   <trkpt lat="-8.0793760" lon="112.9133030">
    <ele>2740.4</ele>
   </trkpt>
   <trkpt lat="-8.0793510" lon="112.9132880">
    <ele>2740.8</ele>
   </trkpt>
   <trkpt lat="-8.0793410" lon="112.9132820">
    <ele>2741.0</ele>
   </trkpt>
   <trkpt lat="-8.0792540" lon="112.9132720">
    <ele>2741.6</ele>
   </trkpt>
   <trkpt lat="-8.0792400" lon="112.9132780">
    <ele>2741.8</ele>
   </trkpt>
   <trkpt lat="-8.0792250" lon="112.9132840">
    <ele>2742.0</ele>
   </trkpt>
   <trkpt lat="-8.0792000" lon="112.9132870">
    <ele>2742.2</ele>
   </trkpt>
   <trkpt lat="-8.0791850" lon="112.9132860">
    <ele>2742.6</ele>
   </trkpt>
   <trkpt lat="-8.0791660" lon="112.9132810">
    <ele>2742.8</ele>
   </trkpt>
   <trkpt lat="-8.0791540" lon="112.9132800">
    <ele>2743.0</ele>
   </trkpt>
   <trkpt lat="-8.0791170" lon="112.9132840">
    <ele>2742.8</ele>
   </trkpt>
   <trkpt lat="-8.0790460" lon="112.9132810">
    <ele>2742.6</ele>
   </trkpt>
   <trkpt lat="-8.0789740" lon="112.9132720">
    <ele>2743.6</ele>
   </trkpt>
   <trkpt lat="-8.0788210" lon="112.9132370">
    <ele>2743.8</ele>
   </trkpt>
   <trkpt lat="-8.0786760" lon="112.9131800">
    <ele>2743.4</ele>
   </trkpt>
   <trkpt lat="-8.0785260" lon="112.9131300">
    <ele>2743.8</ele>
   </trkpt>
   <trkpt lat="-8.0783370" lon="112.9130940">
    <ele>2743.6</ele>
   </trkpt>
   <trkpt lat="-8.0782670" lon="112.9130730">
    <ele>2743.8</ele>
   </trkpt>
   <trkpt lat="-8.0782520" lon="112.9130660">
    <ele>2743.8</ele>
   </trkpt>
   <trkpt lat="-8.0780810" lon="112.9130290">
    <ele>2742.8</ele>
   </trkpt>
   <trkpt lat="-8.0778580" lon="112.9129530">
    <ele>2742.4</ele>
   </trkpt>
   <trkpt lat="-8.0776990" lon="112.9129100">
    <ele>2741.6</ele>
   </trkpt>
   <trkpt lat="-8.0776700" lon="112.9129090">
    <ele>2741.4</ele>
   </trkpt>
   <trkpt lat="-8.0774760" lon="112.9129520">
    <ele>2740.8</ele>
   </trkpt>
   <trkpt lat="-8.0773800" lon="112.9130150">
    <ele>2740.8</ele>
   </trkpt>
   <trkpt lat="-8.0773190" lon="112.9130180">
    <ele>2740.4</ele>
   </trkpt>
   <trkpt lat="-8.0772260" lon="112.9130290">
    <ele>2739.6</ele>
   </trkpt>
   <trkpt lat="-8.0771960" lon="112.9130380">
    <ele>2739.6</ele>
   </trkpt>
   <trkpt lat="-8.0770640" lon="112.9130320">
    <ele>2740.0</ele>
   </trkpt>
   <trkpt lat="-8.0768960" lon="112.9130480">
    <ele>2739.4</ele>
   </trkpt>
   <trkpt lat="-8.0768650" lon="112.9130550">
    <ele>2739.2</ele>
   </trkpt>
   <trkpt lat="-8.0767750" lon="112.9130650">
    <ele>2738.4</ele>
   </trkpt>
   <trkpt lat="-8.0767580" lon="112.9130680">
    <ele>2738.0</ele>
   </trkpt>
   <trkpt lat="-8.0767430" lon="112.9130670">
    <ele>2737.4</ele>
   </trkpt>
   <trkpt lat="-8.0767280" lon="112.9130600">
    <ele>2736.8</ele>
   </trkpt>
   <trkpt lat="-8.0766900" lon="112.9130460">
    <ele>2735.6</ele>
   </trkpt>
   <trkpt lat="-8.0766450" lon="112.9130320">
    <ele>2734.2</ele>
   </trkpt>
   <trkpt lat="-8.0765980" lon="112.9130360">
    <ele>2732.6</ele>
   </trkpt>
   <trkpt lat="-8.0765770" lon="112.9130380">
    <ele>2731.8</ele>
   </trkpt>
   <trkpt lat="-8.0765600" lon="112.9130320">
    <ele>2731.0</ele>
   </trkpt>
   <trkpt lat="-8.0765220" lon="112.9130100">
    <ele>2729.6</ele>
   </trkpt>
   <trkpt lat="-8.0764680" lon="112.9129970">
    <ele>2728.6</ele>
   </trkpt>
   <trkpt lat="-8.0764260" lon="112.9129880">
    <ele>2727.2</ele>
   </trkpt>
   <trkpt lat="-8.0763870" lon="112.9129860">
    <ele>2725.6</ele>
   </trkpt>
   <trkpt lat="-8.0763620" lon="112.9129910">
    <ele>2725.0</ele>
   </trkpt>
   <trkpt lat="-8.0763370" lon="112.9129900">
    <ele>2724.2</ele>
   </trkpt>
   <trkpt lat="-8.0762730" lon="112.9130040">
    <ele>2722.6</ele>
   </trkpt>
   <trkpt lat="-8.0762230" lon="112.9130150">
    <ele>2721.2</ele>
   </trkpt>
   <trkpt lat="-8.0761710" lon="112.9130370">
    <ele>2719.8</ele>
   </trkpt>
   <trkpt lat="-8.0760900" lon="112.9130790">
    <ele>2718.4</ele>
   </trkpt>
   <trkpt lat="-8.0760450" lon="112.9131370">
    <ele>2717.2</ele>
   </trkpt>
   <trkpt lat="-8.0760270" lon="112.9131410">
    <ele>2716.6</ele>
   </trkpt>
   <trkpt lat="-8.0760080" lon="112.9131380">
    <ele>2715.8</ele>
   </trkpt>
   <trkpt lat="-8.0759670" lon="112.9131360">
    <ele>2714.4</ele>
   </trkpt>
   <trkpt lat="-8.0759200" lon="112.9131420">
    <ele>2713.4</ele>
   </trkpt>
   <trkpt lat="-8.0758910" lon="112.9131580">
    <ele>2712.8</ele>
   </trkpt>
   <trkpt lat="-8.0758500" lon="112.9131910">
    <ele>2711.6</ele>
   </trkpt>
   <trkpt lat="-8.0758010" lon="112.9132010">
    <ele>2710.0</ele>
   </trkpt>
   <trkpt lat="-8.0757530" lon="112.9132270">
    <ele>2709.0</ele>
   </trkpt>
   <trkpt lat="-8.0756970" lon="112.9132380">
    <ele>2707.6</ele>
   </trkpt>
   <trkpt lat="-8.0756720" lon="112.9132440">
    <ele>2707.2</ele>
   </trkpt>
   <trkpt lat="-8.0756190" lon="112.9132630">
    <ele>2706.4</ele>
   </trkpt>
   <trkpt lat="-8.0755190" lon="112.9132650">
    <ele>2705.4</ele>
   </trkpt>
   <trkpt lat="-8.0754890" lon="112.9132550">
    <ele>2705.0</ele>
   </trkpt>
   <trkpt lat="-8.0754410" lon="112.9132190">
    <ele>2704.0</ele>
   </trkpt>
   <trkpt lat="-8.0754250" lon="112.9131980">
    <ele>2703.6</ele>
   </trkpt>
   <trkpt lat="-8.0754220" lon="112.9131950">
    <ele>2702.6</ele>
   </trkpt>
   <trkpt lat="-8.0754220" lon="112.9131910">
    <ele>2702.0</ele>
   </trkpt>
   <trkpt lat="-8.0753980" lon="112.9131910">
    <ele>2701.2</ele>
   </trkpt>
   <trkpt lat="-8.0753550" lon="112.9131940">
    <ele>2700.4</ele>
   </trkpt>
   <trkpt lat="-8.0753320" lon="112.9132010">
    <ele>2700.0</ele>
   </trkpt>
   <trkpt lat="-8.0753180" lon="112.9132140">
    <ele>2699.6</ele>
   </trkpt>
   <trkpt lat="-8.0752950" lon="112.9132440">
    <ele>2699.0</ele>
   </trkpt>
   <trkpt lat="-8.0752870" lon="112.9132650">
    <ele>2698.6</ele>
   </trkpt>
   <trkpt lat="-8.0752620" lon="112.9133030">
    <ele>2697.6</ele>
   </trkpt>
   <trkpt lat="-8.0752380" lon="112.9133460">
    <ele>2696.2</ele>
   </trkpt>
   <trkpt lat="-8.0752160" lon="112.9134020">
    <ele>2694.6</ele>
   </trkpt>
   <trkpt lat="-8.0751760" lon="112.9134640">
    <ele>2693.2</ele>
   </trkpt>
   <trkpt lat="-8.0751430" lon="112.9134950">
    <ele>2692.0</ele>
   </trkpt>
   <trkpt lat="-8.0750870" lon="112.9135840">
    <ele>2691.0</ele>
   </trkpt>
   <trkpt lat="-8.0750390" lon="112.9136470">
    <ele>2691.0</ele>
   </trkpt>
   <trkpt lat="-8.0749390" lon="112.9137230">
    <ele>2691.2</ele>
   </trkpt>
   <trkpt lat="-8.0748770" lon="112.9137110">
    <ele>2692.2</ele>
   </trkpt>
   <trkpt lat="-8.0747920" lon="112.9137200">
    <ele>2692.8</ele>
   </trkpt>
   <trkpt lat="-8.0747520" lon="112.9137200">
    <ele>2693.2</ele>
   </trkpt>
   <trkpt lat="-8.0746980" lon="112.9137550">
    <ele>2694.4</ele>
   </trkpt>
   <trkpt lat="-8.0746620" lon="112.9137780">
    <ele>2695.4</ele>
   </trkpt>
   <trkpt lat="-8.0746010" lon="112.9138010">
    <ele>2696.0</ele>
   </trkpt>
   <trkpt lat="-8.0745560" lon="112.9137980">
    <ele>2696.6</ele>
   </trkpt>
   <trkpt lat="-8.0745290" lon="112.9138060">
    <ele>2696.8</ele>
   </trkpt>
   <trkpt lat="-8.0744980" lon="112.9138170">
    <ele>2697.0</ele>
   </trkpt>
   <trkpt lat="-8.0743890" lon="112.9138650">
    <ele>2697.2</ele>
   </trkpt>
   <trkpt lat="-8.0742820" lon="112.9138910">
    <ele>2695.6</ele>
   </trkpt>
   <trkpt lat="-8.0742600" lon="112.9138990">
    <ele>2695.0</ele>
   </trkpt>
   <trkpt lat="-8.0742200" lon="112.9139300">
    <ele>2694.0</ele>
   </trkpt>
   <trkpt lat="-8.0741840" lon="112.9139370">
    <ele>2693.0</ele>
   </trkpt>
   <trkpt lat="-8.0741660" lon="112.9139350">
    <ele>2692.6</ele>
   </trkpt>
   <trkpt lat="-8.0741070" lon="112.9139210">
    <ele>2690.8</ele>
   </trkpt>
   <trkpt lat="-8.0740690" lon="112.9139120">
    <ele>2689.4</ele>
   </trkpt>
   <trkpt lat="-8.0740110" lon="112.9139140">
    <ele>2687.8</ele>
   </trkpt>
   <trkpt lat="-8.0739810" lon="112.9139070">
    <ele>2686.8</ele>
   </trkpt>
   <trkpt lat="-8.0739650" lon="112.9139030">
    <ele>2686.0</ele>
   </trkpt>
   <trkpt lat="-8.0739490" lon="112.9139100">
    <ele>2685.6</ele>
   </trkpt>
   <trkpt lat="-8.0738990" lon="112.9139280">
    <ele>2684.2</ele>
   </trkpt>
   <trkpt lat="-8.0738690" lon="112.9139170">
    <ele>2684.0</ele>
   </trkpt>
   <trkpt lat="-8.0738320" lon="112.9139300">
    <ele>2683.0</ele>
   </trkpt>
   <trkpt lat="-8.0738000" lon="112.9139420">
    <ele>2681.2</ele>
   </trkpt>
   <trkpt lat="-8.0737910" lon="112.9139390">
    <ele>2680.2</ele>
   </trkpt>
   <trkpt lat="-8.0737730" lon="112.9139310">
    <ele>2679.2</ele>
   </trkpt>
   <trkpt lat="-8.0737230" lon="112.9139190">
    <ele>2677.6</ele>
   </trkpt>
   <trkpt lat="-8.0736740" lon="112.9139320">
    <ele>2676.8</ele>
   </trkpt>
   <trkpt lat="-8.0736400" lon="112.9139440">
    <ele>2676.4</ele>
   </trkpt>
   <trkpt lat="-8.0735310" lon="112.9140080">
    <ele>2675.6</ele>
   </trkpt>
   <trkpt lat="-8.0734990" lon="112.9140160">
    <ele>2675.2</ele>
   </trkpt>
   <trkpt lat="-8.0733940" lon="112.9140270">
    <ele>2673.8</ele>
   </trkpt>
   <trkpt lat="-8.0733720" lon="112.9140320">
    <ele>2672.8</ele>
   </trkpt>
   <trkpt lat="-8.0733550" lon="112.9140330">
    <ele>2671.6</ele>
   </trkpt>
   <trkpt lat="-8.0733440" lon="112.9140370">
    <ele>2670.4</ele>
   </trkpt>
   <trkpt lat="-8.0733340" lon="112.9140390">
    <ele>2669.4</ele>
   </trkpt>
   <trkpt lat="-8.0733270" lon="112.9140380">
    <ele>2668.8</ele>
   </trkpt>
   <trkpt lat="-8.0733200" lon="112.9140410">
    <ele>2668.6</ele>
   </trkpt>
   <trkpt lat="-8.0732500" lon="112.9140950">
    <ele>2668.0</ele>
   </trkpt>
   <trkpt lat="-8.0732290" lon="112.9141110">
    <ele>2667.8</ele>
   </trkpt>
   <trkpt lat="-8.0732130" lon="112.9141310">
    <ele>2667.4</ele>
   </trkpt>
   <trkpt lat="-8.0731720" lon="112.9141660">
    <ele>2666.2</ele>
   </trkpt>
   <trkpt lat="-8.0731690" lon="112.9141860">
    <ele>2665.4</ele>
   </trkpt>
   <trkpt lat="-8.0731670" lon="112.9142060">
    <ele>2664.6</ele>
   </trkpt>
   <trkpt lat="-8.0731480" lon="112.9142220">
    <ele>2663.2</ele>
   </trkpt>
   <trkpt lat="-8.0731100" lon="112.9142240">
    <ele>2661.6</ele>
   </trkpt>
   <trkpt lat="-8.0731020" lon="112.9142390">
    <ele>2661.0</ele>
   </trkpt>
   <trkpt lat="-8.0731040" lon="112.9142590">
    <ele>2660.6</ele>
   </trkpt>
   <trkpt lat="-8.0731050" lon="112.9142790">
    <ele>2660.0</ele>
   </trkpt>
   <trkpt lat="-8.0731070" lon="112.9143050">
    <ele>2659.2</ele>
   </trkpt>
   <trkpt lat="-8.0731280" lon="112.9143380">
    <ele>2657.8</ele>
   </trkpt>
   <trkpt lat="-8.0731300" lon="112.9143570">
    <ele>2657.2</ele>
   </trkpt>
   <trkpt lat="-8.0731200" lon="112.9143630">
    <ele>2656.8</ele>
   </trkpt>
   <trkpt lat="-8.0730770" lon="112.9143850">
    <ele>2655.4</ele>
   </trkpt>
   <trkpt lat="-8.0730510" lon="112.9143860">
    <ele>2655.0</ele>
   </trkpt>
   <trkpt lat="-8.0730180" lon="112.9143980">
    <ele>2654.6</ele>
   </trkpt>
   <trkpt lat="-8.0730040" lon="112.9144040">
    <ele>2654.2</ele>
   </trkpt>
   <trkpt lat="-8.0729650" lon="112.9144100">
    <ele>2652.8</ele>
   </trkpt>
   <trkpt lat="-8.0729450" lon="112.9144160">
    <ele>2652.2</ele>
   </trkpt>
   <trkpt lat="-8.0729290" lon="112.9144350">
    <ele>2651.6</ele>
   </trkpt>
   <trkpt lat="-8.0728940" lon="112.9144940">
    <ele>2650.2</ele>
   </trkpt>
   <trkpt lat="-8.0728650" lon="112.9145220">
    <ele>2648.8</ele>
   </trkpt>
   <trkpt lat="-8.0728390" lon="112.9145550">
    <ele>2646.8</ele>
   </trkpt>
   <trkpt lat="-8.0728070" lon="112.9145740">
    <ele>2645.8</ele>
   </trkpt>
   <trkpt lat="-8.0727650" lon="112.9146070">
    <ele>2644.6</ele>
   </trkpt>
   <trkpt lat="-8.0727230" lon="112.9146490">
    <ele>2643.6</ele>
   </trkpt>
   <trkpt lat="-8.0726810" lon="112.9146980">
    <ele>2642.4</ele>
   </trkpt>
   <trkpt lat="-8.0726370" lon="112.9147500">
    <ele>2641.2</ele>
   </trkpt>
   <trkpt lat="-8.0725960" lon="112.9147900">
    <ele>2639.8</ele>
   </trkpt>
   <trkpt lat="-8.0725710" lon="112.9148030">
    <ele>2639.4</ele>
   </trkpt>
   <trkpt lat="-8.0725460" lon="112.9148100">
    <ele>2638.8</ele>
   </trkpt>
   <trkpt lat="-8.0724930" lon="112.9148270">
    <ele>2637.2</ele>
   </trkpt>
   <trkpt lat="-8.0724330" lon="112.9148640">
    <ele>2636.4</ele>
   </trkpt>
   <trkpt lat="-8.0724120" lon="112.9148850">
    <ele>2636.0</ele>
   </trkpt>
   <trkpt lat="-8.0723240" lon="112.9149280">
    <ele>2634.8</ele>
   </trkpt>
   <trkpt lat="-8.0722490" lon="112.9149660">
    <ele>2633.8</ele>
   </trkpt>
   <trkpt lat="-8.0722000" lon="112.9149990">
    <ele>2632.8</ele>
   </trkpt>
   <trkpt lat="-8.0721640" lon="112.9150080">
    <ele>2632.2</ele>
   </trkpt>
   <trkpt lat="-8.0721010" lon="112.9150310">
    <ele>2631.2</ele>
   </trkpt>
   <trkpt lat="-8.0720420" lon="112.9150530">
    <ele>2630.4</ele>
   </trkpt>
   <trkpt lat="-8.0719930" lon="112.9150800">
    <ele>2629.8</ele>
   </trkpt>
   <trkpt lat="-8.0719410" lon="112.9150930">
    <ele>2628.2</ele>
   </trkpt>
   <trkpt lat="-8.0719190" lon="112.9150940">
    <ele>2627.8</ele>
   </trkpt>
   <trkpt lat="-8.0718760" lon="112.9150960">
    <ele>2626.8</ele>
   </trkpt>
   <trkpt lat="-8.0718260" lon="112.9150880">
    <ele>2624.8</ele>
   </trkpt>
   <trkpt lat="-8.0717800" lon="112.9150820">
    <ele>2623.6</ele>
   </trkpt>
   <trkpt lat="-8.0717210" lon="112.9150600">
    <ele>2622.4</ele>
   </trkpt>
   <trkpt lat="-8.0716300" lon="112.9150630">
    <ele>2621.6</ele>
   </trkpt>
   <trkpt lat="-8.0716120" lon="112.9150720">
    <ele>2621.2</ele>
   </trkpt>
   <trkpt lat="-8.0715520" lon="112.9150780">
    <ele>2619.8</ele>
   </trkpt>
   <trkpt lat="-8.0715300" lon="112.9150660">
    <ele>2619.0</ele>
   </trkpt>
   <trkpt lat="-8.0715110" lon="112.9150530">
    <ele>2618.4</ele>
   </trkpt>
   <trkpt lat="-8.0714880" lon="112.9150230">
    <ele>2617.2</ele>
   </trkpt>
   <trkpt lat="-8.0714740" lon="112.9150060">
    <ele>2616.6</ele>
   </trkpt>
   <trkpt lat="-8.0714640" lon="112.9149900">
    <ele>2616.2</ele>
   </trkpt>
   <trkpt lat="-8.0714460" lon="112.9149630">
    <ele>2615.6</ele>
   </trkpt>
   <trkpt lat="-8.0714370" lon="112.9149750">
    <ele>2615.0</ele>
   </trkpt>
   <trkpt lat="-8.0714120" lon="112.9149880">
    <ele>2614.2</ele>
   </trkpt>
   <trkpt lat="-8.0713920" lon="112.9149870">
    <ele>2613.8</ele>
   </trkpt>
   <trkpt lat="-8.0713410" lon="112.9149920">
    <ele>2613.2</ele>
   </trkpt>
   <trkpt lat="-8.0713200" lon="112.9150020">
    <ele>2612.8</ele>
   </trkpt>
   <trkpt lat="-8.0712440" lon="112.9150330">
    <ele>2611.6</ele>
   </trkpt>
   <trkpt lat="-8.0711970" lon="112.9150640">
    <ele>2610.8</ele>
   </trkpt>
   <trkpt lat="-8.0711740" lon="112.9150710">
    <ele>2610.0</ele>
   </trkpt>
   <trkpt lat="-8.0711310" lon="112.9150870">
    <ele>2609.0</ele>
   </trkpt>
   <trkpt lat="-8.0711100" lon="112.9150960">
    <ele>2608.4</ele>
   </trkpt>
   <trkpt lat="-8.0710800" lon="112.9151200">
    <ele>2608.0</ele>
   </trkpt>
   <trkpt lat="-8.0710010" lon="112.9151680">
    <ele>2607.2</ele>
   </trkpt>
   <trkpt lat="-8.0709760" lon="112.9151860">
    <ele>2607.0</ele>
   </trkpt>
   <trkpt lat="-8.0709400" lon="112.9152210">
    <ele>2605.8</ele>
   </trkpt>
   <trkpt lat="-8.0709120" lon="112.9152780">
    <ele>2605.0</ele>
   </trkpt>
   <trkpt lat="-8.0709000" lon="112.9153070">
    <ele>2604.4</ele>
   </trkpt>
   <trkpt lat="-8.0708670" lon="112.9153380">
    <ele>2603.6</ele>
   </trkpt>
   <trkpt lat="-8.0708570" lon="112.9153410">
    <ele>2603.4</ele>
   </trkpt>
   <trkpt lat="-8.0708390" lon="112.9153440">
    <ele>2603.2</ele>
   </trkpt>
   <trkpt lat="-8.0707980" lon="112.9153440">
    <ele>2602.0</ele>
   </trkpt>
   <trkpt lat="-8.0707400" lon="112.9153570">
    <ele>2600.8</ele>
   </trkpt>
   <trkpt lat="-8.0707110" lon="112.9153560">
    <ele>2600.0</ele>
   </trkpt>
   <trkpt lat="-8.0706740" lon="112.9153480">
    <ele>2599.0</ele>
   </trkpt>
   <trkpt lat="-8.0706080" lon="112.9153310">
    <ele>2597.6</ele>
   </trkpt>
   <trkpt lat="-8.0705490" lon="112.9153440">
    <ele>2596.6</ele>
   </trkpt>
   <trkpt lat="-8.0705160" lon="112.9153530">
    <ele>2596.2</ele>
   </trkpt>
   <trkpt lat="-8.0704690" lon="112.9153840">
    <ele>2595.6</ele>
   </trkpt>
   <trkpt lat="-8.0704580" lon="112.9154030">
    <ele>2595.6</ele>
   </trkpt>
   <trkpt lat="-8.0704210" lon="112.9154690">
    <ele>2595.2</ele>
   </trkpt>
   <trkpt lat="-8.0703860" lon="112.9155410">
    <ele>2594.6</ele>
   </trkpt>
   <trkpt lat="-8.0703540" lon="112.9155940">
    <ele>2594.0</ele>
   </trkpt>
   <trkpt lat="-8.0703310" lon="112.9156140">
    <ele>2593.6</ele>
   </trkpt>
   <trkpt lat="-8.0702720" lon="112.9156450">
    <ele>2592.6</ele>
   </trkpt>
   <trkpt lat="-8.0702050" lon="112.9156880">
    <ele>2591.4</ele>
   </trkpt>
   <trkpt lat="-8.0701510" lon="112.9157270">
    <ele>2590.0</ele>
   </trkpt>
   <trkpt lat="-8.0700980" lon="112.9157580">
    <ele>2589.4</ele>
   </trkpt>
   <trkpt lat="-8.0700420" lon="112.9157820">
    <ele>2588.8</ele>
   </trkpt>
   <trkpt lat="-8.0699610" lon="112.9158300">
    <ele>2587.4</ele>
   </trkpt>
   <trkpt lat="-8.0699280" lon="112.9158450">
    <ele>2586.6</ele>
   </trkpt>
   <trkpt lat="-8.0699000" lon="112.9158660">
    <ele>2585.6</ele>
   </trkpt>
   <trkpt lat="-8.0698480" lon="112.9159060">
    <ele>2584.4</ele>
   </trkpt>
   <trkpt lat="-8.0697780" lon="112.9159670">
    <ele>2583.2</ele>
   </trkpt>
   <trkpt lat="-8.0697540" lon="112.9159800">
    <ele>2582.8</ele>
   </trkpt>
   <trkpt lat="-8.0696950" lon="112.9159830">
    <ele>2581.8</ele>
   </trkpt>
   <trkpt lat="-8.0696670" lon="112.9159900">
    <ele>2581.2</ele>
   </trkpt>
   <trkpt lat="-8.0696400" lon="112.9159990">
    <ele>2580.6</ele>
   </trkpt>
   <trkpt lat="-8.0695900" lon="112.9160220">
    <ele>2579.6</ele>
   </trkpt>
   <trkpt lat="-8.0695680" lon="112.9160380">
    <ele>2579.4</ele>
   </trkpt>
   <trkpt lat="-8.0695430" lon="112.9160520">
    <ele>2578.8</ele>
   </trkpt>
   <trkpt lat="-8.0694880" lon="112.9160720">
    <ele>2577.8</ele>
   </trkpt>
   <trkpt lat="-8.0694330" lon="112.9160940">
    <ele>2576.6</ele>
   </trkpt>
   <trkpt lat="-8.0694100" lon="112.9161060">
    <ele>2576.2</ele>
   </trkpt>
   <trkpt lat="-8.0693860" lon="112.9161100">
    <ele>2576.0</ele>
   </trkpt>
   <trkpt lat="-8.0693590" lon="112.9161040">
    <ele>2575.6</ele>
   </trkpt>
   <trkpt lat="-8.0692980" lon="112.9160800">
    <ele>2574.2</ele>
   </trkpt>
   <trkpt lat="-8.0692470" lon="112.9160550">
    <ele>2573.0</ele>
   </trkpt>
   <trkpt lat="-8.0691970" lon="112.9160660">
    <ele>2571.6</ele>
   </trkpt>
   <trkpt lat="-8.0691470" lon="112.9160750">
    <ele>2570.0</ele>
   </trkpt>
   <trkpt lat="-8.0690950" lon="112.9160770">
    <ele>2568.8</ele>
   </trkpt>
   <trkpt lat="-8.0690420" lon="112.9160750">
    <ele>2567.6</ele>
   </trkpt>
   <trkpt lat="-8.0689570" lon="112.9160910">
    <ele>2566.2</ele>
   </trkpt>
   <trkpt lat="-8.0688930" lon="112.9160970">
    <ele>2565.0</ele>
   </trkpt>
   <trkpt lat="-8.0688260" lon="112.9160990">
    <ele>2563.8</ele>
   </trkpt>
   <trkpt lat="-8.0687960" lon="112.9161120">
    <ele>2563.0</ele>
   </trkpt>
   <trkpt lat="-8.0687700" lon="112.9161310">
    <ele>2562.4</ele>
   </trkpt>
   <trkpt lat="-8.0686860" lon="112.9161560">
    <ele>2561.2</ele>
   </trkpt>
   <trkpt lat="-8.0686690" lon="112.9161440">
    <ele>2560.8</ele>
   </trkpt>
   <trkpt lat="-8.0686540" lon="112.9161360">
    <ele>2560.4</ele>
   </trkpt>
   <trkpt lat="-8.0686330" lon="112.9161380">
    <ele>2560.0</ele>
   </trkpt>
   <trkpt lat="-8.0685750" lon="112.9161370">
    <ele>2559.4</ele>
   </trkpt>
   <trkpt lat="-8.0685430" lon="112.9161380">
    <ele>2558.8</ele>
   </trkpt>
   <trkpt lat="-8.0684890" lon="112.9161650">
    <ele>2557.8</ele>
   </trkpt>
   <trkpt lat="-8.0684730" lon="112.9161850">
    <ele>2557.4</ele>
   </trkpt>
   <trkpt lat="-8.0684520" lon="112.9162240">
    <ele>2556.8</ele>
   </trkpt>
   <trkpt lat="-8.0684310" lon="112.9162300">
    <ele>2556.8</ele>
   </trkpt>
   <trkpt lat="-8.0684090" lon="112.9162240">
    <ele>2556.4</ele>
   </trkpt>
   <trkpt lat="-8.0683350" lon="112.9161990">
    <ele>2555.0</ele>
   </trkpt>
   <trkpt lat="-8.0682910" lon="112.9162030">
    <ele>2553.6</ele>
   </trkpt>
   <trkpt lat="-8.0682680" lon="112.9161950">
    <ele>2553.2</ele>
   </trkpt>
   <trkpt lat="-8.0682420" lon="112.9161870">
    <ele>2552.6</ele>
   </trkpt>
   <trkpt lat="-8.0681910" lon="112.9161800">
    <ele>2551.2</ele>
   </trkpt>
   <trkpt lat="-8.0681630" lon="112.9161840">
    <ele>2550.4</ele>
   </trkpt>
   <trkpt lat="-8.0681400" lon="112.9161950">
    <ele>2549.8</ele>
   </trkpt>
   <trkpt lat="-8.0680930" lon="112.9162080">
    <ele>2549.2</ele>
   </trkpt>
   <trkpt lat="-8.0680460" lon="112.9161930">
    <ele>2548.6</ele>
   </trkpt>
   <trkpt lat="-8.0679910" lon="112.9161770">
    <ele>2547.4</ele>
   </trkpt>
   <trkpt lat="-8.0679600" lon="112.9161670">
    <ele>2546.8</ele>
   </trkpt>
   <trkpt lat="-8.0679270" lon="112.9161550">
    <ele>2546.2</ele>
   </trkpt>
   <trkpt lat="-8.0678700" lon="112.9161650">
    <ele>2545.2</ele>
   </trkpt>
   <trkpt lat="-8.0678210" lon="112.9161980">
    <ele>2544.2</ele>
   </trkpt>
   <trkpt lat="-8.0677780" lon="112.9162320">
    <ele>2542.8</ele>
   </trkpt>
   <trkpt lat="-8.0677540" lon="112.9162400">
    <ele>2542.0</ele>
   </trkpt>
   <trkpt lat="-8.0677260" lon="112.9162390">
    <ele>2541.8</ele>
   </trkpt>
   <trkpt lat="-8.0676970" lon="112.9162370">
    <ele>2541.4</ele>
   </trkpt>
   <trkpt lat="-8.0676390" lon="112.9162390">
    <ele>2540.4</ele>
   </trkpt>
   <trkpt lat="-8.0675200" lon="112.9162080">
    <ele>2538.8</ele>
   </trkpt>
   <trkpt lat="-8.0674650" lon="112.9162250">
    <ele>2537.8</ele>
   </trkpt>
   <trkpt lat="-8.0673410" lon="112.9162300">
    <ele>2536.2</ele>
   </trkpt>
   <trkpt lat="-8.0672900" lon="112.9162440">
    <ele>2535.0</ele>
   </trkpt>
   <trkpt lat="-8.0672380" lon="112.9162560">
    <ele>2534.2</ele>
   </trkpt>
   <trkpt lat="-8.0672120" lon="112.9162610">
    <ele>2533.8</ele>
   </trkpt>
   <trkpt lat="-8.0671520" lon="112.9162690">
    <ele>2532.6</ele>
   </trkpt>
   <trkpt lat="-8.0670890" lon="112.9162700">
    <ele>2531.0</ele>
   </trkpt>
   <trkpt lat="-8.0670580" lon="112.9162730">
    <ele>2530.6</ele>
   </trkpt>
   <trkpt lat="-8.0670040" lon="112.9162920">
    <ele>2530.0</ele>
   </trkpt>
   <trkpt lat="-8.0669220" lon="112.9163280">
    <ele>2528.4</ele>
   </trkpt>
   <trkpt lat="-8.0668620" lon="112.9163360">
    <ele>2527.2</ele>
   </trkpt>
   <trkpt lat="-8.0667970" lon="112.9163320">
    <ele>2525.8</ele>
   </trkpt>
   <trkpt lat="-8.0667620" lon="112.9163330">
    <ele>2525.2</ele>
   </trkpt>
   <trkpt lat="-8.0667270" lon="112.9163380">
    <ele>2524.6</ele>
   </trkpt>
   <trkpt lat="-8.0666450" lon="112.9163500">
    <ele>2523.6</ele>
   </trkpt>
   <trkpt lat="-8.0666230" lon="112.9163590">
    <ele>2523.2</ele>
   </trkpt>
   <trkpt lat="-8.0665810" lon="112.9163770">
    <ele>2522.4</ele>
   </trkpt>
   <trkpt lat="-8.0665660" lon="112.9164000">
    <ele>2522.2</ele>
   </trkpt>
   <trkpt lat="-8.0665540" lon="112.9164140">
    <ele>2521.8</ele>
   </trkpt>
   <trkpt lat="-8.0665380" lon="112.9164250">
    <ele>2521.6</ele>
   </trkpt>
   <trkpt lat="-8.0665180" lon="112.9164340">
    <ele>2521.4</ele>
   </trkpt>
   <trkpt lat="-8.0664920" lon="112.9164300">
    <ele>2521.2</ele>
   </trkpt>
   <trkpt lat="-8.0664690" lon="112.9164190">
    <ele>2521.2</ele>
   </trkpt>
   <trkpt lat="-8.0664200" lon="112.9164050">
    <ele>2520.8</ele>
   </trkpt>
   <trkpt lat="-8.0663560" lon="112.9164070">
    <ele>2520.2</ele>
   </trkpt>
   <trkpt lat="-8.0662850" lon="112.9164260">
    <ele>2518.8</ele>
   </trkpt>
   <trkpt lat="-8.0662220" lon="112.9164320">
    <ele>2517.6</ele>
   </trkpt>
   <trkpt lat="-8.0661950" lon="112.9164320">
    <ele>2517.2</ele>
   </trkpt>
   <trkpt lat="-8.0661140" lon="112.9163890">
    <ele>2516.4</ele>
   </trkpt>
   <trkpt lat="-8.0660580" lon="112.9163520">
    <ele>2515.0</ele>
   </trkpt>
   <trkpt lat="-8.0660270" lon="112.9163380">
    <ele>2514.6</ele>
   </trkpt>
   <trkpt lat="-8.0659960" lon="112.9163370">
    <ele>2513.8</ele>
   </trkpt>
   <trkpt lat="-8.0659730" lon="112.9163500">
    <ele>2513.4</ele>
   </trkpt>
   <trkpt lat="-8.0659580" lon="112.9163710">
    <ele>2512.8</ele>
   </trkpt>
   <trkpt lat="-8.0659390" lon="112.9163780">
    <ele>2512.4</ele>
   </trkpt>
   <trkpt lat="-8.0658970" lon="112.9163580">
    <ele>2511.8</ele>
   </trkpt>
   <trkpt lat="-8.0658620" lon="112.9163280">
    <ele>2511.6</ele>
   </trkpt>
   <trkpt lat="-8.0658020" lon="112.9163210">
    <ele>2510.8</ele>
   </trkpt>
   <trkpt lat="-8.0657730" lon="112.9163270">
    <ele>2510.2</ele>
   </trkpt>
   <trkpt lat="-8.0657520" lon="112.9163410">
    <ele>2509.6</ele>
   </trkpt>
   <trkpt lat="-8.0656770" lon="112.9163770">
    <ele>2508.4</ele>
   </trkpt>
   <trkpt lat="-8.0655850" lon="112.9163850">
    <ele>2507.4</ele>
   </trkpt>
   <trkpt lat="-8.0655370" lon="112.9164030">
    <ele>2506.6</ele>
   </trkpt>
   <trkpt lat="-8.0655130" lon="112.9164030">
    <ele>2506.2</ele>
   </trkpt>
   <trkpt lat="-8.0654330" lon="112.9163800">
    <ele>2504.8</ele>
   </trkpt>
   <trkpt lat="-8.0653650" lon="112.9163590">
    <ele>2503.6</ele>
   </trkpt>
   <trkpt lat="-8.0653470" lon="112.9163760">
    <ele>2503.0</ele>
   </trkpt>
   <trkpt lat="-8.0653140" lon="112.9164150">
    <ele>2502.2</ele>
   </trkpt>
   <trkpt lat="-8.0652440" lon="112.9164370">
    <ele>2501.4</ele>
   </trkpt>
   <trkpt lat="-8.0652230" lon="112.9164400">
    <ele>2501.2</ele>
   </trkpt>
   <trkpt lat="-8.0651430" lon="112.9164190">
    <ele>2500.2</ele>
   </trkpt>
   <trkpt lat="-8.0651170" lon="112.9164230">
    <ele>2499.8</ele>
   </trkpt>
   <trkpt lat="-8.0650610" lon="112.9164340">
    <ele>2499.0</ele>
   </trkpt>
   <trkpt lat="-8.0649700" lon="112.9164500">
    <ele>2497.8</ele>
   </trkpt>
   <trkpt lat="-8.0648170" lon="112.9164840">
    <ele>2496.2</ele>
   </trkpt>
   <trkpt lat="-8.0647320" lon="112.9165320">
    <ele>2495.4</ele>
   </trkpt>
   <trkpt lat="-8.0647130" lon="112.9165610">
    <ele>2494.8</ele>
   </trkpt>
   <trkpt lat="-8.0646740" lon="112.9166170">
    <ele>2493.8</ele>
   </trkpt>
   <trkpt lat="-8.0645840" lon="112.9166900">
    <ele>2493.0</ele>
   </trkpt>
   <trkpt lat="-8.0645610" lon="112.9167160">
    <ele>2492.8</ele>
   </trkpt>
   <trkpt lat="-8.0645070" lon="112.9167870">
    <ele>2491.6</ele>
   </trkpt>
   <trkpt lat="-8.0644790" lon="112.9167950">
    <ele>2491.6</ele>
   </trkpt>
   <trkpt lat="-8.0644190" lon="112.9168030">
    <ele>2490.8</ele>
   </trkpt>
   <trkpt lat="-8.0643930" lon="112.9168100">
    <ele>2490.4</ele>
   </trkpt>
   <trkpt lat="-8.0643130" lon="112.9168000">
    <ele>2489.2</ele>
   </trkpt>
   <trkpt lat="-8.0642840" lon="112.9168090">
    <ele>2488.6</ele>
   </trkpt>
   <trkpt lat="-8.0642370" lon="112.9168310">
    <ele>2487.8</ele>
   </trkpt>
   <trkpt lat="-8.0641760" lon="112.9168510">
    <ele>2486.8</ele>
   </trkpt>
   <trkpt lat="-8.0641610" lon="112.9168630">
    <ele>2486.4</ele>
   </trkpt>
   <trkpt lat="-8.0641280" lon="112.9169230">
    <ele>2485.6</ele>
   </trkpt>
   <trkpt lat="-8.0641100" lon="112.9169680">
    <ele>2484.6</ele>
   </trkpt>
   <trkpt lat="-8.0640870" lon="112.9169900">
    <ele>2484.2</ele>
   </trkpt>
   <trkpt lat="-8.0640250" lon="112.9170630">
    <ele>2483.0</ele>
   </trkpt>
   <trkpt lat="-8.0639140" lon="112.9171280">
    <ele>2481.8</ele>
   </trkpt>
   <trkpt lat="-8.0638310" lon="112.9171760">
    <ele>2480.6</ele>
   </trkpt>
   <trkpt lat="-8.0637510" lon="112.9172140">
    <ele>2479.4</ele>
   </trkpt>
   <trkpt lat="-8.0636930" lon="112.9172340">
    <ele>2478.0</ele>
   </trkpt>
   <trkpt lat="-8.0636020" lon="112.9172370">
    <ele>2476.8</ele>
   </trkpt>
   <trkpt lat="-8.0634260" lon="112.9172190">
    <ele>2475.4</ele>
   </trkpt>
   <trkpt lat="-8.0633640" lon="112.9172190">
    <ele>2474.6</ele>
   </trkpt>
   <trkpt lat="-8.0633390" lon="112.9172340">
    <ele>2473.8</ele>
   </trkpt>
   <trkpt lat="-8.0633220" lon="112.9172490">
    <ele>2473.6</ele>
   </trkpt>
   <trkpt lat="-8.0632590" lon="112.9172910">
    <ele>2472.6</ele>
   </trkpt>
   <trkpt lat="-8.0632140" lon="112.9173350">
    <ele>2472.4</ele>
   </trkpt>
   <trkpt lat="-8.0631400" lon="112.9174080">
    <ele>2471.2</ele>
   </trkpt>
   <trkpt lat="-8.0630580" lon="112.9174850">
    <ele>2469.8</ele>
   </trkpt>
   <trkpt lat="-8.0630300" lon="112.9175060">
    <ele>2469.4</ele>
   </trkpt>
   <trkpt lat="-8.0629700" lon="112.9175270">
    <ele>2468.6</ele>
   </trkpt>
   <trkpt lat="-8.0629080" lon="112.9175380">
    <ele>2467.6</ele>
   </trkpt>
   <trkpt lat="-8.0628760" lon="112.9175420">
    <ele>2467.2</ele>
   </trkpt>
   <trkpt lat="-8.0627870" lon="112.9175750">
    <ele>2466.0</ele>
   </trkpt>
   <trkpt lat="-8.0627320" lon="112.9175890">
    <ele>2465.6</ele>
   </trkpt>
   <trkpt lat="-8.0626740" lon="112.9176040">
    <ele>2464.8</ele>
   </trkpt>
   <trkpt lat="-8.0626020" lon="112.9176230">
    <ele>2464.0</ele>
   </trkpt>
   <trkpt lat="-8.0625790" lon="112.9176310">
    <ele>2463.6</ele>
   </trkpt>
   <trkpt lat="-8.0624800" lon="112.9176550">
    <ele>2463.0</ele>
   </trkpt>
   <trkpt lat="-8.0624570" lon="112.9176660">
    <ele>2462.6</ele>
   </trkpt>
   <trkpt lat="-8.0623570" lon="112.9177240">
    <ele>2461.6</ele>
   </trkpt>
   <trkpt lat="-8.0623280" lon="112.9177410">
    <ele>2461.2</ele>
   </trkpt>
   <trkpt lat="-8.0621790" lon="112.9178160">
    <ele>2460.4</ele>
   </trkpt>
   <trkpt lat="-8.0621500" lon="112.9178300">
    <ele>2460.2</ele>
   </trkpt>
   <trkpt lat="-8.0620260" lon="112.9178500">
    <ele>2458.8</ele>
   </trkpt>
   <trkpt lat="-8.0618910" lon="112.9178330">
    <ele>2457.8</ele>
   </trkpt>
   <trkpt lat="-8.0618590" lon="112.9178180">
    <ele>2457.4</ele>
   </trkpt>
   <trkpt lat="-8.0617920" lon="112.9177930">
    <ele>2456.6</ele>
   </trkpt>
   <trkpt lat="-8.0616860" lon="112.9177650">
    <ele>2456.2</ele>
   </trkpt>
   <trkpt lat="-8.0614710" lon="112.9176990">
    <ele>2455.8</ele>
   </trkpt>
   <trkpt lat="-8.0614440" lon="112.9177000">
    <ele>2455.6</ele>
   </trkpt>
   <trkpt lat="-8.0613680" lon="112.9176750">
    <ele>2454.6</ele>
   </trkpt>
   <trkpt lat="-8.0613440" lon="112.9176600">
    <ele>2454.2</ele>
   </trkpt>
   <trkpt lat="-8.0612200" lon="112.9176340">
    <ele>2454.2</ele>
   </trkpt>
   <trkpt lat="-8.0611610" lon="112.9176230">
    <ele>2453.4</ele>
   </trkpt>
   <trkpt lat="-8.0611170" lon="112.9176080">
    <ele>2452.4</ele>
   </trkpt>
   <trkpt lat="-8.0610900" lon="112.9176160">
    <ele>2452.0</ele>
   </trkpt>
   <trkpt lat="-8.0610610" lon="112.9176170">
    <ele>2451.8</ele>
   </trkpt>
   <trkpt lat="-8.0610070" lon="112.9176080">
    <ele>2451.6</ele>
   </trkpt>
   <trkpt lat="-8.0609190" lon="112.9176080">
    <ele>2451.0</ele>
   </trkpt>
   <trkpt lat="-8.0607680" lon="112.9174980">
    <ele>2450.2</ele>
   </trkpt>
   <trkpt lat="-8.0607470" lon="112.9174880">
    <ele>2450.2</ele>
   </trkpt>
   <trkpt lat="-8.0607110" lon="112.9174850">
    <ele>2449.8</ele>
   </trkpt>
   <trkpt lat="-8.0606920" lon="112.9174940">
    <ele>2449.6</ele>
   </trkpt>
   <trkpt lat="-8.0606710" lon="112.9175050">
    <ele>2449.2</ele>
   </trkpt>
   <trkpt lat="-8.0606620" lon="112.9175160">
    <ele>2449.0</ele>
   </trkpt>
   <trkpt lat="-8.0606410" lon="112.9175240">
    <ele>2448.8</ele>
   </trkpt>
   <trkpt lat="-8.0605880" lon="112.9175150">
    <ele>2448.4</ele>
   </trkpt>
   <trkpt lat="-8.0605150" lon="112.9174800">
    <ele>2448.2</ele>
   </trkpt>
   <trkpt lat="-8.0604910" lon="112.9174690">
    <ele>2448.2</ele>
   </trkpt>
   <trkpt lat="-8.0603040" lon="112.9173650">
    <ele>2448.0</ele>
   </trkpt>
   <trkpt lat="-8.0601710" lon="112.9173160">
    <ele>2447.4</ele>
   </trkpt>
   <trkpt lat="-8.0601000" lon="112.9172770">
    <ele>2447.0</ele>
   </trkpt>
   <trkpt lat="-8.0600230" lon="112.9172210">
    <ele>2447.0</ele>
   </trkpt>
   <trkpt lat="-8.0599040" lon="112.9171310">
    <ele>2446.4</ele>
   </trkpt>
   <trkpt lat="-8.0597330" lon="112.9170330">
    <ele>2446.0</ele>
   </trkpt>
   <trkpt lat="-8.0595750" lon="112.9169720">
    <ele>2445.4</ele>
   </trkpt>
   <trkpt lat="-8.0594090" lon="112.9169520">
    <ele>2445.6</ele>
   </trkpt>
   <trkpt lat="-8.0592270" lon="112.9169000">
    <ele>2445.4</ele>
   </trkpt>
   <trkpt lat="-8.0590350" lon="112.9168280">
    <ele>2445.2</ele>
   </trkpt>
   <trkpt lat="-8.0588830" lon="112.9167280">
    <ele>2445.4</ele>
   </trkpt>
   <trkpt lat="-8.0588080" lon="112.9166830">
    <ele>2444.8</ele>
   </trkpt>
   <trkpt lat="-8.0587090" lon="112.9166390">
    <ele>2444.6</ele>
   </trkpt>
   <trkpt lat="-8.0585310" lon="112.9165950">
    <ele>2444.4</ele>
   </trkpt>
   <trkpt lat="-8.0583490" lon="112.9165670">
    <ele>2443.8</ele>
   </trkpt>
   <trkpt lat="-8.0581420" lon="112.9165440">
    <ele>2443.8</ele>
   </trkpt>
   <trkpt lat="-8.0581150" lon="112.9165380">
    <ele>2443.6</ele>
   </trkpt>
   <trkpt lat="-8.0579310" lon="112.9165470">
    <ele>2444.0</ele>
   </trkpt>
   <trkpt lat="-8.0577920" lon="112.9165840">
    <ele>2443.6</ele>
   </trkpt>
   <trkpt lat="-8.0576590" lon="112.9166200">
    <ele>2443.6</ele>
   </trkpt>
   <trkpt lat="-8.0575550" lon="112.9167480">
    <ele>2444.0</ele>
   </trkpt>
   <trkpt lat="-8.0573760" lon="112.9168050">
    <ele>2443.4</ele>
   </trkpt>
   <trkpt lat="-8.0572550" lon="112.9168530">
    <ele>2443.2</ele>
   </trkpt>
   <trkpt lat="-8.0571230" lon="112.9169430">
    <ele>2443.0</ele>
   </trkpt>
   <trkpt lat="-8.0569980" lon="112.9170060">
    <ele>2443.0</ele>
   </trkpt>
   <trkpt lat="-8.0569430" lon="112.9170480">
    <ele>2443.6</ele>
   </trkpt>
   <trkpt lat="-8.0569400" lon="112.9170410">
    <ele>2443.6</ele>
   </trkpt>
   <trkpt lat="-8.0568900" lon="112.9170540">
    <ele>2443.4</ele>
   </trkpt>
   <trkpt lat="-8.0566960" lon="112.9171500">
    <ele>2443.4</ele>
   </trkpt>
   <trkpt lat="-8.0564990" lon="112.9172090">
    <ele>2443.8</ele>
   </trkpt>
   <trkpt lat="-8.0563610" lon="112.9171490">
    <ele>2443.8</ele>
   </trkpt>
   <trkpt lat="-8.0563080" lon="112.9171200">
    <ele>2444.6</ele>
   </trkpt>
   <trkpt lat="-8.0562440" lon="112.9171050">
    <ele>2445.4</ele>
   </trkpt>
   <trkpt lat="-8.0562330" lon="112.9171110">
    <ele>2445.6</ele>
   </trkpt>
   <trkpt lat="-8.0561700" lon="112.9171120">
    <ele>2446.8</ele>
   </trkpt>
   <trkpt lat="-8.0561340" lon="112.9171050">
    <ele>2447.0</ele>
   </trkpt>
   <trkpt lat="-8.0560550" lon="112.9170810">
    <ele>2448.0</ele>
   </trkpt>
   <trkpt lat="-8.0560480" lon="112.9170480">
    <ele>2448.2</ele>
   </trkpt>
   <trkpt lat="-8.0559770" lon="112.9170100">
    <ele>2449.0</ele>
   </trkpt>
   <trkpt lat="-8.0558950" lon="112.9169180">
    <ele>2449.8</ele>
   </trkpt>
   <trkpt lat="-8.0558860" lon="112.9169170">
    <ele>2449.8</ele>
   </trkpt>
   <trkpt lat="-8.0558730" lon="112.9169140">
    <ele>2450.0</ele>
   </trkpt>
   <trkpt lat="-8.0558470" lon="112.9168820">
    <ele>2450.8</ele>
   </trkpt>
   <trkpt lat="-8.0558260" lon="112.9168490">
    <ele>2451.2</ele>
   </trkpt>
   <trkpt lat="-8.0557720" lon="112.9168130">
    <ele>2451.6</ele>
   </trkpt>
   <trkpt lat="-8.0557640" lon="112.9167880">
    <ele>2451.8</ele>
   </trkpt>
   <trkpt lat="-8.0556920" lon="112.9167690">
    <ele>2452.2</ele>
   </trkpt>
   <trkpt lat="-8.0556740" lon="112.9167700">
    <ele>2452.2</ele>
   </trkpt>
   <trkpt lat="-8.0556200" lon="112.9167460">
    <ele>2452.8</ele>
   </trkpt>
   <trkpt lat="-8.0555950" lon="112.9167460">
    <ele>2453.0</ele>
   </trkpt>
   <trkpt lat="-8.0555310" lon="112.9167620">
    <ele>2453.0</ele>
   </trkpt>
   <trkpt lat="-8.0553730" lon="112.9167330">
    <ele>2453.4</ele>
   </trkpt>
   <trkpt lat="-8.0552220" lon="112.9167230">
    <ele>2454.2</ele>
   </trkpt>
   <trkpt lat="-8.0551950" lon="112.9167160">
    <ele>2455.0</ele>
   </trkpt>
   <trkpt lat="-8.0551500" lon="112.9167120">
    <ele>2456.2</ele>
   </trkpt>
   <trkpt lat="-8.0550810" lon="112.9167340">
    <ele>2456.2</ele>
   </trkpt>
   <trkpt lat="-8.0549620" lon="112.9167660">
    <ele>2457.4</ele>
   </trkpt>
   <trkpt lat="-8.0548580" lon="112.9167900">
    <ele>2458.8</ele>
   </trkpt>
   <trkpt lat="-8.0548030" lon="112.9167940">
    <ele>2458.8</ele>
   </trkpt>
   <trkpt lat="-8.0546960" lon="112.9167870">
    <ele>2460.0</ele>
   </trkpt>
   <trkpt lat="-8.0546770" lon="112.9167920">
    <ele>2461.2</ele>
   </trkpt>
   <trkpt lat="-8.0546320" lon="112.9167850">
    <ele>2461.8</ele>
   </trkpt>
   <trkpt lat="-8.0545850" lon="112.9167780">
    <ele>2461.8</ele>
   </trkpt>
   <trkpt lat="-8.0545100" lon="112.9167750">
    <ele>2462.2</ele>
   </trkpt>
   <trkpt lat="-8.0544730" lon="112.9167550">
    <ele>2462.4</ele>
   </trkpt>
   <trkpt lat="-8.0544130" lon="112.9167320">
    <ele>2462.8</ele>
   </trkpt>
   <trkpt lat="-8.0543770" lon="112.9167340">
    <ele>2463.2</ele>
   </trkpt>
   <trkpt lat="-8.0543300" lon="112.9166840">
    <ele>2463.4</ele>
   </trkpt>
   <trkpt lat="-8.0542970" lon="112.9166290">
    <ele>2464.0</ele>
   </trkpt>
   <trkpt lat="-8.0542850" lon="112.9166120">
    <ele>2464.4</ele>
   </trkpt>
   <trkpt lat="-8.0542370" lon="112.9165670">
    <ele>2465.6</ele>
   </trkpt>
   <trkpt lat="-8.0541700" lon="112.9165010">
    <ele>2466.8</ele>
   </trkpt>
   <trkpt lat="-8.0541460" lon="112.9164750">
    <ele>2467.0</ele>
   </trkpt>
   <trkpt lat="-8.0540710" lon="112.9164390">
    <ele>2467.8</ele>
   </trkpt>
   <trkpt lat="-8.0540600" lon="112.9164290">
    <ele>2468.0</ele>
   </trkpt>
   <trkpt lat="-8.0539950" lon="112.9163600">
    <ele>2468.8</ele>
   </trkpt>
   <trkpt lat="-8.0539280" lon="112.9162850">
    <ele>2469.8</ele>
   </trkpt>
   <trkpt lat="-8.0539200" lon="112.9162720">
    <ele>2470.0</ele>
   </trkpt>
   <trkpt lat="-8.0538860" lon="112.9162200">
    <ele>2471.2</ele>
   </trkpt>
   <trkpt lat="-8.0538380" lon="112.9161430">
    <ele>2472.0</ele>
   </trkpt>
   <trkpt lat="-8.0538240" lon="112.9161330">
    <ele>2472.2</ele>
   </trkpt>
   <trkpt lat="-8.0537740" lon="112.9160940">
    <ele>2472.8</ele>
   </trkpt>
   <trkpt lat="-8.0537420" lon="112.9160350">
    <ele>2472.8</ele>
   </trkpt>
   <trkpt lat="-8.0537240" lon="112.9159990">
    <ele>2473.4</ele>
   </trkpt>
   <trkpt lat="-8.0537200" lon="112.9159710">
    <ele>2473.6</ele>
   </trkpt>
   <trkpt lat="-8.0537400" lon="112.9158750">
    <ele>2474.2</ele>
   </trkpt>
   <trkpt lat="-8.0537480" lon="112.9158580">
    <ele>2474.4</ele>
   </trkpt>
   <trkpt lat="-8.0537180" lon="112.9157920">
    <ele>2475.6</ele>
   </trkpt>
   <trkpt lat="-8.0537110" lon="112.9157820">
    <ele>2475.6</ele>
   </trkpt>
   <trkpt lat="-8.0536730" lon="112.9157860">
    <ele>2475.8</ele>
   </trkpt>
   <trkpt lat="-8.0536650" lon="112.9157950">
    <ele>2476.0</ele>
   </trkpt>
   <trkpt lat="-8.0536440" lon="112.9158050">
    <ele>2476.0</ele>
   </trkpt>
   <trkpt lat="-8.0536490" lon="112.9158140">
    <ele>2476.2</ele>
   </trkpt>
   <trkpt lat="-8.0536550" lon="112.9158210">
    <ele>2476.4</ele>
   </trkpt>
   <trkpt lat="-8.0536430" lon="112.9158260">
    <ele>2476.0</ele>
   </trkpt>
   <trkpt lat="-8.0536420" lon="112.9158320">
    <ele>2476.2</ele>
   </trkpt>
   <trkpt lat="-8.0536420" lon="112.9158270">
    <ele>2476.2</ele>
   </trkpt>
   <trkpt lat="-8.0536210" lon="112.9158330">
    <ele>2476.2</ele>
   </trkpt>
   <trkpt lat="-8.0535780" lon="112.9158380">
    <ele>2476.4</ele>
   </trkpt>
   <trkpt lat="-8.0535240" lon="112.9158440">
    <ele>2476.4</ele>
   </trkpt>
   <trkpt lat="-8.0534660" lon="112.9158470">
    <ele>2476.8</ele>
   </trkpt>
   <trkpt lat="-8.0533860" lon="112.9158520">
    <ele>2476.8</ele>
   </trkpt>
   <trkpt lat="-8.0533360" lon="112.9158470">
    <ele>2478.2</ele>
   </trkpt>
   <trkpt lat="-8.0532870" lon="112.9158510">
    <ele>2479.4</ele>
   </trkpt>
   <trkpt lat="-8.0532360" lon="112.9158670">
    <ele>2480.0</ele>
   </trkpt>
   <trkpt lat="-8.0531150" lon="112.9159090">
    <ele>2479.4</ele>
   </trkpt>
   <trkpt lat="-8.0530480" lon="112.9159330">
    <ele>2477.6</ele>
   </trkpt>
   <trkpt lat="-8.0530270" lon="112.9159360">
    <ele>2476.4</ele>
   </trkpt>
   <trkpt lat="-8.0530040" lon="112.9159280">
    <ele>2475.2</ele>
   </trkpt>
   <trkpt lat="-8.0529850" lon="112.9159270">
    <ele>2474.6</ele>
   </trkpt>
   <trkpt lat="-8.0529710" lon="112.9159280">
    <ele>2473.8</ele>
   </trkpt>
   <trkpt lat="-8.0529400" lon="112.9159270">
    <ele>2472.2</ele>
   </trkpt>
   <trkpt lat="-8.0529120" lon="112.9159350">
    <ele>2470.6</ele>
   </trkpt>
   <trkpt lat="-8.0528970" lon="112.9159420">
    <ele>2470.0</ele>
   </trkpt>
   <trkpt lat="-8.0528770" lon="112.9159500">
    <ele>2469.4</ele>
   </trkpt>
   <trkpt lat="-8.0528400" lon="112.9159680">
    <ele>2467.2</ele>
   </trkpt>
   <trkpt lat="-8.0528110" lon="112.9159880">
    <ele>2465.6</ele>
   </trkpt>
   <trkpt lat="-8.0527950" lon="112.9159940">
    <ele>2465.0</ele>
   </trkpt>
   <trkpt lat="-8.0527780" lon="112.9160050">
    <ele>2464.4</ele>
   </trkpt>
   <trkpt lat="-8.0527450" lon="112.9160590">
    <ele>2463.0</ele>
   </trkpt>
   <trkpt lat="-8.0527330" lon="112.9160820">
    <ele>2462.4</ele>
   </trkpt>
   <trkpt lat="-8.0527210" lon="112.9161010">
    <ele>2461.8</ele>
   </trkpt>
   <trkpt lat="-8.0527060" lon="112.9161280">
    <ele>2459.6</ele>
   </trkpt>
   <trkpt lat="-8.0526900" lon="112.9161430">
    <ele>2458.6</ele>
   </trkpt>
   <trkpt lat="-8.0526770" lon="112.9161590">
    <ele>2457.4</ele>
   </trkpt>
   <trkpt lat="-8.0526580" lon="112.9161850">
    <ele>2456.2</ele>
   </trkpt>
   <trkpt lat="-8.0526210" lon="112.9162140">
    <ele>2454.2</ele>
   </trkpt>
   <trkpt lat="-8.0525610" lon="112.9162570">
    <ele>2452.0</ele>
   </trkpt>
   <trkpt lat="-8.0525400" lon="112.9162700">
    <ele>2450.6</ele>
   </trkpt>
   <trkpt lat="-8.0525220" lon="112.9162850">
    <ele>2449.4</ele>
   </trkpt>
   <trkpt lat="-8.0525030" lon="112.9163010">
    <ele>2448.2</ele>
   </trkpt>
   <trkpt lat="-8.0524600" lon="112.9163320">
    <ele>2447.2</ele>
   </trkpt>
   <trkpt lat="-8.0524420" lon="112.9163420">
    <ele>2446.4</ele>
   </trkpt>
   <trkpt lat="-8.0524190" lon="112.9163540">
    <ele>2445.6</ele>
   </trkpt>
   <trkpt lat="-8.0523830" lon="112.9163850">
    <ele>2444.4</ele>
   </trkpt>
   <trkpt lat="-8.0523650" lon="112.9164020">
    <ele>2443.2</ele>
   </trkpt>
   <trkpt lat="-8.0523480" lon="112.9164190">
    <ele>2442.0</ele>
   </trkpt>
   <trkpt lat="-8.0523160" lon="112.9164550">
    <ele>2440.0</ele>
   </trkpt>
   <trkpt lat="-8.0523050" lon="112.9164740">
    <ele>2438.8</ele>
   </trkpt>
   <trkpt lat="-8.0522750" lon="112.9165060">
    <ele>2437.2</ele>
   </trkpt>
   <trkpt lat="-8.0522380" lon="112.9165330">
    <ele>2436.2</ele>
   </trkpt>
   <trkpt lat="-8.0522190" lon="112.9165460">
    <ele>2435.0</ele>
   </trkpt>
   <trkpt lat="-8.0522060" lon="112.9165590">
    <ele>2434.0</ele>
   </trkpt>
   <trkpt lat="-8.0521850" lon="112.9165830">
    <ele>2432.8</ele>
   </trkpt>
   <trkpt lat="-8.0521830" lon="112.9165910">
    <ele>2432.0</ele>
   </trkpt>
   <trkpt lat="-8.0521790" lon="112.9165950">
    <ele>2431.2</ele>
   </trkpt>
   <trkpt lat="-8.0521370" lon="112.9166300">
    <ele>2429.2</ele>
   </trkpt>
   <trkpt lat="-8.0521010" lon="112.9166720">
    <ele>2427.4</ele>
   </trkpt>
   <trkpt lat="-8.0520650" lon="112.9167120">
    <ele>2425.4</ele>
   </trkpt>
   <trkpt lat="-8.0520410" lon="112.9167290">
    <ele>2424.4</ele>
   </trkpt>
   <trkpt lat="-8.0519930" lon="112.9167590">
    <ele>2422.8</ele>
   </trkpt>
   <trkpt lat="-8.0519390" lon="112.9167780">
    <ele>2421.8</ele>
   </trkpt>
   <trkpt lat="-8.0519130" lon="112.9167890">
    <ele>2421.0</ele>
   </trkpt>
   <trkpt lat="-8.0518850" lon="112.9168050">
    <ele>2420.2</ele>
   </trkpt>
   <trkpt lat="-8.0518280" lon="112.9168400">
    <ele>2418.6</ele>
   </trkpt>
   <trkpt lat="-8.0517750" lon="112.9168790">
    <ele>2416.8</ele>
   </trkpt>
   <trkpt lat="-8.0517220" lon="112.9169160">
    <ele>2414.8</ele>
   </trkpt>
   <trkpt lat="-8.0516690" lon="112.9169580">
    <ele>2413.6</ele>
   </trkpt>
   <trkpt lat="-8.0515790" lon="112.9170150">
    <ele>2412.0</ele>
   </trkpt>
   <trkpt lat="-8.0515520" lon="112.9170380">
    <ele>2411.4</ele>
   </trkpt>
   <trkpt lat="-8.0514920" lon="112.9170810">
    <ele>2410.6</ele>
   </trkpt>
   <trkpt lat="-8.0514370" lon="112.9171180">
    <ele>2409.4</ele>
   </trkpt>
   <trkpt lat="-8.0514120" lon="112.9171360">
    <ele>2409.2</ele>
   </trkpt>
   <trkpt lat="-8.0513240" lon="112.9171640">
    <ele>2408.4</ele>
   </trkpt>
   <trkpt lat="-8.0512750" lon="112.9172000">
    <ele>2407.4</ele>
   </trkpt>
   <trkpt lat="-8.0512510" lon="112.9172190">
    <ele>2406.4</ele>
   </trkpt>
   <trkpt lat="-8.0511700" lon="112.9172760">
    <ele>2405.2</ele>
   </trkpt>
   <trkpt lat="-8.0511230" lon="112.9173170">
    <ele>2405.0</ele>
   </trkpt>
   <trkpt lat="-8.0510430" lon="112.9174230">
    <ele>2404.0</ele>
   </trkpt>
   <trkpt lat="-8.0509920" lon="112.9174550">
    <ele>2403.2</ele>
   </trkpt>
   <trkpt lat="-8.0509540" lon="112.9174460">
    <ele>2403.2</ele>
   </trkpt>
   <trkpt lat="-8.0509060" lon="112.9174180">
    <ele>2402.8</ele>
   </trkpt>
   <trkpt lat="-8.0507900" lon="112.9174080">
    <ele>2402.6</ele>
   </trkpt>
   <trkpt lat="-8.0507160" lon="112.9174640">
    <ele>2404.0</ele>
   </trkpt>
   <trkpt lat="-8.0507070" lon="112.9174720">
    <ele>2404.6</ele>
   </trkpt>
   <trkpt lat="-8.0506980" lon="112.9174820">
    <ele>2405.0</ele>
   </trkpt>
   <trkpt lat="-8.0506880" lon="112.9174940">
    <ele>2405.2</ele>
   </trkpt>
   <trkpt lat="-8.0506690" lon="112.9175250">
    <ele>2406.4</ele>
   </trkpt>
   <trkpt lat="-8.0506550" lon="112.9175360">
    <ele>2407.0</ele>
   </trkpt>
   <trkpt lat="-8.0506430" lon="112.9175480">
    <ele>2407.6</ele>
   </trkpt>
   <trkpt lat="-8.0506090" lon="112.9175610">
    <ele>2408.2</ele>
   </trkpt>
   <trkpt lat="-8.0505510" lon="112.9175830">
    <ele>2408.2</ele>
   </trkpt>
   <trkpt lat="-8.0505030" lon="112.9176000">
    <ele>2408.0</ele>
   </trkpt>
   <trkpt lat="-8.0504640" lon="112.9176350">
    <ele>2407.8</ele>
   </trkpt>
   <trkpt lat="-8.0503310" lon="112.9177070">
    <ele>2408.0</ele>
   </trkpt>
   <trkpt lat="-8.0502490" lon="112.9178360">
    <ele>2408.6</ele>
   </trkpt>
   <trkpt lat="-8.0501380" lon="112.9179260">
    <ele>2408.6</ele>
   </trkpt>
   <trkpt lat="-8.0500110" lon="112.9180180">
    <ele>2408.6</ele>
   </trkpt>
   <trkpt lat="-8.0499110" lon="112.9181160">
    <ele>2408.0</ele>
   </trkpt>
   <trkpt lat="-8.0497690" lon="112.9182260">
    <ele>2408.4</ele>
   </trkpt>
   <trkpt lat="-8.0496810" lon="112.9183820">
    <ele>2408.6</ele>
   </trkpt>
   <trkpt lat="-8.0495980" lon="112.9184490">
    <ele>2408.8</ele>
   </trkpt>
   <trkpt lat="-8.0495620" lon="112.9184810">
    <ele>2409.0</ele>
   </trkpt>
   <trkpt lat="-8.0494660" lon="112.9185040">
    <ele>2409.4</ele>
   </trkpt>
   <trkpt lat="-8.0494270" lon="112.9185100">
    <ele>2409.4</ele>
   </trkpt>
   <trkpt lat="-8.0493910" lon="112.9185090">
    <ele>2409.8</ele>
   </trkpt>
   <trkpt lat="-8.0493760" lon="112.9185130">
    <ele>2410.2</ele>
   </trkpt>
   <trkpt lat="-8.0493440" lon="112.9185300">
    <ele>2410.2</ele>
   </trkpt>
   <trkpt lat="-8.0493010" lon="112.9185340">
    <ele>2410.6</ele>
   </trkpt>
   <trkpt lat="-8.0492730" lon="112.9185530">
    <ele>2410.8</ele>
   </trkpt>
   <trkpt lat="-8.0492430" lon="112.9185360">
    <ele>2410.8</ele>
   </trkpt>
   <trkpt lat="-8.0490760" lon="112.9185960">
    <ele>2412.0</ele>
   </trkpt>
   <trkpt lat="-8.0489860" lon="112.9186110">
    <ele>2412.4</ele>
   </trkpt>
   <trkpt lat="-8.0489620" lon="112.9186100">
    <ele>2412.6</ele>
   </trkpt>
   <trkpt lat="-8.0489080" lon="112.9185650">
    <ele>2413.0</ele>
   </trkpt>
   <trkpt lat="-8.0488710" lon="112.9185700">
    <ele>2413.2</ele>
   </trkpt>
   <trkpt lat="-8.0487650" lon="112.9186450">
    <ele>2413.0</ele>
   </trkpt>
   <trkpt lat="-8.0485960" lon="112.9186840">
    <ele>2412.6</ele>
   </trkpt>
   <trkpt lat="-8.0485380" lon="112.9186760">
    <ele>2412.8</ele>
   </trkpt>
   <trkpt lat="-8.0484870" lon="112.9186820">
    <ele>2413.0</ele>
   </trkpt>
   <trkpt lat="-8.0484460" lon="112.9186880">
    <ele>2413.2</ele>
   </trkpt>
   <trkpt lat="-8.0483610" lon="112.9186940">
    <ele>2413.6</ele>
   </trkpt>
   <trkpt lat="-8.0483370" lon="112.9187030">
    <ele>2413.8</ele>
   </trkpt>
   <trkpt lat="-8.0483150" lon="112.9187130">
    <ele>2414.2</ele>
   </trkpt>
   <trkpt lat="-8.0481830" lon="112.9187510">
    <ele>2414.4</ele>
   </trkpt>
   <trkpt lat="-8.0480350" lon="112.9188050">
    <ele>2414.4</ele>
   </trkpt>
   <trkpt lat="-8.0479660" lon="112.9188100">
    <ele>2414.0</ele>
   </trkpt>
   <trkpt lat="-8.0479460" lon="112.9188020">
    <ele>2414.2</ele>
   </trkpt>
   <trkpt lat="-8.0478140" lon="112.9188010">
    <ele>2414.8</ele>
   </trkpt>
   <trkpt lat="-8.0477160" lon="112.9187990">
    <ele>2414.8</ele>
   </trkpt>
   <trkpt lat="-8.0476280" lon="112.9187740">
    <ele>2415.4</ele>
   </trkpt>
   <trkpt lat="-8.0475890" lon="112.9187620">
    <ele>2415.8</ele>
   </trkpt>
   <trkpt lat="-8.0474550" lon="112.9187330">
    <ele>2415.6</ele>
   </trkpt>
   <trkpt lat="-8.0473180" lon="112.9186970">
    <ele>2414.2</ele>
   </trkpt>
   <trkpt lat="-8.0472880" lon="112.9186930">
    <ele>2414.0</ele>
   </trkpt>
   <trkpt lat="-8.0472690" lon="112.9187090">
    <ele>2413.4</ele>
   </trkpt>
   <trkpt lat="-8.0472560" lon="112.9187150">
    <ele>2412.6</ele>
   </trkpt>
   <trkpt lat="-8.0472140" lon="112.9187070">
    <ele>2411.4</ele>
   </trkpt>
   <trkpt lat="-8.0471820" lon="112.9187170">
    <ele>2410.6</ele>
   </trkpt>
   <trkpt lat="-8.0471700" lon="112.9187240">
    <ele>2410.0</ele>
   </trkpt>
   <trkpt lat="-8.0471380" lon="112.9187390">
    <ele>2408.2</ele>
   </trkpt>
   <trkpt lat="-8.0470910" lon="112.9187550">
    <ele>2406.6</ele>
   </trkpt>
   <trkpt lat="-8.0470570" lon="112.9187750">
    <ele>2404.8</ele>
   </trkpt>
   <trkpt lat="-8.0470350" lon="112.9187870">
    <ele>2404.0</ele>
   </trkpt>
   <trkpt lat="-8.0470070" lon="112.9187980">
    <ele>2403.6</ele>
   </trkpt>
   <trkpt lat="-8.0469010" lon="112.9188600">
    <ele>2402.6</ele>
   </trkpt>
   <trkpt lat="-8.0467520" lon="112.9189410">
    <ele>2402.6</ele>
   </trkpt>
   <trkpt lat="-8.0466860" lon="112.9190460">
    <ele>2401.4</ele>
   </trkpt>
   <trkpt lat="-8.0466450" lon="112.9190940">
    <ele>2401.0</ele>
   </trkpt>
   <trkpt lat="-8.0465290" lon="112.9191850">
    <ele>2401.0</ele>
   </trkpt>
   <trkpt lat="-8.0463820" lon="112.9193240">
    <ele>2400.4</ele>
   </trkpt>
   <trkpt lat="-8.0462920" lon="112.9195120">
    <ele>2400.4</ele>
   </trkpt>
   <trkpt lat="-8.0462100" lon="112.9196560">
    <ele>2400.8</ele>
   </trkpt>
   <trkpt lat="-8.0461800" lon="112.9197780">
    <ele>2401.6</ele>
   </trkpt>
   <trkpt lat="-8.0461550" lon="112.9199650">
    <ele>2402.4</ele>
   </trkpt>
   <trkpt lat="-8.0461220" lon="112.9201330">
    <ele>2402.2</ele>
   </trkpt>
   <trkpt lat="-8.0461130" lon="112.9201520">
    <ele>2402.6</ele>
   </trkpt>
   <trkpt lat="-8.0461100" lon="112.9202080">
    <ele>2403.6</ele>
   </trkpt>
   <trkpt lat="-8.0461160" lon="112.9202160">
    <ele>2403.6</ele>
   </trkpt>
   <trkpt lat="-8.0461160" lon="112.9202450">
    <ele>2405.0</ele>
   </trkpt>
   <trkpt lat="-8.0461130" lon="112.9202620">
    <ele>2405.8</ele>
   </trkpt>
   <trkpt lat="-8.0461160" lon="112.9202690">
    <ele>2406.0</ele>
   </trkpt>
   <trkpt lat="-8.0461220" lon="112.9202800">
    <ele>2406.6</ele>
   </trkpt>
   <trkpt lat="-8.0461250" lon="112.9202920">
    <ele>2407.2</ele>
   </trkpt>
   <trkpt lat="-8.0461150" lon="112.9203020">
    <ele>2407.6</ele>
   </trkpt>
   <trkpt lat="-8.0461150" lon="112.9203030">
    <ele>2408.4</ele>
   </trkpt>
   <trkpt lat="-8.0461130" lon="112.9203060">
    <ele>2408.6</ele>
   </trkpt>
   <trkpt lat="-8.0461090" lon="112.9203060">
    <ele>2409.0</ele>
   </trkpt>
   <trkpt lat="-8.0461110" lon="112.9203120">
    <ele>2409.6</ele>
   </trkpt>
   <trkpt lat="-8.0461100" lon="112.9203270">
    <ele>2409.6</ele>
   </trkpt>
   <trkpt lat="-8.0461280" lon="112.9203490">
    <ele>2410.6</ele>
   </trkpt>
   <trkpt lat="-8.0461370" lon="112.9203520">
    <ele>2410.6</ele>
   </trkpt>
   <trkpt lat="-8.0461400" lon="112.9203600">
    <ele>2411.0</ele>
   </trkpt>
   <trkpt lat="-8.0461430" lon="112.9203720">
    <ele>2411.8</ele>
   </trkpt>
   <trkpt lat="-8.0461370" lon="112.9203960">
    <ele>2412.2</ele>
   </trkpt>
   <trkpt lat="-8.0461370" lon="112.9204150">
    <ele>2412.8</ele>
   </trkpt>
   <trkpt lat="-8.0461420" lon="112.9204330">
    <ele>2414.0</ele>
   </trkpt>
   <trkpt lat="-8.0461370" lon="112.9204610">
    <ele>2414.4</ele>
   </trkpt>
   <trkpt lat="-8.0461320" lon="112.9204960">
    <ele>2415.0</ele>
   </trkpt>
   <trkpt lat="-8.0460930" lon="112.9205360">
    <ele>2415.6</ele>
   </trkpt>
   <trkpt lat="-8.0460800" lon="112.9205530">
    <ele>2416.2</ele>
   </trkpt>
   <trkpt lat="-8.0460630" lon="112.9205990">
    <ele>2417.2</ele>
   </trkpt>
   <trkpt lat="-8.0460590" lon="112.9206090">
    <ele>2417.4</ele>
   </trkpt>
   <trkpt lat="-8.0460580" lon="112.9206210">
    <ele>2418.6</ele>
   </trkpt>
   <trkpt lat="-8.0460600" lon="112.9206280">
    <ele>2418.8</ele>
   </trkpt>
   <trkpt lat="-8.0460770" lon="112.9206390">
    <ele>2419.6</ele>
   </trkpt>
   <trkpt lat="-8.0460910" lon="112.9206470">
    <ele>2420.2</ele>
   </trkpt>
   <trkpt lat="-8.0460980" lon="112.9206650">
    <ele>2420.8</ele>
   </trkpt>
   <trkpt lat="-8.0461040" lon="112.9206820">
    <ele>2421.8</ele>
   </trkpt>
   <trkpt lat="-8.0461050" lon="112.9206850">
    <ele>2422.0</ele>
   </trkpt>
   <trkpt lat="-8.0460960" lon="112.9207200">
    <ele>2423.2</ele>
   </trkpt>
   <trkpt lat="-8.0460950" lon="112.9207310">
    <ele>2424.6</ele>
   </trkpt>
   <trkpt lat="-8.0460990" lon="112.9207610">
    <ele>2425.0</ele>
   </trkpt>
   <trkpt lat="-8.0461070" lon="112.9208000">
    <ele>2426.0</ele>
   </trkpt>
   <trkpt lat="-8.0461030" lon="112.9208090">
    <ele>2426.4</ele>
   </trkpt>
   <trkpt lat="-8.0460980" lon="112.9208120">
    <ele>2427.2</ele>
   </trkpt>
   <trkpt lat="-8.0461100" lon="112.9208210">
    <ele>2427.6</ele>
   </trkpt>
   <trkpt lat="-8.0461210" lon="112.9208690">
    <ele>2428.4</ele>
   </trkpt>
   <trkpt lat="-8.0461270" lon="112.9208890">
    <ele>2429.2</ele>
   </trkpt>
   <trkpt lat="-8.0461190" lon="112.9209090">
    <ele>2429.6</ele>
   </trkpt>
   <trkpt lat="-8.0461250" lon="112.9209030">
    <ele>2430.2</ele>
   </trkpt>
   <trkpt lat="-8.0461180" lon="112.9209110">
    <ele>2430.8</ele>
   </trkpt>
   <trkpt lat="-8.0461190" lon="112.9209380">
    <ele>2431.8</ele>
   </trkpt>
   <trkpt lat="-8.0461130" lon="112.9209720">
    <ele>2433.2</ele>
   </trkpt>
   <trkpt lat="-8.0461030" lon="112.9210140">
    <ele>2433.8</ele>
   </trkpt>
   <trkpt lat="-8.0461110" lon="112.9210490">
    <ele>2434.4</ele>
   </trkpt>
   <trkpt lat="-8.0461250" lon="112.9210540">
    <ele>2434.6</ele>
   </trkpt>
   <trkpt lat="-8.0461390" lon="112.9210710">
    <ele>2434.6</ele>
   </trkpt>
   <trkpt lat="-8.0461520" lon="112.9211010">
    <ele>2434.6</ele>
   </trkpt>
   <trkpt lat="-8.0461610" lon="112.9211550">
    <ele>2435.4</ele>
   </trkpt>
   <trkpt lat="-8.0461520" lon="112.9211740">
    <ele>2435.4</ele>
   </trkpt>
   <trkpt lat="-8.0461390" lon="112.9212220">
    <ele>2436.2</ele>
   </trkpt>
   <trkpt lat="-8.0461610" lon="112.9212420">
    <ele>2436.2</ele>
   </trkpt>
   <trkpt lat="-8.0461740" lon="112.9212650">
    <ele>2436.4</ele>
   </trkpt>
   <trkpt lat="-8.0462400" lon="112.9213230">
    <ele>2437.2</ele>
   </trkpt>
   <trkpt lat="-8.0462420" lon="112.9213330">
    <ele>2437.2</ele>
   </trkpt>
   <trkpt lat="-8.0462680" lon="112.9213510">
    <ele>2437.6</ele>
   </trkpt>
   <trkpt lat="-8.0462810" lon="112.9213510">
    <ele>2437.8</ele>
   </trkpt>
   <trkpt lat="-8.0463080" lon="112.9213730">
    <ele>2438.0</ele>
   </trkpt>
   <trkpt lat="-8.0464030" lon="112.9214180">
    <ele>2438.6</ele>
   </trkpt>
   <trkpt lat="-8.0464180" lon="112.9214280">
    <ele>2438.6</ele>
   </trkpt>
   <trkpt lat="-8.0464180" lon="112.9214400">
    <ele>2438.8</ele>
   </trkpt>
   <trkpt lat="-8.0463970" lon="112.9215070">
    <ele>2439.2</ele>
   </trkpt>
   <trkpt lat="-8.0463570" lon="112.9215520">
    <ele>2439.2</ele>
   </trkpt>
   <trkpt lat="-8.0464070" lon="112.9215920">
    <ele>2439.8</ele>
   </trkpt>
   <trkpt lat="-8.0464160" lon="112.9216350">
    <ele>2440.8</ele>
   </trkpt>
   <trkpt lat="-8.0463790" lon="112.9216840">
    <ele>2441.6</ele>
   </trkpt>
   <trkpt lat="-8.0463700" lon="112.9216970">
    <ele>2441.6</ele>
   </trkpt>
   <trkpt lat="-8.0464760" lon="112.9217600">
    <ele>2441.4</ele>
   </trkpt>
   <trkpt lat="-8.0464850" lon="112.9217920">
    <ele>2441.2</ele>
   </trkpt>
   <trkpt lat="-8.0465090" lon="112.9218760">
    <ele>2441.4</ele>
   </trkpt>
   <trkpt lat="-8.0465130" lon="112.9218870">
    <ele>2441.6</ele>
   </trkpt>
   <trkpt lat="-8.0464880" lon="112.9219260">
    <ele>2441.6</ele>
   </trkpt>
   <trkpt lat="-8.0464950" lon="112.9219690">
    <ele>2441.6</ele>
   </trkpt>
   <trkpt lat="-8.0464990" lon="112.9219780">
    <ele>2441.8</ele>
   </trkpt>
   <trkpt lat="-8.0464980" lon="112.9219890">
    <ele>2442.2</ele>
   </trkpt>
   <trkpt lat="-8.0464590" lon="112.9220220">
    <ele>2442.8</ele>
   </trkpt>
   <trkpt lat="-8.0464530" lon="112.9220380">
    <ele>2443.2</ele>
   </trkpt>
   <trkpt lat="-8.0464440" lon="112.9220580">
    <ele>2443.4</ele>
   </trkpt>
   <trkpt lat="-8.0464310" lon="112.9221010">
    <ele>2444.2</ele>
   </trkpt>
   <trkpt lat="-8.0464330" lon="112.9221130">
    <ele>2444.2</ele>
   </trkpt>
   <trkpt lat="-8.0465520" lon="112.9221800">
    <ele>2444.4</ele>
   </trkpt>
   <trkpt lat="-8.0465690" lon="112.9221990">
    <ele>2444.4</ele>
   </trkpt>
   <trkpt lat="-8.0465850" lon="112.9222510">
    <ele>2445.4</ele>
   </trkpt>
   <trkpt lat="-8.0465710" lon="112.9223060">
    <ele>2445.8</ele>
   </trkpt>
   <trkpt lat="-8.0465650" lon="112.9223260">
    <ele>2446.0</ele>
   </trkpt>
   <trkpt lat="-8.0465450" lon="112.9223790">
    <ele>2446.4</ele>
   </trkpt>
   <trkpt lat="-8.0465330" lon="112.9224070">
    <ele>2446.4</ele>
   </trkpt>
   <trkpt lat="-8.0465270" lon="112.9224510">
    <ele>2447.0</ele>
   </trkpt>
   <trkpt lat="-8.0465200" lon="112.9225150">
    <ele>2447.4</ele>
   </trkpt>
   <trkpt lat="-8.0465140" lon="112.9225500">
    <ele>2447.8</ele>
   </trkpt>
   <trkpt lat="-8.0464970" lon="112.9225850">
    <ele>2448.2</ele>
   </trkpt>
   <trkpt lat="-8.0464660" lon="112.9226140">
    <ele>2448.6</ele>
   </trkpt>
   <trkpt lat="-8.0464020" lon="112.9226710">
    <ele>2448.8</ele>
   </trkpt>
   <trkpt lat="-8.0463770" lon="112.9226880">
    <ele>2448.8</ele>
   </trkpt>
   <trkpt lat="-8.0463400" lon="112.9227590">
    <ele>2449.6</ele>
   </trkpt>
   <trkpt lat="-8.0463590" lon="112.9227710">
    <ele>2449.6</ele>
   </trkpt>
   <trkpt lat="-8.0463740" lon="112.9228160">
    <ele>2450.2</ele>
   </trkpt>
   <trkpt lat="-8.0463960" lon="112.9228360">
    <ele>2450.8</ele>
   </trkpt>
   <trkpt lat="-8.0464310" lon="112.9228960">
    <ele>2451.4</ele>
   </trkpt>
   <trkpt lat="-8.0464770" lon="112.9229670">
    <ele>2452.0</ele>
   </trkpt>
   <trkpt lat="-8.0465710" lon="112.9230030">
    <ele>2452.2</ele>
   </trkpt>
   <trkpt lat="-8.0466010" lon="112.9230220">
    <ele>2452.4</ele>
   </trkpt>
   <trkpt lat="-8.0466120" lon="112.9230690">
    <ele>2452.8</ele>
   </trkpt>
   <trkpt lat="-8.0466030" lon="112.9230840">
    <ele>2453.2</ele>
   </trkpt>
   <trkpt lat="-8.0466020" lon="112.9231380">
    <ele>2454.4</ele>
   </trkpt>
   <trkpt lat="-8.0466130" lon="112.9231560">
    <ele>2454.6</ele>
   </trkpt>
   <trkpt lat="-8.0466120" lon="112.9231680">
    <ele>2454.6</ele>
   </trkpt>
   <trkpt lat="-8.0466180" lon="112.9231810">
    <ele>2454.8</ele>
   </trkpt>
   <trkpt lat="-8.0466760" lon="112.9232410">
    <ele>2455.4</ele>
   </trkpt>
   <trkpt lat="-8.0467140" lon="112.9232540">
    <ele>2455.6</ele>
   </trkpt>
   <trkpt lat="-8.0468800" lon="112.9233040">
    <ele>2456.4</ele>
   </trkpt>
   <trkpt lat="-8.0467980" lon="112.9233500">
    <ele>2456.4</ele>
   </trkpt>
   <trkpt lat="-8.0468160" lon="112.9233740">
    <ele>2456.6</ele>
   </trkpt>
   <trkpt lat="-8.0468030" lon="112.9234090">
    <ele>2457.2</ele>
   </trkpt>
   <trkpt lat="-8.0467820" lon="112.9234440">
    <ele>2457.6</ele>
   </trkpt>
   <trkpt lat="-8.0467580" lon="112.9234560">
    <ele>2457.6</ele>
   </trkpt>
   <trkpt lat="-8.0467790" lon="112.9234920">
    <ele>2457.6</ele>
   </trkpt>
   <trkpt lat="-8.0467940" lon="112.9235060">
    <ele>2457.6</ele>
   </trkpt>
   <trkpt lat="-8.0468200" lon="112.9235170">
    <ele>2457.6</ele>
   </trkpt>
   <trkpt lat="-8.0468520" lon="112.9234990">
    <ele>2457.8</ele>
   </trkpt>
   <trkpt lat="-8.0468650" lon="112.9235050">
    <ele>2458.0</ele>
   </trkpt>
   <trkpt lat="-8.0468740" lon="112.9235370">
    <ele>2458.6</ele>
   </trkpt>
   <trkpt lat="-8.0468650" lon="112.9235550">
    <ele>2458.6</ele>
   </trkpt>
   <trkpt lat="-8.0468710" lon="112.9235630">
    <ele>2458.6</ele>
   </trkpt>
   <trkpt lat="-8.0468950" lon="112.9236250">
    <ele>2459.0</ele>
   </trkpt>
   <trkpt lat="-8.0469120" lon="112.9236680">
    <ele>2459.8</ele>
   </trkpt>
   <trkpt lat="-8.0469170" lon="112.9236780">
    <ele>2459.8</ele>
   </trkpt>
   <trkpt lat="-8.0469280" lon="112.9236880">
    <ele>2460.0</ele>
   </trkpt>
   <trkpt lat="-8.0470330" lon="112.9237300">
    <ele>2460.8</ele>
   </trkpt>
   <trkpt lat="-8.0470690" lon="112.9237430">
    <ele>2461.2</ele>
   </trkpt>
   <trkpt lat="-8.0470660" lon="112.9237610">
    <ele>2461.4</ele>
   </trkpt>
   <trkpt lat="-8.0471860" lon="112.9238550">
    <ele>2461.8</ele>
   </trkpt>
   <trkpt lat="-8.0472060" lon="112.9238630">
    <ele>2462.0</ele>
   </trkpt>
   <trkpt lat="-8.0472610" lon="112.9239240">
    <ele>2462.6</ele>
   </trkpt>
   <trkpt lat="-8.0472590" lon="112.9239840">
    <ele>2463.2</ele>
   </trkpt>
   <trkpt lat="-8.0472850" lon="112.9240230">
    <ele>2463.8</ele>
   </trkpt>
   <trkpt lat="-8.0472990" lon="112.9240270">
    <ele>2463.8</ele>
   </trkpt>
   <trkpt lat="-8.0473060" lon="112.9240360">
    <ele>2463.6</ele>
   </trkpt>
   <trkpt lat="-8.0473090" lon="112.9240450">
    <ele>2463.6</ele>
   </trkpt>
   <trkpt lat="-8.0473330" lon="112.9240890">
    <ele>2463.8</ele>
   </trkpt>
   <trkpt lat="-8.0473520" lon="112.9241190">
    <ele>2463.8</ele>
   </trkpt>
   <trkpt lat="-8.0473600" lon="112.9241530">
    <ele>2464.0</ele>
   </trkpt>
   <trkpt lat="-8.0473730" lon="112.9241720">
    <ele>2464.2</ele>
   </trkpt>
   <trkpt lat="-8.0474640" lon="112.9242270">
    <ele>2465.0</ele>
   </trkpt>
   <trkpt lat="-8.0474840" lon="112.9242470">
    <ele>2465.4</ele>
   </trkpt>
   <trkpt lat="-8.0474810" lon="112.9242590">
    <ele>2465.6</ele>
   </trkpt>
   <trkpt lat="-8.0474920" lon="112.9242800">
    <ele>2465.8</ele>
   </trkpt>
   <trkpt lat="-8.0475500" lon="112.9243320">
    <ele>2466.4</ele>
   </trkpt>
   <trkpt lat="-8.0476600" lon="112.9243880">
    <ele>2467.6</ele>
   </trkpt>
   <trkpt lat="-8.0477180" lon="112.9244190">
    <ele>2468.6</ele>
   </trkpt>
   <trkpt lat="-8.0477150" lon="112.9244270">
    <ele>2468.6</ele>
   </trkpt>
   <trkpt lat="-8.0477110" lon="112.9244390">
    <ele>2468.6</ele>
   </trkpt>
   <trkpt lat="-8.0476810" lon="112.9244650">
    <ele>2468.6</ele>
   </trkpt>
   <trkpt lat="-8.0476590" lon="112.9245140">
    <ele>2469.4</ele>
   </trkpt>
   <trkpt lat="-8.0476590" lon="112.9246240">
    <ele>2469.8</ele>
   </trkpt>
   <trkpt lat="-8.0476530" lon="112.9246400">
    <ele>2469.8</ele>
   </trkpt>
   <trkpt lat="-8.0475400" lon="112.9247100">
    <ele>2470.0</ele>
   </trkpt>
   <trkpt lat="-8.0475240" lon="112.9247150">
    <ele>2470.8</ele>
   </trkpt>
   <trkpt lat="-8.0475320" lon="112.9247390">
    <ele>2471.4</ele>
   </trkpt>
   <trkpt lat="-8.0475330" lon="112.9247590">
    <ele>2471.8</ele>
   </trkpt>
   <trkpt lat="-8.0475210" lon="112.9247960">
    <ele>2472.8</ele>
   </trkpt>
   <trkpt lat="-8.0475050" lon="112.9248160">
    <ele>2473.0</ele>
   </trkpt>
   <trkpt lat="-8.0475010" lon="112.9248280">
    <ele>2473.2</ele>
   </trkpt>
   <trkpt lat="-8.0474630" lon="112.9248720">
    <ele>2474.0</ele>
   </trkpt>
   <trkpt lat="-8.0474610" lon="112.9248920">
    <ele>2474.0</ele>
   </trkpt>
   <trkpt lat="-8.0474760" lon="112.9249090">
    <ele>2474.4</ele>
   </trkpt>
   <trkpt lat="-8.0474960" lon="112.9249230">
    <ele>2474.8</ele>
   </trkpt>
   <trkpt lat="-8.0475030" lon="112.9249240">
    <ele>2475.0</ele>
   </trkpt>
   <trkpt lat="-8.0475420" lon="112.9249770">
    <ele>2475.6</ele>
   </trkpt>
   <trkpt lat="-8.0475460" lon="112.9249970">
    <ele>2475.8</ele>
   </trkpt>
   <trkpt lat="-8.0476200" lon="112.9250420">
    <ele>2475.4</ele>
   </trkpt>
   <trkpt lat="-8.0476640" lon="112.9251100">
    <ele>2476.0</ele>
   </trkpt>
   <trkpt lat="-8.0476670" lon="112.9251190">
    <ele>2476.2</ele>
   </trkpt>
   <trkpt lat="-8.0476540" lon="112.9251890">
    <ele>2477.2</ele>
   </trkpt>
   <trkpt lat="-8.0476550" lon="112.9251980">
    <ele>2477.4</ele>
   </trkpt>
   <trkpt lat="-8.0476460" lon="112.9252060">
    <ele>2477.6</ele>
   </trkpt>
   <trkpt lat="-8.0476070" lon="112.9252180">
    <ele>2478.6</ele>
   </trkpt>
   <trkpt lat="-8.0475850" lon="112.9252430">
    <ele>2479.2</ele>
   </trkpt>
   <trkpt lat="-8.0475950" lon="112.9253040">
    <ele>2479.4</ele>
   </trkpt>
   <trkpt lat="-8.0476160" lon="112.9253180">
    <ele>2479.6</ele>
   </trkpt>
   <trkpt lat="-8.0476050" lon="112.9253880">
    <ele>2480.6</ele>
   </trkpt>
   <trkpt lat="-8.0475930" lon="112.9253980">
    <ele>2481.0</ele>
   </trkpt>
   <trkpt lat="-8.0476420" lon="112.9254370">
    <ele>2481.0</ele>
   </trkpt>
   <trkpt lat="-8.0476390" lon="112.9254580">
    <ele>2481.4</ele>
   </trkpt>
   <trkpt lat="-8.0476410" lon="112.9254800">
    <ele>2481.6</ele>
   </trkpt>
   <trkpt lat="-8.0476470" lon="112.9254930">
    <ele>2481.8</ele>
   </trkpt>
   <trkpt lat="-8.0476540" lon="112.9255230">
    <ele>2482.0</ele>
   </trkpt>
   <trkpt lat="-8.0476750" lon="112.9255640">
    <ele>2482.0</ele>
   </trkpt>
   <trkpt lat="-8.0476730" lon="112.9255870">
    <ele>2482.4</ele>
   </trkpt>
   <trkpt lat="-8.0476800" lon="112.9256180">
    <ele>2482.6</ele>
   </trkpt>
   <trkpt lat="-8.0476840" lon="112.9256560">
    <ele>2483.0</ele>
   </trkpt>
   <trkpt lat="-8.0476960" lon="112.9257690">
    <ele>2483.2</ele>
   </trkpt>
   <trkpt lat="-8.0477290" lon="112.9258460">
    <ele>2483.8</ele>
   </trkpt>
   <trkpt lat="-8.0477310" lon="112.9258520">
    <ele>2484.2</ele>
   </trkpt>
   <trkpt lat="-8.0477000" lon="112.9258770">
    <ele>2485.2</ele>
   </trkpt>
   <trkpt lat="-8.0477010" lon="112.9259260">
    <ele>2485.4</ele>
   </trkpt>
   <trkpt lat="-8.0477050" lon="112.9259700">
    <ele>2486.2</ele>
   </trkpt>
   <trkpt lat="-8.0476850" lon="112.9260330">
    <ele>2486.8</ele>
   </trkpt>
   <trkpt lat="-8.0476910" lon="112.9261590">
    <ele>2487.0</ele>
   </trkpt>
   <trkpt lat="-8.0476860" lon="112.9261950">
    <ele>2487.4</ele>
   </trkpt>
   <trkpt lat="-8.0476630" lon="112.9262740">
    <ele>2487.8</ele>
   </trkpt>
   <trkpt lat="-8.0476550" lon="112.9263190">
    <ele>2488.6</ele>
   </trkpt>
   <trkpt lat="-8.0476550" lon="112.9263580">
    <ele>2489.8</ele>
   </trkpt>
   <trkpt lat="-8.0476950" lon="112.9264690">
    <ele>2490.8</ele>
   </trkpt>
   <trkpt lat="-8.0477010" lon="112.9264830">
    <ele>2491.2</ele>
   </trkpt>
   <trkpt lat="-8.0477070" lon="112.9264980">
    <ele>2491.4</ele>
   </trkpt>
   <trkpt lat="-8.0477030" lon="112.9265420">
    <ele>2491.2</ele>
   </trkpt>
   <trkpt lat="-8.0476560" lon="112.9266830">
    <ele>2491.4</ele>
   </trkpt>
   <trkpt lat="-8.0476390" lon="112.9266950">
    <ele>2491.4</ele>
   </trkpt>
   <trkpt lat="-8.0476320" lon="112.9267130">
    <ele>2492.0</ele>
   </trkpt>
   <trkpt lat="-8.0476250" lon="112.9267180">
    <ele>2492.6</ele>
   </trkpt>
   <trkpt lat="-8.0476250" lon="112.9267260">
    <ele>2493.0</ele>
   </trkpt>
   <trkpt lat="-8.0476280" lon="112.9267730">
    <ele>2494.2</ele>
   </trkpt>
   <trkpt lat="-8.0476590" lon="112.9268580">
    <ele>2495.2</ele>
   </trkpt>
   <trkpt lat="-8.0476360" lon="112.9269160">
    <ele>2496.2</ele>
   </trkpt>
   <trkpt lat="-8.0476520" lon="112.9269460">
    <ele>2496.8</ele>
   </trkpt>
   <trkpt lat="-8.0476500" lon="112.9269850">
    <ele>2496.8</ele>
   </trkpt>
   <trkpt lat="-8.0476080" lon="112.9270570">
    <ele>2497.2</ele>
   </trkpt>
   <trkpt lat="-8.0476070" lon="112.9270800">
    <ele>2497.4</ele>
   </trkpt>
   <trkpt lat="-8.0475450" lon="112.9271680">
    <ele>2498.2</ele>
   </trkpt>
   <trkpt lat="-8.0475330" lon="112.9271790">
    <ele>2498.4</ele>
   </trkpt>
   <trkpt lat="-8.0475370" lon="112.9272430">
    <ele>2498.8</ele>
   </trkpt>
   <trkpt lat="-8.0475160" lon="112.9272650">
    <ele>2499.4</ele>
   </trkpt>
   <trkpt lat="-8.0475100" lon="112.9272790">
    <ele>2499.6</ele>
   </trkpt>
   <trkpt lat="-8.0474990" lon="112.9273040">
    <ele>2500.0</ele>
   </trkpt>
   <trkpt lat="-8.0474680" lon="112.9273360">
    <ele>2500.6</ele>
   </trkpt>
   <trkpt lat="-8.0474480" lon="112.9274200">
    <ele>2500.8</ele>
   </trkpt>
   <trkpt lat="-8.0474480" lon="112.9275100">
    <ele>2501.8</ele>
   </trkpt>
   <trkpt lat="-8.0474280" lon="112.9275650">
    <ele>2502.4</ele>
   </trkpt>
   <trkpt lat="-8.0474140" lon="112.9275890">
    <ele>2503.0</ele>
   </trkpt>
   <trkpt lat="-8.0473950" lon="112.9276070">
    <ele>2504.0</ele>
   </trkpt>
   <trkpt lat="-8.0473890" lon="112.9276150">
    <ele>2504.2</ele>
   </trkpt>
   <trkpt lat="-8.0472900" lon="112.9276480">
    <ele>2504.4</ele>
   </trkpt>
   <trkpt lat="-8.0472650" lon="112.9276740">
    <ele>2505.2</ele>
   </trkpt>
   <trkpt lat="-8.0472580" lon="112.9276820">
    <ele>2505.2</ele>
   </trkpt>
   <trkpt lat="-8.0472260" lon="112.9276980">
    <ele>2505.4</ele>
   </trkpt>
   <trkpt lat="-8.0471810" lon="112.9277380">
    <ele>2505.8</ele>
   </trkpt>
   <trkpt lat="-8.0471790" lon="112.9277700">
    <ele>2506.4</ele>
   </trkpt>
   <trkpt lat="-8.0471970" lon="112.9278130">
    <ele>2507.2</ele>
   </trkpt>
   <trkpt lat="-8.0472020" lon="112.9278290">
    <ele>2507.4</ele>
   </trkpt>
   <trkpt lat="-8.0472180" lon="112.9279790">
    <ele>2508.6</ele>
   </trkpt>
   <trkpt lat="-8.0472200" lon="112.9280070">
    <ele>2508.8</ele>
   </trkpt>
   <trkpt lat="-8.0471870" lon="112.9280410">
    <ele>2509.2</ele>
   </trkpt>
   <trkpt lat="-8.0471770" lon="112.9280430">
    <ele>2509.2</ele>
   </trkpt>
   <trkpt lat="-8.0471460" lon="112.9280500">
    <ele>2509.8</ele>
   </trkpt>
   <trkpt lat="-8.0471070" lon="112.9280740">
    <ele>2510.4</ele>
   </trkpt>
   <trkpt lat="-8.0470790" lon="112.9280820">
    <ele>2510.8</ele>
   </trkpt>
   <trkpt lat="-8.0470560" lon="112.9280930">
    <ele>2510.6</ele>
   </trkpt>
   <trkpt lat="-8.0470200" lon="112.9281030">
    <ele>2510.8</ele>
   </trkpt>
   <trkpt lat="-8.0469730" lon="112.9281220">
    <ele>2511.6</ele>
   </trkpt>
   <trkpt lat="-8.0469340" lon="112.9281040">
    <ele>2512.0</ele>
   </trkpt>
   <trkpt lat="-8.0469040" lon="112.9281250">
    <ele>2513.0</ele>
   </trkpt>
   <trkpt lat="-8.0468560" lon="112.9281070">
    <ele>2513.8</ele>
   </trkpt>
   <trkpt lat="-8.0468370" lon="112.9280980">
    <ele>2513.6</ele>
   </trkpt>
   <trkpt lat="-8.0467630" lon="112.9280600">
    <ele>2513.8</ele>
   </trkpt>
   <trkpt lat="-8.0467330" lon="112.9280490">
    <ele>2514.2</ele>
   </trkpt>
   <trkpt lat="-8.0466710" lon="112.9280420">
    <ele>2515.0</ele>
   </trkpt>
   <trkpt lat="-8.0466440" lon="112.9280210">
    <ele>2515.2</ele>
   </trkpt>
   <trkpt lat="-8.0465640" lon="112.9281040">
    <ele>2515.2</ele>
   </trkpt>
   <trkpt lat="-8.0464690" lon="112.9281470">
    <ele>2515.6</ele>
   </trkpt>
   <trkpt lat="-8.0464480" lon="112.9281610">
    <ele>2515.6</ele>
   </trkpt>
   <trkpt lat="-8.0464170" lon="112.9281780">
    <ele>2516.2</ele>
   </trkpt>
   <trkpt lat="-8.0464130" lon="112.9281840">
    <ele>2516.2</ele>
   </trkpt>
   <trkpt lat="-8.0463930" lon="112.9282310">
    <ele>2516.8</ele>
   </trkpt>
   <trkpt lat="-8.0463750" lon="112.9282450">
    <ele>2517.6</ele>
   </trkpt>
   <trkpt lat="-8.0463130" lon="112.9282660">
    <ele>2518.6</ele>
   </trkpt>
   <trkpt lat="-8.0462760" lon="112.9282990">
    <ele>2519.0</ele>
   </trkpt>
   <trkpt lat="-8.0462320" lon="112.9283110">
    <ele>2519.6</ele>
   </trkpt>
   <trkpt lat="-8.0462070" lon="112.9283240">
    <ele>2519.6</ele>
   </trkpt>
   <trkpt lat="-8.0462020" lon="112.9283280">
    <ele>2519.6</ele>
   </trkpt>
   <trkpt lat="-8.0461900" lon="112.9283460">
    <ele>2519.8</ele>
   </trkpt>
   <trkpt lat="-8.0461620" lon="112.9283610">
    <ele>2519.8</ele>
   </trkpt>
   <trkpt lat="-8.0461510" lon="112.9283790">
    <ele>2520.0</ele>
   </trkpt>
   <trkpt lat="-8.0461220" lon="112.9284110">
    <ele>2520.6</ele>
   </trkpt>
   <trkpt lat="-8.0460860" lon="112.9284340">
    <ele>2522.0</ele>
   </trkpt>
   <trkpt lat="-8.0460100" lon="112.9284030">
    <ele>2522.4</ele>
   </trkpt>
   <trkpt lat="-8.0459970" lon="112.9284240">
    <ele>2522.6</ele>
   </trkpt>
   <trkpt lat="-8.0459570" lon="112.9284280">
    <ele>2522.4</ele>
   </trkpt>
   <trkpt lat="-8.0459600" lon="112.9284420">
    <ele>2523.0</ele>
   </trkpt>
   <trkpt lat="-8.0459650" lon="112.9284470">
    <ele>2523.2</ele>
   </trkpt>
   <trkpt lat="-8.0459860" lon="112.9284580">
    <ele>2523.6</ele>
   </trkpt>
   <trkpt lat="-8.0459230" lon="112.9285170">
    <ele>2523.6</ele>
   </trkpt>
   <trkpt lat="-8.0459390" lon="112.9285350">
    <ele>2523.6</ele>
   </trkpt>
   <trkpt lat="-8.0460030" lon="112.9285930">
    <ele>2524.6</ele>
   </trkpt>
   <trkpt lat="-8.0460030" lon="112.9286260">
    <ele>2525.8</ele>
   </trkpt>
   <trkpt lat="-8.0460100" lon="112.9286430">
    <ele>2526.0</ele>
   </trkpt>
   <trkpt lat="-8.0460150" lon="112.9286750">
    <ele>2526.2</ele>
   </trkpt>
   <trkpt lat="-8.0460140" lon="112.9287420">
    <ele>2526.4</ele>
   </trkpt>
   <trkpt lat="-8.0460130" lon="112.9287740">
    <ele>2526.8</ele>
   </trkpt>
   <trkpt lat="-8.0459920" lon="112.9287970">
    <ele>2527.0</ele>
   </trkpt>
   <trkpt lat="-8.0459810" lon="112.9288280">
    <ele>2527.6</ele>
   </trkpt>
   <trkpt lat="-8.0459730" lon="112.9288990">
    <ele>2528.0</ele>
   </trkpt>
   <trkpt lat="-8.0459700" lon="112.9289170">
    <ele>2528.0</ele>
   </trkpt>
   <trkpt lat="-8.0459240" lon="112.9289890">
    <ele>2528.4</ele>
   </trkpt>
   <trkpt lat="-8.0459040" lon="112.9290080">
    <ele>2528.6</ele>
   </trkpt>
   <trkpt lat="-8.0458930" lon="112.9290130">
    <ele>2528.8</ele>
   </trkpt>
   <trkpt lat="-8.0458690" lon="112.9290160">
    <ele>2529.0</ele>
   </trkpt>
   <trkpt lat="-8.0458580" lon="112.9290180">
    <ele>2529.0</ele>
   </trkpt>
   <trkpt lat="-8.0458500" lon="112.9290260">
    <ele>2529.2</ele>
   </trkpt>
   <trkpt lat="-8.0458390" lon="112.9290350">
    <ele>2529.2</ele>
   </trkpt>
   <trkpt lat="-8.0458070" lon="112.9290500">
    <ele>2529.4</ele>
   </trkpt>
   <trkpt lat="-8.0457840" lon="112.9290580">
    <ele>2529.4</ele>
   </trkpt>
   <trkpt lat="-8.0457760" lon="112.9290660">
    <ele>2529.6</ele>
   </trkpt>
   <trkpt lat="-8.0457440" lon="112.9291080">
    <ele>2529.8</ele>
   </trkpt>
   <trkpt lat="-8.0457110" lon="112.9291530">
    <ele>2530.2</ele>
   </trkpt>
   <trkpt lat="-8.0456670" lon="112.9291910">
    <ele>2530.2</ele>
   </trkpt>
   <trkpt lat="-8.0456570" lon="112.9292060">
    <ele>2530.2</ele>
   </trkpt>
   <trkpt lat="-8.0455850" lon="112.9292960">
    <ele>2529.6</ele>
   </trkpt>
   <trkpt lat="-8.0455210" lon="112.9293580">
    <ele>2529.0</ele>
   </trkpt>
   <trkpt lat="-8.0455050" lon="112.9293780">
    <ele>2530.2</ele>
   </trkpt>
   <trkpt lat="-8.0454920" lon="112.9293980">
    <ele>2530.0</ele>
   </trkpt>
   <trkpt lat="-8.0454640" lon="112.9294480">
    <ele>2532.6</ele>
   </trkpt>
   <trkpt lat="-8.0454480" lon="112.9294670">
    <ele>2531.0</ele>
   </trkpt>
   <trkpt lat="-8.0454140" lon="112.9295020">
    <ele>2530.8</ele>
   </trkpt>
   <trkpt lat="-8.0453680" lon="112.9295970">
    <ele>2529.8</ele>
   </trkpt>
   <trkpt lat="-8.0453610" lon="112.9296280">
    <ele>2529.6</ele>
   </trkpt>
   <trkpt lat="-8.0453450" lon="112.9296780">
    <ele>2528.8</ele>
   </trkpt>
   <trkpt lat="-8.0453100" lon="112.9297150">
    <ele>2528.2</ele>
   </trkpt>
   <trkpt lat="-8.0451740" lon="112.9297350">
    <ele>2527.6</ele>
   </trkpt>
   <trkpt lat="-8.0451410" lon="112.9297560">
    <ele>2527.8</ele>
   </trkpt>
   <trkpt lat="-8.0450460" lon="112.9299090">
    <ele>2527.8</ele>
   </trkpt>
   <trkpt lat="-8.0449160" lon="112.9300040">
    <ele>2527.6</ele>
   </trkpt>
   <trkpt lat="-8.0448630" lon="112.9300460">
    <ele>2526.4</ele>
   </trkpt>
   <trkpt lat="-8.0448210" lon="112.9300780">
    <ele>2525.2</ele>
   </trkpt>
   <trkpt lat="-8.0447490" lon="112.9301270">
    <ele>2524.4</ele>
   </trkpt>
   <trkpt lat="-8.0447320" lon="112.9301270">
    <ele>2524.2</ele>
   </trkpt>
   <trkpt lat="-8.0447140" lon="112.9301230">
    <ele>2524.2</ele>
   </trkpt>
   <trkpt lat="-8.0446500" lon="112.9301130">
    <ele>2522.8</ele>
   </trkpt>
   <trkpt lat="-8.0446330" lon="112.9301190">
    <ele>2522.6</ele>
   </trkpt>
   <trkpt lat="-8.0445950" lon="112.9301510">
    <ele>2521.2</ele>
   </trkpt>
   <trkpt lat="-8.0445530" lon="112.9301560">
    <ele>2520.0</ele>
   </trkpt>
   <trkpt lat="-8.0445290" lon="112.9301650">
    <ele>2519.2</ele>
   </trkpt>
   <trkpt lat="-8.0445110" lon="112.9301570">
    <ele>2519.0</ele>
   </trkpt>
   <trkpt lat="-8.0444420" lon="112.9302430">
    <ele>2519.2</ele>
   </trkpt>
   <trkpt lat="-8.0444510" lon="112.9303330">
    <ele>2519.4</ele>
   </trkpt>
   <trkpt lat="-8.0444460" lon="112.9303410">
    <ele>2519.8</ele>
   </trkpt>
   <trkpt lat="-8.0443540" lon="112.9303610">
    <ele>2519.6</ele>
   </trkpt>
   <trkpt lat="-8.0443290" lon="112.9303760">
    <ele>2519.4</ele>
   </trkpt>
   <trkpt lat="-8.0442560" lon="112.9304330">
    <ele>2518.8</ele>
   </trkpt>
   <trkpt lat="-8.0442570" lon="112.9304460">
    <ele>2518.8</ele>
   </trkpt>
   <trkpt lat="-8.0442890" lon="112.9304590">
    <ele>2518.6</ele>
   </trkpt>
   <trkpt lat="-8.0442460" lon="112.9305200">
    <ele>2518.8</ele>
   </trkpt>
   <trkpt lat="-8.0442730" lon="112.9306220">
    <ele>2518.4</ele>
   </trkpt>
   <trkpt lat="-8.0442750" lon="112.9306350">
    <ele>2518.0</ele>
   </trkpt>
   <trkpt lat="-8.0442540" lon="112.9307460">
    <ele>2516.6</ele>
   </trkpt>
   <trkpt lat="-8.0442840" lon="112.9308360">
    <ele>2516.2</ele>
   </trkpt>
   <trkpt lat="-8.0443150" lon="112.9308950">
    <ele>2515.6</ele>
   </trkpt>
   <trkpt lat="-8.0443220" lon="112.9309540">
    <ele>2515.0</ele>
   </trkpt>
   <trkpt lat="-8.0443090" lon="112.9309900">
    <ele>2514.2</ele>
   </trkpt>
   <trkpt lat="-8.0443550" lon="112.9310360">
    <ele>2513.6</ele>
   </trkpt>
   <trkpt lat="-8.0443700" lon="112.9310490">
    <ele>2513.2</ele>
   </trkpt>
   <trkpt lat="-8.0443860" lon="112.9310910">
    <ele>2512.2</ele>
   </trkpt>
   <trkpt lat="-8.0444060" lon="112.9311210">
    <ele>2512.2</ele>
   </trkpt>
   <trkpt lat="-8.0444320" lon="112.9312070">
    <ele>2510.8</ele>
   </trkpt>
   <trkpt lat="-8.0444360" lon="112.9312280">
    <ele>2510.4</ele>
   </trkpt>
   <trkpt lat="-8.0444340" lon="112.9312700">
    <ele>2509.8</ele>
   </trkpt>
   <trkpt lat="-8.0444130" lon="112.9313720">
    <ele>2509.6</ele>
   </trkpt>
   <trkpt lat="-8.0443560" lon="112.9315300">
    <ele>2508.6</ele>
   </trkpt>
   <trkpt lat="-8.0442980" lon="112.9316550">
    <ele>2507.6</ele>
   </trkpt>
   <trkpt lat="-8.0442790" lon="112.9316780">
    <ele>2507.4</ele>
   </trkpt>
   <trkpt lat="-8.0442320" lon="112.9317960">
    <ele>2506.4</ele>
   </trkpt>
   <trkpt lat="-8.0442100" lon="112.9318220">
    <ele>2506.2</ele>
   </trkpt>
   <trkpt lat="-8.0441770" lon="112.9318710">
    <ele>2504.8</ele>
   </trkpt>
   <trkpt lat="-8.0441270" lon="112.9319320">
    <ele>2503.4</ele>
   </trkpt>
   <trkpt lat="-8.0440890" lon="112.9319680">
    <ele>2502.6</ele>
   </trkpt>
   <trkpt lat="-8.0439860" lon="112.9319920">
    <ele>2502.0</ele>
   </trkpt>
   <trkpt lat="-8.0439000" lon="112.9320650">
    <ele>2501.6</ele>
   </trkpt>
   <trkpt lat="-8.0438570" lon="112.9321090">
    <ele>2500.8</ele>
   </trkpt>
   <trkpt lat="-8.0437890" lon="112.9321570">
    <ele>2500.2</ele>
   </trkpt>
   <trkpt lat="-8.0437380" lon="112.9321780">
    <ele>2499.4</ele>
   </trkpt>
   <trkpt lat="-8.0436610" lon="112.9322020">
    <ele>2498.4</ele>
   </trkpt>
   <trkpt lat="-8.0436360" lon="112.9322110">
    <ele>2498.0</ele>
   </trkpt>
   <trkpt lat="-8.0435930" lon="112.9322380">
    <ele>2497.4</ele>
   </trkpt>
   <trkpt lat="-8.0435310" lon="112.9322690">
    <ele>2496.2</ele>
   </trkpt>
   <trkpt lat="-8.0435000" lon="112.9322700">
    <ele>2496.0</ele>
   </trkpt>
   <trkpt lat="-8.0434190" lon="112.9322640">
    <ele>2495.2</ele>
   </trkpt>
   <trkpt lat="-8.0433700" lon="112.9322570">
    <ele>2494.4</ele>
   </trkpt>
   <trkpt lat="-8.0433480" lon="112.9322620">
    <ele>2493.8</ele>
   </trkpt>
   <trkpt lat="-8.0432510" lon="112.9322740">
    <ele>2492.6</ele>
   </trkpt>
   <trkpt lat="-8.0432290" lon="112.9322810">
    <ele>2492.4</ele>
   </trkpt>
   <trkpt lat="-8.0431340" lon="112.9322960">
    <ele>2491.4</ele>
   </trkpt>
   <trkpt lat="-8.0430730" lon="112.9323070">
    <ele>2490.2</ele>
   </trkpt>
   <trkpt lat="-8.0429720" lon="112.9323240">
    <ele>2489.0</ele>
   </trkpt>
   <trkpt lat="-8.0429330" lon="112.9323180">
    <ele>2489.0</ele>
   </trkpt>
   <trkpt lat="-8.0428800" lon="112.9323070">
    <ele>2487.8</ele>
   </trkpt>
   <trkpt lat="-8.0428700" lon="112.9323110">
    <ele>2487.2</ele>
   </trkpt>
   <trkpt lat="-8.0428600" lon="112.9323110">
    <ele>2486.2</ele>
   </trkpt>
   <trkpt lat="-8.0428420" lon="112.9323030">
    <ele>2485.0</ele>
   </trkpt>
   <trkpt lat="-8.0428100" lon="112.9323180">
    <ele>2483.6</ele>
   </trkpt>
   <trkpt lat="-8.0427960" lon="112.9323280">
    <ele>2482.8</ele>
   </trkpt>
   <trkpt lat="-8.0427770" lon="112.9323400">
    <ele>2481.8</ele>
   </trkpt>
   <trkpt lat="-8.0427190" lon="112.9323620">
    <ele>2480.4</ele>
   </trkpt>
   <trkpt lat="-8.0426970" lon="112.9323530">
    <ele>2478.8</ele>
   </trkpt>
   <trkpt lat="-8.0426800" lon="112.9323470">
    <ele>2477.6</ele>
   </trkpt>
   <trkpt lat="-8.0426510" lon="112.9323110">
    <ele>2477.2</ele>
   </trkpt>
   <trkpt lat="-8.0426040" lon="112.9323640">
    <ele>2476.2</ele>
   </trkpt>
   <trkpt lat="-8.0425790" lon="112.9323620">
    <ele>2475.0</ele>
   </trkpt>
   <trkpt lat="-8.0425290" lon="112.9323750">
    <ele>2474.2</ele>
   </trkpt>
   <trkpt lat="-8.0425070" lon="112.9323760">
    <ele>2473.6</ele>
   </trkpt>
   <trkpt lat="-8.0424700" lon="112.9323780">
    <ele>2472.0</ele>
   </trkpt>
   <trkpt lat="-8.0424380" lon="112.9323740">
    <ele>2470.2</ele>
   </trkpt>
   <trkpt lat="-8.0424250" lon="112.9323720">
    <ele>2469.0</ele>
   </trkpt>
   <trkpt lat="-8.0424120" lon="112.9323640">
    <ele>2468.2</ele>
   </trkpt>
   <trkpt lat="-8.0423940" lon="112.9323520">
    <ele>2467.6</ele>
   </trkpt>
   <trkpt lat="-8.0423690" lon="112.9323330">
    <ele>2466.6</ele>
   </trkpt>
   <trkpt lat="-8.0423450" lon="112.9323190">
    <ele>2465.4</ele>
   </trkpt>
   <trkpt lat="-8.0423150" lon="112.9323010">
    <ele>2464.6</ele>
   </trkpt>
   <trkpt lat="-8.0423040" lon="112.9322980">
    <ele>2464.2</ele>
   </trkpt>
   <trkpt lat="-8.0422820" lon="112.9322870">
    <ele>2463.6</ele>
   </trkpt>
   <trkpt lat="-8.0422510" lon="112.9322820">
    <ele>2463.2</ele>
   </trkpt>
   <trkpt lat="-8.0422380" lon="112.9322870">
    <ele>2462.8</ele>
   </trkpt>
   <trkpt lat="-8.0422250" lon="112.9322710">
    <ele>2462.4</ele>
   </trkpt>
   <trkpt lat="-8.0422190" lon="112.9322580">
    <ele>2461.4</ele>
   </trkpt>
   <trkpt lat="-8.0422070" lon="112.9322410">
    <ele>2460.2</ele>
   </trkpt>
   <trkpt lat="-8.0421730" lon="112.9321990">
    <ele>2459.0</ele>
   </trkpt>
   <trkpt lat="-8.0421280" lon="112.9321570">
    <ele>2457.8</ele>
   </trkpt>
   <trkpt lat="-8.0420110" lon="112.9320300">
    <ele>2456.8</ele>
   </trkpt>
   <trkpt lat="-8.0419940" lon="112.9320090">
    <ele>2456.4</ele>
   </trkpt>
   <trkpt lat="-8.0419600" lon="112.9319440">
    <ele>2455.2</ele>
   </trkpt>
   <trkpt lat="-8.0419280" lon="112.9319050">
    <ele>2454.6</ele>
   </trkpt>
   <trkpt lat="-8.0418670" lon="112.9318640">
    <ele>2453.6</ele>
   </trkpt>
   <trkpt lat="-8.0417990" lon="112.9318120">
    <ele>2452.2</ele>
   </trkpt>
   <trkpt lat="-8.0416930" lon="112.9317440">
    <ele>2451.2</ele>
   </trkpt>
   <trkpt lat="-8.0416560" lon="112.9317030">
    <ele>2451.0</ele>
   </trkpt>
   <trkpt lat="-8.0416460" lon="112.9316860">
    <ele>2450.8</ele>
   </trkpt>
   <trkpt lat="-8.0415940" lon="112.9316320">
    <ele>2449.8</ele>
   </trkpt>
   <trkpt lat="-8.0415420" lon="112.9316010">
    <ele>2449.6</ele>
   </trkpt>
   <trkpt lat="-8.0414860" lon="112.9315570">
    <ele>2448.6</ele>
   </trkpt>
   <trkpt lat="-8.0414500" lon="112.9315330">
    <ele>2448.0</ele>
   </trkpt>
   <trkpt lat="-8.0413760" lon="112.9314940">
    <ele>2447.2</ele>
   </trkpt>
   <trkpt lat="-8.0412970" lon="112.9314690">
    <ele>2446.6</ele>
   </trkpt>
   <trkpt lat="-8.0412280" lon="112.9314350">
    <ele>2446.2</ele>
   </trkpt>
   <trkpt lat="-8.0411560" lon="112.9314140">
    <ele>2445.0</ele>
   </trkpt>
   <trkpt lat="-8.0410990" lon="112.9314210">
    <ele>2444.0</ele>
   </trkpt>
   <trkpt lat="-8.0410760" lon="112.9314350">
    <ele>2443.6</ele>
   </trkpt>
   <trkpt lat="-8.0409870" lon="112.9314980">
    <ele>2442.6</ele>
   </trkpt>
   <trkpt lat="-8.0409640" lon="112.9314910">
    <ele>2442.0</ele>
   </trkpt>
   <trkpt lat="-8.0408930" lon="112.9314480">
    <ele>2441.6</ele>
   </trkpt>
   <trkpt lat="-8.0407830" lon="112.9314000">
    <ele>2440.4</ele>
   </trkpt>
   <trkpt lat="-8.0406670" lon="112.9314030">
    <ele>2439.6</ele>
   </trkpt>
   <trkpt lat="-8.0406120" lon="112.9314100">
    <ele>2439.2</ele>
   </trkpt>
   <trkpt lat="-8.0405340" lon="112.9314340">
    <ele>2438.0</ele>
   </trkpt>
   <trkpt lat="-8.0405090" lon="112.9314350">
    <ele>2437.6</ele>
   </trkpt>
   <trkpt lat="-8.0404160" lon="112.9314670">
    <ele>2437.4</ele>
   </trkpt>
   <trkpt lat="-8.0403940" lon="112.9314900">
    <ele>2436.8</ele>
   </trkpt>
   <trkpt lat="-8.0402670" lon="112.9315840">
    <ele>2435.6</ele>
   </trkpt>
   <trkpt lat="-8.0402110" lon="112.9315990">
    <ele>2435.4</ele>
   </trkpt>
   <trkpt lat="-8.0401550" lon="112.9316060">
    <ele>2434.4</ele>
   </trkpt>
   <trkpt lat="-8.0401130" lon="112.9315830">
    <ele>2433.6</ele>
   </trkpt>
   <trkpt lat="-8.0400850" lon="112.9315350">
    <ele>2433.4</ele>
   </trkpt>
   <trkpt lat="-8.0400600" lon="112.9314640">
    <ele>2433.2</ele>
   </trkpt>
   <trkpt lat="-8.0400300" lon="112.9312820">
    <ele>2433.4</ele>
   </trkpt>
   <trkpt lat="-8.0399670" lon="112.9311260">
    <ele>2432.4</ele>
   </trkpt>
   <trkpt lat="-8.0399490" lon="112.9311010">
    <ele>2432.0</ele>
   </trkpt>
   <trkpt lat="-8.0399500" lon="112.9310300">
    <ele>2430.8</ele>
   </trkpt>
   <trkpt lat="-8.0399080" lon="112.9309910">
    <ele>2430.4</ele>
   </trkpt>
   <trkpt lat="-8.0398940" lon="112.9309920">
    <ele>2430.2</ele>
   </trkpt>
   <trkpt lat="-8.0397960" lon="112.9309880">
    <ele>2429.2</ele>
   </trkpt>
   <trkpt lat="-8.0397580" lon="112.9310050">
    <ele>2428.0</ele>
   </trkpt>
   <trkpt lat="-8.0396720" lon="112.9310420">
    <ele>2427.2</ele>
   </trkpt>
   <trkpt lat="-8.0396400" lon="112.9310550">
    <ele>2427.0</ele>
   </trkpt>
   <trkpt lat="-8.0395890" lon="112.9310860">
    <ele>2426.2</ele>
   </trkpt>
   <trkpt lat="-8.0395690" lon="112.9310960">
    <ele>2425.8</ele>
   </trkpt>
   <trkpt lat="-8.0395490" lon="112.9311210">
    <ele>2425.4</ele>
   </trkpt>
   <trkpt lat="-8.0395240" lon="112.9311610">
    <ele>2424.6</ele>
   </trkpt>
   <trkpt lat="-8.0394970" lon="112.9312060">
    <ele>2424.2</ele>
   </trkpt>
   <trkpt lat="-8.0394430" lon="112.9313110">
    <ele>2423.4</ele>
   </trkpt>
   <trkpt lat="-8.0394270" lon="112.9313340">
    <ele>2423.2</ele>
   </trkpt>
   <trkpt lat="-8.0393320" lon="112.9314840">
    <ele>2422.6</ele>
   </trkpt>
   <trkpt lat="-8.0393170" lon="112.9315070">
    <ele>2422.2</ele>
   </trkpt>
   <trkpt lat="-8.0392570" lon="112.9315690">
    <ele>2421.2</ele>
   </trkpt>
   <trkpt lat="-8.0392380" lon="112.9315910">
    <ele>2421.0</ele>
   </trkpt>
   <trkpt lat="-8.0391360" lon="112.9316690">
    <ele>2420.8</ele>
   </trkpt>
   <trkpt lat="-8.0389860" lon="112.9317310">
    <ele>2420.2</ele>
   </trkpt>
   <trkpt lat="-8.0389620" lon="112.9317450">
    <ele>2420.0</ele>
   </trkpt>
   <trkpt lat="-8.0388860" lon="112.9317990">
    <ele>2419.8</ele>
   </trkpt>
   <trkpt lat="-8.0387870" lon="112.9318400">
    <ele>2419.2</ele>
   </trkpt>
   <trkpt lat="-8.0387330" lon="112.9318480">
    <ele>2419.2</ele>
   </trkpt>
   <trkpt lat="-8.0385970" lon="112.9318460">
    <ele>2418.4</ele>
   </trkpt>
   <trkpt lat="-8.0385100" lon="112.9318480">
    <ele>2418.4</ele>
   </trkpt>
   <trkpt lat="-8.0384490" lon="112.9318530">
    <ele>2418.4</ele>
   </trkpt>
   <trkpt lat="-8.0384100" lon="112.9319500">
    <ele>2417.4</ele>
   </trkpt>
   <trkpt lat="-8.0383860" lon="112.9319790">
    <ele>2416.6</ele>
   </trkpt>
   <trkpt lat="-8.0383680" lon="112.9320050">
    <ele>2416.0</ele>
   </trkpt>
   <trkpt lat="-8.0383000" lon="112.9320740">
    <ele>2414.6</ele>
   </trkpt>
   <trkpt lat="-8.0381920" lon="112.9321140">
    <ele>2414.0</ele>
   </trkpt>
   <trkpt lat="-8.0381190" lon="112.9321220">
    <ele>2415.2</ele>
   </trkpt>
   <trkpt lat="-8.0380970" lon="112.9321340">
    <ele>2415.4</ele>
   </trkpt>
   <trkpt lat="-8.0380850" lon="112.9321430">
    <ele>2415.6</ele>
   </trkpt>
   <trkpt lat="-8.0380440" lon="112.9321420">
    <ele>2415.8</ele>
   </trkpt>
   <trkpt lat="-8.0379830" lon="112.9321500">
    <ele>2415.4</ele>
   </trkpt>
   <trkpt lat="-8.0379610" lon="112.9321680">
    <ele>2415.2</ele>
   </trkpt>
   <trkpt lat="-8.0379580" lon="112.9322040">
    <ele>2414.6</ele>
   </trkpt>
   <trkpt lat="-8.0379240" lon="112.9322560">
    <ele>2414.4</ele>
   </trkpt>
   <trkpt lat="-8.0379490" lon="112.9323420">
    <ele>2413.0</ele>
   </trkpt>
   <trkpt lat="-8.0379560" lon="112.9323770">
    <ele>2412.4</ele>
   </trkpt>
   <trkpt lat="-8.0379530" lon="112.9324550">
    <ele>2411.8</ele>
   </trkpt>
   <trkpt lat="-8.0379250" lon="112.9325470">
    <ele>2410.4</ele>
   </trkpt>
   <trkpt lat="-8.0378770" lon="112.9326390">
    <ele>2409.4</ele>
   </trkpt>
   <trkpt lat="-8.0378540" lon="112.9326810">
    <ele>2409.0</ele>
   </trkpt>
   <trkpt lat="-8.0377920" lon="112.9328220">
    <ele>2408.2</ele>
   </trkpt>
   <trkpt lat="-8.0377530" lon="112.9328240">
    <ele>2408.0</ele>
   </trkpt>
   <trkpt lat="-8.0377260" lon="112.9328410">
    <ele>2407.6</ele>
   </trkpt>
   <trkpt lat="-8.0376730" lon="112.9328680">
    <ele>2407.0</ele>
   </trkpt>
   <trkpt lat="-8.0376610" lon="112.9328930">
    <ele>2406.6</ele>
   </trkpt>
   <trkpt lat="-8.0376200" lon="112.9329310">
    <ele>2406.0</ele>
   </trkpt>
   <trkpt lat="-8.0376090" lon="112.9329600">
    <ele>2405.8</ele>
   </trkpt>
   <trkpt lat="-8.0375870" lon="112.9330500">
    <ele>2404.4</ele>
   </trkpt>
   <trkpt lat="-8.0375780" lon="112.9330980">
    <ele>2403.6</ele>
   </trkpt>
   <trkpt lat="-8.0375750" lon="112.9331190">
    <ele>2403.2</ele>
   </trkpt>
   <trkpt lat="-8.0375350" lon="112.9332390">
    <ele>2402.0</ele>
   </trkpt>
   <trkpt lat="-8.0375160" lon="112.9332700">
    <ele>2401.4</ele>
   </trkpt>
   <trkpt lat="-8.0374720" lon="112.9334010">
    <ele>2400.6</ele>
   </trkpt>
   <trkpt lat="-8.0374350" lon="112.9334440">
    <ele>2399.8</ele>
   </trkpt>
   <trkpt lat="-8.0374200" lon="112.9334740">
    <ele>2399.6</ele>
   </trkpt>
   <trkpt lat="-8.0373290" lon="112.9335810">
    <ele>2398.4</ele>
   </trkpt>
   <trkpt lat="-8.0372940" lon="112.9336090">
    <ele>2398.2</ele>
   </trkpt>
   <trkpt lat="-8.0372420" lon="112.9336930">
    <ele>2397.8</ele>
   </trkpt>
   <trkpt lat="-8.0372210" lon="112.9337950">
    <ele>2397.2</ele>
   </trkpt>
   <trkpt lat="-8.0372160" lon="112.9338630">
    <ele>2396.6</ele>
   </trkpt>
   <trkpt lat="-8.0372230" lon="112.9338810">
    <ele>2396.2</ele>
   </trkpt>
   <trkpt lat="-8.0372270" lon="112.9338810">
    <ele>2396.0</ele>
   </trkpt>
   <trkpt lat="-8.0372400" lon="112.9338900">
    <ele>2396.0</ele>
   </trkpt>
   <trkpt lat="-8.0372350" lon="112.9339510">
    <ele>2395.6</ele>
   </trkpt>
   <trkpt lat="-8.0372300" lon="112.9340040">
    <ele>2395.0</ele>
   </trkpt>
   <trkpt lat="-8.0372410" lon="112.9340970">
    <ele>2393.8</ele>
   </trkpt>
   <trkpt lat="-8.0372470" lon="112.9342520">
    <ele>2392.4</ele>
   </trkpt>
   <trkpt lat="-8.0372430" lon="112.9342840">
    <ele>2392.0</ele>
   </trkpt>
   <trkpt lat="-8.0372060" lon="112.9343740">
    <ele>2391.0</ele>
   </trkpt>
   <trkpt lat="-8.0371850" lon="112.9343810">
    <ele>2390.8</ele>
   </trkpt>
   <trkpt lat="-8.0371630" lon="112.9343870">
    <ele>2390.4</ele>
   </trkpt>
   <trkpt lat="-8.0371260" lon="112.9343820">
    <ele>2390.0</ele>
   </trkpt>
   <trkpt lat="-8.0370770" lon="112.9343550">
    <ele>2389.0</ele>
   </trkpt>
   <trkpt lat="-8.0370650" lon="112.9343420">
    <ele>2388.6</ele>
   </trkpt>
   <trkpt lat="-8.0370250" lon="112.9342720">
    <ele>2387.8</ele>
   </trkpt>
   <trkpt lat="-8.0370170" lon="112.9342580">
    <ele>2387.6</ele>
   </trkpt>
   <trkpt lat="-8.0369850" lon="112.9341960">
    <ele>2386.6</ele>
   </trkpt>
   <trkpt lat="-8.0369740" lon="112.9341640">
    <ele>2386.2</ele>
   </trkpt>
   <trkpt lat="-8.0369280" lon="112.9341160">
    <ele>2385.6</ele>
   </trkpt>
   <trkpt lat="-8.0368620" lon="112.9340700">
    <ele>2385.4</ele>
   </trkpt>
   <trkpt lat="-8.0367590" lon="112.9340190">
    <ele>2384.4</ele>
   </trkpt>
   <trkpt lat="-8.0366820" lon="112.9339910">
    <ele>2383.8</ele>
   </trkpt>
   <trkpt lat="-8.0365860" lon="112.9339680">
    <ele>2383.2</ele>
   </trkpt>
   <trkpt lat="-8.0364780" lon="112.9339450">
    <ele>2382.0</ele>
   </trkpt>
   <trkpt lat="-8.0363440" lon="112.9338790">
    <ele>2381.0</ele>
   </trkpt>
   <trkpt lat="-8.0362500" lon="112.9338310">
    <ele>2379.8</ele>
   </trkpt>
   <trkpt lat="-8.0362060" lon="112.9338140">
    <ele>2379.2</ele>
   </trkpt>
   <trkpt lat="-8.0361310" lon="112.9337810">
    <ele>2378.8</ele>
   </trkpt>
   <trkpt lat="-8.0361030" lon="112.9337860">
    <ele>2378.4</ele>
   </trkpt>
   <trkpt lat="-8.0360240" lon="112.9337790">
    <ele>2377.6</ele>
   </trkpt>
   <trkpt lat="-8.0359530" lon="112.9337660">
    <ele>2376.8</ele>
   </trkpt>
   <trkpt lat="-8.0359280" lon="112.9337670">
    <ele>2376.6</ele>
   </trkpt>
   <trkpt lat="-8.0358160" lon="112.9337620">
    <ele>2376.0</ele>
   </trkpt>
   <trkpt lat="-8.0357700" lon="112.9337410">
    <ele>2375.0</ele>
   </trkpt>
   <trkpt lat="-8.0357100" lon="112.9337270">
    <ele>2374.8</ele>
   </trkpt>
   <trkpt lat="-8.0356750" lon="112.9337320">
    <ele>2374.2</ele>
   </trkpt>
   <trkpt lat="-8.0356500" lon="112.9337200">
    <ele>2373.8</ele>
   </trkpt>
   <trkpt lat="-8.0355410" lon="112.9337390">
    <ele>2372.4</ele>
   </trkpt>
   <trkpt lat="-8.0355010" lon="112.9337810">
    <ele>2371.2</ele>
   </trkpt>
   <trkpt lat="-8.0354460" lon="112.9338300">
    <ele>2371.2</ele>
   </trkpt>
   <trkpt lat="-8.0354310" lon="112.9338240">
    <ele>2371.0</ele>
   </trkpt>
   <trkpt lat="-8.0354030" lon="112.9338500">
    <ele>2370.6</ele>
   </trkpt>
   <trkpt lat="-8.0353880" lon="112.9338600">
    <ele>2370.6</ele>
   </trkpt>
   <trkpt lat="-8.0353670" lon="112.9338580">
    <ele>2369.8</ele>
   </trkpt>
   <trkpt lat="-8.0353390" lon="112.9338740">
    <ele>2369.0</ele>
   </trkpt>
   <trkpt lat="-8.0353130" lon="112.9338810">
    <ele>2368.8</ele>
   </trkpt>
   <trkpt lat="-8.0353030" lon="112.9339380">
    <ele>2369.2</ele>
   </trkpt>
   <trkpt lat="-8.0352810" lon="112.9339010">
    <ele>2369.2</ele>
   </trkpt>
   <trkpt lat="-8.0352590" lon="112.9338880">
    <ele>2369.0</ele>
   </trkpt>
   <trkpt lat="-8.0352420" lon="112.9338860">
    <ele>2369.0</ele>
   </trkpt>
   <trkpt lat="-8.0352190" lon="112.9338810">
    <ele>2368.6</ele>
   </trkpt>
   <trkpt lat="-8.0351880" lon="112.9338920">
    <ele>2368.0</ele>
   </trkpt>
   <trkpt lat="-8.0351670" lon="112.9339060">
    <ele>2367.6</ele>
   </trkpt>
   <trkpt lat="-8.0351480" lon="112.9339320">
    <ele>2367.6</ele>
   </trkpt>
   <trkpt lat="-8.0350890" lon="112.9339540">
    <ele>2366.2</ele>
   </trkpt>
   <trkpt lat="-8.0350650" lon="112.9339430">
    <ele>2366.0</ele>
   </trkpt>
   <trkpt lat="-8.0350080" lon="112.9339490">
    <ele>2365.0</ele>
   </trkpt>
   <trkpt lat="-8.0349820" lon="112.9339460">
    <ele>2364.8</ele>
   </trkpt>
   <trkpt lat="-8.0348980" lon="112.9339810">
    <ele>2364.4</ele>
   </trkpt>
   <trkpt lat="-8.0348550" lon="112.9340120">
    <ele>2363.8</ele>
   </trkpt>
   <trkpt lat="-8.0347860" lon="112.9340010">
    <ele>2362.8</ele>
   </trkpt>
   <trkpt lat="-8.0347590" lon="112.9340140">
    <ele>2362.2</ele>
   </trkpt>
   <trkpt lat="-8.0346760" lon="112.9340580">
    <ele>2361.2</ele>
   </trkpt>
   <trkpt lat="-8.0346480" lon="112.9340380">
    <ele>2361.2</ele>
   </trkpt>
   <trkpt lat="-8.0346220" lon="112.9340620">
    <ele>2361.0</ele>
   </trkpt>
   <trkpt lat="-8.0345580" lon="112.9341210">
    <ele>2360.6</ele>
   </trkpt>
   <trkpt lat="-8.0344790" lon="112.9341780">
    <ele>2359.8</ele>
   </trkpt>
   <trkpt lat="-8.0344050" lon="112.9342280">
    <ele>2359.0</ele>
   </trkpt>
   <trkpt lat="-8.0343850" lon="112.9342280">
    <ele>2358.4</ele>
   </trkpt>
   <trkpt lat="-8.0343240" lon="112.9342050">
    <ele>2357.8</ele>
   </trkpt>
   <trkpt lat="-8.0342930" lon="112.9341970">
    <ele>2357.2</ele>
   </trkpt>
   <trkpt lat="-8.0342670" lon="112.9341940">
    <ele>2356.8</ele>
   </trkpt>
   <trkpt lat="-8.0342050" lon="112.9341660">
    <ele>2356.0</ele>
   </trkpt>
   <trkpt lat="-8.0341440" lon="112.9341050">
    <ele>2355.6</ele>
   </trkpt>
   <trkpt lat="-8.0341090" lon="112.9340780">
    <ele>2356.2</ele>
   </trkpt>
   <trkpt lat="-8.0340990" lon="112.9340710">
    <ele>2355.6</ele>
   </trkpt>
   <trkpt lat="-8.0340890" lon="112.9340550">
    <ele>2354.8</ele>
   </trkpt>
   <trkpt lat="-8.0340770" lon="112.9340290">
    <ele>2353.6</ele>
   </trkpt>
   <trkpt lat="-8.0340750" lon="112.9340230">
    <ele>2352.8</ele>
   </trkpt>
   <trkpt lat="-8.0340760" lon="112.9340170">
    <ele>2352.0</ele>
   </trkpt>
   <trkpt lat="-8.0340750" lon="112.9339960">
    <ele>2351.0</ele>
   </trkpt>
   <trkpt lat="-8.0340790" lon="112.9339700">
    <ele>2350.8</ele>
   </trkpt>
   <trkpt lat="-8.0340770" lon="112.9339350">
    <ele>2350.6</ele>
   </trkpt>
   <trkpt lat="-8.0340760" lon="112.9338780">
    <ele>2349.8</ele>
   </trkpt>
   <trkpt lat="-8.0340730" lon="112.9338210">
    <ele>2347.8</ele>
   </trkpt>
   <trkpt lat="-8.0340700" lon="112.9337870">
    <ele>2347.0</ele>
   </trkpt>
   <trkpt lat="-8.0340730" lon="112.9337540">
    <ele>2346.6</ele>
   </trkpt>
   <trkpt lat="-8.0340840" lon="112.9336620">
    <ele>2345.2</ele>
   </trkpt>
   <trkpt lat="-8.0340930" lon="112.9336150">
    <ele>2344.0</ele>
   </trkpt>
   <trkpt lat="-8.0340940" lon="112.9335860">
    <ele>2343.4</ele>
   </trkpt>
   <trkpt lat="-8.0341030" lon="112.9335290">
    <ele>2343.0</ele>
   </trkpt>
   <trkpt lat="-8.0341370" lon="112.9334340">
    <ele>2342.8</ele>
   </trkpt>
   <trkpt lat="-8.0341320" lon="112.9333570">
    <ele>2341.6</ele>
   </trkpt>
   <trkpt lat="-8.0341620" lon="112.9333140">
    <ele>2341.0</ele>
   </trkpt>
   <trkpt lat="-8.0341610" lon="112.9332620">
    <ele>2340.6</ele>
   </trkpt>
   <trkpt lat="-8.0341350" lon="112.9331640">
    <ele>2340.2</ele>
   </trkpt>
   <trkpt lat="-8.0340690" lon="112.9330720">
    <ele>2340.2</ele>
   </trkpt>
   <trkpt lat="-8.0340230" lon="112.9329780">
    <ele>2340.6</ele>
   </trkpt>
   <trkpt lat="-8.0340260" lon="112.9328870">
    <ele>2340.4</ele>
   </trkpt>
   <trkpt lat="-8.0340100" lon="112.9328440">
    <ele>2340.4</ele>
   </trkpt>
   <trkpt lat="-8.0339540" lon="112.9327330">
    <ele>2340.4</ele>
   </trkpt>
   <trkpt lat="-8.0338150" lon="112.9325440">
    <ele>2341.2</ele>
   </trkpt>
   <trkpt lat="-8.0337770" lon="112.9325160">
    <ele>2341.8</ele>
   </trkpt>
   <trkpt lat="-8.0337030" lon="112.9324940">
    <ele>2341.8</ele>
   </trkpt>
   <trkpt lat="-8.0336270" lon="112.9324520">
    <ele>2342.6</ele>
   </trkpt>
   <trkpt lat="-8.0336030" lon="112.9324370">
    <ele>2343.0</ele>
   </trkpt>
   <trkpt lat="-8.0335390" lon="112.9323980">
    <ele>2344.0</ele>
   </trkpt>
   <trkpt lat="-8.0334920" lon="112.9323570">
    <ele>2344.8</ele>
   </trkpt>
   <trkpt lat="-8.0334360" lon="112.9323160">
    <ele>2345.0</ele>
   </trkpt>
   <trkpt lat="-8.0333900" lon="112.9322730">
    <ele>2345.4</ele>
   </trkpt>
   <trkpt lat="-8.0333440" lon="112.9322540">
    <ele>2346.2</ele>
   </trkpt>
   <trkpt lat="-8.0332320" lon="112.9321890">
    <ele>2347.2</ele>
   </trkpt>
   <trkpt lat="-8.0332080" lon="112.9321680">
    <ele>2347.4</ele>
   </trkpt>
   <trkpt lat="-8.0331510" lon="112.9321640">
    <ele>2348.2</ele>
   </trkpt>
   <trkpt lat="-8.0331610" lon="112.9321750">
    <ele>2349.2</ele>
   </trkpt>
   <trkpt lat="-8.0331510" lon="112.9321720">
    <ele>2349.2</ele>
   </trkpt>
   <trkpt lat="-8.0331110" lon="112.9321570">
    <ele>2350.0</ele>
   </trkpt>
   <trkpt lat="-8.0330360" lon="112.9321670">
    <ele>2350.4</ele>
   </trkpt>
   <trkpt lat="-8.0330070" lon="112.9321660">
    <ele>2350.6</ele>
   </trkpt>
   <trkpt lat="-8.0329420" lon="112.9321750">
    <ele>2351.6</ele>
   </trkpt>
   <trkpt lat="-8.0329220" lon="112.9321850">
    <ele>2351.8</ele>
   </trkpt>
   <trkpt lat="-8.0329020" lon="112.9321850">
    <ele>2352.6</ele>
   </trkpt>
   <trkpt lat="-8.0328860" lon="112.9322060">
    <ele>2352.8</ele>
   </trkpt>
   <trkpt lat="-8.0328410" lon="112.9323100">
    <ele>2352.6</ele>
   </trkpt>
   <trkpt lat="-8.0327920" lon="112.9323340">
    <ele>2352.6</ele>
   </trkpt>
   <trkpt lat="-8.0327750" lon="112.9323510">
    <ele>2353.2</ele>
   </trkpt>
   <trkpt lat="-8.0327560" lon="112.9323560">
    <ele>2353.8</ele>
   </trkpt>
   <trkpt lat="-8.0327290" lon="112.9323650">
    <ele>2355.0</ele>
   </trkpt>
   <trkpt lat="-8.0327100" lon="112.9323720">
    <ele>2355.2</ele>
   </trkpt>
   <trkpt lat="-8.0326990" lon="112.9324090">
    <ele>2356.0</ele>
   </trkpt>
   <trkpt lat="-8.0326950" lon="112.9324340">
    <ele>2356.6</ele>
   </trkpt>
   <trkpt lat="-8.0326850" lon="112.9324650">
    <ele>2357.2</ele>
   </trkpt>
   <trkpt lat="-8.0326860" lon="112.9324820">
    <ele>2357.2</ele>
   </trkpt>
   <trkpt lat="-8.0326450" lon="112.9325700">
    <ele>2356.0</ele>
   </trkpt>
   <trkpt lat="-8.0325870" lon="112.9326560">
    <ele>2355.0</ele>
   </trkpt>
   <trkpt lat="-8.0325730" lon="112.9326850">
    <ele>2354.8</ele>
   </trkpt>
   <trkpt lat="-8.0325290" lon="112.9328170">
    <ele>2355.0</ele>
   </trkpt>
   <trkpt lat="-8.0325090" lon="112.9328510">
    <ele>2356.0</ele>
   </trkpt>
   <trkpt lat="-8.0324580" lon="112.9329370">
    <ele>2356.0</ele>
   </trkpt>
   <trkpt lat="-8.0323810" lon="112.9330350">
    <ele>2355.6</ele>
   </trkpt>
   <trkpt lat="-8.0323640" lon="112.9330740">
    <ele>2356.8</ele>
   </trkpt>
   <trkpt lat="-8.0323670" lon="112.9331270">
    <ele>2357.0</ele>
   </trkpt>
   <trkpt lat="-8.0323310" lon="112.9331750">
    <ele>2358.2</ele>
   </trkpt>
   <trkpt lat="-8.0323170" lon="112.9331740">
    <ele>2358.4</ele>
   </trkpt>
   <trkpt lat="-8.0322770" lon="112.9331620">
    <ele>2359.4</ele>
   </trkpt>
   <trkpt lat="-8.0322580" lon="112.9331510">
    <ele>2359.8</ele>
   </trkpt>
   <trkpt lat="-8.0322320" lon="112.9331400">
    <ele>2360.4</ele>
   </trkpt>
   <trkpt lat="-8.0322030" lon="112.9331270">
    <ele>2361.0</ele>
   </trkpt>
   <trkpt lat="-8.0322000" lon="112.9331680">
    <ele>2361.6</ele>
   </trkpt>
   <trkpt lat="-8.0321840" lon="112.9331940">
    <ele>2362.6</ele>
   </trkpt>
   <trkpt lat="-8.0321360" lon="112.9331960">
    <ele>2363.8</ele>
   </trkpt>
   <trkpt lat="-8.0321270" lon="112.9331890">
    <ele>2364.2</ele>
   </trkpt>
   <trkpt lat="-8.0321170" lon="112.9331980">
    <ele>2364.4</ele>
   </trkpt>
   <trkpt lat="-8.0321610" lon="112.9332710">
    <ele>2364.6</ele>
   </trkpt>
   <trkpt lat="-8.0322120" lon="112.9333910">
    <ele>2363.2</ele>
   </trkpt>
   <trkpt lat="-8.0321900" lon="112.9334260">
    <ele>2362.6</ele>
   </trkpt>
   <trkpt lat="-8.0321460" lon="112.9334990">
    <ele>2362.8</ele>
   </trkpt>
   <trkpt lat="-8.0321000" lon="112.9336250">
    <ele>2363.2</ele>
   </trkpt>
   <trkpt lat="-8.0320600" lon="112.9336880">
    <ele>2362.6</ele>
   </trkpt>
   <trkpt lat="-8.0320460" lon="112.9336910">
    <ele>2362.8</ele>
   </trkpt>
   <trkpt lat="-8.0320090" lon="112.9336910">
    <ele>2363.8</ele>
   </trkpt>
   <trkpt lat="-8.0320010" lon="112.9336930">
    <ele>2364.2</ele>
   </trkpt>
   <trkpt lat="-8.0319750" lon="112.9337040">
    <ele>2364.8</ele>
   </trkpt>
   <trkpt lat="-8.0319480" lon="112.9337340">
    <ele>2365.6</ele>
   </trkpt>
   <trkpt lat="-8.0319430" lon="112.9337470">
    <ele>2366.0</ele>
   </trkpt>
   <trkpt lat="-8.0319420" lon="112.9337710">
    <ele>2366.6</ele>
   </trkpt>
   <trkpt lat="-8.0319340" lon="112.9338050">
    <ele>2367.2</ele>
   </trkpt>
   <trkpt lat="-8.0319180" lon="112.9338570">
    <ele>2367.8</ele>
   </trkpt>
   <trkpt lat="-8.0319130" lon="112.9338880">
    <ele>2368.0</ele>
   </trkpt>
   <trkpt lat="-8.0319100" lon="112.9339060">
    <ele>2368.2</ele>
   </trkpt>
   <trkpt lat="-8.0318860" lon="112.9339440">
    <ele>2369.4</ele>
   </trkpt>
   <trkpt lat="-8.0318810" lon="112.9339600">
    <ele>2369.4</ele>
   </trkpt>
   <trkpt lat="-8.0318720" lon="112.9339680">
    <ele>2369.6</ele>
   </trkpt>
   <trkpt lat="-8.0318210" lon="112.9339990">
    <ele>2370.2</ele>
   </trkpt>
   <trkpt lat="-8.0318120" lon="112.9340060">
    <ele>2370.4</ele>
   </trkpt>
   <trkpt lat="-8.0318090" lon="112.9340310">
    <ele>2371.2</ele>
   </trkpt>
   <trkpt lat="-8.0318030" lon="112.9340420">
    <ele>2371.4</ele>
   </trkpt>
   <trkpt lat="-8.0317960" lon="112.9340510">
    <ele>2371.8</ele>
   </trkpt>
   <trkpt lat="-8.0317130" lon="112.9341010">
    <ele>2372.4</ele>
   </trkpt>
   <trkpt lat="-8.0317010" lon="112.9341340">
    <ele>2372.8</ele>
   </trkpt>
   <trkpt lat="-8.0316850" lon="112.9341630">
    <ele>2373.0</ele>
   </trkpt>
   <trkpt lat="-8.0316640" lon="112.9342010">
    <ele>2373.6</ele>
   </trkpt>
   <trkpt lat="-8.0316370" lon="112.9342570">
    <ele>2374.2</ele>
   </trkpt>
   <trkpt lat="-8.0316080" lon="112.9342990">
    <ele>2374.6</ele>
   </trkpt>
   <trkpt lat="-8.0315830" lon="112.9343400">
    <ele>2375.0</ele>
   </trkpt>
   <trkpt lat="-8.0315150" lon="112.9344340">
    <ele>2375.6</ele>
   </trkpt>
   <trkpt lat="-8.0314550" lon="112.9345290">
    <ele>2375.6</ele>
   </trkpt>
   <trkpt lat="-8.0314410" lon="112.9345520">
    <ele>2375.6</ele>
   </trkpt>
   <trkpt lat="-8.0314280" lon="112.9345900">
    <ele>2376.0</ele>
   </trkpt>
   <trkpt lat="-8.0314110" lon="112.9346480">
    <ele>2376.8</ele>
   </trkpt>
   <trkpt lat="-8.0313780" lon="112.9346320">
    <ele>2376.8</ele>
   </trkpt>
   <trkpt lat="-8.0313580" lon="112.9346390">
    <ele>2377.8</ele>
   </trkpt>
   <trkpt lat="-8.0313290" lon="112.9346300">
    <ele>2378.0</ele>
   </trkpt>
   <trkpt lat="-8.0312920" lon="112.9346360">
    <ele>2378.2</ele>
   </trkpt>
   <trkpt lat="-8.0312280" lon="112.9346560">
    <ele>2378.2</ele>
   </trkpt>
   <trkpt lat="-8.0311650" lon="112.9346830">
    <ele>2378.2</ele>
   </trkpt>
   <trkpt lat="-8.0310800" lon="112.9347150">
    <ele>2378.8</ele>
   </trkpt>
   <trkpt lat="-8.0309650" lon="112.9347200">
    <ele>2378.4</ele>
   </trkpt>
   <trkpt lat="-8.0308410" lon="112.9347050">
    <ele>2379.0</ele>
   </trkpt>
   <trkpt lat="-8.0307760" lon="112.9347260">
    <ele>2380.0</ele>
   </trkpt>
   <trkpt lat="-8.0307350" lon="112.9347290">
    <ele>2380.2</ele>
   </trkpt>
   <trkpt lat="-8.0307010" lon="112.9347280">
    <ele>2380.2</ele>
   </trkpt>
   <trkpt lat="-8.0306640" lon="112.9347300">
    <ele>2381.4</ele>
   </trkpt>
   <trkpt lat="-8.0306480" lon="112.9347270">
    <ele>2381.8</ele>
   </trkpt>
   <trkpt lat="-8.0306430" lon="112.9347470">
    <ele>2381.8</ele>
   </trkpt>
   <trkpt lat="-8.0306070" lon="112.9348150">
    <ele>2382.2</ele>
   </trkpt>
   <trkpt lat="-8.0305710" lon="112.9348100">
    <ele>2382.6</ele>
   </trkpt>
   <trkpt lat="-8.0305490" lon="112.9348040">
    <ele>2383.2</ele>
   </trkpt>
   <trkpt lat="-8.0305260" lon="112.9348230">
    <ele>2383.2</ele>
   </trkpt>
   <trkpt lat="-8.0305330" lon="112.9348580">
    <ele>2383.2</ele>
   </trkpt>
   <trkpt lat="-8.0304950" lon="112.9348830">
    <ele>2383.2</ele>
   </trkpt>
   <trkpt lat="-8.0304690" lon="112.9349210">
    <ele>2383.6</ele>
   </trkpt>
   <trkpt lat="-8.0304320" lon="112.9349830">
    <ele>2385.0</ele>
   </trkpt>
   <trkpt lat="-8.0303930" lon="112.9350490">
    <ele>2386.0</ele>
   </trkpt>
   <trkpt lat="-8.0303800" lon="112.9350810">
    <ele>2386.2</ele>
   </trkpt>
   <trkpt lat="-8.0303550" lon="112.9351620">
    <ele>2386.8</ele>
   </trkpt>
   <trkpt lat="-8.0303600" lon="112.9351840">
    <ele>2387.2</ele>
   </trkpt>
   <trkpt lat="-8.0303680" lon="112.9352500">
    <ele>2387.8</ele>
   </trkpt>
   <trkpt lat="-8.0303370" lon="112.9352860">
    <ele>2388.2</ele>
   </trkpt>
   <trkpt lat="-8.0303150" lon="112.9353050">
    <ele>2388.6</ele>
   </trkpt>
   <trkpt lat="-8.0302980" lon="112.9353510">
    <ele>2388.8</ele>
   </trkpt>
   <trkpt lat="-8.0302960" lon="112.9353640">
    <ele>2388.8</ele>
   </trkpt>
   <trkpt lat="-8.0302850" lon="112.9354180">
    <ele>2388.4</ele>
   </trkpt>
   <trkpt lat="-8.0302680" lon="112.9354490">
    <ele>2388.6</ele>
   </trkpt>
   <trkpt lat="-8.0302590" lon="112.9354810">
    <ele>2389.0</ele>
   </trkpt>
   <trkpt lat="-8.0302250" lon="112.9355390">
    <ele>2389.6</ele>
   </trkpt>
   <trkpt lat="-8.0302100" lon="112.9355640">
    <ele>2389.8</ele>
   </trkpt>
   <trkpt lat="-8.0302250" lon="112.9356450">
    <ele>2390.2</ele>
   </trkpt>
   <trkpt lat="-8.0302280" lon="112.9356580">
    <ele>2390.2</ele>
   </trkpt>
   <trkpt lat="-8.0302410" lon="112.9356940">
    <ele>2389.0</ele>
   </trkpt>
   <trkpt lat="-8.0302690" lon="112.9357120">
    <ele>2389.0</ele>
   </trkpt>
   <trkpt lat="-8.0302660" lon="112.9357220">
    <ele>2389.0</ele>
   </trkpt>
   <trkpt lat="-8.0302580" lon="112.9357570">
    <ele>2388.8</ele>
   </trkpt>
   <trkpt lat="-8.0302480" lon="112.9357720">
    <ele>2388.2</ele>
   </trkpt>
   <trkpt lat="-8.0302160" lon="112.9358070">
    <ele>2387.6</ele>
   </trkpt>
   <trkpt lat="-8.0301810" lon="112.9358880">
    <ele>2387.2</ele>
   </trkpt>
   <trkpt lat="-8.0301740" lon="112.9359260">
    <ele>2387.0</ele>
   </trkpt>
   <trkpt lat="-8.0301200" lon="112.9360120">
    <ele>2385.6</ele>
   </trkpt>
   <trkpt lat="-8.0301130" lon="112.9360240">
    <ele>2384.8</ele>
   </trkpt>
   <trkpt lat="-8.0301090" lon="112.9360340">
    <ele>2384.2</ele>
   </trkpt>
   <trkpt lat="-8.0301110" lon="112.9361550">
    <ele>2383.0</ele>
   </trkpt>
   <trkpt lat="-8.0301920" lon="112.9363520">
    <ele>2382.6</ele>
   </trkpt>
   <trkpt lat="-8.0301890" lon="112.9364110">
    <ele>2381.8</ele>
   </trkpt>
   <trkpt lat="-8.0302020" lon="112.9364640">
    <ele>2380.8</ele>
   </trkpt>
   <trkpt lat="-8.0302250" lon="112.9365250">
    <ele>2379.6</ele>
   </trkpt>
   <trkpt lat="-8.0302440" lon="112.9365790">
    <ele>2378.2</ele>
   </trkpt>
   <trkpt lat="-8.0302690" lon="112.9367060">
    <ele>2377.2</ele>
   </trkpt>
   <trkpt lat="-8.0302720" lon="112.9367230">
    <ele>2377.0</ele>
   </trkpt>
   <trkpt lat="-8.0302680" lon="112.9367700">
    <ele>2375.6</ele>
   </trkpt>
   <trkpt lat="-8.0302960" lon="112.9368230">
    <ele>2374.0</ele>
   </trkpt>
   <trkpt lat="-8.0303410" lon="112.9368660">
    <ele>2372.8</ele>
   </trkpt>
   <trkpt lat="-8.0303380" lon="112.9369420">
    <ele>2371.8</ele>
   </trkpt>
   <trkpt lat="-8.0303450" lon="112.9369630">
    <ele>2371.4</ele>
   </trkpt>
   <trkpt lat="-8.0303800" lon="112.9370520">
    <ele>2370.0</ele>
   </trkpt>
   <trkpt lat="-8.0303820" lon="112.9370850">
    <ele>2369.2</ele>
   </trkpt>
   <trkpt lat="-8.0303850" lon="112.9371290">
    <ele>2368.4</ele>
   </trkpt>
   <trkpt lat="-8.0303860" lon="112.9372430">
    <ele>2366.8</ele>
   </trkpt>
   <trkpt lat="-8.0303800" lon="112.9373240">
    <ele>2365.8</ele>
   </trkpt>
   <trkpt lat="-8.0303790" lon="112.9374150">
    <ele>2364.2</ele>
   </trkpt>
   <trkpt lat="-8.0303840" lon="112.9374780">
    <ele>2363.8</ele>
   </trkpt>
   <trkpt lat="-8.0303910" lon="112.9375150">
    <ele>2363.2</ele>
   </trkpt>
   <trkpt lat="-8.0303720" lon="112.9375880">
    <ele>2362.0</ele>
   </trkpt>
   <trkpt lat="-8.0303600" lon="112.9376020">
    <ele>2361.4</ele>
   </trkpt>
   <trkpt lat="-8.0303360" lon="112.9376200">
    <ele>2360.8</ele>
   </trkpt>
   <trkpt lat="-8.0303000" lon="112.9376220">
    <ele>2360.6</ele>
   </trkpt>
   <trkpt lat="-8.0302490" lon="112.9376340">
    <ele>2360.4</ele>
   </trkpt>
   <trkpt lat="-8.0301380" lon="112.9377220">
    <ele>2360.2</ele>
   </trkpt>
   <trkpt lat="-8.0300470" lon="112.9378370">
    <ele>2360.4</ele>
   </trkpt>
   <trkpt lat="-8.0299870" lon="112.9379010">
    <ele>2361.0</ele>
   </trkpt>
   <trkpt lat="-8.0299240" lon="112.9379610">
    <ele>2360.6</ele>
   </trkpt>
   <trkpt lat="-8.0298860" lon="112.9380440">
    <ele>2359.6</ele>
   </trkpt>
   <trkpt lat="-8.0298390" lon="112.9381290">
    <ele>2359.4</ele>
   </trkpt>
   <trkpt lat="-8.0297650" lon="112.9382590">
    <ele>2359.0</ele>
   </trkpt>
   <trkpt lat="-8.0296830" lon="112.9383470">
    <ele>2358.4</ele>
   </trkpt>
   <trkpt lat="-8.0295770" lon="112.9383830">
    <ele>2358.0</ele>
   </trkpt>
   <trkpt lat="-8.0295490" lon="112.9383760">
    <ele>2358.2</ele>
   </trkpt>
   <trkpt lat="-8.0294730" lon="112.9383680">
    <ele>2357.6</ele>
   </trkpt>
   <trkpt lat="-8.0293180" lon="112.9383410">
    <ele>2357.8</ele>
   </trkpt>
   <trkpt lat="-8.0291690" lon="112.9382640">
    <ele>2357.8</ele>
   </trkpt>
   <trkpt lat="-8.0289990" lon="112.9381400">
    <ele>2357.8</ele>
   </trkpt>
   <trkpt lat="-8.0289780" lon="112.9381300">
    <ele>2357.4</ele>
   </trkpt>
   <trkpt lat="-8.0288200" lon="112.9380440">
    <ele>2356.8</ele>
   </trkpt>
   <trkpt lat="-8.0287580" lon="112.9380030">
    <ele>2357.0</ele>
   </trkpt>
   <trkpt lat="-8.0286860" lon="112.9379490">
    <ele>2357.0</ele>
   </trkpt>
   <trkpt lat="-8.0285430" lon="112.9378720">
    <ele>2358.0</ele>
   </trkpt>
   <trkpt lat="-8.0284280" lon="112.9377460">
    <ele>2357.4</ele>
   </trkpt>
   <trkpt lat="-8.0283410" lon="112.9376340">
    <ele>2357.2</ele>
   </trkpt>
   <trkpt lat="-8.0282940" lon="112.9375120">
    <ele>2356.8</ele>
   </trkpt>
   <trkpt lat="-8.0282550" lon="112.9373950">
    <ele>2356.6</ele>
   </trkpt>
   <trkpt lat="-8.0282250" lon="112.9372670">
    <ele>2356.8</ele>
   </trkpt>
   <trkpt lat="-8.0282250" lon="112.9371680">
    <ele>2356.6</ele>
   </trkpt>
   <trkpt lat="-8.0282260" lon="112.9370380">
    <ele>2356.6</ele>
   </trkpt>
   <trkpt lat="-8.0282360" lon="112.9369520">
    <ele>2356.4</ele>
   </trkpt>
   <trkpt lat="-8.0282270" lon="112.9369220">
    <ele>2356.4</ele>
   </trkpt>
   <trkpt lat="-8.0282220" lon="112.9367790">
    <ele>2356.4</ele>
   </trkpt>
   <trkpt lat="-8.0282210" lon="112.9367550">
    <ele>2356.4</ele>
   </trkpt>
   <trkpt lat="-8.0282600" lon="112.9366420">
    <ele>2356.4</ele>
   </trkpt>
   <trkpt lat="-8.0283350" lon="112.9365470">
    <ele>2356.4</ele>
   </trkpt>
   <trkpt lat="-8.0284580" lon="112.9364390">
    <ele>2356.2</ele>
   </trkpt>
   <trkpt lat="-8.0285560" lon="112.9363590">
    <ele>2355.6</ele>
   </trkpt>
   <trkpt lat="-8.0285820" lon="112.9362980">
    <ele>2355.4</ele>
   </trkpt>
   <trkpt lat="-8.0285780" lon="112.9362300">
    <ele>2355.4</ele>
   </trkpt>
   <trkpt lat="-8.0285840" lon="112.9361190">
    <ele>2355.0</ele>
   </trkpt>
   <trkpt lat="-8.0286320" lon="112.9359820">
    <ele>2355.2</ele>
   </trkpt>
   <trkpt lat="-8.0286410" lon="112.9358830">
    <ele>2355.2</ele>
   </trkpt>
   <trkpt lat="-8.0286090" lon="112.9357650">
    <ele>2355.4</ele>
   </trkpt>
   <trkpt lat="-8.0285500" lon="112.9356710">
    <ele>2355.2</ele>
   </trkpt>
   <trkpt lat="-8.0284380" lon="112.9356630">
    <ele>2354.2</ele>
   </trkpt>
   <trkpt lat="-8.0283750" lon="112.9357610">
    <ele>2353.4</ele>
   </trkpt>
   <trkpt lat="-8.0283500" lon="112.9357690">
    <ele>2353.2</ele>
   </trkpt>
   <trkpt lat="-8.0282540" lon="112.9358110">
    <ele>2352.2</ele>
   </trkpt>
   <trkpt lat="-8.0282290" lon="112.9358220">
    <ele>2352.0</ele>
   </trkpt>
   <trkpt lat="-8.0280930" lon="112.9358940">
    <ele>2352.4</ele>
   </trkpt>
   <trkpt lat="-8.0279660" lon="112.9359730">
    <ele>2352.4</ele>
   </trkpt>
   <trkpt lat="-8.0279180" lon="112.9359810">
    <ele>2352.4</ele>
   </trkpt>
   <trkpt lat="-8.0278720" lon="112.9359650">
    <ele>2352.2</ele>
   </trkpt>
   <trkpt lat="-8.0278310" lon="112.9358880">
    <ele>2351.4</ele>
   </trkpt>
   <trkpt lat="-8.0278060" lon="112.9358410">
    <ele>2351.0</ele>
   </trkpt>
   <trkpt lat="-8.0277650" lon="112.9357790">
    <ele>2350.8</ele>
   </trkpt>
   <trkpt lat="-8.0276920" lon="112.9356900">
    <ele>2351.2</ele>
   </trkpt>
   <trkpt lat="-8.0276690" lon="112.9355820">
    <ele>2351.2</ele>
   </trkpt>
   <trkpt lat="-8.0276450" lon="112.9354680">
    <ele>2351.4</ele>
   </trkpt>
   <trkpt lat="-8.0276660" lon="112.9353100">
    <ele>2351.6</ele>
   </trkpt>
   <trkpt lat="-8.0276860" lon="112.9352110">
    <ele>2351.4</ele>
   </trkpt>
   <trkpt lat="-8.0277550" lon="112.9350860">
    <ele>2351.6</ele>
   </trkpt>
   <trkpt lat="-8.0278330" lon="112.9349850">
    <ele>2351.0</ele>
   </trkpt>
   <trkpt lat="-8.0278770" lon="112.9348170">
    <ele>2350.8</ele>
   </trkpt>
   <trkpt lat="-8.0278890" lon="112.9346740">
    <ele>2350.4</ele>
   </trkpt>
   <trkpt lat="-8.0278690" lon="112.9345720">
    <ele>2350.6</ele>
   </trkpt>
   <trkpt lat="-8.0278640" lon="112.9344100">
    <ele>2350.0</ele>
   </trkpt>
   <trkpt lat="-8.0278550" lon="112.9343900">
    <ele>2350.0</ele>
   </trkpt>
   <trkpt lat="-8.0278580" lon="112.9343740">
    <ele>2350.0</ele>
   </trkpt>
   <trkpt lat="-8.0278400" lon="112.9343390">
    <ele>2349.4</ele>
   </trkpt>
   <trkpt lat="-8.0277640" lon="112.9342600">
    <ele>2349.4</ele>
   </trkpt>
   <trkpt lat="-8.0276710" lon="112.9342860">
    <ele>2349.0</ele>
   </trkpt>
   <trkpt lat="-8.0275870" lon="112.9343470">
    <ele>2348.8</ele>
   </trkpt>
   <trkpt lat="-8.0275720" lon="112.9343670">
    <ele>2348.8</ele>
   </trkpt>
   <trkpt lat="-8.0275030" lon="112.9344250">
    <ele>2347.8</ele>
   </trkpt>
   <trkpt lat="-8.0274660" lon="112.9344580">
    <ele>2347.6</ele>
   </trkpt>
   <trkpt lat="-8.0273550" lon="112.9345520">
    <ele>2346.6</ele>
   </trkpt>
   <trkpt lat="-8.0271800" lon="112.9346650">
    <ele>2346.0</ele>
   </trkpt>
   <trkpt lat="-8.0271360" lon="112.9347020">
    <ele>2345.6</ele>
   </trkpt>
   <trkpt lat="-8.0270210" lon="112.9347290">
    <ele>2345.4</ele>
   </trkpt>
   <trkpt lat="-8.0269260" lon="112.9347500">
    <ele>2344.6</ele>
   </trkpt>
   <trkpt lat="-8.0269230" lon="112.9347410">
    <ele>2344.2</ele>
   </trkpt>
   <trkpt lat="-8.0269240" lon="112.9347280">
    <ele>2343.6</ele>
   </trkpt>
   <trkpt lat="-8.0269210" lon="112.9346840">
    <ele>2343.0</ele>
   </trkpt>
   <trkpt lat="-8.0269250" lon="112.9346600">
    <ele>2342.6</ele>
   </trkpt>
   <trkpt lat="-8.0269430" lon="112.9345930">
    <ele>2341.6</ele>
   </trkpt>
   <trkpt lat="-8.0269540" lon="112.9345270">
    <ele>2341.0</ele>
   </trkpt>
   <trkpt lat="-8.0269480" lon="112.9344590">
    <ele>2340.4</ele>
   </trkpt>
   <trkpt lat="-8.0269350" lon="112.9344320">
    <ele>2340.4</ele>
   </trkpt>
   <trkpt lat="-8.0269020" lon="112.9343350">
    <ele>2339.2</ele>
   </trkpt>
   <trkpt lat="-8.0268970" lon="112.9343220">
    <ele>2339.0</ele>
   </trkpt>
   <trkpt lat="-8.0268710" lon="112.9342700">
    <ele>2337.8</ele>
   </trkpt>
   <trkpt lat="-8.0268490" lon="112.9341930">
    <ele>2336.6</ele>
   </trkpt>
   <trkpt lat="-8.0268290" lon="112.9340690">
    <ele>2335.6</ele>
   </trkpt>
   <trkpt lat="-8.0268280" lon="112.9340430">
    <ele>2335.6</ele>
   </trkpt>
   <trkpt lat="-8.0268530" lon="112.9339790">
    <ele>2334.8</ele>
   </trkpt>
   <trkpt lat="-8.0268700" lon="112.9339470">
    <ele>2334.4</ele>
   </trkpt>
   <trkpt lat="-8.0268810" lon="112.9339250">
    <ele>2334.2</ele>
   </trkpt>
   <trkpt lat="-8.0269410" lon="112.9338700">
    <ele>2333.2</ele>
   </trkpt>
   <trkpt lat="-8.0269550" lon="112.9338190">
    <ele>2332.6</ele>
   </trkpt>
   <trkpt lat="-8.0269680" lon="112.9337020">
    <ele>2332.2</ele>
   </trkpt>
   <trkpt lat="-8.0269590" lon="112.9336430">
    <ele>2331.8</ele>
   </trkpt>
   <trkpt lat="-8.0269380" lon="112.9335050">
    <ele>2330.8</ele>
   </trkpt>
   <trkpt lat="-8.0269750" lon="112.9333730">
    <ele>2330.0</ele>
   </trkpt>
   <trkpt lat="-8.0269730" lon="112.9333520">
    <ele>2329.6</ele>
   </trkpt>
   <trkpt lat="-8.0269650" lon="112.9332710">
    <ele>2329.0</ele>
   </trkpt>
   <trkpt lat="-8.0269900" lon="112.9332410">
    <ele>2328.6</ele>
   </trkpt>
   <trkpt lat="-8.0270250" lon="112.9331630">
    <ele>2328.0</ele>
   </trkpt>
   <trkpt lat="-8.0270570" lon="112.9330640">
    <ele>2327.4</ele>
   </trkpt>
   <trkpt lat="-8.0271000" lon="112.9329570">
    <ele>2326.8</ele>
   </trkpt>
   <trkpt lat="-8.0271120" lon="112.9329420">
    <ele>2326.6</ele>
   </trkpt>
   <trkpt lat="-8.0271270" lon="112.9329270">
    <ele>2326.4</ele>
   </trkpt>
   <trkpt lat="-8.0271510" lon="112.9328630">
    <ele>2326.0</ele>
   </trkpt>
   <trkpt lat="-8.0271360" lon="112.9327620">
    <ele>2325.4</ele>
   </trkpt>
   <trkpt lat="-8.0271210" lon="112.9327410">
    <ele>2325.0</ele>
   </trkpt>
   <trkpt lat="-8.0271140" lon="112.9327260">
    <ele>2324.6</ele>
   </trkpt>
   <trkpt lat="-8.0271150" lon="112.9327050">
    <ele>2324.2</ele>
   </trkpt>
   <trkpt lat="-8.0271030" lon="112.9326670">
    <ele>2323.8</ele>
   </trkpt>
   <trkpt lat="-8.0270900" lon="112.9326390">
    <ele>2323.8</ele>
   </trkpt>
   <trkpt lat="-8.0270650" lon="112.9325690">
    <ele>2323.6</ele>
   </trkpt>
   <trkpt lat="-8.0270450" lon="112.9325270">
    <ele>2323.6</ele>
   </trkpt>
   <trkpt lat="-8.0270290" lon="112.9325180">
    <ele>2323.4</ele>
   </trkpt>
   <trkpt lat="-8.0270200" lon="112.9325260">
    <ele>2323.2</ele>
   </trkpt>
   <trkpt lat="-8.0270220" lon="112.9325890">
    <ele>2322.0</ele>
   </trkpt>
   <trkpt lat="-8.0270260" lon="112.9326160">
    <ele>2321.8</ele>
   </trkpt>
   <trkpt lat="-8.0270130" lon="112.9326320">
    <ele>2321.6</ele>
   </trkpt>
   <trkpt lat="-8.0269670" lon="112.9326930">
    <ele>2321.4</ele>
   </trkpt>
   <trkpt lat="-8.0269360" lon="112.9327360">
    <ele>2320.6</ele>
   </trkpt>
   <trkpt lat="-8.0268820" lon="112.9328000">
    <ele>2319.0</ele>
   </trkpt>
   <trkpt lat="-8.0268610" lon="112.9328210">
    <ele>2318.8</ele>
   </trkpt>
   <trkpt lat="-8.0267710" lon="112.9328840">
    <ele>2318.0</ele>
   </trkpt>
   <trkpt lat="-8.0267480" lon="112.9329010">
    <ele>2317.8</ele>
   </trkpt>
   <trkpt lat="-8.0266870" lon="112.9329520">
    <ele>2316.8</ele>
   </trkpt>
   <trkpt lat="-8.0266640" lon="112.9329870">
    <ele>2316.2</ele>
   </trkpt>
   <trkpt lat="-8.0266380" lon="112.9330270">
    <ele>2315.6</ele>
   </trkpt>
   <trkpt lat="-8.0266010" lon="112.9330450">
    <ele>2314.8</ele>
   </trkpt>
   <trkpt lat="-8.0265900" lon="112.9330640">
    <ele>2314.4</ele>
   </trkpt>
   <trkpt lat="-8.0265350" lon="112.9331500">
    <ele>2313.2</ele>
   </trkpt>
   <trkpt lat="-8.0265300" lon="112.9331870">
    <ele>2313.0</ele>
   </trkpt>
   <trkpt lat="-8.0264470" lon="112.9333550">
    <ele>2312.0</ele>
   </trkpt>
   <trkpt lat="-8.0264240" lon="112.9334540">
    <ele>2310.8</ele>
   </trkpt>
   <trkpt lat="-8.0263540" lon="112.9335380">
    <ele>2310.2</ele>
   </trkpt>
   <trkpt lat="-8.0263330" lon="112.9335490">
    <ele>2309.8</ele>
   </trkpt>
   <trkpt lat="-8.0262860" lon="112.9336060">
    <ele>2308.2</ele>
   </trkpt>
   <trkpt lat="-8.0262460" lon="112.9336800">
    <ele>2307.2</ele>
   </trkpt>
   <trkpt lat="-8.0262140" lon="112.9337440">
    <ele>2305.8</ele>
   </trkpt>
   <trkpt lat="-8.0261850" lon="112.9337880">
    <ele>2304.6</ele>
   </trkpt>
   <trkpt lat="-8.0261580" lon="112.9337960">
    <ele>2304.4</ele>
   </trkpt>
   <trkpt lat="-8.0260940" lon="112.9338420">
    <ele>2304.4</ele>
   </trkpt>
   <trkpt lat="-8.0260340" lon="112.9339690">
    <ele>2304.6</ele>
   </trkpt>
   <trkpt lat="-8.0259430" lon="112.9341530">
    <ele>2304.0</ele>
   </trkpt>
   <trkpt lat="-8.0259430" lon="112.9341880">
    <ele>2303.4</ele>
   </trkpt>
   <trkpt lat="-8.0259300" lon="112.9342100">
    <ele>2303.0</ele>
   </trkpt>
   <trkpt lat="-8.0258950" lon="112.9342790">
    <ele>2302.8</ele>
   </trkpt>
   <trkpt lat="-8.0258140" lon="112.9343570">
    <ele>2302.0</ele>
   </trkpt>
   <trkpt lat="-8.0257750" lon="112.9343910">
    <ele>2301.2</ele>
   </trkpt>
   <trkpt lat="-8.0257550" lon="112.9344130">
    <ele>2300.6</ele>
   </trkpt>
   <trkpt lat="-8.0257100" lon="112.9344510">
    <ele>2299.6</ele>
   </trkpt>
   <trkpt lat="-8.0256870" lon="112.9344680">
    <ele>2299.2</ele>
   </trkpt>
   <trkpt lat="-8.0256470" lon="112.9345290">
    <ele>2298.4</ele>
   </trkpt>
   <trkpt lat="-8.0256270" lon="112.9345820">
    <ele>2298.2</ele>
   </trkpt>
   <trkpt lat="-8.0256120" lon="112.9346350">
    <ele>2297.4</ele>
   </trkpt>
   <trkpt lat="-8.0255500" lon="112.9347340">
    <ele>2296.6</ele>
   </trkpt>
   <trkpt lat="-8.0255400" lon="112.9347760">
    <ele>2296.4</ele>
   </trkpt>
   <trkpt lat="-8.0255090" lon="112.9349220">
    <ele>2295.6</ele>
   </trkpt>
   <trkpt lat="-8.0254700" lon="112.9350110">
    <ele>2295.4</ele>
   </trkpt>
   <trkpt lat="-8.0254360" lon="112.9350520">
    <ele>2295.2</ele>
   </trkpt>
   <trkpt lat="-8.0253940" lon="112.9350910">
    <ele>2294.2</ele>
   </trkpt>
   <trkpt lat="-8.0253620" lon="112.9351300">
    <ele>2293.8</ele>
   </trkpt>
   <trkpt lat="-8.0253290" lon="112.9351640">
    <ele>2292.8</ele>
   </trkpt>
   <trkpt lat="-8.0252890" lon="112.9351900">
    <ele>2291.8</ele>
   </trkpt>
   <trkpt lat="-8.0252790" lon="112.9352430">
    <ele>2291.4</ele>
   </trkpt>
   <trkpt lat="-8.0252260" lon="112.9353480">
    <ele>2290.6</ele>
   </trkpt>
   <trkpt lat="-8.0252140" lon="112.9354130">
    <ele>2290.0</ele>
   </trkpt>
   <trkpt lat="-8.0251850" lon="112.9354730">
    <ele>2289.4</ele>
   </trkpt>
   <trkpt lat="-8.0251170" lon="112.9355450">
    <ele>2288.2</ele>
   </trkpt>
   <trkpt lat="-8.0250460" lon="112.9356360">
    <ele>2287.0</ele>
   </trkpt>
   <trkpt lat="-8.0250380" lon="112.9356590">
    <ele>2286.8</ele>
   </trkpt>
   <trkpt lat="-8.0249790" lon="112.9357820">
    <ele>2285.8</ele>
   </trkpt>
   <trkpt lat="-8.0249690" lon="112.9358040">
    <ele>2285.6</ele>
   </trkpt>
   <trkpt lat="-8.0249680" lon="112.9359320">
    <ele>2284.8</ele>
   </trkpt>
   <trkpt lat="-8.0249700" lon="112.9359870">
    <ele>2284.2</ele>
   </trkpt>
   <trkpt lat="-8.0249750" lon="112.9360100">
    <ele>2283.8</ele>
   </trkpt>
   <trkpt lat="-8.0249610" lon="112.9361020">
    <ele>2282.8</ele>
   </trkpt>
   <trkpt lat="-8.0249500" lon="112.9361570">
    <ele>2282.0</ele>
   </trkpt>
   <trkpt lat="-8.0249470" lon="112.9361770">
    <ele>2281.8</ele>
   </trkpt>
   <trkpt lat="-8.0249370" lon="112.9362330">
    <ele>2280.2</ele>
   </trkpt>
   <trkpt lat="-8.0249290" lon="112.9362610">
    <ele>2279.6</ele>
   </trkpt>
   <trkpt lat="-8.0249110" lon="112.9363210">
    <ele>2279.2</ele>
   </trkpt>
   <trkpt lat="-8.0249280" lon="112.9364390">
    <ele>2278.8</ele>
   </trkpt>
   <trkpt lat="-8.0249140" lon="112.9364560">
    <ele>2278.6</ele>
   </trkpt>
   <trkpt lat="-8.0249100" lon="112.9364750">
    <ele>2278.0</ele>
   </trkpt>
   <trkpt lat="-8.0248780" lon="112.9365980">
    <ele>2276.8</ele>
   </trkpt>
   <trkpt lat="-8.0248510" lon="112.9366600">
    <ele>2275.6</ele>
   </trkpt>
   <trkpt lat="-8.0248300" lon="112.9367110">
    <ele>2275.0</ele>
   </trkpt>
   <trkpt lat="-8.0248090" lon="112.9367750">
    <ele>2274.2</ele>
   </trkpt>
   <trkpt lat="-8.0247980" lon="112.9368530">
    <ele>2273.8</ele>
   </trkpt>
   <trkpt lat="-8.0247990" lon="112.9368620">
    <ele>2273.6</ele>
   </trkpt>
   <trkpt lat="-8.0247950" lon="112.9368680">
    <ele>2273.0</ele>
   </trkpt>
   <trkpt lat="-8.0247680" lon="112.9368840">
    <ele>2272.4</ele>
   </trkpt>
   <trkpt lat="-8.0247350" lon="112.9369160">
    <ele>2271.8</ele>
   </trkpt>
   <trkpt lat="-8.0246910" lon="112.9369650">
    <ele>2270.6</ele>
   </trkpt>
   <trkpt lat="-8.0246620" lon="112.9370870">
    <ele>2270.0</ele>
   </trkpt>
   <trkpt lat="-8.0246560" lon="112.9371730">
    <ele>2269.4</ele>
   </trkpt>
   <trkpt lat="-8.0246250" lon="112.9372800">
    <ele>2269.6</ele>
   </trkpt>
   <trkpt lat="-8.0246050" lon="112.9373350">
    <ele>2269.4</ele>
   </trkpt>
   <trkpt lat="-8.0245960" lon="112.9374080">
    <ele>2268.2</ele>
   </trkpt>
   <trkpt lat="-8.0245850" lon="112.9374840">
    <ele>2267.8</ele>
   </trkpt>
   <trkpt lat="-8.0245720" lon="112.9375150">
    <ele>2267.0</ele>
   </trkpt>
   <trkpt lat="-8.0245700" lon="112.9375550">
    <ele>2266.0</ele>
   </trkpt>
   <trkpt lat="-8.0245660" lon="112.9375720">
    <ele>2265.6</ele>
   </trkpt>
   <trkpt lat="-8.0245660" lon="112.9376550">
    <ele>2264.8</ele>
   </trkpt>
   <trkpt lat="-8.0245560" lon="112.9377410">
    <ele>2264.6</ele>
   </trkpt>
   <trkpt lat="-8.0245540" lon="112.9378150">
    <ele>2263.8</ele>
   </trkpt>
   <trkpt lat="-8.0245570" lon="112.9378810">
    <ele>2263.0</ele>
   </trkpt>
   <trkpt lat="-8.0245530" lon="112.9379180">
    <ele>2262.6</ele>
   </trkpt>
   <trkpt lat="-8.0245210" lon="112.9380450">
    <ele>2262.2</ele>
   </trkpt>
   <trkpt lat="-8.0245050" lon="112.9380920">
    <ele>2261.4</ele>
   </trkpt>
   <trkpt lat="-8.0244890" lon="112.9381530">
    <ele>2261.0</ele>
   </trkpt>
   <trkpt lat="-8.0244570" lon="112.9382250">
    <ele>2260.4</ele>
   </trkpt>
   <trkpt lat="-8.0244400" lon="112.9382640">
    <ele>2259.6</ele>
   </trkpt>
   <trkpt lat="-8.0244150" lon="112.9383310">
    <ele>2259.2</ele>
   </trkpt>
   <trkpt lat="-8.0244010" lon="112.9384160">
    <ele>2258.0</ele>
   </trkpt>
   <trkpt lat="-8.0243600" lon="112.9385230">
    <ele>2256.6</ele>
   </trkpt>
   <trkpt lat="-8.0243580" lon="112.9386890">
    <ele>2255.6</ele>
   </trkpt>
   <trkpt lat="-8.0243520" lon="112.9387670">
    <ele>2254.2</ele>
   </trkpt>
   <trkpt lat="-8.0243250" lon="112.9388440">
    <ele>2253.0</ele>
   </trkpt>
   <trkpt lat="-8.0243030" lon="112.9389230">
    <ele>2251.6</ele>
   </trkpt>
   <trkpt lat="-8.0242830" lon="112.9389840">
    <ele>2251.4</ele>
   </trkpt>
   <trkpt lat="-8.0242770" lon="112.9390770">
    <ele>2250.4</ele>
   </trkpt>
   <trkpt lat="-8.0242760" lon="112.9391040">
    <ele>2250.2</ele>
   </trkpt>
   <trkpt lat="-8.0242240" lon="112.9392460">
    <ele>2249.4</ele>
   </trkpt>
   <trkpt lat="-8.0242160" lon="112.9392740">
    <ele>2249.4</ele>
   </trkpt>
   <trkpt lat="-8.0241510" lon="112.9393630">
    <ele>2248.4</ele>
   </trkpt>
   <trkpt lat="-8.0241390" lon="112.9393880">
    <ele>2248.2</ele>
   </trkpt>
   <trkpt lat="-8.0241040" lon="112.9395410">
    <ele>2247.0</ele>
   </trkpt>
   <trkpt lat="-8.0240690" lon="112.9396360">
    <ele>2246.2</ele>
   </trkpt>
   <trkpt lat="-8.0240640" lon="112.9396640">
    <ele>2245.8</ele>
   </trkpt>
   <trkpt lat="-8.0240680" lon="112.9397970">
    <ele>2245.2</ele>
   </trkpt>
   <trkpt lat="-8.0240540" lon="112.9398560">
    <ele>2244.6</ele>
   </trkpt>
   <trkpt lat="-8.0240500" lon="112.9399620">
    <ele>2243.2</ele>
   </trkpt>
   <trkpt lat="-8.0240350" lon="112.9400080">
    <ele>2242.0</ele>
   </trkpt>
   <trkpt lat="-8.0240330" lon="112.9400390">
    <ele>2241.2</ele>
   </trkpt>
   <trkpt lat="-8.0240440" lon="112.9401310">
    <ele>2240.8</ele>
   </trkpt>
   <trkpt lat="-8.0240360" lon="112.9402110">
    <ele>2240.0</ele>
   </trkpt>
   <trkpt lat="-8.0240360" lon="112.9402220">
    <ele>2239.8</ele>
   </trkpt>
   <trkpt lat="-8.0240190" lon="112.9402710">
    <ele>2239.2</ele>
   </trkpt>
   <trkpt lat="-8.0240060" lon="112.9403890">
    <ele>2239.2</ele>
   </trkpt>
   <trkpt lat="-8.0239980" lon="112.9404160">
    <ele>2238.6</ele>
   </trkpt>
   <trkpt lat="-8.0239740" lon="112.9405390">
    <ele>2237.6</ele>
   </trkpt>
   <trkpt lat="-8.0239720" lon="112.9405700">
    <ele>2237.4</ele>
   </trkpt>
   <trkpt lat="-8.0239720" lon="112.9406490">
    <ele>2236.4</ele>
   </trkpt>
   <trkpt lat="-8.0239570" lon="112.9407280">
    <ele>2235.8</ele>
   </trkpt>
   <trkpt lat="-8.0239520" lon="112.9407820">
    <ele>2235.4</ele>
   </trkpt>
   <trkpt lat="-8.0239200" lon="112.9408420">
    <ele>2235.2</ele>
   </trkpt>
   <trkpt lat="-8.0238550" lon="112.9409820">
    <ele>2234.2</ele>
   </trkpt>
   <trkpt lat="-8.0238450" lon="112.9410050">
    <ele>2233.6</ele>
   </trkpt>
   <trkpt lat="-8.0238240" lon="112.9410900">
    <ele>2232.8</ele>
   </trkpt>
   <trkpt lat="-8.0238020" lon="112.9411360">
    <ele>2232.2</ele>
   </trkpt>
   <trkpt lat="-8.0237870" lon="112.9411780">
    <ele>2231.6</ele>
   </trkpt>
   <trkpt lat="-8.0237460" lon="112.9412590">
    <ele>2230.8</ele>
   </trkpt>
   <trkpt lat="-8.0237410" lon="112.9412880">
    <ele>2230.4</ele>
   </trkpt>
   <trkpt lat="-8.0237240" lon="112.9414390">
    <ele>2229.6</ele>
   </trkpt>
   <trkpt lat="-8.0237090" lon="112.9415550">
    <ele>2229.2</ele>
   </trkpt>
   <trkpt lat="-8.0237030" lon="112.9416160">
    <ele>2228.6</ele>
   </trkpt>
   <trkpt lat="-8.0237010" lon="112.9416440">
    <ele>2227.8</ele>
   </trkpt>
   <trkpt lat="-8.0236940" lon="112.9416910">
    <ele>2226.2</ele>
   </trkpt>
   <trkpt lat="-8.0236900" lon="112.9417050">
    <ele>2226.0</ele>
   </trkpt>
   <trkpt lat="-8.0236850" lon="112.9417290">
    <ele>2225.8</ele>
   </trkpt>
   <trkpt lat="-8.0236670" lon="112.9417790">
    <ele>2225.2</ele>
   </trkpt>
   <trkpt lat="-8.0236560" lon="112.9418600">
    <ele>2224.6</ele>
   </trkpt>
   <trkpt lat="-8.0236670" lon="112.9419420">
    <ele>2224.0</ele>
   </trkpt>
   <trkpt lat="-8.0236700" lon="112.9420080">
    <ele>2223.0</ele>
   </trkpt>
   <trkpt lat="-8.0236700" lon="112.9420320">
    <ele>2222.8</ele>
   </trkpt>
   <trkpt lat="-8.0236860" lon="112.9421250">
    <ele>2222.2</ele>
   </trkpt>
   <trkpt lat="-8.0236890" lon="112.9421530">
    <ele>2221.6</ele>
   </trkpt>
   <trkpt lat="-8.0236820" lon="112.9422400">
    <ele>2220.8</ele>
   </trkpt>
   <trkpt lat="-8.0236810" lon="112.9422650">
    <ele>2220.4</ele>
   </trkpt>
   <trkpt lat="-8.0236730" lon="112.9423850">
    <ele>2220.4</ele>
   </trkpt>
   <trkpt lat="-8.0236490" lon="112.9424750">
    <ele>2219.4</ele>
   </trkpt>
   <trkpt lat="-8.0236470" lon="112.9424940">
    <ele>2218.8</ele>
   </trkpt>
   <trkpt lat="-8.0236240" lon="112.9425430">
    <ele>2218.2</ele>
   </trkpt>
   <trkpt lat="-8.0235690" lon="112.9426050">
    <ele>2217.4</ele>
   </trkpt>
   <trkpt lat="-8.0235510" lon="112.9426210">
    <ele>2216.8</ele>
   </trkpt>
   <trkpt lat="-8.0235200" lon="112.9426730">
    <ele>2216.0</ele>
   </trkpt>
   <trkpt lat="-8.0235260" lon="112.9427200">
    <ele>2215.6</ele>
   </trkpt>
   <trkpt lat="-8.0235260" lon="112.9427390">
    <ele>2215.6</ele>
   </trkpt>
   <trkpt lat="-8.0235380" lon="112.9428910">
    <ele>2214.6</ele>
   </trkpt>
   <trkpt lat="-8.0235530" lon="112.9429350">
    <ele>2213.6</ele>
   </trkpt>
   <trkpt lat="-8.0235800" lon="112.9430230">
    <ele>2213.2</ele>
   </trkpt>
   <trkpt lat="-8.0235880" lon="112.9430950">
    <ele>2212.4</ele>
   </trkpt>
   <trkpt lat="-8.0235920" lon="112.9432040">
    <ele>2211.6</ele>
   </trkpt>
   <trkpt lat="-8.0235930" lon="112.9432610">
    <ele>2211.2</ele>
   </trkpt>
   <trkpt lat="-8.0235980" lon="112.9434310">
    <ele>2210.2</ele>
   </trkpt>
   <trkpt lat="-8.0235990" lon="112.9434910">
    <ele>2209.2</ele>
   </trkpt>
   <trkpt lat="-8.0236060" lon="112.9435720">
    <ele>2208.0</ele>
   </trkpt>
   <trkpt lat="-8.0235740" lon="112.9437060">
    <ele>2207.4</ele>
   </trkpt>
   <trkpt lat="-8.0235340" lon="112.9437590">
    <ele>2207.2</ele>
   </trkpt>
   <trkpt lat="-8.0235150" lon="112.9437520">
    <ele>2206.8</ele>
   </trkpt>
   <trkpt lat="-8.0234990" lon="112.9437490">
    <ele>2206.6</ele>
   </trkpt>
   <trkpt lat="-8.0234610" lon="112.9437330">
    <ele>2205.6</ele>
   </trkpt>
   <trkpt lat="-8.0234410" lon="112.9437090">
    <ele>2205.0</ele>
   </trkpt>
   <trkpt lat="-8.0234130" lon="112.9436820">
    <ele>2204.6</ele>
   </trkpt>
   <trkpt lat="-8.0234000" lon="112.9436780">
    <ele>2204.4</ele>
   </trkpt>
   <trkpt lat="-8.0233880" lon="112.9436860">
    <ele>2204.2</ele>
   </trkpt>
   <trkpt lat="-8.0233370" lon="112.9436890">
    <ele>2203.4</ele>
   </trkpt>
   <trkpt lat="-8.0232980" lon="112.9437300">
    <ele>2203.0</ele>
   </trkpt>
   <trkpt lat="-8.0232040" lon="112.9437770">
    <ele>2202.4</ele>
   </trkpt>
   <trkpt lat="-8.0231670" lon="112.9437730">
    <ele>2202.2</ele>
   </trkpt>
   <trkpt lat="-8.0230220" lon="112.9437490">
    <ele>2201.4</ele>
   </trkpt>
   <trkpt lat="-8.0229470" lon="112.9437770">
    <ele>2201.2</ele>
   </trkpt>
   <trkpt lat="-8.0229300" lon="112.9438250">
    <ele>2200.4</ele>
   </trkpt>
   <trkpt lat="-8.0229210" lon="112.9438510">
    <ele>2200.0</ele>
   </trkpt>
   <trkpt lat="-8.0228970" lon="112.9439240">
    <ele>2198.8</ele>
   </trkpt>
   <trkpt lat="-8.0228910" lon="112.9439430">
    <ele>2198.4</ele>
   </trkpt>
   <trkpt lat="-8.0228800" lon="112.9440540">
    <ele>2197.8</ele>
   </trkpt>
   <trkpt lat="-8.0228500" lon="112.9441390">
    <ele>2196.6</ele>
   </trkpt>
   <trkpt lat="-8.0228380" lon="112.9442600">
    <ele>2195.2</ele>
   </trkpt>
   <trkpt lat="-8.0228220" lon="112.9443030">
    <ele>2194.2</ele>
   </trkpt>
   <trkpt lat="-8.0228070" lon="112.9443280">
    <ele>2193.6</ele>
   </trkpt>
   <trkpt lat="-8.0227900" lon="112.9444780">
    <ele>2192.6</ele>
   </trkpt>
   <trkpt lat="-8.0227430" lon="112.9446050">
    <ele>2191.4</ele>
   </trkpt>
   <trkpt lat="-8.0227310" lon="112.9446420">
    <ele>2191.2</ele>
   </trkpt>
   <trkpt lat="-8.0226920" lon="112.9447250">
    <ele>2190.2</ele>
   </trkpt>
   <trkpt lat="-8.0226770" lon="112.9447470">
    <ele>2190.0</ele>
   </trkpt>
   <trkpt lat="-8.0225900" lon="112.9448650">
    <ele>2189.2</ele>
   </trkpt>
   <trkpt lat="-8.0225010" lon="112.9449290">
    <ele>2189.0</ele>
   </trkpt>
   <trkpt lat="-8.0224750" lon="112.9449600">
    <ele>2188.8</ele>
   </trkpt>
   <trkpt lat="-8.0224280" lon="112.9449730">
    <ele>2188.2</ele>
   </trkpt>
   <trkpt lat="-8.0223550" lon="112.9449710">
    <ele>2187.2</ele>
   </trkpt>
   <trkpt lat="-8.0223300" lon="112.9449640">
    <ele>2186.8</ele>
   </trkpt>
   <trkpt lat="-8.0221910" lon="112.9449350">
    <ele>2185.6</ele>
   </trkpt>
   <trkpt lat="-8.0221360" lon="112.9449400">
    <ele>2185.2</ele>
   </trkpt>
   <trkpt lat="-8.0220870" lon="112.9449770">
    <ele>2184.4</ele>
   </trkpt>
   <trkpt lat="-8.0219380" lon="112.9450290">
    <ele>2183.6</ele>
   </trkpt>
   <trkpt lat="-8.0218910" lon="112.9450450">
    <ele>2183.6</ele>
   </trkpt>
   <trkpt lat="-8.0218710" lon="112.9450420">
    <ele>2183.4</ele>
   </trkpt>
   <trkpt lat="-8.0218230" lon="112.9450090">
    <ele>2182.8</ele>
   </trkpt>
   <trkpt lat="-8.0218150" lon="112.9449880">
    <ele>2182.6</ele>
   </trkpt>
   <trkpt lat="-8.0218140" lon="112.9449700">
    <ele>2182.4</ele>
   </trkpt>
   <trkpt lat="-8.0218110" lon="112.9449080">
    <ele>2181.8</ele>
   </trkpt>
   <trkpt lat="-8.0218140" lon="112.9448660">
    <ele>2181.2</ele>
   </trkpt>
   <trkpt lat="-8.0217940" lon="112.9447880">
    <ele>2180.4</ele>
   </trkpt>
   <trkpt lat="-8.0217860" lon="112.9447590">
    <ele>2180.4</ele>
   </trkpt>
   <trkpt lat="-8.0218160" lon="112.9446820">
    <ele>2180.4</ele>
   </trkpt>
   <trkpt lat="-8.0218340" lon="112.9446430">
    <ele>2180.0</ele>
   </trkpt>
   <trkpt lat="-8.0218470" lon="112.9446090">
    <ele>2179.4</ele>
   </trkpt>
   <trkpt lat="-8.0218860" lon="112.9445560">
    <ele>2178.8</ele>
   </trkpt>
   <trkpt lat="-8.0219180" lon="112.9445030">
    <ele>2178.6</ele>
   </trkpt>
   <trkpt lat="-8.0219080" lon="112.9444750">
    <ele>2178.6</ele>
   </trkpt>
   <trkpt lat="-8.0218600" lon="112.9444560">
    <ele>2178.2</ele>
   </trkpt>
   <trkpt lat="-8.0218010" lon="112.9444480">
    <ele>2177.4</ele>
   </trkpt>
   <trkpt lat="-8.0217510" lon="112.9444280">
    <ele>2176.8</ele>
   </trkpt>
   <trkpt lat="-8.0216970" lon="112.9443930">
    <ele>2176.2</ele>
   </trkpt>
   <trkpt lat="-8.0216270" lon="112.9443570">
    <ele>2176.2</ele>
   </trkpt>
   <trkpt lat="-8.0215890" lon="112.9442970">
    <ele>2175.4</ele>
   </trkpt>
   <trkpt lat="-8.0215800" lon="112.9442700">
    <ele>2175.2</ele>
   </trkpt>
   <trkpt lat="-8.0215760" lon="112.9441750">
    <ele>2174.0</ele>
   </trkpt>
   <trkpt lat="-8.0215980" lon="112.9440780">
    <ele>2173.6</ele>
   </trkpt>
   <trkpt lat="-8.0216580" lon="112.9439700">
    <ele>2172.6</ele>
   </trkpt>
   <trkpt lat="-8.0216630" lon="112.9439450">
    <ele>2172.4</ele>
   </trkpt>
   <trkpt lat="-8.0216810" lon="112.9438700">
    <ele>2172.4</ele>
   </trkpt>
   <trkpt lat="-8.0216690" lon="112.9438510">
    <ele>2172.2</ele>
   </trkpt>
   <trkpt lat="-8.0215600" lon="112.9438680">
    <ele>2171.6</ele>
   </trkpt>
   <trkpt lat="-8.0215350" lon="112.9438730">
    <ele>2171.4</ele>
   </trkpt>
   <trkpt lat="-8.0214460" lon="112.9438990">
    <ele>2171.2</ele>
   </trkpt>
   <trkpt lat="-8.0213650" lon="112.9439230">
    <ele>2170.4</ele>
   </trkpt>
   <trkpt lat="-8.0213400" lon="112.9439180">
    <ele>2170.2</ele>
   </trkpt>
   <trkpt lat="-8.0213200" lon="112.9439110">
    <ele>2170.2</ele>
   </trkpt>
   <trkpt lat="-8.0212660" lon="112.9438500">
    <ele>2170.2</ele>
   </trkpt>
   <trkpt lat="-8.0212720" lon="112.9437530">
    <ele>2170.6</ele>
   </trkpt>
   <trkpt lat="-8.0213190" lon="112.9436220">
    <ele>2170.8</ele>
   </trkpt>
   <trkpt lat="-8.0213730" lon="112.9435240">
    <ele>2171.0</ele>
   </trkpt>
   <trkpt lat="-8.0214050" lon="112.9434760">
    <ele>2171.2</ele>
   </trkpt>
   <trkpt lat="-8.0214220" lon="112.9434380">
    <ele>2171.6</ele>
   </trkpt>
   <trkpt lat="-8.0214420" lon="112.9433720">
    <ele>2171.2</ele>
   </trkpt>
   <trkpt lat="-8.0214760" lon="112.9432950">
    <ele>2171.2</ele>
   </trkpt>
   <trkpt lat="-8.0215170" lon="112.9431930">
    <ele>2171.4</ele>
   </trkpt>
   <trkpt lat="-8.0215170" lon="112.9431000">
    <ele>2171.6</ele>
   </trkpt>
   <trkpt lat="-8.0215240" lon="112.9429900">
    <ele>2171.0</ele>
   </trkpt>
   <trkpt lat="-8.0215310" lon="112.9429240">
    <ele>2170.6</ele>
   </trkpt>
   <trkpt lat="-8.0215350" lon="112.9428810">
    <ele>2170.8</ele>
   </trkpt>
   <trkpt lat="-8.0215500" lon="112.9428060">
    <ele>2171.6</ele>
   </trkpt>
   <trkpt lat="-8.0215460" lon="112.9427560">
    <ele>2171.8</ele>
   </trkpt>
   <trkpt lat="-8.0215380" lon="112.9426760">
    <ele>2172.4</ele>
   </trkpt>
   <trkpt lat="-8.0215380" lon="112.9426580">
    <ele>2172.8</ele>
   </trkpt>
   <trkpt lat="-8.0215260" lon="112.9426300">
    <ele>2173.2</ele>
   </trkpt>
   <trkpt lat="-8.0215030" lon="112.9426010">
    <ele>2173.2</ele>
   </trkpt>
   <trkpt lat="-8.0215000" lon="112.9425880">
    <ele>2173.2</ele>
   </trkpt>
   <trkpt lat="-8.0214720" lon="112.9425510">
    <ele>2173.6</ele>
   </trkpt>
   <trkpt lat="-8.0214610" lon="112.9425380">
    <ele>2173.8</ele>
   </trkpt>
   <trkpt lat="-8.0214480" lon="112.9425290">
    <ele>2174.2</ele>
   </trkpt>
   <trkpt lat="-8.0214240" lon="112.9424920">
    <ele>2175.2</ele>
   </trkpt>
   <trkpt lat="-8.0213770" lon="112.9424820">
    <ele>2176.4</ele>
   </trkpt>
   <trkpt lat="-8.0213740" lon="112.9424830">
    <ele>2176.6</ele>
   </trkpt>
   <trkpt lat="-8.0213520" lon="112.9424620">
    <ele>2177.6</ele>
   </trkpt>
   <trkpt lat="-8.0213200" lon="112.9424480">
    <ele>2178.0</ele>
   </trkpt>
   <trkpt lat="-8.0213070" lon="112.9424410">
    <ele>2178.0</ele>
   </trkpt>
   <trkpt lat="-8.0212640" lon="112.9424040">
    <ele>2178.2</ele>
   </trkpt>
   <trkpt lat="-8.0212500" lon="112.9423960">
    <ele>2178.2</ele>
   </trkpt>
   <trkpt lat="-8.0211920" lon="112.9423590">
    <ele>2178.4</ele>
   </trkpt>
   <trkpt lat="-8.0211830" lon="112.9423470">
    <ele>2178.2</ele>
   </trkpt>
   <trkpt lat="-8.0211560" lon="112.9423230">
    <ele>2178.0</ele>
   </trkpt>
   <trkpt lat="-8.0211030" lon="112.9422680">
    <ele>2176.8</ele>
   </trkpt>
   <trkpt lat="-8.0210690" lon="112.9422130">
    <ele>2176.8</ele>
   </trkpt>
   <trkpt lat="-8.0210630" lon="112.9422020">
    <ele>2176.6</ele>
   </trkpt>
   <trkpt lat="-8.0210540" lon="112.9421980">
    <ele>2176.6</ele>
   </trkpt>
   <trkpt lat="-8.0210250" lon="112.9422000">
    <ele>2176.2</ele>
   </trkpt>
   <trkpt lat="-8.0210040" lon="112.9421980">
    <ele>2176.2</ele>
   </trkpt>
   <trkpt lat="-8.0209580" lon="112.9422040">
    <ele>2175.6</ele>
   </trkpt>
   <trkpt lat="-8.0209350" lon="112.9422140">
    <ele>2175.0</ele>
   </trkpt>
   <trkpt lat="-8.0208810" lon="112.9422350">
    <ele>2173.6</ele>
   </trkpt>
   <trkpt lat="-8.0207760" lon="112.9422950">
    <ele>2172.6</ele>
   </trkpt>
   <trkpt lat="-8.0207580" lon="112.9423160">
    <ele>2172.6</ele>
   </trkpt>
   <trkpt lat="-8.0206830" lon="112.9423760">
    <ele>2171.4</ele>
   </trkpt>
   <trkpt lat="-8.0206630" lon="112.9423950">
    <ele>2170.6</ele>
   </trkpt>
   <trkpt lat="-8.0206460" lon="112.9424150">
    <ele>2170.0</ele>
   </trkpt>
   <trkpt lat="-8.0206030" lon="112.9424750">
    <ele>2168.4</ele>
   </trkpt>
   <trkpt lat="-8.0205820" lon="112.9424910">
    <ele>2168.2</ele>
   </trkpt>
   <trkpt lat="-8.0205530" lon="112.9425360">
    <ele>2167.2</ele>
   </trkpt>
   <trkpt lat="-8.0205250" lon="112.9425890">
    <ele>2165.8</ele>
   </trkpt>
   <trkpt lat="-8.0205000" lon="112.9426390">
    <ele>2164.6</ele>
   </trkpt>
   <trkpt lat="-8.0204750" lon="112.9426910">
    <ele>2163.6</ele>
   </trkpt>
   <trkpt lat="-8.0204350" lon="112.9427330">
    <ele>2163.0</ele>
   </trkpt>
   <trkpt lat="-8.0204070" lon="112.9427820">
    <ele>2162.2</ele>
   </trkpt>
   <trkpt lat="-8.0203890" lon="112.9428310">
    <ele>2161.2</ele>
   </trkpt>
   <trkpt lat="-8.0203730" lon="112.9428540">
    <ele>2160.8</ele>
   </trkpt>
   <trkpt lat="-8.0203110" lon="112.9429510">
    <ele>2159.8</ele>
   </trkpt>
   <trkpt lat="-8.0202740" lon="112.9430000">
    <ele>2159.6</ele>
   </trkpt>
   <trkpt lat="-8.0202270" lon="112.9430630">
    <ele>2158.6</ele>
   </trkpt>
   <trkpt lat="-8.0201890" lon="112.9431070">
    <ele>2158.6</ele>
   </trkpt>
   <trkpt lat="-8.0201190" lon="112.9432000">
    <ele>2157.8</ele>
   </trkpt>
   <trkpt lat="-8.0200860" lon="112.9432140">
    <ele>2157.6</ele>
   </trkpt>
   <trkpt lat="-8.0200750" lon="112.9432410">
    <ele>2157.0</ele>
   </trkpt>
   <trkpt lat="-8.0200440" lon="112.9432730">
    <ele>2156.6</ele>
   </trkpt>
   <trkpt lat="-8.0200240" lon="112.9432890">
    <ele>2156.4</ele>
   </trkpt>
   <trkpt lat="-8.0199900" lon="112.9433050">
    <ele>2156.2</ele>
   </trkpt>
   <trkpt lat="-8.0199290" lon="112.9433390">
    <ele>2155.4</ele>
   </trkpt>
   <trkpt lat="-8.0198780" lon="112.9433750">
    <ele>2154.6</ele>
   </trkpt>
   <trkpt lat="-8.0198590" lon="112.9433960">
    <ele>2154.4</ele>
   </trkpt>
   <trkpt lat="-8.0198070" lon="112.9434570">
    <ele>2153.2</ele>
   </trkpt>
   <trkpt lat="-8.0197500" lon="112.9435210">
    <ele>2152.2</ele>
   </trkpt>
   <trkpt lat="-8.0197110" lon="112.9435580">
    <ele>2151.8</ele>
   </trkpt>
   <trkpt lat="-8.0196330" lon="112.9436250">
    <ele>2151.6</ele>
   </trkpt>
   <trkpt lat="-8.0196020" lon="112.9436580">
    <ele>2150.8</ele>
   </trkpt>
   <trkpt lat="-8.0195740" lon="112.9436800">
    <ele>2149.4</ele>
   </trkpt>
   <trkpt lat="-8.0195430" lon="112.9437030">
    <ele>2148.2</ele>
   </trkpt>
   <trkpt lat="-8.0195080" lon="112.9437230">
    <ele>2147.0</ele>
   </trkpt>
   <trkpt lat="-8.0194270" lon="112.9437400">
    <ele>2145.8</ele>
   </trkpt>
   <trkpt lat="-8.0193580" lon="112.9437760">
    <ele>2144.6</ele>
   </trkpt>
   <trkpt lat="-8.0192930" lon="112.9438060">
    <ele>2143.0</ele>
   </trkpt>
   <trkpt lat="-8.0192700" lon="112.9438120">
    <ele>2141.8</ele>
   </trkpt>
   <trkpt lat="-8.0192450" lon="112.9438240">
    <ele>2140.8</ele>
   </trkpt>
   <trkpt lat="-8.0191900" lon="112.9438410">
    <ele>2139.0</ele>
   </trkpt>
   <trkpt lat="-8.0191260" lon="112.9438490">
    <ele>2138.2</ele>
   </trkpt>
   <trkpt lat="-8.0190960" lon="112.9438550">
    <ele>2138.0</ele>
   </trkpt>
   <trkpt lat="-8.0190380" lon="112.9438730">
    <ele>2137.0</ele>
   </trkpt>
   <trkpt lat="-8.0190100" lon="112.9438900">
    <ele>2136.6</ele>
   </trkpt>
   <trkpt lat="-8.0189560" lon="112.9439030">
    <ele>2136.4</ele>
   </trkpt>
   <trkpt lat="-8.0189310" lon="112.9439020">
    <ele>2136.4</ele>
   </trkpt>
   <trkpt lat="-8.0188470" lon="112.9438870">
    <ele>2136.4</ele>
   </trkpt>
   <trkpt lat="-8.0188190" lon="112.9438980">
    <ele>2136.2</ele>
   </trkpt>
   <trkpt lat="-8.0187900" lon="112.9439060">
    <ele>2135.4</ele>
   </trkpt>
   <trkpt lat="-8.0187730" lon="112.9439290">
    <ele>2134.4</ele>
   </trkpt>
   <trkpt lat="-8.0187170" lon="112.9439460">
    <ele>2132.8</ele>
   </trkpt>
   <trkpt lat="-8.0186890" lon="112.9439540">
    <ele>2132.6</ele>
   </trkpt>
   <trkpt lat="-8.0185820" lon="112.9439950">
    <ele>2131.8</ele>
   </trkpt>
   <trkpt lat="-8.0184960" lon="112.9440500">
    <ele>2130.2</ele>
   </trkpt>
   <trkpt lat="-8.0184450" lon="112.9440810">
    <ele>2129.6</ele>
   </trkpt>
   <trkpt lat="-8.0184270" lon="112.9440970">
    <ele>2129.2</ele>
   </trkpt>
   <trkpt lat="-8.0183690" lon="112.9441510">
    <ele>2129.2</ele>
   </trkpt>
   <trkpt lat="-8.0182610" lon="112.9442440">
    <ele>2128.6</ele>
   </trkpt>
   <trkpt lat="-8.0182320" lon="112.9442620">
    <ele>2128.2</ele>
   </trkpt>
   <trkpt lat="-8.0181560" lon="112.9443160">
    <ele>2127.4</ele>
   </trkpt>
   <trkpt lat="-8.0181060" lon="112.9443470">
    <ele>2127.2</ele>
   </trkpt>
   <trkpt lat="-8.0180210" lon="112.9444020">
    <ele>2126.4</ele>
   </trkpt>
   <trkpt lat="-8.0180020" lon="112.9444250">
    <ele>2126.0</ele>
   </trkpt>
   <trkpt lat="-8.0179480" lon="112.9445830">
    <ele>2125.0</ele>
   </trkpt>
   <trkpt lat="-8.0179420" lon="112.9446110">
    <ele>2124.8</ele>
   </trkpt>
   <trkpt lat="-8.0179410" lon="112.9447240">
    <ele>2124.2</ele>
   </trkpt>
   <trkpt lat="-8.0179800" lon="112.9447990">
    <ele>2123.4</ele>
   </trkpt>
   <trkpt lat="-8.0180060" lon="112.9448490">
    <ele>2122.4</ele>
   </trkpt>
   <trkpt lat="-8.0179840" lon="112.9448810">
    <ele>2122.4</ele>
   </trkpt>
   <trkpt lat="-8.0179590" lon="112.9448940">
    <ele>2122.4</ele>
   </trkpt>
   <trkpt lat="-8.0179470" lon="112.9448950">
    <ele>2122.6</ele>
   </trkpt>
   <trkpt lat="-8.0178900" lon="112.9448740">
    <ele>2123.2</ele>
   </trkpt>
   <trkpt lat="-8.0178560" lon="112.9448600">
    <ele>2123.4</ele>
   </trkpt>
   <trkpt lat="-8.0178370" lon="112.9448580">
    <ele>2123.4</ele>
   </trkpt>
   <trkpt lat="-8.0178010" lon="112.9448470">
    <ele>2123.6</ele>
   </trkpt>
   <trkpt lat="-8.0177020" lon="112.9448070">
    <ele>2123.8</ele>
   </trkpt>
   <trkpt lat="-8.0176900" lon="112.9447960">
    <ele>2124.0</ele>
   </trkpt>
   <trkpt lat="-8.0176510" lon="112.9447870">
    <ele>2124.4</ele>
   </trkpt>
   <trkpt lat="-8.0175640" lon="112.9447870">
    <ele>2125.4</ele>
   </trkpt>
   <trkpt lat="-8.0175470" lon="112.9447890">
    <ele>2125.6</ele>
   </trkpt>
   <trkpt lat="-8.0175150" lon="112.9447820">
    <ele>2126.2</ele>
   </trkpt>
   <trkpt lat="-8.0174830" lon="112.9447690">
    <ele>2126.6</ele>
   </trkpt>
   <trkpt lat="-8.0174050" lon="112.9447370">
    <ele>2127.6</ele>
   </trkpt>
   <trkpt lat="-8.0173880" lon="112.9447360">
    <ele>2127.6</ele>
   </trkpt>
   <trkpt lat="-8.0172930" lon="112.9447340">
    <ele>2128.4</ele>
   </trkpt>
   <trkpt lat="-8.0172580" lon="112.9447320">
    <ele>2129.0</ele>
   </trkpt>
   <trkpt lat="-8.0171860" lon="112.9447470">
    <ele>2129.6</ele>
   </trkpt>
   <trkpt lat="-8.0171110" lon="112.9447280">
    <ele>2129.6</ele>
   </trkpt>
   <trkpt lat="-8.0170910" lon="112.9447300">
    <ele>2129.8</ele>
   </trkpt>
   <trkpt lat="-8.0170700" lon="112.9447300">
    <ele>2130.0</ele>
   </trkpt>
   <trkpt lat="-8.0170140" lon="112.9447270">
    <ele>2130.6</ele>
   </trkpt>
   <trkpt lat="-8.0169950" lon="112.9447210">
    <ele>2130.8</ele>
   </trkpt>
   <trkpt lat="-8.0169570" lon="112.9447160">
    <ele>2130.8</ele>
   </trkpt>
   <trkpt lat="-8.0169150" lon="112.9447040">
    <ele>2131.0</ele>
   </trkpt>
   <trkpt lat="-8.0168860" lon="112.9446990">
    <ele>2131.2</ele>
   </trkpt>
   <trkpt lat="-8.0168700" lon="112.9446960">
    <ele>2131.2</ele>
   </trkpt>
   <trkpt lat="-8.0167640" lon="112.9446760">
    <ele>2131.2</ele>
   </trkpt>
   <trkpt lat="-8.0166960" lon="112.9446400">
    <ele>2131.8</ele>
   </trkpt>
   <trkpt lat="-8.0166590" lon="112.9446140">
    <ele>2132.2</ele>
   </trkpt>
   <trkpt lat="-8.0166350" lon="112.9446030">
    <ele>2132.0</ele>
   </trkpt>
   <trkpt lat="-8.0166240" lon="112.9446050">
    <ele>2132.0</ele>
   </trkpt>
   <trkpt lat="-8.0165820" lon="112.9446030">
    <ele>2132.2</ele>
   </trkpt>
   <trkpt lat="-8.0165650" lon="112.9445880">
    <ele>2132.4</ele>
   </trkpt>
   <trkpt lat="-8.0165530" lon="112.9445840">
    <ele>2132.4</ele>
   </trkpt>
   <trkpt lat="-8.0165290" lon="112.9445740">
    <ele>2132.6</ele>
   </trkpt>
   <trkpt lat="-8.0164770" lon="112.9445250">
    <ele>2133.2</ele>
   </trkpt>
   <trkpt lat="-8.0164560" lon="112.9444880">
    <ele>2133.2</ele>
   </trkpt>
   <trkpt lat="-8.0164440" lon="112.9444770">
    <ele>2133.2</ele>
   </trkpt>
   <trkpt lat="-8.0164170" lon="112.9444550">
    <ele>2133.2</ele>
   </trkpt>
   <trkpt lat="-8.0163670" lon="112.9444280">
    <ele>2133.2</ele>
   </trkpt>
   <trkpt lat="-8.0163080" lon="112.9443430">
    <ele>2133.2</ele>
   </trkpt>
   <trkpt lat="-8.0162170" lon="112.9443080">
    <ele>2133.4</ele>
   </trkpt>
   <trkpt lat="-8.0161540" lon="112.9442790">
    <ele>2134.2</ele>
   </trkpt>
   <trkpt lat="-8.0161310" lon="112.9442810">
    <ele>2134.4</ele>
   </trkpt>
   <trkpt lat="-8.0160940" lon="112.9442830">
    <ele>2134.2</ele>
   </trkpt>
   <trkpt lat="-8.0160680" lon="112.9442850">
    <ele>2134.2</ele>
   </trkpt>
   <trkpt lat="-8.0160350" lon="112.9442830">
    <ele>2134.2</ele>
   </trkpt>
   <trkpt lat="-8.0160000" lon="112.9442620">
    <ele>2134.4</ele>
   </trkpt>
   <trkpt lat="-8.0159290" lon="112.9442160">
    <ele>2134.6</ele>
   </trkpt>
   <trkpt lat="-8.0158870" lon="112.9441960">
    <ele>2134.8</ele>
   </trkpt>
   <trkpt lat="-8.0158560" lon="112.9441890">
    <ele>2135.0</ele>
   </trkpt>
   <trkpt lat="-8.0158190" lon="112.9441800">
    <ele>2135.4</ele>
   </trkpt>
   <trkpt lat="-8.0157850" lon="112.9441630">
    <ele>2135.4</ele>
   </trkpt>
   <trkpt lat="-8.0157640" lon="112.9441600">
    <ele>2135.4</ele>
   </trkpt>
   <trkpt lat="-8.0156710" lon="112.9441310">
    <ele>2135.0</ele>
   </trkpt>
   <trkpt lat="-8.0156010" lon="112.9441190">
    <ele>2135.0</ele>
   </trkpt>
   <trkpt lat="-8.0155780" lon="112.9440950">
    <ele>2135.4</ele>
   </trkpt>
   <trkpt lat="-8.0155150" lon="112.9440660">
    <ele>2135.6</ele>
   </trkpt>
   <trkpt lat="-8.0154510" lon="112.9440440">
    <ele>2135.4</ele>
   </trkpt>
   <trkpt lat="-8.0153520" lon="112.9440290">
    <ele>2135.8</ele>
   </trkpt>
   <trkpt lat="-8.0152530" lon="112.9440190">
    <ele>2135.6</ele>
   </trkpt>
   <trkpt lat="-8.0151980" lon="112.9440190">
    <ele>2136.6</ele>
   </trkpt>
   <trkpt lat="-8.0151860" lon="112.9440150">
    <ele>2136.8</ele>
   </trkpt>
   <trkpt lat="-8.0151380" lon="112.9440170">
    <ele>2137.0</ele>
   </trkpt>
   <trkpt lat="-8.0151210" lon="112.9440190">
    <ele>2137.0</ele>
   </trkpt>
   <trkpt lat="-8.0150930" lon="112.9440250">
    <ele>2136.8</ele>
   </trkpt>
   <trkpt lat="-8.0150800" lon="112.9440270">
    <ele>2136.8</ele>
   </trkpt>
   <trkpt lat="-8.0149950" lon="112.9440860">
    <ele>2137.0</ele>
   </trkpt>
   <trkpt lat="-8.0149190" lon="112.9441750">
    <ele>2137.6</ele>
   </trkpt>
   <trkpt lat="-8.0149030" lon="112.9442230">
    <ele>2138.8</ele>
   </trkpt>
   <trkpt lat="-8.0148870" lon="112.9442490">
    <ele>2139.2</ele>
   </trkpt>
   <trkpt lat="-8.0147870" lon="112.9442780">
    <ele>2139.6</ele>
   </trkpt>
   <trkpt lat="-8.0147190" lon="112.9443020">
    <ele>2139.8</ele>
   </trkpt>
   <trkpt lat="-8.0146920" lon="112.9443170">
    <ele>2140.2</ele>
   </trkpt>
   <trkpt lat="-8.0146790" lon="112.9443220">
    <ele>2140.4</ele>
   </trkpt>
   <trkpt lat="-8.0146440" lon="112.9443560">
    <ele>2140.4</ele>
   </trkpt>
   <trkpt lat="-8.0146070" lon="112.9443970">
    <ele>2140.8</ele>
   </trkpt>
   <trkpt lat="-8.0146020" lon="112.9444100">
    <ele>2141.0</ele>
   </trkpt>
   <trkpt lat="-8.0145990" lon="112.9444220">
    <ele>2141.4</ele>
   </trkpt>
   <trkpt lat="-8.0145970" lon="112.9444490">
    <ele>2141.6</ele>
   </trkpt>
   <trkpt lat="-8.0145860" lon="112.9445070">
    <ele>2141.6</ele>
   </trkpt>
   <trkpt lat="-8.0145940" lon="112.9446160">
    <ele>2141.8</ele>
   </trkpt>
   <trkpt lat="-8.0145950" lon="112.9446320">
    <ele>2142.2</ele>
   </trkpt>
   <trkpt lat="-8.0145990" lon="112.9446550">
    <ele>2143.0</ele>
   </trkpt>
   <trkpt lat="-8.0145940" lon="112.9446530">
    <ele>2142.8</ele>
   </trkpt>
   <trkpt lat="-8.0145880" lon="112.9446650">
    <ele>2142.6</ele>
   </trkpt>
   <trkpt lat="-8.0145860" lon="112.9447070">
    <ele>2143.4</ele>
   </trkpt>
   <trkpt lat="-8.0145890" lon="112.9447310">
    <ele>2143.8</ele>
   </trkpt>
   <trkpt lat="-8.0146110" lon="112.9448350">
    <ele>2144.2</ele>
   </trkpt>
   <trkpt lat="-8.0146260" lon="112.9449180">
    <ele>2144.4</ele>
   </trkpt>
   <trkpt lat="-8.0146340" lon="112.9449560">
    <ele>2144.8</ele>
   </trkpt>
   <trkpt lat="-8.0146450" lon="112.9450030">
    <ele>2145.6</ele>
   </trkpt>
   <trkpt lat="-8.0146540" lon="112.9450340">
    <ele>2146.4</ele>
   </trkpt>
   <trkpt lat="-8.0146590" lon="112.9450450">
    <ele>2146.6</ele>
   </trkpt>
   <trkpt lat="-8.0146740" lon="112.9451090">
    <ele>2147.8</ele>
   </trkpt>
   <trkpt lat="-8.0146630" lon="112.9452170">
    <ele>2148.6</ele>
   </trkpt>
   <trkpt lat="-8.0146070" lon="112.9452760">
    <ele>2148.8</ele>
   </trkpt>
   <trkpt lat="-8.0145970" lon="112.9452880">
    <ele>2148.8</ele>
   </trkpt>
   <trkpt lat="-8.0145870" lon="112.9453010">
    <ele>2149.0</ele>
   </trkpt>
   <trkpt lat="-8.0145440" lon="112.9453510">
    <ele>2149.2</ele>
   </trkpt>
   <trkpt lat="-8.0144710" lon="112.9453890">
    <ele>2149.0</ele>
   </trkpt>
   <trkpt lat="-8.0143430" lon="112.9454250">
    <ele>2149.2</ele>
   </trkpt>
   <trkpt lat="-8.0142820" lon="112.9454430">
    <ele>2149.4</ele>
   </trkpt>
   <trkpt lat="-8.0142620" lon="112.9454550">
    <ele>2149.4</ele>
   </trkpt>
   <trkpt lat="-8.0141850" lon="112.9454920">
    <ele>2148.6</ele>
   </trkpt>
   <trkpt lat="-8.0141480" lon="112.9455060">
    <ele>2147.8</ele>
   </trkpt>
   <trkpt lat="-8.0141110" lon="112.9455090">
    <ele>2147.4</ele>
   </trkpt>
   <trkpt lat="-8.0140940" lon="112.9455080">
    <ele>2147.6</ele>
   </trkpt>
   <trkpt lat="-8.0140430" lon="112.9454760">
    <ele>2148.8</ele>
   </trkpt>
   <trkpt lat="-8.0140340" lon="112.9454700">
    <ele>2149.0</ele>
   </trkpt>
   <trkpt lat="-8.0140020" lon="112.9454690">
    <ele>2149.0</ele>
   </trkpt>
   <trkpt lat="-8.0139900" lon="112.9454790">
    <ele>2148.4</ele>
   </trkpt>
   <trkpt lat="-8.0139870" lon="112.9454850">
    <ele>2148.0</ele>
   </trkpt>
   <trkpt lat="-8.0139890" lon="112.9454960">
    <ele>2147.4</ele>
   </trkpt>
   <trkpt lat="-8.0140010" lon="112.9455230">
    <ele>2147.8</ele>
   </trkpt>
   <trkpt lat="-8.0140190" lon="112.9455190">
    <ele>2148.6</ele>
   </trkpt>
   <trkpt lat="-8.0140130" lon="112.9455260">
    <ele>2148.8</ele>
   </trkpt>
   <trkpt lat="-8.0140240" lon="112.9455410">
    <ele>2149.2</ele>
   </trkpt>
   <trkpt lat="-8.0139650" lon="112.9457050">
    <ele>2143.4</ele>
   </trkpt>
   <trkpt lat="-8.0139700" lon="112.9456940">
    <ele>2143.8</ele>
   </trkpt>
   <trkpt lat="-8.0139750" lon="112.9456950">
    <ele>2144.0</ele>
   </trkpt>
   <trkpt lat="-8.0139680" lon="112.9456950">
    <ele>2143.4</ele>
   </trkpt>
   <trkpt lat="-8.0139710" lon="112.9456970">
    <ele>2143.4</ele>
   </trkpt>
   <trkpt lat="-8.0139740" lon="112.9457020">
    <ele>2143.4</ele>
   </trkpt>
   <trkpt lat="-8.0139750" lon="112.9457020">
    <ele>2143.4</ele>
   </trkpt>
  </trkseg>
 </trk>
</gpx>
