<?xml version="1.0" encoding="UTF-8"?>
<gpx creator="StravaGPX Android" xmlns:xsi="http://www.w3.org/2001/XMLSchema-instance" xsi:schemaLocation="http://www.topografix.com/GPX/1/1 http://www.topografix.com/GPX/1/1/gpx.xsd" version="1.1" xmlns="http://www.topografix.com/GPX/1/1">
 <trk>
  <name>Slamet Challenge</name>
  <type>running</type>
  <trkseg>
   <trkpt lat="-7.2215380" lon="109.2610890">
    <ele>1582.8</ele>
   </trkpt>
   <trkpt lat="-7.2215090" lon="109.2610890">
    <ele>1582.4</ele>
   </trkpt>
   <trkpt lat="-7.2214720" lon="109.2610790">
    <ele>1582.0</ele>
   </trkpt>
   <trkpt lat="-7.2214400" lon="109.2610730">
    <ele>1582.0</ele>
   </trkpt>
   <trkpt lat="-7.2214090" lon="109.2610710">
    <ele>1581.4</ele>
   </trkpt>
   <trkpt lat="-7.2213700" lon="109.2610680">
    <ele>1580.6</ele>
   </trkpt>
   <trkpt lat="-7.2213420" lon="109.2610610">
    <ele>1579.6</ele>
   </trkpt>
   <trkpt lat="-7.2213080" lon="109.2610430">
    <ele>1580.0</ele>
   </trkpt>
   <trkpt lat="-7.2213130" lon="109.2610130">
    <ele>1580.2</ele>
   </trkpt>
   <trkpt lat="-7.2213430" lon="109.2609790">
    <ele>1581.0</ele>
   </trkpt>
   <trkpt lat="-7.2213600" lon="109.2609250">
    <ele>1582.2</ele>
   </trkpt>
   <trkpt lat="-7.2213660" lon="109.2608950">
    <ele>1582.9</ele>
   </trkpt>
   <trkpt lat="-7.2213810" lon="109.2608640">
    <ele>1583.5</ele>
   </trkpt>
   <trkpt lat="-7.2213960" lon="109.2608390">
    <ele>1583.9</ele>
   </trkpt>
   <trkpt lat="-7.2214060" lon="109.2608080">
    <ele>1584.5</ele>
   </trkpt>
   <trkpt lat="-7.2214120" lon="109.2607730">
    <ele>1585.0</ele>
   </trkpt>
   <trkpt lat="-7.2214150" lon="109.2607440">
    <ele>1585.4</ele>
   </trkpt>
   <trkpt lat="-7.2214170" lon="109.2607080">
    <ele>1585.9</ele>
   </trkpt>
   <trkpt lat="-7.2214150" lon="109.2606770">
    <ele>1586.5</ele>
   </trkpt>
   <trkpt lat="-7.2214170" lon="109.2606480">
    <ele>1587.1</ele>
   </trkpt>
   <trkpt lat="-7.2214120" lon="109.2606150">
    <ele>1587.8</ele>
   </trkpt>
   <trkpt lat="-7.2214160" lon="109.2605860">
    <ele>1588.3</ele>
   </trkpt>
   <trkpt lat="-7.2214290" lon="109.2605510">
    <ele>1588.8</ele>
   </trkpt>
   <trkpt lat="-7.2214390" lon="109.2605180">
    <ele>1589.2</ele>
   </trkpt>
   <trkpt lat="-7.2214500" lon="109.2604890">
    <ele>1589.7</ele>
   </trkpt>
   <trkpt lat="-7.2214690" lon="109.2604410">
    <ele>1590.5</ele>
   </trkpt>
   <trkpt lat="-7.2214860" lon="109.2603970">
    <ele>1591.2</ele>
   </trkpt>
   <trkpt lat="-7.2214930" lon="109.2603640">
    <ele>1591.7</ele>
   </trkpt>
   <trkpt lat="-7.2215180" lon="109.2603310">
    <ele>1592.3</ele>
   </trkpt>
   <trkpt lat="-7.2215370" lon="109.2602920">
    <ele>1592.9</ele>
   </trkpt>
   <trkpt lat="-7.2215520" lon="109.2602520">
    <ele>1593.3</ele>
   </trkpt>
   <trkpt lat="-7.2215640" lon="109.2602110">
    <ele>1593.8</ele>
   </trkpt>
   <trkpt lat="-7.2215740" lon="109.2601720">
    <ele>1594.0</ele>
   </trkpt>
   <trkpt lat="-7.2215830" lon="109.2601410">
    <ele>1594.2</ele>
   </trkpt>
   <trkpt lat="-7.2216000" lon="109.2601100">
    <ele>1594.4</ele>
   </trkpt>
   <trkpt lat="-7.2216240" lon="109.2600820">
    <ele>1594.6</ele>
   </trkpt>
   <trkpt lat="-7.2216580" lon="109.2600400">
    <ele>1594.8</ele>
   </trkpt>
   <trkpt lat="-7.2216660" lon="109.2600110">
    <ele>1595.0</ele>
   </trkpt>
   <trkpt lat="-7.2216790" lon="109.2599850">
    <ele>1595.1</ele>
   </trkpt>
   <trkpt lat="-7.2217040" lon="109.2599390">
    <ele>1595.4</ele>
   </trkpt>
   <trkpt lat="-7.2217290" lon="109.2598860">
    <ele>1595.7</ele>
   </trkpt>
   <trkpt lat="-7.2217520" lon="109.2598510">
    <ele>1596.1</ele>
   </trkpt>
   <trkpt lat="-7.2217640" lon="109.2598230">
    <ele>1596.4</ele>
   </trkpt>
   <trkpt lat="-7.2217720" lon="109.2597940">
    <ele>1596.7</ele>
   </trkpt>
   <trkpt lat="-7.2217860" lon="109.2597670">
    <ele>1597.0</ele>
   </trkpt>
   <trkpt lat="-7.2218010" lon="109.2597430">
    <ele>1597.3</ele>
   </trkpt>
   <trkpt lat="-7.2218250" lon="109.2597180">
    <ele>1597.7</ele>
   </trkpt>
   <trkpt lat="-7.2218530" lon="109.2597190">
    <ele>1598.0</ele>
   </trkpt>
   <trkpt lat="-7.2218430" lon="109.2596920">
    <ele>1598.4</ele>
   </trkpt>
   <trkpt lat="-7.2218490" lon="109.2596610">
    <ele>1598.8</ele>
   </trkpt>
   <trkpt lat="-7.2218550" lon="109.2596330">
    <ele>1599.1</ele>
   </trkpt>
   <trkpt lat="-7.2218400" lon="109.2596030">
    <ele>1599.1</ele>
   </trkpt>
   <trkpt lat="-7.2218430" lon="109.2595680">
    <ele>1599.2</ele>
   </trkpt>
   <trkpt lat="-7.2218490" lon="109.2595290">
    <ele>1599.5</ele>
   </trkpt>
   <trkpt lat="-7.2218510" lon="109.2595010">
    <ele>1599.7</ele>
   </trkpt>
   <trkpt lat="-7.2218570" lon="109.2594740">
    <ele>1600.0</ele>
   </trkpt>
   <trkpt lat="-7.2218640" lon="109.2594470">
    <ele>1600.6</ele>
   </trkpt>
   <trkpt lat="-7.2218750" lon="109.2594150">
    <ele>1602.3</ele>
   </trkpt>
   <trkpt lat="-7.2218800" lon="109.2593830">
    <ele>1602.3</ele>
   </trkpt>
   <trkpt lat="-7.2218780" lon="109.2593550">
    <ele>1603.0</ele>
   </trkpt>
   <trkpt lat="-7.2219010" lon="109.2593290">
    <ele>1603.8</ele>
   </trkpt>
   <trkpt lat="-7.2220020" lon="109.2593250">
    <ele>1605.4</ele>
   </trkpt>
   <trkpt lat="-7.2220370" lon="109.2593210">
    <ele>1605.8</ele>
   </trkpt>
   <trkpt lat="-7.2220670" lon="109.2593190">
    <ele>1605.8</ele>
   </trkpt>
   <trkpt lat="-7.2221180" lon="109.2593170">
    <ele>1606.2</ele>
   </trkpt>
   <trkpt lat="-7.2221510" lon="109.2593180">
    <ele>1606.7</ele>
   </trkpt>
   <trkpt lat="-7.2221970" lon="109.2593260">
    <ele>1607.2</ele>
   </trkpt>
   <trkpt lat="-7.2222380" lon="109.2593300">
    <ele>1607.7</ele>
   </trkpt>
   <trkpt lat="-7.2222680" lon="109.2593260">
    <ele>1608.1</ele>
   </trkpt>
   <trkpt lat="-7.2222980" lon="109.2593140">
    <ele>1608.4</ele>
   </trkpt>
   <trkpt lat="-7.2223220" lon="109.2592850">
    <ele>1609.4</ele>
   </trkpt>
   <trkpt lat="-7.2223320" lon="109.2592500">
    <ele>1609.4</ele>
   </trkpt>
   <trkpt lat="-7.2223540" lon="109.2592180">
    <ele>1610.6</ele>
   </trkpt>
   <trkpt lat="-7.2223690" lon="109.2591920">
    <ele>1611.5</ele>
   </trkpt>
   <trkpt lat="-7.2223850" lon="109.2591600">
    <ele>1612.8</ele>
   </trkpt>
   <trkpt lat="-7.2223940" lon="109.2591260">
    <ele>1612.8</ele>
   </trkpt>
   <trkpt lat="-7.2224080" lon="109.2590920">
    <ele>1613.8</ele>
   </trkpt>
   <trkpt lat="-7.2224110" lon="109.2590640">
    <ele>1614.8</ele>
   </trkpt>
   <trkpt lat="-7.2224100" lon="109.2590320">
    <ele>1616.6</ele>
   </trkpt>
   <trkpt lat="-7.2224010" lon="109.2590020">
    <ele>1616.6</ele>
   </trkpt>
   <trkpt lat="-7.2223890" lon="109.2589710">
    <ele>1617.5</ele>
   </trkpt>
   <trkpt lat="-7.2223910" lon="109.2589430">
    <ele>1618.4</ele>
   </trkpt>
   <trkpt lat="-7.2223990" lon="109.2589030">
    <ele>1619.2</ele>
   </trkpt>
   <trkpt lat="-7.2224020" lon="109.2588740">
    <ele>1619.2</ele>
   </trkpt>
   <trkpt lat="-7.2224070" lon="109.2588390">
    <ele>1619.9</ele>
   </trkpt>
   <trkpt lat="-7.2224110" lon="109.2588040">
    <ele>1620.7</ele>
   </trkpt>
   <trkpt lat="-7.2224230" lon="109.2587760">
    <ele>1620.0</ele>
   </trkpt>
   <trkpt lat="-7.2224390" lon="109.2587450">
    <ele>1620.8</ele>
   </trkpt>
   <trkpt lat="-7.2224540" lon="109.2587080">
    <ele>1621.6</ele>
   </trkpt>
   <trkpt lat="-7.2224630" lon="109.2586780">
    <ele>1621.6</ele>
   </trkpt>
   <trkpt lat="-7.2224700" lon="109.2586500">
    <ele>1621.6</ele>
   </trkpt>
   <trkpt lat="-7.2224780" lon="109.2586200">
    <ele>1622.3</ele>
   </trkpt>
   <trkpt lat="-7.2224790" lon="109.2585800">
    <ele>1622.9</ele>
   </trkpt>
   <trkpt lat="-7.2224830" lon="109.2585430">
    <ele>1623.4</ele>
   </trkpt>
   <trkpt lat="-7.2224950" lon="109.2585050">
    <ele>1623.9</ele>
   </trkpt>
   <trkpt lat="-7.2224990" lon="109.2584780">
    <ele>1623.9</ele>
   </trkpt>
   <trkpt lat="-7.2224950" lon="109.2584440">
    <ele>1624.5</ele>
   </trkpt>
   <trkpt lat="-7.2224850" lon="109.2584090">
    <ele>1625.3</ele>
   </trkpt>
   <trkpt lat="-7.2224840" lon="109.2583810">
    <ele>1626.2</ele>
   </trkpt>
   <trkpt lat="-7.2224820" lon="109.2583530">
    <ele>1626.2</ele>
   </trkpt>
   <trkpt lat="-7.2224810" lon="109.2583180">
    <ele>1627.2</ele>
   </trkpt>
   <trkpt lat="-7.2224780" lon="109.2582900">
    <ele>1628.1</ele>
   </trkpt>
   <trkpt lat="-7.2224680" lon="109.2582590">
    <ele>1629.0</ele>
   </trkpt>
   <trkpt lat="-7.2224700" lon="109.2582310">
    <ele>1629.0</ele>
   </trkpt>
   <trkpt lat="-7.2224780" lon="109.2582040">
    <ele>1629.7</ele>
   </trkpt>
   <trkpt lat="-7.2224710" lon="109.2581710">
    <ele>1630.4</ele>
   </trkpt>
   <trkpt lat="-7.2224560" lon="109.2581460">
    <ele>1630.6</ele>
   </trkpt>
   <trkpt lat="-7.2224540" lon="109.2581160">
    <ele>1631.4</ele>
   </trkpt>
   <trkpt lat="-7.2224480" lon="109.2580750">
    <ele>1632.1</ele>
   </trkpt>
   <trkpt lat="-7.2224400" lon="109.2580480">
    <ele>1632.1</ele>
   </trkpt>
   <trkpt lat="-7.2224240" lon="109.2580160">
    <ele>1632.8</ele>
   </trkpt>
   <trkpt lat="-7.2224080" lon="109.2579930">
    <ele>1633.6</ele>
   </trkpt>
   <trkpt lat="-7.2223940" lon="109.2579610">
    <ele>1633.6</ele>
   </trkpt>
   <trkpt lat="-7.2223860" lon="109.2579290">
    <ele>1634.4</ele>
   </trkpt>
   <trkpt lat="-7.2223780" lon="109.2579020">
    <ele>1635.2</ele>
   </trkpt>
   <trkpt lat="-7.2223710" lon="109.2578730">
    <ele>1636.0</ele>
   </trkpt>
   <trkpt lat="-7.2223760" lon="109.2578450">
    <ele>1636.1</ele>
   </trkpt>
   <trkpt lat="-7.2223760" lon="109.2578150">
    <ele>1637.1</ele>
   </trkpt>
   <trkpt lat="-7.2223710" lon="109.2577760">
    <ele>1638.1</ele>
   </trkpt>
   <trkpt lat="-7.2223700" lon="109.2577470">
    <ele>1638.1</ele>
   </trkpt>
   <trkpt lat="-7.2223620" lon="109.2577160">
    <ele>1639.2</ele>
   </trkpt>
   <trkpt lat="-7.2223530" lon="109.2576830">
    <ele>1640.4</ele>
   </trkpt>
   <trkpt lat="-7.2223330" lon="109.2576510">
    <ele>1641.5</ele>
   </trkpt>
   <trkpt lat="-7.2223330" lon="109.2576190">
    <ele>1641.5</ele>
   </trkpt>
   <trkpt lat="-7.2223280" lon="109.2575850">
    <ele>1641.7</ele>
   </trkpt>
   <trkpt lat="-7.2223150" lon="109.2575580">
    <ele>1642.4</ele>
   </trkpt>
   <trkpt lat="-7.2222940" lon="109.2575340">
    <ele>1642.4</ele>
   </trkpt>
   <trkpt lat="-7.2222750" lon="109.2575130">
    <ele>1642.1</ele>
   </trkpt>
   <trkpt lat="-7.2222570" lon="109.2574860">
    <ele>1642.6</ele>
   </trkpt>
   <trkpt lat="-7.2222520" lon="109.2574520">
    <ele>1642.6</ele>
   </trkpt>
   <trkpt lat="-7.2222590" lon="109.2574190">
    <ele>1643.1</ele>
   </trkpt>
   <trkpt lat="-7.2222710" lon="109.2573680">
    <ele>1643.7</ele>
   </trkpt>
   <trkpt lat="-7.2222790" lon="109.2573200">
    <ele>1644.3</ele>
   </trkpt>
   <trkpt lat="-7.2222810" lon="109.2572860">
    <ele>1645.1</ele>
   </trkpt>
   <trkpt lat="-7.2222860" lon="109.2572370">
    <ele>1646.0</ele>
   </trkpt>
   <trkpt lat="-7.2222970" lon="109.2571830">
    <ele>1649.2</ele>
   </trkpt>
   <trkpt lat="-7.2223000" lon="109.2571410">
    <ele>1650.3</ele>
   </trkpt>
   <trkpt lat="-7.2223010" lon="109.2570990">
    <ele>1651.3</ele>
   </trkpt>
   <trkpt lat="-7.2223070" lon="109.2570670">
    <ele>1651.3</ele>
   </trkpt>
   <trkpt lat="-7.2223220" lon="109.2570380">
    <ele>1652.4</ele>
   </trkpt>
   <trkpt lat="-7.2223200" lon="109.2570090">
    <ele>1653.5</ele>
   </trkpt>
   <trkpt lat="-7.2223190" lon="109.2569810">
    <ele>1653.5</ele>
   </trkpt>
   <trkpt lat="-7.2223130" lon="109.2569510">
    <ele>1654.8</ele>
   </trkpt>
   <trkpt lat="-7.2223000" lon="109.2569160">
    <ele>1656.2</ele>
   </trkpt>
   <trkpt lat="-7.2222860" lon="109.2568900">
    <ele>1656.1</ele>
   </trkpt>
   <trkpt lat="-7.2222790" lon="109.2568610">
    <ele>1658.0</ele>
   </trkpt>
   <trkpt lat="-7.2222690" lon="109.2568310">
    <ele>1660.1</ele>
   </trkpt>
   <trkpt lat="-7.2222640" lon="109.2568020">
    <ele>1660.1</ele>
   </trkpt>
   <trkpt lat="-7.2222650" lon="109.2567720">
    <ele>1662.1</ele>
   </trkpt>
   <trkpt lat="-7.2222630" lon="109.2567370">
    <ele>1663.9</ele>
   </trkpt>
   <trkpt lat="-7.2222650" lon="109.2566970">
    <ele>1665.1</ele>
   </trkpt>
   <trkpt lat="-7.2222680" lon="109.2566630">
    <ele>1665.8</ele>
   </trkpt>
   <trkpt lat="-7.2222720" lon="109.2566320">
    <ele>1665.8</ele>
   </trkpt>
   <trkpt lat="-7.2222740" lon="109.2566020">
    <ele>1666.2</ele>
   </trkpt>
   <trkpt lat="-7.2222730" lon="109.2565730">
    <ele>1666.3</ele>
   </trkpt>
   <trkpt lat="-7.2222740" lon="109.2565400">
    <ele>1666.5</ele>
   </trkpt>
   <trkpt lat="-7.2222720" lon="109.2565030">
    <ele>1666.5</ele>
   </trkpt>
   <trkpt lat="-7.2222880" lon="109.2564710">
    <ele>1666.7</ele>
   </trkpt>
   <trkpt lat="-7.2223110" lon="109.2564510">
    <ele>1666.5</ele>
   </trkpt>
   <trkpt lat="-7.2223210" lon="109.2564200">
    <ele>1666.5</ele>
   </trkpt>
   <trkpt lat="-7.2223340" lon="109.2563910">
    <ele>1666.3</ele>
   </trkpt>
   <trkpt lat="-7.2223470" lon="109.2563630">
    <ele>1666.7</ele>
   </trkpt>
   <trkpt lat="-7.2223310" lon="109.2563380">
    <ele>1667.3</ele>
   </trkpt>
   <trkpt lat="-7.2223110" lon="109.2563120">
    <ele>1667.8</ele>
   </trkpt>
   <trkpt lat="-7.2222880" lon="109.2562620">
    <ele>1668.7</ele>
   </trkpt>
   <trkpt lat="-7.2222770" lon="109.2562280">
    <ele>1669.3</ele>
   </trkpt>
   <trkpt lat="-7.2222710" lon="109.2561900">
    <ele>1669.9</ele>
   </trkpt>
   <trkpt lat="-7.2222630" lon="109.2561580">
    <ele>1669.9</ele>
   </trkpt>
   <trkpt lat="-7.2222570" lon="109.2561270">
    <ele>1670.6</ele>
   </trkpt>
   <trkpt lat="-7.2222600" lon="109.2560980">
    <ele>1671.3</ele>
   </trkpt>
   <trkpt lat="-7.2222650" lon="109.2560670">
    <ele>1672.2</ele>
   </trkpt>
   <trkpt lat="-7.2222660" lon="109.2560370">
    <ele>1672.2</ele>
   </trkpt>
   <trkpt lat="-7.2222580" lon="109.2559970">
    <ele>1673.1</ele>
   </trkpt>
   <trkpt lat="-7.2222520" lon="109.2559670">
    <ele>1674.2</ele>
   </trkpt>
   <trkpt lat="-7.2222640" lon="109.2559380">
    <ele>1675.2</ele>
   </trkpt>
   <trkpt lat="-7.2222670" lon="109.2559100">
    <ele>1675.2</ele>
   </trkpt>
   <trkpt lat="-7.2222600" lon="109.2558760">
    <ele>1676.3</ele>
   </trkpt>
   <trkpt lat="-7.2222580" lon="109.2558430">
    <ele>1677.2</ele>
   </trkpt>
   <trkpt lat="-7.2222520" lon="109.2558140">
    <ele>1677.9</ele>
   </trkpt>
   <trkpt lat="-7.2222520" lon="109.2557790">
    <ele>1677.9</ele>
   </trkpt>
   <trkpt lat="-7.2222560" lon="109.2557440">
    <ele>1678.7</ele>
   </trkpt>
   <trkpt lat="-7.2222500" lon="109.2557110">
    <ele>1679.4</ele>
   </trkpt>
   <trkpt lat="-7.2222580" lon="109.2556830">
    <ele>1680.1</ele>
   </trkpt>
   <trkpt lat="-7.2222710" lon="109.2556590">
    <ele>1680.1</ele>
   </trkpt>
   <trkpt lat="-7.2222800" lon="109.2556280">
    <ele>1680.8</ele>
   </trkpt>
   <trkpt lat="-7.2222850" lon="109.2556010">
    <ele>1680.8</ele>
   </trkpt>
   <trkpt lat="-7.2222960" lon="109.2555690">
    <ele>1681.4</ele>
   </trkpt>
   <trkpt lat="-7.2223000" lon="109.2555240">
    <ele>1682.1</ele>
   </trkpt>
   <trkpt lat="-7.2222920" lon="109.2554930">
    <ele>1682.9</ele>
   </trkpt>
   <trkpt lat="-7.2222730" lon="109.2554580">
    <ele>1683.9</ele>
   </trkpt>
   <trkpt lat="-7.2222670" lon="109.2554310">
    <ele>1683.9</ele>
   </trkpt>
   <trkpt lat="-7.2222570" lon="109.2553940">
    <ele>1684.6</ele>
   </trkpt>
   <trkpt lat="-7.2222590" lon="109.2553550">
    <ele>1685.4</ele>
   </trkpt>
   <trkpt lat="-7.2222670" lon="109.2553230">
    <ele>1686.1</ele>
   </trkpt>
   <trkpt lat="-7.2222660" lon="109.2552910">
    <ele>1686.8</ele>
   </trkpt>
   <trkpt lat="-7.2222630" lon="109.2552600">
    <ele>1686.8</ele>
   </trkpt>
   <trkpt lat="-7.2222480" lon="109.2552190">
    <ele>1687.6</ele>
   </trkpt>
   <trkpt lat="-7.2222460" lon="109.2551790">
    <ele>1688.2</ele>
   </trkpt>
   <trkpt lat="-7.2222390" lon="109.2551460">
    <ele>1689.1</ele>
   </trkpt>
   <trkpt lat="-7.2222350" lon="109.2551150">
    <ele>1690.0</ele>
   </trkpt>
   <trkpt lat="-7.2222360" lon="109.2550840">
    <ele>1691.0</ele>
   </trkpt>
   <trkpt lat="-7.2222410" lon="109.2550410">
    <ele>1692.1</ele>
   </trkpt>
   <trkpt lat="-7.2222480" lon="109.2550140">
    <ele>1692.4</ele>
   </trkpt>
   <trkpt lat="-7.2222800" lon="109.2549990">
    <ele>1693.5</ele>
   </trkpt>
   <trkpt lat="-7.2223030" lon="109.2549800">
    <ele>1693.7</ele>
   </trkpt>
   <trkpt lat="-7.2223180" lon="109.2549500">
    <ele>1694.7</ele>
   </trkpt>
   <trkpt lat="-7.2223340" lon="109.2549260">
    <ele>1694.8</ele>
   </trkpt>
   <trkpt lat="-7.2223270" lon="109.2548900">
    <ele>1695.7</ele>
   </trkpt>
   <trkpt lat="-7.2223140" lon="109.2548630">
    <ele>1696.5</ele>
   </trkpt>
   <trkpt lat="-7.2223110" lon="109.2548280">
    <ele>1696.5</ele>
   </trkpt>
   <trkpt lat="-7.2223070" lon="109.2547950">
    <ele>1697.3</ele>
   </trkpt>
   <trkpt lat="-7.2222770" lon="109.2547970">
    <ele>1697.2</ele>
   </trkpt>
   <trkpt lat="-7.2222520" lon="109.2547850">
    <ele>1697.2</ele>
   </trkpt>
   <trkpt lat="-7.2222400" lon="109.2547590">
    <ele>1697.7</ele>
   </trkpt>
   <trkpt lat="-7.2222310" lon="109.2547190">
    <ele>1698.4</ele>
   </trkpt>
   <trkpt lat="-7.2222400" lon="109.2546890">
    <ele>1699.2</ele>
   </trkpt>
   <trkpt lat="-7.2222590" lon="109.2546510">
    <ele>1700.2</ele>
   </trkpt>
   <trkpt lat="-7.2222750" lon="109.2546120">
    <ele>1701.2</ele>
   </trkpt>
   <trkpt lat="-7.2222950" lon="109.2545800">
    <ele>1701.2</ele>
   </trkpt>
   <trkpt lat="-7.2222990" lon="109.2545370">
    <ele>1702.1</ele>
   </trkpt>
   <trkpt lat="-7.2222990" lon="109.2545020">
    <ele>1703.1</ele>
   </trkpt>
   <trkpt lat="-7.2222950" lon="109.2544710">
    <ele>1704.0</ele>
   </trkpt>
   <trkpt lat="-7.2223000" lon="109.2544300">
    <ele>1704.8</ele>
   </trkpt>
   <trkpt lat="-7.2223130" lon="109.2544060">
    <ele>1704.8</ele>
   </trkpt>
   <trkpt lat="-7.2223360" lon="109.2543770">
    <ele>1705.3</ele>
   </trkpt>
   <trkpt lat="-7.2223320" lon="109.2543500">
    <ele>1706.3</ele>
   </trkpt>
   <trkpt lat="-7.2223290" lon="109.2543160">
    <ele>1706.3</ele>
   </trkpt>
   <trkpt lat="-7.2223340" lon="109.2542820">
    <ele>1706.7</ele>
   </trkpt>
   <trkpt lat="-7.2223070" lon="109.2542810">
    <ele>1707.0</ele>
   </trkpt>
   <trkpt lat="-7.2223150" lon="109.2543090">
    <ele>1707.0</ele>
   </trkpt>
   <trkpt lat="-7.2222860" lon="109.2543020">
    <ele>1707.1</ele>
   </trkpt>
   <trkpt lat="-7.2223020" lon="109.2542780">
    <ele>1707.0</ele>
   </trkpt>
   <trkpt lat="-7.2223260" lon="109.2542640">
    <ele>1707.7</ele>
   </trkpt>
   <trkpt lat="-7.2223420" lon="109.2542320">
    <ele>1707.3</ele>
   </trkpt>
   <trkpt lat="-7.2223260" lon="109.2542030">
    <ele>1708.4</ele>
   </trkpt>
   <trkpt lat="-7.2223050" lon="109.2541850">
    <ele>1708.4</ele>
   </trkpt>
   <trkpt lat="-7.2222950" lon="109.2541590">
    <ele>1709.1</ele>
   </trkpt>
   <trkpt lat="-7.2222990" lon="109.2541320">
    <ele>1710.0</ele>
   </trkpt>
   <trkpt lat="-7.2222940" lon="109.2540980">
    <ele>1710.0</ele>
   </trkpt>
   <trkpt lat="-7.2222840" lon="109.2540600">
    <ele>1710.8</ele>
   </trkpt>
   <trkpt lat="-7.2222720" lon="109.2540160">
    <ele>1711.7</ele>
   </trkpt>
   <trkpt lat="-7.2222710" lon="109.2539710">
    <ele>1712.5</ele>
   </trkpt>
   <trkpt lat="-7.2222720" lon="109.2539320">
    <ele>1713.4</ele>
   </trkpt>
   <trkpt lat="-7.2222750" lon="109.2539030">
    <ele>1714.4</ele>
   </trkpt>
   <trkpt lat="-7.2222840" lon="109.2538490">
    <ele>1715.4</ele>
   </trkpt>
   <trkpt lat="-7.2222850" lon="109.2538200">
    <ele>1716.4</ele>
   </trkpt>
   <trkpt lat="-7.2222920" lon="109.2537800">
    <ele>1717.9</ele>
   </trkpt>
   <trkpt lat="-7.2223060" lon="109.2537450">
    <ele>1718.9</ele>
   </trkpt>
   <trkpt lat="-7.2223200" lon="109.2537150">
    <ele>1718.9</ele>
   </trkpt>
   <trkpt lat="-7.2223270" lon="109.2536870">
    <ele>1719.9</ele>
   </trkpt>
   <trkpt lat="-7.2223250" lon="109.2536450">
    <ele>1720.8</ele>
   </trkpt>
   <trkpt lat="-7.2223260" lon="109.2536060">
    <ele>1721.7</ele>
   </trkpt>
   <trkpt lat="-7.2223300" lon="109.2535790">
    <ele>1722.6</ele>
   </trkpt>
   <trkpt lat="-7.2223330" lon="109.2535420">
    <ele>1722.9</ele>
   </trkpt>
   <trkpt lat="-7.2223320" lon="109.2534960">
    <ele>1724.1</ele>
   </trkpt>
   <trkpt lat="-7.2223240" lon="109.2534530">
    <ele>1724.9</ele>
   </trkpt>
   <trkpt lat="-7.2223330" lon="109.2534200">
    <ele>1725.4</ele>
   </trkpt>
   <trkpt lat="-7.2223410" lon="109.2533850">
    <ele>1726.1</ele>
   </trkpt>
   <trkpt lat="-7.2223450" lon="109.2533550">
    <ele>1726.6</ele>
   </trkpt>
   <trkpt lat="-7.2223470" lon="109.2533260">
    <ele>1726.6</ele>
   </trkpt>
   <trkpt lat="-7.2223360" lon="109.2532780">
    <ele>1727.4</ele>
   </trkpt>
   <trkpt lat="-7.2223270" lon="109.2532410">
    <ele>1727.2</ele>
   </trkpt>
   <trkpt lat="-7.2223200" lon="109.2531980">
    <ele>1727.6</ele>
   </trkpt>
   <trkpt lat="-7.2223200" lon="109.2531580">
    <ele>1727.9</ele>
   </trkpt>
   <trkpt lat="-7.2223280" lon="109.2531270">
    <ele>1728.3</ele>
   </trkpt>
   <trkpt lat="-7.2223260" lon="109.2530850">
    <ele>1728.8</ele>
   </trkpt>
   <trkpt lat="-7.2223180" lon="109.2530510">
    <ele>1729.4</ele>
   </trkpt>
   <trkpt lat="-7.2223380" lon="109.2530260">
    <ele>1729.4</ele>
   </trkpt>
   <trkpt lat="-7.2223590" lon="109.2530060">
    <ele>1730.2</ele>
   </trkpt>
   <trkpt lat="-7.2223690" lon="109.2529790">
    <ele>1731.1</ele>
   </trkpt>
   <trkpt lat="-7.2223660" lon="109.2529420">
    <ele>1731.1</ele>
   </trkpt>
   <trkpt lat="-7.2223650" lon="109.2529080">
    <ele>1732.1</ele>
   </trkpt>
   <trkpt lat="-7.2223570" lon="109.2528750">
    <ele>1733.1</ele>
   </trkpt>
   <trkpt lat="-7.2223560" lon="109.2528390">
    <ele>1734.2</ele>
   </trkpt>
   <trkpt lat="-7.2223540" lon="109.2528110">
    <ele>1734.2</ele>
   </trkpt>
   <trkpt lat="-7.2223550" lon="109.2527720">
    <ele>1735.2</ele>
   </trkpt>
   <trkpt lat="-7.2223530" lon="109.2527380">
    <ele>1736.2</ele>
   </trkpt>
   <trkpt lat="-7.2223460" lon="109.2527110">
    <ele>1737.2</ele>
   </trkpt>
   <trkpt lat="-7.2223490" lon="109.2526800">
    <ele>1738.1</ele>
   </trkpt>
   <trkpt lat="-7.2223700" lon="109.2526520">
    <ele>1738.1</ele>
   </trkpt>
   <trkpt lat="-7.2223620" lon="109.2526210">
    <ele>1739.1</ele>
   </trkpt>
   <trkpt lat="-7.2223560" lon="109.2525940">
    <ele>1740.1</ele>
   </trkpt>
   <trkpt lat="-7.2223450" lon="109.2525550">
    <ele>1740.1</ele>
   </trkpt>
   <trkpt lat="-7.2223360" lon="109.2525230">
    <ele>1741.3</ele>
   </trkpt>
   <trkpt lat="-7.2223460" lon="109.2524890">
    <ele>1742.5</ele>
   </trkpt>
   <trkpt lat="-7.2223630" lon="109.2524660">
    <ele>1743.7</ele>
   </trkpt>
   <trkpt lat="-7.2223530" lon="109.2524360">
    <ele>1743.7</ele>
   </trkpt>
   <trkpt lat="-7.2223570" lon="109.2524030">
    <ele>1744.8</ele>
   </trkpt>
   <trkpt lat="-7.2223570" lon="109.2523590">
    <ele>1745.8</ele>
   </trkpt>
   <trkpt lat="-7.2223370" lon="109.2523250">
    <ele>1746.9</ele>
   </trkpt>
   <trkpt lat="-7.2223460" lon="109.2522840">
    <ele>1748.1</ele>
   </trkpt>
   <trkpt lat="-7.2223520" lon="109.2522540">
    <ele>1748.1</ele>
   </trkpt>
   <trkpt lat="-7.2223570" lon="109.2522150">
    <ele>1749.4</ele>
   </trkpt>
   <trkpt lat="-7.2223660" lon="109.2521740">
    <ele>1750.9</ele>
   </trkpt>
   <trkpt lat="-7.2223690" lon="109.2521270">
    <ele>1752.5</ele>
   </trkpt>
   <trkpt lat="-7.2223770" lon="109.2520940">
    <ele>1753.8</ele>
   </trkpt>
   <trkpt lat="-7.2223830" lon="109.2520670">
    <ele>1755.3</ele>
   </trkpt>
   <trkpt lat="-7.2223870" lon="109.2520330">
    <ele>1756.6</ele>
   </trkpt>
   <trkpt lat="-7.2224010" lon="109.2520060">
    <ele>1756.6</ele>
   </trkpt>
   <trkpt lat="-7.2223970" lon="109.2519710">
    <ele>1757.8</ele>
   </trkpt>
   <trkpt lat="-7.2224030" lon="109.2519400">
    <ele>1759.0</ele>
   </trkpt>
   <trkpt lat="-7.2224100" lon="109.2519130">
    <ele>1759.0</ele>
   </trkpt>
   <trkpt lat="-7.2224190" lon="109.2518760">
    <ele>1760.0</ele>
   </trkpt>
   <trkpt lat="-7.2224350" lon="109.2518480">
    <ele>1761.3</ele>
   </trkpt>
   <trkpt lat="-7.2224490" lon="109.2518120">
    <ele>1762.7</ele>
   </trkpt>
   <trkpt lat="-7.2224740" lon="109.2517930">
    <ele>1762.9</ele>
   </trkpt>
   <trkpt lat="-7.2224990" lon="109.2517730">
    <ele>1764.4</ele>
   </trkpt>
   <trkpt lat="-7.2225090" lon="109.2517450">
    <ele>1764.9</ele>
   </trkpt>
   <trkpt lat="-7.2225150" lon="109.2517060">
    <ele>1766.6</ele>
   </trkpt>
   <trkpt lat="-7.2225150" lon="109.2516740">
    <ele>1768.1</ele>
   </trkpt>
   <trkpt lat="-7.2225150" lon="109.2516450">
    <ele>1769.5</ele>
   </trkpt>
   <trkpt lat="-7.2225030" lon="109.2516040">
    <ele>1770.8</ele>
   </trkpt>
   <trkpt lat="-7.2225010" lon="109.2515760">
    <ele>1770.1</ele>
   </trkpt>
   <trkpt lat="-7.2225000" lon="109.2515410">
    <ele>1771.3</ele>
   </trkpt>
   <trkpt lat="-7.2225040" lon="109.2515110">
    <ele>1773.3</ele>
   </trkpt>
   <trkpt lat="-7.2225180" lon="109.2514820">
    <ele>1773.3</ele>
   </trkpt>
   <trkpt lat="-7.2225470" lon="109.2514810">
    <ele>1774.1</ele>
   </trkpt>
   <trkpt lat="-7.2225610" lon="109.2514550">
    <ele>1775.3</ele>
   </trkpt>
   <trkpt lat="-7.2225550" lon="109.2514280">
    <ele>1776.6</ele>
   </trkpt>
   <trkpt lat="-7.2225640" lon="109.2514010">
    <ele>1776.6</ele>
   </trkpt>
   <trkpt lat="-7.2225740" lon="109.2513740">
    <ele>1777.9</ele>
   </trkpt>
   <trkpt lat="-7.2225780" lon="109.2513360">
    <ele>1779.4</ele>
   </trkpt>
   <trkpt lat="-7.2225780" lon="109.2512960">
    <ele>1780.8</ele>
   </trkpt>
   <trkpt lat="-7.2225850" lon="109.2512490">
    <ele>1781.9</ele>
   </trkpt>
   <trkpt lat="-7.2225960" lon="109.2512140">
    <ele>1783.1</ele>
   </trkpt>
   <trkpt lat="-7.2226050" lon="109.2511830">
    <ele>1783.1</ele>
   </trkpt>
   <trkpt lat="-7.2225930" lon="109.2511570">
    <ele>1783.5</ele>
   </trkpt>
   <trkpt lat="-7.2225950" lon="109.2511250">
    <ele>1783.7</ele>
   </trkpt>
   <trkpt lat="-7.2226030" lon="109.2510900">
    <ele>1783.9</ele>
   </trkpt>
   <trkpt lat="-7.2226250" lon="109.2510670">
    <ele>1783.9</ele>
   </trkpt>
   <trkpt lat="-7.2226430" lon="109.2510290">
    <ele>1784.6</ele>
   </trkpt>
   <trkpt lat="-7.2226650" lon="109.2510090">
    <ele>1784.6</ele>
   </trkpt>
   <trkpt lat="-7.2226700" lon="109.2509770">
    <ele>1784.9</ele>
   </trkpt>
   <trkpt lat="-7.2226690" lon="109.2509330">
    <ele>1785.3</ele>
   </trkpt>
   <trkpt lat="-7.2226800" lon="109.2509050">
    <ele>1785.9</ele>
   </trkpt>
   <trkpt lat="-7.2226990" lon="109.2508720">
    <ele>1786.4</ele>
   </trkpt>
   <trkpt lat="-7.2227180" lon="109.2508370">
    <ele>1786.6</ele>
   </trkpt>
   <trkpt lat="-7.2227340" lon="109.2508060">
    <ele>1787.2</ele>
   </trkpt>
   <trkpt lat="-7.2227220" lon="109.2507820">
    <ele>1787.9</ele>
   </trkpt>
   <trkpt lat="-7.2227190" lon="109.2507450">
    <ele>1788.8</ele>
   </trkpt>
   <trkpt lat="-7.2227290" lon="109.2507120">
    <ele>1788.8</ele>
   </trkpt>
   <trkpt lat="-7.2227500" lon="109.2506940">
    <ele>1789.9</ele>
   </trkpt>
   <trkpt lat="-7.2227760" lon="109.2506880">
    <ele>1790.3</ele>
   </trkpt>
   <trkpt lat="-7.2227990" lon="109.2506700">
    <ele>1790.3</ele>
   </trkpt>
   <trkpt lat="-7.2228140" lon="109.2506360">
    <ele>1791.9</ele>
   </trkpt>
   <trkpt lat="-7.2228130" lon="109.2506070">
    <ele>1793.3</ele>
   </trkpt>
   <trkpt lat="-7.2228170" lon="109.2505740">
    <ele>1794.9</ele>
   </trkpt>
   <trkpt lat="-7.2228320" lon="109.2505420">
    <ele>1794.9</ele>
   </trkpt>
   <trkpt lat="-7.2228560" lon="109.2505100">
    <ele>1796.7</ele>
   </trkpt>
   <trkpt lat="-7.2228690" lon="109.2504860">
    <ele>1798.4</ele>
   </trkpt>
   <trkpt lat="-7.2228960" lon="109.2504810">
    <ele>1798.8</ele>
   </trkpt>
   <trkpt lat="-7.2229280" lon="109.2504670">
    <ele>1798.8</ele>
   </trkpt>
   <trkpt lat="-7.2229580" lon="109.2504710">
    <ele>1799.3</ele>
   </trkpt>
   <trkpt lat="-7.2229880" lon="109.2504620">
    <ele>1800.0</ele>
   </trkpt>
   <trkpt lat="-7.2230090" lon="109.2504440">
    <ele>1801.9</ele>
   </trkpt>
   <trkpt lat="-7.2230340" lon="109.2504180">
    <ele>1802.8</ele>
   </trkpt>
   <trkpt lat="-7.2230630" lon="109.2504100">
    <ele>1804.1</ele>
   </trkpt>
   <trkpt lat="-7.2230830" lon="109.2503910">
    <ele>1805.9</ele>
   </trkpt>
   <trkpt lat="-7.2230960" lon="109.2503580">
    <ele>1807.6</ele>
   </trkpt>
   <trkpt lat="-7.2231070" lon="109.2503320">
    <ele>1809.4</ele>
   </trkpt>
   <trkpt lat="-7.2231130" lon="109.2503000">
    <ele>1811.1</ele>
   </trkpt>
   <trkpt lat="-7.2231270" lon="109.2502670">
    <ele>1812.6</ele>
   </trkpt>
   <trkpt lat="-7.2231110" lon="109.2502430">
    <ele>1812.6</ele>
   </trkpt>
   <trkpt lat="-7.2231450" lon="109.2502300">
    <ele>1816.2</ele>
   </trkpt>
   <trkpt lat="-7.2231590" lon="109.2502040">
    <ele>1816.2</ele>
   </trkpt>
   <trkpt lat="-7.2231910" lon="109.2501830">
    <ele>1819.6</ele>
   </trkpt>
   <trkpt lat="-7.2232280" lon="109.2501670">
    <ele>1821.4</ele>
   </trkpt>
   <trkpt lat="-7.2232500" lon="109.2501400">
    <ele>1822.5</ele>
   </trkpt>
   <trkpt lat="-7.2232610" lon="109.2500780">
    <ele>1823.5</ele>
   </trkpt>
   <trkpt lat="-7.2232890" lon="109.2500550">
    <ele>1825.9</ele>
   </trkpt>
   <trkpt lat="-7.2233220" lon="109.2500430">
    <ele>1827.1</ele>
   </trkpt>
   <trkpt lat="-7.2233330" lon="109.2500140">
    <ele>1828.1</ele>
   </trkpt>
   <trkpt lat="-7.2233490" lon="109.2499870">
    <ele>1828.1</ele>
   </trkpt>
   <trkpt lat="-7.2233610" lon="109.2499600">
    <ele>1830.1</ele>
   </trkpt>
   <trkpt lat="-7.2233710" lon="109.2499270">
    <ele>1831.1</ele>
   </trkpt>
   <trkpt lat="-7.2233920" lon="109.2499060">
    <ele>1831.1</ele>
   </trkpt>
   <trkpt lat="-7.2234170" lon="109.2498930">
    <ele>1831.8</ele>
   </trkpt>
   <trkpt lat="-7.2234470" lon="109.2498810">
    <ele>1833.3</ele>
   </trkpt>
   <trkpt lat="-7.2234740" lon="109.2498670">
    <ele>1833.3</ele>
   </trkpt>
   <trkpt lat="-7.2234930" lon="109.2498430">
    <ele>1834.5</ele>
   </trkpt>
   <trkpt lat="-7.2234760" lon="109.2498070">
    <ele>1834.2</ele>
   </trkpt>
   <trkpt lat="-7.2234900" lon="109.2497710">
    <ele>1835.4</ele>
   </trkpt>
   <trkpt lat="-7.2235200" lon="109.2497570">
    <ele>1836.3</ele>
   </trkpt>
   <trkpt lat="-7.2235510" lon="109.2497430">
    <ele>1836.6</ele>
   </trkpt>
   <trkpt lat="-7.2235730" lon="109.2497270">
    <ele>1836.8</ele>
   </trkpt>
   <trkpt lat="-7.2235910" lon="109.2496970">
    <ele>1837.8</ele>
   </trkpt>
   <trkpt lat="-7.2236260" lon="109.2496700">
    <ele>1839.1</ele>
   </trkpt>
   <trkpt lat="-7.2236490" lon="109.2496430">
    <ele>1839.1</ele>
   </trkpt>
   <trkpt lat="-7.2236580" lon="109.2496140">
    <ele>1840.5</ele>
   </trkpt>
   <trkpt lat="-7.2236560" lon="109.2495870">
    <ele>1841.6</ele>
   </trkpt>
   <trkpt lat="-7.2236740" lon="109.2495580">
    <ele>1841.6</ele>
   </trkpt>
   <trkpt lat="-7.2236840" lon="109.2495310">
    <ele>1842.8</ele>
   </trkpt>
   <trkpt lat="-7.2236970" lon="109.2495020">
    <ele>1844.5</ele>
   </trkpt>
   <trkpt lat="-7.2237180" lon="109.2494780">
    <ele>1844.5</ele>
   </trkpt>
   <trkpt lat="-7.2237370" lon="109.2494580">
    <ele>1845.9</ele>
   </trkpt>
   <trkpt lat="-7.2237680" lon="109.2494380">
    <ele>1846.3</ele>
   </trkpt>
   <trkpt lat="-7.2237860" lon="109.2494170">
    <ele>1848.3</ele>
   </trkpt>
   <trkpt lat="-7.2237990" lon="109.2493850">
    <ele>1848.3</ele>
   </trkpt>
   <trkpt lat="-7.2238010" lon="109.2493570">
    <ele>1849.8</ele>
   </trkpt>
   <trkpt lat="-7.2238080" lon="109.2493260">
    <ele>1851.4</ele>
   </trkpt>
   <trkpt lat="-7.2238280" lon="109.2493020">
    <ele>1851.9</ele>
   </trkpt>
   <trkpt lat="-7.2238420" lon="109.2492730">
    <ele>1853.5</ele>
   </trkpt>
   <trkpt lat="-7.2238360" lon="109.2492370">
    <ele>1855.1</ele>
   </trkpt>
   <trkpt lat="-7.2238450" lon="109.2492040">
    <ele>1856.7</ele>
   </trkpt>
   <trkpt lat="-7.2238570" lon="109.2491700">
    <ele>1856.7</ele>
   </trkpt>
   <trkpt lat="-7.2238750" lon="109.2491480">
    <ele>1859.2</ele>
   </trkpt>
   <trkpt lat="-7.2239060" lon="109.2491470">
    <ele>1859.2</ele>
   </trkpt>
   <trkpt lat="-7.2239230" lon="109.2491230">
    <ele>1859.8</ele>
   </trkpt>
   <trkpt lat="-7.2239330" lon="109.2490900">
    <ele>1861.4</ele>
   </trkpt>
   <trkpt lat="-7.2239220" lon="109.2490510">
    <ele>1863.0</ele>
   </trkpt>
   <trkpt lat="-7.2239220" lon="109.2490170">
    <ele>1864.4</ele>
   </trkpt>
   <trkpt lat="-7.2239380" lon="109.2489920">
    <ele>1864.4</ele>
   </trkpt>
   <trkpt lat="-7.2239470" lon="109.2489630">
    <ele>1865.8</ele>
   </trkpt>
   <trkpt lat="-7.2239510" lon="109.2489320">
    <ele>1867.5</ele>
   </trkpt>
   <trkpt lat="-7.2239570" lon="109.2489030">
    <ele>1868.7</ele>
   </trkpt>
   <trkpt lat="-7.2239720" lon="109.2488680">
    <ele>1868.7</ele>
   </trkpt>
   <trkpt lat="-7.2239810" lon="109.2488410">
    <ele>1869.9</ele>
   </trkpt>
   <trkpt lat="-7.2239840" lon="109.2488070">
    <ele>1871.1</ele>
   </trkpt>
   <trkpt lat="-7.2240040" lon="109.2487890">
    <ele>1871.4</ele>
   </trkpt>
   <trkpt lat="-7.2240240" lon="109.2487650">
    <ele>1872.7</ele>
   </trkpt>
   <trkpt lat="-7.2240260" lon="109.2487330">
    <ele>1873.9</ele>
   </trkpt>
   <trkpt lat="-7.2240210" lon="109.2486980">
    <ele>1873.9</ele>
   </trkpt>
   <trkpt lat="-7.2240390" lon="109.2486770">
    <ele>1875.1</ele>
   </trkpt>
   <trkpt lat="-7.2240500" lon="109.2486390">
    <ele>1876.1</ele>
   </trkpt>
   <trkpt lat="-7.2240670" lon="109.2486050">
    <ele>1876.1</ele>
   </trkpt>
   <trkpt lat="-7.2240690" lon="109.2485660">
    <ele>1877.0</ele>
   </trkpt>
   <trkpt lat="-7.2240820" lon="109.2485380">
    <ele>1877.7</ele>
   </trkpt>
   <trkpt lat="-7.2240950" lon="109.2485090">
    <ele>1878.7</ele>
   </trkpt>
   <trkpt lat="-7.2241090" lon="109.2484840">
    <ele>1878.7</ele>
   </trkpt>
   <trkpt lat="-7.2241310" lon="109.2484550">
    <ele>1879.9</ele>
   </trkpt>
   <trkpt lat="-7.2241820" lon="109.2484300">
    <ele>1881.4</ele>
   </trkpt>
   <trkpt lat="-7.2242010" lon="109.2484090">
    <ele>1881.4</ele>
   </trkpt>
   <trkpt lat="-7.2242130" lon="109.2483780">
    <ele>1882.9</ele>
   </trkpt>
   <trkpt lat="-7.2242390" lon="109.2483580">
    <ele>1882.9</ele>
   </trkpt>
   <trkpt lat="-7.2242580" lon="109.2483260">
    <ele>1884.4</ele>
   </trkpt>
   <trkpt lat="-7.2242510" lon="109.2482910">
    <ele>1886.0</ele>
   </trkpt>
   <trkpt lat="-7.2242740" lon="109.2482650">
    <ele>1886.0</ele>
   </trkpt>
   <trkpt lat="-7.2242910" lon="109.2482360">
    <ele>1887.6</ele>
   </trkpt>
   <trkpt lat="-7.2243120" lon="109.2482160">
    <ele>1889.3</ele>
   </trkpt>
   <trkpt lat="-7.2243410" lon="109.2482050">
    <ele>1889.3</ele>
   </trkpt>
   <trkpt lat="-7.2243600" lon="109.2481850">
    <ele>1889.3</ele>
   </trkpt>
   <trkpt lat="-7.2243610" lon="109.2481560">
    <ele>1890.8</ele>
   </trkpt>
   <trkpt lat="-7.2243660" lon="109.2481190">
    <ele>1892.0</ele>
   </trkpt>
   <trkpt lat="-7.2243710" lon="109.2480890">
    <ele>1892.9</ele>
   </trkpt>
   <trkpt lat="-7.2243870" lon="109.2480490">
    <ele>1892.9</ele>
   </trkpt>
   <trkpt lat="-7.2244050" lon="109.2480020">
    <ele>1895.1</ele>
   </trkpt>
   <trkpt lat="-7.2244140" lon="109.2479620">
    <ele>1895.1</ele>
   </trkpt>
   <trkpt lat="-7.2243980" lon="109.2479180">
    <ele>1897.4</ele>
   </trkpt>
   <trkpt lat="-7.2243910" lon="109.2478690">
    <ele>1898.6</ele>
   </trkpt>
   <trkpt lat="-7.2243900" lon="109.2478370">
    <ele>1898.6</ele>
   </trkpt>
   <trkpt lat="-7.2243900" lon="109.2478060">
    <ele>1899.9</ele>
   </trkpt>
   <trkpt lat="-7.2243900" lon="109.2477600">
    <ele>1901.0</ele>
   </trkpt>
   <trkpt lat="-7.2243910" lon="109.2477300">
    <ele>1902.0</ele>
   </trkpt>
   <trkpt lat="-7.2243840" lon="109.2477020">
    <ele>1903.1</ele>
   </trkpt>
   <trkpt lat="-7.2243850" lon="109.2476620">
    <ele>1903.1</ele>
   </trkpt>
   <trkpt lat="-7.2243890" lon="109.2476310">
    <ele>1904.5</ele>
   </trkpt>
   <trkpt lat="-7.2243710" lon="109.2476090">
    <ele>1905.6</ele>
   </trkpt>
   <trkpt lat="-7.2243750" lon="109.2475800">
    <ele>1905.6</ele>
   </trkpt>
   <trkpt lat="-7.2243870" lon="109.2475550">
    <ele>1908.1</ele>
   </trkpt>
   <trkpt lat="-7.2243920" lon="109.2475160">
    <ele>1910.3</ele>
   </trkpt>
   <trkpt lat="-7.2244060" lon="109.2474920">
    <ele>1910.3</ele>
   </trkpt>
   <trkpt lat="-7.2244220" lon="109.2474700">
    <ele>1913.0</ele>
   </trkpt>
   <trkpt lat="-7.2244320" lon="109.2474450">
    <ele>1915.1</ele>
   </trkpt>
   <trkpt lat="-7.2244560" lon="109.2474210">
    <ele>1915.1</ele>
   </trkpt>
   <trkpt lat="-7.2244780" lon="109.2473980">
    <ele>1917.5</ele>
   </trkpt>
   <trkpt lat="-7.2245030" lon="109.2473740">
    <ele>1917.5</ele>
   </trkpt>
   <trkpt lat="-7.2245170" lon="109.2473500">
    <ele>1919.8</ele>
   </trkpt>
   <trkpt lat="-7.2245100" lon="109.2473210">
    <ele>1919.8</ele>
   </trkpt>
   <trkpt lat="-7.2245280" lon="109.2472990">
    <ele>1921.7</ele>
   </trkpt>
   <trkpt lat="-7.2245180" lon="109.2472730">
    <ele>1923.4</ele>
   </trkpt>
   <trkpt lat="-7.2245080" lon="109.2472360">
    <ele>1923.4</ele>
   </trkpt>
   <trkpt lat="-7.2244890" lon="109.2472100">
    <ele>1924.5</ele>
   </trkpt>
   <trkpt lat="-7.2244630" lon="109.2471950">
    <ele>1924.5</ele>
   </trkpt>
   <trkpt lat="-7.2244860" lon="109.2471780">
    <ele>1925.7</ele>
   </trkpt>
   <trkpt lat="-7.2245150" lon="109.2471880">
    <ele>1926.1</ele>
   </trkpt>
   <trkpt lat="-7.2245160" lon="109.2471580">
    <ele>1926.1</ele>
   </trkpt>
   <trkpt lat="-7.2245240" lon="109.2471280">
    <ele>1927.2</ele>
   </trkpt>
   <trkpt lat="-7.2245520" lon="109.2471210">
    <ele>1927.7</ele>
   </trkpt>
   <trkpt lat="-7.2245660" lon="109.2470800">
    <ele>1928.7</ele>
   </trkpt>
   <trkpt lat="-7.2245710" lon="109.2470400">
    <ele>1929.6</ele>
   </trkpt>
   <trkpt lat="-7.2245780" lon="109.2470020">
    <ele>1930.6</ele>
   </trkpt>
   <trkpt lat="-7.2245890" lon="109.2469720">
    <ele>1932.8</ele>
   </trkpt>
   <trkpt lat="-7.2245970" lon="109.2469370">
    <ele>1932.8</ele>
   </trkpt>
   <trkpt lat="-7.2246000" lon="109.2469050">
    <ele>1934.1</ele>
   </trkpt>
   <trkpt lat="-7.2246070" lon="109.2468710">
    <ele>1935.6</ele>
   </trkpt>
   <trkpt lat="-7.2246070" lon="109.2468400">
    <ele>1937.2</ele>
   </trkpt>
   <trkpt lat="-7.2246070" lon="109.2468100">
    <ele>1937.2</ele>
   </trkpt>
   <trkpt lat="-7.2245860" lon="109.2467860">
    <ele>1938.0</ele>
   </trkpt>
   <trkpt lat="-7.2245600" lon="109.2467630">
    <ele>1938.0</ele>
   </trkpt>
   <trkpt lat="-7.2245510" lon="109.2467350">
    <ele>1939.9</ele>
   </trkpt>
   <trkpt lat="-7.2245700" lon="109.2466950">
    <ele>1941.8</ele>
   </trkpt>
   <trkpt lat="-7.2245820" lon="109.2466700">
    <ele>1943.7</ele>
   </trkpt>
   <trkpt lat="-7.2245880" lon="109.2466360">
    <ele>1943.7</ele>
   </trkpt>
   <trkpt lat="-7.2246010" lon="109.2466010">
    <ele>1946.0</ele>
   </trkpt>
   <trkpt lat="-7.2246230" lon="109.2465690">
    <ele>1947.7</ele>
   </trkpt>
   <trkpt lat="-7.2246290" lon="109.2465390">
    <ele>1949.5</ele>
   </trkpt>
   <trkpt lat="-7.2246500" lon="109.2465210">
    <ele>1949.7</ele>
   </trkpt>
   <trkpt lat="-7.2246680" lon="109.2465000">
    <ele>1951.5</ele>
   </trkpt>
   <trkpt lat="-7.2246540" lon="109.2464500">
    <ele>1953.3</ele>
   </trkpt>
   <trkpt lat="-7.2246480" lon="109.2464130">
    <ele>1955.2</ele>
   </trkpt>
   <trkpt lat="-7.2246390" lon="109.2463870">
    <ele>1955.2</ele>
   </trkpt>
   <trkpt lat="-7.2246350" lon="109.2463450">
    <ele>1957.3</ele>
   </trkpt>
   <trkpt lat="-7.2246380" lon="109.2463140">
    <ele>1959.4</ele>
   </trkpt>
   <trkpt lat="-7.2246620" lon="109.2462960">
    <ele>1959.4</ele>
   </trkpt>
   <trkpt lat="-7.2246780" lon="109.2462710">
    <ele>1962.2</ele>
   </trkpt>
   <trkpt lat="-7.2246860" lon="109.2462440">
    <ele>1964.4</ele>
   </trkpt>
   <trkpt lat="-7.2246840" lon="109.2462020">
    <ele>1964.4</ele>
   </trkpt>
   <trkpt lat="-7.2246960" lon="109.2461670">
    <ele>1966.6</ele>
   </trkpt>
   <trkpt lat="-7.2247170" lon="109.2461480">
    <ele>1969.6</ele>
   </trkpt>
   <trkpt lat="-7.2247160" lon="109.2461080">
    <ele>1970.8</ele>
   </trkpt>
   <trkpt lat="-7.2247080" lon="109.2460760">
    <ele>1970.8</ele>
   </trkpt>
   <trkpt lat="-7.2247000" lon="109.2460390">
    <ele>1972.8</ele>
   </trkpt>
   <trkpt lat="-7.2246900" lon="109.2460120">
    <ele>1974.7</ele>
   </trkpt>
   <trkpt lat="-7.2246890" lon="109.2459830">
    <ele>1976.4</ele>
   </trkpt>
   <trkpt lat="-7.2247050" lon="109.2459570">
    <ele>1976.4</ele>
   </trkpt>
   <trkpt lat="-7.2246840" lon="109.2459310">
    <ele>1977.9</ele>
   </trkpt>
   <trkpt lat="-7.2246980" lon="109.2459050">
    <ele>1977.9</ele>
   </trkpt>
   <trkpt lat="-7.2247230" lon="109.2458920">
    <ele>1980.1</ele>
   </trkpt>
   <trkpt lat="-7.2247160" lon="109.2458640">
    <ele>1979.2</ele>
   </trkpt>
   <trkpt lat="-7.2247370" lon="109.2458390">
    <ele>1981.1</ele>
   </trkpt>
   <trkpt lat="-7.2247610" lon="109.2458230">
    <ele>1982.0</ele>
   </trkpt>
   <trkpt lat="-7.2247930" lon="109.2458140">
    <ele>1982.9</ele>
   </trkpt>
   <trkpt lat="-7.2248130" lon="109.2457940">
    <ele>1984.0</ele>
   </trkpt>
   <trkpt lat="-7.2248350" lon="109.2457700">
    <ele>1984.9</ele>
   </trkpt>
   <trkpt lat="-7.2248580" lon="109.2457380">
    <ele>1986.2</ele>
   </trkpt>
   <trkpt lat="-7.2248720" lon="109.2457150">
    <ele>1987.3</ele>
   </trkpt>
   <trkpt lat="-7.2248810" lon="109.2456860">
    <ele>1988.5</ele>
   </trkpt>
   <trkpt lat="-7.2248930" lon="109.2456580">
    <ele>1989.7</ele>
   </trkpt>
   <trkpt lat="-7.2249210" lon="109.2456200">
    <ele>1991.0</ele>
   </trkpt>
   <trkpt lat="-7.2249280" lon="109.2455900">
    <ele>1992.6</ele>
   </trkpt>
   <trkpt lat="-7.2249320" lon="109.2455570">
    <ele>1995.3</ele>
   </trkpt>
   <trkpt lat="-7.2249240" lon="109.2455210">
    <ele>1994.3</ele>
   </trkpt>
   <trkpt lat="-7.2249170" lon="109.2454950">
    <ele>1996.3</ele>
   </trkpt>
   <trkpt lat="-7.2249190" lon="109.2454620">
    <ele>1998.5</ele>
   </trkpt>
   <trkpt lat="-7.2249310" lon="109.2454360">
    <ele>1999.4</ele>
   </trkpt>
   <trkpt lat="-7.2249470" lon="109.2454130">
    <ele>2001.5</ele>
   </trkpt>
   <trkpt lat="-7.2249690" lon="109.2453970">
    <ele>2001.5</ele>
   </trkpt>
   <trkpt lat="-7.2249910" lon="109.2453750">
    <ele>2004.3</ele>
   </trkpt>
   <trkpt lat="-7.2250210" lon="109.2453570">
    <ele>2004.9</ele>
   </trkpt>
   <trkpt lat="-7.2250490" lon="109.2453420">
    <ele>2006.6</ele>
   </trkpt>
   <trkpt lat="-7.2250410" lon="109.2453110">
    <ele>2006.6</ele>
   </trkpt>
   <trkpt lat="-7.2250440" lon="109.2452830">
    <ele>2008.2</ele>
   </trkpt>
   <trkpt lat="-7.2250570" lon="109.2452580">
    <ele>2008.2</ele>
   </trkpt>
   <trkpt lat="-7.2250710" lon="109.2452270">
    <ele>2010.2</ele>
   </trkpt>
   <trkpt lat="-7.2250910" lon="109.2452060">
    <ele>2011.8</ele>
   </trkpt>
   <trkpt lat="-7.2251180" lon="109.2451800">
    <ele>2012.4</ele>
   </trkpt>
   <trkpt lat="-7.2251420" lon="109.2451580">
    <ele>2014.1</ele>
   </trkpt>
   <trkpt lat="-7.2251540" lon="109.2451290">
    <ele>2014.8</ele>
   </trkpt>
   <trkpt lat="-7.2251800" lon="109.2451140">
    <ele>2016.6</ele>
   </trkpt>
   <trkpt lat="-7.2252050" lon="109.2450950">
    <ele>2017.4</ele>
   </trkpt>
   <trkpt lat="-7.2252360" lon="109.2450760">
    <ele>2020.2</ele>
   </trkpt>
   <trkpt lat="-7.2252450" lon="109.2450410">
    <ele>2022.1</ele>
   </trkpt>
   <trkpt lat="-7.2252520" lon="109.2450060">
    <ele>2022.1</ele>
   </trkpt>
   <trkpt lat="-7.2252630" lon="109.2449660">
    <ele>2024.0</ele>
   </trkpt>
   <trkpt lat="-7.2252850" lon="109.2449330">
    <ele>2026.9</ele>
   </trkpt>
   <trkpt lat="-7.2253280" lon="109.2449290">
    <ele>2028.0</ele>
   </trkpt>
   <trkpt lat="-7.2253590" lon="109.2449300">
    <ele>2029.1</ele>
   </trkpt>
   <trkpt lat="-7.2253950" lon="109.2449180">
    <ele>2029.1</ele>
   </trkpt>
   <trkpt lat="-7.2254140" lon="109.2448940">
    <ele>2031.7</ele>
   </trkpt>
   <trkpt lat="-7.2254140" lon="109.2448650">
    <ele>2033.2</ele>
   </trkpt>
   <trkpt lat="-7.2254280" lon="109.2448260">
    <ele>2034.7</ele>
   </trkpt>
   <trkpt lat="-7.2254460" lon="109.2448010">
    <ele>2035.6</ele>
   </trkpt>
   <trkpt lat="-7.2254780" lon="109.2447830">
    <ele>2037.1</ele>
   </trkpt>
   <trkpt lat="-7.2255030" lon="109.2447690">
    <ele>2037.8</ele>
   </trkpt>
   <trkpt lat="-7.2255010" lon="109.2447420">
    <ele>2039.3</ele>
   </trkpt>
   <trkpt lat="-7.2255120" lon="109.2447170">
    <ele>2039.3</ele>
   </trkpt>
   <trkpt lat="-7.2255250" lon="109.2446890">
    <ele>2040.8</ele>
   </trkpt>
   <trkpt lat="-7.2255350" lon="109.2446610">
    <ele>2041.1</ele>
   </trkpt>
   <trkpt lat="-7.2255510" lon="109.2446330">
    <ele>2042.6</ele>
   </trkpt>
   <trkpt lat="-7.2255860" lon="109.2446080">
    <ele>2044.3</ele>
   </trkpt>
   <trkpt lat="-7.2256200" lon="109.2445940">
    <ele>2044.5</ele>
   </trkpt>
   <trkpt lat="-7.2256500" lon="109.2445740">
    <ele>2044.5</ele>
   </trkpt>
   <trkpt lat="-7.2256820" lon="109.2445540">
    <ele>2047.1</ele>
   </trkpt>
   <trkpt lat="-7.2257050" lon="109.2445260">
    <ele>2050.6</ele>
   </trkpt>
   <trkpt lat="-7.2257190" lon="109.2445030">
    <ele>2050.6</ele>
   </trkpt>
   <trkpt lat="-7.2257510" lon="109.2445040">
    <ele>2051.9</ele>
   </trkpt>
   <trkpt lat="-7.2257850" lon="109.2444900">
    <ele>2053.4</ele>
   </trkpt>
   <trkpt lat="-7.2258010" lon="109.2444610">
    <ele>2055.9</ele>
   </trkpt>
   <trkpt lat="-7.2258130" lon="109.2444320">
    <ele>2058.4</ele>
   </trkpt>
   <trkpt lat="-7.2258360" lon="109.2444100">
    <ele>2059.9</ele>
   </trkpt>
   <trkpt lat="-7.2258650" lon="109.2444040">
    <ele>2059.9</ele>
   </trkpt>
   <trkpt lat="-7.2258940" lon="109.2443940">
    <ele>2063.8</ele>
   </trkpt>
   <trkpt lat="-7.2259330" lon="109.2443770">
    <ele>2065.5</ele>
   </trkpt>
   <trkpt lat="-7.2259640" lon="109.2443590">
    <ele>2067.1</ele>
   </trkpt>
   <trkpt lat="-7.2259910" lon="109.2443340">
    <ele>2069.0</ele>
   </trkpt>
   <trkpt lat="-7.2260050" lon="109.2443090">
    <ele>2072.1</ele>
   </trkpt>
   <trkpt lat="-7.2260290" lon="109.2442980">
    <ele>2072.1</ele>
   </trkpt>
   <trkpt lat="-7.2260610" lon="109.2442910">
    <ele>2073.2</ele>
   </trkpt>
   <trkpt lat="-7.2260790" lon="109.2442670">
    <ele>2075.9</ele>
   </trkpt>
   <trkpt lat="-7.2261150" lon="109.2442550">
    <ele>2075.9</ele>
   </trkpt>
   <trkpt lat="-7.2261430" lon="109.2442440">
    <ele>2076.9</ele>
   </trkpt>
   <trkpt lat="-7.2261740" lon="109.2442390">
    <ele>2078.0</ele>
   </trkpt>
   <trkpt lat="-7.2262020" lon="109.2442220">
    <ele>2079.5</ele>
   </trkpt>
   <trkpt lat="-7.2262250" lon="109.2441980">
    <ele>2080.5</ele>
   </trkpt>
   <trkpt lat="-7.2262470" lon="109.2441780">
    <ele>2082.0</ele>
   </trkpt>
   <trkpt lat="-7.2262700" lon="109.2441610">
    <ele>2083.0</ele>
   </trkpt>
   <trkpt lat="-7.2263000" lon="109.2441400">
    <ele>2085.6</ele>
   </trkpt>
   <trkpt lat="-7.2263270" lon="109.2441090">
    <ele>2085.6</ele>
   </trkpt>
   <trkpt lat="-7.2263660" lon="109.2440970">
    <ele>2088.0</ele>
   </trkpt>
   <trkpt lat="-7.2264100" lon="109.2440860">
    <ele>2088.9</ele>
   </trkpt>
   <trkpt lat="-7.2264470" lon="109.2440690">
    <ele>2089.7</ele>
   </trkpt>
   <trkpt lat="-7.2264730" lon="109.2440380">
    <ele>2091.7</ele>
   </trkpt>
   <trkpt lat="-7.2264910" lon="109.2440180">
    <ele>2091.7</ele>
   </trkpt>
   <trkpt lat="-7.2265110" lon="109.2439880">
    <ele>2093.7</ele>
   </trkpt>
   <trkpt lat="-7.2265490" lon="109.2439700">
    <ele>2094.6</ele>
   </trkpt>
   <trkpt lat="-7.2265660" lon="109.2439420">
    <ele>2095.6</ele>
   </trkpt>
   <trkpt lat="-7.2265950" lon="109.2439300">
    <ele>2096.5</ele>
   </trkpt>
   <trkpt lat="-7.2266150" lon="109.2439490">
    <ele>2096.5</ele>
   </trkpt>
   <trkpt lat="-7.2266520" lon="109.2439480">
    <ele>2097.5</ele>
   </trkpt>
   <trkpt lat="-7.2266960" lon="109.2439670">
    <ele>2098.6</ele>
   </trkpt>
   <trkpt lat="-7.2267250" lon="109.2439540">
    <ele>2099.6</ele>
   </trkpt>
   <trkpt lat="-7.2267550" lon="109.2439240">
    <ele>2100.6</ele>
   </trkpt>
   <trkpt lat="-7.2267850" lon="109.2439150">
    <ele>2101.6</ele>
   </trkpt>
   <trkpt lat="-7.2268100" lon="109.2439380">
    <ele>2101.3</ele>
   </trkpt>
   <trkpt lat="-7.2268450" lon="109.2439460">
    <ele>2101.3</ele>
   </trkpt>
   <trkpt lat="-7.2268290" lon="109.2439110">
    <ele>2102.5</ele>
   </trkpt>
   <trkpt lat="-7.2268210" lon="109.2438630">
    <ele>2103.6</ele>
   </trkpt>
   <trkpt lat="-7.2268260" lon="109.2438290">
    <ele>2104.8</ele>
   </trkpt>
   <trkpt lat="-7.2268690" lon="109.2438250">
    <ele>2105.7</ele>
   </trkpt>
   <trkpt lat="-7.2268380" lon="109.2438410">
    <ele>2104.8</ele>
   </trkpt>
   <trkpt lat="-7.2268560" lon="109.2438080">
    <ele>2105.7</ele>
   </trkpt>
   <trkpt lat="-7.2268710" lon="109.2437850">
    <ele>2106.9</ele>
   </trkpt>
   <trkpt lat="-7.2268630" lon="109.2437560">
    <ele>2106.9</ele>
   </trkpt>
   <trkpt lat="-7.2268950" lon="109.2437380">
    <ele>2109.1</ele>
   </trkpt>
   <trkpt lat="-7.2269280" lon="109.2437230">
    <ele>2109.1</ele>
   </trkpt>
   <trkpt lat="-7.2269500" lon="109.2436930">
    <ele>2111.5</ele>
   </trkpt>
   <trkpt lat="-7.2269610" lon="109.2436570">
    <ele>2112.8</ele>
   </trkpt>
   <trkpt lat="-7.2269830" lon="109.2436160">
    <ele>2115.1</ele>
   </trkpt>
   <trkpt lat="-7.2269990" lon="109.2435910">
    <ele>2115.1</ele>
   </trkpt>
   <trkpt lat="-7.2270140" lon="109.2435530">
    <ele>2116.3</ele>
   </trkpt>
   <trkpt lat="-7.2270260" lon="109.2435240">
    <ele>2118.5</ele>
   </trkpt>
   <trkpt lat="-7.2270350" lon="109.2434900">
    <ele>2119.7</ele>
   </trkpt>
   <trkpt lat="-7.2270370" lon="109.2434610">
    <ele>2119.7</ele>
   </trkpt>
   <trkpt lat="-7.2270370" lon="109.2434310">
    <ele>2121.0</ele>
   </trkpt>
   <trkpt lat="-7.2270280" lon="109.2434050">
    <ele>2122.5</ele>
   </trkpt>
   <trkpt lat="-7.2270400" lon="109.2433780">
    <ele>2122.5</ele>
   </trkpt>
   <trkpt lat="-7.2270610" lon="109.2433420">
    <ele>2124.8</ele>
   </trkpt>
   <trkpt lat="-7.2270690" lon="109.2433130">
    <ele>2126.6</ele>
   </trkpt>
   <trkpt lat="-7.2270550" lon="109.2432780">
    <ele>2127.9</ele>
   </trkpt>
   <trkpt lat="-7.2270570" lon="109.2432460">
    <ele>2127.9</ele>
   </trkpt>
   <trkpt lat="-7.2270930" lon="109.2432340">
    <ele>2130.5</ele>
   </trkpt>
   <trkpt lat="-7.2271190" lon="109.2432270">
    <ele>2131.0</ele>
   </trkpt>
   <trkpt lat="-7.2271390" lon="109.2432050">
    <ele>2131.0</ele>
   </trkpt>
   <trkpt lat="-7.2271510" lon="109.2431690">
    <ele>2133.4</ele>
   </trkpt>
   <trkpt lat="-7.2271740" lon="109.2431330">
    <ele>2135.2</ele>
   </trkpt>
   <trkpt lat="-7.2271960" lon="109.2431120">
    <ele>2135.9</ele>
   </trkpt>
   <trkpt lat="-7.2272210" lon="109.2431220">
    <ele>2135.9</ele>
   </trkpt>
   <trkpt lat="-7.2272710" lon="109.2431100">
    <ele>2139.0</ele>
   </trkpt>
   <trkpt lat="-7.2273120" lon="109.2430920">
    <ele>2139.0</ele>
   </trkpt>
   <trkpt lat="-7.2273420" lon="109.2430780">
    <ele>2139.9</ele>
   </trkpt>
   <trkpt lat="-7.2273670" lon="109.2430620">
    <ele>2141.7</ele>
   </trkpt>
   <trkpt lat="-7.2274010" lon="109.2430350">
    <ele>2142.6</ele>
   </trkpt>
   <trkpt lat="-7.2274320" lon="109.2430080">
    <ele>2143.5</ele>
   </trkpt>
   <trkpt lat="-7.2274590" lon="109.2429810">
    <ele>2145.3</ele>
   </trkpt>
   <trkpt lat="-7.2274780" lon="109.2429540">
    <ele>2145.3</ele>
   </trkpt>
   <trkpt lat="-7.2274920" lon="109.2429230">
    <ele>2147.4</ele>
   </trkpt>
   <trkpt lat="-7.2275240" lon="109.2429320">
    <ele>2147.4</ele>
   </trkpt>
   <trkpt lat="-7.2275460" lon="109.2429490">
    <ele>2147.6</ele>
   </trkpt>
   <trkpt lat="-7.2275700" lon="109.2429620">
    <ele>2148.7</ele>
   </trkpt>
   <trkpt lat="-7.2275510" lon="109.2429900">
    <ele>2146.6</ele>
   </trkpt>
   <trkpt lat="-7.2275340" lon="109.2429510">
    <ele>2147.6</ele>
   </trkpt>
   <trkpt lat="-7.2275190" lon="109.2429250">
    <ele>2147.4</ele>
   </trkpt>
   <trkpt lat="-7.2275010" lon="109.2428960">
    <ele>2148.3</ele>
   </trkpt>
   <trkpt lat="-7.2275020" lon="109.2428670">
    <ele>2148.3</ele>
   </trkpt>
   <trkpt lat="-7.2275270" lon="109.2428430">
    <ele>2150.6</ele>
   </trkpt>
   <trkpt lat="-7.2275590" lon="109.2428270">
    <ele>2150.6</ele>
   </trkpt>
   <trkpt lat="-7.2275860" lon="109.2428190">
    <ele>2151.9</ele>
   </trkpt>
   <trkpt lat="-7.2276110" lon="109.2428000">
    <ele>2152.9</ele>
   </trkpt>
   <trkpt lat="-7.2276470" lon="109.2427790">
    <ele>2154.1</ele>
   </trkpt>
   <trkpt lat="-7.2276590" lon="109.2427540">
    <ele>2156.2</ele>
   </trkpt>
   <trkpt lat="-7.2276460" lon="109.2427280">
    <ele>2155.0</ele>
   </trkpt>
   <trkpt lat="-7.2276370" lon="109.2426980">
    <ele>2155.8</ele>
   </trkpt>
   <trkpt lat="-7.2276340" lon="109.2426690">
    <ele>2156.7</ele>
   </trkpt>
   <trkpt lat="-7.2276380" lon="109.2426360">
    <ele>2157.7</ele>
   </trkpt>
   <trkpt lat="-7.2276480" lon="109.2426060">
    <ele>2157.7</ele>
   </trkpt>
   <trkpt lat="-7.2276410" lon="109.2425680">
    <ele>2159.0</ele>
   </trkpt>
   <trkpt lat="-7.2276350" lon="109.2425320">
    <ele>2160.5</ele>
   </trkpt>
   <trkpt lat="-7.2276630" lon="109.2425210">
    <ele>2161.2</ele>
   </trkpt>
   <trkpt lat="-7.2277020" lon="109.2424970">
    <ele>2164.0</ele>
   </trkpt>
   <trkpt lat="-7.2277170" lon="109.2424630">
    <ele>2166.2</ele>
   </trkpt>
   <trkpt lat="-7.2277010" lon="109.2424920">
    <ele>2164.0</ele>
   </trkpt>
   <trkpt lat="-7.2277110" lon="109.2425220">
    <ele>2162.1</ele>
   </trkpt>
   <trkpt lat="-7.2277300" lon="109.2425540">
    <ele>2160.7</ele>
   </trkpt>
   <trkpt lat="-7.2277550" lon="109.2425410">
    <ele>2163.4</ele>
   </trkpt>
   <trkpt lat="-7.2277900" lon="109.2425200">
    <ele>2164.9</ele>
   </trkpt>
   <trkpt lat="-7.2278090" lon="109.2424960">
    <ele>2166.6</ele>
   </trkpt>
   <trkpt lat="-7.2278210" lon="109.2424680">
    <ele>2166.6</ele>
   </trkpt>
   <trkpt lat="-7.2278080" lon="109.2424420">
    <ele>2168.7</ele>
   </trkpt>
   <trkpt lat="-7.2278180" lon="109.2424120">
    <ele>2171.1</ele>
   </trkpt>
   <trkpt lat="-7.2278390" lon="109.2423940">
    <ele>2172.7</ele>
   </trkpt>
   <trkpt lat="-7.2278550" lon="109.2423700">
    <ele>2175.1</ele>
   </trkpt>
   <trkpt lat="-7.2278890" lon="109.2423550">
    <ele>2176.8</ele>
   </trkpt>
   <trkpt lat="-7.2279030" lon="109.2423200">
    <ele>2179.1</ele>
   </trkpt>
   <trkpt lat="-7.2278760" lon="109.2423210">
    <ele>2179.1</ele>
   </trkpt>
   <trkpt lat="-7.2278610" lon="109.2422970">
    <ele>2177.6</ele>
   </trkpt>
   <trkpt lat="-7.2278510" lon="109.2422350">
    <ele>2182.3</ele>
   </trkpt>
   <trkpt lat="-7.2278460" lon="109.2422010">
    <ele>2184.6</ele>
   </trkpt>
   <trkpt lat="-7.2278410" lon="109.2421680">
    <ele>2184.6</ele>
   </trkpt>
   <trkpt lat="-7.2278470" lon="109.2421290">
    <ele>2187.0</ele>
   </trkpt>
   <trkpt lat="-7.2278630" lon="109.2420880">
    <ele>2189.5</ele>
   </trkpt>
   <trkpt lat="-7.2278790" lon="109.2420510">
    <ele>2192.7</ele>
   </trkpt>
   <trkpt lat="-7.2278740" lon="109.2420230">
    <ele>2195.4</ele>
   </trkpt>
   <trkpt lat="-7.2278430" lon="109.2420260">
    <ele>2194.9</ele>
   </trkpt>
   <trkpt lat="-7.2278200" lon="109.2420410">
    <ele>2191.8</ele>
   </trkpt>
   <trkpt lat="-7.2278380" lon="109.2419960">
    <ele>2194.9</ele>
   </trkpt>
   <trkpt lat="-7.2278660" lon="109.2419590">
    <ele>2197.8</ele>
   </trkpt>
   <trkpt lat="-7.2278840" lon="109.2419320">
    <ele>2201.2</ele>
   </trkpt>
   <trkpt lat="-7.2279030" lon="109.2419010">
    <ele>2204.1</ele>
   </trkpt>
   <trkpt lat="-7.2279100" lon="109.2418540">
    <ele>2207.4</ele>
   </trkpt>
   <trkpt lat="-7.2279190" lon="109.2418100">
    <ele>2210.0</ele>
   </trkpt>
   <trkpt lat="-7.2279280" lon="109.2417830">
    <ele>2210.0</ele>
   </trkpt>
   <trkpt lat="-7.2279460" lon="109.2417440">
    <ele>2212.3</ele>
   </trkpt>
   <trkpt lat="-7.2279720" lon="109.2417170">
    <ele>2214.9</ele>
   </trkpt>
   <trkpt lat="-7.2279760" lon="109.2416830">
    <ele>2216.9</ele>
   </trkpt>
   <trkpt lat="-7.2279750" lon="109.2416510">
    <ele>2218.7</ele>
   </trkpt>
   <trkpt lat="-7.2280040" lon="109.2416470">
    <ele>2219.2</ele>
   </trkpt>
   <trkpt lat="-7.2280300" lon="109.2416450">
    <ele>2219.2</ele>
   </trkpt>
   <trkpt lat="-7.2280560" lon="109.2416670">
    <ele>2217.8</ele>
   </trkpt>
   <trkpt lat="-7.2280930" lon="109.2416880">
    <ele>2218.4</ele>
   </trkpt>
   <trkpt lat="-7.2281210" lon="109.2416910">
    <ele>2218.4</ele>
   </trkpt>
   <trkpt lat="-7.2281500" lon="109.2416910">
    <ele>2219.1</ele>
   </trkpt>
   <trkpt lat="-7.2281760" lon="109.2416680">
    <ele>2219.9</ele>
   </trkpt>
   <trkpt lat="-7.2281630" lon="109.2416420">
    <ele>2221.1</ele>
   </trkpt>
   <trkpt lat="-7.2281810" lon="109.2416120">
    <ele>2221.9</ele>
   </trkpt>
   <trkpt lat="-7.2282080" lon="109.2416090">
    <ele>2225.0</ele>
   </trkpt>
   <trkpt lat="-7.2282510" lon="109.2416010">
    <ele>2226.1</ele>
   </trkpt>
   <trkpt lat="-7.2282950" lon="109.2415900">
    <ele>2227.4</ele>
   </trkpt>
   <trkpt lat="-7.2283200" lon="109.2415640">
    <ele>2229.7</ele>
   </trkpt>
   <trkpt lat="-7.2282940" lon="109.2415480">
    <ele>2229.7</ele>
   </trkpt>
   <trkpt lat="-7.2282720" lon="109.2415300">
    <ele>2228.4</ele>
   </trkpt>
   <trkpt lat="-7.2282510" lon="109.2415010">
    <ele>2230.8</ele>
   </trkpt>
   <trkpt lat="-7.2282110" lon="109.2414920">
    <ele>2229.6</ele>
   </trkpt>
   <trkpt lat="-7.2281790" lon="109.2414990">
    <ele>2228.5</ele>
   </trkpt>
   <trkpt lat="-7.2281490" lon="109.2415040">
    <ele>2227.6</ele>
   </trkpt>
   <trkpt lat="-7.2281210" lon="109.2415090">
    <ele>2226.7</ele>
   </trkpt>
   <trkpt lat="-7.2280900" lon="109.2415180">
    <ele>2226.7</ele>
   </trkpt>
   <trkpt lat="-7.2281260" lon="109.2415090">
    <ele>2227.6</ele>
   </trkpt>
   <trkpt lat="-7.2282090" lon="109.2415040">
    <ele>2229.6</ele>
   </trkpt>
   <trkpt lat="-7.2282490" lon="109.2415020">
    <ele>2229.6</ele>
   </trkpt>
   <trkpt lat="-7.2282770" lon="109.2415070">
    <ele>2230.8</ele>
   </trkpt>
   <trkpt lat="-7.2283220" lon="109.2415130">
    <ele>2232.1</ele>
   </trkpt>
   <trkpt lat="-7.2283510" lon="109.2415120">
    <ele>2233.4</ele>
   </trkpt>
   <trkpt lat="-7.2283820" lon="109.2414720">
    <ele>2236.9</ele>
   </trkpt>
   <trkpt lat="-7.2284020" lon="109.2414500">
    <ele>2236.9</ele>
   </trkpt>
   <trkpt lat="-7.2284210" lon="109.2414200">
    <ele>2240.1</ele>
   </trkpt>
   <trkpt lat="-7.2284580" lon="109.2413790">
    <ele>2241.9</ele>
   </trkpt>
   <trkpt lat="-7.2284760" lon="109.2413660">
    <ele>2243.1</ele>
   </trkpt>
   <trkpt lat="-7.2284950" lon="109.2413540">
    <ele>2243.1</ele>
   </trkpt>
   <trkpt lat="-7.2285130" lon="109.2413420">
    <ele>2246.1</ele>
   </trkpt>
   <trkpt lat="-7.2285310" lon="109.2413290">
    <ele>2246.1</ele>
   </trkpt>
   <trkpt lat="-7.2285490" lon="109.2413170">
    <ele>2247.4</ele>
   </trkpt>
   <trkpt lat="-7.2285760" lon="109.2413110">
    <ele>2247.4</ele>
   </trkpt>
   <trkpt lat="-7.2285760" lon="109.2412740">
    <ele>2249.1</ele>
   </trkpt>
   <trkpt lat="-7.2285960" lon="109.2412320">
    <ele>2252.1</ele>
   </trkpt>
   <trkpt lat="-7.2286020" lon="109.2412050">
    <ele>2253.7</ele>
   </trkpt>
   <trkpt lat="-7.2286160" lon="109.2411730">
    <ele>2255.4</ele>
   </trkpt>
   <trkpt lat="-7.2286440" lon="109.2411360">
    <ele>2258.1</ele>
   </trkpt>
   <trkpt lat="-7.2286730" lon="109.2411070">
    <ele>2258.1</ele>
   </trkpt>
   <trkpt lat="-7.2286910" lon="109.2410840">
    <ele>2260.6</ele>
   </trkpt>
   <trkpt lat="-7.2286970" lon="109.2410440">
    <ele>2262.1</ele>
   </trkpt>
   <trkpt lat="-7.2287000" lon="109.2409990">
    <ele>2263.6</ele>
   </trkpt>
   <trkpt lat="-7.2286990" lon="109.2409490">
    <ele>2265.1</ele>
   </trkpt>
   <trkpt lat="-7.2286860" lon="109.2409160">
    <ele>2266.7</ele>
   </trkpt>
   <trkpt lat="-7.2286820" lon="109.2408840">
    <ele>2266.7</ele>
   </trkpt>
   <trkpt lat="-7.2286870" lon="109.2408490">
    <ele>2268.4</ele>
   </trkpt>
   <trkpt lat="-7.2286870" lon="109.2408200">
    <ele>2270.2</ele>
   </trkpt>
   <trkpt lat="-7.2287110" lon="109.2407860">
    <ele>2272.0</ele>
   </trkpt>
   <trkpt lat="-7.2287380" lon="109.2407650">
    <ele>2272.8</ele>
   </trkpt>
   <trkpt lat="-7.2287560" lon="109.2407430">
    <ele>2274.6</ele>
   </trkpt>
   <trkpt lat="-7.2287770" lon="109.2407090">
    <ele>2275.5</ele>
   </trkpt>
   <trkpt lat="-7.2287890" lon="109.2407340">
    <ele>2275.5</ele>
   </trkpt>
   <trkpt lat="-7.2287770" lon="109.2407600">
    <ele>2273.8</ele>
   </trkpt>
   <trkpt lat="-7.2287520" lon="109.2407830">
    <ele>2272.8</ele>
   </trkpt>
   <trkpt lat="-7.2287290" lon="109.2407670">
    <ele>2272.8</ele>
   </trkpt>
   <trkpt lat="-7.2287130" lon="109.2407350">
    <ele>2274.0</ele>
   </trkpt>
   <trkpt lat="-7.2287100" lon="109.2406960">
    <ele>2276.0</ele>
   </trkpt>
   <trkpt lat="-7.2287100" lon="109.2406630">
    <ele>2278.1</ele>
   </trkpt>
   <trkpt lat="-7.2287190" lon="109.2406350">
    <ele>2278.4</ele>
   </trkpt>
   <trkpt lat="-7.2287480" lon="109.2406120">
    <ele>2280.4</ele>
   </trkpt>
   <trkpt lat="-7.2287740" lon="109.2406030">
    <ele>2280.8</ele>
   </trkpt>
   <trkpt lat="-7.2287860" lon="109.2405740">
    <ele>2282.8</ele>
   </trkpt>
   <trkpt lat="-7.2288010" lon="109.2405410">
    <ele>2282.8</ele>
   </trkpt>
   <trkpt lat="-7.2288540" lon="109.2405070">
    <ele>2285.7</ele>
   </trkpt>
   <trkpt lat="-7.2288860" lon="109.2404960">
    <ele>2285.7</ele>
   </trkpt>
   <trkpt lat="-7.2289180" lon="109.2404850">
    <ele>2288.3</ele>
   </trkpt>
   <trkpt lat="-7.2289500" lon="109.2404740">
    <ele>2289.1</ele>
   </trkpt>
   <trkpt lat="-7.2292100" lon="109.2403860">
    <ele>2301.6</ele>
   </trkpt>
   <trkpt lat="-7.2292400" lon="109.2403750">
    <ele>2303.0</ele>
   </trkpt>
   <trkpt lat="-7.2292830" lon="109.2403540">
    <ele>2306.6</ele>
   </trkpt>
   <trkpt lat="-7.2293180" lon="109.2403310">
    <ele>2307.6</ele>
   </trkpt>
   <trkpt lat="-7.2293050" lon="109.2403680">
    <ele>2304.3</ele>
   </trkpt>
   <trkpt lat="-7.2292910" lon="109.2403420">
    <ele>2306.6</ele>
   </trkpt>
   <trkpt lat="-7.2292710" lon="109.2403170">
    <ele>2307.8</ele>
   </trkpt>
   <trkpt lat="-7.2292910" lon="109.2402920">
    <ele>2308.9</ele>
   </trkpt>
   <trkpt lat="-7.2293160" lon="109.2402630">
    <ele>2312.0</ele>
   </trkpt>
   <trkpt lat="-7.2293330" lon="109.2402410">
    <ele>2312.0</ele>
   </trkpt>
   <trkpt lat="-7.2293590" lon="109.2402170">
    <ele>2315.0</ele>
   </trkpt>
   <trkpt lat="-7.2293770" lon="109.2402410">
    <ele>2312.8</ele>
   </trkpt>
   <trkpt lat="-7.2294010" lon="109.2402080">
    <ele>2315.7</ele>
   </trkpt>
   <trkpt lat="-7.2294480" lon="109.2401860">
    <ele>2318.5</ele>
   </trkpt>
   <trkpt lat="-7.2294900" lon="109.2401560">
    <ele>2319.2</ele>
   </trkpt>
   <trkpt lat="-7.2295040" lon="109.2401260">
    <ele>2321.3</ele>
   </trkpt>
   <trkpt lat="-7.2295210" lon="109.2400940">
    <ele>2323.4</ele>
   </trkpt>
   <trkpt lat="-7.2295480" lon="109.2400740">
    <ele>2323.9</ele>
   </trkpt>
   <trkpt lat="-7.2295770" lon="109.2400670">
    <ele>2324.5</ele>
   </trkpt>
   <trkpt lat="-7.2295510" lon="109.2400470">
    <ele>2326.0</ele>
   </trkpt>
   <trkpt lat="-7.2295230" lon="109.2400340">
    <ele>2325.4</ele>
   </trkpt>
   <trkpt lat="-7.2294970" lon="109.2400140">
    <ele>2327.5</ele>
   </trkpt>
   <trkpt lat="-7.2294940" lon="109.2399860">
    <ele>2327.5</ele>
   </trkpt>
   <trkpt lat="-7.2295210" lon="109.2399950">
    <ele>2327.5</ele>
   </trkpt>
   <trkpt lat="-7.2295340" lon="109.2400240">
    <ele>2326.0</ele>
   </trkpt>
   <trkpt lat="-7.2295210" lon="109.2400520">
    <ele>2325.4</ele>
   </trkpt>
   <trkpt lat="-7.2294940" lon="109.2400660">
    <ele>2323.4</ele>
   </trkpt>
   <trkpt lat="-7.2295080" lon="109.2400230">
    <ele>2325.4</ele>
   </trkpt>
   <trkpt lat="-7.2295190" lon="109.2399900">
    <ele>2327.5</ele>
   </trkpt>
   <trkpt lat="-7.2295400" lon="109.2399630">
    <ele>2330.0</ele>
   </trkpt>
   <trkpt lat="-7.2295700" lon="109.2399550">
    <ele>2330.0</ele>
   </trkpt>
   <trkpt lat="-7.2295980" lon="109.2399660">
    <ele>2330.6</ele>
   </trkpt>
   <trkpt lat="-7.2296090" lon="109.2400030">
    <ele>2328.6</ele>
   </trkpt>
   <trkpt lat="-7.2296170" lon="109.2400420">
    <ele>2327.2</ele>
   </trkpt>
   <trkpt lat="-7.2296370" lon="109.2400650">
    <ele>2325.1</ele>
   </trkpt>
   <trkpt lat="-7.2296790" lon="109.2400640">
    <ele>2327.8</ele>
   </trkpt>
   <trkpt lat="-7.2297200" lon="109.2400770">
    <ele>2326.7</ele>
   </trkpt>
   <trkpt lat="-7.2297500" lon="109.2400750">
    <ele>2327.8</ele>
   </trkpt>
   <trkpt lat="-7.2297650" lon="109.2400460">
    <ele>2329.6</ele>
   </trkpt>
   <trkpt lat="-7.2297890" lon="109.2400200">
    <ele>2332.5</ele>
   </trkpt>
   <trkpt lat="-7.2298120" lon="109.2400000">
    <ele>2332.5</ele>
   </trkpt>
   <trkpt lat="-7.2298390" lon="109.2399770">
    <ele>2335.2</ele>
   </trkpt>
   <trkpt lat="-7.2298540" lon="109.2399520">
    <ele>2335.2</ele>
   </trkpt>
   <trkpt lat="-7.2298670" lon="109.2399120">
    <ele>2337.0</ele>
   </trkpt>
   <trkpt lat="-7.2298850" lon="109.2398880">
    <ele>2339.8</ele>
   </trkpt>
   <trkpt lat="-7.2299140" lon="109.2398930">
    <ele>2338.7</ele>
   </trkpt>
   <trkpt lat="-7.2299240" lon="109.2398580">
    <ele>2340.6</ele>
   </trkpt>
   <trkpt lat="-7.2299230" lon="109.2398260">
    <ele>2342.8</ele>
   </trkpt>
   <trkpt lat="-7.2299500" lon="109.2398110">
    <ele>2342.7</ele>
   </trkpt>
   <trkpt lat="-7.2299780" lon="109.2397960">
    <ele>2345.7</ele>
   </trkpt>
   <trkpt lat="-7.2299540" lon="109.2398090">
    <ele>2343.3</ele>
   </trkpt>
   <trkpt lat="-7.2299270" lon="109.2398180">
    <ele>2342.3</ele>
   </trkpt>
   <trkpt lat="-7.2299080" lon="109.2398380">
    <ele>2341.4</ele>
   </trkpt>
   <trkpt lat="-7.2299290" lon="109.2398150">
    <ele>2342.1</ele>
   </trkpt>
   <trkpt lat="-7.2299010" lon="109.2397630">
    <ele>2345.9</ele>
   </trkpt>
   <trkpt lat="-7.2298890" lon="109.2397360">
    <ele>2345.8</ele>
   </trkpt>
   <trkpt lat="-7.2298550" lon="109.2396990">
    <ele>2346.8</ele>
   </trkpt>
   <trkpt lat="-7.2298330" lon="109.2396820">
    <ele>2346.6</ele>
   </trkpt>
   <trkpt lat="-7.2298090" lon="109.2396670">
    <ele>2347.2</ele>
   </trkpt>
   <trkpt lat="-7.2297720" lon="109.2396420">
    <ele>2346.1</ele>
   </trkpt>
   <trkpt lat="-7.2297490" lon="109.2396170">
    <ele>2347.7</ele>
   </trkpt>
   <trkpt lat="-7.2297250" lon="109.2395730">
    <ele>2348.4</ele>
   </trkpt>
   <trkpt lat="-7.2297090" lon="109.2395260">
    <ele>2349.8</ele>
   </trkpt>
   <trkpt lat="-7.2297030" lon="109.2394860">
    <ele>2351.1</ele>
   </trkpt>
   <trkpt lat="-7.2296910" lon="109.2394500">
    <ele>2351.6</ele>
   </trkpt>
   <trkpt lat="-7.2296950" lon="109.2394220">
    <ele>2351.5</ele>
   </trkpt>
   <trkpt lat="-7.2296850" lon="109.2393940">
    <ele>2352.9</ele>
   </trkpt>
   <trkpt lat="-7.2296770" lon="109.2393670">
    <ele>2354.7</ele>
   </trkpt>
   <trkpt lat="-7.2296820" lon="109.2393400">
    <ele>2354.6</ele>
   </trkpt>
   <trkpt lat="-7.2297050" lon="109.2393100">
    <ele>2357.2</ele>
   </trkpt>
   <trkpt lat="-7.2297330" lon="109.2392900">
    <ele>2359.4</ele>
   </trkpt>
   <trkpt lat="-7.2297580" lon="109.2392760">
    <ele>2360.1</ele>
   </trkpt>
   <trkpt lat="-7.2297700" lon="109.2392370">
    <ele>2362.4</ele>
   </trkpt>
   <trkpt lat="-7.2297620" lon="109.2392090">
    <ele>2362.3</ele>
   </trkpt>
   <trkpt lat="-7.2297640" lon="109.2391800">
    <ele>2364.5</ele>
   </trkpt>
   <trkpt lat="-7.2297710" lon="109.2391460">
    <ele>2366.7</ele>
   </trkpt>
   <trkpt lat="-7.2297900" lon="109.2391250">
    <ele>2367.5</ele>
   </trkpt>
   <trkpt lat="-7.2298130" lon="109.2391030">
    <ele>2369.7</ele>
   </trkpt>
   <trkpt lat="-7.2298440" lon="109.2390920">
    <ele>2370.7</ele>
   </trkpt>
   <trkpt lat="-7.2298750" lon="109.2390740">
    <ele>2373.8</ele>
   </trkpt>
   <trkpt lat="-7.2299000" lon="109.2390980">
    <ele>2371.6</ele>
   </trkpt>
   <trkpt lat="-7.2299090" lon="109.2390630">
    <ele>2373.6</ele>
   </trkpt>
   <trkpt lat="-7.2298950" lon="109.2390390">
    <ele>2373.4</ele>
   </trkpt>
   <trkpt lat="-7.2298610" lon="109.2390550">
    <ele>2372.3</ele>
   </trkpt>
   <trkpt lat="-7.2298440" lon="109.2390310">
    <ele>2374.4</ele>
   </trkpt>
   <trkpt lat="-7.2298570" lon="109.2390000">
    <ele>2374.3</ele>
   </trkpt>
   <trkpt lat="-7.2298850" lon="109.2389750">
    <ele>2377.3</ele>
   </trkpt>
   <trkpt lat="-7.2299130" lon="109.2389480">
    <ele>2380.0</ele>
   </trkpt>
   <trkpt lat="-7.2299340" lon="109.2389180">
    <ele>2379.8</ele>
   </trkpt>
   <trkpt lat="-7.2299420" lon="109.2388910">
    <ele>2382.1</ele>
   </trkpt>
   <trkpt lat="-7.2299410" lon="109.2388640">
    <ele>2382.0</ele>
   </trkpt>
   <trkpt lat="-7.2299440" lon="109.2388310">
    <ele>2384.5</ele>
   </trkpt>
   <trkpt lat="-7.2299470" lon="109.2387890">
    <ele>2387.3</ele>
   </trkpt>
   <trkpt lat="-7.2299800" lon="109.2387950">
    <ele>2387.8</ele>
   </trkpt>
   <trkpt lat="-7.2300140" lon="109.2387680">
    <ele>2391.3</ele>
   </trkpt>
   <trkpt lat="-7.2300410" lon="109.2387490">
    <ele>2391.6</ele>
   </trkpt>
   <trkpt lat="-7.2300600" lon="109.2387100">
    <ele>2394.6</ele>
   </trkpt>
   <trkpt lat="-7.2300770" lon="109.2386850">
    <ele>2397.4</ele>
   </trkpt>
   <trkpt lat="-7.2300870" lon="109.2386550">
    <ele>2397.6</ele>
   </trkpt>
   <trkpt lat="-7.2300960" lon="109.2386090">
    <ele>2400.1</ele>
   </trkpt>
   <trkpt lat="-7.2300750" lon="109.2385650">
    <ele>2402.1</ele>
   </trkpt>
   <trkpt lat="-7.2300590" lon="109.2385430">
    <ele>2404.3</ele>
   </trkpt>
   <trkpt lat="-7.2300340" lon="109.2385090">
    <ele>2406.3</ele>
   </trkpt>
   <trkpt lat="-7.2300210" lon="109.2384730">
    <ele>2408.7</ele>
   </trkpt>
   <trkpt lat="-7.2300410" lon="109.2384530">
    <ele>2409.0</ele>
   </trkpt>
   <trkpt lat="-7.2300630" lon="109.2384350">
    <ele>2408.9</ele>
   </trkpt>
   <trkpt lat="-7.2300820" lon="109.2384050">
    <ele>2411.7</ele>
   </trkpt>
   <trkpt lat="-7.2300980" lon="109.2383790">
    <ele>2414.0</ele>
   </trkpt>
   <trkpt lat="-7.2301180" lon="109.2383540">
    <ele>2413.9</ele>
   </trkpt>
   <trkpt lat="-7.2301250" lon="109.2383230">
    <ele>2416.4</ele>
   </trkpt>
   <trkpt lat="-7.2301260" lon="109.2382890">
    <ele>2418.3</ele>
   </trkpt>
   <trkpt lat="-7.2301240" lon="109.2382530">
    <ele>2420.0</ele>
   </trkpt>
   <trkpt lat="-7.2301480" lon="109.2382130">
    <ele>2421.6</ele>
   </trkpt>
   <trkpt lat="-7.2301690" lon="109.2381730">
    <ele>2423.6</ele>
   </trkpt>
   <trkpt lat="-7.2301660" lon="109.2381410">
    <ele>2422.9</ele>
   </trkpt>
   <trkpt lat="-7.2301710" lon="109.2381070">
    <ele>2425.0</ele>
   </trkpt>
   <trkpt lat="-7.2301660" lon="109.2380740">
    <ele>2425.8</ele>
   </trkpt>
   <trkpt lat="-7.2301660" lon="109.2380440">
    <ele>2427.3</ele>
   </trkpt>
   <trkpt lat="-7.2301610" lon="109.2380160">
    <ele>2427.2</ele>
   </trkpt>
   <trkpt lat="-7.2301860" lon="109.2380040">
    <ele>2429.5</ele>
   </trkpt>
   <trkpt lat="-7.2302070" lon="109.2379770">
    <ele>2429.4</ele>
   </trkpt>
   <trkpt lat="-7.2302170" lon="109.2379500">
    <ele>2431.8</ele>
   </trkpt>
   <trkpt lat="-7.2302340" lon="109.2379250">
    <ele>2431.7</ele>
   </trkpt>
   <trkpt lat="-7.2302530" lon="109.2379040">
    <ele>2434.0</ele>
   </trkpt>
   <trkpt lat="-7.2302750" lon="109.2378850">
    <ele>2433.9</ele>
   </trkpt>
   <trkpt lat="-7.2303030" lon="109.2378730">
    <ele>2436.2</ele>
   </trkpt>
   <trkpt lat="-7.2303130" lon="109.2378320">
    <ele>2437.8</ele>
   </trkpt>
   <trkpt lat="-7.2303120" lon="109.2377970">
    <ele>2437.7</ele>
   </trkpt>
   <trkpt lat="-7.2303020" lon="109.2377640">
    <ele>2439.2</ele>
   </trkpt>
   <trkpt lat="-7.2302840" lon="109.2377410">
    <ele>2439.7</ele>
   </trkpt>
   <trkpt lat="-7.2302870" lon="109.2377020">
    <ele>2441.1</ele>
   </trkpt>
   <trkpt lat="-7.2302880" lon="109.2376660">
    <ele>2441.0</ele>
   </trkpt>
   <trkpt lat="-7.2302990" lon="109.2376310">
    <ele>2443.3</ele>
   </trkpt>
   <trkpt lat="-7.2302920" lon="109.2376000">
    <ele>2443.8</ele>
   </trkpt>
   <trkpt lat="-7.2302720" lon="109.2375670">
    <ele>2445.4</ele>
   </trkpt>
   <trkpt lat="-7.2302780" lon="109.2375350">
    <ele>2445.3</ele>
   </trkpt>
   <trkpt lat="-7.2302870" lon="109.2375060">
    <ele>2447.0</ele>
   </trkpt>
   <trkpt lat="-7.2302850" lon="109.2374740">
    <ele>2448.8</ele>
   </trkpt>
   <trkpt lat="-7.2303000" lon="109.2374510">
    <ele>2449.4</ele>
   </trkpt>
   <trkpt lat="-7.2302960" lon="109.2374230">
    <ele>2451.3</ele>
   </trkpt>
   <trkpt lat="-7.2302960" lon="109.2373850">
    <ele>2453.4</ele>
   </trkpt>
   <trkpt lat="-7.2302700" lon="109.2373680">
    <ele>2452.5</ele>
   </trkpt>
   <trkpt lat="-7.2302810" lon="109.2373390">
    <ele>2454.4</ele>
   </trkpt>
   <trkpt lat="-7.2302720" lon="109.2373090">
    <ele>2456.1</ele>
   </trkpt>
   <trkpt lat="-7.2302830" lon="109.2372840">
    <ele>2456.0</ele>
   </trkpt>
   <trkpt lat="-7.2302980" lon="109.2372590">
    <ele>2458.4</ele>
   </trkpt>
   <trkpt lat="-7.2303190" lon="109.2372340">
    <ele>2458.3</ele>
   </trkpt>
   <trkpt lat="-7.2303460" lon="109.2372110">
    <ele>2460.4</ele>
   </trkpt>
   <trkpt lat="-7.2303800" lon="109.2371880">
    <ele>2462.4</ele>
   </trkpt>
   <trkpt lat="-7.2304140" lon="109.2371690">
    <ele>2462.4</ele>
   </trkpt>
   <trkpt lat="-7.2304410" lon="109.2371480">
    <ele>2463.0</ele>
   </trkpt>
   <trkpt lat="-7.2304730" lon="109.2371460">
    <ele>2465.0</ele>
   </trkpt>
   <trkpt lat="-7.2305190" lon="109.2371530">
    <ele>2464.3</ele>
   </trkpt>
   <trkpt lat="-7.2305520" lon="109.2371460">
    <ele>2466.6</ele>
   </trkpt>
   <trkpt lat="-7.2305760" lon="109.2371190">
    <ele>2466.6</ele>
   </trkpt>
   <trkpt lat="-7.2305960" lon="109.2370910">
    <ele>2469.2</ele>
   </trkpt>
   <trkpt lat="-7.2306260" lon="109.2371070">
    <ele>2467.6</ele>
   </trkpt>
   <trkpt lat="-7.2306150" lon="109.2370780">
    <ele>2469.2</ele>
   </trkpt>
   <trkpt lat="-7.2306350" lon="109.2370560">
    <ele>2473.0</ele>
   </trkpt>
   <trkpt lat="-7.2306670" lon="109.2370340">
    <ele>2473.0</ele>
   </trkpt>
   <trkpt lat="-7.2306880" lon="109.2370120">
    <ele>2476.1</ele>
   </trkpt>
   <trkpt lat="-7.2307180" lon="109.2369910">
    <ele>2476.1</ele>
   </trkpt>
   <trkpt lat="-7.2307320" lon="109.2369520">
    <ele>2479.1</ele>
   </trkpt>
   <trkpt lat="-7.2307430" lon="109.2369150">
    <ele>2480.4</ele>
   </trkpt>
   <trkpt lat="-7.2307590" lon="109.2368800">
    <ele>2481.6</ele>
   </trkpt>
   <trkpt lat="-7.2307800" lon="109.2368520">
    <ele>2483.2</ele>
   </trkpt>
   <trkpt lat="-7.2307910" lon="109.2368220">
    <ele>2484.2</ele>
   </trkpt>
   <trkpt lat="-7.2307660" lon="109.2368080">
    <ele>2484.2</ele>
   </trkpt>
   <trkpt lat="-7.2307850" lon="109.2367800">
    <ele>2485.0</ele>
   </trkpt>
   <trkpt lat="-7.2308050" lon="109.2367520">
    <ele>2487.2</ele>
   </trkpt>
   <trkpt lat="-7.2308270" lon="109.2367360">
    <ele>2487.2</ele>
   </trkpt>
   <trkpt lat="-7.2308510" lon="109.2367230">
    <ele>2488.5</ele>
   </trkpt>
   <trkpt lat="-7.2308850" lon="109.2367070">
    <ele>2489.5</ele>
   </trkpt>
   <trkpt lat="-7.2309180" lon="109.2366820">
    <ele>2490.8</ele>
   </trkpt>
   <trkpt lat="-7.2309440" lon="109.2366590">
    <ele>2493.0</ele>
   </trkpt>
   <trkpt lat="-7.2309620" lon="109.2366350">
    <ele>2493.0</ele>
   </trkpt>
   <trkpt lat="-7.2309750" lon="109.2366080">
    <ele>2495.0</ele>
   </trkpt>
   <trkpt lat="-7.2310040" lon="109.2365920">
    <ele>2495.0</ele>
   </trkpt>
   <trkpt lat="-7.2310300" lon="109.2365790">
    <ele>2496.8</ele>
   </trkpt>
   <trkpt lat="-7.2310280" lon="109.2365510">
    <ele>2496.8</ele>
   </trkpt>
   <trkpt lat="-7.2310480" lon="109.2365230">
    <ele>2498.0</ele>
   </trkpt>
   <trkpt lat="-7.2310650" lon="109.2364980">
    <ele>2500.0</ele>
   </trkpt>
   <trkpt lat="-7.2310850" lon="109.2364760">
    <ele>2500.0</ele>
   </trkpt>
   <trkpt lat="-7.2311140" lon="109.2364800">
    <ele>2500.9</ele>
   </trkpt>
   <trkpt lat="-7.2311320" lon="109.2364590">
    <ele>2502.1</ele>
   </trkpt>
   <trkpt lat="-7.2311750" lon="109.2364500">
    <ele>2503.0</ele>
   </trkpt>
   <trkpt lat="-7.2312070" lon="109.2364230">
    <ele>2503.8</ele>
   </trkpt>
   <trkpt lat="-7.2312460" lon="109.2363980">
    <ele>2505.9</ele>
   </trkpt>
   <trkpt lat="-7.2312920" lon="109.2363790">
    <ele>2506.9</ele>
   </trkpt>
   <trkpt lat="-7.2313270" lon="109.2363660">
    <ele>2509.2</ele>
   </trkpt>
   <trkpt lat="-7.2313610" lon="109.2363570">
    <ele>2510.4</ele>
   </trkpt>
   <trkpt lat="-7.2314010" lon="109.2363520">
    <ele>2511.5</ele>
   </trkpt>
   <trkpt lat="-7.2314470" lon="109.2363540">
    <ele>2512.6</ele>
   </trkpt>
   <trkpt lat="-7.2314850" lon="109.2363640">
    <ele>2512.6</ele>
   </trkpt>
   <trkpt lat="-7.2315230" lon="109.2363760">
    <ele>2512.0</ele>
   </trkpt>
   <trkpt lat="-7.2315520" lon="109.2363760">
    <ele>2512.9</ele>
   </trkpt>
   <trkpt lat="-7.2315710" lon="109.2363500">
    <ele>2515.5</ele>
   </trkpt>
   <trkpt lat="-7.2316060" lon="109.2363490">
    <ele>2515.5</ele>
   </trkpt>
   <trkpt lat="-7.2316270" lon="109.2363690">
    <ele>2516.5</ele>
   </trkpt>
   <trkpt lat="-7.2316530" lon="109.2363870">
    <ele>2515.1</ele>
   </trkpt>
   <trkpt lat="-7.2316640" lon="109.2364130">
    <ele>2516.4</ele>
   </trkpt>
   <trkpt lat="-7.2316810" lon="109.2364380">
    <ele>2515.0</ele>
   </trkpt>
   <trkpt lat="-7.2317110" lon="109.2364470">
    <ele>2517.4</ele>
   </trkpt>
   <trkpt lat="-7.2317420" lon="109.2364370">
    <ele>2518.8</ele>
   </trkpt>
   <trkpt lat="-7.2317650" lon="109.2364180">
    <ele>2518.8</ele>
   </trkpt>
   <trkpt lat="-7.2317860" lon="109.2363990">
    <ele>2521.2</ele>
   </trkpt>
   <trkpt lat="-7.2318150" lon="109.2363820">
    <ele>2521.2</ele>
   </trkpt>
   <trkpt lat="-7.2318380" lon="109.2363650">
    <ele>2523.5</ele>
   </trkpt>
   <trkpt lat="-7.2318770" lon="109.2363430">
    <ele>2524.5</ele>
   </trkpt>
   <trkpt lat="-7.2319090" lon="109.2363160">
    <ele>2525.7</ele>
   </trkpt>
   <trkpt lat="-7.2319370" lon="109.2362770">
    <ele>2527.9</ele>
   </trkpt>
   <trkpt lat="-7.2319790" lon="109.2362540">
    <ele>2528.5</ele>
   </trkpt>
   <trkpt lat="-7.2320090" lon="109.2362500">
    <ele>2529.0</ele>
   </trkpt>
   <trkpt lat="-7.2320410" lon="109.2362550">
    <ele>2529.5</ele>
   </trkpt>
   <trkpt lat="-7.2320700" lon="109.2362540">
    <ele>2529.5</ele>
   </trkpt>
   <trkpt lat="-7.2320970" lon="109.2362400">
    <ele>2531.6</ele>
   </trkpt>
   <trkpt lat="-7.2321030" lon="109.2362110">
    <ele>2531.6</ele>
   </trkpt>
   <trkpt lat="-7.2321100" lon="109.2361840">
    <ele>2533.5</ele>
   </trkpt>
   <trkpt lat="-7.2320840" lon="109.2361750">
    <ele>2533.5</ele>
   </trkpt>
   <trkpt lat="-7.2320920" lon="109.2361420">
    <ele>2535.4</ele>
   </trkpt>
   <trkpt lat="-7.2321040" lon="109.2361150">
    <ele>2537.3</ele>
   </trkpt>
   <trkpt lat="-7.2321180" lon="109.2360830">
    <ele>2537.3</ele>
   </trkpt>
   <trkpt lat="-7.2321410" lon="109.2360520">
    <ele>2539.8</ele>
   </trkpt>
   <trkpt lat="-7.2321670" lon="109.2360200">
    <ele>2541.8</ele>
   </trkpt>
   <trkpt lat="-7.2321720" lon="109.2359870">
    <ele>2544.3</ele>
   </trkpt>
   <trkpt lat="-7.2321930" lon="109.2359700">
    <ele>2544.3</ele>
   </trkpt>
   <trkpt lat="-7.2322100" lon="109.2359420">
    <ele>2546.9</ele>
   </trkpt>
   <trkpt lat="-7.2322280" lon="109.2359110">
    <ele>2546.9</ele>
   </trkpt>
   <trkpt lat="-7.2322470" lon="109.2358740">
    <ele>2549.1</ele>
   </trkpt>
   <trkpt lat="-7.2322630" lon="109.2358490">
    <ele>2551.8</ele>
   </trkpt>
   <trkpt lat="-7.2322750" lon="109.2358220">
    <ele>2551.8</ele>
   </trkpt>
   <trkpt lat="-7.2322990" lon="109.2357920">
    <ele>2554.9</ele>
   </trkpt>
   <trkpt lat="-7.2323280" lon="109.2357510">
    <ele>2557.4</ele>
   </trkpt>
   <trkpt lat="-7.2323460" lon="109.2357250">
    <ele>2560.9</ele>
   </trkpt>
   <trkpt lat="-7.2323620" lon="109.2356970">
    <ele>2560.9</ele>
   </trkpt>
   <trkpt lat="-7.2323600" lon="109.2356640">
    <ele>2563.7</ele>
   </trkpt>
   <trkpt lat="-7.2323450" lon="109.2356390">
    <ele>2566.2</ele>
   </trkpt>
   <trkpt lat="-7.2323280" lon="109.2356130">
    <ele>2565.2</ele>
   </trkpt>
   <trkpt lat="-7.2323320" lon="109.2355820">
    <ele>2567.4</ele>
   </trkpt>
   <trkpt lat="-7.2323590" lon="109.2355590">
    <ele>2568.6</ele>
   </trkpt>
   <trkpt lat="-7.2323840" lon="109.2355170">
    <ele>2571.8</ele>
   </trkpt>
   <trkpt lat="-7.2324020" lon="109.2354920">
    <ele>2573.7</ele>
   </trkpt>
   <trkpt lat="-7.2324270" lon="109.2354770">
    <ele>2574.6</ele>
   </trkpt>
   <trkpt lat="-7.2324530" lon="109.2354620">
    <ele>2576.3</ele>
   </trkpt>
   <trkpt lat="-7.2324820" lon="109.2354410">
    <ele>2577.0</ele>
   </trkpt>
   <trkpt lat="-7.2325030" lon="109.2354040">
    <ele>2578.6</ele>
   </trkpt>
   <trkpt lat="-7.2325190" lon="109.2353700">
    <ele>2580.7</ele>
   </trkpt>
   <trkpt lat="-7.2325390" lon="109.2353510">
    <ele>2580.7</ele>
   </trkpt>
   <trkpt lat="-7.2325690" lon="109.2353340">
    <ele>2582.7</ele>
   </trkpt>
   <trkpt lat="-7.2325760" lon="109.2352940">
    <ele>2584.3</ele>
   </trkpt>
   <trkpt lat="-7.2325890" lon="109.2352540">
    <ele>2585.8</ele>
   </trkpt>
   <trkpt lat="-7.2326140" lon="109.2352360">
    <ele>2586.0</ele>
   </trkpt>
   <trkpt lat="-7.2326250" lon="109.2352090">
    <ele>2587.3</ele>
   </trkpt>
   <trkpt lat="-7.2326470" lon="109.2351920">
    <ele>2587.1</ele>
   </trkpt>
   <trkpt lat="-7.2326720" lon="109.2351780">
    <ele>2587.1</ele>
   </trkpt>
   <trkpt lat="-7.2327030" lon="109.2351470">
    <ele>2587.9</ele>
   </trkpt>
   <trkpt lat="-7.2327230" lon="109.2351270">
    <ele>2588.8</ele>
   </trkpt>
   <trkpt lat="-7.2327420" lon="109.2351030">
    <ele>2588.8</ele>
   </trkpt>
   <trkpt lat="-7.2327700" lon="109.2350770">
    <ele>2589.9</ele>
   </trkpt>
   <trkpt lat="-7.2328000" lon="109.2350710">
    <ele>2589.9</ele>
   </trkpt>
   <trkpt lat="-7.2328290" lon="109.2350640">
    <ele>2590.0</ele>
   </trkpt>
   <trkpt lat="-7.2328070" lon="109.2350390">
    <ele>2591.4</ele>
   </trkpt>
   <trkpt lat="-7.2328040" lon="109.2349990">
    <ele>2592.7</ele>
   </trkpt>
   <trkpt lat="-7.2328130" lon="109.2349700">
    <ele>2592.9</ele>
   </trkpt>
   <trkpt lat="-7.2328310" lon="109.2349320">
    <ele>2594.6</ele>
   </trkpt>
   <trkpt lat="-7.2328520" lon="109.2349130">
    <ele>2596.9</ele>
   </trkpt>
   <trkpt lat="-7.2328740" lon="109.2348880">
    <ele>2596.9</ele>
   </trkpt>
   <trkpt lat="-7.2328860" lon="109.2348580">
    <ele>2599.0</ele>
   </trkpt>
   <trkpt lat="-7.2328910" lon="109.2348260">
    <ele>2601.9</ele>
   </trkpt>
   <trkpt lat="-7.2329210" lon="109.2348140">
    <ele>2601.9</ele>
   </trkpt>
   <trkpt lat="-7.2329460" lon="109.2347900">
    <ele>2602.8</ele>
   </trkpt>
   <trkpt lat="-7.2329740" lon="109.2347670">
    <ele>2605.1</ele>
   </trkpt>
   <trkpt lat="-7.2330060" lon="109.2347370">
    <ele>2608.0</ele>
   </trkpt>
   <trkpt lat="-7.2330200" lon="109.2347070">
    <ele>2608.8</ele>
   </trkpt>
   <trkpt lat="-7.2330290" lon="109.2346790">
    <ele>2610.5</ele>
   </trkpt>
   <trkpt lat="-7.2330690" lon="109.2346670">
    <ele>2611.1</ele>
   </trkpt>
   <trkpt lat="-7.2330920" lon="109.2346410">
    <ele>2612.5</ele>
   </trkpt>
   <trkpt lat="-7.2330790" lon="109.2346110">
    <ele>2613.9</ele>
   </trkpt>
   <trkpt lat="-7.2330770" lon="109.2345830">
    <ele>2613.9</ele>
   </trkpt>
   <trkpt lat="-7.2330710" lon="109.2345500">
    <ele>2615.3</ele>
   </trkpt>
   <trkpt lat="-7.2330650" lon="109.2345220">
    <ele>2616.8</ele>
   </trkpt>
   <trkpt lat="-7.2330840" lon="109.2344990">
    <ele>2616.8</ele>
   </trkpt>
   <trkpt lat="-7.2331070" lon="109.2344700">
    <ele>2619.0</ele>
   </trkpt>
   <trkpt lat="-7.2331250" lon="109.2344430">
    <ele>2619.0</ele>
   </trkpt>
   <trkpt lat="-7.2331410" lon="109.2344110">
    <ele>2621.0</ele>
   </trkpt>
   <trkpt lat="-7.2331460" lon="109.2343850">
    <ele>2623.4</ele>
   </trkpt>
   <trkpt lat="-7.2331630" lon="109.2343620">
    <ele>2624.1</ele>
   </trkpt>
   <trkpt lat="-7.2331860" lon="109.2343280">
    <ele>2626.5</ele>
   </trkpt>
   <trkpt lat="-7.2332120" lon="109.2342970">
    <ele>2629.4</ele>
   </trkpt>
   <trkpt lat="-7.2332290" lon="109.2342680">
    <ele>2631.7</ele>
   </trkpt>
   <trkpt lat="-7.2332460" lon="109.2342390">
    <ele>2631.9</ele>
   </trkpt>
   <trkpt lat="-7.2332700" lon="109.2342100">
    <ele>2634.0</ele>
   </trkpt>
   <trkpt lat="-7.2332800" lon="109.2341840">
    <ele>2636.3</ele>
   </trkpt>
   <trkpt lat="-7.2333040" lon="109.2341550">
    <ele>2636.3</ele>
   </trkpt>
   <trkpt lat="-7.2333290" lon="109.2341410">
    <ele>2638.8</ele>
   </trkpt>
   <trkpt lat="-7.2333540" lon="109.2341200">
    <ele>2638.8</ele>
   </trkpt>
   <trkpt lat="-7.2333710" lon="109.2340830">
    <ele>2641.4</ele>
   </trkpt>
   <trkpt lat="-7.2333750" lon="109.2340500">
    <ele>2643.2</ele>
   </trkpt>
   <trkpt lat="-7.2333850" lon="109.2340180">
    <ele>2643.2</ele>
   </trkpt>
   <trkpt lat="-7.2334080" lon="109.2340000">
    <ele>2645.7</ele>
   </trkpt>
   <trkpt lat="-7.2334340" lon="109.2339830">
    <ele>2645.7</ele>
   </trkpt>
   <trkpt lat="-7.2334620" lon="109.2339680">
    <ele>2648.2</ele>
   </trkpt>
   <trkpt lat="-7.2334810" lon="109.2339470">
    <ele>2648.2</ele>
   </trkpt>
   <trkpt lat="-7.2335050" lon="109.2339130">
    <ele>2651.0</ele>
   </trkpt>
   <trkpt lat="-7.2335110" lon="109.2338820">
    <ele>2652.9</ele>
   </trkpt>
   <trkpt lat="-7.2335300" lon="109.2338440">
    <ele>2653.9</ele>
   </trkpt>
   <trkpt lat="-7.2335510" lon="109.2338200">
    <ele>2655.9</ele>
   </trkpt>
   <trkpt lat="-7.2335720" lon="109.2338010">
    <ele>2656.8</ele>
   </trkpt>
   <trkpt lat="-7.2335970" lon="109.2337830">
    <ele>2658.7</ele>
   </trkpt>
   <trkpt lat="-7.2336250" lon="109.2337870">
    <ele>2659.4</ele>
   </trkpt>
   <trkpt lat="-7.2336520" lon="109.2337710">
    <ele>2659.4</ele>
   </trkpt>
   <trkpt lat="-7.2336680" lon="109.2337490">
    <ele>2661.9</ele>
   </trkpt>
   <trkpt lat="-7.2336510" lon="109.2337230">
    <ele>2661.1</ele>
   </trkpt>
   <trkpt lat="-7.2336490" lon="109.2336940">
    <ele>2662.8</ele>
   </trkpt>
   <trkpt lat="-7.2336520" lon="109.2336670">
    <ele>2664.3</ele>
   </trkpt>
   <trkpt lat="-7.2336630" lon="109.2336360">
    <ele>2665.1</ele>
   </trkpt>
   <trkpt lat="-7.2336690" lon="109.2336020">
    <ele>2666.6</ele>
   </trkpt>
   <trkpt lat="-7.2336710" lon="109.2335750">
    <ele>2668.1</ele>
   </trkpt>
   <trkpt lat="-7.2336880" lon="109.2335530">
    <ele>2668.1</ele>
   </trkpt>
   <trkpt lat="-7.2336760" lon="109.2335200">
    <ele>2669.5</ele>
   </trkpt>
   <trkpt lat="-7.2336890" lon="109.2334890">
    <ele>2670.8</ele>
   </trkpt>
   <trkpt lat="-7.2337160" lon="109.2334890">
    <ele>2672.0</ele>
   </trkpt>
   <trkpt lat="-7.2337520" lon="109.2334690">
    <ele>2673.2</ele>
   </trkpt>
   <trkpt lat="-7.2337650" lon="109.2334440">
    <ele>2674.8</ele>
   </trkpt>
   <trkpt lat="-7.2337840" lon="109.2334210">
    <ele>2674.8</ele>
   </trkpt>
   <trkpt lat="-7.2338100" lon="109.2333890">
    <ele>2677.9</ele>
   </trkpt>
   <trkpt lat="-7.2338410" lon="109.2333590">
    <ele>2681.0</ele>
   </trkpt>
   <trkpt lat="-7.2338630" lon="109.2333320">
    <ele>2681.0</ele>
   </trkpt>
   <trkpt lat="-7.2338870" lon="109.2333080">
    <ele>2684.2</ele>
   </trkpt>
   <trkpt lat="-7.2339280" lon="109.2333080">
    <ele>2685.7</ele>
   </trkpt>
   <trkpt lat="-7.2339590" lon="109.2332990">
    <ele>2687.2</ele>
   </trkpt>
   <trkpt lat="-7.2339920" lon="109.2332960">
    <ele>2687.2</ele>
   </trkpt>
   <trkpt lat="-7.2340210" lon="109.2333020">
    <ele>2688.7</ele>
   </trkpt>
   <trkpt lat="-7.2340540" lon="109.2332980">
    <ele>2690.2</ele>
   </trkpt>
   <trkpt lat="-7.2340620" lon="109.2332720">
    <ele>2691.6</ele>
   </trkpt>
   <trkpt lat="-7.2340530" lon="109.2332420">
    <ele>2691.6</ele>
   </trkpt>
   <trkpt lat="-7.2340470" lon="109.2332140">
    <ele>2692.9</ele>
   </trkpt>
   <trkpt lat="-7.2340440" lon="109.2331730">
    <ele>2694.1</ele>
   </trkpt>
   <trkpt lat="-7.2340390" lon="109.2331360">
    <ele>2693.9</ele>
   </trkpt>
   <trkpt lat="-7.2340480" lon="109.2331090">
    <ele>2696.6</ele>
   </trkpt>
   <trkpt lat="-7.2340640" lon="109.2330830">
    <ele>2696.6</ele>
   </trkpt>
   <trkpt lat="-7.2340860" lon="109.2330470">
    <ele>2699.4</ele>
   </trkpt>
   <trkpt lat="-7.2341080" lon="109.2330250">
    <ele>2700.7</ele>
   </trkpt>
   <trkpt lat="-7.2341270" lon="109.2329940">
    <ele>2702.2</ele>
   </trkpt>
   <trkpt lat="-7.2341380" lon="109.2329670">
    <ele>2703.3</ele>
   </trkpt>
   <trkpt lat="-7.2341610" lon="109.2329420">
    <ele>2703.3</ele>
   </trkpt>
   <trkpt lat="-7.2341850" lon="109.2329240">
    <ele>2705.7</ele>
   </trkpt>
   <trkpt lat="-7.2342020" lon="109.2328990">
    <ele>2705.7</ele>
   </trkpt>
   <trkpt lat="-7.2342320" lon="109.2328940">
    <ele>2707.8</ele>
   </trkpt>
   <trkpt lat="-7.2342630" lon="109.2328880">
    <ele>2709.0</ele>
   </trkpt>
   <trkpt lat="-7.2342960" lon="109.2328730">
    <ele>2710.2</ele>
   </trkpt>
   <trkpt lat="-7.2343340" lon="109.2328640">
    <ele>2710.2</ele>
   </trkpt>
   <trkpt lat="-7.2343600" lon="109.2328540">
    <ele>2712.1</ele>
   </trkpt>
   <trkpt lat="-7.2343880" lon="109.2328450">
    <ele>2713.2</ele>
   </trkpt>
   <trkpt lat="-7.2344160" lon="109.2328420">
    <ele>2713.2</ele>
   </trkpt>
   <trkpt lat="-7.2344420" lon="109.2328240">
    <ele>2714.1</ele>
   </trkpt>
   <trkpt lat="-7.2344660" lon="109.2327970">
    <ele>2714.7</ele>
   </trkpt>
   <trkpt lat="-7.2344990" lon="109.2327680">
    <ele>2716.0</ele>
   </trkpt>
   <trkpt lat="-7.2345260" lon="109.2327410">
    <ele>2717.2</ele>
   </trkpt>
   <trkpt lat="-7.2345470" lon="109.2327130">
    <ele>2717.6</ele>
   </trkpt>
   <trkpt lat="-7.2345720" lon="109.2326840">
    <ele>2718.9</ele>
   </trkpt>
   <trkpt lat="-7.2345990" lon="109.2326570">
    <ele>2720.9</ele>
   </trkpt>
   <trkpt lat="-7.2346180" lon="109.2326380">
    <ele>2721.6</ele>
   </trkpt>
   <trkpt lat="-7.2346470" lon="109.2326200">
    <ele>2722.9</ele>
   </trkpt>
   <trkpt lat="-7.2346710" lon="109.2325950">
    <ele>2723.9</ele>
   </trkpt>
   <trkpt lat="-7.2346850" lon="109.2325620">
    <ele>2725.2</ele>
   </trkpt>
   <trkpt lat="-7.2346860" lon="109.2325330">
    <ele>2726.4</ele>
   </trkpt>
   <trkpt lat="-7.2347000" lon="109.2325090">
    <ele>2727.7</ele>
   </trkpt>
   <trkpt lat="-7.2347050" lon="109.2324730">
    <ele>2727.7</ele>
   </trkpt>
   <trkpt lat="-7.2347140" lon="109.2324340">
    <ele>2729.2</ele>
   </trkpt>
   <trkpt lat="-7.2347260" lon="109.2323980">
    <ele>2732.5</ele>
   </trkpt>
   <trkpt lat="-7.2347360" lon="109.2323670">
    <ele>2734.1</ele>
   </trkpt>
   <trkpt lat="-7.2347330" lon="109.2323370">
    <ele>2735.8</ele>
   </trkpt>
   <trkpt lat="-7.2347430" lon="109.2323110">
    <ele>2735.8</ele>
   </trkpt>
   <trkpt lat="-7.2347550" lon="109.2322810">
    <ele>2737.7</ele>
   </trkpt>
   <trkpt lat="-7.2347670" lon="109.2322550">
    <ele>2739.4</ele>
   </trkpt>
   <trkpt lat="-7.2347950" lon="109.2322260">
    <ele>2741.3</ele>
   </trkpt>
   <trkpt lat="-7.2348150" lon="109.2322040">
    <ele>2744.6</ele>
   </trkpt>
   <trkpt lat="-7.2348240" lon="109.2321760">
    <ele>2744.6</ele>
   </trkpt>
   <trkpt lat="-7.2348280" lon="109.2321490">
    <ele>2746.5</ele>
   </trkpt>
   <trkpt lat="-7.2348600" lon="109.2321340">
    <ele>2747.8</ele>
   </trkpt>
   <trkpt lat="-7.2348810" lon="109.2321060">
    <ele>2749.5</ele>
   </trkpt>
   <trkpt lat="-7.2348970" lon="109.2320770">
    <ele>2752.4</ele>
   </trkpt>
   <trkpt lat="-7.2349080" lon="109.2320480">
    <ele>2752.4</ele>
   </trkpt>
   <trkpt lat="-7.2349150" lon="109.2320210">
    <ele>2754.0</ele>
   </trkpt>
   <trkpt lat="-7.2349210" lon="109.2319930">
    <ele>2755.4</ele>
   </trkpt>
   <trkpt lat="-7.2349190" lon="109.2319640">
    <ele>2755.4</ele>
   </trkpt>
   <trkpt lat="-7.2349370" lon="109.2319390">
    <ele>2757.6</ele>
   </trkpt>
   <trkpt lat="-7.2349460" lon="109.2319070">
    <ele>2758.7</ele>
   </trkpt>
   <trkpt lat="-7.2349450" lon="109.2318780">
    <ele>2758.7</ele>
   </trkpt>
   <trkpt lat="-7.2349590" lon="109.2318550">
    <ele>2759.8</ele>
   </trkpt>
   <trkpt lat="-7.2349780" lon="109.2318260">
    <ele>2760.3</ele>
   </trkpt>
   <trkpt lat="-7.2349850" lon="109.2318000">
    <ele>2761.3</ele>
   </trkpt>
   <trkpt lat="-7.2349920" lon="109.2317720">
    <ele>2762.4</ele>
   </trkpt>
   <trkpt lat="-7.2350100" lon="109.2317400">
    <ele>2762.4</ele>
   </trkpt>
   <trkpt lat="-7.2350310" lon="109.2317210">
    <ele>2764.0</ele>
   </trkpt>
   <trkpt lat="-7.2350250" lon="109.2316940">
    <ele>2765.4</ele>
   </trkpt>
   <trkpt lat="-7.2350720" lon="109.2316610">
    <ele>2766.0</ele>
   </trkpt>
   <trkpt lat="-7.2350970" lon="109.2316450">
    <ele>2767.6</ele>
   </trkpt>
   <trkpt lat="-7.2351340" lon="109.2316170">
    <ele>2768.1</ele>
   </trkpt>
   <trkpt lat="-7.2351640" lon="109.2315920">
    <ele>2770.1</ele>
   </trkpt>
   <trkpt lat="-7.2351890" lon="109.2315690">
    <ele>2770.1</ele>
   </trkpt>
   <trkpt lat="-7.2352090" lon="109.2315430">
    <ele>2771.8</ele>
   </trkpt>
   <trkpt lat="-7.2352190" lon="109.2315160">
    <ele>2773.3</ele>
   </trkpt>
   <trkpt lat="-7.2352310" lon="109.2314890">
    <ele>2773.3</ele>
   </trkpt>
   <trkpt lat="-7.2352380" lon="109.2314600">
    <ele>2774.6</ele>
   </trkpt>
   <trkpt lat="-7.2352550" lon="109.2314370">
    <ele>2776.0</ele>
   </trkpt>
   <trkpt lat="-7.2352540" lon="109.2314060">
    <ele>2776.0</ele>
   </trkpt>
   <trkpt lat="-7.2352630" lon="109.2313800">
    <ele>2777.5</ele>
   </trkpt>
   <trkpt lat="-7.2352790" lon="109.2313500">
    <ele>2779.1</ele>
   </trkpt>
   <trkpt lat="-7.2352760" lon="109.2313110">
    <ele>2779.1</ele>
   </trkpt>
   <trkpt lat="-7.2352850" lon="109.2312790">
    <ele>2781.0</ele>
   </trkpt>
   <trkpt lat="-7.2353100" lon="109.2312620">
    <ele>2783.2</ele>
   </trkpt>
   <trkpt lat="-7.2353210" lon="109.2312300">
    <ele>2783.2</ele>
   </trkpt>
   <trkpt lat="-7.2353500" lon="109.2312170">
    <ele>2785.5</ele>
   </trkpt>
   <trkpt lat="-7.2353540" lon="109.2311880">
    <ele>2785.5</ele>
   </trkpt>
   <trkpt lat="-7.2353800" lon="109.2311760">
    <ele>2787.8</ele>
   </trkpt>
   <trkpt lat="-7.2353950" lon="109.2311510">
    <ele>2787.8</ele>
   </trkpt>
   <trkpt lat="-7.2354010" lon="109.2311170">
    <ele>2790.1</ele>
   </trkpt>
   <trkpt lat="-7.2354210" lon="109.2310880">
    <ele>2792.3</ele>
   </trkpt>
   <trkpt lat="-7.2354290" lon="109.2310600">
    <ele>2792.3</ele>
   </trkpt>
   <trkpt lat="-7.2354310" lon="109.2310230">
    <ele>2794.5</ele>
   </trkpt>
   <trkpt lat="-7.2354370" lon="109.2309930">
    <ele>2796.5</ele>
   </trkpt>
   <trkpt lat="-7.2354480" lon="109.2309600">
    <ele>2798.8</ele>
   </trkpt>
   <trkpt lat="-7.2354660" lon="109.2309400">
    <ele>2798.8</ele>
   </trkpt>
   <trkpt lat="-7.2354660" lon="109.2309070">
    <ele>2800.8</ele>
   </trkpt>
   <trkpt lat="-7.2354910" lon="109.2308950">
    <ele>2801.0</ele>
   </trkpt>
   <trkpt lat="-7.2355530" lon="109.2308740">
    <ele>2803.0</ele>
   </trkpt>
   <trkpt lat="-7.2355490" lon="109.2308470">
    <ele>2803.0</ele>
   </trkpt>
   <trkpt lat="-7.2355650" lon="109.2308190">
    <ele>2805.0</ele>
   </trkpt>
   <trkpt lat="-7.2355700" lon="109.2307830">
    <ele>2806.9</ele>
   </trkpt>
   <trkpt lat="-7.2355620" lon="109.2307490">
    <ele>2808.7</ele>
   </trkpt>
   <trkpt lat="-7.2355400" lon="109.2307230">
    <ele>2808.7</ele>
   </trkpt>
   <trkpt lat="-7.2355120" lon="109.2307020">
    <ele>2810.4</ele>
   </trkpt>
   <trkpt lat="-7.2354890" lon="109.2306830">
    <ele>2810.4</ele>
   </trkpt>
   <trkpt lat="-7.2354840" lon="109.2306510">
    <ele>2811.8</ele>
   </trkpt>
   <trkpt lat="-7.2354930" lon="109.2306230">
    <ele>2813.6</ele>
   </trkpt>
   <trkpt lat="-7.2355220" lon="109.2305980">
    <ele>2813.6</ele>
   </trkpt>
   <trkpt lat="-7.2355330" lon="109.2305710">
    <ele>2815.1</ele>
   </trkpt>
   <trkpt lat="-7.2355360" lon="109.2305430">
    <ele>2815.1</ele>
   </trkpt>
   <trkpt lat="-7.2355520" lon="109.2305120">
    <ele>2816.6</ele>
   </trkpt>
   <trkpt lat="-7.2355740" lon="109.2304820">
    <ele>2818.5</ele>
   </trkpt>
   <trkpt lat="-7.2355790" lon="109.2304380">
    <ele>2820.5</ele>
   </trkpt>
   <trkpt lat="-7.2355730" lon="109.2304030">
    <ele>2822.7</ele>
   </trkpt>
   <trkpt lat="-7.2355790" lon="109.2303690">
    <ele>2822.7</ele>
   </trkpt>
   <trkpt lat="-7.2355940" lon="109.2303340">
    <ele>2825.1</ele>
   </trkpt>
   <trkpt lat="-7.2356110" lon="109.2303110">
    <ele>2827.5</ele>
   </trkpt>
   <trkpt lat="-7.2356250" lon="109.2302780">
    <ele>2830.3</ele>
   </trkpt>
   <trkpt lat="-7.2356430" lon="109.2302560">
    <ele>2830.3</ele>
   </trkpt>
   <trkpt lat="-7.2356540" lon="109.2302310">
    <ele>2832.6</ele>
   </trkpt>
   <trkpt lat="-7.2356640" lon="109.2302040">
    <ele>2833.1</ele>
   </trkpt>
   <trkpt lat="-7.2356930" lon="109.2302000">
    <ele>2833.1</ele>
   </trkpt>
   <trkpt lat="-7.2356760" lon="109.2301730">
    <ele>2835.4</ele>
   </trkpt>
   <trkpt lat="-7.2356750" lon="109.2301410">
    <ele>2837.6</ele>
   </trkpt>
   <trkpt lat="-7.2357000" lon="109.2301150">
    <ele>2837.6</ele>
   </trkpt>
   <trkpt lat="-7.2357150" lon="109.2300750">
    <ele>2840.0</ele>
   </trkpt>
   <trkpt lat="-7.2357180" lon="109.2300400">
    <ele>2842.0</ele>
   </trkpt>
   <trkpt lat="-7.2357340" lon="109.2300130">
    <ele>2844.0</ele>
   </trkpt>
   <trkpt lat="-7.2357420" lon="109.2299850">
    <ele>2844.0</ele>
   </trkpt>
   <trkpt lat="-7.2357390" lon="109.2299510">
    <ele>2845.9</ele>
   </trkpt>
   <trkpt lat="-7.2357250" lon="109.2299270">
    <ele>2847.9</ele>
   </trkpt>
   <trkpt lat="-7.2357010" lon="109.2299140">
    <ele>2847.9</ele>
   </trkpt>
   <trkpt lat="-7.2356960" lon="109.2298820">
    <ele>2849.7</ele>
   </trkpt>
   <trkpt lat="-7.2357090" lon="109.2298570">
    <ele>2849.9</ele>
   </trkpt>
   <trkpt lat="-7.2357290" lon="109.2298190">
    <ele>2852.0</ele>
   </trkpt>
   <trkpt lat="-7.2357410" lon="109.2297920">
    <ele>2854.1</ele>
   </trkpt>
   <trkpt lat="-7.2357500" lon="109.2297570">
    <ele>2856.8</ele>
   </trkpt>
   <trkpt lat="-7.2357610" lon="109.2297130">
    <ele>2859.1</ele>
   </trkpt>
   <trkpt lat="-7.2357800" lon="109.2296820">
    <ele>2859.1</ele>
   </trkpt>
   <trkpt lat="-7.2358010" lon="109.2296630">
    <ele>2861.9</ele>
   </trkpt>
   <trkpt lat="-7.2358090" lon="109.2296360">
    <ele>2864.0</ele>
   </trkpt>
   <trkpt lat="-7.2358080" lon="109.2296010">
    <ele>2864.0</ele>
   </trkpt>
   <trkpt lat="-7.2357990" lon="109.2295750">
    <ele>2866.1</ele>
   </trkpt>
   <trkpt lat="-7.2358030" lon="109.2295380">
    <ele>2868.1</ele>
   </trkpt>
   <trkpt lat="-7.2358220" lon="109.2295150">
    <ele>2868.1</ele>
   </trkpt>
   <trkpt lat="-7.2358250" lon="109.2294790">
    <ele>2870.0</ele>
   </trkpt>
   <trkpt lat="-7.2358320" lon="109.2294470">
    <ele>2872.6</ele>
   </trkpt>
   <trkpt lat="-7.2358360" lon="109.2294180">
    <ele>2874.5</ele>
   </trkpt>
   <trkpt lat="-7.2358250" lon="109.2293840">
    <ele>2873.7</ele>
   </trkpt>
   <trkpt lat="-7.2358110" lon="109.2293510">
    <ele>2875.6</ele>
   </trkpt>
   <trkpt lat="-7.2358190" lon="109.2293220">
    <ele>2877.4</ele>
   </trkpt>
   <trkpt lat="-7.2358290" lon="109.2292810">
    <ele>2879.8</ele>
   </trkpt>
   <trkpt lat="-7.2358270" lon="109.2292460">
    <ele>2880.4</ele>
   </trkpt>
   <trkpt lat="-7.2358220" lon="109.2292190">
    <ele>2880.4</ele>
   </trkpt>
   <trkpt lat="-7.2358200" lon="109.2291910">
    <ele>2881.6</ele>
   </trkpt>
   <trkpt lat="-7.2358240" lon="109.2291630">
    <ele>2882.7</ele>
   </trkpt>
   <trkpt lat="-7.2358330" lon="109.2291350">
    <ele>2883.7</ele>
   </trkpt>
   <trkpt lat="-7.2358060" lon="109.2291290">
    <ele>2882.7</ele>
   </trkpt>
   <trkpt lat="-7.2357860" lon="109.2290940">
    <ele>2883.8</ele>
   </trkpt>
   <trkpt lat="-7.2357710" lon="109.2290610">
    <ele>2883.8</ele>
   </trkpt>
   <trkpt lat="-7.2357570" lon="109.2290310">
    <ele>2885.0</ele>
   </trkpt>
   <trkpt lat="-7.2357540" lon="109.2290020">
    <ele>2885.0</ele>
   </trkpt>
   <trkpt lat="-7.2357480" lon="109.2289700">
    <ele>2886.4</ele>
   </trkpt>
   <trkpt lat="-7.2357460" lon="109.2289430">
    <ele>2887.9</ele>
   </trkpt>
   <trkpt lat="-7.2357490" lon="109.2289030">
    <ele>2889.3</ele>
   </trkpt>
   <trkpt lat="-7.2357830" lon="109.2288790">
    <ele>2889.3</ele>
   </trkpt>
   <trkpt lat="-7.2358090" lon="109.2288670">
    <ele>2890.9</ele>
   </trkpt>
   <trkpt lat="-7.2358360" lon="109.2288600">
    <ele>2893.8</ele>
   </trkpt>
   <trkpt lat="-7.2358730" lon="109.2288430">
    <ele>2894.9</ele>
   </trkpt>
   <trkpt lat="-7.2359020" lon="109.2288240">
    <ele>2894.9</ele>
   </trkpt>
   <trkpt lat="-7.2359290" lon="109.2288270">
    <ele>2895.8</ele>
   </trkpt>
   <trkpt lat="-7.2359610" lon="109.2288160">
    <ele>2898.2</ele>
   </trkpt>
   <trkpt lat="-7.2359690" lon="109.2287870">
    <ele>2898.2</ele>
   </trkpt>
   <trkpt lat="-7.2359700" lon="109.2287540">
    <ele>2900.2</ele>
   </trkpt>
   <trkpt lat="-7.2359730" lon="109.2287230">
    <ele>2902.2</ele>
   </trkpt>
   <trkpt lat="-7.2359890" lon="109.2286990">
    <ele>2902.2</ele>
   </trkpt>
   <trkpt lat="-7.2359980" lon="109.2286600">
    <ele>2904.2</ele>
   </trkpt>
   <trkpt lat="-7.2360110" lon="109.2286310">
    <ele>2906.8</ele>
   </trkpt>
   <trkpt lat="-7.2359890" lon="109.2286140">
    <ele>2906.1</ele>
   </trkpt>
   <trkpt lat="-7.2360080" lon="109.2285750">
    <ele>2908.7</ele>
   </trkpt>
   <trkpt lat="-7.2360180" lon="109.2285380">
    <ele>2910.4</ele>
   </trkpt>
   <trkpt lat="-7.2360250" lon="109.2285090">
    <ele>2911.9</ele>
   </trkpt>
   <trkpt lat="-7.2360290" lon="109.2284800">
    <ele>2911.9</ele>
   </trkpt>
   <trkpt lat="-7.2360290" lon="109.2284490">
    <ele>2913.4</ele>
   </trkpt>
   <trkpt lat="-7.2360170" lon="109.2284220">
    <ele>2914.9</ele>
   </trkpt>
   <trkpt lat="-7.2360410" lon="109.2284050">
    <ele>2914.9</ele>
   </trkpt>
   <trkpt lat="-7.2360680" lon="109.2283970">
    <ele>2915.1</ele>
   </trkpt>
   <trkpt lat="-7.2360860" lon="109.2283760">
    <ele>2916.9</ele>
   </trkpt>
   <trkpt lat="-7.2360960" lon="109.2283410">
    <ele>2918.8</ele>
   </trkpt>
   <trkpt lat="-7.2361250" lon="109.2283220">
    <ele>2918.8</ele>
   </trkpt>
   <trkpt lat="-7.2361460" lon="109.2283020">
    <ele>2921.4</ele>
   </trkpt>
   <trkpt lat="-7.2361620" lon="109.2282660">
    <ele>2921.4</ele>
   </trkpt>
   <trkpt lat="-7.2361780" lon="109.2282440">
    <ele>2924.2</ele>
   </trkpt>
   <trkpt lat="-7.2362150" lon="109.2282240">
    <ele>2924.8</ele>
   </trkpt>
   <trkpt lat="-7.2362400" lon="109.2282060">
    <ele>2927.1</ele>
   </trkpt>
   <trkpt lat="-7.2362100" lon="109.2282070">
    <ele>2926.4</ele>
   </trkpt>
   <trkpt lat="-7.2362170" lon="109.2281800">
    <ele>2927.1</ele>
   </trkpt>
   <trkpt lat="-7.2362460" lon="109.2281530">
    <ele>2929.4</ele>
   </trkpt>
   <trkpt lat="-7.2362710" lon="109.2281180">
    <ele>2932.2</ele>
   </trkpt>
   <trkpt lat="-7.2362850" lon="109.2280900">
    <ele>2934.3</ele>
   </trkpt>
   <trkpt lat="-7.2363130" lon="109.2280740">
    <ele>2934.5</ele>
   </trkpt>
   <trkpt lat="-7.2363340" lon="109.2280560">
    <ele>2934.5</ele>
   </trkpt>
   <trkpt lat="-7.2363390" lon="109.2280260">
    <ele>2936.6</ele>
   </trkpt>
   <trkpt lat="-7.2363590" lon="109.2280060">
    <ele>2936.7</ele>
   </trkpt>
   <trkpt lat="-7.2363760" lon="109.2279790">
    <ele>2938.8</ele>
   </trkpt>
   <trkpt lat="-7.2363940" lon="109.2279530">
    <ele>2940.8</ele>
   </trkpt>
   <trkpt lat="-7.2364260" lon="109.2279170">
    <ele>2942.5</ele>
   </trkpt>
   <trkpt lat="-7.2364510" lon="109.2278970">
    <ele>2942.5</ele>
   </trkpt>
   <trkpt lat="-7.2364570" lon="109.2278680">
    <ele>2944.1</ele>
   </trkpt>
   <trkpt lat="-7.2364490" lon="109.2278380">
    <ele>2944.1</ele>
   </trkpt>
   <trkpt lat="-7.2364380" lon="109.2278120">
    <ele>2945.5</ele>
   </trkpt>
   <trkpt lat="-7.2364430" lon="109.2277840">
    <ele>2946.7</ele>
   </trkpt>
   <trkpt lat="-7.2364510" lon="109.2277550">
    <ele>2946.7</ele>
   </trkpt>
   <trkpt lat="-7.2364600" lon="109.2277220">
    <ele>2948.0</ele>
   </trkpt>
   <trkpt lat="-7.2364730" lon="109.2276920">
    <ele>2949.3</ele>
   </trkpt>
   <trkpt lat="-7.2364880" lon="109.2276630">
    <ele>2949.3</ele>
   </trkpt>
   <trkpt lat="-7.2364930" lon="109.2276290">
    <ele>2951.2</ele>
   </trkpt>
   <trkpt lat="-7.2365060" lon="109.2275980">
    <ele>2953.2</ele>
   </trkpt>
   <trkpt lat="-7.2365260" lon="109.2275740">
    <ele>2954.9</ele>
   </trkpt>
   <trkpt lat="-7.2365290" lon="109.2275450">
    <ele>2954.9</ele>
   </trkpt>
   <trkpt lat="-7.2365170" lon="109.2275200">
    <ele>2956.8</ele>
   </trkpt>
   <trkpt lat="-7.2365170" lon="109.2274860">
    <ele>2958.6</ele>
   </trkpt>
   <trkpt lat="-7.2365330" lon="109.2274550">
    <ele>2958.6</ele>
   </trkpt>
   <trkpt lat="-7.2365570" lon="109.2274310">
    <ele>2959.7</ele>
   </trkpt>
   <trkpt lat="-7.2365730" lon="109.2273960">
    <ele>2961.5</ele>
   </trkpt>
   <trkpt lat="-7.2366040" lon="109.2273760">
    <ele>2960.9</ele>
   </trkpt>
   <trkpt lat="-7.2366180" lon="109.2273480">
    <ele>2962.9</ele>
   </trkpt>
   <trkpt lat="-7.2366340" lon="109.2273160">
    <ele>2965.0</ele>
   </trkpt>
   <trkpt lat="-7.2366460" lon="109.2272880">
    <ele>2964.6</ele>
   </trkpt>
   <trkpt lat="-7.2366730" lon="109.2272720">
    <ele>2967.0</ele>
   </trkpt>
   <trkpt lat="-7.2367060" lon="109.2272640">
    <ele>2966.8</ele>
   </trkpt>
   <trkpt lat="-7.2367060" lon="109.2272370">
    <ele>2966.8</ele>
   </trkpt>
   <trkpt lat="-7.2367160" lon="109.2271980">
    <ele>2969.6</ele>
   </trkpt>
   <trkpt lat="-7.2367130" lon="109.2271680">
    <ele>2972.8</ele>
   </trkpt>
   <trkpt lat="-7.2367110" lon="109.2271340">
    <ele>2976.3</ele>
   </trkpt>
   <trkpt lat="-7.2367140" lon="109.2271010">
    <ele>2979.9</ele>
   </trkpt>
   <trkpt lat="-7.2367370" lon="109.2270840">
    <ele>2980.1</ele>
   </trkpt>
   <trkpt lat="-7.2367530" lon="109.2270510">
    <ele>2983.7</ele>
   </trkpt>
   <trkpt lat="-7.2367660" lon="109.2270090">
    <ele>2987.0</ele>
   </trkpt>
   <trkpt lat="-7.2367710" lon="109.2269800">
    <ele>2987.0</ele>
   </trkpt>
   <trkpt lat="-7.2367950" lon="109.2269660">
    <ele>2989.8</ele>
   </trkpt>
   <trkpt lat="-7.2368120" lon="109.2269400">
    <ele>2989.7</ele>
   </trkpt>
   <trkpt lat="-7.2368280" lon="109.2269080">
    <ele>2992.2</ele>
   </trkpt>
   <trkpt lat="-7.2368390" lon="109.2268810">
    <ele>2994.5</ele>
   </trkpt>
   <trkpt lat="-7.2368530" lon="109.2268440">
    <ele>2996.8</ele>
   </trkpt>
   <trkpt lat="-7.2368750" lon="109.2268140">
    <ele>2996.8</ele>
   </trkpt>
   <trkpt lat="-7.2369030" lon="109.2268110">
    <ele>2996.5</ele>
   </trkpt>
   <trkpt lat="-7.2369220" lon="109.2267900">
    <ele>2999.2</ele>
   </trkpt>
   <trkpt lat="-7.2369170" lon="109.2267560">
    <ele>3002.1</ele>
   </trkpt>
   <trkpt lat="-7.2369150" lon="109.2267180">
    <ele>3002.1</ele>
   </trkpt>
   <trkpt lat="-7.2369280" lon="109.2266850">
    <ele>3005.0</ele>
   </trkpt>
   <trkpt lat="-7.2369560" lon="109.2266680">
    <ele>3007.8</ele>
   </trkpt>
   <trkpt lat="-7.2369700" lon="109.2266340">
    <ele>3007.8</ele>
   </trkpt>
   <trkpt lat="-7.2369640" lon="109.2266070">
    <ele>3010.5</ele>
   </trkpt>
   <trkpt lat="-7.2369420" lon="109.2265820">
    <ele>3013.2</ele>
   </trkpt>
   <trkpt lat="-7.2369480" lon="109.2265490">
    <ele>3013.2</ele>
   </trkpt>
   <trkpt lat="-7.2369600" lon="109.2265230">
    <ele>3015.7</ele>
   </trkpt>
   <trkpt lat="-7.2369630" lon="109.2264910">
    <ele>3018.3</ele>
   </trkpt>
   <trkpt lat="-7.2369740" lon="109.2264660">
    <ele>3018.3</ele>
   </trkpt>
   <trkpt lat="-7.2369650" lon="109.2264400">
    <ele>3020.8</ele>
   </trkpt>
   <trkpt lat="-7.2369620" lon="109.2264090">
    <ele>3023.4</ele>
   </trkpt>
   <trkpt lat="-7.2369750" lon="109.2263810">
    <ele>3023.4</ele>
   </trkpt>
   <trkpt lat="-7.2369960" lon="109.2263580">
    <ele>3026.3</ele>
   </trkpt>
   <trkpt lat="-7.2370070" lon="109.2263320">
    <ele>3026.3</ele>
   </trkpt>
   <trkpt lat="-7.2370210" lon="109.2263010">
    <ele>3028.8</ele>
   </trkpt>
   <trkpt lat="-7.2370310" lon="109.2262740">
    <ele>3031.6</ele>
   </trkpt>
   <trkpt lat="-7.2370440" lon="109.2262470">
    <ele>3031.6</ele>
   </trkpt>
   <trkpt lat="-7.2370440" lon="109.2262130">
    <ele>3034.3</ele>
   </trkpt>
   <trkpt lat="-7.2370260" lon="109.2261880">
    <ele>3037.0</ele>
   </trkpt>
   <trkpt lat="-7.2370160" lon="109.2261590">
    <ele>3039.4</ele>
   </trkpt>
   <trkpt lat="-7.2370220" lon="109.2261310">
    <ele>3039.6</ele>
   </trkpt>
   <trkpt lat="-7.2370520" lon="109.2260920">
    <ele>3042.1</ele>
   </trkpt>
   <trkpt lat="-7.2370780" lon="109.2260850">
    <ele>3042.1</ele>
   </trkpt>
   <trkpt lat="-7.2371160" lon="109.2261020">
    <ele>3041.9</ele>
   </trkpt>
   <trkpt lat="-7.2371260" lon="109.2261290">
    <ele>3039.1</ele>
   </trkpt>
   <trkpt lat="-7.2371130" lon="109.2261590">
    <ele>3039.1</ele>
   </trkpt>
   <trkpt lat="-7.2370980" lon="109.2261880">
    <ele>3036.7</ele>
   </trkpt>
   <trkpt lat="-7.2370790" lon="109.2262100">
    <ele>3033.9</ele>
   </trkpt>
   <trkpt lat="-7.2370330" lon="109.2262200">
    <ele>3034.3</ele>
   </trkpt>
   <trkpt lat="-7.2370490" lon="109.2261850">
    <ele>3037.0</ele>
   </trkpt>
   <trkpt lat="-7.2370850" lon="109.2261860">
    <ele>3036.7</ele>
   </trkpt>
   <trkpt lat="-7.2371130" lon="109.2261880">
    <ele>3036.2</ele>
   </trkpt>
   <trkpt lat="-7.2370850" lon="109.2261890">
    <ele>3036.7</ele>
   </trkpt>
   <trkpt lat="-7.2370590" lon="109.2261640">
    <ele>3037.0</ele>
   </trkpt>
   <trkpt lat="-7.2370160" lon="109.2261410">
    <ele>3039.4</ele>
   </trkpt>
   <trkpt lat="-7.2370320" lon="109.2261630">
    <ele>3037.0</ele>
   </trkpt>
   <trkpt lat="-7.2370160" lon="109.2261350">
    <ele>3039.4</ele>
   </trkpt>
   <trkpt lat="-7.2370090" lon="109.2261030">
    <ele>3041.8</ele>
   </trkpt>
   <trkpt lat="-7.2370200" lon="109.2260660">
    <ele>3045.4</ele>
   </trkpt>
   <trkpt lat="-7.2370330" lon="109.2260380">
    <ele>3046.0</ele>
   </trkpt>
   <trkpt lat="-7.2370420" lon="109.2260080">
    <ele>3048.3</ele>
   </trkpt>
   <trkpt lat="-7.2370650" lon="109.2259800">
    <ele>3051.1</ele>
   </trkpt>
   <trkpt lat="-7.2370820" lon="109.2259580">
    <ele>3051.1</ele>
   </trkpt>
   <trkpt lat="-7.2370850" lon="109.2259270">
    <ele>3053.4</ele>
   </trkpt>
   <trkpt lat="-7.2370830" lon="109.2258930">
    <ele>3055.7</ele>
   </trkpt>
   <trkpt lat="-7.2371110" lon="109.2258670">
    <ele>3056.4</ele>
   </trkpt>
   <trkpt lat="-7.2371400" lon="109.2258600">
    <ele>3056.4</ele>
   </trkpt>
   <trkpt lat="-7.2371510" lon="109.2258340">
    <ele>3059.6</ele>
   </trkpt>
   <trkpt lat="-7.2371340" lon="109.2258060">
    <ele>3061.3</ele>
   </trkpt>
   <trkpt lat="-7.2371500" lon="109.2257800">
    <ele>3062.1</ele>
   </trkpt>
   <trkpt lat="-7.2371550" lon="109.2257510">
    <ele>3064.4</ele>
   </trkpt>
   <trkpt lat="-7.2371780" lon="109.2257250">
    <ele>3066.6</ele>
   </trkpt>
   <trkpt lat="-7.2372030" lon="109.2257080">
    <ele>3067.3</ele>
   </trkpt>
   <trkpt lat="-7.2372100" lon="109.2256790">
    <ele>3069.2</ele>
   </trkpt>
   <trkpt lat="-7.2371930" lon="109.2256490">
    <ele>3069.2</ele>
   </trkpt>
   <trkpt lat="-7.2371820" lon="109.2256170">
    <ele>3070.0</ele>
   </trkpt>
   <trkpt lat="-7.2371780" lon="109.2255840">
    <ele>3071.3</ele>
   </trkpt>
   <trkpt lat="-7.2371860" lon="109.2255450">
    <ele>3072.5</ele>
   </trkpt>
   <trkpt lat="-7.2371920" lon="109.2255090">
    <ele>3075.0</ele>
   </trkpt>
   <trkpt lat="-7.2372000" lon="109.2254770">
    <ele>3075.0</ele>
   </trkpt>
   <trkpt lat="-7.2372000" lon="109.2254380">
    <ele>3076.2</ele>
   </trkpt>
   <trkpt lat="-7.2372060" lon="109.2254110">
    <ele>3077.4</ele>
   </trkpt>
   <trkpt lat="-7.2372250" lon="109.2253920">
    <ele>3077.4</ele>
   </trkpt>
   <trkpt lat="-7.2372150" lon="109.2253610">
    <ele>3078.6</ele>
   </trkpt>
   <trkpt lat="-7.2372040" lon="109.2253360">
    <ele>3079.9</ele>
   </trkpt>
   <trkpt lat="-7.2372090" lon="109.2253080">
    <ele>3079.9</ele>
   </trkpt>
   <trkpt lat="-7.2372070" lon="109.2252790">
    <ele>3081.2</ele>
   </trkpt>
   <trkpt lat="-7.2372080" lon="109.2252520">
    <ele>3082.6</ele>
   </trkpt>
   <trkpt lat="-7.2372240" lon="109.2252130">
    <ele>3084.1</ele>
   </trkpt>
   <trkpt lat="-7.2372410" lon="109.2251890">
    <ele>3085.8</ele>
   </trkpt>
   <trkpt lat="-7.2372670" lon="109.2251810">
    <ele>3085.8</ele>
   </trkpt>
   <trkpt lat="-7.2372940" lon="109.2251790">
    <ele>3087.6</ele>
   </trkpt>
   <trkpt lat="-7.2373060" lon="109.2251520">
    <ele>3089.2</ele>
   </trkpt>
   <trkpt lat="-7.2373110" lon="109.2251240">
    <ele>3091.0</ele>
   </trkpt>
   <trkpt lat="-7.2373220" lon="109.2250950">
    <ele>3092.7</ele>
   </trkpt>
   <trkpt lat="-7.2373390" lon="109.2250700">
    <ele>3094.6</ele>
   </trkpt>
   <trkpt lat="-7.2373370" lon="109.2250410">
    <ele>3096.7</ele>
   </trkpt>
   <trkpt lat="-7.2373520" lon="109.2250150">
    <ele>3096.7</ele>
   </trkpt>
   <trkpt lat="-7.2373550" lon="109.2249880">
    <ele>3098.9</ele>
   </trkpt>
   <trkpt lat="-7.2373710" lon="109.2249550">
    <ele>3102.9</ele>
   </trkpt>
   <trkpt lat="-7.2373770" lon="109.2249190">
    <ele>3102.9</ele>
   </trkpt>
   <trkpt lat="-7.2373820" lon="109.2248850">
    <ele>3105.4</ele>
   </trkpt>
   <trkpt lat="-7.2374050" lon="109.2248700">
    <ele>3109.6</ele>
   </trkpt>
   <trkpt lat="-7.2373890" lon="109.2248390">
    <ele>3107.9</ele>
   </trkpt>
   <trkpt lat="-7.2373690" lon="109.2248160">
    <ele>3110.4</ele>
   </trkpt>
   <trkpt lat="-7.2373770" lon="109.2247800">
    <ele>3113.0</ele>
   </trkpt>
   <trkpt lat="-7.2373850" lon="109.2247520">
    <ele>3113.0</ele>
   </trkpt>
   <trkpt lat="-7.2373940" lon="109.2247250">
    <ele>3115.5</ele>
   </trkpt>
   <trkpt lat="-7.2374070" lon="109.2246990">
    <ele>3119.7</ele>
   </trkpt>
   <trkpt lat="-7.2373770" lon="109.2247060">
    <ele>3115.5</ele>
   </trkpt>
   <trkpt lat="-7.2373520" lon="109.2246870">
    <ele>3116.3</ele>
   </trkpt>
   <trkpt lat="-7.2373490" lon="109.2246570">
    <ele>3118.8</ele>
   </trkpt>
   <trkpt lat="-7.2373490" lon="109.2246240">
    <ele>3118.8</ele>
   </trkpt>
   <trkpt lat="-7.2373620" lon="109.2245960">
    <ele>3122.9</ele>
   </trkpt>
   <trkpt lat="-7.2373870" lon="109.2246070">
    <ele>3122.9</ele>
   </trkpt>
   <trkpt lat="-7.2374060" lon="109.2245750">
    <ele>3124.6</ele>
   </trkpt>
   <trkpt lat="-7.2374180" lon="109.2245470">
    <ele>3127.1</ele>
   </trkpt>
   <trkpt lat="-7.2373990" lon="109.2245270">
    <ele>3127.9</ele>
   </trkpt>
   <trkpt lat="-7.2374170" lon="109.2245010">
    <ele>3129.6</ele>
   </trkpt>
   <trkpt lat="-7.2374340" lon="109.2244790">
    <ele>3132.1</ele>
   </trkpt>
   <trkpt lat="-7.2374630" lon="109.2244720">
    <ele>3133.9</ele>
   </trkpt>
   <trkpt lat="-7.2374900" lon="109.2244830">
    <ele>3135.7</ele>
   </trkpt>
   <trkpt lat="-7.2375100" lon="109.2244610">
    <ele>3135.7</ele>
   </trkpt>
   <trkpt lat="-7.2375010" lon="109.2244250">
    <ele>3138.2</ele>
   </trkpt>
   <trkpt lat="-7.2375080" lon="109.2243870">
    <ele>3140.6</ele>
   </trkpt>
   <trkpt lat="-7.2375280" lon="109.2243570">
    <ele>3142.9</ele>
   </trkpt>
   <trkpt lat="-7.2375550" lon="109.2243320">
    <ele>3144.4</ele>
   </trkpt>
   <trkpt lat="-7.2375660" lon="109.2243010">
    <ele>3146.6</ele>
   </trkpt>
   <trkpt lat="-7.2375870" lon="109.2242780">
    <ele>3148.0</ele>
   </trkpt>
   <trkpt lat="-7.2376010" lon="109.2242450">
    <ele>3150.1</ele>
   </trkpt>
   <trkpt lat="-7.2376290" lon="109.2242370">
    <ele>3151.3</ele>
   </trkpt>
   <trkpt lat="-7.2376120" lon="109.2242590">
    <ele>3150.1</ele>
   </trkpt>
   <trkpt lat="-7.2376290" lon="109.2242270">
    <ele>3153.2</ele>
   </trkpt>
   <trkpt lat="-7.2376530" lon="109.2242110">
    <ele>3153.2</ele>
   </trkpt>
   <trkpt lat="-7.2376810" lon="109.2242140">
    <ele>3154.3</ele>
   </trkpt>
   <trkpt lat="-7.2376990" lon="109.2241920">
    <ele>3154.3</ele>
   </trkpt>
   <trkpt lat="-7.2377190" lon="109.2241680">
    <ele>3157.0</ele>
   </trkpt>
   <trkpt lat="-7.2377490" lon="109.2241660">
    <ele>3158.1</ele>
   </trkpt>
   <trkpt lat="-7.2377800" lon="109.2241640">
    <ele>3158.1</ele>
   </trkpt>
   <trkpt lat="-7.2378130" lon="109.2241480">
    <ele>3159.4</ele>
   </trkpt>
   <trkpt lat="-7.2378410" lon="109.2241480">
    <ele>3160.8</ele>
   </trkpt>
   <trkpt lat="-7.2378340" lon="109.2241180">
    <ele>3162.8</ele>
   </trkpt>
   <trkpt lat="-7.2378450" lon="109.2240880">
    <ele>3164.9</ele>
   </trkpt>
   <trkpt lat="-7.2378500" lon="109.2240570">
    <ele>3167.2</ele>
   </trkpt>
   <trkpt lat="-7.2378830" lon="109.2240650">
    <ele>3166.6</ele>
   </trkpt>
   <trkpt lat="-7.2379130" lon="109.2240660">
    <ele>3166.6</ele>
   </trkpt>
   <trkpt lat="-7.2379290" lon="109.2240350">
    <ele>3170.5</ele>
   </trkpt>
   <trkpt lat="-7.2379230" lon="109.2239970">
    <ele>3172.8</ele>
   </trkpt>
   <trkpt lat="-7.2379160" lon="109.2239550">
    <ele>3175.0</ele>
   </trkpt>
   <trkpt lat="-7.2379350" lon="109.2239340">
    <ele>3175.0</ele>
   </trkpt>
   <trkpt lat="-7.2379550" lon="109.2239140">
    <ele>3177.2</ele>
   </trkpt>
   <trkpt lat="-7.2379640" lon="109.2238870">
    <ele>3178.7</ele>
   </trkpt>
   <trkpt lat="-7.2379980" lon="109.2238880">
    <ele>3178.7</ele>
   </trkpt>
   <trkpt lat="-7.2380150" lon="109.2238660">
    <ele>3182.2</ele>
   </trkpt>
   <trkpt lat="-7.2380300" lon="109.2238400">
    <ele>3184.1</ele>
   </trkpt>
   <trkpt lat="-7.2380610" lon="109.2238300">
    <ele>3185.6</ele>
   </trkpt>
   <trkpt lat="-7.2380770" lon="109.2238020">
    <ele>3185.6</ele>
   </trkpt>
   <trkpt lat="-7.2380820" lon="109.2237700">
    <ele>3187.5</ele>
   </trkpt>
   <trkpt lat="-7.2380940" lon="109.2237450">
    <ele>3191.2</ele>
   </trkpt>
   <trkpt lat="-7.2381000" lon="109.2237150">
    <ele>3191.2</ele>
   </trkpt>
   <trkpt lat="-7.2381090" lon="109.2236830">
    <ele>3193.5</ele>
   </trkpt>
   <trkpt lat="-7.2381310" lon="109.2236620">
    <ele>3198.0</ele>
   </trkpt>
   <trkpt lat="-7.2381500" lon="109.2236400">
    <ele>3198.0</ele>
   </trkpt>
   <trkpt lat="-7.2381440" lon="109.2236060">
    <ele>3200.6</ele>
   </trkpt>
   <trkpt lat="-7.2381560" lon="109.2235780">
    <ele>3203.1</ele>
   </trkpt>
   <trkpt lat="-7.2381610" lon="109.2235490">
    <ele>3203.1</ele>
   </trkpt>
   <trkpt lat="-7.2381720" lon="109.2235240">
    <ele>3208.0</ele>
   </trkpt>
   <trkpt lat="-7.2381970" lon="109.2235140">
    <ele>3208.0</ele>
   </trkpt>
   <trkpt lat="-7.2382210" lon="109.2234980">
    <ele>3212.7</ele>
   </trkpt>
   <trkpt lat="-7.2382370" lon="109.2234720">
    <ele>3212.7</ele>
   </trkpt>
   <trkpt lat="-7.2382620" lon="109.2234520">
    <ele>3217.2</ele>
   </trkpt>
   <trkpt lat="-7.2382670" lon="109.2234240">
    <ele>3217.2</ele>
   </trkpt>
   <trkpt lat="-7.2382920" lon="109.2234110">
    <ele>3219.3</ele>
   </trkpt>
   <trkpt lat="-7.2383110" lon="109.2233900">
    <ele>3221.5</ele>
   </trkpt>
   <trkpt lat="-7.2383300" lon="109.2233690">
    <ele>3223.5</ele>
   </trkpt>
   <trkpt lat="-7.2383500" lon="109.2233450">
    <ele>3225.6</ele>
   </trkpt>
   <trkpt lat="-7.2383730" lon="109.2233260">
    <ele>3227.4</ele>
   </trkpt>
   <trkpt lat="-7.2383810" lon="109.2232980">
    <ele>3227.4</ele>
   </trkpt>
   <trkpt lat="-7.2383860" lon="109.2232700">
    <ele>3231.2</ele>
   </trkpt>
   <trkpt lat="-7.2384000" lon="109.2232430">
    <ele>3231.2</ele>
   </trkpt>
   <trkpt lat="-7.2383950" lon="109.2232100">
    <ele>3232.9</ele>
   </trkpt>
   <trkpt lat="-7.2384090" lon="109.2231820">
    <ele>3234.7</ele>
   </trkpt>
   <trkpt lat="-7.2384270" lon="109.2231530">
    <ele>3238.6</ele>
   </trkpt>
   <trkpt lat="-7.2384540" lon="109.2231370">
    <ele>3238.6</ele>
   </trkpt>
   <trkpt lat="-7.2384700" lon="109.2231100">
    <ele>3242.3</ele>
   </trkpt>
   <trkpt lat="-7.2384870" lon="109.2230870">
    <ele>3242.3</ele>
   </trkpt>
   <trkpt lat="-7.2385010" lon="109.2230610">
    <ele>3243.9</ele>
   </trkpt>
   <trkpt lat="-7.2385190" lon="109.2230390">
    <ele>3245.7</ele>
   </trkpt>
   <trkpt lat="-7.2385430" lon="109.2230240">
    <ele>3247.4</ele>
   </trkpt>
   <trkpt lat="-7.2385700" lon="109.2230130">
    <ele>3249.2</ele>
   </trkpt>
   <trkpt lat="-7.2385850" lon="109.2229890">
    <ele>3249.2</ele>
   </trkpt>
   <trkpt lat="-7.2386110" lon="109.2229760">
    <ele>3253.0</ele>
   </trkpt>
   <trkpt lat="-7.2386200" lon="109.2229460">
    <ele>3253.0</ele>
   </trkpt>
   <trkpt lat="-7.2386260" lon="109.2229090">
    <ele>3255.1</ele>
   </trkpt>
   <trkpt lat="-7.2386230" lon="109.2228780">
    <ele>3257.2</ele>
   </trkpt>
   <trkpt lat="-7.2386210" lon="109.2228470">
    <ele>3259.3</ele>
   </trkpt>
   <trkpt lat="-7.2386480" lon="109.2228420">
    <ele>3261.2</ele>
   </trkpt>
   <trkpt lat="-7.2386740" lon="109.2228280">
    <ele>3261.2</ele>
   </trkpt>
   <trkpt lat="-7.2386790" lon="109.2227950">
    <ele>3263.5</ele>
   </trkpt>
   <trkpt lat="-7.2386890" lon="109.2227700">
    <ele>3265.2</ele>
   </trkpt>
   <trkpt lat="-7.2386620" lon="109.2227640">
    <ele>3265.9</ele>
   </trkpt>
   <trkpt lat="-7.2386630" lon="109.2227350">
    <ele>3265.9</ele>
   </trkpt>
   <trkpt lat="-7.2386810" lon="109.2227040">
    <ele>3270.4</ele>
   </trkpt>
   <trkpt lat="-7.2387010" lon="109.2226850">
    <ele>3270.4</ele>
   </trkpt>
   <trkpt lat="-7.2387290" lon="109.2226670">
    <ele>3275.1</ele>
   </trkpt>
   <trkpt lat="-7.2387500" lon="109.2226350">
    <ele>3278.5</ele>
   </trkpt>
   <trkpt lat="-7.2387640" lon="109.2226100">
    <ele>3278.5</ele>
   </trkpt>
   <trkpt lat="-7.2387700" lon="109.2225830">
    <ele>3283.3</ele>
   </trkpt>
   <trkpt lat="-7.2387760" lon="109.2225560">
    <ele>3283.3</ele>
   </trkpt>
   <trkpt lat="-7.2388000" lon="109.2225390">
    <ele>3286.5</ele>
   </trkpt>
   <trkpt lat="-7.2388160" lon="109.2225110">
    <ele>3290.7</ele>
   </trkpt>
   <trkpt lat="-7.2388350" lon="109.2224910">
    <ele>3290.7</ele>
   </trkpt>
   <trkpt lat="-7.2388250" lon="109.2224640">
    <ele>3293.7</ele>
   </trkpt>
   <trkpt lat="-7.2388400" lon="109.2224400">
    <ele>3293.7</ele>
   </trkpt>
   <trkpt lat="-7.2388670" lon="109.2224390">
    <ele>3294.9</ele>
   </trkpt>
   <trkpt lat="-7.2388950" lon="109.2224410">
    <ele>3295.9</ele>
   </trkpt>
   <trkpt lat="-7.2389230" lon="109.2224340">
    <ele>3295.9</ele>
   </trkpt>
   <trkpt lat="-7.2389360" lon="109.2224100">
    <ele>3299.1</ele>
   </trkpt>
   <trkpt lat="-7.2389410" lon="109.2223820">
    <ele>3303.3</ele>
   </trkpt>
   <trkpt lat="-7.2389570" lon="109.2223600">
    <ele>3303.3</ele>
   </trkpt>
   <trkpt lat="-7.2389820" lon="109.2223380">
    <ele>3307.1</ele>
   </trkpt>
   <trkpt lat="-7.2389920" lon="109.2223120">
    <ele>3307.1</ele>
   </trkpt>
   <trkpt lat="-7.2390120" lon="109.2222900">
    <ele>3309.9</ele>
   </trkpt>
   <trkpt lat="-7.2390270" lon="109.2222640">
    <ele>3310.6</ele>
   </trkpt>
   <trkpt lat="-7.2390500" lon="109.2222420">
    <ele>3313.2</ele>
   </trkpt>
   <trkpt lat="-7.2390680" lon="109.2222170">
    <ele>3313.7</ele>
   </trkpt>
   <trkpt lat="-7.2390820" lon="109.2221890">
    <ele>3316.2</ele>
   </trkpt>
   <trkpt lat="-7.2390800" lon="109.2221580">
    <ele>3318.5</ele>
   </trkpt>
   <trkpt lat="-7.2390910" lon="109.2221320">
    <ele>3318.5</ele>
   </trkpt>
   <trkpt lat="-7.2390920" lon="109.2221040">
    <ele>3320.7</ele>
   </trkpt>
   <trkpt lat="-7.2391040" lon="109.2220720">
    <ele>3322.8</ele>
   </trkpt>
   <trkpt lat="-7.2391230" lon="109.2220510">
    <ele>3323.3</ele>
   </trkpt>
   <trkpt lat="-7.2391270" lon="109.2220230">
    <ele>3325.4</ele>
   </trkpt>
   <trkpt lat="-7.2391300" lon="109.2219910">
    <ele>3327.5</ele>
   </trkpt>
   <trkpt lat="-7.2391460" lon="109.2219630">
    <ele>3327.5</ele>
   </trkpt>
   <trkpt lat="-7.2391770" lon="109.2219500">
    <ele>3330.5</ele>
   </trkpt>
   <trkpt lat="-7.2392070" lon="109.2219360">
    <ele>3331.2</ele>
   </trkpt>
   <trkpt lat="-7.2392300" lon="109.2219220">
    <ele>3331.2</ele>
   </trkpt>
   <trkpt lat="-7.2392520" lon="109.2219060">
    <ele>3334.5</ele>
   </trkpt>
   <trkpt lat="-7.2392590" lon="109.2218800">
    <ele>3334.5</ele>
   </trkpt>
   <trkpt lat="-7.2392740" lon="109.2218540">
    <ele>3337.6</ele>
   </trkpt>
   <trkpt lat="-7.2392820" lon="109.2218270">
    <ele>3337.8</ele>
   </trkpt>
   <trkpt lat="-7.2392750" lon="109.2218000">
    <ele>3340.9</ele>
   </trkpt>
   <trkpt lat="-7.2392980" lon="109.2217820">
    <ele>3344.4</ele>
   </trkpt>
   <trkpt lat="-7.2393050" lon="109.2217480">
    <ele>3344.4</ele>
   </trkpt>
   <trkpt lat="-7.2393160" lon="109.2217220">
    <ele>3347.6</ele>
   </trkpt>
   <trkpt lat="-7.2393360" lon="109.2216990">
    <ele>3347.6</ele>
   </trkpt>
   <trkpt lat="-7.2393600" lon="109.2216760">
    <ele>3350.7</ele>
   </trkpt>
   <trkpt lat="-7.2393680" lon="109.2216480">
    <ele>3353.4</ele>
   </trkpt>
   <trkpt lat="-7.2393760" lon="109.2216140">
    <ele>3353.4</ele>
   </trkpt>
   <trkpt lat="-7.2393930" lon="109.2215910">
    <ele>3356.2</ele>
   </trkpt>
   <trkpt lat="-7.2393760" lon="109.2215690">
    <ele>3356.2</ele>
   </trkpt>
   <trkpt lat="-7.2393680" lon="109.2215430">
    <ele>3358.8</ele>
   </trkpt>
   <trkpt lat="-7.2393810" lon="109.2215100">
    <ele>3361.2</ele>
   </trkpt>
   <trkpt lat="-7.2394030" lon="109.2214920">
    <ele>3361.2</ele>
   </trkpt>
   <trkpt lat="-7.2393970" lon="109.2214460">
    <ele>3363.4</ele>
   </trkpt>
   <trkpt lat="-7.2393760" lon="109.2214190">
    <ele>3365.6</ele>
   </trkpt>
   <trkpt lat="-7.2393720" lon="109.2213860">
    <ele>3367.8</ele>
   </trkpt>
   <trkpt lat="-7.2393710" lon="109.2213570">
    <ele>3367.8</ele>
   </trkpt>
   <trkpt lat="-7.2393590" lon="109.2213270">
    <ele>3369.8</ele>
   </trkpt>
   <trkpt lat="-7.2393620" lon="109.2212990">
    <ele>3372.7</ele>
   </trkpt>
   <trkpt lat="-7.2393720" lon="109.2212720">
    <ele>3372.7</ele>
   </trkpt>
   <trkpt lat="-7.2393870" lon="109.2212390">
    <ele>3375.3</ele>
   </trkpt>
   <trkpt lat="-7.2394020" lon="109.2212140">
    <ele>3377.9</ele>
   </trkpt>
   <trkpt lat="-7.2394240" lon="109.2211980">
    <ele>3378.5</ele>
   </trkpt>
   <trkpt lat="-7.2394350" lon="109.2211710">
    <ele>3381.1</ele>
   </trkpt>
   <trkpt lat="-7.2394330" lon="109.2211430">
    <ele>3381.1</ele>
   </trkpt>
   <trkpt lat="-7.2394320" lon="109.2211140">
    <ele>3383.6</ele>
   </trkpt>
   <trkpt lat="-7.2394230" lon="109.2210770">
    <ele>3386.1</ele>
   </trkpt>
   <trkpt lat="-7.2394350" lon="109.2210520">
    <ele>3388.7</ele>
   </trkpt>
   <trkpt lat="-7.2394380" lon="109.2210250">
    <ele>3388.7</ele>
   </trkpt>
   <trkpt lat="-7.2394540" lon="109.2209960">
    <ele>3391.4</ele>
   </trkpt>
   <trkpt lat="-7.2394250" lon="109.2209930">
    <ele>3391.4</ele>
   </trkpt>
   <trkpt lat="-7.2394150" lon="109.2209610">
    <ele>3394.4</ele>
   </trkpt>
   <trkpt lat="-7.2394290" lon="109.2209370">
    <ele>3394.4</ele>
   </trkpt>
   <trkpt lat="-7.2394350" lon="109.2209040">
    <ele>3397.3</ele>
   </trkpt>
   <trkpt lat="-7.2394180" lon="109.2208780">
    <ele>3400.2</ele>
   </trkpt>
   <trkpt lat="-7.2394000" lon="109.2208560">
    <ele>3400.7</ele>
   </trkpt>
   <trkpt lat="-7.2394140" lon="109.2208270">
    <ele>3402.8</ele>
   </trkpt>
   <trkpt lat="-7.2394230" lon="109.2207990">
    <ele>3402.8</ele>
   </trkpt>
   <trkpt lat="-7.2394380" lon="109.2207740">
    <ele>3405.2</ele>
   </trkpt>
   <trkpt lat="-7.2394620" lon="109.2207510">
    <ele>3406.0</ele>
   </trkpt>
   <trkpt lat="-7.2394510" lon="109.2207230">
    <ele>3406.0</ele>
   </trkpt>
   <trkpt lat="-7.2394700" lon="109.2206980">
    <ele>3407.7</ele>
   </trkpt>
   <trkpt lat="-7.2394930" lon="109.2206810">
    <ele>3406.2</ele>
   </trkpt>
   <trkpt lat="-7.2394790" lon="109.2206570">
    <ele>3409.2</ele>
   </trkpt>
   <trkpt lat="-7.2394430" lon="109.2206470">
    <ele>3410.6</ele>
   </trkpt>
   <trkpt lat="-7.2394150" lon="109.2206430">
    <ele>3410.6</ele>
   </trkpt>
   <trkpt lat="-7.2393920" lon="109.2206150">
    <ele>3413.1</ele>
   </trkpt>
   <trkpt lat="-7.2393700" lon="109.2205930">
    <ele>3413.1</ele>
   </trkpt>
   <trkpt lat="-7.2393400" lon="109.2205750">
    <ele>3415.0</ele>
   </trkpt>
   <trkpt lat="-7.2393170" lon="109.2205360">
    <ele>3416.5</ele>
   </trkpt>
   <trkpt lat="-7.2393050" lon="109.2204910">
    <ele>3417.1</ele>
   </trkpt>
   <trkpt lat="-7.2392980" lon="109.2204570">
    <ele>3417.1</ele>
   </trkpt>
   <trkpt lat="-7.2392820" lon="109.2204260">
    <ele>3417.5</ele>
   </trkpt>
   <trkpt lat="-7.2392660" lon="109.2204030">
    <ele>3418.6</ele>
   </trkpt>
   <trkpt lat="-7.2392540" lon="109.2203740">
    <ele>3418.6</ele>
   </trkpt>
   <trkpt lat="-7.2392440" lon="109.2203440">
    <ele>3418.7</ele>
   </trkpt>
   <trkpt lat="-7.2392250" lon="109.2203210">
    <ele>3419.5</ele>
   </trkpt>
   <trkpt lat="-7.2392000" lon="109.2203050">
    <ele>3419.5</ele>
   </trkpt>
   <trkpt lat="-7.2391720" lon="109.2202830">
    <ele>3420.1</ele>
   </trkpt>
   <trkpt lat="-7.2391430" lon="109.2202640">
    <ele>3420.1</ele>
   </trkpt>
   <trkpt lat="-7.2391210" lon="109.2202460">
    <ele>3420.1</ele>
   </trkpt>
   <trkpt lat="-7.2390920" lon="109.2202260">
    <ele>3419.6</ele>
   </trkpt>
   <trkpt lat="-7.2390580" lon="109.2202040">
    <ele>3419.0</ele>
   </trkpt>
   <trkpt lat="-7.2390220" lon="109.2201960">
    <ele>3419.0</ele>
   </trkpt>
   <trkpt lat="-7.2389930" lon="109.2201890">
    <ele>3417.7</ele>
   </trkpt>
   <trkpt lat="-7.2389670" lon="109.2201780">
    <ele>3416.6</ele>
   </trkpt>
   <trkpt lat="-7.2389400" lon="109.2201520">
    <ele>3416.6</ele>
   </trkpt>
   <trkpt lat="-7.2389140" lon="109.2201180">
    <ele>3415.1</ele>
   </trkpt>
   <trkpt lat="-7.2388850" lon="109.2200930">
    <ele>3413.6</ele>
   </trkpt>
   <trkpt lat="-7.2388440" lon="109.2200750">
    <ele>3412.6</ele>
   </trkpt>
   <trkpt lat="-7.2388130" lon="109.2200620">
    <ele>3412.4</ele>
   </trkpt>
   <trkpt lat="-7.2387780" lon="109.2200530">
    <ele>3411.7</ele>
   </trkpt>
   <trkpt lat="-7.2387370" lon="109.2200410">
    <ele>3410.9</ele>
   </trkpt>
   <trkpt lat="-7.2387110" lon="109.2200180">
    <ele>3410.2</ele>
   </trkpt>
   <trkpt lat="-7.2386830" lon="109.2199890">
    <ele>3410.2</ele>
   </trkpt>
   <trkpt lat="-7.2386510" lon="109.2199750">
    <ele>3409.5</ele>
   </trkpt>
   <trkpt lat="-7.2386310" lon="109.2199520">
    <ele>3409.1</ele>
   </trkpt>
   <trkpt lat="-7.2386210" lon="109.2199790">
    <ele>3409.1</ele>
   </trkpt>
   <trkpt lat="-7.2386070" lon="109.2199410">
    <ele>3409.1</ele>
   </trkpt>
  </trkseg>
 </trk>
</gpx>
