<?xml version="1.0" encoding="UTF-8"?>
<gpx creator="StravaGPX" xmlns:xsi="http://www.w3.org/2001/XMLSchema-instance" xsi:schemaLocation="http://www.topografix.com/GPX/1/1 http://www.topografix.com/GPX/1/1/gpx.xsd" version="1.1" xmlns="http://www.topografix.com/GPX/1/1">
 <trk>
  <name>Morning Trail Run</name>
  <type>running</type>
  <trkseg>
   <trkpt lat="-6.9147150" lon="108.3709940">
    <ele>1486.0</ele>
   </trkpt>
   <trkpt lat="-6.9147150" lon="108.3709940">
    <ele>1486.0</ele>
   </trkpt>
   <trkpt lat="-6.9147160" lon="108.3709990">
    <ele>1486.0</ele>
   </trkpt>
   <trkpt lat="-6.9147180" lon="108.3710070">
    <ele>1486.0</ele>
   </trkpt>
   <trkpt lat="-6.9147200" lon="108.3710150">
    <ele>1486.0</ele>
   </trkpt>
   <trkpt lat="-6.9147210" lon="108.3710260">
    <ele>1486.0</ele>
   </trkpt>
   <trkpt lat="-6.9147220" lon="108.3710380">
    <ele>1486.0</ele>
   </trkpt>
   <trkpt lat="-6.9147230" lon="108.3710550">
    <ele>1486.0</ele>
   </trkpt>
   <trkpt lat="-6.9147240" lon="108.3710710">
    <ele>1486.0</ele>
   </trkpt>
   <trkpt lat="-6.9147240" lon="108.3710900">
    <ele>1486.0</ele>
   </trkpt>
   <trkpt lat="-6.9147250" lon="108.3711080">
    <ele>1486.0</ele>
   </trkpt>
   <trkpt lat="-6.9147220" lon="108.3711250">
    <ele>1487.0</ele>
   </trkpt>
   <trkpt lat="-6.9147200" lon="108.3711410">
    <ele>1487.0</ele>
   </trkpt>
   <trkpt lat="-6.9147150" lon="108.3711560">
    <ele>1487.0</ele>
   </trkpt>
   <trkpt lat="-6.9147090" lon="108.3711710">
    <ele>1488.0</ele>
   </trkpt>
   <trkpt lat="-6.9147020" lon="108.3711830">
    <ele>1488.0</ele>
   </trkpt>
   <trkpt lat="-6.9146950" lon="108.3711960">
    <ele>1489.0</ele>
   </trkpt>
   <trkpt lat="-6.9146870" lon="108.3712070">
    <ele>1489.0</ele>
   </trkpt>
   <trkpt lat="-6.9146800" lon="108.3712180">
    <ele>1489.0</ele>
   </trkpt>
   <trkpt lat="-6.9146720" lon="108.3712290">
    <ele>1489.0</ele>
   </trkpt>
   <trkpt lat="-6.9146640" lon="108.3712400">
    <ele>1489.0</ele>
   </trkpt>
   <trkpt lat="-6.9146560" lon="108.3712510">
    <ele>1489.0</ele>
   </trkpt>
   <trkpt lat="-6.9146480" lon="108.3712630">
    <ele>1489.0</ele>
   </trkpt>
   <trkpt lat="-6.9146400" lon="108.3712740">
    <ele>1489.0</ele>
   </trkpt>
   <trkpt lat="-6.9146320" lon="108.3712850">
    <ele>1489.0</ele>
   </trkpt>
   <trkpt lat="-6.9146230" lon="108.3712970">
    <ele>1489.0</ele>
   </trkpt>
   <trkpt lat="-6.9146150" lon="108.3713090">
    <ele>1490.0</ele>
   </trkpt>
   <trkpt lat="-6.9146060" lon="108.3713230">
    <ele>1490.0</ele>
   </trkpt>
   <trkpt lat="-6.9145980" lon="108.3713360">
    <ele>1490.0</ele>
   </trkpt>
   <trkpt lat="-6.9145900" lon="108.3713500">
    <ele>1490.0</ele>
   </trkpt>
   <trkpt lat="-6.9145820" lon="108.3713640">
    <ele>1490.0</ele>
   </trkpt>
   <trkpt lat="-6.9145740" lon="108.3713780">
    <ele>1491.0</ele>
   </trkpt>
   <trkpt lat="-6.9145670" lon="108.3713910">
    <ele>1491.0</ele>
   </trkpt>
   <trkpt lat="-6.9145590" lon="108.3714050">
    <ele>1491.0</ele>
   </trkpt>
   <trkpt lat="-6.9145520" lon="108.3714200">
    <ele>1491.0</ele>
   </trkpt>
   <trkpt lat="-6.9145460" lon="108.3714340">
    <ele>1491.0</ele>
   </trkpt>
   <trkpt lat="-6.9145400" lon="108.3714480">
    <ele>1492.0</ele>
   </trkpt>
   <trkpt lat="-6.9145350" lon="108.3714630">
    <ele>1492.0</ele>
   </trkpt>
   <trkpt lat="-6.9145290" lon="108.3714770">
    <ele>1492.0</ele>
   </trkpt>
   <trkpt lat="-6.9145230" lon="108.3714920">
    <ele>1493.0</ele>
   </trkpt>
   <trkpt lat="-6.9145170" lon="108.3715070">
    <ele>1493.0</ele>
   </trkpt>
   <trkpt lat="-6.9145110" lon="108.3715220">
    <ele>1494.0</ele>
   </trkpt>
   <trkpt lat="-6.9145040" lon="108.3715380">
    <ele>1494.0</ele>
   </trkpt>
   <trkpt lat="-6.9144960" lon="108.3715530">
    <ele>1494.0</ele>
   </trkpt>
   <trkpt lat="-6.9144880" lon="108.3715690">
    <ele>1494.0</ele>
   </trkpt>
   <trkpt lat="-6.9144800" lon="108.3715840">
    <ele>1494.0</ele>
   </trkpt>
   <trkpt lat="-6.9144720" lon="108.3715990">
    <ele>1495.0</ele>
   </trkpt>
   <trkpt lat="-6.9144640" lon="108.3716130">
    <ele>1495.0</ele>
   </trkpt>
   <trkpt lat="-6.9144550" lon="108.3716270">
    <ele>1495.0</ele>
   </trkpt>
   <trkpt lat="-6.9144470" lon="108.3716390">
    <ele>1495.0</ele>
   </trkpt>
   <trkpt lat="-6.9144390" lon="108.3716510">
    <ele>1495.0</ele>
   </trkpt>
   <trkpt lat="-6.9144310" lon="108.3716620">
    <ele>1496.0</ele>
   </trkpt>
   <trkpt lat="-6.9144240" lon="108.3716740">
    <ele>1496.0</ele>
   </trkpt>
   <trkpt lat="-6.9144170" lon="108.3716850">
    <ele>1496.0</ele>
   </trkpt>
   <trkpt lat="-6.9144100" lon="108.3716970">
    <ele>1496.0</ele>
   </trkpt>
   <trkpt lat="-6.9144020" lon="108.3717110">
    <ele>1496.0</ele>
   </trkpt>
   <trkpt lat="-6.9143940" lon="108.3717250">
    <ele>1497.0</ele>
   </trkpt>
   <trkpt lat="-6.9143850" lon="108.3717400">
    <ele>1497.0</ele>
   </trkpt>
   <trkpt lat="-6.9143760" lon="108.3717560">
    <ele>1497.0</ele>
   </trkpt>
   <trkpt lat="-6.9143660" lon="108.3717720">
    <ele>1498.0</ele>
   </trkpt>
   <trkpt lat="-6.9143560" lon="108.3717880">
    <ele>1498.0</ele>
   </trkpt>
   <trkpt lat="-6.9143450" lon="108.3718040">
    <ele>1499.0</ele>
   </trkpt>
   <trkpt lat="-6.9143340" lon="108.3718200">
    <ele>1499.0</ele>
   </trkpt>
   <trkpt lat="-6.9143230" lon="108.3718340">
    <ele>1499.0</ele>
   </trkpt>
   <trkpt lat="-6.9143110" lon="108.3718480">
    <ele>1499.0</ele>
   </trkpt>
   <trkpt lat="-6.9143010" lon="108.3718610">
    <ele>1499.0</ele>
   </trkpt>
   <trkpt lat="-6.9142910" lon="108.3718740">
    <ele>1500.0</ele>
   </trkpt>
   <trkpt lat="-6.9142820" lon="108.3718910">
    <ele>1500.0</ele>
   </trkpt>
   <trkpt lat="-6.9142720" lon="108.3719070">
    <ele>1500.0</ele>
   </trkpt>
   <trkpt lat="-6.9142630" lon="108.3719230">
    <ele>1500.0</ele>
   </trkpt>
   <trkpt lat="-6.9142540" lon="108.3719390">
    <ele>1500.0</ele>
   </trkpt>
   <trkpt lat="-6.9142440" lon="108.3719530">
    <ele>1501.0</ele>
   </trkpt>
   <trkpt lat="-6.9142340" lon="108.3719670">
    <ele>1501.0</ele>
   </trkpt>
   <trkpt lat="-6.9142240" lon="108.3719800">
    <ele>1501.0</ele>
   </trkpt>
   <trkpt lat="-6.9142140" lon="108.3719930">
    <ele>1501.0</ele>
   </trkpt>
   <trkpt lat="-6.9142040" lon="108.3720040">
    <ele>1501.0</ele>
   </trkpt>
   <trkpt lat="-6.9141930" lon="108.3720160">
    <ele>1502.0</ele>
   </trkpt>
   <trkpt lat="-6.9141820" lon="108.3720280">
    <ele>1502.0</ele>
   </trkpt>
   <trkpt lat="-6.9141710" lon="108.3720400">
    <ele>1502.0</ele>
   </trkpt>
   <trkpt lat="-6.9141610" lon="108.3720530">
    <ele>1503.0</ele>
   </trkpt>
   <trkpt lat="-6.9141510" lon="108.3720660">
    <ele>1503.0</ele>
   </trkpt>
   <trkpt lat="-6.9141430" lon="108.3720790">
    <ele>1504.0</ele>
   </trkpt>
   <trkpt lat="-6.9141350" lon="108.3720930">
    <ele>1504.0</ele>
   </trkpt>
   <trkpt lat="-6.9141280" lon="108.3721070">
    <ele>1504.0</ele>
   </trkpt>
   <trkpt lat="-6.9141210" lon="108.3721220">
    <ele>1504.0</ele>
   </trkpt>
   <trkpt lat="-6.9141150" lon="108.3721360">
    <ele>1504.0</ele>
   </trkpt>
   <trkpt lat="-6.9141090" lon="108.3721500">
    <ele>1505.0</ele>
   </trkpt>
   <trkpt lat="-6.9141030" lon="108.3721650">
    <ele>1505.0</ele>
   </trkpt>
   <trkpt lat="-6.9140970" lon="108.3721800">
    <ele>1505.0</ele>
   </trkpt>
   <trkpt lat="-6.9140920" lon="108.3721950">
    <ele>1505.0</ele>
   </trkpt>
   <trkpt lat="-6.9140870" lon="108.3722100">
    <ele>1505.0</ele>
   </trkpt>
   <trkpt lat="-6.9140830" lon="108.3722250">
    <ele>1506.0</ele>
   </trkpt>
   <trkpt lat="-6.9140780" lon="108.3722400">
    <ele>1506.0</ele>
   </trkpt>
   <trkpt lat="-6.9140740" lon="108.3722550">
    <ele>1506.0</ele>
   </trkpt>
   <trkpt lat="-6.9140690" lon="108.3722700">
    <ele>1507.0</ele>
   </trkpt>
   <trkpt lat="-6.9140650" lon="108.3722850">
    <ele>1507.0</ele>
   </trkpt>
   <trkpt lat="-6.9140610" lon="108.3723000">
    <ele>1508.0</ele>
   </trkpt>
   <trkpt lat="-6.9140550" lon="108.3723160">
    <ele>1508.0</ele>
   </trkpt>
   <trkpt lat="-6.9140500" lon="108.3723310">
    <ele>1508.0</ele>
   </trkpt>
   <trkpt lat="-6.9140460" lon="108.3723460">
    <ele>1508.0</ele>
   </trkpt>
   <trkpt lat="-6.9140410" lon="108.3723600">
    <ele>1508.0</ele>
   </trkpt>
   <trkpt lat="-6.9140360" lon="108.3723730">
    <ele>1509.0</ele>
   </trkpt>
   <trkpt lat="-6.9140320" lon="108.3723850">
    <ele>1509.0</ele>
   </trkpt>
   <trkpt lat="-6.9140280" lon="108.3723970">
    <ele>1509.0</ele>
   </trkpt>
   <trkpt lat="-6.9140240" lon="108.3724090">
    <ele>1509.0</ele>
   </trkpt>
   <trkpt lat="-6.9140200" lon="108.3724220">
    <ele>1509.0</ele>
   </trkpt>
   <trkpt lat="-6.9140160" lon="108.3724360">
    <ele>1510.0</ele>
   </trkpt>
   <trkpt lat="-6.9140120" lon="108.3724490">
    <ele>1510.0</ele>
   </trkpt>
   <trkpt lat="-6.9140080" lon="108.3724620">
    <ele>1510.0</ele>
   </trkpt>
   <trkpt lat="-6.9140040" lon="108.3724740">
    <ele>1511.0</ele>
   </trkpt>
   <trkpt lat="-6.9140000" lon="108.3724860">
    <ele>1511.0</ele>
   </trkpt>
   <trkpt lat="-6.9139960" lon="108.3724960">
    <ele>1512.0</ele>
   </trkpt>
   <trkpt lat="-6.9139910" lon="108.3725060">
    <ele>1512.0</ele>
   </trkpt>
   <trkpt lat="-6.9139870" lon="108.3725180">
    <ele>1512.0</ele>
   </trkpt>
   <trkpt lat="-6.9139820" lon="108.3725300">
    <ele>1512.0</ele>
   </trkpt>
   <trkpt lat="-6.9139760" lon="108.3725430">
    <ele>1512.0</ele>
   </trkpt>
   <trkpt lat="-6.9139700" lon="108.3725560">
    <ele>1513.0</ele>
   </trkpt>
   <trkpt lat="-6.9139650" lon="108.3725720">
    <ele>1513.0</ele>
   </trkpt>
   <trkpt lat="-6.9139590" lon="108.3725870">
    <ele>1513.0</ele>
   </trkpt>
   <trkpt lat="-6.9139550" lon="108.3726030">
    <ele>1514.0</ele>
   </trkpt>
   <trkpt lat="-6.9139500" lon="108.3726190">
    <ele>1514.0</ele>
   </trkpt>
   <trkpt lat="-6.9139460" lon="108.3726350">
    <ele>1515.0</ele>
   </trkpt>
   <trkpt lat="-6.9139420" lon="108.3726500">
    <ele>1515.0</ele>
   </trkpt>
   <trkpt lat="-6.9139380" lon="108.3726640">
    <ele>1515.0</ele>
   </trkpt>
   <trkpt lat="-6.9139340" lon="108.3726780">
    <ele>1515.0</ele>
   </trkpt>
   <trkpt lat="-6.9139310" lon="108.3726900">
    <ele>1515.0</ele>
   </trkpt>
   <trkpt lat="-6.9139280" lon="108.3727030">
    <ele>1516.0</ele>
   </trkpt>
   <trkpt lat="-6.9139250" lon="108.3727160">
    <ele>1516.0</ele>
   </trkpt>
   <trkpt lat="-6.9139220" lon="108.3727300">
    <ele>1516.0</ele>
   </trkpt>
   <trkpt lat="-6.9139180" lon="108.3727460">
    <ele>1517.0</ele>
   </trkpt>
   <trkpt lat="-6.9139150" lon="108.3727610">
    <ele>1517.0</ele>
   </trkpt>
   <trkpt lat="-6.9139120" lon="108.3727770">
    <ele>1518.0</ele>
   </trkpt>
   <trkpt lat="-6.9139090" lon="108.3727930">
    <ele>1518.0</ele>
   </trkpt>
   <trkpt lat="-6.9139050" lon="108.3728080">
    <ele>1518.0</ele>
   </trkpt>
   <trkpt lat="-6.9139020" lon="108.3728220">
    <ele>1519.0</ele>
   </trkpt>
   <trkpt lat="-6.9138980" lon="108.3728350">
    <ele>1519.0</ele>
   </trkpt>
   <trkpt lat="-6.9138940" lon="108.3728490">
    <ele>1520.0</ele>
   </trkpt>
   <trkpt lat="-6.9138910" lon="108.3728610">
    <ele>1520.0</ele>
   </trkpt>
   <trkpt lat="-6.9138870" lon="108.3728730">
    <ele>1520.0</ele>
   </trkpt>
   <trkpt lat="-6.9138840" lon="108.3728860">
    <ele>1520.0</ele>
   </trkpt>
   <trkpt lat="-6.9138810" lon="108.3728980">
    <ele>1520.0</ele>
   </trkpt>
   <trkpt lat="-6.9138760" lon="108.3729100">
    <ele>1521.0</ele>
   </trkpt>
   <trkpt lat="-6.9138720" lon="108.3729220">
    <ele>1521.0</ele>
   </trkpt>
   <trkpt lat="-6.9138670" lon="108.3729330">
    <ele>1521.0</ele>
   </trkpt>
   <trkpt lat="-6.9138620" lon="108.3729440">
    <ele>1521.0</ele>
   </trkpt>
   <trkpt lat="-6.9138600" lon="108.3729540">
    <ele>1521.0</ele>
   </trkpt>
   <trkpt lat="-6.9138570" lon="108.3729640">
    <ele>1522.0</ele>
   </trkpt>
   <trkpt lat="-6.9138550" lon="108.3729740">
    <ele>1522.0</ele>
   </trkpt>
   <trkpt lat="-6.9138530" lon="108.3729830">
    <ele>1522.0</ele>
   </trkpt>
   <trkpt lat="-6.9138510" lon="108.3729930">
    <ele>1522.0</ele>
   </trkpt>
   <trkpt lat="-6.9138490" lon="108.3730030">
    <ele>1522.0</ele>
   </trkpt>
   <trkpt lat="-6.9138480" lon="108.3730130">
    <ele>1523.0</ele>
   </trkpt>
   <trkpt lat="-6.9138460" lon="108.3730240">
    <ele>1523.0</ele>
   </trkpt>
   <trkpt lat="-6.9138450" lon="108.3730330">
    <ele>1523.0</ele>
   </trkpt>
   <trkpt lat="-6.9138440" lon="108.3730430">
    <ele>1523.0</ele>
   </trkpt>
   <trkpt lat="-6.9138430" lon="108.3730520">
    <ele>1523.0</ele>
   </trkpt>
   <trkpt lat="-6.9138410" lon="108.3730620">
    <ele>1524.0</ele>
   </trkpt>
   <trkpt lat="-6.9138400" lon="108.3730710">
    <ele>1524.0</ele>
   </trkpt>
   <trkpt lat="-6.9138390" lon="108.3730810">
    <ele>1524.0</ele>
   </trkpt>
   <trkpt lat="-6.9138370" lon="108.3730910">
    <ele>1524.0</ele>
   </trkpt>
   <trkpt lat="-6.9138360" lon="108.3731010">
    <ele>1524.0</ele>
   </trkpt>
   <trkpt lat="-6.9138340" lon="108.3731120">
    <ele>1525.0</ele>
   </trkpt>
   <trkpt lat="-6.9138320" lon="108.3731220">
    <ele>1525.0</ele>
   </trkpt>
   <trkpt lat="-6.9138290" lon="108.3731330">
    <ele>1525.0</ele>
   </trkpt>
   <trkpt lat="-6.9138260" lon="108.3731440">
    <ele>1526.0</ele>
   </trkpt>
   <trkpt lat="-6.9138240" lon="108.3731540">
    <ele>1526.0</ele>
   </trkpt>
   <trkpt lat="-6.9138210" lon="108.3731640">
    <ele>1527.0</ele>
   </trkpt>
   <trkpt lat="-6.9138170" lon="108.3731750">
    <ele>1527.0</ele>
   </trkpt>
   <trkpt lat="-6.9138140" lon="108.3731850">
    <ele>1527.0</ele>
   </trkpt>
   <trkpt lat="-6.9138080" lon="108.3731980">
    <ele>1527.0</ele>
   </trkpt>
   <trkpt lat="-6.9138030" lon="108.3732110">
    <ele>1527.0</ele>
   </trkpt>
   <trkpt lat="-6.9137960" lon="108.3732260">
    <ele>1528.0</ele>
   </trkpt>
   <trkpt lat="-6.9137900" lon="108.3732410">
    <ele>1528.0</ele>
   </trkpt>
   <trkpt lat="-6.9137820" lon="108.3732560">
    <ele>1528.0</ele>
   </trkpt>
   <trkpt lat="-6.9137740" lon="108.3732710">
    <ele>1528.0</ele>
   </trkpt>
   <trkpt lat="-6.9137660" lon="108.3732860">
    <ele>1528.0</ele>
   </trkpt>
   <trkpt lat="-6.9137580" lon="108.3733010">
    <ele>1529.0</ele>
   </trkpt>
   <trkpt lat="-6.9137500" lon="108.3733160">
    <ele>1529.0</ele>
   </trkpt>
   <trkpt lat="-6.9137420" lon="108.3733300">
    <ele>1529.0</ele>
   </trkpt>
   <trkpt lat="-6.9137330" lon="108.3733440">
    <ele>1529.0</ele>
   </trkpt>
   <trkpt lat="-6.9137240" lon="108.3733570">
    <ele>1529.0</ele>
   </trkpt>
   <trkpt lat="-6.9137140" lon="108.3733700">
    <ele>1530.0</ele>
   </trkpt>
   <trkpt lat="-6.9137050" lon="108.3733830">
    <ele>1530.0</ele>
   </trkpt>
   <trkpt lat="-6.9136960" lon="108.3733980">
    <ele>1530.0</ele>
   </trkpt>
   <trkpt lat="-6.9136880" lon="108.3734130">
    <ele>1530.0</ele>
   </trkpt>
   <trkpt lat="-6.9136800" lon="108.3734290">
    <ele>1530.0</ele>
   </trkpt>
   <trkpt lat="-6.9136730" lon="108.3734450">
    <ele>1531.0</ele>
   </trkpt>
   <trkpt lat="-6.9136660" lon="108.3734610">
    <ele>1531.0</ele>
   </trkpt>
   <trkpt lat="-6.9136590" lon="108.3734760">
    <ele>1531.0</ele>
   </trkpt>
   <trkpt lat="-6.9136510" lon="108.3734910">
    <ele>1532.0</ele>
   </trkpt>
   <trkpt lat="-6.9136430" lon="108.3735070">
    <ele>1532.0</ele>
   </trkpt>
   <trkpt lat="-6.9136340" lon="108.3735230">
    <ele>1533.0</ele>
   </trkpt>
   <trkpt lat="-6.9136250" lon="108.3735390">
    <ele>1533.0</ele>
   </trkpt>
   <trkpt lat="-6.9136170" lon="108.3735530">
    <ele>1533.0</ele>
   </trkpt>
   <trkpt lat="-6.9136080" lon="108.3735680">
    <ele>1533.0</ele>
   </trkpt>
   <trkpt lat="-6.9135980" lon="108.3735810">
    <ele>1533.0</ele>
   </trkpt>
   <trkpt lat="-6.9135880" lon="108.3735950">
    <ele>1534.0</ele>
   </trkpt>
   <trkpt lat="-6.9135790" lon="108.3736080">
    <ele>1534.0</ele>
   </trkpt>
   <trkpt lat="-6.9135700" lon="108.3736220">
    <ele>1534.0</ele>
   </trkpt>
   <trkpt lat="-6.9135620" lon="108.3736370">
    <ele>1534.0</ele>
   </trkpt>
   <trkpt lat="-6.9135540" lon="108.3736530">
    <ele>1534.0</ele>
   </trkpt>
   <trkpt lat="-6.9135470" lon="108.3736710">
    <ele>1535.0</ele>
   </trkpt>
   <trkpt lat="-6.9135410" lon="108.3736890">
    <ele>1535.0</ele>
   </trkpt>
   <trkpt lat="-6.9135340" lon="108.3737070">
    <ele>1535.0</ele>
   </trkpt>
   <trkpt lat="-6.9135280" lon="108.3737250">
    <ele>1535.0</ele>
   </trkpt>
   <trkpt lat="-6.9135210" lon="108.3737430">
    <ele>1535.0</ele>
   </trkpt>
   <trkpt lat="-6.9135140" lon="108.3737600">
    <ele>1536.0</ele>
   </trkpt>
   <trkpt lat="-6.9135050" lon="108.3737760">
    <ele>1536.0</ele>
   </trkpt>
   <trkpt lat="-6.9134970" lon="108.3737920">
    <ele>1536.0</ele>
   </trkpt>
   <trkpt lat="-6.9134880" lon="108.3738080">
    <ele>1536.0</ele>
   </trkpt>
   <trkpt lat="-6.9134800" lon="108.3738230">
    <ele>1536.0</ele>
   </trkpt>
   <trkpt lat="-6.9134710" lon="108.3738380">
    <ele>1536.0</ele>
   </trkpt>
   <trkpt lat="-6.9134620" lon="108.3738530">
    <ele>1536.0</ele>
   </trkpt>
   <trkpt lat="-6.9134540" lon="108.3738670">
    <ele>1536.0</ele>
   </trkpt>
   <trkpt lat="-6.9134460" lon="108.3738810">
    <ele>1536.0</ele>
   </trkpt>
   <trkpt lat="-6.9134370" lon="108.3738920">
    <ele>1536.0</ele>
   </trkpt>
   <trkpt lat="-6.9134290" lon="108.3739020">
    <ele>1537.0</ele>
   </trkpt>
   <trkpt lat="-6.9134180" lon="108.3739050">
    <ele>1537.0</ele>
   </trkpt>
   <trkpt lat="-6.9134060" lon="108.3739080">
    <ele>1537.0</ele>
   </trkpt>
   <trkpt lat="-6.9133930" lon="108.3739030">
    <ele>1537.0</ele>
   </trkpt>
   <trkpt lat="-6.9133790" lon="108.3738980">
    <ele>1537.0</ele>
   </trkpt>
   <trkpt lat="-6.9133650" lon="108.3738910">
    <ele>1537.0</ele>
   </trkpt>
   <trkpt lat="-6.9133500" lon="108.3738850">
    <ele>1537.0</ele>
   </trkpt>
   <trkpt lat="-6.9133340" lon="108.3738850">
    <ele>1537.0</ele>
   </trkpt>
   <trkpt lat="-6.9133180" lon="108.3738850">
    <ele>1537.0</ele>
   </trkpt>
   <trkpt lat="-6.9133020" lon="108.3738920">
    <ele>1537.0</ele>
   </trkpt>
   <trkpt lat="-6.9132860" lon="108.3739000">
    <ele>1537.0</ele>
   </trkpt>
   <trkpt lat="-6.9132710" lon="108.3739090">
    <ele>1537.0</ele>
   </trkpt>
   <trkpt lat="-6.9132550" lon="108.3739180">
    <ele>1537.0</ele>
   </trkpt>
   <trkpt lat="-6.9132420" lon="108.3739260">
    <ele>1537.0</ele>
   </trkpt>
   <trkpt lat="-6.9132280" lon="108.3739340">
    <ele>1537.0</ele>
   </trkpt>
   <trkpt lat="-6.9132160" lon="108.3739390">
    <ele>1537.0</ele>
   </trkpt>
   <trkpt lat="-6.9132040" lon="108.3739440">
    <ele>1537.0</ele>
   </trkpt>
   <trkpt lat="-6.9131930" lon="108.3739480">
    <ele>1537.0</ele>
   </trkpt>
   <trkpt lat="-6.9131820" lon="108.3739530">
    <ele>1537.0</ele>
   </trkpt>
   <trkpt lat="-6.9131700" lon="108.3739580">
    <ele>1537.0</ele>
   </trkpt>
   <trkpt lat="-6.9131590" lon="108.3739630">
    <ele>1538.0</ele>
   </trkpt>
   <trkpt lat="-6.9131500" lon="108.3739720">
    <ele>1538.0</ele>
   </trkpt>
   <trkpt lat="-6.9131400" lon="108.3739800">
    <ele>1538.0</ele>
   </trkpt>
   <trkpt lat="-6.9131350" lon="108.3739910">
    <ele>1538.0</ele>
   </trkpt>
   <trkpt lat="-6.9131300" lon="108.3740020">
    <ele>1538.0</ele>
   </trkpt>
   <trkpt lat="-6.9131290" lon="108.3740150">
    <ele>1539.0</ele>
   </trkpt>
   <trkpt lat="-6.9131270" lon="108.3740280">
    <ele>1539.0</ele>
   </trkpt>
   <trkpt lat="-6.9131270" lon="108.3740410">
    <ele>1539.0</ele>
   </trkpt>
   <trkpt lat="-6.9131270" lon="108.3740540">
    <ele>1540.0</ele>
   </trkpt>
   <trkpt lat="-6.9131270" lon="108.3740690">
    <ele>1540.0</ele>
   </trkpt>
   <trkpt lat="-6.9131280" lon="108.3740850">
    <ele>1541.0</ele>
   </trkpt>
   <trkpt lat="-6.9131270" lon="108.3741030">
    <ele>1541.0</ele>
   </trkpt>
   <trkpt lat="-6.9131270" lon="108.3741210">
    <ele>1541.0</ele>
   </trkpt>
   <trkpt lat="-6.9131250" lon="108.3741390">
    <ele>1541.0</ele>
   </trkpt>
   <trkpt lat="-6.9131230" lon="108.3741570">
    <ele>1541.0</ele>
   </trkpt>
   <trkpt lat="-6.9131230" lon="108.3741720">
    <ele>1542.0</ele>
   </trkpt>
   <trkpt lat="-6.9131220" lon="108.3741870">
    <ele>1542.0</ele>
   </trkpt>
   <trkpt lat="-6.9131250" lon="108.3741980">
    <ele>1542.0</ele>
   </trkpt>
   <trkpt lat="-6.9131280" lon="108.3742080">
    <ele>1543.0</ele>
   </trkpt>
   <trkpt lat="-6.9131340" lon="108.3742150">
    <ele>1543.0</ele>
   </trkpt>
   <trkpt lat="-6.9131400" lon="108.3742230">
    <ele>1544.0</ele>
   </trkpt>
   <trkpt lat="-6.9131480" lon="108.3742300">
    <ele>1544.0</ele>
   </trkpt>
   <trkpt lat="-6.9131560" lon="108.3742370">
    <ele>1544.0</ele>
   </trkpt>
   <trkpt lat="-6.9131660" lon="108.3742450">
    <ele>1544.0</ele>
   </trkpt>
   <trkpt lat="-6.9131760" lon="108.3742520">
    <ele>1544.0</ele>
   </trkpt>
   <trkpt lat="-6.9131870" lon="108.3742610">
    <ele>1545.0</ele>
   </trkpt>
   <trkpt lat="-6.9131980" lon="108.3742700">
    <ele>1545.0</ele>
   </trkpt>
   <trkpt lat="-6.9132110" lon="108.3742800">
    <ele>1545.0</ele>
   </trkpt>
   <trkpt lat="-6.9132240" lon="108.3742900">
    <ele>1545.0</ele>
   </trkpt>
   <trkpt lat="-6.9132380" lon="108.3743010">
    <ele>1545.0</ele>
   </trkpt>
   <trkpt lat="-6.9132520" lon="108.3743130">
    <ele>1546.0</ele>
   </trkpt>
   <trkpt lat="-6.9132660" lon="108.3743250">
    <ele>1546.0</ele>
   </trkpt>
   <trkpt lat="-6.9132800" lon="108.3743380">
    <ele>1546.0</ele>
   </trkpt>
   <trkpt lat="-6.9132930" lon="108.3743500">
    <ele>1547.0</ele>
   </trkpt>
   <trkpt lat="-6.9133060" lon="108.3743630">
    <ele>1547.0</ele>
   </trkpt>
   <trkpt lat="-6.9133170" lon="108.3743730">
    <ele>1548.0</ele>
   </trkpt>
   <trkpt lat="-6.9133280" lon="108.3743840">
    <ele>1548.0</ele>
   </trkpt>
   <trkpt lat="-6.9133380" lon="108.3743910">
    <ele>1548.0</ele>
   </trkpt>
   <trkpt lat="-6.9133480" lon="108.3743990">
    <ele>1548.0</ele>
   </trkpt>
   <trkpt lat="-6.9133560" lon="108.3744060">
    <ele>1548.0</ele>
   </trkpt>
   <trkpt lat="-6.9133640" lon="108.3744120">
    <ele>1549.0</ele>
   </trkpt>
   <trkpt lat="-6.9133680" lon="108.3744200">
    <ele>1549.0</ele>
   </trkpt>
   <trkpt lat="-6.9133720" lon="108.3744270">
    <ele>1549.0</ele>
   </trkpt>
   <trkpt lat="-6.9133720" lon="108.3744360">
    <ele>1549.0</ele>
   </trkpt>
   <trkpt lat="-6.9133720" lon="108.3744450">
    <ele>1549.0</ele>
   </trkpt>
   <trkpt lat="-6.9133710" lon="108.3744530">
    <ele>1550.0</ele>
   </trkpt>
   <trkpt lat="-6.9133710" lon="108.3744600">
    <ele>1550.0</ele>
   </trkpt>
   <trkpt lat="-6.9133680" lon="108.3744680">
    <ele>1550.0</ele>
   </trkpt>
   <trkpt lat="-6.9133660" lon="108.3744750">
    <ele>1550.0</ele>
   </trkpt>
   <trkpt lat="-6.9133620" lon="108.3744810">
    <ele>1550.0</ele>
   </trkpt>
   <trkpt lat="-6.9133580" lon="108.3744870">
    <ele>1551.0</ele>
   </trkpt>
   <trkpt lat="-6.9133530" lon="108.3744920">
    <ele>1551.0</ele>
   </trkpt>
   <trkpt lat="-6.9133490" lon="108.3744970">
    <ele>1551.0</ele>
   </trkpt>
   <trkpt lat="-6.9133440" lon="108.3745020">
    <ele>1552.0</ele>
   </trkpt>
   <trkpt lat="-6.9133390" lon="108.3745060">
    <ele>1552.0</ele>
   </trkpt>
   <trkpt lat="-6.9133330" lon="108.3745120">
    <ele>1553.0</ele>
   </trkpt>
   <trkpt lat="-6.9133280" lon="108.3745180">
    <ele>1553.0</ele>
   </trkpt>
   <trkpt lat="-6.9133230" lon="108.3745270">
    <ele>1553.0</ele>
   </trkpt>
   <trkpt lat="-6.9133180" lon="108.3745370">
    <ele>1553.0</ele>
   </trkpt>
   <trkpt lat="-6.9133130" lon="108.3745500">
    <ele>1553.0</ele>
   </trkpt>
   <trkpt lat="-6.9133090" lon="108.3745630">
    <ele>1554.0</ele>
   </trkpt>
   <trkpt lat="-6.9133070" lon="108.3745790">
    <ele>1554.0</ele>
   </trkpt>
   <trkpt lat="-6.9133040" lon="108.3745960">
    <ele>1554.0</ele>
   </trkpt>
   <trkpt lat="-6.9133040" lon="108.3746140">
    <ele>1554.0</ele>
   </trkpt>
   <trkpt lat="-6.9133040" lon="108.3746320">
    <ele>1554.0</ele>
   </trkpt>
   <trkpt lat="-6.9133060" lon="108.3746480">
    <ele>1555.0</ele>
   </trkpt>
   <trkpt lat="-6.9133090" lon="108.3746630">
    <ele>1555.0</ele>
   </trkpt>
   <trkpt lat="-6.9133120" lon="108.3746760">
    <ele>1555.0</ele>
   </trkpt>
   <trkpt lat="-6.9133140" lon="108.3746890">
    <ele>1555.0</ele>
   </trkpt>
   <trkpt lat="-6.9133170" lon="108.3747030">
    <ele>1555.0</ele>
   </trkpt>
   <trkpt lat="-6.9133200" lon="108.3747170">
    <ele>1556.0</ele>
   </trkpt>
   <trkpt lat="-6.9133220" lon="108.3747310">
    <ele>1556.0</ele>
   </trkpt>
   <trkpt lat="-6.9133240" lon="108.3747450">
    <ele>1556.0</ele>
   </trkpt>
   <trkpt lat="-6.9133250" lon="108.3747590">
    <ele>1556.0</ele>
   </trkpt>
   <trkpt lat="-6.9133260" lon="108.3747730">
    <ele>1556.0</ele>
   </trkpt>
   <trkpt lat="-6.9133280" lon="108.3747870">
    <ele>1557.0</ele>
   </trkpt>
   <trkpt lat="-6.9133310" lon="108.3748000">
    <ele>1557.0</ele>
   </trkpt>
   <trkpt lat="-6.9133380" lon="108.3748110">
    <ele>1557.0</ele>
   </trkpt>
   <trkpt lat="-6.9133460" lon="108.3748210">
    <ele>1557.0</ele>
   </trkpt>
   <trkpt lat="-6.9133570" lon="108.3748300">
    <ele>1557.0</ele>
   </trkpt>
   <trkpt lat="-6.9133680" lon="108.3748400">
    <ele>1558.0</ele>
   </trkpt>
   <trkpt lat="-6.9133810" lon="108.3748470">
    <ele>1558.0</ele>
   </trkpt>
   <trkpt lat="-6.9133940" lon="108.3748550">
    <ele>1558.0</ele>
   </trkpt>
   <trkpt lat="-6.9134080" lon="108.3748590">
    <ele>1559.0</ele>
   </trkpt>
   <trkpt lat="-6.9134220" lon="108.3748620">
    <ele>1559.0</ele>
   </trkpt>
   <trkpt lat="-6.9134350" lon="108.3748610">
    <ele>1560.0</ele>
   </trkpt>
   <trkpt lat="-6.9134490" lon="108.3748590">
    <ele>1560.0</ele>
   </trkpt>
   <trkpt lat="-6.9134620" lon="108.3748530">
    <ele>1560.0</ele>
   </trkpt>
   <trkpt lat="-6.9134750" lon="108.3748460">
    <ele>1560.0</ele>
   </trkpt>
   <trkpt lat="-6.9134860" lon="108.3748370">
    <ele>1560.0</ele>
   </trkpt>
   <trkpt lat="-6.9134960" lon="108.3748290">
    <ele>1561.0</ele>
   </trkpt>
   <trkpt lat="-6.9135070" lon="108.3748210">
    <ele>1561.0</ele>
   </trkpt>
   <trkpt lat="-6.9135180" lon="108.3748120">
    <ele>1562.0</ele>
   </trkpt>
   <trkpt lat="-6.9135300" lon="108.3748090">
    <ele>1562.0</ele>
   </trkpt>
   <trkpt lat="-6.9135420" lon="108.3748070">
    <ele>1563.0</ele>
   </trkpt>
   <trkpt lat="-6.9135540" lon="108.3748100">
    <ele>1564.0</ele>
   </trkpt>
   <trkpt lat="-6.9135650" lon="108.3748140">
    <ele>1564.0</ele>
   </trkpt>
   <trkpt lat="-6.9135760" lon="108.3748220">
    <ele>1564.0</ele>
   </trkpt>
   <trkpt lat="-6.9135880" lon="108.3748300">
    <ele>1564.0</ele>
   </trkpt>
   <trkpt lat="-6.9135960" lon="108.3748410">
    <ele>1564.0</ele>
   </trkpt>
   <trkpt lat="-6.9136050" lon="108.3748520">
    <ele>1565.0</ele>
   </trkpt>
   <trkpt lat="-6.9136090" lon="108.3748650">
    <ele>1565.0</ele>
   </trkpt>
   <trkpt lat="-6.9136130" lon="108.3748780">
    <ele>1565.0</ele>
   </trkpt>
   <trkpt lat="-6.9136130" lon="108.3748920">
    <ele>1565.0</ele>
   </trkpt>
   <trkpt lat="-6.9136130" lon="108.3749070">
    <ele>1565.0</ele>
   </trkpt>
   <trkpt lat="-6.9136130" lon="108.3749220">
    <ele>1566.0</ele>
   </trkpt>
   <trkpt lat="-6.9136130" lon="108.3749380">
    <ele>1566.0</ele>
   </trkpt>
   <trkpt lat="-6.9136170" lon="108.3749540">
    <ele>1566.0</ele>
   </trkpt>
   <trkpt lat="-6.9136210" lon="108.3749710">
    <ele>1566.0</ele>
   </trkpt>
   <trkpt lat="-6.9136280" lon="108.3749860">
    <ele>1566.0</ele>
   </trkpt>
   <trkpt lat="-6.9136350" lon="108.3750020">
    <ele>1567.0</ele>
   </trkpt>
   <trkpt lat="-6.9136440" lon="108.3750160">
    <ele>1567.0</ele>
   </trkpt>
   <trkpt lat="-6.9136530" lon="108.3750300">
    <ele>1567.0</ele>
   </trkpt>
   <trkpt lat="-6.9136590" lon="108.3750440">
    <ele>1568.0</ele>
   </trkpt>
   <trkpt lat="-6.9136660" lon="108.3750590">
    <ele>1568.0</ele>
   </trkpt>
   <trkpt lat="-6.9136720" lon="108.3750740">
    <ele>1569.0</ele>
   </trkpt>
   <trkpt lat="-6.9136770" lon="108.3750900">
    <ele>1569.0</ele>
   </trkpt>
   <trkpt lat="-6.9136850" lon="108.3751060">
    <ele>1569.0</ele>
   </trkpt>
   <trkpt lat="-6.9136920" lon="108.3751210">
    <ele>1569.0</ele>
   </trkpt>
   <trkpt lat="-6.9137020" lon="108.3751350">
    <ele>1569.0</ele>
   </trkpt>
   <trkpt lat="-6.9137120" lon="108.3751500">
    <ele>1570.0</ele>
   </trkpt>
   <trkpt lat="-6.9137230" lon="108.3751640">
    <ele>1570.0</ele>
   </trkpt>
   <trkpt lat="-6.9137340" lon="108.3751780">
    <ele>1570.0</ele>
   </trkpt>
   <trkpt lat="-6.9137420" lon="108.3751910">
    <ele>1570.0</ele>
   </trkpt>
   <trkpt lat="-6.9137500" lon="108.3752040">
    <ele>1570.0</ele>
   </trkpt>
   <trkpt lat="-6.9137570" lon="108.3752160">
    <ele>1571.0</ele>
   </trkpt>
   <trkpt lat="-6.9137640" lon="108.3752280">
    <ele>1571.0</ele>
   </trkpt>
   <trkpt lat="-6.9137700" lon="108.3752410">
    <ele>1571.0</ele>
   </trkpt>
   <trkpt lat="-6.9137760" lon="108.3752530">
    <ele>1572.0</ele>
   </trkpt>
   <trkpt lat="-6.9137830" lon="108.3752660">
    <ele>1572.0</ele>
   </trkpt>
   <trkpt lat="-6.9137890" lon="108.3752790">
    <ele>1573.0</ele>
   </trkpt>
   <trkpt lat="-6.9137950" lon="108.3752920">
    <ele>1573.0</ele>
   </trkpt>
   <trkpt lat="-6.9138020" lon="108.3753040">
    <ele>1573.0</ele>
   </trkpt>
   <trkpt lat="-6.9138080" lon="108.3753170">
    <ele>1573.0</ele>
   </trkpt>
   <trkpt lat="-6.9138150" lon="108.3753300">
    <ele>1573.0</ele>
   </trkpt>
   <trkpt lat="-6.9138200" lon="108.3753410">
    <ele>1574.0</ele>
   </trkpt>
   <trkpt lat="-6.9138260" lon="108.3753520">
    <ele>1574.0</ele>
   </trkpt>
   <trkpt lat="-6.9138320" lon="108.3753590">
    <ele>1574.0</ele>
   </trkpt>
   <trkpt lat="-6.9138380" lon="108.3753670">
    <ele>1574.0</ele>
   </trkpt>
   <trkpt lat="-6.9138440" lon="108.3753730">
    <ele>1574.0</ele>
   </trkpt>
   <trkpt lat="-6.9138500" lon="108.3753780">
    <ele>1575.0</ele>
   </trkpt>
   <trkpt lat="-6.9138570" lon="108.3753830">
    <ele>1575.0</ele>
   </trkpt>
   <trkpt lat="-6.9138630" lon="108.3753880">
    <ele>1575.0</ele>
   </trkpt>
   <trkpt lat="-6.9138700" lon="108.3753930">
    <ele>1575.0</ele>
   </trkpt>
   <trkpt lat="-6.9138780" lon="108.3753980">
    <ele>1575.0</ele>
   </trkpt>
   <trkpt lat="-6.9138840" lon="108.3754050">
    <ele>1576.0</ele>
   </trkpt>
   <trkpt lat="-6.9138900" lon="108.3754110">
    <ele>1576.0</ele>
   </trkpt>
   <trkpt lat="-6.9138940" lon="108.3754170">
    <ele>1576.0</ele>
   </trkpt>
   <trkpt lat="-6.9138980" lon="108.3754230">
    <ele>1576.0</ele>
   </trkpt>
   <trkpt lat="-6.9139010" lon="108.3754300">
    <ele>1576.0</ele>
   </trkpt>
   <trkpt lat="-6.9139030" lon="108.3754360">
    <ele>1577.0</ele>
   </trkpt>
   <trkpt lat="-6.9139050" lon="108.3754430">
    <ele>1577.0</ele>
   </trkpt>
   <trkpt lat="-6.9139080" lon="108.3754510">
    <ele>1577.0</ele>
   </trkpt>
   <trkpt lat="-6.9139120" lon="108.3754580">
    <ele>1577.0</ele>
   </trkpt>
   <trkpt lat="-6.9139160" lon="108.3754660">
    <ele>1577.0</ele>
   </trkpt>
   <trkpt lat="-6.9139210" lon="108.3754730">
    <ele>1578.0</ele>
   </trkpt>
   <trkpt lat="-6.9139250" lon="108.3754800">
    <ele>1578.0</ele>
   </trkpt>
   <trkpt lat="-6.9139280" lon="108.3754880">
    <ele>1578.0</ele>
   </trkpt>
   <trkpt lat="-6.9139320" lon="108.3754950">
    <ele>1578.0</ele>
   </trkpt>
   <trkpt lat="-6.9139360" lon="108.3755030">
    <ele>1578.0</ele>
   </trkpt>
   <trkpt lat="-6.9139390" lon="108.3755100">
    <ele>1579.0</ele>
   </trkpt>
   <trkpt lat="-6.9139420" lon="108.3755170">
    <ele>1579.0</ele>
   </trkpt>
   <trkpt lat="-6.9139450" lon="108.3755240">
    <ele>1579.0</ele>
   </trkpt>
   <trkpt lat="-6.9139470" lon="108.3755300">
    <ele>1579.0</ele>
   </trkpt>
   <trkpt lat="-6.9139490" lon="108.3755360">
    <ele>1579.0</ele>
   </trkpt>
   <trkpt lat="-6.9139520" lon="108.3755410">
    <ele>1580.0</ele>
   </trkpt>
   <trkpt lat="-6.9139540" lon="108.3755470">
    <ele>1580.0</ele>
   </trkpt>
   <trkpt lat="-6.9139580" lon="108.3755520">
    <ele>1580.0</ele>
   </trkpt>
   <trkpt lat="-6.9139610" lon="108.3755570">
    <ele>1580.0</ele>
   </trkpt>
   <trkpt lat="-6.9139650" lon="108.3755620">
    <ele>1580.0</ele>
   </trkpt>
   <trkpt lat="-6.9139690" lon="108.3755670">
    <ele>1581.0</ele>
   </trkpt>
   <trkpt lat="-6.9139730" lon="108.3755730">
    <ele>1581.0</ele>
   </trkpt>
   <trkpt lat="-6.9139770" lon="108.3755790">
    <ele>1581.0</ele>
   </trkpt>
   <trkpt lat="-6.9139810" lon="108.3755860">
    <ele>1581.0</ele>
   </trkpt>
   <trkpt lat="-6.9139840" lon="108.3755930">
    <ele>1581.0</ele>
   </trkpt>
   <trkpt lat="-6.9139880" lon="108.3756010">
    <ele>1582.0</ele>
   </trkpt>
   <trkpt lat="-6.9139910" lon="108.3756090">
    <ele>1582.0</ele>
   </trkpt>
   <trkpt lat="-6.9139950" lon="108.3756160">
    <ele>1582.0</ele>
   </trkpt>
   <trkpt lat="-6.9139990" lon="108.3756240">
    <ele>1582.0</ele>
   </trkpt>
   <trkpt lat="-6.9140040" lon="108.3756310">
    <ele>1582.0</ele>
   </trkpt>
   <trkpt lat="-6.9140080" lon="108.3756380">
    <ele>1583.0</ele>
   </trkpt>
   <trkpt lat="-6.9140110" lon="108.3756450">
    <ele>1583.0</ele>
   </trkpt>
   <trkpt lat="-6.9140150" lon="108.3756510">
    <ele>1583.0</ele>
   </trkpt>
   <trkpt lat="-6.9140180" lon="108.3756560">
    <ele>1583.0</ele>
   </trkpt>
   <trkpt lat="-6.9140210" lon="108.3756610">
    <ele>1583.0</ele>
   </trkpt>
   <trkpt lat="-6.9140240" lon="108.3756660">
    <ele>1584.0</ele>
   </trkpt>
   <trkpt lat="-6.9140280" lon="108.3756730">
    <ele>1584.0</ele>
   </trkpt>
   <trkpt lat="-6.9140330" lon="108.3756800">
    <ele>1584.0</ele>
   </trkpt>
   <trkpt lat="-6.9140360" lon="108.3756860">
    <ele>1585.0</ele>
   </trkpt>
   <trkpt lat="-6.9140400" lon="108.3756920">
    <ele>1585.0</ele>
   </trkpt>
   <trkpt lat="-6.9140440" lon="108.3756980">
    <ele>1586.0</ele>
   </trkpt>
   <trkpt lat="-6.9140470" lon="108.3757050">
    <ele>1586.0</ele>
   </trkpt>
   <trkpt lat="-6.9140500" lon="108.3757130">
    <ele>1586.0</ele>
   </trkpt>
   <trkpt lat="-6.9140530" lon="108.3757210">
    <ele>1586.0</ele>
   </trkpt>
   <trkpt lat="-6.9140540" lon="108.3757290">
    <ele>1586.0</ele>
   </trkpt>
   <trkpt lat="-6.9140560" lon="108.3757370">
    <ele>1587.0</ele>
   </trkpt>
   <trkpt lat="-6.9140560" lon="108.3757440">
    <ele>1587.0</ele>
   </trkpt>
   <trkpt lat="-6.9140560" lon="108.3757520">
    <ele>1587.0</ele>
   </trkpt>
   <trkpt lat="-6.9140550" lon="108.3757600">
    <ele>1587.0</ele>
   </trkpt>
   <trkpt lat="-6.9140550" lon="108.3757670">
    <ele>1587.0</ele>
   </trkpt>
   <trkpt lat="-6.9140560" lon="108.3757750">
    <ele>1588.0</ele>
   </trkpt>
   <trkpt lat="-6.9140570" lon="108.3757840">
    <ele>1588.0</ele>
   </trkpt>
   <trkpt lat="-6.9140600" lon="108.3757920">
    <ele>1588.0</ele>
   </trkpt>
   <trkpt lat="-6.9140630" lon="108.3758000">
    <ele>1588.0</ele>
   </trkpt>
   <trkpt lat="-6.9140680" lon="108.3758070">
    <ele>1588.0</ele>
   </trkpt>
   <trkpt lat="-6.9140730" lon="108.3758150">
    <ele>1589.0</ele>
   </trkpt>
   <trkpt lat="-6.9140780" lon="108.3758220">
    <ele>1589.0</ele>
   </trkpt>
   <trkpt lat="-6.9140830" lon="108.3758290">
    <ele>1589.0</ele>
   </trkpt>
   <trkpt lat="-6.9140870" lon="108.3758360">
    <ele>1589.0</ele>
   </trkpt>
   <trkpt lat="-6.9140920" lon="108.3758420">
    <ele>1589.0</ele>
   </trkpt>
   <trkpt lat="-6.9140920" lon="108.3758450">
    <ele>1590.0</ele>
   </trkpt>
   <trkpt lat="-6.9140930" lon="108.3758470">
    <ele>1590.0</ele>
   </trkpt>
   <trkpt lat="-6.9140930" lon="108.3758490">
    <ele>1590.0</ele>
   </trkpt>
   <trkpt lat="-6.9140930" lon="108.3758510">
    <ele>1591.0</ele>
   </trkpt>
   <trkpt lat="-6.9140920" lon="108.3758580">
    <ele>1591.0</ele>
   </trkpt>
   <trkpt lat="-6.9140920" lon="108.3758650">
    <ele>1592.0</ele>
   </trkpt>
   <trkpt lat="-6.9140900" lon="108.3758710">
    <ele>1592.0</ele>
   </trkpt>
   <trkpt lat="-6.9140890" lon="108.3758770">
    <ele>1592.0</ele>
   </trkpt>
   <trkpt lat="-6.9140880" lon="108.3758840">
    <ele>1592.0</ele>
   </trkpt>
   <trkpt lat="-6.9140860" lon="108.3758910">
    <ele>1592.0</ele>
   </trkpt>
   <trkpt lat="-6.9140860" lon="108.3758990">
    <ele>1593.0</ele>
   </trkpt>
   <trkpt lat="-6.9140850" lon="108.3759070">
    <ele>1593.0</ele>
   </trkpt>
   <trkpt lat="-6.9140870" lon="108.3759150">
    <ele>1593.0</ele>
   </trkpt>
   <trkpt lat="-6.9140890" lon="108.3759240">
    <ele>1593.0</ele>
   </trkpt>
   <trkpt lat="-6.9140920" lon="108.3759320">
    <ele>1593.0</ele>
   </trkpt>
   <trkpt lat="-6.9140950" lon="108.3759410">
    <ele>1594.0</ele>
   </trkpt>
   <trkpt lat="-6.9140980" lon="108.3759500">
    <ele>1594.0</ele>
   </trkpt>
   <trkpt lat="-6.9141010" lon="108.3759590">
    <ele>1594.0</ele>
   </trkpt>
   <trkpt lat="-6.9141070" lon="108.3759650">
    <ele>1595.0</ele>
   </trkpt>
   <trkpt lat="-6.9141120" lon="108.3759700">
    <ele>1595.0</ele>
   </trkpt>
   <trkpt lat="-6.9141190" lon="108.3759750">
    <ele>1596.0</ele>
   </trkpt>
   <trkpt lat="-6.9141270" lon="108.3759800">
    <ele>1596.0</ele>
   </trkpt>
   <trkpt lat="-6.9141350" lon="108.3759850">
    <ele>1596.0</ele>
   </trkpt>
   <trkpt lat="-6.9141430" lon="108.3759910">
    <ele>1596.0</ele>
   </trkpt>
   <trkpt lat="-6.9141530" lon="108.3759940">
    <ele>1596.0</ele>
   </trkpt>
   <trkpt lat="-6.9141630" lon="108.3759980">
    <ele>1597.0</ele>
   </trkpt>
   <trkpt lat="-6.9141750" lon="108.3760010">
    <ele>1597.0</ele>
   </trkpt>
   <trkpt lat="-6.9141870" lon="108.3760040">
    <ele>1597.0</ele>
   </trkpt>
   <trkpt lat="-6.9141990" lon="108.3760070">
    <ele>1597.0</ele>
   </trkpt>
   <trkpt lat="-6.9142120" lon="108.3760110">
    <ele>1597.0</ele>
   </trkpt>
   <trkpt lat="-6.9142260" lon="108.3760160">
    <ele>1598.0</ele>
   </trkpt>
   <trkpt lat="-6.9142390" lon="108.3760210">
    <ele>1598.0</ele>
   </trkpt>
   <trkpt lat="-6.9142530" lon="108.3760300">
    <ele>1598.0</ele>
   </trkpt>
   <trkpt lat="-6.9142670" lon="108.3760390">
    <ele>1598.0</ele>
   </trkpt>
   <trkpt lat="-6.9142810" lon="108.3760510">
    <ele>1598.0</ele>
   </trkpt>
   <trkpt lat="-6.9142940" lon="108.3760640">
    <ele>1599.0</ele>
   </trkpt>
   <trkpt lat="-6.9143060" lon="108.3760780">
    <ele>1599.0</ele>
   </trkpt>
   <trkpt lat="-6.9143180" lon="108.3760920">
    <ele>1599.0</ele>
   </trkpt>
   <trkpt lat="-6.9143280" lon="108.3761050">
    <ele>1599.0</ele>
   </trkpt>
   <trkpt lat="-6.9143380" lon="108.3761190">
    <ele>1599.0</ele>
   </trkpt>
   <trkpt lat="-6.9143460" lon="108.3761320">
    <ele>1600.0</ele>
   </trkpt>
   <trkpt lat="-6.9143540" lon="108.3761450">
    <ele>1600.0</ele>
   </trkpt>
   <trkpt lat="-6.9143630" lon="108.3761590">
    <ele>1600.0</ele>
   </trkpt>
   <trkpt lat="-6.9143720" lon="108.3761720">
    <ele>1601.0</ele>
   </trkpt>
   <trkpt lat="-6.9143810" lon="108.3761860">
    <ele>1601.0</ele>
   </trkpt>
   <trkpt lat="-6.9143910" lon="108.3761990">
    <ele>1602.0</ele>
   </trkpt>
   <trkpt lat="-6.9144020" lon="108.3762130">
    <ele>1602.0</ele>
   </trkpt>
   <trkpt lat="-6.9144120" lon="108.3762260">
    <ele>1602.0</ele>
   </trkpt>
   <trkpt lat="-6.9144230" lon="108.3762370">
    <ele>1603.0</ele>
   </trkpt>
   <trkpt lat="-6.9144340" lon="108.3762480">
    <ele>1603.0</ele>
   </trkpt>
   <trkpt lat="-6.9144450" lon="108.3762590">
    <ele>1604.0</ele>
   </trkpt>
   <trkpt lat="-6.9144570" lon="108.3762700">
    <ele>1604.0</ele>
   </trkpt>
   <trkpt lat="-6.9144680" lon="108.3762800">
    <ele>1604.0</ele>
   </trkpt>
   <trkpt lat="-6.9144790" lon="108.3762900">
    <ele>1604.0</ele>
   </trkpt>
   <trkpt lat="-6.9144900" lon="108.3763010">
    <ele>1604.0</ele>
   </trkpt>
   <trkpt lat="-6.9145010" lon="108.3763110">
    <ele>1605.0</ele>
   </trkpt>
   <trkpt lat="-6.9145140" lon="108.3763220">
    <ele>1605.0</ele>
   </trkpt>
   <trkpt lat="-6.9145260" lon="108.3763330">
    <ele>1605.0</ele>
   </trkpt>
   <trkpt lat="-6.9145380" lon="108.3763450">
    <ele>1606.0</ele>
   </trkpt>
   <trkpt lat="-6.9145510" lon="108.3763570">
    <ele>1606.0</ele>
   </trkpt>
   <trkpt lat="-6.9145620" lon="108.3763690">
    <ele>1607.0</ele>
   </trkpt>
   <trkpt lat="-6.9145730" lon="108.3763810">
    <ele>1607.0</ele>
   </trkpt>
   <trkpt lat="-6.9145850" lon="108.3763930">
    <ele>1607.0</ele>
   </trkpt>
   <trkpt lat="-6.9145960" lon="108.3764060">
    <ele>1607.0</ele>
   </trkpt>
   <trkpt lat="-6.9146070" lon="108.3764190">
    <ele>1607.0</ele>
   </trkpt>
   <trkpt lat="-6.9146180" lon="108.3764330">
    <ele>1608.0</ele>
   </trkpt>
   <trkpt lat="-6.9146290" lon="108.3764470">
    <ele>1608.0</ele>
   </trkpt>
   <trkpt lat="-6.9146400" lon="108.3764610">
    <ele>1608.0</ele>
   </trkpt>
   <trkpt lat="-6.9146520" lon="108.3764730">
    <ele>1609.0</ele>
   </trkpt>
   <trkpt lat="-6.9146640" lon="108.3764860">
    <ele>1609.0</ele>
   </trkpt>
   <trkpt lat="-6.9146760" lon="108.3764990">
    <ele>1610.0</ele>
   </trkpt>
   <trkpt lat="-6.9146880" lon="108.3765110">
    <ele>1610.0</ele>
   </trkpt>
   <trkpt lat="-6.9147010" lon="108.3765230">
    <ele>1610.0</ele>
   </trkpt>
   <trkpt lat="-6.9147130" lon="108.3765350">
    <ele>1610.0</ele>
   </trkpt>
   <trkpt lat="-6.9147250" lon="108.3765480">
    <ele>1610.0</ele>
   </trkpt>
   <trkpt lat="-6.9147380" lon="108.3765620">
    <ele>1611.0</ele>
   </trkpt>
   <trkpt lat="-6.9147500" lon="108.3765770">
    <ele>1611.0</ele>
   </trkpt>
   <trkpt lat="-6.9147620" lon="108.3765910">
    <ele>1611.0</ele>
   </trkpt>
   <trkpt lat="-6.9147730" lon="108.3766060">
    <ele>1611.0</ele>
   </trkpt>
   <trkpt lat="-6.9147840" lon="108.3766210">
    <ele>1611.0</ele>
   </trkpt>
   <trkpt lat="-6.9147930" lon="108.3766360">
    <ele>1612.0</ele>
   </trkpt>
   <trkpt lat="-6.9148020" lon="108.3766520">
    <ele>1612.0</ele>
   </trkpt>
   <trkpt lat="-6.9148090" lon="108.3766680">
    <ele>1612.0</ele>
   </trkpt>
   <trkpt lat="-6.9148170" lon="108.3766850">
    <ele>1612.0</ele>
   </trkpt>
   <trkpt lat="-6.9148220" lon="108.3767020">
    <ele>1612.0</ele>
   </trkpt>
   <trkpt lat="-6.9148280" lon="108.3767190">
    <ele>1613.0</ele>
   </trkpt>
   <trkpt lat="-6.9148300" lon="108.3767360">
    <ele>1613.0</ele>
   </trkpt>
   <trkpt lat="-6.9148330" lon="108.3767530">
    <ele>1613.0</ele>
   </trkpt>
   <trkpt lat="-6.9148320" lon="108.3767700">
    <ele>1613.0</ele>
   </trkpt>
   <trkpt lat="-6.9148320" lon="108.3767870">
    <ele>1613.0</ele>
   </trkpt>
   <trkpt lat="-6.9148290" lon="108.3768040">
    <ele>1613.0</ele>
   </trkpt>
   <trkpt lat="-6.9148250" lon="108.3768200">
    <ele>1613.0</ele>
   </trkpt>
   <trkpt lat="-6.9148190" lon="108.3768360">
    <ele>1613.0</ele>
   </trkpt>
   <trkpt lat="-6.9148140" lon="108.3768510">
    <ele>1613.0</ele>
   </trkpt>
   <trkpt lat="-6.9148080" lon="108.3768670">
    <ele>1613.0</ele>
   </trkpt>
   <trkpt lat="-6.9148030" lon="108.3768830">
    <ele>1614.0</ele>
   </trkpt>
   <trkpt lat="-6.9147970" lon="108.3768990">
    <ele>1614.0</ele>
   </trkpt>
   <trkpt lat="-6.9147910" lon="108.3769160">
    <ele>1614.0</ele>
   </trkpt>
   <trkpt lat="-6.9147830" lon="108.3769310">
    <ele>1614.0</ele>
   </trkpt>
   <trkpt lat="-6.9147740" lon="108.3769460">
    <ele>1614.0</ele>
   </trkpt>
   <trkpt lat="-6.9147630" lon="108.3769570">
    <ele>1614.0</ele>
   </trkpt>
   <trkpt lat="-6.9147530" lon="108.3769690">
    <ele>1614.0</ele>
   </trkpt>
   <trkpt lat="-6.9147420" lon="108.3769780">
    <ele>1614.0</ele>
   </trkpt>
   <trkpt lat="-6.9147320" lon="108.3769880">
    <ele>1615.0</ele>
   </trkpt>
   <trkpt lat="-6.9147210" lon="108.3769970">
    <ele>1615.0</ele>
   </trkpt>
   <trkpt lat="-6.9147110" lon="108.3770050">
    <ele>1616.0</ele>
   </trkpt>
   <trkpt lat="-6.9147010" lon="108.3770140">
    <ele>1616.0</ele>
   </trkpt>
   <trkpt lat="-6.9146900" lon="108.3770230">
    <ele>1616.0</ele>
   </trkpt>
   <trkpt lat="-6.9146790" lon="108.3770310">
    <ele>1616.0</ele>
   </trkpt>
   <trkpt lat="-6.9146670" lon="108.3770400">
    <ele>1616.0</ele>
   </trkpt>
   <trkpt lat="-6.9146560" lon="108.3770490">
    <ele>1617.0</ele>
   </trkpt>
   <trkpt lat="-6.9146440" lon="108.3770580">
    <ele>1617.0</ele>
   </trkpt>
   <trkpt lat="-6.9146330" lon="108.3770670">
    <ele>1617.0</ele>
   </trkpt>
   <trkpt lat="-6.9146210" lon="108.3770750">
    <ele>1618.0</ele>
   </trkpt>
   <trkpt lat="-6.9146100" lon="108.3770830">
    <ele>1618.0</ele>
   </trkpt>
   <trkpt lat="-6.9145980" lon="108.3770920">
    <ele>1619.0</ele>
   </trkpt>
   <trkpt lat="-6.9145870" lon="108.3771000">
    <ele>1619.0</ele>
   </trkpt>
   <trkpt lat="-6.9145760" lon="108.3771080">
    <ele>1619.0</ele>
   </trkpt>
   <trkpt lat="-6.9145660" lon="108.3771190">
    <ele>1619.0</ele>
   </trkpt>
   <trkpt lat="-6.9145560" lon="108.3771290">
    <ele>1619.0</ele>
   </trkpt>
   <trkpt lat="-6.9145470" lon="108.3771410">
    <ele>1620.0</ele>
   </trkpt>
   <trkpt lat="-6.9145370" lon="108.3771530">
    <ele>1620.0</ele>
   </trkpt>
   <trkpt lat="-6.9145290" lon="108.3771680">
    <ele>1620.0</ele>
   </trkpt>
   <trkpt lat="-6.9145210" lon="108.3771830">
    <ele>1621.0</ele>
   </trkpt>
   <trkpt lat="-6.9145120" lon="108.3771990">
    <ele>1621.0</ele>
   </trkpt>
   <trkpt lat="-6.9145040" lon="108.3772160">
    <ele>1622.0</ele>
   </trkpt>
   <trkpt lat="-6.9144970" lon="108.3772340">
    <ele>1622.0</ele>
   </trkpt>
   <trkpt lat="-6.9144900" lon="108.3772520">
    <ele>1622.0</ele>
   </trkpt>
   <trkpt lat="-6.9144840" lon="108.3772700">
    <ele>1622.0</ele>
   </trkpt>
   <trkpt lat="-6.9144780" lon="108.3772880">
    <ele>1622.0</ele>
   </trkpt>
   <trkpt lat="-6.9144730" lon="108.3773070">
    <ele>1623.0</ele>
   </trkpt>
   <trkpt lat="-6.9144690" lon="108.3773260">
    <ele>1623.0</ele>
   </trkpt>
   <trkpt lat="-6.9144630" lon="108.3773440">
    <ele>1623.0</ele>
   </trkpt>
   <trkpt lat="-6.9144580" lon="108.3773620">
    <ele>1623.0</ele>
   </trkpt>
   <trkpt lat="-6.9144510" lon="108.3773780">
    <ele>1623.0</ele>
   </trkpt>
   <trkpt lat="-6.9144440" lon="108.3773930">
    <ele>1624.0</ele>
   </trkpt>
   <trkpt lat="-6.9144360" lon="108.3774080">
    <ele>1624.0</ele>
   </trkpt>
   <trkpt lat="-6.9144280" lon="108.3774220">
    <ele>1624.0</ele>
   </trkpt>
   <trkpt lat="-6.9144200" lon="108.3774370">
    <ele>1624.0</ele>
   </trkpt>
   <trkpt lat="-6.9144120" lon="108.3774520">
    <ele>1624.0</ele>
   </trkpt>
   <trkpt lat="-6.9144040" lon="108.3774680">
    <ele>1625.0</ele>
   </trkpt>
   <trkpt lat="-6.9143960" lon="108.3774830">
    <ele>1625.0</ele>
   </trkpt>
   <trkpt lat="-6.9143850" lon="108.3774960">
    <ele>1625.0</ele>
   </trkpt>
   <trkpt lat="-6.9143740" lon="108.3775090">
    <ele>1625.0</ele>
   </trkpt>
   <trkpt lat="-6.9143610" lon="108.3775190">
    <ele>1625.0</ele>
   </trkpt>
   <trkpt lat="-6.9143470" lon="108.3775300">
    <ele>1625.0</ele>
   </trkpt>
   <trkpt lat="-6.9143330" lon="108.3775400">
    <ele>1625.0</ele>
   </trkpt>
   <trkpt lat="-6.9143180" lon="108.3775500">
    <ele>1625.0</ele>
   </trkpt>
   <trkpt lat="-6.9143030" lon="108.3775610">
    <ele>1625.0</ele>
   </trkpt>
   <trkpt lat="-6.9142870" lon="108.3775710">
    <ele>1625.0</ele>
   </trkpt>
   <trkpt lat="-6.9142700" lon="108.3775790">
    <ele>1626.0</ele>
   </trkpt>
   <trkpt lat="-6.9142530" lon="108.3775870">
    <ele>1626.0</ele>
   </trkpt>
   <trkpt lat="-6.9142320" lon="108.3775900">
    <ele>1626.0</ele>
   </trkpt>
   <trkpt lat="-6.9142120" lon="108.3775940">
    <ele>1626.0</ele>
   </trkpt>
   <trkpt lat="-6.9141910" lon="108.3775940">
    <ele>1626.0</ele>
   </trkpt>
   <trkpt lat="-6.9141700" lon="108.3775930">
    <ele>1626.0</ele>
   </trkpt>
   <trkpt lat="-6.9141510" lon="108.3775910">
    <ele>1626.0</ele>
   </trkpt>
   <trkpt lat="-6.9141320" lon="108.3775890">
    <ele>1626.0</ele>
   </trkpt>
   <trkpt lat="-6.9141140" lon="108.3775870">
    <ele>1626.0</ele>
   </trkpt>
   <trkpt lat="-6.9140960" lon="108.3775850">
    <ele>1626.0</ele>
   </trkpt>
   <trkpt lat="-6.9140750" lon="108.3775850">
    <ele>1626.0</ele>
   </trkpt>
   <trkpt lat="-6.9140550" lon="108.3775850">
    <ele>1626.0</ele>
   </trkpt>
   <trkpt lat="-6.9140340" lon="108.3775870">
    <ele>1626.0</ele>
   </trkpt>
   <trkpt lat="-6.9140130" lon="108.3775900">
    <ele>1626.0</ele>
   </trkpt>
   <trkpt lat="-6.9139920" lon="108.3775940">
    <ele>1626.0</ele>
   </trkpt>
   <trkpt lat="-6.9139710" lon="108.3775980">
    <ele>1627.0</ele>
   </trkpt>
   <trkpt lat="-6.9139500" lon="108.3776050">
    <ele>1627.0</ele>
   </trkpt>
   <trkpt lat="-6.9139280" lon="108.3776110">
    <ele>1627.0</ele>
   </trkpt>
   <trkpt lat="-6.9139100" lon="108.3776200">
    <ele>1627.0</ele>
   </trkpt>
   <trkpt lat="-6.9138910" lon="108.3776280">
    <ele>1627.0</ele>
   </trkpt>
   <trkpt lat="-6.9138740" lon="108.3776370">
    <ele>1628.0</ele>
   </trkpt>
   <trkpt lat="-6.9138580" lon="108.3776460">
    <ele>1628.0</ele>
   </trkpt>
   <trkpt lat="-6.9138420" lon="108.3776530">
    <ele>1628.0</ele>
   </trkpt>
   <trkpt lat="-6.9138270" lon="108.3776600">
    <ele>1628.0</ele>
   </trkpt>
   <trkpt lat="-6.9138130" lon="108.3776660">
    <ele>1628.0</ele>
   </trkpt>
   <trkpt lat="-6.9138000" lon="108.3776710">
    <ele>1628.0</ele>
   </trkpt>
   <trkpt lat="-6.9137890" lon="108.3776790">
    <ele>1628.0</ele>
   </trkpt>
   <trkpt lat="-6.9137780" lon="108.3776860">
    <ele>1628.0</ele>
   </trkpt>
   <trkpt lat="-6.9137670" lon="108.3776960">
    <ele>1628.0</ele>
   </trkpt>
   <trkpt lat="-6.9137560" lon="108.3777060">
    <ele>1628.0</ele>
   </trkpt>
   <trkpt lat="-6.9137490" lon="108.3777160">
    <ele>1629.0</ele>
   </trkpt>
   <trkpt lat="-6.9137410" lon="108.3777260">
    <ele>1629.0</ele>
   </trkpt>
   <trkpt lat="-6.9137390" lon="108.3777330">
    <ele>1629.0</ele>
   </trkpt>
   <trkpt lat="-6.9137370" lon="108.3777390">
    <ele>1629.0</ele>
   </trkpt>
   <trkpt lat="-6.9137350" lon="108.3777460">
    <ele>1629.0</ele>
   </trkpt>
   <trkpt lat="-6.9137370" lon="108.3777560">
    <ele>1630.0</ele>
   </trkpt>
   <trkpt lat="-6.9137390" lon="108.3777660">
    <ele>1630.0</ele>
   </trkpt>
   <trkpt lat="-6.9137440" lon="108.3777760">
    <ele>1630.0</ele>
   </trkpt>
   <trkpt lat="-6.9137480" lon="108.3777860">
    <ele>1630.0</ele>
   </trkpt>
   <trkpt lat="-6.9137540" lon="108.3777980">
    <ele>1630.0</ele>
   </trkpt>
   <trkpt lat="-6.9137600" lon="108.3778100">
    <ele>1631.0</ele>
   </trkpt>
   <trkpt lat="-6.9137660" lon="108.3778230">
    <ele>1631.0</ele>
   </trkpt>
   <trkpt lat="-6.9137720" lon="108.3778360">
    <ele>1631.0</ele>
   </trkpt>
   <trkpt lat="-6.9137790" lon="108.3778480">
    <ele>1632.0</ele>
   </trkpt>
   <trkpt lat="-6.9137850" lon="108.3778600">
    <ele>1632.0</ele>
   </trkpt>
   <trkpt lat="-6.9137920" lon="108.3778710">
    <ele>1633.0</ele>
   </trkpt>
   <trkpt lat="-6.9137980" lon="108.3778820">
    <ele>1633.0</ele>
   </trkpt>
   <trkpt lat="-6.9138050" lon="108.3778930">
    <ele>1633.0</ele>
   </trkpt>
   <trkpt lat="-6.9138110" lon="108.3779030">
    <ele>1634.0</ele>
   </trkpt>
   <trkpt lat="-6.9138180" lon="108.3779140">
    <ele>1634.0</ele>
   </trkpt>
   <trkpt lat="-6.9138240" lon="108.3779250">
    <ele>1635.0</ele>
   </trkpt>
   <trkpt lat="-6.9138310" lon="108.3779360">
    <ele>1635.0</ele>
   </trkpt>
   <trkpt lat="-6.9138370" lon="108.3779470">
    <ele>1635.0</ele>
   </trkpt>
   <trkpt lat="-6.9138440" lon="108.3779590">
    <ele>1636.0</ele>
   </trkpt>
   <trkpt lat="-6.9138500" lon="108.3779720">
    <ele>1636.0</ele>
   </trkpt>
   <trkpt lat="-6.9138570" lon="108.3779850">
    <ele>1637.0</ele>
   </trkpt>
   <trkpt lat="-6.9138640" lon="108.3779980">
    <ele>1637.0</ele>
   </trkpt>
   <trkpt lat="-6.9138720" lon="108.3780090">
    <ele>1637.0</ele>
   </trkpt>
   <trkpt lat="-6.9138790" lon="108.3780200">
    <ele>1637.0</ele>
   </trkpt>
   <trkpt lat="-6.9138880" lon="108.3780310">
    <ele>1637.0</ele>
   </trkpt>
   <trkpt lat="-6.9138960" lon="108.3780420">
    <ele>1638.0</ele>
   </trkpt>
   <trkpt lat="-6.9139060" lon="108.3780530">
    <ele>1638.0</ele>
   </trkpt>
   <trkpt lat="-6.9139170" lon="108.3780640">
    <ele>1638.0</ele>
   </trkpt>
   <trkpt lat="-6.9139280" lon="108.3780740">
    <ele>1639.0</ele>
   </trkpt>
   <trkpt lat="-6.9139390" lon="108.3780850">
    <ele>1639.0</ele>
   </trkpt>
   <trkpt lat="-6.9139510" lon="108.3780960">
    <ele>1640.0</ele>
   </trkpt>
   <trkpt lat="-6.9139620" lon="108.3781070">
    <ele>1640.0</ele>
   </trkpt>
   <trkpt lat="-6.9139730" lon="108.3781180">
    <ele>1640.0</ele>
   </trkpt>
   <trkpt lat="-6.9139840" lon="108.3781280">
    <ele>1640.0</ele>
   </trkpt>
   <trkpt lat="-6.9139940" lon="108.3781390">
    <ele>1640.0</ele>
   </trkpt>
   <trkpt lat="-6.9140040" lon="108.3781490">
    <ele>1641.0</ele>
   </trkpt>
   <trkpt lat="-6.9140130" lon="108.3781600">
    <ele>1641.0</ele>
   </trkpt>
   <trkpt lat="-6.9140210" lon="108.3781720">
    <ele>1641.0</ele>
   </trkpt>
   <trkpt lat="-6.9140270" lon="108.3781830">
    <ele>1641.0</ele>
   </trkpt>
   <trkpt lat="-6.9140330" lon="108.3781940">
    <ele>1641.0</ele>
   </trkpt>
   <trkpt lat="-6.9140370" lon="108.3782060">
    <ele>1642.0</ele>
   </trkpt>
   <trkpt lat="-6.9140410" lon="108.3782180">
    <ele>1642.0</ele>
   </trkpt>
   <trkpt lat="-6.9140450" lon="108.3782320">
    <ele>1642.0</ele>
   </trkpt>
   <trkpt lat="-6.9140490" lon="108.3782460">
    <ele>1643.0</ele>
   </trkpt>
   <trkpt lat="-6.9140520" lon="108.3782610">
    <ele>1643.0</ele>
   </trkpt>
   <trkpt lat="-6.9140550" lon="108.3782770">
    <ele>1644.0</ele>
   </trkpt>
   <trkpt lat="-6.9140570" lon="108.3782930">
    <ele>1644.0</ele>
   </trkpt>
   <trkpt lat="-6.9140600" lon="108.3783100">
    <ele>1644.0</ele>
   </trkpt>
   <trkpt lat="-6.9140630" lon="108.3783280">
    <ele>1645.0</ele>
   </trkpt>
   <trkpt lat="-6.9140650" lon="108.3783460">
    <ele>1645.0</ele>
   </trkpt>
   <trkpt lat="-6.9140670" lon="108.3783630">
    <ele>1646.0</ele>
   </trkpt>
   <trkpt lat="-6.9140700" lon="108.3783800">
    <ele>1646.0</ele>
   </trkpt>
   <trkpt lat="-6.9140720" lon="108.3783960">
    <ele>1646.0</ele>
   </trkpt>
   <trkpt lat="-6.9140740" lon="108.3784110">
    <ele>1646.0</ele>
   </trkpt>
   <trkpt lat="-6.9140760" lon="108.3784260">
    <ele>1646.0</ele>
   </trkpt>
   <trkpt lat="-6.9140780" lon="108.3784400">
    <ele>1647.0</ele>
   </trkpt>
   <trkpt lat="-6.9140810" lon="108.3784560">
    <ele>1647.0</ele>
   </trkpt>
   <trkpt lat="-6.9140830" lon="108.3784710">
    <ele>1647.0</ele>
   </trkpt>
   <trkpt lat="-6.9140840" lon="108.3784870">
    <ele>1648.0</ele>
   </trkpt>
   <trkpt lat="-6.9140860" lon="108.3785030">
    <ele>1648.0</ele>
   </trkpt>
   <trkpt lat="-6.9140860" lon="108.3785190">
    <ele>1649.0</ele>
   </trkpt>
   <trkpt lat="-6.9140860" lon="108.3785350">
    <ele>1649.0</ele>
   </trkpt>
   <trkpt lat="-6.9140840" lon="108.3785500">
    <ele>1649.0</ele>
   </trkpt>
   <trkpt lat="-6.9140830" lon="108.3785650">
    <ele>1649.0</ele>
   </trkpt>
   <trkpt lat="-6.9140800" lon="108.3785800">
    <ele>1649.0</ele>
   </trkpt>
   <trkpt lat="-6.9140770" lon="108.3785950">
    <ele>1650.0</ele>
   </trkpt>
   <trkpt lat="-6.9140730" lon="108.3786080">
    <ele>1650.0</ele>
   </trkpt>
   <trkpt lat="-6.9140690" lon="108.3786220">
    <ele>1650.0</ele>
   </trkpt>
   <trkpt lat="-6.9140650" lon="108.3786340">
    <ele>1650.0</ele>
   </trkpt>
   <trkpt lat="-6.9140600" lon="108.3786460">
    <ele>1650.0</ele>
   </trkpt>
   <trkpt lat="-6.9140520" lon="108.3786580">
    <ele>1651.0</ele>
   </trkpt>
   <trkpt lat="-6.9140450" lon="108.3786710">
    <ele>1651.0</ele>
   </trkpt>
   <trkpt lat="-6.9140370" lon="108.3786860">
    <ele>1651.0</ele>
   </trkpt>
   <trkpt lat="-6.9140300" lon="108.3787010">
    <ele>1651.0</ele>
   </trkpt>
   <trkpt lat="-6.9140230" lon="108.3787190">
    <ele>1651.0</ele>
   </trkpt>
   <trkpt lat="-6.9140160" lon="108.3787370">
    <ele>1651.0</ele>
   </trkpt>
   <trkpt lat="-6.9140090" lon="108.3787540">
    <ele>1651.0</ele>
   </trkpt>
   <trkpt lat="-6.9140020" lon="108.3787700">
    <ele>1651.0</ele>
   </trkpt>
   <trkpt lat="-6.9139940" lon="108.3787820">
    <ele>1651.0</ele>
   </trkpt>
   <trkpt lat="-6.9139850" lon="108.3787940">
    <ele>1651.0</ele>
   </trkpt>
   <trkpt lat="-6.9139710" lon="108.3788000">
    <ele>1652.0</ele>
   </trkpt>
   <trkpt lat="-6.9139570" lon="108.3788050">
    <ele>1652.0</ele>
   </trkpt>
   <trkpt lat="-6.9139380" lon="108.3788060">
    <ele>1652.0</ele>
   </trkpt>
   <trkpt lat="-6.9139190" lon="108.3788070">
    <ele>1652.0</ele>
   </trkpt>
   <trkpt lat="-6.9138990" lon="108.3788060">
    <ele>1652.0</ele>
   </trkpt>
   <trkpt lat="-6.9138800" lon="108.3788060">
    <ele>1652.0</ele>
   </trkpt>
   <trkpt lat="-6.9138640" lon="108.3788080">
    <ele>1652.0</ele>
   </trkpt>
   <trkpt lat="-6.9138480" lon="108.3788090">
    <ele>1652.0</ele>
   </trkpt>
   <trkpt lat="-6.9138350" lon="108.3788110">
    <ele>1652.0</ele>
   </trkpt>
   <trkpt lat="-6.9138230" lon="108.3788130">
    <ele>1652.0</ele>
   </trkpt>
   <trkpt lat="-6.9138120" lon="108.3788140">
    <ele>1653.0</ele>
   </trkpt>
   <trkpt lat="-6.9138020" lon="108.3788150">
    <ele>1653.0</ele>
   </trkpt>
   <trkpt lat="-6.9137900" lon="108.3788150">
    <ele>1653.0</ele>
   </trkpt>
   <trkpt lat="-6.9137790" lon="108.3788150">
    <ele>1653.0</ele>
   </trkpt>
   <trkpt lat="-6.9137670" lon="108.3788160">
    <ele>1653.0</ele>
   </trkpt>
   <trkpt lat="-6.9137550" lon="108.3788160">
    <ele>1653.0</ele>
   </trkpt>
   <trkpt lat="-6.9137450" lon="108.3788160">
    <ele>1653.0</ele>
   </trkpt>
   <trkpt lat="-6.9137340" lon="108.3788160">
    <ele>1653.0</ele>
   </trkpt>
   <trkpt lat="-6.9137240" lon="108.3788170">
    <ele>1653.0</ele>
   </trkpt>
   <trkpt lat="-6.9137140" lon="108.3788180">
    <ele>1653.0</ele>
   </trkpt>
   <trkpt lat="-6.9137040" lon="108.3788200">
    <ele>1654.0</ele>
   </trkpt>
   <trkpt lat="-6.9136950" lon="108.3788220">
    <ele>1654.0</ele>
   </trkpt>
   <trkpt lat="-6.9136840" lon="108.3788240">
    <ele>1654.0</ele>
   </trkpt>
   <trkpt lat="-6.9136730" lon="108.3788260">
    <ele>1655.0</ele>
   </trkpt>
   <trkpt lat="-6.9136610" lon="108.3788270">
    <ele>1655.0</ele>
   </trkpt>
   <trkpt lat="-6.9136490" lon="108.3788290">
    <ele>1656.0</ele>
   </trkpt>
   <trkpt lat="-6.9136370" lon="108.3788290">
    <ele>1656.0</ele>
   </trkpt>
   <trkpt lat="-6.9136250" lon="108.3788300">
    <ele>1656.0</ele>
   </trkpt>
   <trkpt lat="-6.9136140" lon="108.3788300">
    <ele>1656.0</ele>
   </trkpt>
   <trkpt lat="-6.9136030" lon="108.3788290">
    <ele>1656.0</ele>
   </trkpt>
   <trkpt lat="-6.9135920" lon="108.3788300">
    <ele>1656.0</ele>
   </trkpt>
   <trkpt lat="-6.9135820" lon="108.3788310">
    <ele>1656.0</ele>
   </trkpt>
   <trkpt lat="-6.9135710" lon="108.3788330">
    <ele>1656.0</ele>
   </trkpt>
   <trkpt lat="-6.9135610" lon="108.3788340">
    <ele>1656.0</ele>
   </trkpt>
   <trkpt lat="-6.9135480" lon="108.3788360">
    <ele>1656.0</ele>
   </trkpt>
   <trkpt lat="-6.9135350" lon="108.3788390">
    <ele>1657.0</ele>
   </trkpt>
   <trkpt lat="-6.9135210" lon="108.3788400">
    <ele>1657.0</ele>
   </trkpt>
   <trkpt lat="-6.9135060" lon="108.3788420">
    <ele>1657.0</ele>
   </trkpt>
   <trkpt lat="-6.9134930" lon="108.3788420">
    <ele>1658.0</ele>
   </trkpt>
   <trkpt lat="-6.9134800" lon="108.3788410">
    <ele>1658.0</ele>
   </trkpt>
   <trkpt lat="-6.9134680" lon="108.3788370">
    <ele>1659.0</ele>
   </trkpt>
   <trkpt lat="-6.9134550" lon="108.3788340">
    <ele>1659.0</ele>
   </trkpt>
   <trkpt lat="-6.9134420" lon="108.3788260">
    <ele>1659.0</ele>
   </trkpt>
   <trkpt lat="-6.9134280" lon="108.3788190">
    <ele>1659.0</ele>
   </trkpt>
   <trkpt lat="-6.9134140" lon="108.3788090">
    <ele>1659.0</ele>
   </trkpt>
   <trkpt lat="-6.9134000" lon="108.3787990">
    <ele>1660.0</ele>
   </trkpt>
   <trkpt lat="-6.9133880" lon="108.3787860">
    <ele>1660.0</ele>
   </trkpt>
   <trkpt lat="-6.9133750" lon="108.3787730">
    <ele>1660.0</ele>
   </trkpt>
   <trkpt lat="-6.9133650" lon="108.3787610">
    <ele>1660.0</ele>
   </trkpt>
   <trkpt lat="-6.9133540" lon="108.3787480">
    <ele>1660.0</ele>
   </trkpt>
   <trkpt lat="-6.9133440" lon="108.3787360">
    <ele>1661.0</ele>
   </trkpt>
   <trkpt lat="-6.9133330" lon="108.3787250">
    <ele>1661.0</ele>
   </trkpt>
   <trkpt lat="-6.9133210" lon="108.3787140">
    <ele>1661.0</ele>
   </trkpt>
   <trkpt lat="-6.9133090" lon="108.3787040">
    <ele>1661.0</ele>
   </trkpt>
   <trkpt lat="-6.9132950" lon="108.3786940">
    <ele>1661.0</ele>
   </trkpt>
   <trkpt lat="-6.9132820" lon="108.3786850">
    <ele>1662.0</ele>
   </trkpt>
   <trkpt lat="-6.9132680" lon="108.3786810">
    <ele>1662.0</ele>
   </trkpt>
   <trkpt lat="-6.9132540" lon="108.3786770">
    <ele>1662.0</ele>
   </trkpt>
   <trkpt lat="-6.9132430" lon="108.3786790">
    <ele>1662.0</ele>
   </trkpt>
   <trkpt lat="-6.9132320" lon="108.3786800">
    <ele>1662.0</ele>
   </trkpt>
   <trkpt lat="-6.9132270" lon="108.3786820">
    <ele>1662.0</ele>
   </trkpt>
   <trkpt lat="-6.9132230" lon="108.3786840">
    <ele>1662.0</ele>
   </trkpt>
   <trkpt lat="-6.9132170" lon="108.3786870">
    <ele>1662.0</ele>
   </trkpt>
   <trkpt lat="-6.9132110" lon="108.3786900">
    <ele>1662.0</ele>
   </trkpt>
   <trkpt lat="-6.9132050" lon="108.3786930">
    <ele>1662.0</ele>
   </trkpt>
   <trkpt lat="-6.9131990" lon="108.3786960">
    <ele>1663.0</ele>
   </trkpt>
   <trkpt lat="-6.9131930" lon="108.3786990">
    <ele>1663.0</ele>
   </trkpt>
   <trkpt lat="-6.9131860" lon="108.3787030">
    <ele>1663.0</ele>
   </trkpt>
   <trkpt lat="-6.9131780" lon="108.3787050">
    <ele>1663.0</ele>
   </trkpt>
   <trkpt lat="-6.9131710" lon="108.3787070">
    <ele>1663.0</ele>
   </trkpt>
   <trkpt lat="-6.9131630" lon="108.3787090">
    <ele>1664.0</ele>
   </trkpt>
   <trkpt lat="-6.9131540" lon="108.3787100">
    <ele>1664.0</ele>
   </trkpt>
   <trkpt lat="-6.9131460" lon="108.3787130">
    <ele>1664.0</ele>
   </trkpt>
   <trkpt lat="-6.9131380" lon="108.3787150">
    <ele>1664.0</ele>
   </trkpt>
   <trkpt lat="-6.9131300" lon="108.3787200">
    <ele>1664.0</ele>
   </trkpt>
   <trkpt lat="-6.9131230" lon="108.3787240">
    <ele>1665.0</ele>
   </trkpt>
   <trkpt lat="-6.9131170" lon="108.3787320">
    <ele>1665.0</ele>
   </trkpt>
   <trkpt lat="-6.9131110" lon="108.3787390">
    <ele>1665.0</ele>
   </trkpt>
   <trkpt lat="-6.9131050" lon="108.3787490">
    <ele>1665.0</ele>
   </trkpt>
   <trkpt lat="-6.9131000" lon="108.3787590">
    <ele>1665.0</ele>
   </trkpt>
   <trkpt lat="-6.9130950" lon="108.3787700">
    <ele>1666.0</ele>
   </trkpt>
   <trkpt lat="-6.9130900" lon="108.3787810">
    <ele>1666.0</ele>
   </trkpt>
   <trkpt lat="-6.9130850" lon="108.3787910">
    <ele>1666.0</ele>
   </trkpt>
   <trkpt lat="-6.9130810" lon="108.3788020">
    <ele>1667.0</ele>
   </trkpt>
   <trkpt lat="-6.9130770" lon="108.3788100">
    <ele>1667.0</ele>
   </trkpt>
   <trkpt lat="-6.9130730" lon="108.3788190">
    <ele>1668.0</ele>
   </trkpt>
   <trkpt lat="-6.9130680" lon="108.3788260">
    <ele>1668.0</ele>
   </trkpt>
   <trkpt lat="-6.9130630" lon="108.3788330">
    <ele>1668.0</ele>
   </trkpt>
   <trkpt lat="-6.9130620" lon="108.3788360">
    <ele>1668.0</ele>
   </trkpt>
   <trkpt lat="-6.9130600" lon="108.3788380">
    <ele>1668.0</ele>
   </trkpt>
   <trkpt lat="-6.9130580" lon="108.3788410">
    <ele>1669.0</ele>
   </trkpt>
   <trkpt lat="-6.9130560" lon="108.3788430">
    <ele>1669.0</ele>
   </trkpt>
   <trkpt lat="-6.9130520" lon="108.3788500">
    <ele>1669.0</ele>
   </trkpt>
   <trkpt lat="-6.9130480" lon="108.3788580">
    <ele>1669.0</ele>
   </trkpt>
   <trkpt lat="-6.9130440" lon="108.3788650">
    <ele>1669.0</ele>
   </trkpt>
   <trkpt lat="-6.9130410" lon="108.3788720">
    <ele>1670.0</ele>
   </trkpt>
   <trkpt lat="-6.9130370" lon="108.3788800">
    <ele>1670.0</ele>
   </trkpt>
   <trkpt lat="-6.9130330" lon="108.3788890">
    <ele>1670.0</ele>
   </trkpt>
   <trkpt lat="-6.9130290" lon="108.3788970">
    <ele>1671.0</ele>
   </trkpt>
   <trkpt lat="-6.9130250" lon="108.3789060">
    <ele>1671.0</ele>
   </trkpt>
   <trkpt lat="-6.9130210" lon="108.3789140">
    <ele>1672.0</ele>
   </trkpt>
   <trkpt lat="-6.9130170" lon="108.3789210">
    <ele>1672.0</ele>
   </trkpt>
   <trkpt lat="-6.9130140" lon="108.3789270">
    <ele>1672.0</ele>
   </trkpt>
   <trkpt lat="-6.9130110" lon="108.3789340">
    <ele>1672.0</ele>
   </trkpt>
   <trkpt lat="-6.9130100" lon="108.3789380">
    <ele>1672.0</ele>
   </trkpt>
   <trkpt lat="-6.9130080" lon="108.3789420">
    <ele>1673.0</ele>
   </trkpt>
   <trkpt lat="-6.9130070" lon="108.3789460">
    <ele>1673.0</ele>
   </trkpt>
   <trkpt lat="-6.9130030" lon="108.3789510">
    <ele>1673.0</ele>
   </trkpt>
   <trkpt lat="-6.9130000" lon="108.3789560">
    <ele>1673.0</ele>
   </trkpt>
   <trkpt lat="-6.9129950" lon="108.3789640">
    <ele>1673.0</ele>
   </trkpt>
   <trkpt lat="-6.9129910" lon="108.3789720">
    <ele>1674.0</ele>
   </trkpt>
   <trkpt lat="-6.9129870" lon="108.3789850">
    <ele>1674.0</ele>
   </trkpt>
   <trkpt lat="-6.9129830" lon="108.3789980">
    <ele>1674.0</ele>
   </trkpt>
   <trkpt lat="-6.9129800" lon="108.3790120">
    <ele>1675.0</ele>
   </trkpt>
   <trkpt lat="-6.9129770" lon="108.3790260">
    <ele>1675.0</ele>
   </trkpt>
   <trkpt lat="-6.9129740" lon="108.3790390">
    <ele>1676.0</ele>
   </trkpt>
   <trkpt lat="-6.9129710" lon="108.3790520">
    <ele>1676.0</ele>
   </trkpt>
   <trkpt lat="-6.9129680" lon="108.3790640">
    <ele>1676.0</ele>
   </trkpt>
   <trkpt lat="-6.9129640" lon="108.3790760">
    <ele>1677.0</ele>
   </trkpt>
   <trkpt lat="-6.9129600" lon="108.3790860">
    <ele>1677.0</ele>
   </trkpt>
   <trkpt lat="-6.9129560" lon="108.3790960">
    <ele>1678.0</ele>
   </trkpt>
   <trkpt lat="-6.9129530" lon="108.3791050">
    <ele>1678.0</ele>
   </trkpt>
   <trkpt lat="-6.9129490" lon="108.3791140">
    <ele>1678.0</ele>
   </trkpt>
   <trkpt lat="-6.9129470" lon="108.3791220">
    <ele>1678.0</ele>
   </trkpt>
   <trkpt lat="-6.9129450" lon="108.3791300">
    <ele>1678.0</ele>
   </trkpt>
   <trkpt lat="-6.9129430" lon="108.3791390">
    <ele>1679.0</ele>
   </trkpt>
   <trkpt lat="-6.9129420" lon="108.3791470">
    <ele>1679.0</ele>
   </trkpt>
   <trkpt lat="-6.9129420" lon="108.3791550">
    <ele>1679.0</ele>
   </trkpt>
   <trkpt lat="-6.9129420" lon="108.3791620">
    <ele>1679.0</ele>
   </trkpt>
   <trkpt lat="-6.9129420" lon="108.3791690">
    <ele>1679.0</ele>
   </trkpt>
   <trkpt lat="-6.9129420" lon="108.3791760">
    <ele>1680.0</ele>
   </trkpt>
   <trkpt lat="-6.9129430" lon="108.3791830">
    <ele>1680.0</ele>
   </trkpt>
   <trkpt lat="-6.9129440" lon="108.3791900">
    <ele>1680.0</ele>
   </trkpt>
   <trkpt lat="-6.9129450" lon="108.3791980">
    <ele>1680.0</ele>
   </trkpt>
   <trkpt lat="-6.9129460" lon="108.3792060">
    <ele>1680.0</ele>
   </trkpt>
   <trkpt lat="-6.9129470" lon="108.3792130">
    <ele>1681.0</ele>
   </trkpt>
   <trkpt lat="-6.9129480" lon="108.3792210">
    <ele>1681.0</ele>
   </trkpt>
   <trkpt lat="-6.9129480" lon="108.3792260">
    <ele>1681.0</ele>
   </trkpt>
   <trkpt lat="-6.9129480" lon="108.3792310">
    <ele>1682.0</ele>
   </trkpt>
   <trkpt lat="-6.9129480" lon="108.3792360">
    <ele>1682.0</ele>
   </trkpt>
   <trkpt lat="-6.9129490" lon="108.3792420">
    <ele>1683.0</ele>
   </trkpt>
   <trkpt lat="-6.9129510" lon="108.3792480">
    <ele>1683.0</ele>
   </trkpt>
   <trkpt lat="-6.9129520" lon="108.3792540">
    <ele>1683.0</ele>
   </trkpt>
   <trkpt lat="-6.9129530" lon="108.3792600">
    <ele>1683.0</ele>
   </trkpt>
   <trkpt lat="-6.9129520" lon="108.3792670">
    <ele>1683.0</ele>
   </trkpt>
   <trkpt lat="-6.9129510" lon="108.3792740">
    <ele>1684.0</ele>
   </trkpt>
   <trkpt lat="-6.9129470" lon="108.3792810">
    <ele>1684.0</ele>
   </trkpt>
   <trkpt lat="-6.9129440" lon="108.3792880">
    <ele>1684.0</ele>
   </trkpt>
   <trkpt lat="-6.9129410" lon="108.3792950">
    <ele>1684.0</ele>
   </trkpt>
   <trkpt lat="-6.9129390" lon="108.3793020">
    <ele>1684.0</ele>
   </trkpt>
   <trkpt lat="-6.9129370" lon="108.3793090">
    <ele>1685.0</ele>
   </trkpt>
   <trkpt lat="-6.9129360" lon="108.3793160">
    <ele>1685.0</ele>
   </trkpt>
   <trkpt lat="-6.9129340" lon="108.3793240">
    <ele>1685.0</ele>
   </trkpt>
   <trkpt lat="-6.9129320" lon="108.3793330">
    <ele>1686.0</ele>
   </trkpt>
   <trkpt lat="-6.9129300" lon="108.3793410">
    <ele>1686.0</ele>
   </trkpt>
   <trkpt lat="-6.9129280" lon="108.3793500">
    <ele>1687.0</ele>
   </trkpt>
   <trkpt lat="-6.9129270" lon="108.3793570">
    <ele>1687.0</ele>
   </trkpt>
   <trkpt lat="-6.9129260" lon="108.3793640">
    <ele>1687.0</ele>
   </trkpt>
   <trkpt lat="-6.9129260" lon="108.3793710">
    <ele>1687.0</ele>
   </trkpt>
   <trkpt lat="-6.9129260" lon="108.3793770">
    <ele>1687.0</ele>
   </trkpt>
   <trkpt lat="-6.9129270" lon="108.3793840">
    <ele>1688.0</ele>
   </trkpt>
   <trkpt lat="-6.9129270" lon="108.3793910">
    <ele>1688.0</ele>
   </trkpt>
   <trkpt lat="-6.9129250" lon="108.3793980">
    <ele>1688.0</ele>
   </trkpt>
   <trkpt lat="-6.9129240" lon="108.3794060">
    <ele>1688.0</ele>
   </trkpt>
   <trkpt lat="-6.9129220" lon="108.3794150">
    <ele>1688.0</ele>
   </trkpt>
   <trkpt lat="-6.9129210" lon="108.3794240">
    <ele>1689.0</ele>
   </trkpt>
   <trkpt lat="-6.9129230" lon="108.3794360">
    <ele>1689.0</ele>
   </trkpt>
   <trkpt lat="-6.9129250" lon="108.3794490">
    <ele>1689.0</ele>
   </trkpt>
   <trkpt lat="-6.9129300" lon="108.3794640">
    <ele>1690.0</ele>
   </trkpt>
   <trkpt lat="-6.9129350" lon="108.3794790">
    <ele>1690.0</ele>
   </trkpt>
   <trkpt lat="-6.9129410" lon="108.3794930">
    <ele>1691.0</ele>
   </trkpt>
   <trkpt lat="-6.9129470" lon="108.3795080">
    <ele>1691.0</ele>
   </trkpt>
   <trkpt lat="-6.9129520" lon="108.3795220">
    <ele>1691.0</ele>
   </trkpt>
   <trkpt lat="-6.9129570" lon="108.3795360">
    <ele>1691.0</ele>
   </trkpt>
   <trkpt lat="-6.9129600" lon="108.3795500">
    <ele>1691.0</ele>
   </trkpt>
   <trkpt lat="-6.9129620" lon="108.3795640">
    <ele>1692.0</ele>
   </trkpt>
   <trkpt lat="-6.9129620" lon="108.3795780">
    <ele>1692.0</ele>
   </trkpt>
   <trkpt lat="-6.9129620" lon="108.3795920">
    <ele>1692.0</ele>
   </trkpt>
   <trkpt lat="-6.9129590" lon="108.3796060">
    <ele>1693.0</ele>
   </trkpt>
   <trkpt lat="-6.9129560" lon="108.3796200">
    <ele>1693.0</ele>
   </trkpt>
   <trkpt lat="-6.9129520" lon="108.3796350">
    <ele>1694.0</ele>
   </trkpt>
   <trkpt lat="-6.9129470" lon="108.3796500">
    <ele>1694.0</ele>
   </trkpt>
   <trkpt lat="-6.9129410" lon="108.3796650">
    <ele>1694.0</ele>
   </trkpt>
   <trkpt lat="-6.9129350" lon="108.3796800">
    <ele>1694.0</ele>
   </trkpt>
   <trkpt lat="-6.9129280" lon="108.3796950">
    <ele>1694.0</ele>
   </trkpt>
   <trkpt lat="-6.9129210" lon="108.3797090">
    <ele>1695.0</ele>
   </trkpt>
   <trkpt lat="-6.9129170" lon="108.3797230">
    <ele>1695.0</ele>
   </trkpt>
   <trkpt lat="-6.9129120" lon="108.3797370">
    <ele>1695.0</ele>
   </trkpt>
   <trkpt lat="-6.9129090" lon="108.3797510">
    <ele>1695.0</ele>
   </trkpt>
   <trkpt lat="-6.9129060" lon="108.3797640">
    <ele>1695.0</ele>
   </trkpt>
   <trkpt lat="-6.9129030" lon="108.3797760">
    <ele>1696.0</ele>
   </trkpt>
   <trkpt lat="-6.9129000" lon="108.3797870">
    <ele>1696.0</ele>
   </trkpt>
   <trkpt lat="-6.9128970" lon="108.3797990">
    <ele>1696.0</ele>
   </trkpt>
   <trkpt lat="-6.9128940" lon="108.3798100">
    <ele>1696.0</ele>
   </trkpt>
   <trkpt lat="-6.9128920" lon="108.3798220">
    <ele>1696.0</ele>
   </trkpt>
   <trkpt lat="-6.9128900" lon="108.3798340">
    <ele>1697.0</ele>
   </trkpt>
   <trkpt lat="-6.9128860" lon="108.3798440">
    <ele>1697.0</ele>
   </trkpt>
   <trkpt lat="-6.9128820" lon="108.3798540">
    <ele>1697.0</ele>
   </trkpt>
   <trkpt lat="-6.9128740" lon="108.3798620">
    <ele>1697.0</ele>
   </trkpt>
   <trkpt lat="-6.9128660" lon="108.3798690">
    <ele>1697.0</ele>
   </trkpt>
   <trkpt lat="-6.9128550" lon="108.3798770">
    <ele>1698.0</ele>
   </trkpt>
   <trkpt lat="-6.9128440" lon="108.3798850">
    <ele>1698.0</ele>
   </trkpt>
   <trkpt lat="-6.9128340" lon="108.3798940">
    <ele>1698.0</ele>
   </trkpt>
   <trkpt lat="-6.9128250" lon="108.3799040">
    <ele>1699.0</ele>
   </trkpt>
   <trkpt lat="-6.9128170" lon="108.3799150">
    <ele>1699.0</ele>
   </trkpt>
   <trkpt lat="-6.9128090" lon="108.3799270">
    <ele>1700.0</ele>
   </trkpt>
   <trkpt lat="-6.9128030" lon="108.3799400">
    <ele>1700.0</ele>
   </trkpt>
   <trkpt lat="-6.9127970" lon="108.3799530">
    <ele>1700.0</ele>
   </trkpt>
   <trkpt lat="-6.9127950" lon="108.3799600">
    <ele>1700.0</ele>
   </trkpt>
   <trkpt lat="-6.9127920" lon="108.3799670">
    <ele>1700.0</ele>
   </trkpt>
   <trkpt lat="-6.9127900" lon="108.3799770">
    <ele>1701.0</ele>
   </trkpt>
   <trkpt lat="-6.9127880" lon="108.3799880">
    <ele>1701.0</ele>
   </trkpt>
   <trkpt lat="-6.9127870" lon="108.3799980">
    <ele>1701.0</ele>
   </trkpt>
   <trkpt lat="-6.9127850" lon="108.3800090">
    <ele>1701.0</ele>
   </trkpt>
   <trkpt lat="-6.9127840" lon="108.3800200">
    <ele>1701.0</ele>
   </trkpt>
   <trkpt lat="-6.9127820" lon="108.3800310">
    <ele>1702.0</ele>
   </trkpt>
   <trkpt lat="-6.9127800" lon="108.3800360">
    <ele>1702.0</ele>
   </trkpt>
   <trkpt lat="-6.9127790" lon="108.3800390">
    <ele>1702.0</ele>
   </trkpt>
   <trkpt lat="-6.9127780" lon="108.3800430">
    <ele>1702.0</ele>
   </trkpt>
   <trkpt lat="-6.9127700" lon="108.3800540">
    <ele>1702.0</ele>
   </trkpt>
   <trkpt lat="-6.9127620" lon="108.3800650">
    <ele>1703.0</ele>
   </trkpt>
   <trkpt lat="-6.9127510" lon="108.3800750">
    <ele>1703.0</ele>
   </trkpt>
   <trkpt lat="-6.9127410" lon="108.3800850">
    <ele>1703.0</ele>
   </trkpt>
   <trkpt lat="-6.9127310" lon="108.3800920">
    <ele>1703.0</ele>
   </trkpt>
   <trkpt lat="-6.9127220" lon="108.3800990">
    <ele>1703.0</ele>
   </trkpt>
   <trkpt lat="-6.9127130" lon="108.3801030">
    <ele>1704.0</ele>
   </trkpt>
   <trkpt lat="-6.9127050" lon="108.3801080">
    <ele>1704.0</ele>
   </trkpt>
   <trkpt lat="-6.9126970" lon="108.3801100">
    <ele>1704.0</ele>
   </trkpt>
   <trkpt lat="-6.9126890" lon="108.3801120">
    <ele>1704.0</ele>
   </trkpt>
   <trkpt lat="-6.9126820" lon="108.3801150">
    <ele>1704.0</ele>
   </trkpt>
   <trkpt lat="-6.9126750" lon="108.3801180">
    <ele>1705.0</ele>
   </trkpt>
   <trkpt lat="-6.9126680" lon="108.3801180">
    <ele>1705.0</ele>
   </trkpt>
   <trkpt lat="-6.9126600" lon="108.3801190">
    <ele>1705.0</ele>
   </trkpt>
   <trkpt lat="-6.9126540" lon="108.3801180">
    <ele>1705.0</ele>
   </trkpt>
   <trkpt lat="-6.9126470" lon="108.3801180">
    <ele>1705.0</ele>
   </trkpt>
   <trkpt lat="-6.9126420" lon="108.3801180">
    <ele>1706.0</ele>
   </trkpt>
   <trkpt lat="-6.9126360" lon="108.3801170">
    <ele>1706.0</ele>
   </trkpt>
   <trkpt lat="-6.9126300" lon="108.3801170">
    <ele>1706.0</ele>
   </trkpt>
   <trkpt lat="-6.9126240" lon="108.3801170">
    <ele>1707.0</ele>
   </trkpt>
   <trkpt lat="-6.9126170" lon="108.3801160">
    <ele>1707.0</ele>
   </trkpt>
   <trkpt lat="-6.9126110" lon="108.3801150">
    <ele>1708.0</ele>
   </trkpt>
   <trkpt lat="-6.9126030" lon="108.3801120">
    <ele>1708.0</ele>
   </trkpt>
   <trkpt lat="-6.9125960" lon="108.3801100">
    <ele>1708.0</ele>
   </trkpt>
   <trkpt lat="-6.9125880" lon="108.3801090">
    <ele>1708.0</ele>
   </trkpt>
   <trkpt lat="-6.9125810" lon="108.3801090">
    <ele>1708.0</ele>
   </trkpt>
   <trkpt lat="-6.9125740" lon="108.3801120">
    <ele>1709.0</ele>
   </trkpt>
   <trkpt lat="-6.9125670" lon="108.3801160">
    <ele>1709.0</ele>
   </trkpt>
   <trkpt lat="-6.9125620" lon="108.3801240">
    <ele>1709.0</ele>
   </trkpt>
   <trkpt lat="-6.9125570" lon="108.3801310">
    <ele>1709.0</ele>
   </trkpt>
   <trkpt lat="-6.9125530" lon="108.3801390">
    <ele>1709.0</ele>
   </trkpt>
   <trkpt lat="-6.9125490" lon="108.3801470">
    <ele>1710.0</ele>
   </trkpt>
   <trkpt lat="-6.9125460" lon="108.3801550">
    <ele>1710.0</ele>
   </trkpt>
   <trkpt lat="-6.9125430" lon="108.3801620">
    <ele>1710.0</ele>
   </trkpt>
   <trkpt lat="-6.9125400" lon="108.3801700">
    <ele>1710.0</ele>
   </trkpt>
   <trkpt lat="-6.9125370" lon="108.3801790">
    <ele>1710.0</ele>
   </trkpt>
   <trkpt lat="-6.9125350" lon="108.3801860">
    <ele>1711.0</ele>
   </trkpt>
   <trkpt lat="-6.9125330" lon="108.3801940">
    <ele>1711.0</ele>
   </trkpt>
   <trkpt lat="-6.9125330" lon="108.3801990">
    <ele>1711.0</ele>
   </trkpt>
   <trkpt lat="-6.9125320" lon="108.3802040">
    <ele>1712.0</ele>
   </trkpt>
   <trkpt lat="-6.9125310" lon="108.3802120">
    <ele>1712.0</ele>
   </trkpt>
   <trkpt lat="-6.9125300" lon="108.3802200">
    <ele>1713.0</ele>
   </trkpt>
   <trkpt lat="-6.9125300" lon="108.3802290">
    <ele>1713.0</ele>
   </trkpt>
   <trkpt lat="-6.9125290" lon="108.3802370">
    <ele>1713.0</ele>
   </trkpt>
   <trkpt lat="-6.9125300" lon="108.3802460">
    <ele>1713.0</ele>
   </trkpt>
   <trkpt lat="-6.9125310" lon="108.3802550">
    <ele>1713.0</ele>
   </trkpt>
   <trkpt lat="-6.9125310" lon="108.3802640">
    <ele>1714.0</ele>
   </trkpt>
   <trkpt lat="-6.9125320" lon="108.3802730">
    <ele>1714.0</ele>
   </trkpt>
   <trkpt lat="-6.9125310" lon="108.3802760">
    <ele>1714.0</ele>
   </trkpt>
   <trkpt lat="-6.9125300" lon="108.3802790">
    <ele>1714.0</ele>
   </trkpt>
   <trkpt lat="-6.9125300" lon="108.3802820">
    <ele>1714.0</ele>
   </trkpt>
   <trkpt lat="-6.9125280" lon="108.3802880">
    <ele>1715.0</ele>
   </trkpt>
   <trkpt lat="-6.9125270" lon="108.3802940">
    <ele>1715.0</ele>
   </trkpt>
   <trkpt lat="-6.9125260" lon="108.3803000">
    <ele>1715.0</ele>
   </trkpt>
   <trkpt lat="-6.9125250" lon="108.3803060">
    <ele>1716.0</ele>
   </trkpt>
   <trkpt lat="-6.9125230" lon="108.3803120">
    <ele>1716.0</ele>
   </trkpt>
   <trkpt lat="-6.9125220" lon="108.3803180">
    <ele>1717.0</ele>
   </trkpt>
   <trkpt lat="-6.9125210" lon="108.3803260">
    <ele>1717.0</ele>
   </trkpt>
   <trkpt lat="-6.9125200" lon="108.3803330">
    <ele>1717.0</ele>
   </trkpt>
   <trkpt lat="-6.9125190" lon="108.3803430">
    <ele>1717.0</ele>
   </trkpt>
   <trkpt lat="-6.9125190" lon="108.3803530">
    <ele>1717.0</ele>
   </trkpt>
   <trkpt lat="-6.9125210" lon="108.3803650">
    <ele>1718.0</ele>
   </trkpt>
   <trkpt lat="-6.9125220" lon="108.3803780">
    <ele>1718.0</ele>
   </trkpt>
   <trkpt lat="-6.9125260" lon="108.3803880">
    <ele>1718.0</ele>
   </trkpt>
   <trkpt lat="-6.9125300" lon="108.3803990">
    <ele>1718.0</ele>
   </trkpt>
   <trkpt lat="-6.9125330" lon="108.3804060">
    <ele>1718.0</ele>
   </trkpt>
   <trkpt lat="-6.9125370" lon="108.3804140">
    <ele>1719.0</ele>
   </trkpt>
   <trkpt lat="-6.9125380" lon="108.3804200">
    <ele>1719.0</ele>
   </trkpt>
   <trkpt lat="-6.9125400" lon="108.3804270">
    <ele>1719.0</ele>
   </trkpt>
   <trkpt lat="-6.9125390" lon="108.3804330">
    <ele>1720.0</ele>
   </trkpt>
   <trkpt lat="-6.9125380" lon="108.3804390">
    <ele>1720.0</ele>
   </trkpt>
   <trkpt lat="-6.9125370" lon="108.3804440">
    <ele>1721.0</ele>
   </trkpt>
   <trkpt lat="-6.9125360" lon="108.3804500">
    <ele>1721.0</ele>
   </trkpt>
   <trkpt lat="-6.9125370" lon="108.3804540">
    <ele>1721.0</ele>
   </trkpt>
   <trkpt lat="-6.9125370" lon="108.3804580">
    <ele>1721.0</ele>
   </trkpt>
   <trkpt lat="-6.9125380" lon="108.3804620">
    <ele>1721.0</ele>
   </trkpt>
   <trkpt lat="-6.9125400" lon="108.3804690">
    <ele>1722.0</ele>
   </trkpt>
   <trkpt lat="-6.9125420" lon="108.3804750">
    <ele>1722.0</ele>
   </trkpt>
   <trkpt lat="-6.9125440" lon="108.3804830">
    <ele>1722.0</ele>
   </trkpt>
   <trkpt lat="-6.9125460" lon="108.3804900">
    <ele>1722.0</ele>
   </trkpt>
   <trkpt lat="-6.9125480" lon="108.3804990">
    <ele>1722.0</ele>
   </trkpt>
   <trkpt lat="-6.9125490" lon="108.3805070">
    <ele>1723.0</ele>
   </trkpt>
   <trkpt lat="-6.9125490" lon="108.3805150">
    <ele>1723.0</ele>
   </trkpt>
   <trkpt lat="-6.9125480" lon="108.3805220">
    <ele>1723.0</ele>
   </trkpt>
   <trkpt lat="-6.9125470" lon="108.3805280">
    <ele>1723.0</ele>
   </trkpt>
   <trkpt lat="-6.9125470" lon="108.3805340">
    <ele>1723.0</ele>
   </trkpt>
   <trkpt lat="-6.9125470" lon="108.3805390">
    <ele>1724.0</ele>
   </trkpt>
   <trkpt lat="-6.9125480" lon="108.3805440">
    <ele>1724.0</ele>
   </trkpt>
   <trkpt lat="-6.9125500" lon="108.3805510">
    <ele>1724.0</ele>
   </trkpt>
   <trkpt lat="-6.9125510" lon="108.3805580">
    <ele>1725.0</ele>
   </trkpt>
   <trkpt lat="-6.9125520" lon="108.3805670">
    <ele>1725.0</ele>
   </trkpt>
   <trkpt lat="-6.9125530" lon="108.3805770">
    <ele>1726.0</ele>
   </trkpt>
   <trkpt lat="-6.9125520" lon="108.3805890">
    <ele>1726.0</ele>
   </trkpt>
   <trkpt lat="-6.9125520" lon="108.3806010">
    <ele>1726.0</ele>
   </trkpt>
   <trkpt lat="-6.9125520" lon="108.3806160">
    <ele>1726.0</ele>
   </trkpt>
   <trkpt lat="-6.9125520" lon="108.3806310">
    <ele>1726.0</ele>
   </trkpt>
   <trkpt lat="-6.9125510" lon="108.3806480">
    <ele>1727.0</ele>
   </trkpt>
   <trkpt lat="-6.9125500" lon="108.3806650">
    <ele>1727.0</ele>
   </trkpt>
   <trkpt lat="-6.9125490" lon="108.3806830">
    <ele>1727.0</ele>
   </trkpt>
   <trkpt lat="-6.9125480" lon="108.3807010">
    <ele>1727.0</ele>
   </trkpt>
   <trkpt lat="-6.9125510" lon="108.3807180">
    <ele>1727.0</ele>
   </trkpt>
   <trkpt lat="-6.9125530" lon="108.3807350">
    <ele>1728.0</ele>
   </trkpt>
   <trkpt lat="-6.9125590" lon="108.3807520">
    <ele>1728.0</ele>
   </trkpt>
   <trkpt lat="-6.9125640" lon="108.3807690">
    <ele>1728.0</ele>
   </trkpt>
   <trkpt lat="-6.9125700" lon="108.3807860">
    <ele>1728.0</ele>
   </trkpt>
   <trkpt lat="-6.9125760" lon="108.3808030">
    <ele>1728.0</ele>
   </trkpt>
   <trkpt lat="-6.9125830" lon="108.3808190">
    <ele>1729.0</ele>
   </trkpt>
   <trkpt lat="-6.9125890" lon="108.3808350">
    <ele>1729.0</ele>
   </trkpt>
   <trkpt lat="-6.9125960" lon="108.3808480">
    <ele>1729.0</ele>
   </trkpt>
   <trkpt lat="-6.9126030" lon="108.3808610">
    <ele>1729.0</ele>
   </trkpt>
   <trkpt lat="-6.9126090" lon="108.3808730">
    <ele>1729.0</ele>
   </trkpt>
   <trkpt lat="-6.9126140" lon="108.3808840">
    <ele>1730.0</ele>
   </trkpt>
   <trkpt lat="-6.9126170" lon="108.3808900">
    <ele>1730.0</ele>
   </trkpt>
   <trkpt lat="-6.9126190" lon="108.3808950">
    <ele>1730.0</ele>
   </trkpt>
   <trkpt lat="-6.9126240" lon="108.3809020">
    <ele>1730.0</ele>
   </trkpt>
   <trkpt lat="-6.9126280" lon="108.3809080">
    <ele>1730.0</ele>
   </trkpt>
   <trkpt lat="-6.9126320" lon="108.3809120">
    <ele>1731.0</ele>
   </trkpt>
   <trkpt lat="-6.9126360" lon="108.3809160">
    <ele>1731.0</ele>
   </trkpt>
   <trkpt lat="-6.9126380" lon="108.3809180">
    <ele>1732.0</ele>
   </trkpt>
   <trkpt lat="-6.9126390" lon="108.3809190">
    <ele>1732.0</ele>
   </trkpt>
   <trkpt lat="-6.9126400" lon="108.3809200">
    <ele>1733.0</ele>
   </trkpt>
   <trkpt lat="-6.9126420" lon="108.3809210">
    <ele>1734.0</ele>
   </trkpt>
   <trkpt lat="-6.9126430" lon="108.3809220">
    <ele>1734.0</ele>
   </trkpt>
   <trkpt lat="-6.9126480" lon="108.3809260">
    <ele>1734.0</ele>
   </trkpt>
   <trkpt lat="-6.9126540" lon="108.3809300">
    <ele>1734.0</ele>
   </trkpt>
   <trkpt lat="-6.9126550" lon="108.3809340">
    <ele>1734.0</ele>
   </trkpt>
   <trkpt lat="-6.9126570" lon="108.3809370">
    <ele>1735.0</ele>
   </trkpt>
   <trkpt lat="-6.9126580" lon="108.3809410">
    <ele>1735.0</ele>
   </trkpt>
   <trkpt lat="-6.9126580" lon="108.3809410">
    <ele>1735.0</ele>
   </trkpt>
   <trkpt lat="-6.9126580" lon="108.3809410">
    <ele>1735.0</ele>
   </trkpt>
   <trkpt lat="-6.9126580" lon="108.3809410">
    <ele>1735.0</ele>
   </trkpt>
   <trkpt lat="-6.9126580" lon="108.3809410">
    <ele>1736.0</ele>
   </trkpt>
   <trkpt lat="-6.9126580" lon="108.3809410">
    <ele>1736.0</ele>
   </trkpt>
   <trkpt lat="-6.9126580" lon="108.3809410">
    <ele>1736.0</ele>
   </trkpt>
   <trkpt lat="-6.9126580" lon="108.3809410">
    <ele>1737.0</ele>
   </trkpt>
   <trkpt lat="-6.9126620" lon="108.3809590">
    <ele>1737.0</ele>
   </trkpt>
   <trkpt lat="-6.9126630" lon="108.3809670">
    <ele>1738.0</ele>
   </trkpt>
   <trkpt lat="-6.9126640" lon="108.3809750">
    <ele>1738.0</ele>
   </trkpt>
   <trkpt lat="-6.9126650" lon="108.3809810">
    <ele>1738.0</ele>
   </trkpt>
   <trkpt lat="-6.9126660" lon="108.3809870">
    <ele>1738.0</ele>
   </trkpt>
   <trkpt lat="-6.9126670" lon="108.3809920">
    <ele>1738.0</ele>
   </trkpt>
   <trkpt lat="-6.9126690" lon="108.3810010">
    <ele>1738.0</ele>
   </trkpt>
   <trkpt lat="-6.9126710" lon="108.3810100">
    <ele>1738.0</ele>
   </trkpt>
   <trkpt lat="-6.9126730" lon="108.3810170">
    <ele>1738.0</ele>
   </trkpt>
   <trkpt lat="-6.9126760" lon="108.3810230">
    <ele>1739.0</ele>
   </trkpt>
   <trkpt lat="-6.9126770" lon="108.3810290">
    <ele>1739.0</ele>
   </trkpt>
   <trkpt lat="-6.9126780" lon="108.3810340">
    <ele>1740.0</ele>
   </trkpt>
   <trkpt lat="-6.9126770" lon="108.3810400">
    <ele>1740.0</ele>
   </trkpt>
   <trkpt lat="-6.9126750" lon="108.3810460">
    <ele>1740.0</ele>
   </trkpt>
   <trkpt lat="-6.9126740" lon="108.3810500">
    <ele>1740.0</ele>
   </trkpt>
   <trkpt lat="-6.9126720" lon="108.3810540">
    <ele>1740.0</ele>
   </trkpt>
   <trkpt lat="-6.9126710" lon="108.3810580">
    <ele>1741.0</ele>
   </trkpt>
   <trkpt lat="-6.9126700" lon="108.3810650">
    <ele>1741.0</ele>
   </trkpt>
   <trkpt lat="-6.9126700" lon="108.3810720">
    <ele>1741.0</ele>
   </trkpt>
   <trkpt lat="-6.9126680" lon="108.3810780">
    <ele>1741.0</ele>
   </trkpt>
   <trkpt lat="-6.9126670" lon="108.3810840">
    <ele>1741.0</ele>
   </trkpt>
   <trkpt lat="-6.9126640" lon="108.3810890">
    <ele>1742.0</ele>
   </trkpt>
   <trkpt lat="-6.9126610" lon="108.3810940">
    <ele>1742.0</ele>
   </trkpt>
   <trkpt lat="-6.9126580" lon="108.3810980">
    <ele>1742.0</ele>
   </trkpt>
   <trkpt lat="-6.9126540" lon="108.3811030">
    <ele>1743.0</ele>
   </trkpt>
   <trkpt lat="-6.9126490" lon="108.3811060">
    <ele>1743.0</ele>
   </trkpt>
   <trkpt lat="-6.9126450" lon="108.3811090">
    <ele>1744.0</ele>
   </trkpt>
   <trkpt lat="-6.9126410" lon="108.3811130">
    <ele>1744.0</ele>
   </trkpt>
   <trkpt lat="-6.9126380" lon="108.3811170">
    <ele>1744.0</ele>
   </trkpt>
   <trkpt lat="-6.9126350" lon="108.3811200">
    <ele>1744.0</ele>
   </trkpt>
   <trkpt lat="-6.9126310" lon="108.3811280">
    <ele>1744.0</ele>
   </trkpt>
   <trkpt lat="-6.9126270" lon="108.3811350">
    <ele>1745.0</ele>
   </trkpt>
   <trkpt lat="-6.9126230" lon="108.3811420">
    <ele>1745.0</ele>
   </trkpt>
   <trkpt lat="-6.9126180" lon="108.3811490">
    <ele>1745.0</ele>
   </trkpt>
   <trkpt lat="-6.9126140" lon="108.3811550">
    <ele>1745.0</ele>
   </trkpt>
   <trkpt lat="-6.9126090" lon="108.3811600">
    <ele>1745.0</ele>
   </trkpt>
   <trkpt lat="-6.9126040" lon="108.3811660">
    <ele>1746.0</ele>
   </trkpt>
   <trkpt lat="-6.9125990" lon="108.3811710">
    <ele>1746.0</ele>
   </trkpt>
   <trkpt lat="-6.9125930" lon="108.3811760">
    <ele>1746.0</ele>
   </trkpt>
   <trkpt lat="-6.9125880" lon="108.3811800">
    <ele>1746.0</ele>
   </trkpt>
   <trkpt lat="-6.9125880" lon="108.3811800">
    <ele>1746.0</ele>
   </trkpt>
   <trkpt lat="-6.9125880" lon="108.3811800">
    <ele>1747.0</ele>
   </trkpt>
   <trkpt lat="-6.9125880" lon="108.3811800">
    <ele>1747.0</ele>
   </trkpt>
   <trkpt lat="-6.9125880" lon="108.3811800">
    <ele>1747.0</ele>
   </trkpt>
   <trkpt lat="-6.9125880" lon="108.3811800">
    <ele>1748.0</ele>
   </trkpt>
   <trkpt lat="-6.9125750" lon="108.3811850">
    <ele>1748.0</ele>
   </trkpt>
   <trkpt lat="-6.9125680" lon="108.3811850">
    <ele>1749.0</ele>
   </trkpt>
   <trkpt lat="-6.9125610" lon="108.3811850">
    <ele>1749.0</ele>
   </trkpt>
   <trkpt lat="-6.9125550" lon="108.3811820">
    <ele>1749.0</ele>
   </trkpt>
   <trkpt lat="-6.9125490" lon="108.3811790">
    <ele>1749.0</ele>
   </trkpt>
   <trkpt lat="-6.9125420" lon="108.3811770">
    <ele>1749.0</ele>
   </trkpt>
   <trkpt lat="-6.9125350" lon="108.3811750">
    <ele>1750.0</ele>
   </trkpt>
   <trkpt lat="-6.9125270" lon="108.3811770">
    <ele>1750.0</ele>
   </trkpt>
   <trkpt lat="-6.9125190" lon="108.3811790">
    <ele>1750.0</ele>
   </trkpt>
   <trkpt lat="-6.9125120" lon="108.3811860">
    <ele>1750.0</ele>
   </trkpt>
   <trkpt lat="-6.9125040" lon="108.3811920">
    <ele>1750.0</ele>
   </trkpt>
   <trkpt lat="-6.9124990" lon="108.3812010">
    <ele>1751.0</ele>
   </trkpt>
   <trkpt lat="-6.9124950" lon="108.3812090">
    <ele>1751.0</ele>
   </trkpt>
   <trkpt lat="-6.9124930" lon="108.3812170">
    <ele>1751.0</ele>
   </trkpt>
   <trkpt lat="-6.9124920" lon="108.3812250">
    <ele>1751.0</ele>
   </trkpt>
   <trkpt lat="-6.9124920" lon="108.3812350">
    <ele>1751.0</ele>
   </trkpt>
   <trkpt lat="-6.9124920" lon="108.3812440">
    <ele>1752.0</ele>
   </trkpt>
   <trkpt lat="-6.9124920" lon="108.3812550">
    <ele>1752.0</ele>
   </trkpt>
   <trkpt lat="-6.9124930" lon="108.3812660">
    <ele>1752.0</ele>
   </trkpt>
   <trkpt lat="-6.9124930" lon="108.3812780">
    <ele>1753.0</ele>
   </trkpt>
   <trkpt lat="-6.9124940" lon="108.3812890">
    <ele>1753.0</ele>
   </trkpt>
   <trkpt lat="-6.9124940" lon="108.3812980">
    <ele>1754.0</ele>
   </trkpt>
   <trkpt lat="-6.9124940" lon="108.3813080">
    <ele>1754.0</ele>
   </trkpt>
   <trkpt lat="-6.9124930" lon="108.3813150">
    <ele>1754.0</ele>
   </trkpt>
   <trkpt lat="-6.9124920" lon="108.3813230">
    <ele>1754.0</ele>
   </trkpt>
   <trkpt lat="-6.9124900" lon="108.3813290">
    <ele>1754.0</ele>
   </trkpt>
   <trkpt lat="-6.9124890" lon="108.3813360">
    <ele>1755.0</ele>
   </trkpt>
   <trkpt lat="-6.9124870" lon="108.3813430">
    <ele>1755.0</ele>
   </trkpt>
   <trkpt lat="-6.9124840" lon="108.3813500">
    <ele>1755.0</ele>
   </trkpt>
   <trkpt lat="-6.9124810" lon="108.3813570">
    <ele>1755.0</ele>
   </trkpt>
   <trkpt lat="-6.9124780" lon="108.3813640">
    <ele>1755.0</ele>
   </trkpt>
   <trkpt lat="-6.9124740" lon="108.3813720">
    <ele>1756.0</ele>
   </trkpt>
   <trkpt lat="-6.9124700" lon="108.3813810">
    <ele>1756.0</ele>
   </trkpt>
   <trkpt lat="-6.9124650" lon="108.3813900">
    <ele>1756.0</ele>
   </trkpt>
   <trkpt lat="-6.9124610" lon="108.3814000">
    <ele>1757.0</ele>
   </trkpt>
   <trkpt lat="-6.9124560" lon="108.3814110">
    <ele>1757.0</ele>
   </trkpt>
   <trkpt lat="-6.9124520" lon="108.3814210">
    <ele>1758.0</ele>
   </trkpt>
   <trkpt lat="-6.9124480" lon="108.3814310">
    <ele>1758.0</ele>
   </trkpt>
   <trkpt lat="-6.9124440" lon="108.3814400">
    <ele>1758.0</ele>
   </trkpt>
   <trkpt lat="-6.9124400" lon="108.3814490">
    <ele>1758.0</ele>
   </trkpt>
   <trkpt lat="-6.9124370" lon="108.3814570">
    <ele>1758.0</ele>
   </trkpt>
   <trkpt lat="-6.9124340" lon="108.3814650">
    <ele>1759.0</ele>
   </trkpt>
   <trkpt lat="-6.9124310" lon="108.3814730">
    <ele>1759.0</ele>
   </trkpt>
   <trkpt lat="-6.9124270" lon="108.3814800">
    <ele>1759.0</ele>
   </trkpt>
   <trkpt lat="-6.9124240" lon="108.3814870">
    <ele>1759.0</ele>
   </trkpt>
   <trkpt lat="-6.9124200" lon="108.3814940">
    <ele>1759.0</ele>
   </trkpt>
   <trkpt lat="-6.9124170" lon="108.3815010">
    <ele>1760.0</ele>
   </trkpt>
   <trkpt lat="-6.9124150" lon="108.3815030">
    <ele>1760.0</ele>
   </trkpt>
   <trkpt lat="-6.9124130" lon="108.3815040">
    <ele>1760.0</ele>
   </trkpt>
   <trkpt lat="-6.9124120" lon="108.3815060">
    <ele>1761.0</ele>
   </trkpt>
   <trkpt lat="-6.9124100" lon="108.3815080">
    <ele>1761.0</ele>
   </trkpt>
   <trkpt lat="-6.9124080" lon="108.3815100">
    <ele>1762.0</ele>
   </trkpt>
   <trkpt lat="-6.9124010" lon="108.3815140">
    <ele>1762.0</ele>
   </trkpt>
   <trkpt lat="-6.9123940" lon="108.3815180">
    <ele>1762.0</ele>
   </trkpt>
   <trkpt lat="-6.9123880" lon="108.3815190">
    <ele>1762.0</ele>
   </trkpt>
   <trkpt lat="-6.9123820" lon="108.3815200">
    <ele>1762.0</ele>
   </trkpt>
   <trkpt lat="-6.9123750" lon="108.3815220">
    <ele>1763.0</ele>
   </trkpt>
   <trkpt lat="-6.9123680" lon="108.3815230">
    <ele>1763.0</ele>
   </trkpt>
   <trkpt lat="-6.9123640" lon="108.3815250">
    <ele>1763.0</ele>
   </trkpt>
   <trkpt lat="-6.9123600" lon="108.3815260">
    <ele>1763.0</ele>
   </trkpt>
   <trkpt lat="-6.9123560" lon="108.3815280">
    <ele>1763.0</ele>
   </trkpt>
   <trkpt lat="-6.9123510" lon="108.3815310">
    <ele>1764.0</ele>
   </trkpt>
   <trkpt lat="-6.9123460" lon="108.3815340">
    <ele>1764.0</ele>
   </trkpt>
   <trkpt lat="-6.9123440" lon="108.3815390">
    <ele>1764.0</ele>
   </trkpt>
   <trkpt lat="-6.9123420" lon="108.3815440">
    <ele>1764.0</ele>
   </trkpt>
   <trkpt lat="-6.9123420" lon="108.3815440">
    <ele>1764.0</ele>
   </trkpt>
   <trkpt lat="-6.9123420" lon="108.3815440">
    <ele>1765.0</ele>
   </trkpt>
   <trkpt lat="-6.9123420" lon="108.3815440">
    <ele>1765.0</ele>
   </trkpt>
   <trkpt lat="-6.9123420" lon="108.3815440">
    <ele>1765.0</ele>
   </trkpt>
   <trkpt lat="-6.9123420" lon="108.3815440">
    <ele>1765.0</ele>
   </trkpt>
   <trkpt lat="-6.9123420" lon="108.3815440">
    <ele>1765.0</ele>
   </trkpt>
   <trkpt lat="-6.9123320" lon="108.3815510">
    <ele>1766.0</ele>
   </trkpt>
   <trkpt lat="-6.9123260" lon="108.3815490">
    <ele>1766.0</ele>
   </trkpt>
   <trkpt lat="-6.9123190" lon="108.3815470">
    <ele>1766.0</ele>
   </trkpt>
   <trkpt lat="-6.9123130" lon="108.3815430">
    <ele>1767.0</ele>
   </trkpt>
   <trkpt lat="-6.9123070" lon="108.3815380">
    <ele>1767.0</ele>
   </trkpt>
   <trkpt lat="-6.9123000" lon="108.3815340">
    <ele>1768.0</ele>
   </trkpt>
   <trkpt lat="-6.9122930" lon="108.3815310">
    <ele>1768.0</ele>
   </trkpt>
   <trkpt lat="-6.9122860" lon="108.3815270">
    <ele>1768.0</ele>
   </trkpt>
   <trkpt lat="-6.9122800" lon="108.3815240">
    <ele>1768.0</ele>
   </trkpt>
   <trkpt lat="-6.9122740" lon="108.3815200">
    <ele>1768.0</ele>
   </trkpt>
   <trkpt lat="-6.9122670" lon="108.3815150">
    <ele>1769.0</ele>
   </trkpt>
   <trkpt lat="-6.9122610" lon="108.3815100">
    <ele>1769.0</ele>
   </trkpt>
   <trkpt lat="-6.9122550" lon="108.3815040">
    <ele>1769.0</ele>
   </trkpt>
   <trkpt lat="-6.9122490" lon="108.3814990">
    <ele>1769.0</ele>
   </trkpt>
   <trkpt lat="-6.9122430" lon="108.3814940">
    <ele>1769.0</ele>
   </trkpt>
   <trkpt lat="-6.9122390" lon="108.3814880">
    <ele>1770.0</ele>
   </trkpt>
   <trkpt lat="-6.9122360" lon="108.3814820">
    <ele>1770.0</ele>
   </trkpt>
   <trkpt lat="-6.9122330" lon="108.3814770">
    <ele>1770.0</ele>
   </trkpt>
   <trkpt lat="-6.9122300" lon="108.3814710">
    <ele>1770.0</ele>
   </trkpt>
   <trkpt lat="-6.9122280" lon="108.3814680">
    <ele>1770.0</ele>
   </trkpt>
   <trkpt lat="-6.9122260" lon="108.3814660">
    <ele>1771.0</ele>
   </trkpt>
   <trkpt lat="-6.9122230" lon="108.3814670">
    <ele>1771.0</ele>
   </trkpt>
   <trkpt lat="-6.9122200" lon="108.3814690">
    <ele>1771.0</ele>
   </trkpt>
   <trkpt lat="-6.9122160" lon="108.3814740">
    <ele>1771.0</ele>
   </trkpt>
   <trkpt lat="-6.9122120" lon="108.3814790">
    <ele>1771.0</ele>
   </trkpt>
   <trkpt lat="-6.9122090" lon="108.3814820">
    <ele>1772.0</ele>
   </trkpt>
   <trkpt lat="-6.9122070" lon="108.3814840">
    <ele>1772.0</ele>
   </trkpt>
   <trkpt lat="-6.9122020" lon="108.3814890">
    <ele>1772.0</ele>
   </trkpt>
   <trkpt lat="-6.9121970" lon="108.3814930">
    <ele>1773.0</ele>
   </trkpt>
   <trkpt lat="-6.9121910" lon="108.3814980">
    <ele>1773.0</ele>
   </trkpt>
   <trkpt lat="-6.9121850" lon="108.3815030">
    <ele>1774.0</ele>
   </trkpt>
   <trkpt lat="-6.9121790" lon="108.3815090">
    <ele>1774.0</ele>
   </trkpt>
   <trkpt lat="-6.9121730" lon="108.3815150">
    <ele>1774.0</ele>
   </trkpt>
   <trkpt lat="-6.9121680" lon="108.3815230">
    <ele>1774.0</ele>
   </trkpt>
   <trkpt lat="-6.9121630" lon="108.3815300">
    <ele>1774.0</ele>
   </trkpt>
   <trkpt lat="-6.9121580" lon="108.3815390">
    <ele>1775.0</ele>
   </trkpt>
   <trkpt lat="-6.9121530" lon="108.3815470">
    <ele>1775.0</ele>
   </trkpt>
   <trkpt lat="-6.9121500" lon="108.3815540">
    <ele>1775.0</ele>
   </trkpt>
   <trkpt lat="-6.9121470" lon="108.3815610">
    <ele>1776.0</ele>
   </trkpt>
   <trkpt lat="-6.9121450" lon="108.3815670">
    <ele>1776.0</ele>
   </trkpt>
   <trkpt lat="-6.9121440" lon="108.3815740">
    <ele>1777.0</ele>
   </trkpt>
   <trkpt lat="-6.9121420" lon="108.3815830">
    <ele>1777.0</ele>
   </trkpt>
   <trkpt lat="-6.9121400" lon="108.3815920">
    <ele>1777.0</ele>
   </trkpt>
   <trkpt lat="-6.9121370" lon="108.3816010">
    <ele>1777.0</ele>
   </trkpt>
   <trkpt lat="-6.9121340" lon="108.3816100">
    <ele>1777.0</ele>
   </trkpt>
   <trkpt lat="-6.9121300" lon="108.3816180">
    <ele>1778.0</ele>
   </trkpt>
   <trkpt lat="-6.9121260" lon="108.3816260">
    <ele>1778.0</ele>
   </trkpt>
   <trkpt lat="-6.9121230" lon="108.3816340">
    <ele>1778.0</ele>
   </trkpt>
   <trkpt lat="-6.9121200" lon="108.3816420">
    <ele>1779.0</ele>
   </trkpt>
   <trkpt lat="-6.9121180" lon="108.3816490">
    <ele>1779.0</ele>
   </trkpt>
   <trkpt lat="-6.9121160" lon="108.3816570">
    <ele>1780.0</ele>
   </trkpt>
   <trkpt lat="-6.9121170" lon="108.3816630">
    <ele>1780.0</ele>
   </trkpt>
   <trkpt lat="-6.9121170" lon="108.3816690">
    <ele>1780.0</ele>
   </trkpt>
   <trkpt lat="-6.9121180" lon="108.3816720">
    <ele>1780.0</ele>
   </trkpt>
   <trkpt lat="-6.9121180" lon="108.3816760">
    <ele>1780.0</ele>
   </trkpt>
   <trkpt lat="-6.9121180" lon="108.3816770">
    <ele>1781.0</ele>
   </trkpt>
   <trkpt lat="-6.9121170" lon="108.3816790">
    <ele>1781.0</ele>
   </trkpt>
   <trkpt lat="-6.9121120" lon="108.3816780">
    <ele>1781.0</ele>
   </trkpt>
   <trkpt lat="-6.9121080" lon="108.3816760">
    <ele>1781.0</ele>
   </trkpt>
   <trkpt lat="-6.9121010" lon="108.3816750">
    <ele>1781.0</ele>
   </trkpt>
   <trkpt lat="-6.9120940" lon="108.3816740">
    <ele>1782.0</ele>
   </trkpt>
   <trkpt lat="-6.9120880" lon="108.3816750">
    <ele>1782.0</ele>
   </trkpt>
   <trkpt lat="-6.9120820" lon="108.3816770">
    <ele>1782.0</ele>
   </trkpt>
   <trkpt lat="-6.9120780" lon="108.3816810">
    <ele>1782.0</ele>
   </trkpt>
   <trkpt lat="-6.9120740" lon="108.3816850">
    <ele>1782.0</ele>
   </trkpt>
   <trkpt lat="-6.9120700" lon="108.3816900">
    <ele>1783.0</ele>
   </trkpt>
   <trkpt lat="-6.9120670" lon="108.3816950">
    <ele>1783.0</ele>
   </trkpt>
   <trkpt lat="-6.9120640" lon="108.3817020">
    <ele>1783.0</ele>
   </trkpt>
   <trkpt lat="-6.9120610" lon="108.3817100">
    <ele>1784.0</ele>
   </trkpt>
   <trkpt lat="-6.9120570" lon="108.3817170">
    <ele>1784.0</ele>
   </trkpt>
   <trkpt lat="-6.9120550" lon="108.3817240">
    <ele>1785.0</ele>
   </trkpt>
   <trkpt lat="-6.9120500" lon="108.3817310">
    <ele>1785.0</ele>
   </trkpt>
   <trkpt lat="-6.9120460" lon="108.3817380">
    <ele>1785.0</ele>
   </trkpt>
   <trkpt lat="-6.9120400" lon="108.3817460">
    <ele>1785.0</ele>
   </trkpt>
   <trkpt lat="-6.9120350" lon="108.3817530">
    <ele>1785.0</ele>
   </trkpt>
   <trkpt lat="-6.9120320" lon="108.3817610">
    <ele>1786.0</ele>
   </trkpt>
   <trkpt lat="-6.9120280" lon="108.3817680">
    <ele>1786.0</ele>
   </trkpt>
   <trkpt lat="-6.9120280" lon="108.3817760">
    <ele>1786.0</ele>
   </trkpt>
   <trkpt lat="-6.9120270" lon="108.3817830">
    <ele>1786.0</ele>
   </trkpt>
   <trkpt lat="-6.9120270" lon="108.3817900">
    <ele>1786.0</ele>
   </trkpt>
   <trkpt lat="-6.9120270" lon="108.3817970">
    <ele>1787.0</ele>
   </trkpt>
   <trkpt lat="-6.9120280" lon="108.3818050">
    <ele>1787.0</ele>
   </trkpt>
   <trkpt lat="-6.9120280" lon="108.3818130">
    <ele>1787.0</ele>
   </trkpt>
   <trkpt lat="-6.9120280" lon="108.3818230">
    <ele>1787.0</ele>
   </trkpt>
   <trkpt lat="-6.9120280" lon="108.3818330">
    <ele>1787.0</ele>
   </trkpt>
   <trkpt lat="-6.9120270" lon="108.3818430">
    <ele>1788.0</ele>
   </trkpt>
   <trkpt lat="-6.9120270" lon="108.3818530">
    <ele>1788.0</ele>
   </trkpt>
   <trkpt lat="-6.9120260" lon="108.3818620">
    <ele>1788.0</ele>
   </trkpt>
   <trkpt lat="-6.9120260" lon="108.3818710">
    <ele>1789.0</ele>
   </trkpt>
   <trkpt lat="-6.9120250" lon="108.3818780">
    <ele>1789.0</ele>
   </trkpt>
   <trkpt lat="-6.9120250" lon="108.3818840">
    <ele>1790.0</ele>
   </trkpt>
   <trkpt lat="-6.9120230" lon="108.3818900">
    <ele>1790.0</ele>
   </trkpt>
   <trkpt lat="-6.9120220" lon="108.3818960">
    <ele>1790.0</ele>
   </trkpt>
   <trkpt lat="-6.9120180" lon="108.3819030">
    <ele>1790.0</ele>
   </trkpt>
   <trkpt lat="-6.9120150" lon="108.3819090">
    <ele>1790.0</ele>
   </trkpt>
   <trkpt lat="-6.9120110" lon="108.3819170">
    <ele>1791.0</ele>
   </trkpt>
   <trkpt lat="-6.9120070" lon="108.3819250">
    <ele>1791.0</ele>
   </trkpt>
   <trkpt lat="-6.9120040" lon="108.3819330">
    <ele>1791.0</ele>
   </trkpt>
   <trkpt lat="-6.9120010" lon="108.3819420">
    <ele>1791.0</ele>
   </trkpt>
   <trkpt lat="-6.9119980" lon="108.3819500">
    <ele>1791.0</ele>
   </trkpt>
   <trkpt lat="-6.9119960" lon="108.3819590">
    <ele>1792.0</ele>
   </trkpt>
   <trkpt lat="-6.9119970" lon="108.3819670">
    <ele>1792.0</ele>
   </trkpt>
   <trkpt lat="-6.9119970" lon="108.3819750">
    <ele>1792.0</ele>
   </trkpt>
   <trkpt lat="-6.9119980" lon="108.3819830">
    <ele>1792.0</ele>
   </trkpt>
   <trkpt lat="-6.9120000" lon="108.3819920">
    <ele>1792.0</ele>
   </trkpt>
   <trkpt lat="-6.9120020" lon="108.3820000">
    <ele>1793.0</ele>
   </trkpt>
   <trkpt lat="-6.9120030" lon="108.3820090">
    <ele>1793.0</ele>
   </trkpt>
   <trkpt lat="-6.9120050" lon="108.3820170">
    <ele>1793.0</ele>
   </trkpt>
   <trkpt lat="-6.9120060" lon="108.3820250">
    <ele>1793.0</ele>
   </trkpt>
   <trkpt lat="-6.9120070" lon="108.3820320">
    <ele>1793.0</ele>
   </trkpt>
   <trkpt lat="-6.9120070" lon="108.3820400">
    <ele>1794.0</ele>
   </trkpt>
   <trkpt lat="-6.9120080" lon="108.3820480">
    <ele>1794.0</ele>
   </trkpt>
   <trkpt lat="-6.9120090" lon="108.3820550">
    <ele>1794.0</ele>
   </trkpt>
   <trkpt lat="-6.9120110" lon="108.3820640">
    <ele>1795.0</ele>
   </trkpt>
   <trkpt lat="-6.9120130" lon="108.3820720">
    <ele>1795.0</ele>
   </trkpt>
   <trkpt lat="-6.9120140" lon="108.3820810">
    <ele>1796.0</ele>
   </trkpt>
   <trkpt lat="-6.9120150" lon="108.3820910">
    <ele>1796.0</ele>
   </trkpt>
   <trkpt lat="-6.9120150" lon="108.3821030">
    <ele>1796.0</ele>
   </trkpt>
   <trkpt lat="-6.9120140" lon="108.3821150">
    <ele>1796.0</ele>
   </trkpt>
   <trkpt lat="-6.9120130" lon="108.3821280">
    <ele>1796.0</ele>
   </trkpt>
   <trkpt lat="-6.9120120" lon="108.3821420">
    <ele>1797.0</ele>
   </trkpt>
   <trkpt lat="-6.9120120" lon="108.3821540">
    <ele>1797.0</ele>
   </trkpt>
   <trkpt lat="-6.9120110" lon="108.3821670">
    <ele>1797.0</ele>
   </trkpt>
   <trkpt lat="-6.9120120" lon="108.3821780">
    <ele>1797.0</ele>
   </trkpt>
   <trkpt lat="-6.9120120" lon="108.3821890">
    <ele>1797.0</ele>
   </trkpt>
   <trkpt lat="-6.9120140" lon="108.3822000">
    <ele>1798.0</ele>
   </trkpt>
   <trkpt lat="-6.9120160" lon="108.3822110">
    <ele>1798.0</ele>
   </trkpt>
   <trkpt lat="-6.9120220" lon="108.3822220">
    <ele>1798.0</ele>
   </trkpt>
   <trkpt lat="-6.9120280" lon="108.3822340">
    <ele>1799.0</ele>
   </trkpt>
   <trkpt lat="-6.9120380" lon="108.3822460">
    <ele>1799.0</ele>
   </trkpt>
   <trkpt lat="-6.9120470" lon="108.3822580">
    <ele>1800.0</ele>
   </trkpt>
   <trkpt lat="-6.9120570" lon="108.3822700">
    <ele>1800.0</ele>
   </trkpt>
   <trkpt lat="-6.9120670" lon="108.3822820">
    <ele>1800.0</ele>
   </trkpt>
   <trkpt lat="-6.9120710" lon="108.3822890">
    <ele>1800.0</ele>
   </trkpt>
   <trkpt lat="-6.9120760" lon="108.3822970">
    <ele>1800.0</ele>
   </trkpt>
   <trkpt lat="-6.9120810" lon="108.3823040">
    <ele>1801.0</ele>
   </trkpt>
   <trkpt lat="-6.9120830" lon="108.3823110">
    <ele>1801.0</ele>
   </trkpt>
   <trkpt lat="-6.9120850" lon="108.3823180">
    <ele>1801.0</ele>
   </trkpt>
   <trkpt lat="-6.9120880" lon="108.3823250">
    <ele>1801.0</ele>
   </trkpt>
   <trkpt lat="-6.9120880" lon="108.3823350">
    <ele>1801.0</ele>
   </trkpt>
   <trkpt lat="-6.9120890" lon="108.3823450">
    <ele>1802.0</ele>
   </trkpt>
   <trkpt lat="-6.9120890" lon="108.3823540">
    <ele>1802.0</ele>
   </trkpt>
   <trkpt lat="-6.9120890" lon="108.3823630">
    <ele>1802.0</ele>
   </trkpt>
   <trkpt lat="-6.9120890" lon="108.3823730">
    <ele>1802.0</ele>
   </trkpt>
   <trkpt lat="-6.9120900" lon="108.3823820">
    <ele>1802.0</ele>
   </trkpt>
   <trkpt lat="-6.9120900" lon="108.3823910">
    <ele>1803.0</ele>
   </trkpt>
   <trkpt lat="-6.9120910" lon="108.3824010">
    <ele>1803.0</ele>
   </trkpt>
   <trkpt lat="-6.9120920" lon="108.3824110">
    <ele>1803.0</ele>
   </trkpt>
   <trkpt lat="-6.9120930" lon="108.3824220">
    <ele>1804.0</ele>
   </trkpt>
   <trkpt lat="-6.9120970" lon="108.3824360">
    <ele>1804.0</ele>
   </trkpt>
   <trkpt lat="-6.9121000" lon="108.3824510">
    <ele>1805.0</ele>
   </trkpt>
   <trkpt lat="-6.9121030" lon="108.3824680">
    <ele>1805.0</ele>
   </trkpt>
   <trkpt lat="-6.9121060" lon="108.3824850">
    <ele>1805.0</ele>
   </trkpt>
   <trkpt lat="-6.9121060" lon="108.3824990">
    <ele>1805.0</ele>
   </trkpt>
   <trkpt lat="-6.9121070" lon="108.3825140">
    <ele>1805.0</ele>
   </trkpt>
   <trkpt lat="-6.9121060" lon="108.3825240">
    <ele>1806.0</ele>
   </trkpt>
   <trkpt lat="-6.9121050" lon="108.3825340">
    <ele>1806.0</ele>
   </trkpt>
   <trkpt lat="-6.9121040" lon="108.3825430">
    <ele>1806.0</ele>
   </trkpt>
   <trkpt lat="-6.9121020" lon="108.3825520">
    <ele>1806.0</ele>
   </trkpt>
   <trkpt lat="-6.9121010" lon="108.3825610">
    <ele>1806.0</ele>
   </trkpt>
   <trkpt lat="-6.9121000" lon="108.3825700">
    <ele>1807.0</ele>
   </trkpt>
   <trkpt lat="-6.9120980" lon="108.3825790">
    <ele>1807.0</ele>
   </trkpt>
   <trkpt lat="-6.9120970" lon="108.3825870">
    <ele>1807.0</ele>
   </trkpt>
   <trkpt lat="-6.9120950" lon="108.3825930">
    <ele>1807.0</ele>
   </trkpt>
   <trkpt lat="-6.9120930" lon="108.3825990">
    <ele>1807.0</ele>
   </trkpt>
   <trkpt lat="-6.9120910" lon="108.3826050">
    <ele>1808.0</ele>
   </trkpt>
   <trkpt lat="-6.9120910" lon="108.3826130">
    <ele>1808.0</ele>
   </trkpt>
   <trkpt lat="-6.9120900" lon="108.3826210">
    <ele>1808.0</ele>
   </trkpt>
   <trkpt lat="-6.9120920" lon="108.3826280">
    <ele>1809.0</ele>
   </trkpt>
   <trkpt lat="-6.9120940" lon="108.3826350">
    <ele>1809.0</ele>
   </trkpt>
   <trkpt lat="-6.9120940" lon="108.3826350">
    <ele>1810.0</ele>
   </trkpt>
   <trkpt lat="-6.9120940" lon="108.3826350">
    <ele>1810.0</ele>
   </trkpt>
   <trkpt lat="-6.9120940" lon="108.3826350">
    <ele>1810.0</ele>
   </trkpt>
   <trkpt lat="-6.9120940" lon="108.3826350">
    <ele>1810.0</ele>
   </trkpt>
   <trkpt lat="-6.9120940" lon="108.3826350">
    <ele>1810.0</ele>
   </trkpt>
   <trkpt lat="-6.9120940" lon="108.3826350">
    <ele>1811.0</ele>
   </trkpt>
   <trkpt lat="-6.9120940" lon="108.3826350">
    <ele>1811.0</ele>
   </trkpt>
   <trkpt lat="-6.9120940" lon="108.3826350">
    <ele>1811.0</ele>
   </trkpt>
   <trkpt lat="-6.9120910" lon="108.3826570">
    <ele>1811.0</ele>
   </trkpt>
   <trkpt lat="-6.9120860" lon="108.3826690">
    <ele>1811.0</ele>
   </trkpt>
   <trkpt lat="-6.9120820" lon="108.3826800">
    <ele>1812.0</ele>
   </trkpt>
   <trkpt lat="-6.9120800" lon="108.3826900">
    <ele>1812.0</ele>
   </trkpt>
   <trkpt lat="-6.9120770" lon="108.3827000">
    <ele>1812.0</ele>
   </trkpt>
   <trkpt lat="-6.9120770" lon="108.3827090">
    <ele>1812.0</ele>
   </trkpt>
   <trkpt lat="-6.9120770" lon="108.3827180">
    <ele>1812.0</ele>
   </trkpt>
   <trkpt lat="-6.9120790" lon="108.3827260">
    <ele>1813.0</ele>
   </trkpt>
   <trkpt lat="-6.9120800" lon="108.3827340">
    <ele>1813.0</ele>
   </trkpt>
   <trkpt lat="-6.9120810" lon="108.3827430">
    <ele>1813.0</ele>
   </trkpt>
   <trkpt lat="-6.9120820" lon="108.3827510">
    <ele>1814.0</ele>
   </trkpt>
   <trkpt lat="-6.9120820" lon="108.3827580">
    <ele>1814.0</ele>
   </trkpt>
   <trkpt lat="-6.9120820" lon="108.3827650">
    <ele>1815.0</ele>
   </trkpt>
   <trkpt lat="-6.9120810" lon="108.3827720">
    <ele>1815.0</ele>
   </trkpt>
   <trkpt lat="-6.9120810" lon="108.3827790">
    <ele>1815.0</ele>
   </trkpt>
   <trkpt lat="-6.9120810" lon="108.3827870">
    <ele>1815.0</ele>
   </trkpt>
   <trkpt lat="-6.9120800" lon="108.3827950">
    <ele>1815.0</ele>
   </trkpt>
   <trkpt lat="-6.9120800" lon="108.3827970">
    <ele>1816.0</ele>
   </trkpt>
   <trkpt lat="-6.9120790" lon="108.3827980">
    <ele>1816.0</ele>
   </trkpt>
   <trkpt lat="-6.9120790" lon="108.3827990">
    <ele>1816.0</ele>
   </trkpt>
   <trkpt lat="-6.9120780" lon="108.3828010">
    <ele>1816.0</ele>
   </trkpt>
   <trkpt lat="-6.9120780" lon="108.3828020">
    <ele>1816.0</ele>
   </trkpt>
   <trkpt lat="-6.9120760" lon="108.3828070">
    <ele>1817.0</ele>
   </trkpt>
   <trkpt lat="-6.9120750" lon="108.3828120">
    <ele>1817.0</ele>
   </trkpt>
   <trkpt lat="-6.9120730" lon="108.3828180">
    <ele>1817.0</ele>
   </trkpt>
   <trkpt lat="-6.9120710" lon="108.3828240">
    <ele>1818.0</ele>
   </trkpt>
   <trkpt lat="-6.9120710" lon="108.3828310">
    <ele>1818.0</ele>
   </trkpt>
   <trkpt lat="-6.9120700" lon="108.3828380">
    <ele>1819.0</ele>
   </trkpt>
   <trkpt lat="-6.9120710" lon="108.3828450">
    <ele>1819.0</ele>
   </trkpt>
   <trkpt lat="-6.9120720" lon="108.3828520">
    <ele>1819.0</ele>
   </trkpt>
   <trkpt lat="-6.9120730" lon="108.3828600">
    <ele>1820.0</ele>
   </trkpt>
   <trkpt lat="-6.9120730" lon="108.3828670">
    <ele>1820.0</ele>
   </trkpt>
   <trkpt lat="-6.9120740" lon="108.3828750">
    <ele>1821.0</ele>
   </trkpt>
   <trkpt lat="-6.9120740" lon="108.3828820">
    <ele>1821.0</ele>
   </trkpt>
   <trkpt lat="-6.9120740" lon="108.3828900">
    <ele>1821.0</ele>
   </trkpt>
   <trkpt lat="-6.9120740" lon="108.3828980">
    <ele>1821.0</ele>
   </trkpt>
   <trkpt lat="-6.9120740" lon="108.3829060">
    <ele>1821.0</ele>
   </trkpt>
   <trkpt lat="-6.9120750" lon="108.3829130">
    <ele>1822.0</ele>
   </trkpt>
   <trkpt lat="-6.9120760" lon="108.3829200">
    <ele>1822.0</ele>
   </trkpt>
   <trkpt lat="-6.9120760" lon="108.3829270">
    <ele>1822.0</ele>
   </trkpt>
   <trkpt lat="-6.9120770" lon="108.3829310">
    <ele>1823.0</ele>
   </trkpt>
   <trkpt lat="-6.9120770" lon="108.3829360">
    <ele>1823.0</ele>
   </trkpt>
   <trkpt lat="-6.9120770" lon="108.3829360">
    <ele>1824.0</ele>
   </trkpt>
   <trkpt lat="-6.9120770" lon="108.3829360">
    <ele>1824.0</ele>
   </trkpt>
   <trkpt lat="-6.9120770" lon="108.3829360">
    <ele>1824.0</ele>
   </trkpt>
   <trkpt lat="-6.9120770" lon="108.3829360">
    <ele>1824.0</ele>
   </trkpt>
   <trkpt lat="-6.9120770" lon="108.3829360">
    <ele>1824.0</ele>
   </trkpt>
   <trkpt lat="-6.9120770" lon="108.3829360">
    <ele>1825.0</ele>
   </trkpt>
   <trkpt lat="-6.9120770" lon="108.3829360">
    <ele>1825.0</ele>
   </trkpt>
   <trkpt lat="-6.9120770" lon="108.3829580">
    <ele>1825.0</ele>
   </trkpt>
   <trkpt lat="-6.9120770" lon="108.3829690">
    <ele>1825.0</ele>
   </trkpt>
   <trkpt lat="-6.9120770" lon="108.3829790">
    <ele>1825.0</ele>
   </trkpt>
   <trkpt lat="-6.9120770" lon="108.3829880">
    <ele>1826.0</ele>
   </trkpt>
   <trkpt lat="-6.9120760" lon="108.3829960">
    <ele>1826.0</ele>
   </trkpt>
   <trkpt lat="-6.9120770" lon="108.3830060">
    <ele>1826.0</ele>
   </trkpt>
   <trkpt lat="-6.9120770" lon="108.3830160">
    <ele>1826.0</ele>
   </trkpt>
   <trkpt lat="-6.9120790" lon="108.3830270">
    <ele>1826.0</ele>
   </trkpt>
   <trkpt lat="-6.9120810" lon="108.3830380">
    <ele>1827.0</ele>
   </trkpt>
   <trkpt lat="-6.9120830" lon="108.3830490">
    <ele>1827.0</ele>
   </trkpt>
   <trkpt lat="-6.9120850" lon="108.3830590">
    <ele>1827.0</ele>
   </trkpt>
   <trkpt lat="-6.9120860" lon="108.3830670">
    <ele>1827.0</ele>
   </trkpt>
   <trkpt lat="-6.9120870" lon="108.3830750">
    <ele>1827.0</ele>
   </trkpt>
   <trkpt lat="-6.9120850" lon="108.3830840">
    <ele>1828.0</ele>
   </trkpt>
   <trkpt lat="-6.9120840" lon="108.3830920">
    <ele>1828.0</ele>
   </trkpt>
   <trkpt lat="-6.9120780" lon="108.3831040">
    <ele>1828.0</ele>
   </trkpt>
   <trkpt lat="-6.9120730" lon="108.3831160">
    <ele>1828.0</ele>
   </trkpt>
   <trkpt lat="-6.9120680" lon="108.3831300">
    <ele>1828.0</ele>
   </trkpt>
   <trkpt lat="-6.9120620" lon="108.3831430">
    <ele>1829.0</ele>
   </trkpt>
   <trkpt lat="-6.9120600" lon="108.3831590">
    <ele>1829.0</ele>
   </trkpt>
   <trkpt lat="-6.9120580" lon="108.3831740">
    <ele>1829.0</ele>
   </trkpt>
   <trkpt lat="-6.9120610" lon="108.3831900">
    <ele>1829.0</ele>
   </trkpt>
   <trkpt lat="-6.9120630" lon="108.3832050">
    <ele>1829.0</ele>
   </trkpt>
   <trkpt lat="-6.9120690" lon="108.3832160">
    <ele>1830.0</ele>
   </trkpt>
   <trkpt lat="-6.9120750" lon="108.3832280">
    <ele>1830.0</ele>
   </trkpt>
   <trkpt lat="-6.9120790" lon="108.3832330">
    <ele>1830.0</ele>
   </trkpt>
   <trkpt lat="-6.9120820" lon="108.3832370">
    <ele>1830.0</ele>
   </trkpt>
   <trkpt lat="-6.9120880" lon="108.3832440">
    <ele>1830.0</ele>
   </trkpt>
   <trkpt lat="-6.9120930" lon="108.3832510">
    <ele>1831.0</ele>
   </trkpt>
   <trkpt lat="-6.9120980" lon="108.3832560">
    <ele>1831.0</ele>
   </trkpt>
   <trkpt lat="-6.9121020" lon="108.3832610">
    <ele>1831.0</ele>
   </trkpt>
   <trkpt lat="-6.9121060" lon="108.3832670">
    <ele>1831.0</ele>
   </trkpt>
   <trkpt lat="-6.9121090" lon="108.3832740">
    <ele>1831.0</ele>
   </trkpt>
   <trkpt lat="-6.9121110" lon="108.3832800">
    <ele>1832.0</ele>
   </trkpt>
   <trkpt lat="-6.9121120" lon="108.3832870">
    <ele>1832.0</ele>
   </trkpt>
   <trkpt lat="-6.9121110" lon="108.3832920">
    <ele>1832.0</ele>
   </trkpt>
   <trkpt lat="-6.9121100" lon="108.3832980">
    <ele>1833.0</ele>
   </trkpt>
   <trkpt lat="-6.9121070" lon="108.3833030">
    <ele>1833.0</ele>
   </trkpt>
   <trkpt lat="-6.9121050" lon="108.3833090">
    <ele>1834.0</ele>
   </trkpt>
   <trkpt lat="-6.9121020" lon="108.3833170">
    <ele>1834.0</ele>
   </trkpt>
   <trkpt lat="-6.9121000" lon="108.3833240">
    <ele>1834.0</ele>
   </trkpt>
   <trkpt lat="-6.9120980" lon="108.3833330">
    <ele>1834.0</ele>
   </trkpt>
   <trkpt lat="-6.9120970" lon="108.3833420">
    <ele>1834.0</ele>
   </trkpt>
   <trkpt lat="-6.9120960" lon="108.3833500">
    <ele>1835.0</ele>
   </trkpt>
   <trkpt lat="-6.9120940" lon="108.3833580">
    <ele>1835.0</ele>
   </trkpt>
   <trkpt lat="-6.9120930" lon="108.3833600">
    <ele>1835.0</ele>
   </trkpt>
   <trkpt lat="-6.9120920" lon="108.3833620">
    <ele>1835.0</ele>
   </trkpt>
   <trkpt lat="-6.9120900" lon="108.3833640">
    <ele>1835.0</ele>
   </trkpt>
   <trkpt lat="-6.9120890" lon="108.3833660">
    <ele>1836.0</ele>
   </trkpt>
   <trkpt lat="-6.9120850" lon="108.3833730">
    <ele>1836.0</ele>
   </trkpt>
   <trkpt lat="-6.9120810" lon="108.3833800">
    <ele>1836.0</ele>
   </trkpt>
   <trkpt lat="-6.9120800" lon="108.3833860">
    <ele>1836.0</ele>
   </trkpt>
   <trkpt lat="-6.9120790" lon="108.3833920">
    <ele>1836.0</ele>
   </trkpt>
   <trkpt lat="-6.9120790" lon="108.3833960">
    <ele>1837.0</ele>
   </trkpt>
   <trkpt lat="-6.9120790" lon="108.3834010">
    <ele>1837.0</ele>
   </trkpt>
   <trkpt lat="-6.9120790" lon="108.3834060">
    <ele>1837.0</ele>
   </trkpt>
   <trkpt lat="-6.9120790" lon="108.3834120">
    <ele>1837.0</ele>
   </trkpt>
   <trkpt lat="-6.9120780" lon="108.3834190">
    <ele>1837.0</ele>
   </trkpt>
   <trkpt lat="-6.9120770" lon="108.3834250">
    <ele>1838.0</ele>
   </trkpt>
   <trkpt lat="-6.9120750" lon="108.3834320">
    <ele>1838.0</ele>
   </trkpt>
   <trkpt lat="-6.9120750" lon="108.3834410">
    <ele>1838.0</ele>
   </trkpt>
   <trkpt lat="-6.9120740" lon="108.3834500">
    <ele>1839.0</ele>
   </trkpt>
   <trkpt lat="-6.9120750" lon="108.3834620">
    <ele>1839.0</ele>
   </trkpt>
   <trkpt lat="-6.9120750" lon="108.3834740">
    <ele>1840.0</ele>
   </trkpt>
   <trkpt lat="-6.9120770" lon="108.3834860">
    <ele>1840.0</ele>
   </trkpt>
   <trkpt lat="-6.9120800" lon="108.3834990">
    <ele>1840.0</ele>
   </trkpt>
   <trkpt lat="-6.9120810" lon="108.3835110">
    <ele>1840.0</ele>
   </trkpt>
   <trkpt lat="-6.9120810" lon="108.3835230">
    <ele>1840.0</ele>
   </trkpt>
   <trkpt lat="-6.9120820" lon="108.3835280">
    <ele>1840.0</ele>
   </trkpt>
   <trkpt lat="-6.9120820" lon="108.3835340">
    <ele>1840.0</ele>
   </trkpt>
   <trkpt lat="-6.9120840" lon="108.3835400">
    <ele>1840.0</ele>
   </trkpt>
   <trkpt lat="-6.9120850" lon="108.3835460">
    <ele>1841.0</ele>
   </trkpt>
   <trkpt lat="-6.9120870" lon="108.3835520">
    <ele>1841.0</ele>
   </trkpt>
   <trkpt lat="-6.9120920" lon="108.3835610">
    <ele>1842.0</ele>
   </trkpt>
   <trkpt lat="-6.9120970" lon="108.3835690">
    <ele>1842.0</ele>
   </trkpt>
   <trkpt lat="-6.9121020" lon="108.3835770">
    <ele>1842.0</ele>
   </trkpt>
   <trkpt lat="-6.9121080" lon="108.3835850">
    <ele>1842.0</ele>
   </trkpt>
   <trkpt lat="-6.9121120" lon="108.3835930">
    <ele>1842.0</ele>
   </trkpt>
   <trkpt lat="-6.9121170" lon="108.3836010">
    <ele>1843.0</ele>
   </trkpt>
   <trkpt lat="-6.9121220" lon="108.3836080">
    <ele>1843.0</ele>
   </trkpt>
   <trkpt lat="-6.9121270" lon="108.3836160">
    <ele>1843.0</ele>
   </trkpt>
   <trkpt lat="-6.9121310" lon="108.3836220">
    <ele>1843.0</ele>
   </trkpt>
   <trkpt lat="-6.9121340" lon="108.3836290">
    <ele>1843.0</ele>
   </trkpt>
   <trkpt lat="-6.9121360" lon="108.3836340">
    <ele>1844.0</ele>
   </trkpt>
   <trkpt lat="-6.9121380" lon="108.3836390">
    <ele>1844.0</ele>
   </trkpt>
   <trkpt lat="-6.9121410" lon="108.3836450">
    <ele>1844.0</ele>
   </trkpt>
   <trkpt lat="-6.9121430" lon="108.3836500">
    <ele>1845.0</ele>
   </trkpt>
   <trkpt lat="-6.9121460" lon="108.3836560">
    <ele>1845.0</ele>
   </trkpt>
   <trkpt lat="-6.9121490" lon="108.3836620">
    <ele>1846.0</ele>
   </trkpt>
   <trkpt lat="-6.9121490" lon="108.3836620">
    <ele>1846.0</ele>
   </trkpt>
   <trkpt lat="-6.9121490" lon="108.3836620">
    <ele>1846.0</ele>
   </trkpt>
   <trkpt lat="-6.9121490" lon="108.3836620">
    <ele>1846.0</ele>
   </trkpt>
   <trkpt lat="-6.9121490" lon="108.3836620">
    <ele>1846.0</ele>
   </trkpt>
   <trkpt lat="-6.9121490" lon="108.3836620">
    <ele>1847.0</ele>
   </trkpt>
   <trkpt lat="-6.9121490" lon="108.3836620">
    <ele>1847.0</ele>
   </trkpt>
   <trkpt lat="-6.9121570" lon="108.3836790">
    <ele>1847.0</ele>
   </trkpt>
   <trkpt lat="-6.9121610" lon="108.3836860">
    <ele>1847.0</ele>
   </trkpt>
   <trkpt lat="-6.9121650" lon="108.3836940">
    <ele>1847.0</ele>
   </trkpt>
   <trkpt lat="-6.9121690" lon="108.3837010">
    <ele>1848.0</ele>
   </trkpt>
   <trkpt lat="-6.9121730" lon="108.3837080">
    <ele>1848.0</ele>
   </trkpt>
   <trkpt lat="-6.9121760" lon="108.3837150">
    <ele>1848.0</ele>
   </trkpt>
   <trkpt lat="-6.9121800" lon="108.3837230">
    <ele>1848.0</ele>
   </trkpt>
   <trkpt lat="-6.9121850" lon="108.3837320">
    <ele>1848.0</ele>
   </trkpt>
   <trkpt lat="-6.9121900" lon="108.3837410">
    <ele>1849.0</ele>
   </trkpt>
   <trkpt lat="-6.9121950" lon="108.3837490">
    <ele>1849.0</ele>
   </trkpt>
   <trkpt lat="-6.9122000" lon="108.3837580">
    <ele>1849.0</ele>
   </trkpt>
   <trkpt lat="-6.9122050" lon="108.3837650">
    <ele>1849.0</ele>
   </trkpt>
   <trkpt lat="-6.9122100" lon="108.3837720">
    <ele>1849.0</ele>
   </trkpt>
   <trkpt lat="-6.9122110" lon="108.3837760">
    <ele>1850.0</ele>
   </trkpt>
   <trkpt lat="-6.9122120" lon="108.3837790">
    <ele>1850.0</ele>
   </trkpt>
   <trkpt lat="-6.9122130" lon="108.3837830">
    <ele>1850.0</ele>
   </trkpt>
   <trkpt lat="-6.9122140" lon="108.3837860">
    <ele>1850.0</ele>
   </trkpt>
   <trkpt lat="-6.9122130" lon="108.3837920">
    <ele>1850.0</ele>
   </trkpt>
   <trkpt lat="-6.9122110" lon="108.3837980">
    <ele>1851.0</ele>
   </trkpt>
   <trkpt lat="-6.9122080" lon="108.3838030">
    <ele>1851.0</ele>
   </trkpt>
   <trkpt lat="-6.9122040" lon="108.3838080">
    <ele>1851.0</ele>
   </trkpt>
   <trkpt lat="-6.9122000" lon="108.3838130">
    <ele>1851.0</ele>
   </trkpt>
   <trkpt lat="-6.9121950" lon="108.3838190">
    <ele>1851.0</ele>
   </trkpt>
   <trkpt lat="-6.9121930" lon="108.3838240">
    <ele>1852.0</ele>
   </trkpt>
   <trkpt lat="-6.9121900" lon="108.3838280">
    <ele>1852.0</ele>
   </trkpt>
   <trkpt lat="-6.9121870" lon="108.3838330">
    <ele>1852.0</ele>
   </trkpt>
   <trkpt lat="-6.9121830" lon="108.3838400">
    <ele>1853.0</ele>
   </trkpt>
   <trkpt lat="-6.9121800" lon="108.3838470">
    <ele>1853.0</ele>
   </trkpt>
   <trkpt lat="-6.9121780" lon="108.3838540">
    <ele>1854.0</ele>
   </trkpt>
   <trkpt lat="-6.9121760" lon="108.3838610">
    <ele>1854.0</ele>
   </trkpt>
   <trkpt lat="-6.9121750" lon="108.3838680">
    <ele>1854.0</ele>
   </trkpt>
   <trkpt lat="-6.9121750" lon="108.3838750">
    <ele>1854.0</ele>
   </trkpt>
   <trkpt lat="-6.9121760" lon="108.3838830">
    <ele>1854.0</ele>
   </trkpt>
   <trkpt lat="-6.9121770" lon="108.3838910">
    <ele>1855.0</ele>
   </trkpt>
   <trkpt lat="-6.9121780" lon="108.3838990">
    <ele>1855.0</ele>
   </trkpt>
   <trkpt lat="-6.9121800" lon="108.3839070">
    <ele>1855.0</ele>
   </trkpt>
   <trkpt lat="-6.9121830" lon="108.3839150">
    <ele>1855.0</ele>
   </trkpt>
   <trkpt lat="-6.9121850" lon="108.3839220">
    <ele>1855.0</ele>
   </trkpt>
   <trkpt lat="-6.9121890" lon="108.3839310">
    <ele>1856.0</ele>
   </trkpt>
   <trkpt lat="-6.9121930" lon="108.3839400">
    <ele>1856.0</ele>
   </trkpt>
   <trkpt lat="-6.9121970" lon="108.3839480">
    <ele>1856.0</ele>
   </trkpt>
   <trkpt lat="-6.9122010" lon="108.3839570">
    <ele>1856.0</ele>
   </trkpt>
   <trkpt lat="-6.9122040" lon="108.3839620">
    <ele>1856.0</ele>
   </trkpt>
   <trkpt lat="-6.9122060" lon="108.3839660">
    <ele>1857.0</ele>
   </trkpt>
   <trkpt lat="-6.9122110" lon="108.3839750">
    <ele>1857.0</ele>
   </trkpt>
   <trkpt lat="-6.9122150" lon="108.3839840">
    <ele>1857.0</ele>
   </trkpt>
   <trkpt lat="-6.9122180" lon="108.3839910">
    <ele>1858.0</ele>
   </trkpt>
   <trkpt lat="-6.9122210" lon="108.3839990">
    <ele>1858.0</ele>
   </trkpt>
   <trkpt lat="-6.9122230" lon="108.3840070">
    <ele>1859.0</ele>
   </trkpt>
   <trkpt lat="-6.9122250" lon="108.3840150">
    <ele>1859.0</ele>
   </trkpt>
   <trkpt lat="-6.9122270" lon="108.3840240">
    <ele>1859.0</ele>
   </trkpt>
   <trkpt lat="-6.9122280" lon="108.3840330">
    <ele>1859.0</ele>
   </trkpt>
   <trkpt lat="-6.9122300" lon="108.3840430">
    <ele>1859.0</ele>
   </trkpt>
   <trkpt lat="-6.9122320" lon="108.3840540">
    <ele>1860.0</ele>
   </trkpt>
   <trkpt lat="-6.9122330" lon="108.3840680">
    <ele>1860.0</ele>
   </trkpt>
   <trkpt lat="-6.9122350" lon="108.3840820">
    <ele>1860.0</ele>
   </trkpt>
   <trkpt lat="-6.9122360" lon="108.3840980">
    <ele>1860.0</ele>
   </trkpt>
   <trkpt lat="-6.9122370" lon="108.3841150">
    <ele>1860.0</ele>
   </trkpt>
   <trkpt lat="-6.9122380" lon="108.3841300">
    <ele>1861.0</ele>
   </trkpt>
   <trkpt lat="-6.9122380" lon="108.3841450">
    <ele>1861.0</ele>
   </trkpt>
   <trkpt lat="-6.9122390" lon="108.3841590">
    <ele>1861.0</ele>
   </trkpt>
   <trkpt lat="-6.9122400" lon="108.3841720">
    <ele>1862.0</ele>
   </trkpt>
   <trkpt lat="-6.9122400" lon="108.3841860">
    <ele>1862.0</ele>
   </trkpt>
   <trkpt lat="-6.9122410" lon="108.3842000">
    <ele>1863.0</ele>
   </trkpt>
   <trkpt lat="-6.9122430" lon="108.3842120">
    <ele>1863.0</ele>
   </trkpt>
   <trkpt lat="-6.9122450" lon="108.3842250">
    <ele>1863.0</ele>
   </trkpt>
   <trkpt lat="-6.9122480" lon="108.3842360">
    <ele>1863.0</ele>
   </trkpt>
   <trkpt lat="-6.9122500" lon="108.3842470">
    <ele>1863.0</ele>
   </trkpt>
   <trkpt lat="-6.9122520" lon="108.3842560">
    <ele>1864.0</ele>
   </trkpt>
   <trkpt lat="-6.9122540" lon="108.3842640">
    <ele>1864.0</ele>
   </trkpt>
   <trkpt lat="-6.9122570" lon="108.3842720">
    <ele>1864.0</ele>
   </trkpt>
   <trkpt lat="-6.9122610" lon="108.3842790">
    <ele>1865.0</ele>
   </trkpt>
   <trkpt lat="-6.9122660" lon="108.3842860">
    <ele>1865.0</ele>
   </trkpt>
   <trkpt lat="-6.9122700" lon="108.3842940">
    <ele>1866.0</ele>
   </trkpt>
   <trkpt lat="-6.9122740" lon="108.3843020">
    <ele>1866.0</ele>
   </trkpt>
   <trkpt lat="-6.9122780" lon="108.3843100">
    <ele>1866.0</ele>
   </trkpt>
   <trkpt lat="-6.9122820" lon="108.3843180">
    <ele>1866.0</ele>
   </trkpt>
   <trkpt lat="-6.9122850" lon="108.3843270">
    <ele>1866.0</ele>
   </trkpt>
   <trkpt lat="-6.9122880" lon="108.3843360">
    <ele>1867.0</ele>
   </trkpt>
   <trkpt lat="-6.9122920" lon="108.3843460">
    <ele>1867.0</ele>
   </trkpt>
   <trkpt lat="-6.9122950" lon="108.3843560">
    <ele>1867.0</ele>
   </trkpt>
   <trkpt lat="-6.9122980" lon="108.3843670">
    <ele>1867.0</ele>
   </trkpt>
   <trkpt lat="-6.9123000" lon="108.3843760">
    <ele>1867.0</ele>
   </trkpt>
   <trkpt lat="-6.9123010" lon="108.3843850">
    <ele>1868.0</ele>
   </trkpt>
   <trkpt lat="-6.9123020" lon="108.3843940">
    <ele>1868.0</ele>
   </trkpt>
   <trkpt lat="-6.9123030" lon="108.3844020">
    <ele>1868.0</ele>
   </trkpt>
   <trkpt lat="-6.9123040" lon="108.3844100">
    <ele>1868.0</ele>
   </trkpt>
   <trkpt lat="-6.9123040" lon="108.3844180">
    <ele>1868.0</ele>
   </trkpt>
   <trkpt lat="-6.9123040" lon="108.3844240">
    <ele>1869.0</ele>
   </trkpt>
   <trkpt lat="-6.9123040" lon="108.3844300">
    <ele>1869.0</ele>
   </trkpt>
   <trkpt lat="-6.9123030" lon="108.3844350">
    <ele>1869.0</ele>
   </trkpt>
   <trkpt lat="-6.9123010" lon="108.3844410">
    <ele>1870.0</ele>
   </trkpt>
   <trkpt lat="-6.9123000" lon="108.3844480">
    <ele>1870.0</ele>
   </trkpt>
   <trkpt lat="-6.9122990" lon="108.3844550">
    <ele>1871.0</ele>
   </trkpt>
   <trkpt lat="-6.9123000" lon="108.3844620">
    <ele>1871.0</ele>
   </trkpt>
   <trkpt lat="-6.9123010" lon="108.3844690">
    <ele>1871.0</ele>
   </trkpt>
   <trkpt lat="-6.9123020" lon="108.3844730">
    <ele>1871.0</ele>
   </trkpt>
   <trkpt lat="-6.9123040" lon="108.3844770">
    <ele>1871.0</ele>
   </trkpt>
   <trkpt lat="-6.9123070" lon="108.3844820">
    <ele>1872.0</ele>
   </trkpt>
   <trkpt lat="-6.9123090" lon="108.3844880">
    <ele>1872.0</ele>
   </trkpt>
   <trkpt lat="-6.9123130" lon="108.3844920">
    <ele>1872.0</ele>
   </trkpt>
   <trkpt lat="-6.9123160" lon="108.3844970">
    <ele>1872.0</ele>
   </trkpt>
   <trkpt lat="-6.9123200" lon="108.3845010">
    <ele>1872.0</ele>
   </trkpt>
   <trkpt lat="-6.9123250" lon="108.3845060">
    <ele>1873.0</ele>
   </trkpt>
   <trkpt lat="-6.9123280" lon="108.3845090">
    <ele>1873.0</ele>
   </trkpt>
   <trkpt lat="-6.9123320" lon="108.3845120">
    <ele>1873.0</ele>
   </trkpt>
   <trkpt lat="-6.9123370" lon="108.3845170">
    <ele>1873.0</ele>
   </trkpt>
   <trkpt lat="-6.9123410" lon="108.3845220">
    <ele>1873.0</ele>
   </trkpt>
   <trkpt lat="-6.9123440" lon="108.3845280">
    <ele>1874.0</ele>
   </trkpt>
   <trkpt lat="-6.9123470" lon="108.3845340">
    <ele>1874.0</ele>
   </trkpt>
   <trkpt lat="-6.9123500" lon="108.3845410">
    <ele>1874.0</ele>
   </trkpt>
   <trkpt lat="-6.9123520" lon="108.3845480">
    <ele>1874.0</ele>
   </trkpt>
   <trkpt lat="-6.9123560" lon="108.3845540">
    <ele>1874.0</ele>
   </trkpt>
   <trkpt lat="-6.9123600" lon="108.3845600">
    <ele>1875.0</ele>
   </trkpt>
   <trkpt lat="-6.9123650" lon="108.3845670">
    <ele>1875.0</ele>
   </trkpt>
   <trkpt lat="-6.9123710" lon="108.3845750">
    <ele>1875.0</ele>
   </trkpt>
   <trkpt lat="-6.9123750" lon="108.3845800">
    <ele>1875.0</ele>
   </trkpt>
   <trkpt lat="-6.9123790" lon="108.3845860">
    <ele>1875.0</ele>
   </trkpt>
   <trkpt lat="-6.9123830" lon="108.3845920">
    <ele>1876.0</ele>
   </trkpt>
   <trkpt lat="-6.9123890" lon="108.3845970">
    <ele>1876.0</ele>
   </trkpt>
   <trkpt lat="-6.9123960" lon="108.3846030">
    <ele>1876.0</ele>
   </trkpt>
   <trkpt lat="-6.9124020" lon="108.3846100">
    <ele>1876.0</ele>
   </trkpt>
   <trkpt lat="-6.9124080" lon="108.3846160">
    <ele>1876.0</ele>
   </trkpt>
   <trkpt lat="-6.9124130" lon="108.3846250">
    <ele>1877.0</ele>
   </trkpt>
   <trkpt lat="-6.9124180" lon="108.3846330">
    <ele>1877.0</ele>
   </trkpt>
   <trkpt lat="-6.9124210" lon="108.3846450">
    <ele>1877.0</ele>
   </trkpt>
   <trkpt lat="-6.9124240" lon="108.3846580">
    <ele>1877.0</ele>
   </trkpt>
   <trkpt lat="-6.9124260" lon="108.3846740">
    <ele>1877.0</ele>
   </trkpt>
   <trkpt lat="-6.9124280" lon="108.3846910">
    <ele>1878.0</ele>
   </trkpt>
   <trkpt lat="-6.9124280" lon="108.3847110">
    <ele>1878.0</ele>
   </trkpt>
   <trkpt lat="-6.9124290" lon="108.3847300">
    <ele>1878.0</ele>
   </trkpt>
   <trkpt lat="-6.9124290" lon="108.3847500">
    <ele>1878.0</ele>
   </trkpt>
   <trkpt lat="-6.9124290" lon="108.3847700">
    <ele>1878.0</ele>
   </trkpt>
   <trkpt lat="-6.9124280" lon="108.3847880">
    <ele>1879.0</ele>
   </trkpt>
   <trkpt lat="-6.9124270" lon="108.3848070">
    <ele>1879.0</ele>
   </trkpt>
   <trkpt lat="-6.9124240" lon="108.3848240">
    <ele>1879.0</ele>
   </trkpt>
   <trkpt lat="-6.9124220" lon="108.3848410">
    <ele>1879.0</ele>
   </trkpt>
   <trkpt lat="-6.9124200" lon="108.3848590">
    <ele>1879.0</ele>
   </trkpt>
   <trkpt lat="-6.9124180" lon="108.3848770">
    <ele>1880.0</ele>
   </trkpt>
   <trkpt lat="-6.9124200" lon="108.3848930">
    <ele>1880.0</ele>
   </trkpt>
   <trkpt lat="-6.9124220" lon="108.3849100">
    <ele>1880.0</ele>
   </trkpt>
   <trkpt lat="-6.9124240" lon="108.3849220">
    <ele>1880.0</ele>
   </trkpt>
   <trkpt lat="-6.9124270" lon="108.3849340">
    <ele>1880.0</ele>
   </trkpt>
   <trkpt lat="-6.9124300" lon="108.3849440">
    <ele>1881.0</ele>
   </trkpt>
   <trkpt lat="-6.9124330" lon="108.3849540">
    <ele>1881.0</ele>
   </trkpt>
   <trkpt lat="-6.9124360" lon="108.3849620">
    <ele>1881.0</ele>
   </trkpt>
   <trkpt lat="-6.9124390" lon="108.3849700">
    <ele>1881.0</ele>
   </trkpt>
   <trkpt lat="-6.9124420" lon="108.3849770">
    <ele>1881.0</ele>
   </trkpt>
   <trkpt lat="-6.9124450" lon="108.3849840">
    <ele>1882.0</ele>
   </trkpt>
   <trkpt lat="-6.9124470" lon="108.3849890">
    <ele>1882.0</ele>
   </trkpt>
   <trkpt lat="-6.9124490" lon="108.3849940">
    <ele>1882.0</ele>
   </trkpt>
   <trkpt lat="-6.9124510" lon="108.3849990">
    <ele>1882.0</ele>
   </trkpt>
   <trkpt lat="-6.9124550" lon="108.3850060">
    <ele>1882.0</ele>
   </trkpt>
   <trkpt lat="-6.9124580" lon="108.3850130">
    <ele>1883.0</ele>
   </trkpt>
   <trkpt lat="-6.9124620" lon="108.3850170">
    <ele>1883.0</ele>
   </trkpt>
   <trkpt lat="-6.9124660" lon="108.3850210">
    <ele>1883.0</ele>
   </trkpt>
   <trkpt lat="-6.9124710" lon="108.3850240">
    <ele>1883.0</ele>
   </trkpt>
   <trkpt lat="-6.9124760" lon="108.3850260">
    <ele>1883.0</ele>
   </trkpt>
   <trkpt lat="-6.9124820" lon="108.3850290">
    <ele>1884.0</ele>
   </trkpt>
   <trkpt lat="-6.9124870" lon="108.3850310">
    <ele>1884.0</ele>
   </trkpt>
   <trkpt lat="-6.9124920" lon="108.3850370">
    <ele>1884.0</ele>
   </trkpt>
   <trkpt lat="-6.9124980" lon="108.3850420">
    <ele>1885.0</ele>
   </trkpt>
   <trkpt lat="-6.9125050" lon="108.3850500">
    <ele>1885.0</ele>
   </trkpt>
   <trkpt lat="-6.9125120" lon="108.3850580">
    <ele>1886.0</ele>
   </trkpt>
   <trkpt lat="-6.9125190" lon="108.3850660">
    <ele>1886.0</ele>
   </trkpt>
   <trkpt lat="-6.9125260" lon="108.3850740">
    <ele>1886.0</ele>
   </trkpt>
   <trkpt lat="-6.9125310" lon="108.3850830">
    <ele>1886.0</ele>
   </trkpt>
   <trkpt lat="-6.9125370" lon="108.3850910">
    <ele>1886.0</ele>
   </trkpt>
   <trkpt lat="-6.9125410" lon="108.3850990">
    <ele>1887.0</ele>
   </trkpt>
   <trkpt lat="-6.9125450" lon="108.3851060">
    <ele>1887.0</ele>
   </trkpt>
   <trkpt lat="-6.9125490" lon="108.3851130">
    <ele>1887.0</ele>
   </trkpt>
   <trkpt lat="-6.9125530" lon="108.3851190">
    <ele>1887.0</ele>
   </trkpt>
   <trkpt lat="-6.9125550" lon="108.3851250">
    <ele>1887.0</ele>
   </trkpt>
   <trkpt lat="-6.9125580" lon="108.3851310">
    <ele>1888.0</ele>
   </trkpt>
   <trkpt lat="-6.9125600" lon="108.3851370">
    <ele>1888.0</ele>
   </trkpt>
   <trkpt lat="-6.9125620" lon="108.3851440">
    <ele>1888.0</ele>
   </trkpt>
   <trkpt lat="-6.9125640" lon="108.3851510">
    <ele>1888.0</ele>
   </trkpt>
   <trkpt lat="-6.9125660" lon="108.3851580">
    <ele>1888.0</ele>
   </trkpt>
   <trkpt lat="-6.9125680" lon="108.3851610">
    <ele>1889.0</ele>
   </trkpt>
   <trkpt lat="-6.9125690" lon="108.3851650">
    <ele>1889.0</ele>
   </trkpt>
   <trkpt lat="-6.9125720" lon="108.3851720">
    <ele>1889.0</ele>
   </trkpt>
   <trkpt lat="-6.9125750" lon="108.3851790">
    <ele>1889.0</ele>
   </trkpt>
   <trkpt lat="-6.9125780" lon="108.3851850">
    <ele>1889.0</ele>
   </trkpt>
   <trkpt lat="-6.9125810" lon="108.3851910">
    <ele>1890.0</ele>
   </trkpt>
   <trkpt lat="-6.9125830" lon="108.3851960">
    <ele>1890.0</ele>
   </trkpt>
   <trkpt lat="-6.9125860" lon="108.3852010">
    <ele>1890.0</ele>
   </trkpt>
   <trkpt lat="-6.9125890" lon="108.3852060">
    <ele>1891.0</ele>
   </trkpt>
   <trkpt lat="-6.9125920" lon="108.3852100">
    <ele>1891.0</ele>
   </trkpt>
   <trkpt lat="-6.9125940" lon="108.3852150">
    <ele>1892.0</ele>
   </trkpt>
   <trkpt lat="-6.9125950" lon="108.3852200">
    <ele>1892.0</ele>
   </trkpt>
   <trkpt lat="-6.9125950" lon="108.3852270">
    <ele>1892.0</ele>
   </trkpt>
   <trkpt lat="-6.9125950" lon="108.3852340">
    <ele>1892.0</ele>
   </trkpt>
   <trkpt lat="-6.9125960" lon="108.3852420">
    <ele>1892.0</ele>
   </trkpt>
   <trkpt lat="-6.9125960" lon="108.3852490">
    <ele>1893.0</ele>
   </trkpt>
   <trkpt lat="-6.9126000" lon="108.3852590">
    <ele>1893.0</ele>
   </trkpt>
   <trkpt lat="-6.9126030" lon="108.3852680">
    <ele>1893.0</ele>
   </trkpt>
   <trkpt lat="-6.9126090" lon="108.3852790">
    <ele>1893.0</ele>
   </trkpt>
   <trkpt lat="-6.9126160" lon="108.3852890">
    <ele>1893.0</ele>
   </trkpt>
   <trkpt lat="-6.9126260" lon="108.3852980">
    <ele>1894.0</ele>
   </trkpt>
   <trkpt lat="-6.9126370" lon="108.3853060">
    <ele>1894.0</ele>
   </trkpt>
   <trkpt lat="-6.9126460" lon="108.3853140">
    <ele>1894.0</ele>
   </trkpt>
   <trkpt lat="-6.9126550" lon="108.3853220">
    <ele>1895.0</ele>
   </trkpt>
   <trkpt lat="-6.9126610" lon="108.3853310">
    <ele>1895.0</ele>
   </trkpt>
   <trkpt lat="-6.9126680" lon="108.3853390">
    <ele>1896.0</ele>
   </trkpt>
   <trkpt lat="-6.9126720" lon="108.3853480">
    <ele>1896.0</ele>
   </trkpt>
   <trkpt lat="-6.9126760" lon="108.3853570">
    <ele>1896.0</ele>
   </trkpt>
   <trkpt lat="-6.9126780" lon="108.3853640">
    <ele>1896.0</ele>
   </trkpt>
   <trkpt lat="-6.9126800" lon="108.3853710">
    <ele>1896.0</ele>
   </trkpt>
   <trkpt lat="-6.9126800" lon="108.3853780">
    <ele>1897.0</ele>
   </trkpt>
   <trkpt lat="-6.9126810" lon="108.3853850">
    <ele>1897.0</ele>
   </trkpt>
   <trkpt lat="-6.9126800" lon="108.3853940">
    <ele>1897.0</ele>
   </trkpt>
   <trkpt lat="-6.9126800" lon="108.3854030">
    <ele>1897.0</ele>
   </trkpt>
   <trkpt lat="-6.9126800" lon="108.3854160">
    <ele>1897.0</ele>
   </trkpt>
   <trkpt lat="-6.9126810" lon="108.3854280">
    <ele>1898.0</ele>
   </trkpt>
   <trkpt lat="-6.9126850" lon="108.3854410">
    <ele>1898.0</ele>
   </trkpt>
   <trkpt lat="-6.9126880" lon="108.3854530">
    <ele>1898.0</ele>
   </trkpt>
   <trkpt lat="-6.9126910" lon="108.3854600">
    <ele>1899.0</ele>
   </trkpt>
   <trkpt lat="-6.9126940" lon="108.3854660">
    <ele>1899.0</ele>
   </trkpt>
   <trkpt lat="-6.9126970" lon="108.3854730">
    <ele>1900.0</ele>
   </trkpt>
   <trkpt lat="-6.9127010" lon="108.3854800">
    <ele>1900.0</ele>
   </trkpt>
   <trkpt lat="-6.9127050" lon="108.3854890">
    <ele>1900.0</ele>
   </trkpt>
   <trkpt lat="-6.9127100" lon="108.3854990">
    <ele>1900.0</ele>
   </trkpt>
   <trkpt lat="-6.9127150" lon="108.3855090">
    <ele>1900.0</ele>
   </trkpt>
   <trkpt lat="-6.9127220" lon="108.3855180">
    <ele>1901.0</ele>
   </trkpt>
   <trkpt lat="-6.9127290" lon="108.3855280">
    <ele>1901.0</ele>
   </trkpt>
   <trkpt lat="-6.9127390" lon="108.3855360">
    <ele>1901.0</ele>
   </trkpt>
   <trkpt lat="-6.9127490" lon="108.3855450">
    <ele>1901.0</ele>
   </trkpt>
   <trkpt lat="-6.9127600" lon="108.3855530">
    <ele>1901.0</ele>
   </trkpt>
   <trkpt lat="-6.9127710" lon="108.3855620">
    <ele>1902.0</ele>
   </trkpt>
   <trkpt lat="-6.9127800" lon="108.3855710">
    <ele>1902.0</ele>
   </trkpt>
   <trkpt lat="-6.9127880" lon="108.3855790">
    <ele>1902.0</ele>
   </trkpt>
   <trkpt lat="-6.9127930" lon="108.3855840">
    <ele>1902.0</ele>
   </trkpt>
   <trkpt lat="-6.9127970" lon="108.3855890">
    <ele>1902.0</ele>
   </trkpt>
   <trkpt lat="-6.9128010" lon="108.3855940">
    <ele>1902.0</ele>
   </trkpt>
   <trkpt lat="-6.9128040" lon="108.3856000">
    <ele>1902.0</ele>
   </trkpt>
   <trkpt lat="-6.9128080" lon="108.3856070">
    <ele>1902.0</ele>
   </trkpt>
   <trkpt lat="-6.9128100" lon="108.3856120">
    <ele>1903.0</ele>
   </trkpt>
   <trkpt lat="-6.9128120" lon="108.3856180">
    <ele>1903.0</ele>
   </trkpt>
   <trkpt lat="-6.9128140" lon="108.3856240">
    <ele>1904.0</ele>
   </trkpt>
   <trkpt lat="-6.9128170" lon="108.3856310">
    <ele>1904.0</ele>
   </trkpt>
   <trkpt lat="-6.9128190" lon="108.3856370">
    <ele>1904.0</ele>
   </trkpt>
   <trkpt lat="-6.9128210" lon="108.3856440">
    <ele>1904.0</ele>
   </trkpt>
   <trkpt lat="-6.9128220" lon="108.3856510">
    <ele>1904.0</ele>
   </trkpt>
   <trkpt lat="-6.9128230" lon="108.3856590">
    <ele>1905.0</ele>
   </trkpt>
   <trkpt lat="-6.9128240" lon="108.3856660">
    <ele>1905.0</ele>
   </trkpt>
   <trkpt lat="-6.9128250" lon="108.3856720">
    <ele>1905.0</ele>
   </trkpt>
   <trkpt lat="-6.9128270" lon="108.3856780">
    <ele>1905.0</ele>
   </trkpt>
   <trkpt lat="-6.9128290" lon="108.3856840">
    <ele>1905.0</ele>
   </trkpt>
   <trkpt lat="-6.9128320" lon="108.3856890">
    <ele>1906.0</ele>
   </trkpt>
   <trkpt lat="-6.9128340" lon="108.3856950">
    <ele>1906.0</ele>
   </trkpt>
   <trkpt lat="-6.9128370" lon="108.3857020">
    <ele>1906.0</ele>
   </trkpt>
   <trkpt lat="-6.9128390" lon="108.3857080">
    <ele>1906.0</ele>
   </trkpt>
   <trkpt lat="-6.9128410" lon="108.3857160">
    <ele>1906.0</ele>
   </trkpt>
   <trkpt lat="-6.9128430" lon="108.3857230">
    <ele>1907.0</ele>
   </trkpt>
   <trkpt lat="-6.9128440" lon="108.3857310">
    <ele>1907.0</ele>
   </trkpt>
   <trkpt lat="-6.9128440" lon="108.3857380">
    <ele>1907.0</ele>
   </trkpt>
   <trkpt lat="-6.9128450" lon="108.3857420">
    <ele>1908.0</ele>
   </trkpt>
   <trkpt lat="-6.9128460" lon="108.3857460">
    <ele>1908.0</ele>
   </trkpt>
   <trkpt lat="-6.9128470" lon="108.3857520">
    <ele>1909.0</ele>
   </trkpt>
   <trkpt lat="-6.9128490" lon="108.3857570">
    <ele>1909.0</ele>
   </trkpt>
   <trkpt lat="-6.9128520" lon="108.3857630">
    <ele>1909.0</ele>
   </trkpt>
   <trkpt lat="-6.9128540" lon="108.3857680">
    <ele>1909.0</ele>
   </trkpt>
   <trkpt lat="-6.9128570" lon="108.3857730">
    <ele>1909.0</ele>
   </trkpt>
   <trkpt lat="-6.9128590" lon="108.3857780">
    <ele>1910.0</ele>
   </trkpt>
   <trkpt lat="-6.9128610" lon="108.3857850">
    <ele>1910.0</ele>
   </trkpt>
   <trkpt lat="-6.9128640" lon="108.3857910">
    <ele>1910.0</ele>
   </trkpt>
   <trkpt lat="-6.9128660" lon="108.3857980">
    <ele>1910.0</ele>
   </trkpt>
   <trkpt lat="-6.9128680" lon="108.3858050">
    <ele>1910.0</ele>
   </trkpt>
   <trkpt lat="-6.9128690" lon="108.3858110">
    <ele>1911.0</ele>
   </trkpt>
   <trkpt lat="-6.9128700" lon="108.3858170">
    <ele>1911.0</ele>
   </trkpt>
   <trkpt lat="-6.9128700" lon="108.3858200">
    <ele>1911.0</ele>
   </trkpt>
   <trkpt lat="-6.9128700" lon="108.3858230">
    <ele>1911.0</ele>
   </trkpt>
   <trkpt lat="-6.9128700" lon="108.3858260">
    <ele>1911.0</ele>
   </trkpt>
   <trkpt lat="-6.9128700" lon="108.3858290">
    <ele>1912.0</ele>
   </trkpt>
   <trkpt lat="-6.9128700" lon="108.3858370">
    <ele>1912.0</ele>
   </trkpt>
   <trkpt lat="-6.9128700" lon="108.3858460">
    <ele>1912.0</ele>
   </trkpt>
   <trkpt lat="-6.9128700" lon="108.3858520">
    <ele>1912.0</ele>
   </trkpt>
   <trkpt lat="-6.9128700" lon="108.3858600">
    <ele>1912.0</ele>
   </trkpt>
   <trkpt lat="-6.9128700" lon="108.3858680">
    <ele>1913.0</ele>
   </trkpt>
   <trkpt lat="-6.9128690" lon="108.3858760">
    <ele>1913.0</ele>
   </trkpt>
   <trkpt lat="-6.9128690" lon="108.3858900">
    <ele>1913.0</ele>
   </trkpt>
   <trkpt lat="-6.9128690" lon="108.3859030">
    <ele>1913.0</ele>
   </trkpt>
   <trkpt lat="-6.9128700" lon="108.3859200">
    <ele>1913.0</ele>
   </trkpt>
   <trkpt lat="-6.9128720" lon="108.3859360">
    <ele>1914.0</ele>
   </trkpt>
   <trkpt lat="-6.9128750" lon="108.3859500">
    <ele>1914.0</ele>
   </trkpt>
   <trkpt lat="-6.9128780" lon="108.3859640">
    <ele>1914.0</ele>
   </trkpt>
   <trkpt lat="-6.9128810" lon="108.3859740">
    <ele>1914.0</ele>
   </trkpt>
   <trkpt lat="-6.9128850" lon="108.3859840">
    <ele>1914.0</ele>
   </trkpt>
   <trkpt lat="-6.9128880" lon="108.3859920">
    <ele>1915.0</ele>
   </trkpt>
   <trkpt lat="-6.9128910" lon="108.3860000">
    <ele>1915.0</ele>
   </trkpt>
   <trkpt lat="-6.9128940" lon="108.3860080">
    <ele>1915.0</ele>
   </trkpt>
   <trkpt lat="-6.9128970" lon="108.3860150">
    <ele>1916.0</ele>
   </trkpt>
   <trkpt lat="-6.9129020" lon="108.3860210">
    <ele>1916.0</ele>
   </trkpt>
   <trkpt lat="-6.9129060" lon="108.3860280">
    <ele>1917.0</ele>
   </trkpt>
   <trkpt lat="-6.9129120" lon="108.3860350">
    <ele>1917.0</ele>
   </trkpt>
   <trkpt lat="-6.9129180" lon="108.3860410">
    <ele>1917.0</ele>
   </trkpt>
   <trkpt lat="-6.9129270" lon="108.3860480">
    <ele>1917.0</ele>
   </trkpt>
   <trkpt lat="-6.9129350" lon="108.3860560">
    <ele>1917.0</ele>
   </trkpt>
   <trkpt lat="-6.9129440" lon="108.3860650">
    <ele>1918.0</ele>
   </trkpt>
   <trkpt lat="-6.9129540" lon="108.3860740">
    <ele>1918.0</ele>
   </trkpt>
   <trkpt lat="-6.9129610" lon="108.3860840">
    <ele>1918.0</ele>
   </trkpt>
   <trkpt lat="-6.9129680" lon="108.3860930">
    <ele>1918.0</ele>
   </trkpt>
   <trkpt lat="-6.9129740" lon="108.3861020">
    <ele>1918.0</ele>
   </trkpt>
   <trkpt lat="-6.9129800" lon="108.3861100">
    <ele>1919.0</ele>
   </trkpt>
   <trkpt lat="-6.9129850" lon="108.3861150">
    <ele>1919.0</ele>
   </trkpt>
   <trkpt lat="-6.9129900" lon="108.3861210">
    <ele>1919.0</ele>
   </trkpt>
   <trkpt lat="-6.9129930" lon="108.3861270">
    <ele>1919.0</ele>
   </trkpt>
   <trkpt lat="-6.9129970" lon="108.3861330">
    <ele>1919.0</ele>
   </trkpt>
   <trkpt lat="-6.9129990" lon="108.3861400">
    <ele>1920.0</ele>
   </trkpt>
   <trkpt lat="-6.9130020" lon="108.3861480">
    <ele>1920.0</ele>
   </trkpt>
   <trkpt lat="-6.9130030" lon="108.3861580">
    <ele>1920.0</ele>
   </trkpt>
   <trkpt lat="-6.9130040" lon="108.3861690">
    <ele>1920.0</ele>
   </trkpt>
   <trkpt lat="-6.9130060" lon="108.3861790">
    <ele>1920.0</ele>
   </trkpt>
   <trkpt lat="-6.9130070" lon="108.3861900">
    <ele>1921.0</ele>
   </trkpt>
   <trkpt lat="-6.9130090" lon="108.3861990">
    <ele>1921.0</ele>
   </trkpt>
   <trkpt lat="-6.9130110" lon="108.3862080">
    <ele>1921.0</ele>
   </trkpt>
   <trkpt lat="-6.9130140" lon="108.3862150">
    <ele>1921.0</ele>
   </trkpt>
   <trkpt lat="-6.9130170" lon="108.3862220">
    <ele>1921.0</ele>
   </trkpt>
   <trkpt lat="-6.9130210" lon="108.3862290">
    <ele>1922.0</ele>
   </trkpt>
   <trkpt lat="-6.9130250" lon="108.3862360">
    <ele>1922.0</ele>
   </trkpt>
   <trkpt lat="-6.9130290" lon="108.3862420">
    <ele>1922.0</ele>
   </trkpt>
   <trkpt lat="-6.9130340" lon="108.3862480">
    <ele>1922.0</ele>
   </trkpt>
   <trkpt lat="-6.9130390" lon="108.3862530">
    <ele>1922.0</ele>
   </trkpt>
   <trkpt lat="-6.9130450" lon="108.3862580">
    <ele>1923.0</ele>
   </trkpt>
   <trkpt lat="-6.9130500" lon="108.3862630">
    <ele>1923.0</ele>
   </trkpt>
   <trkpt lat="-6.9130550" lon="108.3862670">
    <ele>1923.0</ele>
   </trkpt>
   <trkpt lat="-6.9130610" lon="108.3862730">
    <ele>1923.0</ele>
   </trkpt>
   <trkpt lat="-6.9130660" lon="108.3862790">
    <ele>1923.0</ele>
   </trkpt>
   <trkpt lat="-6.9130720" lon="108.3862870">
    <ele>1924.0</ele>
   </trkpt>
   <trkpt lat="-6.9130780" lon="108.3862950">
    <ele>1924.0</ele>
   </trkpt>
   <trkpt lat="-6.9130860" lon="108.3863050">
    <ele>1924.0</ele>
   </trkpt>
   <trkpt lat="-6.9130930" lon="108.3863150">
    <ele>1924.0</ele>
   </trkpt>
   <trkpt lat="-6.9131020" lon="108.3863260">
    <ele>1924.0</ele>
   </trkpt>
   <trkpt lat="-6.9131110" lon="108.3863370">
    <ele>1925.0</ele>
   </trkpt>
   <trkpt lat="-6.9131190" lon="108.3863500">
    <ele>1925.0</ele>
   </trkpt>
   <trkpt lat="-6.9131260" lon="108.3863630">
    <ele>1925.0</ele>
   </trkpt>
   <trkpt lat="-6.9131300" lon="108.3863780">
    <ele>1926.0</ele>
   </trkpt>
   <trkpt lat="-6.9131340" lon="108.3863930">
    <ele>1926.0</ele>
   </trkpt>
   <trkpt lat="-6.9131360" lon="108.3864080">
    <ele>1927.0</ele>
   </trkpt>
   <trkpt lat="-6.9131370" lon="108.3864230">
    <ele>1927.0</ele>
   </trkpt>
   <trkpt lat="-6.9131380" lon="108.3864370">
    <ele>1927.0</ele>
   </trkpt>
   <trkpt lat="-6.9131390" lon="108.3864500">
    <ele>1927.0</ele>
   </trkpt>
   <trkpt lat="-6.9131400" lon="108.3864620">
    <ele>1927.0</ele>
   </trkpt>
   <trkpt lat="-6.9131410" lon="108.3864730">
    <ele>1928.0</ele>
   </trkpt>
   <trkpt lat="-6.9131440" lon="108.3864830">
    <ele>1928.0</ele>
   </trkpt>
   <trkpt lat="-6.9131460" lon="108.3864920">
    <ele>1928.0</ele>
   </trkpt>
   <trkpt lat="-6.9131500" lon="108.3865000">
    <ele>1928.0</ele>
   </trkpt>
   <trkpt lat="-6.9131540" lon="108.3865090">
    <ele>1928.0</ele>
   </trkpt>
   <trkpt lat="-6.9131590" lon="108.3865170">
    <ele>1929.0</ele>
   </trkpt>
   <trkpt lat="-6.9131630" lon="108.3865260">
    <ele>1929.0</ele>
   </trkpt>
   <trkpt lat="-6.9131680" lon="108.3865340">
    <ele>1929.0</ele>
   </trkpt>
   <trkpt lat="-6.9131730" lon="108.3865430">
    <ele>1929.0</ele>
   </trkpt>
   <trkpt lat="-6.9131780" lon="108.3865510">
    <ele>1929.0</ele>
   </trkpt>
   <trkpt lat="-6.9131820" lon="108.3865580">
    <ele>1930.0</ele>
   </trkpt>
   <trkpt lat="-6.9131870" lon="108.3865680">
    <ele>1930.0</ele>
   </trkpt>
   <trkpt lat="-6.9131910" lon="108.3865780">
    <ele>1930.0</ele>
   </trkpt>
   <trkpt lat="-6.9131950" lon="108.3865910">
    <ele>1931.0</ele>
   </trkpt>
   <trkpt lat="-6.9132000" lon="108.3866030">
    <ele>1931.0</ele>
   </trkpt>
   <trkpt lat="-6.9132020" lon="108.3866120">
    <ele>1932.0</ele>
   </trkpt>
   <trkpt lat="-6.9132050" lon="108.3866210">
    <ele>1932.0</ele>
   </trkpt>
   <trkpt lat="-6.9132070" lon="108.3866290">
    <ele>1932.0</ele>
   </trkpt>
   <trkpt lat="-6.9132080" lon="108.3866360">
    <ele>1932.0</ele>
   </trkpt>
   <trkpt lat="-6.9132090" lon="108.3866420">
    <ele>1932.0</ele>
   </trkpt>
   <trkpt lat="-6.9132110" lon="108.3866520">
    <ele>1933.0</ele>
   </trkpt>
   <trkpt lat="-6.9132140" lon="108.3866610">
    <ele>1933.0</ele>
   </trkpt>
   <trkpt lat="-6.9132160" lon="108.3866690">
    <ele>1933.0</ele>
   </trkpt>
   <trkpt lat="-6.9132180" lon="108.3866770">
    <ele>1933.0</ele>
   </trkpt>
   <trkpt lat="-6.9132210" lon="108.3866840">
    <ele>1933.0</ele>
   </trkpt>
   <trkpt lat="-6.9132250" lon="108.3866910">
    <ele>1934.0</ele>
   </trkpt>
   <trkpt lat="-6.9132300" lon="108.3866970">
    <ele>1934.0</ele>
   </trkpt>
   <trkpt lat="-6.9132340" lon="108.3867040">
    <ele>1934.0</ele>
   </trkpt>
   <trkpt lat="-6.9132390" lon="108.3867100">
    <ele>1934.0</ele>
   </trkpt>
   <trkpt lat="-6.9132440" lon="108.3867160">
    <ele>1934.0</ele>
   </trkpt>
   <trkpt lat="-6.9132490" lon="108.3867220">
    <ele>1935.0</ele>
   </trkpt>
   <trkpt lat="-6.9132540" lon="108.3867270">
    <ele>1935.0</ele>
   </trkpt>
   <trkpt lat="-6.9132540" lon="108.3867270">
    <ele>1935.0</ele>
   </trkpt>
   <trkpt lat="-6.9132540" lon="108.3867270">
    <ele>1935.0</ele>
   </trkpt>
   <trkpt lat="-6.9132540" lon="108.3867270">
    <ele>1935.0</ele>
   </trkpt>
   <trkpt lat="-6.9132540" lon="108.3867270">
    <ele>1936.0</ele>
   </trkpt>
   <trkpt lat="-6.9132540" lon="108.3867270">
    <ele>1936.0</ele>
   </trkpt>
   <trkpt lat="-6.9132620" lon="108.3867350">
    <ele>1936.0</ele>
   </trkpt>
   <trkpt lat="-6.9132670" lon="108.3867410">
    <ele>1936.0</ele>
   </trkpt>
   <trkpt lat="-6.9132720" lon="108.3867460">
    <ele>1936.0</ele>
   </trkpt>
   <trkpt lat="-6.9132760" lon="108.3867520">
    <ele>1937.0</ele>
   </trkpt>
   <trkpt lat="-6.9132790" lon="108.3867570">
    <ele>1937.0</ele>
   </trkpt>
   <trkpt lat="-6.9132810" lon="108.3867610">
    <ele>1937.0</ele>
   </trkpt>
   <trkpt lat="-6.9132830" lon="108.3867650">
    <ele>1938.0</ele>
   </trkpt>
   <trkpt lat="-6.9132860" lon="108.3867720">
    <ele>1938.0</ele>
   </trkpt>
   <trkpt lat="-6.9132900" lon="108.3867790">
    <ele>1939.0</ele>
   </trkpt>
   <trkpt lat="-6.9132910" lon="108.3867850">
    <ele>1939.0</ele>
   </trkpt>
   <trkpt lat="-6.9132930" lon="108.3867920">
    <ele>1939.0</ele>
   </trkpt>
   <trkpt lat="-6.9132930" lon="108.3868000">
    <ele>1939.0</ele>
   </trkpt>
   <trkpt lat="-6.9132940" lon="108.3868080">
    <ele>1939.0</ele>
   </trkpt>
   <trkpt lat="-6.9132940" lon="108.3868140">
    <ele>1940.0</ele>
   </trkpt>
   <trkpt lat="-6.9132950" lon="108.3868210">
    <ele>1940.0</ele>
   </trkpt>
   <trkpt lat="-6.9132970" lon="108.3868260">
    <ele>1940.0</ele>
   </trkpt>
   <trkpt lat="-6.9133000" lon="108.3868310">
    <ele>1940.0</ele>
   </trkpt>
   <trkpt lat="-6.9133000" lon="108.3868310">
    <ele>1940.0</ele>
   </trkpt>
   <trkpt lat="-6.9133000" lon="108.3868310">
    <ele>1941.0</ele>
   </trkpt>
   <trkpt lat="-6.9133000" lon="108.3868310">
    <ele>1941.0</ele>
   </trkpt>
   <trkpt lat="-6.9133000" lon="108.3868310">
    <ele>1941.0</ele>
   </trkpt>
   <trkpt lat="-6.9133000" lon="108.3868310">
    <ele>1941.0</ele>
   </trkpt>
   <trkpt lat="-6.9133000" lon="108.3868310">
    <ele>1941.0</ele>
   </trkpt>
   <trkpt lat="-6.9133000" lon="108.3868310">
    <ele>1942.0</ele>
   </trkpt>
   <trkpt lat="-6.9133000" lon="108.3868310">
    <ele>1942.0</ele>
   </trkpt>
   <trkpt lat="-6.9133120" lon="108.3868470">
    <ele>1942.0</ele>
   </trkpt>
   <trkpt lat="-6.9133170" lon="108.3868550">
    <ele>1943.0</ele>
   </trkpt>
   <trkpt lat="-6.9133220" lon="108.3868640">
    <ele>1943.0</ele>
   </trkpt>
   <trkpt lat="-6.9133240" lon="108.3868700">
    <ele>1944.0</ele>
   </trkpt>
   <trkpt lat="-6.9133270" lon="108.3868770">
    <ele>1944.0</ele>
   </trkpt>
   <trkpt lat="-6.9133270" lon="108.3868840">
    <ele>1944.0</ele>
   </trkpt>
   <trkpt lat="-6.9133280" lon="108.3868920">
    <ele>1944.0</ele>
   </trkpt>
   <trkpt lat="-6.9133290" lon="108.3868990">
    <ele>1944.0</ele>
   </trkpt>
   <trkpt lat="-6.9133300" lon="108.3869070">
    <ele>1945.0</ele>
   </trkpt>
   <trkpt lat="-6.9133320" lon="108.3869130">
    <ele>1945.0</ele>
   </trkpt>
   <trkpt lat="-6.9133340" lon="108.3869200">
    <ele>1945.0</ele>
   </trkpt>
   <trkpt lat="-6.9133350" lon="108.3869270">
    <ele>1945.0</ele>
   </trkpt>
   <trkpt lat="-6.9133360" lon="108.3869350">
    <ele>1945.0</ele>
   </trkpt>
   <trkpt lat="-6.9133370" lon="108.3869420">
    <ele>1946.0</ele>
   </trkpt>
   <trkpt lat="-6.9133370" lon="108.3869490">
    <ele>1946.0</ele>
   </trkpt>
   <trkpt lat="-6.9133380" lon="108.3869560">
    <ele>1946.0</ele>
   </trkpt>
   <trkpt lat="-6.9133400" lon="108.3869640">
    <ele>1946.0</ele>
   </trkpt>
   <trkpt lat="-6.9133430" lon="108.3869730">
    <ele>1946.0</ele>
   </trkpt>
   <trkpt lat="-6.9133470" lon="108.3869820">
    <ele>1947.0</ele>
   </trkpt>
   <trkpt lat="-6.9133500" lon="108.3869910">
    <ele>1947.0</ele>
   </trkpt>
   <trkpt lat="-6.9133540" lon="108.3870000">
    <ele>1947.0</ele>
   </trkpt>
   <trkpt lat="-6.9133560" lon="108.3870100">
    <ele>1947.0</ele>
   </trkpt>
   <trkpt lat="-6.9133580" lon="108.3870190">
    <ele>1947.0</ele>
   </trkpt>
   <trkpt lat="-6.9133580" lon="108.3870290">
    <ele>1948.0</ele>
   </trkpt>
   <trkpt lat="-6.9133570" lon="108.3870390">
    <ele>1948.0</ele>
   </trkpt>
   <trkpt lat="-6.9133560" lon="108.3870460">
    <ele>1948.0</ele>
   </trkpt>
   <trkpt lat="-6.9133540" lon="108.3870530">
    <ele>1948.0</ele>
   </trkpt>
   <trkpt lat="-6.9133530" lon="108.3870590">
    <ele>1948.0</ele>
   </trkpt>
   <trkpt lat="-6.9133520" lon="108.3870650">
    <ele>1949.0</ele>
   </trkpt>
   <trkpt lat="-6.9133520" lon="108.3870710">
    <ele>1949.0</ele>
   </trkpt>
   <trkpt lat="-6.9133530" lon="108.3870780">
    <ele>1949.0</ele>
   </trkpt>
   <trkpt lat="-6.9133560" lon="108.3870840">
    <ele>1949.0</ele>
   </trkpt>
   <trkpt lat="-6.9133590" lon="108.3870910">
    <ele>1949.0</ele>
   </trkpt>
   <trkpt lat="-6.9133620" lon="108.3870970">
    <ele>1950.0</ele>
   </trkpt>
   <trkpt lat="-6.9133660" lon="108.3871030">
    <ele>1950.0</ele>
   </trkpt>
   <trkpt lat="-6.9133700" lon="108.3871090">
    <ele>1950.0</ele>
   </trkpt>
   <trkpt lat="-6.9133750" lon="108.3871150">
    <ele>1950.0</ele>
   </trkpt>
   <trkpt lat="-6.9133830" lon="108.3871200">
    <ele>1950.0</ele>
   </trkpt>
   <trkpt lat="-6.9133900" lon="108.3871260">
    <ele>1951.0</ele>
   </trkpt>
   <trkpt lat="-6.9133990" lon="108.3871290">
    <ele>1951.0</ele>
   </trkpt>
   <trkpt lat="-6.9134080" lon="108.3871330">
    <ele>1951.0</ele>
   </trkpt>
   <trkpt lat="-6.9134160" lon="108.3871350">
    <ele>1952.0</ele>
   </trkpt>
   <trkpt lat="-6.9134240" lon="108.3871380">
    <ele>1952.0</ele>
   </trkpt>
   <trkpt lat="-6.9134300" lon="108.3871400">
    <ele>1953.0</ele>
   </trkpt>
   <trkpt lat="-6.9134350" lon="108.3871430">
    <ele>1953.0</ele>
   </trkpt>
   <trkpt lat="-6.9134400" lon="108.3871470">
    <ele>1953.0</ele>
   </trkpt>
   <trkpt lat="-6.9134450" lon="108.3871510">
    <ele>1953.0</ele>
   </trkpt>
   <trkpt lat="-6.9134490" lon="108.3871550">
    <ele>1953.0</ele>
   </trkpt>
   <trkpt lat="-6.9134540" lon="108.3871600">
    <ele>1954.0</ele>
   </trkpt>
   <trkpt lat="-6.9134590" lon="108.3871630">
    <ele>1954.0</ele>
   </trkpt>
   <trkpt lat="-6.9134630" lon="108.3871670">
    <ele>1954.0</ele>
   </trkpt>
   <trkpt lat="-6.9134670" lon="108.3871700">
    <ele>1954.0</ele>
   </trkpt>
   <trkpt lat="-6.9134720" lon="108.3871730">
    <ele>1954.0</ele>
   </trkpt>
   <trkpt lat="-6.9134760" lon="108.3871760">
    <ele>1955.0</ele>
   </trkpt>
   <trkpt lat="-6.9134790" lon="108.3871810">
    <ele>1955.0</ele>
   </trkpt>
   <trkpt lat="-6.9134830" lon="108.3871860">
    <ele>1955.0</ele>
   </trkpt>
   <trkpt lat="-6.9134840" lon="108.3871910">
    <ele>1956.0</ele>
   </trkpt>
   <trkpt lat="-6.9134850" lon="108.3871970">
    <ele>1956.0</ele>
   </trkpt>
   <trkpt lat="-6.9134860" lon="108.3872050">
    <ele>1957.0</ele>
   </trkpt>
   <trkpt lat="-6.9134860" lon="108.3872120">
    <ele>1957.0</ele>
   </trkpt>
   <trkpt lat="-6.9134870" lon="108.3872210">
    <ele>1957.0</ele>
   </trkpt>
   <trkpt lat="-6.9134880" lon="108.3872290">
    <ele>1957.0</ele>
   </trkpt>
   <trkpt lat="-6.9134880" lon="108.3872350">
    <ele>1957.0</ele>
   </trkpt>
   <trkpt lat="-6.9134890" lon="108.3872410">
    <ele>1958.0</ele>
   </trkpt>
   <trkpt lat="-6.9134900" lon="108.3872470">
    <ele>1958.0</ele>
   </trkpt>
   <trkpt lat="-6.9134910" lon="108.3872530">
    <ele>1958.0</ele>
   </trkpt>
   <trkpt lat="-6.9134920" lon="108.3872600">
    <ele>1959.0</ele>
   </trkpt>
   <trkpt lat="-6.9134920" lon="108.3872650">
    <ele>1959.0</ele>
   </trkpt>
   <trkpt lat="-6.9134930" lon="108.3872700">
    <ele>1960.0</ele>
   </trkpt>
   <trkpt lat="-6.9134940" lon="108.3872730">
    <ele>1960.0</ele>
   </trkpt>
   <trkpt lat="-6.9134950" lon="108.3872750">
    <ele>1960.0</ele>
   </trkpt>
   <trkpt lat="-6.9134980" lon="108.3872800">
    <ele>1960.0</ele>
   </trkpt>
   <trkpt lat="-6.9135020" lon="108.3872850">
    <ele>1960.0</ele>
   </trkpt>
   <trkpt lat="-6.9135050" lon="108.3872910">
    <ele>1961.0</ele>
   </trkpt>
   <trkpt lat="-6.9135090" lon="108.3872970">
    <ele>1961.0</ele>
   </trkpt>
   <trkpt lat="-6.9135120" lon="108.3873040">
    <ele>1961.0</ele>
   </trkpt>
   <trkpt lat="-6.9135150" lon="108.3873110">
    <ele>1961.0</ele>
   </trkpt>
   <trkpt lat="-6.9135160" lon="108.3873190">
    <ele>1961.0</ele>
   </trkpt>
   <trkpt lat="-6.9135180" lon="108.3873260">
    <ele>1962.0</ele>
   </trkpt>
   <trkpt lat="-6.9135200" lon="108.3873330">
    <ele>1962.0</ele>
   </trkpt>
   <trkpt lat="-6.9135210" lon="108.3873400">
    <ele>1962.0</ele>
   </trkpt>
   <trkpt lat="-6.9135230" lon="108.3873440">
    <ele>1962.0</ele>
   </trkpt>
   <trkpt lat="-6.9135250" lon="108.3873480">
    <ele>1962.0</ele>
   </trkpt>
   <trkpt lat="-6.9135290" lon="108.3873530">
    <ele>1963.0</ele>
   </trkpt>
   <trkpt lat="-6.9135340" lon="108.3873580">
    <ele>1963.0</ele>
   </trkpt>
   <trkpt lat="-6.9135380" lon="108.3873610">
    <ele>1963.0</ele>
   </trkpt>
   <trkpt lat="-6.9135430" lon="108.3873640">
    <ele>1964.0</ele>
   </trkpt>
   <trkpt lat="-6.9135490" lon="108.3873660">
    <ele>1964.0</ele>
   </trkpt>
   <trkpt lat="-6.9135550" lon="108.3873680">
    <ele>1965.0</ele>
   </trkpt>
   <trkpt lat="-6.9135620" lon="108.3873730">
    <ele>1965.0</ele>
   </trkpt>
   <trkpt lat="-6.9135700" lon="108.3873770">
    <ele>1965.0</ele>
   </trkpt>
   <trkpt lat="-6.9135770" lon="108.3873820">
    <ele>1965.0</ele>
   </trkpt>
   <trkpt lat="-6.9135840" lon="108.3873870">
    <ele>1965.0</ele>
   </trkpt>
   <trkpt lat="-6.9135910" lon="108.3873900">
    <ele>1966.0</ele>
   </trkpt>
   <trkpt lat="-6.9135980" lon="108.3873940">
    <ele>1966.0</ele>
   </trkpt>
   <trkpt lat="-6.9136050" lon="108.3873960">
    <ele>1966.0</ele>
   </trkpt>
   <trkpt lat="-6.9136120" lon="108.3873990">
    <ele>1966.0</ele>
   </trkpt>
   <trkpt lat="-6.9136190" lon="108.3874020">
    <ele>1966.0</ele>
   </trkpt>
   <trkpt lat="-6.9136250" lon="108.3874050">
    <ele>1967.0</ele>
   </trkpt>
   <trkpt lat="-6.9136340" lon="108.3874090">
    <ele>1967.0</ele>
   </trkpt>
   <trkpt lat="-6.9136430" lon="108.3874130">
    <ele>1967.0</ele>
   </trkpt>
   <trkpt lat="-6.9136520" lon="108.3874160">
    <ele>1968.0</ele>
   </trkpt>
   <trkpt lat="-6.9136610" lon="108.3874200">
    <ele>1968.0</ele>
   </trkpt>
   <trkpt lat="-6.9136700" lon="108.3874270">
    <ele>1969.0</ele>
   </trkpt>
   <trkpt lat="-6.9136790" lon="108.3874340">
    <ele>1969.0</ele>
   </trkpt>
   <trkpt lat="-6.9136870" lon="108.3874450">
    <ele>1969.0</ele>
   </trkpt>
   <trkpt lat="-6.9136950" lon="108.3874560">
    <ele>1969.0</ele>
   </trkpt>
   <trkpt lat="-6.9137020" lon="108.3874680">
    <ele>1969.0</ele>
   </trkpt>
   <trkpt lat="-6.9137090" lon="108.3874800">
    <ele>1970.0</ele>
   </trkpt>
   <trkpt lat="-6.9137140" lon="108.3874910">
    <ele>1970.0</ele>
   </trkpt>
   <trkpt lat="-6.9137190" lon="108.3875010">
    <ele>1970.0</ele>
   </trkpt>
   <trkpt lat="-6.9137190" lon="108.3875010">
    <ele>1971.0</ele>
   </trkpt>
   <trkpt lat="-6.9137190" lon="108.3875010">
    <ele>1971.0</ele>
   </trkpt>
   <trkpt lat="-6.9137190" lon="108.3875010">
    <ele>1972.0</ele>
   </trkpt>
   <trkpt lat="-6.9137190" lon="108.3875010">
    <ele>1972.0</ele>
   </trkpt>
   <trkpt lat="-6.9137190" lon="108.3875010">
    <ele>1972.0</ele>
   </trkpt>
   <trkpt lat="-6.9137190" lon="108.3875010">
    <ele>1972.0</ele>
   </trkpt>
   <trkpt lat="-6.9137190" lon="108.3875010">
    <ele>1972.0</ele>
   </trkpt>
   <trkpt lat="-6.9137190" lon="108.3875010">
    <ele>1973.0</ele>
   </trkpt>
   <trkpt lat="-6.9137170" lon="108.3875200">
    <ele>1973.0</ele>
   </trkpt>
   <trkpt lat="-6.9137120" lon="108.3875260">
    <ele>1973.0</ele>
   </trkpt>
   <trkpt lat="-6.9137080" lon="108.3875320">
    <ele>1973.0</ele>
   </trkpt>
   <trkpt lat="-6.9137040" lon="108.3875370">
    <ele>1973.0</ele>
   </trkpt>
   <trkpt lat="-6.9136990" lon="108.3875410">
    <ele>1974.0</ele>
   </trkpt>
   <trkpt lat="-6.9136960" lon="108.3875470">
    <ele>1974.0</ele>
   </trkpt>
   <trkpt lat="-6.9136930" lon="108.3875520">
    <ele>1974.0</ele>
   </trkpt>
   <trkpt lat="-6.9136910" lon="108.3875590">
    <ele>1974.0</ele>
   </trkpt>
   <trkpt lat="-6.9136890" lon="108.3875660">
    <ele>1974.0</ele>
   </trkpt>
   <trkpt lat="-6.9136880" lon="108.3875750">
    <ele>1975.0</ele>
   </trkpt>
   <trkpt lat="-6.9136870" lon="108.3875830">
    <ele>1975.0</ele>
   </trkpt>
   <trkpt lat="-6.9136870" lon="108.3875920">
    <ele>1975.0</ele>
   </trkpt>
   <trkpt lat="-6.9136860" lon="108.3876020">
    <ele>1976.0</ele>
   </trkpt>
   <trkpt lat="-6.9136860" lon="108.3876050">
    <ele>1976.0</ele>
   </trkpt>
   <trkpt lat="-6.9136860" lon="108.3876080">
    <ele>1977.0</ele>
   </trkpt>
   <trkpt lat="-6.9136860" lon="108.3876110">
    <ele>1977.0</ele>
   </trkpt>
   <trkpt lat="-6.9136850" lon="108.3876150">
    <ele>1977.0</ele>
   </trkpt>
   <trkpt lat="-6.9136840" lon="108.3876240">
    <ele>1977.0</ele>
   </trkpt>
   <trkpt lat="-6.9136830" lon="108.3876330">
    <ele>1977.0</ele>
   </trkpt>
   <trkpt lat="-6.9136790" lon="108.3876410">
    <ele>1978.0</ele>
   </trkpt>
   <trkpt lat="-6.9136760" lon="108.3876480">
    <ele>1978.0</ele>
   </trkpt>
   <trkpt lat="-6.9136720" lon="108.3876550">
    <ele>1978.0</ele>
   </trkpt>
   <trkpt lat="-6.9136680" lon="108.3876630">
    <ele>1978.0</ele>
   </trkpt>
   <trkpt lat="-6.9136680" lon="108.3876710">
    <ele>1978.0</ele>
   </trkpt>
   <trkpt lat="-6.9136680" lon="108.3876790">
    <ele>1979.0</ele>
   </trkpt>
   <trkpt lat="-6.9136710" lon="108.3876910">
    <ele>1979.0</ele>
   </trkpt>
   <trkpt lat="-6.9136740" lon="108.3877020">
    <ele>1979.0</ele>
   </trkpt>
   <trkpt lat="-6.9136780" lon="108.3877120">
    <ele>1979.0</ele>
   </trkpt>
   <trkpt lat="-6.9136810" lon="108.3877230">
    <ele>1979.0</ele>
   </trkpt>
   <trkpt lat="-6.9136840" lon="108.3877300">
    <ele>1980.0</ele>
   </trkpt>
   <trkpt lat="-6.9136870" lon="108.3877380">
    <ele>1980.0</ele>
   </trkpt>
   <trkpt lat="-6.9136900" lon="108.3877440">
    <ele>1980.0</ele>
   </trkpt>
   <trkpt lat="-6.9136920" lon="108.3877510">
    <ele>1980.0</ele>
   </trkpt>
   <trkpt lat="-6.9136940" lon="108.3877580">
    <ele>1980.0</ele>
   </trkpt>
   <trkpt lat="-6.9136970" lon="108.3877640">
    <ele>1981.0</ele>
   </trkpt>
   <trkpt lat="-6.9136990" lon="108.3877710">
    <ele>1981.0</ele>
   </trkpt>
   <trkpt lat="-6.9137020" lon="108.3877780">
    <ele>1981.0</ele>
   </trkpt>
   <trkpt lat="-6.9137040" lon="108.3877850">
    <ele>1981.0</ele>
   </trkpt>
   <trkpt lat="-6.9137050" lon="108.3877930">
    <ele>1981.0</ele>
   </trkpt>
   <trkpt lat="-6.9137060" lon="108.3877970">
    <ele>1982.0</ele>
   </trkpt>
   <trkpt lat="-6.9137070" lon="108.3878010">
    <ele>1982.0</ele>
   </trkpt>
   <trkpt lat="-6.9137080" lon="108.3878070">
    <ele>1982.0</ele>
   </trkpt>
   <trkpt lat="-6.9137090" lon="108.3878140">
    <ele>1983.0</ele>
   </trkpt>
   <trkpt lat="-6.9137090" lon="108.3878200">
    <ele>1983.0</ele>
   </trkpt>
   <trkpt lat="-6.9137090" lon="108.3878260">
    <ele>1984.0</ele>
   </trkpt>
   <trkpt lat="-6.9137080" lon="108.3878320">
    <ele>1984.0</ele>
   </trkpt>
   <trkpt lat="-6.9137070" lon="108.3878390">
    <ele>1984.0</ele>
   </trkpt>
   <trkpt lat="-6.9137080" lon="108.3878480">
    <ele>1984.0</ele>
   </trkpt>
   <trkpt lat="-6.9137090" lon="108.3878570">
    <ele>1984.0</ele>
   </trkpt>
   <trkpt lat="-6.9137110" lon="108.3878670">
    <ele>1985.0</ele>
   </trkpt>
   <trkpt lat="-6.9137140" lon="108.3878780">
    <ele>1985.0</ele>
   </trkpt>
   <trkpt lat="-6.9137150" lon="108.3878890">
    <ele>1985.0</ele>
   </trkpt>
   <trkpt lat="-6.9137160" lon="108.3878990">
    <ele>1985.0</ele>
   </trkpt>
   <trkpt lat="-6.9137160" lon="108.3879090">
    <ele>1985.0</ele>
   </trkpt>
   <trkpt lat="-6.9137150" lon="108.3879200">
    <ele>1986.0</ele>
   </trkpt>
   <trkpt lat="-6.9137150" lon="108.3879290">
    <ele>1986.0</ele>
   </trkpt>
   <trkpt lat="-6.9137150" lon="108.3879380">
    <ele>1986.0</ele>
   </trkpt>
   <trkpt lat="-6.9137140" lon="108.3879460">
    <ele>1986.0</ele>
   </trkpt>
   <trkpt lat="-6.9137140" lon="108.3879540">
    <ele>1986.0</ele>
   </trkpt>
   <trkpt lat="-6.9137150" lon="108.3879620">
    <ele>1987.0</ele>
   </trkpt>
   <trkpt lat="-6.9137150" lon="108.3879700">
    <ele>1987.0</ele>
   </trkpt>
   <trkpt lat="-6.9137150" lon="108.3879700">
    <ele>1987.0</ele>
   </trkpt>
   <trkpt lat="-6.9137150" lon="108.3879700">
    <ele>1988.0</ele>
   </trkpt>
   <trkpt lat="-6.9137150" lon="108.3879700">
    <ele>1988.0</ele>
   </trkpt>
   <trkpt lat="-6.9137150" lon="108.3879700">
    <ele>1989.0</ele>
   </trkpt>
   <trkpt lat="-6.9137150" lon="108.3879700">
    <ele>1989.0</ele>
   </trkpt>
   <trkpt lat="-6.9137150" lon="108.3879700">
    <ele>1989.0</ele>
   </trkpt>
   <trkpt lat="-6.9137150" lon="108.3879700">
    <ele>1989.0</ele>
   </trkpt>
   <trkpt lat="-6.9137150" lon="108.3879700">
    <ele>1989.0</ele>
   </trkpt>
   <trkpt lat="-6.9137150" lon="108.3879700">
    <ele>1990.0</ele>
   </trkpt>
   <trkpt lat="-6.9137150" lon="108.3879700">
    <ele>1990.0</ele>
   </trkpt>
   <trkpt lat="-6.9137150" lon="108.3879700">
    <ele>1990.0</ele>
   </trkpt>
   <trkpt lat="-6.9137150" lon="108.3879700">
    <ele>1990.0</ele>
   </trkpt>
   <trkpt lat="-6.9137150" lon="108.3879700">
    <ele>1990.0</ele>
   </trkpt>
   <trkpt lat="-6.9137160" lon="108.3879930">
    <ele>1991.0</ele>
   </trkpt>
   <trkpt lat="-6.9137150" lon="108.3880030">
    <ele>1991.0</ele>
   </trkpt>
   <trkpt lat="-6.9137140" lon="108.3880120">
    <ele>1991.0</ele>
   </trkpt>
   <trkpt lat="-6.9137120" lon="108.3880190">
    <ele>1992.0</ele>
   </trkpt>
   <trkpt lat="-6.9137090" lon="108.3880250">
    <ele>1992.0</ele>
   </trkpt>
   <trkpt lat="-6.9137070" lon="108.3880320">
    <ele>1993.0</ele>
   </trkpt>
   <trkpt lat="-6.9137040" lon="108.3880400">
    <ele>1993.0</ele>
   </trkpt>
   <trkpt lat="-6.9137020" lon="108.3880470">
    <ele>1993.0</ele>
   </trkpt>
   <trkpt lat="-6.9136990" lon="108.3880540">
    <ele>1993.0</ele>
   </trkpt>
   <trkpt lat="-6.9136970" lon="108.3880610">
    <ele>1993.0</ele>
   </trkpt>
   <trkpt lat="-6.9136950" lon="108.3880670">
    <ele>1994.0</ele>
   </trkpt>
   <trkpt lat="-6.9136920" lon="108.3880730">
    <ele>1994.0</ele>
   </trkpt>
   <trkpt lat="-6.9136890" lon="108.3880790">
    <ele>1994.0</ele>
   </trkpt>
   <trkpt lat="-6.9136860" lon="108.3880840">
    <ele>1994.0</ele>
   </trkpt>
   <trkpt lat="-6.9136830" lon="108.3880890">
    <ele>1994.0</ele>
   </trkpt>
   <trkpt lat="-6.9136810" lon="108.3880940">
    <ele>1995.0</ele>
   </trkpt>
   <trkpt lat="-6.9136790" lon="108.3880990">
    <ele>1995.0</ele>
   </trkpt>
   <trkpt lat="-6.9136770" lon="108.3881080">
    <ele>1995.0</ele>
   </trkpt>
   <trkpt lat="-6.9136750" lon="108.3881160">
    <ele>1996.0</ele>
   </trkpt>
   <trkpt lat="-6.9136720" lon="108.3881280">
    <ele>1996.0</ele>
   </trkpt>
   <trkpt lat="-6.9136690" lon="108.3881400">
    <ele>1997.0</ele>
   </trkpt>
   <trkpt lat="-6.9136660" lon="108.3881540">
    <ele>1997.0</ele>
   </trkpt>
   <trkpt lat="-6.9136640" lon="108.3881680">
    <ele>1997.0</ele>
   </trkpt>
   <trkpt lat="-6.9136630" lon="108.3881830">
    <ele>1997.0</ele>
   </trkpt>
   <trkpt lat="-6.9136620" lon="108.3881990">
    <ele>1997.0</ele>
   </trkpt>
   <trkpt lat="-6.9136680" lon="108.3882150">
    <ele>1998.0</ele>
   </trkpt>
   <trkpt lat="-6.9136750" lon="108.3882320">
    <ele>1998.0</ele>
   </trkpt>
   <trkpt lat="-6.9136860" lon="108.3882480">
    <ele>1998.0</ele>
   </trkpt>
   <trkpt lat="-6.9136970" lon="108.3882650">
    <ele>1998.0</ele>
   </trkpt>
   <trkpt lat="-6.9137080" lon="108.3882820">
    <ele>1998.0</ele>
   </trkpt>
   <trkpt lat="-6.9137180" lon="108.3882980">
    <ele>1999.0</ele>
   </trkpt>
   <trkpt lat="-6.9137260" lon="108.3883110">
    <ele>1999.0</ele>
   </trkpt>
   <trkpt lat="-6.9137340" lon="108.3883230">
    <ele>1999.0</ele>
   </trkpt>
   <trkpt lat="-6.9137410" lon="108.3883340">
    <ele>1999.0</ele>
   </trkpt>
   <trkpt lat="-6.9137480" lon="108.3883440">
    <ele>1999.0</ele>
   </trkpt>
   <trkpt lat="-6.9137520" lon="108.3883510">
    <ele>2000.0</ele>
   </trkpt>
   <trkpt lat="-6.9137570" lon="108.3883580">
    <ele>2000.0</ele>
   </trkpt>
   <trkpt lat="-6.9137610" lon="108.3883640">
    <ele>2001.0</ele>
   </trkpt>
   <trkpt lat="-6.9137650" lon="108.3883700">
    <ele>2001.0</ele>
   </trkpt>
   <trkpt lat="-6.9137690" lon="108.3883760">
    <ele>2002.0</ele>
   </trkpt>
   <trkpt lat="-6.9137730" lon="108.3883810">
    <ele>2003.0</ele>
   </trkpt>
   <trkpt lat="-6.9137770" lon="108.3883860">
    <ele>2003.0</ele>
   </trkpt>
   <trkpt lat="-6.9137810" lon="108.3883920">
    <ele>2003.0</ele>
   </trkpt>
   <trkpt lat="-6.9137850" lon="108.3883990">
    <ele>2003.0</ele>
   </trkpt>
   <trkpt lat="-6.9137890" lon="108.3884070">
    <ele>2003.0</ele>
   </trkpt>
   <trkpt lat="-6.9137900" lon="108.3884150">
    <ele>2004.0</ele>
   </trkpt>
   <trkpt lat="-6.9137920" lon="108.3884240">
    <ele>2004.0</ele>
   </trkpt>
   <trkpt lat="-6.9137910" lon="108.3884320">
    <ele>2004.0</ele>
   </trkpt>
   <trkpt lat="-6.9137910" lon="108.3884410">
    <ele>2005.0</ele>
   </trkpt>
   <trkpt lat="-6.9137910" lon="108.3884480">
    <ele>2005.0</ele>
   </trkpt>
   <trkpt lat="-6.9137910" lon="108.3884560">
    <ele>2006.0</ele>
   </trkpt>
   <trkpt lat="-6.9137890" lon="108.3884640">
    <ele>2006.0</ele>
   </trkpt>
   <trkpt lat="-6.9137880" lon="108.3884710">
    <ele>2006.0</ele>
   </trkpt>
   <trkpt lat="-6.9137840" lon="108.3884800">
    <ele>2006.0</ele>
   </trkpt>
   <trkpt lat="-6.9137800" lon="108.3884900">
    <ele>2006.0</ele>
   </trkpt>
   <trkpt lat="-6.9137750" lon="108.3884980">
    <ele>2007.0</ele>
   </trkpt>
   <trkpt lat="-6.9137700" lon="108.3885060">
    <ele>2007.0</ele>
   </trkpt>
   <trkpt lat="-6.9137660" lon="108.3885130">
    <ele>2007.0</ele>
   </trkpt>
   <trkpt lat="-6.9137630" lon="108.3885200">
    <ele>2007.0</ele>
   </trkpt>
   <trkpt lat="-6.9137620" lon="108.3885250">
    <ele>2007.0</ele>
   </trkpt>
   <trkpt lat="-6.9137610" lon="108.3885300">
    <ele>2008.0</ele>
   </trkpt>
   <trkpt lat="-6.9137640" lon="108.3885350">
    <ele>2008.0</ele>
   </trkpt>
   <trkpt lat="-6.9137670" lon="108.3885400">
    <ele>2008.0</ele>
   </trkpt>
   <trkpt lat="-6.9137710" lon="108.3885460">
    <ele>2008.0</ele>
   </trkpt>
   <trkpt lat="-6.9137750" lon="108.3885520">
    <ele>2008.0</ele>
   </trkpt>
   <trkpt lat="-6.9137780" lon="108.3885580">
    <ele>2009.0</ele>
   </trkpt>
   <trkpt lat="-6.9137800" lon="108.3885640">
    <ele>2009.0</ele>
   </trkpt>
   <trkpt lat="-6.9137800" lon="108.3885690">
    <ele>2009.0</ele>
   </trkpt>
   <trkpt lat="-6.9137800" lon="108.3885750">
    <ele>2009.0</ele>
   </trkpt>
   <trkpt lat="-6.9137780" lon="108.3885790">
    <ele>2009.0</ele>
   </trkpt>
   <trkpt lat="-6.9137760" lon="108.3885840">
    <ele>2010.0</ele>
   </trkpt>
   <trkpt lat="-6.9137730" lon="108.3885880">
    <ele>2010.0</ele>
   </trkpt>
   <trkpt lat="-6.9137710" lon="108.3885930">
    <ele>2010.0</ele>
   </trkpt>
   <trkpt lat="-6.9137690" lon="108.3885970">
    <ele>2010.0</ele>
   </trkpt>
   <trkpt lat="-6.9137670" lon="108.3886010">
    <ele>2010.0</ele>
   </trkpt>
   <trkpt lat="-6.9137630" lon="108.3886020">
    <ele>2011.0</ele>
   </trkpt>
   <trkpt lat="-6.9137600" lon="108.3886030">
    <ele>2011.0</ele>
   </trkpt>
   <trkpt lat="-6.9137550" lon="108.3886020">
    <ele>2011.0</ele>
   </trkpt>
   <trkpt lat="-6.9137510" lon="108.3886020">
    <ele>2011.0</ele>
   </trkpt>
   <trkpt lat="-6.9137490" lon="108.3886010">
    <ele>2011.0</ele>
   </trkpt>
   <trkpt lat="-6.9137470" lon="108.3886010">
    <ele>2012.0</ele>
   </trkpt>
   <trkpt lat="-6.9137450" lon="108.3886000">
    <ele>2012.0</ele>
   </trkpt>
   <trkpt lat="-6.9137430" lon="108.3886000">
    <ele>2012.0</ele>
   </trkpt>
   <trkpt lat="-6.9137360" lon="108.3885980">
    <ele>2012.0</ele>
   </trkpt>
   <trkpt lat="-6.9137300" lon="108.3885970">
    <ele>2012.0</ele>
   </trkpt>
   <trkpt lat="-6.9137230" lon="108.3885960">
    <ele>2013.0</ele>
   </trkpt>
   <trkpt lat="-6.9137160" lon="108.3885960">
    <ele>2013.0</ele>
   </trkpt>
   <trkpt lat="-6.9137070" lon="108.3885990">
    <ele>2013.0</ele>
   </trkpt>
   <trkpt lat="-6.9136990" lon="108.3886010">
    <ele>2014.0</ele>
   </trkpt>
   <trkpt lat="-6.9136900" lon="108.3886070">
    <ele>2014.0</ele>
   </trkpt>
   <trkpt lat="-6.9136810" lon="108.3886130">
    <ele>2015.0</ele>
   </trkpt>
   <trkpt lat="-6.9136780" lon="108.3886170">
    <ele>2015.0</ele>
   </trkpt>
   <trkpt lat="-6.9136750" lon="108.3886220">
    <ele>2015.0</ele>
   </trkpt>
   <trkpt lat="-6.9136720" lon="108.3886260">
    <ele>2015.0</ele>
   </trkpt>
   <trkpt lat="-6.9136700" lon="108.3886300">
    <ele>2015.0</ele>
   </trkpt>
   <trkpt lat="-6.9136670" lon="108.3886350">
    <ele>2016.0</ele>
   </trkpt>
   <trkpt lat="-6.9136630" lon="108.3886450">
    <ele>2016.0</ele>
   </trkpt>
   <trkpt lat="-6.9136590" lon="108.3886550">
    <ele>2016.0</ele>
   </trkpt>
   <trkpt lat="-6.9136570" lon="108.3886640">
    <ele>2016.0</ele>
   </trkpt>
   <trkpt lat="-6.9136540" lon="108.3886720">
    <ele>2016.0</ele>
   </trkpt>
   <trkpt lat="-6.9136510" lon="108.3886810">
    <ele>2017.0</ele>
   </trkpt>
   <trkpt lat="-6.9136490" lon="108.3886890">
    <ele>2017.0</ele>
   </trkpt>
   <trkpt lat="-6.9136460" lon="108.3886970">
    <ele>2017.0</ele>
   </trkpt>
   <trkpt lat="-6.9136440" lon="108.3887040">
    <ele>2017.0</ele>
   </trkpt>
   <trkpt lat="-6.9136430" lon="108.3887070">
    <ele>2017.0</ele>
   </trkpt>
   <trkpt lat="-6.9136430" lon="108.3887090">
    <ele>2018.0</ele>
   </trkpt>
   <trkpt lat="-6.9136420" lon="108.3887110">
    <ele>2018.0</ele>
   </trkpt>
   <trkpt lat="-6.9136420" lon="108.3887140">
    <ele>2018.0</ele>
   </trkpt>
   <trkpt lat="-6.9136410" lon="108.3887160">
    <ele>2018.0</ele>
   </trkpt>
   <trkpt lat="-6.9136390" lon="108.3887250">
    <ele>2018.0</ele>
   </trkpt>
   <trkpt lat="-6.9136370" lon="108.3887330">
    <ele>2019.0</ele>
   </trkpt>
   <trkpt lat="-6.9136350" lon="108.3887420">
    <ele>2019.0</ele>
   </trkpt>
   <trkpt lat="-6.9136340" lon="108.3887500">
    <ele>2019.0</ele>
   </trkpt>
   <trkpt lat="-6.9136310" lon="108.3887590">
    <ele>2019.0</ele>
   </trkpt>
   <trkpt lat="-6.9136290" lon="108.3887680">
    <ele>2019.0</ele>
   </trkpt>
   <trkpt lat="-6.9136260" lon="108.3887770">
    <ele>2020.0</ele>
   </trkpt>
   <trkpt lat="-6.9136230" lon="108.3887870">
    <ele>2020.0</ele>
   </trkpt>
   <trkpt lat="-6.9136190" lon="108.3887970">
    <ele>2020.0</ele>
   </trkpt>
   <trkpt lat="-6.9136150" lon="108.3888070">
    <ele>2020.0</ele>
   </trkpt>
   <trkpt lat="-6.9136110" lon="108.3888160">
    <ele>2020.0</ele>
   </trkpt>
   <trkpt lat="-6.9136080" lon="108.3888250">
    <ele>2021.0</ele>
   </trkpt>
   <trkpt lat="-6.9136050" lon="108.3888340">
    <ele>2021.0</ele>
   </trkpt>
   <trkpt lat="-6.9136020" lon="108.3888440">
    <ele>2021.0</ele>
   </trkpt>
   <trkpt lat="-6.9136010" lon="108.3888520">
    <ele>2021.0</ele>
   </trkpt>
   <trkpt lat="-6.9136000" lon="108.3888610">
    <ele>2021.0</ele>
   </trkpt>
   <trkpt lat="-6.9135990" lon="108.3888690">
    <ele>2022.0</ele>
   </trkpt>
   <trkpt lat="-6.9135990" lon="108.3888770">
    <ele>2022.0</ele>
   </trkpt>
   <trkpt lat="-6.9135980" lon="108.3888880">
    <ele>2022.0</ele>
   </trkpt>
   <trkpt lat="-6.9135970" lon="108.3888990">
    <ele>2023.0</ele>
   </trkpt>
   <trkpt lat="-6.9135950" lon="108.3889160">
    <ele>2023.0</ele>
   </trkpt>
   <trkpt lat="-6.9135930" lon="108.3889330">
    <ele>2024.0</ele>
   </trkpt>
   <trkpt lat="-6.9135910" lon="108.3889540">
    <ele>2024.0</ele>
   </trkpt>
   <trkpt lat="-6.9135890" lon="108.3889760">
    <ele>2024.0</ele>
   </trkpt>
   <trkpt lat="-6.9135860" lon="108.3889960">
    <ele>2024.0</ele>
   </trkpt>
   <trkpt lat="-6.9135840" lon="108.3890170">
    <ele>2024.0</ele>
   </trkpt>
   <trkpt lat="-6.9135790" lon="108.3890380">
    <ele>2025.0</ele>
   </trkpt>
   <trkpt lat="-6.9135740" lon="108.3890600">
    <ele>2025.0</ele>
   </trkpt>
   <trkpt lat="-6.9135670" lon="108.3890780">
    <ele>2025.0</ele>
   </trkpt>
   <trkpt lat="-6.9135590" lon="108.3890960">
    <ele>2025.0</ele>
   </trkpt>
   <trkpt lat="-6.9135520" lon="108.3891090">
    <ele>2025.0</ele>
   </trkpt>
   <trkpt lat="-6.9135440" lon="108.3891230">
    <ele>2026.0</ele>
   </trkpt>
   <trkpt lat="-6.9135370" lon="108.3891350">
    <ele>2026.0</ele>
   </trkpt>
   <trkpt lat="-6.9135310" lon="108.3891480">
    <ele>2026.0</ele>
   </trkpt>
   <trkpt lat="-6.9135260" lon="108.3891610">
    <ele>2026.0</ele>
   </trkpt>
   <trkpt lat="-6.9135220" lon="108.3891740">
    <ele>2026.0</ele>
   </trkpt>
   <trkpt lat="-6.9135140" lon="108.3891880">
    <ele>2027.0</ele>
   </trkpt>
   <trkpt lat="-6.9135060" lon="108.3892020">
    <ele>2027.0</ele>
   </trkpt>
   <trkpt lat="-6.9134940" lon="108.3892150">
    <ele>2027.0</ele>
   </trkpt>
   <trkpt lat="-6.9134820" lon="108.3892270">
    <ele>2027.0</ele>
   </trkpt>
   <trkpt lat="-6.9134660" lon="108.3892400">
    <ele>2027.0</ele>
   </trkpt>
   <trkpt lat="-6.9134490" lon="108.3892540">
    <ele>2028.0</ele>
   </trkpt>
   <trkpt lat="-6.9134310" lon="108.3892660">
    <ele>2028.0</ele>
   </trkpt>
   <trkpt lat="-6.9134130" lon="108.3892790">
    <ele>2028.0</ele>
   </trkpt>
   <trkpt lat="-6.9133960" lon="108.3892870">
    <ele>2028.0</ele>
   </trkpt>
   <trkpt lat="-6.9133790" lon="108.3892950">
    <ele>2028.0</ele>
   </trkpt>
   <trkpt lat="-6.9133630" lon="108.3892990">
    <ele>2028.0</ele>
   </trkpt>
   <trkpt lat="-6.9133480" lon="108.3893020">
    <ele>2028.0</ele>
   </trkpt>
   <trkpt lat="-6.9133340" lon="108.3893090">
    <ele>2028.0</ele>
   </trkpt>
   <trkpt lat="-6.9133210" lon="108.3893150">
    <ele>2028.0</ele>
   </trkpt>
   <trkpt lat="-6.9133080" lon="108.3893280">
    <ele>2028.0</ele>
   </trkpt>
   <trkpt lat="-6.9132960" lon="108.3893400">
    <ele>2028.0</ele>
   </trkpt>
   <trkpt lat="-6.9132840" lon="108.3893580">
    <ele>2027.0</ele>
   </trkpt>
   <trkpt lat="-6.9132730" lon="108.3893760">
    <ele>2027.0</ele>
   </trkpt>
   <trkpt lat="-6.9132650" lon="108.3893950">
    <ele>2027.0</ele>
   </trkpt>
   <trkpt lat="-6.9132570" lon="108.3894150">
    <ele>2027.0</ele>
   </trkpt>
   <trkpt lat="-6.9132490" lon="108.3894320">
    <ele>2027.0</ele>
   </trkpt>
   <trkpt lat="-6.9132410" lon="108.3894490">
    <ele>2027.0</ele>
   </trkpt>
   <trkpt lat="-6.9132340" lon="108.3894660">
    <ele>2027.0</ele>
   </trkpt>
   <trkpt lat="-6.9132280" lon="108.3894820">
    <ele>2027.0</ele>
   </trkpt>
   <trkpt lat="-6.9132220" lon="108.3894980">
    <ele>2027.0</ele>
   </trkpt>
   <trkpt lat="-6.9132170" lon="108.3895140">
    <ele>2027.0</ele>
   </trkpt>
   <trkpt lat="-6.9132100" lon="108.3895230">
    <ele>2027.0</ele>
   </trkpt>
   <trkpt lat="-6.9132030" lon="108.3895330">
    <ele>2027.0</ele>
   </trkpt>
   <trkpt lat="-6.9131910" lon="108.3895380">
    <ele>2027.0</ele>
   </trkpt>
   <trkpt lat="-6.9131800" lon="108.3895430">
    <ele>2027.0</ele>
   </trkpt>
   <trkpt lat="-6.9131690" lon="108.3895530">
    <ele>2027.0</ele>
   </trkpt>
   <trkpt lat="-6.9131570" lon="108.3895630">
    <ele>2027.0</ele>
   </trkpt>
   <trkpt lat="-6.9131480" lon="108.3895770">
    <ele>2027.0</ele>
   </trkpt>
   <trkpt lat="-6.9131390" lon="108.3895910">
    <ele>2027.0</ele>
   </trkpt>
   <trkpt lat="-6.9131320" lon="108.3896020">
    <ele>2027.0</ele>
   </trkpt>
   <trkpt lat="-6.9131250" lon="108.3896140">
    <ele>2028.0</ele>
   </trkpt>
   <trkpt lat="-6.9131200" lon="108.3896190">
    <ele>2028.0</ele>
   </trkpt>
   <trkpt lat="-6.9131150" lon="108.3896250">
    <ele>2028.0</ele>
   </trkpt>
   <trkpt lat="-6.9131100" lon="108.3896290">
    <ele>2028.0</ele>
   </trkpt>
   <trkpt lat="-6.9131050" lon="108.3896330">
    <ele>2028.0</ele>
   </trkpt>
   <trkpt lat="-6.9131010" lon="108.3896400">
    <ele>2029.0</ele>
   </trkpt>
   <trkpt lat="-6.9130960" lon="108.3896460">
    <ele>2029.0</ele>
   </trkpt>
   <trkpt lat="-6.9130920" lon="108.3896560">
    <ele>2029.0</ele>
   </trkpt>
   <trkpt lat="-6.9130890" lon="108.3896660">
    <ele>2029.0</ele>
   </trkpt>
   <trkpt lat="-6.9130860" lon="108.3896760">
    <ele>2029.0</ele>
   </trkpt>
   <trkpt lat="-6.9130830" lon="108.3896880">
    <ele>2030.0</ele>
   </trkpt>
   <trkpt lat="-6.9130780" lon="108.3896980">
    <ele>2030.0</ele>
   </trkpt>
   <trkpt lat="-6.9130740" lon="108.3897090">
    <ele>2030.0</ele>
   </trkpt>
   <trkpt lat="-6.9130670" lon="108.3897190">
    <ele>2030.0</ele>
   </trkpt>
   <trkpt lat="-6.9130590" lon="108.3897280">
    <ele>2030.0</ele>
   </trkpt>
   <trkpt lat="-6.9130480" lon="108.3897370">
    <ele>2031.0</ele>
   </trkpt>
   <trkpt lat="-6.9130370" lon="108.3897470">
    <ele>2031.0</ele>
   </trkpt>
   <trkpt lat="-6.9130240" lon="108.3897570">
    <ele>2031.0</ele>
   </trkpt>
   <trkpt lat="-6.9130110" lon="108.3897680">
    <ele>2032.0</ele>
   </trkpt>
   <trkpt lat="-6.9129990" lon="108.3897790">
    <ele>2032.0</ele>
   </trkpt>
   <trkpt lat="-6.9129860" lon="108.3897900">
    <ele>2033.0</ele>
   </trkpt>
   <trkpt lat="-6.9129730" lon="108.3898030">
    <ele>2033.0</ele>
   </trkpt>
   <trkpt lat="-6.9129610" lon="108.3898150">
    <ele>2033.0</ele>
   </trkpt>
   <trkpt lat="-6.9129500" lon="108.3898290">
    <ele>2033.0</ele>
   </trkpt>
   <trkpt lat="-6.9129390" lon="108.3898430">
    <ele>2033.0</ele>
   </trkpt>
   <trkpt lat="-6.9129290" lon="108.3898590">
    <ele>2034.0</ele>
   </trkpt>
   <trkpt lat="-6.9129190" lon="108.3898750">
    <ele>2034.0</ele>
   </trkpt>
   <trkpt lat="-6.9129110" lon="108.3898920">
    <ele>2034.0</ele>
   </trkpt>
   <trkpt lat="-6.9129030" lon="108.3899080">
    <ele>2034.0</ele>
   </trkpt>
   <trkpt lat="-6.9128940" lon="108.3899250">
    <ele>2034.0</ele>
   </trkpt>
   <trkpt lat="-6.9128860" lon="108.3899410">
    <ele>2034.0</ele>
   </trkpt>
   <trkpt lat="-6.9128820" lon="108.3899560">
    <ele>2034.0</ele>
   </trkpt>
   <trkpt lat="-6.9128770" lon="108.3899700">
    <ele>2034.0</ele>
   </trkpt>
   <trkpt lat="-6.9128770" lon="108.3899850">
    <ele>2034.0</ele>
   </trkpt>
   <trkpt lat="-6.9128770" lon="108.3899990">
    <ele>2034.0</ele>
   </trkpt>
   <trkpt lat="-6.9128790" lon="108.3900140">
    <ele>2035.0</ele>
   </trkpt>
   <trkpt lat="-6.9128810" lon="108.3900290">
    <ele>2035.0</ele>
   </trkpt>
   <trkpt lat="-6.9128850" lon="108.3900440">
    <ele>2035.0</ele>
   </trkpt>
   <trkpt lat="-6.9128900" lon="108.3900590">
    <ele>2035.0</ele>
   </trkpt>
   <trkpt lat="-6.9128960" lon="108.3900730">
    <ele>2035.0</ele>
   </trkpt>
   <trkpt lat="-6.9129010" lon="108.3900870">
    <ele>2036.0</ele>
   </trkpt>
   <trkpt lat="-6.9129020" lon="108.3900980">
    <ele>2036.0</ele>
   </trkpt>
   <trkpt lat="-6.9129030" lon="108.3901090">
    <ele>2036.0</ele>
   </trkpt>
   <trkpt lat="-6.9129010" lon="108.3901180">
    <ele>2036.0</ele>
   </trkpt>
   <trkpt lat="-6.9128980" lon="108.3901280">
    <ele>2036.0</ele>
   </trkpt>
   <trkpt lat="-6.9128960" lon="108.3901360">
    <ele>2037.0</ele>
   </trkpt>
   <trkpt lat="-6.9128930" lon="108.3901440">
    <ele>2037.0</ele>
   </trkpt>
   <trkpt lat="-6.9128930" lon="108.3901520">
    <ele>2037.0</ele>
   </trkpt>
   <trkpt lat="-6.9128940" lon="108.3901600">
    <ele>2037.0</ele>
   </trkpt>
   <trkpt lat="-6.9128950" lon="108.3901680">
    <ele>2037.0</ele>
   </trkpt>
   <trkpt lat="-6.9128960" lon="108.3901770">
    <ele>2038.0</ele>
   </trkpt>
   <trkpt lat="-6.9128980" lon="108.3901860">
    <ele>2038.0</ele>
   </trkpt>
   <trkpt lat="-6.9128990" lon="108.3901940">
    <ele>2038.0</ele>
   </trkpt>
   <trkpt lat="-6.9129010" lon="108.3902030">
    <ele>2038.0</ele>
   </trkpt>
   <trkpt lat="-6.9129030" lon="108.3902120">
    <ele>2038.0</ele>
   </trkpt>
   <trkpt lat="-6.9129040" lon="108.3902180">
    <ele>2039.0</ele>
   </trkpt>
   <trkpt lat="-6.9129050" lon="108.3902240">
    <ele>2039.0</ele>
   </trkpt>
   <trkpt lat="-6.9129060" lon="108.3902310">
    <ele>2039.0</ele>
   </trkpt>
   <trkpt lat="-6.9129060" lon="108.3902380">
    <ele>2039.0</ele>
   </trkpt>
   <trkpt lat="-6.9129060" lon="108.3902460">
    <ele>2039.0</ele>
   </trkpt>
   <trkpt lat="-6.9129060" lon="108.3902520">
    <ele>2040.0</ele>
   </trkpt>
   <trkpt lat="-6.9129050" lon="108.3902590">
    <ele>2040.0</ele>
   </trkpt>
   <trkpt lat="-6.9129040" lon="108.3902640">
    <ele>2040.0</ele>
   </trkpt>
   <trkpt lat="-6.9129040" lon="108.3902690">
    <ele>2040.0</ele>
   </trkpt>
   <trkpt lat="-6.9129040" lon="108.3902760">
    <ele>2040.0</ele>
   </trkpt>
   <trkpt lat="-6.9129040" lon="108.3902820">
    <ele>2041.0</ele>
   </trkpt>
   <trkpt lat="-6.9129040" lon="108.3902910">
    <ele>2041.0</ele>
   </trkpt>
   <trkpt lat="-6.9129040" lon="108.3902990">
    <ele>2041.0</ele>
   </trkpt>
   <trkpt lat="-6.9129040" lon="108.3903090">
    <ele>2041.0</ele>
   </trkpt>
   <trkpt lat="-6.9129030" lon="108.3903190">
    <ele>2041.0</ele>
   </trkpt>
   <trkpt lat="-6.9129040" lon="108.3903290">
    <ele>2042.0</ele>
   </trkpt>
   <trkpt lat="-6.9129040" lon="108.3903400">
    <ele>2042.0</ele>
   </trkpt>
   <trkpt lat="-6.9129040" lon="108.3903510">
    <ele>2042.0</ele>
   </trkpt>
   <trkpt lat="-6.9129050" lon="108.3903620">
    <ele>2042.0</ele>
   </trkpt>
   <trkpt lat="-6.9129050" lon="108.3903740">
    <ele>2042.0</ele>
   </trkpt>
   <trkpt lat="-6.9129050" lon="108.3903860">
    <ele>2043.0</ele>
   </trkpt>
   <trkpt lat="-6.9129050" lon="108.3904000">
    <ele>2043.0</ele>
   </trkpt>
   <trkpt lat="-6.9129050" lon="108.3904130">
    <ele>2043.0</ele>
   </trkpt>
   <trkpt lat="-6.9129040" lon="108.3904250">
    <ele>2044.0</ele>
   </trkpt>
   <trkpt lat="-6.9129040" lon="108.3904370">
    <ele>2044.0</ele>
   </trkpt>
   <trkpt lat="-6.9129040" lon="108.3904450">
    <ele>2045.0</ele>
   </trkpt>
   <trkpt lat="-6.9129040" lon="108.3904520">
    <ele>2045.0</ele>
   </trkpt>
   <trkpt lat="-6.9129050" lon="108.3904590">
    <ele>2045.0</ele>
   </trkpt>
   <trkpt lat="-6.9129050" lon="108.3904680">
    <ele>2045.0</ele>
   </trkpt>
   <trkpt lat="-6.9129060" lon="108.3904780">
    <ele>2045.0</ele>
   </trkpt>
   <trkpt lat="-6.9129070" lon="108.3904860">
    <ele>2046.0</ele>
   </trkpt>
   <trkpt lat="-6.9129070" lon="108.3904940">
    <ele>2046.0</ele>
   </trkpt>
   <trkpt lat="-6.9129080" lon="108.3905020">
    <ele>2046.0</ele>
   </trkpt>
   <trkpt lat="-6.9129100" lon="108.3905110">
    <ele>2046.0</ele>
   </trkpt>
   <trkpt lat="-6.9129150" lon="108.3905190">
    <ele>2046.0</ele>
   </trkpt>
   <trkpt lat="-6.9129200" lon="108.3905280">
    <ele>2047.0</ele>
   </trkpt>
   <trkpt lat="-6.9129270" lon="108.3905390">
    <ele>2047.0</ele>
   </trkpt>
   <trkpt lat="-6.9129350" lon="108.3905490">
    <ele>2047.0</ele>
   </trkpt>
   <trkpt lat="-6.9129420" lon="108.3905640">
    <ele>2047.0</ele>
   </trkpt>
   <trkpt lat="-6.9129480" lon="108.3905780">
    <ele>2047.0</ele>
   </trkpt>
   <trkpt lat="-6.9129510" lon="108.3905960">
    <ele>2048.0</ele>
   </trkpt>
   <trkpt lat="-6.9129540" lon="108.3906140">
    <ele>2048.0</ele>
   </trkpt>
   <trkpt lat="-6.9129530" lon="108.3906350">
    <ele>2048.0</ele>
   </trkpt>
   <trkpt lat="-6.9129510" lon="108.3906570">
    <ele>2048.0</ele>
   </trkpt>
   <trkpt lat="-6.9129480" lon="108.3906760">
    <ele>2048.0</ele>
   </trkpt>
   <trkpt lat="-6.9129450" lon="108.3906950">
    <ele>2049.0</ele>
   </trkpt>
   <trkpt lat="-6.9129440" lon="108.3907110">
    <ele>2049.0</ele>
   </trkpt>
   <trkpt lat="-6.9129440" lon="108.3907280">
    <ele>2049.0</ele>
   </trkpt>
   <trkpt lat="-6.9129450" lon="108.3907470">
    <ele>2049.0</ele>
   </trkpt>
   <trkpt lat="-6.9129470" lon="108.3907670">
    <ele>2049.0</ele>
   </trkpt>
   <trkpt lat="-6.9129460" lon="108.3907910">
    <ele>2050.0</ele>
   </trkpt>
   <trkpt lat="-6.9129440" lon="108.3908150">
    <ele>2050.0</ele>
   </trkpt>
   <trkpt lat="-6.9129400" lon="108.3908410">
    <ele>2050.0</ele>
   </trkpt>
   <trkpt lat="-6.9129350" lon="108.3908660">
    <ele>2050.0</ele>
   </trkpt>
   <trkpt lat="-6.9129290" lon="108.3908910">
    <ele>2050.0</ele>
   </trkpt>
   <trkpt lat="-6.9129240" lon="108.3909150">
    <ele>2050.0</ele>
   </trkpt>
   <trkpt lat="-6.9129180" lon="108.3909340">
    <ele>2050.0</ele>
   </trkpt>
   <trkpt lat="-6.9129130" lon="108.3909530">
    <ele>2050.0</ele>
   </trkpt>
   <trkpt lat="-6.9129080" lon="108.3909660">
    <ele>2050.0</ele>
   </trkpt>
   <trkpt lat="-6.9129040" lon="108.3909780">
    <ele>2050.0</ele>
   </trkpt>
   <trkpt lat="-6.9129000" lon="108.3909870">
    <ele>2051.0</ele>
   </trkpt>
   <trkpt lat="-6.9128960" lon="108.3909950">
    <ele>2051.0</ele>
   </trkpt>
   <trkpt lat="-6.9128940" lon="108.3910030">
    <ele>2051.0</ele>
   </trkpt>
   <trkpt lat="-6.9128920" lon="108.3910110">
    <ele>2051.0</ele>
   </trkpt>
   <trkpt lat="-6.9128930" lon="108.3910190">
    <ele>2051.0</ele>
   </trkpt>
   <trkpt lat="-6.9128940" lon="108.3910280">
    <ele>2051.0</ele>
   </trkpt>
   <trkpt lat="-6.9128970" lon="108.3910380">
    <ele>2051.0</ele>
   </trkpt>
   <trkpt lat="-6.9129000" lon="108.3910470">
    <ele>2051.0</ele>
   </trkpt>
   <trkpt lat="-6.9129040" lon="108.3910550">
    <ele>2051.0</ele>
   </trkpt>
   <trkpt lat="-6.9129080" lon="108.3910640">
    <ele>2051.0</ele>
   </trkpt>
   <trkpt lat="-6.9129120" lon="108.3910710">
    <ele>2052.0</ele>
   </trkpt>
   <trkpt lat="-6.9129150" lon="108.3910780">
    <ele>2052.0</ele>
   </trkpt>
   <trkpt lat="-6.9129180" lon="108.3910840">
    <ele>2052.0</ele>
   </trkpt>
   <trkpt lat="-6.9129220" lon="108.3910900">
    <ele>2052.0</ele>
   </trkpt>
   <trkpt lat="-6.9129250" lon="108.3910950">
    <ele>2052.0</ele>
   </trkpt>
   <trkpt lat="-6.9129270" lon="108.3911000">
    <ele>2052.0</ele>
   </trkpt>
   <trkpt lat="-6.9129290" lon="108.3911050">
    <ele>2052.0</ele>
   </trkpt>
   <trkpt lat="-6.9129300" lon="108.3911100">
    <ele>2052.0</ele>
   </trkpt>
   <trkpt lat="-6.9129300" lon="108.3911160">
    <ele>2052.0</ele>
   </trkpt>
   <trkpt lat="-6.9129300" lon="108.3911220">
    <ele>2052.0</ele>
   </trkpt>
   <trkpt lat="-6.9129300" lon="108.3911290">
    <ele>2053.0</ele>
   </trkpt>
   <trkpt lat="-6.9129290" lon="108.3911360">
    <ele>2053.0</ele>
   </trkpt>
   <trkpt lat="-6.9129290" lon="108.3911450">
    <ele>2053.0</ele>
   </trkpt>
   <trkpt lat="-6.9129300" lon="108.3911540">
    <ele>2053.0</ele>
   </trkpt>
   <trkpt lat="-6.9129310" lon="108.3911630">
    <ele>2053.0</ele>
   </trkpt>
   <trkpt lat="-6.9129330" lon="108.3911720">
    <ele>2054.0</ele>
   </trkpt>
   <trkpt lat="-6.9129360" lon="108.3911790">
    <ele>2054.0</ele>
   </trkpt>
   <trkpt lat="-6.9129390" lon="108.3911860">
    <ele>2054.0</ele>
   </trkpt>
   <trkpt lat="-6.9129410" lon="108.3911910">
    <ele>2054.0</ele>
   </trkpt>
   <trkpt lat="-6.9129440" lon="108.3911960">
    <ele>2054.0</ele>
   </trkpt>
   <trkpt lat="-6.9129470" lon="108.3912000">
    <ele>2055.0</ele>
   </trkpt>
   <trkpt lat="-6.9129510" lon="108.3912050">
    <ele>2055.0</ele>
   </trkpt>
   <trkpt lat="-6.9129540" lon="108.3912090">
    <ele>2055.0</ele>
   </trkpt>
   <trkpt lat="-6.9129580" lon="108.3912140">
    <ele>2055.0</ele>
   </trkpt>
   <trkpt lat="-6.9129600" lon="108.3912180">
    <ele>2055.0</ele>
   </trkpt>
   <trkpt lat="-6.9129630" lon="108.3912230">
    <ele>2056.0</ele>
   </trkpt>
   <trkpt lat="-6.9129660" lon="108.3912300">
    <ele>2056.0</ele>
   </trkpt>
   <trkpt lat="-6.9129700" lon="108.3912360">
    <ele>2056.0</ele>
   </trkpt>
   <trkpt lat="-6.9129710" lon="108.3912400">
    <ele>2057.0</ele>
   </trkpt>
   <trkpt lat="-6.9129720" lon="108.3912440">
    <ele>2057.0</ele>
   </trkpt>
   <trkpt lat="-6.9129750" lon="108.3912510">
    <ele>2058.0</ele>
   </trkpt>
   <trkpt lat="-6.9129770" lon="108.3912580">
    <ele>2058.0</ele>
   </trkpt>
   <trkpt lat="-6.9129790" lon="108.3912650">
    <ele>2058.0</ele>
   </trkpt>
   <trkpt lat="-6.9129820" lon="108.3912720">
    <ele>2058.0</ele>
   </trkpt>
   <trkpt lat="-6.9129860" lon="108.3912790">
    <ele>2058.0</ele>
   </trkpt>
   <trkpt lat="-6.9129900" lon="108.3912850">
    <ele>2059.0</ele>
   </trkpt>
   <trkpt lat="-6.9129940" lon="108.3912920">
    <ele>2059.0</ele>
   </trkpt>
   <trkpt lat="-6.9129990" lon="108.3912990">
    <ele>2059.0</ele>
   </trkpt>
   <trkpt lat="-6.9130030" lon="108.3913050">
    <ele>2059.0</ele>
   </trkpt>
   <trkpt lat="-6.9130080" lon="108.3913120">
    <ele>2059.0</ele>
   </trkpt>
   <trkpt lat="-6.9130110" lon="108.3913190">
    <ele>2060.0</ele>
   </trkpt>
   <trkpt lat="-6.9130150" lon="108.3913250">
    <ele>2060.0</ele>
   </trkpt>
   <trkpt lat="-6.9130170" lon="108.3913310">
    <ele>2060.0</ele>
   </trkpt>
   <trkpt lat="-6.9130200" lon="108.3913370">
    <ele>2060.0</ele>
   </trkpt>
   <trkpt lat="-6.9130240" lon="108.3913420">
    <ele>2060.0</ele>
   </trkpt>
   <trkpt lat="-6.9130270" lon="108.3913470">
    <ele>2061.0</ele>
   </trkpt>
   <trkpt lat="-6.9130310" lon="108.3913520">
    <ele>2061.0</ele>
   </trkpt>
   <trkpt lat="-6.9130360" lon="108.3913590">
    <ele>2061.0</ele>
   </trkpt>
   <trkpt lat="-6.9130420" lon="108.3913650">
    <ele>2062.0</ele>
   </trkpt>
   <trkpt lat="-6.9130480" lon="108.3913690">
    <ele>2062.0</ele>
   </trkpt>
   <trkpt lat="-6.9130530" lon="108.3913730">
    <ele>2063.0</ele>
   </trkpt>
   <trkpt lat="-6.9130580" lon="108.3913770">
    <ele>2063.0</ele>
   </trkpt>
   <trkpt lat="-6.9130630" lon="108.3913810">
    <ele>2063.0</ele>
   </trkpt>
   <trkpt lat="-6.9130680" lon="108.3913850">
    <ele>2063.0</ele>
   </trkpt>
   <trkpt lat="-6.9130730" lon="108.3913880">
    <ele>2063.0</ele>
   </trkpt>
   <trkpt lat="-6.9130750" lon="108.3913900">
    <ele>2064.0</ele>
   </trkpt>
   <trkpt lat="-6.9130770" lon="108.3913910">
    <ele>2064.0</ele>
   </trkpt>
   <trkpt lat="-6.9130790" lon="108.3913920">
    <ele>2064.0</ele>
   </trkpt>
   <trkpt lat="-6.9130820" lon="108.3913940">
    <ele>2065.0</ele>
   </trkpt>
   <trkpt lat="-6.9130880" lon="108.3913970">
    <ele>2065.0</ele>
   </trkpt>
   <trkpt lat="-6.9130940" lon="108.3914000">
    <ele>2066.0</ele>
   </trkpt>
   <trkpt lat="-6.9130980" lon="108.3914010">
    <ele>2066.0</ele>
   </trkpt>
   <trkpt lat="-6.9131030" lon="108.3914020">
    <ele>2066.0</ele>
   </trkpt>
   <trkpt lat="-6.9131070" lon="108.3914030">
    <ele>2066.0</ele>
   </trkpt>
   <trkpt lat="-6.9131070" lon="108.3914030">
    <ele>2066.0</ele>
   </trkpt>
   <trkpt lat="-6.9131070" lon="108.3914030">
    <ele>2067.0</ele>
   </trkpt>
   <trkpt lat="-6.9131070" lon="108.3914030">
    <ele>2067.0</ele>
   </trkpt>
   <trkpt lat="-6.9131070" lon="108.3914030">
    <ele>2067.0</ele>
   </trkpt>
   <trkpt lat="-6.9131070" lon="108.3914030">
    <ele>2068.0</ele>
   </trkpt>
   <trkpt lat="-6.9131150" lon="108.3914110">
    <ele>2068.0</ele>
   </trkpt>
   <trkpt lat="-6.9131190" lon="108.3914180">
    <ele>2069.0</ele>
   </trkpt>
   <trkpt lat="-6.9131220" lon="108.3914250">
    <ele>2069.0</ele>
   </trkpt>
   <trkpt lat="-6.9131250" lon="108.3914320">
    <ele>2069.0</ele>
   </trkpt>
   <trkpt lat="-6.9131280" lon="108.3914400">
    <ele>2069.0</ele>
   </trkpt>
   <trkpt lat="-6.9131320" lon="108.3914480">
    <ele>2069.0</ele>
   </trkpt>
   <trkpt lat="-6.9131350" lon="108.3914570">
    <ele>2070.0</ele>
   </trkpt>
   <trkpt lat="-6.9131350" lon="108.3914570">
    <ele>2070.0</ele>
   </trkpt>
   <trkpt lat="-6.9131350" lon="108.3914570">
    <ele>2070.0</ele>
   </trkpt>
   <trkpt lat="-6.9131350" lon="108.3914570">
    <ele>2070.0</ele>
   </trkpt>
   <trkpt lat="-6.9131350" lon="108.3914570">
    <ele>2070.0</ele>
   </trkpt>
   <trkpt lat="-6.9131350" lon="108.3914570">
    <ele>2071.0</ele>
   </trkpt>
   <trkpt lat="-6.9131350" lon="108.3914570">
    <ele>2071.0</ele>
   </trkpt>
   <trkpt lat="-6.9131350" lon="108.3914570">
    <ele>2071.0</ele>
   </trkpt>
   <trkpt lat="-6.9131350" lon="108.3914570">
    <ele>2072.0</ele>
   </trkpt>
   <trkpt lat="-6.9131350" lon="108.3914570">
    <ele>2072.0</ele>
   </trkpt>
   <trkpt lat="-6.9131350" lon="108.3914570">
    <ele>2073.0</ele>
   </trkpt>
   <trkpt lat="-6.9131350" lon="108.3914570">
    <ele>2073.0</ele>
   </trkpt>
   <trkpt lat="-6.9131350" lon="108.3914570">
    <ele>2073.0</ele>
   </trkpt>
   <trkpt lat="-6.9131350" lon="108.3914570">
    <ele>2074.0</ele>
   </trkpt>
   <trkpt lat="-6.9131350" lon="108.3914570">
    <ele>2074.0</ele>
   </trkpt>
   <trkpt lat="-6.9131350" lon="108.3914570">
    <ele>2075.0</ele>
   </trkpt>
   <trkpt lat="-6.9131350" lon="108.3914570">
    <ele>2075.0</ele>
   </trkpt>
   <trkpt lat="-6.9131350" lon="108.3914570">
    <ele>2075.0</ele>
   </trkpt>
   <trkpt lat="-6.9131350" lon="108.3914570">
    <ele>2075.0</ele>
   </trkpt>
   <trkpt lat="-6.9131350" lon="108.3914570">
    <ele>2075.0</ele>
   </trkpt>
   <trkpt lat="-6.9131350" lon="108.3914570">
    <ele>2076.0</ele>
   </trkpt>
   <trkpt lat="-6.9131350" lon="108.3914570">
    <ele>2076.0</ele>
   </trkpt>
   <trkpt lat="-6.9131350" lon="108.3914570">
    <ele>2076.0</ele>
   </trkpt>
   <trkpt lat="-6.9131350" lon="108.3914570">
    <ele>2076.0</ele>
   </trkpt>
   <trkpt lat="-6.9131350" lon="108.3914570">
    <ele>2076.0</ele>
   </trkpt>
   <trkpt lat="-6.9131330" lon="108.3914850">
    <ele>2077.0</ele>
   </trkpt>
   <trkpt lat="-6.9131300" lon="108.3914980">
    <ele>2077.0</ele>
   </trkpt>
   <trkpt lat="-6.9131270" lon="108.3915100">
    <ele>2077.0</ele>
   </trkpt>
   <trkpt lat="-6.9131270" lon="108.3915100">
    <ele>2078.0</ele>
   </trkpt>
   <trkpt lat="-6.9131260" lon="108.3915140">
    <ele>2078.0</ele>
   </trkpt>
   <trkpt lat="-6.9131250" lon="108.3915180">
    <ele>2079.0</ele>
   </trkpt>
   <trkpt lat="-6.9131240" lon="108.3915220">
    <ele>2079.0</ele>
   </trkpt>
   <trkpt lat="-6.9131230" lon="108.3915260">
    <ele>2079.0</ele>
   </trkpt>
   <trkpt lat="-6.9131220" lon="108.3915300">
    <ele>2079.0</ele>
   </trkpt>
   <trkpt lat="-6.9131210" lon="108.3915340">
    <ele>2079.0</ele>
   </trkpt>
   <trkpt lat="-6.9131200" lon="108.3915380">
    <ele>2080.0</ele>
   </trkpt>
   <trkpt lat="-6.9131190" lon="108.3915420">
    <ele>2080.0</ele>
   </trkpt>
   <trkpt lat="-6.9131180" lon="108.3915450">
    <ele>2080.0</ele>
   </trkpt>
   <trkpt lat="-6.9131170" lon="108.3915490">
    <ele>2080.0</ele>
   </trkpt>
   <trkpt lat="-6.9131160" lon="108.3915530">
    <ele>2080.0</ele>
   </trkpt>
   <trkpt lat="-6.9131150" lon="108.3915570">
    <ele>2081.0</ele>
   </trkpt>
   <trkpt lat="-6.9131140" lon="108.3915610">
    <ele>2081.0</ele>
   </trkpt>
   <trkpt lat="-6.9131140" lon="108.3915650">
    <ele>2081.0</ele>
   </trkpt>
   <trkpt lat="-6.9131130" lon="108.3915690">
    <ele>2081.0</ele>
   </trkpt>
   <trkpt lat="-6.9131120" lon="108.3915730">
    <ele>2081.0</ele>
   </trkpt>
   <trkpt lat="-6.9131110" lon="108.3915770">
    <ele>2082.0</ele>
   </trkpt>
   <trkpt lat="-6.9131100" lon="108.3915810">
    <ele>2082.0</ele>
   </trkpt>
   <trkpt lat="-6.9131090" lon="108.3915850">
    <ele>2082.0</ele>
   </trkpt>
   <trkpt lat="-6.9131080" lon="108.3915890">
    <ele>2082.0</ele>
   </trkpt>
   <trkpt lat="-6.9131070" lon="108.3915930">
    <ele>2082.0</ele>
   </trkpt>
   <trkpt lat="-6.9131060" lon="108.3915970">
    <ele>2083.0</ele>
   </trkpt>
   <trkpt lat="-6.9131050" lon="108.3916010">
    <ele>2083.0</ele>
   </trkpt>
   <trkpt lat="-6.9131040" lon="108.3916040">
    <ele>2083.0</ele>
   </trkpt>
   <trkpt lat="-6.9131030" lon="108.3916080">
    <ele>2084.0</ele>
   </trkpt>
   <trkpt lat="-6.9131020" lon="108.3916120">
    <ele>2084.0</ele>
   </trkpt>
   <trkpt lat="-6.9131010" lon="108.3916160">
    <ele>2085.0</ele>
   </trkpt>
   <trkpt lat="-6.9130960" lon="108.3916300">
    <ele>2085.0</ele>
   </trkpt>
   <trkpt lat="-6.9130920" lon="108.3916400">
    <ele>2085.0</ele>
   </trkpt>
   <trkpt lat="-6.9130880" lon="108.3916510">
    <ele>2085.0</ele>
   </trkpt>
   <trkpt lat="-6.9130840" lon="108.3916610">
    <ele>2085.0</ele>
   </trkpt>
   <trkpt lat="-6.9130790" lon="108.3916710">
    <ele>2086.0</ele>
   </trkpt>
   <trkpt lat="-6.9130760" lon="108.3916790">
    <ele>2086.0</ele>
   </trkpt>
   <trkpt lat="-6.9130730" lon="108.3916870">
    <ele>2086.0</ele>
   </trkpt>
   <trkpt lat="-6.9130720" lon="108.3916910">
    <ele>2087.0</ele>
   </trkpt>
   <trkpt lat="-6.9130710" lon="108.3916950">
    <ele>2087.0</ele>
   </trkpt>
   <trkpt lat="-6.9130700" lon="108.3916990">
    <ele>2088.0</ele>
   </trkpt>
   <trkpt lat="-6.9130680" lon="108.3917030">
    <ele>2088.0</ele>
   </trkpt>
   <trkpt lat="-6.9130660" lon="108.3917100">
    <ele>2088.0</ele>
   </trkpt>
   <trkpt lat="-6.9130630" lon="108.3917160">
    <ele>2088.0</ele>
   </trkpt>
   <trkpt lat="-6.9130600" lon="108.3917210">
    <ele>2088.0</ele>
   </trkpt>
   <trkpt lat="-6.9130570" lon="108.3917260">
    <ele>2088.0</ele>
   </trkpt>
   <trkpt lat="-6.9130530" lon="108.3917320">
    <ele>2088.0</ele>
   </trkpt>
   <trkpt lat="-6.9130500" lon="108.3917390">
    <ele>2088.0</ele>
   </trkpt>
   <trkpt lat="-6.9130460" lon="108.3917480">
    <ele>2089.0</ele>
   </trkpt>
   <trkpt lat="-6.9130410" lon="108.3917570">
    <ele>2089.0</ele>
   </trkpt>
   <trkpt lat="-6.9130380" lon="108.3917660">
    <ele>2090.0</ele>
   </trkpt>
   <trkpt lat="-6.9130350" lon="108.3917740">
    <ele>2090.0</ele>
   </trkpt>
   <trkpt lat="-6.9130350" lon="108.3917740">
    <ele>2090.0</ele>
   </trkpt>
   <trkpt lat="-6.9130350" lon="108.3917740">
    <ele>2090.0</ele>
   </trkpt>
   <trkpt lat="-6.9130350" lon="108.3917740">
    <ele>2090.0</ele>
   </trkpt>
   <trkpt lat="-6.9130350" lon="108.3917740">
    <ele>2091.0</ele>
   </trkpt>
   <trkpt lat="-6.9130350" lon="108.3917740">
    <ele>2091.0</ele>
   </trkpt>
   <trkpt lat="-6.9130280" lon="108.3917820">
    <ele>2091.0</ele>
   </trkpt>
   <trkpt lat="-6.9130220" lon="108.3917870">
    <ele>2091.0</ele>
   </trkpt>
   <trkpt lat="-6.9130160" lon="108.3917910">
    <ele>2091.0</ele>
   </trkpt>
   <trkpt lat="-6.9130110" lon="108.3917930">
    <ele>2092.0</ele>
   </trkpt>
   <trkpt lat="-6.9130060" lon="108.3917960">
    <ele>2092.0</ele>
   </trkpt>
   <trkpt lat="-6.9130030" lon="108.3918000">
    <ele>2092.0</ele>
   </trkpt>
   <trkpt lat="-6.9129990" lon="108.3918030">
    <ele>2092.0</ele>
   </trkpt>
   <trkpt lat="-6.9129970" lon="108.3918070">
    <ele>2092.0</ele>
   </trkpt>
   <trkpt lat="-6.9129950" lon="108.3918120">
    <ele>2092.0</ele>
   </trkpt>
   <trkpt lat="-6.9129930" lon="108.3918170">
    <ele>2092.0</ele>
   </trkpt>
   <trkpt lat="-6.9129910" lon="108.3918220">
    <ele>2092.0</ele>
   </trkpt>
   <trkpt lat="-6.9129880" lon="108.3918260">
    <ele>2092.0</ele>
   </trkpt>
   <trkpt lat="-6.9129860" lon="108.3918310">
    <ele>2092.0</ele>
   </trkpt>
   <trkpt lat="-6.9129830" lon="108.3918350">
    <ele>2093.0</ele>
   </trkpt>
   <trkpt lat="-6.9129800" lon="108.3918400">
    <ele>2093.0</ele>
   </trkpt>
   <trkpt lat="-6.9129760" lon="108.3918450">
    <ele>2093.0</ele>
   </trkpt>
   <trkpt lat="-6.9129720" lon="108.3918490">
    <ele>2093.0</ele>
   </trkpt>
   <trkpt lat="-6.9129690" lon="108.3918540">
    <ele>2093.0</ele>
   </trkpt>
   <trkpt lat="-6.9129650" lon="108.3918590">
    <ele>2094.0</ele>
   </trkpt>
   <trkpt lat="-6.9129610" lon="108.3918620">
    <ele>2094.0</ele>
   </trkpt>
   <trkpt lat="-6.9129560" lon="108.3918660">
    <ele>2094.0</ele>
   </trkpt>
   <trkpt lat="-6.9129520" lon="108.3918700">
    <ele>2094.0</ele>
   </trkpt>
   <trkpt lat="-6.9129480" lon="108.3918740">
    <ele>2094.0</ele>
   </trkpt>
   <trkpt lat="-6.9129430" lon="108.3918790">
    <ele>2095.0</ele>
   </trkpt>
   <trkpt lat="-6.9129390" lon="108.3918850">
    <ele>2095.0</ele>
   </trkpt>
   <trkpt lat="-6.9129340" lon="108.3918930">
    <ele>2095.0</ele>
   </trkpt>
   <trkpt lat="-6.9129300" lon="108.3919020">
    <ele>2095.0</ele>
   </trkpt>
   <trkpt lat="-6.9129280" lon="108.3919110">
    <ele>2095.0</ele>
   </trkpt>
   <trkpt lat="-6.9129260" lon="108.3919210">
    <ele>2096.0</ele>
   </trkpt>
   <trkpt lat="-6.9129260" lon="108.3919300">
    <ele>2096.0</ele>
   </trkpt>
   <trkpt lat="-6.9129250" lon="108.3919380">
    <ele>2096.0</ele>
   </trkpt>
   <trkpt lat="-6.9129250" lon="108.3919460">
    <ele>2097.0</ele>
   </trkpt>
   <trkpt lat="-6.9129250" lon="108.3919540">
    <ele>2097.0</ele>
   </trkpt>
   <trkpt lat="-6.9129250" lon="108.3919620">
    <ele>2098.0</ele>
   </trkpt>
   <trkpt lat="-6.9129250" lon="108.3919710">
    <ele>2098.0</ele>
   </trkpt>
   <trkpt lat="-6.9129230" lon="108.3919790">
    <ele>2098.0</ele>
   </trkpt>
   <trkpt lat="-6.9129220" lon="108.3919880">
    <ele>2098.0</ele>
   </trkpt>
   <trkpt lat="-6.9129190" lon="108.3919960">
    <ele>2098.0</ele>
   </trkpt>
   <trkpt lat="-6.9129160" lon="108.3920050">
    <ele>2099.0</ele>
   </trkpt>
   <trkpt lat="-6.9129130" lon="108.3920120">
    <ele>2099.0</ele>
   </trkpt>
   <trkpt lat="-6.9129100" lon="108.3920200">
    <ele>2099.0</ele>
   </trkpt>
   <trkpt lat="-6.9129080" lon="108.3920270">
    <ele>2099.0</ele>
   </trkpt>
   <trkpt lat="-6.9129060" lon="108.3920350">
    <ele>2099.0</ele>
   </trkpt>
   <trkpt lat="-6.9129040" lon="108.3920440">
    <ele>2100.0</ele>
   </trkpt>
   <trkpt lat="-6.9129020" lon="108.3920520">
    <ele>2100.0</ele>
   </trkpt>
   <trkpt lat="-6.9129000" lon="108.3920610">
    <ele>2100.0</ele>
   </trkpt>
   <trkpt lat="-6.9128980" lon="108.3920690">
    <ele>2100.0</ele>
   </trkpt>
   <trkpt lat="-6.9128950" lon="108.3920790">
    <ele>2100.0</ele>
   </trkpt>
   <trkpt lat="-6.9128920" lon="108.3920880">
    <ele>2101.0</ele>
   </trkpt>
   <trkpt lat="-6.9128880" lon="108.3920980">
    <ele>2101.0</ele>
   </trkpt>
   <trkpt lat="-6.9128830" lon="108.3921070">
    <ele>2101.0</ele>
   </trkpt>
   <trkpt lat="-6.9128760" lon="108.3921180">
    <ele>2101.0</ele>
   </trkpt>
   <trkpt lat="-6.9128690" lon="108.3921280">
    <ele>2101.0</ele>
   </trkpt>
   <trkpt lat="-6.9128600" lon="108.3921410">
    <ele>2102.0</ele>
   </trkpt>
   <trkpt lat="-6.9128520" lon="108.3921530">
    <ele>2102.0</ele>
   </trkpt>
   <trkpt lat="-6.9128430" lon="108.3921700">
    <ele>2102.0</ele>
   </trkpt>
   <trkpt lat="-6.9128350" lon="108.3921870">
    <ele>2102.0</ele>
   </trkpt>
   <trkpt lat="-6.9128290" lon="108.3922070">
    <ele>2102.0</ele>
   </trkpt>
   <trkpt lat="-6.9128230" lon="108.3922280">
    <ele>2103.0</ele>
   </trkpt>
   <trkpt lat="-6.9128190" lon="108.3922500">
    <ele>2103.0</ele>
   </trkpt>
   <trkpt lat="-6.9128150" lon="108.3922720">
    <ele>2103.0</ele>
   </trkpt>
   <trkpt lat="-6.9128110" lon="108.3922920">
    <ele>2103.0</ele>
   </trkpt>
   <trkpt lat="-6.9128080" lon="108.3923110">
    <ele>2103.0</ele>
   </trkpt>
   <trkpt lat="-6.9128030" lon="108.3923280">
    <ele>2104.0</ele>
   </trkpt>
   <trkpt lat="-6.9127990" lon="108.3923450">
    <ele>2104.0</ele>
   </trkpt>
   <trkpt lat="-6.9127940" lon="108.3923600">
    <ele>2104.0</ele>
   </trkpt>
   <trkpt lat="-6.9127890" lon="108.3923750">
    <ele>2105.0</ele>
   </trkpt>
   <trkpt lat="-6.9127840" lon="108.3923880">
    <ele>2105.0</ele>
   </trkpt>
   <trkpt lat="-6.9127790" lon="108.3924010">
    <ele>2106.0</ele>
   </trkpt>
   <trkpt lat="-6.9127740" lon="108.3924120">
    <ele>2106.0</ele>
   </trkpt>
   <trkpt lat="-6.9127680" lon="108.3924240">
    <ele>2106.0</ele>
   </trkpt>
   <trkpt lat="-6.9127610" lon="108.3924350">
    <ele>2107.0</ele>
   </trkpt>
   <trkpt lat="-6.9127540" lon="108.3924470">
    <ele>2107.0</ele>
   </trkpt>
   <trkpt lat="-6.9127470" lon="108.3924600">
    <ele>2108.0</ele>
   </trkpt>
   <trkpt lat="-6.9127410" lon="108.3924740">
    <ele>2108.0</ele>
   </trkpt>
   <trkpt lat="-6.9127370" lon="108.3924880">
    <ele>2108.0</ele>
   </trkpt>
   <trkpt lat="-6.9127340" lon="108.3925030">
    <ele>2108.0</ele>
   </trkpt>
   <trkpt lat="-6.9127320" lon="108.3925160">
    <ele>2108.0</ele>
   </trkpt>
   <trkpt lat="-6.9127310" lon="108.3925290">
    <ele>2109.0</ele>
   </trkpt>
   <trkpt lat="-6.9127300" lon="108.3925390">
    <ele>2109.0</ele>
   </trkpt>
   <trkpt lat="-6.9127290" lon="108.3925480">
    <ele>2109.0</ele>
   </trkpt>
   <trkpt lat="-6.9127260" lon="108.3925560">
    <ele>2109.0</ele>
   </trkpt>
   <trkpt lat="-6.9127230" lon="108.3925640">
    <ele>2109.0</ele>
   </trkpt>
   <trkpt lat="-6.9127180" lon="108.3925740">
    <ele>2110.0</ele>
   </trkpt>
   <trkpt lat="-6.9127130" lon="108.3925850">
    <ele>2110.0</ele>
   </trkpt>
   <trkpt lat="-6.9127090" lon="108.3925940">
    <ele>2110.0</ele>
   </trkpt>
   <trkpt lat="-6.9127050" lon="108.3926040">
    <ele>2111.0</ele>
   </trkpt>
   <trkpt lat="-6.9127010" lon="108.3926110">
    <ele>2111.0</ele>
   </trkpt>
   <trkpt lat="-6.9126970" lon="108.3926190">
    <ele>2112.0</ele>
   </trkpt>
   <trkpt lat="-6.9126950" lon="108.3926250">
    <ele>2112.0</ele>
   </trkpt>
   <trkpt lat="-6.9126920" lon="108.3926310">
    <ele>2112.0</ele>
   </trkpt>
   <trkpt lat="-6.9126900" lon="108.3926370">
    <ele>2112.0</ele>
   </trkpt>
   <trkpt lat="-6.9126880" lon="108.3926420">
    <ele>2112.0</ele>
   </trkpt>
   <trkpt lat="-6.9126850" lon="108.3926480">
    <ele>2113.0</ele>
   </trkpt>
   <trkpt lat="-6.9126820" lon="108.3926540">
    <ele>2113.0</ele>
   </trkpt>
   <trkpt lat="-6.9126800" lon="108.3926580">
    <ele>2113.0</ele>
   </trkpt>
   <trkpt lat="-6.9126780" lon="108.3926610">
    <ele>2113.0</ele>
   </trkpt>
   <trkpt lat="-6.9126730" lon="108.3926660">
    <ele>2113.0</ele>
   </trkpt>
   <trkpt lat="-6.9126680" lon="108.3926700">
    <ele>2114.0</ele>
   </trkpt>
   <trkpt lat="-6.9126610" lon="108.3926710">
    <ele>2114.0</ele>
   </trkpt>
   <trkpt lat="-6.9126550" lon="108.3926730">
    <ele>2114.0</ele>
   </trkpt>
   <trkpt lat="-6.9126440" lon="108.3926740">
    <ele>2114.0</ele>
   </trkpt>
   <trkpt lat="-6.9126330" lon="108.3926760">
    <ele>2114.0</ele>
   </trkpt>
   <trkpt lat="-6.9126180" lon="108.3926830">
    <ele>2115.0</ele>
   </trkpt>
   <trkpt lat="-6.9126040" lon="108.3926910">
    <ele>2115.0</ele>
   </trkpt>
   <trkpt lat="-6.9125900" lon="108.3927050">
    <ele>2115.0</ele>
   </trkpt>
   <trkpt lat="-6.9125770" lon="108.3927200">
    <ele>2115.0</ele>
   </trkpt>
   <trkpt lat="-6.9125670" lon="108.3927370">
    <ele>2115.0</ele>
   </trkpt>
   <trkpt lat="-6.9125580" lon="108.3927530">
    <ele>2116.0</ele>
   </trkpt>
   <trkpt lat="-6.9125520" lon="108.3927650">
    <ele>2116.0</ele>
   </trkpt>
   <trkpt lat="-6.9125460" lon="108.3927770">
    <ele>2116.0</ele>
   </trkpt>
   <trkpt lat="-6.9125390" lon="108.3927850">
    <ele>2116.0</ele>
   </trkpt>
   <trkpt lat="-6.9125320" lon="108.3927930">
    <ele>2116.0</ele>
   </trkpt>
   <trkpt lat="-6.9125260" lon="108.3928000">
    <ele>2117.0</ele>
   </trkpt>
   <trkpt lat="-6.9125200" lon="108.3928070">
    <ele>2117.0</ele>
   </trkpt>
   <trkpt lat="-6.9125140" lon="108.3928140">
    <ele>2117.0</ele>
   </trkpt>
   <trkpt lat="-6.9125090" lon="108.3928210">
    <ele>2117.0</ele>
   </trkpt>
   <trkpt lat="-6.9125020" lon="108.3928260">
    <ele>2117.0</ele>
   </trkpt>
   <trkpt lat="-6.9124970" lon="108.3928320">
    <ele>2118.0</ele>
   </trkpt>
   <trkpt lat="-6.9124910" lon="108.3928370">
    <ele>2118.0</ele>
   </trkpt>
   <trkpt lat="-6.9124850" lon="108.3928410">
    <ele>2118.0</ele>
   </trkpt>
   <trkpt lat="-6.9124820" lon="108.3928440">
    <ele>2118.0</ele>
   </trkpt>
   <trkpt lat="-6.9124800" lon="108.3928470">
    <ele>2118.0</ele>
   </trkpt>
   <trkpt lat="-6.9124760" lon="108.3928520">
    <ele>2119.0</ele>
   </trkpt>
   <trkpt lat="-6.9124730" lon="108.3928570">
    <ele>2119.0</ele>
   </trkpt>
   <trkpt lat="-6.9124700" lon="108.3928630">
    <ele>2119.0</ele>
   </trkpt>
   <trkpt lat="-6.9124670" lon="108.3928680">
    <ele>2119.0</ele>
   </trkpt>
   <trkpt lat="-6.9124650" lon="108.3928750">
    <ele>2119.0</ele>
   </trkpt>
   <trkpt lat="-6.9124620" lon="108.3928820">
    <ele>2120.0</ele>
   </trkpt>
   <trkpt lat="-6.9124590" lon="108.3928900">
    <ele>2120.0</ele>
   </trkpt>
   <trkpt lat="-6.9124560" lon="108.3928970">
    <ele>2120.0</ele>
   </trkpt>
   <trkpt lat="-6.9124560" lon="108.3928970">
    <ele>2120.0</ele>
   </trkpt>
   <trkpt lat="-6.9124560" lon="108.3928970">
    <ele>2120.0</ele>
   </trkpt>
   <trkpt lat="-6.9124560" lon="108.3928970">
    <ele>2121.0</ele>
   </trkpt>
   <trkpt lat="-6.9124560" lon="108.3928970">
    <ele>2121.0</ele>
   </trkpt>
   <trkpt lat="-6.9124560" lon="108.3928970">
    <ele>2121.0</ele>
   </trkpt>
   <trkpt lat="-6.9124560" lon="108.3928970">
    <ele>2121.0</ele>
   </trkpt>
   <trkpt lat="-6.9124560" lon="108.3928970">
    <ele>2121.0</ele>
   </trkpt>
   <trkpt lat="-6.9124560" lon="108.3928970">
    <ele>2122.0</ele>
   </trkpt>
   <trkpt lat="-6.9124560" lon="108.3928970">
    <ele>2122.0</ele>
   </trkpt>
   <trkpt lat="-6.9124560" lon="108.3928970">
    <ele>2122.0</ele>
   </trkpt>
   <trkpt lat="-6.9124560" lon="108.3928970">
    <ele>2122.0</ele>
   </trkpt>
   <trkpt lat="-6.9124560" lon="108.3928970">
    <ele>2122.0</ele>
   </trkpt>
   <trkpt lat="-6.9124560" lon="108.3928970">
    <ele>2122.0</ele>
   </trkpt>
   <trkpt lat="-6.9124560" lon="108.3928970">
    <ele>2122.0</ele>
   </trkpt>
   <trkpt lat="-6.9124560" lon="108.3928970">
    <ele>2122.0</ele>
   </trkpt>
   <trkpt lat="-6.9124430" lon="108.3929200">
    <ele>2123.0</ele>
   </trkpt>
   <trkpt lat="-6.9124340" lon="108.3929300">
    <ele>2123.0</ele>
   </trkpt>
   <trkpt lat="-6.9124260" lon="108.3929400">
    <ele>2124.0</ele>
   </trkpt>
   <trkpt lat="-6.9124200" lon="108.3929410">
    <ele>2124.0</ele>
   </trkpt>
   <trkpt lat="-6.9124140" lon="108.3929430">
    <ele>2124.0</ele>
   </trkpt>
   <trkpt lat="-6.9124070" lon="108.3929420">
    <ele>2124.0</ele>
   </trkpt>
   <trkpt lat="-6.9124000" lon="108.3929400">
    <ele>2124.0</ele>
   </trkpt>
   <trkpt lat="-6.9123920" lon="108.3929380">
    <ele>2125.0</ele>
   </trkpt>
   <trkpt lat="-6.9123850" lon="108.3929360">
    <ele>2125.0</ele>
   </trkpt>
   <trkpt lat="-6.9123830" lon="108.3929360">
    <ele>2125.0</ele>
   </trkpt>
   <trkpt lat="-6.9123810" lon="108.3929360">
    <ele>2125.0</ele>
   </trkpt>
   <trkpt lat="-6.9123790" lon="108.3929360">
    <ele>2125.0</ele>
   </trkpt>
   <trkpt lat="-6.9123770" lon="108.3929350">
    <ele>2126.0</ele>
   </trkpt>
   <trkpt lat="-6.9123760" lon="108.3929350">
    <ele>2126.0</ele>
   </trkpt>
   <trkpt lat="-6.9123700" lon="108.3929360">
    <ele>2126.0</ele>
   </trkpt>
   <trkpt lat="-6.9123640" lon="108.3929370">
    <ele>2126.0</ele>
   </trkpt>
   <trkpt lat="-6.9123640" lon="108.3929370">
    <ele>2126.0</ele>
   </trkpt>
   <trkpt lat="-6.9123640" lon="108.3929370">
    <ele>2127.0</ele>
   </trkpt>
   <trkpt lat="-6.9123640" lon="108.3929370">
    <ele>2127.0</ele>
   </trkpt>
   <trkpt lat="-6.9123640" lon="108.3929370">
    <ele>2127.0</ele>
   </trkpt>
   <trkpt lat="-6.9123640" lon="108.3929370">
    <ele>2127.0</ele>
   </trkpt>
   <trkpt lat="-6.9123530" lon="108.3929460">
    <ele>2127.0</ele>
   </trkpt>
   <trkpt lat="-6.9123490" lon="108.3929520">
    <ele>2128.0</ele>
   </trkpt>
   <trkpt lat="-6.9123460" lon="108.3929580">
    <ele>2128.0</ele>
   </trkpt>
   <trkpt lat="-6.9123420" lon="108.3929640">
    <ele>2128.0</ele>
   </trkpt>
   <trkpt lat="-6.9123390" lon="108.3929700">
    <ele>2128.0</ele>
   </trkpt>
   <trkpt lat="-6.9123340" lon="108.3929760">
    <ele>2128.0</ele>
   </trkpt>
   <trkpt lat="-6.9123280" lon="108.3929820">
    <ele>2129.0</ele>
   </trkpt>
   <trkpt lat="-6.9123210" lon="108.3929860">
    <ele>2129.0</ele>
   </trkpt>
   <trkpt lat="-6.9123140" lon="108.3929910">
    <ele>2129.0</ele>
   </trkpt>
   <trkpt lat="-6.9123060" lon="108.3929960">
    <ele>2129.0</ele>
   </trkpt>
   <trkpt lat="-6.9122980" lon="108.3930010">
    <ele>2129.0</ele>
   </trkpt>
   <trkpt lat="-6.9122910" lon="108.3930080">
    <ele>2130.0</ele>
   </trkpt>
   <trkpt lat="-6.9122840" lon="108.3930150">
    <ele>2130.0</ele>
   </trkpt>
   <trkpt lat="-6.9122790" lon="108.3930230">
    <ele>2130.0</ele>
   </trkpt>
   <trkpt lat="-6.9122730" lon="108.3930300">
    <ele>2130.0</ele>
   </trkpt>
   <trkpt lat="-6.9122690" lon="108.3930370">
    <ele>2130.0</ele>
   </trkpt>
   <trkpt lat="-6.9122640" lon="108.3930430">
    <ele>2131.0</ele>
   </trkpt>
   <trkpt lat="-6.9122600" lon="108.3930470">
    <ele>2131.0</ele>
   </trkpt>
   <trkpt lat="-6.9122560" lon="108.3930510">
    <ele>2131.0</ele>
   </trkpt>
   <trkpt lat="-6.9122520" lon="108.3930550">
    <ele>2131.0</ele>
   </trkpt>
   <trkpt lat="-6.9122480" lon="108.3930590">
    <ele>2131.0</ele>
   </trkpt>
   <trkpt lat="-6.9122450" lon="108.3930640">
    <ele>2132.0</ele>
   </trkpt>
   <trkpt lat="-6.9122410" lon="108.3930690">
    <ele>2132.0</ele>
   </trkpt>
   <trkpt lat="-6.9122380" lon="108.3930750">
    <ele>2132.0</ele>
   </trkpt>
   <trkpt lat="-6.9122350" lon="108.3930810">
    <ele>2132.0</ele>
   </trkpt>
   <trkpt lat="-6.9122340" lon="108.3930880">
    <ele>2132.0</ele>
   </trkpt>
   <trkpt lat="-6.9122330" lon="108.3930960">
    <ele>2133.0</ele>
   </trkpt>
   <trkpt lat="-6.9122330" lon="108.3931050">
    <ele>2133.0</ele>
   </trkpt>
   <trkpt lat="-6.9122340" lon="108.3931140">
    <ele>2133.0</ele>
   </trkpt>
   <trkpt lat="-6.9122350" lon="108.3931240">
    <ele>2133.0</ele>
   </trkpt>
   <trkpt lat="-6.9122370" lon="108.3931340">
    <ele>2133.0</ele>
   </trkpt>
   <trkpt lat="-6.9122380" lon="108.3931420">
    <ele>2134.0</ele>
   </trkpt>
   <trkpt lat="-6.9122400" lon="108.3931500">
    <ele>2134.0</ele>
   </trkpt>
   <trkpt lat="-6.9122390" lon="108.3931560">
    <ele>2134.0</ele>
   </trkpt>
   <trkpt lat="-6.9122390" lon="108.3931630">
    <ele>2134.0</ele>
   </trkpt>
   <trkpt lat="-6.9122380" lon="108.3931690">
    <ele>2134.0</ele>
   </trkpt>
   <trkpt lat="-6.9122360" lon="108.3931760">
    <ele>2135.0</ele>
   </trkpt>
   <trkpt lat="-6.9122330" lon="108.3931840">
    <ele>2135.0</ele>
   </trkpt>
   <trkpt lat="-6.9122310" lon="108.3931910">
    <ele>2135.0</ele>
   </trkpt>
   <trkpt lat="-6.9122280" lon="108.3932000">
    <ele>2135.0</ele>
   </trkpt>
   <trkpt lat="-6.9122260" lon="108.3932100">
    <ele>2135.0</ele>
   </trkpt>
   <trkpt lat="-6.9122240" lon="108.3932200">
    <ele>2136.0</ele>
   </trkpt>
   <trkpt lat="-6.9122230" lon="108.3932300">
    <ele>2136.0</ele>
   </trkpt>
   <trkpt lat="-6.9122240" lon="108.3932380">
    <ele>2136.0</ele>
   </trkpt>
   <trkpt lat="-6.9122240" lon="108.3932460">
    <ele>2136.0</ele>
   </trkpt>
   <trkpt lat="-6.9122250" lon="108.3932540">
    <ele>2136.0</ele>
   </trkpt>
   <trkpt lat="-6.9122270" lon="108.3932610">
    <ele>2137.0</ele>
   </trkpt>
   <trkpt lat="-6.9122280" lon="108.3932670">
    <ele>2137.0</ele>
   </trkpt>
   <trkpt lat="-6.9122300" lon="108.3932740">
    <ele>2137.0</ele>
   </trkpt>
   <trkpt lat="-6.9122320" lon="108.3932790">
    <ele>2137.0</ele>
   </trkpt>
   <trkpt lat="-6.9122330" lon="108.3932840">
    <ele>2137.0</ele>
   </trkpt>
   <trkpt lat="-6.9122350" lon="108.3932890">
    <ele>2138.0</ele>
   </trkpt>
   <trkpt lat="-6.9122360" lon="108.3932940">
    <ele>2138.0</ele>
   </trkpt>
   <trkpt lat="-6.9122360" lon="108.3932990">
    <ele>2138.0</ele>
   </trkpt>
   <trkpt lat="-6.9122360" lon="108.3933070">
    <ele>2139.0</ele>
   </trkpt>
   <trkpt lat="-6.9122360" lon="108.3933150">
    <ele>2139.0</ele>
   </trkpt>
   <trkpt lat="-6.9122380" lon="108.3933230">
    <ele>2140.0</ele>
   </trkpt>
   <trkpt lat="-6.9122390" lon="108.3933310">
    <ele>2140.0</ele>
   </trkpt>
   <trkpt lat="-6.9122400" lon="108.3933390">
    <ele>2140.0</ele>
   </trkpt>
   <trkpt lat="-6.9122420" lon="108.3933470">
    <ele>2140.0</ele>
   </trkpt>
   <trkpt lat="-6.9122440" lon="108.3933540">
    <ele>2140.0</ele>
   </trkpt>
   <trkpt lat="-6.9122460" lon="108.3933610">
    <ele>2141.0</ele>
   </trkpt>
   <trkpt lat="-6.9122490" lon="108.3933670">
    <ele>2141.0</ele>
   </trkpt>
   <trkpt lat="-6.9122530" lon="108.3933730">
    <ele>2141.0</ele>
   </trkpt>
   <trkpt lat="-6.9122530" lon="108.3933730">
    <ele>2141.0</ele>
   </trkpt>
   <trkpt lat="-6.9122530" lon="108.3933730">
    <ele>2141.0</ele>
   </trkpt>
   <trkpt lat="-6.9122530" lon="108.3933730">
    <ele>2142.0</ele>
   </trkpt>
   <trkpt lat="-6.9122530" lon="108.3933730">
    <ele>2142.0</ele>
   </trkpt>
   <trkpt lat="-6.9122530" lon="108.3933730">
    <ele>2142.0</ele>
   </trkpt>
   <trkpt lat="-6.9122530" lon="108.3933730">
    <ele>2142.0</ele>
   </trkpt>
   <trkpt lat="-6.9122530" lon="108.3933730">
    <ele>2142.0</ele>
   </trkpt>
   <trkpt lat="-6.9122530" lon="108.3933730">
    <ele>2143.0</ele>
   </trkpt>
   <trkpt lat="-6.9122530" lon="108.3933730">
    <ele>2143.0</ele>
   </trkpt>
   <trkpt lat="-6.9122530" lon="108.3933730">
    <ele>2143.0</ele>
   </trkpt>
   <trkpt lat="-6.9122630" lon="108.3933910">
    <ele>2143.0</ele>
   </trkpt>
   <trkpt lat="-6.9122670" lon="108.3934010">
    <ele>2143.0</ele>
   </trkpt>
   <trkpt lat="-6.9122720" lon="108.3934110">
    <ele>2144.0</ele>
   </trkpt>
   <trkpt lat="-6.9122740" lon="108.3934180">
    <ele>2144.0</ele>
   </trkpt>
   <trkpt lat="-6.9122770" lon="108.3934250">
    <ele>2144.0</ele>
   </trkpt>
   <trkpt lat="-6.9122780" lon="108.3934290">
    <ele>2144.0</ele>
   </trkpt>
   <trkpt lat="-6.9122800" lon="108.3934320">
    <ele>2144.0</ele>
   </trkpt>
   <trkpt lat="-6.9122820" lon="108.3934380">
    <ele>2145.0</ele>
   </trkpt>
   <trkpt lat="-6.9122840" lon="108.3934440">
    <ele>2145.0</ele>
   </trkpt>
   <trkpt lat="-6.9122870" lon="108.3934500">
    <ele>2145.0</ele>
   </trkpt>
   <trkpt lat="-6.9122890" lon="108.3934550">
    <ele>2145.0</ele>
   </trkpt>
   <trkpt lat="-6.9122900" lon="108.3934580">
    <ele>2145.0</ele>
   </trkpt>
   <trkpt lat="-6.9122910" lon="108.3934600">
    <ele>2146.0</ele>
   </trkpt>
   <trkpt lat="-6.9122910" lon="108.3934630">
    <ele>2146.0</ele>
   </trkpt>
   <trkpt lat="-6.9122920" lon="108.3934660">
    <ele>2146.0</ele>
   </trkpt>
   <trkpt lat="-6.9122930" lon="108.3934690">
    <ele>2147.0</ele>
   </trkpt>
   <trkpt lat="-6.9122940" lon="108.3934800">
    <ele>2147.0</ele>
   </trkpt>
   <trkpt lat="-6.9122950" lon="108.3934910">
    <ele>2148.0</ele>
   </trkpt>
   <trkpt lat="-6.9122940" lon="108.3935010">
    <ele>2148.0</ele>
   </trkpt>
   <trkpt lat="-6.9122940" lon="108.3935100">
    <ele>2148.0</ele>
   </trkpt>
   <trkpt lat="-6.9122930" lon="108.3935170">
    <ele>2148.0</ele>
   </trkpt>
   <trkpt lat="-6.9122910" lon="108.3935250">
    <ele>2148.0</ele>
   </trkpt>
   <trkpt lat="-6.9122900" lon="108.3935320">
    <ele>2149.0</ele>
   </trkpt>
   <trkpt lat="-6.9122890" lon="108.3935380">
    <ele>2149.0</ele>
   </trkpt>
   <trkpt lat="-6.9122880" lon="108.3935450">
    <ele>2149.0</ele>
   </trkpt>
   <trkpt lat="-6.9122870" lon="108.3935520">
    <ele>2149.0</ele>
   </trkpt>
   <trkpt lat="-6.9122860" lon="108.3935530">
    <ele>2149.0</ele>
   </trkpt>
   <trkpt lat="-6.9122850" lon="108.3935550">
    <ele>2150.0</ele>
   </trkpt>
   <trkpt lat="-6.9122840" lon="108.3935570">
    <ele>2150.0</ele>
   </trkpt>
   <trkpt lat="-6.9122830" lon="108.3935580">
    <ele>2150.0</ele>
   </trkpt>
   <trkpt lat="-6.9122800" lon="108.3935630">
    <ele>2150.0</ele>
   </trkpt>
   <trkpt lat="-6.9122760" lon="108.3935680">
    <ele>2150.0</ele>
   </trkpt>
   <trkpt lat="-6.9122750" lon="108.3935730">
    <ele>2151.0</ele>
   </trkpt>
   <trkpt lat="-6.9122730" lon="108.3935790">
    <ele>2151.0</ele>
   </trkpt>
   <trkpt lat="-6.9122730" lon="108.3935830">
    <ele>2151.0</ele>
   </trkpt>
   <trkpt lat="-6.9122740" lon="108.3935880">
    <ele>2152.0</ele>
   </trkpt>
   <trkpt lat="-6.9122740" lon="108.3935920">
    <ele>2152.0</ele>
   </trkpt>
   <trkpt lat="-6.9122750" lon="108.3935990">
    <ele>2153.0</ele>
   </trkpt>
   <trkpt lat="-6.9122770" lon="108.3936050">
    <ele>2153.0</ele>
   </trkpt>
   <trkpt lat="-6.9122780" lon="108.3936130">
    <ele>2153.0</ele>
   </trkpt>
   <trkpt lat="-6.9122790" lon="108.3936200">
    <ele>2153.0</ele>
   </trkpt>
   <trkpt lat="-6.9122810" lon="108.3936290">
    <ele>2153.0</ele>
   </trkpt>
   <trkpt lat="-6.9122820" lon="108.3936390">
    <ele>2154.0</ele>
   </trkpt>
   <trkpt lat="-6.9122840" lon="108.3936500">
    <ele>2154.0</ele>
   </trkpt>
   <trkpt lat="-6.9122860" lon="108.3936620">
    <ele>2154.0</ele>
   </trkpt>
   <trkpt lat="-6.9122860" lon="108.3936760">
    <ele>2154.0</ele>
   </trkpt>
   <trkpt lat="-6.9122860" lon="108.3936900">
    <ele>2154.0</ele>
   </trkpt>
   <trkpt lat="-6.9122850" lon="108.3937040">
    <ele>2155.0</ele>
   </trkpt>
   <trkpt lat="-6.9122830" lon="108.3937190">
    <ele>2155.0</ele>
   </trkpt>
   <trkpt lat="-6.9122840" lon="108.3937310">
    <ele>2155.0</ele>
   </trkpt>
   <trkpt lat="-6.9122850" lon="108.3937440">
    <ele>2155.0</ele>
   </trkpt>
   <trkpt lat="-6.9122880" lon="108.3937540">
    <ele>2155.0</ele>
   </trkpt>
   <trkpt lat="-6.9122910" lon="108.3937630">
    <ele>2156.0</ele>
   </trkpt>
   <trkpt lat="-6.9122970" lon="108.3937710">
    <ele>2156.0</ele>
   </trkpt>
   <trkpt lat="-6.9123020" lon="108.3937790">
    <ele>2156.0</ele>
   </trkpt>
   <trkpt lat="-6.9123100" lon="108.3937880">
    <ele>2157.0</ele>
   </trkpt>
   <trkpt lat="-6.9123170" lon="108.3937960">
    <ele>2157.0</ele>
   </trkpt>
   <trkpt lat="-6.9123250" lon="108.3938070">
    <ele>2158.0</ele>
   </trkpt>
   <trkpt lat="-6.9123330" lon="108.3938180">
    <ele>2158.0</ele>
   </trkpt>
   <trkpt lat="-6.9123390" lon="108.3938280">
    <ele>2158.0</ele>
   </trkpt>
   <trkpt lat="-6.9123450" lon="108.3938370">
    <ele>2159.0</ele>
   </trkpt>
   <trkpt lat="-6.9123490" lon="108.3938460">
    <ele>2159.0</ele>
   </trkpt>
   <trkpt lat="-6.9123530" lon="108.3938550">
    <ele>2160.0</ele>
   </trkpt>
   <trkpt lat="-6.9123550" lon="108.3938650">
    <ele>2160.0</ele>
   </trkpt>
   <trkpt lat="-6.9123580" lon="108.3938740">
    <ele>2160.0</ele>
   </trkpt>
   <trkpt lat="-6.9123590" lon="108.3938850">
    <ele>2161.0</ele>
   </trkpt>
   <trkpt lat="-6.9123600" lon="108.3938960">
    <ele>2161.0</ele>
   </trkpt>
   <trkpt lat="-6.9123620" lon="108.3939070">
    <ele>2162.0</ele>
   </trkpt>
   <trkpt lat="-6.9123630" lon="108.3939180">
    <ele>2162.0</ele>
   </trkpt>
   <trkpt lat="-6.9123640" lon="108.3939290">
    <ele>2162.0</ele>
   </trkpt>
   <trkpt lat="-6.9123650" lon="108.3939400">
    <ele>2162.0</ele>
   </trkpt>
   <trkpt lat="-6.9123660" lon="108.3939490">
    <ele>2162.0</ele>
   </trkpt>
   <trkpt lat="-6.9123670" lon="108.3939590">
    <ele>2163.0</ele>
   </trkpt>
   <trkpt lat="-6.9123680" lon="108.3939680">
    <ele>2163.0</ele>
   </trkpt>
   <trkpt lat="-6.9123680" lon="108.3939780">
    <ele>2163.0</ele>
   </trkpt>
   <trkpt lat="-6.9123680" lon="108.3939890">
    <ele>2163.0</ele>
   </trkpt>
   <trkpt lat="-6.9123680" lon="108.3940000">
    <ele>2163.0</ele>
   </trkpt>
   <trkpt lat="-6.9123680" lon="108.3940110">
    <ele>2164.0</ele>
   </trkpt>
   <trkpt lat="-6.9123670" lon="108.3940210">
    <ele>2164.0</ele>
   </trkpt>
   <trkpt lat="-6.9123670" lon="108.3940300">
    <ele>2164.0</ele>
   </trkpt>
   <trkpt lat="-6.9123680" lon="108.3940380">
    <ele>2164.0</ele>
   </trkpt>
   <trkpt lat="-6.9123670" lon="108.3940470">
    <ele>2164.0</ele>
   </trkpt>
   <trkpt lat="-6.9123670" lon="108.3940560">
    <ele>2165.0</ele>
   </trkpt>
   <trkpt lat="-6.9123660" lon="108.3940650">
    <ele>2165.0</ele>
   </trkpt>
   <trkpt lat="-6.9123660" lon="108.3940740">
    <ele>2165.0</ele>
   </trkpt>
   <trkpt lat="-6.9123650" lon="108.3940820">
    <ele>2165.0</ele>
   </trkpt>
   <trkpt lat="-6.9123650" lon="108.3940900">
    <ele>2165.0</ele>
   </trkpt>
   <trkpt lat="-6.9123650" lon="108.3940960">
    <ele>2166.0</ele>
   </trkpt>
   <trkpt lat="-6.9123650" lon="108.3941020">
    <ele>2166.0</ele>
   </trkpt>
   <trkpt lat="-6.9123650" lon="108.3941080">
    <ele>2166.0</ele>
   </trkpt>
   <trkpt lat="-6.9123650" lon="108.3941140">
    <ele>2166.0</ele>
   </trkpt>
   <trkpt lat="-6.9123650" lon="108.3941200">
    <ele>2166.0</ele>
   </trkpt>
   <trkpt lat="-6.9123660" lon="108.3941260">
    <ele>2167.0</ele>
   </trkpt>
   <trkpt lat="-6.9123660" lon="108.3941340">
    <ele>2167.0</ele>
   </trkpt>
   <trkpt lat="-6.9123660" lon="108.3941430">
    <ele>2167.0</ele>
   </trkpt>
   <trkpt lat="-6.9123650" lon="108.3941530">
    <ele>2167.0</ele>
   </trkpt>
   <trkpt lat="-6.9123640" lon="108.3941630">
    <ele>2167.0</ele>
   </trkpt>
   <trkpt lat="-6.9123610" lon="108.3941730">
    <ele>2168.0</ele>
   </trkpt>
   <trkpt lat="-6.9123590" lon="108.3941820">
    <ele>2168.0</ele>
   </trkpt>
   <trkpt lat="-6.9123560" lon="108.3941910">
    <ele>2168.0</ele>
   </trkpt>
   <trkpt lat="-6.9123540" lon="108.3941990">
    <ele>2168.0</ele>
   </trkpt>
   <trkpt lat="-6.9123520" lon="108.3942070">
    <ele>2168.0</ele>
   </trkpt>
   <trkpt lat="-6.9123500" lon="108.3942150">
    <ele>2169.0</ele>
   </trkpt>
   <trkpt lat="-6.9123480" lon="108.3942230">
    <ele>2169.0</ele>
   </trkpt>
   <trkpt lat="-6.9123450" lon="108.3942310">
    <ele>2169.0</ele>
   </trkpt>
   <trkpt lat="-6.9123430" lon="108.3942370">
    <ele>2169.0</ele>
   </trkpt>
   <trkpt lat="-6.9123400" lon="108.3942430">
    <ele>2169.0</ele>
   </trkpt>
   <trkpt lat="-6.9123360" lon="108.3942480">
    <ele>2170.0</ele>
   </trkpt>
   <trkpt lat="-6.9123310" lon="108.3942540">
    <ele>2170.0</ele>
   </trkpt>
   <trkpt lat="-6.9123260" lon="108.3942590">
    <ele>2170.0</ele>
   </trkpt>
   <trkpt lat="-6.9123210" lon="108.3942640">
    <ele>2170.0</ele>
   </trkpt>
   <trkpt lat="-6.9123160" lon="108.3942690">
    <ele>2170.0</ele>
   </trkpt>
   <trkpt lat="-6.9123120" lon="108.3942740">
    <ele>2171.0</ele>
   </trkpt>
   <trkpt lat="-6.9123070" lon="108.3942790">
    <ele>2171.0</ele>
   </trkpt>
   <trkpt lat="-6.9123030" lon="108.3942850">
    <ele>2171.0</ele>
   </trkpt>
   <trkpt lat="-6.9122980" lon="108.3942920">
    <ele>2171.0</ele>
   </trkpt>
   <trkpt lat="-6.9122940" lon="108.3942980">
    <ele>2171.0</ele>
   </trkpt>
   <trkpt lat="-6.9122880" lon="108.3943060">
    <ele>2172.0</ele>
   </trkpt>
   <trkpt lat="-6.9122830" lon="108.3943140">
    <ele>2172.0</ele>
   </trkpt>
   <trkpt lat="-6.9122780" lon="108.3943220">
    <ele>2172.0</ele>
   </trkpt>
   <trkpt lat="-6.9122720" lon="108.3943300">
    <ele>2172.0</ele>
   </trkpt>
   <trkpt lat="-6.9122650" lon="108.3943370">
    <ele>2172.0</ele>
   </trkpt>
   <trkpt lat="-6.9122590" lon="108.3943440">
    <ele>2173.0</ele>
   </trkpt>
   <trkpt lat="-6.9122520" lon="108.3943470">
    <ele>2173.0</ele>
   </trkpt>
   <trkpt lat="-6.9122440" lon="108.3943490">
    <ele>2173.0</ele>
   </trkpt>
   <trkpt lat="-6.9122350" lon="108.3943510">
    <ele>2173.0</ele>
   </trkpt>
   <trkpt lat="-6.9122260" lon="108.3943530">
    <ele>2173.0</ele>
   </trkpt>
   <trkpt lat="-6.9122180" lon="108.3943550">
    <ele>2174.0</ele>
   </trkpt>
   <trkpt lat="-6.9122090" lon="108.3943560">
    <ele>2174.0</ele>
   </trkpt>
   <trkpt lat="-6.9122020" lon="108.3943560">
    <ele>2174.0</ele>
   </trkpt>
   <trkpt lat="-6.9121960" lon="108.3943560">
    <ele>2174.0</ele>
   </trkpt>
   <trkpt lat="-6.9121930" lon="108.3943560">
    <ele>2174.0</ele>
   </trkpt>
   <trkpt lat="-6.9121890" lon="108.3943560">
    <ele>2175.0</ele>
   </trkpt>
   <trkpt lat="-6.9121850" lon="108.3943580">
    <ele>2175.0</ele>
   </trkpt>
   <trkpt lat="-6.9121810" lon="108.3943600">
    <ele>2175.0</ele>
   </trkpt>
   <trkpt lat="-6.9121760" lon="108.3943630">
    <ele>2176.0</ele>
   </trkpt>
   <trkpt lat="-6.9121710" lon="108.3943660">
    <ele>2176.0</ele>
   </trkpt>
   <trkpt lat="-6.9121650" lon="108.3943670">
    <ele>2177.0</ele>
   </trkpt>
   <trkpt lat="-6.9121600" lon="108.3943690">
    <ele>2177.0</ele>
   </trkpt>
   <trkpt lat="-6.9121600" lon="108.3943690">
    <ele>2177.0</ele>
   </trkpt>
   <trkpt lat="-6.9121600" lon="108.3943690">
    <ele>2177.0</ele>
   </trkpt>
   <trkpt lat="-6.9121600" lon="108.3943690">
    <ele>2177.0</ele>
   </trkpt>
   <trkpt lat="-6.9121600" lon="108.3943690">
    <ele>2178.0</ele>
   </trkpt>
   <trkpt lat="-6.9121600" lon="108.3943690">
    <ele>2178.0</ele>
   </trkpt>
   <trkpt lat="-6.9121600" lon="108.3943690">
    <ele>2178.0</ele>
   </trkpt>
   <trkpt lat="-6.9121600" lon="108.3943690">
    <ele>2178.0</ele>
   </trkpt>
   <trkpt lat="-6.9121390" lon="108.3943770">
    <ele>2178.0</ele>
   </trkpt>
   <trkpt lat="-6.9121310" lon="108.3943840">
    <ele>2179.0</ele>
   </trkpt>
   <trkpt lat="-6.9121220" lon="108.3943900">
    <ele>2179.0</ele>
   </trkpt>
   <trkpt lat="-6.9121160" lon="108.3943960">
    <ele>2179.0</ele>
   </trkpt>
   <trkpt lat="-6.9121100" lon="108.3944020">
    <ele>2179.0</ele>
   </trkpt>
   <trkpt lat="-6.9121040" lon="108.3944080">
    <ele>2179.0</ele>
   </trkpt>
   <trkpt lat="-6.9120980" lon="108.3944130">
    <ele>2180.0</ele>
   </trkpt>
   <trkpt lat="-6.9120930" lon="108.3944180">
    <ele>2180.0</ele>
   </trkpt>
   <trkpt lat="-6.9120870" lon="108.3944220">
    <ele>2180.0</ele>
   </trkpt>
   <trkpt lat="-6.9120810" lon="108.3944260">
    <ele>2180.0</ele>
   </trkpt>
   <trkpt lat="-6.9120750" lon="108.3944310">
    <ele>2180.0</ele>
   </trkpt>
   <trkpt lat="-6.9120680" lon="108.3944350">
    <ele>2181.0</ele>
   </trkpt>
   <trkpt lat="-6.9120620" lon="108.3944400">
    <ele>2181.0</ele>
   </trkpt>
   <trkpt lat="-6.9120540" lon="108.3944470">
    <ele>2181.0</ele>
   </trkpt>
   <trkpt lat="-6.9120470" lon="108.3944530">
    <ele>2181.0</ele>
   </trkpt>
   <trkpt lat="-6.9120380" lon="108.3944600">
    <ele>2181.0</ele>
   </trkpt>
   <trkpt lat="-6.9120300" lon="108.3944660">
    <ele>2182.0</ele>
   </trkpt>
   <trkpt lat="-6.9120210" lon="108.3944730">
    <ele>2182.0</ele>
   </trkpt>
   <trkpt lat="-6.9120110" lon="108.3944790">
    <ele>2182.0</ele>
   </trkpt>
   <trkpt lat="-6.9120010" lon="108.3944840">
    <ele>2182.0</ele>
   </trkpt>
   <trkpt lat="-6.9119900" lon="108.3944900">
    <ele>2182.0</ele>
   </trkpt>
   <trkpt lat="-6.9119790" lon="108.3944960">
    <ele>2183.0</ele>
   </trkpt>
   <trkpt lat="-6.9119680" lon="108.3945030">
    <ele>2183.0</ele>
   </trkpt>
   <trkpt lat="-6.9119570" lon="108.3945110">
    <ele>2183.0</ele>
   </trkpt>
   <trkpt lat="-6.9119470" lon="108.3945190">
    <ele>2183.0</ele>
   </trkpt>
   <trkpt lat="-6.9119360" lon="108.3945280">
    <ele>2183.0</ele>
   </trkpt>
   <trkpt lat="-6.9119260" lon="108.3945370">
    <ele>2184.0</ele>
   </trkpt>
   <trkpt lat="-6.9119130" lon="108.3945490">
    <ele>2184.0</ele>
   </trkpt>
   <trkpt lat="-6.9119010" lon="108.3945620">
    <ele>2184.0</ele>
   </trkpt>
   <trkpt lat="-6.9118870" lon="108.3945760">
    <ele>2184.0</ele>
   </trkpt>
   <trkpt lat="-6.9118720" lon="108.3945910">
    <ele>2184.0</ele>
   </trkpt>
   <trkpt lat="-6.9118580" lon="108.3946040">
    <ele>2185.0</ele>
   </trkpt>
   <trkpt lat="-6.9118430" lon="108.3946170">
    <ele>2185.0</ele>
   </trkpt>
   <trkpt lat="-6.9118270" lon="108.3946260">
    <ele>2185.0</ele>
   </trkpt>
   <trkpt lat="-6.9118120" lon="108.3946360">
    <ele>2186.0</ele>
   </trkpt>
   <trkpt lat="-6.9117970" lon="108.3946430">
    <ele>2186.0</ele>
   </trkpt>
   <trkpt lat="-6.9117820" lon="108.3946500">
    <ele>2187.0</ele>
   </trkpt>
   <trkpt lat="-6.9117680" lon="108.3946570">
    <ele>2187.0</ele>
   </trkpt>
   <trkpt lat="-6.9117550" lon="108.3946640">
    <ele>2187.0</ele>
   </trkpt>
   <trkpt lat="-6.9117420" lon="108.3946740">
    <ele>2188.0</ele>
   </trkpt>
   <trkpt lat="-6.9117300" lon="108.3946840">
    <ele>2188.0</ele>
   </trkpt>
   <trkpt lat="-6.9117190" lon="108.3946950">
    <ele>2189.0</ele>
   </trkpt>
   <trkpt lat="-6.9117080" lon="108.3947070">
    <ele>2189.0</ele>
   </trkpt>
   <trkpt lat="-6.9116980" lon="108.3947180">
    <ele>2189.0</ele>
   </trkpt>
   <trkpt lat="-6.9116890" lon="108.3947290">
    <ele>2189.0</ele>
   </trkpt>
   <trkpt lat="-6.9116800" lon="108.3947370">
    <ele>2189.0</ele>
   </trkpt>
   <trkpt lat="-6.9116720" lon="108.3947450">
    <ele>2190.0</ele>
   </trkpt>
   <trkpt lat="-6.9116660" lon="108.3947510">
    <ele>2190.0</ele>
   </trkpt>
   <trkpt lat="-6.9116590" lon="108.3947560">
    <ele>2190.0</ele>
   </trkpt>
   <trkpt lat="-6.9116540" lon="108.3947610">
    <ele>2190.0</ele>
   </trkpt>
   <trkpt lat="-6.9116480" lon="108.3947660">
    <ele>2190.0</ele>
   </trkpt>
   <trkpt lat="-6.9116440" lon="108.3947710">
    <ele>2191.0</ele>
   </trkpt>
   <trkpt lat="-6.9116400" lon="108.3947770">
    <ele>2191.0</ele>
   </trkpt>
   <trkpt lat="-6.9116370" lon="108.3947800">
    <ele>2191.0</ele>
   </trkpt>
   <trkpt lat="-6.9116350" lon="108.3947840">
    <ele>2192.0</ele>
   </trkpt>
   <trkpt lat="-6.9116330" lon="108.3947870">
    <ele>2192.0</ele>
   </trkpt>
   <trkpt lat="-6.9116300" lon="108.3947900">
    <ele>2193.0</ele>
   </trkpt>
   <trkpt lat="-6.9116280" lon="108.3947930">
    <ele>2193.0</ele>
   </trkpt>
   <trkpt lat="-6.9116260" lon="108.3947960">
    <ele>2193.0</ele>
   </trkpt>
   <trkpt lat="-6.9116200" lon="108.3948000">
    <ele>2193.0</ele>
   </trkpt>
   <trkpt lat="-6.9116150" lon="108.3948050">
    <ele>2193.0</ele>
   </trkpt>
   <trkpt lat="-6.9116080" lon="108.3948080">
    <ele>2194.0</ele>
   </trkpt>
   <trkpt lat="-6.9116010" lon="108.3948100">
    <ele>2194.0</ele>
   </trkpt>
   <trkpt lat="-6.9115910" lon="108.3948150">
    <ele>2194.0</ele>
   </trkpt>
   <trkpt lat="-6.9115810" lon="108.3948190">
    <ele>2195.0</ele>
   </trkpt>
   <trkpt lat="-6.9115690" lon="108.3948230">
    <ele>2195.0</ele>
   </trkpt>
   <trkpt lat="-6.9115560" lon="108.3948280">
    <ele>2196.0</ele>
   </trkpt>
   <trkpt lat="-6.9115440" lon="108.3948330">
    <ele>2196.0</ele>
   </trkpt>
   <trkpt lat="-6.9115320" lon="108.3948390">
    <ele>2196.0</ele>
   </trkpt>
   <trkpt lat="-6.9115230" lon="108.3948450">
    <ele>2196.0</ele>
   </trkpt>
   <trkpt lat="-6.9115140" lon="108.3948510">
    <ele>2196.0</ele>
   </trkpt>
   <trkpt lat="-6.9115080" lon="108.3948600">
    <ele>2197.0</ele>
   </trkpt>
   <trkpt lat="-6.9115010" lon="108.3948680">
    <ele>2197.0</ele>
   </trkpt>
   <trkpt lat="-6.9114960" lon="108.3948760">
    <ele>2197.0</ele>
   </trkpt>
   <trkpt lat="-6.9114900" lon="108.3948840">
    <ele>2197.0</ele>
   </trkpt>
   <trkpt lat="-6.9114860" lon="108.3948880">
    <ele>2197.0</ele>
   </trkpt>
   <trkpt lat="-6.9114820" lon="108.3948920">
    <ele>2198.0</ele>
   </trkpt>
   <trkpt lat="-6.9114790" lon="108.3948960">
    <ele>2198.0</ele>
   </trkpt>
   <trkpt lat="-6.9114730" lon="108.3949000">
    <ele>2198.0</ele>
   </trkpt>
   <trkpt lat="-6.9114680" lon="108.3949040">
    <ele>2199.0</ele>
   </trkpt>
   <trkpt lat="-6.9114620" lon="108.3949060">
    <ele>2199.0</ele>
   </trkpt>
   <trkpt lat="-6.9114570" lon="108.3949090">
    <ele>2200.0</ele>
   </trkpt>
   <trkpt lat="-6.9114510" lon="108.3949100">
    <ele>2200.0</ele>
   </trkpt>
   <trkpt lat="-6.9114460" lon="108.3949120">
    <ele>2200.0</ele>
   </trkpt>
   <trkpt lat="-6.9114420" lon="108.3949130">
    <ele>2200.0</ele>
   </trkpt>
   <trkpt lat="-6.9114390" lon="108.3949140">
    <ele>2200.0</ele>
   </trkpt>
   <trkpt lat="-6.9114330" lon="108.3949190">
    <ele>2201.0</ele>
   </trkpt>
   <trkpt lat="-6.9114270" lon="108.3949230">
    <ele>2201.0</ele>
   </trkpt>
   <trkpt lat="-6.9114200" lon="108.3949280">
    <ele>2201.0</ele>
   </trkpt>
   <trkpt lat="-6.9114130" lon="108.3949330">
    <ele>2201.0</ele>
   </trkpt>
   <trkpt lat="-6.9114060" lon="108.3949350">
    <ele>2201.0</ele>
   </trkpt>
   <trkpt lat="-6.9113980" lon="108.3949380">
    <ele>2202.0</ele>
   </trkpt>
   <trkpt lat="-6.9113930" lon="108.3949390">
    <ele>2202.0</ele>
   </trkpt>
   <trkpt lat="-6.9113880" lon="108.3949400">
    <ele>2202.0</ele>
   </trkpt>
   <trkpt lat="-6.9113840" lon="108.3949410">
    <ele>2202.0</ele>
   </trkpt>
   <trkpt lat="-6.9113770" lon="108.3949420">
    <ele>2202.0</ele>
   </trkpt>
   <trkpt lat="-6.9113710" lon="108.3949430">
    <ele>2203.0</ele>
   </trkpt>
   <trkpt lat="-6.9113650" lon="108.3949450">
    <ele>2203.0</ele>
   </trkpt>
   <trkpt lat="-6.9113590" lon="108.3949480">
    <ele>2203.0</ele>
   </trkpt>
   <trkpt lat="-6.9113530" lon="108.3949510">
    <ele>2203.0</ele>
   </trkpt>
   <trkpt lat="-6.9113470" lon="108.3949540">
    <ele>2203.0</ele>
   </trkpt>
   <trkpt lat="-6.9113450" lon="108.3949550">
    <ele>2204.0</ele>
   </trkpt>
   <trkpt lat="-6.9113430" lon="108.3949570">
    <ele>2204.0</ele>
   </trkpt>
   <trkpt lat="-6.9113410" lon="108.3949580">
    <ele>2204.0</ele>
   </trkpt>
   <trkpt lat="-6.9113390" lon="108.3949600">
    <ele>2204.0</ele>
   </trkpt>
   <trkpt lat="-6.9113330" lon="108.3949670">
    <ele>2204.0</ele>
   </trkpt>
   <trkpt lat="-6.9113260" lon="108.3949740">
    <ele>2205.0</ele>
   </trkpt>
   <trkpt lat="-6.9113200" lon="108.3949810">
    <ele>2205.0</ele>
   </trkpt>
   <trkpt lat="-6.9113140" lon="108.3949880">
    <ele>2205.0</ele>
   </trkpt>
   <trkpt lat="-6.9113080" lon="108.3949950">
    <ele>2205.0</ele>
   </trkpt>
   <trkpt lat="-6.9113030" lon="108.3950010">
    <ele>2205.0</ele>
   </trkpt>
   <trkpt lat="-6.9112990" lon="108.3950040">
    <ele>2206.0</ele>
   </trkpt>
   <trkpt lat="-6.9112940" lon="108.3950070">
    <ele>2206.0</ele>
   </trkpt>
   <trkpt lat="-6.9112880" lon="108.3950100">
    <ele>2206.0</ele>
   </trkpt>
   <trkpt lat="-6.9112810" lon="108.3950130">
    <ele>2206.0</ele>
   </trkpt>
   <trkpt lat="-6.9112750" lon="108.3950140">
    <ele>2206.0</ele>
   </trkpt>
   <trkpt lat="-6.9112680" lon="108.3950140">
    <ele>2207.0</ele>
   </trkpt>
   <trkpt lat="-6.9112630" lon="108.3950140">
    <ele>2207.0</ele>
   </trkpt>
   <trkpt lat="-6.9112580" lon="108.3950140">
    <ele>2207.0</ele>
   </trkpt>
   <trkpt lat="-6.9112550" lon="108.3950150">
    <ele>2207.0</ele>
   </trkpt>
   <trkpt lat="-6.9112530" lon="108.3950150">
    <ele>2207.0</ele>
   </trkpt>
   <trkpt lat="-6.9112500" lon="108.3950160">
    <ele>2208.0</ele>
   </trkpt>
   <trkpt lat="-6.9112480" lon="108.3950170">
    <ele>2208.0</ele>
   </trkpt>
   <trkpt lat="-6.9112460" lon="108.3950180">
    <ele>2208.0</ele>
   </trkpt>
   <trkpt lat="-6.9112400" lon="108.3950210">
    <ele>2208.0</ele>
   </trkpt>
   <trkpt lat="-6.9112350" lon="108.3950250">
    <ele>2208.0</ele>
   </trkpt>
   <trkpt lat="-6.9112310" lon="108.3950280">
    <ele>2209.0</ele>
   </trkpt>
   <trkpt lat="-6.9112280" lon="108.3950310">
    <ele>2209.0</ele>
   </trkpt>
   <trkpt lat="-6.9112250" lon="108.3950340">
    <ele>2209.0</ele>
   </trkpt>
   <trkpt lat="-6.9112190" lon="108.3950390">
    <ele>2209.0</ele>
   </trkpt>
   <trkpt lat="-6.9112130" lon="108.3950440">
    <ele>2209.0</ele>
   </trkpt>
   <trkpt lat="-6.9112050" lon="108.3950470">
    <ele>2210.0</ele>
   </trkpt>
   <trkpt lat="-6.9111970" lon="108.3950500">
    <ele>2210.0</ele>
   </trkpt>
   <trkpt lat="-6.9111870" lon="108.3950520">
    <ele>2210.0</ele>
   </trkpt>
   <trkpt lat="-6.9111760" lon="108.3950530">
    <ele>2210.0</ele>
   </trkpt>
   <trkpt lat="-6.9111660" lon="108.3950560">
    <ele>2210.0</ele>
   </trkpt>
   <trkpt lat="-6.9111570" lon="108.3950580">
    <ele>2211.0</ele>
   </trkpt>
   <trkpt lat="-6.9111500" lon="108.3950620">
    <ele>2211.0</ele>
   </trkpt>
   <trkpt lat="-6.9111430" lon="108.3950660">
    <ele>2211.0</ele>
   </trkpt>
   <trkpt lat="-6.9111370" lon="108.3950710">
    <ele>2211.0</ele>
   </trkpt>
   <trkpt lat="-6.9111320" lon="108.3950760">
    <ele>2211.0</ele>
   </trkpt>
   <trkpt lat="-6.9111270" lon="108.3950810">
    <ele>2212.0</ele>
   </trkpt>
   <trkpt lat="-6.9111210" lon="108.3950870">
    <ele>2212.0</ele>
   </trkpt>
   <trkpt lat="-6.9111180" lon="108.3950880">
    <ele>2212.0</ele>
   </trkpt>
   <trkpt lat="-6.9111150" lon="108.3950900">
    <ele>2213.0</ele>
   </trkpt>
   <trkpt lat="-6.9111110" lon="108.3950920">
    <ele>2213.0</ele>
   </trkpt>
   <trkpt lat="-6.9111080" lon="108.3950930">
    <ele>2214.0</ele>
   </trkpt>
   <trkpt lat="-6.9111010" lon="108.3950930">
    <ele>2214.0</ele>
   </trkpt>
   <trkpt lat="-6.9110940" lon="108.3950930">
    <ele>2214.0</ele>
   </trkpt>
   <trkpt lat="-6.9110860" lon="108.3950940">
    <ele>2214.0</ele>
   </trkpt>
   <trkpt lat="-6.9110780" lon="108.3950940">
    <ele>2214.0</ele>
   </trkpt>
   <trkpt lat="-6.9110700" lon="108.3950970">
    <ele>2215.0</ele>
   </trkpt>
   <trkpt lat="-6.9110620" lon="108.3951000">
    <ele>2215.0</ele>
   </trkpt>
   <trkpt lat="-6.9110560" lon="108.3951070">
    <ele>2215.0</ele>
   </trkpt>
   <trkpt lat="-6.9110510" lon="108.3951130">
    <ele>2215.0</ele>
   </trkpt>
   <trkpt lat="-6.9110490" lon="108.3951170">
    <ele>2215.0</ele>
   </trkpt>
   <trkpt lat="-6.9110470" lon="108.3951210">
    <ele>2216.0</ele>
   </trkpt>
   <trkpt lat="-6.9110440" lon="108.3951250">
    <ele>2216.0</ele>
   </trkpt>
   <trkpt lat="-6.9110420" lon="108.3951310">
    <ele>2216.0</ele>
   </trkpt>
   <trkpt lat="-6.9110390" lon="108.3951350">
    <ele>2216.0</ele>
   </trkpt>
   <trkpt lat="-6.9110350" lon="108.3951400">
    <ele>2216.0</ele>
   </trkpt>
   <trkpt lat="-6.9110320" lon="108.3951450">
    <ele>2217.0</ele>
   </trkpt>
   <trkpt lat="-6.9110280" lon="108.3951500">
    <ele>2217.0</ele>
   </trkpt>
   <trkpt lat="-6.9110220" lon="108.3951540">
    <ele>2217.0</ele>
   </trkpt>
   <trkpt lat="-6.9110160" lon="108.3951590">
    <ele>2217.0</ele>
   </trkpt>
   <trkpt lat="-6.9110100" lon="108.3951650">
    <ele>2217.0</ele>
   </trkpt>
   <trkpt lat="-6.9110040" lon="108.3951700">
    <ele>2218.0</ele>
   </trkpt>
   <trkpt lat="-6.9109990" lon="108.3951740">
    <ele>2218.0</ele>
   </trkpt>
   <trkpt lat="-6.9109940" lon="108.3951790">
    <ele>2218.0</ele>
   </trkpt>
   <trkpt lat="-6.9109890" lon="108.3951820">
    <ele>2218.0</ele>
   </trkpt>
   <trkpt lat="-6.9109840" lon="108.3951840">
    <ele>2218.0</ele>
   </trkpt>
   <trkpt lat="-6.9109790" lon="108.3951870">
    <ele>2218.0</ele>
   </trkpt>
   <trkpt lat="-6.9109740" lon="108.3951890">
    <ele>2218.0</ele>
   </trkpt>
   <trkpt lat="-6.9109690" lon="108.3951930">
    <ele>2218.0</ele>
   </trkpt>
   <trkpt lat="-6.9109630" lon="108.3951970">
    <ele>2218.0</ele>
   </trkpt>
   <trkpt lat="-6.9109590" lon="108.3952010">
    <ele>2218.0</ele>
   </trkpt>
   <trkpt lat="-6.9109550" lon="108.3952060">
    <ele>2219.0</ele>
   </trkpt>
   <trkpt lat="-6.9109510" lon="108.3952110">
    <ele>2219.0</ele>
   </trkpt>
   <trkpt lat="-6.9109480" lon="108.3952150">
    <ele>2219.0</ele>
   </trkpt>
   <trkpt lat="-6.9109450" lon="108.3952210">
    <ele>2219.0</ele>
   </trkpt>
   <trkpt lat="-6.9109420" lon="108.3952270">
    <ele>2219.0</ele>
   </trkpt>
   <trkpt lat="-6.9109380" lon="108.3952340">
    <ele>2220.0</ele>
   </trkpt>
   <trkpt lat="-6.9109340" lon="108.3952410">
    <ele>2220.0</ele>
   </trkpt>
   <trkpt lat="-6.9109310" lon="108.3952490">
    <ele>2220.0</ele>
   </trkpt>
   <trkpt lat="-6.9109270" lon="108.3952570">
    <ele>2220.0</ele>
   </trkpt>
   <trkpt lat="-6.9109250" lon="108.3952660">
    <ele>2220.0</ele>
   </trkpt>
   <trkpt lat="-6.9109220" lon="108.3952760">
    <ele>2221.0</ele>
   </trkpt>
   <trkpt lat="-6.9109210" lon="108.3952860">
    <ele>2221.0</ele>
   </trkpt>
   <trkpt lat="-6.9109200" lon="108.3952960">
    <ele>2221.0</ele>
   </trkpt>
   <trkpt lat="-6.9109200" lon="108.3953050">
    <ele>2221.0</ele>
   </trkpt>
   <trkpt lat="-6.9109190" lon="108.3953150">
    <ele>2221.0</ele>
   </trkpt>
   <trkpt lat="-6.9109180" lon="108.3953210">
    <ele>2222.0</ele>
   </trkpt>
   <trkpt lat="-6.9109160" lon="108.3953270">
    <ele>2222.0</ele>
   </trkpt>
   <trkpt lat="-6.9109140" lon="108.3953340">
    <ele>2222.0</ele>
   </trkpt>
   <trkpt lat="-6.9109110" lon="108.3953420">
    <ele>2222.0</ele>
   </trkpt>
   <trkpt lat="-6.9109090" lon="108.3953500">
    <ele>2222.0</ele>
   </trkpt>
   <trkpt lat="-6.9109060" lon="108.3953580">
    <ele>2223.0</ele>
   </trkpt>
   <trkpt lat="-6.9109030" lon="108.3953670">
    <ele>2223.0</ele>
   </trkpt>
   <trkpt lat="-6.9109000" lon="108.3953760">
    <ele>2223.0</ele>
   </trkpt>
   <trkpt lat="-6.9108980" lon="108.3953840">
    <ele>2223.0</ele>
   </trkpt>
   <trkpt lat="-6.9108960" lon="108.3953920">
    <ele>2223.0</ele>
   </trkpt>
   <trkpt lat="-6.9108940" lon="108.3954000">
    <ele>2224.0</ele>
   </trkpt>
   <trkpt lat="-6.9108940" lon="108.3954070">
    <ele>2224.0</ele>
   </trkpt>
   <trkpt lat="-6.9108950" lon="108.3954140">
    <ele>2224.0</ele>
   </trkpt>
   <trkpt lat="-6.9108960" lon="108.3954210">
    <ele>2224.0</ele>
   </trkpt>
   <trkpt lat="-6.9108980" lon="108.3954280">
    <ele>2224.0</ele>
   </trkpt>
   <trkpt lat="-6.9109000" lon="108.3954350">
    <ele>2225.0</ele>
   </trkpt>
   <trkpt lat="-6.9109030" lon="108.3954410">
    <ele>2225.0</ele>
   </trkpt>
   <trkpt lat="-6.9109060" lon="108.3954470">
    <ele>2225.0</ele>
   </trkpt>
   <trkpt lat="-6.9109080" lon="108.3954530">
    <ele>2226.0</ele>
   </trkpt>
   <trkpt lat="-6.9109090" lon="108.3954590">
    <ele>2226.0</ele>
   </trkpt>
   <trkpt lat="-6.9109100" lon="108.3954650">
    <ele>2227.0</ele>
   </trkpt>
   <trkpt lat="-6.9109110" lon="108.3954700">
    <ele>2227.0</ele>
   </trkpt>
   <trkpt lat="-6.9109130" lon="108.3954760">
    <ele>2227.0</ele>
   </trkpt>
   <trkpt lat="-6.9109160" lon="108.3954810">
    <ele>2227.0</ele>
   </trkpt>
   <trkpt lat="-6.9109190" lon="108.3954860">
    <ele>2227.0</ele>
   </trkpt>
   <trkpt lat="-6.9109220" lon="108.3954920">
    <ele>2228.0</ele>
   </trkpt>
   <trkpt lat="-6.9109250" lon="108.3954980">
    <ele>2228.0</ele>
   </trkpt>
   <trkpt lat="-6.9109250" lon="108.3954980">
    <ele>2228.0</ele>
   </trkpt>
   <trkpt lat="-6.9109250" lon="108.3954980">
    <ele>2228.0</ele>
   </trkpt>
   <trkpt lat="-6.9109250" lon="108.3954980">
    <ele>2228.0</ele>
   </trkpt>
   <trkpt lat="-6.9109250" lon="108.3954980">
    <ele>2229.0</ele>
   </trkpt>
   <trkpt lat="-6.9109250" lon="108.3954980">
    <ele>2229.0</ele>
   </trkpt>
   <trkpt lat="-6.9109250" lon="108.3954980">
    <ele>2229.0</ele>
   </trkpt>
   <trkpt lat="-6.9109210" lon="108.3955050">
    <ele>2229.0</ele>
   </trkpt>
   <trkpt lat="-6.9109160" lon="108.3955090">
    <ele>2229.0</ele>
   </trkpt>
   <trkpt lat="-6.9109120" lon="108.3955130">
    <ele>2230.0</ele>
   </trkpt>
   <trkpt lat="-6.9109080" lon="108.3955140">
    <ele>2230.0</ele>
   </trkpt>
   <trkpt lat="-6.9109040" lon="108.3955150">
    <ele>2230.0</ele>
   </trkpt>
   <trkpt lat="-6.9109000" lon="108.3955160">
    <ele>2230.0</ele>
   </trkpt>
   <trkpt lat="-6.9108940" lon="108.3955170">
    <ele>2230.0</ele>
   </trkpt>
   <trkpt lat="-6.9108890" lon="108.3955190">
    <ele>2231.0</ele>
   </trkpt>
   <trkpt lat="-6.9108840" lon="108.3955230">
    <ele>2231.0</ele>
   </trkpt>
   <trkpt lat="-6.9108790" lon="108.3955270">
    <ele>2231.0</ele>
   </trkpt>
   <trkpt lat="-6.9108750" lon="108.3955310">
    <ele>2231.0</ele>
   </trkpt>
   <trkpt lat="-6.9108710" lon="108.3955360">
    <ele>2231.0</ele>
   </trkpt>
   <trkpt lat="-6.9108670" lon="108.3955410">
    <ele>2232.0</ele>
   </trkpt>
   <trkpt lat="-6.9108630" lon="108.3955450">
    <ele>2232.0</ele>
   </trkpt>
   <trkpt lat="-6.9108590" lon="108.3955500">
    <ele>2232.0</ele>
   </trkpt>
   <trkpt lat="-6.9108540" lon="108.3955540">
    <ele>2232.0</ele>
   </trkpt>
   <trkpt lat="-6.9108490" lon="108.3955580">
    <ele>2232.0</ele>
   </trkpt>
   <trkpt lat="-6.9108430" lon="108.3955630">
    <ele>2233.0</ele>
   </trkpt>
   <trkpt lat="-6.9108370" lon="108.3955660">
    <ele>2233.0</ele>
   </trkpt>
   <trkpt lat="-6.9108310" lon="108.3955690">
    <ele>2233.0</ele>
   </trkpt>
   <trkpt lat="-6.9108240" lon="108.3955700">
    <ele>2234.0</ele>
   </trkpt>
   <trkpt lat="-6.9108170" lon="108.3955700">
    <ele>2234.0</ele>
   </trkpt>
   <trkpt lat="-6.9108130" lon="108.3955700">
    <ele>2235.0</ele>
   </trkpt>
   <trkpt lat="-6.9108090" lon="108.3955700">
    <ele>2235.0</ele>
   </trkpt>
   <trkpt lat="-6.9108040" lon="108.3955700">
    <ele>2235.0</ele>
   </trkpt>
   <trkpt lat="-6.9107980" lon="108.3955710">
    <ele>2235.0</ele>
   </trkpt>
   <trkpt lat="-6.9107920" lon="108.3955730">
    <ele>2235.0</ele>
   </trkpt>
   <trkpt lat="-6.9107870" lon="108.3955760">
    <ele>2236.0</ele>
   </trkpt>
   <trkpt lat="-6.9107810" lon="108.3955790">
    <ele>2236.0</ele>
   </trkpt>
   <trkpt lat="-6.9107760" lon="108.3955820">
    <ele>2236.0</ele>
   </trkpt>
   <trkpt lat="-6.9107690" lon="108.3955860">
    <ele>2237.0</ele>
   </trkpt>
   <trkpt lat="-6.9107620" lon="108.3955900">
    <ele>2237.0</ele>
   </trkpt>
   <trkpt lat="-6.9107550" lon="108.3955940">
    <ele>2238.0</ele>
   </trkpt>
   <trkpt lat="-6.9107470" lon="108.3955980">
    <ele>2238.0</ele>
   </trkpt>
   <trkpt lat="-6.9107400" lon="108.3956010">
    <ele>2238.0</ele>
   </trkpt>
   <trkpt lat="-6.9107320" lon="108.3956050">
    <ele>2238.0</ele>
   </trkpt>
   <trkpt lat="-6.9107240" lon="108.3956090">
    <ele>2238.0</ele>
   </trkpt>
   <trkpt lat="-6.9107170" lon="108.3956130">
    <ele>2239.0</ele>
   </trkpt>
   <trkpt lat="-6.9107100" lon="108.3956160">
    <ele>2239.0</ele>
   </trkpt>
   <trkpt lat="-6.9107040" lon="108.3956190">
    <ele>2239.0</ele>
   </trkpt>
   <trkpt lat="-6.9106980" lon="108.3956220">
    <ele>2239.0</ele>
   </trkpt>
   <trkpt lat="-6.9106910" lon="108.3956240">
    <ele>2239.0</ele>
   </trkpt>
   <trkpt lat="-6.9106850" lon="108.3956270">
    <ele>2240.0</ele>
   </trkpt>
   <trkpt lat="-6.9106790" lon="108.3956290">
    <ele>2240.0</ele>
   </trkpt>
   <trkpt lat="-6.9106720" lon="108.3956330">
    <ele>2240.0</ele>
   </trkpt>
   <trkpt lat="-6.9106650" lon="108.3956370">
    <ele>2240.0</ele>
   </trkpt>
   <trkpt lat="-6.9106580" lon="108.3956420">
    <ele>2240.0</ele>
   </trkpt>
   <trkpt lat="-6.9106500" lon="108.3956460">
    <ele>2241.0</ele>
   </trkpt>
   <trkpt lat="-6.9106450" lon="108.3956490">
    <ele>2241.0</ele>
   </trkpt>
   <trkpt lat="-6.9106400" lon="108.3956530">
    <ele>2241.0</ele>
   </trkpt>
   <trkpt lat="-6.9106350" lon="108.3956560">
    <ele>2242.0</ele>
   </trkpt>
   <trkpt lat="-6.9106270" lon="108.3956620">
    <ele>2242.0</ele>
   </trkpt>
   <trkpt lat="-6.9106200" lon="108.3956680">
    <ele>2243.0</ele>
   </trkpt>
   <trkpt lat="-6.9106130" lon="108.3956750">
    <ele>2243.0</ele>
   </trkpt>
   <trkpt lat="-6.9106060" lon="108.3956830">
    <ele>2243.0</ele>
   </trkpt>
   <trkpt lat="-6.9106000" lon="108.3956910">
    <ele>2244.0</ele>
   </trkpt>
   <trkpt lat="-6.9105950" lon="108.3956990">
    <ele>2244.0</ele>
   </trkpt>
   <trkpt lat="-6.9105880" lon="108.3957080">
    <ele>2245.0</ele>
   </trkpt>
   <trkpt lat="-6.9105820" lon="108.3957160">
    <ele>2245.0</ele>
   </trkpt>
   <trkpt lat="-6.9105740" lon="108.3957250">
    <ele>2245.0</ele>
   </trkpt>
   <trkpt lat="-6.9105660" lon="108.3957340">
    <ele>2245.0</ele>
   </trkpt>
   <trkpt lat="-6.9105570" lon="108.3957430">
    <ele>2245.0</ele>
   </trkpt>
   <trkpt lat="-6.9105480" lon="108.3957510">
    <ele>2246.0</ele>
   </trkpt>
   <trkpt lat="-6.9105410" lon="108.3957590">
    <ele>2246.0</ele>
   </trkpt>
   <trkpt lat="-6.9105340" lon="108.3957670">
    <ele>2246.0</ele>
   </trkpt>
   <trkpt lat="-6.9105280" lon="108.3957740">
    <ele>2247.0</ele>
   </trkpt>
   <trkpt lat="-6.9105220" lon="108.3957810">
    <ele>2247.0</ele>
   </trkpt>
   <trkpt lat="-6.9105170" lon="108.3957890">
    <ele>2248.0</ele>
   </trkpt>
   <trkpt lat="-6.9105120" lon="108.3957970">
    <ele>2248.0</ele>
   </trkpt>
   <trkpt lat="-6.9105090" lon="108.3958000">
    <ele>2248.0</ele>
   </trkpt>
   <trkpt lat="-6.9105050" lon="108.3958040">
    <ele>2248.0</ele>
   </trkpt>
   <trkpt lat="-6.9105020" lon="108.3958080">
    <ele>2248.0</ele>
   </trkpt>
   <trkpt lat="-6.9104980" lon="108.3958080">
    <ele>2249.0</ele>
   </trkpt>
   <trkpt lat="-6.9104950" lon="108.3958090">
    <ele>2249.0</ele>
   </trkpt>
   <trkpt lat="-6.9104890" lon="108.3958100">
    <ele>2249.0</ele>
   </trkpt>
   <trkpt lat="-6.9104840" lon="108.3958100">
    <ele>2249.0</ele>
   </trkpt>
   <trkpt lat="-6.9104780" lon="108.3958120">
    <ele>2249.0</ele>
   </trkpt>
   <trkpt lat="-6.9104720" lon="108.3958140">
    <ele>2250.0</ele>
   </trkpt>
   <trkpt lat="-6.9104650" lon="108.3958150">
    <ele>2250.0</ele>
   </trkpt>
   <trkpt lat="-6.9104590" lon="108.3958170">
    <ele>2250.0</ele>
   </trkpt>
   <trkpt lat="-6.9104530" lon="108.3958200">
    <ele>2250.0</ele>
   </trkpt>
   <trkpt lat="-6.9104460" lon="108.3958220">
    <ele>2250.0</ele>
   </trkpt>
   <trkpt lat="-6.9104410" lon="108.3958250">
    <ele>2251.0</ele>
   </trkpt>
   <trkpt lat="-6.9104350" lon="108.3958270">
    <ele>2251.0</ele>
   </trkpt>
   <trkpt lat="-6.9104320" lon="108.3958280">
    <ele>2251.0</ele>
   </trkpt>
   <trkpt lat="-6.9104290" lon="108.3958290">
    <ele>2251.0</ele>
   </trkpt>
   <trkpt lat="-6.9104260" lon="108.3958300">
    <ele>2251.0</ele>
   </trkpt>
   <trkpt lat="-6.9104240" lon="108.3958310">
    <ele>2252.0</ele>
   </trkpt>
   <trkpt lat="-6.9104210" lon="108.3958320">
    <ele>2252.0</ele>
   </trkpt>
   <trkpt lat="-6.9104150" lon="108.3958340">
    <ele>2252.0</ele>
   </trkpt>
   <trkpt lat="-6.9104080" lon="108.3958350">
    <ele>2252.0</ele>
   </trkpt>
   <trkpt lat="-6.9104020" lon="108.3958360">
    <ele>2252.0</ele>
   </trkpt>
   <trkpt lat="-6.9103950" lon="108.3958370">
    <ele>2253.0</ele>
   </trkpt>
   <trkpt lat="-6.9103880" lon="108.3958420">
    <ele>2253.0</ele>
   </trkpt>
   <trkpt lat="-6.9103810" lon="108.3958460">
    <ele>2253.0</ele>
   </trkpt>
   <trkpt lat="-6.9103750" lon="108.3958530">
    <ele>2253.0</ele>
   </trkpt>
   <trkpt lat="-6.9103680" lon="108.3958590">
    <ele>2253.0</ele>
   </trkpt>
   <trkpt lat="-6.9103600" lon="108.3958650">
    <ele>2254.0</ele>
   </trkpt>
   <trkpt lat="-6.9103530" lon="108.3958720">
    <ele>2254.0</ele>
   </trkpt>
   <trkpt lat="-6.9103460" lon="108.3958760">
    <ele>2254.0</ele>
   </trkpt>
   <trkpt lat="-6.9103380" lon="108.3958810">
    <ele>2254.0</ele>
   </trkpt>
   <trkpt lat="-6.9103310" lon="108.3958830">
    <ele>2254.0</ele>
   </trkpt>
   <trkpt lat="-6.9103240" lon="108.3958850">
    <ele>2255.0</ele>
   </trkpt>
   <trkpt lat="-6.9103160" lon="108.3958880">
    <ele>2255.0</ele>
   </trkpt>
   <trkpt lat="-6.9103090" lon="108.3958900">
    <ele>2255.0</ele>
   </trkpt>
   <trkpt lat="-6.9103010" lon="108.3958920">
    <ele>2255.0</ele>
   </trkpt>
   <trkpt lat="-6.9102930" lon="108.3958940">
    <ele>2255.0</ele>
   </trkpt>
   <trkpt lat="-6.9102850" lon="108.3958980">
    <ele>2256.0</ele>
   </trkpt>
   <trkpt lat="-6.9102760" lon="108.3959010">
    <ele>2256.0</ele>
   </trkpt>
   <trkpt lat="-6.9102690" lon="108.3959030">
    <ele>2256.0</ele>
   </trkpt>
   <trkpt lat="-6.9102610" lon="108.3959040">
    <ele>2256.0</ele>
   </trkpt>
   <trkpt lat="-6.9102540" lon="108.3959030">
    <ele>2256.0</ele>
   </trkpt>
   <trkpt lat="-6.9102470" lon="108.3959010">
    <ele>2257.0</ele>
   </trkpt>
   <trkpt lat="-6.9102400" lon="108.3959000">
    <ele>2257.0</ele>
   </trkpt>
   <trkpt lat="-6.9102330" lon="108.3959000">
    <ele>2257.0</ele>
   </trkpt>
   <trkpt lat="-6.9102240" lon="108.3959030">
    <ele>2258.0</ele>
   </trkpt>
   <trkpt lat="-6.9102160" lon="108.3959060">
    <ele>2258.0</ele>
   </trkpt>
   <trkpt lat="-6.9102070" lon="108.3959120">
    <ele>2259.0</ele>
   </trkpt>
   <trkpt lat="-6.9101990" lon="108.3959170">
    <ele>2259.0</ele>
   </trkpt>
   <trkpt lat="-6.9101910" lon="108.3959240">
    <ele>2259.0</ele>
   </trkpt>
   <trkpt lat="-6.9101840" lon="108.3959310">
    <ele>2259.0</ele>
   </trkpt>
   <trkpt lat="-6.9101770" lon="108.3959400">
    <ele>2259.0</ele>
   </trkpt>
   <trkpt lat="-6.9101690" lon="108.3959480">
    <ele>2260.0</ele>
   </trkpt>
   <trkpt lat="-6.9101620" lon="108.3959560">
    <ele>2260.0</ele>
   </trkpt>
   <trkpt lat="-6.9101540" lon="108.3959650">
    <ele>2260.0</ele>
   </trkpt>
   <trkpt lat="-6.9101470" lon="108.3959720">
    <ele>2260.0</ele>
   </trkpt>
   <trkpt lat="-6.9101390" lon="108.3959790">
    <ele>2260.0</ele>
   </trkpt>
   <trkpt lat="-6.9101340" lon="108.3959830">
    <ele>2261.0</ele>
   </trkpt>
   <trkpt lat="-6.9101290" lon="108.3959870">
    <ele>2261.0</ele>
   </trkpt>
   <trkpt lat="-6.9101230" lon="108.3959920">
    <ele>2261.0</ele>
   </trkpt>
   <trkpt lat="-6.9101180" lon="108.3959940">
    <ele>2261.0</ele>
   </trkpt>
   <trkpt lat="-6.9101120" lon="108.3959960">
    <ele>2261.0</ele>
   </trkpt>
   <trkpt lat="-6.9101060" lon="108.3959970">
    <ele>2262.0</ele>
   </trkpt>
   <trkpt lat="-6.9101000" lon="108.3959980">
    <ele>2262.0</ele>
   </trkpt>
   <trkpt lat="-6.9100930" lon="108.3960010">
    <ele>2262.0</ele>
   </trkpt>
   <trkpt lat="-6.9100850" lon="108.3960050">
    <ele>2262.0</ele>
   </trkpt>
   <trkpt lat="-6.9100770" lon="108.3960110">
    <ele>2262.0</ele>
   </trkpt>
   <trkpt lat="-6.9100690" lon="108.3960170">
    <ele>2263.0</ele>
   </trkpt>
   <trkpt lat="-6.9100610" lon="108.3960210">
    <ele>2263.0</ele>
   </trkpt>
   <trkpt lat="-6.9100530" lon="108.3960260">
    <ele>2263.0</ele>
   </trkpt>
   <trkpt lat="-6.9100440" lon="108.3960250">
    <ele>2264.0</ele>
   </trkpt>
   <trkpt lat="-6.9100350" lon="108.3960240">
    <ele>2264.0</ele>
   </trkpt>
   <trkpt lat="-6.9100270" lon="108.3960210">
    <ele>2265.0</ele>
   </trkpt>
   <trkpt lat="-6.9100190" lon="108.3960180">
    <ele>2265.0</ele>
   </trkpt>
   <trkpt lat="-6.9100110" lon="108.3960180">
    <ele>2265.0</ele>
   </trkpt>
   <trkpt lat="-6.9100030" lon="108.3960190">
    <ele>2265.0</ele>
   </trkpt>
   <trkpt lat="-6.9099950" lon="108.3960220">
    <ele>2265.0</ele>
   </trkpt>
   <trkpt lat="-6.9099860" lon="108.3960260">
    <ele>2266.0</ele>
   </trkpt>
   <trkpt lat="-6.9099790" lon="108.3960320">
    <ele>2266.0</ele>
   </trkpt>
   <trkpt lat="-6.9099710" lon="108.3960380">
    <ele>2266.0</ele>
   </trkpt>
   <trkpt lat="-6.9099650" lon="108.3960430">
    <ele>2266.0</ele>
   </trkpt>
   <trkpt lat="-6.9099580" lon="108.3960490">
    <ele>2266.0</ele>
   </trkpt>
   <trkpt lat="-6.9099510" lon="108.3960520">
    <ele>2267.0</ele>
   </trkpt>
   <trkpt lat="-6.9099440" lon="108.3960560">
    <ele>2267.0</ele>
   </trkpt>
   <trkpt lat="-6.9099360" lon="108.3960590">
    <ele>2267.0</ele>
   </trkpt>
   <trkpt lat="-6.9099280" lon="108.3960610">
    <ele>2267.0</ele>
   </trkpt>
   <trkpt lat="-6.9099210" lon="108.3960610">
    <ele>2267.0</ele>
   </trkpt>
   <trkpt lat="-6.9099130" lon="108.3960610">
    <ele>2268.0</ele>
   </trkpt>
   <trkpt lat="-6.9099060" lon="108.3960580">
    <ele>2268.0</ele>
   </trkpt>
   <trkpt lat="-6.9098980" lon="108.3960550">
    <ele>2268.0</ele>
   </trkpt>
   <trkpt lat="-6.9098920" lon="108.3960530">
    <ele>2268.0</ele>
   </trkpt>
   <trkpt lat="-6.9098870" lon="108.3960500">
    <ele>2268.0</ele>
   </trkpt>
   <trkpt lat="-6.9098810" lon="108.3960480">
    <ele>2269.0</ele>
   </trkpt>
   <trkpt lat="-6.9098760" lon="108.3960480">
    <ele>2269.0</ele>
   </trkpt>
   <trkpt lat="-6.9098720" lon="108.3960470">
    <ele>2269.0</ele>
   </trkpt>
   <trkpt lat="-6.9098650" lon="108.3960490">
    <ele>2270.0</ele>
   </trkpt>
   <trkpt lat="-6.9098590" lon="108.3960510">
    <ele>2270.0</ele>
   </trkpt>
   <trkpt lat="-6.9098550" lon="108.3960550">
    <ele>2271.0</ele>
   </trkpt>
   <trkpt lat="-6.9098510" lon="108.3960580">
    <ele>2271.0</ele>
   </trkpt>
   <trkpt lat="-6.9098480" lon="108.3960600">
    <ele>2271.0</ele>
   </trkpt>
   <trkpt lat="-6.9098460" lon="108.3960620">
    <ele>2271.0</ele>
   </trkpt>
   <trkpt lat="-6.9098410" lon="108.3960600">
    <ele>2271.0</ele>
   </trkpt>
   <trkpt lat="-6.9098370" lon="108.3960590">
    <ele>2272.0</ele>
   </trkpt>
   <trkpt lat="-6.9098300" lon="108.3960580">
    <ele>2272.0</ele>
   </trkpt>
   <trkpt lat="-6.9098240" lon="108.3960560">
    <ele>2272.0</ele>
   </trkpt>
   <trkpt lat="-6.9098140" lon="108.3960560">
    <ele>2272.0</ele>
   </trkpt>
   <trkpt lat="-6.9098040" lon="108.3960570">
    <ele>2272.0</ele>
   </trkpt>
   <trkpt lat="-6.9097920" lon="108.3960610">
    <ele>2273.0</ele>
   </trkpt>
   <trkpt lat="-6.9097800" lon="108.3960670">
    <ele>2273.0</ele>
   </trkpt>
   <trkpt lat="-6.9097700" lon="108.3960730">
    <ele>2273.0</ele>
   </trkpt>
   <trkpt lat="-6.9097600" lon="108.3960800">
    <ele>2274.0</ele>
   </trkpt>
   <trkpt lat="-6.9097520" lon="108.3960840">
    <ele>2274.0</ele>
   </trkpt>
   <trkpt lat="-6.9097450" lon="108.3960890">
    <ele>2275.0</ele>
   </trkpt>
   <trkpt lat="-6.9097380" lon="108.3960930">
    <ele>2275.0</ele>
   </trkpt>
   <trkpt lat="-6.9097320" lon="108.3960980">
    <ele>2275.0</ele>
   </trkpt>
   <trkpt lat="-6.9097270" lon="108.3961040">
    <ele>2275.0</ele>
   </trkpt>
   <trkpt lat="-6.9097230" lon="108.3961090">
    <ele>2275.0</ele>
   </trkpt>
   <trkpt lat="-6.9097200" lon="108.3961160">
    <ele>2275.0</ele>
   </trkpt>
   <trkpt lat="-6.9097170" lon="108.3961220">
    <ele>2275.0</ele>
   </trkpt>
   <trkpt lat="-6.9097140" lon="108.3961280">
    <ele>2275.0</ele>
   </trkpt>
   <trkpt lat="-6.9097110" lon="108.3961340">
    <ele>2275.0</ele>
   </trkpt>
   <trkpt lat="-6.9097070" lon="108.3961360">
    <ele>2275.0</ele>
   </trkpt>
   <trkpt lat="-6.9097030" lon="108.3961390">
    <ele>2276.0</ele>
   </trkpt>
   <trkpt lat="-6.9097000" lon="108.3961390">
    <ele>2276.0</ele>
   </trkpt>
   <trkpt lat="-6.9096970" lon="108.3961400">
    <ele>2276.0</ele>
   </trkpt>
   <trkpt lat="-6.9096930" lon="108.3961420">
    <ele>2276.0</ele>
   </trkpt>
   <trkpt lat="-6.9096880" lon="108.3961430">
    <ele>2276.0</ele>
   </trkpt>
   <trkpt lat="-6.9096830" lon="108.3961460">
    <ele>2277.0</ele>
   </trkpt>
   <trkpt lat="-6.9096780" lon="108.3961480">
    <ele>2277.0</ele>
   </trkpt>
   <trkpt lat="-6.9096740" lon="108.3961500">
    <ele>2277.0</ele>
   </trkpt>
   <trkpt lat="-6.9096700" lon="108.3961510">
    <ele>2277.0</ele>
   </trkpt>
   <trkpt lat="-6.9096660" lon="108.3961530">
    <ele>2277.0</ele>
   </trkpt>
   <trkpt lat="-6.9096610" lon="108.3961570">
    <ele>2278.0</ele>
   </trkpt>
   <trkpt lat="-6.9096550" lon="108.3961610">
    <ele>2278.0</ele>
   </trkpt>
   <trkpt lat="-6.9096490" lon="108.3961680">
    <ele>2278.0</ele>
   </trkpt>
   <trkpt lat="-6.9096440" lon="108.3961750">
    <ele>2278.0</ele>
   </trkpt>
   <trkpt lat="-6.9096390" lon="108.3961840">
    <ele>2278.0</ele>
   </trkpt>
   <trkpt lat="-6.9096340" lon="108.3961920">
    <ele>2279.0</ele>
   </trkpt>
   <trkpt lat="-6.9096300" lon="108.3962010">
    <ele>2279.0</ele>
   </trkpt>
   <trkpt lat="-6.9096260" lon="108.3962090">
    <ele>2279.0</ele>
   </trkpt>
   <trkpt lat="-6.9096210" lon="108.3962180">
    <ele>2279.0</ele>
   </trkpt>
   <trkpt lat="-6.9096160" lon="108.3962270">
    <ele>2279.0</ele>
   </trkpt>
   <trkpt lat="-6.9096110" lon="108.3962360">
    <ele>2280.0</ele>
   </trkpt>
   <trkpt lat="-6.9096060" lon="108.3962450">
    <ele>2280.0</ele>
   </trkpt>
   <trkpt lat="-6.9096010" lon="108.3962530">
    <ele>2280.0</ele>
   </trkpt>
   <trkpt lat="-6.9095970" lon="108.3962610">
    <ele>2280.0</ele>
   </trkpt>
   <trkpt lat="-6.9095920" lon="108.3962660">
    <ele>2280.0</ele>
   </trkpt>
   <trkpt lat="-6.9095880" lon="108.3962720">
    <ele>2281.0</ele>
   </trkpt>
   <trkpt lat="-6.9095830" lon="108.3962740">
    <ele>2281.0</ele>
   </trkpt>
   <trkpt lat="-6.9095780" lon="108.3962770">
    <ele>2281.0</ele>
   </trkpt>
   <trkpt lat="-6.9095730" lon="108.3962760">
    <ele>2281.0</ele>
   </trkpt>
   <trkpt lat="-6.9095680" lon="108.3962750">
    <ele>2281.0</ele>
   </trkpt>
   <trkpt lat="-6.9095620" lon="108.3962720">
    <ele>2282.0</ele>
   </trkpt>
   <trkpt lat="-6.9095570" lon="108.3962680">
    <ele>2282.0</ele>
   </trkpt>
   <trkpt lat="-6.9095510" lon="108.3962640">
    <ele>2282.0</ele>
   </trkpt>
   <trkpt lat="-6.9095450" lon="108.3962600">
    <ele>2283.0</ele>
   </trkpt>
   <trkpt lat="-6.9095380" lon="108.3962570">
    <ele>2283.0</ele>
   </trkpt>
   <trkpt lat="-6.9095320" lon="108.3962530">
    <ele>2284.0</ele>
   </trkpt>
   <trkpt lat="-6.9095250" lon="108.3962500">
    <ele>2284.0</ele>
   </trkpt>
   <trkpt lat="-6.9095180" lon="108.3962460">
    <ele>2284.0</ele>
   </trkpt>
   <trkpt lat="-6.9095090" lon="108.3962440">
    <ele>2284.0</ele>
   </trkpt>
   <trkpt lat="-6.9095000" lon="108.3962420">
    <ele>2284.0</ele>
   </trkpt>
   <trkpt lat="-6.9094930" lon="108.3962390">
    <ele>2285.0</ele>
   </trkpt>
   <trkpt lat="-6.9094850" lon="108.3962360">
    <ele>2285.0</ele>
   </trkpt>
   <trkpt lat="-6.9094790" lon="108.3962350">
    <ele>2285.0</ele>
   </trkpt>
   <trkpt lat="-6.9094740" lon="108.3962340">
    <ele>2285.0</ele>
   </trkpt>
   <trkpt lat="-6.9094680" lon="108.3962340">
    <ele>2285.0</ele>
   </trkpt>
   <trkpt lat="-6.9094630" lon="108.3962350">
    <ele>2286.0</ele>
   </trkpt>
   <trkpt lat="-6.9094560" lon="108.3962360">
    <ele>2286.0</ele>
   </trkpt>
   <trkpt lat="-6.9094500" lon="108.3962370">
    <ele>2286.0</ele>
   </trkpt>
   <trkpt lat="-6.9094440" lon="108.3962370">
    <ele>2286.0</ele>
   </trkpt>
   <trkpt lat="-6.9094380" lon="108.3962380">
    <ele>2286.0</ele>
   </trkpt>
   <trkpt lat="-6.9094320" lon="108.3962380">
    <ele>2287.0</ele>
   </trkpt>
   <trkpt lat="-6.9094250" lon="108.3962390">
    <ele>2287.0</ele>
   </trkpt>
   <trkpt lat="-6.9094170" lon="108.3962410">
    <ele>2287.0</ele>
   </trkpt>
   <trkpt lat="-6.9094090" lon="108.3962440">
    <ele>2288.0</ele>
   </trkpt>
   <trkpt lat="-6.9094000" lon="108.3962480">
    <ele>2288.0</ele>
   </trkpt>
   <trkpt lat="-6.9093910" lon="108.3962520">
    <ele>2289.0</ele>
   </trkpt>
   <trkpt lat="-6.9093820" lon="108.3962580">
    <ele>2289.0</ele>
   </trkpt>
   <trkpt lat="-6.9093730" lon="108.3962630">
    <ele>2289.0</ele>
   </trkpt>
   <trkpt lat="-6.9093640" lon="108.3962670">
    <ele>2289.0</ele>
   </trkpt>
   <trkpt lat="-6.9093550" lon="108.3962720">
    <ele>2289.0</ele>
   </trkpt>
   <trkpt lat="-6.9093450" lon="108.3962760">
    <ele>2290.0</ele>
   </trkpt>
   <trkpt lat="-6.9093350" lon="108.3962800">
    <ele>2290.0</ele>
   </trkpt>
   <trkpt lat="-6.9093260" lon="108.3962850">
    <ele>2290.0</ele>
   </trkpt>
   <trkpt lat="-6.9093160" lon="108.3962890">
    <ele>2290.0</ele>
   </trkpt>
   <trkpt lat="-6.9093070" lon="108.3962950">
    <ele>2290.0</ele>
   </trkpt>
   <trkpt lat="-6.9092990" lon="108.3963000">
    <ele>2291.0</ele>
   </trkpt>
   <trkpt lat="-6.9092900" lon="108.3963060">
    <ele>2291.0</ele>
   </trkpt>
   <trkpt lat="-6.9092820" lon="108.3963110">
    <ele>2291.0</ele>
   </trkpt>
   <trkpt lat="-6.9092740" lon="108.3963170">
    <ele>2291.0</ele>
   </trkpt>
   <trkpt lat="-6.9092670" lon="108.3963240">
    <ele>2291.0</ele>
   </trkpt>
   <trkpt lat="-6.9092600" lon="108.3963290">
    <ele>2292.0</ele>
   </trkpt>
   <trkpt lat="-6.9092530" lon="108.3963340">
    <ele>2292.0</ele>
   </trkpt>
   <trkpt lat="-6.9092470" lon="108.3963350">
    <ele>2292.0</ele>
   </trkpt>
   <trkpt lat="-6.9092400" lon="108.3963350">
    <ele>2293.0</ele>
   </trkpt>
   <trkpt lat="-6.9092320" lon="108.3963340">
    <ele>2293.0</ele>
   </trkpt>
   <trkpt lat="-6.9092240" lon="108.3963320">
    <ele>2294.0</ele>
   </trkpt>
   <trkpt lat="-6.9092160" lon="108.3963320">
    <ele>2294.0</ele>
   </trkpt>
   <trkpt lat="-6.9092070" lon="108.3963310">
    <ele>2294.0</ele>
   </trkpt>
   <trkpt lat="-6.9091980" lon="108.3963320">
    <ele>2294.0</ele>
   </trkpt>
   <trkpt lat="-6.9091900" lon="108.3963320">
    <ele>2294.0</ele>
   </trkpt>
   <trkpt lat="-6.9091820" lon="108.3963320">
    <ele>2295.0</ele>
   </trkpt>
   <trkpt lat="-6.9091750" lon="108.3963320">
    <ele>2295.0</ele>
   </trkpt>
   <trkpt lat="-6.9091680" lon="108.3963290">
    <ele>2295.0</ele>
   </trkpt>
   <trkpt lat="-6.9091610" lon="108.3963270">
    <ele>2295.0</ele>
   </trkpt>
   <trkpt lat="-6.9091560" lon="108.3963270">
    <ele>2295.0</ele>
   </trkpt>
   <trkpt lat="-6.9091500" lon="108.3963270">
    <ele>2296.0</ele>
   </trkpt>
   <trkpt lat="-6.9091440" lon="108.3963320">
    <ele>2296.0</ele>
   </trkpt>
   <trkpt lat="-6.9091380" lon="108.3963380">
    <ele>2296.0</ele>
   </trkpt>
   <trkpt lat="-6.9091330" lon="108.3963450">
    <ele>2296.0</ele>
   </trkpt>
   <trkpt lat="-6.9091270" lon="108.3963530">
    <ele>2296.0</ele>
   </trkpt>
   <trkpt lat="-6.9091220" lon="108.3963590">
    <ele>2297.0</ele>
   </trkpt>
   <trkpt lat="-6.9091160" lon="108.3963640">
    <ele>2297.0</ele>
   </trkpt>
   <trkpt lat="-6.9091110" lon="108.3963700">
    <ele>2297.0</ele>
   </trkpt>
   <trkpt lat="-6.9091050" lon="108.3963750">
    <ele>2297.0</ele>
   </trkpt>
   <trkpt lat="-6.9090980" lon="108.3963830">
    <ele>2297.0</ele>
   </trkpt>
   <trkpt lat="-6.9090900" lon="108.3963900">
    <ele>2298.0</ele>
   </trkpt>
   <trkpt lat="-6.9090810" lon="108.3963970">
    <ele>2298.0</ele>
   </trkpt>
   <trkpt lat="-6.9090730" lon="108.3964040">
    <ele>2298.0</ele>
   </trkpt>
   <trkpt lat="-6.9090630" lon="108.3964090">
    <ele>2298.0</ele>
   </trkpt>
   <trkpt lat="-6.9090540" lon="108.3964140">
    <ele>2298.0</ele>
   </trkpt>
   <trkpt lat="-6.9090470" lon="108.3964170">
    <ele>2299.0</ele>
   </trkpt>
   <trkpt lat="-6.9090410" lon="108.3964200">
    <ele>2299.0</ele>
   </trkpt>
   <trkpt lat="-6.9090350" lon="108.3964230">
    <ele>2299.0</ele>
   </trkpt>
   <trkpt lat="-6.9090270" lon="108.3964290">
    <ele>2300.0</ele>
   </trkpt>
   <trkpt lat="-6.9090190" lon="108.3964340">
    <ele>2300.0</ele>
   </trkpt>
   <trkpt lat="-6.9090120" lon="108.3964400">
    <ele>2301.0</ele>
   </trkpt>
   <trkpt lat="-6.9090050" lon="108.3964460">
    <ele>2301.0</ele>
   </trkpt>
   <trkpt lat="-6.9089980" lon="108.3964490">
    <ele>2301.0</ele>
   </trkpt>
   <trkpt lat="-6.9089910" lon="108.3964530">
    <ele>2301.0</ele>
   </trkpt>
   <trkpt lat="-6.9089830" lon="108.3964560">
    <ele>2301.0</ele>
   </trkpt>
   <trkpt lat="-6.9089760" lon="108.3964590">
    <ele>2302.0</ele>
   </trkpt>
   <trkpt lat="-6.9089680" lon="108.3964620">
    <ele>2302.0</ele>
   </trkpt>
   <trkpt lat="-6.9089600" lon="108.3964650">
    <ele>2302.0</ele>
   </trkpt>
   <trkpt lat="-6.9089520" lon="108.3964700">
    <ele>2302.0</ele>
   </trkpt>
   <trkpt lat="-6.9089440" lon="108.3964740">
    <ele>2302.0</ele>
   </trkpt>
   <trkpt lat="-6.9089360" lon="108.3964790">
    <ele>2303.0</ele>
   </trkpt>
   <trkpt lat="-6.9089290" lon="108.3964840">
    <ele>2303.0</ele>
   </trkpt>
   <trkpt lat="-6.9089250" lon="108.3964880">
    <ele>2303.0</ele>
   </trkpt>
   <trkpt lat="-6.9089220" lon="108.3964910">
    <ele>2304.0</ele>
   </trkpt>
   <trkpt lat="-6.9089190" lon="108.3964950">
    <ele>2304.0</ele>
   </trkpt>
   <trkpt lat="-6.9089160" lon="108.3964990">
    <ele>2305.0</ele>
   </trkpt>
   <trkpt lat="-6.9089130" lon="108.3965030">
    <ele>2305.0</ele>
   </trkpt>
   <trkpt lat="-6.9089100" lon="108.3965040">
    <ele>2305.0</ele>
   </trkpt>
   <trkpt lat="-6.9089080" lon="108.3965050">
    <ele>2305.0</ele>
   </trkpt>
   <trkpt lat="-6.9089040" lon="108.3965040">
    <ele>2305.0</ele>
   </trkpt>
   <trkpt lat="-6.9089010" lon="108.3965020">
    <ele>2306.0</ele>
   </trkpt>
   <trkpt lat="-6.9088950" lon="108.3965000">
    <ele>2306.0</ele>
   </trkpt>
   <trkpt lat="-6.9088890" lon="108.3964980">
    <ele>2306.0</ele>
   </trkpt>
   <trkpt lat="-6.9088820" lon="108.3964990">
    <ele>2306.0</ele>
   </trkpt>
   <trkpt lat="-6.9088750" lon="108.3964990">
    <ele>2306.0</ele>
   </trkpt>
   <trkpt lat="-6.9088710" lon="108.3965010">
    <ele>2307.0</ele>
   </trkpt>
   <trkpt lat="-6.9088660" lon="108.3965020">
    <ele>2307.0</ele>
   </trkpt>
   <trkpt lat="-6.9088610" lon="108.3965040">
    <ele>2307.0</ele>
   </trkpt>
   <trkpt lat="-6.9088540" lon="108.3965030">
    <ele>2307.0</ele>
   </trkpt>
   <trkpt lat="-6.9088480" lon="108.3965030">
    <ele>2307.0</ele>
   </trkpt>
   <trkpt lat="-6.9088420" lon="108.3965010">
    <ele>2308.0</ele>
   </trkpt>
   <trkpt lat="-6.9088360" lon="108.3964980">
    <ele>2308.0</ele>
   </trkpt>
   <trkpt lat="-6.9088290" lon="108.3964960">
    <ele>2308.0</ele>
   </trkpt>
   <trkpt lat="-6.9088230" lon="108.3964940">
    <ele>2308.0</ele>
   </trkpt>
   <trkpt lat="-6.9088170" lon="108.3964940">
    <ele>2308.0</ele>
   </trkpt>
   <trkpt lat="-6.9088110" lon="108.3964940">
    <ele>2309.0</ele>
   </trkpt>
   <trkpt lat="-6.9088040" lon="108.3964960">
    <ele>2309.0</ele>
   </trkpt>
   <trkpt lat="-6.9087980" lon="108.3964980">
    <ele>2309.0</ele>
   </trkpt>
   <trkpt lat="-6.9087910" lon="108.3965010">
    <ele>2309.0</ele>
   </trkpt>
   <trkpt lat="-6.9087840" lon="108.3965050">
    <ele>2309.0</ele>
   </trkpt>
   <trkpt lat="-6.9087810" lon="108.3965070">
    <ele>2310.0</ele>
   </trkpt>
   <trkpt lat="-6.9087770" lon="108.3965090">
    <ele>2310.0</ele>
   </trkpt>
   <trkpt lat="-6.9087740" lon="108.3965110">
    <ele>2310.0</ele>
   </trkpt>
   <trkpt lat="-6.9087710" lon="108.3965140">
    <ele>2310.0</ele>
   </trkpt>
   <trkpt lat="-6.9087660" lon="108.3965190">
    <ele>2310.0</ele>
   </trkpt>
   <trkpt lat="-6.9087620" lon="108.3965250">
    <ele>2311.0</ele>
   </trkpt>
   <trkpt lat="-6.9087600" lon="108.3965340">
    <ele>2311.0</ele>
   </trkpt>
   <trkpt lat="-6.9087580" lon="108.3965430">
    <ele>2311.0</ele>
   </trkpt>
   <trkpt lat="-6.9087550" lon="108.3965540">
    <ele>2312.0</ele>
   </trkpt>
   <trkpt lat="-6.9087520" lon="108.3965650">
    <ele>2312.0</ele>
   </trkpt>
   <trkpt lat="-6.9087480" lon="108.3965750">
    <ele>2313.0</ele>
   </trkpt>
   <trkpt lat="-6.9087440" lon="108.3965850">
    <ele>2313.0</ele>
   </trkpt>
   <trkpt lat="-6.9087420" lon="108.3965870">
    <ele>2313.0</ele>
   </trkpt>
   <trkpt lat="-6.9087400" lon="108.3965890">
    <ele>2313.0</ele>
   </trkpt>
   <trkpt lat="-6.9087380" lon="108.3965910">
    <ele>2313.0</ele>
   </trkpt>
   <trkpt lat="-6.9087350" lon="108.3965930">
    <ele>2314.0</ele>
   </trkpt>
   <trkpt lat="-6.9087290" lon="108.3965990">
    <ele>2314.0</ele>
   </trkpt>
   <trkpt lat="-6.9087220" lon="108.3966040">
    <ele>2314.0</ele>
   </trkpt>
   <trkpt lat="-6.9087180" lon="108.3966110">
    <ele>2314.0</ele>
   </trkpt>
   <trkpt lat="-6.9087140" lon="108.3966180">
    <ele>2314.0</ele>
   </trkpt>
   <trkpt lat="-6.9087130" lon="108.3966220">
    <ele>2315.0</ele>
   </trkpt>
   <trkpt lat="-6.9087120" lon="108.3966270">
    <ele>2315.0</ele>
   </trkpt>
   <trkpt lat="-6.9087100" lon="108.3966320">
    <ele>2315.0</ele>
   </trkpt>
   <trkpt lat="-6.9087090" lon="108.3966370">
    <ele>2315.0</ele>
   </trkpt>
   <trkpt lat="-6.9087060" lon="108.3966450">
    <ele>2315.0</ele>
   </trkpt>
   <trkpt lat="-6.9087040" lon="108.3966530">
    <ele>2316.0</ele>
   </trkpt>
   <trkpt lat="-6.9087000" lon="108.3966600">
    <ele>2316.0</ele>
   </trkpt>
   <trkpt lat="-6.9086970" lon="108.3966680">
    <ele>2316.0</ele>
   </trkpt>
   <trkpt lat="-6.9086930" lon="108.3966740">
    <ele>2316.0</ele>
   </trkpt>
   <trkpt lat="-6.9086890" lon="108.3966800">
    <ele>2316.0</ele>
   </trkpt>
   <trkpt lat="-6.9086850" lon="108.3966850">
    <ele>2317.0</ele>
   </trkpt>
   <trkpt lat="-6.9086800" lon="108.3966900">
    <ele>2317.0</ele>
   </trkpt>
   <trkpt lat="-6.9086760" lon="108.3966940">
    <ele>2317.0</ele>
   </trkpt>
   <trkpt lat="-6.9086720" lon="108.3966990">
    <ele>2318.0</ele>
   </trkpt>
   <trkpt lat="-6.9086670" lon="108.3967040">
    <ele>2318.0</ele>
   </trkpt>
   <trkpt lat="-6.9086630" lon="108.3967090">
    <ele>2319.0</ele>
   </trkpt>
   <trkpt lat="-6.9086590" lon="108.3967120">
    <ele>2319.0</ele>
   </trkpt>
   <trkpt lat="-6.9086560" lon="108.3967150">
    <ele>2319.0</ele>
   </trkpt>
   <trkpt lat="-6.9086490" lon="108.3967190">
    <ele>2319.0</ele>
   </trkpt>
   <trkpt lat="-6.9086420" lon="108.3967230">
    <ele>2319.0</ele>
   </trkpt>
   <trkpt lat="-6.9086350" lon="108.3967250">
    <ele>2320.0</ele>
   </trkpt>
   <trkpt lat="-6.9086290" lon="108.3967280">
    <ele>2320.0</ele>
   </trkpt>
   <trkpt lat="-6.9086210" lon="108.3967300">
    <ele>2320.0</ele>
   </trkpt>
   <trkpt lat="-6.9086140" lon="108.3967330">
    <ele>2320.0</ele>
   </trkpt>
   <trkpt lat="-6.9086070" lon="108.3967350">
    <ele>2320.0</ele>
   </trkpt>
   <trkpt lat="-6.9086000" lon="108.3967380">
    <ele>2321.0</ele>
   </trkpt>
   <trkpt lat="-6.9085930" lon="108.3967410">
    <ele>2321.0</ele>
   </trkpt>
   <trkpt lat="-6.9085870" lon="108.3967450">
    <ele>2321.0</ele>
   </trkpt>
   <trkpt lat="-6.9085830" lon="108.3967490">
    <ele>2321.0</ele>
   </trkpt>
   <trkpt lat="-6.9085790" lon="108.3967530">
    <ele>2321.0</ele>
   </trkpt>
   <trkpt lat="-6.9085760" lon="108.3967560">
    <ele>2322.0</ele>
   </trkpt>
   <trkpt lat="-6.9085710" lon="108.3967610">
    <ele>2322.0</ele>
   </trkpt>
   <trkpt lat="-6.9085660" lon="108.3967660">
    <ele>2322.0</ele>
   </trkpt>
   <trkpt lat="-6.9085620" lon="108.3967710">
    <ele>2322.0</ele>
   </trkpt>
   <trkpt lat="-6.9085580" lon="108.3967760">
    <ele>2322.0</ele>
   </trkpt>
   <trkpt lat="-6.9085550" lon="108.3967820">
    <ele>2323.0</ele>
   </trkpt>
   <trkpt lat="-6.9085520" lon="108.3967890">
    <ele>2323.0</ele>
   </trkpt>
   <trkpt lat="-6.9085480" lon="108.3968000">
    <ele>2323.0</ele>
   </trkpt>
   <trkpt lat="-6.9085440" lon="108.3968100">
    <ele>2324.0</ele>
   </trkpt>
   <trkpt lat="-6.9085390" lon="108.3968220">
    <ele>2324.0</ele>
   </trkpt>
   <trkpt lat="-6.9085350" lon="108.3968340">
    <ele>2325.0</ele>
   </trkpt>
   <trkpt lat="-6.9085330" lon="108.3968440">
    <ele>2325.0</ele>
   </trkpt>
   <trkpt lat="-6.9085300" lon="108.3968540">
    <ele>2325.0</ele>
   </trkpt>
   <trkpt lat="-6.9085280" lon="108.3968610">
    <ele>2325.0</ele>
   </trkpt>
   <trkpt lat="-6.9085260" lon="108.3968670">
    <ele>2325.0</ele>
   </trkpt>
   <trkpt lat="-6.9085230" lon="108.3968730">
    <ele>2326.0</ele>
   </trkpt>
   <trkpt lat="-6.9085190" lon="108.3968780">
    <ele>2326.0</ele>
   </trkpt>
   <trkpt lat="-6.9085130" lon="108.3968850">
    <ele>2326.0</ele>
   </trkpt>
   <trkpt lat="-6.9085070" lon="108.3968930">
    <ele>2327.0</ele>
   </trkpt>
   <trkpt lat="-6.9085010" lon="108.3969000">
    <ele>2327.0</ele>
   </trkpt>
   <trkpt lat="-6.9084950" lon="108.3969080">
    <ele>2328.0</ele>
   </trkpt>
   <trkpt lat="-6.9084900" lon="108.3969140">
    <ele>2328.0</ele>
   </trkpt>
   <trkpt lat="-6.9084850" lon="108.3969210">
    <ele>2328.0</ele>
   </trkpt>
   <trkpt lat="-6.9084820" lon="108.3969230">
    <ele>2329.0</ele>
   </trkpt>
   <trkpt lat="-6.9084790" lon="108.3969260">
    <ele>2329.0</ele>
   </trkpt>
   <trkpt lat="-6.9084740" lon="108.3969300">
    <ele>2330.0</ele>
   </trkpt>
   <trkpt lat="-6.9084690" lon="108.3969340">
    <ele>2330.0</ele>
   </trkpt>
   <trkpt lat="-6.9084620" lon="108.3969400">
    <ele>2330.0</ele>
   </trkpt>
   <trkpt lat="-6.9084560" lon="108.3969470">
    <ele>2330.0</ele>
   </trkpt>
   <trkpt lat="-6.9084480" lon="108.3969560">
    <ele>2330.0</ele>
   </trkpt>
   <trkpt lat="-6.9084400" lon="108.3969660">
    <ele>2331.0</ele>
   </trkpt>
   <trkpt lat="-6.9084310" lon="108.3969760">
    <ele>2331.0</ele>
   </trkpt>
   <trkpt lat="-6.9084220" lon="108.3969850">
    <ele>2331.0</ele>
   </trkpt>
   <trkpt lat="-6.9084140" lon="108.3969920">
    <ele>2331.0</ele>
   </trkpt>
   <trkpt lat="-6.9084060" lon="108.3970000">
    <ele>2331.0</ele>
   </trkpt>
   <trkpt lat="-6.9084000" lon="108.3970060">
    <ele>2332.0</ele>
   </trkpt>
   <trkpt lat="-6.9083930" lon="108.3970120">
    <ele>2332.0</ele>
   </trkpt>
   <trkpt lat="-6.9083890" lon="108.3970200">
    <ele>2332.0</ele>
   </trkpt>
   <trkpt lat="-6.9083840" lon="108.3970280">
    <ele>2332.0</ele>
   </trkpt>
   <trkpt lat="-6.9083810" lon="108.3970390">
    <ele>2332.0</ele>
   </trkpt>
   <trkpt lat="-6.9083770" lon="108.3970500">
    <ele>2333.0</ele>
   </trkpt>
   <trkpt lat="-6.9083730" lon="108.3970630">
    <ele>2333.0</ele>
   </trkpt>
   <trkpt lat="-6.9083700" lon="108.3970770">
    <ele>2333.0</ele>
   </trkpt>
   <trkpt lat="-6.9083660" lon="108.3970910">
    <ele>2333.0</ele>
   </trkpt>
   <trkpt lat="-6.9083630" lon="108.3971050">
    <ele>2333.0</ele>
   </trkpt>
   <trkpt lat="-6.9083590" lon="108.3971190">
    <ele>2334.0</ele>
   </trkpt>
   <trkpt lat="-6.9083550" lon="108.3971330">
    <ele>2334.0</ele>
   </trkpt>
   <trkpt lat="-6.9083520" lon="108.3971440">
    <ele>2334.0</ele>
   </trkpt>
   <trkpt lat="-6.9083480" lon="108.3971560">
    <ele>2335.0</ele>
   </trkpt>
   <trkpt lat="-6.9083450" lon="108.3971650">
    <ele>2335.0</ele>
   </trkpt>
   <trkpt lat="-6.9083410" lon="108.3971730">
    <ele>2336.0</ele>
   </trkpt>
   <trkpt lat="-6.9083350" lon="108.3971790">
    <ele>2336.0</ele>
   </trkpt>
   <trkpt lat="-6.9083300" lon="108.3971850">
    <ele>2336.0</ele>
   </trkpt>
   <trkpt lat="-6.9083230" lon="108.3971870">
    <ele>2336.0</ele>
   </trkpt>
   <trkpt lat="-6.9083170" lon="108.3971900">
    <ele>2336.0</ele>
   </trkpt>
   <trkpt lat="-6.9083090" lon="108.3971890">
    <ele>2337.0</ele>
   </trkpt>
   <trkpt lat="-6.9083020" lon="108.3971890">
    <ele>2337.0</ele>
   </trkpt>
   <trkpt lat="-6.9082940" lon="108.3971870">
    <ele>2337.0</ele>
   </trkpt>
   <trkpt lat="-6.9082870" lon="108.3971860">
    <ele>2338.0</ele>
   </trkpt>
   <trkpt lat="-6.9082800" lon="108.3971860">
    <ele>2338.0</ele>
   </trkpt>
   <trkpt lat="-6.9082730" lon="108.3971860">
    <ele>2339.0</ele>
   </trkpt>
   <trkpt lat="-6.9082690" lon="108.3971870">
    <ele>2339.0</ele>
   </trkpt>
   <trkpt lat="-6.9082650" lon="108.3971870">
    <ele>2339.0</ele>
   </trkpt>
   <trkpt lat="-6.9082580" lon="108.3971900">
    <ele>2339.0</ele>
   </trkpt>
   <trkpt lat="-6.9082510" lon="108.3971930">
    <ele>2339.0</ele>
   </trkpt>
   <trkpt lat="-6.9082440" lon="108.3971970">
    <ele>2340.0</ele>
   </trkpt>
   <trkpt lat="-6.9082370" lon="108.3972010">
    <ele>2340.0</ele>
   </trkpt>
   <trkpt lat="-6.9082370" lon="108.3972010">
    <ele>2340.0</ele>
   </trkpt>
   <trkpt lat="-6.9082370" lon="108.3972010">
    <ele>2340.0</ele>
   </trkpt>
   <trkpt lat="-6.9082370" lon="108.3972010">
    <ele>2340.0</ele>
   </trkpt>
   <trkpt lat="-6.9082370" lon="108.3972010">
    <ele>2341.0</ele>
   </trkpt>
   <trkpt lat="-6.9082370" lon="108.3972010">
    <ele>2341.0</ele>
   </trkpt>
   <trkpt lat="-6.9082370" lon="108.3972010">
    <ele>2341.0</ele>
   </trkpt>
   <trkpt lat="-6.9082370" lon="108.3972010">
    <ele>2341.0</ele>
   </trkpt>
   <trkpt lat="-6.9082250" lon="108.3972090">
    <ele>2341.0</ele>
   </trkpt>
   <trkpt lat="-6.9082180" lon="108.3972150">
    <ele>2342.0</ele>
   </trkpt>
   <trkpt lat="-6.9082100" lon="108.3972200">
    <ele>2342.0</ele>
   </trkpt>
   <trkpt lat="-6.9082050" lon="108.3972240">
    <ele>2342.0</ele>
   </trkpt>
   <trkpt lat="-6.9082000" lon="108.3972290">
    <ele>2342.0</ele>
   </trkpt>
   <trkpt lat="-6.9081980" lon="108.3972310">
    <ele>2342.0</ele>
   </trkpt>
   <trkpt lat="-6.9081960" lon="108.3972330">
    <ele>2343.0</ele>
   </trkpt>
   <trkpt lat="-6.9081920" lon="108.3972340">
    <ele>2343.0</ele>
   </trkpt>
   <trkpt lat="-6.9081870" lon="108.3972360">
    <ele>2343.0</ele>
   </trkpt>
   <trkpt lat="-6.9081820" lon="108.3972320">
    <ele>2343.0</ele>
   </trkpt>
   <trkpt lat="-6.9081770" lon="108.3972290">
    <ele>2343.0</ele>
   </trkpt>
   <trkpt lat="-6.9081670" lon="108.3972210">
    <ele>2344.0</ele>
   </trkpt>
   <trkpt lat="-6.9081630" lon="108.3972200">
    <ele>2344.0</ele>
   </trkpt>
   <trkpt lat="-6.9081600" lon="108.3972200">
    <ele>2344.0</ele>
   </trkpt>
   <trkpt lat="-6.9081560" lon="108.3972200">
    <ele>2345.0</ele>
   </trkpt>
   <trkpt lat="-6.9081530" lon="108.3972200">
    <ele>2345.0</ele>
   </trkpt>
   <trkpt lat="-6.9081490" lon="108.3972200">
    <ele>2346.0</ele>
   </trkpt>
   <trkpt lat="-6.9081460" lon="108.3972200">
    <ele>2346.0</ele>
   </trkpt>
   <trkpt lat="-6.9081420" lon="108.3972200">
    <ele>2346.0</ele>
   </trkpt>
   <trkpt lat="-6.9081380" lon="108.3972200">
    <ele>2346.0</ele>
   </trkpt>
   <trkpt lat="-6.9081350" lon="108.3972200">
    <ele>2346.0</ele>
   </trkpt>
   <trkpt lat="-6.9081310" lon="108.3972200">
    <ele>2347.0</ele>
   </trkpt>
   <trkpt lat="-6.9081280" lon="108.3972200">
    <ele>2347.0</ele>
   </trkpt>
   <trkpt lat="-6.9081240" lon="108.3972190">
    <ele>2347.0</ele>
   </trkpt>
   <trkpt lat="-6.9081210" lon="108.3972190">
    <ele>2347.0</ele>
   </trkpt>
   <trkpt lat="-6.9081170" lon="108.3972190">
    <ele>2347.0</ele>
   </trkpt>
   <trkpt lat="-6.9081140" lon="108.3972190">
    <ele>2348.0</ele>
   </trkpt>
   <trkpt lat="-6.9081100" lon="108.3972190">
    <ele>2348.0</ele>
   </trkpt>
   <trkpt lat="-6.9081060" lon="108.3972190">
    <ele>2348.0</ele>
   </trkpt>
   <trkpt lat="-6.9081030" lon="108.3972190">
    <ele>2348.0</ele>
   </trkpt>
   <trkpt lat="-6.9080990" lon="108.3972190">
    <ele>2348.0</ele>
   </trkpt>
   <trkpt lat="-6.9080960" lon="108.3972190">
    <ele>2349.0</ele>
   </trkpt>
   <trkpt lat="-6.9080920" lon="108.3972190">
    <ele>2349.0</ele>
   </trkpt>
   <trkpt lat="-6.9080890" lon="108.3972180">
    <ele>2349.0</ele>
   </trkpt>
   <trkpt lat="-6.9080850" lon="108.3972180">
    <ele>2349.0</ele>
   </trkpt>
   <trkpt lat="-6.9080810" lon="108.3972180">
    <ele>2349.0</ele>
   </trkpt>
   <trkpt lat="-6.9080780" lon="108.3972180">
    <ele>2350.0</ele>
   </trkpt>
   <trkpt lat="-6.9080740" lon="108.3972180">
    <ele>2350.0</ele>
   </trkpt>
   <trkpt lat="-6.9080710" lon="108.3972180">
    <ele>2350.0</ele>
   </trkpt>
   <trkpt lat="-6.9080670" lon="108.3972180">
    <ele>2351.0</ele>
   </trkpt>
   <trkpt lat="-6.9080640" lon="108.3972180">
    <ele>2351.0</ele>
   </trkpt>
   <trkpt lat="-6.9080600" lon="108.3972180">
    <ele>2352.0</ele>
   </trkpt>
   <trkpt lat="-6.9080570" lon="108.3972180">
    <ele>2352.0</ele>
   </trkpt>
   <trkpt lat="-6.9080530" lon="108.3972170">
    <ele>2352.0</ele>
   </trkpt>
   <trkpt lat="-6.9080440" lon="108.3972240">
    <ele>2352.0</ele>
   </trkpt>
   <trkpt lat="-6.9080350" lon="108.3972300">
    <ele>2352.0</ele>
   </trkpt>
   <trkpt lat="-6.9080260" lon="108.3972360">
    <ele>2353.0</ele>
   </trkpt>
   <trkpt lat="-6.9080160" lon="108.3972410">
    <ele>2353.0</ele>
   </trkpt>
   <trkpt lat="-6.9080070" lon="108.3972470">
    <ele>2353.0</ele>
   </trkpt>
   <trkpt lat="-6.9079970" lon="108.3972510">
    <ele>2353.0</ele>
   </trkpt>
   <trkpt lat="-6.9079860" lon="108.3972560">
    <ele>2353.0</ele>
   </trkpt>
   <trkpt lat="-6.9079770" lon="108.3972590">
    <ele>2353.0</ele>
   </trkpt>
   <trkpt lat="-6.9079670" lon="108.3972630">
    <ele>2353.0</ele>
   </trkpt>
   <trkpt lat="-6.9079570" lon="108.3972670">
    <ele>2353.0</ele>
   </trkpt>
   <trkpt lat="-6.9079480" lon="108.3972720">
    <ele>2353.0</ele>
   </trkpt>
   <trkpt lat="-6.9079380" lon="108.3972790">
    <ele>2353.0</ele>
   </trkpt>
   <trkpt lat="-6.9079280" lon="108.3972850">
    <ele>2354.0</ele>
   </trkpt>
   <trkpt lat="-6.9079190" lon="108.3972910">
    <ele>2354.0</ele>
   </trkpt>
   <trkpt lat="-6.9079110" lon="108.3972970">
    <ele>2354.0</ele>
   </trkpt>
   <trkpt lat="-6.9079030" lon="108.3973010">
    <ele>2354.0</ele>
   </trkpt>
   <trkpt lat="-6.9078960" lon="108.3973050">
    <ele>2354.0</ele>
   </trkpt>
   <trkpt lat="-6.9078920" lon="108.3973110">
    <ele>2355.0</ele>
   </trkpt>
   <trkpt lat="-6.9078880" lon="108.3973170">
    <ele>2355.0</ele>
   </trkpt>
   <trkpt lat="-6.9078870" lon="108.3973250">
    <ele>2355.0</ele>
   </trkpt>
   <trkpt lat="-6.9078850" lon="108.3973320">
    <ele>2355.0</ele>
   </trkpt>
   <trkpt lat="-6.9078840" lon="108.3973390">
    <ele>2355.0</ele>
   </trkpt>
   <trkpt lat="-6.9078820" lon="108.3973470">
    <ele>2356.0</ele>
   </trkpt>
   <trkpt lat="-6.9078810" lon="108.3973540">
    <ele>2356.0</ele>
   </trkpt>
   <trkpt lat="-6.9078790" lon="108.3973610">
    <ele>2356.0</ele>
   </trkpt>
   <trkpt lat="-6.9078770" lon="108.3973660">
    <ele>2356.0</ele>
   </trkpt>
   <trkpt lat="-6.9078760" lon="108.3973710">
    <ele>2356.0</ele>
   </trkpt>
   <trkpt lat="-6.9078750" lon="108.3973760">
    <ele>2357.0</ele>
   </trkpt>
   <trkpt lat="-6.9078710" lon="108.3973810">
    <ele>2357.0</ele>
   </trkpt>
   <trkpt lat="-6.9078670" lon="108.3973870">
    <ele>2357.0</ele>
   </trkpt>
   <trkpt lat="-6.9078630" lon="108.3973910">
    <ele>2357.0</ele>
   </trkpt>
   <trkpt lat="-6.9078580" lon="108.3973960">
    <ele>2357.0</ele>
   </trkpt>
   <trkpt lat="-6.9078560" lon="108.3973970">
    <ele>2358.0</ele>
   </trkpt>
   <trkpt lat="-6.9078530" lon="108.3973990">
    <ele>2358.0</ele>
   </trkpt>
   <trkpt lat="-6.9078470" lon="108.3973990">
    <ele>2358.0</ele>
   </trkpt>
   <trkpt lat="-6.9078420" lon="108.3974000">
    <ele>2358.0</ele>
   </trkpt>
   <trkpt lat="-6.9078360" lon="108.3974000">
    <ele>2358.0</ele>
   </trkpt>
   <trkpt lat="-6.9078310" lon="108.3974000">
    <ele>2359.0</ele>
   </trkpt>
   <trkpt lat="-6.9078260" lon="108.3974030">
    <ele>2359.0</ele>
   </trkpt>
   <trkpt lat="-6.9078210" lon="108.3974060">
    <ele>2359.0</ele>
   </trkpt>
   <trkpt lat="-6.9078200" lon="108.3974120">
    <ele>2359.0</ele>
   </trkpt>
   <trkpt lat="-6.9078200" lon="108.3974190">
    <ele>2359.0</ele>
   </trkpt>
   <trkpt lat="-6.9078200" lon="108.3974220">
    <ele>2360.0</ele>
   </trkpt>
   <trkpt lat="-6.9078200" lon="108.3974250">
    <ele>2360.0</ele>
   </trkpt>
   <trkpt lat="-6.9078210" lon="108.3974270">
    <ele>2360.0</ele>
   </trkpt>
   <trkpt lat="-6.9078210" lon="108.3974320">
    <ele>2360.0</ele>
   </trkpt>
   <trkpt lat="-6.9078200" lon="108.3974370">
    <ele>2360.0</ele>
   </trkpt>
   <trkpt lat="-6.9078170" lon="108.3974410">
    <ele>2361.0</ele>
   </trkpt>
   <trkpt lat="-6.9078140" lon="108.3974440">
    <ele>2361.0</ele>
   </trkpt>
   <trkpt lat="-6.9078090" lon="108.3974470">
    <ele>2361.0</ele>
   </trkpt>
   <trkpt lat="-6.9078040" lon="108.3974510">
    <ele>2361.0</ele>
   </trkpt>
   <trkpt lat="-6.9078000" lon="108.3974550">
    <ele>2361.0</ele>
   </trkpt>
   <trkpt lat="-6.9077950" lon="108.3974600">
    <ele>2362.0</ele>
   </trkpt>
   <trkpt lat="-6.9077930" lon="108.3974660">
    <ele>2362.0</ele>
   </trkpt>
   <trkpt lat="-6.9077900" lon="108.3974720">
    <ele>2362.0</ele>
   </trkpt>
   <trkpt lat="-6.9077890" lon="108.3974810">
    <ele>2363.0</ele>
   </trkpt>
   <trkpt lat="-6.9077890" lon="108.3974900">
    <ele>2363.0</ele>
   </trkpt>
   <trkpt lat="-6.9077880" lon="108.3975020">
    <ele>2364.0</ele>
   </trkpt>
   <trkpt lat="-6.9077880" lon="108.3975140">
    <ele>2364.0</ele>
   </trkpt>
   <trkpt lat="-6.9077880" lon="108.3975300">
    <ele>2364.0</ele>
   </trkpt>
   <trkpt lat="-6.9077890" lon="108.3975450">
    <ele>2364.0</ele>
   </trkpt>
   <trkpt lat="-6.9077890" lon="108.3975650">
    <ele>2364.0</ele>
   </trkpt>
   <trkpt lat="-6.9077900" lon="108.3975840">
    <ele>2365.0</ele>
   </trkpt>
   <trkpt lat="-6.9077890" lon="108.3976030">
    <ele>2365.0</ele>
   </trkpt>
   <trkpt lat="-6.9077890" lon="108.3976220">
    <ele>2365.0</ele>
   </trkpt>
   <trkpt lat="-6.9077860" lon="108.3976400">
    <ele>2365.0</ele>
   </trkpt>
   <trkpt lat="-6.9077830" lon="108.3976590">
    <ele>2365.0</ele>
   </trkpt>
   <trkpt lat="-6.9077780" lon="108.3976750">
    <ele>2366.0</ele>
   </trkpt>
   <trkpt lat="-6.9077730" lon="108.3976910">
    <ele>2366.0</ele>
   </trkpt>
   <trkpt lat="-6.9077700" lon="108.3977050">
    <ele>2366.0</ele>
   </trkpt>
   <trkpt lat="-6.9077670" lon="108.3977200">
    <ele>2366.0</ele>
   </trkpt>
   <trkpt lat="-6.9077680" lon="108.3977320">
    <ele>2366.0</ele>
   </trkpt>
   <trkpt lat="-6.9077690" lon="108.3977440">
    <ele>2367.0</ele>
   </trkpt>
   <trkpt lat="-6.9077690" lon="108.3977440">
    <ele>2367.0</ele>
   </trkpt>
   <trkpt lat="-6.9077690" lon="108.3977440">
    <ele>2367.0</ele>
   </trkpt>
   <trkpt lat="-6.9077690" lon="108.3977440">
    <ele>2367.0</ele>
   </trkpt>
   <trkpt lat="-6.9077690" lon="108.3977440">
    <ele>2367.0</ele>
   </trkpt>
   <trkpt lat="-6.9077690" lon="108.3977440">
    <ele>2368.0</ele>
   </trkpt>
   <trkpt lat="-6.9077690" lon="108.3977440">
    <ele>2368.0</ele>
   </trkpt>
   <trkpt lat="-6.9077650" lon="108.3977560">
    <ele>2368.0</ele>
   </trkpt>
   <trkpt lat="-6.9077610" lon="108.3977630">
    <ele>2368.0</ele>
   </trkpt>
   <trkpt lat="-6.9077570" lon="108.3977700">
    <ele>2368.0</ele>
   </trkpt>
   <trkpt lat="-6.9077530" lon="108.3977760">
    <ele>2369.0</ele>
   </trkpt>
   <trkpt lat="-6.9077490" lon="108.3977830">
    <ele>2369.0</ele>
   </trkpt>
   <trkpt lat="-6.9077450" lon="108.3977890">
    <ele>2369.0</ele>
   </trkpt>
   <trkpt lat="-6.9077420" lon="108.3977960">
    <ele>2369.0</ele>
   </trkpt>
   <trkpt lat="-6.9077400" lon="108.3978040">
    <ele>2369.0</ele>
   </trkpt>
   <trkpt lat="-6.9077390" lon="108.3978120">
    <ele>2370.0</ele>
   </trkpt>
   <trkpt lat="-6.9077370" lon="108.3978200">
    <ele>2370.0</ele>
   </trkpt>
   <trkpt lat="-6.9077360" lon="108.3978290">
    <ele>2370.0</ele>
   </trkpt>
   <trkpt lat="-6.9077350" lon="108.3978370">
    <ele>2370.0</ele>
   </trkpt>
   <trkpt lat="-6.9077340" lon="108.3978450">
    <ele>2370.0</ele>
   </trkpt>
   <trkpt lat="-6.9077330" lon="108.3978530">
    <ele>2371.0</ele>
   </trkpt>
   <trkpt lat="-6.9077310" lon="108.3978610">
    <ele>2371.0</ele>
   </trkpt>
   <trkpt lat="-6.9077290" lon="108.3978710">
    <ele>2371.0</ele>
   </trkpt>
   <trkpt lat="-6.9077260" lon="108.3978820">
    <ele>2371.0</ele>
   </trkpt>
   <trkpt lat="-6.9077250" lon="108.3978940">
    <ele>2371.0</ele>
   </trkpt>
   <trkpt lat="-6.9077230" lon="108.3979060">
    <ele>2372.0</ele>
   </trkpt>
   <trkpt lat="-6.9077240" lon="108.3979160">
    <ele>2372.0</ele>
   </trkpt>
   <trkpt lat="-6.9077240" lon="108.3979280">
    <ele>2372.0</ele>
   </trkpt>
   <trkpt lat="-6.9077240" lon="108.3979320">
    <ele>2373.0</ele>
   </trkpt>
   <trkpt lat="-6.9077240" lon="108.3979360">
    <ele>2373.0</ele>
   </trkpt>
   <trkpt lat="-6.9077230" lon="108.3979400">
    <ele>2374.0</ele>
   </trkpt>
   <trkpt lat="-6.9077230" lon="108.3979440">
    <ele>2374.0</ele>
   </trkpt>
   <trkpt lat="-6.9077230" lon="108.3979480">
    <ele>2374.0</ele>
   </trkpt>
   <trkpt lat="-6.9077230" lon="108.3979510">
    <ele>2374.0</ele>
   </trkpt>
   <trkpt lat="-6.9077230" lon="108.3979550">
    <ele>2374.0</ele>
   </trkpt>
   <trkpt lat="-6.9077210" lon="108.3979520">
    <ele>2374.0</ele>
   </trkpt>
   <trkpt lat="-6.9077200" lon="108.3979500">
    <ele>2374.0</ele>
   </trkpt>
   <trkpt lat="-6.9077180" lon="108.3979450">
    <ele>2374.0</ele>
   </trkpt>
   <trkpt lat="-6.9077150" lon="108.3979390">
    <ele>2375.0</ele>
   </trkpt>
   <trkpt lat="-6.9077140" lon="108.3979370">
    <ele>2375.0</ele>
   </trkpt>
   <trkpt lat="-6.9077120" lon="108.3979350">
    <ele>2376.0</ele>
   </trkpt>
   <trkpt lat="-6.9077100" lon="108.3979340">
    <ele>2376.0</ele>
   </trkpt>
   <trkpt lat="-6.9077040" lon="108.3979330">
    <ele>2376.0</ele>
   </trkpt>
   <trkpt lat="-6.9076980" lon="108.3979320">
    <ele>2376.0</ele>
   </trkpt>
   <trkpt lat="-6.9076920" lon="108.3979350">
    <ele>2376.0</ele>
   </trkpt>
   <trkpt lat="-6.9076850" lon="108.3979380">
    <ele>2377.0</ele>
   </trkpt>
   <trkpt lat="-6.9076790" lon="108.3979430">
    <ele>2377.0</ele>
   </trkpt>
   <trkpt lat="-6.9076730" lon="108.3979480">
    <ele>2377.0</ele>
   </trkpt>
   <trkpt lat="-6.9076680" lon="108.3979530">
    <ele>2377.0</ele>
   </trkpt>
   <trkpt lat="-6.9076640" lon="108.3979580">
    <ele>2377.0</ele>
   </trkpt>
   <trkpt lat="-6.9076610" lon="108.3979630">
    <ele>2378.0</ele>
   </trkpt>
   <trkpt lat="-6.9076590" lon="108.3979690">
    <ele>2378.0</ele>
   </trkpt>
   <trkpt lat="-6.9076580" lon="108.3979740">
    <ele>2378.0</ele>
   </trkpt>
   <trkpt lat="-6.9076570" lon="108.3979800">
    <ele>2378.0</ele>
   </trkpt>
   <trkpt lat="-6.9076570" lon="108.3979800">
    <ele>2378.0</ele>
   </trkpt>
   <trkpt lat="-6.9076570" lon="108.3979800">
    <ele>2379.0</ele>
   </trkpt>
   <trkpt lat="-6.9076570" lon="108.3979800">
    <ele>2379.0</ele>
   </trkpt>
   <trkpt lat="-6.9076570" lon="108.3979800">
    <ele>2379.0</ele>
   </trkpt>
   <trkpt lat="-6.9076570" lon="108.3979800">
    <ele>2379.0</ele>
   </trkpt>
   <trkpt lat="-6.9076570" lon="108.3979800">
    <ele>2379.0</ele>
   </trkpt>
   <trkpt lat="-6.9076590" lon="108.3979870">
    <ele>2380.0</ele>
   </trkpt>
   <trkpt lat="-6.9076580" lon="108.3979920">
    <ele>2380.0</ele>
   </trkpt>
   <trkpt lat="-6.9076570" lon="108.3979970">
    <ele>2380.0</ele>
   </trkpt>
   <trkpt lat="-6.9076520" lon="108.3980030">
    <ele>2381.0</ele>
   </trkpt>
   <trkpt lat="-6.9076480" lon="108.3980080">
    <ele>2381.0</ele>
   </trkpt>
   <trkpt lat="-6.9076450" lon="108.3980090">
    <ele>2382.0</ele>
   </trkpt>
   <trkpt lat="-6.9076420" lon="108.3980100">
    <ele>2382.0</ele>
   </trkpt>
   <trkpt lat="-6.9076390" lon="108.3980110">
    <ele>2382.0</ele>
   </trkpt>
   <trkpt lat="-6.9076360" lon="108.3980120">
    <ele>2382.0</ele>
   </trkpt>
   <trkpt lat="-6.9076330" lon="108.3980120">
    <ele>2382.0</ele>
   </trkpt>
   <trkpt lat="-6.9076300" lon="108.3980130">
    <ele>2383.0</ele>
   </trkpt>
   <trkpt lat="-6.9076270" lon="108.3980140">
    <ele>2383.0</ele>
   </trkpt>
   <trkpt lat="-6.9076240" lon="108.3980150">
    <ele>2383.0</ele>
   </trkpt>
   <trkpt lat="-6.9076210" lon="108.3980150">
    <ele>2383.0</ele>
   </trkpt>
   <trkpt lat="-6.9076180" lon="108.3980160">
    <ele>2383.0</ele>
   </trkpt>
   <trkpt lat="-6.9076150" lon="108.3980170">
    <ele>2384.0</ele>
   </trkpt>
   <trkpt lat="-6.9076120" lon="108.3980180">
    <ele>2384.0</ele>
   </trkpt>
   <trkpt lat="-6.9076090" lon="108.3980180">
    <ele>2384.0</ele>
   </trkpt>
   <trkpt lat="-6.9076060" lon="108.3980190">
    <ele>2384.0</ele>
   </trkpt>
   <trkpt lat="-6.9076030" lon="108.3980200">
    <ele>2384.0</ele>
   </trkpt>
   <trkpt lat="-6.9076000" lon="108.3980210">
    <ele>2385.0</ele>
   </trkpt>
   <trkpt lat="-6.9075970" lon="108.3980210">
    <ele>2385.0</ele>
   </trkpt>
   <trkpt lat="-6.9075940" lon="108.3980220">
    <ele>2385.0</ele>
   </trkpt>
   <trkpt lat="-6.9075910" lon="108.3980230">
    <ele>2385.0</ele>
   </trkpt>
   <trkpt lat="-6.9075880" lon="108.3980240">
    <ele>2385.0</ele>
   </trkpt>
   <trkpt lat="-6.9075850" lon="108.3980240">
    <ele>2386.0</ele>
   </trkpt>
   <trkpt lat="-6.9075820" lon="108.3980250">
    <ele>2386.0</ele>
   </trkpt>
   <trkpt lat="-6.9075790" lon="108.3980260">
    <ele>2386.0</ele>
   </trkpt>
   <trkpt lat="-6.9075760" lon="108.3980270">
    <ele>2387.0</ele>
   </trkpt>
   <trkpt lat="-6.9075730" lon="108.3980280">
    <ele>2387.0</ele>
   </trkpt>
   <trkpt lat="-6.9075730" lon="108.3980280">
    <ele>2388.0</ele>
   </trkpt>
   <trkpt lat="-6.9075730" lon="108.3980280">
    <ele>2388.0</ele>
   </trkpt>
   <trkpt lat="-6.9075730" lon="108.3980280">
    <ele>2388.0</ele>
   </trkpt>
   <trkpt lat="-6.9075730" lon="108.3980280">
    <ele>2388.0</ele>
   </trkpt>
   <trkpt lat="-6.9075730" lon="108.3980280">
    <ele>2388.0</ele>
   </trkpt>
   <trkpt lat="-6.9075730" lon="108.3980280">
    <ele>2389.0</ele>
   </trkpt>
   <trkpt lat="-6.9075730" lon="108.3980280">
    <ele>2389.0</ele>
   </trkpt>
   <trkpt lat="-6.9075640" lon="108.3980420">
    <ele>2389.0</ele>
   </trkpt>
   <trkpt lat="-6.9075660" lon="108.3980490">
    <ele>2389.0</ele>
   </trkpt>
   <trkpt lat="-6.9075690" lon="108.3980560">
    <ele>2389.0</ele>
   </trkpt>
   <trkpt lat="-6.9075710" lon="108.3980620">
    <ele>2390.0</ele>
   </trkpt>
   <trkpt lat="-6.9075730" lon="108.3980680">
    <ele>2390.0</ele>
   </trkpt>
   <trkpt lat="-6.9075730" lon="108.3980710">
    <ele>2390.0</ele>
   </trkpt>
   <trkpt lat="-6.9075740" lon="108.3980740">
    <ele>2390.0</ele>
   </trkpt>
   <trkpt lat="-6.9075720" lon="108.3980780">
    <ele>2390.0</ele>
   </trkpt>
   <trkpt lat="-6.9075710" lon="108.3980830">
    <ele>2391.0</ele>
   </trkpt>
   <trkpt lat="-6.9075660" lon="108.3980900">
    <ele>2391.0</ele>
   </trkpt>
   <trkpt lat="-6.9075600" lon="108.3980980">
    <ele>2391.0</ele>
   </trkpt>
   <trkpt lat="-6.9075520" lon="108.3981080">
    <ele>2392.0</ele>
   </trkpt>
   <trkpt lat="-6.9075430" lon="108.3981170">
    <ele>2392.0</ele>
   </trkpt>
   <trkpt lat="-6.9075330" lon="108.3981280">
    <ele>2393.0</ele>
   </trkpt>
   <trkpt lat="-6.9075220" lon="108.3981380">
    <ele>2393.0</ele>
   </trkpt>
   <trkpt lat="-6.9075140" lon="108.3981470">
    <ele>2393.0</ele>
   </trkpt>
   <trkpt lat="-6.9075050" lon="108.3981560">
    <ele>2393.0</ele>
   </trkpt>
   <trkpt lat="-6.9075010" lon="108.3981610">
    <ele>2393.0</ele>
   </trkpt>
   <trkpt lat="-6.9074960" lon="108.3981660">
    <ele>2394.0</ele>
   </trkpt>
   <trkpt lat="-6.9074910" lon="108.3981720">
    <ele>2394.0</ele>
   </trkpt>
   <trkpt lat="-6.9074910" lon="108.3981720">
    <ele>2394.0</ele>
   </trkpt>
   <trkpt lat="-6.9074910" lon="108.3981720">
    <ele>2394.0</ele>
   </trkpt>
   <trkpt lat="-6.9074910" lon="108.3981720">
    <ele>2394.0</ele>
   </trkpt>
   <trkpt lat="-6.9074910" lon="108.3981720">
    <ele>2395.0</ele>
   </trkpt>
   <trkpt lat="-6.9074910" lon="108.3981720">
    <ele>2395.0</ele>
   </trkpt>
   <trkpt lat="-6.9074910" lon="108.3981720">
    <ele>2395.0</ele>
   </trkpt>
   <trkpt lat="-6.9074910" lon="108.3981720">
    <ele>2395.0</ele>
   </trkpt>
   <trkpt lat="-6.9074910" lon="108.3981720">
    <ele>2395.0</ele>
   </trkpt>
   <trkpt lat="-6.9074910" lon="108.3981720">
    <ele>2396.0</ele>
   </trkpt>
   <trkpt lat="-6.9074910" lon="108.3981720">
    <ele>2396.0</ele>
   </trkpt>
   <trkpt lat="-6.9074750" lon="108.3981860">
    <ele>2396.0</ele>
   </trkpt>
   <trkpt lat="-6.9074690" lon="108.3981880">
    <ele>2396.0</ele>
   </trkpt>
   <trkpt lat="-6.9074630" lon="108.3981900">
    <ele>2396.0</ele>
   </trkpt>
   <trkpt lat="-6.9074590" lon="108.3981880">
    <ele>2397.0</ele>
   </trkpt>
   <trkpt lat="-6.9074550" lon="108.3981850">
    <ele>2397.0</ele>
   </trkpt>
   <trkpt lat="-6.9074550" lon="108.3981850">
    <ele>2397.0</ele>
   </trkpt>
   <trkpt lat="-6.9074550" lon="108.3981840">
    <ele>2397.0</ele>
   </trkpt>
   <trkpt lat="-6.9074540" lon="108.3981840">
    <ele>2397.0</ele>
   </trkpt>
   <trkpt lat="-6.9074540" lon="108.3981830">
    <ele>2398.0</ele>
   </trkpt>
   <trkpt lat="-6.9074540" lon="108.3981820">
    <ele>2398.0</ele>
   </trkpt>
   <trkpt lat="-6.9074530" lon="108.3981820">
    <ele>2398.0</ele>
   </trkpt>
   <trkpt lat="-6.9074530" lon="108.3981810">
    <ele>2398.0</ele>
   </trkpt>
   <trkpt lat="-6.9074530" lon="108.3981810">
    <ele>2398.0</ele>
   </trkpt>
   <trkpt lat="-6.9074530" lon="108.3981800">
    <ele>2399.0</ele>
   </trkpt>
   <trkpt lat="-6.9074520" lon="108.3981790">
    <ele>2399.0</ele>
   </trkpt>
   <trkpt lat="-6.9074520" lon="108.3981790">
    <ele>2399.0</ele>
   </trkpt>
   <trkpt lat="-6.9074520" lon="108.3981780">
    <ele>2400.0</ele>
   </trkpt>
   <trkpt lat="-6.9074510" lon="108.3981780">
    <ele>2400.0</ele>
   </trkpt>
   <trkpt lat="-6.9074510" lon="108.3981770">
    <ele>2401.0</ele>
   </trkpt>
   <trkpt lat="-6.9074470" lon="108.3981510">
    <ele>2401.0</ele>
   </trkpt>
   <trkpt lat="-6.9074470" lon="108.3981370">
    <ele>2401.0</ele>
   </trkpt>
   <trkpt lat="-6.9074470" lon="108.3981230">
    <ele>2401.0</ele>
   </trkpt>
   <trkpt lat="-6.9074470" lon="108.3981120">
    <ele>2401.0</ele>
   </trkpt>
   <trkpt lat="-6.9074470" lon="108.3981010">
    <ele>2402.0</ele>
   </trkpt>
   <trkpt lat="-6.9074480" lon="108.3980910">
    <ele>2402.0</ele>
   </trkpt>
   <trkpt lat="-6.9074500" lon="108.3980820">
    <ele>2402.0</ele>
   </trkpt>
   <trkpt lat="-6.9074550" lon="108.3980690">
    <ele>2402.0</ele>
   </trkpt>
   <trkpt lat="-6.9074600" lon="108.3980570">
    <ele>2402.0</ele>
   </trkpt>
   <trkpt lat="-6.9074620" lon="108.3980420">
    <ele>2403.0</ele>
   </trkpt>
   <trkpt lat="-6.9074640" lon="108.3980260">
    <ele>2403.0</ele>
   </trkpt>
   <trkpt lat="-6.9074600" lon="108.3980130">
    <ele>2403.0</ele>
   </trkpt>
   <trkpt lat="-6.9074550" lon="108.3979990">
    <ele>2403.0</ele>
   </trkpt>
   <trkpt lat="-6.9074550" lon="108.3979990">
    <ele>2403.0</ele>
   </trkpt>
   <trkpt lat="-6.9074550" lon="108.3979990">
    <ele>2404.0</ele>
   </trkpt>
   <trkpt lat="-6.9074550" lon="108.3979990">
    <ele>2404.0</ele>
   </trkpt>
   <trkpt lat="-6.9074550" lon="108.3979990">
    <ele>2404.0</ele>
   </trkpt>
   <trkpt lat="-6.9074550" lon="108.3979990">
    <ele>2404.0</ele>
   </trkpt>
   <trkpt lat="-6.9074550" lon="108.3979990">
    <ele>2404.0</ele>
   </trkpt>
   <trkpt lat="-6.9074550" lon="108.3979990">
    <ele>2405.0</ele>
   </trkpt>
   <trkpt lat="-6.9074550" lon="108.3979990">
    <ele>2405.0</ele>
   </trkpt>
   <trkpt lat="-6.9074340" lon="108.3979790">
    <ele>2405.0</ele>
   </trkpt>
   <trkpt lat="-6.9074230" lon="108.3979760">
    <ele>2405.0</ele>
   </trkpt>
   <trkpt lat="-6.9074120" lon="108.3979730">
    <ele>2405.0</ele>
   </trkpt>
   <trkpt lat="-6.9074030" lon="108.3979750">
    <ele>2406.0</ele>
   </trkpt>
   <trkpt lat="-6.9073930" lon="108.3979770">
    <ele>2406.0</ele>
   </trkpt>
   <trkpt lat="-6.9073850" lon="108.3979830">
    <ele>2406.0</ele>
   </trkpt>
   <trkpt lat="-6.9073770" lon="108.3979890">
    <ele>2406.0</ele>
   </trkpt>
   <trkpt lat="-6.9073680" lon="108.3979970">
    <ele>2406.0</ele>
   </trkpt>
   <trkpt lat="-6.9073600" lon="108.3980060">
    <ele>2407.0</ele>
   </trkpt>
   <trkpt lat="-6.9073530" lon="108.3980150">
    <ele>2407.0</ele>
   </trkpt>
   <trkpt lat="-6.9073450" lon="108.3980230">
    <ele>2407.0</ele>
   </trkpt>
   <trkpt lat="-6.9073390" lon="108.3980310">
    <ele>2407.0</ele>
   </trkpt>
   <trkpt lat="-6.9073330" lon="108.3980380">
    <ele>2407.0</ele>
   </trkpt>
   <trkpt lat="-6.9073300" lon="108.3980420">
    <ele>2408.0</ele>
   </trkpt>
   <trkpt lat="-6.9073270" lon="108.3980450">
    <ele>2408.0</ele>
   </trkpt>
   <trkpt lat="-6.9073210" lon="108.3980510">
    <ele>2408.0</ele>
   </trkpt>
   <trkpt lat="-6.9073160" lon="108.3980560">
    <ele>2408.0</ele>
   </trkpt>
   <trkpt lat="-6.9073080" lon="108.3980620">
    <ele>2408.0</ele>
   </trkpt>
   <trkpt lat="-6.9073010" lon="108.3980680">
    <ele>2409.0</ele>
   </trkpt>
   <trkpt lat="-6.9072970" lon="108.3980700">
    <ele>2409.0</ele>
   </trkpt>
   <trkpt lat="-6.9072930" lon="108.3980730">
    <ele>2409.0</ele>
   </trkpt>
   <trkpt lat="-6.9072900" lon="108.3980730">
    <ele>2409.0</ele>
   </trkpt>
   <trkpt lat="-6.9072870" lon="108.3980730">
    <ele>2409.0</ele>
   </trkpt>
   <trkpt lat="-6.9072850" lon="108.3980730">
    <ele>2410.0</ele>
   </trkpt>
   <trkpt lat="-6.9072820" lon="108.3980730">
    <ele>2410.0</ele>
   </trkpt>
   <trkpt lat="-6.9072760" lon="108.3980710">
    <ele>2410.0</ele>
   </trkpt>
   <trkpt lat="-6.9072700" lon="108.3980690">
    <ele>2410.0</ele>
   </trkpt>
   <trkpt lat="-6.9072670" lon="108.3980640">
    <ele>2410.0</ele>
   </trkpt>
   <trkpt lat="-6.9072650" lon="108.3980590">
    <ele>2411.0</ele>
   </trkpt>
   <trkpt lat="-6.9072620" lon="108.3980550">
    <ele>2411.0</ele>
   </trkpt>
   <trkpt lat="-6.9072590" lon="108.3980510">
    <ele>2411.0</ele>
   </trkpt>
   <trkpt lat="-6.9072550" lon="108.3980510">
    <ele>2412.0</ele>
   </trkpt>
   <trkpt lat="-6.9072520" lon="108.3980500">
    <ele>2412.0</ele>
   </trkpt>
   <trkpt lat="-6.9072490" lon="108.3980500">
    <ele>2413.0</ele>
   </trkpt>
   <trkpt lat="-6.9072420" lon="108.3980510">
    <ele>2413.0</ele>
   </trkpt>
   <trkpt lat="-6.9072360" lon="108.3980530">
    <ele>2413.0</ele>
   </trkpt>
   <trkpt lat="-6.9072290" lon="108.3980560">
    <ele>2414.0</ele>
   </trkpt>
   <trkpt lat="-6.9072230" lon="108.3980590">
    <ele>2414.0</ele>
   </trkpt>
   <trkpt lat="-6.9072180" lon="108.3980640">
    <ele>2415.0</ele>
   </trkpt>
   <trkpt lat="-6.9072140" lon="108.3980690">
    <ele>2415.0</ele>
   </trkpt>
   <trkpt lat="-6.9072110" lon="108.3980740">
    <ele>2415.0</ele>
   </trkpt>
   <trkpt lat="-6.9072090" lon="108.3980790">
    <ele>2415.0</ele>
   </trkpt>
   <trkpt lat="-6.9072070" lon="108.3980860">
    <ele>2415.0</ele>
   </trkpt>
   <trkpt lat="-6.9072050" lon="108.3980920">
    <ele>2416.0</ele>
   </trkpt>
   <trkpt lat="-6.9072030" lon="108.3980970">
    <ele>2416.0</ele>
   </trkpt>
   <trkpt lat="-6.9072000" lon="108.3981020">
    <ele>2416.0</ele>
   </trkpt>
   <trkpt lat="-6.9071980" lon="108.3981080">
    <ele>2416.0</ele>
   </trkpt>
   <trkpt lat="-6.9071950" lon="108.3981110">
    <ele>2416.0</ele>
   </trkpt>
   <trkpt lat="-6.9071910" lon="108.3981140">
    <ele>2417.0</ele>
   </trkpt>
   <trkpt lat="-6.9071880" lon="108.3981120">
    <ele>2417.0</ele>
   </trkpt>
   <trkpt lat="-6.9071840" lon="108.3981100">
    <ele>2417.0</ele>
   </trkpt>
   <trkpt lat="-6.9071800" lon="108.3981080">
    <ele>2418.0</ele>
   </trkpt>
   <trkpt lat="-6.9071760" lon="108.3981050">
    <ele>2418.0</ele>
   </trkpt>
   <trkpt lat="-6.9071710" lon="108.3981060">
    <ele>2419.0</ele>
   </trkpt>
   <trkpt lat="-6.9071670" lon="108.3981070">
    <ele>2419.0</ele>
   </trkpt>
   <trkpt lat="-6.9071650" lon="108.3981080">
    <ele>2419.0</ele>
   </trkpt>
   <trkpt lat="-6.9071630" lon="108.3981100">
    <ele>2419.0</ele>
   </trkpt>
   <trkpt lat="-6.9071610" lon="108.3981110">
    <ele>2419.0</ele>
   </trkpt>
   <trkpt lat="-6.9071590" lon="108.3981130">
    <ele>2420.0</ele>
   </trkpt>
   <trkpt lat="-6.9071540" lon="108.3981170">
    <ele>2420.0</ele>
   </trkpt>
   <trkpt lat="-6.9071480" lon="108.3981220">
    <ele>2420.0</ele>
   </trkpt>
   <trkpt lat="-6.9071430" lon="108.3981250">
    <ele>2420.0</ele>
   </trkpt>
   <trkpt lat="-6.9071370" lon="108.3981280">
    <ele>2420.0</ele>
   </trkpt>
   <trkpt lat="-6.9071320" lon="108.3981310">
    <ele>2421.0</ele>
   </trkpt>
   <trkpt lat="-6.9071260" lon="108.3981340">
    <ele>2421.0</ele>
   </trkpt>
   <trkpt lat="-6.9071210" lon="108.3981380">
    <ele>2421.0</ele>
   </trkpt>
   <trkpt lat="-6.9071160" lon="108.3981420">
    <ele>2421.0</ele>
   </trkpt>
   <trkpt lat="-6.9071140" lon="108.3981450">
    <ele>2421.0</ele>
   </trkpt>
   <trkpt lat="-6.9071110" lon="108.3981480">
    <ele>2422.0</ele>
   </trkpt>
   <trkpt lat="-6.9071100" lon="108.3981500">
    <ele>2422.0</ele>
   </trkpt>
   <trkpt lat="-6.9071090" lon="108.3981530">
    <ele>2422.0</ele>
   </trkpt>
   <trkpt lat="-6.9071080" lon="108.3981550">
    <ele>2422.0</ele>
   </trkpt>
   <trkpt lat="-6.9071060" lon="108.3981610">
    <ele>2422.0</ele>
   </trkpt>
   <trkpt lat="-6.9071040" lon="108.3981670">
    <ele>2423.0</ele>
   </trkpt>
   <trkpt lat="-6.9071040" lon="108.3981740">
    <ele>2423.0</ele>
   </trkpt>
   <trkpt lat="-6.9071040" lon="108.3981800">
    <ele>2423.0</ele>
   </trkpt>
   <trkpt lat="-6.9071080" lon="108.3981860">
    <ele>2424.0</ele>
   </trkpt>
   <trkpt lat="-6.9071120" lon="108.3981920">
    <ele>2424.0</ele>
   </trkpt>
   <trkpt lat="-6.9071170" lon="108.3981970">
    <ele>2425.0</ele>
   </trkpt>
   <trkpt lat="-6.9071230" lon="108.3982020">
    <ele>2425.0</ele>
   </trkpt>
   <trkpt lat="-6.9071250" lon="108.3982050">
    <ele>2425.0</ele>
   </trkpt>
   <trkpt lat="-6.9071280" lon="108.3982090">
    <ele>2425.0</ele>
   </trkpt>
   <trkpt lat="-6.9071290" lon="108.3982100">
    <ele>2425.0</ele>
   </trkpt>
   <trkpt lat="-6.9071300" lon="108.3982120">
    <ele>2426.0</ele>
   </trkpt>
   <trkpt lat="-6.9071310" lon="108.3982140">
    <ele>2426.0</ele>
   </trkpt>
   <trkpt lat="-6.9071300" lon="108.3982150">
    <ele>2426.0</ele>
   </trkpt>
   <trkpt lat="-6.9071290" lon="108.3982160">
    <ele>2426.0</ele>
   </trkpt>
   <trkpt lat="-6.9071230" lon="108.3982140">
    <ele>2426.0</ele>
   </trkpt>
   <trkpt lat="-6.9071160" lon="108.3982130">
    <ele>2427.0</ele>
   </trkpt>
   <trkpt lat="-6.9071070" lon="108.3982150">
    <ele>2427.0</ele>
   </trkpt>
   <trkpt lat="-6.9070970" lon="108.3982170">
    <ele>2427.0</ele>
   </trkpt>
   <trkpt lat="-6.9070900" lon="108.3982210">
    <ele>2427.0</ele>
   </trkpt>
   <trkpt lat="-6.9070840" lon="108.3982250">
    <ele>2427.0</ele>
   </trkpt>
   <trkpt lat="-6.9070770" lon="108.3982280">
    <ele>2428.0</ele>
   </trkpt>
   <trkpt lat="-6.9070690" lon="108.3982340">
    <ele>2428.0</ele>
   </trkpt>
   <trkpt lat="-6.9070610" lon="108.3982390">
    <ele>2428.0</ele>
   </trkpt>
   <trkpt lat="-6.9070530" lon="108.3982450">
    <ele>2429.0</ele>
   </trkpt>
   <trkpt lat="-6.9070460" lon="108.3982520">
    <ele>2429.0</ele>
   </trkpt>
   <trkpt lat="-6.9070400" lon="108.3982590">
    <ele>2430.0</ele>
   </trkpt>
   <trkpt lat="-6.9070340" lon="108.3982670">
    <ele>2430.0</ele>
   </trkpt>
   <trkpt lat="-6.9070280" lon="108.3982750">
    <ele>2430.0</ele>
   </trkpt>
   <trkpt lat="-6.9070220" lon="108.3982830">
    <ele>2430.0</ele>
   </trkpt>
   <trkpt lat="-6.9070160" lon="108.3982900">
    <ele>2430.0</ele>
   </trkpt>
   <trkpt lat="-6.9070110" lon="108.3982980">
    <ele>2431.0</ele>
   </trkpt>
   <trkpt lat="-6.9070060" lon="108.3983040">
    <ele>2431.0</ele>
   </trkpt>
   <trkpt lat="-6.9070010" lon="108.3983110">
    <ele>2431.0</ele>
   </trkpt>
   <trkpt lat="-6.9069980" lon="108.3983160">
    <ele>2431.0</ele>
   </trkpt>
   <trkpt lat="-6.9069950" lon="108.3983220">
    <ele>2431.0</ele>
   </trkpt>
   <trkpt lat="-6.9069940" lon="108.3983270">
    <ele>2432.0</ele>
   </trkpt>
   <trkpt lat="-6.9069930" lon="108.3983320">
    <ele>2432.0</ele>
   </trkpt>
   <trkpt lat="-6.9069940" lon="108.3983340">
    <ele>2432.0</ele>
   </trkpt>
   <trkpt lat="-6.9069950" lon="108.3983360">
    <ele>2432.0</ele>
   </trkpt>
   <trkpt lat="-6.9069960" lon="108.3983380">
    <ele>2432.0</ele>
   </trkpt>
   <trkpt lat="-6.9069970" lon="108.3983400">
    <ele>2432.0</ele>
   </trkpt>
   <trkpt lat="-6.9069990" lon="108.3983460">
    <ele>2432.0</ele>
   </trkpt>
   <trkpt lat="-6.9070020" lon="108.3983530">
    <ele>2432.0</ele>
   </trkpt>
   <trkpt lat="-6.9070000" lon="108.3983600">
    <ele>2433.0</ele>
   </trkpt>
   <trkpt lat="-6.9069980" lon="108.3983670">
    <ele>2433.0</ele>
   </trkpt>
   <trkpt lat="-6.9069960" lon="108.3983730">
    <ele>2434.0</ele>
   </trkpt>
   <trkpt lat="-6.9069940" lon="108.3983790">
    <ele>2434.0</ele>
   </trkpt>
   <trkpt lat="-6.9069920" lon="108.3983850">
    <ele>2434.0</ele>
   </trkpt>
   <trkpt lat="-6.9069880" lon="108.3983940">
    <ele>2434.0</ele>
   </trkpt>
   <trkpt lat="-6.9069840" lon="108.3984020">
    <ele>2434.0</ele>
   </trkpt>
   <trkpt lat="-6.9069830" lon="108.3984040">
    <ele>2435.0</ele>
   </trkpt>
   <trkpt lat="-6.9069810" lon="108.3984050">
    <ele>2435.0</ele>
   </trkpt>
   <trkpt lat="-6.9069800" lon="108.3984070">
    <ele>2435.0</ele>
   </trkpt>
   <trkpt lat="-6.9069790" lon="108.3984090">
    <ele>2435.0</ele>
   </trkpt>
   <trkpt lat="-6.9069750" lon="108.3984100">
    <ele>2435.0</ele>
   </trkpt>
   <trkpt lat="-6.9069700" lon="108.3984110">
    <ele>2436.0</ele>
   </trkpt>
   <trkpt lat="-6.9069660" lon="108.3984090">
    <ele>2436.0</ele>
   </trkpt>
   <trkpt lat="-6.9069620" lon="108.3984070">
    <ele>2436.0</ele>
   </trkpt>
   <trkpt lat="-6.9069590" lon="108.3984060">
    <ele>2436.0</ele>
   </trkpt>
   <trkpt lat="-6.9069550" lon="108.3984050">
    <ele>2436.0</ele>
   </trkpt>
   <trkpt lat="-6.9069510" lon="108.3984040">
    <ele>2437.0</ele>
   </trkpt>
   <trkpt lat="-6.9069440" lon="108.3984070">
    <ele>2437.0</ele>
   </trkpt>
   <trkpt lat="-6.9069370" lon="108.3984110">
    <ele>2437.0</ele>
   </trkpt>
   <trkpt lat="-6.9069290" lon="108.3984180">
    <ele>2437.0</ele>
   </trkpt>
   <trkpt lat="-6.9069210" lon="108.3984240">
    <ele>2437.0</ele>
   </trkpt>
   <trkpt lat="-6.9069130" lon="108.3984330">
    <ele>2438.0</ele>
   </trkpt>
   <trkpt lat="-6.9069050" lon="108.3984410">
    <ele>2438.0</ele>
   </trkpt>
   <trkpt lat="-6.9068980" lon="108.3984490">
    <ele>2438.0</ele>
   </trkpt>
   <trkpt lat="-6.9068910" lon="108.3984560">
    <ele>2439.0</ele>
   </trkpt>
   <trkpt lat="-6.9068840" lon="108.3984620">
    <ele>2439.0</ele>
   </trkpt>
   <trkpt lat="-6.9068770" lon="108.3984680">
    <ele>2440.0</ele>
   </trkpt>
   <trkpt lat="-6.9068690" lon="108.3984700">
    <ele>2440.0</ele>
   </trkpt>
   <trkpt lat="-6.9068610" lon="108.3984730">
    <ele>2440.0</ele>
   </trkpt>
   <trkpt lat="-6.9068550" lon="108.3984730">
    <ele>2440.0</ele>
   </trkpt>
   <trkpt lat="-6.9068480" lon="108.3984740">
    <ele>2440.0</ele>
   </trkpt>
   <trkpt lat="-6.9068420" lon="108.3984740">
    <ele>2441.0</ele>
   </trkpt>
   <trkpt lat="-6.9068340" lon="108.3984740">
    <ele>2441.0</ele>
   </trkpt>
   <trkpt lat="-6.9068260" lon="108.3984740">
    <ele>2441.0</ele>
   </trkpt>
   <trkpt lat="-6.9068210" lon="108.3984730">
    <ele>2441.0</ele>
   </trkpt>
   <trkpt lat="-6.9068160" lon="108.3984710">
    <ele>2441.0</ele>
   </trkpt>
   <trkpt lat="-6.9068150" lon="108.3984670">
    <ele>2442.0</ele>
   </trkpt>
   <trkpt lat="-6.9068140" lon="108.3984620">
    <ele>2442.0</ele>
   </trkpt>
   <trkpt lat="-6.9068140" lon="108.3984590">
    <ele>2442.0</ele>
   </trkpt>
   <trkpt lat="-6.9068140" lon="108.3984550">
    <ele>2443.0</ele>
   </trkpt>
   <trkpt lat="-6.9068140" lon="108.3984550">
    <ele>2443.0</ele>
   </trkpt>
   <trkpt lat="-6.9068140" lon="108.3984550">
    <ele>2444.0</ele>
   </trkpt>
   <trkpt lat="-6.9068140" lon="108.3984550">
    <ele>2444.0</ele>
   </trkpt>
   <trkpt lat="-6.9068140" lon="108.3984550">
    <ele>2444.0</ele>
   </trkpt>
   <trkpt lat="-6.9068140" lon="108.3984550">
    <ele>2444.0</ele>
   </trkpt>
   <trkpt lat="-6.9068140" lon="108.3984550">
    <ele>2444.0</ele>
   </trkpt>
   <trkpt lat="-6.9068140" lon="108.3984550">
    <ele>2445.0</ele>
   </trkpt>
   <trkpt lat="-6.9068140" lon="108.3984550">
    <ele>2445.0</ele>
   </trkpt>
   <trkpt lat="-6.9068140" lon="108.3984550">
    <ele>2445.0</ele>
   </trkpt>
   <trkpt lat="-6.9068030" lon="108.3984480">
    <ele>2445.0</ele>
   </trkpt>
   <trkpt lat="-6.9067950" lon="108.3984430">
    <ele>2445.0</ele>
   </trkpt>
   <trkpt lat="-6.9067870" lon="108.3984390">
    <ele>2446.0</ele>
   </trkpt>
   <trkpt lat="-6.9067810" lon="108.3984350">
    <ele>2446.0</ele>
   </trkpt>
   <trkpt lat="-6.9067750" lon="108.3984320">
    <ele>2446.0</ele>
   </trkpt>
   <trkpt lat="-6.9067690" lon="108.3984280">
    <ele>2446.0</ele>
   </trkpt>
   <trkpt lat="-6.9067640" lon="108.3984240">
    <ele>2446.0</ele>
   </trkpt>
   <trkpt lat="-6.9067570" lon="108.3984210">
    <ele>2447.0</ele>
   </trkpt>
   <trkpt lat="-6.9067510" lon="108.3984180">
    <ele>2447.0</ele>
   </trkpt>
   <trkpt lat="-6.9067450" lon="108.3984150">
    <ele>2447.0</ele>
   </trkpt>
   <trkpt lat="-6.9067400" lon="108.3984120">
    <ele>2448.0</ele>
   </trkpt>
   <trkpt lat="-6.9067340" lon="108.3984090">
    <ele>2448.0</ele>
   </trkpt>
   <trkpt lat="-6.9067280" lon="108.3984070">
    <ele>2449.0</ele>
   </trkpt>
   <trkpt lat="-6.9067230" lon="108.3984040">
    <ele>2449.0</ele>
   </trkpt>
   <trkpt lat="-6.9067170" lon="108.3984020">
    <ele>2449.0</ele>
   </trkpt>
   <trkpt lat="-6.9067120" lon="108.3983990">
    <ele>2449.0</ele>
   </trkpt>
   <trkpt lat="-6.9067060" lon="108.3983970">
    <ele>2449.0</ele>
   </trkpt>
   <trkpt lat="-6.9067010" lon="108.3983970">
    <ele>2450.0</ele>
   </trkpt>
   <trkpt lat="-6.9066960" lon="108.3983970">
    <ele>2450.0</ele>
   </trkpt>
   <trkpt lat="-6.9066900" lon="108.3983980">
    <ele>2450.0</ele>
   </trkpt>
   <trkpt lat="-6.9066860" lon="108.3983990">
    <ele>2450.0</ele>
   </trkpt>
   <trkpt lat="-6.9066820" lon="108.3984000">
    <ele>2450.0</ele>
   </trkpt>
   <trkpt lat="-6.9066760" lon="108.3984030">
    <ele>2451.0</ele>
   </trkpt>
   <trkpt lat="-6.9066700" lon="108.3984050">
    <ele>2451.0</ele>
   </trkpt>
   <trkpt lat="-6.9066660" lon="108.3984090">
    <ele>2451.0</ele>
   </trkpt>
   <trkpt lat="-6.9066610" lon="108.3984130">
    <ele>2451.0</ele>
   </trkpt>
   <trkpt lat="-6.9066590" lon="108.3984160">
    <ele>2451.0</ele>
   </trkpt>
   <trkpt lat="-6.9066570" lon="108.3984190">
    <ele>2452.0</ele>
   </trkpt>
   <trkpt lat="-6.9066550" lon="108.3984230">
    <ele>2452.0</ele>
   </trkpt>
   <trkpt lat="-6.9066540" lon="108.3984290">
    <ele>2452.0</ele>
   </trkpt>
   <trkpt lat="-6.9066520" lon="108.3984340">
    <ele>2453.0</ele>
   </trkpt>
   <trkpt lat="-6.9066510" lon="108.3984410">
    <ele>2453.0</ele>
   </trkpt>
   <trkpt lat="-6.9066500" lon="108.3984470">
    <ele>2454.0</ele>
   </trkpt>
   <trkpt lat="-6.9066510" lon="108.3984550">
    <ele>2454.0</ele>
   </trkpt>
   <trkpt lat="-6.9066510" lon="108.3984630">
    <ele>2454.0</ele>
   </trkpt>
   <trkpt lat="-6.9066510" lon="108.3984720">
    <ele>2454.0</ele>
   </trkpt>
   <trkpt lat="-6.9066510" lon="108.3984810">
    <ele>2454.0</ele>
   </trkpt>
   <trkpt lat="-6.9066510" lon="108.3984900">
    <ele>2455.0</ele>
   </trkpt>
   <trkpt lat="-6.9066510" lon="108.3984990">
    <ele>2455.0</ele>
   </trkpt>
   <trkpt lat="-6.9066480" lon="108.3985090">
    <ele>2455.0</ele>
   </trkpt>
   <trkpt lat="-6.9066450" lon="108.3985180">
    <ele>2455.0</ele>
   </trkpt>
   <trkpt lat="-6.9066420" lon="108.3985270">
    <ele>2455.0</ele>
   </trkpt>
   <trkpt lat="-6.9066390" lon="108.3985360">
    <ele>2456.0</ele>
   </trkpt>
   <trkpt lat="-6.9066370" lon="108.3985440">
    <ele>2456.0</ele>
   </trkpt>
   <trkpt lat="-6.9066350" lon="108.3985520">
    <ele>2456.0</ele>
   </trkpt>
   <trkpt lat="-6.9066350" lon="108.3985550">
    <ele>2456.0</ele>
   </trkpt>
   <trkpt lat="-6.9066340" lon="108.3985590">
    <ele>2456.0</ele>
   </trkpt>
   <trkpt lat="-6.9066320" lon="108.3985660">
    <ele>2457.0</ele>
   </trkpt>
   <trkpt lat="-6.9066300" lon="108.3985730">
    <ele>2457.0</ele>
   </trkpt>
   <trkpt lat="-6.9066260" lon="108.3985790">
    <ele>2457.0</ele>
   </trkpt>
   <trkpt lat="-6.9066220" lon="108.3985840">
    <ele>2457.0</ele>
   </trkpt>
   <trkpt lat="-6.9066170" lon="108.3985870">
    <ele>2457.0</ele>
   </trkpt>
   <trkpt lat="-6.9066130" lon="108.3985890">
    <ele>2458.0</ele>
   </trkpt>
   <trkpt lat="-6.9066090" lon="108.3985920">
    <ele>2458.0</ele>
   </trkpt>
   <trkpt lat="-6.9066090" lon="108.3985920">
    <ele>2458.0</ele>
   </trkpt>
   <trkpt lat="-6.9066090" lon="108.3985920">
    <ele>2458.0</ele>
   </trkpt>
   <trkpt lat="-6.9066090" lon="108.3985920">
    <ele>2458.0</ele>
   </trkpt>
   <trkpt lat="-6.9066090" lon="108.3985920">
    <ele>2459.0</ele>
   </trkpt>
   <trkpt lat="-6.9066090" lon="108.3985920">
    <ele>2459.0</ele>
   </trkpt>
   <trkpt lat="-6.9066090" lon="108.3985920">
    <ele>2459.0</ele>
   </trkpt>
   <trkpt lat="-6.9066090" lon="108.3985920">
    <ele>2459.0</ele>
   </trkpt>
   <trkpt lat="-6.9066090" lon="108.3985920">
    <ele>2459.0</ele>
   </trkpt>
   <trkpt lat="-6.9066090" lon="108.3985920">
    <ele>2460.0</ele>
   </trkpt>
   <trkpt lat="-6.9066090" lon="108.3985920">
    <ele>2460.0</ele>
   </trkpt>
   <trkpt lat="-6.9066090" lon="108.3985920">
    <ele>2460.0</ele>
   </trkpt>
   <trkpt lat="-6.9066090" lon="108.3985920">
    <ele>2460.0</ele>
   </trkpt>
   <trkpt lat="-6.9066090" lon="108.3985920">
    <ele>2460.0</ele>
   </trkpt>
   <trkpt lat="-6.9066090" lon="108.3985920">
    <ele>2461.0</ele>
   </trkpt>
   <trkpt lat="-6.9066090" lon="108.3985920">
    <ele>2461.0</ele>
   </trkpt>
   <trkpt lat="-6.9066090" lon="108.3985920">
    <ele>2461.0</ele>
   </trkpt>
   <trkpt lat="-6.9065900" lon="108.3986050">
    <ele>2461.0</ele>
   </trkpt>
   <trkpt lat="-6.9065810" lon="108.3986140">
    <ele>2461.0</ele>
   </trkpt>
   <trkpt lat="-6.9065710" lon="108.3986230">
    <ele>2462.0</ele>
   </trkpt>
   <trkpt lat="-6.9065680" lon="108.3986300">
    <ele>2462.0</ele>
   </trkpt>
   <trkpt lat="-6.9065650" lon="108.3986370">
    <ele>2462.0</ele>
   </trkpt>
   <trkpt lat="-6.9065660" lon="108.3986430">
    <ele>2463.0</ele>
   </trkpt>
   <trkpt lat="-6.9065670" lon="108.3986500">
    <ele>2463.0</ele>
   </trkpt>
   <trkpt lat="-6.9065680" lon="108.3986540">
    <ele>2464.0</ele>
   </trkpt>
   <trkpt lat="-6.9065690" lon="108.3986590">
    <ele>2464.0</ele>
   </trkpt>
   <trkpt lat="-6.9065710" lon="108.3986640">
    <ele>2464.0</ele>
   </trkpt>
   <trkpt lat="-6.9065700" lon="108.3986700">
    <ele>2464.0</ele>
   </trkpt>
   <trkpt lat="-6.9065700" lon="108.3986770">
    <ele>2464.0</ele>
   </trkpt>
   <trkpt lat="-6.9065670" lon="108.3986810">
    <ele>2465.0</ele>
   </trkpt>
   <trkpt lat="-6.9065640" lon="108.3986850">
    <ele>2465.0</ele>
   </trkpt>
   <trkpt lat="-6.9065610" lon="108.3986890">
    <ele>2465.0</ele>
   </trkpt>
   <trkpt lat="-6.9065550" lon="108.3986950">
    <ele>2465.0</ele>
   </trkpt>
   <trkpt lat="-6.9065480" lon="108.3987010">
    <ele>2465.0</ele>
   </trkpt>
   <trkpt lat="-6.9065420" lon="108.3987050">
    <ele>2466.0</ele>
   </trkpt>
   <trkpt lat="-6.9065360" lon="108.3987100">
    <ele>2466.0</ele>
   </trkpt>
   <trkpt lat="-6.9065300" lon="108.3987150">
    <ele>2466.0</ele>
   </trkpt>
   <trkpt lat="-6.9065230" lon="108.3987190">
    <ele>2466.0</ele>
   </trkpt>
   <trkpt lat="-6.9065160" lon="108.3987220">
    <ele>2466.0</ele>
   </trkpt>
   <trkpt lat="-6.9065090" lon="108.3987260">
    <ele>2467.0</ele>
   </trkpt>
   <trkpt lat="-6.9065040" lon="108.3987260">
    <ele>2467.0</ele>
   </trkpt>
   <trkpt lat="-6.9064990" lon="108.3987260">
    <ele>2467.0</ele>
   </trkpt>
   <trkpt lat="-6.9064950" lon="108.3987230">
    <ele>2467.0</ele>
   </trkpt>
   <trkpt lat="-6.9064920" lon="108.3987200">
    <ele>2467.0</ele>
   </trkpt>
   <trkpt lat="-6.9064880" lon="108.3987160">
    <ele>2468.0</ele>
   </trkpt>
   <trkpt lat="-6.9064840" lon="108.3987130">
    <ele>2468.0</ele>
   </trkpt>
   <trkpt lat="-6.9064800" lon="108.3987120">
    <ele>2468.0</ele>
   </trkpt>
   <trkpt lat="-6.9064750" lon="108.3987100">
    <ele>2468.0</ele>
   </trkpt>
   <trkpt lat="-6.9064700" lon="108.3987100">
    <ele>2468.0</ele>
   </trkpt>
   <trkpt lat="-6.9064650" lon="108.3987100">
    <ele>2469.0</ele>
   </trkpt>
   <trkpt lat="-6.9064590" lon="108.3987100">
    <ele>2469.0</ele>
   </trkpt>
   <trkpt lat="-6.9064540" lon="108.3987110">
    <ele>2469.0</ele>
   </trkpt>
   <trkpt lat="-6.9064470" lon="108.3987110">
    <ele>2469.0</ele>
   </trkpt>
   <trkpt lat="-6.9064400" lon="108.3987110">
    <ele>2469.0</ele>
   </trkpt>
   <trkpt lat="-6.9064320" lon="108.3987120">
    <ele>2470.0</ele>
   </trkpt>
   <trkpt lat="-6.9064240" lon="108.3987120">
    <ele>2470.0</ele>
   </trkpt>
   <trkpt lat="-6.9064150" lon="108.3987120">
    <ele>2470.0</ele>
   </trkpt>
   <trkpt lat="-6.9064060" lon="108.3987110">
    <ele>2470.0</ele>
   </trkpt>
   <trkpt lat="-6.9063980" lon="108.3987090">
    <ele>2470.0</ele>
   </trkpt>
   <trkpt lat="-6.9063900" lon="108.3987070">
    <ele>2471.0</ele>
   </trkpt>
   <trkpt lat="-6.9063830" lon="108.3987050">
    <ele>2471.0</ele>
   </trkpt>
   <trkpt lat="-6.9063760" lon="108.3987020">
    <ele>2471.0</ele>
   </trkpt>
   <trkpt lat="-6.9063690" lon="108.3987010">
    <ele>2471.0</ele>
   </trkpt>
   <trkpt lat="-6.9063610" lon="108.3987000">
    <ele>2471.0</ele>
   </trkpt>
   <trkpt lat="-6.9063540" lon="108.3986990">
    <ele>2472.0</ele>
   </trkpt>
   <trkpt lat="-6.9063460" lon="108.3986980">
    <ele>2472.0</ele>
   </trkpt>
   <trkpt lat="-6.9063370" lon="108.3986970">
    <ele>2472.0</ele>
   </trkpt>
   <trkpt lat="-6.9063280" lon="108.3986960">
    <ele>2473.0</ele>
   </trkpt>
   <trkpt lat="-6.9063190" lon="108.3986960">
    <ele>2473.0</ele>
   </trkpt>
   <trkpt lat="-6.9063110" lon="108.3986960">
    <ele>2474.0</ele>
   </trkpt>
   <trkpt lat="-6.9063030" lon="108.3986950">
    <ele>2474.0</ele>
   </trkpt>
   <trkpt lat="-6.9062960" lon="108.3986940">
    <ele>2474.0</ele>
   </trkpt>
   <trkpt lat="-6.9062890" lon="108.3986920">
    <ele>2474.0</ele>
   </trkpt>
   <trkpt lat="-6.9062820" lon="108.3986890">
    <ele>2474.0</ele>
   </trkpt>
   <trkpt lat="-6.9062750" lon="108.3986870">
    <ele>2475.0</ele>
   </trkpt>
   <trkpt lat="-6.9062690" lon="108.3986850">
    <ele>2475.0</ele>
   </trkpt>
   <trkpt lat="-6.9062630" lon="108.3986840">
    <ele>2475.0</ele>
   </trkpt>
   <trkpt lat="-6.9062560" lon="108.3986830">
    <ele>2475.0</ele>
   </trkpt>
   <trkpt lat="-6.9062490" lon="108.3986830">
    <ele>2475.0</ele>
   </trkpt>
   <trkpt lat="-6.9062420" lon="108.3986820">
    <ele>2476.0</ele>
   </trkpt>
   <trkpt lat="-6.9062330" lon="108.3986820">
    <ele>2476.0</ele>
   </trkpt>
   <trkpt lat="-6.9062250" lon="108.3986820">
    <ele>2476.0</ele>
   </trkpt>
   <trkpt lat="-6.9062150" lon="108.3986820">
    <ele>2476.0</ele>
   </trkpt>
   <trkpt lat="-6.9062060" lon="108.3986820">
    <ele>2476.0</ele>
   </trkpt>
   <trkpt lat="-6.9061970" lon="108.3986830">
    <ele>2477.0</ele>
   </trkpt>
   <trkpt lat="-6.9061890" lon="108.3986830">
    <ele>2477.0</ele>
   </trkpt>
   <trkpt lat="-6.9061810" lon="108.3986830">
    <ele>2477.0</ele>
   </trkpt>
   <trkpt lat="-6.9061730" lon="108.3986840">
    <ele>2477.0</ele>
   </trkpt>
   <trkpt lat="-6.9061630" lon="108.3986860">
    <ele>2477.0</ele>
   </trkpt>
   <trkpt lat="-6.9061540" lon="108.3986890">
    <ele>2478.0</ele>
   </trkpt>
   <trkpt lat="-6.9061440" lon="108.3986930">
    <ele>2478.0</ele>
   </trkpt>
   <trkpt lat="-6.9061330" lon="108.3986960">
    <ele>2478.0</ele>
   </trkpt>
   <trkpt lat="-6.9061220" lon="108.3987020">
    <ele>2478.0</ele>
   </trkpt>
   <trkpt lat="-6.9061110" lon="108.3987080">
    <ele>2478.0</ele>
   </trkpt>
   <trkpt lat="-6.9061000" lon="108.3987150">
    <ele>2479.0</ele>
   </trkpt>
   <trkpt lat="-6.9060890" lon="108.3987230">
    <ele>2479.0</ele>
   </trkpt>
   <trkpt lat="-6.9060800" lon="108.3987310">
    <ele>2479.0</ele>
   </trkpt>
   <trkpt lat="-6.9060700" lon="108.3987380">
    <ele>2479.0</ele>
   </trkpt>
   <trkpt lat="-6.9060620" lon="108.3987450">
    <ele>2479.0</ele>
   </trkpt>
   <trkpt lat="-6.9060530" lon="108.3987510">
    <ele>2480.0</ele>
   </trkpt>
   <trkpt lat="-6.9060470" lon="108.3987540">
    <ele>2480.0</ele>
   </trkpt>
   <trkpt lat="-6.9060400" lon="108.3987570">
    <ele>2480.0</ele>
   </trkpt>
   <trkpt lat="-6.9060310" lon="108.3987600">
    <ele>2480.0</ele>
   </trkpt>
   <trkpt lat="-6.9060220" lon="108.3987620">
    <ele>2480.0</ele>
   </trkpt>
   <trkpt lat="-6.9060100" lon="108.3987670">
    <ele>2481.0</ele>
   </trkpt>
   <trkpt lat="-6.9059970" lon="108.3987720">
    <ele>2481.0</ele>
   </trkpt>
   <trkpt lat="-6.9059840" lon="108.3987790">
    <ele>2481.0</ele>
   </trkpt>
   <trkpt lat="-6.9059710" lon="108.3987860">
    <ele>2482.0</ele>
   </trkpt>
   <trkpt lat="-6.9059590" lon="108.3987960">
    <ele>2482.0</ele>
   </trkpt>
   <trkpt lat="-6.9059470" lon="108.3988060">
    <ele>2483.0</ele>
   </trkpt>
   <trkpt lat="-6.9059360" lon="108.3988170">
    <ele>2483.0</ele>
   </trkpt>
   <trkpt lat="-6.9059260" lon="108.3988270">
    <ele>2483.0</ele>
   </trkpt>
   <trkpt lat="-6.9059160" lon="108.3988360">
    <ele>2483.0</ele>
   </trkpt>
   <trkpt lat="-6.9059070" lon="108.3988450">
    <ele>2483.0</ele>
   </trkpt>
   <trkpt lat="-6.9058980" lon="108.3988540">
    <ele>2483.0</ele>
   </trkpt>
   <trkpt lat="-6.9058890" lon="108.3988630">
    <ele>2483.0</ele>
   </trkpt>
   <trkpt lat="-6.9058790" lon="108.3988720">
    <ele>2483.0</ele>
   </trkpt>
   <trkpt lat="-6.9058700" lon="108.3988810">
    <ele>2483.0</ele>
   </trkpt>
   <trkpt lat="-6.9058590" lon="108.3988900">
    <ele>2483.0</ele>
   </trkpt>
   <trkpt lat="-6.9058480" lon="108.3988990">
    <ele>2484.0</ele>
   </trkpt>
   <trkpt lat="-6.9058370" lon="108.3989080">
    <ele>2484.0</ele>
   </trkpt>
   <trkpt lat="-6.9058250" lon="108.3989170">
    <ele>2484.0</ele>
   </trkpt>
   <trkpt lat="-6.9058140" lon="108.3989250">
    <ele>2485.0</ele>
   </trkpt>
   <trkpt lat="-6.9058020" lon="108.3989320">
    <ele>2485.0</ele>
   </trkpt>
   <trkpt lat="-6.9057910" lon="108.3989380">
    <ele>2486.0</ele>
   </trkpt>
   <trkpt lat="-6.9057810" lon="108.3989440">
    <ele>2486.0</ele>
   </trkpt>
   <trkpt lat="-6.9057710" lon="108.3989470">
    <ele>2486.0</ele>
   </trkpt>
   <trkpt lat="-6.9057620" lon="108.3989510">
    <ele>2486.0</ele>
   </trkpt>
   <trkpt lat="-6.9057550" lon="108.3989550">
    <ele>2486.0</ele>
   </trkpt>
   <trkpt lat="-6.9057480" lon="108.3989600">
    <ele>2487.0</ele>
   </trkpt>
   <trkpt lat="-6.9057430" lon="108.3989680">
    <ele>2487.0</ele>
   </trkpt>
   <trkpt lat="-6.9057390" lon="108.3989760">
    <ele>2487.0</ele>
   </trkpt>
   <trkpt lat="-6.9057340" lon="108.3989850">
    <ele>2487.0</ele>
   </trkpt>
   <trkpt lat="-6.9057300" lon="108.3989940">
    <ele>2487.0</ele>
   </trkpt>
   <trkpt lat="-6.9057250" lon="108.3990020">
    <ele>2488.0</ele>
   </trkpt>
   <trkpt lat="-6.9057200" lon="108.3990110">
    <ele>2488.0</ele>
   </trkpt>
   <trkpt lat="-6.9057150" lon="108.3990150">
    <ele>2488.0</ele>
   </trkpt>
   <trkpt lat="-6.9057100" lon="108.3990200">
    <ele>2488.0</ele>
   </trkpt>
   <trkpt lat="-6.9057040" lon="108.3990230">
    <ele>2488.0</ele>
   </trkpt>
   <trkpt lat="-6.9056990" lon="108.3990260">
    <ele>2489.0</ele>
   </trkpt>
   <trkpt lat="-6.9056960" lon="108.3990290">
    <ele>2489.0</ele>
   </trkpt>
   <trkpt lat="-6.9056930" lon="108.3990310">
    <ele>2489.0</ele>
   </trkpt>
   <trkpt lat="-6.9056910" lon="108.3990330">
    <ele>2489.0</ele>
   </trkpt>
   <trkpt lat="-6.9056880" lon="108.3990340">
    <ele>2489.0</ele>
   </trkpt>
   <trkpt lat="-6.9056860" lon="108.3990360">
    <ele>2490.0</ele>
   </trkpt>
   <trkpt lat="-6.9056840" lon="108.3990380">
    <ele>2490.0</ele>
   </trkpt>
   <trkpt lat="-6.9056770" lon="108.3990420">
    <ele>2490.0</ele>
   </trkpt>
   <trkpt lat="-6.9056700" lon="108.3990470">
    <ele>2490.0</ele>
   </trkpt>
   <trkpt lat="-6.9056650" lon="108.3990510">
    <ele>2490.0</ele>
   </trkpt>
   <trkpt lat="-6.9056600" lon="108.3990560">
    <ele>2491.0</ele>
   </trkpt>
   <trkpt lat="-6.9056550" lon="108.3990620">
    <ele>2491.0</ele>
   </trkpt>
   <trkpt lat="-6.9056500" lon="108.3990670">
    <ele>2491.0</ele>
   </trkpt>
   <trkpt lat="-6.9056470" lon="108.3990710">
    <ele>2491.0</ele>
   </trkpt>
   <trkpt lat="-6.9056430" lon="108.3990750">
    <ele>2491.0</ele>
   </trkpt>
   <trkpt lat="-6.9056370" lon="108.3990810">
    <ele>2492.0</ele>
   </trkpt>
   <trkpt lat="-6.9056310" lon="108.3990870">
    <ele>2492.0</ele>
   </trkpt>
   <trkpt lat="-6.9056250" lon="108.3990920">
    <ele>2492.0</ele>
   </trkpt>
   <trkpt lat="-6.9056180" lon="108.3990960">
    <ele>2492.0</ele>
   </trkpt>
   <trkpt lat="-6.9056100" lon="108.3991020">
    <ele>2492.0</ele>
   </trkpt>
   <trkpt lat="-6.9056030" lon="108.3991070">
    <ele>2493.0</ele>
   </trkpt>
   <trkpt lat="-6.9055960" lon="108.3991130">
    <ele>2493.0</ele>
   </trkpt>
   <trkpt lat="-6.9055880" lon="108.3991200">
    <ele>2493.0</ele>
   </trkpt>
   <trkpt lat="-6.9055810" lon="108.3991270">
    <ele>2493.0</ele>
   </trkpt>
   <trkpt lat="-6.9055750" lon="108.3991340">
    <ele>2493.0</ele>
   </trkpt>
   <trkpt lat="-6.9055680" lon="108.3991410">
    <ele>2494.0</ele>
   </trkpt>
   <trkpt lat="-6.9055610" lon="108.3991480">
    <ele>2494.0</ele>
   </trkpt>
   <trkpt lat="-6.9055550" lon="108.3991550">
    <ele>2494.0</ele>
   </trkpt>
   <trkpt lat="-6.9055490" lon="108.3991620">
    <ele>2494.0</ele>
   </trkpt>
   <trkpt lat="-6.9055420" lon="108.3991680">
    <ele>2494.0</ele>
   </trkpt>
   <trkpt lat="-6.9055360" lon="108.3991740">
    <ele>2495.0</ele>
   </trkpt>
   <trkpt lat="-6.9055300" lon="108.3991770">
    <ele>2495.0</ele>
   </trkpt>
   <trkpt lat="-6.9055240" lon="108.3991800">
    <ele>2495.0</ele>
   </trkpt>
   <trkpt lat="-6.9055170" lon="108.3991820">
    <ele>2495.0</ele>
   </trkpt>
   <trkpt lat="-6.9055110" lon="108.3991850">
    <ele>2495.0</ele>
   </trkpt>
   <trkpt lat="-6.9055030" lon="108.3991880">
    <ele>2496.0</ele>
   </trkpt>
   <trkpt lat="-6.9054950" lon="108.3991920">
    <ele>2496.0</ele>
   </trkpt>
   <trkpt lat="-6.9054880" lon="108.3991940">
    <ele>2496.0</ele>
   </trkpt>
   <trkpt lat="-6.9054810" lon="108.3991970">
    <ele>2496.0</ele>
   </trkpt>
   <trkpt lat="-6.9054730" lon="108.3991970">
    <ele>2496.0</ele>
   </trkpt>
   <trkpt lat="-6.9054660" lon="108.3991970">
    <ele>2497.0</ele>
   </trkpt>
   <trkpt lat="-6.9054570" lon="108.3991960">
    <ele>2497.0</ele>
   </trkpt>
   <trkpt lat="-6.9054490" lon="108.3991950">
    <ele>2497.0</ele>
   </trkpt>
   <trkpt lat="-6.9054400" lon="108.3991960">
    <ele>2497.0</ele>
   </trkpt>
   <trkpt lat="-6.9054320" lon="108.3991970">
    <ele>2497.0</ele>
   </trkpt>
   <trkpt lat="-6.9054240" lon="108.3991990">
    <ele>2498.0</ele>
   </trkpt>
   <trkpt lat="-6.9054150" lon="108.3992020">
    <ele>2498.0</ele>
   </trkpt>
   <trkpt lat="-6.9054120" lon="108.3992030">
    <ele>2498.0</ele>
   </trkpt>
   <trkpt lat="-6.9054100" lon="108.3992040">
    <ele>2499.0</ele>
   </trkpt>
   <trkpt lat="-6.9054070" lon="108.3992050">
    <ele>2499.0</ele>
   </trkpt>
   <trkpt lat="-6.9054040" lon="108.3992050">
    <ele>2500.0</ele>
   </trkpt>
   <trkpt lat="-6.9053970" lon="108.3992060">
    <ele>2500.0</ele>
   </trkpt>
   <trkpt lat="-6.9053890" lon="108.3992070">
    <ele>2500.0</ele>
   </trkpt>
   <trkpt lat="-6.9053830" lon="108.3992060">
    <ele>2500.0</ele>
   </trkpt>
   <trkpt lat="-6.9053770" lon="108.3992050">
    <ele>2500.0</ele>
   </trkpt>
   <trkpt lat="-6.9053700" lon="108.3992020">
    <ele>2501.0</ele>
   </trkpt>
   <trkpt lat="-6.9053640" lon="108.3992000">
    <ele>2501.0</ele>
   </trkpt>
   <trkpt lat="-6.9053580" lon="108.3991990">
    <ele>2501.0</ele>
   </trkpt>
   <trkpt lat="-6.9053510" lon="108.3991990">
    <ele>2502.0</ele>
   </trkpt>
   <trkpt lat="-6.9053430" lon="108.3991980">
    <ele>2502.0</ele>
   </trkpt>
   <trkpt lat="-6.9053360" lon="108.3991970">
    <ele>2503.0</ele>
   </trkpt>
   <trkpt lat="-6.9053260" lon="108.3991990">
    <ele>2503.0</ele>
   </trkpt>
   <trkpt lat="-6.9053160" lon="108.3992010">
    <ele>2503.0</ele>
   </trkpt>
   <trkpt lat="-6.9053080" lon="108.3992070">
    <ele>2503.0</ele>
   </trkpt>
   <trkpt lat="-6.9052990" lon="108.3992130">
    <ele>2503.0</ele>
   </trkpt>
   <trkpt lat="-6.9052900" lon="108.3992220">
    <ele>2504.0</ele>
   </trkpt>
   <trkpt lat="-6.9052820" lon="108.3992310">
    <ele>2504.0</ele>
   </trkpt>
   <trkpt lat="-6.9052730" lon="108.3992400">
    <ele>2504.0</ele>
   </trkpt>
   <trkpt lat="-6.9052640" lon="108.3992490">
    <ele>2504.0</ele>
   </trkpt>
   <trkpt lat="-6.9052540" lon="108.3992590">
    <ele>2504.0</ele>
   </trkpt>
   <trkpt lat="-6.9052450" lon="108.3992680">
    <ele>2505.0</ele>
   </trkpt>
   <trkpt lat="-6.9052380" lon="108.3992800">
    <ele>2505.0</ele>
   </trkpt>
   <trkpt lat="-6.9052310" lon="108.3992910">
    <ele>2505.0</ele>
   </trkpt>
   <trkpt lat="-6.9052260" lon="108.3993040">
    <ele>2505.0</ele>
   </trkpt>
   <trkpt lat="-6.9052210" lon="108.3993170">
    <ele>2505.0</ele>
   </trkpt>
   <trkpt lat="-6.9052160" lon="108.3993290">
    <ele>2506.0</ele>
   </trkpt>
   <trkpt lat="-6.9052110" lon="108.3993420">
    <ele>2506.0</ele>
   </trkpt>
   <trkpt lat="-6.9052070" lon="108.3993540">
    <ele>2506.0</ele>
   </trkpt>
   <trkpt lat="-6.9052020" lon="108.3993650">
    <ele>2506.0</ele>
   </trkpt>
   <trkpt lat="-6.9051970" lon="108.3993740">
    <ele>2506.0</ele>
   </trkpt>
   <trkpt lat="-6.9051920" lon="108.3993830">
    <ele>2507.0</ele>
   </trkpt>
   <trkpt lat="-6.9051840" lon="108.3993900">
    <ele>2507.0</ele>
   </trkpt>
   <trkpt lat="-6.9051770" lon="108.3993970">
    <ele>2507.0</ele>
   </trkpt>
   <trkpt lat="-6.9051700" lon="108.3994020">
    <ele>2507.0</ele>
   </trkpt>
   <trkpt lat="-6.9051630" lon="108.3994080">
    <ele>2507.0</ele>
   </trkpt>
   <trkpt lat="-6.9051560" lon="108.3994120">
    <ele>2508.0</ele>
   </trkpt>
   <trkpt lat="-6.9051490" lon="108.3994160">
    <ele>2508.0</ele>
   </trkpt>
   <trkpt lat="-6.9051420" lon="108.3994200">
    <ele>2508.0</ele>
   </trkpt>
   <trkpt lat="-6.9051350" lon="108.3994230">
    <ele>2508.0</ele>
   </trkpt>
   <trkpt lat="-6.9051280" lon="108.3994260">
    <ele>2508.0</ele>
   </trkpt>
   <trkpt lat="-6.9051210" lon="108.3994300">
    <ele>2509.0</ele>
   </trkpt>
   <trkpt lat="-6.9051150" lon="108.3994360">
    <ele>2509.0</ele>
   </trkpt>
   <trkpt lat="-6.9051090" lon="108.3994420">
    <ele>2509.0</ele>
   </trkpt>
   <trkpt lat="-6.9051030" lon="108.3994490">
    <ele>2509.0</ele>
   </trkpt>
   <trkpt lat="-6.9050980" lon="108.3994560">
    <ele>2509.0</ele>
   </trkpt>
   <trkpt lat="-6.9050920" lon="108.3994610">
    <ele>2510.0</ele>
   </trkpt>
   <trkpt lat="-6.9050870" lon="108.3994660">
    <ele>2510.0</ele>
   </trkpt>
   <trkpt lat="-6.9050810" lon="108.3994690">
    <ele>2510.0</ele>
   </trkpt>
   <trkpt lat="-6.9050750" lon="108.3994720">
    <ele>2510.0</ele>
   </trkpt>
   <trkpt lat="-6.9050720" lon="108.3994730">
    <ele>2510.0</ele>
   </trkpt>
   <trkpt lat="-6.9050690" lon="108.3994730">
    <ele>2511.0</ele>
   </trkpt>
   <trkpt lat="-6.9050660" lon="108.3994740">
    <ele>2511.0</ele>
   </trkpt>
   <trkpt lat="-6.9050590" lon="108.3994740">
    <ele>2511.0</ele>
   </trkpt>
   <trkpt lat="-6.9050520" lon="108.3994740">
    <ele>2512.0</ele>
   </trkpt>
   <trkpt lat="-6.9050470" lon="108.3994760">
    <ele>2512.0</ele>
   </trkpt>
   <trkpt lat="-6.9050420" lon="108.3994780">
    <ele>2513.0</ele>
   </trkpt>
   <trkpt lat="-6.9050380" lon="108.3994820">
    <ele>2513.0</ele>
   </trkpt>
   <trkpt lat="-6.9050350" lon="108.3994870">
    <ele>2513.0</ele>
   </trkpt>
   <trkpt lat="-6.9050310" lon="108.3994940">
    <ele>2513.0</ele>
   </trkpt>
   <trkpt lat="-6.9050280" lon="108.3995000">
    <ele>2513.0</ele>
   </trkpt>
   <trkpt lat="-6.9050230" lon="108.3995050">
    <ele>2514.0</ele>
   </trkpt>
   <trkpt lat="-6.9050170" lon="108.3995110">
    <ele>2514.0</ele>
   </trkpt>
   <trkpt lat="-6.9050100" lon="108.3995150">
    <ele>2514.0</ele>
   </trkpt>
   <trkpt lat="-6.9050040" lon="108.3995200">
    <ele>2514.0</ele>
   </trkpt>
   <trkpt lat="-6.9049960" lon="108.3995230">
    <ele>2514.0</ele>
   </trkpt>
   <trkpt lat="-6.9049880" lon="108.3995270">
    <ele>2515.0</ele>
   </trkpt>
   <trkpt lat="-6.9049790" lon="108.3995290">
    <ele>2515.0</ele>
   </trkpt>
   <trkpt lat="-6.9049700" lon="108.3995310">
    <ele>2515.0</ele>
   </trkpt>
   <trkpt lat="-6.9049600" lon="108.3995340">
    <ele>2515.0</ele>
   </trkpt>
   <trkpt lat="-6.9049510" lon="108.3995360">
    <ele>2515.0</ele>
   </trkpt>
   <trkpt lat="-6.9049410" lon="108.3995420">
    <ele>2516.0</ele>
   </trkpt>
   <trkpt lat="-6.9049320" lon="108.3995470">
    <ele>2516.0</ele>
   </trkpt>
   <trkpt lat="-6.9049210" lon="108.3995530">
    <ele>2516.0</ele>
   </trkpt>
   <trkpt lat="-6.9049110" lon="108.3995600">
    <ele>2516.0</ele>
   </trkpt>
   <trkpt lat="-6.9049020" lon="108.3995660">
    <ele>2516.0</ele>
   </trkpt>
   <trkpt lat="-6.9048920" lon="108.3995730">
    <ele>2517.0</ele>
   </trkpt>
   <trkpt lat="-6.9048830" lon="108.3995750">
    <ele>2517.0</ele>
   </trkpt>
   <trkpt lat="-6.9048740" lon="108.3995780">
    <ele>2517.0</ele>
   </trkpt>
   <trkpt lat="-6.9048650" lon="108.3995790">
    <ele>2517.0</ele>
   </trkpt>
   <trkpt lat="-6.9048560" lon="108.3995800">
    <ele>2517.0</ele>
   </trkpt>
   <trkpt lat="-6.9048480" lon="108.3995840">
    <ele>2518.0</ele>
   </trkpt>
   <trkpt lat="-6.9048390" lon="108.3995880">
    <ele>2518.0</ele>
   </trkpt>
   <trkpt lat="-6.9048310" lon="108.3995920">
    <ele>2518.0</ele>
   </trkpt>
   <trkpt lat="-6.9048230" lon="108.3995960">
    <ele>2518.0</ele>
   </trkpt>
   <trkpt lat="-6.9048160" lon="108.3995990">
    <ele>2518.0</ele>
   </trkpt>
   <trkpt lat="-6.9048090" lon="108.3996020">
    <ele>2519.0</ele>
   </trkpt>
   <trkpt lat="-6.9048020" lon="108.3996030">
    <ele>2519.0</ele>
   </trkpt>
   <trkpt lat="-6.9047950" lon="108.3996050">
    <ele>2519.0</ele>
   </trkpt>
   <trkpt lat="-6.9047880" lon="108.3996060">
    <ele>2519.0</ele>
   </trkpt>
   <trkpt lat="-6.9047810" lon="108.3996060">
    <ele>2519.0</ele>
   </trkpt>
   <trkpt lat="-6.9047740" lon="108.3996080">
    <ele>2520.0</ele>
   </trkpt>
   <trkpt lat="-6.9047680" lon="108.3996090">
    <ele>2520.0</ele>
   </trkpt>
   <trkpt lat="-6.9047620" lon="108.3996130">
    <ele>2520.0</ele>
   </trkpt>
   <trkpt lat="-6.9047570" lon="108.3996170">
    <ele>2520.0</ele>
   </trkpt>
   <trkpt lat="-6.9047530" lon="108.3996230">
    <ele>2520.0</ele>
   </trkpt>
   <trkpt lat="-6.9047490" lon="108.3996290">
    <ele>2521.0</ele>
   </trkpt>
   <trkpt lat="-6.9047450" lon="108.3996350">
    <ele>2521.0</ele>
   </trkpt>
   <trkpt lat="-6.9047420" lon="108.3996420">
    <ele>2521.0</ele>
   </trkpt>
   <trkpt lat="-6.9047380" lon="108.3996490">
    <ele>2521.0</ele>
   </trkpt>
   <trkpt lat="-6.9047350" lon="108.3996560">
    <ele>2521.0</ele>
   </trkpt>
   <trkpt lat="-6.9047330" lon="108.3996580">
    <ele>2521.0</ele>
   </trkpt>
   <trkpt lat="-6.9047310" lon="108.3996590">
    <ele>2521.0</ele>
   </trkpt>
   <trkpt lat="-6.9047290" lon="108.3996610">
    <ele>2521.0</ele>
   </trkpt>
   <trkpt lat="-6.9047270" lon="108.3996620">
    <ele>2521.0</ele>
   </trkpt>
   <trkpt lat="-6.9047210" lon="108.3996650">
    <ele>2521.0</ele>
   </trkpt>
   <trkpt lat="-6.9047150" lon="108.3996670">
    <ele>2522.0</ele>
   </trkpt>
   <trkpt lat="-6.9047150" lon="108.3996670">
    <ele>2522.0</ele>
   </trkpt>
   <trkpt lat="-6.9047150" lon="108.3996670">
    <ele>2522.0</ele>
   </trkpt>
   <trkpt lat="-6.9047150" lon="108.3996670">
    <ele>2522.0</ele>
   </trkpt>
   <trkpt lat="-6.9047150" lon="108.3996670">
    <ele>2522.0</ele>
   </trkpt>
   <trkpt lat="-6.9047150" lon="108.3996670">
    <ele>2523.0</ele>
   </trkpt>
   <trkpt lat="-6.9047150" lon="108.3996670">
    <ele>2523.0</ele>
   </trkpt>
   <trkpt lat="-6.9047150" lon="108.3996670">
    <ele>2523.0</ele>
   </trkpt>
   <trkpt lat="-6.9047150" lon="108.3996670">
    <ele>2523.0</ele>
   </trkpt>
   <trkpt lat="-6.9047150" lon="108.3996670">
    <ele>2523.0</ele>
   </trkpt>
   <trkpt lat="-6.9047150" lon="108.3996670">
    <ele>2524.0</ele>
   </trkpt>
   <trkpt lat="-6.9047150" lon="108.3996670">
    <ele>2524.0</ele>
   </trkpt>
   <trkpt lat="-6.9047150" lon="108.3996670">
    <ele>2524.0</ele>
   </trkpt>
   <trkpt lat="-6.9047150" lon="108.3996670">
    <ele>2524.0</ele>
   </trkpt>
   <trkpt lat="-6.9047150" lon="108.3996670">
    <ele>2524.0</ele>
   </trkpt>
   <trkpt lat="-6.9047150" lon="108.3996670">
    <ele>2525.0</ele>
   </trkpt>
   <trkpt lat="-6.9046920" lon="108.3996820">
    <ele>2525.0</ele>
   </trkpt>
   <trkpt lat="-6.9046810" lon="108.3996910">
    <ele>2525.0</ele>
   </trkpt>
   <trkpt lat="-6.9046700" lon="108.3997000">
    <ele>2525.0</ele>
   </trkpt>
   <trkpt lat="-6.9046640" lon="108.3997050">
    <ele>2525.0</ele>
   </trkpt>
   <trkpt lat="-6.9046570" lon="108.3997110">
    <ele>2526.0</ele>
   </trkpt>
   <trkpt lat="-6.9046510" lon="108.3997170">
    <ele>2526.0</ele>
   </trkpt>
   <trkpt lat="-6.9046460" lon="108.3997230">
    <ele>2527.0</ele>
   </trkpt>
   <trkpt lat="-6.9046420" lon="108.3997300">
    <ele>2527.0</ele>
   </trkpt>
   <trkpt lat="-6.9046380" lon="108.3997380">
    <ele>2528.0</ele>
   </trkpt>
   <trkpt lat="-6.9046330" lon="108.3997440">
    <ele>2529.0</ele>
   </trkpt>
   <trkpt lat="-6.9046290" lon="108.3997510">
    <ele>2529.0</ele>
   </trkpt>
   <trkpt lat="-6.9046240" lon="108.3997560">
    <ele>2529.0</ele>
   </trkpt>
   <trkpt lat="-6.9046190" lon="108.3997620">
    <ele>2529.0</ele>
   </trkpt>
   <trkpt lat="-6.9046140" lon="108.3997660">
    <ele>2529.0</ele>
   </trkpt>
   <trkpt lat="-6.9046090" lon="108.3997710">
    <ele>2530.0</ele>
   </trkpt>
   <trkpt lat="-6.9046040" lon="108.3997770">
    <ele>2530.0</ele>
   </trkpt>
   <trkpt lat="-6.9045990" lon="108.3997820">
    <ele>2530.0</ele>
   </trkpt>
   <trkpt lat="-6.9045930" lon="108.3997870">
    <ele>2531.0</ele>
   </trkpt>
   <trkpt lat="-6.9045880" lon="108.3997930">
    <ele>2531.0</ele>
   </trkpt>
   <trkpt lat="-6.9045830" lon="108.3997980">
    <ele>2532.0</ele>
   </trkpt>
   <trkpt lat="-6.9045770" lon="108.3998040">
    <ele>2532.0</ele>
   </trkpt>
   <trkpt lat="-6.9045720" lon="108.3998130">
    <ele>2532.0</ele>
   </trkpt>
   <trkpt lat="-6.9045670" lon="108.3998210">
    <ele>2532.0</ele>
   </trkpt>
   <trkpt lat="-6.9045610" lon="108.3998290">
    <ele>2532.0</ele>
   </trkpt>
   <trkpt lat="-6.9045560" lon="108.3998380">
    <ele>2533.0</ele>
   </trkpt>
   <trkpt lat="-6.9045490" lon="108.3998440">
    <ele>2533.0</ele>
   </trkpt>
   <trkpt lat="-6.9045420" lon="108.3998500">
    <ele>2533.0</ele>
   </trkpt>
   <trkpt lat="-6.9045340" lon="108.3998530">
    <ele>2533.0</ele>
   </trkpt>
   <trkpt lat="-6.9045260" lon="108.3998560">
    <ele>2533.0</ele>
   </trkpt>
   <trkpt lat="-6.9045180" lon="108.3998580">
    <ele>2534.0</ele>
   </trkpt>
   <trkpt lat="-6.9045100" lon="108.3998600">
    <ele>2534.0</ele>
   </trkpt>
   <trkpt lat="-6.9045030" lon="108.3998630">
    <ele>2534.0</ele>
   </trkpt>
   <trkpt lat="-6.9044960" lon="108.3998660">
    <ele>2534.0</ele>
   </trkpt>
   <trkpt lat="-6.9044890" lon="108.3998710">
    <ele>2534.0</ele>
   </trkpt>
   <trkpt lat="-6.9044820" lon="108.3998760">
    <ele>2535.0</ele>
   </trkpt>
   <trkpt lat="-6.9044770" lon="108.3998790">
    <ele>2535.0</ele>
   </trkpt>
   <trkpt lat="-6.9044720" lon="108.3998830">
    <ele>2535.0</ele>
   </trkpt>
   <trkpt lat="-6.9044670" lon="108.3998870">
    <ele>2535.0</ele>
   </trkpt>
   <trkpt lat="-6.9044640" lon="108.3998920">
    <ele>2535.0</ele>
   </trkpt>
   <trkpt lat="-6.9044610" lon="108.3998970">
    <ele>2536.0</ele>
   </trkpt>
   <trkpt lat="-6.9044580" lon="108.3999060">
    <ele>2536.0</ele>
   </trkpt>
   <trkpt lat="-6.9044550" lon="108.3999160">
    <ele>2536.0</ele>
   </trkpt>
   <trkpt lat="-6.9044530" lon="108.3999240">
    <ele>2536.0</ele>
   </trkpt>
   <trkpt lat="-6.9044500" lon="108.3999330">
    <ele>2536.0</ele>
   </trkpt>
   <trkpt lat="-6.9044470" lon="108.3999380">
    <ele>2537.0</ele>
   </trkpt>
   <trkpt lat="-6.9044450" lon="108.3999420">
    <ele>2537.0</ele>
   </trkpt>
   <trkpt lat="-6.9044420" lon="108.3999470">
    <ele>2537.0</ele>
   </trkpt>
   <trkpt lat="-6.9044370" lon="108.3999530">
    <ele>2537.0</ele>
   </trkpt>
   <trkpt lat="-6.9044330" lon="108.3999580">
    <ele>2537.0</ele>
   </trkpt>
   <trkpt lat="-6.9044310" lon="108.3999600">
    <ele>2538.0</ele>
   </trkpt>
   <trkpt lat="-6.9044280" lon="108.3999630">
    <ele>2538.0</ele>
   </trkpt>
   <trkpt lat="-6.9044260" lon="108.3999650">
    <ele>2538.0</ele>
   </trkpt>
   <trkpt lat="-6.9044240" lon="108.3999680">
    <ele>2538.0</ele>
   </trkpt>
   <trkpt lat="-6.9044220" lon="108.3999700">
    <ele>2538.0</ele>
   </trkpt>
   <trkpt lat="-6.9044160" lon="108.3999740">
    <ele>2539.0</ele>
   </trkpt>
   <trkpt lat="-6.9044100" lon="108.3999780">
    <ele>2539.0</ele>
   </trkpt>
   <trkpt lat="-6.9044040" lon="108.3999790">
    <ele>2539.0</ele>
   </trkpt>
   <trkpt lat="-6.9043990" lon="108.3999800">
    <ele>2539.0</ele>
   </trkpt>
   <trkpt lat="-6.9043930" lon="108.3999800">
    <ele>2539.0</ele>
   </trkpt>
   <trkpt lat="-6.9043870" lon="108.3999790">
    <ele>2540.0</ele>
   </trkpt>
   <trkpt lat="-6.9043800" lon="108.3999770">
    <ele>2540.0</ele>
   </trkpt>
   <trkpt lat="-6.9043730" lon="108.3999750">
    <ele>2540.0</ele>
   </trkpt>
   <trkpt lat="-6.9043660" lon="108.3999730">
    <ele>2540.0</ele>
   </trkpt>
   <trkpt lat="-6.9043600" lon="108.3999720">
    <ele>2540.0</ele>
   </trkpt>
   <trkpt lat="-6.9043540" lon="108.3999700">
    <ele>2541.0</ele>
   </trkpt>
   <trkpt lat="-6.9043480" lon="108.3999690">
    <ele>2541.0</ele>
   </trkpt>
   <trkpt lat="-6.9043430" lon="108.3999680">
    <ele>2541.0</ele>
   </trkpt>
   <trkpt lat="-6.9043350" lon="108.3999650">
    <ele>2542.0</ele>
   </trkpt>
   <trkpt lat="-6.9043270" lon="108.3999630">
    <ele>2542.0</ele>
   </trkpt>
   <trkpt lat="-6.9043200" lon="108.3999610">
    <ele>2543.0</ele>
   </trkpt>
   <trkpt lat="-6.9043130" lon="108.3999590">
    <ele>2543.0</ele>
   </trkpt>
   <trkpt lat="-6.9043110" lon="108.3999590">
    <ele>2543.0</ele>
   </trkpt>
   <trkpt lat="-6.9043090" lon="108.3999590">
    <ele>2543.0</ele>
   </trkpt>
   <trkpt lat="-6.9043070" lon="108.3999590">
    <ele>2543.0</ele>
   </trkpt>
   <trkpt lat="-6.9043050" lon="108.3999590">
    <ele>2544.0</ele>
   </trkpt>
   <trkpt lat="-6.9043040" lon="108.3999590">
    <ele>2544.0</ele>
   </trkpt>
   <trkpt lat="-6.9043030" lon="108.3999640">
    <ele>2544.0</ele>
   </trkpt>
   <trkpt lat="-6.9043020" lon="108.3999690">
    <ele>2545.0</ele>
   </trkpt>
   <trkpt lat="-6.9043020" lon="108.3999790">
    <ele>2545.0</ele>
   </trkpt>
   <trkpt lat="-6.9043010" lon="108.3999890">
    <ele>2546.0</ele>
   </trkpt>
   <trkpt lat="-6.9043000" lon="108.3999990">
    <ele>2546.0</ele>
   </trkpt>
   <trkpt lat="-6.9042980" lon="108.4000100">
    <ele>2546.0</ele>
   </trkpt>
   <trkpt lat="-6.9042940" lon="108.4000140">
    <ele>2546.0</ele>
   </trkpt>
   <trkpt lat="-6.9042910" lon="108.4000180">
    <ele>2546.0</ele>
   </trkpt>
   <trkpt lat="-6.9042870" lon="108.4000140">
    <ele>2547.0</ele>
   </trkpt>
   <trkpt lat="-6.9042840" lon="108.4000110">
    <ele>2547.0</ele>
   </trkpt>
   <trkpt lat="-6.9042790" lon="108.4000040">
    <ele>2547.0</ele>
   </trkpt>
   <trkpt lat="-6.9042750" lon="108.3999970">
    <ele>2547.0</ele>
   </trkpt>
   <trkpt lat="-6.9042690" lon="108.3999920">
    <ele>2547.0</ele>
   </trkpt>
   <trkpt lat="-6.9042630" lon="108.3999870">
    <ele>2548.0</ele>
   </trkpt>
   <trkpt lat="-6.9042590" lon="108.3999860">
    <ele>2548.0</ele>
   </trkpt>
   <trkpt lat="-6.9042550" lon="108.3999850">
    <ele>2548.0</ele>
   </trkpt>
   <trkpt lat="-6.9042490" lon="108.3999840">
    <ele>2548.0</ele>
   </trkpt>
   <trkpt lat="-6.9042430" lon="108.3999820">
    <ele>2548.0</ele>
   </trkpt>
   <trkpt lat="-6.9042390" lon="108.3999780">
    <ele>2549.0</ele>
   </trkpt>
   <trkpt lat="-6.9042350" lon="108.3999740">
    <ele>2549.0</ele>
   </trkpt>
   <trkpt lat="-6.9042310" lon="108.3999710">
    <ele>2549.0</ele>
   </trkpt>
   <trkpt lat="-6.9042260" lon="108.3999670">
    <ele>2549.0</ele>
   </trkpt>
   <trkpt lat="-6.9042210" lon="108.3999660">
    <ele>2549.0</ele>
   </trkpt>
   <trkpt lat="-6.9042160" lon="108.3999640">
    <ele>2550.0</ele>
   </trkpt>
   <trkpt lat="-6.9042130" lon="108.3999630">
    <ele>2550.0</ele>
   </trkpt>
   <trkpt lat="-6.9042100" lon="108.3999620">
    <ele>2550.0</ele>
   </trkpt>
   <trkpt lat="-6.9042070" lon="108.3999610">
    <ele>2550.0</ele>
   </trkpt>
   <trkpt lat="-6.9042050" lon="108.3999590">
    <ele>2550.0</ele>
   </trkpt>
   <trkpt lat="-6.9042020" lon="108.3999580">
    <ele>2551.0</ele>
   </trkpt>
   <trkpt lat="-6.9041970" lon="108.3999530">
    <ele>2551.0</ele>
   </trkpt>
   <trkpt lat="-6.9041920" lon="108.3999480">
    <ele>2551.0</ele>
   </trkpt>
   <trkpt lat="-6.9041890" lon="108.3999430">
    <ele>2551.0</ele>
   </trkpt>
   <trkpt lat="-6.9041860" lon="108.3999390">
    <ele>2551.0</ele>
   </trkpt>
   <trkpt lat="-6.9041810" lon="108.3999370">
    <ele>2552.0</ele>
   </trkpt>
   <trkpt lat="-6.9041770" lon="108.3999360">
    <ele>2552.0</ele>
   </trkpt>
   <trkpt lat="-6.9041710" lon="108.3999370">
    <ele>2552.0</ele>
   </trkpt>
   <trkpt lat="-6.9041650" lon="108.3999380">
    <ele>2552.0</ele>
   </trkpt>
   <trkpt lat="-6.9041580" lon="108.3999400">
    <ele>2552.0</ele>
   </trkpt>
   <trkpt lat="-6.9041520" lon="108.3999410">
    <ele>2553.0</ele>
   </trkpt>
   <trkpt lat="-6.9041430" lon="108.3999420">
    <ele>2553.0</ele>
   </trkpt>
   <trkpt lat="-6.9041350" lon="108.3999420">
    <ele>2553.0</ele>
   </trkpt>
   <trkpt lat="-6.9041260" lon="108.3999410">
    <ele>2553.0</ele>
   </trkpt>
   <trkpt lat="-6.9041180" lon="108.3999390">
    <ele>2553.0</ele>
   </trkpt>
   <trkpt lat="-6.9041100" lon="108.3999350">
    <ele>2554.0</ele>
   </trkpt>
   <trkpt lat="-6.9041020" lon="108.3999320">
    <ele>2554.0</ele>
   </trkpt>
   <trkpt lat="-6.9040930" lon="108.3999330">
    <ele>2554.0</ele>
   </trkpt>
   <trkpt lat="-6.9040850" lon="108.3999330">
    <ele>2554.0</ele>
   </trkpt>
   <trkpt lat="-6.9040770" lon="108.3999380">
    <ele>2554.0</ele>
   </trkpt>
   <trkpt lat="-6.9040690" lon="108.3999420">
    <ele>2555.0</ele>
   </trkpt>
   <trkpt lat="-6.9040630" lon="108.3999460">
    <ele>2555.0</ele>
   </trkpt>
   <trkpt lat="-6.9040570" lon="108.3999500">
    <ele>2555.0</ele>
   </trkpt>
   <trkpt lat="-6.9040520" lon="108.3999490">
    <ele>2555.0</ele>
   </trkpt>
   <trkpt lat="-6.9040480" lon="108.3999490">
    <ele>2555.0</ele>
   </trkpt>
   <trkpt lat="-6.9040450" lon="108.3999430">
    <ele>2556.0</ele>
   </trkpt>
   <trkpt lat="-6.9040430" lon="108.3999360">
    <ele>2556.0</ele>
   </trkpt>
   <trkpt lat="-6.9040410" lon="108.3999270">
    <ele>2556.0</ele>
   </trkpt>
   <trkpt lat="-6.9040400" lon="108.3999180">
    <ele>2556.0</ele>
   </trkpt>
   <trkpt lat="-6.9040370" lon="108.3999090">
    <ele>2556.0</ele>
   </trkpt>
   <trkpt lat="-6.9040340" lon="108.3999000">
    <ele>2557.0</ele>
   </trkpt>
   <trkpt lat="-6.9040280" lon="108.3998960">
    <ele>2557.0</ele>
   </trkpt>
   <trkpt lat="-6.9040220" lon="108.3998910">
    <ele>2557.0</ele>
   </trkpt>
   <trkpt lat="-6.9040130" lon="108.3998920">
    <ele>2557.0</ele>
   </trkpt>
   <trkpt lat="-6.9040040" lon="108.3998930">
    <ele>2557.0</ele>
   </trkpt>
   <trkpt lat="-6.9039960" lon="108.3998980">
    <ele>2558.0</ele>
   </trkpt>
   <trkpt lat="-6.9039880" lon="108.3999040">
    <ele>2558.0</ele>
   </trkpt>
   <trkpt lat="-6.9039790" lon="108.3999100">
    <ele>2558.0</ele>
   </trkpt>
   <trkpt lat="-6.9039700" lon="108.3999150">
    <ele>2558.0</ele>
   </trkpt>
   <trkpt lat="-6.9039590" lon="108.3999140">
    <ele>2558.0</ele>
   </trkpt>
   <trkpt lat="-6.9039480" lon="108.3999130">
    <ele>2559.0</ele>
   </trkpt>
   <trkpt lat="-6.9039360" lon="108.3999080">
    <ele>2559.0</ele>
   </trkpt>
   <trkpt lat="-6.9039230" lon="108.3999040">
    <ele>2559.0</ele>
   </trkpt>
   <trkpt lat="-6.9039100" lon="108.3999030">
    <ele>2559.0</ele>
   </trkpt>
   <trkpt lat="-6.9038970" lon="108.3999020">
    <ele>2559.0</ele>
   </trkpt>
   <trkpt lat="-6.9038830" lon="108.3999040">
    <ele>2560.0</ele>
   </trkpt>
   <trkpt lat="-6.9038690" lon="108.3999050">
    <ele>2560.0</ele>
   </trkpt>
   <trkpt lat="-6.9038550" lon="108.3999070">
    <ele>2560.0</ele>
   </trkpt>
   <trkpt lat="-6.9038400" lon="108.3999100">
    <ele>2560.0</ele>
   </trkpt>
   <trkpt lat="-6.9038260" lon="108.3999120">
    <ele>2560.0</ele>
   </trkpt>
   <trkpt lat="-6.9038120" lon="108.3999140">
    <ele>2561.0</ele>
   </trkpt>
   <trkpt lat="-6.9037970" lon="108.3999160">
    <ele>2561.0</ele>
   </trkpt>
   <trkpt lat="-6.9037820" lon="108.3999170">
    <ele>2561.0</ele>
   </trkpt>
   <trkpt lat="-6.9037690" lon="108.3999180">
    <ele>2562.0</ele>
   </trkpt>
   <trkpt lat="-6.9037560" lon="108.3999180">
    <ele>2562.0</ele>
   </trkpt>
   <trkpt lat="-6.9037450" lon="108.3999190">
    <ele>2563.0</ele>
   </trkpt>
   <trkpt lat="-6.9037350" lon="108.3999210">
    <ele>2563.0</ele>
   </trkpt>
   <trkpt lat="-6.9037260" lon="108.3999240">
    <ele>2563.0</ele>
   </trkpt>
   <trkpt lat="-6.9037180" lon="108.3999280">
    <ele>2564.0</ele>
   </trkpt>
   <trkpt lat="-6.9037110" lon="108.3999330">
    <ele>2564.0</ele>
   </trkpt>
   <trkpt lat="-6.9037040" lon="108.3999380">
    <ele>2565.0</ele>
   </trkpt>
   <trkpt lat="-6.9036980" lon="108.3999400">
    <ele>2565.0</ele>
   </trkpt>
   <trkpt lat="-6.9036920" lon="108.3999430">
    <ele>2565.0</ele>
   </trkpt>
   <trkpt lat="-6.9036860" lon="108.3999440">
    <ele>2565.0</ele>
   </trkpt>
   <trkpt lat="-6.9036790" lon="108.3999450">
    <ele>2565.0</ele>
   </trkpt>
   <trkpt lat="-6.9036720" lon="108.3999460">
    <ele>2566.0</ele>
   </trkpt>
   <trkpt lat="-6.9036640" lon="108.3999460">
    <ele>2566.0</ele>
   </trkpt>
   <trkpt lat="-6.9036570" lon="108.3999460">
    <ele>2566.0</ele>
   </trkpt>
   <trkpt lat="-6.9036490" lon="108.3999460">
    <ele>2566.0</ele>
   </trkpt>
   <trkpt lat="-6.9036410" lon="108.3999450">
    <ele>2566.0</ele>
   </trkpt>
   <trkpt lat="-6.9036340" lon="108.3999450">
    <ele>2567.0</ele>
   </trkpt>
   <trkpt lat="-6.9036260" lon="108.3999470">
    <ele>2567.0</ele>
   </trkpt>
   <trkpt lat="-6.9036180" lon="108.3999480">
    <ele>2567.0</ele>
   </trkpt>
   <trkpt lat="-6.9036110" lon="108.3999520">
    <ele>2567.0</ele>
   </trkpt>
   <trkpt lat="-6.9036040" lon="108.3999550">
    <ele>2567.0</ele>
   </trkpt>
   <trkpt lat="-6.9035970" lon="108.3999570">
    <ele>2568.0</ele>
   </trkpt>
   <trkpt lat="-6.9035900" lon="108.3999590">
    <ele>2568.0</ele>
   </trkpt>
   <trkpt lat="-6.9035820" lon="108.3999600">
    <ele>2568.0</ele>
   </trkpt>
   <trkpt lat="-6.9035730" lon="108.3999610">
    <ele>2568.0</ele>
   </trkpt>
   <trkpt lat="-6.9035630" lon="108.3999630">
    <ele>2568.0</ele>
   </trkpt>
   <trkpt lat="-6.9035540" lon="108.3999640">
    <ele>2569.0</ele>
   </trkpt>
   <trkpt lat="-6.9035440" lon="108.3999670">
    <ele>2569.0</ele>
   </trkpt>
   <trkpt lat="-6.9035340" lon="108.3999690">
    <ele>2569.0</ele>
   </trkpt>
   <trkpt lat="-6.9035260" lon="108.3999710">
    <ele>2569.0</ele>
   </trkpt>
   <trkpt lat="-6.9035180" lon="108.3999720">
    <ele>2569.0</ele>
   </trkpt>
   <trkpt lat="-6.9035110" lon="108.3999740">
    <ele>2570.0</ele>
   </trkpt>
   <trkpt lat="-6.9035050" lon="108.3999750">
    <ele>2570.0</ele>
   </trkpt>
   <trkpt lat="-6.9034990" lon="108.3999790">
    <ele>2570.0</ele>
   </trkpt>
   <trkpt lat="-6.9034930" lon="108.3999820">
    <ele>2570.0</ele>
   </trkpt>
   <trkpt lat="-6.9034900" lon="108.3999840">
    <ele>2570.0</ele>
   </trkpt>
   <trkpt lat="-6.9034870" lon="108.3999870">
    <ele>2571.0</ele>
   </trkpt>
   <trkpt lat="-6.9034810" lon="108.3999910">
    <ele>2571.0</ele>
   </trkpt>
   <trkpt lat="-6.9034760" lon="108.3999950">
    <ele>2571.0</ele>
   </trkpt>
   <trkpt lat="-6.9034710" lon="108.3999990">
    <ele>2571.0</ele>
   </trkpt>
   <trkpt lat="-6.9034660" lon="108.4000020">
    <ele>2571.0</ele>
   </trkpt>
   <trkpt lat="-6.9034610" lon="108.4000040">
    <ele>2572.0</ele>
   </trkpt>
   <trkpt lat="-6.9034570" lon="108.4000060">
    <ele>2572.0</ele>
   </trkpt>
   <trkpt lat="-6.9034510" lon="108.4000080">
    <ele>2572.0</ele>
   </trkpt>
   <trkpt lat="-6.9034460" lon="108.4000110">
    <ele>2572.0</ele>
   </trkpt>
   <trkpt lat="-6.9034410" lon="108.4000140">
    <ele>2572.0</ele>
   </trkpt>
   <trkpt lat="-6.9034360" lon="108.4000180">
    <ele>2573.0</ele>
   </trkpt>
   <trkpt lat="-6.9034310" lon="108.4000220">
    <ele>2573.0</ele>
   </trkpt>
   <trkpt lat="-6.9034260" lon="108.4000260">
    <ele>2573.0</ele>
   </trkpt>
   <trkpt lat="-6.9034190" lon="108.4000290">
    <ele>2573.0</ele>
   </trkpt>
   <trkpt lat="-6.9034130" lon="108.4000320">
    <ele>2573.0</ele>
   </trkpt>
   <trkpt lat="-6.9034060" lon="108.4000350">
    <ele>2573.0</ele>
   </trkpt>
   <trkpt lat="-6.9033990" lon="108.4000380">
    <ele>2573.0</ele>
   </trkpt>
   <trkpt lat="-6.9033920" lon="108.4000420">
    <ele>2573.0</ele>
   </trkpt>
   <trkpt lat="-6.9033850" lon="108.4000460">
    <ele>2574.0</ele>
   </trkpt>
   <trkpt lat="-6.9033800" lon="108.4000480">
    <ele>2574.0</ele>
   </trkpt>
   <trkpt lat="-6.9033750" lon="108.4000510">
    <ele>2575.0</ele>
   </trkpt>
   <trkpt lat="-6.9033700" lon="108.4000540">
    <ele>2575.0</ele>
   </trkpt>
   <trkpt lat="-6.9033640" lon="108.4000550">
    <ele>2575.0</ele>
   </trkpt>
   <trkpt lat="-6.9033580" lon="108.4000570">
    <ele>2575.0</ele>
   </trkpt>
   <trkpt lat="-6.9033530" lon="108.4000580">
    <ele>2575.0</ele>
   </trkpt>
   <trkpt lat="-6.9033470" lon="108.4000580">
    <ele>2576.0</ele>
   </trkpt>
   <trkpt lat="-6.9033410" lon="108.4000580">
    <ele>2576.0</ele>
   </trkpt>
   <trkpt lat="-6.9033360" lon="108.4000570">
    <ele>2576.0</ele>
   </trkpt>
   <trkpt lat="-6.9033300" lon="108.4000570">
    <ele>2576.0</ele>
   </trkpt>
   <trkpt lat="-6.9033240" lon="108.4000570">
    <ele>2576.0</ele>
   </trkpt>
   <trkpt lat="-6.9033180" lon="108.4000570">
    <ele>2577.0</ele>
   </trkpt>
   <trkpt lat="-6.9033110" lon="108.4000580">
    <ele>2577.0</ele>
   </trkpt>
   <trkpt lat="-6.9033050" lon="108.4000610">
    <ele>2577.0</ele>
   </trkpt>
   <trkpt lat="-6.9032980" lon="108.4000640">
    <ele>2577.0</ele>
   </trkpt>
   <trkpt lat="-6.9032920" lon="108.4000670">
    <ele>2577.0</ele>
   </trkpt>
   <trkpt lat="-6.9032860" lon="108.4000710">
    <ele>2578.0</ele>
   </trkpt>
   <trkpt lat="-6.9032800" lon="108.4000750">
    <ele>2578.0</ele>
   </trkpt>
   <trkpt lat="-6.9032740" lon="108.4000780">
    <ele>2578.0</ele>
   </trkpt>
   <trkpt lat="-6.9032690" lon="108.4000830">
    <ele>2578.0</ele>
   </trkpt>
   <trkpt lat="-6.9032640" lon="108.4000880">
    <ele>2578.0</ele>
   </trkpt>
   <trkpt lat="-6.9032600" lon="108.4000940">
    <ele>2579.0</ele>
   </trkpt>
   <trkpt lat="-6.9032560" lon="108.4001000">
    <ele>2579.0</ele>
   </trkpt>
   <trkpt lat="-6.9032530" lon="108.4001060">
    <ele>2579.0</ele>
   </trkpt>
   <trkpt lat="-6.9032490" lon="108.4001120">
    <ele>2579.0</ele>
   </trkpt>
   <trkpt lat="-6.9032450" lon="108.4001180">
    <ele>2579.0</ele>
   </trkpt>
   <trkpt lat="-6.9032400" lon="108.4001240">
    <ele>2580.0</ele>
   </trkpt>
   <trkpt lat="-6.9032360" lon="108.4001290">
    <ele>2580.0</ele>
   </trkpt>
   <trkpt lat="-6.9032320" lon="108.4001340">
    <ele>2580.0</ele>
   </trkpt>
   <trkpt lat="-6.9032260" lon="108.4001380">
    <ele>2581.0</ele>
   </trkpt>
   <trkpt lat="-6.9032200" lon="108.4001420">
    <ele>2581.0</ele>
   </trkpt>
   <trkpt lat="-6.9032140" lon="108.4001450">
    <ele>2582.0</ele>
   </trkpt>
   <trkpt lat="-6.9032080" lon="108.4001490">
    <ele>2582.0</ele>
   </trkpt>
   <trkpt lat="-6.9032020" lon="108.4001510">
    <ele>2582.0</ele>
   </trkpt>
   <trkpt lat="-6.9031960" lon="108.4001530">
    <ele>2582.0</ele>
   </trkpt>
   <trkpt lat="-6.9031890" lon="108.4001540">
    <ele>2582.0</ele>
   </trkpt>
   <trkpt lat="-6.9031830" lon="108.4001550">
    <ele>2583.0</ele>
   </trkpt>
   <trkpt lat="-6.9031770" lon="108.4001570">
    <ele>2583.0</ele>
   </trkpt>
   <trkpt lat="-6.9031710" lon="108.4001580">
    <ele>2583.0</ele>
   </trkpt>
   <trkpt lat="-6.9031650" lon="108.4001600">
    <ele>2583.0</ele>
   </trkpt>
   <trkpt lat="-6.9031600" lon="108.4001630">
    <ele>2583.0</ele>
   </trkpt>
   <trkpt lat="-6.9031540" lon="108.4001660">
    <ele>2584.0</ele>
   </trkpt>
   <trkpt lat="-6.9031490" lon="108.4001700">
    <ele>2584.0</ele>
   </trkpt>
   <trkpt lat="-6.9031430" lon="108.4001730">
    <ele>2584.0</ele>
   </trkpt>
   <trkpt lat="-6.9031380" lon="108.4001770">
    <ele>2585.0</ele>
   </trkpt>
   <trkpt lat="-6.9031320" lon="108.4001790">
    <ele>2585.0</ele>
   </trkpt>
   <trkpt lat="-6.9031260" lon="108.4001820">
    <ele>2586.0</ele>
   </trkpt>
   <trkpt lat="-6.9031200" lon="108.4001840">
    <ele>2586.0</ele>
   </trkpt>
   <trkpt lat="-6.9031140" lon="108.4001860">
    <ele>2586.0</ele>
   </trkpt>
   <trkpt lat="-6.9031080" lon="108.4001850">
    <ele>2586.0</ele>
   </trkpt>
   <trkpt lat="-6.9031020" lon="108.4001850">
    <ele>2586.0</ele>
   </trkpt>
   <trkpt lat="-6.9030970" lon="108.4001850">
    <ele>2587.0</ele>
   </trkpt>
   <trkpt lat="-6.9030920" lon="108.4001850">
    <ele>2587.0</ele>
   </trkpt>
   <trkpt lat="-6.9030890" lon="108.4001860">
    <ele>2587.0</ele>
   </trkpt>
   <trkpt lat="-6.9030870" lon="108.4001870">
    <ele>2587.0</ele>
   </trkpt>
   <trkpt lat="-6.9030820" lon="108.4001890">
    <ele>2587.0</ele>
   </trkpt>
   <trkpt lat="-6.9030780" lon="108.4001910">
    <ele>2588.0</ele>
   </trkpt>
   <trkpt lat="-6.9030730" lon="108.4001950">
    <ele>2588.0</ele>
   </trkpt>
   <trkpt lat="-6.9030680" lon="108.4001990">
    <ele>2588.0</ele>
   </trkpt>
   <trkpt lat="-6.9030630" lon="108.4002040">
    <ele>2588.0</ele>
   </trkpt>
   <trkpt lat="-6.9030580" lon="108.4002090">
    <ele>2588.0</ele>
   </trkpt>
   <trkpt lat="-6.9030520" lon="108.4002130">
    <ele>2589.0</ele>
   </trkpt>
   <trkpt lat="-6.9030470" lon="108.4002170">
    <ele>2589.0</ele>
   </trkpt>
   <trkpt lat="-6.9030410" lon="108.4002210">
    <ele>2589.0</ele>
   </trkpt>
   <trkpt lat="-6.9030340" lon="108.4002250">
    <ele>2589.0</ele>
   </trkpt>
   <trkpt lat="-6.9030280" lon="108.4002280">
    <ele>2589.0</ele>
   </trkpt>
   <trkpt lat="-6.9030210" lon="108.4002320">
    <ele>2590.0</ele>
   </trkpt>
   <trkpt lat="-6.9030150" lon="108.4002360">
    <ele>2590.0</ele>
   </trkpt>
   <trkpt lat="-6.9030090" lon="108.4002400">
    <ele>2590.0</ele>
   </trkpt>
   <trkpt lat="-6.9030030" lon="108.4002430">
    <ele>2590.0</ele>
   </trkpt>
   <trkpt lat="-6.9029970" lon="108.4002460">
    <ele>2590.0</ele>
   </trkpt>
   <trkpt lat="-6.9029920" lon="108.4002480">
    <ele>2591.0</ele>
   </trkpt>
   <trkpt lat="-6.9029870" lon="108.4002490">
    <ele>2591.0</ele>
   </trkpt>
   <trkpt lat="-6.9029820" lon="108.4002510">
    <ele>2591.0</ele>
   </trkpt>
   <trkpt lat="-6.9029770" lon="108.4002520">
    <ele>2592.0</ele>
   </trkpt>
   <trkpt lat="-6.9029710" lon="108.4002530">
    <ele>2592.0</ele>
   </trkpt>
   <trkpt lat="-6.9029650" lon="108.4002540">
    <ele>2593.0</ele>
   </trkpt>
   <trkpt lat="-6.9029590" lon="108.4002560">
    <ele>2593.0</ele>
   </trkpt>
   <trkpt lat="-6.9029530" lon="108.4002580">
    <ele>2593.0</ele>
   </trkpt>
   <trkpt lat="-6.9029470" lon="108.4002610">
    <ele>2593.0</ele>
   </trkpt>
   <trkpt lat="-6.9029410" lon="108.4002650">
    <ele>2593.0</ele>
   </trkpt>
   <trkpt lat="-6.9029360" lon="108.4002680">
    <ele>2594.0</ele>
   </trkpt>
   <trkpt lat="-6.9029300" lon="108.4002710">
    <ele>2594.0</ele>
   </trkpt>
   <trkpt lat="-6.9029240" lon="108.4002740">
    <ele>2594.0</ele>
   </trkpt>
   <trkpt lat="-6.9029170" lon="108.4002760">
    <ele>2594.0</ele>
   </trkpt>
   <trkpt lat="-6.9029100" lon="108.4002790">
    <ele>2594.0</ele>
   </trkpt>
   <trkpt lat="-6.9029020" lon="108.4002820">
    <ele>2595.0</ele>
   </trkpt>
   <trkpt lat="-6.9028950" lon="108.4002840">
    <ele>2595.0</ele>
   </trkpt>
   <trkpt lat="-6.9028880" lon="108.4002860">
    <ele>2595.0</ele>
   </trkpt>
   <trkpt lat="-6.9028820" lon="108.4002870">
    <ele>2595.0</ele>
   </trkpt>
   <trkpt lat="-6.9028760" lon="108.4002880">
    <ele>2595.0</ele>
   </trkpt>
   <trkpt lat="-6.9028710" lon="108.4002870">
    <ele>2596.0</ele>
   </trkpt>
   <trkpt lat="-6.9028660" lon="108.4002870">
    <ele>2596.0</ele>
   </trkpt>
   <trkpt lat="-6.9028610" lon="108.4002860">
    <ele>2596.0</ele>
   </trkpt>
   <trkpt lat="-6.9028560" lon="108.4002850">
    <ele>2596.0</ele>
   </trkpt>
   <trkpt lat="-6.9028500" lon="108.4002830">
    <ele>2596.0</ele>
   </trkpt>
   <trkpt lat="-6.9028440" lon="108.4002810">
    <ele>2597.0</ele>
   </trkpt>
   <trkpt lat="-6.9028380" lon="108.4002800">
    <ele>2597.0</ele>
   </trkpt>
   <trkpt lat="-6.9028310" lon="108.4002790">
    <ele>2597.0</ele>
   </trkpt>
   <trkpt lat="-6.9028250" lon="108.4002770">
    <ele>2597.0</ele>
   </trkpt>
   <trkpt lat="-6.9028200" lon="108.4002750">
    <ele>2597.0</ele>
   </trkpt>
   <trkpt lat="-6.9028130" lon="108.4002750">
    <ele>2598.0</ele>
   </trkpt>
   <trkpt lat="-6.9028070" lon="108.4002750">
    <ele>2598.0</ele>
   </trkpt>
   <trkpt lat="-6.9028010" lon="108.4002750">
    <ele>2598.0</ele>
   </trkpt>
   <trkpt lat="-6.9027940" lon="108.4002760">
    <ele>2599.0</ele>
   </trkpt>
   <trkpt lat="-6.9027880" lon="108.4002770">
    <ele>2599.0</ele>
   </trkpt>
   <trkpt lat="-6.9027820" lon="108.4002770">
    <ele>2600.0</ele>
   </trkpt>
   <trkpt lat="-6.9027760" lon="108.4002770">
    <ele>2600.0</ele>
   </trkpt>
   <trkpt lat="-6.9027700" lon="108.4002770">
    <ele>2600.0</ele>
   </trkpt>
   <trkpt lat="-6.9027640" lon="108.4002770">
    <ele>2600.0</ele>
   </trkpt>
   <trkpt lat="-6.9027580" lon="108.4002770">
    <ele>2600.0</ele>
   </trkpt>
   <trkpt lat="-6.9027520" lon="108.4002780">
    <ele>2601.0</ele>
   </trkpt>
   <trkpt lat="-6.9027460" lon="108.4002790">
    <ele>2601.0</ele>
   </trkpt>
   <trkpt lat="-6.9027410" lon="108.4002800">
    <ele>2601.0</ele>
   </trkpt>
   <trkpt lat="-6.9027350" lon="108.4002820">
    <ele>2601.0</ele>
   </trkpt>
   <trkpt lat="-6.9027290" lon="108.4002830">
    <ele>2601.0</ele>
   </trkpt>
   <trkpt lat="-6.9027240" lon="108.4002850">
    <ele>2602.0</ele>
   </trkpt>
   <trkpt lat="-6.9027180" lon="108.4002880">
    <ele>2602.0</ele>
   </trkpt>
   <trkpt lat="-6.9027110" lon="108.4002920">
    <ele>2602.0</ele>
   </trkpt>
   <trkpt lat="-6.9027050" lon="108.4002960">
    <ele>2602.0</ele>
   </trkpt>
   <trkpt lat="-6.9026990" lon="108.4003000">
    <ele>2602.0</ele>
   </trkpt>
   <trkpt lat="-6.9026920" lon="108.4003050">
    <ele>2603.0</ele>
   </trkpt>
   <trkpt lat="-6.9026860" lon="108.4003090">
    <ele>2603.0</ele>
   </trkpt>
   <trkpt lat="-6.9026810" lon="108.4003150">
    <ele>2603.0</ele>
   </trkpt>
   <trkpt lat="-6.9026750" lon="108.4003200">
    <ele>2603.0</ele>
   </trkpt>
   <trkpt lat="-6.9026710" lon="108.4003270">
    <ele>2603.0</ele>
   </trkpt>
   <trkpt lat="-6.9026670" lon="108.4003340">
    <ele>2604.0</ele>
   </trkpt>
   <trkpt lat="-6.9026640" lon="108.4003410">
    <ele>2604.0</ele>
   </trkpt>
   <trkpt lat="-6.9026620" lon="108.4003480">
    <ele>2604.0</ele>
   </trkpt>
   <trkpt lat="-6.9026580" lon="108.4003530">
    <ele>2604.0</ele>
   </trkpt>
   <trkpt lat="-6.9026540" lon="108.4003580">
    <ele>2604.0</ele>
   </trkpt>
   <trkpt lat="-6.9026490" lon="108.4003620">
    <ele>2605.0</ele>
   </trkpt>
   <trkpt lat="-6.9026440" lon="108.4003650">
    <ele>2605.0</ele>
   </trkpt>
   <trkpt lat="-6.9026380" lon="108.4003670">
    <ele>2605.0</ele>
   </trkpt>
   <trkpt lat="-6.9026320" lon="108.4003690">
    <ele>2606.0</ele>
   </trkpt>
   <trkpt lat="-6.9026320" lon="108.4003690">
    <ele>2606.0</ele>
   </trkpt>
   <trkpt lat="-6.9026320" lon="108.4003690">
    <ele>2607.0</ele>
   </trkpt>
   <trkpt lat="-6.9026320" lon="108.4003690">
    <ele>2607.0</ele>
   </trkpt>
   <trkpt lat="-6.9026320" lon="108.4003690">
    <ele>2607.0</ele>
   </trkpt>
   <trkpt lat="-6.9026320" lon="108.4003690">
    <ele>2607.0</ele>
   </trkpt>
   <trkpt lat="-6.9026190" lon="108.4003650">
    <ele>2607.0</ele>
   </trkpt>
   <trkpt lat="-6.9026140" lon="108.4003610">
    <ele>2608.0</ele>
   </trkpt>
   <trkpt lat="-6.9026080" lon="108.4003570">
    <ele>2608.0</ele>
   </trkpt>
   <trkpt lat="-6.9026040" lon="108.4003540">
    <ele>2608.0</ele>
   </trkpt>
   <trkpt lat="-6.9025990" lon="108.4003510">
    <ele>2608.0</ele>
   </trkpt>
   <trkpt lat="-6.9025940" lon="108.4003520">
    <ele>2608.0</ele>
   </trkpt>
   <trkpt lat="-6.9025900" lon="108.4003520">
    <ele>2609.0</ele>
   </trkpt>
   <trkpt lat="-6.9025850" lon="108.4003550">
    <ele>2609.0</ele>
   </trkpt>
   <trkpt lat="-6.9025800" lon="108.4003570">
    <ele>2609.0</ele>
   </trkpt>
   <trkpt lat="-6.9025760" lon="108.4003620">
    <ele>2609.0</ele>
   </trkpt>
   <trkpt lat="-6.9025720" lon="108.4003660">
    <ele>2609.0</ele>
   </trkpt>
   <trkpt lat="-6.9025680" lon="108.4003710">
    <ele>2610.0</ele>
   </trkpt>
   <trkpt lat="-6.9025640" lon="108.4003760">
    <ele>2610.0</ele>
   </trkpt>
   <trkpt lat="-6.9025610" lon="108.4003820">
    <ele>2610.0</ele>
   </trkpt>
   <trkpt lat="-6.9025570" lon="108.4003870">
    <ele>2610.0</ele>
   </trkpt>
   <trkpt lat="-6.9025540" lon="108.4003900">
    <ele>2610.0</ele>
   </trkpt>
   <trkpt lat="-6.9025500" lon="108.4003940">
    <ele>2611.0</ele>
   </trkpt>
   <trkpt lat="-6.9025440" lon="108.4003950">
    <ele>2611.0</ele>
   </trkpt>
   <trkpt lat="-6.9025390" lon="108.4003970">
    <ele>2611.0</ele>
   </trkpt>
   <trkpt lat="-6.9025320" lon="108.4003980">
    <ele>2611.0</ele>
   </trkpt>
   <trkpt lat="-6.9025260" lon="108.4003990">
    <ele>2611.0</ele>
   </trkpt>
   <trkpt lat="-6.9025220" lon="108.4003990">
    <ele>2612.0</ele>
   </trkpt>
   <trkpt lat="-6.9025180" lon="108.4003990">
    <ele>2612.0</ele>
   </trkpt>
   <trkpt lat="-6.9025110" lon="108.4003990">
    <ele>2612.0</ele>
   </trkpt>
   <trkpt lat="-6.9025040" lon="108.4004000">
    <ele>2612.0</ele>
   </trkpt>
   <trkpt lat="-6.9024980" lon="108.4003990">
    <ele>2612.0</ele>
   </trkpt>
   <trkpt lat="-6.9024920" lon="108.4003980">
    <ele>2613.0</ele>
   </trkpt>
   <trkpt lat="-6.9024860" lon="108.4003980">
    <ele>2613.0</ele>
   </trkpt>
   <trkpt lat="-6.9024790" lon="108.4003980">
    <ele>2613.0</ele>
   </trkpt>
   <trkpt lat="-6.9024790" lon="108.4003980">
    <ele>2613.0</ele>
   </trkpt>
   <trkpt lat="-6.9024790" lon="108.4003980">
    <ele>2613.0</ele>
   </trkpt>
   <trkpt lat="-6.9024790" lon="108.4003980">
    <ele>2614.0</ele>
   </trkpt>
   <trkpt lat="-6.9024790" lon="108.4003980">
    <ele>2614.0</ele>
   </trkpt>
   <trkpt lat="-6.9024790" lon="108.4003980">
    <ele>2614.0</ele>
   </trkpt>
   <trkpt lat="-6.9024790" lon="108.4003980">
    <ele>2614.0</ele>
   </trkpt>
   <trkpt lat="-6.9024700" lon="108.4003990">
    <ele>2614.0</ele>
   </trkpt>
   <trkpt lat="-6.9024630" lon="108.4003990">
    <ele>2615.0</ele>
   </trkpt>
   <trkpt lat="-6.9024570" lon="108.4003990">
    <ele>2615.0</ele>
   </trkpt>
   <trkpt lat="-6.9024520" lon="108.4003960">
    <ele>2615.0</ele>
   </trkpt>
   <trkpt lat="-6.9024470" lon="108.4003930">
    <ele>2615.0</ele>
   </trkpt>
   <trkpt lat="-6.9024420" lon="108.4003870">
    <ele>2615.0</ele>
   </trkpt>
   <trkpt lat="-6.9024370" lon="108.4003800">
    <ele>2616.0</ele>
   </trkpt>
   <trkpt lat="-6.9024310" lon="108.4003750">
    <ele>2616.0</ele>
   </trkpt>
   <trkpt lat="-6.9024250" lon="108.4003690">
    <ele>2616.0</ele>
   </trkpt>
   <trkpt lat="-6.9024190" lon="108.4003660">
    <ele>2616.0</ele>
   </trkpt>
   <trkpt lat="-6.9024120" lon="108.4003640">
    <ele>2616.0</ele>
   </trkpt>
   <trkpt lat="-6.9024070" lon="108.4003610">
    <ele>2616.0</ele>
   </trkpt>
   <trkpt lat="-6.9024020" lon="108.4003590">
    <ele>2616.0</ele>
   </trkpt>
   <trkpt lat="-6.9023960" lon="108.4003570">
    <ele>2616.0</ele>
   </trkpt>
   <trkpt lat="-6.9023910" lon="108.4003550">
    <ele>2616.0</ele>
   </trkpt>
   <trkpt lat="-6.9023880" lon="108.4003540">
    <ele>2616.0</ele>
   </trkpt>
   <trkpt lat="-6.9023840" lon="108.4003540">
    <ele>2617.0</ele>
   </trkpt>
   <trkpt lat="-6.9023790" lon="108.4003520">
    <ele>2617.0</ele>
   </trkpt>
   <trkpt lat="-6.9023730" lon="108.4003500">
    <ele>2617.0</ele>
   </trkpt>
   <trkpt lat="-6.9023670" lon="108.4003500">
    <ele>2617.0</ele>
   </trkpt>
   <trkpt lat="-6.9023620" lon="108.4003500">
    <ele>2617.0</ele>
   </trkpt>
   <trkpt lat="-6.9023580" lon="108.4003520">
    <ele>2618.0</ele>
   </trkpt>
   <trkpt lat="-6.9023540" lon="108.4003530">
    <ele>2618.0</ele>
   </trkpt>
   <trkpt lat="-6.9023480" lon="108.4003560">
    <ele>2618.0</ele>
   </trkpt>
   <trkpt lat="-6.9023410" lon="108.4003590">
    <ele>2618.0</ele>
   </trkpt>
   <trkpt lat="-6.9023350" lon="108.4003610">
    <ele>2618.0</ele>
   </trkpt>
   <trkpt lat="-6.9023290" lon="108.4003630">
    <ele>2619.0</ele>
   </trkpt>
   <trkpt lat="-6.9023240" lon="108.4003650">
    <ele>2619.0</ele>
   </trkpt>
   <trkpt lat="-6.9023180" lon="108.4003660">
    <ele>2619.0</ele>
   </trkpt>
   <trkpt lat="-6.9023140" lon="108.4003690">
    <ele>2619.0</ele>
   </trkpt>
   <trkpt lat="-6.9023100" lon="108.4003710">
    <ele>2619.0</ele>
   </trkpt>
   <trkpt lat="-6.9023060" lon="108.4003740">
    <ele>2620.0</ele>
   </trkpt>
   <trkpt lat="-6.9023000" lon="108.4003780">
    <ele>2620.0</ele>
   </trkpt>
   <trkpt lat="-6.9022950" lon="108.4003820">
    <ele>2620.0</ele>
   </trkpt>
   <trkpt lat="-6.9022900" lon="108.4003850">
    <ele>2620.0</ele>
   </trkpt>
   <trkpt lat="-6.9022840" lon="108.4003880">
    <ele>2620.0</ele>
   </trkpt>
   <trkpt lat="-6.9022790" lon="108.4003880">
    <ele>2621.0</ele>
   </trkpt>
   <trkpt lat="-6.9022750" lon="108.4003890">
    <ele>2621.0</ele>
   </trkpt>
   <trkpt lat="-6.9022720" lon="108.4003880">
    <ele>2621.0</ele>
   </trkpt>
   <trkpt lat="-6.9022690" lon="108.4003870">
    <ele>2621.0</ele>
   </trkpt>
   <trkpt lat="-6.9022660" lon="108.4003870">
    <ele>2621.0</ele>
   </trkpt>
   <trkpt lat="-6.9022630" lon="108.4003860">
    <ele>2622.0</ele>
   </trkpt>
   <trkpt lat="-6.9022570" lon="108.4003860">
    <ele>2622.0</ele>
   </trkpt>
   <trkpt lat="-6.9022510" lon="108.4003860">
    <ele>2622.0</ele>
   </trkpt>
   <trkpt lat="-6.9022450" lon="108.4003870">
    <ele>2622.0</ele>
   </trkpt>
   <trkpt lat="-6.9022400" lon="108.4003890">
    <ele>2622.0</ele>
   </trkpt>
   <trkpt lat="-6.9022340" lon="108.4003900">
    <ele>2623.0</ele>
   </trkpt>
   <trkpt lat="-6.9022280" lon="108.4003910">
    <ele>2623.0</ele>
   </trkpt>
   <trkpt lat="-6.9022210" lon="108.4003900">
    <ele>2623.0</ele>
   </trkpt>
   <trkpt lat="-6.9022150" lon="108.4003890">
    <ele>2624.0</ele>
   </trkpt>
   <trkpt lat="-6.9022090" lon="108.4003880">
    <ele>2624.0</ele>
   </trkpt>
   <trkpt lat="-6.9022030" lon="108.4003880">
    <ele>2625.0</ele>
   </trkpt>
   <trkpt lat="-6.9021970" lon="108.4003890">
    <ele>2625.0</ele>
   </trkpt>
   <trkpt lat="-6.9021910" lon="108.4003900">
    <ele>2625.0</ele>
   </trkpt>
   <trkpt lat="-6.9021850" lon="108.4003930">
    <ele>2625.0</ele>
   </trkpt>
   <trkpt lat="-6.9021790" lon="108.4003950">
    <ele>2625.0</ele>
   </trkpt>
   <trkpt lat="-6.9021730" lon="108.4003970">
    <ele>2626.0</ele>
   </trkpt>
   <trkpt lat="-6.9021680" lon="108.4003980">
    <ele>2626.0</ele>
   </trkpt>
   <trkpt lat="-6.9021610" lon="108.4003970">
    <ele>2626.0</ele>
   </trkpt>
   <trkpt lat="-6.9021550" lon="108.4003970">
    <ele>2626.0</ele>
   </trkpt>
   <trkpt lat="-6.9021490" lon="108.4003970">
    <ele>2626.0</ele>
   </trkpt>
   <trkpt lat="-6.9021430" lon="108.4003960">
    <ele>2627.0</ele>
   </trkpt>
   <trkpt lat="-6.9021370" lon="108.4003970">
    <ele>2627.0</ele>
   </trkpt>
   <trkpt lat="-6.9021310" lon="108.4003980">
    <ele>2627.0</ele>
   </trkpt>
   <trkpt lat="-6.9021260" lon="108.4004000">
    <ele>2628.0</ele>
   </trkpt>
   <trkpt lat="-6.9021200" lon="108.4004010">
    <ele>2628.0</ele>
   </trkpt>
   <trkpt lat="-6.9021150" lon="108.4004030">
    <ele>2629.0</ele>
   </trkpt>
   <trkpt lat="-6.9021090" lon="108.4004050">
    <ele>2629.0</ele>
   </trkpt>
   <trkpt lat="-6.9021050" lon="108.4004080">
    <ele>2629.0</ele>
   </trkpt>
   <trkpt lat="-6.9021000" lon="108.4004120">
    <ele>2629.0</ele>
   </trkpt>
   <trkpt lat="-6.9020970" lon="108.4004160">
    <ele>2629.0</ele>
   </trkpt>
   <trkpt lat="-6.9020930" lon="108.4004200">
    <ele>2630.0</ele>
   </trkpt>
   <trkpt lat="-6.9020900" lon="108.4004250">
    <ele>2630.0</ele>
   </trkpt>
   <trkpt lat="-6.9020860" lon="108.4004300">
    <ele>2630.0</ele>
   </trkpt>
   <trkpt lat="-6.9020830" lon="108.4004340">
    <ele>2630.0</ele>
   </trkpt>
   <trkpt lat="-6.9020800" lon="108.4004390">
    <ele>2630.0</ele>
   </trkpt>
   <trkpt lat="-6.9020750" lon="108.4004450">
    <ele>2631.0</ele>
   </trkpt>
   <trkpt lat="-6.9020720" lon="108.4004500">
    <ele>2631.0</ele>
   </trkpt>
   <trkpt lat="-6.9020660" lon="108.4004530">
    <ele>2631.0</ele>
   </trkpt>
   <trkpt lat="-6.9020610" lon="108.4004550">
    <ele>2631.0</ele>
   </trkpt>
   <trkpt lat="-6.9020560" lon="108.4004540">
    <ele>2631.0</ele>
   </trkpt>
   <trkpt lat="-6.9020500" lon="108.4004530">
    <ele>2632.0</ele>
   </trkpt>
   <trkpt lat="-6.9020450" lon="108.4004510">
    <ele>2632.0</ele>
   </trkpt>
   <trkpt lat="-6.9020390" lon="108.4004490">
    <ele>2632.0</ele>
   </trkpt>
   <trkpt lat="-6.9020330" lon="108.4004480">
    <ele>2632.0</ele>
   </trkpt>
   <trkpt lat="-6.9020270" lon="108.4004470">
    <ele>2632.0</ele>
   </trkpt>
   <trkpt lat="-6.9020220" lon="108.4004500">
    <ele>2633.0</ele>
   </trkpt>
   <trkpt lat="-6.9020170" lon="108.4004520">
    <ele>2633.0</ele>
   </trkpt>
   <trkpt lat="-6.9020120" lon="108.4004560">
    <ele>2633.0</ele>
   </trkpt>
   <trkpt lat="-6.9020080" lon="108.4004600">
    <ele>2633.0</ele>
   </trkpt>
   <trkpt lat="-6.9020040" lon="108.4004620">
    <ele>2633.0</ele>
   </trkpt>
   <trkpt lat="-6.9020010" lon="108.4004650">
    <ele>2634.0</ele>
   </trkpt>
   <trkpt lat="-6.9019980" lon="108.4004680">
    <ele>2634.0</ele>
   </trkpt>
   <trkpt lat="-6.9019950" lon="108.4004720">
    <ele>2634.0</ele>
   </trkpt>
   <trkpt lat="-6.9019910" lon="108.4004770">
    <ele>2635.0</ele>
   </trkpt>
   <trkpt lat="-6.9019890" lon="108.4004810">
    <ele>2635.0</ele>
   </trkpt>
   <trkpt lat="-6.9019860" lon="108.4004860">
    <ele>2636.0</ele>
   </trkpt>
   <trkpt lat="-6.9019830" lon="108.4004900">
    <ele>2636.0</ele>
   </trkpt>
   <trkpt lat="-6.9019810" lon="108.4004940">
    <ele>2636.0</ele>
   </trkpt>
   <trkpt lat="-6.9019760" lon="108.4004970">
    <ele>2636.0</ele>
   </trkpt>
   <trkpt lat="-6.9019730" lon="108.4005000">
    <ele>2636.0</ele>
   </trkpt>
   <trkpt lat="-6.9019730" lon="108.4005000">
    <ele>2637.0</ele>
   </trkpt>
   <trkpt lat="-6.9019730" lon="108.4005000">
    <ele>2637.0</ele>
   </trkpt>
   <trkpt lat="-6.9019730" lon="108.4005000">
    <ele>2637.0</ele>
   </trkpt>
   <trkpt lat="-6.9019730" lon="108.4005000">
    <ele>2637.0</ele>
   </trkpt>
   <trkpt lat="-6.9019730" lon="108.4005000">
    <ele>2637.0</ele>
   </trkpt>
   <trkpt lat="-6.9019730" lon="108.4005000">
    <ele>2638.0</ele>
   </trkpt>
   <trkpt lat="-6.9019620" lon="108.4005100">
    <ele>2638.0</ele>
   </trkpt>
   <trkpt lat="-6.9019560" lon="108.4005170">
    <ele>2638.0</ele>
   </trkpt>
   <trkpt lat="-6.9019490" lon="108.4005240">
    <ele>2639.0</ele>
   </trkpt>
   <trkpt lat="-6.9019440" lon="108.4005290">
    <ele>2639.0</ele>
   </trkpt>
   <trkpt lat="-6.9019390" lon="108.4005340">
    <ele>2640.0</ele>
   </trkpt>
   <trkpt lat="-6.9019350" lon="108.4005380">
    <ele>2640.0</ele>
   </trkpt>
   <trkpt lat="-6.9019300" lon="108.4005430">
    <ele>2640.0</ele>
   </trkpt>
   <trkpt lat="-6.9019300" lon="108.4005430">
    <ele>2640.0</ele>
   </trkpt>
   <trkpt lat="-6.9019300" lon="108.4005430">
    <ele>2640.0</ele>
   </trkpt>
   <trkpt lat="-6.9019300" lon="108.4005430">
    <ele>2641.0</ele>
   </trkpt>
   <trkpt lat="-6.9019300" lon="108.4005430">
    <ele>2641.0</ele>
   </trkpt>
   <trkpt lat="-6.9019300" lon="108.4005430">
    <ele>2641.0</ele>
   </trkpt>
   <trkpt lat="-6.9019300" lon="108.4005430">
    <ele>2641.0</ele>
   </trkpt>
   <trkpt lat="-6.9019300" lon="108.4005430">
    <ele>2641.0</ele>
   </trkpt>
   <trkpt lat="-6.9019190" lon="108.4005460">
    <ele>2642.0</ele>
   </trkpt>
   <trkpt lat="-6.9019110" lon="108.4005470">
    <ele>2642.0</ele>
   </trkpt>
   <trkpt lat="-6.9019030" lon="108.4005480">
    <ele>2642.0</ele>
   </trkpt>
   <trkpt lat="-6.9018960" lon="108.4005470">
    <ele>2642.0</ele>
   </trkpt>
   <trkpt lat="-6.9018900" lon="108.4005470">
    <ele>2642.0</ele>
   </trkpt>
   <trkpt lat="-6.9018840" lon="108.4005450">
    <ele>2643.0</ele>
   </trkpt>
   <trkpt lat="-6.9018790" lon="108.4005430">
    <ele>2643.0</ele>
   </trkpt>
   <trkpt lat="-6.9018740" lon="108.4005390">
    <ele>2643.0</ele>
   </trkpt>
   <trkpt lat="-6.9018690" lon="108.4005340">
    <ele>2643.0</ele>
   </trkpt>
   <trkpt lat="-6.9018650" lon="108.4005280">
    <ele>2643.0</ele>
   </trkpt>
   <trkpt lat="-6.9018600" lon="108.4005220">
    <ele>2644.0</ele>
   </trkpt>
   <trkpt lat="-6.9018560" lon="108.4005150">
    <ele>2644.0</ele>
   </trkpt>
   <trkpt lat="-6.9018520" lon="108.4005080">
    <ele>2644.0</ele>
   </trkpt>
   <trkpt lat="-6.9018470" lon="108.4004990">
    <ele>2644.0</ele>
   </trkpt>
   <trkpt lat="-6.9018430" lon="108.4004900">
    <ele>2644.0</ele>
   </trkpt>
   <trkpt lat="-6.9018390" lon="108.4004870">
    <ele>2645.0</ele>
   </trkpt>
   <trkpt lat="-6.9018350" lon="108.4004830">
    <ele>2645.0</ele>
   </trkpt>
   <trkpt lat="-6.9018310" lon="108.4004790">
    <ele>2645.0</ele>
   </trkpt>
   <trkpt lat="-6.9018250" lon="108.4004790">
    <ele>2645.0</ele>
   </trkpt>
   <trkpt lat="-6.9018200" lon="108.4004790">
    <ele>2645.0</ele>
   </trkpt>
   <trkpt lat="-6.9018150" lon="108.4004800">
    <ele>2646.0</ele>
   </trkpt>
   <trkpt lat="-6.9018110" lon="108.4004810">
    <ele>2646.0</ele>
   </trkpt>
   <trkpt lat="-6.9018060" lon="108.4004800">
    <ele>2646.0</ele>
   </trkpt>
   <trkpt lat="-6.9018020" lon="108.4004790">
    <ele>2646.0</ele>
   </trkpt>
   <trkpt lat="-6.9017970" lon="108.4004780">
    <ele>2646.0</ele>
   </trkpt>
   <trkpt lat="-6.9017910" lon="108.4004770">
    <ele>2646.0</ele>
   </trkpt>
   <trkpt lat="-6.9017860" lon="108.4004770">
    <ele>2646.0</ele>
   </trkpt>
   <trkpt lat="-6.9017800" lon="108.4004760">
    <ele>2646.0</ele>
   </trkpt>
   <trkpt lat="-6.9017750" lon="108.4004780">
    <ele>2646.0</ele>
   </trkpt>
   <trkpt lat="-6.9017700" lon="108.4004790">
    <ele>2646.0</ele>
   </trkpt>
   <trkpt lat="-6.9017650" lon="108.4004820">
    <ele>2647.0</ele>
   </trkpt>
   <trkpt lat="-6.9017600" lon="108.4004850">
    <ele>2647.0</ele>
   </trkpt>
   <trkpt lat="-6.9017560" lon="108.4004870">
    <ele>2647.0</ele>
   </trkpt>
   <trkpt lat="-6.9017510" lon="108.4004890">
    <ele>2647.0</ele>
   </trkpt>
   <trkpt lat="-6.9017490" lon="108.4004900">
    <ele>2647.0</ele>
   </trkpt>
   <trkpt lat="-6.9017470" lon="108.4004910">
    <ele>2648.0</ele>
   </trkpt>
   <trkpt lat="-6.9017450" lon="108.4004920">
    <ele>2648.0</ele>
   </trkpt>
   <trkpt lat="-6.9017430" lon="108.4004930">
    <ele>2648.0</ele>
   </trkpt>
   <trkpt lat="-6.9017370" lon="108.4004970">
    <ele>2648.0</ele>
   </trkpt>
   <trkpt lat="-6.9017320" lon="108.4005010">
    <ele>2648.0</ele>
   </trkpt>
   <trkpt lat="-6.9017270" lon="108.4005040">
    <ele>2649.0</ele>
   </trkpt>
   <trkpt lat="-6.9017230" lon="108.4005070">
    <ele>2649.0</ele>
   </trkpt>
   <trkpt lat="-6.9017180" lon="108.4005100">
    <ele>2649.0</ele>
   </trkpt>
   <trkpt lat="-6.9017130" lon="108.4005130">
    <ele>2650.0</ele>
   </trkpt>
   <trkpt lat="-6.9017090" lon="108.4005160">
    <ele>2650.0</ele>
   </trkpt>
   <trkpt lat="-6.9017050" lon="108.4005190">
    <ele>2651.0</ele>
   </trkpt>
   <trkpt lat="-6.9017010" lon="108.4005230">
    <ele>2651.0</ele>
   </trkpt>
   <trkpt lat="-6.9016970" lon="108.4005270">
    <ele>2651.0</ele>
   </trkpt>
   <trkpt lat="-6.9016930" lon="108.4005310">
    <ele>2651.0</ele>
   </trkpt>
   <trkpt lat="-6.9016900" lon="108.4005350">
    <ele>2651.0</ele>
   </trkpt>
   <trkpt lat="-6.9016860" lon="108.4005400">
    <ele>2652.0</ele>
   </trkpt>
   <trkpt lat="-6.9016830" lon="108.4005450">
    <ele>2652.0</ele>
   </trkpt>
   <trkpt lat="-6.9016800" lon="108.4005510">
    <ele>2652.0</ele>
   </trkpt>
   <trkpt lat="-6.9016770" lon="108.4005570">
    <ele>2652.0</ele>
   </trkpt>
   <trkpt lat="-6.9016730" lon="108.4005640">
    <ele>2652.0</ele>
   </trkpt>
   <trkpt lat="-6.9016690" lon="108.4005710">
    <ele>2652.0</ele>
   </trkpt>
   <trkpt lat="-6.9016650" lon="108.4005780">
    <ele>2652.0</ele>
   </trkpt>
   <trkpt lat="-6.9016610" lon="108.4005850">
    <ele>2652.0</ele>
   </trkpt>
   <trkpt lat="-6.9016570" lon="108.4005910">
    <ele>2652.0</ele>
   </trkpt>
   <trkpt lat="-6.9016530" lon="108.4005960">
    <ele>2652.0</ele>
   </trkpt>
   <trkpt lat="-6.9016480" lon="108.4005990">
    <ele>2653.0</ele>
   </trkpt>
   <trkpt lat="-6.9016430" lon="108.4006010">
    <ele>2653.0</ele>
   </trkpt>
   <trkpt lat="-6.9016390" lon="108.4006010">
    <ele>2653.0</ele>
   </trkpt>
   <trkpt lat="-6.9016340" lon="108.4006020">
    <ele>2653.0</ele>
   </trkpt>
   <trkpt lat="-6.9016310" lon="108.4005970">
    <ele>2653.0</ele>
   </trkpt>
   <trkpt lat="-6.9016270" lon="108.4005940">
    <ele>2654.0</ele>
   </trkpt>
   <trkpt lat="-6.9016250" lon="108.4005860">
    <ele>2654.0</ele>
   </trkpt>
   <trkpt lat="-6.9016230" lon="108.4005780">
    <ele>2654.0</ele>
   </trkpt>
   <trkpt lat="-6.9016230" lon="108.4005780">
    <ele>2654.0</ele>
   </trkpt>
   <trkpt lat="-6.9016230" lon="108.4005780">
    <ele>2654.0</ele>
   </trkpt>
   <trkpt lat="-6.9016230" lon="108.4005780">
    <ele>2655.0</ele>
   </trkpt>
   <trkpt lat="-6.9016230" lon="108.4005780">
    <ele>2655.0</ele>
   </trkpt>
   <trkpt lat="-6.9016230" lon="108.4005780">
    <ele>2655.0</ele>
   </trkpt>
   <trkpt lat="-6.9016230" lon="108.4005780">
    <ele>2655.0</ele>
   </trkpt>
   <trkpt lat="-6.9016140" lon="108.4005750">
    <ele>2655.0</ele>
   </trkpt>
   <trkpt lat="-6.9016080" lon="108.4005750">
    <ele>2656.0</ele>
   </trkpt>
   <trkpt lat="-6.9016030" lon="108.4005750">
    <ele>2656.0</ele>
   </trkpt>
   <trkpt lat="-6.9015990" lon="108.4005790">
    <ele>2656.0</ele>
   </trkpt>
   <trkpt lat="-6.9015960" lon="108.4005830">
    <ele>2656.0</ele>
   </trkpt>
   <trkpt lat="-6.9015910" lon="108.4005860">
    <ele>2656.0</ele>
   </trkpt>
   <trkpt lat="-6.9015870" lon="108.4005890">
    <ele>2657.0</ele>
   </trkpt>
   <trkpt lat="-6.9015820" lon="108.4005900">
    <ele>2657.0</ele>
   </trkpt>
   <trkpt lat="-6.9015760" lon="108.4005910">
    <ele>2657.0</ele>
   </trkpt>
   <trkpt lat="-6.9015700" lon="108.4005910">
    <ele>2657.0</ele>
   </trkpt>
   <trkpt lat="-6.9015650" lon="108.4005920">
    <ele>2657.0</ele>
   </trkpt>
   <trkpt lat="-6.9015590" lon="108.4005940">
    <ele>2658.0</ele>
   </trkpt>
   <trkpt lat="-6.9015540" lon="108.4005970">
    <ele>2658.0</ele>
   </trkpt>
   <trkpt lat="-6.9015510" lon="108.4006020">
    <ele>2658.0</ele>
   </trkpt>
   <trkpt lat="-6.9015480" lon="108.4006080">
    <ele>2658.0</ele>
   </trkpt>
   <trkpt lat="-6.9015440" lon="108.4006140">
    <ele>2658.0</ele>
   </trkpt>
   <trkpt lat="-6.9015420" lon="108.4006200">
    <ele>2658.0</ele>
   </trkpt>
   <trkpt lat="-6.9015380" lon="108.4006260">
    <ele>2658.0</ele>
   </trkpt>
   <trkpt lat="-6.9015350" lon="108.4006330">
    <ele>2658.0</ele>
   </trkpt>
   <trkpt lat="-6.9015320" lon="108.4006360">
    <ele>2658.0</ele>
   </trkpt>
   <trkpt lat="-6.9015290" lon="108.4006390">
    <ele>2658.0</ele>
   </trkpt>
   <trkpt lat="-6.9015240" lon="108.4006420">
    <ele>2659.0</ele>
   </trkpt>
   <trkpt lat="-6.9015180" lon="108.4006460">
    <ele>2659.0</ele>
   </trkpt>
   <trkpt lat="-6.9015130" lon="108.4006480">
    <ele>2659.0</ele>
   </trkpt>
   <trkpt lat="-6.9015090" lon="108.4006500">
    <ele>2659.0</ele>
   </trkpt>
   <trkpt lat="-6.9015040" lon="108.4006520">
    <ele>2659.0</ele>
   </trkpt>
   <trkpt lat="-6.9015000" lon="108.4006540">
    <ele>2660.0</ele>
   </trkpt>
   <trkpt lat="-6.9014960" lon="108.4006560">
    <ele>2660.0</ele>
   </trkpt>
   <trkpt lat="-6.9014890" lon="108.4006600">
    <ele>2660.0</ele>
   </trkpt>
   <trkpt lat="-6.9014830" lon="108.4006640">
    <ele>2660.0</ele>
   </trkpt>
   <trkpt lat="-6.9014760" lon="108.4006670">
    <ele>2660.0</ele>
   </trkpt>
   <trkpt lat="-6.9014700" lon="108.4006700">
    <ele>2661.0</ele>
   </trkpt>
   <trkpt lat="-6.9014650" lon="108.4006720">
    <ele>2661.0</ele>
   </trkpt>
   <trkpt lat="-6.9014590" lon="108.4006740">
    <ele>2661.0</ele>
   </trkpt>
   <trkpt lat="-6.9014550" lon="108.4006740">
    <ele>2661.0</ele>
   </trkpt>
   <trkpt lat="-6.9014500" lon="108.4006730">
    <ele>2661.0</ele>
   </trkpt>
   <trkpt lat="-6.9014450" lon="108.4006710">
    <ele>2662.0</ele>
   </trkpt>
   <trkpt lat="-6.9014390" lon="108.4006700">
    <ele>2662.0</ele>
   </trkpt>
   <trkpt lat="-6.9014330" lon="108.4006720">
    <ele>2662.0</ele>
   </trkpt>
   <trkpt lat="-6.9014270" lon="108.4006740">
    <ele>2663.0</ele>
   </trkpt>
   <trkpt lat="-6.9014210" lon="108.4006760">
    <ele>2663.0</ele>
   </trkpt>
   <trkpt lat="-6.9014150" lon="108.4006790">
    <ele>2664.0</ele>
   </trkpt>
   <trkpt lat="-6.9014090" lon="108.4006790">
    <ele>2664.0</ele>
   </trkpt>
   <trkpt lat="-6.9014030" lon="108.4006790">
    <ele>2664.0</ele>
   </trkpt>
   <trkpt lat="-6.9013960" lon="108.4006770">
    <ele>2664.0</ele>
   </trkpt>
   <trkpt lat="-6.9013890" lon="108.4006740">
    <ele>2664.0</ele>
   </trkpt>
   <trkpt lat="-6.9013820" lon="108.4006720">
    <ele>2665.0</ele>
   </trkpt>
   <trkpt lat="-6.9013740" lon="108.4006700">
    <ele>2665.0</ele>
   </trkpt>
   <trkpt lat="-6.9013680" lon="108.4006740">
    <ele>2665.0</ele>
   </trkpt>
   <trkpt lat="-6.9013620" lon="108.4006770">
    <ele>2665.0</ele>
   </trkpt>
   <trkpt lat="-6.9013580" lon="108.4006830">
    <ele>2665.0</ele>
   </trkpt>
   <trkpt lat="-6.9013540" lon="108.4006900">
    <ele>2666.0</ele>
   </trkpt>
   <trkpt lat="-6.9013520" lon="108.4006980">
    <ele>2666.0</ele>
   </trkpt>
   <trkpt lat="-6.9013500" lon="108.4007060">
    <ele>2666.0</ele>
   </trkpt>
   <trkpt lat="-6.9013500" lon="108.4007130">
    <ele>2666.0</ele>
   </trkpt>
   <trkpt lat="-6.9013500" lon="108.4007200">
    <ele>2666.0</ele>
   </trkpt>
   <trkpt lat="-6.9013500" lon="108.4007200">
    <ele>2666.0</ele>
   </trkpt>
   <trkpt lat="-6.9013500" lon="108.4007200">
    <ele>2666.0</ele>
   </trkpt>
   <trkpt lat="-6.9013500" lon="108.4007200">
    <ele>2666.0</ele>
   </trkpt>
   <trkpt lat="-6.9013500" lon="108.4007200">
    <ele>2666.0</ele>
   </trkpt>
   <trkpt lat="-6.9013500" lon="108.4007200">
    <ele>2666.0</ele>
   </trkpt>
   <trkpt lat="-6.9013500" lon="108.4007200">
    <ele>2667.0</ele>
   </trkpt>
   <trkpt lat="-6.9013500" lon="108.4007200">
    <ele>2667.0</ele>
   </trkpt>
   <trkpt lat="-6.9013500" lon="108.4007200">
    <ele>2667.0</ele>
   </trkpt>
   <trkpt lat="-6.9013450" lon="108.4007270">
    <ele>2667.0</ele>
   </trkpt>
   <trkpt lat="-6.9013400" lon="108.4007310">
    <ele>2667.0</ele>
   </trkpt>
   <trkpt lat="-6.9013350" lon="108.4007340">
    <ele>2668.0</ele>
   </trkpt>
   <trkpt lat="-6.9013300" lon="108.4007360">
    <ele>2668.0</ele>
   </trkpt>
   <trkpt lat="-6.9013260" lon="108.4007380">
    <ele>2668.0</ele>
   </trkpt>
   <trkpt lat="-6.9013210" lon="108.4007400">
    <ele>2668.0</ele>
   </trkpt>
   <trkpt lat="-6.9013140" lon="108.4007430">
    <ele>2668.0</ele>
   </trkpt>
   <trkpt lat="-6.9013070" lon="108.4007460">
    <ele>2668.0</ele>
   </trkpt>
   <trkpt lat="-6.9013010" lon="108.4007490">
    <ele>2668.0</ele>
   </trkpt>
   <trkpt lat="-6.9012950" lon="108.4007530">
    <ele>2668.0</ele>
   </trkpt>
   <trkpt lat="-6.9012900" lon="108.4007570">
    <ele>2668.0</ele>
   </trkpt>
   <trkpt lat="-6.9012840" lon="108.4007610">
    <ele>2668.0</ele>
   </trkpt>
   <trkpt lat="-6.9012790" lon="108.4007640">
    <ele>2669.0</ele>
   </trkpt>
   <trkpt lat="-6.9012740" lon="108.4007680">
    <ele>2669.0</ele>
   </trkpt>
   <trkpt lat="-6.9012700" lon="108.4007710">
    <ele>2669.0</ele>
   </trkpt>
   <trkpt lat="-6.9012660" lon="108.4007750">
    <ele>2670.0</ele>
   </trkpt>
   <trkpt lat="-6.9012630" lon="108.4007790">
    <ele>2670.0</ele>
   </trkpt>
   <trkpt lat="-6.9012590" lon="108.4007830">
    <ele>2671.0</ele>
   </trkpt>
   <trkpt lat="-6.9012550" lon="108.4007860">
    <ele>2671.0</ele>
   </trkpt>
   <trkpt lat="-6.9012500" lon="108.4007890">
    <ele>2671.0</ele>
   </trkpt>
   <trkpt lat="-6.9012440" lon="108.4007910">
    <ele>2671.0</ele>
   </trkpt>
   <trkpt lat="-6.9012390" lon="108.4007930">
    <ele>2671.0</ele>
   </trkpt>
   <trkpt lat="-6.9012310" lon="108.4007940">
    <ele>2671.0</ele>
   </trkpt>
   <trkpt lat="-6.9012240" lon="108.4007960">
    <ele>2671.0</ele>
   </trkpt>
   <trkpt lat="-6.9012170" lon="108.4007970">
    <ele>2671.0</ele>
   </trkpt>
   <trkpt lat="-6.9012100" lon="108.4007990">
    <ele>2671.0</ele>
   </trkpt>
   <trkpt lat="-6.9012030" lon="108.4008000">
    <ele>2671.0</ele>
   </trkpt>
   <trkpt lat="-6.9011970" lon="108.4008020">
    <ele>2672.0</ele>
   </trkpt>
   <trkpt lat="-6.9011950" lon="108.4008030">
    <ele>2672.0</ele>
   </trkpt>
   <trkpt lat="-6.9011920" lon="108.4008040">
    <ele>2672.0</ele>
   </trkpt>
   <trkpt lat="-6.9011900" lon="108.4008050">
    <ele>2673.0</ele>
   </trkpt>
   <trkpt lat="-6.9011880" lon="108.4008060">
    <ele>2673.0</ele>
   </trkpt>
   <trkpt lat="-6.9011850" lon="108.4008070">
    <ele>2674.0</ele>
   </trkpt>
   <trkpt lat="-6.9011820" lon="108.4008110">
    <ele>2674.0</ele>
   </trkpt>
   <trkpt lat="-6.9011780" lon="108.4008140">
    <ele>2674.0</ele>
   </trkpt>
   <trkpt lat="-6.9011760" lon="108.4008200">
    <ele>2674.0</ele>
   </trkpt>
   <trkpt lat="-6.9011740" lon="108.4008250">
    <ele>2674.0</ele>
   </trkpt>
   <trkpt lat="-6.9011730" lon="108.4008300">
    <ele>2675.0</ele>
   </trkpt>
   <trkpt lat="-6.9011720" lon="108.4008350">
    <ele>2675.0</ele>
   </trkpt>
   <trkpt lat="-6.9011710" lon="108.4008400">
    <ele>2675.0</ele>
   </trkpt>
   <trkpt lat="-6.9011680" lon="108.4008460">
    <ele>2675.0</ele>
   </trkpt>
   <trkpt lat="-6.9011660" lon="108.4008520">
    <ele>2675.0</ele>
   </trkpt>
   <trkpt lat="-6.9011630" lon="108.4008580">
    <ele>2676.0</ele>
   </trkpt>
   <trkpt lat="-6.9011600" lon="108.4008640">
    <ele>2676.0</ele>
   </trkpt>
   <trkpt lat="-6.9011580" lon="108.4008670">
    <ele>2676.0</ele>
   </trkpt>
   <trkpt lat="-6.9011560" lon="108.4008690">
    <ele>2676.0</ele>
   </trkpt>
   <trkpt lat="-6.9011550" lon="108.4008720">
    <ele>2676.0</ele>
   </trkpt>
   <trkpt lat="-6.9011520" lon="108.4008780">
    <ele>2677.0</ele>
   </trkpt>
   <trkpt lat="-6.9011490" lon="108.4008840">
    <ele>2677.0</ele>
   </trkpt>
   <trkpt lat="-6.9011480" lon="108.4008890">
    <ele>2677.0</ele>
   </trkpt>
   <trkpt lat="-6.9011470" lon="108.4008940">
    <ele>2677.0</ele>
   </trkpt>
   <trkpt lat="-6.9011450" lon="108.4008990">
    <ele>2677.0</ele>
   </trkpt>
   <trkpt lat="-6.9011440" lon="108.4009050">
    <ele>2678.0</ele>
   </trkpt>
   <trkpt lat="-6.9011410" lon="108.4009090">
    <ele>2678.0</ele>
   </trkpt>
   <trkpt lat="-6.9011370" lon="108.4009130">
    <ele>2678.0</ele>
   </trkpt>
   <trkpt lat="-6.9011320" lon="108.4009150">
    <ele>2678.0</ele>
   </trkpt>
   <trkpt lat="-6.9011270" lon="108.4009180">
    <ele>2678.0</ele>
   </trkpt>
   <trkpt lat="-6.9011230" lon="108.4009200">
    <ele>2679.0</ele>
   </trkpt>
   <trkpt lat="-6.9011190" lon="108.4009210">
    <ele>2679.0</ele>
   </trkpt>
   <trkpt lat="-6.9011150" lon="108.4009230">
    <ele>2679.0</ele>
   </trkpt>
   <trkpt lat="-6.9011090" lon="108.4009270">
    <ele>2679.0</ele>
   </trkpt>
   <trkpt lat="-6.9011030" lon="108.4009300">
    <ele>2679.0</ele>
   </trkpt>
   <trkpt lat="-6.9010980" lon="108.4009350">
    <ele>2680.0</ele>
   </trkpt>
   <trkpt lat="-6.9010940" lon="108.4009400">
    <ele>2680.0</ele>
   </trkpt>
   <trkpt lat="-6.9010920" lon="108.4009420">
    <ele>2680.0</ele>
   </trkpt>
   <trkpt lat="-6.9010910" lon="108.4009440">
    <ele>2681.0</ele>
   </trkpt>
   <trkpt lat="-6.9010890" lon="108.4009460">
    <ele>2681.0</ele>
   </trkpt>
   <trkpt lat="-6.9010880" lon="108.4009480">
    <ele>2682.0</ele>
   </trkpt>
   <trkpt lat="-6.9010830" lon="108.4009530">
    <ele>2682.0</ele>
   </trkpt>
   <trkpt lat="-6.9010780" lon="108.4009580">
    <ele>2682.0</ele>
   </trkpt>
   <trkpt lat="-6.9010730" lon="108.4009620">
    <ele>2682.0</ele>
   </trkpt>
   <trkpt lat="-6.9010690" lon="108.4009660">
    <ele>2682.0</ele>
   </trkpt>
   <trkpt lat="-6.9010690" lon="108.4009660">
    <ele>2683.0</ele>
   </trkpt>
   <trkpt lat="-6.9010690" lon="108.4009660">
    <ele>2683.0</ele>
   </trkpt>
   <trkpt lat="-6.9010690" lon="108.4009660">
    <ele>2683.0</ele>
   </trkpt>
   <trkpt lat="-6.9010690" lon="108.4009660">
    <ele>2683.0</ele>
   </trkpt>
   <trkpt lat="-6.9010690" lon="108.4009660">
    <ele>2683.0</ele>
   </trkpt>
   <trkpt lat="-6.9010690" lon="108.4009660">
    <ele>2684.0</ele>
   </trkpt>
   <trkpt lat="-6.9010690" lon="108.4009660">
    <ele>2684.0</ele>
   </trkpt>
   <trkpt lat="-6.9010690" lon="108.4009660">
    <ele>2684.0</ele>
   </trkpt>
   <trkpt lat="-6.9010690" lon="108.4009660">
    <ele>2684.0</ele>
   </trkpt>
   <trkpt lat="-6.9010690" lon="108.4009660">
    <ele>2684.0</ele>
   </trkpt>
   <trkpt lat="-6.9010500" lon="108.4009770">
    <ele>2684.0</ele>
   </trkpt>
   <trkpt lat="-6.9010400" lon="108.4009800">
    <ele>2684.0</ele>
   </trkpt>
   <trkpt lat="-6.9010310" lon="108.4009840">
    <ele>2684.0</ele>
   </trkpt>
   <trkpt lat="-6.9010240" lon="108.4009870">
    <ele>2684.0</ele>
   </trkpt>
   <trkpt lat="-6.9010180" lon="108.4009900">
    <ele>2684.0</ele>
   </trkpt>
   <trkpt lat="-6.9010120" lon="108.4009920">
    <ele>2685.0</ele>
   </trkpt>
   <trkpt lat="-6.9010070" lon="108.4009950">
    <ele>2685.0</ele>
   </trkpt>
   <trkpt lat="-6.9010020" lon="108.4009990">
    <ele>2685.0</ele>
   </trkpt>
   <trkpt lat="-6.9009980" lon="108.4010030">
    <ele>2685.0</ele>
   </trkpt>
   <trkpt lat="-6.9009960" lon="108.4010060">
    <ele>2685.0</ele>
   </trkpt>
   <trkpt lat="-6.9009940" lon="108.4010090">
    <ele>2686.0</ele>
   </trkpt>
   <trkpt lat="-6.9009920" lon="108.4010120">
    <ele>2686.0</ele>
   </trkpt>
   <trkpt lat="-6.9009890" lon="108.4010160">
    <ele>2686.0</ele>
   </trkpt>
   <trkpt lat="-6.9009860" lon="108.4010190">
    <ele>2686.0</ele>
   </trkpt>
   <trkpt lat="-6.9009820" lon="108.4010190">
    <ele>2686.0</ele>
   </trkpt>
   <trkpt lat="-6.9009790" lon="108.4010180">
    <ele>2687.0</ele>
   </trkpt>
   <trkpt lat="-6.9009760" lon="108.4010180">
    <ele>2687.0</ele>
   </trkpt>
   <trkpt lat="-6.9009730" lon="108.4010170">
    <ele>2687.0</ele>
   </trkpt>
   <trkpt lat="-6.9009710" lon="108.4010170">
    <ele>2687.0</ele>
   </trkpt>
   <trkpt lat="-6.9009680" lon="108.4010160">
    <ele>2687.0</ele>
   </trkpt>
   <trkpt lat="-6.9009660" lon="108.4010160">
    <ele>2688.0</ele>
   </trkpt>
   <trkpt lat="-6.9009590" lon="108.4010160">
    <ele>2688.0</ele>
   </trkpt>
   <trkpt lat="-6.9009530" lon="108.4010170">
    <ele>2688.0</ele>
   </trkpt>
   <trkpt lat="-6.9009470" lon="108.4010170">
    <ele>2688.0</ele>
   </trkpt>
   <trkpt lat="-6.9009410" lon="108.4010180">
    <ele>2688.0</ele>
   </trkpt>
   <trkpt lat="-6.9009380" lon="108.4010160">
    <ele>2689.0</ele>
   </trkpt>
   <trkpt lat="-6.9009340" lon="108.4010140">
    <ele>2689.0</ele>
   </trkpt>
   <trkpt lat="-6.9009310" lon="108.4010120">
    <ele>2689.0</ele>
   </trkpt>
   <trkpt lat="-6.9009280" lon="108.4010110">
    <ele>2690.0</ele>
   </trkpt>
   <trkpt lat="-6.9009250" lon="108.4010100">
    <ele>2690.0</ele>
   </trkpt>
   <trkpt lat="-6.9009190" lon="108.4010100">
    <ele>2691.0</ele>
   </trkpt>
   <trkpt lat="-6.9009140" lon="108.4010100">
    <ele>2691.0</ele>
   </trkpt>
   <trkpt lat="-6.9009080" lon="108.4010130">
    <ele>2691.0</ele>
   </trkpt>
   <trkpt lat="-6.9009020" lon="108.4010160">
    <ele>2691.0</ele>
   </trkpt>
   <trkpt lat="-6.9008970" lon="108.4010210">
    <ele>2691.0</ele>
   </trkpt>
   <trkpt lat="-6.9008910" lon="108.4010250">
    <ele>2691.0</ele>
   </trkpt>
   <trkpt lat="-6.9008860" lon="108.4010280">
    <ele>2691.0</ele>
   </trkpt>
   <trkpt lat="-6.9008800" lon="108.4010320">
    <ele>2691.0</ele>
   </trkpt>
   <trkpt lat="-6.9008740" lon="108.4010350">
    <ele>2691.0</ele>
   </trkpt>
   <trkpt lat="-6.9008690" lon="108.4010380">
    <ele>2691.0</ele>
   </trkpt>
   <trkpt lat="-6.9008660" lon="108.4010390">
    <ele>2692.0</ele>
   </trkpt>
   <trkpt lat="-6.9008630" lon="108.4010410">
    <ele>2692.0</ele>
   </trkpt>
   <trkpt lat="-6.9008590" lon="108.4010430">
    <ele>2692.0</ele>
   </trkpt>
   <trkpt lat="-6.9008550" lon="108.4010460">
    <ele>2692.0</ele>
   </trkpt>
   <trkpt lat="-6.9008510" lon="108.4010480">
    <ele>2692.0</ele>
   </trkpt>
   <trkpt lat="-6.9008470" lon="108.4010490">
    <ele>2693.0</ele>
   </trkpt>
   <trkpt lat="-6.9008440" lon="108.4010510">
    <ele>2693.0</ele>
   </trkpt>
   <trkpt lat="-6.9008370" lon="108.4010520">
    <ele>2693.0</ele>
   </trkpt>
   <trkpt lat="-6.9008300" lon="108.4010520">
    <ele>2693.0</ele>
   </trkpt>
   <trkpt lat="-6.9008220" lon="108.4010540">
    <ele>2693.0</ele>
   </trkpt>
   <trkpt lat="-6.9008150" lon="108.4010550">
    <ele>2694.0</ele>
   </trkpt>
   <trkpt lat="-6.9008080" lon="108.4010590">
    <ele>2694.0</ele>
   </trkpt>
   <trkpt lat="-6.9008010" lon="108.4010630">
    <ele>2694.0</ele>
   </trkpt>
   <trkpt lat="-6.9007960" lon="108.4010680">
    <ele>2695.0</ele>
   </trkpt>
   <trkpt lat="-6.9007910" lon="108.4010720">
    <ele>2695.0</ele>
   </trkpt>
   <trkpt lat="-6.9007890" lon="108.4010730">
    <ele>2696.0</ele>
   </trkpt>
   <trkpt lat="-6.9007870" lon="108.4010740">
    <ele>2696.0</ele>
   </trkpt>
   <trkpt lat="-6.9007840" lon="108.4010750">
    <ele>2696.0</ele>
   </trkpt>
   <trkpt lat="-6.9007820" lon="108.4010760">
    <ele>2696.0</ele>
   </trkpt>
   <trkpt lat="-6.9007800" lon="108.4010770">
    <ele>2696.0</ele>
   </trkpt>
   <trkpt lat="-6.9007710" lon="108.4010780">
    <ele>2697.0</ele>
   </trkpt>
   <trkpt lat="-6.9007620" lon="108.4010790">
    <ele>2697.0</ele>
   </trkpt>
   <trkpt lat="-6.9007530" lon="108.4010810">
    <ele>2697.0</ele>
   </trkpt>
   <trkpt lat="-6.9007450" lon="108.4010830">
    <ele>2697.0</ele>
   </trkpt>
   <trkpt lat="-6.9007400" lon="108.4010900">
    <ele>2697.0</ele>
   </trkpt>
   <trkpt lat="-6.9007360" lon="108.4010970">
    <ele>2698.0</ele>
   </trkpt>
   <trkpt lat="-6.9007350" lon="108.4011060">
    <ele>2698.0</ele>
   </trkpt>
   <trkpt lat="-6.9007340" lon="108.4011140">
    <ele>2698.0</ele>
   </trkpt>
   <trkpt lat="-6.9007340" lon="108.4011190">
    <ele>2698.0</ele>
   </trkpt>
   <trkpt lat="-6.9007330" lon="108.4011230">
    <ele>2698.0</ele>
   </trkpt>
   <trkpt lat="-6.9007320" lon="108.4011300">
    <ele>2699.0</ele>
   </trkpt>
   <trkpt lat="-6.9007300" lon="108.4011370">
    <ele>2699.0</ele>
   </trkpt>
   <trkpt lat="-6.9007280" lon="108.4011390">
    <ele>2699.0</ele>
   </trkpt>
   <trkpt lat="-6.9007260" lon="108.4011410">
    <ele>2699.0</ele>
   </trkpt>
   <trkpt lat="-6.9007240" lon="108.4011430">
    <ele>2699.0</ele>
   </trkpt>
   <trkpt lat="-6.9007190" lon="108.4011470">
    <ele>2700.0</ele>
   </trkpt>
   <trkpt lat="-6.9007130" lon="108.4011510">
    <ele>2700.0</ele>
   </trkpt>
   <trkpt lat="-6.9007070" lon="108.4011550">
    <ele>2700.0</ele>
   </trkpt>
   <trkpt lat="-6.9007020" lon="108.4011590">
    <ele>2700.0</ele>
   </trkpt>
   <trkpt lat="-6.9006960" lon="108.4011630">
    <ele>2700.0</ele>
   </trkpt>
   <trkpt lat="-6.9006910" lon="108.4011680">
    <ele>2701.0</ele>
   </trkpt>
   <trkpt lat="-6.9006860" lon="108.4011720">
    <ele>2701.0</ele>
   </trkpt>
   <trkpt lat="-6.9006810" lon="108.4011770">
    <ele>2701.0</ele>
   </trkpt>
   <trkpt lat="-6.9006740" lon="108.4011810">
    <ele>2701.0</ele>
   </trkpt>
   <trkpt lat="-6.9006670" lon="108.4011850">
    <ele>2701.0</ele>
   </trkpt>
   <trkpt lat="-6.9006590" lon="108.4011870">
    <ele>2702.0</ele>
   </trkpt>
   <trkpt lat="-6.9006510" lon="108.4011900">
    <ele>2702.0</ele>
   </trkpt>
   <trkpt lat="-6.9006440" lon="108.4011890">
    <ele>2702.0</ele>
   </trkpt>
   <trkpt lat="-6.9006360" lon="108.4011890">
    <ele>2702.0</ele>
   </trkpt>
   <trkpt lat="-6.9006290" lon="108.4011870">
    <ele>2702.0</ele>
   </trkpt>
   <trkpt lat="-6.9006210" lon="108.4011850">
    <ele>2703.0</ele>
   </trkpt>
   <trkpt lat="-6.9006140" lon="108.4011840">
    <ele>2703.0</ele>
   </trkpt>
   <trkpt lat="-6.9006070" lon="108.4011830">
    <ele>2703.0</ele>
   </trkpt>
   <trkpt lat="-6.9006010" lon="108.4011850">
    <ele>2704.0</ele>
   </trkpt>
   <trkpt lat="-6.9005950" lon="108.4011860">
    <ele>2704.0</ele>
   </trkpt>
   <trkpt lat="-6.9005950" lon="108.4011860">
    <ele>2705.0</ele>
   </trkpt>
   <trkpt lat="-6.9005950" lon="108.4011860">
    <ele>2705.0</ele>
   </trkpt>
   <trkpt lat="-6.9005950" lon="108.4011860">
    <ele>2705.0</ele>
   </trkpt>
   <trkpt lat="-6.9005950" lon="108.4011860">
    <ele>2705.0</ele>
   </trkpt>
   <trkpt lat="-6.9005950" lon="108.4011860">
    <ele>2705.0</ele>
   </trkpt>
   <trkpt lat="-6.9005950" lon="108.4011860">
    <ele>2706.0</ele>
   </trkpt>
   <trkpt lat="-6.9005950" lon="108.4011860">
    <ele>2706.0</ele>
   </trkpt>
   <trkpt lat="-6.9005950" lon="108.4011860">
    <ele>2706.0</ele>
   </trkpt>
   <trkpt lat="-6.9005950" lon="108.4011860">
    <ele>2706.0</ele>
   </trkpt>
   <trkpt lat="-6.9005950" lon="108.4011860">
    <ele>2706.0</ele>
   </trkpt>
   <trkpt lat="-6.9005840" lon="108.4012000">
    <ele>2707.0</ele>
   </trkpt>
   <trkpt lat="-6.9005760" lon="108.4012060">
    <ele>2707.0</ele>
   </trkpt>
   <trkpt lat="-6.9005680" lon="108.4012120">
    <ele>2707.0</ele>
   </trkpt>
   <trkpt lat="-6.9005580" lon="108.4012140">
    <ele>2707.0</ele>
   </trkpt>
   <trkpt lat="-6.9005480" lon="108.4012160">
    <ele>2707.0</ele>
   </trkpt>
   <trkpt lat="-6.9005370" lon="108.4012190">
    <ele>2708.0</ele>
   </trkpt>
   <trkpt lat="-6.9005270" lon="108.4012210">
    <ele>2708.0</ele>
   </trkpt>
   <trkpt lat="-6.9005200" lon="108.4012260">
    <ele>2708.0</ele>
   </trkpt>
   <trkpt lat="-6.9005130" lon="108.4012320">
    <ele>2708.0</ele>
   </trkpt>
   <trkpt lat="-6.9005110" lon="108.4012380">
    <ele>2708.0</ele>
   </trkpt>
   <trkpt lat="-6.9005080" lon="108.4012440">
    <ele>2709.0</ele>
   </trkpt>
   <trkpt lat="-6.9005090" lon="108.4012480">
    <ele>2709.0</ele>
   </trkpt>
   <trkpt lat="-6.9005090" lon="108.4012510">
    <ele>2709.0</ele>
   </trkpt>
   <trkpt lat="-6.9005090" lon="108.4012580">
    <ele>2709.0</ele>
   </trkpt>
   <trkpt lat="-6.9005090" lon="108.4012640">
    <ele>2709.0</ele>
   </trkpt>
   <trkpt lat="-6.9005080" lon="108.4012680">
    <ele>2710.0</ele>
   </trkpt>
   <trkpt lat="-6.9005060" lon="108.4012710">
    <ele>2710.0</ele>
   </trkpt>
   <trkpt lat="-6.9005040" lon="108.4012750">
    <ele>2710.0</ele>
   </trkpt>
   <trkpt lat="-6.9004990" lon="108.4012800">
    <ele>2710.0</ele>
   </trkpt>
   <trkpt lat="-6.9004950" lon="108.4012840">
    <ele>2710.0</ele>
   </trkpt>
   <trkpt lat="-6.9004950" lon="108.4012840">
    <ele>2711.0</ele>
   </trkpt>
   <trkpt lat="-6.9004950" lon="108.4012840">
    <ele>2711.0</ele>
   </trkpt>
   <trkpt lat="-6.9004950" lon="108.4012840">
    <ele>2711.0</ele>
   </trkpt>
   <trkpt lat="-6.9004950" lon="108.4012840">
    <ele>2711.0</ele>
   </trkpt>
   <trkpt lat="-6.9004950" lon="108.4012840">
    <ele>2711.0</ele>
   </trkpt>
   <trkpt lat="-6.9004950" lon="108.4012840">
    <ele>2712.0</ele>
   </trkpt>
   <trkpt lat="-6.9004950" lon="108.4012840">
    <ele>2712.0</ele>
   </trkpt>
   <trkpt lat="-6.9004950" lon="108.4012840">
    <ele>2712.0</ele>
   </trkpt>
   <trkpt lat="-6.9004830" lon="108.4012990">
    <ele>2712.0</ele>
   </trkpt>
   <trkpt lat="-6.9004780" lon="108.4013070">
    <ele>2712.0</ele>
   </trkpt>
   <trkpt lat="-6.9004740" lon="108.4013160">
    <ele>2713.0</ele>
   </trkpt>
   <trkpt lat="-6.9004710" lon="108.4013220">
    <ele>2713.0</ele>
   </trkpt>
   <trkpt lat="-6.9004670" lon="108.4013290">
    <ele>2713.0</ele>
   </trkpt>
   <trkpt lat="-6.9004650" lon="108.4013360">
    <ele>2713.0</ele>
   </trkpt>
   <trkpt lat="-6.9004630" lon="108.4013430">
    <ele>2713.0</ele>
   </trkpt>
   <trkpt lat="-6.9004620" lon="108.4013500">
    <ele>2714.0</ele>
   </trkpt>
   <trkpt lat="-6.9004620" lon="108.4013570">
    <ele>2714.0</ele>
   </trkpt>
   <trkpt lat="-6.9004620" lon="108.4013570">
    <ele>2714.0</ele>
   </trkpt>
   <trkpt lat="-6.9004620" lon="108.4013570">
    <ele>2714.0</ele>
   </trkpt>
   <trkpt lat="-6.9004620" lon="108.4013570">
    <ele>2714.0</ele>
   </trkpt>
   <trkpt lat="-6.9004620" lon="108.4013570">
    <ele>2715.0</ele>
   </trkpt>
   <trkpt lat="-6.9004620" lon="108.4013570">
    <ele>2715.0</ele>
   </trkpt>
   <trkpt lat="-6.9004620" lon="108.4013570">
    <ele>2715.0</ele>
   </trkpt>
   <trkpt lat="-6.9004610" lon="108.4013720">
    <ele>2715.0</ele>
   </trkpt>
   <trkpt lat="-6.9004600" lon="108.4013780">
    <ele>2715.0</ele>
   </trkpt>
   <trkpt lat="-6.9004580" lon="108.4013840">
    <ele>2716.0</ele>
   </trkpt>
   <trkpt lat="-6.9004550" lon="108.4013890">
    <ele>2716.0</ele>
   </trkpt>
   <trkpt lat="-6.9004520" lon="108.4013930">
    <ele>2716.0</ele>
   </trkpt>
   <trkpt lat="-6.9004470" lon="108.4013950">
    <ele>2716.0</ele>
   </trkpt>
   <trkpt lat="-6.9004420" lon="108.4013980">
    <ele>2716.0</ele>
   </trkpt>
   <trkpt lat="-6.9004420" lon="108.4013980">
    <ele>2717.0</ele>
   </trkpt>
   <trkpt lat="-6.9004420" lon="108.4013980">
    <ele>2717.0</ele>
   </trkpt>
   <trkpt lat="-6.9004420" lon="108.4013980">
    <ele>2717.0</ele>
   </trkpt>
   <trkpt lat="-6.9004420" lon="108.4013980">
    <ele>2717.0</ele>
   </trkpt>
   <trkpt lat="-6.9004420" lon="108.4013980">
    <ele>2717.0</ele>
   </trkpt>
   <trkpt lat="-6.9004420" lon="108.4013980">
    <ele>2718.0</ele>
   </trkpt>
   <trkpt lat="-6.9004420" lon="108.4013980">
    <ele>2718.0</ele>
   </trkpt>
   <trkpt lat="-6.9004420" lon="108.4013980">
    <ele>2718.0</ele>
   </trkpt>
   <trkpt lat="-6.9004420" lon="108.4013980">
    <ele>2718.0</ele>
   </trkpt>
   <trkpt lat="-6.9004420" lon="108.4013980">
    <ele>2718.0</ele>
   </trkpt>
   <trkpt lat="-6.9004420" lon="108.4013980">
    <ele>2719.0</ele>
   </trkpt>
   <trkpt lat="-6.9004420" lon="108.4013980">
    <ele>2719.0</ele>
   </trkpt>
   <trkpt lat="-6.9004280" lon="108.4014100">
    <ele>2719.0</ele>
   </trkpt>
   <trkpt lat="-6.9004230" lon="108.4014160">
    <ele>2719.0</ele>
   </trkpt>
   <trkpt lat="-6.9004180" lon="108.4014220">
    <ele>2719.0</ele>
   </trkpt>
   <trkpt lat="-6.9004140" lon="108.4014240">
    <ele>2719.0</ele>
   </trkpt>
   <trkpt lat="-6.9004100" lon="108.4014260">
    <ele>2719.0</ele>
   </trkpt>
   <trkpt lat="-6.9004060" lon="108.4014270">
    <ele>2719.0</ele>
   </trkpt>
   <trkpt lat="-6.9004010" lon="108.4014300">
    <ele>2719.0</ele>
   </trkpt>
   <trkpt lat="-6.9003950" lon="108.4014330">
    <ele>2719.0</ele>
   </trkpt>
   <trkpt lat="-6.9003920" lon="108.4014370">
    <ele>2720.0</ele>
   </trkpt>
   <trkpt lat="-6.9003880" lon="108.4014410">
    <ele>2720.0</ele>
   </trkpt>
   <trkpt lat="-6.9003880" lon="108.4014410">
    <ele>2720.0</ele>
   </trkpt>
   <trkpt lat="-6.9003880" lon="108.4014410">
    <ele>2720.0</ele>
   </trkpt>
   <trkpt lat="-6.9003880" lon="108.4014410">
    <ele>2720.0</ele>
   </trkpt>
   <trkpt lat="-6.9003880" lon="108.4014410">
    <ele>2721.0</ele>
   </trkpt>
   <trkpt lat="-6.9003880" lon="108.4014410">
    <ele>2721.0</ele>
   </trkpt>
   <trkpt lat="-6.9003880" lon="108.4014410">
    <ele>2721.0</ele>
   </trkpt>
   <trkpt lat="-6.9003880" lon="108.4014410">
    <ele>2721.0</ele>
   </trkpt>
   <trkpt lat="-6.9003880" lon="108.4014410">
    <ele>2721.0</ele>
   </trkpt>
   <trkpt lat="-6.9003880" lon="108.4014410">
    <ele>2722.0</ele>
   </trkpt>
   <trkpt lat="-6.9003880" lon="108.4014410">
    <ele>2722.0</ele>
   </trkpt>
   <trkpt lat="-6.9003880" lon="108.4014410">
    <ele>2722.0</ele>
   </trkpt>
   <trkpt lat="-6.9003880" lon="108.4014410">
    <ele>2722.0</ele>
   </trkpt>
   <trkpt lat="-6.9003880" lon="108.4014410">
    <ele>2722.0</ele>
   </trkpt>
   <trkpt lat="-6.9003750" lon="108.4014580">
    <ele>2723.0</ele>
   </trkpt>
   <trkpt lat="-6.9003670" lon="108.4014670">
    <ele>2723.0</ele>
   </trkpt>
   <trkpt lat="-6.9003590" lon="108.4014750">
    <ele>2723.0</ele>
   </trkpt>
   <trkpt lat="-6.9003550" lon="108.4014770">
    <ele>2723.0</ele>
   </trkpt>
   <trkpt lat="-6.9003510" lon="108.4014790">
    <ele>2723.0</ele>
   </trkpt>
   <trkpt lat="-6.9003470" lon="108.4014810">
    <ele>2724.0</ele>
   </trkpt>
   <trkpt lat="-6.9003410" lon="108.4014820">
    <ele>2724.0</ele>
   </trkpt>
   <trkpt lat="-6.9003350" lon="108.4014820">
    <ele>2724.0</ele>
   </trkpt>
   <trkpt lat="-6.9003350" lon="108.4014820">
    <ele>2724.0</ele>
   </trkpt>
   <trkpt lat="-6.9003350" lon="108.4014820">
    <ele>2724.0</ele>
   </trkpt>
   <trkpt lat="-6.9003350" lon="108.4014820">
    <ele>2725.0</ele>
   </trkpt>
   <trkpt lat="-6.9003350" lon="108.4014820">
    <ele>2725.0</ele>
   </trkpt>
   <trkpt lat="-6.9003350" lon="108.4014820">
    <ele>2725.0</ele>
   </trkpt>
   <trkpt lat="-6.9003350" lon="108.4014820">
    <ele>2725.0</ele>
   </trkpt>
   <trkpt lat="-6.9003350" lon="108.4014820">
    <ele>2725.0</ele>
   </trkpt>
   <trkpt lat="-6.9003350" lon="108.4014820">
    <ele>2726.0</ele>
   </trkpt>
   <trkpt lat="-6.9003150" lon="108.4014850">
    <ele>2726.0</ele>
   </trkpt>
   <trkpt lat="-6.9003050" lon="108.4014860">
    <ele>2726.0</ele>
   </trkpt>
   <trkpt lat="-6.9002920" lon="108.4014900">
    <ele>2726.0</ele>
   </trkpt>
   <trkpt lat="-6.9002890" lon="108.4014910">
    <ele>2726.0</ele>
   </trkpt>
   <trkpt lat="-6.9002860" lon="108.4014930">
    <ele>2727.0</ele>
   </trkpt>
   <trkpt lat="-6.9002830" lon="108.4014950">
    <ele>2727.0</ele>
   </trkpt>
   <trkpt lat="-6.9002810" lon="108.4014970">
    <ele>2727.0</ele>
   </trkpt>
   <trkpt lat="-6.9002780" lon="108.4014990">
    <ele>2727.0</ele>
   </trkpt>
   <trkpt lat="-6.9002750" lon="108.4015010">
    <ele>2727.0</ele>
   </trkpt>
   <trkpt lat="-6.9002730" lon="108.4015030">
    <ele>2728.0</ele>
   </trkpt>
   <trkpt lat="-6.9002700" lon="108.4015040">
    <ele>2728.0</ele>
   </trkpt>
   <trkpt lat="-6.9002670" lon="108.4015060">
    <ele>2728.0</ele>
   </trkpt>
   <trkpt lat="-6.9002640" lon="108.4015080">
    <ele>2728.0</ele>
   </trkpt>
   <trkpt lat="-6.9002620" lon="108.4015100">
    <ele>2728.0</ele>
   </trkpt>
   <trkpt lat="-6.9002590" lon="108.4015120">
    <ele>2729.0</ele>
   </trkpt>
   <trkpt lat="-6.9002560" lon="108.4015140">
    <ele>2729.0</ele>
   </trkpt>
   <trkpt lat="-6.9002530" lon="108.4015160">
    <ele>2729.0</ele>
   </trkpt>
   <trkpt lat="-6.9002430" lon="108.4015250">
    <ele>2729.0</ele>
   </trkpt>
   <trkpt lat="-6.9002350" lon="108.4015320">
    <ele>2729.0</ele>
   </trkpt>
   <trkpt lat="-6.9002280" lon="108.4015380">
    <ele>2730.0</ele>
   </trkpt>
   <trkpt lat="-6.9002240" lon="108.4015420">
    <ele>2730.0</ele>
   </trkpt>
   <trkpt lat="-6.9002210" lon="108.4015450">
    <ele>2730.0</ele>
   </trkpt>
   <trkpt lat="-6.9002210" lon="108.4015450">
    <ele>2730.0</ele>
   </trkpt>
   <trkpt lat="-6.9002210" lon="108.4015450">
    <ele>2730.0</ele>
   </trkpt>
   <trkpt lat="-6.9002210" lon="108.4015450">
    <ele>2731.0</ele>
   </trkpt>
   <trkpt lat="-6.9002210" lon="108.4015450">
    <ele>2731.0</ele>
   </trkpt>
   <trkpt lat="-6.9002210" lon="108.4015450">
    <ele>2731.0</ele>
   </trkpt>
   <trkpt lat="-6.9002210" lon="108.4015450">
    <ele>2732.0</ele>
   </trkpt>
   <trkpt lat="-6.9002210" lon="108.4015450">
    <ele>2732.0</ele>
   </trkpt>
   <trkpt lat="-6.9002210" lon="108.4015450">
    <ele>2733.0</ele>
   </trkpt>
   <trkpt lat="-6.9002210" lon="108.4015450">
    <ele>2733.0</ele>
   </trkpt>
   <trkpt lat="-6.9002210" lon="108.4015450">
    <ele>2733.0</ele>
   </trkpt>
   <trkpt lat="-6.9002210" lon="108.4015450">
    <ele>2733.0</ele>
   </trkpt>
   <trkpt lat="-6.9002210" lon="108.4015450">
    <ele>2733.0</ele>
   </trkpt>
   <trkpt lat="-6.9002210" lon="108.4015450">
    <ele>2734.0</ele>
   </trkpt>
   <trkpt lat="-6.9002210" lon="108.4015450">
    <ele>2734.0</ele>
   </trkpt>
   <trkpt lat="-6.9002070" lon="108.4015630">
    <ele>2734.0</ele>
   </trkpt>
   <trkpt lat="-6.9002000" lon="108.4015740">
    <ele>2734.0</ele>
   </trkpt>
   <trkpt lat="-6.9001920" lon="108.4015850">
    <ele>2734.0</ele>
   </trkpt>
   <trkpt lat="-6.9001920" lon="108.4015850">
    <ele>2735.0</ele>
   </trkpt>
   <trkpt lat="-6.9001920" lon="108.4015850">
    <ele>2735.0</ele>
   </trkpt>
   <trkpt lat="-6.9001920" lon="108.4015850">
    <ele>2735.0</ele>
   </trkpt>
   <trkpt lat="-6.9001920" lon="108.4015850">
    <ele>2735.0</ele>
   </trkpt>
   <trkpt lat="-6.9001920" lon="108.4015850">
    <ele>2735.0</ele>
   </trkpt>
   <trkpt lat="-6.9001920" lon="108.4015850">
    <ele>2736.0</ele>
   </trkpt>
   <trkpt lat="-6.9001920" lon="108.4015850">
    <ele>2736.0</ele>
   </trkpt>
   <trkpt lat="-6.9001920" lon="108.4015850">
    <ele>2736.0</ele>
   </trkpt>
   <trkpt lat="-6.9001920" lon="108.4015850">
    <ele>2736.0</ele>
   </trkpt>
   <trkpt lat="-6.9001920" lon="108.4015850">
    <ele>2736.0</ele>
   </trkpt>
   <trkpt lat="-6.9001920" lon="108.4015850">
    <ele>2737.0</ele>
   </trkpt>
   <trkpt lat="-6.9001920" lon="108.4015850">
    <ele>2737.0</ele>
   </trkpt>
   <trkpt lat="-6.9001920" lon="108.4015850">
    <ele>2737.0</ele>
   </trkpt>
   <trkpt lat="-6.9001740" lon="108.4016060">
    <ele>2737.0</ele>
   </trkpt>
   <trkpt lat="-6.9001660" lon="108.4016140">
    <ele>2737.0</ele>
   </trkpt>
   <trkpt lat="-6.9001560" lon="108.4016240">
    <ele>2738.0</ele>
   </trkpt>
   <trkpt lat="-6.9001550" lon="108.4016250">
    <ele>2738.0</ele>
   </trkpt>
   <trkpt lat="-6.9001540" lon="108.4016260">
    <ele>2738.0</ele>
   </trkpt>
   <trkpt lat="-6.9001530" lon="108.4016270">
    <ele>2738.0</ele>
   </trkpt>
   <trkpt lat="-6.9001520" lon="108.4016280">
    <ele>2738.0</ele>
   </trkpt>
   <trkpt lat="-6.9001510" lon="108.4016290">
    <ele>2739.0</ele>
   </trkpt>
   <trkpt lat="-6.9001500" lon="108.4016300">
    <ele>2739.0</ele>
   </trkpt>
   <trkpt lat="-6.9001490" lon="108.4016310">
    <ele>2739.0</ele>
   </trkpt>
   <trkpt lat="-6.9001470" lon="108.4016310">
    <ele>2739.0</ele>
   </trkpt>
   <trkpt lat="-6.9001460" lon="108.4016320">
    <ele>2739.0</ele>
   </trkpt>
   <trkpt lat="-6.9001450" lon="108.4016330">
    <ele>2740.0</ele>
   </trkpt>
   <trkpt lat="-6.9001440" lon="108.4016340">
    <ele>2740.0</ele>
   </trkpt>
   <trkpt lat="-6.9001430" lon="108.4016350">
    <ele>2740.0</ele>
   </trkpt>
   <trkpt lat="-6.9001420" lon="108.4016360">
    <ele>2740.0</ele>
   </trkpt>
   <trkpt lat="-6.9001410" lon="108.4016370">
    <ele>2740.0</ele>
   </trkpt>
   <trkpt lat="-6.9001400" lon="108.4016380">
    <ele>2741.0</ele>
   </trkpt>
   <trkpt lat="-6.9001380" lon="108.4016390">
    <ele>2741.0</ele>
   </trkpt>
   <trkpt lat="-6.9001370" lon="108.4016400">
    <ele>2741.0</ele>
   </trkpt>
   <trkpt lat="-6.9001360" lon="108.4016410">
    <ele>2741.0</ele>
   </trkpt>
   <trkpt lat="-6.9001350" lon="108.4016420">
    <ele>2741.0</ele>
   </trkpt>
   <trkpt lat="-6.9001340" lon="108.4016430">
    <ele>2742.0</ele>
   </trkpt>
   <trkpt lat="-6.9001330" lon="108.4016440">
    <ele>2742.0</ele>
   </trkpt>
   <trkpt lat="-6.9001320" lon="108.4016450">
    <ele>2742.0</ele>
   </trkpt>
   <trkpt lat="-6.9001300" lon="108.4016460">
    <ele>2742.0</ele>
   </trkpt>
   <trkpt lat="-6.9001290" lon="108.4016470">
    <ele>2742.0</ele>
   </trkpt>
   <trkpt lat="-6.9001280" lon="108.4016480">
    <ele>2743.0</ele>
   </trkpt>
   <trkpt lat="-6.9001270" lon="108.4016490">
    <ele>2743.0</ele>
   </trkpt>
   <trkpt lat="-6.9001260" lon="108.4016500">
    <ele>2743.0</ele>
   </trkpt>
   <trkpt lat="-6.9001250" lon="108.4016510">
    <ele>2743.0</ele>
   </trkpt>
   <trkpt lat="-6.9001240" lon="108.4016520">
    <ele>2743.0</ele>
   </trkpt>
   <trkpt lat="-6.9001230" lon="108.4016530">
    <ele>2744.0</ele>
   </trkpt>
   <trkpt lat="-6.9001050" lon="108.4016660">
    <ele>2744.0</ele>
   </trkpt>
   <trkpt lat="-6.9000880" lon="108.4016800">
    <ele>2744.0</ele>
   </trkpt>
   <trkpt lat="-6.9000790" lon="108.4016860">
    <ele>2744.0</ele>
   </trkpt>
   <trkpt lat="-6.9000690" lon="108.4016930">
    <ele>2744.0</ele>
   </trkpt>
   <trkpt lat="-6.9000630" lon="108.4016970">
    <ele>2745.0</ele>
   </trkpt>
   <trkpt lat="-6.9000570" lon="108.4017020">
    <ele>2745.0</ele>
   </trkpt>
   <trkpt lat="-6.9000520" lon="108.4017060">
    <ele>2745.0</ele>
   </trkpt>
   <trkpt lat="-6.9000480" lon="108.4017100">
    <ele>2745.0</ele>
   </trkpt>
   <trkpt lat="-6.9000470" lon="108.4017120">
    <ele>2745.0</ele>
   </trkpt>
   <trkpt lat="-6.9000460" lon="108.4017140">
    <ele>2746.0</ele>
   </trkpt>
   <trkpt lat="-6.9000450" lon="108.4017160">
    <ele>2746.0</ele>
   </trkpt>
   <trkpt lat="-6.9000440" lon="108.4017180">
    <ele>2746.0</ele>
   </trkpt>
   <trkpt lat="-6.9000430" lon="108.4017200">
    <ele>2746.0</ele>
   </trkpt>
   <trkpt lat="-6.9000410" lon="108.4017280">
    <ele>2746.0</ele>
   </trkpt>
   <trkpt lat="-6.9000380" lon="108.4017360">
    <ele>2747.0</ele>
   </trkpt>
   <trkpt lat="-6.9000380" lon="108.4017360">
    <ele>2747.0</ele>
   </trkpt>
   <trkpt lat="-6.9000380" lon="108.4017360">
    <ele>2747.0</ele>
   </trkpt>
   <trkpt lat="-6.9000380" lon="108.4017360">
    <ele>2747.0</ele>
   </trkpt>
   <trkpt lat="-6.9000380" lon="108.4017360">
    <ele>2747.0</ele>
   </trkpt>
   <trkpt lat="-6.9000380" lon="108.4017360">
    <ele>2748.0</ele>
   </trkpt>
   <trkpt lat="-6.9000380" lon="108.4017360">
    <ele>2748.0</ele>
   </trkpt>
   <trkpt lat="-6.9000380" lon="108.4017360">
    <ele>2748.0</ele>
   </trkpt>
   <trkpt lat="-6.9000380" lon="108.4017360">
    <ele>2748.0</ele>
   </trkpt>
   <trkpt lat="-6.9000380" lon="108.4017360">
    <ele>2748.0</ele>
   </trkpt>
   <trkpt lat="-6.9000380" lon="108.4017360">
    <ele>2749.0</ele>
   </trkpt>
   <trkpt lat="-6.9000380" lon="108.4017360">
    <ele>2749.0</ele>
   </trkpt>
   <trkpt lat="-6.9000380" lon="108.4017360">
    <ele>2749.0</ele>
   </trkpt>
   <trkpt lat="-6.9000380" lon="108.4017360">
    <ele>2749.0</ele>
   </trkpt>
   <trkpt lat="-6.9000380" lon="108.4017360">
    <ele>2749.0</ele>
   </trkpt>
   <trkpt lat="-6.9000380" lon="108.4017360">
    <ele>2750.0</ele>
   </trkpt>
   <trkpt lat="-6.9000380" lon="108.4017360">
    <ele>2750.0</ele>
   </trkpt>
   <trkpt lat="-6.9000380" lon="108.4017360">
    <ele>2750.0</ele>
   </trkpt>
   <trkpt lat="-6.9000380" lon="108.4017360">
    <ele>2750.0</ele>
   </trkpt>
   <trkpt lat="-6.9000380" lon="108.4017360">
    <ele>2750.0</ele>
   </trkpt>
   <trkpt lat="-6.9000380" lon="108.4017360">
    <ele>2751.0</ele>
   </trkpt>
   <trkpt lat="-6.9000380" lon="108.4017360">
    <ele>2751.0</ele>
   </trkpt>
   <trkpt lat="-6.9000380" lon="108.4017360">
    <ele>2751.0</ele>
   </trkpt>
   <trkpt lat="-6.9000380" lon="108.4017360">
    <ele>2751.0</ele>
   </trkpt>
   <trkpt lat="-6.9000380" lon="108.4017360">
    <ele>2751.0</ele>
   </trkpt>
   <trkpt lat="-6.9000380" lon="108.4017360">
    <ele>2752.0</ele>
   </trkpt>
   <trkpt lat="-6.9000380" lon="108.4017360">
    <ele>2752.0</ele>
   </trkpt>
   <trkpt lat="-6.9000380" lon="108.4017360">
    <ele>2752.0</ele>
   </trkpt>
   <trkpt lat="-6.9000140" lon="108.4017650">
    <ele>2752.0</ele>
   </trkpt>
   <trkpt lat="-6.9000020" lon="108.4017790">
    <ele>2752.0</ele>
   </trkpt>
   <trkpt lat="-6.8999910" lon="108.4017940">
    <ele>2753.0</ele>
   </trkpt>
   <trkpt lat="-6.8999900" lon="108.4017950">
    <ele>2753.0</ele>
   </trkpt>
   <trkpt lat="-6.8999890" lon="108.4017970">
    <ele>2753.0</ele>
   </trkpt>
   <trkpt lat="-6.8999890" lon="108.4017990">
    <ele>2753.0</ele>
   </trkpt>
   <trkpt lat="-6.8999880" lon="108.4018010">
    <ele>2753.0</ele>
   </trkpt>
   <trkpt lat="-6.8999870" lon="108.4018030">
    <ele>2754.0</ele>
   </trkpt>
   <trkpt lat="-6.8999870" lon="108.4018050">
    <ele>2754.0</ele>
   </trkpt>
   <trkpt lat="-6.8999860" lon="108.4018060">
    <ele>2754.0</ele>
   </trkpt>
   <trkpt lat="-6.8999850" lon="108.4018080">
    <ele>2755.0</ele>
   </trkpt>
   <trkpt lat="-6.8999840" lon="108.4018100">
    <ele>2755.0</ele>
   </trkpt>
   <trkpt lat="-6.8999840" lon="108.4018120">
    <ele>2756.0</ele>
   </trkpt>
   <trkpt lat="-6.8999830" lon="108.4018140">
    <ele>2756.0</ele>
   </trkpt>
   <trkpt lat="-6.8999820" lon="108.4018160">
    <ele>2756.0</ele>
   </trkpt>
   <trkpt lat="-6.8999820" lon="108.4018180">
    <ele>2756.0</ele>
   </trkpt>
   <trkpt lat="-6.8999810" lon="108.4018190">
    <ele>2756.0</ele>
   </trkpt>
   <trkpt lat="-6.8999800" lon="108.4018210">
    <ele>2757.0</ele>
   </trkpt>
   <trkpt lat="-6.8999800" lon="108.4018230">
    <ele>2757.0</ele>
   </trkpt>
   <trkpt lat="-6.8999790" lon="108.4018250">
    <ele>2757.0</ele>
   </trkpt>
   <trkpt lat="-6.8999780" lon="108.4018270">
    <ele>2757.0</ele>
   </trkpt>
   <trkpt lat="-6.8999770" lon="108.4018290">
    <ele>2757.0</ele>
   </trkpt>
   <trkpt lat="-6.8999770" lon="108.4018300">
    <ele>2758.0</ele>
   </trkpt>
   <trkpt lat="-6.8999760" lon="108.4018320">
    <ele>2758.0</ele>
   </trkpt>
   <trkpt lat="-6.8999700" lon="108.4018490">
    <ele>2758.0</ele>
   </trkpt>
   <trkpt lat="-6.8999640" lon="108.4018660">
    <ele>2758.0</ele>
   </trkpt>
   <trkpt lat="-6.8999590" lon="108.4018750">
    <ele>2758.0</ele>
   </trkpt>
   <trkpt lat="-6.8999550" lon="108.4018830">
    <ele>2759.0</ele>
   </trkpt>
   <trkpt lat="-6.8999500" lon="108.4018890">
    <ele>2759.0</ele>
   </trkpt>
   <trkpt lat="-6.8999450" lon="108.4018940">
    <ele>2759.0</ele>
   </trkpt>
   <trkpt lat="-6.8999400" lon="108.4018970">
    <ele>2760.0</ele>
   </trkpt>
   <trkpt lat="-6.8999350" lon="108.4019010">
    <ele>2760.0</ele>
   </trkpt>
   <trkpt lat="-6.8999310" lon="108.4019020">
    <ele>2761.0</ele>
   </trkpt>
   <trkpt lat="-6.8999270" lon="108.4019040">
    <ele>2761.0</ele>
   </trkpt>
   <trkpt lat="-6.8999230" lon="108.4019060">
    <ele>2761.0</ele>
   </trkpt>
   <trkpt lat="-6.8999190" lon="108.4019110">
    <ele>2761.0</ele>
   </trkpt>
   <trkpt lat="-6.8999140" lon="108.4019150">
    <ele>2761.0</ele>
   </trkpt>
   <trkpt lat="-6.8999140" lon="108.4019150">
    <ele>2762.0</ele>
   </trkpt>
   <trkpt lat="-6.8999140" lon="108.4019150">
    <ele>2762.0</ele>
   </trkpt>
   <trkpt lat="-6.8999140" lon="108.4019150">
    <ele>2762.0</ele>
   </trkpt>
   <trkpt lat="-6.8999140" lon="108.4019150">
    <ele>2762.0</ele>
   </trkpt>
   <trkpt lat="-6.8999140" lon="108.4019150">
    <ele>2762.0</ele>
   </trkpt>
   <trkpt lat="-6.8999140" lon="108.4019150">
    <ele>2763.0</ele>
   </trkpt>
   <trkpt lat="-6.8999140" lon="108.4019150">
    <ele>2763.0</ele>
   </trkpt>
   <trkpt lat="-6.8999140" lon="108.4019150">
    <ele>2763.0</ele>
   </trkpt>
   <trkpt lat="-6.8999140" lon="108.4019150">
    <ele>2763.0</ele>
   </trkpt>
   <trkpt lat="-6.8999140" lon="108.4019150">
    <ele>2763.0</ele>
   </trkpt>
   <trkpt lat="-6.8998990" lon="108.4019260">
    <ele>2764.0</ele>
   </trkpt>
   <trkpt lat="-6.8998920" lon="108.4019300">
    <ele>2764.0</ele>
   </trkpt>
   <trkpt lat="-6.8998840" lon="108.4019360">
    <ele>2764.0</ele>
   </trkpt>
   <trkpt lat="-6.8998830" lon="108.4019380">
    <ele>2764.0</ele>
   </trkpt>
   <trkpt lat="-6.8998820" lon="108.4019400">
    <ele>2764.0</ele>
   </trkpt>
   <trkpt lat="-6.8998820" lon="108.4019420">
    <ele>2765.0</ele>
   </trkpt>
   <trkpt lat="-6.8998810" lon="108.4019440">
    <ele>2765.0</ele>
   </trkpt>
   <trkpt lat="-6.8998800" lon="108.4019460">
    <ele>2765.0</ele>
   </trkpt>
   <trkpt lat="-6.8998790" lon="108.4019480">
    <ele>2765.0</ele>
   </trkpt>
   <trkpt lat="-6.8998790" lon="108.4019500">
    <ele>2765.0</ele>
   </trkpt>
   <trkpt lat="-6.8998780" lon="108.4019520">
    <ele>2766.0</ele>
   </trkpt>
   <trkpt lat="-6.8998770" lon="108.4019540">
    <ele>2766.0</ele>
   </trkpt>
   <trkpt lat="-6.8998770" lon="108.4019560">
    <ele>2766.0</ele>
   </trkpt>
   <trkpt lat="-6.8998760" lon="108.4019580">
    <ele>2766.0</ele>
   </trkpt>
   <trkpt lat="-6.8998750" lon="108.4019600">
    <ele>2766.0</ele>
   </trkpt>
   <trkpt lat="-6.8998740" lon="108.4019620">
    <ele>2767.0</ele>
   </trkpt>
   <trkpt lat="-6.8998740" lon="108.4019640">
    <ele>2767.0</ele>
   </trkpt>
   <trkpt lat="-6.8998730" lon="108.4019660">
    <ele>2767.0</ele>
   </trkpt>
   <trkpt lat="-6.8998720" lon="108.4019680">
    <ele>2767.0</ele>
   </trkpt>
   <trkpt lat="-6.8998710" lon="108.4019700">
    <ele>2767.0</ele>
   </trkpt>
   <trkpt lat="-6.8998710" lon="108.4019720">
    <ele>2768.0</ele>
   </trkpt>
   <trkpt lat="-6.8998700" lon="108.4019740">
    <ele>2768.0</ele>
   </trkpt>
   <trkpt lat="-6.8998690" lon="108.4019760">
    <ele>2768.0</ele>
   </trkpt>
   <trkpt lat="-6.8998660" lon="108.4019910">
    <ele>2768.0</ele>
   </trkpt>
   <trkpt lat="-6.8998640" lon="108.4020000">
    <ele>2768.0</ele>
   </trkpt>
   <trkpt lat="-6.8998630" lon="108.4020090">
    <ele>2769.0</ele>
   </trkpt>
   <trkpt lat="-6.8998630" lon="108.4020090">
    <ele>2769.0</ele>
   </trkpt>
   <trkpt lat="-6.8998630" lon="108.4020090">
    <ele>2769.0</ele>
   </trkpt>
   <trkpt lat="-6.8998630" lon="108.4020090">
    <ele>2769.0</ele>
   </trkpt>
   <trkpt lat="-6.8998630" lon="108.4020090">
    <ele>2769.0</ele>
   </trkpt>
   <trkpt lat="-6.8998630" lon="108.4020090">
    <ele>2770.0</ele>
   </trkpt>
   <trkpt lat="-6.8998630" lon="108.4020090">
    <ele>2770.0</ele>
   </trkpt>
   <trkpt lat="-6.8998630" lon="108.4020090">
    <ele>2770.0</ele>
   </trkpt>
   <trkpt lat="-6.8998630" lon="108.4020090">
    <ele>2770.0</ele>
   </trkpt>
   <trkpt lat="-6.8998630" lon="108.4020090">
    <ele>2770.0</ele>
   </trkpt>
   <trkpt lat="-6.8998630" lon="108.4020090">
    <ele>2771.0</ele>
   </trkpt>
   <trkpt lat="-6.8998630" lon="108.4020090">
    <ele>2771.0</ele>
   </trkpt>
   <trkpt lat="-6.8998630" lon="108.4020090">
    <ele>2771.0</ele>
   </trkpt>
   <trkpt lat="-6.8998630" lon="108.4020090">
    <ele>2771.0</ele>
   </trkpt>
   <trkpt lat="-6.8998630" lon="108.4020090">
    <ele>2771.0</ele>
   </trkpt>
   <trkpt lat="-6.8998630" lon="108.4020090">
    <ele>2772.0</ele>
   </trkpt>
   <trkpt lat="-6.8998630" lon="108.4020090">
    <ele>2772.0</ele>
   </trkpt>
   <trkpt lat="-6.8998630" lon="108.4020090">
    <ele>2772.0</ele>
   </trkpt>
   <trkpt lat="-6.8998630" lon="108.4020090">
    <ele>2772.0</ele>
   </trkpt>
   <trkpt lat="-6.8998630" lon="108.4020090">
    <ele>2772.0</ele>
   </trkpt>
   <trkpt lat="-6.8998630" lon="108.4020090">
    <ele>2773.0</ele>
   </trkpt>
   <trkpt lat="-6.8998630" lon="108.4020090">
    <ele>2773.0</ele>
   </trkpt>
   <trkpt lat="-6.8998630" lon="108.4020090">
    <ele>2773.0</ele>
   </trkpt>
   <trkpt lat="-6.8998630" lon="108.4020090">
    <ele>2773.0</ele>
   </trkpt>
   <trkpt lat="-6.8998630" lon="108.4020090">
    <ele>2773.0</ele>
   </trkpt>
   <trkpt lat="-6.8998630" lon="108.4020090">
    <ele>2774.0</ele>
   </trkpt>
   <trkpt lat="-6.8998630" lon="108.4020090">
    <ele>2774.0</ele>
   </trkpt>
   <trkpt lat="-6.8998610" lon="108.4020360">
    <ele>2774.0</ele>
   </trkpt>
   <trkpt lat="-6.8998620" lon="108.4020520">
    <ele>2774.0</ele>
   </trkpt>
   <trkpt lat="-6.8998620" lon="108.4020670">
    <ele>2774.0</ele>
   </trkpt>
   <trkpt lat="-6.8998650" lon="108.4020740">
    <ele>2775.0</ele>
   </trkpt>
   <trkpt lat="-6.8998680" lon="108.4020800">
    <ele>2775.0</ele>
   </trkpt>
   <trkpt lat="-6.8998680" lon="108.4020800">
    <ele>2775.0</ele>
   </trkpt>
   <trkpt lat="-6.8998680" lon="108.4020800">
    <ele>2775.0</ele>
   </trkpt>
   <trkpt lat="-6.8998680" lon="108.4020800">
    <ele>2775.0</ele>
   </trkpt>
   <trkpt lat="-6.8998680" lon="108.4020800">
    <ele>2776.0</ele>
   </trkpt>
   <trkpt lat="-6.8998680" lon="108.4020800">
    <ele>2776.0</ele>
   </trkpt>
   <trkpt lat="-6.8998680" lon="108.4020800">
    <ele>2776.0</ele>
   </trkpt>
   <trkpt lat="-6.8998750" lon="108.4020890">
    <ele>2776.0</ele>
   </trkpt>
   <trkpt lat="-6.8998790" lon="108.4020960">
    <ele>2776.0</ele>
   </trkpt>
   <trkpt lat="-6.8998830" lon="108.4021020">
    <ele>2777.0</ele>
   </trkpt>
   <trkpt lat="-6.8998840" lon="108.4021080">
    <ele>2777.0</ele>
   </trkpt>
   <trkpt lat="-6.8998850" lon="108.4021140">
    <ele>2777.0</ele>
   </trkpt>
   <trkpt lat="-6.8998860" lon="108.4021170">
    <ele>2777.0</ele>
   </trkpt>
   <trkpt lat="-6.8998860" lon="108.4021200">
    <ele>2777.0</ele>
   </trkpt>
   <trkpt lat="-6.8998870" lon="108.4021240">
    <ele>2778.0</ele>
   </trkpt>
   <trkpt lat="-6.8998870" lon="108.4021270">
    <ele>2778.0</ele>
   </trkpt>
   <trkpt lat="-6.8998890" lon="108.4021330">
    <ele>2778.0</ele>
   </trkpt>
   <trkpt lat="-6.8998920" lon="108.4021390">
    <ele>2778.0</ele>
   </trkpt>
   <trkpt lat="-6.8998970" lon="108.4021410">
    <ele>2778.0</ele>
   </trkpt>
   <trkpt lat="-6.8999020" lon="108.4021430">
    <ele>2779.0</ele>
   </trkpt>
   <trkpt lat="-6.8999080" lon="108.4021460">
    <ele>2779.0</ele>
   </trkpt>
   <trkpt lat="-6.8999140" lon="108.4021490">
    <ele>2779.0</ele>
   </trkpt>
   <trkpt lat="-6.8999190" lon="108.4021540">
    <ele>2779.0</ele>
   </trkpt>
   <trkpt lat="-6.8999240" lon="108.4021590">
    <ele>2779.0</ele>
   </trkpt>
   <trkpt lat="-6.8999270" lon="108.4021660">
    <ele>2780.0</ele>
   </trkpt>
   <trkpt lat="-6.8999300" lon="108.4021720">
    <ele>2780.0</ele>
   </trkpt>
   <trkpt lat="-6.8999300" lon="108.4021790">
    <ele>2780.0</ele>
   </trkpt>
   <trkpt lat="-6.8999300" lon="108.4021870">
    <ele>2780.0</ele>
   </trkpt>
   <trkpt lat="-6.8999280" lon="108.4021940">
    <ele>2780.0</ele>
   </trkpt>
   <trkpt lat="-6.8999270" lon="108.4022010">
    <ele>2781.0</ele>
   </trkpt>
   <trkpt lat="-6.8999250" lon="108.4022070">
    <ele>2781.0</ele>
   </trkpt>
   <trkpt lat="-6.8999220" lon="108.4022130">
    <ele>2781.0</ele>
   </trkpt>
   <trkpt lat="-6.8999190" lon="108.4022170">
    <ele>2781.0</ele>
   </trkpt>
   <trkpt lat="-6.8999160" lon="108.4022220">
    <ele>2781.0</ele>
   </trkpt>
   <trkpt lat="-6.8999160" lon="108.4022220">
    <ele>2782.0</ele>
   </trkpt>
   <trkpt lat="-6.8999160" lon="108.4022220">
    <ele>2782.0</ele>
   </trkpt>
   <trkpt lat="-6.8999160" lon="108.4022220">
    <ele>2782.0</ele>
   </trkpt>
   <trkpt lat="-6.8999160" lon="108.4022220">
    <ele>2782.0</ele>
   </trkpt>
   <trkpt lat="-6.8999160" lon="108.4022220">
    <ele>2782.0</ele>
   </trkpt>
   <trkpt lat="-6.8999160" lon="108.4022220">
    <ele>2783.0</ele>
   </trkpt>
   <trkpt lat="-6.8999160" lon="108.4022220">
    <ele>2783.0</ele>
   </trkpt>
   <trkpt lat="-6.8999160" lon="108.4022220">
    <ele>2783.0</ele>
   </trkpt>
   <trkpt lat="-6.8999160" lon="108.4022220">
    <ele>2783.0</ele>
   </trkpt>
   <trkpt lat="-6.8999160" lon="108.4022220">
    <ele>2783.0</ele>
   </trkpt>
   <trkpt lat="-6.8999160" lon="108.4022220">
    <ele>2784.0</ele>
   </trkpt>
   <trkpt lat="-6.8998980" lon="108.4022360">
    <ele>2784.0</ele>
   </trkpt>
   <trkpt lat="-6.8998890" lon="108.4022430">
    <ele>2784.0</ele>
   </trkpt>
   <trkpt lat="-6.8998800" lon="108.4022490">
    <ele>2784.0</ele>
   </trkpt>
   <trkpt lat="-6.8998730" lon="108.4022520">
    <ele>2784.0</ele>
   </trkpt>
   <trkpt lat="-6.8998670" lon="108.4022560">
    <ele>2785.0</ele>
   </trkpt>
   <trkpt lat="-6.8998610" lon="108.4022590">
    <ele>2785.0</ele>
   </trkpt>
   <trkpt lat="-6.8998560" lon="108.4022630">
    <ele>2785.0</ele>
   </trkpt>
   <trkpt lat="-6.8998510" lon="108.4022660">
    <ele>2785.0</ele>
   </trkpt>
   <trkpt lat="-6.8998460" lon="108.4022700">
    <ele>2785.0</ele>
   </trkpt>
   <trkpt lat="-6.8998410" lon="108.4022720">
    <ele>2786.0</ele>
   </trkpt>
   <trkpt lat="-6.8998360" lon="108.4022740">
    <ele>2786.0</ele>
   </trkpt>
   <trkpt lat="-6.8998310" lon="108.4022740">
    <ele>2786.0</ele>
   </trkpt>
   <trkpt lat="-6.8998260" lon="108.4022740">
    <ele>2786.0</ele>
   </trkpt>
   <trkpt lat="-6.8998210" lon="108.4022730">
    <ele>2786.0</ele>
   </trkpt>
   <trkpt lat="-6.8998160" lon="108.4022730">
    <ele>2787.0</ele>
   </trkpt>
   <trkpt lat="-6.8998160" lon="108.4022730">
    <ele>2787.0</ele>
   </trkpt>
   <trkpt lat="-6.8998160" lon="108.4022730">
    <ele>2787.0</ele>
   </trkpt>
   <trkpt lat="-6.8998160" lon="108.4022730">
    <ele>2787.0</ele>
   </trkpt>
   <trkpt lat="-6.8998160" lon="108.4022730">
    <ele>2787.0</ele>
   </trkpt>
   <trkpt lat="-6.8998160" lon="108.4022730">
    <ele>2788.0</ele>
   </trkpt>
   <trkpt lat="-6.8998160" lon="108.4022730">
    <ele>2788.0</ele>
   </trkpt>
   <trkpt lat="-6.8998160" lon="108.4022730">
    <ele>2788.0</ele>
   </trkpt>
   <trkpt lat="-6.8998160" lon="108.4022730">
    <ele>2788.0</ele>
   </trkpt>
   <trkpt lat="-6.8998160" lon="108.4022730">
    <ele>2788.0</ele>
   </trkpt>
   <trkpt lat="-6.8998160" lon="108.4022730">
    <ele>2789.0</ele>
   </trkpt>
   <trkpt lat="-6.8998160" lon="108.4022730">
    <ele>2789.0</ele>
   </trkpt>
   <trkpt lat="-6.8998160" lon="108.4022730">
    <ele>2789.0</ele>
   </trkpt>
   <trkpt lat="-6.8998160" lon="108.4022730">
    <ele>2789.0</ele>
   </trkpt>
   <trkpt lat="-6.8998020" lon="108.4022820">
    <ele>2789.0</ele>
   </trkpt>
   <trkpt lat="-6.8997960" lon="108.4022870">
    <ele>2790.0</ele>
   </trkpt>
   <trkpt lat="-6.8997900" lon="108.4022930">
    <ele>2790.0</ele>
   </trkpt>
   <trkpt lat="-6.8997860" lon="108.4022970">
    <ele>2790.0</ele>
   </trkpt>
   <trkpt lat="-6.8997810" lon="108.4023000">
    <ele>2790.0</ele>
   </trkpt>
   <trkpt lat="-6.8997770" lon="108.4023020">
    <ele>2790.0</ele>
   </trkpt>
   <trkpt lat="-6.8997720" lon="108.4023040">
    <ele>2791.0</ele>
   </trkpt>
   <trkpt lat="-6.8997670" lon="108.4023030">
    <ele>2791.0</ele>
   </trkpt>
   <trkpt lat="-6.8997620" lon="108.4023020">
    <ele>2791.0</ele>
   </trkpt>
   <trkpt lat="-6.8997570" lon="108.4023020">
    <ele>2791.0</ele>
   </trkpt>
   <trkpt lat="-6.8997510" lon="108.4023020">
    <ele>2791.0</ele>
   </trkpt>
   <trkpt lat="-6.8997510" lon="108.4023020">
    <ele>2792.0</ele>
   </trkpt>
   <trkpt lat="-6.8997510" lon="108.4023020">
    <ele>2792.0</ele>
   </trkpt>
   <trkpt lat="-6.8997510" lon="108.4023020">
    <ele>2792.0</ele>
   </trkpt>
   <trkpt lat="-6.8997510" lon="108.4023020">
    <ele>2792.0</ele>
   </trkpt>
   <trkpt lat="-6.8997510" lon="108.4023020">
    <ele>2792.0</ele>
   </trkpt>
   <trkpt lat="-6.8997510" lon="108.4023020">
    <ele>2793.0</ele>
   </trkpt>
   <trkpt lat="-6.8997430" lon="108.4023070">
    <ele>2793.0</ele>
   </trkpt>
   <trkpt lat="-6.8997370" lon="108.4023090">
    <ele>2793.0</ele>
   </trkpt>
   <trkpt lat="-6.8997310" lon="108.4023120">
    <ele>2793.0</ele>
   </trkpt>
   <trkpt lat="-6.8997260" lon="108.4023140">
    <ele>2793.0</ele>
   </trkpt>
   <trkpt lat="-6.8997210" lon="108.4023160">
    <ele>2794.0</ele>
   </trkpt>
   <trkpt lat="-6.8997210" lon="108.4023160">
    <ele>2794.0</ele>
   </trkpt>
   <trkpt lat="-6.8997210" lon="108.4023160">
    <ele>2794.0</ele>
   </trkpt>
   <trkpt lat="-6.8997210" lon="108.4023160">
    <ele>2794.0</ele>
   </trkpt>
   <trkpt lat="-6.8997210" lon="108.4023160">
    <ele>2794.0</ele>
   </trkpt>
   <trkpt lat="-6.8997210" lon="108.4023160">
    <ele>2795.0</ele>
   </trkpt>
   <trkpt lat="-6.8997210" lon="108.4023160">
    <ele>2795.0</ele>
   </trkpt>
   <trkpt lat="-6.8997210" lon="108.4023160">
    <ele>2795.0</ele>
   </trkpt>
   <trkpt lat="-6.8997210" lon="108.4023160">
    <ele>2795.0</ele>
   </trkpt>
   <trkpt lat="-6.8997210" lon="108.4023160">
    <ele>2795.0</ele>
   </trkpt>
   <trkpt lat="-6.8997210" lon="108.4023160">
    <ele>2796.0</ele>
   </trkpt>
   <trkpt lat="-6.8997210" lon="108.4023160">
    <ele>2796.0</ele>
   </trkpt>
   <trkpt lat="-6.8997080" lon="108.4023170">
    <ele>2796.0</ele>
   </trkpt>
   <trkpt lat="-6.8996990" lon="108.4023180">
    <ele>2796.0</ele>
   </trkpt>
   <trkpt lat="-6.8996880" lon="108.4023200">
    <ele>2796.0</ele>
   </trkpt>
   <trkpt lat="-6.8996860" lon="108.4023210">
    <ele>2797.0</ele>
   </trkpt>
   <trkpt lat="-6.8996840" lon="108.4023230">
    <ele>2797.0</ele>
   </trkpt>
   <trkpt lat="-6.8996810" lon="108.4023240">
    <ele>2797.0</ele>
   </trkpt>
   <trkpt lat="-6.8996790" lon="108.4023250">
    <ele>2797.0</ele>
   </trkpt>
   <trkpt lat="-6.8996770" lon="108.4023270">
    <ele>2797.0</ele>
   </trkpt>
   <trkpt lat="-6.8996740" lon="108.4023280">
    <ele>2797.0</ele>
   </trkpt>
   <trkpt lat="-6.8996720" lon="108.4023290">
    <ele>2797.0</ele>
   </trkpt>
   <trkpt lat="-6.8996700" lon="108.4023300">
    <ele>2797.0</ele>
   </trkpt>
   <trkpt lat="-6.8996680" lon="108.4023320">
    <ele>2797.0</ele>
   </trkpt>
   <trkpt lat="-6.8996650" lon="108.4023330">
    <ele>2797.0</ele>
   </trkpt>
   <trkpt lat="-6.8996630" lon="108.4023340">
    <ele>2798.0</ele>
   </trkpt>
   <trkpt lat="-6.8996610" lon="108.4023360">
    <ele>2798.0</ele>
   </trkpt>
   <trkpt lat="-6.8996580" lon="108.4023370">
    <ele>2798.0</ele>
   </trkpt>
   <trkpt lat="-6.8996560" lon="108.4023380">
    <ele>2798.0</ele>
   </trkpt>
   <trkpt lat="-6.8996540" lon="108.4023390">
    <ele>2798.0</ele>
   </trkpt>
   <trkpt lat="-6.8996510" lon="108.4023410">
    <ele>2799.0</ele>
   </trkpt>
   <trkpt lat="-6.8996490" lon="108.4023420">
    <ele>2799.0</ele>
   </trkpt>
   <trkpt lat="-6.8996470" lon="108.4023430">
    <ele>2799.0</ele>
   </trkpt>
   <trkpt lat="-6.8996450" lon="108.4023450">
    <ele>2799.0</ele>
   </trkpt>
   <trkpt lat="-6.8996420" lon="108.4023460">
    <ele>2799.0</ele>
   </trkpt>
   <trkpt lat="-6.8996400" lon="108.4023470">
    <ele>2800.0</ele>
   </trkpt>
   <trkpt lat="-6.8996380" lon="108.4023480">
    <ele>2800.0</ele>
   </trkpt>
   <trkpt lat="-6.8996350" lon="108.4023500">
    <ele>2800.0</ele>
   </trkpt>
   <trkpt lat="-6.8996330" lon="108.4023510">
    <ele>2800.0</ele>
   </trkpt>
   <trkpt lat="-6.8996310" lon="108.4023520">
    <ele>2800.0</ele>
   </trkpt>
   <trkpt lat="-6.8996280" lon="108.4023540">
    <ele>2801.0</ele>
   </trkpt>
   <trkpt lat="-6.8996260" lon="108.4023550">
    <ele>2801.0</ele>
   </trkpt>
   <trkpt lat="-6.8996240" lon="108.4023560">
    <ele>2801.0</ele>
   </trkpt>
   <trkpt lat="-6.8996220" lon="108.4023570">
    <ele>2801.0</ele>
   </trkpt>
   <trkpt lat="-6.8996190" lon="108.4023590">
    <ele>2801.0</ele>
   </trkpt>
   <trkpt lat="-6.8996170" lon="108.4023600">
    <ele>2802.0</ele>
   </trkpt>
   <trkpt lat="-6.8996150" lon="108.4023610">
    <ele>2802.0</ele>
   </trkpt>
   <trkpt lat="-6.8996120" lon="108.4023630">
    <ele>2802.0</ele>
   </trkpt>
   <trkpt lat="-6.8996100" lon="108.4023640">
    <ele>2802.0</ele>
   </trkpt>
   <trkpt lat="-6.8996080" lon="108.4023650">
    <ele>2802.0</ele>
   </trkpt>
   <trkpt lat="-6.8996060" lon="108.4023660">
    <ele>2803.0</ele>
   </trkpt>
   <trkpt lat="-6.8996030" lon="108.4023680">
    <ele>2803.0</ele>
   </trkpt>
   <trkpt lat="-6.8996010" lon="108.4023690">
    <ele>2803.0</ele>
   </trkpt>
   <trkpt lat="-6.8995990" lon="108.4023700">
    <ele>2804.0</ele>
   </trkpt>
   <trkpt lat="-6.8995960" lon="108.4023720">
    <ele>2804.0</ele>
   </trkpt>
   <trkpt lat="-6.8995940" lon="108.4023730">
    <ele>2805.0</ele>
   </trkpt>
   <trkpt lat="-6.8995920" lon="108.4023740">
    <ele>2805.0</ele>
   </trkpt>
   <trkpt lat="-6.8995680" lon="108.4023880">
    <ele>2805.0</ele>
   </trkpt>
   <trkpt lat="-6.8995590" lon="108.4023910">
    <ele>2805.0</ele>
   </trkpt>
   <trkpt lat="-6.8995500" lon="108.4023940">
    <ele>2805.0</ele>
   </trkpt>
   <trkpt lat="-6.8995410" lon="108.4023970">
    <ele>2806.0</ele>
   </trkpt>
   <trkpt lat="-6.8995380" lon="108.4023980">
    <ele>2806.0</ele>
   </trkpt>
   <trkpt lat="-6.8995340" lon="108.4023990">
    <ele>2806.0</ele>
   </trkpt>
   <trkpt lat="-6.8995310" lon="108.4024010">
    <ele>2806.0</ele>
   </trkpt>
   <trkpt lat="-6.8995280" lon="108.4024020">
    <ele>2806.0</ele>
   </trkpt>
   <trkpt lat="-6.8995190" lon="108.4024050">
    <ele>2807.0</ele>
   </trkpt>
   <trkpt lat="-6.8995100" lon="108.4024090">
    <ele>2807.0</ele>
   </trkpt>
   <trkpt lat="-6.8995040" lon="108.4024140">
    <ele>2807.0</ele>
   </trkpt>
   <trkpt lat="-6.8994980" lon="108.4024190">
    <ele>2807.0</ele>
   </trkpt>
   <trkpt lat="-6.8994940" lon="108.4024240">
    <ele>2807.0</ele>
   </trkpt>
   <trkpt lat="-6.8994890" lon="108.4024290">
    <ele>2808.0</ele>
   </trkpt>
   <trkpt lat="-6.8994850" lon="108.4024330">
    <ele>2808.0</ele>
   </trkpt>
   <trkpt lat="-6.8994800" lon="108.4024370">
    <ele>2808.0</ele>
   </trkpt>
   <trkpt lat="-6.8994800" lon="108.4024370">
    <ele>2808.0</ele>
   </trkpt>
   <trkpt lat="-6.8994800" lon="108.4024370">
    <ele>2808.0</ele>
   </trkpt>
   <trkpt lat="-6.8994800" lon="108.4024370">
    <ele>2809.0</ele>
   </trkpt>
   <trkpt lat="-6.8994800" lon="108.4024370">
    <ele>2809.0</ele>
   </trkpt>
   <trkpt lat="-6.8994800" lon="108.4024370">
    <ele>2809.0</ele>
   </trkpt>
   <trkpt lat="-6.8994800" lon="108.4024370">
    <ele>2809.0</ele>
   </trkpt>
   <trkpt lat="-6.8994800" lon="108.4024370">
    <ele>2809.0</ele>
   </trkpt>
   <trkpt lat="-6.8994800" lon="108.4024370">
    <ele>2810.0</ele>
   </trkpt>
   <trkpt lat="-6.8994800" lon="108.4024370">
    <ele>2810.0</ele>
   </trkpt>
   <trkpt lat="-6.8994800" lon="108.4024370">
    <ele>2810.0</ele>
   </trkpt>
   <trkpt lat="-6.8994800" lon="108.4024370">
    <ele>2810.0</ele>
   </trkpt>
   <trkpt lat="-6.8994800" lon="108.4024370">
    <ele>2810.0</ele>
   </trkpt>
   <trkpt lat="-6.8994800" lon="108.4024370">
    <ele>2811.0</ele>
   </trkpt>
   <trkpt lat="-6.8994570" lon="108.4024450">
    <ele>2811.0</ele>
   </trkpt>
   <trkpt lat="-6.8994470" lon="108.4024460">
    <ele>2811.0</ele>
   </trkpt>
   <trkpt lat="-6.8994380" lon="108.4024480">
    <ele>2811.0</ele>
   </trkpt>
   <trkpt lat="-6.8994380" lon="108.4024480">
    <ele>2811.0</ele>
   </trkpt>
   <trkpt lat="-6.8994380" lon="108.4024480">
    <ele>2812.0</ele>
   </trkpt>
   <trkpt lat="-6.8994380" lon="108.4024480">
    <ele>2812.0</ele>
   </trkpt>
   <trkpt lat="-6.8994380" lon="108.4024480">
    <ele>2812.0</ele>
   </trkpt>
   <trkpt lat="-6.8994380" lon="108.4024480">
    <ele>2812.0</ele>
   </trkpt>
   <trkpt lat="-6.8994380" lon="108.4024480">
    <ele>2812.0</ele>
   </trkpt>
   <trkpt lat="-6.8994200" lon="108.4024470">
    <ele>2813.0</ele>
   </trkpt>
   <trkpt lat="-6.8994110" lon="108.4024470">
    <ele>2813.0</ele>
   </trkpt>
   <trkpt lat="-6.8994020" lon="108.4024470">
    <ele>2813.0</ele>
   </trkpt>
   <trkpt lat="-6.8993940" lon="108.4024470">
    <ele>2813.0</ele>
   </trkpt>
   <trkpt lat="-6.8993910" lon="108.4024480">
    <ele>2813.0</ele>
   </trkpt>
   <trkpt lat="-6.8993890" lon="108.4024480">
    <ele>2814.0</ele>
   </trkpt>
   <trkpt lat="-6.8993870" lon="108.4024490">
    <ele>2814.0</ele>
   </trkpt>
   <trkpt lat="-6.8993850" lon="108.4024490">
    <ele>2814.0</ele>
   </trkpt>
   <trkpt lat="-6.8993830" lon="108.4024500">
    <ele>2814.0</ele>
   </trkpt>
   <trkpt lat="-6.8993810" lon="108.4024500">
    <ele>2814.0</ele>
   </trkpt>
   <trkpt lat="-6.8993790" lon="108.4024510">
    <ele>2815.0</ele>
   </trkpt>
   <trkpt lat="-6.8993760" lon="108.4024510">
    <ele>2815.0</ele>
   </trkpt>
   <trkpt lat="-6.8993740" lon="108.4024510">
    <ele>2815.0</ele>
   </trkpt>
   <trkpt lat="-6.8993720" lon="108.4024520">
    <ele>2815.0</ele>
   </trkpt>
   <trkpt lat="-6.8993700" lon="108.4024520">
    <ele>2815.0</ele>
   </trkpt>
   <trkpt lat="-6.8993680" lon="108.4024530">
    <ele>2816.0</ele>
   </trkpt>
   <trkpt lat="-6.8993660" lon="108.4024530">
    <ele>2816.0</ele>
   </trkpt>
   <trkpt lat="-6.8993640" lon="108.4024540">
    <ele>2816.0</ele>
   </trkpt>
   <trkpt lat="-6.8993610" lon="108.4024540">
    <ele>2816.0</ele>
   </trkpt>
   <trkpt lat="-6.8993590" lon="108.4024550">
    <ele>2816.0</ele>
   </trkpt>
   <trkpt lat="-6.8993570" lon="108.4024550">
    <ele>2817.0</ele>
   </trkpt>
   <trkpt lat="-6.8993550" lon="108.4024560">
    <ele>2817.0</ele>
   </trkpt>
   <trkpt lat="-6.8993530" lon="108.4024560">
    <ele>2817.0</ele>
   </trkpt>
   <trkpt lat="-6.8993510" lon="108.4024570">
    <ele>2817.0</ele>
   </trkpt>
   <trkpt lat="-6.8993490" lon="108.4024570">
    <ele>2817.0</ele>
   </trkpt>
   <trkpt lat="-6.8993460" lon="108.4024570">
    <ele>2818.0</ele>
   </trkpt>
   <trkpt lat="-6.8993440" lon="108.4024580">
    <ele>2818.0</ele>
   </trkpt>
   <trkpt lat="-6.8993420" lon="108.4024580">
    <ele>2818.0</ele>
   </trkpt>
   <trkpt lat="-6.8993400" lon="108.4024590">
    <ele>2818.0</ele>
   </trkpt>
   <trkpt lat="-6.8993380" lon="108.4024590">
    <ele>2818.0</ele>
   </trkpt>
   <trkpt lat="-6.8993360" lon="108.4024600">
    <ele>2819.0</ele>
   </trkpt>
   <trkpt lat="-6.8993340" lon="108.4024600">
    <ele>2819.0</ele>
   </trkpt>
   <trkpt lat="-6.8993170" lon="108.4024640">
    <ele>2819.0</ele>
   </trkpt>
   <trkpt lat="-6.8993000" lon="108.4024680">
    <ele>2819.0</ele>
   </trkpt>
   <trkpt lat="-6.8992910" lon="108.4024680">
    <ele>2819.0</ele>
   </trkpt>
   <trkpt lat="-6.8992820" lon="108.4024680">
    <ele>2820.0</ele>
   </trkpt>
   <trkpt lat="-6.8992750" lon="108.4024670">
    <ele>2820.0</ele>
   </trkpt>
   <trkpt lat="-6.8992680" lon="108.4024660">
    <ele>2820.0</ele>
   </trkpt>
   <trkpt lat="-6.8992680" lon="108.4024660">
    <ele>2820.0</ele>
   </trkpt>
   <trkpt lat="-6.8992680" lon="108.4024660">
    <ele>2820.0</ele>
   </trkpt>
   <trkpt lat="-6.8992680" lon="108.4024660">
    <ele>2821.0</ele>
   </trkpt>
   <trkpt lat="-6.8992680" lon="108.4024660">
    <ele>2821.0</ele>
   </trkpt>
   <trkpt lat="-6.8992680" lon="108.4024660">
    <ele>2821.0</ele>
   </trkpt>
   <trkpt lat="-6.8992680" lon="108.4024660">
    <ele>2822.0</ele>
   </trkpt>
   <trkpt lat="-6.8992680" lon="108.4024660">
    <ele>2822.0</ele>
   </trkpt>
   <trkpt lat="-6.8992680" lon="108.4024660">
    <ele>2823.0</ele>
   </trkpt>
   <trkpt lat="-6.8992680" lon="108.4024660">
    <ele>2823.0</ele>
   </trkpt>
   <trkpt lat="-6.8992680" lon="108.4024660">
    <ele>2823.0</ele>
   </trkpt>
   <trkpt lat="-6.8992680" lon="108.4024660">
    <ele>2823.0</ele>
   </trkpt>
   <trkpt lat="-6.8992680" lon="108.4024660">
    <ele>2823.0</ele>
   </trkpt>
   <trkpt lat="-6.8992680" lon="108.4024660">
    <ele>2824.0</ele>
   </trkpt>
   <trkpt lat="-6.8992680" lon="108.4024660">
    <ele>2824.0</ele>
   </trkpt>
   <trkpt lat="-6.8992680" lon="108.4024660">
    <ele>2824.0</ele>
   </trkpt>
   <trkpt lat="-6.8992680" lon="108.4024660">
    <ele>2824.0</ele>
   </trkpt>
   <trkpt lat="-6.8992680" lon="108.4024660">
    <ele>2824.0</ele>
   </trkpt>
   <trkpt lat="-6.8992380" lon="108.4024740">
    <ele>2825.0</ele>
   </trkpt>
   <trkpt lat="-6.8992240" lon="108.4024790">
    <ele>2825.0</ele>
   </trkpt>
   <trkpt lat="-6.8992100" lon="108.4024840">
    <ele>2825.0</ele>
   </trkpt>
   <trkpt lat="-6.8992060" lon="108.4024860">
    <ele>2825.0</ele>
   </trkpt>
   <trkpt lat="-6.8992020" lon="108.4024880">
    <ele>2825.0</ele>
   </trkpt>
   <trkpt lat="-6.8991980" lon="108.4024900">
    <ele>2826.0</ele>
   </trkpt>
   <trkpt lat="-6.8991940" lon="108.4024920">
    <ele>2826.0</ele>
   </trkpt>
   <trkpt lat="-6.8991900" lon="108.4024940">
    <ele>2826.0</ele>
   </trkpt>
   <trkpt lat="-6.8991820" lon="108.4024970">
    <ele>2826.0</ele>
   </trkpt>
   <trkpt lat="-6.8991740" lon="108.4025010">
    <ele>2826.0</ele>
   </trkpt>
   <trkpt lat="-6.8991680" lon="108.4025010">
    <ele>2827.0</ele>
   </trkpt>
   <trkpt lat="-6.8991610" lon="108.4025010">
    <ele>2827.0</ele>
   </trkpt>
   <trkpt lat="-6.8991610" lon="108.4025010">
    <ele>2827.0</ele>
   </trkpt>
   <trkpt lat="-6.8991610" lon="108.4025010">
    <ele>2827.0</ele>
   </trkpt>
   <trkpt lat="-6.8991610" lon="108.4025010">
    <ele>2827.0</ele>
   </trkpt>
   <trkpt lat="-6.8991610" lon="108.4025010">
    <ele>2828.0</ele>
   </trkpt>
   <trkpt lat="-6.8991610" lon="108.4025010">
    <ele>2828.0</ele>
   </trkpt>
   <trkpt lat="-6.8991500" lon="108.4025020">
    <ele>2828.0</ele>
   </trkpt>
   <trkpt lat="-6.8991410" lon="108.4025030">
    <ele>2828.0</ele>
   </trkpt>
   <trkpt lat="-6.8991330" lon="108.4025040">
    <ele>2828.0</ele>
   </trkpt>
   <trkpt lat="-6.8991270" lon="108.4025060">
    <ele>2829.0</ele>
   </trkpt>
   <trkpt lat="-6.8991220" lon="108.4025080">
    <ele>2829.0</ele>
   </trkpt>
   <trkpt lat="-6.8991170" lon="108.4025100">
    <ele>2829.0</ele>
   </trkpt>
   <trkpt lat="-6.8991100" lon="108.4025140">
    <ele>2829.0</ele>
   </trkpt>
   <trkpt lat="-6.8991040" lon="108.4025190">
    <ele>2829.0</ele>
   </trkpt>
   <trkpt lat="-6.8991040" lon="108.4025190">
    <ele>2830.0</ele>
   </trkpt>
   <trkpt lat="-6.8991040" lon="108.4025190">
    <ele>2830.0</ele>
   </trkpt>
   <trkpt lat="-6.8991040" lon="108.4025190">
    <ele>2830.0</ele>
   </trkpt>
   <trkpt lat="-6.8991040" lon="108.4025190">
    <ele>2830.0</ele>
   </trkpt>
   <trkpt lat="-6.8991040" lon="108.4025190">
    <ele>2830.0</ele>
   </trkpt>
   <trkpt lat="-6.8991040" lon="108.4025190">
    <ele>2831.0</ele>
   </trkpt>
   <trkpt lat="-6.8991040" lon="108.4025190">
    <ele>2831.0</ele>
   </trkpt>
   <trkpt lat="-6.8990910" lon="108.4025320">
    <ele>2831.0</ele>
   </trkpt>
   <trkpt lat="-6.8990870" lon="108.4025400">
    <ele>2831.0</ele>
   </trkpt>
   <trkpt lat="-6.8990820" lon="108.4025470">
    <ele>2831.0</ele>
   </trkpt>
   <trkpt lat="-6.8990820" lon="108.4025470">
    <ele>2832.0</ele>
   </trkpt>
   <trkpt lat="-6.8990820" lon="108.4025470">
    <ele>2832.0</ele>
   </trkpt>
   <trkpt lat="-6.8990820" lon="108.4025470">
    <ele>2832.0</ele>
   </trkpt>
   <trkpt lat="-6.8990820" lon="108.4025470">
    <ele>2832.0</ele>
   </trkpt>
   <trkpt lat="-6.8990820" lon="108.4025470">
    <ele>2832.0</ele>
   </trkpt>
   <trkpt lat="-6.8990820" lon="108.4025470">
    <ele>2833.0</ele>
   </trkpt>
   <trkpt lat="-6.8990710" lon="108.4025640">
    <ele>2833.0</ele>
   </trkpt>
   <trkpt lat="-6.8990640" lon="108.4025690">
    <ele>2833.0</ele>
   </trkpt>
   <trkpt lat="-6.8990580" lon="108.4025740">
    <ele>2833.0</ele>
   </trkpt>
   <trkpt lat="-6.8990530" lon="108.4025760">
    <ele>2833.0</ele>
   </trkpt>
   <trkpt lat="-6.8990490" lon="108.4025770">
    <ele>2834.0</ele>
   </trkpt>
   <trkpt lat="-6.8990440" lon="108.4025780">
    <ele>2834.0</ele>
   </trkpt>
   <trkpt lat="-6.8990380" lon="108.4025790">
    <ele>2834.0</ele>
   </trkpt>
   <trkpt lat="-6.8990310" lon="108.4025800">
    <ele>2834.0</ele>
   </trkpt>
   <trkpt lat="-6.8990310" lon="108.4025800">
    <ele>2834.0</ele>
   </trkpt>
   <trkpt lat="-6.8990310" lon="108.4025800">
    <ele>2835.0</ele>
   </trkpt>
   <trkpt lat="-6.8990310" lon="108.4025800">
    <ele>2835.0</ele>
   </trkpt>
   <trkpt lat="-6.8990310" lon="108.4025800">
    <ele>2835.0</ele>
   </trkpt>
   <trkpt lat="-6.8990310" lon="108.4025800">
    <ele>2835.0</ele>
   </trkpt>
   <trkpt lat="-6.8990310" lon="108.4025800">
    <ele>2835.0</ele>
   </trkpt>
   <trkpt lat="-6.8990310" lon="108.4025800">
    <ele>2836.0</ele>
   </trkpt>
   <trkpt lat="-6.8990310" lon="108.4025800">
    <ele>2836.0</ele>
   </trkpt>
   <trkpt lat="-6.8990310" lon="108.4025800">
    <ele>2836.0</ele>
   </trkpt>
   <trkpt lat="-6.8990310" lon="108.4025800">
    <ele>2836.0</ele>
   </trkpt>
   <trkpt lat="-6.8990310" lon="108.4025800">
    <ele>2836.0</ele>
   </trkpt>
   <trkpt lat="-6.8990310" lon="108.4025800">
    <ele>2837.0</ele>
   </trkpt>
   <trkpt lat="-6.8990310" lon="108.4025800">
    <ele>2837.0</ele>
   </trkpt>
   <trkpt lat="-6.8990310" lon="108.4025800">
    <ele>2837.0</ele>
   </trkpt>
   <trkpt lat="-6.8990130" lon="108.4025940">
    <ele>2837.0</ele>
   </trkpt>
   <trkpt lat="-6.8990020" lon="108.4026030">
    <ele>2837.0</ele>
   </trkpt>
   <trkpt lat="-6.8989900" lon="108.4026120">
    <ele>2838.0</ele>
   </trkpt>
   <trkpt lat="-6.8989830" lon="108.4026180">
    <ele>2838.0</ele>
   </trkpt>
   <trkpt lat="-6.8989750" lon="108.4026240">
    <ele>2838.0</ele>
   </trkpt>
   <trkpt lat="-6.8989750" lon="108.4026240">
    <ele>2838.0</ele>
   </trkpt>
   <trkpt lat="-6.8989750" lon="108.4026240">
    <ele>2838.0</ele>
   </trkpt>
   <trkpt lat="-6.8989750" lon="108.4026240">
    <ele>2839.0</ele>
   </trkpt>
   <trkpt lat="-6.8989750" lon="108.4026240">
    <ele>2839.0</ele>
   </trkpt>
   <trkpt lat="-6.8989750" lon="108.4026240">
    <ele>2840.0</ele>
   </trkpt>
   <trkpt lat="-6.8989750" lon="108.4026240">
    <ele>2840.0</ele>
   </trkpt>
   <trkpt lat="-6.8989750" lon="108.4026240">
    <ele>2841.0</ele>
   </trkpt>
   <trkpt lat="-6.8989750" lon="108.4026240">
    <ele>2842.0</ele>
   </trkpt>
   <trkpt lat="-6.8989750" lon="108.4026240">
    <ele>2842.0</ele>
   </trkpt>
   <trkpt lat="-6.8989750" lon="108.4026240">
    <ele>2842.0</ele>
   </trkpt>
   <trkpt lat="-6.8989750" lon="108.4026240">
    <ele>2842.0</ele>
   </trkpt>
   <trkpt lat="-6.8989590" lon="108.4026340">
    <ele>2842.0</ele>
   </trkpt>
   <trkpt lat="-6.8989490" lon="108.4026400">
    <ele>2843.0</ele>
   </trkpt>
   <trkpt lat="-6.8989390" lon="108.4026460">
    <ele>2843.0</ele>
   </trkpt>
   <trkpt lat="-6.8989390" lon="108.4026460">
    <ele>2843.0</ele>
   </trkpt>
   <trkpt lat="-6.8989390" lon="108.4026460">
    <ele>2843.0</ele>
   </trkpt>
   <trkpt lat="-6.8989390" lon="108.4026460">
    <ele>2843.0</ele>
   </trkpt>
   <trkpt lat="-6.8989390" lon="108.4026460">
    <ele>2844.0</ele>
   </trkpt>
   <trkpt lat="-6.8989390" lon="108.4026460">
    <ele>2844.0</ele>
   </trkpt>
   <trkpt lat="-6.8989390" lon="108.4026460">
    <ele>2844.0</ele>
   </trkpt>
   <trkpt lat="-6.8989390" lon="108.4026460">
    <ele>2844.0</ele>
   </trkpt>
   <trkpt lat="-6.8989390" lon="108.4026460">
    <ele>2844.0</ele>
   </trkpt>
   <trkpt lat="-6.8989390" lon="108.4026460">
    <ele>2845.0</ele>
   </trkpt>
   <trkpt lat="-6.8989390" lon="108.4026460">
    <ele>2845.0</ele>
   </trkpt>
   <trkpt lat="-6.8989150" lon="108.4026520">
    <ele>2845.0</ele>
   </trkpt>
   <trkpt lat="-6.8989050" lon="108.4026520">
    <ele>2845.0</ele>
   </trkpt>
   <trkpt lat="-6.8988950" lon="108.4026510">
    <ele>2845.0</ele>
   </trkpt>
   <trkpt lat="-6.8988880" lon="108.4026500">
    <ele>2846.0</ele>
   </trkpt>
   <trkpt lat="-6.8988810" lon="108.4026490">
    <ele>2846.0</ele>
   </trkpt>
   <trkpt lat="-6.8988740" lon="108.4026490">
    <ele>2846.0</ele>
   </trkpt>
   <trkpt lat="-6.8988680" lon="108.4026490">
    <ele>2846.0</ele>
   </trkpt>
   <trkpt lat="-6.8988620" lon="108.4026500">
    <ele>2846.0</ele>
   </trkpt>
   <trkpt lat="-6.8988550" lon="108.4026500">
    <ele>2847.0</ele>
   </trkpt>
   <trkpt lat="-6.8988510" lon="108.4026520">
    <ele>2847.0</ele>
   </trkpt>
   <trkpt lat="-6.8988480" lon="108.4026530">
    <ele>2847.0</ele>
   </trkpt>
   <trkpt lat="-6.8988420" lon="108.4026570">
    <ele>2847.0</ele>
   </trkpt>
   <trkpt lat="-6.8988360" lon="108.4026610">
    <ele>2847.0</ele>
   </trkpt>
   <trkpt lat="-6.8988360" lon="108.4026610">
    <ele>2848.0</ele>
   </trkpt>
   <trkpt lat="-6.8988360" lon="108.4026610">
    <ele>2848.0</ele>
   </trkpt>
   <trkpt lat="-6.8988360" lon="108.4026610">
    <ele>2848.0</ele>
   </trkpt>
   <trkpt lat="-6.8988360" lon="108.4026610">
    <ele>2848.0</ele>
   </trkpt>
   <trkpt lat="-6.8988360" lon="108.4026610">
    <ele>2848.0</ele>
   </trkpt>
   <trkpt lat="-6.8988360" lon="108.4026610">
    <ele>2849.0</ele>
   </trkpt>
   <trkpt lat="-6.8988360" lon="108.4026610">
    <ele>2849.0</ele>
   </trkpt>
   <trkpt lat="-6.8988280" lon="108.4026730">
    <ele>2849.0</ele>
   </trkpt>
   <trkpt lat="-6.8988230" lon="108.4026820">
    <ele>2849.0</ele>
   </trkpt>
   <trkpt lat="-6.8988170" lon="108.4026910">
    <ele>2849.0</ele>
   </trkpt>
   <trkpt lat="-6.8988160" lon="108.4026930">
    <ele>2850.0</ele>
   </trkpt>
   <trkpt lat="-6.8988150" lon="108.4026940">
    <ele>2850.0</ele>
   </trkpt>
   <trkpt lat="-6.8988130" lon="108.4026950">
    <ele>2850.0</ele>
   </trkpt>
   <trkpt lat="-6.8988120" lon="108.4026970">
    <ele>2850.0</ele>
   </trkpt>
   <trkpt lat="-6.8988110" lon="108.4026980">
    <ele>2850.0</ele>
   </trkpt>
   <trkpt lat="-6.8988100" lon="108.4026990">
    <ele>2851.0</ele>
   </trkpt>
   <trkpt lat="-6.8988090" lon="108.4027010">
    <ele>2851.0</ele>
   </trkpt>
   <trkpt lat="-6.8988080" lon="108.4027020">
    <ele>2851.0</ele>
   </trkpt>
   <trkpt lat="-6.8988070" lon="108.4027030">
    <ele>2851.0</ele>
   </trkpt>
   <trkpt lat="-6.8988060" lon="108.4027050">
    <ele>2851.0</ele>
   </trkpt>
   <trkpt lat="-6.8988040" lon="108.4027060">
    <ele>2852.0</ele>
   </trkpt>
   <trkpt lat="-6.8988030" lon="108.4027070">
    <ele>2852.0</ele>
   </trkpt>
   <trkpt lat="-6.8988020" lon="108.4027090">
    <ele>2852.0</ele>
   </trkpt>
   <trkpt lat="-6.8988010" lon="108.4027100">
    <ele>2852.0</ele>
   </trkpt>
   <trkpt lat="-6.8988000" lon="108.4027110">
    <ele>2852.0</ele>
   </trkpt>
   <trkpt lat="-6.8987990" lon="108.4027130">
    <ele>2853.0</ele>
   </trkpt>
   <trkpt lat="-6.8987980" lon="108.4027140">
    <ele>2853.0</ele>
   </trkpt>
   <trkpt lat="-6.8987960" lon="108.4027150">
    <ele>2853.0</ele>
   </trkpt>
   <trkpt lat="-6.8987950" lon="108.4027170">
    <ele>2853.0</ele>
   </trkpt>
   <trkpt lat="-6.8987940" lon="108.4027180">
    <ele>2853.0</ele>
   </trkpt>
   <trkpt lat="-6.8987930" lon="108.4027190">
    <ele>2854.0</ele>
   </trkpt>
   <trkpt lat="-6.8987920" lon="108.4027210">
    <ele>2854.0</ele>
   </trkpt>
   <trkpt lat="-6.8987910" lon="108.4027220">
    <ele>2854.0</ele>
   </trkpt>
   <trkpt lat="-6.8987900" lon="108.4027230">
    <ele>2854.0</ele>
   </trkpt>
   <trkpt lat="-6.8987880" lon="108.4027250">
    <ele>2854.0</ele>
   </trkpt>
   <trkpt lat="-6.8987870" lon="108.4027260">
    <ele>2855.0</ele>
   </trkpt>
   <trkpt lat="-6.8987860" lon="108.4027270">
    <ele>2855.0</ele>
   </trkpt>
   <trkpt lat="-6.8987850" lon="108.4027290">
    <ele>2855.0</ele>
   </trkpt>
   <trkpt lat="-6.8987840" lon="108.4027300">
    <ele>2855.0</ele>
   </trkpt>
   <trkpt lat="-6.8987830" lon="108.4027310">
    <ele>2855.0</ele>
   </trkpt>
   <trkpt lat="-6.8987820" lon="108.4027330">
    <ele>2856.0</ele>
   </trkpt>
   <trkpt lat="-6.8987800" lon="108.4027340">
    <ele>2856.0</ele>
   </trkpt>
   <trkpt lat="-6.8987790" lon="108.4027350">
    <ele>2856.0</ele>
   </trkpt>
   <trkpt lat="-6.8987780" lon="108.4027370">
    <ele>2856.0</ele>
   </trkpt>
   <trkpt lat="-6.8987770" lon="108.4027380">
    <ele>2856.0</ele>
   </trkpt>
   <trkpt lat="-6.8987760" lon="108.4027390">
    <ele>2857.0</ele>
   </trkpt>
   <trkpt lat="-6.8987750" lon="108.4027410">
    <ele>2857.0</ele>
   </trkpt>
   <trkpt lat="-6.8987740" lon="108.4027420">
    <ele>2857.0</ele>
   </trkpt>
   <trkpt lat="-6.8987730" lon="108.4027430">
    <ele>2857.0</ele>
   </trkpt>
   <trkpt lat="-6.8987710" lon="108.4027450">
    <ele>2857.0</ele>
   </trkpt>
   <trkpt lat="-6.8987700" lon="108.4027460">
    <ele>2858.0</ele>
   </trkpt>
   <trkpt lat="-6.8987690" lon="108.4027470">
    <ele>2858.0</ele>
   </trkpt>
   <trkpt lat="-6.8987680" lon="108.4027490">
    <ele>2858.0</ele>
   </trkpt>
   <trkpt lat="-6.8987670" lon="108.4027500">
    <ele>2858.0</ele>
   </trkpt>
   <trkpt lat="-6.8987660" lon="108.4027510">
    <ele>2858.0</ele>
   </trkpt>
   <trkpt lat="-6.8987650" lon="108.4027530">
    <ele>2858.0</ele>
   </trkpt>
   <trkpt lat="-6.8987630" lon="108.4027540">
    <ele>2858.0</ele>
   </trkpt>
   <trkpt lat="-6.8987620" lon="108.4027550">
    <ele>2858.0</ele>
   </trkpt>
   <trkpt lat="-6.8987610" lon="108.4027570">
    <ele>2858.0</ele>
   </trkpt>
   <trkpt lat="-6.8987600" lon="108.4027580">
    <ele>2858.0</ele>
   </trkpt>
   <trkpt lat="-6.8987590" lon="108.4027590">
    <ele>2859.0</ele>
   </trkpt>
   <trkpt lat="-6.8987580" lon="108.4027610">
    <ele>2859.0</ele>
   </trkpt>
   <trkpt lat="-6.8987570" lon="108.4027620">
    <ele>2859.0</ele>
   </trkpt>
   <trkpt lat="-6.8987550" lon="108.4027630">
    <ele>2859.0</ele>
   </trkpt>
   <trkpt lat="-6.8987540" lon="108.4027650">
    <ele>2859.0</ele>
   </trkpt>
   <trkpt lat="-6.8987530" lon="108.4027660">
    <ele>2860.0</ele>
   </trkpt>
   <trkpt lat="-6.8987520" lon="108.4027670">
    <ele>2860.0</ele>
   </trkpt>
   <trkpt lat="-6.8987510" lon="108.4027690">
    <ele>2860.0</ele>
   </trkpt>
   <trkpt lat="-6.8987500" lon="108.4027700">
    <ele>2860.0</ele>
   </trkpt>
   <trkpt lat="-6.8987490" lon="108.4027710">
    <ele>2860.0</ele>
   </trkpt>
   <trkpt lat="-6.8987480" lon="108.4027730">
    <ele>2861.0</ele>
   </trkpt>
   <trkpt lat="-6.8987460" lon="108.4027740">
    <ele>2861.0</ele>
   </trkpt>
   <trkpt lat="-6.8987450" lon="108.4027750">
    <ele>2861.0</ele>
   </trkpt>
   <trkpt lat="-6.8987440" lon="108.4027770">
    <ele>2861.0</ele>
   </trkpt>
   <trkpt lat="-6.8987430" lon="108.4027780">
    <ele>2861.0</ele>
   </trkpt>
   <trkpt lat="-6.8987420" lon="108.4027790">
    <ele>2862.0</ele>
   </trkpt>
   <trkpt lat="-6.8987410" lon="108.4027810">
    <ele>2862.0</ele>
   </trkpt>
   <trkpt lat="-6.8987400" lon="108.4027820">
    <ele>2862.0</ele>
   </trkpt>
   <trkpt lat="-6.8987380" lon="108.4027830">
    <ele>2862.0</ele>
   </trkpt>
   <trkpt lat="-6.8987370" lon="108.4027850">
    <ele>2862.0</ele>
   </trkpt>
   <trkpt lat="-6.8987360" lon="108.4027860">
    <ele>2863.0</ele>
   </trkpt>
   <trkpt lat="-6.8987350" lon="108.4027870">
    <ele>2863.0</ele>
   </trkpt>
   <trkpt lat="-6.8987340" lon="108.4027890">
    <ele>2863.0</ele>
   </trkpt>
   <trkpt lat="-6.8987330" lon="108.4027900">
    <ele>2863.0</ele>
   </trkpt>
   <trkpt lat="-6.8987070" lon="108.4028200">
    <ele>2863.0</ele>
   </trkpt>
   <trkpt lat="-6.8986960" lon="108.4028360">
    <ele>2864.0</ele>
   </trkpt>
   <trkpt lat="-6.8986840" lon="108.4028520">
    <ele>2864.0</ele>
   </trkpt>
   <trkpt lat="-6.8986790" lon="108.4028630">
    <ele>2864.0</ele>
   </trkpt>
   <trkpt lat="-6.8986730" lon="108.4028730">
    <ele>2864.0</ele>
   </trkpt>
   <trkpt lat="-6.8986690" lon="108.4028810">
    <ele>2864.0</ele>
   </trkpt>
   <trkpt lat="-6.8986640" lon="108.4028900">
    <ele>2865.0</ele>
   </trkpt>
   <trkpt lat="-6.8986610" lon="108.4028970">
    <ele>2865.0</ele>
   </trkpt>
   <trkpt lat="-6.8986580" lon="108.4029050">
    <ele>2865.0</ele>
   </trkpt>
   <trkpt lat="-6.8986580" lon="108.4029050">
    <ele>2866.0</ele>
   </trkpt>
   <trkpt lat="-6.8986580" lon="108.4029050">
    <ele>2866.0</ele>
   </trkpt>
   <trkpt lat="-6.8986580" lon="108.4029050">
    <ele>2867.0</ele>
   </trkpt>
   <trkpt lat="-6.8986580" lon="108.4029050">
    <ele>2867.0</ele>
   </trkpt>
   <trkpt lat="-6.8986580" lon="108.4029050">
    <ele>2867.0</ele>
   </trkpt>
   <trkpt lat="-6.8986580" lon="108.4029050">
    <ele>2867.0</ele>
   </trkpt>
   <trkpt lat="-6.8986580" lon="108.4029050">
    <ele>2867.0</ele>
   </trkpt>
   <trkpt lat="-6.8986580" lon="108.4029050">
    <ele>2867.0</ele>
   </trkpt>
   <trkpt lat="-6.8986580" lon="108.4029050">
    <ele>2867.0</ele>
   </trkpt>
   <trkpt lat="-6.8986580" lon="108.4029050">
    <ele>2867.0</ele>
   </trkpt>
   <trkpt lat="-6.8986580" lon="108.4029050">
    <ele>2867.0</ele>
   </trkpt>
   <trkpt lat="-6.8986580" lon="108.4029050">
    <ele>2867.0</ele>
   </trkpt>
   <trkpt lat="-6.8986580" lon="108.4029050">
    <ele>2868.0</ele>
   </trkpt>
   <trkpt lat="-6.8986580" lon="108.4029050">
    <ele>2868.0</ele>
   </trkpt>
   <trkpt lat="-6.8986580" lon="108.4029050">
    <ele>2868.0</ele>
   </trkpt>
   <trkpt lat="-6.8986580" lon="108.4029050">
    <ele>2868.0</ele>
   </trkpt>
   <trkpt lat="-6.8986580" lon="108.4029050">
    <ele>2868.0</ele>
   </trkpt>
   <trkpt lat="-6.8986580" lon="108.4029050">
    <ele>2869.0</ele>
   </trkpt>
   <trkpt lat="-6.8986580" lon="108.4029050">
    <ele>2869.0</ele>
   </trkpt>
   <trkpt lat="-6.8986580" lon="108.4029050">
    <ele>2869.0</ele>
   </trkpt>
   <trkpt lat="-6.8986580" lon="108.4029050">
    <ele>2869.0</ele>
   </trkpt>
   <trkpt lat="-6.8986410" lon="108.4029180">
    <ele>2869.0</ele>
   </trkpt>
   <trkpt lat="-6.8986310" lon="108.4029250">
    <ele>2870.0</ele>
   </trkpt>
   <trkpt lat="-6.8986200" lon="108.4029320">
    <ele>2870.0</ele>
   </trkpt>
   <trkpt lat="-6.8986130" lon="108.4029370">
    <ele>2870.0</ele>
   </trkpt>
   <trkpt lat="-6.8986060" lon="108.4029420">
    <ele>2870.0</ele>
   </trkpt>
   <trkpt lat="-6.8986010" lon="108.4029480">
    <ele>2870.0</ele>
   </trkpt>
   <trkpt lat="-6.8985960" lon="108.4029540">
    <ele>2871.0</ele>
   </trkpt>
   <trkpt lat="-6.8985930" lon="108.4029570">
    <ele>2871.0</ele>
   </trkpt>
   <trkpt lat="-6.8985910" lon="108.4029610">
    <ele>2871.0</ele>
   </trkpt>
   <trkpt lat="-6.8985860" lon="108.4029660">
    <ele>2871.0</ele>
   </trkpt>
   <trkpt lat="-6.8985810" lon="108.4029720">
    <ele>2871.0</ele>
   </trkpt>
   <trkpt lat="-6.8985790" lon="108.4029730">
    <ele>2872.0</ele>
   </trkpt>
   <trkpt lat="-6.8985770" lon="108.4029740">
    <ele>2872.0</ele>
   </trkpt>
   <trkpt lat="-6.8985750" lon="108.4029760">
    <ele>2872.0</ele>
   </trkpt>
   <trkpt lat="-6.8985730" lon="108.4029770">
    <ele>2872.0</ele>
   </trkpt>
   <trkpt lat="-6.8985660" lon="108.4029800">
    <ele>2872.0</ele>
   </trkpt>
   <trkpt lat="-6.8985600" lon="108.4029840">
    <ele>2873.0</ele>
   </trkpt>
   <trkpt lat="-6.8985570" lon="108.4029870">
    <ele>2873.0</ele>
   </trkpt>
   <trkpt lat="-6.8985550" lon="108.4029900">
    <ele>2873.0</ele>
   </trkpt>
   <trkpt lat="-6.8985520" lon="108.4029930">
    <ele>2873.0</ele>
   </trkpt>
   <trkpt lat="-6.8985510" lon="108.4029990">
    <ele>2873.0</ele>
   </trkpt>
   <trkpt lat="-6.8985490" lon="108.4030040">
    <ele>2874.0</ele>
   </trkpt>
   <trkpt lat="-6.8985470" lon="108.4030090">
    <ele>2874.0</ele>
   </trkpt>
   <trkpt lat="-6.8985450" lon="108.4030140">
    <ele>2874.0</ele>
   </trkpt>
   <trkpt lat="-6.8985430" lon="108.4030160">
    <ele>2874.0</ele>
   </trkpt>
   <trkpt lat="-6.8985420" lon="108.4030190">
    <ele>2874.0</ele>
   </trkpt>
   <trkpt lat="-6.8985410" lon="108.4030210">
    <ele>2875.0</ele>
   </trkpt>
   <trkpt lat="-6.8985370" lon="108.4030270">
    <ele>2875.0</ele>
   </trkpt>
   <trkpt lat="-6.8985340" lon="108.4030330">
    <ele>2875.0</ele>
   </trkpt>
   <trkpt lat="-6.8985310" lon="108.4030380">
    <ele>2875.0</ele>
   </trkpt>
   <trkpt lat="-6.8985280" lon="108.4030430">
    <ele>2875.0</ele>
   </trkpt>
   <trkpt lat="-6.8985250" lon="108.4030490">
    <ele>2876.0</ele>
   </trkpt>
   <trkpt lat="-6.8985220" lon="108.4030540">
    <ele>2876.0</ele>
   </trkpt>
   <trkpt lat="-6.8985220" lon="108.4030540">
    <ele>2876.0</ele>
   </trkpt>
   <trkpt lat="-6.8985220" lon="108.4030540">
    <ele>2876.0</ele>
   </trkpt>
   <trkpt lat="-6.8985220" lon="108.4030540">
    <ele>2876.0</ele>
   </trkpt>
   <trkpt lat="-6.8985220" lon="108.4030540">
    <ele>2877.0</ele>
   </trkpt>
   <trkpt lat="-6.8985220" lon="108.4030540">
    <ele>2877.0</ele>
   </trkpt>
   <trkpt lat="-6.8985220" lon="108.4030540">
    <ele>2877.0</ele>
   </trkpt>
   <trkpt lat="-6.8985220" lon="108.4030540">
    <ele>2877.0</ele>
   </trkpt>
   <trkpt lat="-6.8985150" lon="108.4030670">
    <ele>2877.0</ele>
   </trkpt>
   <trkpt lat="-6.8985100" lon="108.4030760">
    <ele>2878.0</ele>
   </trkpt>
   <trkpt lat="-6.8985050" lon="108.4030850">
    <ele>2878.0</ele>
   </trkpt>
   <trkpt lat="-6.8985030" lon="108.4030890">
    <ele>2878.0</ele>
   </trkpt>
   <trkpt lat="-6.8985010" lon="108.4030940">
    <ele>2878.0</ele>
   </trkpt>
   <trkpt lat="-6.8984990" lon="108.4030990">
    <ele>2878.0</ele>
   </trkpt>
   <trkpt lat="-6.8984950" lon="108.4031030">
    <ele>2879.0</ele>
   </trkpt>
   <trkpt lat="-6.8984920" lon="108.4031070">
    <ele>2879.0</ele>
   </trkpt>
   <trkpt lat="-6.8984890" lon="108.4031090">
    <ele>2879.0</ele>
   </trkpt>
   <trkpt lat="-6.8984870" lon="108.4031120">
    <ele>2879.0</ele>
   </trkpt>
   <trkpt lat="-6.8984840" lon="108.4031140">
    <ele>2879.0</ele>
   </trkpt>
   <trkpt lat="-6.8984840" lon="108.4031140">
    <ele>2880.0</ele>
   </trkpt>
   <trkpt lat="-6.8984840" lon="108.4031140">
    <ele>2880.0</ele>
   </trkpt>
   <trkpt lat="-6.8984840" lon="108.4031140">
    <ele>2880.0</ele>
   </trkpt>
   <trkpt lat="-6.8984840" lon="108.4031140">
    <ele>2880.0</ele>
   </trkpt>
   <trkpt lat="-6.8984840" lon="108.4031140">
    <ele>2880.0</ele>
   </trkpt>
   <trkpt lat="-6.8984840" lon="108.4031140">
    <ele>2881.0</ele>
   </trkpt>
   <trkpt lat="-6.8984840" lon="108.4031140">
    <ele>2881.0</ele>
   </trkpt>
   <trkpt lat="-6.8984840" lon="108.4031140">
    <ele>2881.0</ele>
   </trkpt>
   <trkpt lat="-6.8984840" lon="108.4031140">
    <ele>2881.0</ele>
   </trkpt>
   <trkpt lat="-6.8984840" lon="108.4031140">
    <ele>2881.0</ele>
   </trkpt>
   <trkpt lat="-6.8984840" lon="108.4031140">
    <ele>2882.0</ele>
   </trkpt>
   <trkpt lat="-6.8984840" lon="108.4031140">
    <ele>2882.0</ele>
   </trkpt>
   <trkpt lat="-6.8984840" lon="108.4031140">
    <ele>2882.0</ele>
   </trkpt>
   <trkpt lat="-6.8984840" lon="108.4031140">
    <ele>2882.0</ele>
   </trkpt>
   <trkpt lat="-6.8984840" lon="108.4031140">
    <ele>2882.0</ele>
   </trkpt>
   <trkpt lat="-6.8984840" lon="108.4031140">
    <ele>2883.0</ele>
   </trkpt>
   <trkpt lat="-6.8984840" lon="108.4031140">
    <ele>2883.0</ele>
   </trkpt>
   <trkpt lat="-6.8984700" lon="108.4031160">
    <ele>2883.0</ele>
   </trkpt>
   <trkpt lat="-6.8984610" lon="108.4031150">
    <ele>2884.0</ele>
   </trkpt>
   <trkpt lat="-6.8984520" lon="108.4031140">
    <ele>2884.0</ele>
   </trkpt>
   <trkpt lat="-6.8984470" lon="108.4031100">
    <ele>2885.0</ele>
   </trkpt>
   <trkpt lat="-6.8984420" lon="108.4031060">
    <ele>2885.0</ele>
   </trkpt>
   <trkpt lat="-6.8984370" lon="108.4031010">
    <ele>2885.0</ele>
   </trkpt>
   <trkpt lat="-6.8984320" lon="108.4030970">
    <ele>2885.0</ele>
   </trkpt>
   <trkpt lat="-6.8984260" lon="108.4030960">
    <ele>2885.0</ele>
   </trkpt>
   <trkpt lat="-6.8984210" lon="108.4030950">
    <ele>2885.0</ele>
   </trkpt>
   <trkpt lat="-6.8984160" lon="108.4030970">
    <ele>2885.0</ele>
   </trkpt>
   <trkpt lat="-6.8984110" lon="108.4030990">
    <ele>2885.0</ele>
   </trkpt>
   <trkpt lat="-6.8984060" lon="108.4031030">
    <ele>2885.0</ele>
   </trkpt>
   <trkpt lat="-6.8984010" lon="108.4031080">
    <ele>2885.0</ele>
   </trkpt>
   <trkpt lat="-6.8983970" lon="108.4031150">
    <ele>2886.0</ele>
   </trkpt>
   <trkpt lat="-6.8983930" lon="108.4031230">
    <ele>2886.0</ele>
   </trkpt>
   <trkpt lat="-6.8983880" lon="108.4031310">
    <ele>2886.0</ele>
   </trkpt>
   <trkpt lat="-6.8983830" lon="108.4031400">
    <ele>2886.0</ele>
   </trkpt>
   <trkpt lat="-6.8983750" lon="108.4031460">
    <ele>2886.0</ele>
   </trkpt>
   <trkpt lat="-6.8983670" lon="108.4031520">
    <ele>2887.0</ele>
   </trkpt>
   <trkpt lat="-6.8983600" lon="108.4031570">
    <ele>2887.0</ele>
   </trkpt>
   <trkpt lat="-6.8983520" lon="108.4031610">
    <ele>2887.0</ele>
   </trkpt>
   <trkpt lat="-6.8983450" lon="108.4031650">
    <ele>2887.0</ele>
   </trkpt>
   <trkpt lat="-6.8983390" lon="108.4031700">
    <ele>2887.0</ele>
   </trkpt>
   <trkpt lat="-6.8983350" lon="108.4031740">
    <ele>2888.0</ele>
   </trkpt>
   <trkpt lat="-6.8983320" lon="108.4031780">
    <ele>2888.0</ele>
   </trkpt>
   <trkpt lat="-6.8983280" lon="108.4031830">
    <ele>2888.0</ele>
   </trkpt>
   <trkpt lat="-6.8983240" lon="108.4031870">
    <ele>2888.0</ele>
   </trkpt>
   <trkpt lat="-6.8983200" lon="108.4031920">
    <ele>2888.0</ele>
   </trkpt>
   <trkpt lat="-6.8983160" lon="108.4031960">
    <ele>2889.0</ele>
   </trkpt>
   <trkpt lat="-6.8983110" lon="108.4032020">
    <ele>2889.0</ele>
   </trkpt>
   <trkpt lat="-6.8983070" lon="108.4032070">
    <ele>2889.0</ele>
   </trkpt>
   <trkpt lat="-6.8983030" lon="108.4032110">
    <ele>2889.0</ele>
   </trkpt>
   <trkpt lat="-6.8982980" lon="108.4032150">
    <ele>2889.0</ele>
   </trkpt>
   <trkpt lat="-6.8982930" lon="108.4032170">
    <ele>2890.0</ele>
   </trkpt>
   <trkpt lat="-6.8982870" lon="108.4032190">
    <ele>2890.0</ele>
   </trkpt>
   <trkpt lat="-6.8982820" lon="108.4032200">
    <ele>2890.0</ele>
   </trkpt>
   <trkpt lat="-6.8982760" lon="108.4032210">
    <ele>2890.0</ele>
   </trkpt>
   <trkpt lat="-6.8982700" lon="108.4032210">
    <ele>2890.0</ele>
   </trkpt>
   <trkpt lat="-6.8982640" lon="108.4032220">
    <ele>2891.0</ele>
   </trkpt>
   <trkpt lat="-6.8982550" lon="108.4032210">
    <ele>2891.0</ele>
   </trkpt>
   <trkpt lat="-6.8982460" lon="108.4032210">
    <ele>2891.0</ele>
   </trkpt>
   <trkpt lat="-6.8982350" lon="108.4032230">
    <ele>2891.0</ele>
   </trkpt>
   <trkpt lat="-6.8982240" lon="108.4032250">
    <ele>2891.0</ele>
   </trkpt>
   <trkpt lat="-6.8982130" lon="108.4032300">
    <ele>2892.0</ele>
   </trkpt>
   <trkpt lat="-6.8982020" lon="108.4032360">
    <ele>2892.0</ele>
   </trkpt>
   <trkpt lat="-6.8981930" lon="108.4032420">
    <ele>2892.0</ele>
   </trkpt>
   <trkpt lat="-6.8981840" lon="108.4032490">
    <ele>2892.0</ele>
   </trkpt>
   <trkpt lat="-6.8981770" lon="108.4032540">
    <ele>2892.0</ele>
   </trkpt>
   <trkpt lat="-6.8981700" lon="108.4032600">
    <ele>2893.0</ele>
   </trkpt>
   <trkpt lat="-6.8981640" lon="108.4032620">
    <ele>2893.0</ele>
   </trkpt>
   <trkpt lat="-6.8981580" lon="108.4032650">
    <ele>2893.0</ele>
   </trkpt>
   <trkpt lat="-6.8981560" lon="108.4032660">
    <ele>2893.0</ele>
   </trkpt>
   <trkpt lat="-6.8981540" lon="108.4032680">
    <ele>2893.0</ele>
   </trkpt>
   <trkpt lat="-6.8981530" lon="108.4032690">
    <ele>2894.0</ele>
   </trkpt>
   <trkpt lat="-6.8981480" lon="108.4032710">
    <ele>2894.0</ele>
   </trkpt>
   <trkpt lat="-6.8981430" lon="108.4032730">
    <ele>2894.0</ele>
   </trkpt>
   <trkpt lat="-6.8981360" lon="108.4032750">
    <ele>2894.0</ele>
   </trkpt>
   <trkpt lat="-6.8981300" lon="108.4032760">
    <ele>2894.0</ele>
   </trkpt>
   <trkpt lat="-6.8981230" lon="108.4032790">
    <ele>2894.0</ele>
   </trkpt>
   <trkpt lat="-6.8981160" lon="108.4032810">
    <ele>2894.0</ele>
   </trkpt>
   <trkpt lat="-6.8981090" lon="108.4032830">
    <ele>2894.0</ele>
   </trkpt>
   <trkpt lat="-6.8981010" lon="108.4032850">
    <ele>2895.0</ele>
   </trkpt>
   <trkpt lat="-6.8980940" lon="108.4032850">
    <ele>2895.0</ele>
   </trkpt>
   <trkpt lat="-6.8980860" lon="108.4032850">
    <ele>2896.0</ele>
   </trkpt>
   <trkpt lat="-6.8980790" lon="108.4032850">
    <ele>2896.0</ele>
   </trkpt>
   <trkpt lat="-6.8980720" lon="108.4032850">
    <ele>2896.0</ele>
   </trkpt>
   <trkpt lat="-6.8980670" lon="108.4032870">
    <ele>2896.0</ele>
   </trkpt>
   <trkpt lat="-6.8980620" lon="108.4032880">
    <ele>2896.0</ele>
   </trkpt>
   <trkpt lat="-6.8980590" lon="108.4032920">
    <ele>2897.0</ele>
   </trkpt>
   <trkpt lat="-6.8980550" lon="108.4032950">
    <ele>2897.0</ele>
   </trkpt>
   <trkpt lat="-6.8980520" lon="108.4033000">
    <ele>2897.0</ele>
   </trkpt>
   <trkpt lat="-6.8980490" lon="108.4033050">
    <ele>2897.0</ele>
   </trkpt>
   <trkpt lat="-6.8980460" lon="108.4033110">
    <ele>2897.0</ele>
   </trkpt>
   <trkpt lat="-6.8980420" lon="108.4033160">
    <ele>2898.0</ele>
   </trkpt>
   <trkpt lat="-6.8980390" lon="108.4033210">
    <ele>2898.0</ele>
   </trkpt>
   <trkpt lat="-6.8980350" lon="108.4033260">
    <ele>2898.0</ele>
   </trkpt>
   <trkpt lat="-6.8980300" lon="108.4033290">
    <ele>2898.0</ele>
   </trkpt>
   <trkpt lat="-6.8980250" lon="108.4033320">
    <ele>2898.0</ele>
   </trkpt>
   <trkpt lat="-6.8980190" lon="108.4033330">
    <ele>2899.0</ele>
   </trkpt>
   <trkpt lat="-6.8980140" lon="108.4033350">
    <ele>2899.0</ele>
   </trkpt>
   <trkpt lat="-6.8980090" lon="108.4033330">
    <ele>2899.0</ele>
   </trkpt>
   <trkpt lat="-6.8980040" lon="108.4033320">
    <ele>2899.0</ele>
   </trkpt>
   <trkpt lat="-6.8979990" lon="108.4033300">
    <ele>2899.0</ele>
   </trkpt>
   <trkpt lat="-6.8979930" lon="108.4033290">
    <ele>2900.0</ele>
   </trkpt>
   <trkpt lat="-6.8979880" lon="108.4033270">
    <ele>2900.0</ele>
   </trkpt>
   <trkpt lat="-6.8979830" lon="108.4033260">
    <ele>2900.0</ele>
   </trkpt>
   <trkpt lat="-6.8979770" lon="108.4033250">
    <ele>2900.0</ele>
   </trkpt>
   <trkpt lat="-6.8979720" lon="108.4033240">
    <ele>2900.0</ele>
   </trkpt>
   <trkpt lat="-6.8979660" lon="108.4033240">
    <ele>2901.0</ele>
   </trkpt>
   <trkpt lat="-6.8979600" lon="108.4033250">
    <ele>2901.0</ele>
   </trkpt>
   <trkpt lat="-6.8979540" lon="108.4033270">
    <ele>2901.0</ele>
   </trkpt>
   <trkpt lat="-6.8979490" lon="108.4033280">
    <ele>2901.0</ele>
   </trkpt>
   <trkpt lat="-6.8979440" lon="108.4033300">
    <ele>2901.0</ele>
   </trkpt>
   <trkpt lat="-6.8979400" lon="108.4033320">
    <ele>2902.0</ele>
   </trkpt>
   <trkpt lat="-6.8979350" lon="108.4033340">
    <ele>2902.0</ele>
   </trkpt>
   <trkpt lat="-6.8979300" lon="108.4033350">
    <ele>2902.0</ele>
   </trkpt>
   <trkpt lat="-6.8979270" lon="108.4033370">
    <ele>2902.0</ele>
   </trkpt>
   <trkpt lat="-6.8979240" lon="108.4033400">
    <ele>2902.0</ele>
   </trkpt>
   <trkpt lat="-6.8979230" lon="108.4033440">
    <ele>2903.0</ele>
   </trkpt>
   <trkpt lat="-6.8979220" lon="108.4033480">
    <ele>2903.0</ele>
   </trkpt>
   <trkpt lat="-6.8979200" lon="108.4033520">
    <ele>2903.0</ele>
   </trkpt>
   <trkpt lat="-6.8979190" lon="108.4033570">
    <ele>2903.0</ele>
   </trkpt>
   <trkpt lat="-6.8979150" lon="108.4033600">
    <ele>2903.0</ele>
   </trkpt>
   <trkpt lat="-6.8979120" lon="108.4033630">
    <ele>2904.0</ele>
   </trkpt>
   <trkpt lat="-6.8979050" lon="108.4033640">
    <ele>2904.0</ele>
   </trkpt>
   <trkpt lat="-6.8978990" lon="108.4033650">
    <ele>2904.0</ele>
   </trkpt>
   <trkpt lat="-6.8978910" lon="108.4033660">
    <ele>2904.0</ele>
   </trkpt>
   <trkpt lat="-6.8978840" lon="108.4033670">
    <ele>2904.0</ele>
   </trkpt>
   <trkpt lat="-6.8978840" lon="108.4033670">
    <ele>2905.0</ele>
   </trkpt>
   <trkpt lat="-6.8978840" lon="108.4033670">
    <ele>2905.0</ele>
   </trkpt>
   <trkpt lat="-6.8978840" lon="108.4033670">
    <ele>2905.0</ele>
   </trkpt>
   <trkpt lat="-6.8978840" lon="108.4033670">
    <ele>2905.0</ele>
   </trkpt>
   <trkpt lat="-6.8978840" lon="108.4033670">
    <ele>2905.0</ele>
   </trkpt>
   <trkpt lat="-6.8978840" lon="108.4033670">
    <ele>2906.0</ele>
   </trkpt>
   <trkpt lat="-6.8978760" lon="108.4033770">
    <ele>2906.0</ele>
   </trkpt>
   <trkpt lat="-6.8978710" lon="108.4033840">
    <ele>2906.0</ele>
   </trkpt>
   <trkpt lat="-6.8978670" lon="108.4033910">
    <ele>2906.0</ele>
   </trkpt>
   <trkpt lat="-6.8978670" lon="108.4033910">
    <ele>2906.0</ele>
   </trkpt>
   <trkpt lat="-6.8978670" lon="108.4033910">
    <ele>2907.0</ele>
   </trkpt>
   <trkpt lat="-6.8978670" lon="108.4033910">
    <ele>2907.0</ele>
   </trkpt>
   <trkpt lat="-6.8978670" lon="108.4033910">
    <ele>2907.0</ele>
   </trkpt>
   <trkpt lat="-6.8978670" lon="108.4033910">
    <ele>2908.0</ele>
   </trkpt>
   <trkpt lat="-6.8978670" lon="108.4033910">
    <ele>2908.0</ele>
   </trkpt>
   <trkpt lat="-6.8978670" lon="108.4033910">
    <ele>2909.0</ele>
   </trkpt>
   <trkpt lat="-6.8978670" lon="108.4033910">
    <ele>2909.0</ele>
   </trkpt>
   <trkpt lat="-6.8978670" lon="108.4033910">
    <ele>2909.0</ele>
   </trkpt>
   <trkpt lat="-6.8978670" lon="108.4033910">
    <ele>2909.0</ele>
   </trkpt>
   <trkpt lat="-6.8978670" lon="108.4033910">
    <ele>2909.0</ele>
   </trkpt>
   <trkpt lat="-6.8978670" lon="108.4033910">
    <ele>2910.0</ele>
   </trkpt>
   <trkpt lat="-6.8978640" lon="108.4033930">
    <ele>2910.0</ele>
   </trkpt>
   <trkpt lat="-6.8978610" lon="108.4033940">
    <ele>2910.0</ele>
   </trkpt>
   <trkpt lat="-6.8978580" lon="108.4033960">
    <ele>2910.0</ele>
   </trkpt>
   <trkpt lat="-6.8978550" lon="108.4033980">
    <ele>2910.0</ele>
   </trkpt>
   <trkpt lat="-6.8978520" lon="108.4034000">
    <ele>2911.0</ele>
   </trkpt>
   <trkpt lat="-6.8978490" lon="108.4034020">
    <ele>2911.0</ele>
   </trkpt>
   <trkpt lat="-6.8978460" lon="108.4034030">
    <ele>2911.0</ele>
   </trkpt>
   <trkpt lat="-6.8978430" lon="108.4034050">
    <ele>2911.0</ele>
   </trkpt>
   <trkpt lat="-6.8978400" lon="108.4034070">
    <ele>2911.0</ele>
   </trkpt>
   <trkpt lat="-6.8978370" lon="108.4034090">
    <ele>2912.0</ele>
   </trkpt>
   <trkpt lat="-6.8978340" lon="108.4034100">
    <ele>2912.0</ele>
   </trkpt>
   <trkpt lat="-6.8978310" lon="108.4034120">
    <ele>2912.0</ele>
   </trkpt>
   <trkpt lat="-6.8978280" lon="108.4034140">
    <ele>2912.0</ele>
   </trkpt>
   <trkpt lat="-6.8978250" lon="108.4034160">
    <ele>2912.0</ele>
   </trkpt>
   <trkpt lat="-6.8978220" lon="108.4034180">
    <ele>2913.0</ele>
   </trkpt>
   <trkpt lat="-6.8978190" lon="108.4034190">
    <ele>2913.0</ele>
   </trkpt>
   <trkpt lat="-6.8978150" lon="108.4034210">
    <ele>2913.0</ele>
   </trkpt>
   <trkpt lat="-6.8978120" lon="108.4034230">
    <ele>2913.0</ele>
   </trkpt>
   <trkpt lat="-6.8978090" lon="108.4034250">
    <ele>2913.0</ele>
   </trkpt>
   <trkpt lat="-6.8978060" lon="108.4034270">
    <ele>2914.0</ele>
   </trkpt>
   <trkpt lat="-6.8978030" lon="108.4034280">
    <ele>2914.0</ele>
   </trkpt>
   <trkpt lat="-6.8978000" lon="108.4034300">
    <ele>2914.0</ele>
   </trkpt>
   <trkpt lat="-6.8977970" lon="108.4034320">
    <ele>2914.0</ele>
   </trkpt>
   <trkpt lat="-6.8977940" lon="108.4034340">
    <ele>2914.0</ele>
   </trkpt>
   <trkpt lat="-6.8977910" lon="108.4034350">
    <ele>2915.0</ele>
   </trkpt>
   <trkpt lat="-6.8977880" lon="108.4034370">
    <ele>2915.0</ele>
   </trkpt>
   <trkpt lat="-6.8977850" lon="108.4034390">
    <ele>2915.0</ele>
   </trkpt>
   <trkpt lat="-6.8977820" lon="108.4034410">
    <ele>2915.0</ele>
   </trkpt>
   <trkpt lat="-6.8977790" lon="108.4034430">
    <ele>2915.0</ele>
   </trkpt>
   <trkpt lat="-6.8977600" lon="108.4034500">
    <ele>2916.0</ele>
   </trkpt>
   <trkpt lat="-6.8977400" lon="108.4034610">
    <ele>2916.0</ele>
   </trkpt>
   <trkpt lat="-6.8977380" lon="108.4034640">
    <ele>2916.0</ele>
   </trkpt>
   <trkpt lat="-6.8977370" lon="108.4034680">
    <ele>2916.0</ele>
   </trkpt>
   <trkpt lat="-6.8977360" lon="108.4034710">
    <ele>2916.0</ele>
   </trkpt>
   <trkpt lat="-6.8977340" lon="108.4034740">
    <ele>2917.0</ele>
   </trkpt>
   <trkpt lat="-6.8977330" lon="108.4034780">
    <ele>2917.0</ele>
   </trkpt>
   <trkpt lat="-6.8977320" lon="108.4034810">
    <ele>2917.0</ele>
   </trkpt>
   <trkpt lat="-6.8977300" lon="108.4034840">
    <ele>2917.0</ele>
   </trkpt>
   <trkpt lat="-6.8977290" lon="108.4034880">
    <ele>2917.0</ele>
   </trkpt>
   <trkpt lat="-6.8977280" lon="108.4034910">
    <ele>2918.0</ele>
   </trkpt>
   <trkpt lat="-6.8977260" lon="108.4034950">
    <ele>2918.0</ele>
   </trkpt>
   <trkpt lat="-6.8977250" lon="108.4034980">
    <ele>2918.0</ele>
   </trkpt>
   <trkpt lat="-6.8977240" lon="108.4035010">
    <ele>2918.0</ele>
   </trkpt>
   <trkpt lat="-6.8977220" lon="108.4035050">
    <ele>2918.0</ele>
   </trkpt>
   <trkpt lat="-6.8977210" lon="108.4035080">
    <ele>2919.0</ele>
   </trkpt>
   <trkpt lat="-6.8977200" lon="108.4035110">
    <ele>2919.0</ele>
   </trkpt>
   <trkpt lat="-6.8977180" lon="108.4035150">
    <ele>2919.0</ele>
   </trkpt>
   <trkpt lat="-6.8977170" lon="108.4035180">
    <ele>2919.0</ele>
   </trkpt>
   <trkpt lat="-6.8977160" lon="108.4035210">
    <ele>2919.0</ele>
   </trkpt>
   <trkpt lat="-6.8977150" lon="108.4035250">
    <ele>2919.0</ele>
   </trkpt>
   <trkpt lat="-6.8977130" lon="108.4035280">
    <ele>2919.0</ele>
   </trkpt>
   <trkpt lat="-6.8977120" lon="108.4035310">
    <ele>2919.0</ele>
   </trkpt>
   <trkpt lat="-6.8977110" lon="108.4035350">
    <ele>2919.0</ele>
   </trkpt>
   <trkpt lat="-6.8977090" lon="108.4035380">
    <ele>2919.0</ele>
   </trkpt>
   <trkpt lat="-6.8977080" lon="108.4035420">
    <ele>2920.0</ele>
   </trkpt>
   <trkpt lat="-6.8977070" lon="108.4035450">
    <ele>2920.0</ele>
   </trkpt>
   <trkpt lat="-6.8977050" lon="108.4035480">
    <ele>2920.0</ele>
   </trkpt>
   <trkpt lat="-6.8977040" lon="108.4035520">
    <ele>2920.0</ele>
   </trkpt>
   <trkpt lat="-6.8977030" lon="108.4035550">
    <ele>2920.0</ele>
   </trkpt>
   <trkpt lat="-6.8977010" lon="108.4035580">
    <ele>2921.0</ele>
   </trkpt>
   <trkpt lat="-6.8977000" lon="108.4035620">
    <ele>2921.0</ele>
   </trkpt>
   <trkpt lat="-6.8976990" lon="108.4035650">
    <ele>2921.0</ele>
   </trkpt>
   <trkpt lat="-6.8976970" lon="108.4035680">
    <ele>2921.0</ele>
   </trkpt>
   <trkpt lat="-6.8976960" lon="108.4035720">
    <ele>2921.0</ele>
   </trkpt>
   <trkpt lat="-6.8976950" lon="108.4035750">
    <ele>2922.0</ele>
   </trkpt>
   <trkpt lat="-6.8976930" lon="108.4035780">
    <ele>2922.0</ele>
   </trkpt>
   <trkpt lat="-6.8976920" lon="108.4035820">
    <ele>2922.0</ele>
   </trkpt>
   <trkpt lat="-6.8976910" lon="108.4035850">
    <ele>2922.0</ele>
   </trkpt>
   <trkpt lat="-6.8976890" lon="108.4035890">
    <ele>2922.0</ele>
   </trkpt>
   <trkpt lat="-6.8976880" lon="108.4035920">
    <ele>2923.0</ele>
   </trkpt>
   <trkpt lat="-6.8976870" lon="108.4035950">
    <ele>2923.0</ele>
   </trkpt>
   <trkpt lat="-6.8976850" lon="108.4035990">
    <ele>2923.0</ele>
   </trkpt>
   <trkpt lat="-6.8976840" lon="108.4036020">
    <ele>2923.0</ele>
   </trkpt>
   <trkpt lat="-6.8976830" lon="108.4036050">
    <ele>2923.0</ele>
   </trkpt>
   <trkpt lat="-6.8976810" lon="108.4036090">
    <ele>2923.0</ele>
   </trkpt>
   <trkpt lat="-6.8976800" lon="108.4036120">
    <ele>2923.0</ele>
   </trkpt>
   <trkpt lat="-6.8976790" lon="108.4036150">
    <ele>2924.0</ele>
   </trkpt>
   <trkpt lat="-6.8976780" lon="108.4036190">
    <ele>2924.0</ele>
   </trkpt>
   <trkpt lat="-6.8976760" lon="108.4036220">
    <ele>2925.0</ele>
   </trkpt>
   <trkpt lat="-6.8976750" lon="108.4036250">
    <ele>2926.0</ele>
   </trkpt>
   <trkpt lat="-6.8976740" lon="108.4036290">
    <ele>2926.0</ele>
   </trkpt>
   <trkpt lat="-6.8976720" lon="108.4036320">
    <ele>2926.0</ele>
   </trkpt>
   <trkpt lat="-6.8976710" lon="108.4036360">
    <ele>2926.0</ele>
   </trkpt>
   <trkpt lat="-6.8976700" lon="108.4036390">
    <ele>2926.0</ele>
   </trkpt>
   <trkpt lat="-6.8976680" lon="108.4036420">
    <ele>2927.0</ele>
   </trkpt>
   <trkpt lat="-6.8976670" lon="108.4036460">
    <ele>2927.0</ele>
   </trkpt>
   <trkpt lat="-6.8976660" lon="108.4036490">
    <ele>2927.0</ele>
   </trkpt>
   <trkpt lat="-6.8976640" lon="108.4036520">
    <ele>2927.0</ele>
   </trkpt>
   <trkpt lat="-6.8976630" lon="108.4036560">
    <ele>2927.0</ele>
   </trkpt>
   <trkpt lat="-6.8976620" lon="108.4036590">
    <ele>2928.0</ele>
   </trkpt>
   <trkpt lat="-6.8976600" lon="108.4036620">
    <ele>2928.0</ele>
   </trkpt>
   <trkpt lat="-6.8976590" lon="108.4036660">
    <ele>2928.0</ele>
   </trkpt>
   <trkpt lat="-6.8976580" lon="108.4036690">
    <ele>2928.0</ele>
   </trkpt>
   <trkpt lat="-6.8976560" lon="108.4036720">
    <ele>2928.0</ele>
   </trkpt>
   <trkpt lat="-6.8976550" lon="108.4036760">
    <ele>2929.0</ele>
   </trkpt>
   <trkpt lat="-6.8976540" lon="108.4036790">
    <ele>2929.0</ele>
   </trkpt>
   <trkpt lat="-6.8976520" lon="108.4036830">
    <ele>2929.0</ele>
   </trkpt>
   <trkpt lat="-6.8976510" lon="108.4036860">
    <ele>2929.0</ele>
   </trkpt>
   <trkpt lat="-6.8976500" lon="108.4036890">
    <ele>2929.0</ele>
   </trkpt>
   <trkpt lat="-6.8976480" lon="108.4036930">
    <ele>2930.0</ele>
   </trkpt>
   <trkpt lat="-6.8976470" lon="108.4036960">
    <ele>2930.0</ele>
   </trkpt>
   <trkpt lat="-6.8976460" lon="108.4036990">
    <ele>2930.0</ele>
   </trkpt>
   <trkpt lat="-6.8976440" lon="108.4037030">
    <ele>2930.0</ele>
   </trkpt>
   <trkpt lat="-6.8976430" lon="108.4037060">
    <ele>2930.0</ele>
   </trkpt>
   <trkpt lat="-6.8976420" lon="108.4037090">
    <ele>2931.0</ele>
   </trkpt>
   <trkpt lat="-6.8976410" lon="108.4037130">
    <ele>2931.0</ele>
   </trkpt>
   <trkpt lat="-6.8976390" lon="108.4037160">
    <ele>2931.0</ele>
   </trkpt>
   <trkpt lat="-6.8976360" lon="108.4037390">
    <ele>2931.0</ele>
   </trkpt>
   <trkpt lat="-6.8976350" lon="108.4037540">
    <ele>2931.0</ele>
   </trkpt>
   <trkpt lat="-6.8976340" lon="108.4037570">
    <ele>2932.0</ele>
   </trkpt>
   <trkpt lat="-6.8976330" lon="108.4037600">
    <ele>2932.0</ele>
   </trkpt>
   <trkpt lat="-6.8976320" lon="108.4037630">
    <ele>2932.0</ele>
   </trkpt>
   <trkpt lat="-6.8976310" lon="108.4037660">
    <ele>2933.0</ele>
   </trkpt>
   <trkpt lat="-6.8976300" lon="108.4037680">
    <ele>2933.0</ele>
   </trkpt>
   <trkpt lat="-6.8976290" lon="108.4037710">
    <ele>2934.0</ele>
   </trkpt>
   <trkpt lat="-6.8976270" lon="108.4037740">
    <ele>2934.0</ele>
   </trkpt>
   <trkpt lat="-6.8976260" lon="108.4037770">
    <ele>2934.0</ele>
   </trkpt>
   <trkpt lat="-6.8976250" lon="108.4037800">
    <ele>2934.0</ele>
   </trkpt>
   <trkpt lat="-6.8976240" lon="108.4037830">
    <ele>2934.0</ele>
   </trkpt>
   <trkpt lat="-6.8976230" lon="108.4037860">
    <ele>2935.0</ele>
   </trkpt>
   <trkpt lat="-6.8976220" lon="108.4037880">
    <ele>2935.0</ele>
   </trkpt>
   <trkpt lat="-6.8976210" lon="108.4037910">
    <ele>2935.0</ele>
   </trkpt>
   <trkpt lat="-6.8976200" lon="108.4037940">
    <ele>2935.0</ele>
   </trkpt>
   <trkpt lat="-6.8976190" lon="108.4037970">
    <ele>2935.0</ele>
   </trkpt>
   <trkpt lat="-6.8976180" lon="108.4038000">
    <ele>2936.0</ele>
   </trkpt>
   <trkpt lat="-6.8976170" lon="108.4038030">
    <ele>2936.0</ele>
   </trkpt>
   <trkpt lat="-6.8976160" lon="108.4038060">
    <ele>2936.0</ele>
   </trkpt>
   <trkpt lat="-6.8976150" lon="108.4038080">
    <ele>2936.0</ele>
   </trkpt>
   <trkpt lat="-6.8976140" lon="108.4038110">
    <ele>2936.0</ele>
   </trkpt>
   <trkpt lat="-6.8976130" lon="108.4038140">
    <ele>2937.0</ele>
   </trkpt>
   <trkpt lat="-6.8976120" lon="108.4038170">
    <ele>2937.0</ele>
   </trkpt>
   <trkpt lat="-6.8976110" lon="108.4038200">
    <ele>2937.0</ele>
   </trkpt>
   <trkpt lat="-6.8976100" lon="108.4038230">
    <ele>2937.0</ele>
   </trkpt>
   <trkpt lat="-6.8976090" lon="108.4038260">
    <ele>2937.0</ele>
   </trkpt>
   <trkpt lat="-6.8976080" lon="108.4038290">
    <ele>2938.0</ele>
   </trkpt>
   <trkpt lat="-6.8976070" lon="108.4038310">
    <ele>2938.0</ele>
   </trkpt>
   <trkpt lat="-6.8976060" lon="108.4038340">
    <ele>2938.0</ele>
   </trkpt>
   <trkpt lat="-6.8976050" lon="108.4038370">
    <ele>2938.0</ele>
   </trkpt>
   <trkpt lat="-6.8976040" lon="108.4038400">
    <ele>2938.0</ele>
   </trkpt>
   <trkpt lat="-6.8976030" lon="108.4038430">
    <ele>2939.0</ele>
   </trkpt>
   <trkpt lat="-6.8976020" lon="108.4038460">
    <ele>2939.0</ele>
   </trkpt>
   <trkpt lat="-6.8976010" lon="108.4038490">
    <ele>2939.0</ele>
   </trkpt>
   <trkpt lat="-6.8976000" lon="108.4038510">
    <ele>2939.0</ele>
   </trkpt>
   <trkpt lat="-6.8975990" lon="108.4038540">
    <ele>2939.0</ele>
   </trkpt>
   <trkpt lat="-6.8975980" lon="108.4038570">
    <ele>2940.0</ele>
   </trkpt>
   <trkpt lat="-6.8975960" lon="108.4038600">
    <ele>2940.0</ele>
   </trkpt>
   <trkpt lat="-6.8975950" lon="108.4038630">
    <ele>2940.0</ele>
   </trkpt>
   <trkpt lat="-6.8975940" lon="108.4038660">
    <ele>2940.0</ele>
   </trkpt>
   <trkpt lat="-6.8975930" lon="108.4038690">
    <ele>2940.0</ele>
   </trkpt>
   <trkpt lat="-6.8975920" lon="108.4038710">
    <ele>2941.0</ele>
   </trkpt>
   <trkpt lat="-6.8975910" lon="108.4038740">
    <ele>2941.0</ele>
   </trkpt>
   <trkpt lat="-6.8975900" lon="108.4038770">
    <ele>2941.0</ele>
   </trkpt>
   <trkpt lat="-6.8975890" lon="108.4038800">
    <ele>2942.0</ele>
   </trkpt>
   <trkpt lat="-6.8975880" lon="108.4038830">
    <ele>2942.0</ele>
   </trkpt>
   <trkpt lat="-6.8975870" lon="108.4038860">
    <ele>2943.0</ele>
   </trkpt>
   <trkpt lat="-6.8975860" lon="108.4038890">
    <ele>2943.0</ele>
   </trkpt>
   <trkpt lat="-6.8975850" lon="108.4038910">
    <ele>2943.0</ele>
   </trkpt>
   <trkpt lat="-6.8975840" lon="108.4038940">
    <ele>2943.0</ele>
   </trkpt>
   <trkpt lat="-6.8975830" lon="108.4038970">
    <ele>2943.0</ele>
   </trkpt>
   <trkpt lat="-6.8975820" lon="108.4039000">
    <ele>2944.0</ele>
   </trkpt>
   <trkpt lat="-6.8975810" lon="108.4039030">
    <ele>2944.0</ele>
   </trkpt>
   <trkpt lat="-6.8975800" lon="108.4039060">
    <ele>2944.0</ele>
   </trkpt>
   <trkpt lat="-6.8975790" lon="108.4039090">
    <ele>2944.0</ele>
   </trkpt>
   <trkpt lat="-6.8975780" lon="108.4039110">
    <ele>2944.0</ele>
   </trkpt>
   <trkpt lat="-6.8975770" lon="108.4039140">
    <ele>2945.0</ele>
   </trkpt>
   <trkpt lat="-6.8975760" lon="108.4039170">
    <ele>2945.0</ele>
   </trkpt>
   <trkpt lat="-6.8975750" lon="108.4039200">
    <ele>2945.0</ele>
   </trkpt>
   <trkpt lat="-6.8975740" lon="108.4039230">
    <ele>2945.0</ele>
   </trkpt>
   <trkpt lat="-6.8975730" lon="108.4039260">
    <ele>2945.0</ele>
   </trkpt>
   <trkpt lat="-6.8975720" lon="108.4039290">
    <ele>2946.0</ele>
   </trkpt>
   <trkpt lat="-6.8975710" lon="108.4039320">
    <ele>2946.0</ele>
   </trkpt>
   <trkpt lat="-6.8975700" lon="108.4039340">
    <ele>2946.0</ele>
   </trkpt>
   <trkpt lat="-6.8975690" lon="108.4039370">
    <ele>2946.0</ele>
   </trkpt>
   <trkpt lat="-6.8975680" lon="108.4039400">
    <ele>2946.0</ele>
   </trkpt>
   <trkpt lat="-6.8975670" lon="108.4039430">
    <ele>2947.0</ele>
   </trkpt>
   <trkpt lat="-6.8975510" lon="108.4039530">
    <ele>2947.0</ele>
   </trkpt>
   <trkpt lat="-6.8975410" lon="108.4039550">
    <ele>2947.0</ele>
   </trkpt>
   <trkpt lat="-6.8975310" lon="108.4039580">
    <ele>2947.0</ele>
   </trkpt>
   <trkpt lat="-6.8975240" lon="108.4039570">
    <ele>2947.0</ele>
   </trkpt>
   <trkpt lat="-6.8975160" lon="108.4039560">
    <ele>2948.0</ele>
   </trkpt>
   <trkpt lat="-6.8975110" lon="108.4039560">
    <ele>2948.0</ele>
   </trkpt>
   <trkpt lat="-6.8975050" lon="108.4039560">
    <ele>2948.0</ele>
   </trkpt>
   <trkpt lat="-6.8975010" lon="108.4039580">
    <ele>2948.0</ele>
   </trkpt>
   <trkpt lat="-6.8974960" lon="108.4039610">
    <ele>2948.0</ele>
   </trkpt>
   <trkpt lat="-6.8974960" lon="108.4039630">
    <ele>2949.0</ele>
   </trkpt>
   <trkpt lat="-6.8974950" lon="108.4039650">
    <ele>2949.0</ele>
   </trkpt>
   <trkpt lat="-6.8974950" lon="108.4039670">
    <ele>2949.0</ele>
   </trkpt>
   <trkpt lat="-6.8974940" lon="108.4039690">
    <ele>2949.0</ele>
   </trkpt>
   <trkpt lat="-6.8974940" lon="108.4039710">
    <ele>2949.0</ele>
   </trkpt>
   <trkpt lat="-6.8974920" lon="108.4039780">
    <ele>2950.0</ele>
   </trkpt>
   <trkpt lat="-6.8974910" lon="108.4039860">
    <ele>2950.0</ele>
   </trkpt>
   <trkpt lat="-6.8974890" lon="108.4039910">
    <ele>2950.0</ele>
   </trkpt>
   <trkpt lat="-6.8974860" lon="108.4039960">
    <ele>2950.0</ele>
   </trkpt>
   <trkpt lat="-6.8974820" lon="108.4040000">
    <ele>2950.0</ele>
   </trkpt>
   <trkpt lat="-6.8974780" lon="108.4040040">
    <ele>2951.0</ele>
   </trkpt>
   <trkpt lat="-6.8974720" lon="108.4040060">
    <ele>2951.0</ele>
   </trkpt>
   <trkpt lat="-6.8974660" lon="108.4040080">
    <ele>2951.0</ele>
   </trkpt>
   <trkpt lat="-6.8974600" lon="108.4040080">
    <ele>2951.0</ele>
   </trkpt>
   <trkpt lat="-6.8974540" lon="108.4040070">
    <ele>2951.0</ele>
   </trkpt>
   <trkpt lat="-6.8974500" lon="108.4040040">
    <ele>2952.0</ele>
   </trkpt>
   <trkpt lat="-6.8974450" lon="108.4040010">
    <ele>2952.0</ele>
   </trkpt>
   <trkpt lat="-6.8974400" lon="108.4039980">
    <ele>2952.0</ele>
   </trkpt>
   <trkpt lat="-6.8974340" lon="108.4039960">
    <ele>2952.0</ele>
   </trkpt>
   <trkpt lat="-6.8974290" lon="108.4039950">
    <ele>2952.0</ele>
   </trkpt>
   <trkpt lat="-6.8974240" lon="108.4039940">
    <ele>2953.0</ele>
   </trkpt>
   <trkpt lat="-6.8974190" lon="108.4039930">
    <ele>2953.0</ele>
   </trkpt>
   <trkpt lat="-6.8974110" lon="108.4039930">
    <ele>2953.0</ele>
   </trkpt>
   <trkpt lat="-6.8974030" lon="108.4039930">
    <ele>2953.0</ele>
   </trkpt>
   <trkpt lat="-6.8973950" lon="108.4039960">
    <ele>2953.0</ele>
   </trkpt>
   <trkpt lat="-6.8973870" lon="108.4039980">
    <ele>2954.0</ele>
   </trkpt>
   <trkpt lat="-6.8973780" lon="108.4040000">
    <ele>2954.0</ele>
   </trkpt>
   <trkpt lat="-6.8973680" lon="108.4040020">
    <ele>2954.0</ele>
   </trkpt>
   <trkpt lat="-6.8973580" lon="108.4040040">
    <ele>2955.0</ele>
   </trkpt>
   <trkpt lat="-6.8973470" lon="108.4040050">
    <ele>2955.0</ele>
   </trkpt>
   <trkpt lat="-6.8973380" lon="108.4040080">
    <ele>2956.0</ele>
   </trkpt>
   <trkpt lat="-6.8973290" lon="108.4040120">
    <ele>2956.0</ele>
   </trkpt>
   <trkpt lat="-6.8973220" lon="108.4040150">
    <ele>2956.0</ele>
   </trkpt>
   <trkpt lat="-6.8973140" lon="108.4040190">
    <ele>2956.0</ele>
   </trkpt>
   <trkpt lat="-6.8973070" lon="108.4040220">
    <ele>2956.0</ele>
   </trkpt>
   <trkpt lat="-6.8973010" lon="108.4040250">
    <ele>2957.0</ele>
   </trkpt>
   <trkpt lat="-6.8972970" lon="108.4040270">
    <ele>2957.0</ele>
   </trkpt>
   <trkpt lat="-6.8972940" lon="108.4040280">
    <ele>2957.0</ele>
   </trkpt>
   <trkpt lat="-6.8972880" lon="108.4040310">
    <ele>2957.0</ele>
   </trkpt>
   <trkpt lat="-6.8972830" lon="108.4040340">
    <ele>2957.0</ele>
   </trkpt>
   <trkpt lat="-6.8972790" lon="108.4040360">
    <ele>2958.0</ele>
   </trkpt>
   <trkpt lat="-6.8972760" lon="108.4040390">
    <ele>2958.0</ele>
   </trkpt>
   <trkpt lat="-6.8972730" lon="108.4040410">
    <ele>2958.0</ele>
   </trkpt>
   <trkpt lat="-6.8972670" lon="108.4040440">
    <ele>2958.0</ele>
   </trkpt>
   <trkpt lat="-6.8972620" lon="108.4040480">
    <ele>2958.0</ele>
   </trkpt>
   <trkpt lat="-6.8972620" lon="108.4040480">
    <ele>2959.0</ele>
   </trkpt>
   <trkpt lat="-6.8972620" lon="108.4040480">
    <ele>2959.0</ele>
   </trkpt>
   <trkpt lat="-6.8972620" lon="108.4040480">
    <ele>2959.0</ele>
   </trkpt>
   <trkpt lat="-6.8972620" lon="108.4040480">
    <ele>2959.0</ele>
   </trkpt>
   <trkpt lat="-6.8972620" lon="108.4040480">
    <ele>2959.0</ele>
   </trkpt>
   <trkpt lat="-6.8972620" lon="108.4040480">
    <ele>2960.0</ele>
   </trkpt>
   <trkpt lat="-6.8972480" lon="108.4040560">
    <ele>2960.0</ele>
   </trkpt>
   <trkpt lat="-6.8972430" lon="108.4040600">
    <ele>2960.0</ele>
   </trkpt>
   <trkpt lat="-6.8972370" lon="108.4040640">
    <ele>2960.0</ele>
   </trkpt>
   <trkpt lat="-6.8972330" lon="108.4040680">
    <ele>2960.0</ele>
   </trkpt>
   <trkpt lat="-6.8972290" lon="108.4040720">
    <ele>2961.0</ele>
   </trkpt>
   <trkpt lat="-6.8972290" lon="108.4040720">
    <ele>2961.0</ele>
   </trkpt>
   <trkpt lat="-6.8972290" lon="108.4040720">
    <ele>2961.0</ele>
   </trkpt>
   <trkpt lat="-6.8972290" lon="108.4040720">
    <ele>2961.0</ele>
   </trkpt>
   <trkpt lat="-6.8972290" lon="108.4040720">
    <ele>2961.0</ele>
   </trkpt>
   <trkpt lat="-6.8972290" lon="108.4040720">
    <ele>2962.0</ele>
   </trkpt>
   <trkpt lat="-6.8972290" lon="108.4040720">
    <ele>2962.0</ele>
   </trkpt>
   <trkpt lat="-6.8972290" lon="108.4040720">
    <ele>2962.0</ele>
   </trkpt>
   <trkpt lat="-6.8972290" lon="108.4040720">
    <ele>2962.0</ele>
   </trkpt>
   <trkpt lat="-6.8972290" lon="108.4040720">
    <ele>2962.0</ele>
   </trkpt>
   <trkpt lat="-6.8972290" lon="108.4040720">
    <ele>2963.0</ele>
   </trkpt>
   <trkpt lat="-6.8972290" lon="108.4040720">
    <ele>2963.0</ele>
   </trkpt>
   <trkpt lat="-6.8972290" lon="108.4040720">
    <ele>2963.0</ele>
   </trkpt>
   <trkpt lat="-6.8972290" lon="108.4040720">
    <ele>2963.0</ele>
   </trkpt>
   <trkpt lat="-6.8972290" lon="108.4040720">
    <ele>2963.0</ele>
   </trkpt>
   <trkpt lat="-6.8972290" lon="108.4040720">
    <ele>2964.0</ele>
   </trkpt>
   <trkpt lat="-6.8972290" lon="108.4040720">
    <ele>2964.0</ele>
   </trkpt>
   <trkpt lat="-6.8972290" lon="108.4040720">
    <ele>2964.0</ele>
   </trkpt>
   <trkpt lat="-6.8972290" lon="108.4040720">
    <ele>2964.0</ele>
   </trkpt>
   <trkpt lat="-6.8972290" lon="108.4040720">
    <ele>2964.0</ele>
   </trkpt>
   <trkpt lat="-6.8972290" lon="108.4040720">
    <ele>2965.0</ele>
   </trkpt>
   <trkpt lat="-6.8972290" lon="108.4040720">
    <ele>2965.0</ele>
   </trkpt>
   <trkpt lat="-6.8972290" lon="108.4040720">
    <ele>2965.0</ele>
   </trkpt>
   <trkpt lat="-6.8972170" lon="108.4040910">
    <ele>2965.0</ele>
   </trkpt>
   <trkpt lat="-6.8972100" lon="108.4041030">
    <ele>2965.0</ele>
   </trkpt>
   <trkpt lat="-6.8972020" lon="108.4041160">
    <ele>2966.0</ele>
   </trkpt>
   <trkpt lat="-6.8972010" lon="108.4041170">
    <ele>2966.0</ele>
   </trkpt>
   <trkpt lat="-6.8971990" lon="108.4041180">
    <ele>2966.0</ele>
   </trkpt>
   <trkpt lat="-6.8971980" lon="108.4041190">
    <ele>2966.0</ele>
   </trkpt>
   <trkpt lat="-6.8971970" lon="108.4041210">
    <ele>2966.0</ele>
   </trkpt>
   <trkpt lat="-6.8971960" lon="108.4041220">
    <ele>2967.0</ele>
   </trkpt>
   <trkpt lat="-6.8971950" lon="108.4041230">
    <ele>2967.0</ele>
   </trkpt>
   <trkpt lat="-6.8971930" lon="108.4041250">
    <ele>2967.0</ele>
   </trkpt>
   <trkpt lat="-6.8971920" lon="108.4041260">
    <ele>2967.0</ele>
   </trkpt>
   <trkpt lat="-6.8971910" lon="108.4041270">
    <ele>2967.0</ele>
   </trkpt>
   <trkpt lat="-6.8971900" lon="108.4041290">
    <ele>2968.0</ele>
   </trkpt>
   <trkpt lat="-6.8971890" lon="108.4041300">
    <ele>2968.0</ele>
   </trkpt>
   <trkpt lat="-6.8971880" lon="108.4041310">
    <ele>2968.0</ele>
   </trkpt>
   <trkpt lat="-6.8971860" lon="108.4041330">
    <ele>2968.0</ele>
   </trkpt>
   <trkpt lat="-6.8971850" lon="108.4041340">
    <ele>2968.0</ele>
   </trkpt>
   <trkpt lat="-6.8971840" lon="108.4041350">
    <ele>2969.0</ele>
   </trkpt>
   <trkpt lat="-6.8971830" lon="108.4041370">
    <ele>2969.0</ele>
   </trkpt>
   <trkpt lat="-6.8971820" lon="108.4041380">
    <ele>2969.0</ele>
   </trkpt>
   <trkpt lat="-6.8971800" lon="108.4041390">
    <ele>2969.0</ele>
   </trkpt>
   <trkpt lat="-6.8971710" lon="108.4041510">
    <ele>2969.0</ele>
   </trkpt>
   <trkpt lat="-6.8971610" lon="108.4041640">
    <ele>2970.0</ele>
   </trkpt>
   <trkpt lat="-6.8971580" lon="108.4041730">
    <ele>2970.0</ele>
   </trkpt>
   <trkpt lat="-6.8971560" lon="108.4041830">
    <ele>2970.0</ele>
   </trkpt>
   <trkpt lat="-6.8971580" lon="108.4041920">
    <ele>2970.0</ele>
   </trkpt>
   <trkpt lat="-6.8971590" lon="108.4042000">
    <ele>2970.0</ele>
   </trkpt>
   <trkpt lat="-6.8971590" lon="108.4042000">
    <ele>2971.0</ele>
   </trkpt>
   <trkpt lat="-6.8971590" lon="108.4042000">
    <ele>2971.0</ele>
   </trkpt>
   <trkpt lat="-6.8971590" lon="108.4042000">
    <ele>2971.0</ele>
   </trkpt>
   <trkpt lat="-6.8971590" lon="108.4042000">
    <ele>2971.0</ele>
   </trkpt>
   <trkpt lat="-6.8971590" lon="108.4042000">
    <ele>2971.0</ele>
   </trkpt>
   <trkpt lat="-6.8971590" lon="108.4042000">
    <ele>2972.0</ele>
   </trkpt>
   <trkpt lat="-6.8971590" lon="108.4042000">
    <ele>2972.0</ele>
   </trkpt>
   <trkpt lat="-6.8971590" lon="108.4042000">
    <ele>2972.0</ele>
   </trkpt>
   <trkpt lat="-6.8971640" lon="108.4042180">
    <ele>2972.0</ele>
   </trkpt>
   <trkpt lat="-6.8971660" lon="108.4042290">
    <ele>2972.0</ele>
   </trkpt>
   <trkpt lat="-6.8971690" lon="108.4042400">
    <ele>2973.0</ele>
   </trkpt>
   <trkpt lat="-6.8971690" lon="108.4042400">
    <ele>2973.0</ele>
   </trkpt>
   <trkpt lat="-6.8971690" lon="108.4042400">
    <ele>2973.0</ele>
   </trkpt>
   <trkpt lat="-6.8971690" lon="108.4042400">
    <ele>2974.0</ele>
   </trkpt>
   <trkpt lat="-6.8971690" lon="108.4042400">
    <ele>2974.0</ele>
   </trkpt>
   <trkpt lat="-6.8971690" lon="108.4042400">
    <ele>2975.0</ele>
   </trkpt>
   <trkpt lat="-6.8971690" lon="108.4042400">
    <ele>2975.0</ele>
   </trkpt>
   <trkpt lat="-6.8971690" lon="108.4042400">
    <ele>2975.0</ele>
   </trkpt>
   <trkpt lat="-6.8971690" lon="108.4042400">
    <ele>2975.0</ele>
   </trkpt>
   <trkpt lat="-6.8971580" lon="108.4042550">
    <ele>2975.0</ele>
   </trkpt>
   <trkpt lat="-6.8971510" lon="108.4042590">
    <ele>2976.0</ele>
   </trkpt>
   <trkpt lat="-6.8971420" lon="108.4042650">
    <ele>2976.0</ele>
   </trkpt>
   <trkpt lat="-6.8971410" lon="108.4042670">
    <ele>2976.0</ele>
   </trkpt>
   <trkpt lat="-6.8971400" lon="108.4042680">
    <ele>2976.0</ele>
   </trkpt>
   <trkpt lat="-6.8971390" lon="108.4042700">
    <ele>2976.0</ele>
   </trkpt>
   <trkpt lat="-6.8971370" lon="108.4042710">
    <ele>2977.0</ele>
   </trkpt>
   <trkpt lat="-6.8971360" lon="108.4042730">
    <ele>2977.0</ele>
   </trkpt>
   <trkpt lat="-6.8971350" lon="108.4042740">
    <ele>2977.0</ele>
   </trkpt>
   <trkpt lat="-6.8971340" lon="108.4042760">
    <ele>2977.0</ele>
   </trkpt>
   <trkpt lat="-6.8971320" lon="108.4042770">
    <ele>2977.0</ele>
   </trkpt>
   <trkpt lat="-6.8971310" lon="108.4042780">
    <ele>2978.0</ele>
   </trkpt>
   <trkpt lat="-6.8971300" lon="108.4042800">
    <ele>2978.0</ele>
   </trkpt>
   <trkpt lat="-6.8971280" lon="108.4042810">
    <ele>2978.0</ele>
   </trkpt>
   <trkpt lat="-6.8971270" lon="108.4042830">
    <ele>2978.0</ele>
   </trkpt>
   <trkpt lat="-6.8971260" lon="108.4042840">
    <ele>2978.0</ele>
   </trkpt>
   <trkpt lat="-6.8971250" lon="108.4042860">
    <ele>2979.0</ele>
   </trkpt>
   <trkpt lat="-6.8971230" lon="108.4042870">
    <ele>2979.0</ele>
   </trkpt>
   <trkpt lat="-6.8971220" lon="108.4042890">
    <ele>2979.0</ele>
   </trkpt>
   <trkpt lat="-6.8971210" lon="108.4042900">
    <ele>2979.0</ele>
   </trkpt>
   <trkpt lat="-6.8971200" lon="108.4042920">
    <ele>2979.0</ele>
   </trkpt>
   <trkpt lat="-6.8971180" lon="108.4042930">
    <ele>2980.0</ele>
   </trkpt>
   <trkpt lat="-6.8971170" lon="108.4042940">
    <ele>2980.0</ele>
   </trkpt>
   <trkpt lat="-6.8971160" lon="108.4042960">
    <ele>2980.0</ele>
   </trkpt>
   <trkpt lat="-6.8971150" lon="108.4042970">
    <ele>2980.0</ele>
   </trkpt>
   <trkpt lat="-6.8971130" lon="108.4042990">
    <ele>2980.0</ele>
   </trkpt>
   <trkpt lat="-6.8971120" lon="108.4043000">
    <ele>2981.0</ele>
   </trkpt>
   <trkpt lat="-6.8971110" lon="108.4043020">
    <ele>2981.0</ele>
   </trkpt>
   <trkpt lat="-6.8971100" lon="108.4043030">
    <ele>2981.0</ele>
   </trkpt>
   <trkpt lat="-6.8971080" lon="108.4043050">
    <ele>2981.0</ele>
   </trkpt>
   <trkpt lat="-6.8971070" lon="108.4043060">
    <ele>2981.0</ele>
   </trkpt>
   <trkpt lat="-6.8971060" lon="108.4043080">
    <ele>2982.0</ele>
   </trkpt>
   <trkpt lat="-6.8971040" lon="108.4043090">
    <ele>2982.0</ele>
   </trkpt>
   <trkpt lat="-6.8971030" lon="108.4043100">
    <ele>2982.0</ele>
   </trkpt>
   <trkpt lat="-6.8971020" lon="108.4043120">
    <ele>2982.0</ele>
   </trkpt>
   <trkpt lat="-6.8971010" lon="108.4043130">
    <ele>2982.0</ele>
   </trkpt>
   <trkpt lat="-6.8970990" lon="108.4043150">
    <ele>2983.0</ele>
   </trkpt>
   <trkpt lat="-6.8970870" lon="108.4043300">
    <ele>2983.0</ele>
   </trkpt>
   <trkpt lat="-6.8970870" lon="108.4043300">
    <ele>2983.0</ele>
   </trkpt>
   <trkpt lat="-6.8970870" lon="108.4043300">
    <ele>2983.0</ele>
   </trkpt>
   <trkpt lat="-6.8970870" lon="108.4043300">
    <ele>2983.0</ele>
   </trkpt>
   <trkpt lat="-6.8970870" lon="108.4043300">
    <ele>2984.0</ele>
   </trkpt>
   <trkpt lat="-6.8970870" lon="108.4043300">
    <ele>2984.0</ele>
   </trkpt>
   <trkpt lat="-6.8970870" lon="108.4043300">
    <ele>2984.0</ele>
   </trkpt>
   <trkpt lat="-6.8970870" lon="108.4043300">
    <ele>2984.0</ele>
   </trkpt>
   <trkpt lat="-6.8970870" lon="108.4043300">
    <ele>2984.0</ele>
   </trkpt>
   <trkpt lat="-6.8970870" lon="108.4043300">
    <ele>2985.0</ele>
   </trkpt>
   <trkpt lat="-6.8970870" lon="108.4043300">
    <ele>2985.0</ele>
   </trkpt>
   <trkpt lat="-6.8970870" lon="108.4043300">
    <ele>2985.0</ele>
   </trkpt>
   <trkpt lat="-6.8970870" lon="108.4043300">
    <ele>2985.0</ele>
   </trkpt>
   <trkpt lat="-6.8970870" lon="108.4043300">
    <ele>2985.0</ele>
   </trkpt>
   <trkpt lat="-6.8970870" lon="108.4043300">
    <ele>2986.0</ele>
   </trkpt>
   <trkpt lat="-6.8970780" lon="108.4043560">
    <ele>2986.0</ele>
   </trkpt>
   <trkpt lat="-6.8970760" lon="108.4043660">
    <ele>2986.0</ele>
   </trkpt>
   <trkpt lat="-6.8970750" lon="108.4043800">
    <ele>2986.0</ele>
   </trkpt>
   <trkpt lat="-6.8970740" lon="108.4043840">
    <ele>2986.0</ele>
   </trkpt>
   <trkpt lat="-6.8970740" lon="108.4043870">
    <ele>2987.0</ele>
   </trkpt>
   <trkpt lat="-6.8970740" lon="108.4043910">
    <ele>2987.0</ele>
   </trkpt>
   <trkpt lat="-6.8970740" lon="108.4043950">
    <ele>2987.0</ele>
   </trkpt>
   <trkpt lat="-6.8970740" lon="108.4043990">
    <ele>2987.0</ele>
   </trkpt>
   <trkpt lat="-6.8970730" lon="108.4044030">
    <ele>2987.0</ele>
   </trkpt>
   <trkpt lat="-6.8970730" lon="108.4044070">
    <ele>2988.0</ele>
   </trkpt>
   <trkpt lat="-6.8970730" lon="108.4044110">
    <ele>2988.0</ele>
   </trkpt>
   <trkpt lat="-6.8970730" lon="108.4044150">
    <ele>2988.0</ele>
   </trkpt>
   <trkpt lat="-6.8970730" lon="108.4044190">
    <ele>2988.0</ele>
   </trkpt>
   <trkpt lat="-6.8970730" lon="108.4044220">
    <ele>2988.0</ele>
   </trkpt>
   <trkpt lat="-6.8970720" lon="108.4044260">
    <ele>2989.0</ele>
   </trkpt>
   <trkpt lat="-6.8970720" lon="108.4044300">
    <ele>2989.0</ele>
   </trkpt>
   <trkpt lat="-6.8970720" lon="108.4044340">
    <ele>2989.0</ele>
   </trkpt>
   <trkpt lat="-6.8970720" lon="108.4044380">
    <ele>2989.0</ele>
   </trkpt>
   <trkpt lat="-6.8970720" lon="108.4044420">
    <ele>2989.0</ele>
   </trkpt>
   <trkpt lat="-6.8970710" lon="108.4044460">
    <ele>2990.0</ele>
   </trkpt>
   <trkpt lat="-6.8970710" lon="108.4044500">
    <ele>2990.0</ele>
   </trkpt>
   <trkpt lat="-6.8970710" lon="108.4044530">
    <ele>2990.0</ele>
   </trkpt>
   <trkpt lat="-6.8970710" lon="108.4044570">
    <ele>2991.0</ele>
   </trkpt>
   <trkpt lat="-6.8970710" lon="108.4044610">
    <ele>2991.0</ele>
   </trkpt>
   <trkpt lat="-6.8970710" lon="108.4044650">
    <ele>2992.0</ele>
   </trkpt>
   <trkpt lat="-6.8970700" lon="108.4044690">
    <ele>2992.0</ele>
   </trkpt>
   <trkpt lat="-6.8970700" lon="108.4044730">
    <ele>2992.0</ele>
   </trkpt>
   <trkpt lat="-6.8970700" lon="108.4044770">
    <ele>2992.0</ele>
   </trkpt>
   <trkpt lat="-6.8970700" lon="108.4044810">
    <ele>2992.0</ele>
   </trkpt>
   <trkpt lat="-6.8970700" lon="108.4044850">
    <ele>2993.0</ele>
   </trkpt>
   <trkpt lat="-6.8970690" lon="108.4044880">
    <ele>2993.0</ele>
   </trkpt>
   <trkpt lat="-6.8970760" lon="108.4044990">
    <ele>2993.0</ele>
   </trkpt>
   <trkpt lat="-6.8970820" lon="108.4045070">
    <ele>2993.0</ele>
   </trkpt>
   <trkpt lat="-6.8970880" lon="108.4045150">
    <ele>2993.0</ele>
   </trkpt>
   <trkpt lat="-6.8970930" lon="108.4045220">
    <ele>2994.0</ele>
   </trkpt>
   <trkpt lat="-6.8970970" lon="108.4045290">
    <ele>2994.0</ele>
   </trkpt>
   <trkpt lat="-6.8971010" lon="108.4045340">
    <ele>2994.0</ele>
   </trkpt>
   <trkpt lat="-6.8971050" lon="108.4045390">
    <ele>2995.0</ele>
   </trkpt>
   <trkpt lat="-6.8971100" lon="108.4045450">
    <ele>2995.0</ele>
   </trkpt>
   <trkpt lat="-6.8971160" lon="108.4045500">
    <ele>2996.0</ele>
   </trkpt>
   <trkpt lat="-6.8971200" lon="108.4045570">
    <ele>2996.0</ele>
   </trkpt>
   <trkpt lat="-6.8971250" lon="108.4045640">
    <ele>2996.0</ele>
   </trkpt>
   <trkpt lat="-6.8971260" lon="108.4045700">
    <ele>2996.0</ele>
   </trkpt>
   <trkpt lat="-6.8971270" lon="108.4045760">
    <ele>2996.0</ele>
   </trkpt>
   <trkpt lat="-6.8971270" lon="108.4045810">
    <ele>2997.0</ele>
   </trkpt>
   <trkpt lat="-6.8971260" lon="108.4045860">
    <ele>2997.0</ele>
   </trkpt>
   <trkpt lat="-6.8971270" lon="108.4045920">
    <ele>2997.0</ele>
   </trkpt>
   <trkpt lat="-6.8971270" lon="108.4045980">
    <ele>2997.0</ele>
   </trkpt>
   <trkpt lat="-6.8971290" lon="108.4046040">
    <ele>2997.0</ele>
   </trkpt>
   <trkpt lat="-6.8971310" lon="108.4046110">
    <ele>2998.0</ele>
   </trkpt>
   <trkpt lat="-6.8971330" lon="108.4046190">
    <ele>2998.0</ele>
   </trkpt>
   <trkpt lat="-6.8971360" lon="108.4046280">
    <ele>2998.0</ele>
   </trkpt>
   <trkpt lat="-6.8971380" lon="108.4046360">
    <ele>2998.0</ele>
   </trkpt>
   <trkpt lat="-6.8971410" lon="108.4046440">
    <ele>2998.0</ele>
   </trkpt>
   <trkpt lat="-6.8971450" lon="108.4046510">
    <ele>2999.0</ele>
   </trkpt>
   <trkpt lat="-6.8971490" lon="108.4046590">
    <ele>2999.0</ele>
   </trkpt>
   <trkpt lat="-6.8971540" lon="108.4046670">
    <ele>2999.0</ele>
   </trkpt>
   <trkpt lat="-6.8971590" lon="108.4046760">
    <ele>2999.0</ele>
   </trkpt>
   <trkpt lat="-6.8971630" lon="108.4046850">
    <ele>2999.0</ele>
   </trkpt>
   <trkpt lat="-6.8971680" lon="108.4046940">
    <ele>3000.0</ele>
   </trkpt>
   <trkpt lat="-6.8971730" lon="108.4047050">
    <ele>3000.0</ele>
   </trkpt>
   <trkpt lat="-6.8971780" lon="108.4047160">
    <ele>3000.0</ele>
   </trkpt>
   <trkpt lat="-6.8971840" lon="108.4047260">
    <ele>3000.0</ele>
   </trkpt>
   <trkpt lat="-6.8971900" lon="108.4047370">
    <ele>3000.0</ele>
   </trkpt>
   <trkpt lat="-6.8971950" lon="108.4047460">
    <ele>3001.0</ele>
   </trkpt>
   <trkpt lat="-6.8972000" lon="108.4047550">
    <ele>3001.0</ele>
   </trkpt>
   <trkpt lat="-6.8972030" lon="108.4047620">
    <ele>3001.0</ele>
   </trkpt>
   <trkpt lat="-6.8972070" lon="108.4047690">
    <ele>3001.0</ele>
   </trkpt>
   <trkpt lat="-6.8972090" lon="108.4047760">
    <ele>3001.0</ele>
   </trkpt>
   <trkpt lat="-6.8972100" lon="108.4047830">
    <ele>3002.0</ele>
   </trkpt>
   <trkpt lat="-6.8972110" lon="108.4047890">
    <ele>3002.0</ele>
   </trkpt>
   <trkpt lat="-6.8972120" lon="108.4047960">
    <ele>3002.0</ele>
   </trkpt>
   <trkpt lat="-6.8972120" lon="108.4048030">
    <ele>3002.0</ele>
   </trkpt>
   <trkpt lat="-6.8972120" lon="108.4048100">
    <ele>3002.0</ele>
   </trkpt>
   <trkpt lat="-6.8972130" lon="108.4048170">
    <ele>3002.0</ele>
   </trkpt>
   <trkpt lat="-6.8972140" lon="108.4048250">
    <ele>3002.0</ele>
   </trkpt>
   <trkpt lat="-6.8972190" lon="108.4048320">
    <ele>3002.0</ele>
   </trkpt>
   <trkpt lat="-6.8972230" lon="108.4048400">
    <ele>3002.0</ele>
   </trkpt>
   <trkpt lat="-6.8972330" lon="108.4048510">
    <ele>3002.0</ele>
   </trkpt>
   <trkpt lat="-6.8972420" lon="108.4048610">
    <ele>3003.0</ele>
   </trkpt>
   <trkpt lat="-6.8972550" lon="108.4048770">
    <ele>3003.0</ele>
   </trkpt>
   <trkpt lat="-6.8972670" lon="108.4048940">
    <ele>3003.0</ele>
   </trkpt>
   <trkpt lat="-6.8972770" lon="108.4049120">
    <ele>3003.0</ele>
   </trkpt>
   <trkpt lat="-6.8972870" lon="108.4049310">
    <ele>3003.0</ele>
   </trkpt>
   <trkpt lat="-6.8972950" lon="108.4049490">
    <ele>3004.0</ele>
   </trkpt>
   <trkpt lat="-6.8973020" lon="108.4049670">
    <ele>3004.0</ele>
   </trkpt>
   <trkpt lat="-6.8973090" lon="108.4049860">
    <ele>3004.0</ele>
   </trkpt>
   <trkpt lat="-6.8973160" lon="108.4050050">
    <ele>3005.0</ele>
   </trkpt>
   <trkpt lat="-6.8973240" lon="108.4050250">
    <ele>3005.0</ele>
   </trkpt>
   <trkpt lat="-6.8973310" lon="108.4050450">
    <ele>3006.0</ele>
   </trkpt>
   <trkpt lat="-6.8973310" lon="108.4050450">
    <ele>3006.0</ele>
   </trkpt>
   <trkpt lat="-6.8973310" lon="108.4050450">
    <ele>3006.0</ele>
   </trkpt>
   <trkpt lat="-6.8973310" lon="108.4050450">
    <ele>3006.0</ele>
   </trkpt>
   <trkpt lat="-6.8973310" lon="108.4050450">
    <ele>3006.0</ele>
   </trkpt>
   <trkpt lat="-6.8973310" lon="108.4050450">
    <ele>3007.0</ele>
   </trkpt>
   <trkpt lat="-6.8973310" lon="108.4050450">
    <ele>3007.0</ele>
   </trkpt>
   <trkpt lat="-6.8973310" lon="108.4050450">
    <ele>3007.0</ele>
   </trkpt>
   <trkpt lat="-6.8973310" lon="108.4050450">
    <ele>3007.0</ele>
   </trkpt>
   <trkpt lat="-6.8973310" lon="108.4050450">
    <ele>3007.0</ele>
   </trkpt>
   <trkpt lat="-6.8973310" lon="108.4050450">
    <ele>3007.0</ele>
   </trkpt>
   <trkpt lat="-6.8973310" lon="108.4050450">
    <ele>3007.0</ele>
   </trkpt>
   <trkpt lat="-6.8973310" lon="108.4050450">
    <ele>3007.0</ele>
   </trkpt>
   <trkpt lat="-6.8973310" lon="108.4050450">
    <ele>3007.0</ele>
   </trkpt>
   <trkpt lat="-6.8973310" lon="108.4050450">
    <ele>3007.0</ele>
   </trkpt>
   <trkpt lat="-6.8973310" lon="108.4050450">
    <ele>3008.0</ele>
   </trkpt>
   <trkpt lat="-6.8973310" lon="108.4050450">
    <ele>3008.0</ele>
   </trkpt>
   <trkpt lat="-6.8973310" lon="108.4050450">
    <ele>3008.0</ele>
   </trkpt>
   <trkpt lat="-6.8973310" lon="108.4050450">
    <ele>3008.0</ele>
   </trkpt>
   <trkpt lat="-6.8973310" lon="108.4050450">
    <ele>3008.0</ele>
   </trkpt>
   <trkpt lat="-6.8973310" lon="108.4050450">
    <ele>3008.0</ele>
   </trkpt>
   <trkpt lat="-6.8973310" lon="108.4050450">
    <ele>3008.0</ele>
   </trkpt>
   <trkpt lat="-6.8973310" lon="108.4050450">
    <ele>3008.0</ele>
   </trkpt>
   <trkpt lat="-6.8973310" lon="108.4050450">
    <ele>3008.0</ele>
   </trkpt>
   <trkpt lat="-6.8973310" lon="108.4050450">
    <ele>3008.0</ele>
   </trkpt>
   <trkpt lat="-6.8973310" lon="108.4050450">
    <ele>3009.0</ele>
   </trkpt>
   <trkpt lat="-6.8973310" lon="108.4050450">
    <ele>3009.0</ele>
   </trkpt>
   <trkpt lat="-6.8973310" lon="108.4050450">
    <ele>3009.0</ele>
   </trkpt>
   <trkpt lat="-6.8973310" lon="108.4050450">
    <ele>3009.0</ele>
   </trkpt>
   <trkpt lat="-6.8973310" lon="108.4050450">
    <ele>3009.0</ele>
   </trkpt>
   <trkpt lat="-6.8973310" lon="108.4050450">
    <ele>3009.0</ele>
   </trkpt>
   <trkpt lat="-6.8973310" lon="108.4050450">
    <ele>3009.0</ele>
   </trkpt>
   <trkpt lat="-6.8973310" lon="108.4050450">
    <ele>3009.0</ele>
   </trkpt>
   <trkpt lat="-6.8973310" lon="108.4050450">
    <ele>3009.0</ele>
   </trkpt>
   <trkpt lat="-6.8973310" lon="108.4050450">
    <ele>3009.0</ele>
   </trkpt>
   <trkpt lat="-6.8973310" lon="108.4050450">
    <ele>3009.0</ele>
   </trkpt>
   <trkpt lat="-6.8973310" lon="108.4050450">
    <ele>3009.0</ele>
   </trkpt>
   <trkpt lat="-6.8973310" lon="108.4050450">
    <ele>3009.0</ele>
   </trkpt>
   <trkpt lat="-6.8973310" lon="108.4050450">
    <ele>3009.0</ele>
   </trkpt>
   <trkpt lat="-6.8973310" lon="108.4050450">
    <ele>3009.0</ele>
   </trkpt>
   <trkpt lat="-6.8973310" lon="108.4050450">
    <ele>3009.0</ele>
   </trkpt>
   <trkpt lat="-6.8973310" lon="108.4050450">
    <ele>3009.0</ele>
   </trkpt>
   <trkpt lat="-6.8973310" lon="108.4050450">
    <ele>3009.0</ele>
   </trkpt>
   <trkpt lat="-6.8973310" lon="108.4050450">
    <ele>3009.0</ele>
   </trkpt>
   <trkpt lat="-6.8973310" lon="108.4050450">
    <ele>3009.0</ele>
   </trkpt>
   <trkpt lat="-6.8973310" lon="108.4050450">
    <ele>3009.0</ele>
   </trkpt>
   <trkpt lat="-6.8973310" lon="108.4050450">
    <ele>3009.0</ele>
   </trkpt>
   <trkpt lat="-6.8973310" lon="108.4050450">
    <ele>3009.0</ele>
   </trkpt>
   <trkpt lat="-6.8973310" lon="108.4050450">
    <ele>3009.0</ele>
   </trkpt>
   <trkpt lat="-6.8973310" lon="108.4050450">
    <ele>3009.0</ele>
   </trkpt>
   <trkpt lat="-6.8973310" lon="108.4050450">
    <ele>3009.0</ele>
   </trkpt>
   <trkpt lat="-6.8973310" lon="108.4050450">
    <ele>3009.0</ele>
   </trkpt>
   <trkpt lat="-6.8973310" lon="108.4050450">
    <ele>3009.0</ele>
   </trkpt>
   <trkpt lat="-6.8973310" lon="108.4050450">
    <ele>3009.0</ele>
   </trkpt>
   <trkpt lat="-6.8973310" lon="108.4050450">
    <ele>3009.0</ele>
   </trkpt>
   <trkpt lat="-6.8973310" lon="108.4050450">
    <ele>3009.0</ele>
   </trkpt>
   <trkpt lat="-6.8973310" lon="108.4050450">
    <ele>3009.0</ele>
   </trkpt>
   <trkpt lat="-6.8973310" lon="108.4050450">
    <ele>3009.0</ele>
   </trkpt>
   <trkpt lat="-6.8973310" lon="108.4050450">
    <ele>3009.0</ele>
   </trkpt>
   <trkpt lat="-6.8973310" lon="108.4050450">
    <ele>3009.0</ele>
   </trkpt>
   <trkpt lat="-6.8973310" lon="108.4050450">
    <ele>3009.0</ele>
   </trkpt>
   <trkpt lat="-6.8973310" lon="108.4050450">
    <ele>3009.0</ele>
   </trkpt>
   <trkpt lat="-6.8973310" lon="108.4050450">
    <ele>3009.0</ele>
   </trkpt>
   <trkpt lat="-6.8973310" lon="108.4050450">
    <ele>3009.0</ele>
   </trkpt>
   <trkpt lat="-6.8973310" lon="108.4050450">
    <ele>3009.0</ele>
   </trkpt>
   <trkpt lat="-6.8973310" lon="108.4050450">
    <ele>3009.0</ele>
   </trkpt>
   <trkpt lat="-6.8973310" lon="108.4050450">
    <ele>3009.0</ele>
   </trkpt>
   <trkpt lat="-6.8973310" lon="108.4050450">
    <ele>3009.0</ele>
   </trkpt>
   <trkpt lat="-6.8973310" lon="108.4050450">
    <ele>3009.0</ele>
   </trkpt>
   <trkpt lat="-6.8973310" lon="108.4050450">
    <ele>3009.0</ele>
   </trkpt>
   <trkpt lat="-6.8973310" lon="108.4050450">
    <ele>3009.0</ele>
   </trkpt>
   <trkpt lat="-6.8973310" lon="108.4050450">
    <ele>3009.0</ele>
   </trkpt>
   <trkpt lat="-6.8973310" lon="108.4050450">
    <ele>3009.0</ele>
   </trkpt>
   <trkpt lat="-6.8973310" lon="108.4050450">
    <ele>3009.0</ele>
   </trkpt>
   <trkpt lat="-6.8973310" lon="108.4050450">
    <ele>3009.0</ele>
   </trkpt>
   <trkpt lat="-6.8973310" lon="108.4050450">
    <ele>3009.0</ele>
   </trkpt>
   <trkpt lat="-6.8973310" lon="108.4050450">
    <ele>3009.0</ele>
   </trkpt>
   <trkpt lat="-6.8973310" lon="108.4050450">
    <ele>3009.0</ele>
   </trkpt>
   <trkpt lat="-6.8973310" lon="108.4050450">
    <ele>3009.0</ele>
   </trkpt>
   <trkpt lat="-6.8973310" lon="108.4050450">
    <ele>3009.0</ele>
   </trkpt>
   <trkpt lat="-6.8973310" lon="108.4050450">
    <ele>3009.0</ele>
   </trkpt>
   <trkpt lat="-6.8973310" lon="108.4050450">
    <ele>3009.0</ele>
   </trkpt>
   <trkpt lat="-6.8973310" lon="108.4050450">
    <ele>3009.0</ele>
   </trkpt>
   <trkpt lat="-6.8973310" lon="108.4050450">
    <ele>3009.0</ele>
   </trkpt>
   <trkpt lat="-6.8973310" lon="108.4050450">
    <ele>3009.0</ele>
   </trkpt>
   <trkpt lat="-6.8973310" lon="108.4050450">
    <ele>3009.0</ele>
   </trkpt>
   <trkpt lat="-6.8973310" lon="108.4050450">
    <ele>3009.0</ele>
   </trkpt>
   <trkpt lat="-6.8973310" lon="108.4050450">
    <ele>3009.0</ele>
   </trkpt>
   <trkpt lat="-6.8973310" lon="108.4050450">
    <ele>3009.0</ele>
   </trkpt>
   <trkpt lat="-6.8973310" lon="108.4050450">
    <ele>3009.0</ele>
   </trkpt>
   <trkpt lat="-6.8973310" lon="108.4050450">
    <ele>3009.0</ele>
   </trkpt>
   <trkpt lat="-6.8973310" lon="108.4050450">
    <ele>3009.0</ele>
   </trkpt>
   <trkpt lat="-6.8973310" lon="108.4050450">
    <ele>3009.0</ele>
   </trkpt>
   <trkpt lat="-6.8973310" lon="108.4050450">
    <ele>3009.0</ele>
   </trkpt>
   <trkpt lat="-6.8973310" lon="108.4050450">
    <ele>3009.0</ele>
   </trkpt>
   <trkpt lat="-6.8973310" lon="108.4050450">
    <ele>3009.0</ele>
   </trkpt>
   <trkpt lat="-6.8973310" lon="108.4050450">
    <ele>3009.0</ele>
   </trkpt>
   <trkpt lat="-6.8973310" lon="108.4050450">
    <ele>3009.0</ele>
   </trkpt>
   <trkpt lat="-6.8973310" lon="108.4050450">
    <ele>3009.0</ele>
   </trkpt>
   <trkpt lat="-6.8973310" lon="108.4050450">
    <ele>3009.0</ele>
   </trkpt>
   <trkpt lat="-6.8973310" lon="108.4050450">
    <ele>3009.0</ele>
   </trkpt>
   <trkpt lat="-6.8973310" lon="108.4050450">
    <ele>3009.0</ele>
   </trkpt>
   <trkpt lat="-6.8973310" lon="108.4050450">
    <ele>3009.0</ele>
   </trkpt>
   <trkpt lat="-6.8973310" lon="108.4050450">
    <ele>3009.0</ele>
   </trkpt>
   <trkpt lat="-6.8973310" lon="108.4050450">
    <ele>3009.0</ele>
   </trkpt>
   <trkpt lat="-6.8973310" lon="108.4050450">
    <ele>3009.0</ele>
   </trkpt>
   <trkpt lat="-6.8973310" lon="108.4050450">
    <ele>3009.0</ele>
   </trkpt>
   <trkpt lat="-6.8973310" lon="108.4050450">
    <ele>3009.0</ele>
   </trkpt>
   <trkpt lat="-6.8973310" lon="108.4050450">
    <ele>3009.0</ele>
   </trkpt>
   <trkpt lat="-6.8973310" lon="108.4050450">
    <ele>3009.0</ele>
   </trkpt>
   <trkpt lat="-6.8973430" lon="108.4050610">
    <ele>3009.0</ele>
   </trkpt>
   <trkpt lat="-6.8973450" lon="108.4050570">
    <ele>3009.0</ele>
   </trkpt>
   <trkpt lat="-6.8973480" lon="108.4050540">
    <ele>3009.0</ele>
   </trkpt>
   <trkpt lat="-6.8973500" lon="108.4050470">
    <ele>3009.0</ele>
   </trkpt>
   <trkpt lat="-6.8973520" lon="108.4050400">
    <ele>3009.0</ele>
   </trkpt>
   <trkpt lat="-6.8973540" lon="108.4050290">
    <ele>3009.0</ele>
   </trkpt>
   <trkpt lat="-6.8973560" lon="108.4050180">
    <ele>3009.0</ele>
   </trkpt>
   <trkpt lat="-6.8973570" lon="108.4050060">
    <ele>3009.0</ele>
   </trkpt>
   <trkpt lat="-6.8973570" lon="108.4049940">
    <ele>3010.0</ele>
   </trkpt>
   <trkpt lat="-6.8973570" lon="108.4049830">
    <ele>3010.0</ele>
   </trkpt>
   <trkpt lat="-6.8973570" lon="108.4049730">
    <ele>3011.0</ele>
   </trkpt>
   <trkpt lat="-6.8973540" lon="108.4049650">
    <ele>3010.0</ele>
   </trkpt>
   <trkpt lat="-6.8973510" lon="108.4049570">
    <ele>3010.0</ele>
   </trkpt>
   <trkpt lat="-6.8973470" lon="108.4049480">
    <ele>3009.0</ele>
   </trkpt>
   <trkpt lat="-6.8973430" lon="108.4049400">
    <ele>3009.0</ele>
   </trkpt>
   <trkpt lat="-6.8973370" lon="108.4049300">
    <ele>3009.0</ele>
   </trkpt>
   <trkpt lat="-6.8973310" lon="108.4049200">
    <ele>3009.0</ele>
   </trkpt>
   <trkpt lat="-6.8973220" lon="108.4049120">
    <ele>3009.0</ele>
   </trkpt>
   <trkpt lat="-6.8973130" lon="108.4049040">
    <ele>3009.0</ele>
   </trkpt>
   <trkpt lat="-6.8973050" lon="108.4048970">
    <ele>3009.0</ele>
   </trkpt>
   <trkpt lat="-6.8972970" lon="108.4048900">
    <ele>3009.0</ele>
   </trkpt>
   <trkpt lat="-6.8972910" lon="108.4048810">
    <ele>3009.0</ele>
   </trkpt>
   <trkpt lat="-6.8972850" lon="108.4048730">
    <ele>3009.0</ele>
   </trkpt>
   <trkpt lat="-6.8972800" lon="108.4048640">
    <ele>3009.0</ele>
   </trkpt>
   <trkpt lat="-6.8972740" lon="108.4048540">
    <ele>3009.0</ele>
   </trkpt>
   <trkpt lat="-6.8972660" lon="108.4048430">
    <ele>3009.0</ele>
   </trkpt>
   <trkpt lat="-6.8972570" lon="108.4048320">
    <ele>3009.0</ele>
   </trkpt>
   <trkpt lat="-6.8972510" lon="108.4048160">
    <ele>3009.0</ele>
   </trkpt>
   <trkpt lat="-6.8972440" lon="108.4048000">
    <ele>3009.0</ele>
   </trkpt>
   <trkpt lat="-6.8972400" lon="108.4047820">
    <ele>3009.0</ele>
   </trkpt>
   <trkpt lat="-6.8972350" lon="108.4047640">
    <ele>3009.0</ele>
   </trkpt>
   <trkpt lat="-6.8972290" lon="108.4047440">
    <ele>3009.0</ele>
   </trkpt>
   <trkpt lat="-6.8972240" lon="108.4047230">
    <ele>3009.0</ele>
   </trkpt>
   <trkpt lat="-6.8972150" lon="108.4047000">
    <ele>3009.0</ele>
   </trkpt>
   <trkpt lat="-6.8972060" lon="108.4046770">
    <ele>3009.0</ele>
   </trkpt>
   <trkpt lat="-6.8971970" lon="108.4046550">
    <ele>3009.0</ele>
   </trkpt>
   <trkpt lat="-6.8971870" lon="108.4046320">
    <ele>3009.0</ele>
   </trkpt>
   <trkpt lat="-6.8971790" lon="108.4046130">
    <ele>3009.0</ele>
   </trkpt>
   <trkpt lat="-6.8971710" lon="108.4045940">
    <ele>3009.0</ele>
   </trkpt>
   <trkpt lat="-6.8971650" lon="108.4045770">
    <ele>3009.0</ele>
   </trkpt>
   <trkpt lat="-6.8971580" lon="108.4045600">
    <ele>3009.0</ele>
   </trkpt>
   <trkpt lat="-6.8971510" lon="108.4045450">
    <ele>3008.0</ele>
   </trkpt>
   <trkpt lat="-6.8971440" lon="108.4045300">
    <ele>3008.0</ele>
   </trkpt>
   <trkpt lat="-6.8971360" lon="108.4045170">
    <ele>3008.0</ele>
   </trkpt>
   <trkpt lat="-6.8971280" lon="108.4045040">
    <ele>3008.0</ele>
   </trkpt>
   <trkpt lat="-6.8971220" lon="108.4044940">
    <ele>3008.0</ele>
   </trkpt>
   <trkpt lat="-6.8971150" lon="108.4044850">
    <ele>3007.0</ele>
   </trkpt>
   <trkpt lat="-6.8971130" lon="108.4044770">
    <ele>3007.0</ele>
   </trkpt>
   <trkpt lat="-6.8971110" lon="108.4044690">
    <ele>3006.0</ele>
   </trkpt>
   <trkpt lat="-6.8971090" lon="108.4044600">
    <ele>3006.0</ele>
   </trkpt>
   <trkpt lat="-6.8971070" lon="108.4044510">
    <ele>3006.0</ele>
   </trkpt>
   <trkpt lat="-6.8971010" lon="108.4044420">
    <ele>3005.0</ele>
   </trkpt>
   <trkpt lat="-6.8970970" lon="108.4044330">
    <ele>3005.0</ele>
   </trkpt>
   <trkpt lat="-6.8970900" lon="108.4044260">
    <ele>3005.0</ele>
   </trkpt>
   <trkpt lat="-6.8970840" lon="108.4044190">
    <ele>3005.0</ele>
   </trkpt>
   <trkpt lat="-6.8970780" lon="108.4044130">
    <ele>3005.0</ele>
   </trkpt>
   <trkpt lat="-6.8970720" lon="108.4044070">
    <ele>3004.0</ele>
   </trkpt>
   <trkpt lat="-6.8970670" lon="108.4044020">
    <ele>3004.0</ele>
   </trkpt>
   <trkpt lat="-6.8970630" lon="108.4043980">
    <ele>3004.0</ele>
   </trkpt>
   <trkpt lat="-6.8970630" lon="108.4043920">
    <ele>3004.0</ele>
   </trkpt>
   <trkpt lat="-6.8970620" lon="108.4043860">
    <ele>3004.0</ele>
   </trkpt>
   <trkpt lat="-6.8970630" lon="108.4043840">
    <ele>3003.0</ele>
   </trkpt>
   <trkpt lat="-6.8970630" lon="108.4043820">
    <ele>3003.0</ele>
   </trkpt>
   <trkpt lat="-6.8970630" lon="108.4043790">
    <ele>3002.0</ele>
   </trkpt>
   <trkpt lat="-6.8970640" lon="108.4043770">
    <ele>3002.0</ele>
   </trkpt>
   <trkpt lat="-6.8970640" lon="108.4043700">
    <ele>3002.0</ele>
   </trkpt>
   <trkpt lat="-6.8970640" lon="108.4043640">
    <ele>3001.0</ele>
   </trkpt>
   <trkpt lat="-6.8970650" lon="108.4043570">
    <ele>3001.0</ele>
   </trkpt>
   <trkpt lat="-6.8970650" lon="108.4043490">
    <ele>3000.0</ele>
   </trkpt>
   <trkpt lat="-6.8970650" lon="108.4043490">
    <ele>3000.0</ele>
   </trkpt>
   <trkpt lat="-6.8970650" lon="108.4043490">
    <ele>3000.0</ele>
   </trkpt>
   <trkpt lat="-6.8970650" lon="108.4043490">
    <ele>2999.0</ele>
   </trkpt>
   <trkpt lat="-6.8970650" lon="108.4043490">
    <ele>2999.0</ele>
   </trkpt>
   <trkpt lat="-6.8970650" lon="108.4043490">
    <ele>2998.0</ele>
   </trkpt>
   <trkpt lat="-6.8970650" lon="108.4043490">
    <ele>2998.0</ele>
   </trkpt>
   <trkpt lat="-6.8970650" lon="108.4043490">
    <ele>2998.0</ele>
   </trkpt>
   <trkpt lat="-6.8970650" lon="108.4043490">
    <ele>2997.0</ele>
   </trkpt>
   <trkpt lat="-6.8970690" lon="108.4043450">
    <ele>2997.0</ele>
   </trkpt>
   <trkpt lat="-6.8970740" lon="108.4043430">
    <ele>2997.0</ele>
   </trkpt>
   <trkpt lat="-6.8970790" lon="108.4043410">
    <ele>2997.0</ele>
   </trkpt>
   <trkpt lat="-6.8970850" lon="108.4043370">
    <ele>2997.0</ele>
   </trkpt>
   <trkpt lat="-6.8970910" lon="108.4043340">
    <ele>2996.0</ele>
   </trkpt>
   <trkpt lat="-6.8970990" lon="108.4043270">
    <ele>2996.0</ele>
   </trkpt>
   <trkpt lat="-6.8971060" lon="108.4043200">
    <ele>2995.0</ele>
   </trkpt>
   <trkpt lat="-6.8971100" lon="108.4043110">
    <ele>2995.0</ele>
   </trkpt>
   <trkpt lat="-6.8971150" lon="108.4043020">
    <ele>2995.0</ele>
   </trkpt>
   <trkpt lat="-6.8971180" lon="108.4042940">
    <ele>2994.0</ele>
   </trkpt>
   <trkpt lat="-6.8971210" lon="108.4042860">
    <ele>2994.0</ele>
   </trkpt>
   <trkpt lat="-6.8971220" lon="108.4042840">
    <ele>2993.0</ele>
   </trkpt>
   <trkpt lat="-6.8971230" lon="108.4042820">
    <ele>2993.0</ele>
   </trkpt>
   <trkpt lat="-6.8971240" lon="108.4042800">
    <ele>2993.0</ele>
   </trkpt>
   <trkpt lat="-6.8971250" lon="108.4042790">
    <ele>2992.0</ele>
   </trkpt>
   <trkpt lat="-6.8971300" lon="108.4042760">
    <ele>2992.0</ele>
   </trkpt>
   <trkpt lat="-6.8971360" lon="108.4042740">
    <ele>2992.0</ele>
   </trkpt>
   <trkpt lat="-6.8971360" lon="108.4042740">
    <ele>2992.0</ele>
   </trkpt>
   <trkpt lat="-6.8971360" lon="108.4042740">
    <ele>2992.0</ele>
   </trkpt>
   <trkpt lat="-6.8971360" lon="108.4042740">
    <ele>2991.0</ele>
   </trkpt>
   <trkpt lat="-6.8971360" lon="108.4042740">
    <ele>2991.0</ele>
   </trkpt>
   <trkpt lat="-6.8971360" lon="108.4042740">
    <ele>2990.0</ele>
   </trkpt>
   <trkpt lat="-6.8971360" lon="108.4042740">
    <ele>2990.0</ele>
   </trkpt>
   <trkpt lat="-6.8971360" lon="108.4042740">
    <ele>2990.0</ele>
   </trkpt>
   <trkpt lat="-6.8971360" lon="108.4042740">
    <ele>2989.0</ele>
   </trkpt>
   <trkpt lat="-6.8971360" lon="108.4042740">
    <ele>2989.0</ele>
   </trkpt>
   <trkpt lat="-6.8971360" lon="108.4042740">
    <ele>2988.0</ele>
   </trkpt>
   <trkpt lat="-6.8971360" lon="108.4042740">
    <ele>2988.0</ele>
   </trkpt>
   <trkpt lat="-6.8971360" lon="108.4042740">
    <ele>2988.0</ele>
   </trkpt>
   <trkpt lat="-6.8971360" lon="108.4042740">
    <ele>2987.0</ele>
   </trkpt>
   <trkpt lat="-6.8971360" lon="108.4042740">
    <ele>2987.0</ele>
   </trkpt>
   <trkpt lat="-6.8971360" lon="108.4042740">
    <ele>2986.0</ele>
   </trkpt>
   <trkpt lat="-6.8971360" lon="108.4042740">
    <ele>2986.0</ele>
   </trkpt>
   <trkpt lat="-6.8971360" lon="108.4042740">
    <ele>2986.0</ele>
   </trkpt>
   <trkpt lat="-6.8971360" lon="108.4042740">
    <ele>2985.0</ele>
   </trkpt>
   <trkpt lat="-6.8971360" lon="108.4042740">
    <ele>2985.0</ele>
   </trkpt>
   <trkpt lat="-6.8971360" lon="108.4042740">
    <ele>2985.0</ele>
   </trkpt>
   <trkpt lat="-6.8971360" lon="108.4042740">
    <ele>2985.0</ele>
   </trkpt>
   <trkpt lat="-6.8971360" lon="108.4042740">
    <ele>2985.0</ele>
   </trkpt>
   <trkpt lat="-6.8971360" lon="108.4042740">
    <ele>2984.0</ele>
   </trkpt>
   <trkpt lat="-6.8971570" lon="108.4042650">
    <ele>2984.0</ele>
   </trkpt>
   <trkpt lat="-6.8971670" lon="108.4042590">
    <ele>2984.0</ele>
   </trkpt>
   <trkpt lat="-6.8971760" lon="108.4042540">
    <ele>2984.0</ele>
   </trkpt>
   <trkpt lat="-6.8971820" lon="108.4042460">
    <ele>2984.0</ele>
   </trkpt>
   <trkpt lat="-6.8971880" lon="108.4042390">
    <ele>2983.0</ele>
   </trkpt>
   <trkpt lat="-6.8971880" lon="108.4042390">
    <ele>2983.0</ele>
   </trkpt>
   <trkpt lat="-6.8971880" lon="108.4042390">
    <ele>2983.0</ele>
   </trkpt>
   <trkpt lat="-6.8971880" lon="108.4042390">
    <ele>2983.0</ele>
   </trkpt>
   <trkpt lat="-6.8971880" lon="108.4042390">
    <ele>2983.0</ele>
   </trkpt>
   <trkpt lat="-6.8971880" lon="108.4042390">
    <ele>2983.0</ele>
   </trkpt>
   <trkpt lat="-6.8971880" lon="108.4042390">
    <ele>2983.0</ele>
   </trkpt>
   <trkpt lat="-6.8971930" lon="108.4042260">
    <ele>2983.0</ele>
   </trkpt>
   <trkpt lat="-6.8971950" lon="108.4042160">
    <ele>2983.0</ele>
   </trkpt>
   <trkpt lat="-6.8971980" lon="108.4042070">
    <ele>2983.0</ele>
   </trkpt>
   <trkpt lat="-6.8971990" lon="108.4041990">
    <ele>2982.0</ele>
   </trkpt>
   <trkpt lat="-6.8972010" lon="108.4041900">
    <ele>2982.0</ele>
   </trkpt>
   <trkpt lat="-6.8972040" lon="108.4041820">
    <ele>2982.0</ele>
   </trkpt>
   <trkpt lat="-6.8972070" lon="108.4041730">
    <ele>2982.0</ele>
   </trkpt>
   <trkpt lat="-6.8972100" lon="108.4041640">
    <ele>2982.0</ele>
   </trkpt>
   <trkpt lat="-6.8972130" lon="108.4041550">
    <ele>2981.0</ele>
   </trkpt>
   <trkpt lat="-6.8972170" lon="108.4041460">
    <ele>2981.0</ele>
   </trkpt>
   <trkpt lat="-6.8972220" lon="108.4041380">
    <ele>2981.0</ele>
   </trkpt>
   <trkpt lat="-6.8972280" lon="108.4041280">
    <ele>2981.0</ele>
   </trkpt>
   <trkpt lat="-6.8972350" lon="108.4041190">
    <ele>2981.0</ele>
   </trkpt>
   <trkpt lat="-6.8972380" lon="108.4041100">
    <ele>2980.0</ele>
   </trkpt>
   <trkpt lat="-6.8972410" lon="108.4041010">
    <ele>2980.0</ele>
   </trkpt>
   <trkpt lat="-6.8972410" lon="108.4040960">
    <ele>2980.0</ele>
   </trkpt>
   <trkpt lat="-6.8972400" lon="108.4040910">
    <ele>2980.0</ele>
   </trkpt>
   <trkpt lat="-6.8972400" lon="108.4040840">
    <ele>2980.0</ele>
   </trkpt>
   <trkpt lat="-6.8972400" lon="108.4040770">
    <ele>2979.0</ele>
   </trkpt>
   <trkpt lat="-6.8972440" lon="108.4040690">
    <ele>2979.0</ele>
   </trkpt>
   <trkpt lat="-6.8972490" lon="108.4040610">
    <ele>2978.0</ele>
   </trkpt>
   <trkpt lat="-6.8972540" lon="108.4040520">
    <ele>2978.0</ele>
   </trkpt>
   <trkpt lat="-6.8972600" lon="108.4040440">
    <ele>2978.0</ele>
   </trkpt>
   <trkpt lat="-6.8972660" lon="108.4040380">
    <ele>2977.0</ele>
   </trkpt>
   <trkpt lat="-6.8972730" lon="108.4040330">
    <ele>2977.0</ele>
   </trkpt>
   <trkpt lat="-6.8972790" lon="108.4040280">
    <ele>2976.0</ele>
   </trkpt>
   <trkpt lat="-6.8972840" lon="108.4040220">
    <ele>2976.0</ele>
   </trkpt>
   <trkpt lat="-6.8972880" lon="108.4040180">
    <ele>2976.0</ele>
   </trkpt>
   <trkpt lat="-6.8972920" lon="108.4040130">
    <ele>2975.0</ele>
   </trkpt>
   <trkpt lat="-6.8972990" lon="108.4040110">
    <ele>2975.0</ele>
   </trkpt>
   <trkpt lat="-6.8973060" lon="108.4040080">
    <ele>2974.0</ele>
   </trkpt>
   <trkpt lat="-6.8973170" lon="108.4040040">
    <ele>2974.0</ele>
   </trkpt>
   <trkpt lat="-6.8973300" lon="108.4040010">
    <ele>2974.0</ele>
   </trkpt>
   <trkpt lat="-6.8973430" lon="108.4039970">
    <ele>2973.0</ele>
   </trkpt>
   <trkpt lat="-6.8973570" lon="108.4039920">
    <ele>2973.0</ele>
   </trkpt>
   <trkpt lat="-6.8973710" lon="108.4039900">
    <ele>2972.0</ele>
   </trkpt>
   <trkpt lat="-6.8973840" lon="108.4039880">
    <ele>2972.0</ele>
   </trkpt>
   <trkpt lat="-6.8973970" lon="108.4039860">
    <ele>2972.0</ele>
   </trkpt>
   <trkpt lat="-6.8974090" lon="108.4039830">
    <ele>2971.0</ele>
   </trkpt>
   <trkpt lat="-6.8974150" lon="108.4039820">
    <ele>2971.0</ele>
   </trkpt>
   <trkpt lat="-6.8974200" lon="108.4039810">
    <ele>2970.0</ele>
   </trkpt>
   <trkpt lat="-6.8974290" lon="108.4039790">
    <ele>2970.0</ele>
   </trkpt>
   <trkpt lat="-6.8974380" lon="108.4039770">
    <ele>2970.0</ele>
   </trkpt>
   <trkpt lat="-6.8974460" lon="108.4039770">
    <ele>2969.0</ele>
   </trkpt>
   <trkpt lat="-6.8974530" lon="108.4039760">
    <ele>2968.0</ele>
   </trkpt>
   <trkpt lat="-6.8974610" lon="108.4039780">
    <ele>2968.0</ele>
   </trkpt>
   <trkpt lat="-6.8974690" lon="108.4039800">
    <ele>2967.0</ele>
   </trkpt>
   <trkpt lat="-6.8974780" lon="108.4039800">
    <ele>2967.0</ele>
   </trkpt>
   <trkpt lat="-6.8974870" lon="108.4039810">
    <ele>2966.0</ele>
   </trkpt>
   <trkpt lat="-6.8974960" lon="108.4039780">
    <ele>2966.0</ele>
   </trkpt>
   <trkpt lat="-6.8975040" lon="108.4039750">
    <ele>2966.0</ele>
   </trkpt>
   <trkpt lat="-6.8975100" lon="108.4039690">
    <ele>2966.0</ele>
   </trkpt>
   <trkpt lat="-6.8975160" lon="108.4039630">
    <ele>2966.0</ele>
   </trkpt>
   <trkpt lat="-6.8975220" lon="108.4039560">
    <ele>2965.0</ele>
   </trkpt>
   <trkpt lat="-6.8975290" lon="108.4039490">
    <ele>2965.0</ele>
   </trkpt>
   <trkpt lat="-6.8975380" lon="108.4039420">
    <ele>2964.0</ele>
   </trkpt>
   <trkpt lat="-6.8975480" lon="108.4039350">
    <ele>2964.0</ele>
   </trkpt>
   <trkpt lat="-6.8975590" lon="108.4039270">
    <ele>2964.0</ele>
   </trkpt>
   <trkpt lat="-6.8975710" lon="108.4039200">
    <ele>2963.0</ele>
   </trkpt>
   <trkpt lat="-6.8975820" lon="108.4039140">
    <ele>2963.0</ele>
   </trkpt>
   <trkpt lat="-6.8975930" lon="108.4039080">
    <ele>2963.0</ele>
   </trkpt>
   <trkpt lat="-6.8976020" lon="108.4039020">
    <ele>2963.0</ele>
   </trkpt>
   <trkpt lat="-6.8976110" lon="108.4038960">
    <ele>2963.0</ele>
   </trkpt>
   <trkpt lat="-6.8976190" lon="108.4038910">
    <ele>2962.0</ele>
   </trkpt>
   <trkpt lat="-6.8976280" lon="108.4038860">
    <ele>2962.0</ele>
   </trkpt>
   <trkpt lat="-6.8976370" lon="108.4038820">
    <ele>2961.0</ele>
   </trkpt>
   <trkpt lat="-6.8976450" lon="108.4038790">
    <ele>2961.0</ele>
   </trkpt>
   <trkpt lat="-6.8976530" lon="108.4038740">
    <ele>2961.0</ele>
   </trkpt>
   <trkpt lat="-6.8976610" lon="108.4038700">
    <ele>2960.0</ele>
   </trkpt>
   <trkpt lat="-6.8976640" lon="108.4038630">
    <ele>2959.0</ele>
   </trkpt>
   <trkpt lat="-6.8976680" lon="108.4038560">
    <ele>2959.0</ele>
   </trkpt>
   <trkpt lat="-6.8976660" lon="108.4038480">
    <ele>2958.0</ele>
   </trkpt>
   <trkpt lat="-6.8976650" lon="108.4038400">
    <ele>2958.0</ele>
   </trkpt>
   <trkpt lat="-6.8976640" lon="108.4038360">
    <ele>2957.0</ele>
   </trkpt>
   <trkpt lat="-6.8976630" lon="108.4038310">
    <ele>2956.0</ele>
   </trkpt>
   <trkpt lat="-6.8976640" lon="108.4038230">
    <ele>2956.0</ele>
   </trkpt>
   <trkpt lat="-6.8976660" lon="108.4038150">
    <ele>2955.0</ele>
   </trkpt>
   <trkpt lat="-6.8976700" lon="108.4038060">
    <ele>2955.0</ele>
   </trkpt>
   <trkpt lat="-6.8976750" lon="108.4037970">
    <ele>2954.0</ele>
   </trkpt>
   <trkpt lat="-6.8976790" lon="108.4037880">
    <ele>2953.0</ele>
   </trkpt>
   <trkpt lat="-6.8976840" lon="108.4037790">
    <ele>2953.0</ele>
   </trkpt>
   <trkpt lat="-6.8976910" lon="108.4037650">
    <ele>2952.0</ele>
   </trkpt>
   <trkpt lat="-6.8976910" lon="108.4037610">
    <ele>2952.0</ele>
   </trkpt>
   <trkpt lat="-6.8976920" lon="108.4037560">
    <ele>2951.0</ele>
   </trkpt>
   <trkpt lat="-6.8976920" lon="108.4037520">
    <ele>2950.0</ele>
   </trkpt>
   <trkpt lat="-6.8976930" lon="108.4037480">
    <ele>2950.0</ele>
   </trkpt>
   <trkpt lat="-6.8976930" lon="108.4037430">
    <ele>2949.0</ele>
   </trkpt>
   <trkpt lat="-6.8976940" lon="108.4037390">
    <ele>2949.0</ele>
   </trkpt>
   <trkpt lat="-6.8976940" lon="108.4037340">
    <ele>2948.0</ele>
   </trkpt>
   <trkpt lat="-6.8976950" lon="108.4037300">
    <ele>2948.0</ele>
   </trkpt>
   <trkpt lat="-6.8976950" lon="108.4037250">
    <ele>2947.0</ele>
   </trkpt>
   <trkpt lat="-6.8976950" lon="108.4037210">
    <ele>2947.0</ele>
   </trkpt>
   <trkpt lat="-6.8976960" lon="108.4037170">
    <ele>2947.0</ele>
   </trkpt>
   <trkpt lat="-6.8976960" lon="108.4037120">
    <ele>2946.0</ele>
   </trkpt>
   <trkpt lat="-6.8976970" lon="108.4037080">
    <ele>2945.0</ele>
   </trkpt>
   <trkpt lat="-6.8976970" lon="108.4037030">
    <ele>2945.0</ele>
   </trkpt>
   <trkpt lat="-6.8976980" lon="108.4036990">
    <ele>2944.0</ele>
   </trkpt>
   <trkpt lat="-6.8976980" lon="108.4036950">
    <ele>2944.0</ele>
   </trkpt>
   <trkpt lat="-6.8976990" lon="108.4036900">
    <ele>2943.0</ele>
   </trkpt>
   <trkpt lat="-6.8976990" lon="108.4036860">
    <ele>2943.0</ele>
   </trkpt>
   <trkpt lat="-6.8977000" lon="108.4036810">
    <ele>2942.0</ele>
   </trkpt>
   <trkpt lat="-6.8977000" lon="108.4036770">
    <ele>2942.0</ele>
   </trkpt>
   <trkpt lat="-6.8977010" lon="108.4036720">
    <ele>2942.0</ele>
   </trkpt>
   <trkpt lat="-6.8977010" lon="108.4036680">
    <ele>2941.0</ele>
   </trkpt>
   <trkpt lat="-6.8977020" lon="108.4036640">
    <ele>2941.0</ele>
   </trkpt>
   <trkpt lat="-6.8977020" lon="108.4036590">
    <ele>2940.0</ele>
   </trkpt>
   <trkpt lat="-6.8977020" lon="108.4036550">
    <ele>2940.0</ele>
   </trkpt>
   <trkpt lat="-6.8977030" lon="108.4036500">
    <ele>2940.0</ele>
   </trkpt>
   <trkpt lat="-6.8977030" lon="108.4036460">
    <ele>2939.0</ele>
   </trkpt>
   <trkpt lat="-6.8977040" lon="108.4036420">
    <ele>2939.0</ele>
   </trkpt>
   <trkpt lat="-6.8977010" lon="108.4036300">
    <ele>2938.0</ele>
   </trkpt>
   <trkpt lat="-6.8977000" lon="108.4036170">
    <ele>2938.0</ele>
   </trkpt>
   <trkpt lat="-6.8976980" lon="108.4036050">
    <ele>2938.0</ele>
   </trkpt>
   <trkpt lat="-6.8976950" lon="108.4035910">
    <ele>2937.0</ele>
   </trkpt>
   <trkpt lat="-6.8976910" lon="108.4035770">
    <ele>2937.0</ele>
   </trkpt>
   <trkpt lat="-6.8976850" lon="108.4035600">
    <ele>2936.0</ele>
   </trkpt>
   <trkpt lat="-6.8976780" lon="108.4035430">
    <ele>2936.0</ele>
   </trkpt>
   <trkpt lat="-6.8976770" lon="108.4035250">
    <ele>2936.0</ele>
   </trkpt>
   <trkpt lat="-6.8976750" lon="108.4035070">
    <ele>2935.0</ele>
   </trkpt>
   <trkpt lat="-6.8976840" lon="108.4034880">
    <ele>2935.0</ele>
   </trkpt>
   <trkpt lat="-6.8976920" lon="108.4034680">
    <ele>2934.0</ele>
   </trkpt>
   <trkpt lat="-6.8977060" lon="108.4034520">
    <ele>2934.0</ele>
   </trkpt>
   <trkpt lat="-6.8977190" lon="108.4034350">
    <ele>2934.0</ele>
   </trkpt>
   <trkpt lat="-6.8977330" lon="108.4034250">
    <ele>2933.0</ele>
   </trkpt>
   <trkpt lat="-6.8977460" lon="108.4034150">
    <ele>2933.0</ele>
   </trkpt>
   <trkpt lat="-6.8977590" lon="108.4034110">
    <ele>2933.0</ele>
   </trkpt>
   <trkpt lat="-6.8977730" lon="108.4034080">
    <ele>2933.0</ele>
   </trkpt>
   <trkpt lat="-6.8977820" lon="108.4034060">
    <ele>2933.0</ele>
   </trkpt>
   <trkpt lat="-6.8977900" lon="108.4034040">
    <ele>2932.0</ele>
   </trkpt>
   <trkpt lat="-6.8977990" lon="108.4034020">
    <ele>2932.0</ele>
   </trkpt>
   <trkpt lat="-6.8978090" lon="108.4034020">
    <ele>2931.0</ele>
   </trkpt>
   <trkpt lat="-6.8978200" lon="108.4034010">
    <ele>2931.0</ele>
   </trkpt>
   <trkpt lat="-6.8978310" lon="108.4033990">
    <ele>2931.0</ele>
   </trkpt>
   <trkpt lat="-6.8978410" lon="108.4033980">
    <ele>2930.0</ele>
   </trkpt>
   <trkpt lat="-6.8978530" lon="108.4033950">
    <ele>2930.0</ele>
   </trkpt>
   <trkpt lat="-6.8978650" lon="108.4033930">
    <ele>2930.0</ele>
   </trkpt>
   <trkpt lat="-6.8978760" lon="108.4033870">
    <ele>2930.0</ele>
   </trkpt>
   <trkpt lat="-6.8978870" lon="108.4033820">
    <ele>2930.0</ele>
   </trkpt>
   <trkpt lat="-6.8978970" lon="108.4033760">
    <ele>2929.0</ele>
   </trkpt>
   <trkpt lat="-6.8979070" lon="108.4033690">
    <ele>2929.0</ele>
   </trkpt>
   <trkpt lat="-6.8979120" lon="108.4033630">
    <ele>2928.0</ele>
   </trkpt>
   <trkpt lat="-6.8979180" lon="108.4033570">
    <ele>2928.0</ele>
   </trkpt>
   <trkpt lat="-6.8979230" lon="108.4033520">
    <ele>2928.0</ele>
   </trkpt>
   <trkpt lat="-6.8979290" lon="108.4033460">
    <ele>2927.0</ele>
   </trkpt>
   <trkpt lat="-6.8979390" lon="108.4033420">
    <ele>2926.0</ele>
   </trkpt>
   <trkpt lat="-6.8979480" lon="108.4033380">
    <ele>2925.0</ele>
   </trkpt>
   <trkpt lat="-6.8979600" lon="108.4033330">
    <ele>2924.0</ele>
   </trkpt>
   <trkpt lat="-6.8979710" lon="108.4033270">
    <ele>2924.0</ele>
   </trkpt>
   <trkpt lat="-6.8979850" lon="108.4033210">
    <ele>2923.0</ele>
   </trkpt>
   <trkpt lat="-6.8979980" lon="108.4033140">
    <ele>2922.0</ele>
   </trkpt>
   <trkpt lat="-6.8980130" lon="108.4033080">
    <ele>2922.0</ele>
   </trkpt>
   <trkpt lat="-6.8980280" lon="108.4033020">
    <ele>2921.0</ele>
   </trkpt>
   <trkpt lat="-6.8980430" lon="108.4032950">
    <ele>2921.0</ele>
   </trkpt>
   <trkpt lat="-6.8980590" lon="108.4032890">
    <ele>2920.0</ele>
   </trkpt>
   <trkpt lat="-6.8980740" lon="108.4032820">
    <ele>2920.0</ele>
   </trkpt>
   <trkpt lat="-6.8980890" lon="108.4032750">
    <ele>2919.0</ele>
   </trkpt>
   <trkpt lat="-6.8981040" lon="108.4032710">
    <ele>2919.0</ele>
   </trkpt>
   <trkpt lat="-6.8981200" lon="108.4032660">
    <ele>2919.0</ele>
   </trkpt>
   <trkpt lat="-6.8981360" lon="108.4032660">
    <ele>2918.0</ele>
   </trkpt>
   <trkpt lat="-6.8981530" lon="108.4032660">
    <ele>2918.0</ele>
   </trkpt>
   <trkpt lat="-6.8981740" lon="108.4032690">
    <ele>2917.0</ele>
   </trkpt>
   <trkpt lat="-6.8981940" lon="108.4032730">
    <ele>2917.0</ele>
   </trkpt>
   <trkpt lat="-6.8982150" lon="108.4032750">
    <ele>2917.0</ele>
   </trkpt>
   <trkpt lat="-6.8982360" lon="108.4032780">
    <ele>2916.0</ele>
   </trkpt>
   <trkpt lat="-6.8982520" lon="108.4032730">
    <ele>2915.0</ele>
   </trkpt>
   <trkpt lat="-6.8982680" lon="108.4032680">
    <ele>2915.0</ele>
   </trkpt>
   <trkpt lat="-6.8982800" lon="108.4032580">
    <ele>2914.0</ele>
   </trkpt>
   <trkpt lat="-6.8982910" lon="108.4032490">
    <ele>2914.0</ele>
   </trkpt>
   <trkpt lat="-6.8983000" lon="108.4032390">
    <ele>2913.0</ele>
   </trkpt>
   <trkpt lat="-6.8983090" lon="108.4032280">
    <ele>2913.0</ele>
   </trkpt>
   <trkpt lat="-6.8983180" lon="108.4032150">
    <ele>2912.0</ele>
   </trkpt>
   <trkpt lat="-6.8983270" lon="108.4032030">
    <ele>2912.0</ele>
   </trkpt>
   <trkpt lat="-6.8983370" lon="108.4031900">
    <ele>2912.0</ele>
   </trkpt>
   <trkpt lat="-6.8983470" lon="108.4031770">
    <ele>2911.0</ele>
   </trkpt>
   <trkpt lat="-6.8983580" lon="108.4031680">
    <ele>2910.0</ele>
   </trkpt>
   <trkpt lat="-6.8983690" lon="108.4031590">
    <ele>2910.0</ele>
   </trkpt>
   <trkpt lat="-6.8983810" lon="108.4031500">
    <ele>2909.0</ele>
   </trkpt>
   <trkpt lat="-6.8983940" lon="108.4031420">
    <ele>2909.0</ele>
   </trkpt>
   <trkpt lat="-6.8984060" lon="108.4031320">
    <ele>2908.0</ele>
   </trkpt>
   <trkpt lat="-6.8984180" lon="108.4031220">
    <ele>2907.0</ele>
   </trkpt>
   <trkpt lat="-6.8984260" lon="108.4031110">
    <ele>2907.0</ele>
   </trkpt>
   <trkpt lat="-6.8984350" lon="108.4031000">
    <ele>2906.0</ele>
   </trkpt>
   <trkpt lat="-6.8984400" lon="108.4030940">
    <ele>2906.0</ele>
   </trkpt>
   <trkpt lat="-6.8984450" lon="108.4030880">
    <ele>2905.0</ele>
   </trkpt>
   <trkpt lat="-6.8984500" lon="108.4030890">
    <ele>2904.0</ele>
   </trkpt>
   <trkpt lat="-6.8984550" lon="108.4030910">
    <ele>2904.0</ele>
   </trkpt>
   <trkpt lat="-6.8984630" lon="108.4030950">
    <ele>2903.0</ele>
   </trkpt>
   <trkpt lat="-6.8984710" lon="108.4030990">
    <ele>2903.0</ele>
   </trkpt>
   <trkpt lat="-6.8984820" lon="108.4031000">
    <ele>2902.0</ele>
   </trkpt>
   <trkpt lat="-6.8984930" lon="108.4031010">
    <ele>2902.0</ele>
   </trkpt>
   <trkpt lat="-6.8984990" lon="108.4030990">
    <ele>2901.0</ele>
   </trkpt>
   <trkpt lat="-6.8985040" lon="108.4030970">
    <ele>2901.0</ele>
   </trkpt>
   <trkpt lat="-6.8985120" lon="108.4030920">
    <ele>2901.0</ele>
   </trkpt>
   <trkpt lat="-6.8985190" lon="108.4030870">
    <ele>2900.0</ele>
   </trkpt>
   <trkpt lat="-6.8985260" lon="108.4030830">
    <ele>2899.0</ele>
   </trkpt>
   <trkpt lat="-6.8985320" lon="108.4030780">
    <ele>2899.0</ele>
   </trkpt>
   <trkpt lat="-6.8985390" lon="108.4030730">
    <ele>2898.0</ele>
   </trkpt>
   <trkpt lat="-6.8985460" lon="108.4030680">
    <ele>2898.0</ele>
   </trkpt>
   <trkpt lat="-6.8985520" lon="108.4030610">
    <ele>2897.0</ele>
   </trkpt>
   <trkpt lat="-6.8985580" lon="108.4030540">
    <ele>2897.0</ele>
   </trkpt>
   <trkpt lat="-6.8985630" lon="108.4030450">
    <ele>2896.0</ele>
   </trkpt>
   <trkpt lat="-6.8985680" lon="108.4030360">
    <ele>2896.0</ele>
   </trkpt>
   <trkpt lat="-6.8985710" lon="108.4030240">
    <ele>2896.0</ele>
   </trkpt>
   <trkpt lat="-6.8985740" lon="108.4030120">
    <ele>2895.0</ele>
   </trkpt>
   <trkpt lat="-6.8985750" lon="108.4030010">
    <ele>2895.0</ele>
   </trkpt>
   <trkpt lat="-6.8985760" lon="108.4029900">
    <ele>2894.0</ele>
   </trkpt>
   <trkpt lat="-6.8985790" lon="108.4029840">
    <ele>2894.0</ele>
   </trkpt>
   <trkpt lat="-6.8985830" lon="108.4029780">
    <ele>2894.0</ele>
   </trkpt>
   <trkpt lat="-6.8985850" lon="108.4029730">
    <ele>2893.0</ele>
   </trkpt>
   <trkpt lat="-6.8985880" lon="108.4029680">
    <ele>2893.0</ele>
   </trkpt>
   <trkpt lat="-6.8985920" lon="108.4029630">
    <ele>2892.0</ele>
   </trkpt>
   <trkpt lat="-6.8985960" lon="108.4029570">
    <ele>2892.0</ele>
   </trkpt>
   <trkpt lat="-6.8986050" lon="108.4029500">
    <ele>2892.0</ele>
   </trkpt>
   <trkpt lat="-6.8986140" lon="108.4029430">
    <ele>2891.0</ele>
   </trkpt>
   <trkpt lat="-6.8986200" lon="108.4029390">
    <ele>2890.0</ele>
   </trkpt>
   <trkpt lat="-6.8986250" lon="108.4029350">
    <ele>2890.0</ele>
   </trkpt>
   <trkpt lat="-6.8986330" lon="108.4029310">
    <ele>2889.0</ele>
   </trkpt>
   <trkpt lat="-6.8986410" lon="108.4029260">
    <ele>2889.0</ele>
   </trkpt>
   <trkpt lat="-6.8986510" lon="108.4029250">
    <ele>2888.0</ele>
   </trkpt>
   <trkpt lat="-6.8986620" lon="108.4029240">
    <ele>2888.0</ele>
   </trkpt>
   <trkpt lat="-6.8986720" lon="108.4029200">
    <ele>2887.0</ele>
   </trkpt>
   <trkpt lat="-6.8986830" lon="108.4029170">
    <ele>2887.0</ele>
   </trkpt>
   <trkpt lat="-6.8986910" lon="108.4029090">
    <ele>2887.0</ele>
   </trkpt>
   <trkpt lat="-6.8986980" lon="108.4029010">
    <ele>2886.0</ele>
   </trkpt>
   <trkpt lat="-6.8987040" lon="108.4028890">
    <ele>2886.0</ele>
   </trkpt>
   <trkpt lat="-6.8987090" lon="108.4028780">
    <ele>2886.0</ele>
   </trkpt>
   <trkpt lat="-6.8987140" lon="108.4028630">
    <ele>2886.0</ele>
   </trkpt>
   <trkpt lat="-6.8987180" lon="108.4028480">
    <ele>2886.0</ele>
   </trkpt>
   <trkpt lat="-6.8987200" lon="108.4028340">
    <ele>2885.0</ele>
   </trkpt>
   <trkpt lat="-6.8987220" lon="108.4028200">
    <ele>2884.0</ele>
   </trkpt>
   <trkpt lat="-6.8987240" lon="108.4028070">
    <ele>2884.0</ele>
   </trkpt>
   <trkpt lat="-6.8987260" lon="108.4027950">
    <ele>2883.0</ele>
   </trkpt>
   <trkpt lat="-6.8987280" lon="108.4027810">
    <ele>2883.0</ele>
   </trkpt>
   <trkpt lat="-6.8987300" lon="108.4027680">
    <ele>2882.0</ele>
   </trkpt>
   <trkpt lat="-6.8987320" lon="108.4027580">
    <ele>2882.0</ele>
   </trkpt>
   <trkpt lat="-6.8987350" lon="108.4027470">
    <ele>2881.0</ele>
   </trkpt>
   <trkpt lat="-6.8987370" lon="108.4027420">
    <ele>2881.0</ele>
   </trkpt>
   <trkpt lat="-6.8987400" lon="108.4027380">
    <ele>2881.0</ele>
   </trkpt>
   <trkpt lat="-6.8987440" lon="108.4027290">
    <ele>2880.0</ele>
   </trkpt>
   <trkpt lat="-6.8987490" lon="108.4027200">
    <ele>2879.0</ele>
   </trkpt>
   <trkpt lat="-6.8987510" lon="108.4027170">
    <ele>2879.0</ele>
   </trkpt>
   <trkpt lat="-6.8987530" lon="108.4027140">
    <ele>2878.0</ele>
   </trkpt>
   <trkpt lat="-6.8987550" lon="108.4027110">
    <ele>2878.0</ele>
   </trkpt>
   <trkpt lat="-6.8987570" lon="108.4027080">
    <ele>2877.0</ele>
   </trkpt>
   <trkpt lat="-6.8987590" lon="108.4027050">
    <ele>2877.0</ele>
   </trkpt>
   <trkpt lat="-6.8987620" lon="108.4027010">
    <ele>2876.0</ele>
   </trkpt>
   <trkpt lat="-6.8987650" lon="108.4026960">
    <ele>2876.0</ele>
   </trkpt>
   <trkpt lat="-6.8987670" lon="108.4026900">
    <ele>2876.0</ele>
   </trkpt>
   <trkpt lat="-6.8987690" lon="108.4026840">
    <ele>2875.0</ele>
   </trkpt>
   <trkpt lat="-6.8987700" lon="108.4026750">
    <ele>2874.0</ele>
   </trkpt>
   <trkpt lat="-6.8987700" lon="108.4026660">
    <ele>2874.0</ele>
   </trkpt>
   <trkpt lat="-6.8987700" lon="108.4026590">
    <ele>2873.0</ele>
   </trkpt>
   <trkpt lat="-6.8987700" lon="108.4026530">
    <ele>2873.0</ele>
   </trkpt>
   <trkpt lat="-6.8987730" lon="108.4026500">
    <ele>2872.0</ele>
   </trkpt>
   <trkpt lat="-6.8987750" lon="108.4026470">
    <ele>2872.0</ele>
   </trkpt>
   <trkpt lat="-6.8987770" lon="108.4026450">
    <ele>2871.0</ele>
   </trkpt>
   <trkpt lat="-6.8987790" lon="108.4026440">
    <ele>2871.0</ele>
   </trkpt>
   <trkpt lat="-6.8987830" lon="108.4026400">
    <ele>2871.0</ele>
   </trkpt>
   <trkpt lat="-6.8987880" lon="108.4026360">
    <ele>2870.0</ele>
   </trkpt>
   <trkpt lat="-6.8987920" lon="108.4026310">
    <ele>2870.0</ele>
   </trkpt>
   <trkpt lat="-6.8987960" lon="108.4026270">
    <ele>2869.0</ele>
   </trkpt>
   <trkpt lat="-6.8988010" lon="108.4026230">
    <ele>2869.0</ele>
   </trkpt>
   <trkpt lat="-6.8988060" lon="108.4026190">
    <ele>2869.0</ele>
   </trkpt>
   <trkpt lat="-6.8988100" lon="108.4026170">
    <ele>2868.0</ele>
   </trkpt>
   <trkpt lat="-6.8988130" lon="108.4026160">
    <ele>2868.0</ele>
   </trkpt>
   <trkpt lat="-6.8988200" lon="108.4026140">
    <ele>2867.0</ele>
   </trkpt>
   <trkpt lat="-6.8988270" lon="108.4026120">
    <ele>2867.0</ele>
   </trkpt>
   <trkpt lat="-6.8988350" lon="108.4026080">
    <ele>2867.0</ele>
   </trkpt>
   <trkpt lat="-6.8988420" lon="108.4026040">
    <ele>2866.0</ele>
   </trkpt>
   <trkpt lat="-6.8988510" lon="108.4026000">
    <ele>2866.0</ele>
   </trkpt>
   <trkpt lat="-6.8988600" lon="108.4025960">
    <ele>2865.0</ele>
   </trkpt>
   <trkpt lat="-6.8988690" lon="108.4025910">
    <ele>2865.0</ele>
   </trkpt>
   <trkpt lat="-6.8988780" lon="108.4025860">
    <ele>2865.0</ele>
   </trkpt>
   <trkpt lat="-6.8988850" lon="108.4025790">
    <ele>2864.0</ele>
   </trkpt>
   <trkpt lat="-6.8988920" lon="108.4025720">
    <ele>2864.0</ele>
   </trkpt>
   <trkpt lat="-6.8989000" lon="108.4025660">
    <ele>2863.0</ele>
   </trkpt>
   <trkpt lat="-6.8989080" lon="108.4025600">
    <ele>2863.0</ele>
   </trkpt>
   <trkpt lat="-6.8989150" lon="108.4025590">
    <ele>2863.0</ele>
   </trkpt>
   <trkpt lat="-6.8989230" lon="108.4025590">
    <ele>2862.0</ele>
   </trkpt>
   <trkpt lat="-6.8989300" lon="108.4025630">
    <ele>2862.0</ele>
   </trkpt>
   <trkpt lat="-6.8989370" lon="108.4025680">
    <ele>2862.0</ele>
   </trkpt>
   <trkpt lat="-6.8989450" lon="108.4025720">
    <ele>2862.0</ele>
   </trkpt>
   <trkpt lat="-6.8989520" lon="108.4025750">
    <ele>2862.0</ele>
   </trkpt>
   <trkpt lat="-6.8989600" lon="108.4025760">
    <ele>2861.0</ele>
   </trkpt>
   <trkpt lat="-6.8989670" lon="108.4025760">
    <ele>2861.0</ele>
   </trkpt>
   <trkpt lat="-6.8989670" lon="108.4025760">
    <ele>2860.0</ele>
   </trkpt>
   <trkpt lat="-6.8989670" lon="108.4025760">
    <ele>2860.0</ele>
   </trkpt>
   <trkpt lat="-6.8989670" lon="108.4025760">
    <ele>2860.0</ele>
   </trkpt>
   <trkpt lat="-6.8989670" lon="108.4025760">
    <ele>2859.0</ele>
   </trkpt>
   <trkpt lat="-6.8989670" lon="108.4025760">
    <ele>2859.0</ele>
   </trkpt>
   <trkpt lat="-6.8989830" lon="108.4025790">
    <ele>2858.0</ele>
   </trkpt>
   <trkpt lat="-6.8989890" lon="108.4025800">
    <ele>2858.0</ele>
   </trkpt>
   <trkpt lat="-6.8989950" lon="108.4025810">
    <ele>2858.0</ele>
   </trkpt>
   <trkpt lat="-6.8990040" lon="108.4025810">
    <ele>2857.0</ele>
   </trkpt>
   <trkpt lat="-6.8990130" lon="108.4025820">
    <ele>2857.0</ele>
   </trkpt>
   <trkpt lat="-6.8990260" lon="108.4025790">
    <ele>2856.0</ele>
   </trkpt>
   <trkpt lat="-6.8990380" lon="108.4025770">
    <ele>2856.0</ele>
   </trkpt>
   <trkpt lat="-6.8990520" lon="108.4025700">
    <ele>2856.0</ele>
   </trkpt>
   <trkpt lat="-6.8990660" lon="108.4025630">
    <ele>2855.0</ele>
   </trkpt>
   <trkpt lat="-6.8990770" lon="108.4025530">
    <ele>2855.0</ele>
   </trkpt>
   <trkpt lat="-6.8990880" lon="108.4025440">
    <ele>2855.0</ele>
   </trkpt>
   <trkpt lat="-6.8990970" lon="108.4025360">
    <ele>2855.0</ele>
   </trkpt>
   <trkpt lat="-6.8991050" lon="108.4025270">
    <ele>2855.0</ele>
   </trkpt>
   <trkpt lat="-6.8991070" lon="108.4025230">
    <ele>2854.0</ele>
   </trkpt>
   <trkpt lat="-6.8991080" lon="108.4025190">
    <ele>2854.0</ele>
   </trkpt>
   <trkpt lat="-6.8991100" lon="108.4025140">
    <ele>2853.0</ele>
   </trkpt>
   <trkpt lat="-6.8991110" lon="108.4025100">
    <ele>2853.0</ele>
   </trkpt>
   <trkpt lat="-6.8991130" lon="108.4025040">
    <ele>2853.0</ele>
   </trkpt>
   <trkpt lat="-6.8991160" lon="108.4024990">
    <ele>2852.0</ele>
   </trkpt>
   <trkpt lat="-6.8991210" lon="108.4024940">
    <ele>2852.0</ele>
   </trkpt>
   <trkpt lat="-6.8991260" lon="108.4024890">
    <ele>2852.0</ele>
   </trkpt>
   <trkpt lat="-6.8991330" lon="108.4024850">
    <ele>2852.0</ele>
   </trkpt>
   <trkpt lat="-6.8991400" lon="108.4024800">
    <ele>2852.0</ele>
   </trkpt>
   <trkpt lat="-6.8991440" lon="108.4024780">
    <ele>2851.0</ele>
   </trkpt>
   <trkpt lat="-6.8991470" lon="108.4024760">
    <ele>2850.0</ele>
   </trkpt>
   <trkpt lat="-6.8991500" lon="108.4024750">
    <ele>2850.0</ele>
   </trkpt>
   <trkpt lat="-6.8991570" lon="108.4024710">
    <ele>2849.0</ele>
   </trkpt>
   <trkpt lat="-6.8991640" lon="108.4024680">
    <ele>2849.0</ele>
   </trkpt>
   <trkpt lat="-6.8991700" lon="108.4024660">
    <ele>2848.0</ele>
   </trkpt>
   <trkpt lat="-6.8991760" lon="108.4024640">
    <ele>2848.0</ele>
   </trkpt>
   <trkpt lat="-6.8991850" lon="108.4024620">
    <ele>2847.0</ele>
   </trkpt>
   <trkpt lat="-6.8991940" lon="108.4024600">
    <ele>2847.0</ele>
   </trkpt>
   <trkpt lat="-6.8992030" lon="108.4024570">
    <ele>2847.0</ele>
   </trkpt>
   <trkpt lat="-6.8992120" lon="108.4024550">
    <ele>2846.0</ele>
   </trkpt>
   <trkpt lat="-6.8992180" lon="108.4024500">
    <ele>2846.0</ele>
   </trkpt>
   <trkpt lat="-6.8992240" lon="108.4024460">
    <ele>2845.0</ele>
   </trkpt>
   <trkpt lat="-6.8992270" lon="108.4024380">
    <ele>2845.0</ele>
   </trkpt>
   <trkpt lat="-6.8992300" lon="108.4024310">
    <ele>2845.0</ele>
   </trkpt>
   <trkpt lat="-6.8992330" lon="108.4024220">
    <ele>2844.0</ele>
   </trkpt>
   <trkpt lat="-6.8992360" lon="108.4024140">
    <ele>2844.0</ele>
   </trkpt>
   <trkpt lat="-6.8992400" lon="108.4024050">
    <ele>2843.0</ele>
   </trkpt>
   <trkpt lat="-6.8992430" lon="108.4023960">
    <ele>2843.0</ele>
   </trkpt>
   <trkpt lat="-6.8992490" lon="108.4023870">
    <ele>2843.0</ele>
   </trkpt>
   <trkpt lat="-6.8992540" lon="108.4023790">
    <ele>2842.0</ele>
   </trkpt>
   <trkpt lat="-6.8992600" lon="108.4023750">
    <ele>2842.0</ele>
   </trkpt>
   <trkpt lat="-6.8992670" lon="108.4023710">
    <ele>2841.0</ele>
   </trkpt>
   <trkpt lat="-6.8992770" lon="108.4023700">
    <ele>2841.0</ele>
   </trkpt>
   <trkpt lat="-6.8992860" lon="108.4023690">
    <ele>2841.0</ele>
   </trkpt>
   <trkpt lat="-6.8992990" lon="108.4023690">
    <ele>2840.0</ele>
   </trkpt>
   <trkpt lat="-6.8993130" lon="108.4023690">
    <ele>2839.0</ele>
   </trkpt>
   <trkpt lat="-6.8993250" lon="108.4023720">
    <ele>2839.0</ele>
   </trkpt>
   <trkpt lat="-6.8993370" lon="108.4023750">
    <ele>2838.0</ele>
   </trkpt>
   <trkpt lat="-6.8993430" lon="108.4023800">
    <ele>2838.0</ele>
   </trkpt>
   <trkpt lat="-6.8993490" lon="108.4023850">
    <ele>2837.0</ele>
   </trkpt>
   <trkpt lat="-6.8993560" lon="108.4023890">
    <ele>2837.0</ele>
   </trkpt>
   <trkpt lat="-6.8993620" lon="108.4023950">
    <ele>2836.0</ele>
   </trkpt>
   <trkpt lat="-6.8993680" lon="108.4024000">
    <ele>2836.0</ele>
   </trkpt>
   <trkpt lat="-6.8993740" lon="108.4024030">
    <ele>2836.0</ele>
   </trkpt>
   <trkpt lat="-6.8993800" lon="108.4024070">
    <ele>2835.0</ele>
   </trkpt>
   <trkpt lat="-6.8993900" lon="108.4024090">
    <ele>2835.0</ele>
   </trkpt>
   <trkpt lat="-6.8994000" lon="108.4024100">
    <ele>2834.0</ele>
   </trkpt>
   <trkpt lat="-6.8994090" lon="108.4024120">
    <ele>2834.0</ele>
   </trkpt>
   <trkpt lat="-6.8994190" lon="108.4024140">
    <ele>2834.0</ele>
   </trkpt>
   <trkpt lat="-6.8994300" lon="108.4024140">
    <ele>2833.0</ele>
   </trkpt>
   <trkpt lat="-6.8994410" lon="108.4024140">
    <ele>2833.0</ele>
   </trkpt>
   <trkpt lat="-6.8994510" lon="108.4024110">
    <ele>2832.0</ele>
   </trkpt>
   <trkpt lat="-6.8994610" lon="108.4024070">
    <ele>2832.0</ele>
   </trkpt>
   <trkpt lat="-6.8994710" lon="108.4024050">
    <ele>2832.0</ele>
   </trkpt>
   <trkpt lat="-6.8994810" lon="108.4024020">
    <ele>2831.0</ele>
   </trkpt>
   <trkpt lat="-6.8994920" lon="108.4023990">
    <ele>2831.0</ele>
   </trkpt>
   <trkpt lat="-6.8995040" lon="108.4023960">
    <ele>2830.0</ele>
   </trkpt>
   <trkpt lat="-6.8995150" lon="108.4023890">
    <ele>2830.0</ele>
   </trkpt>
   <trkpt lat="-6.8995260" lon="108.4023830">
    <ele>2830.0</ele>
   </trkpt>
   <trkpt lat="-6.8995350" lon="108.4023760">
    <ele>2829.0</ele>
   </trkpt>
   <trkpt lat="-6.8995440" lon="108.4023690">
    <ele>2829.0</ele>
   </trkpt>
   <trkpt lat="-6.8995550" lon="108.4023640">
    <ele>2828.0</ele>
   </trkpt>
   <trkpt lat="-6.8995650" lon="108.4023600">
    <ele>2828.0</ele>
   </trkpt>
   <trkpt lat="-6.8995730" lon="108.4023550">
    <ele>2828.0</ele>
   </trkpt>
   <trkpt lat="-6.8995820" lon="108.4023500">
    <ele>2827.0</ele>
   </trkpt>
   <trkpt lat="-6.8995880" lon="108.4023450">
    <ele>2827.0</ele>
   </trkpt>
   <trkpt lat="-6.8995940" lon="108.4023400">
    <ele>2826.0</ele>
   </trkpt>
   <trkpt lat="-6.8995970" lon="108.4023370">
    <ele>2826.0</ele>
   </trkpt>
   <trkpt lat="-6.8996010" lon="108.4023340">
    <ele>2826.0</ele>
   </trkpt>
   <trkpt lat="-6.8996050" lon="108.4023310">
    <ele>2825.0</ele>
   </trkpt>
   <trkpt lat="-6.8996100" lon="108.4023300">
    <ele>2824.0</ele>
   </trkpt>
   <trkpt lat="-6.8996160" lon="108.4023280">
    <ele>2824.0</ele>
   </trkpt>
   <trkpt lat="-6.8996240" lon="108.4023300">
    <ele>2823.0</ele>
   </trkpt>
   <trkpt lat="-6.8996320" lon="108.4023310">
    <ele>2823.0</ele>
   </trkpt>
   <trkpt lat="-6.8996410" lon="108.4023290">
    <ele>2822.0</ele>
   </trkpt>
   <trkpt lat="-6.8996500" lon="108.4023260">
    <ele>2822.0</ele>
   </trkpt>
   <trkpt lat="-6.8996570" lon="108.4023200">
    <ele>2821.0</ele>
   </trkpt>
   <trkpt lat="-6.8996650" lon="108.4023140">
    <ele>2821.0</ele>
   </trkpt>
   <trkpt lat="-6.8996730" lon="108.4023100">
    <ele>2821.0</ele>
   </trkpt>
   <trkpt lat="-6.8996810" lon="108.4023050">
    <ele>2820.0</ele>
   </trkpt>
   <trkpt lat="-6.8996880" lon="108.4023010">
    <ele>2819.0</ele>
   </trkpt>
   <trkpt lat="-6.8996960" lon="108.4022970">
    <ele>2819.0</ele>
   </trkpt>
   <trkpt lat="-6.8997010" lon="108.4022910">
    <ele>2818.0</ele>
   </trkpt>
   <trkpt lat="-6.8997050" lon="108.4022860">
    <ele>2818.0</ele>
   </trkpt>
   <trkpt lat="-6.8997050" lon="108.4022820">
    <ele>2817.0</ele>
   </trkpt>
   <trkpt lat="-6.8997040" lon="108.4022770">
    <ele>2817.0</ele>
   </trkpt>
   <trkpt lat="-6.8997040" lon="108.4022730">
    <ele>2816.0</ele>
   </trkpt>
   <trkpt lat="-6.8997040" lon="108.4022720">
    <ele>2816.0</ele>
   </trkpt>
   <trkpt lat="-6.8997040" lon="108.4022700">
    <ele>2816.0</ele>
   </trkpt>
   <trkpt lat="-6.8997090" lon="108.4022710">
    <ele>2815.0</ele>
   </trkpt>
   <trkpt lat="-6.8997140" lon="108.4022720">
    <ele>2814.0</ele>
   </trkpt>
   <trkpt lat="-6.8997240" lon="108.4022720">
    <ele>2814.0</ele>
   </trkpt>
   <trkpt lat="-6.8997340" lon="108.4022720">
    <ele>2813.0</ele>
   </trkpt>
   <trkpt lat="-6.8997460" lon="108.4022690">
    <ele>2813.0</ele>
   </trkpt>
   <trkpt lat="-6.8997580" lon="108.4022660">
    <ele>2812.0</ele>
   </trkpt>
   <trkpt lat="-6.8997660" lon="108.4022630">
    <ele>2812.0</ele>
   </trkpt>
   <trkpt lat="-6.8997750" lon="108.4022600">
    <ele>2811.0</ele>
   </trkpt>
   <trkpt lat="-6.8997800" lon="108.4022600">
    <ele>2811.0</ele>
   </trkpt>
   <trkpt lat="-6.8997860" lon="108.4022600">
    <ele>2811.0</ele>
   </trkpt>
   <trkpt lat="-6.8997900" lon="108.4022610">
    <ele>2810.0</ele>
   </trkpt>
   <trkpt lat="-6.8997960" lon="108.4022630">
    <ele>2810.0</ele>
   </trkpt>
   <trkpt lat="-6.8997980" lon="108.4022630">
    <ele>2809.0</ele>
   </trkpt>
   <trkpt lat="-6.8998010" lon="108.4022630">
    <ele>2809.0</ele>
   </trkpt>
   <trkpt lat="-6.8998070" lon="108.4022600">
    <ele>2809.0</ele>
   </trkpt>
   <trkpt lat="-6.8998120" lon="108.4022580">
    <ele>2808.0</ele>
   </trkpt>
   <trkpt lat="-6.8998190" lon="108.4022540">
    <ele>2808.0</ele>
   </trkpt>
   <trkpt lat="-6.8998250" lon="108.4022500">
    <ele>2808.0</ele>
   </trkpt>
   <trkpt lat="-6.8998300" lon="108.4022430">
    <ele>2808.0</ele>
   </trkpt>
   <trkpt lat="-6.8998350" lon="108.4022370">
    <ele>2808.0</ele>
   </trkpt>
   <trkpt lat="-6.8998380" lon="108.4022280">
    <ele>2807.0</ele>
   </trkpt>
   <trkpt lat="-6.8998410" lon="108.4022190">
    <ele>2807.0</ele>
   </trkpt>
   <trkpt lat="-6.8998440" lon="108.4022100">
    <ele>2806.0</ele>
   </trkpt>
   <trkpt lat="-6.8998470" lon="108.4022010">
    <ele>2806.0</ele>
   </trkpt>
   <trkpt lat="-6.8998510" lon="108.4021940">
    <ele>2806.0</ele>
   </trkpt>
   <trkpt lat="-6.8998550" lon="108.4021870">
    <ele>2805.0</ele>
   </trkpt>
   <trkpt lat="-6.8998600" lon="108.4021830">
    <ele>2805.0</ele>
   </trkpt>
   <trkpt lat="-6.8998650" lon="108.4021790">
    <ele>2804.0</ele>
   </trkpt>
   <trkpt lat="-6.8998710" lon="108.4021760">
    <ele>2804.0</ele>
   </trkpt>
   <trkpt lat="-6.8998760" lon="108.4021730">
    <ele>2804.0</ele>
   </trkpt>
   <trkpt lat="-6.8998850" lon="108.4021690">
    <ele>2803.0</ele>
   </trkpt>
   <trkpt lat="-6.8998930" lon="108.4021650">
    <ele>2803.0</ele>
   </trkpt>
   <trkpt lat="-6.8999000" lon="108.4021610">
    <ele>2802.0</ele>
   </trkpt>
   <trkpt lat="-6.8999080" lon="108.4021570">
    <ele>2802.0</ele>
   </trkpt>
   <trkpt lat="-6.8999150" lon="108.4021530">
    <ele>2802.0</ele>
   </trkpt>
   <trkpt lat="-6.8999250" lon="108.4021440">
    <ele>2801.0</ele>
   </trkpt>
   <trkpt lat="-6.8999340" lon="108.4021350">
    <ele>2801.0</ele>
   </trkpt>
   <trkpt lat="-6.8999360" lon="108.4021230">
    <ele>2800.0</ele>
   </trkpt>
   <trkpt lat="-6.8999370" lon="108.4021120">
    <ele>2800.0</ele>
   </trkpt>
   <trkpt lat="-6.8999290" lon="108.4021020">
    <ele>2800.0</ele>
   </trkpt>
   <trkpt lat="-6.8999210" lon="108.4020920">
    <ele>2799.0</ele>
   </trkpt>
   <trkpt lat="-6.8999140" lon="108.4020840">
    <ele>2799.0</ele>
   </trkpt>
   <trkpt lat="-6.8999070" lon="108.4020760">
    <ele>2798.0</ele>
   </trkpt>
   <trkpt lat="-6.8999040" lon="108.4020690">
    <ele>2798.0</ele>
   </trkpt>
   <trkpt lat="-6.8999020" lon="108.4020610">
    <ele>2798.0</ele>
   </trkpt>
   <trkpt lat="-6.8999010" lon="108.4020530">
    <ele>2797.0</ele>
   </trkpt>
   <trkpt lat="-6.8998990" lon="108.4020460">
    <ele>2797.0</ele>
   </trkpt>
   <trkpt lat="-6.8998930" lon="108.4020400">
    <ele>2796.0</ele>
   </trkpt>
   <trkpt lat="-6.8998880" lon="108.4020330">
    <ele>2796.0</ele>
   </trkpt>
   <trkpt lat="-6.8998810" lon="108.4020290">
    <ele>2796.0</ele>
   </trkpt>
   <trkpt lat="-6.8998740" lon="108.4020240">
    <ele>2795.0</ele>
   </trkpt>
   <trkpt lat="-6.8998710" lon="108.4020190">
    <ele>2795.0</ele>
   </trkpt>
   <trkpt lat="-6.8998680" lon="108.4020150">
    <ele>2794.0</ele>
   </trkpt>
   <trkpt lat="-6.8998690" lon="108.4020090">
    <ele>2794.0</ele>
   </trkpt>
   <trkpt lat="-6.8998700" lon="108.4020030">
    <ele>2794.0</ele>
   </trkpt>
   <trkpt lat="-6.8998730" lon="108.4019960">
    <ele>2793.0</ele>
   </trkpt>
   <trkpt lat="-6.8998750" lon="108.4019900">
    <ele>2793.0</ele>
   </trkpt>
   <trkpt lat="-6.8998790" lon="108.4019850">
    <ele>2792.0</ele>
   </trkpt>
   <trkpt lat="-6.8998820" lon="108.4019800">
    <ele>2792.0</ele>
   </trkpt>
   <trkpt lat="-6.8998820" lon="108.4019750">
    <ele>2792.0</ele>
   </trkpt>
   <trkpt lat="-6.8998820" lon="108.4019700">
    <ele>2791.0</ele>
   </trkpt>
   <trkpt lat="-6.8998790" lon="108.4019650">
    <ele>2791.0</ele>
   </trkpt>
   <trkpt lat="-6.8998760" lon="108.4019600">
    <ele>2790.0</ele>
   </trkpt>
   <trkpt lat="-6.8998740" lon="108.4019550">
    <ele>2790.0</ele>
   </trkpt>
   <trkpt lat="-6.8998730" lon="108.4019510">
    <ele>2790.0</ele>
   </trkpt>
   <trkpt lat="-6.8998760" lon="108.4019470">
    <ele>2789.0</ele>
   </trkpt>
   <trkpt lat="-6.8998790" lon="108.4019440">
    <ele>2789.0</ele>
   </trkpt>
   <trkpt lat="-6.8998830" lon="108.4019380">
    <ele>2788.0</ele>
   </trkpt>
   <trkpt lat="-6.8998870" lon="108.4019320">
    <ele>2788.0</ele>
   </trkpt>
   <trkpt lat="-6.8998890" lon="108.4019250">
    <ele>2788.0</ele>
   </trkpt>
   <trkpt lat="-6.8998910" lon="108.4019170">
    <ele>2787.0</ele>
   </trkpt>
   <trkpt lat="-6.8998920" lon="108.4019100">
    <ele>2787.0</ele>
   </trkpt>
   <trkpt lat="-6.8998940" lon="108.4019030">
    <ele>2786.0</ele>
   </trkpt>
   <trkpt lat="-6.8998970" lon="108.4018970">
    <ele>2786.0</ele>
   </trkpt>
   <trkpt lat="-6.8999000" lon="108.4018910">
    <ele>2786.0</ele>
   </trkpt>
   <trkpt lat="-6.8999040" lon="108.4018860">
    <ele>2785.0</ele>
   </trkpt>
   <trkpt lat="-6.8999080" lon="108.4018820">
    <ele>2785.0</ele>
   </trkpt>
   <trkpt lat="-6.8999140" lon="108.4018780">
    <ele>2784.0</ele>
   </trkpt>
   <trkpt lat="-6.8999200" lon="108.4018740">
    <ele>2784.0</ele>
   </trkpt>
   <trkpt lat="-6.8999310" lon="108.4018710">
    <ele>2784.0</ele>
   </trkpt>
   <trkpt lat="-6.8999420" lon="108.4018670">
    <ele>2783.0</ele>
   </trkpt>
   <trkpt lat="-6.8999540" lon="108.4018620">
    <ele>2782.0</ele>
   </trkpt>
   <trkpt lat="-6.8999670" lon="108.4018560">
    <ele>2782.0</ele>
   </trkpt>
   <trkpt lat="-6.8999700" lon="108.4018530">
    <ele>2781.0</ele>
   </trkpt>
   <trkpt lat="-6.8999740" lon="108.4018490">
    <ele>2781.0</ele>
   </trkpt>
   <trkpt lat="-6.8999770" lon="108.4018450">
    <ele>2780.0</ele>
   </trkpt>
   <trkpt lat="-6.8999810" lon="108.4018400">
    <ele>2780.0</ele>
   </trkpt>
   <trkpt lat="-6.8999840" lon="108.4018360">
    <ele>2779.0</ele>
   </trkpt>
   <trkpt lat="-6.8999880" lon="108.4018320">
    <ele>2779.0</ele>
   </trkpt>
   <trkpt lat="-6.8999920" lon="108.4018250">
    <ele>2779.0</ele>
   </trkpt>
   <trkpt lat="-6.8999960" lon="108.4018170">
    <ele>2778.0</ele>
   </trkpt>
   <trkpt lat="-6.9000010" lon="108.4018090">
    <ele>2778.0</ele>
   </trkpt>
   <trkpt lat="-6.9000050" lon="108.4018000">
    <ele>2777.0</ele>
   </trkpt>
   <trkpt lat="-6.9000090" lon="108.4017890">
    <ele>2777.0</ele>
   </trkpt>
   <trkpt lat="-6.9000140" lon="108.4017800">
    <ele>2777.0</ele>
   </trkpt>
   <trkpt lat="-6.9000180" lon="108.4017680">
    <ele>2776.0</ele>
   </trkpt>
   <trkpt lat="-6.9000230" lon="108.4017570">
    <ele>2776.0</ele>
   </trkpt>
   <trkpt lat="-6.9000260" lon="108.4017460">
    <ele>2775.0</ele>
   </trkpt>
   <trkpt lat="-6.9000290" lon="108.4017350">
    <ele>2775.0</ele>
   </trkpt>
   <trkpt lat="-6.9000310" lon="108.4017300">
    <ele>2775.0</ele>
   </trkpt>
   <trkpt lat="-6.9000330" lon="108.4017250">
    <ele>2774.0</ele>
   </trkpt>
   <trkpt lat="-6.9000350" lon="108.4017190">
    <ele>2774.0</ele>
   </trkpt>
   <trkpt lat="-6.9000380" lon="108.4017140">
    <ele>2773.0</ele>
   </trkpt>
   <trkpt lat="-6.9000420" lon="108.4017090">
    <ele>2773.0</ele>
   </trkpt>
   <trkpt lat="-6.9000450" lon="108.4017040">
    <ele>2773.0</ele>
   </trkpt>
   <trkpt lat="-6.9000490" lon="108.4016990">
    <ele>2772.0</ele>
   </trkpt>
   <trkpt lat="-6.9000530" lon="108.4016950">
    <ele>2772.0</ele>
   </trkpt>
   <trkpt lat="-6.9000570" lon="108.4016920">
    <ele>2771.0</ele>
   </trkpt>
   <trkpt lat="-6.9000630" lon="108.4016880">
    <ele>2771.0</ele>
   </trkpt>
   <trkpt lat="-6.9000690" lon="108.4016840">
    <ele>2771.0</ele>
   </trkpt>
   <trkpt lat="-6.9000730" lon="108.4016770">
    <ele>2770.0</ele>
   </trkpt>
   <trkpt lat="-6.9000770" lon="108.4016710">
    <ele>2769.0</ele>
   </trkpt>
   <trkpt lat="-6.9000770" lon="108.4016710">
    <ele>2769.0</ele>
   </trkpt>
   <trkpt lat="-6.9000770" lon="108.4016710">
    <ele>2768.0</ele>
   </trkpt>
   <trkpt lat="-6.9000770" lon="108.4016710">
    <ele>2768.0</ele>
   </trkpt>
   <trkpt lat="-6.9000770" lon="108.4016710">
    <ele>2768.0</ele>
   </trkpt>
   <trkpt lat="-6.9000770" lon="108.4016710">
    <ele>2768.0</ele>
   </trkpt>
   <trkpt lat="-6.9000770" lon="108.4016710">
    <ele>2768.0</ele>
   </trkpt>
   <trkpt lat="-6.9000770" lon="108.4016710">
    <ele>2768.0</ele>
   </trkpt>
   <trkpt lat="-6.9000820" lon="108.4016610">
    <ele>2768.0</ele>
   </trkpt>
   <trkpt lat="-6.9000860" lon="108.4016560">
    <ele>2767.0</ele>
   </trkpt>
   <trkpt lat="-6.9000900" lon="108.4016520">
    <ele>2767.0</ele>
   </trkpt>
   <trkpt lat="-6.9000940" lon="108.4016480">
    <ele>2766.0</ele>
   </trkpt>
   <trkpt lat="-6.9000980" lon="108.4016440">
    <ele>2766.0</ele>
   </trkpt>
   <trkpt lat="-6.9000980" lon="108.4016440">
    <ele>2766.0</ele>
   </trkpt>
   <trkpt lat="-6.9000980" lon="108.4016440">
    <ele>2765.0</ele>
   </trkpt>
   <trkpt lat="-6.9000980" lon="108.4016440">
    <ele>2765.0</ele>
   </trkpt>
   <trkpt lat="-6.9000980" lon="108.4016440">
    <ele>2764.0</ele>
   </trkpt>
   <trkpt lat="-6.9000980" lon="108.4016440">
    <ele>2764.0</ele>
   </trkpt>
   <trkpt lat="-6.9000980" lon="108.4016440">
    <ele>2764.0</ele>
   </trkpt>
   <trkpt lat="-6.9001020" lon="108.4016340">
    <ele>2763.0</ele>
   </trkpt>
   <trkpt lat="-6.9001060" lon="108.4016280">
    <ele>2763.0</ele>
   </trkpt>
   <trkpt lat="-6.9001100" lon="108.4016210">
    <ele>2762.0</ele>
   </trkpt>
   <trkpt lat="-6.9001180" lon="108.4016150">
    <ele>2762.0</ele>
   </trkpt>
   <trkpt lat="-6.9001260" lon="108.4016100">
    <ele>2762.0</ele>
   </trkpt>
   <trkpt lat="-6.9001420" lon="108.4016020">
    <ele>2761.0</ele>
   </trkpt>
   <trkpt lat="-6.9001570" lon="108.4015940">
    <ele>2761.0</ele>
   </trkpt>
   <trkpt lat="-6.9001740" lon="108.4015840">
    <ele>2760.0</ele>
   </trkpt>
   <trkpt lat="-6.9001900" lon="108.4015740">
    <ele>2760.0</ele>
   </trkpt>
   <trkpt lat="-6.9002040" lon="108.4015660">
    <ele>2760.0</ele>
   </trkpt>
   <trkpt lat="-6.9002180" lon="108.4015590">
    <ele>2759.0</ele>
   </trkpt>
   <trkpt lat="-6.9002310" lon="108.4015520">
    <ele>2759.0</ele>
   </trkpt>
   <trkpt lat="-6.9002440" lon="108.4015440">
    <ele>2758.0</ele>
   </trkpt>
   <trkpt lat="-6.9002440" lon="108.4015440">
    <ele>2758.0</ele>
   </trkpt>
   <trkpt lat="-6.9002440" lon="108.4015440">
    <ele>2758.0</ele>
   </trkpt>
   <trkpt lat="-6.9002440" lon="108.4015440">
    <ele>2757.0</ele>
   </trkpt>
   <trkpt lat="-6.9002440" lon="108.4015440">
    <ele>2757.0</ele>
   </trkpt>
   <trkpt lat="-6.9002440" lon="108.4015440">
    <ele>2757.0</ele>
   </trkpt>
   <trkpt lat="-6.9002440" lon="108.4015440">
    <ele>2757.0</ele>
   </trkpt>
   <trkpt lat="-6.9002440" lon="108.4015440">
    <ele>2757.0</ele>
   </trkpt>
   <trkpt lat="-6.9002440" lon="108.4015440">
    <ele>2756.0</ele>
   </trkpt>
   <trkpt lat="-6.9002440" lon="108.4015440">
    <ele>2755.0</ele>
   </trkpt>
   <trkpt lat="-6.9002440" lon="108.4015440">
    <ele>2755.0</ele>
   </trkpt>
   <trkpt lat="-6.9002440" lon="108.4015440">
    <ele>2754.0</ele>
   </trkpt>
   <trkpt lat="-6.9002440" lon="108.4015440">
    <ele>2754.0</ele>
   </trkpt>
   <trkpt lat="-6.9002440" lon="108.4015440">
    <ele>2753.0</ele>
   </trkpt>
   <trkpt lat="-6.9002540" lon="108.4015330">
    <ele>2753.0</ele>
   </trkpt>
   <trkpt lat="-6.9002520" lon="108.4015310">
    <ele>2752.0</ele>
   </trkpt>
   <trkpt lat="-6.9002510" lon="108.4015300">
    <ele>2752.0</ele>
   </trkpt>
   <trkpt lat="-6.9002480" lon="108.4015270">
    <ele>2752.0</ele>
   </trkpt>
   <trkpt lat="-6.9002450" lon="108.4015240">
    <ele>2751.0</ele>
   </trkpt>
   <trkpt lat="-6.9002450" lon="108.4015170">
    <ele>2750.0</ele>
   </trkpt>
   <trkpt lat="-6.9002450" lon="108.4015100">
    <ele>2750.0</ele>
   </trkpt>
   <trkpt lat="-6.9002470" lon="108.4015000">
    <ele>2749.0</ele>
   </trkpt>
   <trkpt lat="-6.9002500" lon="108.4014900">
    <ele>2749.0</ele>
   </trkpt>
   <trkpt lat="-6.9002580" lon="108.4014800">
    <ele>2748.0</ele>
   </trkpt>
   <trkpt lat="-6.9002660" lon="108.4014700">
    <ele>2748.0</ele>
   </trkpt>
   <trkpt lat="-6.9002780" lon="108.4014600">
    <ele>2747.0</ele>
   </trkpt>
   <trkpt lat="-6.9002910" lon="108.4014500">
    <ele>2747.0</ele>
   </trkpt>
   <trkpt lat="-6.9003060" lon="108.4014390">
    <ele>2747.0</ele>
   </trkpt>
   <trkpt lat="-6.9003210" lon="108.4014290">
    <ele>2746.0</ele>
   </trkpt>
   <trkpt lat="-6.9003360" lon="108.4014230">
    <ele>2746.0</ele>
   </trkpt>
   <trkpt lat="-6.9003510" lon="108.4014170">
    <ele>2746.0</ele>
   </trkpt>
   <trkpt lat="-6.9003640" lon="108.4014150">
    <ele>2746.0</ele>
   </trkpt>
   <trkpt lat="-6.9003780" lon="108.4014140">
    <ele>2746.0</ele>
   </trkpt>
   <trkpt lat="-6.9003900" lon="108.4014110">
    <ele>2745.0</ele>
   </trkpt>
   <trkpt lat="-6.9004020" lon="108.4014080">
    <ele>2745.0</ele>
   </trkpt>
   <trkpt lat="-6.9004110" lon="108.4013990">
    <ele>2745.0</ele>
   </trkpt>
   <trkpt lat="-6.9004200" lon="108.4013900">
    <ele>2745.0</ele>
   </trkpt>
   <trkpt lat="-6.9004270" lon="108.4013790">
    <ele>2745.0</ele>
   </trkpt>
   <trkpt lat="-6.9004340" lon="108.4013690">
    <ele>2744.0</ele>
   </trkpt>
   <trkpt lat="-6.9004440" lon="108.4013610">
    <ele>2744.0</ele>
   </trkpt>
   <trkpt lat="-6.9004530" lon="108.4013530">
    <ele>2744.0</ele>
   </trkpt>
   <trkpt lat="-6.9004640" lon="108.4013430">
    <ele>2744.0</ele>
   </trkpt>
   <trkpt lat="-6.9004750" lon="108.4013350">
    <ele>2744.0</ele>
   </trkpt>
   <trkpt lat="-6.9004850" lon="108.4013240">
    <ele>2743.0</ele>
   </trkpt>
   <trkpt lat="-6.9004960" lon="108.4013130">
    <ele>2743.0</ele>
   </trkpt>
   <trkpt lat="-6.9005070" lon="108.4013020">
    <ele>2742.0</ele>
   </trkpt>
   <trkpt lat="-6.9005190" lon="108.4012900">
    <ele>2742.0</ele>
   </trkpt>
   <trkpt lat="-6.9005260" lon="108.4012750">
    <ele>2742.0</ele>
   </trkpt>
   <trkpt lat="-6.9005330" lon="108.4012600">
    <ele>2741.0</ele>
   </trkpt>
   <trkpt lat="-6.9005360" lon="108.4012470">
    <ele>2740.0</ele>
   </trkpt>
   <trkpt lat="-6.9005380" lon="108.4012340">
    <ele>2740.0</ele>
   </trkpt>
   <trkpt lat="-6.9005390" lon="108.4012250">
    <ele>2739.0</ele>
   </trkpt>
   <trkpt lat="-6.9005390" lon="108.4012160">
    <ele>2739.0</ele>
   </trkpt>
   <trkpt lat="-6.9005440" lon="108.4012100">
    <ele>2738.0</ele>
   </trkpt>
   <trkpt lat="-6.9005480" lon="108.4012040">
    <ele>2737.0</ele>
   </trkpt>
   <trkpt lat="-6.9005560" lon="108.4011970">
    <ele>2737.0</ele>
   </trkpt>
   <trkpt lat="-6.9005640" lon="108.4011900">
    <ele>2736.0</ele>
   </trkpt>
   <trkpt lat="-6.9005690" lon="108.4011830">
    <ele>2736.0</ele>
   </trkpt>
   <trkpt lat="-6.9005740" lon="108.4011760">
    <ele>2735.0</ele>
   </trkpt>
   <trkpt lat="-6.9005760" lon="108.4011650">
    <ele>2734.0</ele>
   </trkpt>
   <trkpt lat="-6.9005790" lon="108.4011550">
    <ele>2734.0</ele>
   </trkpt>
   <trkpt lat="-6.9005830" lon="108.4011450">
    <ele>2733.0</ele>
   </trkpt>
   <trkpt lat="-6.9005870" lon="108.4011360">
    <ele>2733.0</ele>
   </trkpt>
   <trkpt lat="-6.9005940" lon="108.4011330">
    <ele>2732.0</ele>
   </trkpt>
   <trkpt lat="-6.9006010" lon="108.4011300">
    <ele>2731.0</ele>
   </trkpt>
   <trkpt lat="-6.9006070" lon="108.4011310">
    <ele>2731.0</ele>
   </trkpt>
   <trkpt lat="-6.9006130" lon="108.4011330">
    <ele>2730.0</ele>
   </trkpt>
   <trkpt lat="-6.9006200" lon="108.4011320">
    <ele>2730.0</ele>
   </trkpt>
   <trkpt lat="-6.9006270" lon="108.4011320">
    <ele>2729.0</ele>
   </trkpt>
   <trkpt lat="-6.9006340" lon="108.4011240">
    <ele>2729.0</ele>
   </trkpt>
   <trkpt lat="-6.9006420" lon="108.4011170">
    <ele>2728.0</ele>
   </trkpt>
   <trkpt lat="-6.9006530" lon="108.4011070">
    <ele>2728.0</ele>
   </trkpt>
   <trkpt lat="-6.9006630" lon="108.4010980">
    <ele>2728.0</ele>
   </trkpt>
   <trkpt lat="-6.9006790" lon="108.4010940">
    <ele>2727.0</ele>
   </trkpt>
   <trkpt lat="-6.9006940" lon="108.4010900">
    <ele>2726.0</ele>
   </trkpt>
   <trkpt lat="-6.9007120" lon="108.4010840">
    <ele>2726.0</ele>
   </trkpt>
   <trkpt lat="-6.9007300" lon="108.4010780">
    <ele>2725.0</ele>
   </trkpt>
   <trkpt lat="-6.9007470" lon="108.4010700">
    <ele>2725.0</ele>
   </trkpt>
   <trkpt lat="-6.9007630" lon="108.4010620">
    <ele>2724.0</ele>
   </trkpt>
   <trkpt lat="-6.9007730" lon="108.4010520">
    <ele>2723.0</ele>
   </trkpt>
   <trkpt lat="-6.9007820" lon="108.4010410">
    <ele>2723.0</ele>
   </trkpt>
   <trkpt lat="-6.9007830" lon="108.4010300">
    <ele>2722.0</ele>
   </trkpt>
   <trkpt lat="-6.9007850" lon="108.4010200">
    <ele>2722.0</ele>
   </trkpt>
   <trkpt lat="-6.9007860" lon="108.4010140">
    <ele>2721.0</ele>
   </trkpt>
   <trkpt lat="-6.9007870" lon="108.4010080">
    <ele>2721.0</ele>
   </trkpt>
   <trkpt lat="-6.9007910" lon="108.4010070">
    <ele>2720.0</ele>
   </trkpt>
   <trkpt lat="-6.9007940" lon="108.4010070">
    <ele>2720.0</ele>
   </trkpt>
   <trkpt lat="-6.9008020" lon="108.4010060">
    <ele>2720.0</ele>
   </trkpt>
   <trkpt lat="-6.9008100" lon="108.4010050">
    <ele>2719.0</ele>
   </trkpt>
   <trkpt lat="-6.9008230" lon="108.4010010">
    <ele>2719.0</ele>
   </trkpt>
   <trkpt lat="-6.9008360" lon="108.4009970">
    <ele>2718.0</ele>
   </trkpt>
   <trkpt lat="-6.9008530" lon="108.4009940">
    <ele>2718.0</ele>
   </trkpt>
   <trkpt lat="-6.9008710" lon="108.4009900">
    <ele>2718.0</ele>
   </trkpt>
   <trkpt lat="-6.9008880" lon="108.4009840">
    <ele>2717.0</ele>
   </trkpt>
   <trkpt lat="-6.9009060" lon="108.4009790">
    <ele>2716.0</ele>
   </trkpt>
   <trkpt lat="-6.9009220" lon="108.4009700">
    <ele>2716.0</ele>
   </trkpt>
   <trkpt lat="-6.9009390" lon="108.4009610">
    <ele>2715.0</ele>
   </trkpt>
   <trkpt lat="-6.9009460" lon="108.4009570">
    <ele>2715.0</ele>
   </trkpt>
   <trkpt lat="-6.9009540" lon="108.4009530">
    <ele>2714.0</ele>
   </trkpt>
   <trkpt lat="-6.9009640" lon="108.4009510">
    <ele>2714.0</ele>
   </trkpt>
   <trkpt lat="-6.9009730" lon="108.4009490">
    <ele>2713.0</ele>
   </trkpt>
   <trkpt lat="-6.9009810" lon="108.4009510">
    <ele>2713.0</ele>
   </trkpt>
   <trkpt lat="-6.9009880" lon="108.4009520">
    <ele>2713.0</ele>
   </trkpt>
   <trkpt lat="-6.9009940" lon="108.4009540">
    <ele>2712.0</ele>
   </trkpt>
   <trkpt lat="-6.9010010" lon="108.4009550">
    <ele>2712.0</ele>
   </trkpt>
   <trkpt lat="-6.9010060" lon="108.4009540">
    <ele>2711.0</ele>
   </trkpt>
   <trkpt lat="-6.9010110" lon="108.4009530">
    <ele>2711.0</ele>
   </trkpt>
   <trkpt lat="-6.9010160" lon="108.4009470">
    <ele>2711.0</ele>
   </trkpt>
   <trkpt lat="-6.9010220" lon="108.4009410">
    <ele>2710.0</ele>
   </trkpt>
   <trkpt lat="-6.9010290" lon="108.4009310">
    <ele>2710.0</ele>
   </trkpt>
   <trkpt lat="-6.9010360" lon="108.4009200">
    <ele>2709.0</ele>
   </trkpt>
   <trkpt lat="-6.9010470" lon="108.4009100">
    <ele>2709.0</ele>
   </trkpt>
   <trkpt lat="-6.9010590" lon="108.4009000">
    <ele>2709.0</ele>
   </trkpt>
   <trkpt lat="-6.9010760" lon="108.4008940">
    <ele>2708.0</ele>
   </trkpt>
   <trkpt lat="-6.9010940" lon="108.4008870">
    <ele>2707.0</ele>
   </trkpt>
   <trkpt lat="-6.9011140" lon="108.4008800">
    <ele>2707.0</ele>
   </trkpt>
   <trkpt lat="-6.9011340" lon="108.4008730">
    <ele>2706.0</ele>
   </trkpt>
   <trkpt lat="-6.9011540" lon="108.4008640">
    <ele>2706.0</ele>
   </trkpt>
   <trkpt lat="-6.9011730" lon="108.4008550">
    <ele>2705.0</ele>
   </trkpt>
   <trkpt lat="-6.9011890" lon="108.4008460">
    <ele>2705.0</ele>
   </trkpt>
   <trkpt lat="-6.9012050" lon="108.4008360">
    <ele>2704.0</ele>
   </trkpt>
   <trkpt lat="-6.9012170" lon="108.4008280">
    <ele>2704.0</ele>
   </trkpt>
   <trkpt lat="-6.9012290" lon="108.4008200">
    <ele>2704.0</ele>
   </trkpt>
   <trkpt lat="-6.9012370" lon="108.4008130">
    <ele>2703.0</ele>
   </trkpt>
   <trkpt lat="-6.9012450" lon="108.4008070">
    <ele>2703.0</ele>
   </trkpt>
   <trkpt lat="-6.9012520" lon="108.4008040">
    <ele>2702.0</ele>
   </trkpt>
   <trkpt lat="-6.9012600" lon="108.4008000">
    <ele>2702.0</ele>
   </trkpt>
   <trkpt lat="-6.9012730" lon="108.4007980">
    <ele>2702.0</ele>
   </trkpt>
   <trkpt lat="-6.9012850" lon="108.4007960">
    <ele>2701.0</ele>
   </trkpt>
   <trkpt lat="-6.9012980" lon="108.4007860">
    <ele>2700.0</ele>
   </trkpt>
   <trkpt lat="-6.9013100" lon="108.4007760">
    <ele>2700.0</ele>
   </trkpt>
   <trkpt lat="-6.9013190" lon="108.4007620">
    <ele>2699.0</ele>
   </trkpt>
   <trkpt lat="-6.9013270" lon="108.4007480">
    <ele>2699.0</ele>
   </trkpt>
   <trkpt lat="-6.9013410" lon="108.4007360">
    <ele>2698.0</ele>
   </trkpt>
   <trkpt lat="-6.9013540" lon="108.4007230">
    <ele>2698.0</ele>
   </trkpt>
   <trkpt lat="-6.9013710" lon="108.4007110">
    <ele>2697.0</ele>
   </trkpt>
   <trkpt lat="-6.9013890" lon="108.4006990">
    <ele>2697.0</ele>
   </trkpt>
   <trkpt lat="-6.9014050" lon="108.4006860">
    <ele>2697.0</ele>
   </trkpt>
   <trkpt lat="-6.9014200" lon="108.4006730">
    <ele>2696.0</ele>
   </trkpt>
   <trkpt lat="-6.9014280" lon="108.4006610">
    <ele>2695.0</ele>
   </trkpt>
   <trkpt lat="-6.9014350" lon="108.4006480">
    <ele>2695.0</ele>
   </trkpt>
   <trkpt lat="-6.9014380" lon="108.4006390">
    <ele>2694.0</ele>
   </trkpt>
   <trkpt lat="-6.9014400" lon="108.4006310">
    <ele>2694.0</ele>
   </trkpt>
   <trkpt lat="-6.9014400" lon="108.4006220">
    <ele>2693.0</ele>
   </trkpt>
   <trkpt lat="-6.9014400" lon="108.4006140">
    <ele>2692.0</ele>
   </trkpt>
   <trkpt lat="-6.9014350" lon="108.4006080">
    <ele>2692.0</ele>
   </trkpt>
   <trkpt lat="-6.9014300" lon="108.4006010">
    <ele>2691.0</ele>
   </trkpt>
   <trkpt lat="-6.9014280" lon="108.4005960">
    <ele>2691.0</ele>
   </trkpt>
   <trkpt lat="-6.9014270" lon="108.4005910">
    <ele>2690.0</ele>
   </trkpt>
   <trkpt lat="-6.9014340" lon="108.4005880">
    <ele>2689.0</ele>
   </trkpt>
   <trkpt lat="-6.9014400" lon="108.4005860">
    <ele>2689.0</ele>
   </trkpt>
   <trkpt lat="-6.9014530" lon="108.4005840">
    <ele>2688.0</ele>
   </trkpt>
   <trkpt lat="-6.9014650" lon="108.4005810">
    <ele>2688.0</ele>
   </trkpt>
   <trkpt lat="-6.9014770" lon="108.4005800">
    <ele>2687.0</ele>
   </trkpt>
   <trkpt lat="-6.9014880" lon="108.4005780">
    <ele>2687.0</ele>
   </trkpt>
   <trkpt lat="-6.9014990" lon="108.4005780">
    <ele>2686.0</ele>
   </trkpt>
   <trkpt lat="-6.9015110" lon="108.4005770">
    <ele>2686.0</ele>
   </trkpt>
   <trkpt lat="-6.9015250" lon="108.4005730">
    <ele>2686.0</ele>
   </trkpt>
   <trkpt lat="-6.9015400" lon="108.4005700">
    <ele>2685.0</ele>
   </trkpt>
   <trkpt lat="-6.9015560" lon="108.4005610">
    <ele>2684.0</ele>
   </trkpt>
   <trkpt lat="-6.9015720" lon="108.4005530">
    <ele>2683.0</ele>
   </trkpt>
   <trkpt lat="-6.9015850" lon="108.4005410">
    <ele>2682.0</ele>
   </trkpt>
   <trkpt lat="-6.9015980" lon="108.4005290">
    <ele>2682.0</ele>
   </trkpt>
   <trkpt lat="-6.9016100" lon="108.4005210">
    <ele>2681.0</ele>
   </trkpt>
   <trkpt lat="-6.9016220" lon="108.4005130">
    <ele>2681.0</ele>
   </trkpt>
   <trkpt lat="-6.9016340" lon="108.4005080">
    <ele>2680.0</ele>
   </trkpt>
   <trkpt lat="-6.9016450" lon="108.4005030">
    <ele>2680.0</ele>
   </trkpt>
   <trkpt lat="-6.9016540" lon="108.4005020">
    <ele>2680.0</ele>
   </trkpt>
   <trkpt lat="-6.9016640" lon="108.4005000">
    <ele>2679.0</ele>
   </trkpt>
   <trkpt lat="-6.9016750" lon="108.4005030">
    <ele>2678.0</ele>
   </trkpt>
   <trkpt lat="-6.9016860" lon="108.4005060">
    <ele>2678.0</ele>
   </trkpt>
   <trkpt lat="-6.9016980" lon="108.4005040">
    <ele>2677.0</ele>
   </trkpt>
   <trkpt lat="-6.9017110" lon="108.4005030">
    <ele>2677.0</ele>
   </trkpt>
   <trkpt lat="-6.9017230" lon="108.4004980">
    <ele>2676.0</ele>
   </trkpt>
   <trkpt lat="-6.9017360" lon="108.4004920">
    <ele>2675.0</ele>
   </trkpt>
   <trkpt lat="-6.9017500" lon="108.4004850">
    <ele>2675.0</ele>
   </trkpt>
   <trkpt lat="-6.9017640" lon="108.4004780">
    <ele>2674.0</ele>
   </trkpt>
   <trkpt lat="-6.9017790" lon="108.4004720">
    <ele>2674.0</ele>
   </trkpt>
   <trkpt lat="-6.9017930" lon="108.4004650">
    <ele>2673.0</ele>
   </trkpt>
   <trkpt lat="-6.9018090" lon="108.4004600">
    <ele>2672.0</ele>
   </trkpt>
   <trkpt lat="-6.9018250" lon="108.4004540">
    <ele>2672.0</ele>
   </trkpt>
   <trkpt lat="-6.9018400" lon="108.4004490">
    <ele>2671.0</ele>
   </trkpt>
   <trkpt lat="-6.9018550" lon="108.4004440">
    <ele>2671.0</ele>
   </trkpt>
   <trkpt lat="-6.9018640" lon="108.4004440">
    <ele>2670.0</ele>
   </trkpt>
   <trkpt lat="-6.9018730" lon="108.4004440">
    <ele>2669.0</ele>
   </trkpt>
   <trkpt lat="-6.9018760" lon="108.4004510">
    <ele>2668.0</ele>
   </trkpt>
   <trkpt lat="-6.9018790" lon="108.4004590">
    <ele>2667.0</ele>
   </trkpt>
   <trkpt lat="-6.9018840" lon="108.4004710">
    <ele>2667.0</ele>
   </trkpt>
   <trkpt lat="-6.9018890" lon="108.4004840">
    <ele>2666.0</ele>
   </trkpt>
   <trkpt lat="-6.9019010" lon="108.4004940">
    <ele>2665.0</ele>
   </trkpt>
   <trkpt lat="-6.9019120" lon="108.4005040">
    <ele>2665.0</ele>
   </trkpt>
   <trkpt lat="-6.9019300" lon="108.4005070">
    <ele>2664.0</ele>
   </trkpt>
   <trkpt lat="-6.9019470" lon="108.4005110">
    <ele>2664.0</ele>
   </trkpt>
   <trkpt lat="-6.9019640" lon="108.4005050">
    <ele>2663.0</ele>
   </trkpt>
   <trkpt lat="-6.9019810" lon="108.4004980">
    <ele>2662.0</ele>
   </trkpt>
   <trkpt lat="-6.9019970" lon="108.4004860">
    <ele>2662.0</ele>
   </trkpt>
   <trkpt lat="-6.9020130" lon="108.4004740">
    <ele>2661.0</ele>
   </trkpt>
   <trkpt lat="-6.9020300" lon="108.4004600">
    <ele>2661.0</ele>
   </trkpt>
   <trkpt lat="-6.9020460" lon="108.4004450">
    <ele>2660.0</ele>
   </trkpt>
   <trkpt lat="-6.9020610" lon="108.4004330">
    <ele>2659.0</ele>
   </trkpt>
   <trkpt lat="-6.9020770" lon="108.4004200">
    <ele>2659.0</ele>
   </trkpt>
   <trkpt lat="-6.9020920" lon="108.4004150">
    <ele>2658.0</ele>
   </trkpt>
   <trkpt lat="-6.9021080" lon="108.4004090">
    <ele>2658.0</ele>
   </trkpt>
   <trkpt lat="-6.9021210" lon="108.4004030">
    <ele>2657.0</ele>
   </trkpt>
   <trkpt lat="-6.9021340" lon="108.4003970">
    <ele>2656.0</ele>
   </trkpt>
   <trkpt lat="-6.9021460" lon="108.4003890">
    <ele>2656.0</ele>
   </trkpt>
   <trkpt lat="-6.9021570" lon="108.4003810">
    <ele>2655.0</ele>
   </trkpt>
   <trkpt lat="-6.9021660" lon="108.4003760">
    <ele>2655.0</ele>
   </trkpt>
   <trkpt lat="-6.9021760" lon="108.4003730">
    <ele>2654.0</ele>
   </trkpt>
   <trkpt lat="-6.9021840" lon="108.4003740">
    <ele>2654.0</ele>
   </trkpt>
   <trkpt lat="-6.9021930" lon="108.4003760">
    <ele>2653.0</ele>
   </trkpt>
   <trkpt lat="-6.9022030" lon="108.4003780">
    <ele>2653.0</ele>
   </trkpt>
   <trkpt lat="-6.9022130" lon="108.4003800">
    <ele>2653.0</ele>
   </trkpt>
   <trkpt lat="-6.9022240" lon="108.4003790">
    <ele>2652.0</ele>
   </trkpt>
   <trkpt lat="-6.9022360" lon="108.4003780">
    <ele>2651.0</ele>
   </trkpt>
   <trkpt lat="-6.9022490" lon="108.4003770">
    <ele>2651.0</ele>
   </trkpt>
   <trkpt lat="-6.9022620" lon="108.4003750">
    <ele>2650.0</ele>
   </trkpt>
   <trkpt lat="-6.9022770" lon="108.4003740">
    <ele>2650.0</ele>
   </trkpt>
   <trkpt lat="-6.9022910" lon="108.4003730">
    <ele>2649.0</ele>
   </trkpt>
   <trkpt lat="-6.9023080" lon="108.4003710">
    <ele>2648.0</ele>
   </trkpt>
   <trkpt lat="-6.9023250" lon="108.4003700">
    <ele>2647.0</ele>
   </trkpt>
   <trkpt lat="-6.9023430" lon="108.4003660">
    <ele>2646.0</ele>
   </trkpt>
   <trkpt lat="-6.9023620" lon="108.4003630">
    <ele>2646.0</ele>
   </trkpt>
   <trkpt lat="-6.9023810" lon="108.4003580">
    <ele>2645.0</ele>
   </trkpt>
   <trkpt lat="-6.9024000" lon="108.4003540">
    <ele>2644.0</ele>
   </trkpt>
   <trkpt lat="-6.9024180" lon="108.4003510">
    <ele>2643.0</ele>
   </trkpt>
   <trkpt lat="-6.9024360" lon="108.4003470">
    <ele>2642.0</ele>
   </trkpt>
   <trkpt lat="-6.9024520" lon="108.4003460">
    <ele>2642.0</ele>
   </trkpt>
   <trkpt lat="-6.9024680" lon="108.4003450">
    <ele>2641.0</ele>
   </trkpt>
   <trkpt lat="-6.9024780" lon="108.4003500">
    <ele>2641.0</ele>
   </trkpt>
   <trkpt lat="-6.9024890" lon="108.4003540">
    <ele>2640.0</ele>
   </trkpt>
   <trkpt lat="-6.9024990" lon="108.4003630">
    <ele>2640.0</ele>
   </trkpt>
   <trkpt lat="-6.9025090" lon="108.4003720">
    <ele>2640.0</ele>
   </trkpt>
   <trkpt lat="-6.9025240" lon="108.4003770">
    <ele>2639.0</ele>
   </trkpt>
   <trkpt lat="-6.9025390" lon="108.4003820">
    <ele>2638.0</ele>
   </trkpt>
   <trkpt lat="-6.9025560" lon="108.4003800">
    <ele>2637.0</ele>
   </trkpt>
   <trkpt lat="-6.9025740" lon="108.4003790">
    <ele>2636.0</ele>
   </trkpt>
   <trkpt lat="-6.9025900" lon="108.4003710">
    <ele>2636.0</ele>
   </trkpt>
   <trkpt lat="-6.9026070" lon="108.4003630">
    <ele>2635.0</ele>
   </trkpt>
   <trkpt lat="-6.9026210" lon="108.4003510">
    <ele>2634.0</ele>
   </trkpt>
   <trkpt lat="-6.9026360" lon="108.4003390">
    <ele>2634.0</ele>
   </trkpt>
   <trkpt lat="-6.9026500" lon="108.4003300">
    <ele>2633.0</ele>
   </trkpt>
   <trkpt lat="-6.9026640" lon="108.4003200">
    <ele>2633.0</ele>
   </trkpt>
   <trkpt lat="-6.9026750" lon="108.4003150">
    <ele>2632.0</ele>
   </trkpt>
   <trkpt lat="-6.9026870" lon="108.4003090">
    <ele>2631.0</ele>
   </trkpt>
   <trkpt lat="-6.9027000" lon="108.4003060">
    <ele>2630.0</ele>
   </trkpt>
   <trkpt lat="-6.9027130" lon="108.4003040">
    <ele>2629.0</ele>
   </trkpt>
   <trkpt lat="-6.9027270" lon="108.4003000">
    <ele>2629.0</ele>
   </trkpt>
   <trkpt lat="-6.9027410" lon="108.4002970">
    <ele>2628.0</ele>
   </trkpt>
   <trkpt lat="-6.9027560" lon="108.4002920">
    <ele>2627.0</ele>
   </trkpt>
   <trkpt lat="-6.9027700" lon="108.4002860">
    <ele>2627.0</ele>
   </trkpt>
   <trkpt lat="-6.9027850" lon="108.4002840">
    <ele>2626.0</ele>
   </trkpt>
   <trkpt lat="-6.9028000" lon="108.4002810">
    <ele>2626.0</ele>
   </trkpt>
   <trkpt lat="-6.9028150" lon="108.4002810">
    <ele>2625.0</ele>
   </trkpt>
   <trkpt lat="-6.9028300" lon="108.4002820">
    <ele>2624.0</ele>
   </trkpt>
   <trkpt lat="-6.9028430" lon="108.4002860">
    <ele>2623.0</ele>
   </trkpt>
   <trkpt lat="-6.9028550" lon="108.4002890">
    <ele>2622.0</ele>
   </trkpt>
   <trkpt lat="-6.9028630" lon="108.4002910">
    <ele>2622.0</ele>
   </trkpt>
   <trkpt lat="-6.9028710" lon="108.4002940">
    <ele>2621.0</ele>
   </trkpt>
   <trkpt lat="-6.9028790" lon="108.4002960">
    <ele>2620.0</ele>
   </trkpt>
   <trkpt lat="-6.9028890" lon="108.4002940">
    <ele>2620.0</ele>
   </trkpt>
   <trkpt lat="-6.9028990" lon="108.4002920">
    <ele>2619.0</ele>
   </trkpt>
   <trkpt lat="-6.9029110" lon="108.4002850">
    <ele>2619.0</ele>
   </trkpt>
   <trkpt lat="-6.9029230" lon="108.4002780">
    <ele>2618.0</ele>
   </trkpt>
   <trkpt lat="-6.9029370" lon="108.4002700">
    <ele>2618.0</ele>
   </trkpt>
   <trkpt lat="-6.9029510" lon="108.4002610">
    <ele>2617.0</ele>
   </trkpt>
   <trkpt lat="-6.9029660" lon="108.4002570">
    <ele>2617.0</ele>
   </trkpt>
   <trkpt lat="-6.9029820" lon="108.4002530">
    <ele>2617.0</ele>
   </trkpt>
   <trkpt lat="-6.9029990" lon="108.4002510">
    <ele>2616.0</ele>
   </trkpt>
   <trkpt lat="-6.9030160" lon="108.4002490">
    <ele>2615.0</ele>
   </trkpt>
   <trkpt lat="-6.9030330" lon="108.4002450">
    <ele>2614.0</ele>
   </trkpt>
   <trkpt lat="-6.9030500" lon="108.4002400">
    <ele>2613.0</ele>
   </trkpt>
   <trkpt lat="-6.9030680" lon="108.4002330">
    <ele>2612.0</ele>
   </trkpt>
   <trkpt lat="-6.9030860" lon="108.4002270">
    <ele>2611.0</ele>
   </trkpt>
   <trkpt lat="-6.9031050" lon="108.4002210">
    <ele>2611.0</ele>
   </trkpt>
   <trkpt lat="-6.9031230" lon="108.4002160">
    <ele>2610.0</ele>
   </trkpt>
   <trkpt lat="-6.9031430" lon="108.4002130">
    <ele>2610.0</ele>
   </trkpt>
   <trkpt lat="-6.9031630" lon="108.4002110">
    <ele>2610.0</ele>
   </trkpt>
   <trkpt lat="-6.9031850" lon="108.4002090">
    <ele>2609.0</ele>
   </trkpt>
   <trkpt lat="-6.9032090" lon="108.4002070">
    <ele>2609.0</ele>
   </trkpt>
   <trkpt lat="-6.9032310" lon="108.4002030">
    <ele>2608.0</ele>
   </trkpt>
   <trkpt lat="-6.9032540" lon="108.4001990">
    <ele>2608.0</ele>
   </trkpt>
   <trkpt lat="-6.9032720" lon="108.4001910">
    <ele>2608.0</ele>
   </trkpt>
   <trkpt lat="-6.9032900" lon="108.4001830">
    <ele>2607.0</ele>
   </trkpt>
   <trkpt lat="-6.9033060" lon="108.4001720">
    <ele>2606.0</ele>
   </trkpt>
   <trkpt lat="-6.9033210" lon="108.4001610">
    <ele>2606.0</ele>
   </trkpt>
   <trkpt lat="-6.9033370" lon="108.4001490">
    <ele>2605.0</ele>
   </trkpt>
   <trkpt lat="-6.9033530" lon="108.4001360">
    <ele>2605.0</ele>
   </trkpt>
   <trkpt lat="-6.9033710" lon="108.4001230">
    <ele>2604.0</ele>
   </trkpt>
   <trkpt lat="-6.9033900" lon="108.4001100">
    <ele>2603.0</ele>
   </trkpt>
   <trkpt lat="-6.9034070" lon="108.4000980">
    <ele>2603.0</ele>
   </trkpt>
   <trkpt lat="-6.9034240" lon="108.4000860">
    <ele>2602.0</ele>
   </trkpt>
   <trkpt lat="-6.9034350" lon="108.4000740">
    <ele>2602.0</ele>
   </trkpt>
   <trkpt lat="-6.9034450" lon="108.4000620">
    <ele>2601.0</ele>
   </trkpt>
   <trkpt lat="-6.9034540" lon="108.4000540">
    <ele>2600.0</ele>
   </trkpt>
   <trkpt lat="-6.9034620" lon="108.4000460">
    <ele>2599.0</ele>
   </trkpt>
   <trkpt lat="-6.9034750" lon="108.4000410">
    <ele>2598.0</ele>
   </trkpt>
   <trkpt lat="-6.9034890" lon="108.4000360">
    <ele>2598.0</ele>
   </trkpt>
   <trkpt lat="-6.9035070" lon="108.4000340">
    <ele>2597.0</ele>
   </trkpt>
   <trkpt lat="-6.9035250" lon="108.4000320">
    <ele>2596.0</ele>
   </trkpt>
   <trkpt lat="-6.9035430" lon="108.4000320">
    <ele>2596.0</ele>
   </trkpt>
   <trkpt lat="-6.9035620" lon="108.4000320">
    <ele>2595.0</ele>
   </trkpt>
   <trkpt lat="-6.9035800" lon="108.4000330">
    <ele>2595.0</ele>
   </trkpt>
   <trkpt lat="-6.9035990" lon="108.4000340">
    <ele>2594.0</ele>
   </trkpt>
   <trkpt lat="-6.9036210" lon="108.4000380">
    <ele>2593.0</ele>
   </trkpt>
   <trkpt lat="-6.9036420" lon="108.4000420">
    <ele>2593.0</ele>
   </trkpt>
   <trkpt lat="-6.9036670" lon="108.4000430">
    <ele>2592.0</ele>
   </trkpt>
   <trkpt lat="-6.9036920" lon="108.4000460">
    <ele>2592.0</ele>
   </trkpt>
   <trkpt lat="-6.9037170" lon="108.4000430">
    <ele>2591.0</ele>
   </trkpt>
   <trkpt lat="-6.9037420" lon="108.4000390">
    <ele>2590.0</ele>
   </trkpt>
   <trkpt lat="-6.9037670" lon="108.4000350">
    <ele>2590.0</ele>
   </trkpt>
   <trkpt lat="-6.9037920" lon="108.4000310">
    <ele>2589.0</ele>
   </trkpt>
   <trkpt lat="-6.9038170" lon="108.4000280">
    <ele>2589.0</ele>
   </trkpt>
   <trkpt lat="-6.9038420" lon="108.4000260">
    <ele>2588.0</ele>
   </trkpt>
   <trkpt lat="-6.9038690" lon="108.4000240">
    <ele>2587.0</ele>
   </trkpt>
   <trkpt lat="-6.9038960" lon="108.4000230">
    <ele>2587.0</ele>
   </trkpt>
   <trkpt lat="-6.9039190" lon="108.4000230">
    <ele>2586.0</ele>
   </trkpt>
   <trkpt lat="-6.9039430" lon="108.4000240">
    <ele>2586.0</ele>
   </trkpt>
   <trkpt lat="-6.9039650" lon="108.4000250">
    <ele>2585.0</ele>
   </trkpt>
   <trkpt lat="-6.9039870" lon="108.4000250">
    <ele>2584.0</ele>
   </trkpt>
   <trkpt lat="-6.9040060" lon="108.4000210">
    <ele>2584.0</ele>
   </trkpt>
   <trkpt lat="-6.9040240" lon="108.4000170">
    <ele>2583.0</ele>
   </trkpt>
   <trkpt lat="-6.9040380" lon="108.4000180">
    <ele>2583.0</ele>
   </trkpt>
   <trkpt lat="-6.9040520" lon="108.4000200">
    <ele>2582.0</ele>
   </trkpt>
   <trkpt lat="-6.9040660" lon="108.4000230">
    <ele>2581.0</ele>
   </trkpt>
   <trkpt lat="-6.9040800" lon="108.4000270">
    <ele>2580.0</ele>
   </trkpt>
   <trkpt lat="-6.9040940" lon="108.4000280">
    <ele>2579.0</ele>
   </trkpt>
   <trkpt lat="-6.9041090" lon="108.4000290">
    <ele>2579.0</ele>
   </trkpt>
   <trkpt lat="-6.9041230" lon="108.4000320">
    <ele>2578.0</ele>
   </trkpt>
   <trkpt lat="-6.9041370" lon="108.4000340">
    <ele>2577.0</ele>
   </trkpt>
   <trkpt lat="-6.9041490" lon="108.4000380">
    <ele>2577.0</ele>
   </trkpt>
   <trkpt lat="-6.9041620" lon="108.4000430">
    <ele>2576.0</ele>
   </trkpt>
   <trkpt lat="-6.9041750" lon="108.4000480">
    <ele>2576.0</ele>
   </trkpt>
   <trkpt lat="-6.9041890" lon="108.4000540">
    <ele>2575.0</ele>
   </trkpt>
   <trkpt lat="-6.9042030" lon="108.4000560">
    <ele>2574.0</ele>
   </trkpt>
   <trkpt lat="-6.9042180" lon="108.4000570">
    <ele>2573.0</ele>
   </trkpt>
   <trkpt lat="-6.9042310" lon="108.4000580">
    <ele>2572.0</ele>
   </trkpt>
   <trkpt lat="-6.9042450" lon="108.4000580">
    <ele>2572.0</ele>
   </trkpt>
   <trkpt lat="-6.9042590" lon="108.4000600">
    <ele>2571.0</ele>
   </trkpt>
   <trkpt lat="-6.9042740" lon="108.4000620">
    <ele>2570.0</ele>
   </trkpt>
   <trkpt lat="-6.9042890" lon="108.4000660">
    <ele>2570.0</ele>
   </trkpt>
   <trkpt lat="-6.9043040" lon="108.4000710">
    <ele>2569.0</ele>
   </trkpt>
   <trkpt lat="-6.9043180" lon="108.4000710">
    <ele>2569.0</ele>
   </trkpt>
   <trkpt lat="-6.9043310" lon="108.4000720">
    <ele>2568.0</ele>
   </trkpt>
   <trkpt lat="-6.9043370" lon="108.4000670">
    <ele>2567.0</ele>
   </trkpt>
   <trkpt lat="-6.9043430" lon="108.4000610">
    <ele>2567.0</ele>
   </trkpt>
   <trkpt lat="-6.9043470" lon="108.4000530">
    <ele>2566.0</ele>
   </trkpt>
   <trkpt lat="-6.9043510" lon="108.4000450">
    <ele>2566.0</ele>
   </trkpt>
   <trkpt lat="-6.9043600" lon="108.4000400">
    <ele>2565.0</ele>
   </trkpt>
   <trkpt lat="-6.9043690" lon="108.4000350">
    <ele>2565.0</ele>
   </trkpt>
   <trkpt lat="-6.9043800" lon="108.4000330">
    <ele>2564.0</ele>
   </trkpt>
   <trkpt lat="-6.9043920" lon="108.4000310">
    <ele>2564.0</ele>
   </trkpt>
   <trkpt lat="-6.9044050" lon="108.4000300">
    <ele>2564.0</ele>
   </trkpt>
   <trkpt lat="-6.9044190" lon="108.4000280">
    <ele>2563.0</ele>
   </trkpt>
   <trkpt lat="-6.9044350" lon="108.4000230">
    <ele>2562.0</ele>
   </trkpt>
   <trkpt lat="-6.9044510" lon="108.4000190">
    <ele>2562.0</ele>
   </trkpt>
   <trkpt lat="-6.9044650" lon="108.4000110">
    <ele>2561.0</ele>
   </trkpt>
   <trkpt lat="-6.9044780" lon="108.4000040">
    <ele>2561.0</ele>
   </trkpt>
   <trkpt lat="-6.9044880" lon="108.3999970">
    <ele>2560.0</ele>
   </trkpt>
   <trkpt lat="-6.9044980" lon="108.3999900">
    <ele>2559.0</ele>
   </trkpt>
   <trkpt lat="-6.9045000" lon="108.3999880">
    <ele>2559.0</ele>
   </trkpt>
   <trkpt lat="-6.9045020" lon="108.3999860">
    <ele>2558.0</ele>
   </trkpt>
   <trkpt lat="-6.9045050" lon="108.3999830">
    <ele>2558.0</ele>
   </trkpt>
   <trkpt lat="-6.9045100" lon="108.3999780">
    <ele>2557.0</ele>
   </trkpt>
   <trkpt lat="-6.9045150" lon="108.3999730">
    <ele>2557.0</ele>
   </trkpt>
   <trkpt lat="-6.9045230" lon="108.3999690">
    <ele>2556.0</ele>
   </trkpt>
   <trkpt lat="-6.9045320" lon="108.3999640">
    <ele>2556.0</ele>
   </trkpt>
   <trkpt lat="-6.9045480" lon="108.3999610">
    <ele>2556.0</ele>
   </trkpt>
   <trkpt lat="-6.9045650" lon="108.3999580">
    <ele>2555.0</ele>
   </trkpt>
   <trkpt lat="-6.9045820" lon="108.3999490">
    <ele>2554.0</ele>
   </trkpt>
   <trkpt lat="-6.9046000" lon="108.3999410">
    <ele>2554.0</ele>
   </trkpt>
   <trkpt lat="-6.9046130" lon="108.3999250">
    <ele>2553.0</ele>
   </trkpt>
   <trkpt lat="-6.9046270" lon="108.3999090">
    <ele>2553.0</ele>
   </trkpt>
   <trkpt lat="-6.9046390" lon="108.3998920">
    <ele>2552.0</ele>
   </trkpt>
   <trkpt lat="-6.9046520" lon="108.3998740">
    <ele>2551.0</ele>
   </trkpt>
   <trkpt lat="-6.9046650" lon="108.3998590">
    <ele>2551.0</ele>
   </trkpt>
   <trkpt lat="-6.9046780" lon="108.3998430">
    <ele>2550.0</ele>
   </trkpt>
   <trkpt lat="-6.9046900" lon="108.3998290">
    <ele>2550.0</ele>
   </trkpt>
   <trkpt lat="-6.9047020" lon="108.3998160">
    <ele>2549.0</ele>
   </trkpt>
   <trkpt lat="-6.9047120" lon="108.3998020">
    <ele>2548.0</ele>
   </trkpt>
   <trkpt lat="-6.9047220" lon="108.3997880">
    <ele>2548.0</ele>
   </trkpt>
   <trkpt lat="-6.9047330" lon="108.3997750">
    <ele>2547.0</ele>
   </trkpt>
   <trkpt lat="-6.9047440" lon="108.3997620">
    <ele>2547.0</ele>
   </trkpt>
   <trkpt lat="-6.9047590" lon="108.3997520">
    <ele>2546.0</ele>
   </trkpt>
   <trkpt lat="-6.9047730" lon="108.3997420">
    <ele>2546.0</ele>
   </trkpt>
   <trkpt lat="-6.9047880" lon="108.3997360">
    <ele>2545.0</ele>
   </trkpt>
   <trkpt lat="-6.9048020" lon="108.3997300">
    <ele>2545.0</ele>
   </trkpt>
   <trkpt lat="-6.9048110" lon="108.3997230">
    <ele>2545.0</ele>
   </trkpt>
   <trkpt lat="-6.9048200" lon="108.3997160">
    <ele>2544.0</ele>
   </trkpt>
   <trkpt lat="-6.9048220" lon="108.3997060">
    <ele>2543.0</ele>
   </trkpt>
   <trkpt lat="-6.9048240" lon="108.3996960">
    <ele>2543.0</ele>
   </trkpt>
   <trkpt lat="-6.9048280" lon="108.3996920">
    <ele>2542.0</ele>
   </trkpt>
   <trkpt lat="-6.9048320" lon="108.3996880">
    <ele>2542.0</ele>
   </trkpt>
   <trkpt lat="-6.9048400" lon="108.3996890">
    <ele>2541.0</ele>
   </trkpt>
   <trkpt lat="-6.9048480" lon="108.3996910">
    <ele>2540.0</ele>
   </trkpt>
   <trkpt lat="-6.9048570" lon="108.3996890">
    <ele>2540.0</ele>
   </trkpt>
   <trkpt lat="-6.9048660" lon="108.3996870">
    <ele>2539.0</ele>
   </trkpt>
   <trkpt lat="-6.9048750" lon="108.3996810">
    <ele>2539.0</ele>
   </trkpt>
   <trkpt lat="-6.9048850" lon="108.3996760">
    <ele>2538.0</ele>
   </trkpt>
   <trkpt lat="-6.9048980" lon="108.3996690">
    <ele>2538.0</ele>
   </trkpt>
   <trkpt lat="-6.9049100" lon="108.3996630">
    <ele>2537.0</ele>
   </trkpt>
   <trkpt lat="-6.9049270" lon="108.3996570">
    <ele>2537.0</ele>
   </trkpt>
   <trkpt lat="-6.9049440" lon="108.3996500">
    <ele>2537.0</ele>
   </trkpt>
   <trkpt lat="-6.9049620" lon="108.3996440">
    <ele>2536.0</ele>
   </trkpt>
   <trkpt lat="-6.9049800" lon="108.3996390">
    <ele>2535.0</ele>
   </trkpt>
   <trkpt lat="-6.9049970" lon="108.3996310">
    <ele>2535.0</ele>
   </trkpt>
   <trkpt lat="-6.9050150" lon="108.3996220">
    <ele>2534.0</ele>
   </trkpt>
   <trkpt lat="-6.9050290" lon="108.3996110">
    <ele>2534.0</ele>
   </trkpt>
   <trkpt lat="-6.9050430" lon="108.3995990">
    <ele>2533.0</ele>
   </trkpt>
   <trkpt lat="-6.9050590" lon="108.3995910">
    <ele>2532.0</ele>
   </trkpt>
   <trkpt lat="-6.9050750" lon="108.3995830">
    <ele>2532.0</ele>
   </trkpt>
   <trkpt lat="-6.9050920" lon="108.3995780">
    <ele>2531.0</ele>
   </trkpt>
   <trkpt lat="-6.9051090" lon="108.3995730">
    <ele>2531.0</ele>
   </trkpt>
   <trkpt lat="-6.9051280" lon="108.3995670">
    <ele>2530.0</ele>
   </trkpt>
   <trkpt lat="-6.9051460" lon="108.3995610">
    <ele>2530.0</ele>
   </trkpt>
   <trkpt lat="-6.9051620" lon="108.3995480">
    <ele>2529.0</ele>
   </trkpt>
   <trkpt lat="-6.9051780" lon="108.3995350">
    <ele>2529.0</ele>
   </trkpt>
   <trkpt lat="-6.9051890" lon="108.3995170">
    <ele>2529.0</ele>
   </trkpt>
   <trkpt lat="-6.9052000" lon="108.3994990">
    <ele>2528.0</ele>
   </trkpt>
   <trkpt lat="-6.9052070" lon="108.3994810">
    <ele>2528.0</ele>
   </trkpt>
   <trkpt lat="-6.9052140" lon="108.3994630">
    <ele>2527.0</ele>
   </trkpt>
   <trkpt lat="-6.9052220" lon="108.3994480">
    <ele>2527.0</ele>
   </trkpt>
   <trkpt lat="-6.9052310" lon="108.3994330">
    <ele>2527.0</ele>
   </trkpt>
   <trkpt lat="-6.9052440" lon="108.3994210">
    <ele>2526.0</ele>
   </trkpt>
   <trkpt lat="-6.9052560" lon="108.3994100">
    <ele>2526.0</ele>
   </trkpt>
   <trkpt lat="-6.9052700" lon="108.3994020">
    <ele>2525.0</ele>
   </trkpt>
   <trkpt lat="-6.9052830" lon="108.3993940">
    <ele>2525.0</ele>
   </trkpt>
   <trkpt lat="-6.9052980" lon="108.3993870">
    <ele>2525.0</ele>
   </trkpt>
   <trkpt lat="-6.9053130" lon="108.3993790">
    <ele>2524.0</ele>
   </trkpt>
   <trkpt lat="-6.9053260" lon="108.3993680">
    <ele>2523.0</ele>
   </trkpt>
   <trkpt lat="-6.9053390" lon="108.3993560">
    <ele>2523.0</ele>
   </trkpt>
   <trkpt lat="-6.9053520" lon="108.3993390">
    <ele>2522.0</ele>
   </trkpt>
   <trkpt lat="-6.9053650" lon="108.3993220">
    <ele>2522.0</ele>
   </trkpt>
   <trkpt lat="-6.9053780" lon="108.3993090">
    <ele>2521.0</ele>
   </trkpt>
   <trkpt lat="-6.9053920" lon="108.3992950">
    <ele>2521.0</ele>
   </trkpt>
   <trkpt lat="-6.9054060" lon="108.3992890">
    <ele>2520.0</ele>
   </trkpt>
   <trkpt lat="-6.9054200" lon="108.3992840">
    <ele>2520.0</ele>
   </trkpt>
   <trkpt lat="-6.9054360" lon="108.3992830">
    <ele>2520.0</ele>
   </trkpt>
   <trkpt lat="-6.9054520" lon="108.3992830">
    <ele>2519.0</ele>
   </trkpt>
   <trkpt lat="-6.9054710" lon="108.3992800">
    <ele>2518.0</ele>
   </trkpt>
   <trkpt lat="-6.9054900" lon="108.3992780">
    <ele>2518.0</ele>
   </trkpt>
   <trkpt lat="-6.9055110" lon="108.3992710">
    <ele>2517.0</ele>
   </trkpt>
   <trkpt lat="-6.9055330" lon="108.3992650">
    <ele>2517.0</ele>
   </trkpt>
   <trkpt lat="-6.9055530" lon="108.3992560">
    <ele>2516.0</ele>
   </trkpt>
   <trkpt lat="-6.9055730" lon="108.3992460">
    <ele>2515.0</ele>
   </trkpt>
   <trkpt lat="-6.9055900" lon="108.3992350">
    <ele>2515.0</ele>
   </trkpt>
   <trkpt lat="-6.9056080" lon="108.3992230">
    <ele>2514.0</ele>
   </trkpt>
   <trkpt lat="-6.9056220" lon="108.3992090">
    <ele>2514.0</ele>
   </trkpt>
   <trkpt lat="-6.9056360" lon="108.3991950">
    <ele>2513.0</ele>
   </trkpt>
   <trkpt lat="-6.9056450" lon="108.3991810">
    <ele>2513.0</ele>
   </trkpt>
   <trkpt lat="-6.9056540" lon="108.3991670">
    <ele>2512.0</ele>
   </trkpt>
   <trkpt lat="-6.9056600" lon="108.3991540">
    <ele>2512.0</ele>
   </trkpt>
   <trkpt lat="-6.9056670" lon="108.3991410">
    <ele>2512.0</ele>
   </trkpt>
   <trkpt lat="-6.9056740" lon="108.3991310">
    <ele>2511.0</ele>
   </trkpt>
   <trkpt lat="-6.9056820" lon="108.3991220">
    <ele>2510.0</ele>
   </trkpt>
   <trkpt lat="-6.9056930" lon="108.3991120">
    <ele>2510.0</ele>
   </trkpt>
   <trkpt lat="-6.9057030" lon="108.3991030">
    <ele>2509.0</ele>
   </trkpt>
   <trkpt lat="-6.9057150" lon="108.3990940">
    <ele>2509.0</ele>
   </trkpt>
   <trkpt lat="-6.9057270" lon="108.3990860">
    <ele>2508.0</ele>
   </trkpt>
   <trkpt lat="-6.9057400" lon="108.3990780">
    <ele>2507.0</ele>
   </trkpt>
   <trkpt lat="-6.9057530" lon="108.3990710">
    <ele>2507.0</ele>
   </trkpt>
   <trkpt lat="-6.9057680" lon="108.3990670">
    <ele>2506.0</ele>
   </trkpt>
   <trkpt lat="-6.9057830" lon="108.3990640">
    <ele>2506.0</ele>
   </trkpt>
   <trkpt lat="-6.9058030" lon="108.3990600">
    <ele>2505.0</ele>
   </trkpt>
   <trkpt lat="-6.9058220" lon="108.3990570">
    <ele>2504.0</ele>
   </trkpt>
   <trkpt lat="-6.9058450" lon="108.3990500">
    <ele>2504.0</ele>
   </trkpt>
   <trkpt lat="-6.9058680" lon="108.3990430">
    <ele>2503.0</ele>
   </trkpt>
   <trkpt lat="-6.9058900" lon="108.3990300">
    <ele>2503.0</ele>
   </trkpt>
   <trkpt lat="-6.9059130" lon="108.3990160">
    <ele>2502.0</ele>
   </trkpt>
   <trkpt lat="-6.9059340" lon="108.3989950">
    <ele>2502.0</ele>
   </trkpt>
   <trkpt lat="-6.9059560" lon="108.3989740">
    <ele>2502.0</ele>
   </trkpt>
   <trkpt lat="-6.9059780" lon="108.3989540">
    <ele>2502.0</ele>
   </trkpt>
   <trkpt lat="-6.9060010" lon="108.3989350">
    <ele>2502.0</ele>
   </trkpt>
   <trkpt lat="-6.9060230" lon="108.3989200">
    <ele>2501.0</ele>
   </trkpt>
   <trkpt lat="-6.9060450" lon="108.3989050">
    <ele>2501.0</ele>
   </trkpt>
   <trkpt lat="-6.9060650" lon="108.3988950">
    <ele>2500.0</ele>
   </trkpt>
   <trkpt lat="-6.9060850" lon="108.3988850">
    <ele>2500.0</ele>
   </trkpt>
   <trkpt lat="-6.9061030" lon="108.3988780">
    <ele>2500.0</ele>
   </trkpt>
   <trkpt lat="-6.9061210" lon="108.3988720">
    <ele>2499.0</ele>
   </trkpt>
   <trkpt lat="-6.9061400" lon="108.3988710">
    <ele>2499.0</ele>
   </trkpt>
   <trkpt lat="-6.9061590" lon="108.3988690">
    <ele>2498.0</ele>
   </trkpt>
   <trkpt lat="-6.9061790" lon="108.3988680">
    <ele>2498.0</ele>
   </trkpt>
   <trkpt lat="-6.9061990" lon="108.3988680">
    <ele>2498.0</ele>
   </trkpt>
   <trkpt lat="-6.9062170" lon="108.3988680">
    <ele>2497.0</ele>
   </trkpt>
   <trkpt lat="-6.9062370" lon="108.3988680">
    <ele>2496.0</ele>
   </trkpt>
   <trkpt lat="-6.9062550" lon="108.3988680">
    <ele>2496.0</ele>
   </trkpt>
   <trkpt lat="-6.9062730" lon="108.3988690">
    <ele>2495.0</ele>
   </trkpt>
   <trkpt lat="-6.9062900" lon="108.3988690">
    <ele>2495.0</ele>
   </trkpt>
   <trkpt lat="-6.9063070" lon="108.3988690">
    <ele>2494.0</ele>
   </trkpt>
   <trkpt lat="-6.9063240" lon="108.3988690">
    <ele>2494.0</ele>
   </trkpt>
   <trkpt lat="-6.9063410" lon="108.3988690">
    <ele>2493.0</ele>
   </trkpt>
   <trkpt lat="-6.9063590" lon="108.3988700">
    <ele>2493.0</ele>
   </trkpt>
   <trkpt lat="-6.9063760" lon="108.3988710">
    <ele>2493.0</ele>
   </trkpt>
   <trkpt lat="-6.9063930" lon="108.3988750">
    <ele>2492.0</ele>
   </trkpt>
   <trkpt lat="-6.9064110" lon="108.3988780">
    <ele>2492.0</ele>
   </trkpt>
   <trkpt lat="-6.9064260" lon="108.3988830">
    <ele>2492.0</ele>
   </trkpt>
   <trkpt lat="-6.9064420" lon="108.3988880">
    <ele>2492.0</ele>
   </trkpt>
   <trkpt lat="-6.9064590" lon="108.3988900">
    <ele>2492.0</ele>
   </trkpt>
   <trkpt lat="-6.9064760" lon="108.3988930">
    <ele>2491.0</ele>
   </trkpt>
   <trkpt lat="-6.9064930" lon="108.3988900">
    <ele>2490.0</ele>
   </trkpt>
   <trkpt lat="-6.9065110" lon="108.3988880">
    <ele>2490.0</ele>
   </trkpt>
   <trkpt lat="-6.9065250" lon="108.3988800">
    <ele>2489.0</ele>
   </trkpt>
   <trkpt lat="-6.9065390" lon="108.3988720">
    <ele>2489.0</ele>
   </trkpt>
   <trkpt lat="-6.9065490" lon="108.3988610">
    <ele>2488.0</ele>
   </trkpt>
   <trkpt lat="-6.9065590" lon="108.3988490">
    <ele>2487.0</ele>
   </trkpt>
   <trkpt lat="-6.9065660" lon="108.3988380">
    <ele>2487.0</ele>
   </trkpt>
   <trkpt lat="-6.9065730" lon="108.3988270">
    <ele>2486.0</ele>
   </trkpt>
   <trkpt lat="-6.9065810" lon="108.3988190">
    <ele>2486.0</ele>
   </trkpt>
   <trkpt lat="-6.9065900" lon="108.3988110">
    <ele>2485.0</ele>
   </trkpt>
   <trkpt lat="-6.9066010" lon="108.3988050">
    <ele>2484.0</ele>
   </trkpt>
   <trkpt lat="-6.9066120" lon="108.3987980">
    <ele>2484.0</ele>
   </trkpt>
   <trkpt lat="-6.9066190" lon="108.3987970">
    <ele>2483.0</ele>
   </trkpt>
   <trkpt lat="-6.9066260" lon="108.3987950">
    <ele>2483.0</ele>
   </trkpt>
   <trkpt lat="-6.9066340" lon="108.3987940">
    <ele>2482.0</ele>
   </trkpt>
   <trkpt lat="-6.9066420" lon="108.3987930">
    <ele>2481.0</ele>
   </trkpt>
   <trkpt lat="-6.9066490" lon="108.3987920">
    <ele>2481.0</ele>
   </trkpt>
   <trkpt lat="-6.9066570" lon="108.3987910">
    <ele>2480.0</ele>
   </trkpt>
   <trkpt lat="-6.9066640" lon="108.3987900">
    <ele>2480.0</ele>
   </trkpt>
   <trkpt lat="-6.9066710" lon="108.3987890">
    <ele>2479.0</ele>
   </trkpt>
   <trkpt lat="-6.9066790" lon="108.3987870">
    <ele>2478.0</ele>
   </trkpt>
   <trkpt lat="-6.9066860" lon="108.3987820">
    <ele>2478.0</ele>
   </trkpt>
   <trkpt lat="-6.9066940" lon="108.3987780">
    <ele>2477.0</ele>
   </trkpt>
   <trkpt lat="-6.9066990" lon="108.3987690">
    <ele>2477.0</ele>
   </trkpt>
   <trkpt lat="-6.9067050" lon="108.3987600">
    <ele>2476.0</ele>
   </trkpt>
   <trkpt lat="-6.9067070" lon="108.3987470">
    <ele>2475.0</ele>
   </trkpt>
   <trkpt lat="-6.9067090" lon="108.3987330">
    <ele>2475.0</ele>
   </trkpt>
   <trkpt lat="-6.9067090" lon="108.3987190">
    <ele>2474.0</ele>
   </trkpt>
   <trkpt lat="-6.9067080" lon="108.3987040">
    <ele>2474.0</ele>
   </trkpt>
   <trkpt lat="-6.9067080" lon="108.3986870">
    <ele>2473.0</ele>
   </trkpt>
   <trkpt lat="-6.9067070" lon="108.3986710">
    <ele>2473.0</ele>
   </trkpt>
   <trkpt lat="-6.9067110" lon="108.3986570">
    <ele>2472.0</ele>
   </trkpt>
   <trkpt lat="-6.9067150" lon="108.3986440">
    <ele>2472.0</ele>
   </trkpt>
   <trkpt lat="-6.9067260" lon="108.3986390">
    <ele>2472.0</ele>
   </trkpt>
   <trkpt lat="-6.9067360" lon="108.3986350">
    <ele>2471.0</ele>
   </trkpt>
   <trkpt lat="-6.9067520" lon="108.3986370">
    <ele>2471.0</ele>
   </trkpt>
   <trkpt lat="-6.9067670" lon="108.3986390">
    <ele>2470.0</ele>
   </trkpt>
   <trkpt lat="-6.9067830" lon="108.3986400">
    <ele>2470.0</ele>
   </trkpt>
   <trkpt lat="-6.9068000" lon="108.3986410">
    <ele>2470.0</ele>
   </trkpt>
   <trkpt lat="-6.9068150" lon="108.3986370">
    <ele>2469.0</ele>
   </trkpt>
   <trkpt lat="-6.9068310" lon="108.3986330">
    <ele>2468.0</ele>
   </trkpt>
   <trkpt lat="-6.9068420" lon="108.3986270">
    <ele>2468.0</ele>
   </trkpt>
   <trkpt lat="-6.9068540" lon="108.3986210">
    <ele>2467.0</ele>
   </trkpt>
   <trkpt lat="-6.9068610" lon="108.3986190">
    <ele>2467.0</ele>
   </trkpt>
   <trkpt lat="-6.9068680" lon="108.3986170">
    <ele>2466.0</ele>
   </trkpt>
   <trkpt lat="-6.9068740" lon="108.3986200">
    <ele>2466.0</ele>
   </trkpt>
   <trkpt lat="-6.9068800" lon="108.3986220">
    <ele>2465.0</ele>
   </trkpt>
   <trkpt lat="-6.9068860" lon="108.3986250">
    <ele>2465.0</ele>
   </trkpt>
   <trkpt lat="-6.9068920" lon="108.3986270">
    <ele>2465.0</ele>
   </trkpt>
   <trkpt lat="-6.9069000" lon="108.3986270">
    <ele>2464.0</ele>
   </trkpt>
   <trkpt lat="-6.9069090" lon="108.3986270">
    <ele>2464.0</ele>
   </trkpt>
   <trkpt lat="-6.9069230" lon="108.3986220">
    <ele>2463.0</ele>
   </trkpt>
   <trkpt lat="-6.9069370" lon="108.3986170">
    <ele>2463.0</ele>
   </trkpt>
   <trkpt lat="-6.9069550" lon="108.3986100">
    <ele>2463.0</ele>
   </trkpt>
   <trkpt lat="-6.9069740" lon="108.3986030">
    <ele>2462.0</ele>
   </trkpt>
   <trkpt lat="-6.9069940" lon="108.3985980">
    <ele>2461.0</ele>
   </trkpt>
   <trkpt lat="-6.9070140" lon="108.3985930">
    <ele>2461.0</ele>
   </trkpt>
   <trkpt lat="-6.9070360" lon="108.3985880">
    <ele>2460.0</ele>
   </trkpt>
   <trkpt lat="-6.9070580" lon="108.3985840">
    <ele>2460.0</ele>
   </trkpt>
   <trkpt lat="-6.9070760" lon="108.3985730">
    <ele>2459.0</ele>
   </trkpt>
   <trkpt lat="-6.9070950" lon="108.3985620">
    <ele>2458.0</ele>
   </trkpt>
   <trkpt lat="-6.9071000" lon="108.3985460">
    <ele>2458.0</ele>
   </trkpt>
   <trkpt lat="-6.9071050" lon="108.3985290">
    <ele>2457.0</ele>
   </trkpt>
   <trkpt lat="-6.9071030" lon="108.3985100">
    <ele>2457.0</ele>
   </trkpt>
   <trkpt lat="-6.9071010" lon="108.3984910">
    <ele>2456.0</ele>
   </trkpt>
   <trkpt lat="-6.9071030" lon="108.3984720">
    <ele>2455.0</ele>
   </trkpt>
   <trkpt lat="-6.9071050" lon="108.3984530">
    <ele>2455.0</ele>
   </trkpt>
   <trkpt lat="-6.9071130" lon="108.3984340">
    <ele>2454.0</ele>
   </trkpt>
   <trkpt lat="-6.9071220" lon="108.3984150">
    <ele>2454.0</ele>
   </trkpt>
   <trkpt lat="-6.9071350" lon="108.3983990">
    <ele>2453.0</ele>
   </trkpt>
   <trkpt lat="-6.9071480" lon="108.3983840">
    <ele>2453.0</ele>
   </trkpt>
   <trkpt lat="-6.9071650" lon="108.3983720">
    <ele>2452.0</ele>
   </trkpt>
   <trkpt lat="-6.9071820" lon="108.3983600">
    <ele>2452.0</ele>
   </trkpt>
   <trkpt lat="-6.9071950" lon="108.3983510">
    <ele>2452.0</ele>
   </trkpt>
   <trkpt lat="-6.9072080" lon="108.3983410">
    <ele>2451.0</ele>
   </trkpt>
   <trkpt lat="-6.9072120" lon="108.3983320">
    <ele>2450.0</ele>
   </trkpt>
   <trkpt lat="-6.9072170" lon="108.3983230">
    <ele>2449.0</ele>
   </trkpt>
   <trkpt lat="-6.9072150" lon="108.3983130">
    <ele>2448.0</ele>
   </trkpt>
   <trkpt lat="-6.9072140" lon="108.3983030">
    <ele>2448.0</ele>
   </trkpt>
   <trkpt lat="-6.9072170" lon="108.3982920">
    <ele>2447.0</ele>
   </trkpt>
   <trkpt lat="-6.9072200" lon="108.3982820">
    <ele>2447.0</ele>
   </trkpt>
   <trkpt lat="-6.9072300" lon="108.3982720">
    <ele>2446.0</ele>
   </trkpt>
   <trkpt lat="-6.9072400" lon="108.3982620">
    <ele>2446.0</ele>
   </trkpt>
   <trkpt lat="-6.9072530" lon="108.3982540">
    <ele>2446.0</ele>
   </trkpt>
   <trkpt lat="-6.9072670" lon="108.3982470">
    <ele>2445.0</ele>
   </trkpt>
   <trkpt lat="-6.9072790" lon="108.3982420">
    <ele>2444.0</ele>
   </trkpt>
   <trkpt lat="-6.9072920" lon="108.3982370">
    <ele>2443.0</ele>
   </trkpt>
   <trkpt lat="-6.9073000" lon="108.3982300">
    <ele>2442.0</ele>
   </trkpt>
   <trkpt lat="-6.9073080" lon="108.3982230">
    <ele>2442.0</ele>
   </trkpt>
   <trkpt lat="-6.9073170" lon="108.3982160">
    <ele>2441.0</ele>
   </trkpt>
   <trkpt lat="-6.9073270" lon="108.3982100">
    <ele>2441.0</ele>
   </trkpt>
   <trkpt lat="-6.9073380" lon="108.3982060">
    <ele>2440.0</ele>
   </trkpt>
   <trkpt lat="-6.9073490" lon="108.3982020">
    <ele>2440.0</ele>
   </trkpt>
   <trkpt lat="-6.9073610" lon="108.3982020">
    <ele>2440.0</ele>
   </trkpt>
   <trkpt lat="-6.9073740" lon="108.3982020">
    <ele>2439.0</ele>
   </trkpt>
   <trkpt lat="-6.9073880" lon="108.3982010">
    <ele>2439.0</ele>
   </trkpt>
   <trkpt lat="-6.9074030" lon="108.3982010">
    <ele>2438.0</ele>
   </trkpt>
   <trkpt lat="-6.9074140" lon="108.3982000">
    <ele>2438.0</ele>
   </trkpt>
   <trkpt lat="-6.9074260" lon="108.3981980">
    <ele>2438.0</ele>
   </trkpt>
   <trkpt lat="-6.9074350" lon="108.3981990">
    <ele>2437.0</ele>
   </trkpt>
   <trkpt lat="-6.9074450" lon="108.3982000">
    <ele>2436.0</ele>
   </trkpt>
   <trkpt lat="-6.9074510" lon="108.3982040">
    <ele>2435.0</ele>
   </trkpt>
   <trkpt lat="-6.9074570" lon="108.3982070">
    <ele>2434.0</ele>
   </trkpt>
   <trkpt lat="-6.9074610" lon="108.3982130">
    <ele>2434.0</ele>
   </trkpt>
   <trkpt lat="-6.9074650" lon="108.3982180">
    <ele>2433.0</ele>
   </trkpt>
   <trkpt lat="-6.9074690" lon="108.3982240">
    <ele>2432.0</ele>
   </trkpt>
   <trkpt lat="-6.9074740" lon="108.3982310">
    <ele>2432.0</ele>
   </trkpt>
   <trkpt lat="-6.9074780" lon="108.3982350">
    <ele>2431.0</ele>
   </trkpt>
   <trkpt lat="-6.9074820" lon="108.3982390">
    <ele>2431.0</ele>
   </trkpt>
   <trkpt lat="-6.9074860" lon="108.3982430">
    <ele>2430.0</ele>
   </trkpt>
   <trkpt lat="-6.9074910" lon="108.3982480">
    <ele>2429.0</ele>
   </trkpt>
   <trkpt lat="-6.9074960" lon="108.3982530">
    <ele>2429.0</ele>
   </trkpt>
   <trkpt lat="-6.9075020" lon="108.3982570">
    <ele>2428.0</ele>
   </trkpt>
   <trkpt lat="-6.9075080" lon="108.3982610">
    <ele>2428.0</ele>
   </trkpt>
   <trkpt lat="-6.9075170" lon="108.3982650">
    <ele>2427.0</ele>
   </trkpt>
   <trkpt lat="-6.9075260" lon="108.3982690">
    <ele>2426.0</ele>
   </trkpt>
   <trkpt lat="-6.9075380" lon="108.3982770">
    <ele>2425.0</ele>
   </trkpt>
   <trkpt lat="-6.9075500" lon="108.3982840">
    <ele>2424.0</ele>
   </trkpt>
   <trkpt lat="-6.9075610" lon="108.3982940">
    <ele>2424.0</ele>
   </trkpt>
   <trkpt lat="-6.9075720" lon="108.3983030">
    <ele>2423.0</ele>
   </trkpt>
   <trkpt lat="-6.9075830" lon="108.3983070">
    <ele>2423.0</ele>
   </trkpt>
   <trkpt lat="-6.9075940" lon="108.3983100">
    <ele>2422.0</ele>
   </trkpt>
   <trkpt lat="-6.9076070" lon="108.3983050">
    <ele>2422.0</ele>
   </trkpt>
   <trkpt lat="-6.9076200" lon="108.3983000">
    <ele>2422.0</ele>
   </trkpt>
   <trkpt lat="-6.9076310" lon="108.3982860">
    <ele>2421.0</ele>
   </trkpt>
   <trkpt lat="-6.9076430" lon="108.3982730">
    <ele>2420.0</ele>
   </trkpt>
   <trkpt lat="-6.9076490" lon="108.3982580">
    <ele>2419.0</ele>
   </trkpt>
   <trkpt lat="-6.9076540" lon="108.3982430">
    <ele>2418.0</ele>
   </trkpt>
   <trkpt lat="-6.9076570" lon="108.3982300">
    <ele>2418.0</ele>
   </trkpt>
   <trkpt lat="-6.9076610" lon="108.3982180">
    <ele>2417.0</ele>
   </trkpt>
   <trkpt lat="-6.9076650" lon="108.3982080">
    <ele>2417.0</ele>
   </trkpt>
   <trkpt lat="-6.9076690" lon="108.3981980">
    <ele>2416.0</ele>
   </trkpt>
   <trkpt lat="-6.9076770" lon="108.3981940">
    <ele>2416.0</ele>
   </trkpt>
   <trkpt lat="-6.9076850" lon="108.3981890">
    <ele>2416.0</ele>
   </trkpt>
   <trkpt lat="-6.9076980" lon="108.3981890">
    <ele>2415.0</ele>
   </trkpt>
   <trkpt lat="-6.9077110" lon="108.3981890">
    <ele>2414.0</ele>
   </trkpt>
   <trkpt lat="-6.9077210" lon="108.3981900">
    <ele>2413.0</ele>
   </trkpt>
   <trkpt lat="-6.9077310" lon="108.3981910">
    <ele>2412.0</ele>
   </trkpt>
   <trkpt lat="-6.9077420" lon="108.3981920">
    <ele>2412.0</ele>
   </trkpt>
   <trkpt lat="-6.9077520" lon="108.3981900">
    <ele>2411.0</ele>
   </trkpt>
   <trkpt lat="-6.9077630" lon="108.3981880">
    <ele>2410.0</ele>
   </trkpt>
   <trkpt lat="-6.9077690" lon="108.3981840">
    <ele>2409.0</ele>
   </trkpt>
   <trkpt lat="-6.9077750" lon="108.3981810">
    <ele>2408.0</ele>
   </trkpt>
   <trkpt lat="-6.9077810" lon="108.3981750">
    <ele>2408.0</ele>
   </trkpt>
   <trkpt lat="-6.9077870" lon="108.3981690">
    <ele>2407.0</ele>
   </trkpt>
   <trkpt lat="-6.9077940" lon="108.3981590">
    <ele>2406.0</ele>
   </trkpt>
   <trkpt lat="-6.9078010" lon="108.3981480">
    <ele>2406.0</ele>
   </trkpt>
   <trkpt lat="-6.9078060" lon="108.3981340">
    <ele>2405.0</ele>
   </trkpt>
   <trkpt lat="-6.9078110" lon="108.3981210">
    <ele>2405.0</ele>
   </trkpt>
   <trkpt lat="-6.9078180" lon="108.3981090">
    <ele>2404.0</ele>
   </trkpt>
   <trkpt lat="-6.9078240" lon="108.3980980">
    <ele>2403.0</ele>
   </trkpt>
   <trkpt lat="-6.9078340" lon="108.3980910">
    <ele>2403.0</ele>
   </trkpt>
   <trkpt lat="-6.9078430" lon="108.3980840">
    <ele>2402.0</ele>
   </trkpt>
   <trkpt lat="-6.9078540" lon="108.3980830">
    <ele>2402.0</ele>
   </trkpt>
   <trkpt lat="-6.9078650" lon="108.3980820">
    <ele>2401.0</ele>
   </trkpt>
   <trkpt lat="-6.9078750" lon="108.3980860">
    <ele>2400.0</ele>
   </trkpt>
   <trkpt lat="-6.9078860" lon="108.3980900">
    <ele>2400.0</ele>
   </trkpt>
   <trkpt lat="-6.9078950" lon="108.3980860">
    <ele>2399.0</ele>
   </trkpt>
   <trkpt lat="-6.9079040" lon="108.3980830">
    <ele>2399.0</ele>
   </trkpt>
   <trkpt lat="-6.9079090" lon="108.3980710">
    <ele>2398.0</ele>
   </trkpt>
   <trkpt lat="-6.9079130" lon="108.3980590">
    <ele>2397.0</ele>
   </trkpt>
   <trkpt lat="-6.9079150" lon="108.3980440">
    <ele>2397.0</ele>
   </trkpt>
   <trkpt lat="-6.9079170" lon="108.3980290">
    <ele>2396.0</ele>
   </trkpt>
   <trkpt lat="-6.9079190" lon="108.3980160">
    <ele>2396.0</ele>
   </trkpt>
   <trkpt lat="-6.9079200" lon="108.3980030">
    <ele>2395.0</ele>
   </trkpt>
   <trkpt lat="-6.9079280" lon="108.3979960">
    <ele>2394.0</ele>
   </trkpt>
   <trkpt lat="-6.9079370" lon="108.3979880">
    <ele>2394.0</ele>
   </trkpt>
   <trkpt lat="-6.9079480" lon="108.3979750">
    <ele>2393.0</ele>
   </trkpt>
   <trkpt lat="-6.9079600" lon="108.3979630">
    <ele>2393.0</ele>
   </trkpt>
   <trkpt lat="-6.9079650" lon="108.3979400">
    <ele>2392.0</ele>
   </trkpt>
   <trkpt lat="-6.9079700" lon="108.3979170">
    <ele>2391.0</ele>
   </trkpt>
   <trkpt lat="-6.9079710" lon="108.3978880">
    <ele>2391.0</ele>
   </trkpt>
   <trkpt lat="-6.9079720" lon="108.3978590">
    <ele>2390.0</ele>
   </trkpt>
   <trkpt lat="-6.9079700" lon="108.3978270">
    <ele>2390.0</ele>
   </trkpt>
   <trkpt lat="-6.9079670" lon="108.3977950">
    <ele>2389.0</ele>
   </trkpt>
   <trkpt lat="-6.9079640" lon="108.3977650">
    <ele>2388.0</ele>
   </trkpt>
   <trkpt lat="-6.9079610" lon="108.3977360">
    <ele>2388.0</ele>
   </trkpt>
   <trkpt lat="-6.9079610" lon="108.3977120">
    <ele>2387.0</ele>
   </trkpt>
   <trkpt lat="-6.9079610" lon="108.3976880">
    <ele>2387.0</ele>
   </trkpt>
   <trkpt lat="-6.9079640" lon="108.3976690">
    <ele>2386.0</ele>
   </trkpt>
   <trkpt lat="-6.9079670" lon="108.3976510">
    <ele>2386.0</ele>
   </trkpt>
   <trkpt lat="-6.9079740" lon="108.3976400">
    <ele>2385.0</ele>
   </trkpt>
   <trkpt lat="-6.9079810" lon="108.3976290">
    <ele>2385.0</ele>
   </trkpt>
   <trkpt lat="-6.9079920" lon="108.3976190">
    <ele>2385.0</ele>
   </trkpt>
   <trkpt lat="-6.9080020" lon="108.3976100">
    <ele>2384.0</ele>
   </trkpt>
   <trkpt lat="-6.9080060" lon="108.3975960">
    <ele>2383.0</ele>
   </trkpt>
   <trkpt lat="-6.9080090" lon="108.3975820">
    <ele>2383.0</ele>
   </trkpt>
   <trkpt lat="-6.9080120" lon="108.3975700">
    <ele>2382.0</ele>
   </trkpt>
   <trkpt lat="-6.9080140" lon="108.3975580">
    <ele>2382.0</ele>
   </trkpt>
   <trkpt lat="-6.9080250" lon="108.3975480">
    <ele>2381.0</ele>
   </trkpt>
   <trkpt lat="-6.9080360" lon="108.3975380">
    <ele>2380.0</ele>
   </trkpt>
   <trkpt lat="-6.9080430" lon="108.3975250">
    <ele>2380.0</ele>
   </trkpt>
   <trkpt lat="-6.9080510" lon="108.3975120">
    <ele>2379.0</ele>
   </trkpt>
   <trkpt lat="-6.9080540" lon="108.3974940">
    <ele>2379.0</ele>
   </trkpt>
   <trkpt lat="-6.9080570" lon="108.3974760">
    <ele>2378.0</ele>
   </trkpt>
   <trkpt lat="-6.9080630" lon="108.3974590">
    <ele>2378.0</ele>
   </trkpt>
   <trkpt lat="-6.9080690" lon="108.3974430">
    <ele>2377.0</ele>
   </trkpt>
   <trkpt lat="-6.9080810" lon="108.3974370">
    <ele>2377.0</ele>
   </trkpt>
   <trkpt lat="-6.9080930" lon="108.3974310">
    <ele>2377.0</ele>
   </trkpt>
   <trkpt lat="-6.9081090" lon="108.3974290">
    <ele>2376.0</ele>
   </trkpt>
   <trkpt lat="-6.9081240" lon="108.3974270">
    <ele>2376.0</ele>
   </trkpt>
   <trkpt lat="-6.9081380" lon="108.3974260">
    <ele>2375.0</ele>
   </trkpt>
   <trkpt lat="-6.9081530" lon="108.3974250">
    <ele>2375.0</ele>
   </trkpt>
   <trkpt lat="-6.9081610" lon="108.3974220">
    <ele>2375.0</ele>
   </trkpt>
   <trkpt lat="-6.9081690" lon="108.3974190">
    <ele>2374.0</ele>
   </trkpt>
   <trkpt lat="-6.9081750" lon="108.3974130">
    <ele>2373.0</ele>
   </trkpt>
   <trkpt lat="-6.9081820" lon="108.3974080">
    <ele>2373.0</ele>
   </trkpt>
   <trkpt lat="-6.9081960" lon="108.3974030">
    <ele>2372.0</ele>
   </trkpt>
   <trkpt lat="-6.9082100" lon="108.3973990">
    <ele>2372.0</ele>
   </trkpt>
   <trkpt lat="-6.9082280" lon="108.3973930">
    <ele>2371.0</ele>
   </trkpt>
   <trkpt lat="-6.9082460" lon="108.3973870">
    <ele>2371.0</ele>
   </trkpt>
   <trkpt lat="-6.9082610" lon="108.3973770">
    <ele>2370.0</ele>
   </trkpt>
   <trkpt lat="-6.9082760" lon="108.3973660">
    <ele>2370.0</ele>
   </trkpt>
   <trkpt lat="-6.9082900" lon="108.3973560">
    <ele>2370.0</ele>
   </trkpt>
   <trkpt lat="-6.9083040" lon="108.3973450">
    <ele>2369.0</ele>
   </trkpt>
   <trkpt lat="-6.9083230" lon="108.3973390">
    <ele>2368.0</ele>
   </trkpt>
   <trkpt lat="-6.9083410" lon="108.3973330">
    <ele>2368.0</ele>
   </trkpt>
   <trkpt lat="-6.9083630" lon="108.3973270">
    <ele>2367.0</ele>
   </trkpt>
   <trkpt lat="-6.9083850" lon="108.3973200">
    <ele>2367.0</ele>
   </trkpt>
   <trkpt lat="-6.9084040" lon="108.3973060">
    <ele>2366.0</ele>
   </trkpt>
   <trkpt lat="-6.9084230" lon="108.3972920">
    <ele>2365.0</ele>
   </trkpt>
   <trkpt lat="-6.9084360" lon="108.3972700">
    <ele>2365.0</ele>
   </trkpt>
   <trkpt lat="-6.9084480" lon="108.3972490">
    <ele>2364.0</ele>
   </trkpt>
   <trkpt lat="-6.9084570" lon="108.3972250">
    <ele>2364.0</ele>
   </trkpt>
   <trkpt lat="-6.9084660" lon="108.3972010">
    <ele>2363.0</ele>
   </trkpt>
   <trkpt lat="-6.9084770" lon="108.3971790">
    <ele>2362.0</ele>
   </trkpt>
   <trkpt lat="-6.9084890" lon="108.3971580">
    <ele>2362.0</ele>
   </trkpt>
   <trkpt lat="-6.9085060" lon="108.3971390">
    <ele>2361.0</ele>
   </trkpt>
   <trkpt lat="-6.9085230" lon="108.3971200">
    <ele>2361.0</ele>
   </trkpt>
   <trkpt lat="-6.9085400" lon="108.3971030">
    <ele>2360.0</ele>
   </trkpt>
   <trkpt lat="-6.9085570" lon="108.3970860">
    <ele>2359.0</ele>
   </trkpt>
   <trkpt lat="-6.9085720" lon="108.3970700">
    <ele>2358.0</ele>
   </trkpt>
   <trkpt lat="-6.9085880" lon="108.3970540">
    <ele>2357.0</ele>
   </trkpt>
   <trkpt lat="-6.9085990" lon="108.3970380">
    <ele>2357.0</ele>
   </trkpt>
   <trkpt lat="-6.9086100" lon="108.3970220">
    <ele>2356.0</ele>
   </trkpt>
   <trkpt lat="-6.9086180" lon="108.3970060">
    <ele>2355.0</ele>
   </trkpt>
   <trkpt lat="-6.9086250" lon="108.3969890">
    <ele>2354.0</ele>
   </trkpt>
   <trkpt lat="-6.9086310" lon="108.3969750">
    <ele>2353.0</ele>
   </trkpt>
   <trkpt lat="-6.9086370" lon="108.3969610">
    <ele>2352.0</ele>
   </trkpt>
   <trkpt lat="-6.9086470" lon="108.3969490">
    <ele>2351.0</ele>
   </trkpt>
   <trkpt lat="-6.9086580" lon="108.3969360">
    <ele>2350.0</ele>
   </trkpt>
   <trkpt lat="-6.9086710" lon="108.3969220">
    <ele>2350.0</ele>
   </trkpt>
   <trkpt lat="-6.9086850" lon="108.3969090">
    <ele>2349.0</ele>
   </trkpt>
   <trkpt lat="-6.9086970" lon="108.3968940">
    <ele>2349.0</ele>
   </trkpt>
   <trkpt lat="-6.9087090" lon="108.3968800">
    <ele>2348.0</ele>
   </trkpt>
   <trkpt lat="-6.9087200" lon="108.3968630">
    <ele>2347.0</ele>
   </trkpt>
   <trkpt lat="-6.9087320" lon="108.3968460">
    <ele>2347.0</ele>
   </trkpt>
   <trkpt lat="-6.9087410" lon="108.3968290">
    <ele>2346.0</ele>
   </trkpt>
   <trkpt lat="-6.9087510" lon="108.3968110">
    <ele>2346.0</ele>
   </trkpt>
   <trkpt lat="-6.9087600" lon="108.3967970">
    <ele>2345.0</ele>
   </trkpt>
   <trkpt lat="-6.9087700" lon="108.3967830">
    <ele>2345.0</ele>
   </trkpt>
   <trkpt lat="-6.9087780" lon="108.3967700">
    <ele>2344.0</ele>
   </trkpt>
   <trkpt lat="-6.9087860" lon="108.3967570">
    <ele>2344.0</ele>
   </trkpt>
   <trkpt lat="-6.9087910" lon="108.3967440">
    <ele>2344.0</ele>
   </trkpt>
   <trkpt lat="-6.9087960" lon="108.3967310">
    <ele>2343.0</ele>
   </trkpt>
   <trkpt lat="-6.9088030" lon="108.3967180">
    <ele>2342.0</ele>
   </trkpt>
   <trkpt lat="-6.9088100" lon="108.3967050">
    <ele>2341.0</ele>
   </trkpt>
   <trkpt lat="-6.9088210" lon="108.3966940">
    <ele>2340.0</ele>
   </trkpt>
   <trkpt lat="-6.9088320" lon="108.3966840">
    <ele>2340.0</ele>
   </trkpt>
   <trkpt lat="-6.9088450" lon="108.3966780">
    <ele>2339.0</ele>
   </trkpt>
   <trkpt lat="-6.9088590" lon="108.3966730">
    <ele>2338.0</ele>
   </trkpt>
   <trkpt lat="-6.9088720" lon="108.3966690">
    <ele>2337.0</ele>
   </trkpt>
   <trkpt lat="-6.9088860" lon="108.3966650">
    <ele>2336.0</ele>
   </trkpt>
   <trkpt lat="-6.9088990" lon="108.3966550">
    <ele>2336.0</ele>
   </trkpt>
   <trkpt lat="-6.9089130" lon="108.3966460">
    <ele>2335.0</ele>
   </trkpt>
   <trkpt lat="-6.9089290" lon="108.3966330">
    <ele>2334.0</ele>
   </trkpt>
   <trkpt lat="-6.9089450" lon="108.3966200">
    <ele>2333.0</ele>
   </trkpt>
   <trkpt lat="-6.9089650" lon="108.3966100">
    <ele>2332.0</ele>
   </trkpt>
   <trkpt lat="-6.9089850" lon="108.3966000">
    <ele>2332.0</ele>
   </trkpt>
   <trkpt lat="-6.9090060" lon="108.3965950">
    <ele>2331.0</ele>
   </trkpt>
   <trkpt lat="-6.9090270" lon="108.3965890">
    <ele>2330.0</ele>
   </trkpt>
   <trkpt lat="-6.9090470" lon="108.3965860">
    <ele>2329.0</ele>
   </trkpt>
   <trkpt lat="-6.9090660" lon="108.3965820">
    <ele>2328.0</ele>
   </trkpt>
   <trkpt lat="-6.9090830" lon="108.3965780">
    <ele>2327.0</ele>
   </trkpt>
   <trkpt lat="-6.9090990" lon="108.3965730">
    <ele>2326.0</ele>
   </trkpt>
   <trkpt lat="-6.9091110" lon="108.3965650">
    <ele>2325.0</ele>
   </trkpt>
   <trkpt lat="-6.9091230" lon="108.3965580">
    <ele>2324.0</ele>
   </trkpt>
   <trkpt lat="-6.9091350" lon="108.3965480">
    <ele>2323.0</ele>
   </trkpt>
   <trkpt lat="-6.9091470" lon="108.3965390">
    <ele>2323.0</ele>
   </trkpt>
   <trkpt lat="-6.9091610" lon="108.3965280">
    <ele>2322.0</ele>
   </trkpt>
   <trkpt lat="-6.9091740" lon="108.3965170">
    <ele>2321.0</ele>
   </trkpt>
   <trkpt lat="-6.9091870" lon="108.3965040">
    <ele>2321.0</ele>
   </trkpt>
   <trkpt lat="-6.9092010" lon="108.3964910">
    <ele>2320.0</ele>
   </trkpt>
   <trkpt lat="-6.9092150" lon="108.3964780">
    <ele>2320.0</ele>
   </trkpt>
   <trkpt lat="-6.9092290" lon="108.3964660">
    <ele>2319.0</ele>
   </trkpt>
   <trkpt lat="-6.9092460" lon="108.3964560">
    <ele>2319.0</ele>
   </trkpt>
   <trkpt lat="-6.9092620" lon="108.3964470">
    <ele>2318.0</ele>
   </trkpt>
   <trkpt lat="-6.9092810" lon="108.3964380">
    <ele>2318.0</ele>
   </trkpt>
   <trkpt lat="-6.9093000" lon="108.3964300">
    <ele>2318.0</ele>
   </trkpt>
   <trkpt lat="-6.9093200" lon="108.3964250">
    <ele>2317.0</ele>
   </trkpt>
   <trkpt lat="-6.9093390" lon="108.3964190">
    <ele>2316.0</ele>
   </trkpt>
   <trkpt lat="-6.9093590" lon="108.3964180">
    <ele>2316.0</ele>
   </trkpt>
   <trkpt lat="-6.9093780" lon="108.3964170">
    <ele>2315.0</ele>
   </trkpt>
   <trkpt lat="-6.9093970" lon="108.3964210">
    <ele>2315.0</ele>
   </trkpt>
   <trkpt lat="-6.9094160" lon="108.3964260">
    <ele>2314.0</ele>
   </trkpt>
   <trkpt lat="-6.9094330" lon="108.3964310">
    <ele>2313.0</ele>
   </trkpt>
   <trkpt lat="-6.9094500" lon="108.3964370">
    <ele>2312.0</ele>
   </trkpt>
   <trkpt lat="-6.9094670" lon="108.3964410">
    <ele>2311.0</ele>
   </trkpt>
   <trkpt lat="-6.9094850" lon="108.3964450">
    <ele>2311.0</ele>
   </trkpt>
   <trkpt lat="-6.9095030" lon="108.3964440">
    <ele>2310.0</ele>
   </trkpt>
   <trkpt lat="-6.9095220" lon="108.3964430">
    <ele>2309.0</ele>
   </trkpt>
   <trkpt lat="-6.9095390" lon="108.3964340">
    <ele>2309.0</ele>
   </trkpt>
   <trkpt lat="-6.9095570" lon="108.3964250">
    <ele>2308.0</ele>
   </trkpt>
   <trkpt lat="-6.9095710" lon="108.3964090">
    <ele>2308.0</ele>
   </trkpt>
   <trkpt lat="-6.9095860" lon="108.3963930">
    <ele>2307.0</ele>
   </trkpt>
   <trkpt lat="-6.9095980" lon="108.3963780">
    <ele>2306.0</ele>
   </trkpt>
   <trkpt lat="-6.9096100" lon="108.3963630">
    <ele>2306.0</ele>
   </trkpt>
   <trkpt lat="-6.9096210" lon="108.3963550">
    <ele>2305.0</ele>
   </trkpt>
   <trkpt lat="-6.9096330" lon="108.3963470">
    <ele>2305.0</ele>
   </trkpt>
   <trkpt lat="-6.9096450" lon="108.3963420">
    <ele>2304.0</ele>
   </trkpt>
   <trkpt lat="-6.9096580" lon="108.3963360">
    <ele>2303.0</ele>
   </trkpt>
   <trkpt lat="-6.9096700" lon="108.3963300">
    <ele>2303.0</ele>
   </trkpt>
   <trkpt lat="-6.9096830" lon="108.3963230">
    <ele>2302.0</ele>
   </trkpt>
   <trkpt lat="-6.9096940" lon="108.3963140">
    <ele>2302.0</ele>
   </trkpt>
   <trkpt lat="-6.9097050" lon="108.3963050">
    <ele>2301.0</ele>
   </trkpt>
   <trkpt lat="-6.9097170" lon="108.3962970">
    <ele>2300.0</ele>
   </trkpt>
   <trkpt lat="-6.9097300" lon="108.3962890">
    <ele>2299.0</ele>
   </trkpt>
   <trkpt lat="-6.9097440" lon="108.3962850">
    <ele>2298.0</ele>
   </trkpt>
   <trkpt lat="-6.9097590" lon="108.3962800">
    <ele>2298.0</ele>
   </trkpt>
   <trkpt lat="-6.9097740" lon="108.3962790">
    <ele>2297.0</ele>
   </trkpt>
   <trkpt lat="-6.9097890" lon="108.3962780">
    <ele>2296.0</ele>
   </trkpt>
   <trkpt lat="-6.9098020" lon="108.3962730">
    <ele>2296.0</ele>
   </trkpt>
   <trkpt lat="-6.9098140" lon="108.3962690">
    <ele>2295.0</ele>
   </trkpt>
   <trkpt lat="-6.9098240" lon="108.3962620">
    <ele>2295.0</ele>
   </trkpt>
   <trkpt lat="-6.9098340" lon="108.3962560">
    <ele>2294.0</ele>
   </trkpt>
   <trkpt lat="-6.9098440" lon="108.3962490">
    <ele>2294.0</ele>
   </trkpt>
   <trkpt lat="-6.9098540" lon="108.3962420">
    <ele>2293.0</ele>
   </trkpt>
   <trkpt lat="-6.9098680" lon="108.3962330">
    <ele>2293.0</ele>
   </trkpt>
   <trkpt lat="-6.9098820" lon="108.3962250">
    <ele>2293.0</ele>
   </trkpt>
   <trkpt lat="-6.9099000" lon="108.3962130">
    <ele>2292.0</ele>
   </trkpt>
   <trkpt lat="-6.9099180" lon="108.3962020">
    <ele>2291.0</ele>
   </trkpt>
   <trkpt lat="-6.9099390" lon="108.3961940">
    <ele>2291.0</ele>
   </trkpt>
   <trkpt lat="-6.9099610" lon="108.3961860">
    <ele>2290.0</ele>
   </trkpt>
   <trkpt lat="-6.9099820" lon="108.3961820">
    <ele>2290.0</ele>
   </trkpt>
   <trkpt lat="-6.9100030" lon="108.3961790">
    <ele>2289.0</ele>
   </trkpt>
   <trkpt lat="-6.9100210" lon="108.3961780">
    <ele>2289.0</ele>
   </trkpt>
   <trkpt lat="-6.9100400" lon="108.3961770">
    <ele>2288.0</ele>
   </trkpt>
   <trkpt lat="-6.9100560" lon="108.3961730">
    <ele>2288.0</ele>
   </trkpt>
   <trkpt lat="-6.9100730" lon="108.3961690">
    <ele>2288.0</ele>
   </trkpt>
   <trkpt lat="-6.9100860" lon="108.3961600">
    <ele>2287.0</ele>
   </trkpt>
   <trkpt lat="-6.9100990" lon="108.3961500">
    <ele>2286.0</ele>
   </trkpt>
   <trkpt lat="-6.9101100" lon="108.3961390">
    <ele>2286.0</ele>
   </trkpt>
   <trkpt lat="-6.9101220" lon="108.3961270">
    <ele>2285.0</ele>
   </trkpt>
   <trkpt lat="-6.9101350" lon="108.3961180">
    <ele>2285.0</ele>
   </trkpt>
   <trkpt lat="-6.9101490" lon="108.3961100">
    <ele>2284.0</ele>
   </trkpt>
   <trkpt lat="-6.9101640" lon="108.3961060">
    <ele>2284.0</ele>
   </trkpt>
   <trkpt lat="-6.9101800" lon="108.3961020">
    <ele>2283.0</ele>
   </trkpt>
   <trkpt lat="-6.9101980" lon="108.3960970">
    <ele>2283.0</ele>
   </trkpt>
   <trkpt lat="-6.9102160" lon="108.3960930">
    <ele>2283.0</ele>
   </trkpt>
   <trkpt lat="-6.9102370" lon="108.3960880">
    <ele>2282.0</ele>
   </trkpt>
   <trkpt lat="-6.9102570" lon="108.3960820">
    <ele>2281.0</ele>
   </trkpt>
   <trkpt lat="-6.9102790" lon="108.3960770">
    <ele>2280.0</ele>
   </trkpt>
   <trkpt lat="-6.9103020" lon="108.3960720">
    <ele>2279.0</ele>
   </trkpt>
   <trkpt lat="-6.9103210" lon="108.3960640">
    <ele>2279.0</ele>
   </trkpt>
   <trkpt lat="-6.9103400" lon="108.3960560">
    <ele>2278.0</ele>
   </trkpt>
   <trkpt lat="-6.9103560" lon="108.3960470">
    <ele>2277.0</ele>
   </trkpt>
   <trkpt lat="-6.9103720" lon="108.3960390">
    <ele>2277.0</ele>
   </trkpt>
   <trkpt lat="-6.9103870" lon="108.3960320">
    <ele>2276.0</ele>
   </trkpt>
   <trkpt lat="-6.9104030" lon="108.3960250">
    <ele>2276.0</ele>
   </trkpt>
   <trkpt lat="-6.9104170" lon="108.3960200">
    <ele>2275.0</ele>
   </trkpt>
   <trkpt lat="-6.9104310" lon="108.3960150">
    <ele>2275.0</ele>
   </trkpt>
   <trkpt lat="-6.9104450" lon="108.3960090">
    <ele>2274.0</ele>
   </trkpt>
   <trkpt lat="-6.9104590" lon="108.3960030">
    <ele>2274.0</ele>
   </trkpt>
   <trkpt lat="-6.9104720" lon="108.3959930">
    <ele>2274.0</ele>
   </trkpt>
   <trkpt lat="-6.9104860" lon="108.3959830">
    <ele>2273.0</ele>
   </trkpt>
   <trkpt lat="-6.9105000" lon="108.3959720">
    <ele>2273.0</ele>
   </trkpt>
   <trkpt lat="-6.9105140" lon="108.3959600">
    <ele>2272.0</ele>
   </trkpt>
   <trkpt lat="-6.9105270" lon="108.3959490">
    <ele>2272.0</ele>
   </trkpt>
   <trkpt lat="-6.9105400" lon="108.3959380">
    <ele>2272.0</ele>
   </trkpt>
   <trkpt lat="-6.9105520" lon="108.3959280">
    <ele>2271.0</ele>
   </trkpt>
   <trkpt lat="-6.9105650" lon="108.3959190">
    <ele>2270.0</ele>
   </trkpt>
   <trkpt lat="-6.9105780" lon="108.3959110">
    <ele>2270.0</ele>
   </trkpt>
   <trkpt lat="-6.9105900" lon="108.3959030">
    <ele>2269.0</ele>
   </trkpt>
   <trkpt lat="-6.9106060" lon="108.3958980">
    <ele>2269.0</ele>
   </trkpt>
   <trkpt lat="-6.9106210" lon="108.3958920">
    <ele>2268.0</ele>
   </trkpt>
   <trkpt lat="-6.9106380" lon="108.3958870">
    <ele>2267.0</ele>
   </trkpt>
   <trkpt lat="-6.9106540" lon="108.3958810">
    <ele>2267.0</ele>
   </trkpt>
   <trkpt lat="-6.9106700" lon="108.3958750">
    <ele>2266.0</ele>
   </trkpt>
   <trkpt lat="-6.9106850" lon="108.3958680">
    <ele>2266.0</ele>
   </trkpt>
   <trkpt lat="-6.9106990" lon="108.3958600">
    <ele>2265.0</ele>
   </trkpt>
   <trkpt lat="-6.9107120" lon="108.3958520">
    <ele>2264.0</ele>
   </trkpt>
   <trkpt lat="-6.9107260" lon="108.3958440">
    <ele>2264.0</ele>
   </trkpt>
   <trkpt lat="-6.9107390" lon="108.3958360">
    <ele>2263.0</ele>
   </trkpt>
   <trkpt lat="-6.9107540" lon="108.3958270">
    <ele>2263.0</ele>
   </trkpt>
   <trkpt lat="-6.9107690" lon="108.3958180">
    <ele>2262.0</ele>
   </trkpt>
   <trkpt lat="-6.9107850" lon="108.3958060">
    <ele>2261.0</ele>
   </trkpt>
   <trkpt lat="-6.9108010" lon="108.3957940">
    <ele>2261.0</ele>
   </trkpt>
   <trkpt lat="-6.9108190" lon="108.3957810">
    <ele>2260.0</ele>
   </trkpt>
   <trkpt lat="-6.9108360" lon="108.3957690">
    <ele>2260.0</ele>
   </trkpt>
   <trkpt lat="-6.9108530" lon="108.3957580">
    <ele>2259.0</ele>
   </trkpt>
   <trkpt lat="-6.9108700" lon="108.3957480">
    <ele>2258.0</ele>
   </trkpt>
   <trkpt lat="-6.9108820" lon="108.3957380">
    <ele>2258.0</ele>
   </trkpt>
   <trkpt lat="-6.9108950" lon="108.3957280">
    <ele>2257.0</ele>
   </trkpt>
   <trkpt lat="-6.9108950" lon="108.3957180">
    <ele>2257.0</ele>
   </trkpt>
   <trkpt lat="-6.9108960" lon="108.3957090">
    <ele>2256.0</ele>
   </trkpt>
   <trkpt lat="-6.9108890" lon="108.3956990">
    <ele>2255.0</ele>
   </trkpt>
   <trkpt lat="-6.9108830" lon="108.3956900">
    <ele>2255.0</ele>
   </trkpt>
   <trkpt lat="-6.9108770" lon="108.3956760">
    <ele>2254.0</ele>
   </trkpt>
   <trkpt lat="-6.9108710" lon="108.3956630">
    <ele>2254.0</ele>
   </trkpt>
   <trkpt lat="-6.9108690" lon="108.3956450">
    <ele>2253.0</ele>
   </trkpt>
   <trkpt lat="-6.9108680" lon="108.3956280">
    <ele>2252.0</ele>
   </trkpt>
   <trkpt lat="-6.9108690" lon="108.3956090">
    <ele>2252.0</ele>
   </trkpt>
   <trkpt lat="-6.9108700" lon="108.3955900">
    <ele>2251.0</ele>
   </trkpt>
   <trkpt lat="-6.9108730" lon="108.3955720">
    <ele>2251.0</ele>
   </trkpt>
   <trkpt lat="-6.9108770" lon="108.3955540">
    <ele>2250.0</ele>
   </trkpt>
   <trkpt lat="-6.9108860" lon="108.3955370">
    <ele>2249.0</ele>
   </trkpt>
   <trkpt lat="-6.9108940" lon="108.3955200">
    <ele>2249.0</ele>
   </trkpt>
   <trkpt lat="-6.9109070" lon="108.3955050">
    <ele>2248.0</ele>
   </trkpt>
   <trkpt lat="-6.9109200" lon="108.3954910">
    <ele>2248.0</ele>
   </trkpt>
   <trkpt lat="-6.9109370" lon="108.3954760">
    <ele>2247.0</ele>
   </trkpt>
   <trkpt lat="-6.9109540" lon="108.3954610">
    <ele>2246.0</ele>
   </trkpt>
   <trkpt lat="-6.9109690" lon="108.3954430">
    <ele>2245.0</ele>
   </trkpt>
   <trkpt lat="-6.9109850" lon="108.3954240">
    <ele>2244.0</ele>
   </trkpt>
   <trkpt lat="-6.9109930" lon="108.3954050">
    <ele>2243.0</ele>
   </trkpt>
   <trkpt lat="-6.9110020" lon="108.3953850">
    <ele>2242.0</ele>
   </trkpt>
   <trkpt lat="-6.9110140" lon="108.3953660">
    <ele>2241.0</ele>
   </trkpt>
   <trkpt lat="-6.9110270" lon="108.3953470">
    <ele>2241.0</ele>
   </trkpt>
   <trkpt lat="-6.9110430" lon="108.3953280">
    <ele>2240.0</ele>
   </trkpt>
   <trkpt lat="-6.9110600" lon="108.3953100">
    <ele>2240.0</ele>
   </trkpt>
   <trkpt lat="-6.9110760" lon="108.3952960">
    <ele>2239.0</ele>
   </trkpt>
   <trkpt lat="-6.9110920" lon="108.3952810">
    <ele>2238.0</ele>
   </trkpt>
   <trkpt lat="-6.9111070" lon="108.3952730">
    <ele>2238.0</ele>
   </trkpt>
   <trkpt lat="-6.9111220" lon="108.3952650">
    <ele>2237.0</ele>
   </trkpt>
   <trkpt lat="-6.9111340" lon="108.3952590">
    <ele>2237.0</ele>
   </trkpt>
   <trkpt lat="-6.9111460" lon="108.3952530">
    <ele>2236.0</ele>
   </trkpt>
   <trkpt lat="-6.9111580" lon="108.3952460">
    <ele>2236.0</ele>
   </trkpt>
   <trkpt lat="-6.9111710" lon="108.3952390">
    <ele>2235.0</ele>
   </trkpt>
   <trkpt lat="-6.9111880" lon="108.3952300">
    <ele>2235.0</ele>
   </trkpt>
   <trkpt lat="-6.9112050" lon="108.3952210">
    <ele>2235.0</ele>
   </trkpt>
   <trkpt lat="-6.9112220" lon="108.3952100">
    <ele>2234.0</ele>
   </trkpt>
   <trkpt lat="-6.9112380" lon="108.3951980">
    <ele>2233.0</ele>
   </trkpt>
   <trkpt lat="-6.9112510" lon="108.3951850">
    <ele>2232.0</ele>
   </trkpt>
   <trkpt lat="-6.9112640" lon="108.3951710">
    <ele>2231.0</ele>
   </trkpt>
   <trkpt lat="-6.9112760" lon="108.3951560">
    <ele>2231.0</ele>
   </trkpt>
   <trkpt lat="-6.9112870" lon="108.3951420">
    <ele>2230.0</ele>
   </trkpt>
   <trkpt lat="-6.9113000" lon="108.3951260">
    <ele>2230.0</ele>
   </trkpt>
   <trkpt lat="-6.9113120" lon="108.3951110">
    <ele>2229.0</ele>
   </trkpt>
   <trkpt lat="-6.9113250" lon="108.3950960">
    <ele>2229.0</ele>
   </trkpt>
   <trkpt lat="-6.9113370" lon="108.3950800">
    <ele>2229.0</ele>
   </trkpt>
   <trkpt lat="-6.9113500" lon="108.3950650">
    <ele>2228.0</ele>
   </trkpt>
   <trkpt lat="-6.9113620" lon="108.3950510">
    <ele>2227.0</ele>
   </trkpt>
   <trkpt lat="-6.9113750" lon="108.3950380">
    <ele>2227.0</ele>
   </trkpt>
   <trkpt lat="-6.9113870" lon="108.3950260">
    <ele>2226.0</ele>
   </trkpt>
   <trkpt lat="-6.9114020" lon="108.3950160">
    <ele>2226.0</ele>
   </trkpt>
   <trkpt lat="-6.9114160" lon="108.3950060">
    <ele>2225.0</ele>
   </trkpt>
   <trkpt lat="-6.9114330" lon="108.3949980">
    <ele>2224.0</ele>
   </trkpt>
   <trkpt lat="-6.9114500" lon="108.3949910">
    <ele>2224.0</ele>
   </trkpt>
   <trkpt lat="-6.9114690" lon="108.3949830">
    <ele>2223.0</ele>
   </trkpt>
   <trkpt lat="-6.9114880" lon="108.3949760">
    <ele>2223.0</ele>
   </trkpt>
   <trkpt lat="-6.9115060" lon="108.3949690">
    <ele>2222.0</ele>
   </trkpt>
   <trkpt lat="-6.9115240" lon="108.3949630">
    <ele>2221.0</ele>
   </trkpt>
   <trkpt lat="-6.9115390" lon="108.3949530">
    <ele>2220.0</ele>
   </trkpt>
   <trkpt lat="-6.9115550" lon="108.3949440">
    <ele>2219.0</ele>
   </trkpt>
   <trkpt lat="-6.9115710" lon="108.3949280">
    <ele>2219.0</ele>
   </trkpt>
   <trkpt lat="-6.9115860" lon="108.3949130">
    <ele>2218.0</ele>
   </trkpt>
   <trkpt lat="-6.9116050" lon="108.3948970">
    <ele>2217.0</ele>
   </trkpt>
   <trkpt lat="-6.9116240" lon="108.3948820">
    <ele>2217.0</ele>
   </trkpt>
   <trkpt lat="-6.9116440" lon="108.3948700">
    <ele>2216.0</ele>
   </trkpt>
   <trkpt lat="-6.9116640" lon="108.3948570">
    <ele>2216.0</ele>
   </trkpt>
   <trkpt lat="-6.9116840" lon="108.3948450">
    <ele>2215.0</ele>
   </trkpt>
   <trkpt lat="-6.9117040" lon="108.3948330">
    <ele>2214.0</ele>
   </trkpt>
   <trkpt lat="-6.9117220" lon="108.3948180">
    <ele>2214.0</ele>
   </trkpt>
   <trkpt lat="-6.9117400" lon="108.3948030">
    <ele>2213.0</ele>
   </trkpt>
   <trkpt lat="-6.9117610" lon="108.3947830">
    <ele>2213.0</ele>
   </trkpt>
   <trkpt lat="-6.9117810" lon="108.3947630">
    <ele>2212.0</ele>
   </trkpt>
   <trkpt lat="-6.9118010" lon="108.3947430">
    <ele>2211.0</ele>
   </trkpt>
   <trkpt lat="-6.9118220" lon="108.3947220">
    <ele>2211.0</ele>
   </trkpt>
   <trkpt lat="-6.9118420" lon="108.3947050">
    <ele>2210.0</ele>
   </trkpt>
   <trkpt lat="-6.9118620" lon="108.3946880">
    <ele>2210.0</ele>
   </trkpt>
   <trkpt lat="-6.9118800" lon="108.3946760">
    <ele>2209.0</ele>
   </trkpt>
   <trkpt lat="-6.9118990" lon="108.3946640">
    <ele>2208.0</ele>
   </trkpt>
   <trkpt lat="-6.9119180" lon="108.3946560">
    <ele>2207.0</ele>
   </trkpt>
   <trkpt lat="-6.9119370" lon="108.3946480">
    <ele>2206.0</ele>
   </trkpt>
   <trkpt lat="-6.9119570" lon="108.3946420">
    <ele>2206.0</ele>
   </trkpt>
   <trkpt lat="-6.9119770" lon="108.3946360">
    <ele>2205.0</ele>
   </trkpt>
   <trkpt lat="-6.9119960" lon="108.3946290">
    <ele>2204.0</ele>
   </trkpt>
   <trkpt lat="-6.9120140" lon="108.3946230">
    <ele>2204.0</ele>
   </trkpt>
   <trkpt lat="-6.9120310" lon="108.3946150">
    <ele>2203.0</ele>
   </trkpt>
   <trkpt lat="-6.9120480" lon="108.3946070">
    <ele>2203.0</ele>
   </trkpt>
   <trkpt lat="-6.9120660" lon="108.3945970">
    <ele>2202.0</ele>
   </trkpt>
   <trkpt lat="-6.9120830" lon="108.3945870">
    <ele>2201.0</ele>
   </trkpt>
   <trkpt lat="-6.9121040" lon="108.3945790">
    <ele>2201.0</ele>
   </trkpt>
   <trkpt lat="-6.9121260" lon="108.3945710">
    <ele>2200.0</ele>
   </trkpt>
   <trkpt lat="-6.9121480" lon="108.3945620">
    <ele>2200.0</ele>
   </trkpt>
   <trkpt lat="-6.9121710" lon="108.3945530">
    <ele>2199.0</ele>
   </trkpt>
   <trkpt lat="-6.9121920" lon="108.3945430">
    <ele>2198.0</ele>
   </trkpt>
   <trkpt lat="-6.9122120" lon="108.3945330">
    <ele>2198.0</ele>
   </trkpt>
   <trkpt lat="-6.9122310" lon="108.3945210">
    <ele>2197.0</ele>
   </trkpt>
   <trkpt lat="-6.9122490" lon="108.3945100">
    <ele>2197.0</ele>
   </trkpt>
   <trkpt lat="-6.9122660" lon="108.3944970">
    <ele>2196.0</ele>
   </trkpt>
   <trkpt lat="-6.9122830" lon="108.3944840">
    <ele>2195.0</ele>
   </trkpt>
   <trkpt lat="-6.9122980" lon="108.3944690">
    <ele>2195.0</ele>
   </trkpt>
   <trkpt lat="-6.9123130" lon="108.3944540">
    <ele>2194.0</ele>
   </trkpt>
   <trkpt lat="-6.9123220" lon="108.3944360">
    <ele>2194.0</ele>
   </trkpt>
   <trkpt lat="-6.9123320" lon="108.3944170">
    <ele>2193.0</ele>
   </trkpt>
   <trkpt lat="-6.9123390" lon="108.3943960">
    <ele>2192.0</ele>
   </trkpt>
   <trkpt lat="-6.9123460" lon="108.3943750">
    <ele>2192.0</ele>
   </trkpt>
   <trkpt lat="-6.9123540" lon="108.3943510">
    <ele>2191.0</ele>
   </trkpt>
   <trkpt lat="-6.9123620" lon="108.3943280">
    <ele>2191.0</ele>
   </trkpt>
   <trkpt lat="-6.9123710" lon="108.3943040">
    <ele>2190.0</ele>
   </trkpt>
   <trkpt lat="-6.9123810" lon="108.3942790">
    <ele>2189.0</ele>
   </trkpt>
   <trkpt lat="-6.9123890" lon="108.3942550">
    <ele>2189.0</ele>
   </trkpt>
   <trkpt lat="-6.9123970" lon="108.3942310">
    <ele>2188.0</ele>
   </trkpt>
   <trkpt lat="-6.9123990" lon="108.3942090">
    <ele>2188.0</ele>
   </trkpt>
   <trkpt lat="-6.9124010" lon="108.3941880">
    <ele>2187.0</ele>
   </trkpt>
   <trkpt lat="-6.9123990" lon="108.3941680">
    <ele>2187.0</ele>
   </trkpt>
   <trkpt lat="-6.9123970" lon="108.3941480">
    <ele>2186.0</ele>
   </trkpt>
   <trkpt lat="-6.9123900" lon="108.3941260">
    <ele>2186.0</ele>
   </trkpt>
   <trkpt lat="-6.9123830" lon="108.3941050">
    <ele>2186.0</ele>
   </trkpt>
   <trkpt lat="-6.9123740" lon="108.3940790">
    <ele>2185.0</ele>
   </trkpt>
   <trkpt lat="-6.9123650" lon="108.3940540">
    <ele>2184.0</ele>
   </trkpt>
   <trkpt lat="-6.9123600" lon="108.3940280">
    <ele>2184.0</ele>
   </trkpt>
   <trkpt lat="-6.9123560" lon="108.3940020">
    <ele>2183.0</ele>
   </trkpt>
   <trkpt lat="-6.9123560" lon="108.3939780">
    <ele>2183.0</ele>
   </trkpt>
   <trkpt lat="-6.9123560" lon="108.3939550">
    <ele>2182.0</ele>
   </trkpt>
   <trkpt lat="-6.9123560" lon="108.3939320">
    <ele>2181.0</ele>
   </trkpt>
   <trkpt lat="-6.9123550" lon="108.3939090">
    <ele>2181.0</ele>
   </trkpt>
   <trkpt lat="-6.9123540" lon="108.3938830">
    <ele>2180.0</ele>
   </trkpt>
   <trkpt lat="-6.9123520" lon="108.3938570">
    <ele>2180.0</ele>
   </trkpt>
   <trkpt lat="-6.9123520" lon="108.3938330">
    <ele>2179.0</ele>
   </trkpt>
   <trkpt lat="-6.9123530" lon="108.3938090">
    <ele>2178.0</ele>
   </trkpt>
   <trkpt lat="-6.9123560" lon="108.3937850">
    <ele>2178.0</ele>
   </trkpt>
   <trkpt lat="-6.9123590" lon="108.3937620">
    <ele>2177.0</ele>
   </trkpt>
   <trkpt lat="-6.9123650" lon="108.3937400">
    <ele>2177.0</ele>
   </trkpt>
   <trkpt lat="-6.9123700" lon="108.3937190">
    <ele>2176.0</ele>
   </trkpt>
   <trkpt lat="-6.9123750" lon="108.3937010">
    <ele>2176.0</ele>
   </trkpt>
   <trkpt lat="-6.9123800" lon="108.3936830">
    <ele>2175.0</ele>
   </trkpt>
   <trkpt lat="-6.9123840" lon="108.3936700">
    <ele>2175.0</ele>
   </trkpt>
   <trkpt lat="-6.9123870" lon="108.3936560">
    <ele>2175.0</ele>
   </trkpt>
   <trkpt lat="-6.9123890" lon="108.3936460">
    <ele>2174.0</ele>
   </trkpt>
   <trkpt lat="-6.9123920" lon="108.3936360">
    <ele>2174.0</ele>
   </trkpt>
   <trkpt lat="-6.9123960" lon="108.3936290">
    <ele>2173.0</ele>
   </trkpt>
   <trkpt lat="-6.9123990" lon="108.3936210">
    <ele>2173.0</ele>
   </trkpt>
   <trkpt lat="-6.9124040" lon="108.3936090">
    <ele>2173.0</ele>
   </trkpt>
   <trkpt lat="-6.9124090" lon="108.3935980">
    <ele>2172.0</ele>
   </trkpt>
   <trkpt lat="-6.9124120" lon="108.3935810">
    <ele>2172.0</ele>
   </trkpt>
   <trkpt lat="-6.9124150" lon="108.3935640">
    <ele>2171.0</ele>
   </trkpt>
   <trkpt lat="-6.9124130" lon="108.3935470">
    <ele>2171.0</ele>
   </trkpt>
   <trkpt lat="-6.9124110" lon="108.3935300">
    <ele>2171.0</ele>
   </trkpt>
   <trkpt lat="-6.9124010" lon="108.3935150">
    <ele>2170.0</ele>
   </trkpt>
   <trkpt lat="-6.9123910" lon="108.3935010">
    <ele>2169.0</ele>
   </trkpt>
   <trkpt lat="-6.9123720" lon="108.3934880">
    <ele>2168.0</ele>
   </trkpt>
   <trkpt lat="-6.9123530" lon="108.3934740">
    <ele>2167.0</ele>
   </trkpt>
   <trkpt lat="-6.9123320" lon="108.3934610">
    <ele>2167.0</ele>
   </trkpt>
   <trkpt lat="-6.9123120" lon="108.3934470">
    <ele>2166.0</ele>
   </trkpt>
   <trkpt lat="-6.9122990" lon="108.3934310">
    <ele>2165.0</ele>
   </trkpt>
   <trkpt lat="-6.9122860" lon="108.3934150">
    <ele>2165.0</ele>
   </trkpt>
   <trkpt lat="-6.9122820" lon="108.3933980">
    <ele>2164.0</ele>
   </trkpt>
   <trkpt lat="-6.9122780" lon="108.3933810">
    <ele>2164.0</ele>
   </trkpt>
   <trkpt lat="-6.9122790" lon="108.3933650">
    <ele>2163.0</ele>
   </trkpt>
   <trkpt lat="-6.9122800" lon="108.3933490">
    <ele>2162.0</ele>
   </trkpt>
   <trkpt lat="-6.9122830" lon="108.3933330">
    <ele>2162.0</ele>
   </trkpt>
   <trkpt lat="-6.9122850" lon="108.3933170">
    <ele>2161.0</ele>
   </trkpt>
   <trkpt lat="-6.9122890" lon="108.3933040">
    <ele>2161.0</ele>
   </trkpt>
   <trkpt lat="-6.9122940" lon="108.3932900">
    <ele>2160.0</ele>
   </trkpt>
   <trkpt lat="-6.9123010" lon="108.3932800">
    <ele>2159.0</ele>
   </trkpt>
   <trkpt lat="-6.9123090" lon="108.3932700">
    <ele>2158.0</ele>
   </trkpt>
   <trkpt lat="-6.9123170" lon="108.3932630">
    <ele>2157.0</ele>
   </trkpt>
   <trkpt lat="-6.9123250" lon="108.3932560">
    <ele>2157.0</ele>
   </trkpt>
   <trkpt lat="-6.9123320" lon="108.3932500">
    <ele>2156.0</ele>
   </trkpt>
   <trkpt lat="-6.9123390" lon="108.3932430">
    <ele>2155.0</ele>
   </trkpt>
   <trkpt lat="-6.9123450" lon="108.3932340">
    <ele>2155.0</ele>
   </trkpt>
   <trkpt lat="-6.9123510" lon="108.3932250">
    <ele>2154.0</ele>
   </trkpt>
   <trkpt lat="-6.9123560" lon="108.3932140">
    <ele>2154.0</ele>
   </trkpt>
   <trkpt lat="-6.9123600" lon="108.3932030">
    <ele>2153.0</ele>
   </trkpt>
   <trkpt lat="-6.9123650" lon="108.3931920">
    <ele>2153.0</ele>
   </trkpt>
   <trkpt lat="-6.9123700" lon="108.3931820">
    <ele>2152.0</ele>
   </trkpt>
   <trkpt lat="-6.9123750" lon="108.3931730">
    <ele>2152.0</ele>
   </trkpt>
   <trkpt lat="-6.9123810" lon="108.3931640">
    <ele>2152.0</ele>
   </trkpt>
   <trkpt lat="-6.9123860" lon="108.3931560">
    <ele>2151.0</ele>
   </trkpt>
   <trkpt lat="-6.9123920" lon="108.3931490">
    <ele>2150.0</ele>
   </trkpt>
   <trkpt lat="-6.9123960" lon="108.3931410">
    <ele>2149.0</ele>
   </trkpt>
   <trkpt lat="-6.9124010" lon="108.3931330">
    <ele>2148.0</ele>
   </trkpt>
   <trkpt lat="-6.9124050" lon="108.3931220">
    <ele>2148.0</ele>
   </trkpt>
   <trkpt lat="-6.9124100" lon="108.3931110">
    <ele>2147.0</ele>
   </trkpt>
   <trkpt lat="-6.9124130" lon="108.3930990">
    <ele>2146.0</ele>
   </trkpt>
   <trkpt lat="-6.9124160" lon="108.3930870">
    <ele>2146.0</ele>
   </trkpt>
   <trkpt lat="-6.9124190" lon="108.3930740">
    <ele>2145.0</ele>
   </trkpt>
   <trkpt lat="-6.9124210" lon="108.3930610">
    <ele>2145.0</ele>
   </trkpt>
   <trkpt lat="-6.9124270" lon="108.3930450">
    <ele>2144.0</ele>
   </trkpt>
   <trkpt lat="-6.9124330" lon="108.3930300">
    <ele>2143.0</ele>
   </trkpt>
   <trkpt lat="-6.9124450" lon="108.3930150">
    <ele>2143.0</ele>
   </trkpt>
   <trkpt lat="-6.9124570" lon="108.3929990">
    <ele>2142.0</ele>
   </trkpt>
   <trkpt lat="-6.9124730" lon="108.3929840">
    <ele>2142.0</ele>
   </trkpt>
   <trkpt lat="-6.9124890" lon="108.3929690">
    <ele>2141.0</ele>
   </trkpt>
   <trkpt lat="-6.9125060" lon="108.3929530">
    <ele>2140.0</ele>
   </trkpt>
   <trkpt lat="-6.9125230" lon="108.3929380">
    <ele>2140.0</ele>
   </trkpt>
   <trkpt lat="-6.9125370" lon="108.3929210">
    <ele>2139.0</ele>
   </trkpt>
   <trkpt lat="-6.9125520" lon="108.3929040">
    <ele>2139.0</ele>
   </trkpt>
   <trkpt lat="-6.9125640" lon="108.3928870">
    <ele>2138.0</ele>
   </trkpt>
   <trkpt lat="-6.9125770" lon="108.3928700">
    <ele>2138.0</ele>
   </trkpt>
   <trkpt lat="-6.9125890" lon="108.3928580">
    <ele>2137.0</ele>
   </trkpt>
   <trkpt lat="-6.9126010" lon="108.3928450">
    <ele>2137.0</ele>
   </trkpt>
   <trkpt lat="-6.9126120" lon="108.3928390">
    <ele>2137.0</ele>
   </trkpt>
   <trkpt lat="-6.9126230" lon="108.3928330">
    <ele>2136.0</ele>
   </trkpt>
   <trkpt lat="-6.9126340" lon="108.3928280">
    <ele>2136.0</ele>
   </trkpt>
   <trkpt lat="-6.9126450" lon="108.3928230">
    <ele>2135.0</ele>
   </trkpt>
   <trkpt lat="-6.9126560" lon="108.3928130">
    <ele>2135.0</ele>
   </trkpt>
   <trkpt lat="-6.9126670" lon="108.3928030">
    <ele>2135.0</ele>
   </trkpt>
   <trkpt lat="-6.9126780" lon="108.3927900">
    <ele>2134.0</ele>
   </trkpt>
   <trkpt lat="-6.9126890" lon="108.3927770">
    <ele>2133.0</ele>
   </trkpt>
   <trkpt lat="-6.9126980" lon="108.3927620">
    <ele>2133.0</ele>
   </trkpt>
   <trkpt lat="-6.9127070" lon="108.3927470">
    <ele>2132.0</ele>
   </trkpt>
   <trkpt lat="-6.9127110" lon="108.3927320">
    <ele>2132.0</ele>
   </trkpt>
   <trkpt lat="-6.9127160" lon="108.3927170">
    <ele>2131.0</ele>
   </trkpt>
   <trkpt lat="-6.9127220" lon="108.3927020">
    <ele>2131.0</ele>
   </trkpt>
   <trkpt lat="-6.9127280" lon="108.3926880">
    <ele>2130.0</ele>
   </trkpt>
   <trkpt lat="-6.9127370" lon="108.3926730">
    <ele>2130.0</ele>
   </trkpt>
   <trkpt lat="-6.9127460" lon="108.3926580">
    <ele>2130.0</ele>
   </trkpt>
   <trkpt lat="-6.9127530" lon="108.3926430">
    <ele>2129.0</ele>
   </trkpt>
   <trkpt lat="-6.9127590" lon="108.3926270">
    <ele>2129.0</ele>
   </trkpt>
   <trkpt lat="-6.9127650" lon="108.3926110">
    <ele>2128.0</ele>
   </trkpt>
   <trkpt lat="-6.9127710" lon="108.3925940">
    <ele>2128.0</ele>
   </trkpt>
   <trkpt lat="-6.9127760" lon="108.3925730">
    <ele>2128.0</ele>
   </trkpt>
   <trkpt lat="-6.9127800" lon="108.3925520">
    <ele>2127.0</ele>
   </trkpt>
   <trkpt lat="-6.9127870" lon="108.3925250">
    <ele>2127.0</ele>
   </trkpt>
   <trkpt lat="-6.9127930" lon="108.3924980">
    <ele>2126.0</ele>
   </trkpt>
   <trkpt lat="-6.9128040" lon="108.3924720">
    <ele>2126.0</ele>
   </trkpt>
   <trkpt lat="-6.9128150" lon="108.3924460">
    <ele>2126.0</ele>
   </trkpt>
   <trkpt lat="-6.9128300" lon="108.3924250">
    <ele>2125.0</ele>
   </trkpt>
   <trkpt lat="-6.9128450" lon="108.3924030">
    <ele>2125.0</ele>
   </trkpt>
   <trkpt lat="-6.9128580" lon="108.3923820">
    <ele>2124.0</ele>
   </trkpt>
   <trkpt lat="-6.9128700" lon="108.3923610">
    <ele>2124.0</ele>
   </trkpt>
   <trkpt lat="-6.9128780" lon="108.3923400">
    <ele>2124.0</ele>
   </trkpt>
   <trkpt lat="-6.9128850" lon="108.3923200">
    <ele>2123.0</ele>
   </trkpt>
   <trkpt lat="-6.9128880" lon="108.3923020">
    <ele>2123.0</ele>
   </trkpt>
   <trkpt lat="-6.9128910" lon="108.3922850">
    <ele>2122.0</ele>
   </trkpt>
   <trkpt lat="-6.9128920" lon="108.3922670">
    <ele>2122.0</ele>
   </trkpt>
   <trkpt lat="-6.9128920" lon="108.3922480">
    <ele>2122.0</ele>
   </trkpt>
   <trkpt lat="-6.9128920" lon="108.3922270">
    <ele>2121.0</ele>
   </trkpt>
   <trkpt lat="-6.9128920" lon="108.3922070">
    <ele>2121.0</ele>
   </trkpt>
   <trkpt lat="-6.9128960" lon="108.3921860">
    <ele>2120.0</ele>
   </trkpt>
   <trkpt lat="-6.9129000" lon="108.3921660">
    <ele>2120.0</ele>
   </trkpt>
   <trkpt lat="-6.9129090" lon="108.3921490">
    <ele>2120.0</ele>
   </trkpt>
   <trkpt lat="-6.9129170" lon="108.3921320">
    <ele>2119.0</ele>
   </trkpt>
   <trkpt lat="-6.9129270" lon="108.3921160">
    <ele>2119.0</ele>
   </trkpt>
   <trkpt lat="-6.9129370" lon="108.3921000">
    <ele>2118.0</ele>
   </trkpt>
   <trkpt lat="-6.9129470" lon="108.3920860">
    <ele>2118.0</ele>
   </trkpt>
   <trkpt lat="-6.9129560" lon="108.3920720">
    <ele>2118.0</ele>
   </trkpt>
   <trkpt lat="-6.9129680" lon="108.3920600">
    <ele>2117.0</ele>
   </trkpt>
   <trkpt lat="-6.9129800" lon="108.3920490">
    <ele>2117.0</ele>
   </trkpt>
   <trkpt lat="-6.9129960" lon="108.3920390">
    <ele>2116.0</ele>
   </trkpt>
   <trkpt lat="-6.9130120" lon="108.3920290">
    <ele>2116.0</ele>
   </trkpt>
   <trkpt lat="-6.9130280" lon="108.3920170">
    <ele>2116.0</ele>
   </trkpt>
   <trkpt lat="-6.9130440" lon="108.3920040">
    <ele>2115.0</ele>
   </trkpt>
   <trkpt lat="-6.9130570" lon="108.3919910">
    <ele>2114.0</ele>
   </trkpt>
   <trkpt lat="-6.9130700" lon="108.3919770">
    <ele>2114.0</ele>
   </trkpt>
   <trkpt lat="-6.9130800" lon="108.3919590">
    <ele>2113.0</ele>
   </trkpt>
   <trkpt lat="-6.9130900" lon="108.3919420">
    <ele>2113.0</ele>
   </trkpt>
   <trkpt lat="-6.9130990" lon="108.3919210">
    <ele>2112.0</ele>
   </trkpt>
   <trkpt lat="-6.9131070" lon="108.3919000">
    <ele>2112.0</ele>
   </trkpt>
   <trkpt lat="-6.9131150" lon="108.3918800">
    <ele>2111.0</ele>
   </trkpt>
   <trkpt lat="-6.9131220" lon="108.3918610">
    <ele>2111.0</ele>
   </trkpt>
   <trkpt lat="-6.9131280" lon="108.3918440">
    <ele>2111.0</ele>
   </trkpt>
   <trkpt lat="-6.9131340" lon="108.3918280">
    <ele>2110.0</ele>
   </trkpt>
   <trkpt lat="-6.9131390" lon="108.3918120">
    <ele>2109.0</ele>
   </trkpt>
   <trkpt lat="-6.9131430" lon="108.3917970">
    <ele>2109.0</ele>
   </trkpt>
   <trkpt lat="-6.9131500" lon="108.3917810">
    <ele>2108.0</ele>
   </trkpt>
   <trkpt lat="-6.9131560" lon="108.3917650">
    <ele>2108.0</ele>
   </trkpt>
   <trkpt lat="-6.9131640" lon="108.3917490">
    <ele>2107.0</ele>
   </trkpt>
   <trkpt lat="-6.9131720" lon="108.3917330">
    <ele>2106.0</ele>
   </trkpt>
   <trkpt lat="-6.9131780" lon="108.3917190">
    <ele>2106.0</ele>
   </trkpt>
   <trkpt lat="-6.9131840" lon="108.3917050">
    <ele>2105.0</ele>
   </trkpt>
   <trkpt lat="-6.9131890" lon="108.3916930">
    <ele>2105.0</ele>
   </trkpt>
   <trkpt lat="-6.9131950" lon="108.3916820">
    <ele>2104.0</ele>
   </trkpt>
   <trkpt lat="-6.9132020" lon="108.3916720">
    <ele>2103.0</ele>
   </trkpt>
   <trkpt lat="-6.9132100" lon="108.3916610">
    <ele>2103.0</ele>
   </trkpt>
   <trkpt lat="-6.9132140" lon="108.3916520">
    <ele>2102.0</ele>
   </trkpt>
   <trkpt lat="-6.9132170" lon="108.3916420">
    <ele>2102.0</ele>
   </trkpt>
   <trkpt lat="-6.9132180" lon="108.3916310">
    <ele>2101.0</ele>
   </trkpt>
   <trkpt lat="-6.9132190" lon="108.3916200">
    <ele>2100.0</ele>
   </trkpt>
   <trkpt lat="-6.9132190" lon="108.3916080">
    <ele>2100.0</ele>
   </trkpt>
   <trkpt lat="-6.9132200" lon="108.3915960">
    <ele>2099.0</ele>
   </trkpt>
   <trkpt lat="-6.9132210" lon="108.3915830">
    <ele>2099.0</ele>
   </trkpt>
   <trkpt lat="-6.9132210" lon="108.3915690">
    <ele>2098.0</ele>
   </trkpt>
   <trkpt lat="-6.9132190" lon="108.3915530">
    <ele>2098.0</ele>
   </trkpt>
   <trkpt lat="-6.9132160" lon="108.3915370">
    <ele>2097.0</ele>
   </trkpt>
   <trkpt lat="-6.9132100" lon="108.3915230">
    <ele>2097.0</ele>
   </trkpt>
   <trkpt lat="-6.9132030" lon="108.3915090">
    <ele>2097.0</ele>
   </trkpt>
   <trkpt lat="-6.9131920" lon="108.3914970">
    <ele>2096.0</ele>
   </trkpt>
   <trkpt lat="-6.9131820" lon="108.3914850">
    <ele>2095.0</ele>
   </trkpt>
   <trkpt lat="-6.9131700" lon="108.3914730">
    <ele>2095.0</ele>
   </trkpt>
   <trkpt lat="-6.9131580" lon="108.3914620">
    <ele>2094.0</ele>
   </trkpt>
   <trkpt lat="-6.9131410" lon="108.3914520">
    <ele>2094.0</ele>
   </trkpt>
   <trkpt lat="-6.9131250" lon="108.3914410">
    <ele>2093.0</ele>
   </trkpt>
   <trkpt lat="-6.9131090" lon="108.3914310">
    <ele>2092.0</ele>
   </trkpt>
   <trkpt lat="-6.9130930" lon="108.3914200">
    <ele>2092.0</ele>
   </trkpt>
   <trkpt lat="-6.9130780" lon="108.3914100">
    <ele>2091.0</ele>
   </trkpt>
   <trkpt lat="-6.9130640" lon="108.3913990">
    <ele>2091.0</ele>
   </trkpt>
   <trkpt lat="-6.9130530" lon="108.3913920">
    <ele>2090.0</ele>
   </trkpt>
   <trkpt lat="-6.9130430" lon="108.3913850">
    <ele>2089.0</ele>
   </trkpt>
   <trkpt lat="-6.9130370" lon="108.3913760">
    <ele>2088.0</ele>
   </trkpt>
   <trkpt lat="-6.9130320" lon="108.3913680">
    <ele>2087.0</ele>
   </trkpt>
   <trkpt lat="-6.9130280" lon="108.3913580">
    <ele>2087.0</ele>
   </trkpt>
   <trkpt lat="-6.9130240" lon="108.3913490">
    <ele>2086.0</ele>
   </trkpt>
   <trkpt lat="-6.9130170" lon="108.3913390">
    <ele>2085.0</ele>
   </trkpt>
   <trkpt lat="-6.9130100" lon="108.3913290">
    <ele>2085.0</ele>
   </trkpt>
   <trkpt lat="-6.9130030" lon="108.3913190">
    <ele>2084.0</ele>
   </trkpt>
   <trkpt lat="-6.9129960" lon="108.3913100">
    <ele>2084.0</ele>
   </trkpt>
   <trkpt lat="-6.9129890" lon="108.3912980">
    <ele>2083.0</ele>
   </trkpt>
   <trkpt lat="-6.9129830" lon="108.3912860">
    <ele>2082.0</ele>
   </trkpt>
   <trkpt lat="-6.9129760" lon="108.3912720">
    <ele>2082.0</ele>
   </trkpt>
   <trkpt lat="-6.9129690" lon="108.3912580">
    <ele>2081.0</ele>
   </trkpt>
   <trkpt lat="-6.9129690" lon="108.3912400">
    <ele>2081.0</ele>
   </trkpt>
   <trkpt lat="-6.9129700" lon="108.3912230">
    <ele>2081.0</ele>
   </trkpt>
   <trkpt lat="-6.9129780" lon="108.3912020">
    <ele>2081.0</ele>
   </trkpt>
   <trkpt lat="-6.9129860" lon="108.3911800">
    <ele>2081.0</ele>
   </trkpt>
   <trkpt lat="-6.9129960" lon="108.3911590">
    <ele>2081.0</ele>
   </trkpt>
   <trkpt lat="-6.9130060" lon="108.3911380">
    <ele>2081.0</ele>
   </trkpt>
   <trkpt lat="-6.9130160" lon="108.3911190">
    <ele>2080.0</ele>
   </trkpt>
   <trkpt lat="-6.9130260" lon="108.3911000">
    <ele>2079.0</ele>
   </trkpt>
   <trkpt lat="-6.9130340" lon="108.3910810">
    <ele>2078.0</ele>
   </trkpt>
   <trkpt lat="-6.9130420" lon="108.3910620">
    <ele>2077.0</ele>
   </trkpt>
   <trkpt lat="-6.9130430" lon="108.3910410">
    <ele>2077.0</ele>
   </trkpt>
   <trkpt lat="-6.9130440" lon="108.3910210">
    <ele>2076.0</ele>
   </trkpt>
   <trkpt lat="-6.9130420" lon="108.3909990">
    <ele>2076.0</ele>
   </trkpt>
   <trkpt lat="-6.9130400" lon="108.3909770">
    <ele>2075.0</ele>
   </trkpt>
   <trkpt lat="-6.9130390" lon="108.3909570">
    <ele>2075.0</ele>
   </trkpt>
   <trkpt lat="-6.9130390" lon="108.3909370">
    <ele>2075.0</ele>
   </trkpt>
   <trkpt lat="-6.9130380" lon="108.3909170">
    <ele>2074.0</ele>
   </trkpt>
   <trkpt lat="-6.9130370" lon="108.3908970">
    <ele>2073.0</ele>
   </trkpt>
   <trkpt lat="-6.9130340" lon="108.3908770">
    <ele>2072.0</ele>
   </trkpt>
   <trkpt lat="-6.9130310" lon="108.3908570">
    <ele>2071.0</ele>
   </trkpt>
   <trkpt lat="-6.9130260" lon="108.3908370">
    <ele>2070.0</ele>
   </trkpt>
   <trkpt lat="-6.9130200" lon="108.3908160">
    <ele>2069.0</ele>
   </trkpt>
   <trkpt lat="-6.9130140" lon="108.3907980">
    <ele>2068.0</ele>
   </trkpt>
   <trkpt lat="-6.9130070" lon="108.3907800">
    <ele>2068.0</ele>
   </trkpt>
   <trkpt lat="-6.9130000" lon="108.3907620">
    <ele>2067.0</ele>
   </trkpt>
   <trkpt lat="-6.9129940" lon="108.3907440">
    <ele>2067.0</ele>
   </trkpt>
   <trkpt lat="-6.9129900" lon="108.3907240">
    <ele>2066.0</ele>
   </trkpt>
   <trkpt lat="-6.9129860" lon="108.3907040">
    <ele>2065.0</ele>
   </trkpt>
   <trkpt lat="-6.9129850" lon="108.3906800">
    <ele>2065.0</ele>
   </trkpt>
   <trkpt lat="-6.9129830" lon="108.3906550">
    <ele>2064.0</ele>
   </trkpt>
   <trkpt lat="-6.9129840" lon="108.3906300">
    <ele>2064.0</ele>
   </trkpt>
   <trkpt lat="-6.9129850" lon="108.3906040">
    <ele>2063.0</ele>
   </trkpt>
   <trkpt lat="-6.9129850" lon="108.3905830">
    <ele>2063.0</ele>
   </trkpt>
   <trkpt lat="-6.9129860" lon="108.3905620">
    <ele>2063.0</ele>
   </trkpt>
   <trkpt lat="-6.9129860" lon="108.3905450">
    <ele>2063.0</ele>
   </trkpt>
   <trkpt lat="-6.9129850" lon="108.3905290">
    <ele>2063.0</ele>
   </trkpt>
   <trkpt lat="-6.9129810" lon="108.3905110">
    <ele>2062.0</ele>
   </trkpt>
   <trkpt lat="-6.9129770" lon="108.3904930">
    <ele>2062.0</ele>
   </trkpt>
   <trkpt lat="-6.9129690" lon="108.3904700">
    <ele>2062.0</ele>
   </trkpt>
   <trkpt lat="-6.9129600" lon="108.3904480">
    <ele>2062.0</ele>
   </trkpt>
   <trkpt lat="-6.9129510" lon="108.3904230">
    <ele>2062.0</ele>
   </trkpt>
   <trkpt lat="-6.9129420" lon="108.3903980">
    <ele>2061.0</ele>
   </trkpt>
   <trkpt lat="-6.9129370" lon="108.3903730">
    <ele>2061.0</ele>
   </trkpt>
   <trkpt lat="-6.9129310" lon="108.3903470">
    <ele>2061.0</ele>
   </trkpt>
   <trkpt lat="-6.9129270" lon="108.3903190">
    <ele>2061.0</ele>
   </trkpt>
   <trkpt lat="-6.9129230" lon="108.3902910">
    <ele>2061.0</ele>
   </trkpt>
   <trkpt lat="-6.9129170" lon="108.3902630">
    <ele>2060.0</ele>
   </trkpt>
   <trkpt lat="-6.9129100" lon="108.3902360">
    <ele>2060.0</ele>
   </trkpt>
   <trkpt lat="-6.9129030" lon="108.3902100">
    <ele>2060.0</ele>
   </trkpt>
   <trkpt lat="-6.9128950" lon="108.3901840">
    <ele>2060.0</ele>
   </trkpt>
   <trkpt lat="-6.9128910" lon="108.3901590">
    <ele>2060.0</ele>
   </trkpt>
   <trkpt lat="-6.9128870" lon="108.3901340">
    <ele>2059.0</ele>
   </trkpt>
   <trkpt lat="-6.9128880" lon="108.3901110">
    <ele>2059.0</ele>
   </trkpt>
   <trkpt lat="-6.9128890" lon="108.3900880">
    <ele>2058.0</ele>
   </trkpt>
   <trkpt lat="-6.9128950" lon="108.3900670">
    <ele>2058.0</ele>
   </trkpt>
   <trkpt lat="-6.9129000" lon="108.3900470">
    <ele>2058.0</ele>
   </trkpt>
   <trkpt lat="-6.9129100" lon="108.3900260">
    <ele>2057.0</ele>
   </trkpt>
   <trkpt lat="-6.9129190" lon="108.3900040">
    <ele>2057.0</ele>
   </trkpt>
   <trkpt lat="-6.9129350" lon="108.3899820">
    <ele>2056.0</ele>
   </trkpt>
   <trkpt lat="-6.9129500" lon="108.3899600">
    <ele>2056.0</ele>
   </trkpt>
   <trkpt lat="-6.9129660" lon="108.3899400">
    <ele>2056.0</ele>
   </trkpt>
   <trkpt lat="-6.9129810" lon="108.3899200">
    <ele>2055.0</ele>
   </trkpt>
   <trkpt lat="-6.9129920" lon="108.3899020">
    <ele>2055.0</ele>
   </trkpt>
   <trkpt lat="-6.9130030" lon="108.3898830">
    <ele>2054.0</ele>
   </trkpt>
   <trkpt lat="-6.9130120" lon="108.3898690">
    <ele>2054.0</ele>
   </trkpt>
   <trkpt lat="-6.9130210" lon="108.3898540">
    <ele>2054.0</ele>
   </trkpt>
   <trkpt lat="-6.9130290" lon="108.3898390">
    <ele>2053.0</ele>
   </trkpt>
   <trkpt lat="-6.9130370" lon="108.3898250">
    <ele>2052.0</ele>
   </trkpt>
   <trkpt lat="-6.9130450" lon="108.3898110">
    <ele>2052.0</ele>
   </trkpt>
   <trkpt lat="-6.9130530" lon="108.3897980">
    <ele>2051.0</ele>
   </trkpt>
   <trkpt lat="-6.9130630" lon="108.3897870">
    <ele>2051.0</ele>
   </trkpt>
   <trkpt lat="-6.9130720" lon="108.3897760">
    <ele>2050.0</ele>
   </trkpt>
   <trkpt lat="-6.9130840" lon="108.3897670">
    <ele>2050.0</ele>
   </trkpt>
   <trkpt lat="-6.9130950" lon="108.3897580">
    <ele>2049.0</ele>
   </trkpt>
   <trkpt lat="-6.9131060" lon="108.3897480">
    <ele>2049.0</ele>
   </trkpt>
   <trkpt lat="-6.9131160" lon="108.3897370">
    <ele>2049.0</ele>
   </trkpt>
   <trkpt lat="-6.9131260" lon="108.3897210">
    <ele>2048.0</ele>
   </trkpt>
   <trkpt lat="-6.9131360" lon="108.3897040">
    <ele>2047.0</ele>
   </trkpt>
   <trkpt lat="-6.9131460" lon="108.3896830">
    <ele>2047.0</ele>
   </trkpt>
   <trkpt lat="-6.9131550" lon="108.3896620">
    <ele>2046.0</ele>
   </trkpt>
   <trkpt lat="-6.9131680" lon="108.3896370">
    <ele>2046.0</ele>
   </trkpt>
   <trkpt lat="-6.9131810" lon="108.3896120">
    <ele>2045.0</ele>
   </trkpt>
   <trkpt lat="-6.9131970" lon="108.3895890">
    <ele>2045.0</ele>
   </trkpt>
   <trkpt lat="-6.9132130" lon="108.3895650">
    <ele>2045.0</ele>
   </trkpt>
   <trkpt lat="-6.9132340" lon="108.3895470">
    <ele>2045.0</ele>
   </trkpt>
   <trkpt lat="-6.9132550" lon="108.3895290">
    <ele>2045.0</ele>
   </trkpt>
   <trkpt lat="-6.9132770" lon="108.3895150">
    <ele>2044.0</ele>
   </trkpt>
   <trkpt lat="-6.9132990" lon="108.3895010">
    <ele>2044.0</ele>
   </trkpt>
   <trkpt lat="-6.9133180" lon="108.3894880">
    <ele>2043.0</ele>
   </trkpt>
   <trkpt lat="-6.9133370" lon="108.3894750">
    <ele>2043.0</ele>
   </trkpt>
   <trkpt lat="-6.9133540" lon="108.3894630">
    <ele>2043.0</ele>
   </trkpt>
   <trkpt lat="-6.9133710" lon="108.3894500">
    <ele>2042.0</ele>
   </trkpt>
   <trkpt lat="-6.9133870" lon="108.3894380">
    <ele>2042.0</ele>
   </trkpt>
   <trkpt lat="-6.9134030" lon="108.3894260">
    <ele>2041.0</ele>
   </trkpt>
   <trkpt lat="-6.9134150" lon="108.3894130">
    <ele>2041.0</ele>
   </trkpt>
   <trkpt lat="-6.9134280" lon="108.3894010">
    <ele>2041.0</ele>
   </trkpt>
   <trkpt lat="-6.9134410" lon="108.3893860">
    <ele>2040.0</ele>
   </trkpt>
   <trkpt lat="-6.9134530" lon="108.3893710">
    <ele>2040.0</ele>
   </trkpt>
   <trkpt lat="-6.9134680" lon="108.3893540">
    <ele>2040.0</ele>
   </trkpt>
   <trkpt lat="-6.9134840" lon="108.3893360">
    <ele>2040.0</ele>
   </trkpt>
   <trkpt lat="-6.9134980" lon="108.3893170">
    <ele>2040.0</ele>
   </trkpt>
   <trkpt lat="-6.9135120" lon="108.3892980">
    <ele>2039.0</ele>
   </trkpt>
   <trkpt lat="-6.9135240" lon="108.3892800">
    <ele>2039.0</ele>
   </trkpt>
   <trkpt lat="-6.9135370" lon="108.3892620">
    <ele>2038.0</ele>
   </trkpt>
   <trkpt lat="-6.9135470" lon="108.3892460">
    <ele>2038.0</ele>
   </trkpt>
   <trkpt lat="-6.9135560" lon="108.3892290">
    <ele>2038.0</ele>
   </trkpt>
   <trkpt lat="-6.9135640" lon="108.3892110">
    <ele>2037.0</ele>
   </trkpt>
   <trkpt lat="-6.9135720" lon="108.3891930">
    <ele>2037.0</ele>
   </trkpt>
   <trkpt lat="-6.9135780" lon="108.3891730">
    <ele>2037.0</ele>
   </trkpt>
   <trkpt lat="-6.9135840" lon="108.3891530">
    <ele>2037.0</ele>
   </trkpt>
   <trkpt lat="-6.9135890" lon="108.3891300">
    <ele>2037.0</ele>
   </trkpt>
   <trkpt lat="-6.9135930" lon="108.3891080">
    <ele>2036.0</ele>
   </trkpt>
   <trkpt lat="-6.9135990" lon="108.3890830">
    <ele>2036.0</ele>
   </trkpt>
   <trkpt lat="-6.9136050" lon="108.3890580">
    <ele>2036.0</ele>
   </trkpt>
   <trkpt lat="-6.9136130" lon="108.3890350">
    <ele>2036.0</ele>
   </trkpt>
   <trkpt lat="-6.9136210" lon="108.3890120">
    <ele>2036.0</ele>
   </trkpt>
   <trkpt lat="-6.9136280" lon="108.3889940">
    <ele>2036.0</ele>
   </trkpt>
   <trkpt lat="-6.9136350" lon="108.3889750">
    <ele>2036.0</ele>
   </trkpt>
   <trkpt lat="-6.9136370" lon="108.3889600">
    <ele>2036.0</ele>
   </trkpt>
   <trkpt lat="-6.9136380" lon="108.3889450">
    <ele>2036.0</ele>
   </trkpt>
   <trkpt lat="-6.9136380" lon="108.3889290">
    <ele>2036.0</ele>
   </trkpt>
   <trkpt lat="-6.9136380" lon="108.3889140">
    <ele>2036.0</ele>
   </trkpt>
   <trkpt lat="-6.9136420" lon="108.3888970">
    <ele>2036.0</ele>
   </trkpt>
   <trkpt lat="-6.9136460" lon="108.3888800">
    <ele>2036.0</ele>
   </trkpt>
   <trkpt lat="-6.9136550" lon="108.3888650">
    <ele>2036.0</ele>
   </trkpt>
   <trkpt lat="-6.9136630" lon="108.3888500">
    <ele>2036.0</ele>
   </trkpt>
   <trkpt lat="-6.9136750" lon="108.3888390">
    <ele>2035.0</ele>
   </trkpt>
   <trkpt lat="-6.9136860" lon="108.3888280">
    <ele>2035.0</ele>
   </trkpt>
   <trkpt lat="-6.9136990" lon="108.3888200">
    <ele>2035.0</ele>
   </trkpt>
   <trkpt lat="-6.9137130" lon="108.3888130">
    <ele>2035.0</ele>
   </trkpt>
   <trkpt lat="-6.9137260" lon="108.3888060">
    <ele>2035.0</ele>
   </trkpt>
   <trkpt lat="-6.9137400" lon="108.3887990">
    <ele>2035.0</ele>
   </trkpt>
   <trkpt lat="-6.9137510" lon="108.3887880">
    <ele>2035.0</ele>
   </trkpt>
   <trkpt lat="-6.9137610" lon="108.3887770">
    <ele>2035.0</ele>
   </trkpt>
   <trkpt lat="-6.9137670" lon="108.3887620">
    <ele>2035.0</ele>
   </trkpt>
   <trkpt lat="-6.9137730" lon="108.3887470">
    <ele>2035.0</ele>
   </trkpt>
   <trkpt lat="-6.9137750" lon="108.3887310">
    <ele>2034.0</ele>
   </trkpt>
   <trkpt lat="-6.9137780" lon="108.3887150">
    <ele>2034.0</ele>
   </trkpt>
   <trkpt lat="-6.9137830" lon="108.3886970">
    <ele>2034.0</ele>
   </trkpt>
   <trkpt lat="-6.9137890" lon="108.3886800">
    <ele>2034.0</ele>
   </trkpt>
   <trkpt lat="-6.9137920" lon="108.3886600">
    <ele>2034.0</ele>
   </trkpt>
   <trkpt lat="-6.9137950" lon="108.3886400">
    <ele>2033.0</ele>
   </trkpt>
   <trkpt lat="-6.9137920" lon="108.3886190">
    <ele>2033.0</ele>
   </trkpt>
   <trkpt lat="-6.9137880" lon="108.3885980">
    <ele>2032.0</ele>
   </trkpt>
   <trkpt lat="-6.9137790" lon="108.3885750">
    <ele>2032.0</ele>
   </trkpt>
   <trkpt lat="-6.9137710" lon="108.3885520">
    <ele>2032.0</ele>
   </trkpt>
   <trkpt lat="-6.9137590" lon="108.3885260">
    <ele>2031.0</ele>
   </trkpt>
   <trkpt lat="-6.9137480" lon="108.3885010">
    <ele>2031.0</ele>
   </trkpt>
   <trkpt lat="-6.9137340" lon="108.3884760">
    <ele>2030.0</ele>
   </trkpt>
   <trkpt lat="-6.9137210" lon="108.3884500">
    <ele>2030.0</ele>
   </trkpt>
   <trkpt lat="-6.9137100" lon="108.3884250">
    <ele>2030.0</ele>
   </trkpt>
   <trkpt lat="-6.9137000" lon="108.3884010">
    <ele>2029.0</ele>
   </trkpt>
   <trkpt lat="-6.9136960" lon="108.3883780">
    <ele>2029.0</ele>
   </trkpt>
   <trkpt lat="-6.9136930" lon="108.3883550">
    <ele>2028.0</ele>
   </trkpt>
   <trkpt lat="-6.9136940" lon="108.3883340">
    <ele>2028.0</ele>
   </trkpt>
   <trkpt lat="-6.9136960" lon="108.3883120">
    <ele>2028.0</ele>
   </trkpt>
   <trkpt lat="-6.9136990" lon="108.3882930">
    <ele>2027.0</ele>
   </trkpt>
   <trkpt lat="-6.9137030" lon="108.3882730">
    <ele>2027.0</ele>
   </trkpt>
   <trkpt lat="-6.9137080" lon="108.3882550">
    <ele>2026.0</ele>
   </trkpt>
   <trkpt lat="-6.9137140" lon="108.3882360">
    <ele>2026.0</ele>
   </trkpt>
   <trkpt lat="-6.9137210" lon="108.3882200">
    <ele>2026.0</ele>
   </trkpt>
   <trkpt lat="-6.9137290" lon="108.3882050">
    <ele>2025.0</ele>
   </trkpt>
   <trkpt lat="-6.9137360" lon="108.3881910">
    <ele>2024.0</ele>
   </trkpt>
   <trkpt lat="-6.9137430" lon="108.3881770">
    <ele>2024.0</ele>
   </trkpt>
   <trkpt lat="-6.9137460" lon="108.3881620">
    <ele>2023.0</ele>
   </trkpt>
   <trkpt lat="-6.9137490" lon="108.3881470">
    <ele>2023.0</ele>
   </trkpt>
   <trkpt lat="-6.9137440" lon="108.3881320">
    <ele>2022.0</ele>
   </trkpt>
   <trkpt lat="-6.9137390" lon="108.3881170">
    <ele>2021.0</ele>
   </trkpt>
   <trkpt lat="-6.9137330" lon="108.3881000">
    <ele>2021.0</ele>
   </trkpt>
   <trkpt lat="-6.9137270" lon="108.3880820">
    <ele>2020.0</ele>
   </trkpt>
   <trkpt lat="-6.9137220" lon="108.3880660">
    <ele>2020.0</ele>
   </trkpt>
   <trkpt lat="-6.9137160" lon="108.3880500">
    <ele>2019.0</ele>
   </trkpt>
   <trkpt lat="-6.9137120" lon="108.3880340">
    <ele>2018.0</ele>
   </trkpt>
   <trkpt lat="-6.9137070" lon="108.3880190">
    <ele>2017.0</ele>
   </trkpt>
   <trkpt lat="-6.9137030" lon="108.3879990">
    <ele>2016.0</ele>
   </trkpt>
   <trkpt lat="-6.9136990" lon="108.3879800">
    <ele>2016.0</ele>
   </trkpt>
   <trkpt lat="-6.9136930" lon="108.3879610">
    <ele>2015.0</ele>
   </trkpt>
   <trkpt lat="-6.9136870" lon="108.3879420">
    <ele>2014.0</ele>
   </trkpt>
   <trkpt lat="-6.9136820" lon="108.3879250">
    <ele>2014.0</ele>
   </trkpt>
   <trkpt lat="-6.9136770" lon="108.3879080">
    <ele>2013.0</ele>
   </trkpt>
   <trkpt lat="-6.9136760" lon="108.3878910">
    <ele>2013.0</ele>
   </trkpt>
   <trkpt lat="-6.9136750" lon="108.3878740">
    <ele>2012.0</ele>
   </trkpt>
   <trkpt lat="-6.9136780" lon="108.3878570">
    <ele>2012.0</ele>
   </trkpt>
   <trkpt lat="-6.9136810" lon="108.3878400">
    <ele>2011.0</ele>
   </trkpt>
   <trkpt lat="-6.9136860" lon="108.3878210">
    <ele>2011.0</ele>
   </trkpt>
   <trkpt lat="-6.9136900" lon="108.3878020">
    <ele>2011.0</ele>
   </trkpt>
   <trkpt lat="-6.9136950" lon="108.3877850">
    <ele>2010.0</ele>
   </trkpt>
   <trkpt lat="-6.9136990" lon="108.3877680">
    <ele>2009.0</ele>
   </trkpt>
   <trkpt lat="-6.9137020" lon="108.3877580">
    <ele>2008.0</ele>
   </trkpt>
   <trkpt lat="-6.9137050" lon="108.3877470">
    <ele>2007.0</ele>
   </trkpt>
   <trkpt lat="-6.9137060" lon="108.3877380">
    <ele>2007.0</ele>
   </trkpt>
   <trkpt lat="-6.9137070" lon="108.3877290">
    <ele>2006.0</ele>
   </trkpt>
   <trkpt lat="-6.9137050" lon="108.3877150">
    <ele>2005.0</ele>
   </trkpt>
   <trkpt lat="-6.9137040" lon="108.3877010">
    <ele>2005.0</ele>
   </trkpt>
   <trkpt lat="-6.9137010" lon="108.3876840">
    <ele>2004.0</ele>
   </trkpt>
   <trkpt lat="-6.9136980" lon="108.3876670">
    <ele>2004.0</ele>
   </trkpt>
   <trkpt lat="-6.9136910" lon="108.3876550">
    <ele>2003.0</ele>
   </trkpt>
   <trkpt lat="-6.9136850" lon="108.3876420">
    <ele>2002.0</ele>
   </trkpt>
   <trkpt lat="-6.9136740" lon="108.3876320">
    <ele>2002.0</ele>
   </trkpt>
   <trkpt lat="-6.9136630" lon="108.3876230">
    <ele>2001.0</ele>
   </trkpt>
   <trkpt lat="-6.9136480" lon="108.3876150">
    <ele>2001.0</ele>
   </trkpt>
   <trkpt lat="-6.9136340" lon="108.3876070">
    <ele>2000.0</ele>
   </trkpt>
   <trkpt lat="-6.9136180" lon="108.3876000">
    <ele>1999.0</ele>
   </trkpt>
   <trkpt lat="-6.9136020" lon="108.3875930">
    <ele>1999.0</ele>
   </trkpt>
   <trkpt lat="-6.9135880" lon="108.3875870">
    <ele>1998.0</ele>
   </trkpt>
   <trkpt lat="-6.9135730" lon="108.3875810">
    <ele>1998.0</ele>
   </trkpt>
   <trkpt lat="-6.9135640" lon="108.3875730">
    <ele>1997.0</ele>
   </trkpt>
   <trkpt lat="-6.9135560" lon="108.3875640">
    <ele>1996.0</ele>
   </trkpt>
   <trkpt lat="-6.9135520" lon="108.3875510">
    <ele>1995.0</ele>
   </trkpt>
   <trkpt lat="-6.9135480" lon="108.3875380">
    <ele>1994.0</ele>
   </trkpt>
   <trkpt lat="-6.9135460" lon="108.3875200">
    <ele>1994.0</ele>
   </trkpt>
   <trkpt lat="-6.9135450" lon="108.3875030">
    <ele>1993.0</ele>
   </trkpt>
   <trkpt lat="-6.9135440" lon="108.3874820">
    <ele>1992.0</ele>
   </trkpt>
   <trkpt lat="-6.9135440" lon="108.3874600">
    <ele>1992.0</ele>
   </trkpt>
   <trkpt lat="-6.9135440" lon="108.3874370">
    <ele>1991.0</ele>
   </trkpt>
   <trkpt lat="-6.9135450" lon="108.3874140">
    <ele>1991.0</ele>
   </trkpt>
   <trkpt lat="-6.9135450" lon="108.3873900">
    <ele>1990.0</ele>
   </trkpt>
   <trkpt lat="-6.9135450" lon="108.3873650">
    <ele>1989.0</ele>
   </trkpt>
   <trkpt lat="-6.9135430" lon="108.3873440">
    <ele>1988.0</ele>
   </trkpt>
   <trkpt lat="-6.9135410" lon="108.3873230">
    <ele>1987.0</ele>
   </trkpt>
   <trkpt lat="-6.9135390" lon="108.3873060">
    <ele>1987.0</ele>
   </trkpt>
   <trkpt lat="-6.9135360" lon="108.3872900">
    <ele>1986.0</ele>
   </trkpt>
   <trkpt lat="-6.9135310" lon="108.3872770">
    <ele>1985.0</ele>
   </trkpt>
   <trkpt lat="-6.9135260" lon="108.3872650">
    <ele>1985.0</ele>
   </trkpt>
   <trkpt lat="-6.9135180" lon="108.3872550">
    <ele>1984.0</ele>
   </trkpt>
   <trkpt lat="-6.9135100" lon="108.3872450">
    <ele>1984.0</ele>
   </trkpt>
   <trkpt lat="-6.9135010" lon="108.3872340">
    <ele>1983.0</ele>
   </trkpt>
   <trkpt lat="-6.9134930" lon="108.3872220">
    <ele>1982.0</ele>
   </trkpt>
   <trkpt lat="-6.9134850" lon="108.3872050">
    <ele>1982.0</ele>
   </trkpt>
   <trkpt lat="-6.9134770" lon="108.3871890">
    <ele>1981.0</ele>
   </trkpt>
   <trkpt lat="-6.9134670" lon="108.3871730">
    <ele>1981.0</ele>
   </trkpt>
   <trkpt lat="-6.9134570" lon="108.3871570">
    <ele>1980.0</ele>
   </trkpt>
   <trkpt lat="-6.9134470" lon="108.3871470">
    <ele>1979.0</ele>
   </trkpt>
   <trkpt lat="-6.9134360" lon="108.3871370">
    <ele>1979.0</ele>
   </trkpt>
   <trkpt lat="-6.9134290" lon="108.3871280">
    <ele>1978.0</ele>
   </trkpt>
   <trkpt lat="-6.9134220" lon="108.3871190">
    <ele>1978.0</ele>
   </trkpt>
   <trkpt lat="-6.9134190" lon="108.3871070">
    <ele>1977.0</ele>
   </trkpt>
   <trkpt lat="-6.9134170" lon="108.3870950">
    <ele>1976.0</ele>
   </trkpt>
   <trkpt lat="-6.9134120" lon="108.3870830">
    <ele>1976.0</ele>
   </trkpt>
   <trkpt lat="-6.9134070" lon="108.3870710">
    <ele>1975.0</ele>
   </trkpt>
   <trkpt lat="-6.9134000" lon="108.3870600">
    <ele>1975.0</ele>
   </trkpt>
   <trkpt lat="-6.9133930" lon="108.3870500">
    <ele>1974.0</ele>
   </trkpt>
   <trkpt lat="-6.9133870" lon="108.3870360">
    <ele>1973.0</ele>
   </trkpt>
   <trkpt lat="-6.9133810" lon="108.3870230">
    <ele>1973.0</ele>
   </trkpt>
   <trkpt lat="-6.9133760" lon="108.3870060">
    <ele>1972.0</ele>
   </trkpt>
   <trkpt lat="-6.9133700" lon="108.3869890">
    <ele>1972.0</ele>
   </trkpt>
   <trkpt lat="-6.9133620" lon="108.3869700">
    <ele>1971.0</ele>
   </trkpt>
   <trkpt lat="-6.9133550" lon="108.3869510">
    <ele>1970.0</ele>
   </trkpt>
   <trkpt lat="-6.9133450" lon="108.3869320">
    <ele>1970.0</ele>
   </trkpt>
   <trkpt lat="-6.9133360" lon="108.3869130">
    <ele>1969.0</ele>
   </trkpt>
   <trkpt lat="-6.9133260" lon="108.3868970">
    <ele>1969.0</ele>
   </trkpt>
   <trkpt lat="-6.9133160" lon="108.3868810">
    <ele>1968.0</ele>
   </trkpt>
   <trkpt lat="-6.9133080" lon="108.3868680">
    <ele>1967.0</ele>
   </trkpt>
   <trkpt lat="-6.9133010" lon="108.3868560">
    <ele>1966.0</ele>
   </trkpt>
   <trkpt lat="-6.9132950" lon="108.3868410">
    <ele>1965.0</ele>
   </trkpt>
   <trkpt lat="-6.9132890" lon="108.3868260">
    <ele>1965.0</ele>
   </trkpt>
   <trkpt lat="-6.9132830" lon="108.3868080">
    <ele>1964.0</ele>
   </trkpt>
   <trkpt lat="-6.9132760" lon="108.3867900">
    <ele>1964.0</ele>
   </trkpt>
   <trkpt lat="-6.9132710" lon="108.3867680">
    <ele>1963.0</ele>
   </trkpt>
   <trkpt lat="-6.9132660" lon="108.3867460">
    <ele>1963.0</ele>
   </trkpt>
   <trkpt lat="-6.9132640" lon="108.3867190">
    <ele>1963.0</ele>
   </trkpt>
   <trkpt lat="-6.9132620" lon="108.3866920">
    <ele>1962.0</ele>
   </trkpt>
   <trkpt lat="-6.9132610" lon="108.3866640">
    <ele>1961.0</ele>
   </trkpt>
   <trkpt lat="-6.9132600" lon="108.3866360">
    <ele>1961.0</ele>
   </trkpt>
   <trkpt lat="-6.9132550" lon="108.3866120">
    <ele>1960.0</ele>
   </trkpt>
   <trkpt lat="-6.9132490" lon="108.3865870">
    <ele>1960.0</ele>
   </trkpt>
   <trkpt lat="-6.9132390" lon="108.3865660">
    <ele>1959.0</ele>
   </trkpt>
   <trkpt lat="-6.9132280" lon="108.3865450">
    <ele>1958.0</ele>
   </trkpt>
   <trkpt lat="-6.9132170" lon="108.3865260">
    <ele>1958.0</ele>
   </trkpt>
   <trkpt lat="-6.9132050" lon="108.3865070">
    <ele>1957.0</ele>
   </trkpt>
   <trkpt lat="-6.9131950" lon="108.3864880">
    <ele>1957.0</ele>
   </trkpt>
   <trkpt lat="-6.9131840" lon="108.3864690">
    <ele>1956.0</ele>
   </trkpt>
   <trkpt lat="-6.9131750" lon="108.3864510">
    <ele>1955.0</ele>
   </trkpt>
   <trkpt lat="-6.9131650" lon="108.3864330">
    <ele>1954.0</ele>
   </trkpt>
   <trkpt lat="-6.9131560" lon="108.3864180">
    <ele>1953.0</ele>
   </trkpt>
   <trkpt lat="-6.9131470" lon="108.3864030">
    <ele>1953.0</ele>
   </trkpt>
   <trkpt lat="-6.9131410" lon="108.3863910">
    <ele>1952.0</ele>
   </trkpt>
   <trkpt lat="-6.9131340" lon="108.3863790">
    <ele>1951.0</ele>
   </trkpt>
   <trkpt lat="-6.9131320" lon="108.3863670">
    <ele>1951.0</ele>
   </trkpt>
   <trkpt lat="-6.9131290" lon="108.3863540">
    <ele>1950.0</ele>
   </trkpt>
   <trkpt lat="-6.9131280" lon="108.3863430">
    <ele>1950.0</ele>
   </trkpt>
   <trkpt lat="-6.9131270" lon="108.3863320">
    <ele>1949.0</ele>
   </trkpt>
   <trkpt lat="-6.9131220" lon="108.3863230">
    <ele>1948.0</ele>
   </trkpt>
   <trkpt lat="-6.9131170" lon="108.3863130">
    <ele>1947.0</ele>
   </trkpt>
   <trkpt lat="-6.9131090" lon="108.3863030">
    <ele>1946.0</ele>
   </trkpt>
   <trkpt lat="-6.9131000" lon="108.3862920">
    <ele>1946.0</ele>
   </trkpt>
   <trkpt lat="-6.9130900" lon="108.3862760">
    <ele>1945.0</ele>
   </trkpt>
   <trkpt lat="-6.9130790" lon="108.3862600">
    <ele>1945.0</ele>
   </trkpt>
   <trkpt lat="-6.9130680" lon="108.3862390">
    <ele>1944.0</ele>
   </trkpt>
   <trkpt lat="-6.9130570" lon="108.3862190">
    <ele>1944.0</ele>
   </trkpt>
   <trkpt lat="-6.9130470" lon="108.3861970">
    <ele>1944.0</ele>
   </trkpt>
   <trkpt lat="-6.9130360" lon="108.3861750">
    <ele>1943.0</ele>
   </trkpt>
   <trkpt lat="-6.9130280" lon="108.3861570">
    <ele>1942.0</ele>
   </trkpt>
   <trkpt lat="-6.9130190" lon="108.3861400">
    <ele>1942.0</ele>
   </trkpt>
   <trkpt lat="-6.9130130" lon="108.3861280">
    <ele>1941.0</ele>
   </trkpt>
   <trkpt lat="-6.9130060" lon="108.3861160">
    <ele>1941.0</ele>
   </trkpt>
   <trkpt lat="-6.9130010" lon="108.3861070">
    <ele>1940.0</ele>
   </trkpt>
   <trkpt lat="-6.9129960" lon="108.3860980">
    <ele>1939.0</ele>
   </trkpt>
   <trkpt lat="-6.9129910" lon="108.3860880">
    <ele>1939.0</ele>
   </trkpt>
   <trkpt lat="-6.9129860" lon="108.3860780">
    <ele>1938.0</ele>
   </trkpt>
   <trkpt lat="-6.9129810" lon="108.3860660">
    <ele>1938.0</ele>
   </trkpt>
   <trkpt lat="-6.9129770" lon="108.3860540">
    <ele>1937.0</ele>
   </trkpt>
   <trkpt lat="-6.9129730" lon="108.3860390">
    <ele>1937.0</ele>
   </trkpt>
   <trkpt lat="-6.9129690" lon="108.3860230">
    <ele>1936.0</ele>
   </trkpt>
   <trkpt lat="-6.9129640" lon="108.3860070">
    <ele>1936.0</ele>
   </trkpt>
   <trkpt lat="-6.9129600" lon="108.3859900">
    <ele>1936.0</ele>
   </trkpt>
   <trkpt lat="-6.9129540" lon="108.3859710">
    <ele>1935.0</ele>
   </trkpt>
   <trkpt lat="-6.9129470" lon="108.3859520">
    <ele>1935.0</ele>
   </trkpt>
   <trkpt lat="-6.9129400" lon="108.3859310">
    <ele>1934.0</ele>
   </trkpt>
   <trkpt lat="-6.9129320" lon="108.3859090">
    <ele>1934.0</ele>
   </trkpt>
   <trkpt lat="-6.9129220" lon="108.3858870">
    <ele>1934.0</ele>
   </trkpt>
   <trkpt lat="-6.9129130" lon="108.3858650">
    <ele>1933.0</ele>
   </trkpt>
   <trkpt lat="-6.9129040" lon="108.3858440">
    <ele>1933.0</ele>
   </trkpt>
   <trkpt lat="-6.9128960" lon="108.3858220">
    <ele>1932.0</ele>
   </trkpt>
   <trkpt lat="-6.9128880" lon="108.3858020">
    <ele>1932.0</ele>
   </trkpt>
   <trkpt lat="-6.9128800" lon="108.3857810">
    <ele>1932.0</ele>
   </trkpt>
   <trkpt lat="-6.9128690" lon="108.3857650">
    <ele>1931.0</ele>
   </trkpt>
   <trkpt lat="-6.9128590" lon="108.3857480">
    <ele>1931.0</ele>
   </trkpt>
   <trkpt lat="-6.9128460" lon="108.3857320">
    <ele>1930.0</ele>
   </trkpt>
   <trkpt lat="-6.9128330" lon="108.3857150">
    <ele>1930.0</ele>
   </trkpt>
   <trkpt lat="-6.9128210" lon="108.3856990">
    <ele>1930.0</ele>
   </trkpt>
   <trkpt lat="-6.9128080" lon="108.3856820">
    <ele>1929.0</ele>
   </trkpt>
   <trkpt lat="-6.9127980" lon="108.3856730">
    <ele>1929.0</ele>
   </trkpt>
   <trkpt lat="-6.9127870" lon="108.3856640">
    <ele>1928.0</ele>
   </trkpt>
   <trkpt lat="-6.9127800" lon="108.3856590">
    <ele>1928.0</ele>
   </trkpt>
   <trkpt lat="-6.9127730" lon="108.3856540">
    <ele>1928.0</ele>
   </trkpt>
   <trkpt lat="-6.9127700" lon="108.3856460">
    <ele>1927.0</ele>
   </trkpt>
   <trkpt lat="-6.9127670" lon="108.3856380">
    <ele>1927.0</ele>
   </trkpt>
   <trkpt lat="-6.9127650" lon="108.3856270">
    <ele>1926.0</ele>
   </trkpt>
   <trkpt lat="-6.9127630" lon="108.3856170">
    <ele>1926.0</ele>
   </trkpt>
   <trkpt lat="-6.9127610" lon="108.3856060">
    <ele>1926.0</ele>
   </trkpt>
   <trkpt lat="-6.9127580" lon="108.3855950">
    <ele>1925.0</ele>
   </trkpt>
   <trkpt lat="-6.9127520" lon="108.3855840">
    <ele>1925.0</ele>
   </trkpt>
   <trkpt lat="-6.9127460" lon="108.3855730">
    <ele>1924.0</ele>
   </trkpt>
   <trkpt lat="-6.9127370" lon="108.3855600">
    <ele>1924.0</ele>
   </trkpt>
   <trkpt lat="-6.9127290" lon="108.3855470">
    <ele>1924.0</ele>
   </trkpt>
   <trkpt lat="-6.9127180" lon="108.3855320">
    <ele>1923.0</ele>
   </trkpt>
   <trkpt lat="-6.9127080" lon="108.3855170">
    <ele>1922.0</ele>
   </trkpt>
   <trkpt lat="-6.9126970" lon="108.3855000">
    <ele>1922.0</ele>
   </trkpt>
   <trkpt lat="-6.9126860" lon="108.3854840">
    <ele>1921.0</ele>
   </trkpt>
   <trkpt lat="-6.9126750" lon="108.3854640">
    <ele>1921.0</ele>
   </trkpt>
   <trkpt lat="-6.9126650" lon="108.3854440">
    <ele>1920.0</ele>
   </trkpt>
   <trkpt lat="-6.9126540" lon="108.3854200">
    <ele>1919.0</ele>
   </trkpt>
   <trkpt lat="-6.9126440" lon="108.3853960">
    <ele>1919.0</ele>
   </trkpt>
   <trkpt lat="-6.9126330" lon="108.3853740">
    <ele>1918.0</ele>
   </trkpt>
   <trkpt lat="-6.9126230" lon="108.3853510">
    <ele>1918.0</ele>
   </trkpt>
   <trkpt lat="-6.9126110" lon="108.3853330">
    <ele>1917.0</ele>
   </trkpt>
   <trkpt lat="-6.9126000" lon="108.3853150">
    <ele>1916.0</ele>
   </trkpt>
   <trkpt lat="-6.9125870" lon="108.3853040">
    <ele>1916.0</ele>
   </trkpt>
   <trkpt lat="-6.9125740" lon="108.3852940">
    <ele>1915.0</ele>
   </trkpt>
   <trkpt lat="-6.9125610" lon="108.3852850">
    <ele>1915.0</ele>
   </trkpt>
   <trkpt lat="-6.9125480" lon="108.3852770">
    <ele>1914.0</ele>
   </trkpt>
   <trkpt lat="-6.9125370" lon="108.3852670">
    <ele>1914.0</ele>
   </trkpt>
   <trkpt lat="-6.9125260" lon="108.3852580">
    <ele>1913.0</ele>
   </trkpt>
   <trkpt lat="-6.9125160" lon="108.3852470">
    <ele>1913.0</ele>
   </trkpt>
   <trkpt lat="-6.9125060" lon="108.3852360">
    <ele>1913.0</ele>
   </trkpt>
   <trkpt lat="-6.9124950" lon="108.3852210">
    <ele>1912.0</ele>
   </trkpt>
   <trkpt lat="-6.9124850" lon="108.3852060">
    <ele>1912.0</ele>
   </trkpt>
   <trkpt lat="-6.9124760" lon="108.3851840">
    <ele>1912.0</ele>
   </trkpt>
   <trkpt lat="-6.9124670" lon="108.3851620">
    <ele>1912.0</ele>
   </trkpt>
   <trkpt lat="-6.9124600" lon="108.3851360">
    <ele>1912.0</ele>
   </trkpt>
   <trkpt lat="-6.9124550" lon="108.3851100">
    <ele>1911.0</ele>
   </trkpt>
   <trkpt lat="-6.9124540" lon="108.3850850">
    <ele>1910.0</ele>
   </trkpt>
   <trkpt lat="-6.9124540" lon="108.3850590">
    <ele>1910.0</ele>
   </trkpt>
   <trkpt lat="-6.9124550" lon="108.3850320">
    <ele>1909.0</ele>
   </trkpt>
   <trkpt lat="-6.9124560" lon="108.3850040">
    <ele>1909.0</ele>
   </trkpt>
   <trkpt lat="-6.9124540" lon="108.3849730">
    <ele>1908.0</ele>
   </trkpt>
   <trkpt lat="-6.9124520" lon="108.3849420">
    <ele>1908.0</ele>
   </trkpt>
   <trkpt lat="-6.9124500" lon="108.3849110">
    <ele>1907.0</ele>
   </trkpt>
   <trkpt lat="-6.9124480" lon="108.3848800">
    <ele>1907.0</ele>
   </trkpt>
   <trkpt lat="-6.9124450" lon="108.3848530">
    <ele>1907.0</ele>
   </trkpt>
   <trkpt lat="-6.9124430" lon="108.3848250">
    <ele>1906.0</ele>
   </trkpt>
   <trkpt lat="-6.9124370" lon="108.3848000">
    <ele>1905.0</ele>
   </trkpt>
   <trkpt lat="-6.9124300" lon="108.3847750">
    <ele>1905.0</ele>
   </trkpt>
   <trkpt lat="-6.9124180" lon="108.3847530">
    <ele>1904.0</ele>
   </trkpt>
   <trkpt lat="-6.9124060" lon="108.3847310">
    <ele>1904.0</ele>
   </trkpt>
   <trkpt lat="-6.9123910" lon="108.3847110">
    <ele>1903.0</ele>
   </trkpt>
   <trkpt lat="-6.9123760" lon="108.3846900">
    <ele>1902.0</ele>
   </trkpt>
   <trkpt lat="-6.9123610" lon="108.3846740">
    <ele>1901.0</ele>
   </trkpt>
   <trkpt lat="-6.9123470" lon="108.3846570">
    <ele>1900.0</ele>
   </trkpt>
   <trkpt lat="-6.9123340" lon="108.3846450">
    <ele>1899.0</ele>
   </trkpt>
   <trkpt lat="-6.9123220" lon="108.3846330">
    <ele>1898.0</ele>
   </trkpt>
   <trkpt lat="-6.9123130" lon="108.3846230">
    <ele>1897.0</ele>
   </trkpt>
   <trkpt lat="-6.9123030" lon="108.3846130">
    <ele>1897.0</ele>
   </trkpt>
   <trkpt lat="-6.9122980" lon="108.3846000">
    <ele>1896.0</ele>
   </trkpt>
   <trkpt lat="-6.9122930" lon="108.3845880">
    <ele>1896.0</ele>
   </trkpt>
   <trkpt lat="-6.9122910" lon="108.3845730">
    <ele>1895.0</ele>
   </trkpt>
   <trkpt lat="-6.9122880" lon="108.3845580">
    <ele>1894.0</ele>
   </trkpt>
   <trkpt lat="-6.9122860" lon="108.3845450">
    <ele>1894.0</ele>
   </trkpt>
   <trkpt lat="-6.9122840" lon="108.3845320">
    <ele>1893.0</ele>
   </trkpt>
   <trkpt lat="-6.9122790" lon="108.3845170">
    <ele>1893.0</ele>
   </trkpt>
   <trkpt lat="-6.9122740" lon="108.3845020">
    <ele>1892.0</ele>
   </trkpt>
   <trkpt lat="-6.9122650" lon="108.3844820">
    <ele>1892.0</ele>
   </trkpt>
   <trkpt lat="-6.9122560" lon="108.3844620">
    <ele>1892.0</ele>
   </trkpt>
   <trkpt lat="-6.9122500" lon="108.3844360">
    <ele>1892.0</ele>
   </trkpt>
   <trkpt lat="-6.9122440" lon="108.3844100">
    <ele>1892.0</ele>
   </trkpt>
   <trkpt lat="-6.9122430" lon="108.3843850">
    <ele>1891.0</ele>
   </trkpt>
   <trkpt lat="-6.9122420" lon="108.3843590">
    <ele>1891.0</ele>
   </trkpt>
   <trkpt lat="-6.9122460" lon="108.3843380">
    <ele>1890.0</ele>
   </trkpt>
   <trkpt lat="-6.9122490" lon="108.3843160">
    <ele>1890.0</ele>
   </trkpt>
   <trkpt lat="-6.9122530" lon="108.3842980">
    <ele>1890.0</ele>
   </trkpt>
   <trkpt lat="-6.9122570" lon="108.3842790">
    <ele>1889.0</ele>
   </trkpt>
   <trkpt lat="-6.9122600" lon="108.3842620">
    <ele>1888.0</ele>
   </trkpt>
   <trkpt lat="-6.9122620" lon="108.3842450">
    <ele>1888.0</ele>
   </trkpt>
   <trkpt lat="-6.9122610" lon="108.3842310">
    <ele>1887.0</ele>
   </trkpt>
   <trkpt lat="-6.9122600" lon="108.3842180">
    <ele>1887.0</ele>
   </trkpt>
   <trkpt lat="-6.9122560" lon="108.3842040">
    <ele>1886.0</ele>
   </trkpt>
   <trkpt lat="-6.9122530" lon="108.3841890">
    <ele>1886.0</ele>
   </trkpt>
   <trkpt lat="-6.9122480" lon="108.3841730">
    <ele>1885.0</ele>
   </trkpt>
   <trkpt lat="-6.9122440" lon="108.3841560">
    <ele>1885.0</ele>
   </trkpt>
   <trkpt lat="-6.9122380" lon="108.3841390">
    <ele>1885.0</ele>
   </trkpt>
   <trkpt lat="-6.9122320" lon="108.3841220">
    <ele>1884.0</ele>
   </trkpt>
   <trkpt lat="-6.9122230" lon="108.3841050">
    <ele>1883.0</ele>
   </trkpt>
   <trkpt lat="-6.9122150" lon="108.3840880">
    <ele>1883.0</ele>
   </trkpt>
   <trkpt lat="-6.9122060" lon="108.3840720">
    <ele>1882.0</ele>
   </trkpt>
   <trkpt lat="-6.9121970" lon="108.3840560">
    <ele>1882.0</ele>
   </trkpt>
   <trkpt lat="-6.9121940" lon="108.3840440">
    <ele>1881.0</ele>
   </trkpt>
   <trkpt lat="-6.9121900" lon="108.3840310">
    <ele>1880.0</ele>
   </trkpt>
   <trkpt lat="-6.9121930" lon="108.3840210">
    <ele>1880.0</ele>
   </trkpt>
   <trkpt lat="-6.9121960" lon="108.3840110">
    <ele>1879.0</ele>
   </trkpt>
   <trkpt lat="-6.9122000" lon="108.3839970">
    <ele>1879.0</ele>
   </trkpt>
   <trkpt lat="-6.9122050" lon="108.3839840">
    <ele>1878.0</ele>
   </trkpt>
   <trkpt lat="-6.9122040" lon="108.3839670">
    <ele>1877.0</ele>
   </trkpt>
   <trkpt lat="-6.9122030" lon="108.3839490">
    <ele>1877.0</ele>
   </trkpt>
   <trkpt lat="-6.9121970" lon="108.3839310">
    <ele>1876.0</ele>
   </trkpt>
   <trkpt lat="-6.9121900" lon="108.3839120">
    <ele>1876.0</ele>
   </trkpt>
   <trkpt lat="-6.9121830" lon="108.3838940">
    <ele>1875.0</ele>
   </trkpt>
   <trkpt lat="-6.9121750" lon="108.3838760">
    <ele>1875.0</ele>
   </trkpt>
   <trkpt lat="-6.9121670" lon="108.3838580">
    <ele>1874.0</ele>
   </trkpt>
   <trkpt lat="-6.9121580" lon="108.3838400">
    <ele>1874.0</ele>
   </trkpt>
   <trkpt lat="-6.9121460" lon="108.3838220">
    <ele>1874.0</ele>
   </trkpt>
   <trkpt lat="-6.9121350" lon="108.3838060">
    <ele>1873.0</ele>
   </trkpt>
   <trkpt lat="-6.9121250" lon="108.3837900">
    <ele>1873.0</ele>
   </trkpt>
   <trkpt lat="-6.9121140" lon="108.3837740">
    <ele>1872.0</ele>
   </trkpt>
   <trkpt lat="-6.9121070" lon="108.3837570">
    <ele>1872.0</ele>
   </trkpt>
   <trkpt lat="-6.9120990" lon="108.3837410">
    <ele>1872.0</ele>
   </trkpt>
   <trkpt lat="-6.9120940" lon="108.3837220">
    <ele>1871.0</ele>
   </trkpt>
   <trkpt lat="-6.9120900" lon="108.3837030">
    <ele>1871.0</ele>
   </trkpt>
   <trkpt lat="-6.9120850" lon="108.3836830">
    <ele>1870.0</ele>
   </trkpt>
   <trkpt lat="-6.9120800" lon="108.3836640">
    <ele>1870.0</ele>
   </trkpt>
   <trkpt lat="-6.9120770" lon="108.3836460">
    <ele>1870.0</ele>
   </trkpt>
   <trkpt lat="-6.9120730" lon="108.3836280">
    <ele>1869.0</ele>
   </trkpt>
   <trkpt lat="-6.9120730" lon="108.3836130">
    <ele>1869.0</ele>
   </trkpt>
   <trkpt lat="-6.9120720" lon="108.3835970">
    <ele>1868.0</ele>
   </trkpt>
   <trkpt lat="-6.9120740" lon="108.3835820">
    <ele>1868.0</ele>
   </trkpt>
   <trkpt lat="-6.9120770" lon="108.3835670">
    <ele>1868.0</ele>
   </trkpt>
   <trkpt lat="-6.9120800" lon="108.3835480">
    <ele>1867.0</ele>
   </trkpt>
   <trkpt lat="-6.9120830" lon="108.3835280">
    <ele>1866.0</ele>
   </trkpt>
   <trkpt lat="-6.9120850" lon="108.3835060">
    <ele>1865.0</ele>
   </trkpt>
   <trkpt lat="-6.9120860" lon="108.3834840">
    <ele>1864.0</ele>
   </trkpt>
   <trkpt lat="-6.9120830" lon="108.3834630">
    <ele>1864.0</ele>
   </trkpt>
   <trkpt lat="-6.9120800" lon="108.3834430">
    <ele>1863.0</ele>
   </trkpt>
   <trkpt lat="-6.9120770" lon="108.3834210">
    <ele>1862.0</ele>
   </trkpt>
   <trkpt lat="-6.9120740" lon="108.3834000">
    <ele>1862.0</ele>
   </trkpt>
   <trkpt lat="-6.9120730" lon="108.3833780">
    <ele>1861.0</ele>
   </trkpt>
   <trkpt lat="-6.9120720" lon="108.3833550">
    <ele>1861.0</ele>
   </trkpt>
   <trkpt lat="-6.9120780" lon="108.3833330">
    <ele>1860.0</ele>
   </trkpt>
   <trkpt lat="-6.9120830" lon="108.3833100">
    <ele>1859.0</ele>
   </trkpt>
   <trkpt lat="-6.9120870" lon="108.3832850">
    <ele>1859.0</ele>
   </trkpt>
   <trkpt lat="-6.9120900" lon="108.3832610">
    <ele>1858.0</ele>
   </trkpt>
   <trkpt lat="-6.9120900" lon="108.3832340">
    <ele>1858.0</ele>
   </trkpt>
   <trkpt lat="-6.9120900" lon="108.3832080">
    <ele>1857.0</ele>
   </trkpt>
   <trkpt lat="-6.9120900" lon="108.3831840">
    <ele>1856.0</ele>
   </trkpt>
   <trkpt lat="-6.9120900" lon="108.3831600">
    <ele>1856.0</ele>
   </trkpt>
   <trkpt lat="-6.9120900" lon="108.3831390">
    <ele>1855.0</ele>
   </trkpt>
   <trkpt lat="-6.9120900" lon="108.3831180">
    <ele>1855.0</ele>
   </trkpt>
   <trkpt lat="-6.9120870" lon="108.3830990">
    <ele>1854.0</ele>
   </trkpt>
   <trkpt lat="-6.9120850" lon="108.3830790">
    <ele>1853.0</ele>
   </trkpt>
   <trkpt lat="-6.9120830" lon="108.3830600">
    <ele>1853.0</ele>
   </trkpt>
   <trkpt lat="-6.9120820" lon="108.3830400">
    <ele>1852.0</ele>
   </trkpt>
   <trkpt lat="-6.9120830" lon="108.3830230">
    <ele>1852.0</ele>
   </trkpt>
   <trkpt lat="-6.9120840" lon="108.3830050">
    <ele>1851.0</ele>
   </trkpt>
   <trkpt lat="-6.9120890" lon="108.3829920">
    <ele>1850.0</ele>
   </trkpt>
   <trkpt lat="-6.9120940" lon="108.3829790">
    <ele>1850.0</ele>
   </trkpt>
   <trkpt lat="-6.9120960" lon="108.3829690">
    <ele>1849.0</ele>
   </trkpt>
   <trkpt lat="-6.9120980" lon="108.3829590">
    <ele>1849.0</ele>
   </trkpt>
   <trkpt lat="-6.9120980" lon="108.3829480">
    <ele>1848.0</ele>
   </trkpt>
   <trkpt lat="-6.9120980" lon="108.3829370">
    <ele>1847.0</ele>
   </trkpt>
   <trkpt lat="-6.9120970" lon="108.3829230">
    <ele>1847.0</ele>
   </trkpt>
   <trkpt lat="-6.9120960" lon="108.3829090">
    <ele>1846.0</ele>
   </trkpt>
   <trkpt lat="-6.9120980" lon="108.3828930">
    <ele>1846.0</ele>
   </trkpt>
   <trkpt lat="-6.9121010" lon="108.3828770">
    <ele>1845.0</ele>
   </trkpt>
   <trkpt lat="-6.9121070" lon="108.3828590">
    <ele>1844.0</ele>
   </trkpt>
   <trkpt lat="-6.9121130" lon="108.3828420">
    <ele>1844.0</ele>
   </trkpt>
   <trkpt lat="-6.9121150" lon="108.3828240">
    <ele>1843.0</ele>
   </trkpt>
   <trkpt lat="-6.9121180" lon="108.3828050">
    <ele>1843.0</ele>
   </trkpt>
   <trkpt lat="-6.9121170" lon="108.3827830">
    <ele>1842.0</ele>
   </trkpt>
   <trkpt lat="-6.9121170" lon="108.3827620">
    <ele>1841.0</ele>
   </trkpt>
   <trkpt lat="-6.9121170" lon="108.3827370">
    <ele>1841.0</ele>
   </trkpt>
   <trkpt lat="-6.9121180" lon="108.3827130">
    <ele>1840.0</ele>
   </trkpt>
   <trkpt lat="-6.9121190" lon="108.3826850">
    <ele>1840.0</ele>
   </trkpt>
   <trkpt lat="-6.9121190" lon="108.3826570">
    <ele>1839.0</ele>
   </trkpt>
   <trkpt lat="-6.9121210" lon="108.3826300">
    <ele>1838.0</ele>
   </trkpt>
   <trkpt lat="-6.9121230" lon="108.3826030">
    <ele>1838.0</ele>
   </trkpt>
   <trkpt lat="-6.9121250" lon="108.3825780">
    <ele>1837.0</ele>
   </trkpt>
   <trkpt lat="-6.9121270" lon="108.3825540">
    <ele>1837.0</ele>
   </trkpt>
   <trkpt lat="-6.9121270" lon="108.3825320">
    <ele>1836.0</ele>
   </trkpt>
   <trkpt lat="-6.9121270" lon="108.3825100">
    <ele>1835.0</ele>
   </trkpt>
   <trkpt lat="-6.9121200" lon="108.3824860">
    <ele>1834.0</ele>
   </trkpt>
   <trkpt lat="-6.9121140" lon="108.3824630">
    <ele>1833.0</ele>
   </trkpt>
   <trkpt lat="-6.9121040" lon="108.3824380">
    <ele>1833.0</ele>
   </trkpt>
   <trkpt lat="-6.9120940" lon="108.3824140">
    <ele>1832.0</ele>
   </trkpt>
   <trkpt lat="-6.9120850" lon="108.3823930">
    <ele>1831.0</ele>
   </trkpt>
   <trkpt lat="-6.9120770" lon="108.3823720">
    <ele>1830.0</ele>
   </trkpt>
   <trkpt lat="-6.9120690" lon="108.3823560">
    <ele>1829.0</ele>
   </trkpt>
   <trkpt lat="-6.9120620" lon="108.3823400">
    <ele>1829.0</ele>
   </trkpt>
   <trkpt lat="-6.9120590" lon="108.3823240">
    <ele>1828.0</ele>
   </trkpt>
   <trkpt lat="-6.9120560" lon="108.3823080">
    <ele>1827.0</ele>
   </trkpt>
   <trkpt lat="-6.9120530" lon="108.3822880">
    <ele>1827.0</ele>
   </trkpt>
   <trkpt lat="-6.9120500" lon="108.3822670">
    <ele>1826.0</ele>
   </trkpt>
   <trkpt lat="-6.9120450" lon="108.3822440">
    <ele>1826.0</ele>
   </trkpt>
   <trkpt lat="-6.9120400" lon="108.3822210">
    <ele>1825.0</ele>
   </trkpt>
   <trkpt lat="-6.9120360" lon="108.3821970">
    <ele>1824.0</ele>
   </trkpt>
   <trkpt lat="-6.9120310" lon="108.3821740">
    <ele>1824.0</ele>
   </trkpt>
   <trkpt lat="-6.9120330" lon="108.3821510">
    <ele>1823.0</ele>
   </trkpt>
   <trkpt lat="-6.9120350" lon="108.3821290">
    <ele>1823.0</ele>
   </trkpt>
   <trkpt lat="-6.9120410" lon="108.3821060">
    <ele>1822.0</ele>
   </trkpt>
   <trkpt lat="-6.9120470" lon="108.3820830">
    <ele>1821.0</ele>
   </trkpt>
   <trkpt lat="-6.9120480" lon="108.3820580">
    <ele>1821.0</ele>
   </trkpt>
   <trkpt lat="-6.9120500" lon="108.3820320">
    <ele>1820.0</ele>
   </trkpt>
   <trkpt lat="-6.9120480" lon="108.3820080">
    <ele>1820.0</ele>
   </trkpt>
   <trkpt lat="-6.9120460" lon="108.3819830">
    <ele>1819.0</ele>
   </trkpt>
   <trkpt lat="-6.9120470" lon="108.3819600">
    <ele>1818.0</ele>
   </trkpt>
   <trkpt lat="-6.9120480" lon="108.3819380">
    <ele>1817.0</ele>
   </trkpt>
   <trkpt lat="-6.9120530" lon="108.3819170">
    <ele>1816.0</ele>
   </trkpt>
   <trkpt lat="-6.9120580" lon="108.3818960">
    <ele>1816.0</ele>
   </trkpt>
   <trkpt lat="-6.9120660" lon="108.3818810">
    <ele>1815.0</ele>
   </trkpt>
   <trkpt lat="-6.9120740" lon="108.3818660">
    <ele>1814.0</ele>
   </trkpt>
   <trkpt lat="-6.9120820" lon="108.3818550">
    <ele>1814.0</ele>
   </trkpt>
   <trkpt lat="-6.9120910" lon="108.3818440">
    <ele>1813.0</ele>
   </trkpt>
   <trkpt lat="-6.9120930" lon="108.3818330">
    <ele>1813.0</ele>
   </trkpt>
   <trkpt lat="-6.9120960" lon="108.3818220">
    <ele>1812.0</ele>
   </trkpt>
   <trkpt lat="-6.9120970" lon="108.3818090">
    <ele>1811.0</ele>
   </trkpt>
   <trkpt lat="-6.9120970" lon="108.3817960">
    <ele>1811.0</ele>
   </trkpt>
   <trkpt lat="-6.9120970" lon="108.3817800">
    <ele>1810.0</ele>
   </trkpt>
   <trkpt lat="-6.9120970" lon="108.3817640">
    <ele>1810.0</ele>
   </trkpt>
   <trkpt lat="-6.9120970" lon="108.3817470">
    <ele>1809.0</ele>
   </trkpt>
   <trkpt lat="-6.9120980" lon="108.3817300">
    <ele>1808.0</ele>
   </trkpt>
   <trkpt lat="-6.9121050" lon="108.3817200">
    <ele>1808.0</ele>
   </trkpt>
   <trkpt lat="-6.9121130" lon="108.3817090">
    <ele>1807.0</ele>
   </trkpt>
   <trkpt lat="-6.9121230" lon="108.3817010">
    <ele>1807.0</ele>
   </trkpt>
   <trkpt lat="-6.9121340" lon="108.3816940">
    <ele>1806.0</ele>
   </trkpt>
   <trkpt lat="-6.9121390" lon="108.3816910">
    <ele>1805.0</ele>
   </trkpt>
   <trkpt lat="-6.9121440" lon="108.3816890">
    <ele>1805.0</ele>
   </trkpt>
   <trkpt lat="-6.9121530" lon="108.3816870">
    <ele>1804.0</ele>
   </trkpt>
   <trkpt lat="-6.9121610" lon="108.3816850">
    <ele>1804.0</ele>
   </trkpt>
   <trkpt lat="-6.9121700" lon="108.3816850">
    <ele>1803.0</ele>
   </trkpt>
   <trkpt lat="-6.9121790" lon="108.3816850">
    <ele>1802.0</ele>
   </trkpt>
   <trkpt lat="-6.9121910" lon="108.3816860">
    <ele>1802.0</ele>
   </trkpt>
   <trkpt lat="-6.9122030" lon="108.3816860">
    <ele>1801.0</ele>
   </trkpt>
   <trkpt lat="-6.9122190" lon="108.3816870">
    <ele>1801.0</ele>
   </trkpt>
   <trkpt lat="-6.9122350" lon="108.3816870">
    <ele>1800.0</ele>
   </trkpt>
   <trkpt lat="-6.9122500" lon="108.3816850">
    <ele>1799.0</ele>
   </trkpt>
   <trkpt lat="-6.9122650" lon="108.3816820">
    <ele>1799.0</ele>
   </trkpt>
   <trkpt lat="-6.9122780" lon="108.3816750">
    <ele>1798.0</ele>
   </trkpt>
   <trkpt lat="-6.9122900" lon="108.3816670">
    <ele>1798.0</ele>
   </trkpt>
   <trkpt lat="-6.9123020" lon="108.3816570">
    <ele>1797.0</ele>
   </trkpt>
   <trkpt lat="-6.9123150" lon="108.3816470">
    <ele>1796.0</ele>
   </trkpt>
   <trkpt lat="-6.9123250" lon="108.3816350">
    <ele>1795.0</ele>
   </trkpt>
   <trkpt lat="-6.9123350" lon="108.3816230">
    <ele>1794.0</ele>
   </trkpt>
   <trkpt lat="-6.9123440" lon="108.3816090">
    <ele>1794.0</ele>
   </trkpt>
   <trkpt lat="-6.9123530" lon="108.3815940">
    <ele>1793.0</ele>
   </trkpt>
   <trkpt lat="-6.9123590" lon="108.3815760">
    <ele>1792.0</ele>
   </trkpt>
   <trkpt lat="-6.9123650" lon="108.3815580">
    <ele>1791.0</ele>
   </trkpt>
   <trkpt lat="-6.9123710" lon="108.3815370">
    <ele>1790.0</ele>
   </trkpt>
   <trkpt lat="-6.9123770" lon="108.3815160">
    <ele>1790.0</ele>
   </trkpt>
   <trkpt lat="-6.9123840" lon="108.3814960">
    <ele>1789.0</ele>
   </trkpt>
   <trkpt lat="-6.9123900" lon="108.3814750">
    <ele>1788.0</ele>
   </trkpt>
   <trkpt lat="-6.9123950" lon="108.3814560">
    <ele>1787.0</ele>
   </trkpt>
   <trkpt lat="-6.9124000" lon="108.3814370">
    <ele>1786.0</ele>
   </trkpt>
   <trkpt lat="-6.9124030" lon="108.3814180">
    <ele>1786.0</ele>
   </trkpt>
   <trkpt lat="-6.9124060" lon="108.3813990">
    <ele>1785.0</ele>
   </trkpt>
   <trkpt lat="-6.9124090" lon="108.3813840">
    <ele>1784.0</ele>
   </trkpt>
   <trkpt lat="-6.9124120" lon="108.3813690">
    <ele>1784.0</ele>
   </trkpt>
   <trkpt lat="-6.9124210" lon="108.3813610">
    <ele>1783.0</ele>
   </trkpt>
   <trkpt lat="-6.9124300" lon="108.3813520">
    <ele>1783.0</ele>
   </trkpt>
   <trkpt lat="-6.9124430" lon="108.3813470">
    <ele>1782.0</ele>
   </trkpt>
   <trkpt lat="-6.9124560" lon="108.3813420">
    <ele>1781.0</ele>
   </trkpt>
   <trkpt lat="-6.9124700" lon="108.3813370">
    <ele>1780.0</ele>
   </trkpt>
   <trkpt lat="-6.9124830" lon="108.3813320">
    <ele>1779.0</ele>
   </trkpt>
   <trkpt lat="-6.9124970" lon="108.3813240">
    <ele>1779.0</ele>
   </trkpt>
   <trkpt lat="-6.9125100" lon="108.3813160">
    <ele>1778.0</ele>
   </trkpt>
   <trkpt lat="-6.9125250" lon="108.3813060">
    <ele>1777.0</ele>
   </trkpt>
   <trkpt lat="-6.9125390" lon="108.3812960">
    <ele>1777.0</ele>
   </trkpt>
   <trkpt lat="-6.9125560" lon="108.3812870">
    <ele>1776.0</ele>
   </trkpt>
   <trkpt lat="-6.9125730" lon="108.3812780">
    <ele>1776.0</ele>
   </trkpt>
   <trkpt lat="-6.9125890" lon="108.3812720">
    <ele>1775.0</ele>
   </trkpt>
   <trkpt lat="-6.9126050" lon="108.3812670">
    <ele>1774.0</ele>
   </trkpt>
   <trkpt lat="-6.9126150" lon="108.3812600">
    <ele>1774.0</ele>
   </trkpt>
   <trkpt lat="-6.9126250" lon="108.3812540">
    <ele>1773.0</ele>
   </trkpt>
   <trkpt lat="-6.9126310" lon="108.3812490">
    <ele>1773.0</ele>
   </trkpt>
   <trkpt lat="-6.9126370" lon="108.3812430">
    <ele>1772.0</ele>
   </trkpt>
   <trkpt lat="-6.9126430" lon="108.3812400">
    <ele>1771.0</ele>
   </trkpt>
   <trkpt lat="-6.9126500" lon="108.3812370">
    <ele>1770.0</ele>
   </trkpt>
   <trkpt lat="-6.9126600" lon="108.3812340">
    <ele>1769.0</ele>
   </trkpt>
   <trkpt lat="-6.9126690" lon="108.3812310">
    <ele>1769.0</ele>
   </trkpt>
   <trkpt lat="-6.9126830" lon="108.3812290">
    <ele>1768.0</ele>
   </trkpt>
   <trkpt lat="-6.9126970" lon="108.3812280">
    <ele>1767.0</ele>
   </trkpt>
   <trkpt lat="-6.9127120" lon="108.3812280">
    <ele>1767.0</ele>
   </trkpt>
   <trkpt lat="-6.9127260" lon="108.3812290">
    <ele>1766.0</ele>
   </trkpt>
   <trkpt lat="-6.9127350" lon="108.3812280">
    <ele>1766.0</ele>
   </trkpt>
   <trkpt lat="-6.9127440" lon="108.3812260">
    <ele>1765.0</ele>
   </trkpt>
   <trkpt lat="-6.9127470" lon="108.3812220">
    <ele>1764.0</ele>
   </trkpt>
   <trkpt lat="-6.9127510" lon="108.3812180">
    <ele>1764.0</ele>
   </trkpt>
   <trkpt lat="-6.9127500" lon="108.3812120">
    <ele>1763.0</ele>
   </trkpt>
   <trkpt lat="-6.9127490" lon="108.3812070">
    <ele>1763.0</ele>
   </trkpt>
   <trkpt lat="-6.9127440" lon="108.3811960">
    <ele>1762.0</ele>
   </trkpt>
   <trkpt lat="-6.9127390" lon="108.3811860">
    <ele>1761.0</ele>
   </trkpt>
   <trkpt lat="-6.9127300" lon="108.3811710">
    <ele>1761.0</ele>
   </trkpt>
   <trkpt lat="-6.9127220" lon="108.3811550">
    <ele>1760.0</ele>
   </trkpt>
   <trkpt lat="-6.9127120" lon="108.3811400">
    <ele>1760.0</ele>
   </trkpt>
   <trkpt lat="-6.9127020" lon="108.3811240">
    <ele>1759.0</ele>
   </trkpt>
   <trkpt lat="-6.9126950" lon="108.3811080">
    <ele>1758.0</ele>
   </trkpt>
   <trkpt lat="-6.9126870" lon="108.3810920">
    <ele>1757.0</ele>
   </trkpt>
   <trkpt lat="-6.9126790" lon="108.3810720">
    <ele>1756.0</ele>
   </trkpt>
   <trkpt lat="-6.9126720" lon="108.3810510">
    <ele>1756.0</ele>
   </trkpt>
   <trkpt lat="-6.9126650" lon="108.3810270">
    <ele>1755.0</ele>
   </trkpt>
   <trkpt lat="-6.9126580" lon="108.3810020">
    <ele>1755.0</ele>
   </trkpt>
   <trkpt lat="-6.9126500" lon="108.3809770">
    <ele>1754.0</ele>
   </trkpt>
   <trkpt lat="-6.9126430" lon="108.3809520">
    <ele>1754.0</ele>
   </trkpt>
   <trkpt lat="-6.9126340" lon="108.3809300">
    <ele>1754.0</ele>
   </trkpt>
   <trkpt lat="-6.9126260" lon="108.3809080">
    <ele>1753.0</ele>
   </trkpt>
   <trkpt lat="-6.9126170" lon="108.3808890">
    <ele>1752.0</ele>
   </trkpt>
   <trkpt lat="-6.9126090" lon="108.3808700">
    <ele>1752.0</ele>
   </trkpt>
   <trkpt lat="-6.9126020" lon="108.3808470">
    <ele>1751.0</ele>
   </trkpt>
   <trkpt lat="-6.9125960" lon="108.3808240">
    <ele>1751.0</ele>
   </trkpt>
   <trkpt lat="-6.9125940" lon="108.3807980">
    <ele>1750.0</ele>
   </trkpt>
   <trkpt lat="-6.9125910" lon="108.3807720">
    <ele>1750.0</ele>
   </trkpt>
   <trkpt lat="-6.9125870" lon="108.3807460">
    <ele>1749.0</ele>
   </trkpt>
   <trkpt lat="-6.9125830" lon="108.3807200">
    <ele>1749.0</ele>
   </trkpt>
   <trkpt lat="-6.9125780" lon="108.3806970">
    <ele>1749.0</ele>
   </trkpt>
   <trkpt lat="-6.9125730" lon="108.3806750">
    <ele>1748.0</ele>
   </trkpt>
   <trkpt lat="-6.9125650" lon="108.3806550">
    <ele>1747.0</ele>
   </trkpt>
   <trkpt lat="-6.9125580" lon="108.3806340">
    <ele>1747.0</ele>
   </trkpt>
   <trkpt lat="-6.9125500" lon="108.3806190">
    <ele>1746.0</ele>
   </trkpt>
   <trkpt lat="-6.9125420" lon="108.3806040">
    <ele>1746.0</ele>
   </trkpt>
   <trkpt lat="-6.9125360" lon="108.3805910">
    <ele>1745.0</ele>
   </trkpt>
   <trkpt lat="-6.9125300" lon="108.3805790">
    <ele>1745.0</ele>
   </trkpt>
   <trkpt lat="-6.9125230" lon="108.3805670">
    <ele>1744.0</ele>
   </trkpt>
   <trkpt lat="-6.9125160" lon="108.3805550">
    <ele>1744.0</ele>
   </trkpt>
   <trkpt lat="-6.9125090" lon="108.3805410">
    <ele>1744.0</ele>
   </trkpt>
   <trkpt lat="-6.9125020" lon="108.3805270">
    <ele>1743.0</ele>
   </trkpt>
   <trkpt lat="-6.9124970" lon="108.3805120">
    <ele>1743.0</ele>
   </trkpt>
   <trkpt lat="-6.9124920" lon="108.3804970">
    <ele>1742.0</ele>
   </trkpt>
   <trkpt lat="-6.9124900" lon="108.3804800">
    <ele>1742.0</ele>
   </trkpt>
   <trkpt lat="-6.9124890" lon="108.3804630">
    <ele>1742.0</ele>
   </trkpt>
   <trkpt lat="-6.9124880" lon="108.3804450">
    <ele>1741.0</ele>
   </trkpt>
   <trkpt lat="-6.9124870" lon="108.3804270">
    <ele>1741.0</ele>
   </trkpt>
   <trkpt lat="-6.9124880" lon="108.3804070">
    <ele>1740.0</ele>
   </trkpt>
   <trkpt lat="-6.9124880" lon="108.3803880">
    <ele>1740.0</ele>
   </trkpt>
   <trkpt lat="-6.9124890" lon="108.3803680">
    <ele>1740.0</ele>
   </trkpt>
   <trkpt lat="-6.9124910" lon="108.3803480">
    <ele>1739.0</ele>
   </trkpt>
   <trkpt lat="-6.9124930" lon="108.3803300">
    <ele>1739.0</ele>
   </trkpt>
   <trkpt lat="-6.9124960" lon="108.3803110">
    <ele>1739.0</ele>
   </trkpt>
   <trkpt lat="-6.9125020" lon="108.3802960">
    <ele>1739.0</ele>
   </trkpt>
   <trkpt lat="-6.9125080" lon="108.3802800">
    <ele>1739.0</ele>
   </trkpt>
   <trkpt lat="-6.9125200" lon="108.3802700">
    <ele>1738.0</ele>
   </trkpt>
   <trkpt lat="-6.9125310" lon="108.3802600">
    <ele>1738.0</ele>
   </trkpt>
   <trkpt lat="-6.9125470" lon="108.3802580">
    <ele>1737.0</ele>
   </trkpt>
   <trkpt lat="-6.9125630" lon="108.3802550">
    <ele>1737.0</ele>
   </trkpt>
   <trkpt lat="-6.9125810" lon="108.3802570">
    <ele>1737.0</ele>
   </trkpt>
   <trkpt lat="-6.9125990" lon="108.3802590">
    <ele>1736.0</ele>
   </trkpt>
   <trkpt lat="-6.9126180" lon="108.3802550">
    <ele>1736.0</ele>
   </trkpt>
   <trkpt lat="-6.9126380" lon="108.3802510">
    <ele>1735.0</ele>
   </trkpt>
   <trkpt lat="-6.9126550" lon="108.3802380">
    <ele>1735.0</ele>
   </trkpt>
   <trkpt lat="-6.9126730" lon="108.3802250">
    <ele>1735.0</ele>
   </trkpt>
   <trkpt lat="-6.9126840" lon="108.3802060">
    <ele>1734.0</ele>
   </trkpt>
   <trkpt lat="-6.9126950" lon="108.3801880">
    <ele>1733.0</ele>
   </trkpt>
   <trkpt lat="-6.9127030" lon="108.3801670">
    <ele>1732.0</ele>
   </trkpt>
   <trkpt lat="-6.9127110" lon="108.3801460">
    <ele>1731.0</ele>
   </trkpt>
   <trkpt lat="-6.9127200" lon="108.3801250">
    <ele>1730.0</ele>
   </trkpt>
   <trkpt lat="-6.9127300" lon="108.3801040">
    <ele>1729.0</ele>
   </trkpt>
   <trkpt lat="-6.9127420" lon="108.3800860">
    <ele>1728.0</ele>
   </trkpt>
   <trkpt lat="-6.9127550" lon="108.3800680">
    <ele>1727.0</ele>
   </trkpt>
   <trkpt lat="-6.9127710" lon="108.3800510">
    <ele>1726.0</ele>
   </trkpt>
   <trkpt lat="-6.9127870" lon="108.3800350">
    <ele>1726.0</ele>
   </trkpt>
   <trkpt lat="-6.9128020" lon="108.3800160">
    <ele>1725.0</ele>
   </trkpt>
   <trkpt lat="-6.9128170" lon="108.3799980">
    <ele>1724.0</ele>
   </trkpt>
   <trkpt lat="-6.9128290" lon="108.3799770">
    <ele>1724.0</ele>
   </trkpt>
   <trkpt lat="-6.9128410" lon="108.3799560">
    <ele>1723.0</ele>
   </trkpt>
   <trkpt lat="-6.9128500" lon="108.3799350">
    <ele>1723.0</ele>
   </trkpt>
   <trkpt lat="-6.9128600" lon="108.3799140">
    <ele>1722.0</ele>
   </trkpt>
   <trkpt lat="-6.9128680" lon="108.3798940">
    <ele>1721.0</ele>
   </trkpt>
   <trkpt lat="-6.9128770" lon="108.3798730">
    <ele>1720.0</ele>
   </trkpt>
   <trkpt lat="-6.9128860" lon="108.3798530">
    <ele>1719.0</ele>
   </trkpt>
   <trkpt lat="-6.9128960" lon="108.3798320">
    <ele>1719.0</ele>
   </trkpt>
   <trkpt lat="-6.9129070" lon="108.3798100">
    <ele>1718.0</ele>
   </trkpt>
   <trkpt lat="-6.9129170" lon="108.3797870">
    <ele>1717.0</ele>
   </trkpt>
   <trkpt lat="-6.9129250" lon="108.3797610">
    <ele>1717.0</ele>
   </trkpt>
   <trkpt lat="-6.9129330" lon="108.3797350">
    <ele>1716.0</ele>
   </trkpt>
   <trkpt lat="-6.9129320" lon="108.3797070">
    <ele>1716.0</ele>
   </trkpt>
   <trkpt lat="-6.9129300" lon="108.3796790">
    <ele>1715.0</ele>
   </trkpt>
   <trkpt lat="-6.9129230" lon="108.3796510">
    <ele>1714.0</ele>
   </trkpt>
   <trkpt lat="-6.9129150" lon="108.3796230">
    <ele>1714.0</ele>
   </trkpt>
   <trkpt lat="-6.9129080" lon="108.3795980">
    <ele>1713.0</ele>
   </trkpt>
   <trkpt lat="-6.9129010" lon="108.3795720">
    <ele>1713.0</ele>
   </trkpt>
   <trkpt lat="-6.9128980" lon="108.3795470">
    <ele>1712.0</ele>
   </trkpt>
   <trkpt lat="-6.9128950" lon="108.3795230">
    <ele>1712.0</ele>
   </trkpt>
   <trkpt lat="-6.9128910" lon="108.3794990">
    <ele>1711.0</ele>
   </trkpt>
   <trkpt lat="-6.9128870" lon="108.3794760">
    <ele>1711.0</ele>
   </trkpt>
   <trkpt lat="-6.9128860" lon="108.3794560">
    <ele>1711.0</ele>
   </trkpt>
   <trkpt lat="-6.9128850" lon="108.3794360">
    <ele>1710.0</ele>
   </trkpt>
   <trkpt lat="-6.9128890" lon="108.3794210">
    <ele>1709.0</ele>
   </trkpt>
   <trkpt lat="-6.9128920" lon="108.3794060">
    <ele>1709.0</ele>
   </trkpt>
   <trkpt lat="-6.9128970" lon="108.3793920">
    <ele>1708.0</ele>
   </trkpt>
   <trkpt lat="-6.9129030" lon="108.3793790">
    <ele>1708.0</ele>
   </trkpt>
   <trkpt lat="-6.9129090" lon="108.3793640">
    <ele>1707.0</ele>
   </trkpt>
   <trkpt lat="-6.9129150" lon="108.3793490">
    <ele>1706.0</ele>
   </trkpt>
   <trkpt lat="-6.9129190" lon="108.3793330">
    <ele>1706.0</ele>
   </trkpt>
   <trkpt lat="-6.9129240" lon="108.3793170">
    <ele>1705.0</ele>
   </trkpt>
   <trkpt lat="-6.9129260" lon="108.3793010">
    <ele>1705.0</ele>
   </trkpt>
   <trkpt lat="-6.9129290" lon="108.3792860">
    <ele>1704.0</ele>
   </trkpt>
   <trkpt lat="-6.9129310" lon="108.3792710">
    <ele>1704.0</ele>
   </trkpt>
   <trkpt lat="-6.9129340" lon="108.3792560">
    <ele>1703.0</ele>
   </trkpt>
   <trkpt lat="-6.9129360" lon="108.3792430">
    <ele>1703.0</ele>
   </trkpt>
   <trkpt lat="-6.9129370" lon="108.3792290">
    <ele>1703.0</ele>
   </trkpt>
   <trkpt lat="-6.9129400" lon="108.3792150">
    <ele>1702.0</ele>
   </trkpt>
   <trkpt lat="-6.9129430" lon="108.3792000">
    <ele>1702.0</ele>
   </trkpt>
   <trkpt lat="-6.9129470" lon="108.3791830">
    <ele>1702.0</ele>
   </trkpt>
   <trkpt lat="-6.9129500" lon="108.3791660">
    <ele>1702.0</ele>
   </trkpt>
   <trkpt lat="-6.9129540" lon="108.3791480">
    <ele>1702.0</ele>
   </trkpt>
   <trkpt lat="-6.9129590" lon="108.3791300">
    <ele>1701.0</ele>
   </trkpt>
   <trkpt lat="-6.9129630" lon="108.3791120">
    <ele>1700.0</ele>
   </trkpt>
   <trkpt lat="-6.9129670" lon="108.3790940">
    <ele>1700.0</ele>
   </trkpt>
   <trkpt lat="-6.9129690" lon="108.3790790">
    <ele>1699.0</ele>
   </trkpt>
   <trkpt lat="-6.9129710" lon="108.3790640">
    <ele>1699.0</ele>
   </trkpt>
   <trkpt lat="-6.9129700" lon="108.3790490">
    <ele>1698.0</ele>
   </trkpt>
   <trkpt lat="-6.9129700" lon="108.3790340">
    <ele>1697.0</ele>
   </trkpt>
   <trkpt lat="-6.9129710" lon="108.3790160">
    <ele>1697.0</ele>
   </trkpt>
   <trkpt lat="-6.9129720" lon="108.3789980">
    <ele>1696.0</ele>
   </trkpt>
   <trkpt lat="-6.9129770" lon="108.3789810">
    <ele>1696.0</ele>
   </trkpt>
   <trkpt lat="-6.9129840" lon="108.3789640">
    <ele>1695.0</ele>
   </trkpt>
   <trkpt lat="-6.9129950" lon="108.3789500">
    <ele>1694.0</ele>
   </trkpt>
   <trkpt lat="-6.9130060" lon="108.3789370">
    <ele>1694.0</ele>
   </trkpt>
   <trkpt lat="-6.9130220" lon="108.3789270">
    <ele>1693.0</ele>
   </trkpt>
   <trkpt lat="-6.9130380" lon="108.3789170">
    <ele>1693.0</ele>
   </trkpt>
   <trkpt lat="-6.9130580" lon="108.3789130">
    <ele>1692.0</ele>
   </trkpt>
   <trkpt lat="-6.9130770" lon="108.3789090">
    <ele>1691.0</ele>
   </trkpt>
   <trkpt lat="-6.9130960" lon="108.3789120">
    <ele>1691.0</ele>
   </trkpt>
   <trkpt lat="-6.9131150" lon="108.3789150">
    <ele>1690.0</ele>
   </trkpt>
   <trkpt lat="-6.9131320" lon="108.3789180">
    <ele>1690.0</ele>
   </trkpt>
   <trkpt lat="-6.9131500" lon="108.3789220">
    <ele>1689.0</ele>
   </trkpt>
   <trkpt lat="-6.9131660" lon="108.3789280">
    <ele>1688.0</ele>
   </trkpt>
   <trkpt lat="-6.9131830" lon="108.3789340">
    <ele>1688.0</ele>
   </trkpt>
   <trkpt lat="-6.9132010" lon="108.3789430">
    <ele>1687.0</ele>
   </trkpt>
   <trkpt lat="-6.9132200" lon="108.3789530">
    <ele>1687.0</ele>
   </trkpt>
   <trkpt lat="-6.9132440" lon="108.3789600">
    <ele>1686.0</ele>
   </trkpt>
   <trkpt lat="-6.9132670" lon="108.3789670">
    <ele>1685.0</ele>
   </trkpt>
   <trkpt lat="-6.9132950" lon="108.3789700">
    <ele>1684.0</ele>
   </trkpt>
   <trkpt lat="-6.9133230" lon="108.3789730">
    <ele>1683.0</ele>
   </trkpt>
   <trkpt lat="-6.9133530" lon="108.3789700">
    <ele>1683.0</ele>
   </trkpt>
   <trkpt lat="-6.9133830" lon="108.3789670">
    <ele>1682.0</ele>
   </trkpt>
   <trkpt lat="-6.9134110" lon="108.3789640">
    <ele>1681.0</ele>
   </trkpt>
   <trkpt lat="-6.9134390" lon="108.3789620">
    <ele>1680.0</ele>
   </trkpt>
   <trkpt lat="-6.9134650" lon="108.3789580">
    <ele>1679.0</ele>
   </trkpt>
   <trkpt lat="-6.9134910" lon="108.3789540">
    <ele>1679.0</ele>
   </trkpt>
   <trkpt lat="-6.9135180" lon="108.3789480">
    <ele>1678.0</ele>
   </trkpt>
   <trkpt lat="-6.9135440" lon="108.3789430">
    <ele>1677.0</ele>
   </trkpt>
   <trkpt lat="-6.9135710" lon="108.3789370">
    <ele>1677.0</ele>
   </trkpt>
   <trkpt lat="-6.9135980" lon="108.3789320">
    <ele>1676.0</ele>
   </trkpt>
   <trkpt lat="-6.9136260" lon="108.3789280">
    <ele>1676.0</ele>
   </trkpt>
   <trkpt lat="-6.9136550" lon="108.3789240">
    <ele>1675.0</ele>
   </trkpt>
   <trkpt lat="-6.9136840" lon="108.3789200">
    <ele>1675.0</ele>
   </trkpt>
   <trkpt lat="-6.9137120" lon="108.3789160">
    <ele>1674.0</ele>
   </trkpt>
   <trkpt lat="-6.9137410" lon="108.3789110">
    <ele>1674.0</ele>
   </trkpt>
   <trkpt lat="-6.9137700" lon="108.3789050">
    <ele>1674.0</ele>
   </trkpt>
   <trkpt lat="-6.9137980" lon="108.3788990">
    <ele>1673.0</ele>
   </trkpt>
   <trkpt lat="-6.9138250" lon="108.3788920">
    <ele>1672.0</ele>
   </trkpt>
   <trkpt lat="-6.9138500" lon="108.3788840">
    <ele>1672.0</ele>
   </trkpt>
   <trkpt lat="-6.9138750" lon="108.3788750">
    <ele>1671.0</ele>
   </trkpt>
   <trkpt lat="-6.9138960" lon="108.3788620">
    <ele>1671.0</ele>
   </trkpt>
   <trkpt lat="-6.9139180" lon="108.3788500">
    <ele>1670.0</ele>
   </trkpt>
   <trkpt lat="-6.9139360" lon="108.3788320">
    <ele>1670.0</ele>
   </trkpt>
   <trkpt lat="-6.9139540" lon="108.3788140">
    <ele>1669.0</ele>
   </trkpt>
   <trkpt lat="-6.9139690" lon="108.3787920">
    <ele>1669.0</ele>
   </trkpt>
   <trkpt lat="-6.9139840" lon="108.3787700">
    <ele>1669.0</ele>
   </trkpt>
   <trkpt lat="-6.9139980" lon="108.3787490">
    <ele>1668.0</ele>
   </trkpt>
   <trkpt lat="-6.9140120" lon="108.3787270">
    <ele>1668.0</ele>
   </trkpt>
   <trkpt lat="-6.9140250" lon="108.3787060">
    <ele>1667.0</ele>
   </trkpt>
   <trkpt lat="-6.9140380" lon="108.3786840">
    <ele>1667.0</ele>
   </trkpt>
   <trkpt lat="-6.9140510" lon="108.3786600">
    <ele>1667.0</ele>
   </trkpt>
   <trkpt lat="-6.9140650" lon="108.3786360">
    <ele>1666.0</ele>
   </trkpt>
   <trkpt lat="-6.9140780" lon="108.3786100">
    <ele>1666.0</ele>
   </trkpt>
   <trkpt lat="-6.9140900" lon="108.3785850">
    <ele>1665.0</ele>
   </trkpt>
   <trkpt lat="-6.9141000" lon="108.3785590">
    <ele>1665.0</ele>
   </trkpt>
   <trkpt lat="-6.9141110" lon="108.3785340">
    <ele>1665.0</ele>
   </trkpt>
   <trkpt lat="-6.9141170" lon="108.3785070">
    <ele>1664.0</ele>
   </trkpt>
   <trkpt lat="-6.9141230" lon="108.3784810">
    <ele>1663.0</ele>
   </trkpt>
   <trkpt lat="-6.9141230" lon="108.3784570">
    <ele>1663.0</ele>
   </trkpt>
   <trkpt lat="-6.9141230" lon="108.3784330">
    <ele>1662.0</ele>
   </trkpt>
   <trkpt lat="-6.9141190" lon="108.3784090">
    <ele>1662.0</ele>
   </trkpt>
   <trkpt lat="-6.9141150" lon="108.3783850">
    <ele>1661.0</ele>
   </trkpt>
   <trkpt lat="-6.9141060" lon="108.3783630">
    <ele>1661.0</ele>
   </trkpt>
   <trkpt lat="-6.9140970" lon="108.3783420">
    <ele>1660.0</ele>
   </trkpt>
   <trkpt lat="-6.9140840" lon="108.3783220">
    <ele>1660.0</ele>
   </trkpt>
   <trkpt lat="-6.9140710" lon="108.3783030">
    <ele>1660.0</ele>
   </trkpt>
   <trkpt lat="-6.9140570" lon="108.3782830">
    <ele>1659.0</ele>
   </trkpt>
   <trkpt lat="-6.9140420" lon="108.3782630">
    <ele>1659.0</ele>
   </trkpt>
   <trkpt lat="-6.9140260" lon="108.3782430">
    <ele>1659.0</ele>
   </trkpt>
   <trkpt lat="-6.9140110" lon="108.3782220">
    <ele>1659.0</ele>
   </trkpt>
   <trkpt lat="-6.9139920" lon="108.3782040">
    <ele>1659.0</ele>
   </trkpt>
   <trkpt lat="-6.9139730" lon="108.3781850">
    <ele>1658.0</ele>
   </trkpt>
   <trkpt lat="-6.9139520" lon="108.3781700">
    <ele>1658.0</ele>
   </trkpt>
   <trkpt lat="-6.9139310" lon="108.3781540">
    <ele>1658.0</ele>
   </trkpt>
   <trkpt lat="-6.9139110" lon="108.3781380">
    <ele>1658.0</ele>
   </trkpt>
   <trkpt lat="-6.9138910" lon="108.3781220">
    <ele>1658.0</ele>
   </trkpt>
   <trkpt lat="-6.9138730" lon="108.3781040">
    <ele>1658.0</ele>
   </trkpt>
   <trkpt lat="-6.9138540" lon="108.3780870">
    <ele>1658.0</ele>
   </trkpt>
   <trkpt lat="-6.9138390" lon="108.3780680">
    <ele>1658.0</ele>
   </trkpt>
   <trkpt lat="-6.9138230" lon="108.3780490">
    <ele>1658.0</ele>
   </trkpt>
   <trkpt lat="-6.9138080" lon="108.3780300">
    <ele>1658.0</ele>
   </trkpt>
   <trkpt lat="-6.9137930" lon="108.3780110">
    <ele>1657.0</ele>
   </trkpt>
   <trkpt lat="-6.9137780" lon="108.3779900">
    <ele>1657.0</ele>
   </trkpt>
   <trkpt lat="-6.9137640" lon="108.3779690">
    <ele>1657.0</ele>
   </trkpt>
   <trkpt lat="-6.9137510" lon="108.3779460">
    <ele>1657.0</ele>
   </trkpt>
   <trkpt lat="-6.9137380" lon="108.3779220">
    <ele>1657.0</ele>
   </trkpt>
   <trkpt lat="-6.9137320" lon="108.3779000">
    <ele>1656.0</ele>
   </trkpt>
   <trkpt lat="-6.9137260" lon="108.3778780">
    <ele>1655.0</ele>
   </trkpt>
   <trkpt lat="-6.9137300" lon="108.3778560">
    <ele>1655.0</ele>
   </trkpt>
   <trkpt lat="-6.9137340" lon="108.3778350">
    <ele>1654.0</ele>
   </trkpt>
   <trkpt lat="-6.9137460" lon="108.3778180">
    <ele>1654.0</ele>
   </trkpt>
   <trkpt lat="-6.9137570" lon="108.3778020">
    <ele>1653.0</ele>
   </trkpt>
   <trkpt lat="-6.9137760" lon="108.3777900">
    <ele>1653.0</ele>
   </trkpt>
   <trkpt lat="-6.9137940" lon="108.3777780">
    <ele>1653.0</ele>
   </trkpt>
   <trkpt lat="-6.9138200" lon="108.3777670">
    <ele>1653.0</ele>
   </trkpt>
   <trkpt lat="-6.9138450" lon="108.3777560">
    <ele>1653.0</ele>
   </trkpt>
   <trkpt lat="-6.9138740" lon="108.3777460">
    <ele>1652.0</ele>
   </trkpt>
   <trkpt lat="-6.9139030" lon="108.3777360">
    <ele>1651.0</ele>
   </trkpt>
   <trkpt lat="-6.9139330" lon="108.3777280">
    <ele>1651.0</ele>
   </trkpt>
   <trkpt lat="-6.9139630" lon="108.3777200">
    <ele>1650.0</ele>
   </trkpt>
   <trkpt lat="-6.9139920" lon="108.3777140">
    <ele>1650.0</ele>
   </trkpt>
   <trkpt lat="-6.9140220" lon="108.3777090">
    <ele>1649.0</ele>
   </trkpt>
   <trkpt lat="-6.9140490" lon="108.3777040">
    <ele>1648.0</ele>
   </trkpt>
   <trkpt lat="-6.9140760" lon="108.3777000">
    <ele>1647.0</ele>
   </trkpt>
   <trkpt lat="-6.9141030" lon="108.3776960">
    <ele>1646.0</ele>
   </trkpt>
   <trkpt lat="-6.9141300" lon="108.3776930">
    <ele>1646.0</ele>
   </trkpt>
   <trkpt lat="-6.9141570" lon="108.3776870">
    <ele>1645.0</ele>
   </trkpt>
   <trkpt lat="-6.9141840" lon="108.3776820">
    <ele>1644.0</ele>
   </trkpt>
   <trkpt lat="-6.9142080" lon="108.3776720">
    <ele>1644.0</ele>
   </trkpt>
   <trkpt lat="-6.9142330" lon="108.3776630">
    <ele>1643.0</ele>
   </trkpt>
   <trkpt lat="-6.9142510" lon="108.3776480">
    <ele>1643.0</ele>
   </trkpt>
   <trkpt lat="-6.9142690" lon="108.3776340">
    <ele>1642.0</ele>
   </trkpt>
   <trkpt lat="-6.9142850" lon="108.3776170">
    <ele>1641.0</ele>
   </trkpt>
   <trkpt lat="-6.9143010" lon="108.3776000">
    <ele>1641.0</ele>
   </trkpt>
   <trkpt lat="-6.9143160" lon="108.3775810">
    <ele>1640.0</ele>
   </trkpt>
   <trkpt lat="-6.9143310" lon="108.3775620">
    <ele>1640.0</ele>
   </trkpt>
   <trkpt lat="-6.9143460" lon="108.3775420">
    <ele>1639.0</ele>
   </trkpt>
   <trkpt lat="-6.9143600" lon="108.3775230">
    <ele>1638.0</ele>
   </trkpt>
   <trkpt lat="-6.9143760" lon="108.3775040">
    <ele>1638.0</ele>
   </trkpt>
   <trkpt lat="-6.9143910" lon="108.3774850">
    <ele>1637.0</ele>
   </trkpt>
   <trkpt lat="-6.9144050" lon="108.3774670">
    <ele>1637.0</ele>
   </trkpt>
   <trkpt lat="-6.9144180" lon="108.3774480">
    <ele>1636.0</ele>
   </trkpt>
   <trkpt lat="-6.9144310" lon="108.3774290">
    <ele>1636.0</ele>
   </trkpt>
   <trkpt lat="-6.9144440" lon="108.3774100">
    <ele>1636.0</ele>
   </trkpt>
   <trkpt lat="-6.9144590" lon="108.3773870">
    <ele>1636.0</ele>
   </trkpt>
   <trkpt lat="-6.9144730" lon="108.3773650">
    <ele>1636.0</ele>
   </trkpt>
   <trkpt lat="-6.9144890" lon="108.3773400">
    <ele>1635.0</ele>
   </trkpt>
   <trkpt lat="-6.9145050" lon="108.3773160">
    <ele>1635.0</ele>
   </trkpt>
   <trkpt lat="-6.9145240" lon="108.3772920">
    <ele>1635.0</ele>
   </trkpt>
   <trkpt lat="-6.9145430" lon="108.3772680">
    <ele>1635.0</ele>
   </trkpt>
   <trkpt lat="-6.9145640" lon="108.3772470">
    <ele>1635.0</ele>
   </trkpt>
   <trkpt lat="-6.9145850" lon="108.3772260">
    <ele>1634.0</ele>
   </trkpt>
   <trkpt lat="-6.9146060" lon="108.3772050">
    <ele>1634.0</ele>
   </trkpt>
   <trkpt lat="-6.9146280" lon="108.3771840">
    <ele>1634.0</ele>
   </trkpt>
   <trkpt lat="-6.9146510" lon="108.3771630">
    <ele>1634.0</ele>
   </trkpt>
   <trkpt lat="-6.9146740" lon="108.3771410">
    <ele>1634.0</ele>
   </trkpt>
   <trkpt lat="-6.9146950" lon="108.3771190">
    <ele>1633.0</ele>
   </trkpt>
   <trkpt lat="-6.9147170" lon="108.3770970">
    <ele>1633.0</ele>
   </trkpt>
   <trkpt lat="-6.9147350" lon="108.3770760">
    <ele>1633.0</ele>
   </trkpt>
   <trkpt lat="-6.9147540" lon="108.3770550">
    <ele>1633.0</ele>
   </trkpt>
   <trkpt lat="-6.9147660" lon="108.3770340">
    <ele>1633.0</ele>
   </trkpt>
   <trkpt lat="-6.9147780" lon="108.3770130">
    <ele>1632.0</ele>
   </trkpt>
   <trkpt lat="-6.9147870" lon="108.3769880">
    <ele>1632.0</ele>
   </trkpt>
   <trkpt lat="-6.9147950" lon="108.3769640">
    <ele>1632.0</ele>
   </trkpt>
   <trkpt lat="-6.9148000" lon="108.3769350">
    <ele>1632.0</ele>
   </trkpt>
   <trkpt lat="-6.9148050" lon="108.3769060">
    <ele>1632.0</ele>
   </trkpt>
   <trkpt lat="-6.9148050" lon="108.3768750">
    <ele>1631.0</ele>
   </trkpt>
   <trkpt lat="-6.9148050" lon="108.3768450">
    <ele>1631.0</ele>
   </trkpt>
   <trkpt lat="-6.9148010" lon="108.3768140">
    <ele>1630.0</ele>
   </trkpt>
   <trkpt lat="-6.9147960" lon="108.3767840">
    <ele>1630.0</ele>
   </trkpt>
   <trkpt lat="-6.9147880" lon="108.3767540">
    <ele>1630.0</ele>
   </trkpt>
   <trkpt lat="-6.9147790" lon="108.3767250">
    <ele>1629.0</ele>
   </trkpt>
   <trkpt lat="-6.9147670" lon="108.3766960">
    <ele>1629.0</ele>
   </trkpt>
   <trkpt lat="-6.9147550" lon="108.3766680">
    <ele>1628.0</ele>
   </trkpt>
   <trkpt lat="-6.9147400" lon="108.3766410">
    <ele>1628.0</ele>
   </trkpt>
   <trkpt lat="-6.9147260" lon="108.3766130">
    <ele>1628.0</ele>
   </trkpt>
   <trkpt lat="-6.9147100" lon="108.3765850">
    <ele>1627.0</ele>
   </trkpt>
   <trkpt lat="-6.9146940" lon="108.3765570">
    <ele>1627.0</ele>
   </trkpt>
   <trkpt lat="-6.9146780" lon="108.3765280">
    <ele>1627.0</ele>
   </trkpt>
   <trkpt lat="-6.9146620" lon="108.3765000">
    <ele>1627.0</ele>
   </trkpt>
   <trkpt lat="-6.9146460" lon="108.3764720">
    <ele>1627.0</ele>
   </trkpt>
   <trkpt lat="-6.9146300" lon="108.3764450">
    <ele>1626.0</ele>
   </trkpt>
   <trkpt lat="-6.9146100" lon="108.3764190">
    <ele>1626.0</ele>
   </trkpt>
   <trkpt lat="-6.9145910" lon="108.3763930">
    <ele>1625.0</ele>
   </trkpt>
   <trkpt lat="-6.9145690" lon="108.3763690">
    <ele>1625.0</ele>
   </trkpt>
   <trkpt lat="-6.9145470" lon="108.3763450">
    <ele>1625.0</ele>
   </trkpt>
   <trkpt lat="-6.9145230" lon="108.3763230">
    <ele>1624.0</ele>
   </trkpt>
   <trkpt lat="-6.9145000" lon="108.3763020">
    <ele>1624.0</ele>
   </trkpt>
   <trkpt lat="-6.9144770" lon="108.3762800">
    <ele>1623.0</ele>
   </trkpt>
   <trkpt lat="-6.9144540" lon="108.3762590">
    <ele>1623.0</ele>
   </trkpt>
   <trkpt lat="-6.9144350" lon="108.3762370">
    <ele>1623.0</ele>
   </trkpt>
   <trkpt lat="-6.9144160" lon="108.3762140">
    <ele>1622.0</ele>
   </trkpt>
   <trkpt lat="-6.9144030" lon="108.3761910">
    <ele>1622.0</ele>
   </trkpt>
   <trkpt lat="-6.9143890" lon="108.3761670">
    <ele>1621.0</ele>
   </trkpt>
   <trkpt lat="-6.9143750" lon="108.3761450">
    <ele>1621.0</ele>
   </trkpt>
   <trkpt lat="-6.9143610" lon="108.3761230">
    <ele>1621.0</ele>
   </trkpt>
   <trkpt lat="-6.9143420" lon="108.3761070">
    <ele>1620.0</ele>
   </trkpt>
   <trkpt lat="-6.9143240" lon="108.3760920">
    <ele>1620.0</ele>
   </trkpt>
   <trkpt lat="-6.9143000" lon="108.3760840">
    <ele>1620.0</ele>
   </trkpt>
   <trkpt lat="-6.9142770" lon="108.3760760">
    <ele>1620.0</ele>
   </trkpt>
   <trkpt lat="-6.9142510" lon="108.3760710">
    <ele>1620.0</ele>
   </trkpt>
   <trkpt lat="-6.9142260" lon="108.3760670">
    <ele>1619.0</ele>
   </trkpt>
   <trkpt lat="-6.9142030" lon="108.3760610">
    <ele>1619.0</ele>
   </trkpt>
   <trkpt lat="-6.9141790" lon="108.3760560">
    <ele>1619.0</ele>
   </trkpt>
   <trkpt lat="-6.9141580" lon="108.3760490">
    <ele>1619.0</ele>
   </trkpt>
   <trkpt lat="-6.9141380" lon="108.3760420">
    <ele>1619.0</ele>
   </trkpt>
   <trkpt lat="-6.9141220" lon="108.3760300">
    <ele>1618.0</ele>
   </trkpt>
   <trkpt lat="-6.9141070" lon="108.3760180">
    <ele>1618.0</ele>
   </trkpt>
   <trkpt lat="-6.9140970" lon="108.3760010">
    <ele>1618.0</ele>
   </trkpt>
   <trkpt lat="-6.9140870" lon="108.3759840">
    <ele>1618.0</ele>
   </trkpt>
   <trkpt lat="-6.9140870" lon="108.3759650">
    <ele>1618.0</ele>
   </trkpt>
   <trkpt lat="-6.9140860" lon="108.3759460">
    <ele>1617.0</ele>
   </trkpt>
   <trkpt lat="-6.9140880" lon="108.3759270">
    <ele>1617.0</ele>
   </trkpt>
   <trkpt lat="-6.9140890" lon="108.3759080">
    <ele>1616.0</ele>
   </trkpt>
   <trkpt lat="-6.9140840" lon="108.3758910">
    <ele>1616.0</ele>
   </trkpt>
   <trkpt lat="-6.9140790" lon="108.3758730">
    <ele>1616.0</ele>
   </trkpt>
   <trkpt lat="-6.9140700" lon="108.3758570">
    <ele>1615.0</ele>
   </trkpt>
   <trkpt lat="-6.9140610" lon="108.3758400">
    <ele>1615.0</ele>
   </trkpt>
   <trkpt lat="-6.9140520" lon="108.3758210">
    <ele>1614.0</ele>
   </trkpt>
   <trkpt lat="-6.9140420" lon="108.3758020">
    <ele>1614.0</ele>
   </trkpt>
   <trkpt lat="-6.9140340" lon="108.3757830">
    <ele>1614.0</ele>
   </trkpt>
   <trkpt lat="-6.9140250" lon="108.3757640">
    <ele>1613.0</ele>
   </trkpt>
   <trkpt lat="-6.9140180" lon="108.3757450">
    <ele>1613.0</ele>
   </trkpt>
   <trkpt lat="-6.9140110" lon="108.3757250">
    <ele>1612.0</ele>
   </trkpt>
   <trkpt lat="-6.9140050" lon="108.3757020">
    <ele>1612.0</ele>
   </trkpt>
   <trkpt lat="-6.9139990" lon="108.3756800">
    <ele>1612.0</ele>
   </trkpt>
   <trkpt lat="-6.9139920" lon="108.3756570">
    <ele>1611.0</ele>
   </trkpt>
   <trkpt lat="-6.9139840" lon="108.3756340">
    <ele>1611.0</ele>
   </trkpt>
   <trkpt lat="-6.9139750" lon="108.3756100">
    <ele>1610.0</ele>
   </trkpt>
   <trkpt lat="-6.9139650" lon="108.3755860">
    <ele>1610.0</ele>
   </trkpt>
   <trkpt lat="-6.9139540" lon="108.3755630">
    <ele>1610.0</ele>
   </trkpt>
   <trkpt lat="-6.9139430" lon="108.3755410">
    <ele>1609.0</ele>
   </trkpt>
   <trkpt lat="-6.9139330" lon="108.3755180">
    <ele>1608.0</ele>
   </trkpt>
   <trkpt lat="-6.9139230" lon="108.3754950">
    <ele>1608.0</ele>
   </trkpt>
   <trkpt lat="-6.9139130" lon="108.3754700">
    <ele>1607.0</ele>
   </trkpt>
   <trkpt lat="-6.9139040" lon="108.3754440">
    <ele>1607.0</ele>
   </trkpt>
   <trkpt lat="-6.9138860" lon="108.3754170">
    <ele>1606.0</ele>
   </trkpt>
   <trkpt lat="-6.9138680" lon="108.3753910">
    <ele>1605.0</ele>
   </trkpt>
   <trkpt lat="-6.9138470" lon="108.3753660">
    <ele>1605.0</ele>
   </trkpt>
   <trkpt lat="-6.9138260" lon="108.3753420">
    <ele>1604.0</ele>
   </trkpt>
   <trkpt lat="-6.9138070" lon="108.3753170">
    <ele>1604.0</ele>
   </trkpt>
   <trkpt lat="-6.9137880" lon="108.3752920">
    <ele>1603.0</ele>
   </trkpt>
   <trkpt lat="-6.9137710" lon="108.3752670">
    <ele>1602.0</ele>
   </trkpt>
   <trkpt lat="-6.9137550" lon="108.3752430">
    <ele>1602.0</ele>
   </trkpt>
   <trkpt lat="-6.9137430" lon="108.3752190">
    <ele>1601.0</ele>
   </trkpt>
   <trkpt lat="-6.9137310" lon="108.3751940">
    <ele>1601.0</ele>
   </trkpt>
   <trkpt lat="-6.9137220" lon="108.3751710">
    <ele>1600.0</ele>
   </trkpt>
   <trkpt lat="-6.9137130" lon="108.3751470">
    <ele>1599.0</ele>
   </trkpt>
   <trkpt lat="-6.9137030" lon="108.3751240">
    <ele>1598.0</ele>
   </trkpt>
   <trkpt lat="-6.9136930" lon="108.3751000">
    <ele>1597.0</ele>
   </trkpt>
   <trkpt lat="-6.9136850" lon="108.3750750">
    <ele>1597.0</ele>
   </trkpt>
   <trkpt lat="-6.9136760" lon="108.3750490">
    <ele>1596.0</ele>
   </trkpt>
   <trkpt lat="-6.9136730" lon="108.3750230">
    <ele>1595.0</ele>
   </trkpt>
   <trkpt lat="-6.9136690" lon="108.3749970">
    <ele>1595.0</ele>
   </trkpt>
   <trkpt lat="-6.9136660" lon="108.3749720">
    <ele>1594.0</ele>
   </trkpt>
   <trkpt lat="-6.9136620" lon="108.3749460">
    <ele>1594.0</ele>
   </trkpt>
   <trkpt lat="-6.9136500" lon="108.3749300">
    <ele>1593.0</ele>
   </trkpt>
   <trkpt lat="-6.9136380" lon="108.3749140">
    <ele>1592.0</ele>
   </trkpt>
   <trkpt lat="-6.9136190" lon="108.3749130">
    <ele>1592.0</ele>
   </trkpt>
   <trkpt lat="-6.9136000" lon="108.3749130">
    <ele>1591.0</ele>
   </trkpt>
   <trkpt lat="-6.9135770" lon="108.3749230">
    <ele>1591.0</ele>
   </trkpt>
   <trkpt lat="-6.9135540" lon="108.3749330">
    <ele>1590.0</ele>
   </trkpt>
   <trkpt lat="-6.9135310" lon="108.3749430">
    <ele>1589.0</ele>
   </trkpt>
   <trkpt lat="-6.9135090" lon="108.3749530">
    <ele>1589.0</ele>
   </trkpt>
   <trkpt lat="-6.9134840" lon="108.3749580">
    <ele>1588.0</ele>
   </trkpt>
   <trkpt lat="-6.9134600" lon="108.3749640">
    <ele>1588.0</ele>
   </trkpt>
   <trkpt lat="-6.9134370" lon="108.3749610">
    <ele>1587.0</ele>
   </trkpt>
   <trkpt lat="-6.9134140" lon="108.3749570">
    <ele>1587.0</ele>
   </trkpt>
   <trkpt lat="-6.9133970" lon="108.3749420">
    <ele>1586.0</ele>
   </trkpt>
   <trkpt lat="-6.9133800" lon="108.3749260">
    <ele>1586.0</ele>
   </trkpt>
   <trkpt lat="-6.9133700" lon="108.3749000">
    <ele>1586.0</ele>
   </trkpt>
   <trkpt lat="-6.9133600" lon="108.3748750">
    <ele>1585.0</ele>
   </trkpt>
   <trkpt lat="-6.9133570" lon="108.3748460">
    <ele>1584.0</ele>
   </trkpt>
   <trkpt lat="-6.9133540" lon="108.3748170">
    <ele>1584.0</ele>
   </trkpt>
   <trkpt lat="-6.9133560" lon="108.3747870">
    <ele>1583.0</ele>
   </trkpt>
   <trkpt lat="-6.9133580" lon="108.3747570">
    <ele>1583.0</ele>
   </trkpt>
   <trkpt lat="-6.9133650" lon="108.3747270">
    <ele>1582.0</ele>
   </trkpt>
   <trkpt lat="-6.9133720" lon="108.3746970">
    <ele>1582.0</ele>
   </trkpt>
   <trkpt lat="-6.9133860" lon="108.3746690">
    <ele>1581.0</ele>
   </trkpt>
   <trkpt lat="-6.9133990" lon="108.3746410">
    <ele>1581.0</ele>
   </trkpt>
   <trkpt lat="-6.9134130" lon="108.3746130">
    <ele>1581.0</ele>
   </trkpt>
   <trkpt lat="-6.9134260" lon="108.3745850">
    <ele>1580.0</ele>
   </trkpt>
   <trkpt lat="-6.9134290" lon="108.3745570">
    <ele>1579.0</ele>
   </trkpt>
   <trkpt lat="-6.9134320" lon="108.3745290">
    <ele>1579.0</ele>
   </trkpt>
   <trkpt lat="-6.9134170" lon="108.3745060">
    <ele>1578.0</ele>
   </trkpt>
   <trkpt lat="-6.9134030" lon="108.3744830">
    <ele>1578.0</ele>
   </trkpt>
   <trkpt lat="-6.9133790" lon="108.3744650">
    <ele>1577.0</ele>
   </trkpt>
   <trkpt lat="-6.9133550" lon="108.3744460">
    <ele>1576.0</ele>
   </trkpt>
   <trkpt lat="-6.9133270" lon="108.3744330">
    <ele>1576.0</ele>
   </trkpt>
   <trkpt lat="-6.9132990" lon="108.3744200">
    <ele>1575.0</ele>
   </trkpt>
   <trkpt lat="-6.9132710" lon="108.3744110">
    <ele>1575.0</ele>
   </trkpt>
   <trkpt lat="-6.9132430" lon="108.3744010">
    <ele>1574.0</ele>
   </trkpt>
   <trkpt lat="-6.9132210" lon="108.3743890">
    <ele>1574.0</ele>
   </trkpt>
   <trkpt lat="-6.9131990" lon="108.3743770">
    <ele>1574.0</ele>
   </trkpt>
   <trkpt lat="-6.9131850" lon="108.3743590">
    <ele>1574.0</ele>
   </trkpt>
   <trkpt lat="-6.9131720" lon="108.3743410">
    <ele>1574.0</ele>
   </trkpt>
   <trkpt lat="-6.9131650" lon="108.3743160">
    <ele>1573.0</ele>
   </trkpt>
   <trkpt lat="-6.9131580" lon="108.3742900">
    <ele>1572.0</ele>
   </trkpt>
   <trkpt lat="-6.9131580" lon="108.3742610">
    <ele>1571.0</ele>
   </trkpt>
   <trkpt lat="-6.9131570" lon="108.3742320">
    <ele>1570.0</ele>
   </trkpt>
   <trkpt lat="-6.9131620" lon="108.3742020">
    <ele>1570.0</ele>
   </trkpt>
   <trkpt lat="-6.9131680" lon="108.3741720">
    <ele>1569.0</ele>
   </trkpt>
   <trkpt lat="-6.9131790" lon="108.3741460">
    <ele>1569.0</ele>
   </trkpt>
   <trkpt lat="-6.9131900" lon="108.3741200">
    <ele>1568.0</ele>
   </trkpt>
   <trkpt lat="-6.9132060" lon="108.3740980">
    <ele>1568.0</ele>
   </trkpt>
   <trkpt lat="-6.9132210" lon="108.3740750">
    <ele>1568.0</ele>
   </trkpt>
   <trkpt lat="-6.9132420" lon="108.3740590">
    <ele>1567.0</ele>
   </trkpt>
   <trkpt lat="-6.9132620" lon="108.3740430">
    <ele>1566.0</ele>
   </trkpt>
   <trkpt lat="-6.9132840" lon="108.3740370">
    <ele>1566.0</ele>
   </trkpt>
   <trkpt lat="-6.9133060" lon="108.3740310">
    <ele>1565.0</ele>
   </trkpt>
   <trkpt lat="-6.9133280" lon="108.3740340">
    <ele>1565.0</ele>
   </trkpt>
   <trkpt lat="-6.9133490" lon="108.3740370">
    <ele>1564.0</ele>
   </trkpt>
   <trkpt lat="-6.9133680" lon="108.3740380">
    <ele>1563.0</ele>
   </trkpt>
   <trkpt lat="-6.9133880" lon="108.3740380">
    <ele>1562.0</ele>
   </trkpt>
   <trkpt lat="-6.9134050" lon="108.3740260">
    <ele>1561.0</ele>
   </trkpt>
   <trkpt lat="-6.9134220" lon="108.3740130">
    <ele>1561.0</ele>
   </trkpt>
   <trkpt lat="-6.9134350" lon="108.3739890">
    <ele>1560.0</ele>
   </trkpt>
   <trkpt lat="-6.9134480" lon="108.3739650">
    <ele>1560.0</ele>
   </trkpt>
   <trkpt lat="-6.9134590" lon="108.3739390">
    <ele>1559.0</ele>
   </trkpt>
   <trkpt lat="-6.9134700" lon="108.3739140">
    <ele>1559.0</ele>
   </trkpt>
   <trkpt lat="-6.9134800" lon="108.3738860">
    <ele>1559.0</ele>
   </trkpt>
   <trkpt lat="-6.9134900" lon="108.3738590">
    <ele>1558.0</ele>
   </trkpt>
   <trkpt lat="-6.9135010" lon="108.3738290">
    <ele>1557.0</ele>
   </trkpt>
   <trkpt lat="-6.9135120" lon="108.3737980">
    <ele>1556.0</ele>
   </trkpt>
   <trkpt lat="-6.9135250" lon="108.3737670">
    <ele>1555.0</ele>
   </trkpt>
   <trkpt lat="-6.9135380" lon="108.3737350">
    <ele>1555.0</ele>
   </trkpt>
   <trkpt lat="-6.9135520" lon="108.3737060">
    <ele>1554.0</ele>
   </trkpt>
   <trkpt lat="-6.9135660" lon="108.3736760">
    <ele>1553.0</ele>
   </trkpt>
   <trkpt lat="-6.9135790" lon="108.3736510">
    <ele>1553.0</ele>
   </trkpt>
   <trkpt lat="-6.9135930" lon="108.3736250">
    <ele>1552.0</ele>
   </trkpt>
   <trkpt lat="-6.9136060" lon="108.3736030">
    <ele>1552.0</ele>
   </trkpt>
   <trkpt lat="-6.9136200" lon="108.3735810">
    <ele>1551.0</ele>
   </trkpt>
   <trkpt lat="-6.9136330" lon="108.3735590">
    <ele>1551.0</ele>
   </trkpt>
   <trkpt lat="-6.9136470" lon="108.3735380">
    <ele>1550.0</ele>
   </trkpt>
   <trkpt lat="-6.9136610" lon="108.3735140">
    <ele>1550.0</ele>
   </trkpt>
   <trkpt lat="-6.9136740" lon="108.3734910">
    <ele>1550.0</ele>
   </trkpt>
   <trkpt lat="-6.9136910" lon="108.3734660">
    <ele>1549.0</ele>
   </trkpt>
   <trkpt lat="-6.9137080" lon="108.3734420">
    <ele>1549.0</ele>
   </trkpt>
   <trkpt lat="-6.9137260" lon="108.3734170">
    <ele>1548.0</ele>
   </trkpt>
   <trkpt lat="-6.9137440" lon="108.3733930">
    <ele>1548.0</ele>
   </trkpt>
   <trkpt lat="-6.9137600" lon="108.3733700">
    <ele>1548.0</ele>
   </trkpt>
   <trkpt lat="-6.9137760" lon="108.3733470">
    <ele>1547.0</ele>
   </trkpt>
   <trkpt lat="-6.9137870" lon="108.3733260">
    <ele>1547.0</ele>
   </trkpt>
   <trkpt lat="-6.9137990" lon="108.3733040">
    <ele>1547.0</ele>
   </trkpt>
   <trkpt lat="-6.9138080" lon="108.3732820">
    <ele>1547.0</ele>
   </trkpt>
   <trkpt lat="-6.9138170" lon="108.3732600">
    <ele>1547.0</ele>
   </trkpt>
   <trkpt lat="-6.9138250" lon="108.3732370">
    <ele>1546.0</ele>
   </trkpt>
   <trkpt lat="-6.9138340" lon="108.3732140">
    <ele>1546.0</ele>
   </trkpt>
   <trkpt lat="-6.9138440" lon="108.3731890">
    <ele>1546.0</ele>
   </trkpt>
   <trkpt lat="-6.9138530" lon="108.3731640">
    <ele>1546.0</ele>
   </trkpt>
   <trkpt lat="-6.9138600" lon="108.3731380">
    <ele>1546.0</ele>
   </trkpt>
   <trkpt lat="-6.9138670" lon="108.3731120">
    <ele>1545.0</ele>
   </trkpt>
   <trkpt lat="-6.9138710" lon="108.3730870">
    <ele>1545.0</ele>
   </trkpt>
   <trkpt lat="-6.9138750" lon="108.3730630">
    <ele>1545.0</ele>
   </trkpt>
   <trkpt lat="-6.9138770" lon="108.3730400">
    <ele>1545.0</ele>
   </trkpt>
   <trkpt lat="-6.9138800" lon="108.3730180">
    <ele>1545.0</ele>
   </trkpt>
   <trkpt lat="-6.9138820" lon="108.3729940">
    <ele>1544.0</ele>
   </trkpt>
   <trkpt lat="-6.9138850" lon="108.3729700">
    <ele>1544.0</ele>
   </trkpt>
   <trkpt lat="-6.9138890" lon="108.3729430">
    <ele>1543.0</ele>
   </trkpt>
   <trkpt lat="-6.9138940" lon="108.3729160">
    <ele>1543.0</ele>
   </trkpt>
   <trkpt lat="-6.9139030" lon="108.3728900">
    <ele>1543.0</ele>
   </trkpt>
   <trkpt lat="-6.9139120" lon="108.3728630">
    <ele>1542.0</ele>
   </trkpt>
   <trkpt lat="-6.9139250" lon="108.3728360">
    <ele>1542.0</ele>
   </trkpt>
   <trkpt lat="-6.9139390" lon="108.3728090">
    <ele>1542.0</ele>
   </trkpt>
   <trkpt lat="-6.9139530" lon="108.3727820">
    <ele>1542.0</ele>
   </trkpt>
   <trkpt lat="-6.9139660" lon="108.3727540">
    <ele>1542.0</ele>
   </trkpt>
   <trkpt lat="-6.9139780" lon="108.3727270">
    <ele>1541.0</ele>
   </trkpt>
   <trkpt lat="-6.9139890" lon="108.3726990">
    <ele>1541.0</ele>
   </trkpt>
   <trkpt lat="-6.9139980" lon="108.3726700">
    <ele>1541.0</ele>
   </trkpt>
   <trkpt lat="-6.9140080" lon="108.3726410">
    <ele>1541.0</ele>
   </trkpt>
   <trkpt lat="-6.9140150" lon="108.3726100">
    <ele>1541.0</ele>
   </trkpt>
   <trkpt lat="-6.9140230" lon="108.3725780">
    <ele>1540.0</ele>
   </trkpt>
   <trkpt lat="-6.9140310" lon="108.3725450">
    <ele>1539.0</ele>
   </trkpt>
   <trkpt lat="-6.9140380" lon="108.3725110">
    <ele>1539.0</ele>
   </trkpt>
   <trkpt lat="-6.9140470" lon="108.3724760">
    <ele>1538.0</ele>
   </trkpt>
   <trkpt lat="-6.9140560" lon="108.3724420">
    <ele>1538.0</ele>
   </trkpt>
   <trkpt lat="-6.9140670" lon="108.3724090">
    <ele>1537.0</ele>
   </trkpt>
   <trkpt lat="-6.9140780" lon="108.3723770">
    <ele>1536.0</ele>
   </trkpt>
   <trkpt lat="-6.9140910" lon="108.3723480">
    <ele>1536.0</ele>
   </trkpt>
   <trkpt lat="-6.9141040" lon="108.3723190">
    <ele>1535.0</ele>
   </trkpt>
   <trkpt lat="-6.9141210" lon="108.3722920">
    <ele>1535.0</ele>
   </trkpt>
   <trkpt lat="-6.9141380" lon="108.3722660">
    <ele>1534.0</ele>
   </trkpt>
   <trkpt lat="-6.9141560" lon="108.3722420">
    <ele>1534.0</ele>
   </trkpt>
   <trkpt lat="-6.9141740" lon="108.3722180">
    <ele>1533.0</ele>
   </trkpt>
   <trkpt lat="-6.9141900" lon="108.3721950">
    <ele>1533.0</ele>
   </trkpt>
   <trkpt lat="-6.9142070" lon="108.3721730">
    <ele>1533.0</ele>
   </trkpt>
   <trkpt lat="-6.9142230" lon="108.3721500">
    <ele>1532.0</ele>
   </trkpt>
   <trkpt lat="-6.9142390" lon="108.3721270">
    <ele>1531.0</ele>
   </trkpt>
   <trkpt lat="-6.9142570" lon="108.3721040">
    <ele>1531.0</ele>
   </trkpt>
   <trkpt lat="-6.9142750" lon="108.3720800">
    <ele>1530.0</ele>
   </trkpt>
   <trkpt lat="-6.9142960" lon="108.3720540">
    <ele>1530.0</ele>
   </trkpt>
   <trkpt lat="-6.9143160" lon="108.3720280">
    <ele>1529.0</ele>
   </trkpt>
   <trkpt lat="-6.9143340" lon="108.3720020">
    <ele>1528.0</ele>
   </trkpt>
   <trkpt lat="-6.9143510" lon="108.3719760">
    <ele>1527.0</ele>
   </trkpt>
   <trkpt lat="-6.9143670" lon="108.3719510">
    <ele>1526.0</ele>
   </trkpt>
   <trkpt lat="-6.9143830" lon="108.3719270">
    <ele>1526.0</ele>
   </trkpt>
   <trkpt lat="-6.9143980" lon="108.3719020">
    <ele>1525.0</ele>
   </trkpt>
   <trkpt lat="-6.9144140" lon="108.3718770">
    <ele>1524.0</ele>
   </trkpt>
   <trkpt lat="-6.9144310" lon="108.3718520">
    <ele>1524.0</ele>
   </trkpt>
   <trkpt lat="-6.9144490" lon="108.3718280">
    <ele>1523.0</ele>
   </trkpt>
   <trkpt lat="-6.9144670" lon="108.3718010">
    <ele>1523.0</ele>
   </trkpt>
   <trkpt lat="-6.9144850" lon="108.3717740">
    <ele>1522.0</ele>
   </trkpt>
   <trkpt lat="-6.9145010" lon="108.3717450">
    <ele>1521.0</ele>
   </trkpt>
   <trkpt lat="-6.9145170" lon="108.3717160">
    <ele>1521.0</ele>
   </trkpt>
   <trkpt lat="-6.9145300" lon="108.3716850">
    <ele>1520.0</ele>
   </trkpt>
   <trkpt lat="-6.9145430" lon="108.3716540">
    <ele>1520.0</ele>
   </trkpt>
   <trkpt lat="-6.9145560" lon="108.3716210">
    <ele>1519.0</ele>
   </trkpt>
   <trkpt lat="-6.9145690" lon="108.3715880">
    <ele>1519.0</ele>
   </trkpt>
   <trkpt lat="-6.9145830" lon="108.3715560">
    <ele>1518.0</ele>
   </trkpt>
   <trkpt lat="-6.9145980" lon="108.3715240">
    <ele>1518.0</ele>
   </trkpt>
   <trkpt lat="-6.9146150" lon="108.3714940">
    <ele>1518.0</ele>
   </trkpt>
   <trkpt lat="-6.9146310" lon="108.3714650">
    <ele>1517.0</ele>
   </trkpt>
   <trkpt lat="-6.9146480" lon="108.3714390">
    <ele>1516.0</ele>
   </trkpt>
   <trkpt lat="-6.9146650" lon="108.3714120">
    <ele>1516.0</ele>
   </trkpt>
   <trkpt lat="-6.9146830" lon="108.3713860">
    <ele>1515.0</ele>
   </trkpt>
   <trkpt lat="-6.9147000" lon="108.3713600">
    <ele>1515.0</ele>
   </trkpt>
   <trkpt lat="-6.9147140" lon="108.3713290">
    <ele>1514.0</ele>
   </trkpt>
   <trkpt lat="-6.9147280" lon="108.3712990">
    <ele>1514.0</ele>
   </trkpt>
   <trkpt lat="-6.9147340" lon="108.3712660">
    <ele>1513.0</ele>
   </trkpt>
   <trkpt lat="-6.9147400" lon="108.3712330">
    <ele>1513.0</ele>
   </trkpt>
   <trkpt lat="-6.9147390" lon="108.3712020">
    <ele>1513.0</ele>
   </trkpt>
   <trkpt lat="-6.9147380" lon="108.3711700">
    <ele>1512.0</ele>
   </trkpt>
   <trkpt lat="-6.9147360" lon="108.3711390">
    <ele>1511.0</ele>
   </trkpt>
   <trkpt lat="-6.9147340" lon="108.3711090">
    <ele>1511.0</ele>
   </trkpt>
   <trkpt lat="-6.9147310" lon="108.3710790">
    <ele>1510.0</ele>
   </trkpt>
   <trkpt lat="-6.9147290" lon="108.3710490">
    <ele>1510.0</ele>
   </trkpt>
   <trkpt lat="-6.9147280" lon="108.3710190">
    <ele>1509.0</ele>
   </trkpt>
   <trkpt lat="-6.9147270" lon="108.3709890">
    <ele>1509.0</ele>
   </trkpt>
   <trkpt lat="-6.9147320" lon="108.3709610">
    <ele>1508.0</ele>
   </trkpt>
   <trkpt lat="-6.9147370" lon="108.3709320">
    <ele>1508.0</ele>
   </trkpt>
   <trkpt lat="-6.9147510" lon="108.3709100">
    <ele>1508.0</ele>
   </trkpt>
   <trkpt lat="-6.9147660" lon="108.3708890">
    <ele>1507.0</ele>
   </trkpt>
   <trkpt lat="-6.9147880" lon="108.3708720">
    <ele>1507.0</ele>
   </trkpt>
   <trkpt lat="-6.9148120" lon="108.3708550">
    <ele>1506.0</ele>
   </trkpt>
   <trkpt lat="-6.9148400" lon="108.3708390">
    <ele>1506.0</ele>
   </trkpt>
   <trkpt lat="-6.9148680" lon="108.3708230">
    <ele>1506.0</ele>
   </trkpt>
   <trkpt lat="-6.9148980" lon="108.3708040">
    <ele>1505.0</ele>
   </trkpt>
   <trkpt lat="-6.9149280" lon="108.3707850">
    <ele>1504.0</ele>
   </trkpt>
   <trkpt lat="-6.9149570" lon="108.3707640">
    <ele>1503.0</ele>
   </trkpt>
   <trkpt lat="-6.9149860" lon="108.3707430">
    <ele>1502.0</ele>
   </trkpt>
   <trkpt lat="-6.9150160" lon="108.3707240">
    <ele>1502.0</ele>
   </trkpt>
   <trkpt lat="-6.9150460" lon="108.3707050">
    <ele>1501.0</ele>
   </trkpt>
   <trkpt lat="-6.9150760" lon="108.3706870">
    <ele>1500.0</ele>
   </trkpt>
   <trkpt lat="-6.9151060" lon="108.3706700">
    <ele>1500.0</ele>
   </trkpt>
   <trkpt lat="-6.9151350" lon="108.3706550">
    <ele>1499.0</ele>
   </trkpt>
   <trkpt lat="-6.9151650" lon="108.3706400">
    <ele>1499.0</ele>
   </trkpt>
   <trkpt lat="-6.9151930" lon="108.3706260">
    <ele>1498.0</ele>
   </trkpt>
   <trkpt lat="-6.9152210" lon="108.3706120">
    <ele>1498.0</ele>
   </trkpt>
   <trkpt lat="-6.9152490" lon="108.3705990">
    <ele>1497.0</ele>
   </trkpt>
   <trkpt lat="-6.9152770" lon="108.3705850">
    <ele>1497.0</ele>
   </trkpt>
   <trkpt lat="-6.9153070" lon="108.3705700">
    <ele>1497.0</ele>
   </trkpt>
   <trkpt lat="-6.9153370" lon="108.3705540">
    <ele>1496.0</ele>
   </trkpt>
   <trkpt lat="-6.9153640" lon="108.3705340">
    <ele>1496.0</ele>
   </trkpt>
   <trkpt lat="-6.9153920" lon="108.3705150">
    <ele>1495.0</ele>
   </trkpt>
   <trkpt lat="-6.9154180" lon="108.3704970">
    <ele>1495.0</ele>
   </trkpt>
   <trkpt lat="-6.9154450" lon="108.3704790">
    <ele>1495.0</ele>
   </trkpt>
   <trkpt lat="-6.9154730" lon="108.3704670">
    <ele>1494.0</ele>
   </trkpt>
   <trkpt lat="-6.9155010" lon="108.3704540">
    <ele>1494.0</ele>
   </trkpt>
   <trkpt lat="-6.9155300" lon="108.3704430">
    <ele>1493.0</ele>
   </trkpt>
   <trkpt lat="-6.9155580" lon="108.3704320">
    <ele>1493.0</ele>
   </trkpt>
   <trkpt lat="-6.9155860" lon="108.3704200">
    <ele>1493.0</ele>
   </trkpt>
   <trkpt lat="-6.9156140" lon="108.3704080">
    <ele>1492.0</ele>
   </trkpt>
   <trkpt lat="-6.9156420" lon="108.3703940">
    <ele>1491.0</ele>
   </trkpt>
   <trkpt lat="-6.9156690" lon="108.3703810">
    <ele>1491.0</ele>
   </trkpt>
   <trkpt lat="-6.9156960" lon="108.3703660">
    <ele>1490.0</ele>
   </trkpt>
   <trkpt lat="-6.9157230" lon="108.3703520">
    <ele>1490.0</ele>
   </trkpt>
   <trkpt lat="-6.9157400" lon="108.3703340">
    <ele>1489.0</ele>
   </trkpt>
   <trkpt lat="-6.9157570" lon="108.3703160">
    <ele>1489.0</ele>
   </trkpt>
   <trkpt lat="-6.9157510" lon="108.3702960">
    <ele>1488.0</ele>
   </trkpt>
   <trkpt lat="-6.9157460" lon="108.3702760">
    <ele>1488.0</ele>
   </trkpt>
   <trkpt lat="-6.9157230" lon="108.3702560">
    <ele>1488.0</ele>
   </trkpt>
   <trkpt lat="-6.9157000" lon="108.3702360">
    <ele>1487.0</ele>
   </trkpt>
   <trkpt lat="-6.9156690" lon="108.3702180">
    <ele>1487.0</ele>
   </trkpt>
   <trkpt lat="-6.9156380" lon="108.3702000">
    <ele>1486.0</ele>
   </trkpt>
   <trkpt lat="-6.9156060" lon="108.3701840">
    <ele>1486.0</ele>
   </trkpt>
   <trkpt lat="-6.9155740" lon="108.3701680">
    <ele>1486.0</ele>
   </trkpt>
   <trkpt lat="-6.9155410" lon="108.3701560">
    <ele>1485.0</ele>
   </trkpt>
   <trkpt lat="-6.9155090" lon="108.3701440">
    <ele>1484.0</ele>
   </trkpt>
   <trkpt lat="-6.9154790" lon="108.3701360">
    <ele>1484.0</ele>
   </trkpt>
   <trkpt lat="-6.9154500" lon="108.3701290">
    <ele>1483.0</ele>
   </trkpt>
   <trkpt lat="-6.9154200" lon="108.3701220">
    <ele>1483.0</ele>
   </trkpt>
  </trkseg>
 </trk>
</gpx>
