<?xml version="1.0" encoding="UTF-8"?>
<gpx creator="StravaGPX" xmlns:xsi="http://www.w3.org/2001/XMLSchema-instance" xsi:schemaLocation="http://www.topografix.com/GPX/1/1 http://www.topografix.com/GPX/1/1/gpx.xsd" version="1.1" xmlns="http://www.topografix.com/GPX/1/1">
 <trk>
  <name>Morning Run</name>
  <type>running</type>
  <trkseg>
   <trkpt lat="-7.6337870" lon="111.1349040">
    <ele>1167.9</ele>
   </trkpt>
   <trkpt lat="-7.6337880" lon="111.1349040">
    <ele>1167.9</ele>
   </trkpt>
   <trkpt lat="-7.6337960" lon="111.1349150">
    <ele>1168.2</ele>
   </trkpt>
   <trkpt lat="-7.6338030" lon="111.1349150">
    <ele>1168.3</ele>
   </trkpt>
   <trkpt lat="-7.6338090" lon="111.1349350">
    <ele>1168.8</ele>
   </trkpt>
   <trkpt lat="-7.6338120" lon="111.1349450">
    <ele>1169.0</ele>
   </trkpt>
   <trkpt lat="-7.6338160" lon="111.1349560">
    <ele>1169.2</ele>
   </trkpt>
   <trkpt lat="-7.6338150" lon="111.1349760">
    <ele>1169.6</ele>
   </trkpt>
   <trkpt lat="-7.6338140" lon="111.1349760">
    <ele>1169.7</ele>
   </trkpt>
   <trkpt lat="-7.6338120" lon="111.1349960">
    <ele>1170.1</ele>
   </trkpt>
   <trkpt lat="-7.6338110" lon="111.1350480">
    <ele>1171.1</ele>
   </trkpt>
   <trkpt lat="-7.6338160" lon="111.1351090">
    <ele>1171.8</ele>
   </trkpt>
   <trkpt lat="-7.6338280" lon="111.1351710">
    <ele>1171.8</ele>
   </trkpt>
   <trkpt lat="-7.6338580" lon="111.1352120">
    <ele>1171.7</ele>
   </trkpt>
   <trkpt lat="-7.6339060" lon="111.1352520">
    <ele>1171.7</ele>
   </trkpt>
   <trkpt lat="-7.6339450" lon="111.1352830">
    <ele>1171.6</ele>
   </trkpt>
   <trkpt lat="-7.6339960" lon="111.1353240">
    <ele>1171.6</ele>
   </trkpt>
   <trkpt lat="-7.6340510" lon="111.1353450">
    <ele>1171.5</ele>
   </trkpt>
   <trkpt lat="-7.6341000" lon="111.1353550">
    <ele>1171.5</ele>
   </trkpt>
   <trkpt lat="-7.6341590" lon="111.1353550">
    <ele>1171.4</ele>
   </trkpt>
   <trkpt lat="-7.6342420" lon="111.1353550">
    <ele>1171.3</ele>
   </trkpt>
   <trkpt lat="-7.6343180" lon="111.1353650">
    <ele>1171.3</ele>
   </trkpt>
   <trkpt lat="-7.6343710" lon="111.1353650">
    <ele>1171.2</ele>
   </trkpt>
   <trkpt lat="-7.6344270" lon="111.1353750">
    <ele>1171.1</ele>
   </trkpt>
   <trkpt lat="-7.6344760" lon="111.1353860">
    <ele>1171.1</ele>
   </trkpt>
   <trkpt lat="-7.6345350" lon="111.1354060">
    <ele>1172.7</ele>
   </trkpt>
   <trkpt lat="-7.6345820" lon="111.1354370">
    <ele>1173.8</ele>
   </trkpt>
   <trkpt lat="-7.6346110" lon="111.1354680">
    <ele>1174.6</ele>
   </trkpt>
   <trkpt lat="-7.6346270" lon="111.1355190">
    <ele>1175.7</ele>
   </trkpt>
   <trkpt lat="-7.6346280" lon="111.1355700">
    <ele>1176.7</ele>
   </trkpt>
   <trkpt lat="-7.6346280" lon="111.1356210">
    <ele>1177.7</ele>
   </trkpt>
   <trkpt lat="-7.6346340" lon="111.1356930">
    <ele>1179.1</ele>
   </trkpt>
   <trkpt lat="-7.6346360" lon="111.1357540">
    <ele>1180.3</ele>
   </trkpt>
   <trkpt lat="-7.6346440" lon="111.1358160">
    <ele>1181.5</ele>
   </trkpt>
   <trkpt lat="-7.6346550" lon="111.1358670">
    <ele>1182.5</ele>
   </trkpt>
   <trkpt lat="-7.6346600" lon="111.1359180">
    <ele>1183.5</ele>
   </trkpt>
   <trkpt lat="-7.6346660" lon="111.1359800">
    <ele>1184.8</ele>
   </trkpt>
   <trkpt lat="-7.6346640" lon="111.1360310">
    <ele>1185.8</ele>
   </trkpt>
   <trkpt lat="-7.6346630" lon="111.1360820">
    <ele>1186.8</ele>
   </trkpt>
   <trkpt lat="-7.6346640" lon="111.1361430">
    <ele>1187.9</ele>
   </trkpt>
   <trkpt lat="-7.6346640" lon="111.1362050">
    <ele>1189.2</ele>
   </trkpt>
   <trkpt lat="-7.6346580" lon="111.1362460">
    <ele>1190.0</ele>
   </trkpt>
   <trkpt lat="-7.6346590" lon="111.1363070">
    <ele>1191.2</ele>
   </trkpt>
   <trkpt lat="-7.6346630" lon="111.1363690">
    <ele>1192.4</ele>
   </trkpt>
   <trkpt lat="-7.6346660" lon="111.1364200">
    <ele>1193.4</ele>
   </trkpt>
   <trkpt lat="-7.6346710" lon="111.1364710">
    <ele>1194.4</ele>
   </trkpt>
   <trkpt lat="-7.6346960" lon="111.1365320">
    <ele>1195.7</ele>
   </trkpt>
   <trkpt lat="-7.6347240" lon="111.1365630">
    <ele>1196.5</ele>
   </trkpt>
   <trkpt lat="-7.6347600" lon="111.1366140">
    <ele>1197.7</ele>
   </trkpt>
   <trkpt lat="-7.6347930" lon="111.1366550">
    <ele>1198.8</ele>
   </trkpt>
   <trkpt lat="-7.6348170" lon="111.1367070">
    <ele>1199.9</ele>
   </trkpt>
   <trkpt lat="-7.6348330" lon="111.1367580">
    <ele>1200.9</ele>
   </trkpt>
   <trkpt lat="-7.6348120" lon="111.1367990">
    <ele>1201.8</ele>
   </trkpt>
   <trkpt lat="-7.6347680" lon="111.1368500">
    <ele>1203.2</ele>
   </trkpt>
   <trkpt lat="-7.6347410" lon="111.1368810">
    <ele>1204.0</ele>
   </trkpt>
   <trkpt lat="-7.6347870" lon="111.1369220">
    <ele>1205.2</ele>
   </trkpt>
   <trkpt lat="-7.6348420" lon="111.1369420">
    <ele>1206.3</ele>
   </trkpt>
   <trkpt lat="-7.6348890" lon="111.1369730">
    <ele>1207.4</ele>
   </trkpt>
   <trkpt lat="-7.6349360" lon="111.1370040">
    <ele>1208.5</ele>
   </trkpt>
   <trkpt lat="-7.6349840" lon="111.1370340">
    <ele>1209.7</ele>
   </trkpt>
   <trkpt lat="-7.6350250" lon="111.1370650">
    <ele>1210.7</ele>
   </trkpt>
   <trkpt lat="-7.6350390" lon="111.1371160">
    <ele>1211.7</ele>
   </trkpt>
   <trkpt lat="-7.6349970" lon="111.1371470">
    <ele>1212.7</ele>
   </trkpt>
   <trkpt lat="-7.6349800" lon="111.1373410">
    <ele>1216.5</ele>
   </trkpt>
   <trkpt lat="-7.6350070" lon="111.1374340">
    <ele>1218.4</ele>
   </trkpt>
   <trkpt lat="-7.6350300" lon="111.1374850">
    <ele>1219.5</ele>
   </trkpt>
   <trkpt lat="-7.6350680" lon="111.1375160">
    <ele>1220.5</ele>
   </trkpt>
   <trkpt lat="-7.6351130" lon="111.1375670">
    <ele>1221.8</ele>
   </trkpt>
   <trkpt lat="-7.6351560" lon="111.1376080">
    <ele>1223.0</ele>
   </trkpt>
   <trkpt lat="-7.6351950" lon="111.1376380">
    <ele>1223.8</ele>
   </trkpt>
   <trkpt lat="-7.6352280" lon="111.1376900">
    <ele>1224.8</ele>
   </trkpt>
   <trkpt lat="-7.6352460" lon="111.1377310">
    <ele>1227.7</ele>
   </trkpt>
   <trkpt lat="-7.6352560" lon="111.1377820">
    <ele>1232.4</ele>
   </trkpt>
   <trkpt lat="-7.6352790" lon="111.1378430">
    <ele>1235.0</ele>
   </trkpt>
   <trkpt lat="-7.6353150" lon="111.1378740">
    <ele>1237.4</ele>
   </trkpt>
   <trkpt lat="-7.6353600" lon="111.1379050">
    <ele>1237.4</ele>
   </trkpt>
   <trkpt lat="-7.6354050" lon="111.1379560">
    <ele>1242.4</ele>
   </trkpt>
   <trkpt lat="-7.6354420" lon="111.1379970">
    <ele>1244.7</ele>
   </trkpt>
   <trkpt lat="-7.6354690" lon="111.1380280">
    <ele>1244.5</ele>
   </trkpt>
   <trkpt lat="-7.6355640" lon="111.1381710">
    <ele>1250.8</ele>
   </trkpt>
   <trkpt lat="-7.6356120" lon="111.1382020">
    <ele>1250.2</ele>
   </trkpt>
   <trkpt lat="-7.6356630" lon="111.1382220">
    <ele>1250.5</ele>
   </trkpt>
   <trkpt lat="-7.6357160" lon="111.1382120">
    <ele>1249.0</ele>
   </trkpt>
   <trkpt lat="-7.6357640" lon="111.1381910">
    <ele>1247.8</ele>
   </trkpt>
   <trkpt lat="-7.6358160" lon="111.1381710">
    <ele>1247.2</ele>
   </trkpt>
   <trkpt lat="-7.6359020" lon="111.1381910">
    <ele>1246.8</ele>
   </trkpt>
   <trkpt lat="-7.6359670" lon="111.1381710">
    <ele>1247.9</ele>
   </trkpt>
   <trkpt lat="-7.6360280" lon="111.1382430">
    <ele>1250.0</ele>
   </trkpt>
   <trkpt lat="-7.6361870" lon="111.1383760">
    <ele>1261.8</ele>
   </trkpt>
   <trkpt lat="-7.6362050" lon="111.1384170">
    <ele>1262.6</ele>
   </trkpt>
   <trkpt lat="-7.6362160" lon="111.1384780">
    <ele>1264.0</ele>
   </trkpt>
   <trkpt lat="-7.6362480" lon="111.1385400">
    <ele>1266.1</ele>
   </trkpt>
   <trkpt lat="-7.6363960" lon="111.1387340">
    <ele>1276.8</ele>
   </trkpt>
   <trkpt lat="-7.6364190" lon="111.1387750">
    <ele>1277.8</ele>
   </trkpt>
   <trkpt lat="-7.6364260" lon="111.1390820">
    <ele>1285.1</ele>
   </trkpt>
   <trkpt lat="-7.6364540" lon="111.1392460">
    <ele>1290.7</ele>
   </trkpt>
   <trkpt lat="-7.6363980" lon="111.1394000">
    <ele>1293.1</ele>
   </trkpt>
   <trkpt lat="-7.6363900" lon="111.1394510">
    <ele>1293.6</ele>
   </trkpt>
   <trkpt lat="-7.6363830" lon="111.1395020">
    <ele>1296.2</ele>
   </trkpt>
   <trkpt lat="-7.6363770" lon="111.1395530">
    <ele>1297.9</ele>
   </trkpt>
   <trkpt lat="-7.6363620" lon="111.1396150">
    <ele>1299.8</ele>
   </trkpt>
   <trkpt lat="-7.6363610" lon="111.1396760">
    <ele>1303.7</ele>
   </trkpt>
   <trkpt lat="-7.6363760" lon="111.1397270">
    <ele>1305.7</ele>
   </trkpt>
   <trkpt lat="-7.6363880" lon="111.1397890">
    <ele>1307.7</ele>
   </trkpt>
   <trkpt lat="-7.6363980" lon="111.1398300">
    <ele>1309.8</ele>
   </trkpt>
   <trkpt lat="-7.6364060" lon="111.1398910">
    <ele>1314.4</ele>
   </trkpt>
   <trkpt lat="-7.6364170" lon="111.1399420">
    <ele>1316.7</ele>
   </trkpt>
   <trkpt lat="-7.6364580" lon="111.1400140">
    <ele>1320.7</ele>
   </trkpt>
   <trkpt lat="-7.6364880" lon="111.1400550">
    <ele>1320.3</ele>
   </trkpt>
   <trkpt lat="-7.6365200" lon="111.1400960">
    <ele>1321.3</ele>
   </trkpt>
   <trkpt lat="-7.6365610" lon="111.1401780">
    <ele>1323.6</ele>
   </trkpt>
   <trkpt lat="-7.6365910" lon="111.1402290">
    <ele>1324.7</ele>
   </trkpt>
   <trkpt lat="-7.6366220" lon="111.1402700">
    <ele>1323.8</ele>
   </trkpt>
   <trkpt lat="-7.6366600" lon="111.1403010">
    <ele>1323.8</ele>
   </trkpt>
   <trkpt lat="-7.6366930" lon="111.1404440">
    <ele>1326.6</ele>
   </trkpt>
   <trkpt lat="-7.6366410" lon="111.1404540">
    <ele>1328.5</ele>
   </trkpt>
   <trkpt lat="-7.6365970" lon="111.1405060">
    <ele>1330.7</ele>
   </trkpt>
   <trkpt lat="-7.6365650" lon="111.1405570">
    <ele>1331.7</ele>
   </trkpt>
   <trkpt lat="-7.6365290" lon="111.1405880">
    <ele>1333.7</ele>
   </trkpt>
   <trkpt lat="-7.6363420" lon="111.1407210">
    <ele>1340.5</ele>
   </trkpt>
   <trkpt lat="-7.6363440" lon="111.1407820">
    <ele>1340.8</ele>
   </trkpt>
   <trkpt lat="-7.6362960" lon="111.1408230">
    <ele>1341.9</ele>
   </trkpt>
   <trkpt lat="-7.6362600" lon="111.1408640">
    <ele>1342.8</ele>
   </trkpt>
   <trkpt lat="-7.6362620" lon="111.1409150">
    <ele>1344.2</ele>
   </trkpt>
   <trkpt lat="-7.6362550" lon="111.1410180">
    <ele>1346.1</ele>
   </trkpt>
   <trkpt lat="-7.6362530" lon="111.1411200">
    <ele>1348.2</ele>
   </trkpt>
   <trkpt lat="-7.6362550" lon="111.1412020">
    <ele>1350.7</ele>
   </trkpt>
   <trkpt lat="-7.6360910" lon="111.1415090">
    <ele>1362.6</ele>
   </trkpt>
   <trkpt lat="-7.6360770" lon="111.1415600">
    <ele>1365.7</ele>
   </trkpt>
   <trkpt lat="-7.6360970" lon="111.1416730">
    <ele>1368.7</ele>
   </trkpt>
   <trkpt lat="-7.6360880" lon="111.1417240">
    <ele>1369.4</ele>
   </trkpt>
   <trkpt lat="-7.6360610" lon="111.1417960">
    <ele>1371.7</ele>
   </trkpt>
   <trkpt lat="-7.6360170" lon="111.1418680">
    <ele>1373.0</ele>
   </trkpt>
   <trkpt lat="-7.6359970" lon="111.1419190">
    <ele>1373.1</ele>
   </trkpt>
   <trkpt lat="-7.6359990" lon="111.1419800">
    <ele>1374.1</ele>
   </trkpt>
   <trkpt lat="-7.6360060" lon="111.1420310">
    <ele>1376.1</ele>
   </trkpt>
   <trkpt lat="-7.6359980" lon="111.1420930">
    <ele>1377.3</ele>
   </trkpt>
   <trkpt lat="-7.6359830" lon="111.1421540">
    <ele>1378.5</ele>
   </trkpt>
   <trkpt lat="-7.6359620" lon="111.1422050">
    <ele>1381.7</ele>
   </trkpt>
   <trkpt lat="-7.6359350" lon="111.1422460">
    <ele>1383.1</ele>
   </trkpt>
   <trkpt lat="-7.6359100" lon="111.1423080">
    <ele>1385.0</ele>
   </trkpt>
   <trkpt lat="-7.6358960" lon="111.1423390">
    <ele>1386.3</ele>
   </trkpt>
   <trkpt lat="-7.6357820" lon="111.1425130">
    <ele>1389.3</ele>
   </trkpt>
   <trkpt lat="-7.6357530" lon="111.1425640">
    <ele>1389.8</ele>
   </trkpt>
   <trkpt lat="-7.6357160" lon="111.1426050">
    <ele>1390.4</ele>
   </trkpt>
   <trkpt lat="-7.6356800" lon="111.1426560">
    <ele>1391.0</ele>
   </trkpt>
   <trkpt lat="-7.6356680" lon="111.1427070">
    <ele>1391.4</ele>
   </trkpt>
   <trkpt lat="-7.6356000" lon="111.1428810">
    <ele>1392.9</ele>
   </trkpt>
   <trkpt lat="-7.6355780" lon="111.1429430">
    <ele>1393.7</ele>
   </trkpt>
   <trkpt lat="-7.6355330" lon="111.1429940">
    <ele>1394.5</ele>
   </trkpt>
   <trkpt lat="-7.6354980" lon="111.1430250">
    <ele>1395.4</ele>
   </trkpt>
   <trkpt lat="-7.6354640" lon="111.1430660">
    <ele>1395.5</ele>
   </trkpt>
   <trkpt lat="-7.6354320" lon="111.1431170">
    <ele>1396.6</ele>
   </trkpt>
   <trkpt lat="-7.6354100" lon="111.1431580">
    <ele>1397.8</ele>
   </trkpt>
   <trkpt lat="-7.6353940" lon="111.1432190">
    <ele>1398.0</ele>
   </trkpt>
   <trkpt lat="-7.6353770" lon="111.1432600">
    <ele>1398.2</ele>
   </trkpt>
   <trkpt lat="-7.6353500" lon="111.1433110">
    <ele>1400.0</ele>
   </trkpt>
   <trkpt lat="-7.6353250" lon="111.1433520">
    <ele>1402.3</ele>
   </trkpt>
   <trkpt lat="-7.6352960" lon="111.1434040">
    <ele>1404.1</ele>
   </trkpt>
   <trkpt lat="-7.6352860" lon="111.1434650">
    <ele>1406.6</ele>
   </trkpt>
   <trkpt lat="-7.6352840" lon="111.1435260">
    <ele>1407.6</ele>
   </trkpt>
   <trkpt lat="-7.6352930" lon="111.1435880">
    <ele>1408.0</ele>
   </trkpt>
   <trkpt lat="-7.6352930" lon="111.1436290">
    <ele>1408.9</ele>
   </trkpt>
   <trkpt lat="-7.6353100" lon="111.1437000">
    <ele>1409.7</ele>
   </trkpt>
   <trkpt lat="-7.6353180" lon="111.1437520">
    <ele>1411.4</ele>
   </trkpt>
   <trkpt lat="-7.6352980" lon="111.1438130">
    <ele>1412.1</ele>
   </trkpt>
   <trkpt lat="-7.6352560" lon="111.1440380">
    <ele>1417.4</ele>
   </trkpt>
   <trkpt lat="-7.6352590" lon="111.1441000">
    <ele>1420.2</ele>
   </trkpt>
   <trkpt lat="-7.6352540" lon="111.1441510">
    <ele>1421.7</ele>
   </trkpt>
   <trkpt lat="-7.6352240" lon="111.1442120">
    <ele>1423.5</ele>
   </trkpt>
   <trkpt lat="-7.6351620" lon="111.1444280">
    <ele>1430.0</ele>
   </trkpt>
   <trkpt lat="-7.6351490" lon="111.1444890">
    <ele>1432.5</ele>
   </trkpt>
   <trkpt lat="-7.6351170" lon="111.1445400">
    <ele>1433.7</ele>
   </trkpt>
   <trkpt lat="-7.6350940" lon="111.1445810">
    <ele>1434.6</ele>
   </trkpt>
   <trkpt lat="-7.6350650" lon="111.1446430">
    <ele>1435.1</ele>
   </trkpt>
   <trkpt lat="-7.6350460" lon="111.1446940">
    <ele>1436.6</ele>
   </trkpt>
   <trkpt lat="-7.6350250" lon="111.1447450">
    <ele>1436.9</ele>
   </trkpt>
   <trkpt lat="-7.6350130" lon="111.1447860">
    <ele>1437.7</ele>
   </trkpt>
   <trkpt lat="-7.6349970" lon="111.1448470">
    <ele>1438.5</ele>
   </trkpt>
   <trkpt lat="-7.6349910" lon="111.1448990">
    <ele>1439.3</ele>
   </trkpt>
   <trkpt lat="-7.6349890" lon="111.1449600">
    <ele>1440.8</ele>
   </trkpt>
   <trkpt lat="-7.6350080" lon="111.1450210">
    <ele>1441.6</ele>
   </trkpt>
   <trkpt lat="-7.6350200" lon="111.1450830">
    <ele>1443.0</ele>
   </trkpt>
   <trkpt lat="-7.6350120" lon="111.1451440">
    <ele>1443.8</ele>
   </trkpt>
   <trkpt lat="-7.6350100" lon="111.1452060">
    <ele>1445.7</ele>
   </trkpt>
   <trkpt lat="-7.6350100" lon="111.1452670">
    <ele>1447.0</ele>
   </trkpt>
   <trkpt lat="-7.6350140" lon="111.1453490">
    <ele>1450.1</ele>
   </trkpt>
   <trkpt lat="-7.6349890" lon="111.1454000">
    <ele>1452.1</ele>
   </trkpt>
   <trkpt lat="-7.6349180" lon="111.1455640">
    <ele>1457.2</ele>
   </trkpt>
   <trkpt lat="-7.6349790" lon="111.1457590">
    <ele>1466.1</ele>
   </trkpt>
   <trkpt lat="-7.6348660" lon="111.1461380">
    <ele>1483.1</ele>
   </trkpt>
   <trkpt lat="-7.6348260" lon="111.1461680">
    <ele>1483.4</ele>
   </trkpt>
   <trkpt lat="-7.6348270" lon="111.1464240">
    <ele>1494.4</ele>
   </trkpt>
   <trkpt lat="-7.6348060" lon="111.1464960">
    <ele>1497.9</ele>
   </trkpt>
   <trkpt lat="-7.6347650" lon="111.1465470">
    <ele>1498.2</ele>
   </trkpt>
   <trkpt lat="-7.6347200" lon="111.1465880">
    <ele>1499.1</ele>
   </trkpt>
   <trkpt lat="-7.6346910" lon="111.1466290">
    <ele>1501.6</ele>
   </trkpt>
   <trkpt lat="-7.6346620" lon="111.1466700">
    <ele>1503.0</ele>
   </trkpt>
   <trkpt lat="-7.6346300" lon="111.1467210">
    <ele>1504.9</ele>
   </trkpt>
   <trkpt lat="-7.6346160" lon="111.1467930">
    <ele>1508.1</ele>
   </trkpt>
   <trkpt lat="-7.6346070" lon="111.1468340">
    <ele>1511.5</ele>
   </trkpt>
   <trkpt lat="-7.6345900" lon="111.1468850">
    <ele>1517.0</ele>
   </trkpt>
   <trkpt lat="-7.6345610" lon="111.1469360">
    <ele>1519.1</ele>
   </trkpt>
   <trkpt lat="-7.6345430" lon="111.1469770">
    <ele>1521.7</ele>
   </trkpt>
   <trkpt lat="-7.6345280" lon="111.1470390">
    <ele>1524.0</ele>
   </trkpt>
   <trkpt lat="-7.6345160" lon="111.1470900">
    <ele>1525.2</ele>
   </trkpt>
   <trkpt lat="-7.6345120" lon="111.1471820">
    <ele>1530.8</ele>
   </trkpt>
   <trkpt lat="-7.6345610" lon="111.1472130">
    <ele>1531.0</ele>
   </trkpt>
   <trkpt lat="-7.6346340" lon="111.1472330">
    <ele>1533.1</ele>
   </trkpt>
   <trkpt lat="-7.6346880" lon="111.1472130">
    <ele>1531.2</ele>
   </trkpt>
   <trkpt lat="-7.6347350" lon="111.1471920">
    <ele>1530.9</ele>
   </trkpt>
   <trkpt lat="-7.6347800" lon="111.1471620">
    <ele>1528.9</ele>
   </trkpt>
   <trkpt lat="-7.6348220" lon="111.1471310">
    <ele>1527.2</ele>
   </trkpt>
   <trkpt lat="-7.6348690" lon="111.1471000">
    <ele>1527.0</ele>
   </trkpt>
   <trkpt lat="-7.6349180" lon="111.1470800">
    <ele>1525.5</ele>
   </trkpt>
   <trkpt lat="-7.6349690" lon="111.1470900">
    <ele>1525.3</ele>
   </trkpt>
   <trkpt lat="-7.6350140" lon="111.1471410">
    <ele>1527.9</ele>
   </trkpt>
   <trkpt lat="-7.6350590" lon="111.1471820">
    <ele>1529.4</ele>
   </trkpt>
   <trkpt lat="-7.6351050" lon="111.1472230">
    <ele>1530.9</ele>
   </trkpt>
   <trkpt lat="-7.6351510" lon="111.1472440">
    <ele>1530.7</ele>
   </trkpt>
   <trkpt lat="-7.6352030" lon="111.1472640">
    <ele>1529.9</ele>
   </trkpt>
   <trkpt lat="-7.6352490" lon="111.1472840">
    <ele>1531.1</ele>
   </trkpt>
   <trkpt lat="-7.6352380" lon="111.1475200">
    <ele>1540.9</ele>
   </trkpt>
   <trkpt lat="-7.6352160" lon="111.1475710">
    <ele>1545.0</ele>
   </trkpt>
   <trkpt lat="-7.6351770" lon="111.1476940">
    <ele>1549.7</ele>
   </trkpt>
   <trkpt lat="-7.6351960" lon="111.1477960">
    <ele>1555.5</ele>
   </trkpt>
   <trkpt lat="-7.6351940" lon="111.1478580">
    <ele>1557.3</ele>
   </trkpt>
   <trkpt lat="-7.6352410" lon="111.1479190">
    <ele>1559.8</ele>
   </trkpt>
   <trkpt lat="-7.6353720" lon="111.1480010">
    <ele>1561.0</ele>
   </trkpt>
   <trkpt lat="-7.6353680" lon="111.1480520">
    <ele>1563.0</ele>
   </trkpt>
   <trkpt lat="-7.6353750" lon="111.1481140">
    <ele>1564.3</ele>
   </trkpt>
   <trkpt lat="-7.6353660" lon="111.1481550">
    <ele>1566.1</ele>
   </trkpt>
   <trkpt lat="-7.6353430" lon="111.1482060">
    <ele>1567.4</ele>
   </trkpt>
   <trkpt lat="-7.6353440" lon="111.1482680">
    <ele>1569.6</ele>
   </trkpt>
   <trkpt lat="-7.6353480" lon="111.1483190">
    <ele>1570.7</ele>
   </trkpt>
   <trkpt lat="-7.6353280" lon="111.1483700">
    <ele>1572.1</ele>
   </trkpt>
   <trkpt lat="-7.6353300" lon="111.1484210">
    <ele>1572.7</ele>
   </trkpt>
   <trkpt lat="-7.6353360" lon="111.1484720">
    <ele>1574.9</ele>
   </trkpt>
   <trkpt lat="-7.6353450" lon="111.1485340">
    <ele>1576.2</ele>
   </trkpt>
   <trkpt lat="-7.6353610" lon="111.1485750">
    <ele>1577.5</ele>
   </trkpt>
   <trkpt lat="-7.6354030" lon="111.1486160">
    <ele>1578.8</ele>
   </trkpt>
   <trkpt lat="-7.6354500" lon="111.1486460">
    <ele>1580.2</ele>
   </trkpt>
   <trkpt lat="-7.6356900" lon="111.1488920">
    <ele>1587.4</ele>
   </trkpt>
   <trkpt lat="-7.6357000" lon="111.1489330">
    <ele>1588.5</ele>
   </trkpt>
   <trkpt lat="-7.6356840" lon="111.1489840">
    <ele>1591.4</ele>
   </trkpt>
   <trkpt lat="-7.6356430" lon="111.1490150">
    <ele>1591.5</ele>
   </trkpt>
   <trkpt lat="-7.6356200" lon="111.1490660">
    <ele>1592.7</ele>
   </trkpt>
   <trkpt lat="-7.6356320" lon="111.1491280">
    <ele>1595.9</ele>
   </trkpt>
   <trkpt lat="-7.6356200" lon="111.1491890">
    <ele>1597.1</ele>
   </trkpt>
   <trkpt lat="-7.6356070" lon="111.1493940">
    <ele>1604.2</ele>
   </trkpt>
   <trkpt lat="-7.6356200" lon="111.1495170">
    <ele>1609.4</ele>
   </trkpt>
   <trkpt lat="-7.6356080" lon="111.1495880">
    <ele>1613.5</ele>
   </trkpt>
   <trkpt lat="-7.6355800" lon="111.1496400">
    <ele>1615.7</ele>
   </trkpt>
   <trkpt lat="-7.6355440" lon="111.1496700">
    <ele>1618.1</ele>
   </trkpt>
   <trkpt lat="-7.6355190" lon="111.1497220">
    <ele>1620.7</ele>
   </trkpt>
   <trkpt lat="-7.6355610" lon="111.1497520">
    <ele>1620.6</ele>
   </trkpt>
   <trkpt lat="-7.6356130" lon="111.1497930">
    <ele>1623.1</ele>
   </trkpt>
   <trkpt lat="-7.6355870" lon="111.1498650">
    <ele>1629.2</ele>
   </trkpt>
   <trkpt lat="-7.6355560" lon="111.1499260">
    <ele>1632.5</ele>
   </trkpt>
   <trkpt lat="-7.6355420" lon="111.1499880">
    <ele>1638.2</ele>
   </trkpt>
   <trkpt lat="-7.6354800" lon="111.1503260">
    <ele>1654.0</ele>
   </trkpt>
   <trkpt lat="-7.6354800" lon="111.1503360">
    <ele>1654.0</ele>
   </trkpt>
   <trkpt lat="-7.6354590" lon="111.1506940">
    <ele>1667.6</ele>
   </trkpt>
   <trkpt lat="-7.6354690" lon="111.1509090">
    <ele>1677.3</ele>
   </trkpt>
   <trkpt lat="-7.6354980" lon="111.1509610">
    <ele>1680.3</ele>
   </trkpt>
   <trkpt lat="-7.6355530" lon="111.1510430">
    <ele>1681.9</ele>
   </trkpt>
   <trkpt lat="-7.6356010" lon="111.1511550">
    <ele>1683.0</ele>
   </trkpt>
   <trkpt lat="-7.6356400" lon="111.1511960">
    <ele>1683.1</ele>
   </trkpt>
   <trkpt lat="-7.6358270" lon="111.1514930">
    <ele>1685.3</ele>
   </trkpt>
   <trkpt lat="-7.6358050" lon="111.1515340">
    <ele>1686.4</ele>
   </trkpt>
   <trkpt lat="-7.6358200" lon="111.1518210">
    <ele>1694.8</ele>
   </trkpt>
   <trkpt lat="-7.6358220" lon="111.1518820">
    <ele>1695.6</ele>
   </trkpt>
   <trkpt lat="-7.6357910" lon="111.1519440">
    <ele>1698.0</ele>
   </trkpt>
   <trkpt lat="-7.6357760" lon="111.1520050">
    <ele>1698.5</ele>
   </trkpt>
   <trkpt lat="-7.6357710" lon="111.1520560">
    <ele>1699.0</ele>
   </trkpt>
   <trkpt lat="-7.6357730" lon="111.1520970">
    <ele>1699.4</ele>
   </trkpt>
   <trkpt lat="-7.6357800" lon="111.1521690">
    <ele>1700.0</ele>
   </trkpt>
   <trkpt lat="-7.6357080" lon="111.1524150">
    <ele>1704.6</ele>
   </trkpt>
   <trkpt lat="-7.6357130" lon="111.1524560">
    <ele>1704.1</ele>
   </trkpt>
   <trkpt lat="-7.6357310" lon="111.1525070">
    <ele>1705.8</ele>
   </trkpt>
   <trkpt lat="-7.6357160" lon="111.1525680">
    <ele>1707.1</ele>
   </trkpt>
   <trkpt lat="-7.6356900" lon="111.1526910">
    <ele>1712.6</ele>
   </trkpt>
   <trkpt lat="-7.6356670" lon="111.1527530">
    <ele>1715.3</ele>
   </trkpt>
   <trkpt lat="-7.6355870" lon="111.1531210">
    <ele>1732.0</ele>
   </trkpt>
   <trkpt lat="-7.6355760" lon="111.1531720">
    <ele>1734.4</ele>
   </trkpt>
   <trkpt lat="-7.6355710" lon="111.1532240">
    <ele>1735.7</ele>
   </trkpt>
   <trkpt lat="-7.6355810" lon="111.1534080">
    <ele>1740.4</ele>
   </trkpt>
   <trkpt lat="-7.6355890" lon="111.1534690">
    <ele>1739.7</ele>
   </trkpt>
   <trkpt lat="-7.6355900" lon="111.1535210">
    <ele>1740.5</ele>
   </trkpt>
   <trkpt lat="-7.6355810" lon="111.1535920">
    <ele>1743.6</ele>
   </trkpt>
   <trkpt lat="-7.6355830" lon="111.1536440">
    <ele>1744.3</ele>
   </trkpt>
   <trkpt lat="-7.6355650" lon="111.1537770">
    <ele>1746.5</ele>
   </trkpt>
   <trkpt lat="-7.6355260" lon="111.1539200">
    <ele>1752.6</ele>
   </trkpt>
   <trkpt lat="-7.6354670" lon="111.1540330">
    <ele>1757.0</ele>
   </trkpt>
   <trkpt lat="-7.6354640" lon="111.1540940">
    <ele>1759.7</ele>
   </trkpt>
   <trkpt lat="-7.6354640" lon="111.1542070">
    <ele>1762.1</ele>
   </trkpt>
   <trkpt lat="-7.6354610" lon="111.1542580">
    <ele>1763.3</ele>
   </trkpt>
   <trkpt lat="-7.6353560" lon="111.1546980">
    <ele>1781.5</ele>
   </trkpt>
   <trkpt lat="-7.6354550" lon="111.1549030">
    <ele>1782.7</ele>
   </trkpt>
   <trkpt lat="-7.6354400" lon="111.1549540">
    <ele>1785.2</ele>
   </trkpt>
   <trkpt lat="-7.6354000" lon="111.1550570">
    <ele>1790.1</ele>
   </trkpt>
   <trkpt lat="-7.6353320" lon="111.1552000">
    <ele>1796.3</ele>
   </trkpt>
   <trkpt lat="-7.6353110" lon="111.1552610">
    <ele>1800.2</ele>
   </trkpt>
   <trkpt lat="-7.6353410" lon="111.1553740">
    <ele>1802.2</ele>
   </trkpt>
   <trkpt lat="-7.6353410" lon="111.1554150">
    <ele>1803.5</ele>
   </trkpt>
   <trkpt lat="-7.6353430" lon="111.1555280">
    <ele>1806.2</ele>
   </trkpt>
   <trkpt lat="-7.6353000" lon="111.1556400">
    <ele>1808.6</ele>
   </trkpt>
   <trkpt lat="-7.6352990" lon="111.1556920">
    <ele>1809.2</ele>
   </trkpt>
   <trkpt lat="-7.6353080" lon="111.1557430">
    <ele>1809.8</ele>
   </trkpt>
   <trkpt lat="-7.6353340" lon="111.1557840">
    <ele>1809.2</ele>
   </trkpt>
   <trkpt lat="-7.6353890" lon="111.1558040">
    <ele>1807.9</ele>
   </trkpt>
   <trkpt lat="-7.6354500" lon="111.1558350">
    <ele>1806.9</ele>
   </trkpt>
   <trkpt lat="-7.6355260" lon="111.1562550">
    <ele>1814.7</ele>
   </trkpt>
   <trkpt lat="-7.6355030" lon="111.1563260">
    <ele>1818.2</ele>
   </trkpt>
   <trkpt lat="-7.6354850" lon="111.1563880">
    <ele>1820.6</ele>
   </trkpt>
   <trkpt lat="-7.6354590" lon="111.1564290">
    <ele>1821.8</ele>
   </trkpt>
   <trkpt lat="-7.6354170" lon="111.1566950">
    <ele>1829.2</ele>
   </trkpt>
   <trkpt lat="-7.6354150" lon="111.1567560">
    <ele>1831.4</ele>
   </trkpt>
   <trkpt lat="-7.6354110" lon="111.1568180">
    <ele>1833.3</ele>
   </trkpt>
   <trkpt lat="-7.6354140" lon="111.1568690">
    <ele>1833.3</ele>
   </trkpt>
   <trkpt lat="-7.6354190" lon="111.1569200">
    <ele>1834.1</ele>
   </trkpt>
   <trkpt lat="-7.6354070" lon="111.1570330">
    <ele>1837.1</ele>
   </trkpt>
   <trkpt lat="-7.6354100" lon="111.1570740">
    <ele>1837.8</ele>
   </trkpt>
   <trkpt lat="-7.6354210" lon="111.1571350">
    <ele>1837.1</ele>
   </trkpt>
   <trkpt lat="-7.6354330" lon="111.1571970">
    <ele>1838.3</ele>
   </trkpt>
   <trkpt lat="-7.6354410" lon="111.1572580">
    <ele>1839.0</ele>
   </trkpt>
   <trkpt lat="-7.6354200" lon="111.1573090">
    <ele>1840.3</ele>
   </trkpt>
   <trkpt lat="-7.6353910" lon="111.1573500">
    <ele>1842.1</ele>
   </trkpt>
   <trkpt lat="-7.6353890" lon="111.1573910">
    <ele>1842.9</ele>
   </trkpt>
   <trkpt lat="-7.6354250" lon="111.1574430">
    <ele>1842.9</ele>
   </trkpt>
   <trkpt lat="-7.6354520" lon="111.1574940">
    <ele>1843.9</ele>
   </trkpt>
   <trkpt lat="-7.6354740" lon="111.1575350">
    <ele>1843.3</ele>
   </trkpt>
   <trkpt lat="-7.6354830" lon="111.1575960">
    <ele>1844.2</ele>
   </trkpt>
   <trkpt lat="-7.6354780" lon="111.1576580">
    <ele>1846.0</ele>
   </trkpt>
   <trkpt lat="-7.6354750" lon="111.1576990">
    <ele>1847.1</ele>
   </trkpt>
   <trkpt lat="-7.6354600" lon="111.1577600">
    <ele>1848.3</ele>
   </trkpt>
   <trkpt lat="-7.6354600" lon="111.1578110">
    <ele>1849.5</ele>
   </trkpt>
   <trkpt lat="-7.6354530" lon="111.1578730">
    <ele>1853.5</ele>
   </trkpt>
   <trkpt lat="-7.6354600" lon="111.1579140">
    <ele>1853.4</ele>
   </trkpt>
   <trkpt lat="-7.6354500" lon="111.1579750">
    <ele>1855.9</ele>
   </trkpt>
   <trkpt lat="-7.6354530" lon="111.1580160">
    <ele>1856.9</ele>
   </trkpt>
   <trkpt lat="-7.6354650" lon="111.1580770">
    <ele>1856.1</ele>
   </trkpt>
   <trkpt lat="-7.6354920" lon="111.1581290">
    <ele>1856.7</ele>
   </trkpt>
   <trkpt lat="-7.6355160" lon="111.1581800">
    <ele>1855.6</ele>
   </trkpt>
   <trkpt lat="-7.6356120" lon="111.1586000">
    <ele>1860.1</ele>
   </trkpt>
   <trkpt lat="-7.6356220" lon="111.1586410">
    <ele>1861.2</ele>
   </trkpt>
   <trkpt lat="-7.6356380" lon="111.1587020">
    <ele>1861.7</ele>
   </trkpt>
   <trkpt lat="-7.6356490" lon="111.1589070">
    <ele>1867.8</ele>
   </trkpt>
   <trkpt lat="-7.6356360" lon="111.1589480">
    <ele>1869.2</ele>
   </trkpt>
   <trkpt lat="-7.6356280" lon="111.1590600">
    <ele>1871.8</ele>
   </trkpt>
   <trkpt lat="-7.6356190" lon="111.1591120">
    <ele>1875.4</ele>
   </trkpt>
   <trkpt lat="-7.6355940" lon="111.1592450">
    <ele>1878.7</ele>
   </trkpt>
   <trkpt lat="-7.6355550" lon="111.1592860">
    <ele>1880.4</ele>
   </trkpt>
   <trkpt lat="-7.6356400" lon="111.1594600">
    <ele>1884.7</ele>
   </trkpt>
   <trkpt lat="-7.6356100" lon="111.1596440">
    <ele>1894.1</ele>
   </trkpt>
   <trkpt lat="-7.6354820" lon="111.1598080">
    <ele>1905.1</ele>
   </trkpt>
   <trkpt lat="-7.6355710" lon="111.1601460">
    <ele>1916.0</ele>
   </trkpt>
   <trkpt lat="-7.6356100" lon="111.1603710">
    <ele>1923.7</ele>
   </trkpt>
   <trkpt lat="-7.6356090" lon="111.1603710">
    <ele>1923.7</ele>
   </trkpt>
   <trkpt lat="-7.6355640" lon="111.1604430">
    <ele>1929.1</ele>
   </trkpt>
   <trkpt lat="-7.6354820" lon="111.1604940">
    <ele>1934.1</ele>
   </trkpt>
   <trkpt lat="-7.6355070" lon="111.1605350">
    <ele>1934.4</ele>
   </trkpt>
   <trkpt lat="-7.6355430" lon="111.1605760">
    <ele>1934.3</ele>
   </trkpt>
   <trkpt lat="-7.6355530" lon="111.1607090">
    <ele>1939.4</ele>
   </trkpt>
   <trkpt lat="-7.6353380" lon="111.1610470">
    <ele>1961.1</ele>
   </trkpt>
   <trkpt lat="-7.6351620" lon="111.1619990">
    <ele>1982.7</ele>
   </trkpt>
   <trkpt lat="-7.6351440" lon="111.1620610">
    <ele>1984.2</ele>
   </trkpt>
   <trkpt lat="-7.6351310" lon="111.1621120">
    <ele>1984.5</ele>
   </trkpt>
   <trkpt lat="-7.6348650" lon="111.1627260">
    <ele>2004.9</ele>
   </trkpt>
   <trkpt lat="-7.6348800" lon="111.1627780">
    <ele>2005.7</ele>
   </trkpt>
   <trkpt lat="-7.6348810" lon="111.1628390">
    <ele>2006.5</ele>
   </trkpt>
   <trkpt lat="-7.6348870" lon="111.1628900">
    <ele>2007.9</ele>
   </trkpt>
   <trkpt lat="-7.6348780" lon="111.1629930">
    <ele>2009.4</ele>
   </trkpt>
   <trkpt lat="-7.6348510" lon="111.1630540">
    <ele>2011.3</ele>
   </trkpt>
   <trkpt lat="-7.6347750" lon="111.1631670">
    <ele>2015.0</ele>
   </trkpt>
   <trkpt lat="-7.6347550" lon="111.1632690">
    <ele>2015.7</ele>
   </trkpt>
   <trkpt lat="-7.6347780" lon="111.1634020">
    <ele>2016.1</ele>
   </trkpt>
   <trkpt lat="-7.6347780" lon="111.1634640">
    <ele>2016.5</ele>
   </trkpt>
   <trkpt lat="-7.6347690" lon="111.1635560">
    <ele>2019.7</ele>
   </trkpt>
   <trkpt lat="-7.6347720" lon="111.1635970">
    <ele>2020.6</ele>
   </trkpt>
   <trkpt lat="-7.6347450" lon="111.1636480">
    <ele>2021.5</ele>
   </trkpt>
   <trkpt lat="-7.6347090" lon="111.1636790">
    <ele>2024.1</ele>
   </trkpt>
   <trkpt lat="-7.6346800" lon="111.1637400">
    <ele>2026.8</ele>
   </trkpt>
   <trkpt lat="-7.6346730" lon="111.1637910">
    <ele>2028.4</ele>
   </trkpt>
   <trkpt lat="-7.6346570" lon="111.1638430">
    <ele>2029.1</ele>
   </trkpt>
   <trkpt lat="-7.6346190" lon="111.1638840">
    <ele>2031.7</ele>
   </trkpt>
   <trkpt lat="-7.6345760" lon="111.1639240">
    <ele>2034.3</ele>
   </trkpt>
   <trkpt lat="-7.6345560" lon="111.1639860">
    <ele>2036.9</ele>
   </trkpt>
   <trkpt lat="-7.6344720" lon="111.1644060">
    <ele>2044.8</ele>
   </trkpt>
   <trkpt lat="-7.6344680" lon="111.1644570">
    <ele>2045.6</ele>
   </trkpt>
   <trkpt lat="-7.6344600" lon="111.1645390">
    <ele>2047.4</ele>
   </trkpt>
   <trkpt lat="-7.6343630" lon="111.1648050">
    <ele>2057.2</ele>
   </trkpt>
   <trkpt lat="-7.6343530" lon="111.1649380">
    <ele>2061.5</ele>
   </trkpt>
   <trkpt lat="-7.6343400" lon="111.1649890">
    <ele>2064.4</ele>
   </trkpt>
   <trkpt lat="-7.6342830" lon="111.1651120">
    <ele>2068.5</ele>
   </trkpt>
   <trkpt lat="-7.6342440" lon="111.1651840">
    <ele>2071.0</ele>
   </trkpt>
   <trkpt lat="-7.6342640" lon="111.1652860">
    <ele>2072.5</ele>
   </trkpt>
   <trkpt lat="-7.6342330" lon="111.1653990">
    <ele>2075.0</ele>
   </trkpt>
   <trkpt lat="-7.6341970" lon="111.1654400">
    <ele>2076.6</ele>
   </trkpt>
   <trkpt lat="-7.6341930" lon="111.1659830">
    <ele>2088.9</ele>
   </trkpt>
   <trkpt lat="-7.6341150" lon="111.1663310">
    <ele>2107.6</ele>
   </trkpt>
   <trkpt lat="-7.6340920" lon="111.1663820">
    <ele>2111.0</ele>
   </trkpt>
   <trkpt lat="-7.6341020" lon="111.1664230">
    <ele>2111.0</ele>
   </trkpt>
   <trkpt lat="-7.6341070" lon="111.1664840">
    <ele>2112.7</ele>
   </trkpt>
   <trkpt lat="-7.6341250" lon="111.1666790">
    <ele>2120.3</ele>
   </trkpt>
   <trkpt lat="-7.6341090" lon="111.1667300">
    <ele>2121.4</ele>
   </trkpt>
   <trkpt lat="-7.6341040" lon="111.1669760">
    <ele>2126.9</ele>
   </trkpt>
   <trkpt lat="-7.6340720" lon="111.1677240">
    <ele>2139.1</ele>
   </trkpt>
   <trkpt lat="-7.6340620" lon="111.1678260">
    <ele>2142.6</ele>
   </trkpt>
   <trkpt lat="-7.6340640" lon="111.1678770">
    <ele>2144.1</ele>
   </trkpt>
   <trkpt lat="-7.6340620" lon="111.1679280">
    <ele>2145.5</ele>
   </trkpt>
   <trkpt lat="-7.6340600" lon="111.1679800">
    <ele>2146.9</ele>
   </trkpt>
   <trkpt lat="-7.6339860" lon="111.1682250">
    <ele>2153.6</ele>
   </trkpt>
   <trkpt lat="-7.6339400" lon="111.1683280">
    <ele>2156.2</ele>
   </trkpt>
   <trkpt lat="-7.6339410" lon="111.1683580">
    <ele>2157.2</ele>
   </trkpt>
   <trkpt lat="-7.6339330" lon="111.1684100">
    <ele>2158.4</ele>
   </trkpt>
   <trkpt lat="-7.6339100" lon="111.1684710">
    <ele>2162.0</ele>
   </trkpt>
   <trkpt lat="-7.6336700" lon="111.1691160">
    <ele>2183.1</ele>
   </trkpt>
   <trkpt lat="-7.6334840" lon="111.1694750">
    <ele>2195.0</ele>
   </trkpt>
   <trkpt lat="-7.6333850" lon="111.1696590">
    <ele>2197.6</ele>
   </trkpt>
   <trkpt lat="-7.6333460" lon="111.1697510">
    <ele>2199.2</ele>
   </trkpt>
   <trkpt lat="-7.6329980" lon="111.1702530">
    <ele>2224.2</ele>
   </trkpt>
   <trkpt lat="-7.6327350" lon="111.1705600">
    <ele>2243.1</ele>
   </trkpt>
   <trkpt lat="-7.6323650" lon="111.1710310">
    <ele>2284.6</ele>
   </trkpt>
   <trkpt lat="-7.6323510" lon="111.1710920">
    <ele>2290.4</ele>
   </trkpt>
   <trkpt lat="-7.6324220" lon="111.1711850">
    <ele>2288.9</ele>
   </trkpt>
   <trkpt lat="-7.6320700" lon="111.1716660">
    <ele>2324.7</ele>
   </trkpt>
   <trkpt lat="-7.6320220" lon="111.1716450">
    <ele>2326.0</ele>
   </trkpt>
   <trkpt lat="-7.6321640" lon="111.1719010">
    <ele>2335.5</ele>
   </trkpt>
   <trkpt lat="-7.6321290" lon="111.1719010">
    <ele>2336.7</ele>
   </trkpt>
   <trkpt lat="-7.6320780" lon="111.1718810">
    <ele>2335.2</ele>
   </trkpt>
   <trkpt lat="-7.6319420" lon="111.1719010">
    <ele>2340.6</ele>
   </trkpt>
   <trkpt lat="-7.6317440" lon="111.1719320">
    <ele>2344.9</ele>
   </trkpt>
   <trkpt lat="-7.6316890" lon="111.1719630">
    <ele>2348.7</ele>
   </trkpt>
   <trkpt lat="-7.6316550" lon="111.1719940">
    <ele>2352.9</ele>
   </trkpt>
   <trkpt lat="-7.6314320" lon="111.1721270">
    <ele>2361.1</ele>
   </trkpt>
   <trkpt lat="-7.6316380" lon="111.1723110">
    <ele>2377.0</ele>
   </trkpt>
   <trkpt lat="-7.6316930" lon="111.1723520">
    <ele>2380.0</ele>
   </trkpt>
   <trkpt lat="-7.6318100" lon="111.1728440">
    <ele>2401.0</ele>
   </trkpt>
   <trkpt lat="-7.6317110" lon="111.1728640">
    <ele>2402.0</ele>
   </trkpt>
   <trkpt lat="-7.6317550" lon="111.1733660">
    <ele>2431.0</ele>
   </trkpt>
   <trkpt lat="-7.6318690" lon="111.1736320">
    <ele>2438.7</ele>
   </trkpt>
   <trkpt lat="-7.6318660" lon="111.1736930">
    <ele>2440.5</ele>
   </trkpt>
   <trkpt lat="-7.6318460" lon="111.1737340">
    <ele>2442.2</ele>
   </trkpt>
   <trkpt lat="-7.6318160" lon="111.1737960">
    <ele>2446.3</ele>
   </trkpt>
   <trkpt lat="-7.6317950" lon="111.1738470">
    <ele>2448.6</ele>
   </trkpt>
   <trkpt lat="-7.6317590" lon="111.1738880">
    <ele>2450.0</ele>
   </trkpt>
   <trkpt lat="-7.6317210" lon="111.1739080">
    <ele>2450.7</ele>
   </trkpt>
   <trkpt lat="-7.6316810" lon="111.1739700">
    <ele>2453.5</ele>
   </trkpt>
   <trkpt lat="-7.6316040" lon="111.1740310">
    <ele>2455.1</ele>
   </trkpt>
   <trkpt lat="-7.6315740" lon="111.1740620">
    <ele>2456.0</ele>
   </trkpt>
   <trkpt lat="-7.6315420" lon="111.1741130">
    <ele>2456.7</ele>
   </trkpt>
   <trkpt lat="-7.6313230" lon="111.1746150">
    <ele>2468.1</ele>
   </trkpt>
   <trkpt lat="-7.6312860" lon="111.1746870">
    <ele>2469.8</ele>
   </trkpt>
   <trkpt lat="-7.6312340" lon="111.1746870">
    <ele>2469.9</ele>
   </trkpt>
   <trkpt lat="-7.6310640" lon="111.1748710">
    <ele>2482.1</ele>
   </trkpt>
   <trkpt lat="-7.6310430" lon="111.1750550">
    <ele>2491.7</ele>
   </trkpt>
   <trkpt lat="-7.6310820" lon="111.1750760">
    <ele>2494.3</ele>
   </trkpt>
   <trkpt lat="-7.6310520" lon="111.1751680">
    <ele>2500.0</ele>
   </trkpt>
   <trkpt lat="-7.6309720" lon="111.1754650">
    <ele>2514.6</ele>
   </trkpt>
   <trkpt lat="-7.6309670" lon="111.1756900">
    <ele>2522.9</ele>
   </trkpt>
   <trkpt lat="-7.6309380" lon="111.1758640">
    <ele>2530.0</ele>
   </trkpt>
   <trkpt lat="-7.6308930" lon="111.1758850">
    <ele>2530.8</ele>
   </trkpt>
   <trkpt lat="-7.6309150" lon="111.1759360">
    <ele>2535.4</ele>
   </trkpt>
   <trkpt lat="-7.6307330" lon="111.1759460">
    <ele>2541.5</ele>
   </trkpt>
   <trkpt lat="-7.6304160" lon="111.1760080">
    <ele>2550.4</ele>
   </trkpt>
   <trkpt lat="-7.6303210" lon="111.1760900">
    <ele>2557.9</ele>
   </trkpt>
   <trkpt lat="-7.6302600" lon="111.1761200">
    <ele>2564.8</ele>
   </trkpt>
   <trkpt lat="-7.6302590" lon="111.1762020">
    <ele>2570.7</ele>
   </trkpt>
   <trkpt lat="-7.6302830" lon="111.1762430">
    <ele>2571.9</ele>
   </trkpt>
   <trkpt lat="-7.6303450" lon="111.1763560">
    <ele>2576.9</ele>
   </trkpt>
   <trkpt lat="-7.6303240" lon="111.1763870">
    <ele>2579.8</ele>
   </trkpt>
   <trkpt lat="-7.6302710" lon="111.1765400">
    <ele>2590.2</ele>
   </trkpt>
   <trkpt lat="-7.6302280" lon="111.1765810">
    <ele>2592.1</ele>
   </trkpt>
   <trkpt lat="-7.6302110" lon="111.1766320">
    <ele>2593.1</ele>
   </trkpt>
   <trkpt lat="-7.6302020" lon="111.1767140">
    <ele>2595.9</ele>
   </trkpt>
   <trkpt lat="-7.6299660" lon="111.1771650">
    <ele>2615.0</ele>
   </trkpt>
   <trkpt lat="-7.6302770" lon="111.1771440">
    <ele>2621.6</ele>
   </trkpt>
   <trkpt lat="-7.6303290" lon="111.1771550">
    <ele>2620.9</ele>
   </trkpt>
   <trkpt lat="-7.6303960" lon="111.1772470">
    <ele>2624.6</ele>
   </trkpt>
   <trkpt lat="-7.6303860" lon="111.1772770">
    <ele>2628.6</ele>
   </trkpt>
   <trkpt lat="-7.6302710" lon="111.1773800">
    <ele>2635.3</ele>
   </trkpt>
   <trkpt lat="-7.6302670" lon="111.1776260">
    <ele>2644.4</ele>
   </trkpt>
   <trkpt lat="-7.6301810" lon="111.1779120">
    <ele>2654.1</ele>
   </trkpt>
   <trkpt lat="-7.6301730" lon="111.1779530">
    <ele>2655.2</ele>
   </trkpt>
   <trkpt lat="-7.6300060" lon="111.1782500">
    <ele>2663.2</ele>
   </trkpt>
   <trkpt lat="-7.6299940" lon="111.1783010">
    <ele>2665.6</ele>
   </trkpt>
   <trkpt lat="-7.6299900" lon="111.1783530">
    <ele>2666.2</ele>
   </trkpt>
   <trkpt lat="-7.6299990" lon="111.1783940">
    <ele>2666.6</ele>
   </trkpt>
   <trkpt lat="-7.6300270" lon="111.1784450">
    <ele>2666.1</ele>
   </trkpt>
   <trkpt lat="-7.6300680" lon="111.1785270">
    <ele>2665.7</ele>
   </trkpt>
   <trkpt lat="-7.6300790" lon="111.1785780">
    <ele>2666.1</ele>
   </trkpt>
   <trkpt lat="-7.6300790" lon="111.1786390">
    <ele>2667.6</ele>
   </trkpt>
   <trkpt lat="-7.6300670" lon="111.1786910">
    <ele>2668.8</ele>
   </trkpt>
   <trkpt lat="-7.6300630" lon="111.1787720">
    <ele>2671.5</ele>
   </trkpt>
   <trkpt lat="-7.6299880" lon="111.1789360">
    <ele>2677.2</ele>
   </trkpt>
   <trkpt lat="-7.6298750" lon="111.1795000">
    <ele>2703.9</ele>
   </trkpt>
   <trkpt lat="-7.6298480" lon="111.1795300">
    <ele>2704.0</ele>
   </trkpt>
   <trkpt lat="-7.6299000" lon="111.1799710">
    <ele>2729.8</ele>
   </trkpt>
   <trkpt lat="-7.6299260" lon="111.1800420">
    <ele>2732.5</ele>
   </trkpt>
   <trkpt lat="-7.6300200" lon="111.1801040">
    <ele>2734.8</ele>
   </trkpt>
   <trkpt lat="-7.6300540" lon="111.1801550">
    <ele>2737.5</ele>
   </trkpt>
   <trkpt lat="-7.6299100" lon="111.1801240">
    <ele>2738.3</ele>
   </trkpt>
   <trkpt lat="-7.6298700" lon="111.1801550">
    <ele>2742.2</ele>
   </trkpt>
   <trkpt lat="-7.6300910" lon="111.1803080">
    <ele>2743.6</ele>
   </trkpt>
   <trkpt lat="-7.6301210" lon="111.1803490">
    <ele>2745.0</ele>
   </trkpt>
   <trkpt lat="-7.6301430" lon="111.1803700">
    <ele>2746.6</ele>
   </trkpt>
   <trkpt lat="-7.6301020" lon="111.1803490">
    <ele>2745.1</ele>
   </trkpt>
   <trkpt lat="-7.6300330" lon="111.1803490">
    <ele>2747.5</ele>
   </trkpt>
   <trkpt lat="-7.6299790" lon="111.1803390">
    <ele>2748.7</ele>
   </trkpt>
   <trkpt lat="-7.6299270" lon="111.1803600">
    <ele>2752.7</ele>
   </trkpt>
   <trkpt lat="-7.6299350" lon="111.1804010">
    <ele>2755.6</ele>
   </trkpt>
   <trkpt lat="-7.6299940" lon="111.1804010">
    <ele>2754.4</ele>
   </trkpt>
   <trkpt lat="-7.6298600" lon="111.1804620">
    <ele>2761.1</ele>
   </trkpt>
   <trkpt lat="-7.6299650" lon="111.1805240">
    <ele>2761.4</ele>
   </trkpt>
   <trkpt lat="-7.6300130" lon="111.1805440">
    <ele>2762.2</ele>
   </trkpt>
   <trkpt lat="-7.6300530" lon="111.1805750">
    <ele>2764.8</ele>
   </trkpt>
   <trkpt lat="-7.6300280" lon="111.1805850">
    <ele>2764.8</ele>
   </trkpt>
   <trkpt lat="-7.6298620" lon="111.1805950">
    <ele>2768.0</ele>
   </trkpt>
   <trkpt lat="-7.6298150" lon="111.1805950">
    <ele>2768.7</ele>
   </trkpt>
   <trkpt lat="-7.6297620" lon="111.1806160">
    <ele>2770.6</ele>
   </trkpt>
   <trkpt lat="-7.6297110" lon="111.1806360">
    <ele>2770.0</ele>
   </trkpt>
   <trkpt lat="-7.6298850" lon="111.1808510">
    <ele>2778.4</ele>
   </trkpt>
   <trkpt lat="-7.6297980" lon="111.1810250">
    <ele>2788.2</ele>
   </trkpt>
   <trkpt lat="-7.6298840" lon="111.1811990">
    <ele>2801.1</ele>
   </trkpt>
   <trkpt lat="-7.6299350" lon="111.1815270">
    <ele>2823.4</ele>
   </trkpt>
   <trkpt lat="-7.6301180" lon="111.1817220">
    <ele>2830.1</ele>
   </trkpt>
   <trkpt lat="-7.6302440" lon="111.1817420">
    <ele>2831.1</ele>
   </trkpt>
   <trkpt lat="-7.6303030" lon="111.1818040">
    <ele>2832.2</ele>
   </trkpt>
   <trkpt lat="-7.6303480" lon="111.1818040">
    <ele>2832.2</ele>
   </trkpt>
   <trkpt lat="-7.6304320" lon="111.1818650">
    <ele>2835.0</ele>
   </trkpt>
   <trkpt lat="-7.6304780" lon="111.1818960">
    <ele>2835.2</ele>
   </trkpt>
   <trkpt lat="-7.6305220" lon="111.1819160">
    <ele>2836.7</ele>
   </trkpt>
   <trkpt lat="-7.6307300" lon="111.1821720">
    <ele>2850.4</ele>
   </trkpt>
   <trkpt lat="-7.6308940" lon="111.1822540">
    <ele>2859.7</ele>
   </trkpt>
   <trkpt lat="-7.6308580" lon="111.1825510">
    <ele>2879.3</ele>
   </trkpt>
   <trkpt lat="-7.6309090" lon="111.1825610">
    <ele>2880.7</ele>
   </trkpt>
   <trkpt lat="-7.6309640" lon="111.1825610">
    <ele>2881.1</ele>
   </trkpt>
   <trkpt lat="-7.6310360" lon="111.1825610">
    <ele>2881.6</ele>
   </trkpt>
   <trkpt lat="-7.6311230" lon="111.1825820">
    <ele>2882.3</ele>
   </trkpt>
   <trkpt lat="-7.6311370" lon="111.1831450">
    <ele>2915.8</ele>
   </trkpt>
   <trkpt lat="-7.6311450" lon="111.1831760">
    <ele>2915.8</ele>
   </trkpt>
   <trkpt lat="-7.6316900" lon="111.1836160">
    <ele>2962.6</ele>
   </trkpt>
   <trkpt lat="-7.6316470" lon="111.1837490">
    <ele>2970.2</ele>
   </trkpt>
   <trkpt lat="-7.6315940" lon="111.1838110">
    <ele>2972.3</ele>
   </trkpt>
   <trkpt lat="-7.6312430" lon="111.1841690">
    <ele>2984.9</ele>
   </trkpt>
   <trkpt lat="-7.6312000" lon="111.1842100">
    <ele>2986.0</ele>
   </trkpt>
   <trkpt lat="-7.6311540" lon="111.1842510">
    <ele>2986.9</ele>
   </trkpt>
   <trkpt lat="-7.6311090" lon="111.1842820">
    <ele>2987.4</ele>
   </trkpt>
   <trkpt lat="-7.6310700" lon="111.1843230">
    <ele>2987.7</ele>
   </trkpt>
   <trkpt lat="-7.6310380" lon="111.1843640">
    <ele>2988.9</ele>
   </trkpt>
   <trkpt lat="-7.6310070" lon="111.1844150">
    <ele>2989.5</ele>
   </trkpt>
   <trkpt lat="-7.6309480" lon="111.1844760">
    <ele>2991.4</ele>
   </trkpt>
   <trkpt lat="-7.6309140" lon="111.1845270">
    <ele>2991.7</ele>
   </trkpt>
   <trkpt lat="-7.6308420" lon="111.1846400">
    <ele>2991.8</ele>
   </trkpt>
   <trkpt lat="-7.6307850" lon="111.1847120">
    <ele>2992.9</ele>
   </trkpt>
   <trkpt lat="-7.6307530" lon="111.1847630">
    <ele>2992.3</ele>
   </trkpt>
   <trkpt lat="-7.6307260" lon="111.1848040">
    <ele>2991.4</ele>
   </trkpt>
   <trkpt lat="-7.6306920" lon="111.1848550">
    <ele>2990.4</ele>
   </trkpt>
   <trkpt lat="-7.6306620" lon="111.1848860">
    <ele>2991.7</ele>
   </trkpt>
   <trkpt lat="-7.6306200" lon="111.1849270">
    <ele>2990.6</ele>
   </trkpt>
   <trkpt lat="-7.6305960" lon="111.1849780">
    <ele>2989.7</ele>
   </trkpt>
   <trkpt lat="-7.6305680" lon="111.1850290">
    <ele>2991.2</ele>
   </trkpt>
   <trkpt lat="-7.6305360" lon="111.1850800">
    <ele>2992.2</ele>
   </trkpt>
   <trkpt lat="-7.6304990" lon="111.1851320">
    <ele>2992.0</ele>
   </trkpt>
   <trkpt lat="-7.6304670" lon="111.1851620">
    <ele>2992.4</ele>
   </trkpt>
   <trkpt lat="-7.6304320" lon="111.1852030">
    <ele>2993.7</ele>
   </trkpt>
   <trkpt lat="-7.6303580" lon="111.1852540">
    <ele>2995.6</ele>
   </trkpt>
   <trkpt lat="-7.6303200" lon="111.1852750">
    <ele>2995.2</ele>
   </trkpt>
   <trkpt lat="-7.6302770" lon="111.1853060">
    <ele>2997.8</ele>
   </trkpt>
   <trkpt lat="-7.6302300" lon="111.1853360">
    <ele>3000.6</ele>
   </trkpt>
   <trkpt lat="-7.6302000" lon="111.1853770">
    <ele>3003.6</ele>
   </trkpt>
   <trkpt lat="-7.6301710" lon="111.1854280">
    <ele>3006.3</ele>
   </trkpt>
   <trkpt lat="-7.6301630" lon="111.1854900">
    <ele>3008.7</ele>
   </trkpt>
   <trkpt lat="-7.6301700" lon="111.1855510">
    <ele>3012.5</ele>
   </trkpt>
   <trkpt lat="-7.6297880" lon="111.1857050">
    <ele>3013.2</ele>
   </trkpt>
   <trkpt lat="-7.6296690" lon="111.1858180">
    <ele>3017.2</ele>
   </trkpt>
   <trkpt lat="-7.6296260" lon="111.1858690">
    <ele>3018.3</ele>
   </trkpt>
   <trkpt lat="-7.6295870" lon="111.1859000">
    <ele>3019.7</ele>
   </trkpt>
   <trkpt lat="-7.6295580" lon="111.1859400">
    <ele>3020.6</ele>
   </trkpt>
   <trkpt lat="-7.6295180" lon="111.1859610">
    <ele>3020.2</ele>
   </trkpt>
   <trkpt lat="-7.6294740" lon="111.1859300">
    <ele>3018.4</ele>
   </trkpt>
   <trkpt lat="-7.6294290" lon="111.1858890">
    <ele>3016.4</ele>
   </trkpt>
   <trkpt lat="-7.6293880" lon="111.1858690">
    <ele>3016.3</ele>
   </trkpt>
   <trkpt lat="-7.6293330" lon="111.1858690">
    <ele>3016.4</ele>
   </trkpt>
   <trkpt lat="-7.6292810" lon="111.1858790">
    <ele>3016.9</ele>
   </trkpt>
   <trkpt lat="-7.6292240" lon="111.1858790">
    <ele>3017.2</ele>
   </trkpt>
   <trkpt lat="-7.6291690" lon="111.1858890">
    <ele>3017.4</ele>
   </trkpt>
   <trkpt lat="-7.6288100" lon="111.1859920">
    <ele>3021.2</ele>
   </trkpt>
   <trkpt lat="-7.6287740" lon="111.1860330">
    <ele>3022.5</ele>
   </trkpt>
   <trkpt lat="-7.6287560" lon="111.1860840">
    <ele>3024.9</ele>
   </trkpt>
   <trkpt lat="-7.6289860" lon="111.1864220">
    <ele>3047.9</ele>
   </trkpt>
   <trkpt lat="-7.6290270" lon="111.1864630">
    <ele>3050.4</ele>
   </trkpt>
   <trkpt lat="-7.6291970" lon="111.1867600">
    <ele>3068.5</ele>
   </trkpt>
   <trkpt lat="-7.6294030" lon="111.1867490">
    <ele>3070.0</ele>
   </trkpt>
   <trkpt lat="-7.6294550" lon="111.1867600">
    <ele>3070.6</ele>
   </trkpt>
   <trkpt lat="-7.6295100" lon="111.1867800">
    <ele>3072.2</ele>
   </trkpt>
   <trkpt lat="-7.6297600" lon="111.1868110">
    <ele>3077.8</ele>
   </trkpt>
   <trkpt lat="-7.6297230" lon="111.1868830">
    <ele>3080.5</ele>
   </trkpt>
   <trkpt lat="-7.6296710" lon="111.1869030">
    <ele>3079.6</ele>
   </trkpt>
   <trkpt lat="-7.6296150" lon="111.1869030">
    <ele>3079.1</ele>
   </trkpt>
   <trkpt lat="-7.6295340" lon="111.1869640">
    <ele>3081.6</ele>
   </trkpt>
   <trkpt lat="-7.6294850" lon="111.1869850">
    <ele>3081.2</ele>
   </trkpt>
   <trkpt lat="-7.6294290" lon="111.1870050">
    <ele>3080.8</ele>
   </trkpt>
   <trkpt lat="-7.6296010" lon="111.1875990">
    <ele>3111.8</ele>
   </trkpt>
   <trkpt lat="-7.6296130" lon="111.1876610">
    <ele>3113.0</ele>
   </trkpt>
   <trkpt lat="-7.6296160" lon="111.1877120">
    <ele>3113.2</ele>
   </trkpt>
   <trkpt lat="-7.6296220" lon="111.1877730">
    <ele>3113.2</ele>
   </trkpt>
   <trkpt lat="-7.6296360" lon="111.1878250">
    <ele>3114.7</ele>
   </trkpt>
   <trkpt lat="-7.6296440" lon="111.1878860">
    <ele>3114.3</ele>
   </trkpt>
   <trkpt lat="-7.6296490" lon="111.1879270">
    <ele>3113.7</ele>
   </trkpt>
   <trkpt lat="-7.6296560" lon="111.1879880">
    <ele>3113.0</ele>
   </trkpt>
   <trkpt lat="-7.6296660" lon="111.1880500">
    <ele>3111.2</ele>
   </trkpt>
   <trkpt lat="-7.6296670" lon="111.1881010">
    <ele>3110.0</ele>
   </trkpt>
   <trkpt lat="-7.6296610" lon="111.1881520">
    <ele>3108.8</ele>
   </trkpt>
   <trkpt lat="-7.6296440" lon="111.1882140">
    <ele>3109.5</ele>
   </trkpt>
   <trkpt lat="-7.6296280" lon="111.1882650">
    <ele>3110.1</ele>
   </trkpt>
   <trkpt lat="-7.6296040" lon="111.1883160">
    <ele>3110.7</ele>
   </trkpt>
   <trkpt lat="-7.6295900" lon="111.1883570">
    <ele>3111.2</ele>
   </trkpt>
   <trkpt lat="-7.6295620" lon="111.1884600">
    <ele>3112.4</ele>
   </trkpt>
   <trkpt lat="-7.6295590" lon="111.1885110">
    <ele>3113.0</ele>
   </trkpt>
   <trkpt lat="-7.6295760" lon="111.1885620">
    <ele>3113.6</ele>
   </trkpt>
   <trkpt lat="-7.6295990" lon="111.1886130">
    <ele>3114.2</ele>
   </trkpt>
   <trkpt lat="-7.6296220" lon="111.1886640">
    <ele>3114.8</ele>
   </trkpt>
   <trkpt lat="-7.6296350" lon="111.1887260">
    <ele>3115.5</ele>
   </trkpt>
   <trkpt lat="-7.6296520" lon="111.1887770">
    <ele>3116.1</ele>
   </trkpt>
   <trkpt lat="-7.6296650" lon="111.1888280">
    <ele>3116.7</ele>
   </trkpt>
   <trkpt lat="-7.6296810" lon="111.1889000">
    <ele>3117.5</ele>
   </trkpt>
   <trkpt lat="-7.6296900" lon="111.1889410">
    <ele>3118.0</ele>
   </trkpt>
   <trkpt lat="-7.6296930" lon="111.1890020">
    <ele>3118.7</ele>
   </trkpt>
   <trkpt lat="-7.6296890" lon="111.1890640">
    <ele>3119.4</ele>
   </trkpt>
   <trkpt lat="-7.6296790" lon="111.1891150">
    <ele>3120.0</ele>
   </trkpt>
   <trkpt lat="-7.6296680" lon="111.1891660">
    <ele>3120.5</ele>
   </trkpt>
   <trkpt lat="-7.6296480" lon="111.1892280">
    <ele>3121.3</ele>
   </trkpt>
   <trkpt lat="-7.6296310" lon="111.1892580">
    <ele>3121.7</ele>
   </trkpt>
   <trkpt lat="-7.6296180" lon="111.1893200">
    <ele>3122.4</ele>
   </trkpt>
   <trkpt lat="-7.6296060" lon="111.1893710">
    <ele>3122.9</ele>
   </trkpt>
   <trkpt lat="-7.6295800" lon="111.1894220">
    <ele>3123.6</ele>
   </trkpt>
   <trkpt lat="-7.6295450" lon="111.1894630">
    <ele>3124.2</ele>
   </trkpt>
   <trkpt lat="-7.6295080" lon="111.1895040">
    <ele>3124.8</ele>
   </trkpt>
   <trkpt lat="-7.6294760" lon="111.1895450">
    <ele>3125.4</ele>
   </trkpt>
   <trkpt lat="-7.6294370" lon="111.1895760">
    <ele>3125.9</ele>
   </trkpt>
   <trkpt lat="-7.6293870" lon="111.1896170">
    <ele>3126.7</ele>
   </trkpt>
   <trkpt lat="-7.6288330" lon="111.1897090">
    <ele>3133.0</ele>
   </trkpt>
   <trkpt lat="-7.6287070" lon="111.1898320">
    <ele>3135.0</ele>
   </trkpt>
   <trkpt lat="-7.6286550" lon="111.1898520">
    <ele>3135.6</ele>
   </trkpt>
   <trkpt lat="-7.6286060" lon="111.1898930">
    <ele>3136.3</ele>
   </trkpt>
   <trkpt lat="-7.6285680" lon="111.1899140">
    <ele>3136.8</ele>
   </trkpt>
   <trkpt lat="-7.6285290" lon="111.1899440">
    <ele>3137.3</ele>
   </trkpt>
   <trkpt lat="-7.6284970" lon="111.1899960">
    <ele>3138.0</ele>
   </trkpt>
   <trkpt lat="-7.6284740" lon="111.1900360">
    <ele>3138.5</ele>
   </trkpt>
   <trkpt lat="-7.6284340" lon="111.1900880">
    <ele>3139.3</ele>
   </trkpt>
   <trkpt lat="-7.6283990" lon="111.1901180">
    <ele>3139.8</ele>
   </trkpt>
   <trkpt lat="-7.6283670" lon="111.1901590">
    <ele>3140.4</ele>
   </trkpt>
   <trkpt lat="-7.6283140" lon="111.1901900">
    <ele>3141.1</ele>
   </trkpt>
   <trkpt lat="-7.6282690" lon="111.1902210">
    <ele>3141.7</ele>
   </trkpt>
   <trkpt lat="-7.6282210" lon="111.1902520">
    <ele>3142.3</ele>
   </trkpt>
   <trkpt lat="-7.6281790" lon="111.1902820">
    <ele>3142.9</ele>
   </trkpt>
   <trkpt lat="-7.6281290" lon="111.1903130">
    <ele>3143.6</ele>
   </trkpt>
   <trkpt lat="-7.6280830" lon="111.1903540">
    <ele>3144.2</ele>
   </trkpt>
   <trkpt lat="-7.6280330" lon="111.1903850">
    <ele>3144.9</ele>
   </trkpt>
   <trkpt lat="-7.6279900" lon="111.1904150">
    <ele>3145.5</ele>
   </trkpt>
   <trkpt lat="-7.6279420" lon="111.1904460">
    <ele>3146.1</ele>
   </trkpt>
   <trkpt lat="-7.6278880" lon="111.1904670">
    <ele>3146.8</ele>
   </trkpt>
   <trkpt lat="-7.6278430" lon="111.1904870">
    <ele>3147.3</ele>
   </trkpt>
   <trkpt lat="-7.6277980" lon="111.1905180">
    <ele>3147.9</ele>
   </trkpt>
   <trkpt lat="-7.6277600" lon="111.1905480">
    <ele>3148.5</ele>
   </trkpt>
   <trkpt lat="-7.6277140" lon="111.1905890">
    <ele>3149.2</ele>
   </trkpt>
   <trkpt lat="-7.6276070" lon="111.1907020">
    <ele>3150.9</ele>
   </trkpt>
   <trkpt lat="-7.6275660" lon="111.1907530">
    <ele>3151.7</ele>
   </trkpt>
   <trkpt lat="-7.6275290" lon="111.1908040">
    <ele>3152.4</ele>
   </trkpt>
   <trkpt lat="-7.6273860" lon="111.1909270">
    <ele>3154.5</ele>
   </trkpt>
   <trkpt lat="-7.6272460" lon="111.1909580">
    <ele>3156.1</ele>
   </trkpt>
   <trkpt lat="-7.6271140" lon="111.1910710">
    <ele>3158.0</ele>
   </trkpt>
   <trkpt lat="-7.6270910" lon="111.1911220">
    <ele>3158.7</ele>
   </trkpt>
   <trkpt lat="-7.6270760" lon="111.1911730">
    <ele>3159.2</ele>
   </trkpt>
   <trkpt lat="-7.6270440" lon="111.1912240">
    <ele>3159.9</ele>
   </trkpt>
   <trkpt lat="-7.6269990" lon="111.1912650">
    <ele>3160.6</ele>
   </trkpt>
   <trkpt lat="-7.6269610" lon="111.1913160">
    <ele>3161.1</ele>
   </trkpt>
   <trkpt lat="-7.6269360" lon="111.1913570">
    <ele>3161.2</ele>
   </trkpt>
   <trkpt lat="-7.6269130" lon="111.1920030">
    <ele>3173.4</ele>
   </trkpt>
   <trkpt lat="-7.6270600" lon="111.1924330">
    <ele>3186.1</ele>
   </trkpt>
   <trkpt lat="-7.6273200" lon="111.1933340">
    <ele>3212.1</ele>
   </trkpt>
   <trkpt lat="-7.6273320" lon="111.1933850">
    <ele>3213.6</ele>
   </trkpt>
   <trkpt lat="-7.6273250" lon="111.1934670">
    <ele>3215.8</ele>
   </trkpt>
   <trkpt lat="-7.6273290" lon="111.1935390">
    <ele>3217.8</ele>
   </trkpt>
   <trkpt lat="-7.6273210" lon="111.1935900">
    <ele>3219.3</ele>
   </trkpt>
   <trkpt lat="-7.6273110" lon="111.1936410">
    <ele>3220.7</ele>
   </trkpt>
   <trkpt lat="-7.6272950" lon="111.1937020">
    <ele>3222.5</ele>
   </trkpt>
   <trkpt lat="-7.6272760" lon="111.1937740">
    <ele>3224.5</ele>
   </trkpt>
   <trkpt lat="-7.6272620" lon="111.1938360">
    <ele>3226.3</ele>
   </trkpt>
   <trkpt lat="-7.6272440" lon="111.1938870">
    <ele>3227.8</ele>
   </trkpt>
   <trkpt lat="-7.6272310" lon="111.1939480">
    <ele>3229.5</ele>
   </trkpt>
   <trkpt lat="-7.6272200" lon="111.1940100">
    <ele>3231.3</ele>
   </trkpt>
   <trkpt lat="-7.6272160" lon="111.1940510">
    <ele>3232.4</ele>
   </trkpt>
   <trkpt lat="-7.6272090" lon="111.1941020">
    <ele>3233.9</ele>
   </trkpt>
   <trkpt lat="-7.6272230" lon="111.1941530">
    <ele>3235.3</ele>
   </trkpt>
   <trkpt lat="-7.6272560" lon="111.1942450">
    <ele>3238.0</ele>
   </trkpt>
   <trkpt lat="-7.6273500" lon="111.1943370">
    <ele>3241.1</ele>
   </trkpt>
   <trkpt lat="-7.6273360" lon="111.1943170">
    <ele>3240.4</ele>
   </trkpt>
   <trkpt lat="-7.6273230" lon="111.1942550">
    <ele>3238.7</ele>
   </trkpt>
   <trkpt lat="-7.6273160" lon="111.1941940">
    <ele>3237.0</ele>
   </trkpt>
   <trkpt lat="-7.6273010" lon="111.1941220">
    <ele>3235.0</ele>
   </trkpt>
   <trkpt lat="-7.6272800" lon="111.1940610">
    <ele>3233.2</ele>
   </trkpt>
   <trkpt lat="-7.6272670" lon="111.1939990">
    <ele>3231.4</ele>
   </trkpt>
   <trkpt lat="-7.6272610" lon="111.1939280">
    <ele>3229.4</ele>
   </trkpt>
   <trkpt lat="-7.6272630" lon="111.1938660">
    <ele>3227.7</ele>
   </trkpt>
   <trkpt lat="-7.6272740" lon="111.1938150">
    <ele>3226.3</ele>
   </trkpt>
   <trkpt lat="-7.6272920" lon="111.1937640">
    <ele>3224.8</ele>
   </trkpt>
   <trkpt lat="-7.6273110" lon="111.1937130">
    <ele>3223.3</ele>
   </trkpt>
   <trkpt lat="-7.6273290" lon="111.1936610">
    <ele>3221.8</ele>
   </trkpt>
   <trkpt lat="-7.6273410" lon="111.1936000">
    <ele>3220.1</ele>
   </trkpt>
   <trkpt lat="-7.6273470" lon="111.1935590">
    <ele>3218.9</ele>
   </trkpt>
   <trkpt lat="-7.6273510" lon="111.1935080">
    <ele>3217.5</ele>
   </trkpt>
   <trkpt lat="-7.6273450" lon="111.1934460">
    <ele>3215.8</ele>
   </trkpt>
   <trkpt lat="-7.6273510" lon="111.1933850">
    <ele>3214.1</ele>
   </trkpt>
   <trkpt lat="-7.6273540" lon="111.1933440">
    <ele>3212.9</ele>
   </trkpt>
   <trkpt lat="-7.6273510" lon="111.1932930">
    <ele>3211.5</ele>
   </trkpt>
   <trkpt lat="-7.6273340" lon="111.1932420">
    <ele>3210.0</ele>
   </trkpt>
   <trkpt lat="-7.6273310" lon="111.1931800">
    <ele>3208.3</ele>
   </trkpt>
   <trkpt lat="-7.6273360" lon="111.1931290">
    <ele>3206.9</ele>
   </trkpt>
   <trkpt lat="-7.6273270" lon="111.1930680">
    <ele>3205.2</ele>
   </trkpt>
   <trkpt lat="-7.6272990" lon="111.1930270">
    <ele>3203.8</ele>
   </trkpt>
   <trkpt lat="-7.6272780" lon="111.1929750">
    <ele>3202.3</ele>
   </trkpt>
   <trkpt lat="-7.6272580" lon="111.1929240">
    <ele>3200.8</ele>
   </trkpt>
   <trkpt lat="-7.6272500" lon="111.1928730">
    <ele>3199.3</ele>
   </trkpt>
   <trkpt lat="-7.6272410" lon="111.1928220">
    <ele>3197.9</ele>
   </trkpt>
   <trkpt lat="-7.6272350" lon="111.1927600">
    <ele>3196.2</ele>
   </trkpt>
   <trkpt lat="-7.6272200" lon="111.1927090">
    <ele>3194.7</ele>
   </trkpt>
   <trkpt lat="-7.6271940" lon="111.1926680">
    <ele>3193.4</ele>
   </trkpt>
   <trkpt lat="-7.6271670" lon="111.1926170">
    <ele>3191.8</ele>
   </trkpt>
   <trkpt lat="-7.6271330" lon="111.1925860">
    <ele>3190.5</ele>
   </trkpt>
   <trkpt lat="-7.6271070" lon="111.1925350">
    <ele>3188.9</ele>
   </trkpt>
   <trkpt lat="-7.6270940" lon="111.1924740">
    <ele>3187.2</ele>
   </trkpt>
   <trkpt lat="-7.6270920" lon="111.1924220">
    <ele>3185.8</ele>
   </trkpt>
   <trkpt lat="-7.6270740" lon="111.1923710">
    <ele>3184.3</ele>
   </trkpt>
   <trkpt lat="-7.6270520" lon="111.1923100">
    <ele>3182.5</ele>
   </trkpt>
   <trkpt lat="-7.6270120" lon="111.1922590">
    <ele>3180.7</ele>
   </trkpt>
   <trkpt lat="-7.6269360" lon="111.1920540">
    <ele>3174.6</ele>
   </trkpt>
   <trkpt lat="-7.6269320" lon="111.1920130">
    <ele>3173.5</ele>
   </trkpt>
   <trkpt lat="-7.6269450" lon="111.1918180">
    <ele>3168.1</ele>
   </trkpt>
   <trkpt lat="-7.6269620" lon="111.1917670">
    <ele>3166.6</ele>
   </trkpt>
   <trkpt lat="-7.6269750" lon="111.1917160">
    <ele>3165.1</ele>
   </trkpt>
   <trkpt lat="-7.6269980" lon="111.1916540">
    <ele>3163.3</ele>
   </trkpt>
   <trkpt lat="-7.6270160" lon="111.1916030">
    <ele>3161.8</ele>
   </trkpt>
   <trkpt lat="-7.6270140" lon="111.1915620">
    <ele>3161.7</ele>
   </trkpt>
   <trkpt lat="-7.6269660" lon="111.1915320">
    <ele>3161.6</ele>
   </trkpt>
   <trkpt lat="-7.6269420" lon="111.1914910">
    <ele>3161.5</ele>
   </trkpt>
   <trkpt lat="-7.6269570" lon="111.1914390">
    <ele>3161.4</ele>
   </trkpt>
   <trkpt lat="-7.6269710" lon="111.1913780">
    <ele>3161.3</ele>
   </trkpt>
   <trkpt lat="-7.6270100" lon="111.1913270">
    <ele>3161.2</ele>
   </trkpt>
   <trkpt lat="-7.6270520" lon="111.1912860">
    <ele>3160.4</ele>
   </trkpt>
   <trkpt lat="-7.6270840" lon="111.1912350">
    <ele>3159.7</ele>
   </trkpt>
   <trkpt lat="-7.6271040" lon="111.1911730">
    <ele>3159.0</ele>
   </trkpt>
   <trkpt lat="-7.6271230" lon="111.1911220">
    <ele>3158.4</ele>
   </trkpt>
   <trkpt lat="-7.6271550" lon="111.1910810">
    <ele>3157.8</ele>
   </trkpt>
   <trkpt lat="-7.6271950" lon="111.1910300">
    <ele>3157.1</ele>
   </trkpt>
   <trkpt lat="-7.6272540" lon="111.1909990">
    <ele>3156.3</ele>
   </trkpt>
   <trkpt lat="-7.6273040" lon="111.1909790">
    <ele>3155.7</ele>
   </trkpt>
   <trkpt lat="-7.6273450" lon="111.1909480">
    <ele>3155.2</ele>
   </trkpt>
   <trkpt lat="-7.6273910" lon="111.1909070">
    <ele>3154.5</ele>
   </trkpt>
   <trkpt lat="-7.6274300" lon="111.1908760">
    <ele>3153.9</ele>
   </trkpt>
   <trkpt lat="-7.6274780" lon="111.1908450">
    <ele>3153.3</ele>
   </trkpt>
   <trkpt lat="-7.6275330" lon="111.1908150">
    <ele>3152.6</ele>
   </trkpt>
   <trkpt lat="-7.6275720" lon="111.1907840">
    <ele>3152.0</ele>
   </trkpt>
   <trkpt lat="-7.6276150" lon="111.1907430">
    <ele>3151.3</ele>
   </trkpt>
   <trkpt lat="-7.6276510" lon="111.1906920">
    <ele>3150.6</ele>
   </trkpt>
   <trkpt lat="-7.6276840" lon="111.1906510">
    <ele>3150.0</ele>
   </trkpt>
   <trkpt lat="-7.6277100" lon="111.1906100">
    <ele>3149.5</ele>
   </trkpt>
   <trkpt lat="-7.6277500" lon="111.1905590">
    <ele>3148.8</ele>
   </trkpt>
   <trkpt lat="-7.6277870" lon="111.1905180">
    <ele>3148.2</ele>
   </trkpt>
   <trkpt lat="-7.6278230" lon="111.1904870">
    <ele>3147.6</ele>
   </trkpt>
   <trkpt lat="-7.6278870" lon="111.1904560">
    <ele>3146.8</ele>
   </trkpt>
   <trkpt lat="-7.6279350" lon="111.1904260">
    <ele>3146.2</ele>
   </trkpt>
   <trkpt lat="-7.6279890" lon="111.1903850">
    <ele>3145.4</ele>
   </trkpt>
   <trkpt lat="-7.6280520" lon="111.1903330">
    <ele>3144.5</ele>
   </trkpt>
   <trkpt lat="-7.6280880" lon="111.1903030">
    <ele>3144.0</ele>
   </trkpt>
   <trkpt lat="-7.6281460" lon="111.1902520">
    <ele>3143.1</ele>
   </trkpt>
   <trkpt lat="-7.6281850" lon="111.1902310">
    <ele>3142.6</ele>
   </trkpt>
   <trkpt lat="-7.6282430" lon="111.1901900">
    <ele>3141.8</ele>
   </trkpt>
   <trkpt lat="-7.6282790" lon="111.1901590">
    <ele>3141.3</ele>
   </trkpt>
   <trkpt lat="-7.6283340" lon="111.1901080">
    <ele>3140.5</ele>
   </trkpt>
   <trkpt lat="-7.6283720" lon="111.1900770">
    <ele>3139.9</ele>
   </trkpt>
   <trkpt lat="-7.6284070" lon="111.1900470">
    <ele>3139.4</ele>
   </trkpt>
   <trkpt lat="-7.6285400" lon="111.1899140">
    <ele>3137.3</ele>
   </trkpt>
   <trkpt lat="-7.6285820" lon="111.1898930">
    <ele>3136.8</ele>
   </trkpt>
   <trkpt lat="-7.6286230" lon="111.1898520">
    <ele>3136.1</ele>
   </trkpt>
   <trkpt lat="-7.6287580" lon="111.1897910">
    <ele>3134.4</ele>
   </trkpt>
   <trkpt lat="-7.6288300" lon="111.1896990">
    <ele>3133.1</ele>
   </trkpt>
   <trkpt lat="-7.6288550" lon="111.1896680">
    <ele>3132.7</ele>
   </trkpt>
   <trkpt lat="-7.6289130" lon="111.1896680">
    <ele>3132.0</ele>
   </trkpt>
   <trkpt lat="-7.6289670" lon="111.1896780">
    <ele>3131.4</ele>
   </trkpt>
   <trkpt lat="-7.6290170" lon="111.1896780">
    <ele>3130.9</ele>
   </trkpt>
   <trkpt lat="-7.6290780" lon="111.1896880">
    <ele>3130.2</ele>
   </trkpt>
   <trkpt lat="-7.6291240" lon="111.1896780">
    <ele>3129.6</ele>
   </trkpt>
   <trkpt lat="-7.6291820" lon="111.1896680">
    <ele>3129.0</ele>
   </trkpt>
   <trkpt lat="-7.6292520" lon="111.1896470">
    <ele>3128.2</ele>
   </trkpt>
   <trkpt lat="-7.6293060" lon="111.1896370">
    <ele>3127.5</ele>
   </trkpt>
   <trkpt lat="-7.6293520" lon="111.1896170">
    <ele>3127.0</ele>
   </trkpt>
   <trkpt lat="-7.6294030" lon="111.1895860">
    <ele>3126.3</ele>
   </trkpt>
   <trkpt lat="-7.6294470" lon="111.1895550">
    <ele>3125.7</ele>
   </trkpt>
   <trkpt lat="-7.6294870" lon="111.1895140">
    <ele>3125.1</ele>
   </trkpt>
   <trkpt lat="-7.6295300" lon="111.1894840">
    <ele>3124.5</ele>
   </trkpt>
   <trkpt lat="-7.6295730" lon="111.1894430">
    <ele>3123.8</ele>
   </trkpt>
   <trkpt lat="-7.6296080" lon="111.1893810">
    <ele>3123.0</ele>
   </trkpt>
   <trkpt lat="-7.6296360" lon="111.1893400">
    <ele>3122.5</ele>
   </trkpt>
   <trkpt lat="-7.6296520" lon="111.1892890">
    <ele>3121.9</ele>
   </trkpt>
   <trkpt lat="-7.6296730" lon="111.1892380">
    <ele>3121.2</ele>
   </trkpt>
   <trkpt lat="-7.6296920" lon="111.1891870">
    <ele>3120.6</ele>
   </trkpt>
   <trkpt lat="-7.6297050" lon="111.1891250">
    <ele>3119.9</ele>
   </trkpt>
   <trkpt lat="-7.6297180" lon="111.1890740">
    <ele>3119.3</ele>
   </trkpt>
   <trkpt lat="-7.6297260" lon="111.1890230">
    <ele>3118.8</ele>
   </trkpt>
   <trkpt lat="-7.6297250" lon="111.1889720">
    <ele>3118.2</ele>
   </trkpt>
   <trkpt lat="-7.6297070" lon="111.1889200">
    <ele>3117.6</ele>
   </trkpt>
   <trkpt lat="-7.6296900" lon="111.1888690">
    <ele>3117.0</ele>
   </trkpt>
   <trkpt lat="-7.6296740" lon="111.1888080">
    <ele>3116.3</ele>
   </trkpt>
   <trkpt lat="-7.6296610" lon="111.1887670">
    <ele>3115.8</ele>
   </trkpt>
   <trkpt lat="-7.6296480" lon="111.1887160">
    <ele>3115.2</ele>
   </trkpt>
   <trkpt lat="-7.6296400" lon="111.1886640">
    <ele>3114.6</ele>
   </trkpt>
   <trkpt lat="-7.6296220" lon="111.1886030">
    <ele>3113.9</ele>
   </trkpt>
   <trkpt lat="-7.6296050" lon="111.1885520">
    <ele>3113.3</ele>
   </trkpt>
   <trkpt lat="-7.6295900" lon="111.1885110">
    <ele>3112.8</ele>
   </trkpt>
   <trkpt lat="-7.6295930" lon="111.1884490">
    <ele>3112.1</ele>
   </trkpt>
   <trkpt lat="-7.6296040" lon="111.1883980">
    <ele>3111.6</ele>
   </trkpt>
   <trkpt lat="-7.6296160" lon="111.1883570">
    <ele>3111.1</ele>
   </trkpt>
   <trkpt lat="-7.6296420" lon="111.1882850">
    <ele>3110.2</ele>
   </trkpt>
   <trkpt lat="-7.6296520" lon="111.1882340">
    <ele>3109.6</ele>
   </trkpt>
   <trkpt lat="-7.6296670" lon="111.1881830">
    <ele>3109.0</ele>
   </trkpt>
   <trkpt lat="-7.6296820" lon="111.1881220">
    <ele>3108.3</ele>
   </trkpt>
   <trkpt lat="-7.6296910" lon="111.1880810">
    <ele>3107.9</ele>
   </trkpt>
   <trkpt lat="-7.6296880" lon="111.1880190">
    <ele>3109.9</ele>
   </trkpt>
   <trkpt lat="-7.6296810" lon="111.1879680">
    <ele>3110.6</ele>
   </trkpt>
   <trkpt lat="-7.6296710" lon="111.1879170">
    <ele>3108.9</ele>
   </trkpt>
   <trkpt lat="-7.6296670" lon="111.1878660">
    <ele>3109.5</ele>
   </trkpt>
   <trkpt lat="-7.6296560" lon="111.1878250">
    <ele>3110.0</ele>
   </trkpt>
   <trkpt lat="-7.6296450" lon="111.1877430">
    <ele>3110.5</ele>
   </trkpt>
   <trkpt lat="-7.6296350" lon="111.1876810">
    <ele>3110.4</ele>
   </trkpt>
   <trkpt lat="-7.6296180" lon="111.1876200">
    <ele>3108.0</ele>
   </trkpt>
   <trkpt lat="-7.6295990" lon="111.1875580">
    <ele>3106.2</ele>
   </trkpt>
   <trkpt lat="-7.6295770" lon="111.1874970">
    <ele>3102.4</ele>
   </trkpt>
   <trkpt lat="-7.6295570" lon="111.1874360">
    <ele>3101.0</ele>
   </trkpt>
   <trkpt lat="-7.6295290" lon="111.1873950">
    <ele>3097.0</ele>
   </trkpt>
   <trkpt lat="-7.6294840" lon="111.1873740">
    <ele>3093.0</ele>
   </trkpt>
   <trkpt lat="-7.6294330" lon="111.1873430">
    <ele>3089.3</ele>
   </trkpt>
   <trkpt lat="-7.6293840" lon="111.1873330">
    <ele>3086.2</ele>
   </trkpt>
   <trkpt lat="-7.6293370" lon="111.1873020">
    <ele>3082.9</ele>
   </trkpt>
   <trkpt lat="-7.6293090" lon="111.1872510">
    <ele>3080.1</ele>
   </trkpt>
   <trkpt lat="-7.6293100" lon="111.1871900">
    <ele>3080.0</ele>
   </trkpt>
   <trkpt lat="-7.6293100" lon="111.1871390">
    <ele>3079.3</ele>
   </trkpt>
   <trkpt lat="-7.6293250" lon="111.1870770">
    <ele>3076.9</ele>
   </trkpt>
   <trkpt lat="-7.6293710" lon="111.1870460">
    <ele>3076.6</ele>
   </trkpt>
   <trkpt lat="-7.6294270" lon="111.1870160">
    <ele>3078.1</ele>
   </trkpt>
   <trkpt lat="-7.6294830" lon="111.1869850">
    <ele>3076.8</ele>
   </trkpt>
   <trkpt lat="-7.6295370" lon="111.1869640">
    <ele>3077.1</ele>
   </trkpt>
   <trkpt lat="-7.6295830" lon="111.1869340">
    <ele>3075.8</ele>
   </trkpt>
   <trkpt lat="-7.6296290" lon="111.1869240">
    <ele>3076.3</ele>
   </trkpt>
   <trkpt lat="-7.6296910" lon="111.1869030">
    <ele>3075.7</ele>
   </trkpt>
   <trkpt lat="-7.6297410" lon="111.1868830">
    <ele>3076.2</ele>
   </trkpt>
   <trkpt lat="-7.6297830" lon="111.1868520">
    <ele>3075.0</ele>
   </trkpt>
   <trkpt lat="-7.6297750" lon="111.1868210">
    <ele>3073.5</ele>
   </trkpt>
   <trkpt lat="-7.6296990" lon="111.1868110">
    <ele>3072.7</ele>
   </trkpt>
   <trkpt lat="-7.6296440" lon="111.1868010">
    <ele>3072.1</ele>
   </trkpt>
   <trkpt lat="-7.6295860" lon="111.1867900">
    <ele>3068.9</ele>
   </trkpt>
   <trkpt lat="-7.6295190" lon="111.1867800">
    <ele>3068.0</ele>
   </trkpt>
   <trkpt lat="-7.6294540" lon="111.1867600">
    <ele>3066.4</ele>
   </trkpt>
   <trkpt lat="-7.6293990" lon="111.1867490">
    <ele>3065.8</ele>
   </trkpt>
   <trkpt lat="-7.6293260" lon="111.1867390">
    <ele>3063.0</ele>
   </trkpt>
   <trkpt lat="-7.6292690" lon="111.1867490">
    <ele>3065.0</ele>
   </trkpt>
   <trkpt lat="-7.6292310" lon="111.1867390">
    <ele>3062.6</ele>
   </trkpt>
   <trkpt lat="-7.6292440" lon="111.1866880">
    <ele>3060.5</ele>
   </trkpt>
   <trkpt lat="-7.6292150" lon="111.1866370">
    <ele>3058.3</ele>
   </trkpt>
   <trkpt lat="-7.6291800" lon="111.1865960">
    <ele>3055.8</ele>
   </trkpt>
   <trkpt lat="-7.6291450" lon="111.1865550">
    <ele>3052.9</ele>
   </trkpt>
   <trkpt lat="-7.6291030" lon="111.1865140">
    <ele>3049.7</ele>
   </trkpt>
   <trkpt lat="-7.6290640" lon="111.1864730">
    <ele>3046.7</ele>
   </trkpt>
   <trkpt lat="-7.6290220" lon="111.1864320">
    <ele>3044.0</ele>
   </trkpt>
   <trkpt lat="-7.6289880" lon="111.1863910">
    <ele>3041.8</ele>
   </trkpt>
   <trkpt lat="-7.6289550" lon="111.1863600">
    <ele>3039.7</ele>
   </trkpt>
   <trkpt lat="-7.6289160" lon="111.1863300">
    <ele>3039.7</ele>
   </trkpt>
   <trkpt lat="-7.6288630" lon="111.1862990">
    <ele>3036.5</ele>
   </trkpt>
   <trkpt lat="-7.6288150" lon="111.1862990">
    <ele>3035.9</ele>
   </trkpt>
   <trkpt lat="-7.6287460" lon="111.1862990">
    <ele>3035.1</ele>
   </trkpt>
   <trkpt lat="-7.6287010" lon="111.1862780">
    <ele>3034.1</ele>
   </trkpt>
   <trkpt lat="-7.6287100" lon="111.1862370">
    <ele>3031.0</ele>
   </trkpt>
   <trkpt lat="-7.6287310" lon="111.1861760">
    <ele>3024.8</ele>
   </trkpt>
   <trkpt lat="-7.6287460" lon="111.1861150">
    <ele>3023.3</ele>
   </trkpt>
   <trkpt lat="-7.6287670" lon="111.1860630">
    <ele>3020.8</ele>
   </trkpt>
   <trkpt lat="-7.6288030" lon="111.1860220">
    <ele>3019.6</ele>
   </trkpt>
   <trkpt lat="-7.6288540" lon="111.1860020">
    <ele>3018.2</ele>
   </trkpt>
   <trkpt lat="-7.6289150" lon="111.1859920">
    <ele>3020.0</ele>
   </trkpt>
   <trkpt lat="-7.6289790" lon="111.1859810">
    <ele>3020.9</ele>
   </trkpt>
   <trkpt lat="-7.6290420" lon="111.1859710">
    <ele>3019.4</ele>
   </trkpt>
   <trkpt lat="-7.6291030" lon="111.1859510">
    <ele>3019.7</ele>
   </trkpt>
   <trkpt lat="-7.6291580" lon="111.1859200">
    <ele>3016.7</ele>
   </trkpt>
   <trkpt lat="-7.6292210" lon="111.1859100">
    <ele>3016.2</ele>
   </trkpt>
   <trkpt lat="-7.6292680" lon="111.1858890">
    <ele>3013.1</ele>
   </trkpt>
   <trkpt lat="-7.6293320" lon="111.1858890">
    <ele>3012.6</ele>
   </trkpt>
   <trkpt lat="-7.6293890" lon="111.1859100">
    <ele>3014.5</ele>
   </trkpt>
   <trkpt lat="-7.6294420" lon="111.1859510">
    <ele>3016.4</ele>
   </trkpt>
   <trkpt lat="-7.6294960" lon="111.1859710">
    <ele>3016.4</ele>
   </trkpt>
   <trkpt lat="-7.6295370" lon="111.1859610">
    <ele>3016.6</ele>
   </trkpt>
   <trkpt lat="-7.6295760" lon="111.1859300">
    <ele>3015.5</ele>
   </trkpt>
   <trkpt lat="-7.6296140" lon="111.1858890">
    <ele>3014.7</ele>
   </trkpt>
   <trkpt lat="-7.6296520" lon="111.1858480">
    <ele>3015.2</ele>
   </trkpt>
   <trkpt lat="-7.6297070" lon="111.1858180">
    <ele>3014.1</ele>
   </trkpt>
   <trkpt lat="-7.6297540" lon="111.1857660">
    <ele>3012.8</ele>
   </trkpt>
   <trkpt lat="-7.6297960" lon="111.1857250">
    <ele>3011.4</ele>
   </trkpt>
   <trkpt lat="-7.6298350" lon="111.1856950">
    <ele>3010.3</ele>
   </trkpt>
   <trkpt lat="-7.6298710" lon="111.1856640">
    <ele>3009.5</ele>
   </trkpt>
   <trkpt lat="-7.6299060" lon="111.1856230">
    <ele>3008.7</ele>
   </trkpt>
   <trkpt lat="-7.6299480" lon="111.1855820">
    <ele>3007.7</ele>
   </trkpt>
   <trkpt lat="-7.6299870" lon="111.1855510">
    <ele>3007.8</ele>
   </trkpt>
   <trkpt lat="-7.6300390" lon="111.1855310">
    <ele>3006.4</ele>
   </trkpt>
   <trkpt lat="-7.6300900" lon="111.1855620">
    <ele>3007.9</ele>
   </trkpt>
   <trkpt lat="-7.6301310" lon="111.1855510">
    <ele>3008.3</ele>
   </trkpt>
   <trkpt lat="-7.6301270" lon="111.1854900">
    <ele>3004.9</ele>
   </trkpt>
   <trkpt lat="-7.6301540" lon="111.1854280">
    <ele>3002.9</ele>
   </trkpt>
   <trkpt lat="-7.6301980" lon="111.1853980">
    <ele>3000.3</ele>
   </trkpt>
   <trkpt lat="-7.6302440" lon="111.1853670">
    <ele>2997.4</ele>
   </trkpt>
   <trkpt lat="-7.6302850" lon="111.1853060">
    <ele>2994.5</ele>
   </trkpt>
   <trkpt lat="-7.6303370" lon="111.1852750">
    <ele>2992.0</ele>
   </trkpt>
   <trkpt lat="-7.6303940" lon="111.1852540">
    <ele>2992.4</ele>
   </trkpt>
   <trkpt lat="-7.6304390" lon="111.1852030">
    <ele>2991.6</ele>
   </trkpt>
   <trkpt lat="-7.6304690" lon="111.1851620">
    <ele>2989.3</ele>
   </trkpt>
   <trkpt lat="-7.6305060" lon="111.1851320">
    <ele>2988.9</ele>
   </trkpt>
   <trkpt lat="-7.6305360" lon="111.1850910">
    <ele>2989.2</ele>
   </trkpt>
   <trkpt lat="-7.6305730" lon="111.1850500">
    <ele>2989.8</ele>
   </trkpt>
   <trkpt lat="-7.6306150" lon="111.1849980">
    <ele>2990.7</ele>
   </trkpt>
   <trkpt lat="-7.6306550" lon="111.1849470">
    <ele>2991.9</ele>
   </trkpt>
   <trkpt lat="-7.6306990" lon="111.1848860">
    <ele>2991.4</ele>
   </trkpt>
   <trkpt lat="-7.6307330" lon="111.1848450">
    <ele>2989.9</ele>
   </trkpt>
   <trkpt lat="-7.6307660" lon="111.1848040">
    <ele>2990.8</ele>
   </trkpt>
   <trkpt lat="-7.6307980" lon="111.1847530">
    <ele>2991.4</ele>
   </trkpt>
   <trkpt lat="-7.6308360" lon="111.1847010">
    <ele>2991.7</ele>
   </trkpt>
   <trkpt lat="-7.6308670" lon="111.1846500">
    <ele>2991.6</ele>
   </trkpt>
   <trkpt lat="-7.6309010" lon="111.1845990">
    <ele>2989.1</ele>
   </trkpt>
   <trkpt lat="-7.6309340" lon="111.1845380">
    <ele>2989.0</ele>
   </trkpt>
   <trkpt lat="-7.6309640" lon="111.1844970">
    <ele>2988.8</ele>
   </trkpt>
   <trkpt lat="-7.6310110" lon="111.1844450">
    <ele>2988.3</ele>
   </trkpt>
   <trkpt lat="-7.6310530" lon="111.1843940">
    <ele>2987.6</ele>
   </trkpt>
   <trkpt lat="-7.6310850" lon="111.1843530">
    <ele>2987.0</ele>
   </trkpt>
   <trkpt lat="-7.6311160" lon="111.1843120">
    <ele>2985.9</ele>
   </trkpt>
   <trkpt lat="-7.6311630" lon="111.1842820">
    <ele>2985.6</ele>
   </trkpt>
   <trkpt lat="-7.6312110" lon="111.1842410">
    <ele>2984.6</ele>
   </trkpt>
   <trkpt lat="-7.6312450" lon="111.1842000">
    <ele>2983.6</ele>
   </trkpt>
   <trkpt lat="-7.6313070" lon="111.1841590">
    <ele>2982.3</ele>
   </trkpt>
   <trkpt lat="-7.6313410" lon="111.1841180">
    <ele>2980.9</ele>
   </trkpt>
   <trkpt lat="-7.6313670" lon="111.1840770">
    <ele>2979.6</ele>
   </trkpt>
   <trkpt lat="-7.6314020" lon="111.1840260">
    <ele>2978.1</ele>
   </trkpt>
   <trkpt lat="-7.6314430" lon="111.1839950">
    <ele>2976.6</ele>
   </trkpt>
   <trkpt lat="-7.6314850" lon="111.1839540">
    <ele>2975.1</ele>
   </trkpt>
   <trkpt lat="-7.6315390" lon="111.1839030">
    <ele>2973.4</ele>
   </trkpt>
   <trkpt lat="-7.6315760" lon="111.1838620">
    <ele>2971.7</ele>
   </trkpt>
   <trkpt lat="-7.6316080" lon="111.1838310">
    <ele>2971.0</ele>
   </trkpt>
   <trkpt lat="-7.6316550" lon="111.1837900">
    <ele>2969.4</ele>
   </trkpt>
   <trkpt lat="-7.6317040" lon="111.1837590">
    <ele>2967.4</ele>
   </trkpt>
   <trkpt lat="-7.6317450" lon="111.1837180">
    <ele>2965.0</ele>
   </trkpt>
   <trkpt lat="-7.6317730" lon="111.1836770">
    <ele>2962.3</ele>
   </trkpt>
   <trkpt lat="-7.6317320" lon="111.1836360">
    <ele>2960.2</ele>
   </trkpt>
   <trkpt lat="-7.6316860" lon="111.1836160">
    <ele>2960.4</ele>
   </trkpt>
   <trkpt lat="-7.6316120" lon="111.1836160">
    <ele>2960.6</ele>
   </trkpt>
   <trkpt lat="-7.6315580" lon="111.1836060">
    <ele>2957.7</ele>
   </trkpt>
   <trkpt lat="-7.6315040" lon="111.1836060">
    <ele>2957.4</ele>
   </trkpt>
   <trkpt lat="-7.6314450" lon="111.1835850">
    <ele>2955.9</ele>
   </trkpt>
   <trkpt lat="-7.6313840" lon="111.1835750">
    <ele>2954.6</ele>
   </trkpt>
   <trkpt lat="-7.6313270" lon="111.1835850">
    <ele>2951.1</ele>
   </trkpt>
   <trkpt lat="-7.6312730" lon="111.1835850">
    <ele>2949.1</ele>
   </trkpt>
   <trkpt lat="-7.6312210" lon="111.1835750">
    <ele>2947.1</ele>
   </trkpt>
   <trkpt lat="-7.6311690" lon="111.1835650">
    <ele>2940.7</ele>
   </trkpt>
   <trkpt lat="-7.6310990" lon="111.1835440">
    <ele>2937.4</ele>
   </trkpt>
   <trkpt lat="-7.6310440" lon="111.1835440">
    <ele>2936.1</ele>
   </trkpt>
   <trkpt lat="-7.6309940" lon="111.1835240">
    <ele>2931.8</ele>
   </trkpt>
   <trkpt lat="-7.6309240" lon="111.1835140">
    <ele>2931.6</ele>
   </trkpt>
   <trkpt lat="-7.6308740" lon="111.1835140">
    <ele>2931.8</ele>
   </trkpt>
   <trkpt lat="-7.6308200" lon="111.1835140">
    <ele>2932.2</ele>
   </trkpt>
   <trkpt lat="-7.6307630" lon="111.1835140">
    <ele>2931.9</ele>
   </trkpt>
   <trkpt lat="-7.6307140" lon="111.1835240">
    <ele>2931.2</ele>
   </trkpt>
   <trkpt lat="-7.6307250" lon="111.1834930">
    <ele>2931.2</ele>
   </trkpt>
   <trkpt lat="-7.6307790" lon="111.1834520">
    <ele>2930.6</ele>
   </trkpt>
   <trkpt lat="-7.6308290" lon="111.1834210">
    <ele>2928.9</ele>
   </trkpt>
   <trkpt lat="-7.6308790" lon="111.1834010">
    <ele>2928.2</ele>
   </trkpt>
   <trkpt lat="-7.6309290" lon="111.1833800">
    <ele>2925.8</ele>
   </trkpt>
   <trkpt lat="-7.6309590" lon="111.1833400">
    <ele>2923.1</ele>
   </trkpt>
   <trkpt lat="-7.6309630" lon="111.1832780">
    <ele>2921.4</ele>
   </trkpt>
   <trkpt lat="-7.6309810" lon="111.1832270">
    <ele>2917.6</ele>
   </trkpt>
   <trkpt lat="-7.6310100" lon="111.1831650">
    <ele>2914.8</ele>
   </trkpt>
   <trkpt lat="-7.6310400" lon="111.1831240">
    <ele>2912.4</ele>
   </trkpt>
   <trkpt lat="-7.6310800" lon="111.1830630">
    <ele>2910.2</ele>
   </trkpt>
   <trkpt lat="-7.6311230" lon="111.1830320">
    <ele>2907.9</ele>
   </trkpt>
   <trkpt lat="-7.6311820" lon="111.1830020">
    <ele>2905.8</ele>
   </trkpt>
   <trkpt lat="-7.6312000" lon="111.1829610">
    <ele>2903.8</ele>
   </trkpt>
   <trkpt lat="-7.6311460" lon="111.1829400">
    <ele>2903.5</ele>
   </trkpt>
   <trkpt lat="-7.6310820" lon="111.1829300">
    <ele>2903.3</ele>
   </trkpt>
   <trkpt lat="-7.6310350" lon="111.1829300">
    <ele>2903.3</ele>
   </trkpt>
   <trkpt lat="-7.6310270" lon="111.1828890">
    <ele>2900.8</ele>
   </trkpt>
   <trkpt lat="-7.6310580" lon="111.1828280">
    <ele>2895.6</ele>
   </trkpt>
   <trkpt lat="-7.6310790" lon="111.1827760">
    <ele>2893.2</ele>
   </trkpt>
   <trkpt lat="-7.6311000" lon="111.1827250">
    <ele>2890.6</ele>
   </trkpt>
   <trkpt lat="-7.6311370" lon="111.1826740">
    <ele>2888.4</ele>
   </trkpt>
   <trkpt lat="-7.6311670" lon="111.1826120">
    <ele>2883.3</ele>
   </trkpt>
   <trkpt lat="-7.6311550" lon="111.1825720">
    <ele>2879.8</ele>
   </trkpt>
   <trkpt lat="-7.6310870" lon="111.1825510">
    <ele>2879.2</ele>
   </trkpt>
   <trkpt lat="-7.6310360" lon="111.1825410">
    <ele>2876.2</ele>
   </trkpt>
   <trkpt lat="-7.6309820" lon="111.1825410">
    <ele>2875.6</ele>
   </trkpt>
   <trkpt lat="-7.6309070" lon="111.1825410">
    <ele>2875.1</ele>
   </trkpt>
   <trkpt lat="-7.6308440" lon="111.1825410">
    <ele>2873.8</ele>
   </trkpt>
   <trkpt lat="-7.6307850" lon="111.1825310">
    <ele>2872.7</ele>
   </trkpt>
   <trkpt lat="-7.6307320" lon="111.1825200">
    <ele>2870.3</ele>
   </trkpt>
   <trkpt lat="-7.6307150" lon="111.1824690">
    <ele>2867.9</ele>
   </trkpt>
   <trkpt lat="-7.6307610" lon="111.1824380">
    <ele>2866.5</ele>
   </trkpt>
   <trkpt lat="-7.6308050" lon="111.1823870">
    <ele>2864.6</ele>
   </trkpt>
   <trkpt lat="-7.6308410" lon="111.1823460">
    <ele>2862.1</ele>
   </trkpt>
   <trkpt lat="-7.6308750" lon="111.1822950">
    <ele>2859.2</ele>
   </trkpt>
   <trkpt lat="-7.6308930" lon="111.1822440">
    <ele>2855.7</ele>
   </trkpt>
   <trkpt lat="-7.6308560" lon="111.1822030">
    <ele>2851.6</ele>
   </trkpt>
   <trkpt lat="-7.6308150" lon="111.1821820">
    <ele>2847.6</ele>
   </trkpt>
   <trkpt lat="-7.6307510" lon="111.1821520">
    <ele>2843.8</ele>
   </trkpt>
   <trkpt lat="-7.6307100" lon="111.1821410">
    <ele>2843.2</ele>
   </trkpt>
   <trkpt lat="-7.6307110" lon="111.1820900">
    <ele>2840.5</ele>
   </trkpt>
   <trkpt lat="-7.6307150" lon="111.1820390">
    <ele>2838.0</ele>
   </trkpt>
   <trkpt lat="-7.6306680" lon="111.1819980">
    <ele>2835.5</ele>
   </trkpt>
   <trkpt lat="-7.6306110" lon="111.1819670">
    <ele>2833.5</ele>
   </trkpt>
   <trkpt lat="-7.6305640" lon="111.1819370">
    <ele>2831.7</ele>
   </trkpt>
   <trkpt lat="-7.6305100" lon="111.1818960">
    <ele>2830.0</ele>
   </trkpt>
   <trkpt lat="-7.6304510" lon="111.1818650">
    <ele>2829.8</ele>
   </trkpt>
   <trkpt lat="-7.6303900" lon="111.1818340">
    <ele>2828.2</ele>
   </trkpt>
   <trkpt lat="-7.6303510" lon="111.1817930">
    <ele>2826.7</ele>
   </trkpt>
   <trkpt lat="-7.6303140" lon="111.1817520">
    <ele>2825.3</ele>
   </trkpt>
   <trkpt lat="-7.6302620" lon="111.1817110">
    <ele>2824.5</ele>
   </trkpt>
   <trkpt lat="-7.6302110" lon="111.1817010">
    <ele>2824.4</ele>
   </trkpt>
   <trkpt lat="-7.6301610" lon="111.1816910">
    <ele>2824.3</ele>
   </trkpt>
   <trkpt lat="-7.6301220" lon="111.1816600">
    <ele>2823.3</ele>
   </trkpt>
   <trkpt lat="-7.6300710" lon="111.1816400">
    <ele>2821.4</ele>
   </trkpt>
   <trkpt lat="-7.6300180" lon="111.1816400">
    <ele>2821.0</ele>
   </trkpt>
   <trkpt lat="-7.6299690" lon="111.1816290">
    <ele>2819.8</ele>
   </trkpt>
   <trkpt lat="-7.6299400" lon="111.1815880">
    <ele>2818.4</ele>
   </trkpt>
   <trkpt lat="-7.6299450" lon="111.1815270">
    <ele>2816.7</ele>
   </trkpt>
   <trkpt lat="-7.6299710" lon="111.1814760">
    <ele>2815.4</ele>
   </trkpt>
   <trkpt lat="-7.6299990" lon="111.1814250">
    <ele>2810.8</ele>
   </trkpt>
   <trkpt lat="-7.6300300" lon="111.1813630">
    <ele>2808.3</ele>
   </trkpt>
   <trkpt lat="-7.6300510" lon="111.1813120">
    <ele>2805.1</ele>
   </trkpt>
   <trkpt lat="-7.6300310" lon="111.1812610">
    <ele>2801.7</ele>
   </trkpt>
   <trkpt lat="-7.6299950" lon="111.1812200">
    <ele>2798.0</ele>
   </trkpt>
   <trkpt lat="-7.6299480" lon="111.1811790">
    <ele>2794.5</ele>
   </trkpt>
   <trkpt lat="-7.6299040" lon="111.1811580">
    <ele>2791.0</ele>
   </trkpt>
   <trkpt lat="-7.6298840" lon="111.1811170">
    <ele>2787.4</ele>
   </trkpt>
   <trkpt lat="-7.6298980" lon="111.1810660">
    <ele>2784.8</ele>
   </trkpt>
   <trkpt lat="-7.6299120" lon="111.1810050">
    <ele>2781.6</ele>
   </trkpt>
   <trkpt lat="-7.6299330" lon="111.1809540">
    <ele>2778.5</ele>
   </trkpt>
   <trkpt lat="-7.6299460" lon="111.1809130">
    <ele>2775.3</ele>
   </trkpt>
   <trkpt lat="-7.6299470" lon="111.1808510">
    <ele>2769.9</ele>
   </trkpt>
   <trkpt lat="-7.6299100" lon="111.1808100">
    <ele>2767.8</ele>
   </trkpt>
   <trkpt lat="-7.6298610" lon="111.1807900">
    <ele>2767.9</ele>
   </trkpt>
   <trkpt lat="-7.6298110" lon="111.1807590">
    <ele>2766.2</ele>
   </trkpt>
   <trkpt lat="-7.6297610" lon="111.1807490">
    <ele>2766.1</ele>
   </trkpt>
   <trkpt lat="-7.6297680" lon="111.1807080">
    <ele>2764.5</ele>
   </trkpt>
   <trkpt lat="-7.6298250" lon="111.1806870">
    <ele>2762.8</ele>
   </trkpt>
   <trkpt lat="-7.6298780" lon="111.1806670">
    <ele>2762.3</ele>
   </trkpt>
   <trkpt lat="-7.6299330" lon="111.1806670">
    <ele>2761.2</ele>
   </trkpt>
   <trkpt lat="-7.6299830" lon="111.1806460">
    <ele>2758.5</ele>
   </trkpt>
   <trkpt lat="-7.6300360" lon="111.1806260">
    <ele>2757.7</ele>
   </trkpt>
   <trkpt lat="-7.6300220" lon="111.1805750">
    <ele>2755.2</ele>
   </trkpt>
   <trkpt lat="-7.6299690" lon="111.1805440">
    <ele>2754.4</ele>
   </trkpt>
   <trkpt lat="-7.6299210" lon="111.1805340">
    <ele>2755.2</ele>
   </trkpt>
   <trkpt lat="-7.6298770" lon="111.1805130">
    <ele>2753.8</ele>
   </trkpt>
   <trkpt lat="-7.6299340" lon="111.1804930">
    <ele>2751.4</ele>
   </trkpt>
   <trkpt lat="-7.6299790" lon="111.1804620">
    <ele>2747.3</ele>
   </trkpt>
   <trkpt lat="-7.6299500" lon="111.1804310">
    <ele>2745.5</ele>
   </trkpt>
   <trkpt lat="-7.6298910" lon="111.1804210">
    <ele>2746.7</ele>
   </trkpt>
   <trkpt lat="-7.6298870" lon="111.1804010">
    <ele>2746.5</ele>
   </trkpt>
   <trkpt lat="-7.6299470" lon="111.1803800">
    <ele>2742.2</ele>
   </trkpt>
   <trkpt lat="-7.6299940" lon="111.1803900">
    <ele>2740.8</ele>
   </trkpt>
   <trkpt lat="-7.6300470" lon="111.1804010">
    <ele>2742.4</ele>
   </trkpt>
   <trkpt lat="-7.6300930" lon="111.1804210">
    <ele>2741.1</ele>
   </trkpt>
   <trkpt lat="-7.6300950" lon="111.1803700">
    <ele>2738.0</ele>
   </trkpt>
   <trkpt lat="-7.6300520" lon="111.1803390">
    <ele>2736.4</ele>
   </trkpt>
   <trkpt lat="-7.6300050" lon="111.1803080">
    <ele>2735.0</ele>
   </trkpt>
   <trkpt lat="-7.6299630" lon="111.1802780">
    <ele>2736.2</ele>
   </trkpt>
   <trkpt lat="-7.6299210" lon="111.1802370">
    <ele>2735.1</ele>
   </trkpt>
   <trkpt lat="-7.6298760" lon="111.1802160">
    <ele>2733.6</ele>
   </trkpt>
   <trkpt lat="-7.6298720" lon="111.1801650">
    <ele>2730.7</ele>
   </trkpt>
   <trkpt lat="-7.6299160" lon="111.1801750">
    <ele>2729.5</ele>
   </trkpt>
   <trkpt lat="-7.6299490" lon="111.1802060">
    <ele>2730.7</ele>
   </trkpt>
   <trkpt lat="-7.6299930" lon="111.1801960">
    <ele>2729.4</ele>
   </trkpt>
   <trkpt lat="-7.6299710" lon="111.1801450">
    <ele>2726.7</ele>
   </trkpt>
   <trkpt lat="-7.6299620" lon="111.1800930">
    <ele>2722.3</ele>
   </trkpt>
   <trkpt lat="-7.6299560" lon="111.1800320">
    <ele>2719.4</ele>
   </trkpt>
   <trkpt lat="-7.6299540" lon="111.1799710">
    <ele>2716.7</ele>
   </trkpt>
   <trkpt lat="-7.6299340" lon="111.1799190">
    <ele>2711.6</ele>
   </trkpt>
   <trkpt lat="-7.6299020" lon="111.1798780">
    <ele>2709.7</ele>
   </trkpt>
   <trkpt lat="-7.6299000" lon="111.1798370">
    <ele>2707.2</ele>
   </trkpt>
   <trkpt lat="-7.6299060" lon="111.1797350">
    <ele>2702.4</ele>
   </trkpt>
   <trkpt lat="-7.6298690" lon="111.1796940">
    <ele>2700.7</ele>
   </trkpt>
   <trkpt lat="-7.6298500" lon="111.1796530">
    <ele>2698.1</ele>
   </trkpt>
   <trkpt lat="-7.6298550" lon="111.1796020">
    <ele>2695.6</ele>
   </trkpt>
   <trkpt lat="-7.6298270" lon="111.1795510">
    <ele>2694.1</ele>
   </trkpt>
   <trkpt lat="-7.6298010" lon="111.1795000">
    <ele>2691.6</ele>
   </trkpt>
   <trkpt lat="-7.6297840" lon="111.1794480">
    <ele>2688.1</ele>
   </trkpt>
   <trkpt lat="-7.6297770" lon="111.1793870">
    <ele>2686.2</ele>
   </trkpt>
   <trkpt lat="-7.6297870" lon="111.1793360">
    <ele>2684.3</ele>
   </trkpt>
   <trkpt lat="-7.6298310" lon="111.1792950">
    <ele>2681.9</ele>
   </trkpt>
   <trkpt lat="-7.6298920" lon="111.1792640">
    <ele>2678.4</ele>
   </trkpt>
   <trkpt lat="-7.6299210" lon="111.1792230">
    <ele>2676.5</ele>
   </trkpt>
   <trkpt lat="-7.6299360" lon="111.1791720">
    <ele>2674.0</ele>
   </trkpt>
   <trkpt lat="-7.6299510" lon="111.1791100">
    <ele>2672.2</ele>
   </trkpt>
   <trkpt lat="-7.6299690" lon="111.1790490">
    <ele>2668.8</ele>
   </trkpt>
   <trkpt lat="-7.6300020" lon="111.1789980">
    <ele>2666.8</ele>
   </trkpt>
   <trkpt lat="-7.6300190" lon="111.1789570">
    <ele>2664.8</ele>
   </trkpt>
   <trkpt lat="-7.6300310" lon="111.1788850">
    <ele>2661.7</ele>
   </trkpt>
   <trkpt lat="-7.6300430" lon="111.1788340">
    <ele>2660.2</ele>
   </trkpt>
   <trkpt lat="-7.6300500" lon="111.1787720">
    <ele>2658.7</ele>
   </trkpt>
   <trkpt lat="-7.6300560" lon="111.1787110">
    <ele>2655.4</ele>
   </trkpt>
   <trkpt lat="-7.6300470" lon="111.1786600">
    <ele>2654.8</ele>
   </trkpt>
   <trkpt lat="-7.6300180" lon="111.1785980">
    <ele>2654.0</ele>
   </trkpt>
   <trkpt lat="-7.6299980" lon="111.1785470">
    <ele>2653.9</ele>
   </trkpt>
   <trkpt lat="-7.6299680" lon="111.1785060">
    <ele>2654.4</ele>
   </trkpt>
   <trkpt lat="-7.6299540" lon="111.1784550">
    <ele>2654.3</ele>
   </trkpt>
   <trkpt lat="-7.6299590" lon="111.1783940">
    <ele>2654.0</ele>
   </trkpt>
   <trkpt lat="-7.6299740" lon="111.1783320">
    <ele>2652.5</ele>
   </trkpt>
   <trkpt lat="-7.6299850" lon="111.1782910">
    <ele>2651.5</ele>
   </trkpt>
   <trkpt lat="-7.6300080" lon="111.1782300">
    <ele>2650.2</ele>
   </trkpt>
   <trkpt lat="-7.6300280" lon="111.1781890">
    <ele>2648.3</ele>
   </trkpt>
   <trkpt lat="-7.6300710" lon="111.1781270">
    <ele>2646.4</ele>
   </trkpt>
   <trkpt lat="-7.6301060" lon="111.1780970">
    <ele>2644.8</ele>
   </trkpt>
   <trkpt lat="-7.6301270" lon="111.1780350">
    <ele>2643.5</ele>
   </trkpt>
   <trkpt lat="-7.6301550" lon="111.1779840">
    <ele>2642.1</ele>
   </trkpt>
   <trkpt lat="-7.6301770" lon="111.1779330">
    <ele>2641.2</ele>
   </trkpt>
   <trkpt lat="-7.6301590" lon="111.1778920">
    <ele>2639.9</ele>
   </trkpt>
   <trkpt lat="-7.6301360" lon="111.1778410">
    <ele>2639.3</ele>
   </trkpt>
   <trkpt lat="-7.6301420" lon="111.1778000">
    <ele>2637.2</ele>
   </trkpt>
   <trkpt lat="-7.6301880" lon="111.1777480">
    <ele>2635.2</ele>
   </trkpt>
   <trkpt lat="-7.6302230" lon="111.1777080">
    <ele>2634.1</ele>
   </trkpt>
   <trkpt lat="-7.6302560" lon="111.1776670">
    <ele>2632.4</ele>
   </trkpt>
   <trkpt lat="-7.6302760" lon="111.1776150">
    <ele>2630.8</ele>
   </trkpt>
   <trkpt lat="-7.6302850" lon="111.1775740">
    <ele>2629.8</ele>
   </trkpt>
   <trkpt lat="-7.6302560" lon="111.1775130">
    <ele>2628.2</ele>
   </trkpt>
   <trkpt lat="-7.6302640" lon="111.1774620">
    <ele>2626.7</ele>
   </trkpt>
   <trkpt lat="-7.6303120" lon="111.1774210">
    <ele>2623.5</ele>
   </trkpt>
   <trkpt lat="-7.6303560" lon="111.1773900">
    <ele>2620.4</ele>
   </trkpt>
   <trkpt lat="-7.6303610" lon="111.1773390">
    <ele>2618.2</ele>
   </trkpt>
   <trkpt lat="-7.6303740" lon="111.1772880">
    <ele>2615.8</ele>
   </trkpt>
   <trkpt lat="-7.6303650" lon="111.1772360">
    <ele>2613.1</ele>
   </trkpt>
   <trkpt lat="-7.6303100" lon="111.1772260">
    <ele>2614.1</ele>
   </trkpt>
   <trkpt lat="-7.6302520" lon="111.1772260">
    <ele>2615.2</ele>
   </trkpt>
   <trkpt lat="-7.6301850" lon="111.1772360">
    <ele>2615.0</ele>
   </trkpt>
   <trkpt lat="-7.6301120" lon="111.1772360">
    <ele>2613.5</ele>
   </trkpt>
   <trkpt lat="-7.6300600" lon="111.1772360">
    <ele>2612.3</ele>
   </trkpt>
   <trkpt lat="-7.6300030" lon="111.1772360">
    <ele>2609.4</ele>
   </trkpt>
   <trkpt lat="-7.6299550" lon="111.1772160">
    <ele>2605.0</ele>
   </trkpt>
   <trkpt lat="-7.6299550" lon="111.1771650">
    <ele>2602.3</ele>
   </trkpt>
   <trkpt lat="-7.6299810" lon="111.1771140">
    <ele>2600.9</ele>
   </trkpt>
   <trkpt lat="-7.6300170" lon="111.1770830">
    <ele>2599.2</ele>
   </trkpt>
   <trkpt lat="-7.6300500" lon="111.1770320">
    <ele>2596.1</ele>
   </trkpt>
   <trkpt lat="-7.6300780" lon="111.1769800">
    <ele>2594.2</ele>
   </trkpt>
   <trkpt lat="-7.6301000" lon="111.1769290">
    <ele>2592.5</ele>
   </trkpt>
   <trkpt lat="-7.6301270" lon="111.1768680">
    <ele>2587.2</ele>
   </trkpt>
   <trkpt lat="-7.6301560" lon="111.1768270">
    <ele>2586.1</ele>
   </trkpt>
   <trkpt lat="-7.6301750" lon="111.1767650">
    <ele>2584.1</ele>
   </trkpt>
   <trkpt lat="-7.6302050" lon="111.1767040">
    <ele>2581.8</ele>
   </trkpt>
   <trkpt lat="-7.6302340" lon="111.1766630">
    <ele>2582.3</ele>
   </trkpt>
   <trkpt lat="-7.6302540" lon="111.1766020">
    <ele>2579.4</ele>
   </trkpt>
   <trkpt lat="-7.6302780" lon="111.1765400">
    <ele>2577.6</ele>
   </trkpt>
   <trkpt lat="-7.6303050" lon="111.1763760">
    <ele>2568.0</ele>
   </trkpt>
   <trkpt lat="-7.6302780" lon="111.1763150">
    <ele>2562.4</ele>
   </trkpt>
   <trkpt lat="-7.6302740" lon="111.1762640">
    <ele>2559.4</ele>
   </trkpt>
   <trkpt lat="-7.6303150" lon="111.1762120">
    <ele>2555.1</ele>
   </trkpt>
   <trkpt lat="-7.6303430" lon="111.1761720">
    <ele>2551.8</ele>
   </trkpt>
   <trkpt lat="-7.6303650" lon="111.1761100">
    <ele>2547.4</ele>
   </trkpt>
   <trkpt lat="-7.6304040" lon="111.1760690">
    <ele>2543.5</ele>
   </trkpt>
   <trkpt lat="-7.6304640" lon="111.1760490">
    <ele>2540.1</ele>
   </trkpt>
   <trkpt lat="-7.6305140" lon="111.1760280">
    <ele>2539.8</ele>
   </trkpt>
   <trkpt lat="-7.6305790" lon="111.1760080">
    <ele>2536.2</ele>
   </trkpt>
   <trkpt lat="-7.6306300" lon="111.1760180">
    <ele>2535.2</ele>
   </trkpt>
   <trkpt lat="-7.6306850" lon="111.1760280">
    <ele>2536.4</ele>
   </trkpt>
   <trkpt lat="-7.6307410" lon="111.1760380">
    <ele>2533.1</ele>
   </trkpt>
   <trkpt lat="-7.6307940" lon="111.1760380">
    <ele>2531.7</ele>
   </trkpt>
   <trkpt lat="-7.6308340" lon="111.1760280">
    <ele>2530.7</ele>
   </trkpt>
   <trkpt lat="-7.6308200" lon="111.1759770">
    <ele>2528.7</ele>
   </trkpt>
   <trkpt lat="-7.6308580" lon="111.1759360">
    <ele>2524.7</ele>
   </trkpt>
   <trkpt lat="-7.6308870" lon="111.1758850">
    <ele>2518.6</ele>
   </trkpt>
   <trkpt lat="-7.6309050" lon="111.1758230">
    <ele>2516.6</ele>
   </trkpt>
   <trkpt lat="-7.6309290" lon="111.1757720">
    <ele>2514.2</ele>
   </trkpt>
   <trkpt lat="-7.6309350" lon="111.1757000">
    <ele>2511.5</ele>
   </trkpt>
   <trkpt lat="-7.6309310" lon="111.1756600">
    <ele>2510.1</ele>
   </trkpt>
   <trkpt lat="-7.6309380" lon="111.1755980">
    <ele>2508.7</ele>
   </trkpt>
   <trkpt lat="-7.6309500" lon="111.1755470">
    <ele>2506.3</ele>
   </trkpt>
   <trkpt lat="-7.6309880" lon="111.1755160">
    <ele>2504.5</ele>
   </trkpt>
   <trkpt lat="-7.6309880" lon="111.1754550">
    <ele>2500.5</ele>
   </trkpt>
   <trkpt lat="-7.6309540" lon="111.1754140">
    <ele>2498.5</ele>
   </trkpt>
   <trkpt lat="-7.6309400" lon="111.1753730">
    <ele>2497.2</ele>
   </trkpt>
   <trkpt lat="-7.6309930" lon="111.1753420">
    <ele>2496.2</ele>
   </trkpt>
   <trkpt lat="-7.6310110" lon="111.1752910">
    <ele>2494.4</ele>
   </trkpt>
   <trkpt lat="-7.6310230" lon="111.1752400">
    <ele>2490.5</ele>
   </trkpt>
   <trkpt lat="-7.6310550" lon="111.1751880">
    <ele>2488.0</ele>
   </trkpt>
   <trkpt lat="-7.6310730" lon="111.1751370">
    <ele>2485.3</ele>
   </trkpt>
   <trkpt lat="-7.6310310" lon="111.1750960">
    <ele>2482.8</ele>
   </trkpt>
   <trkpt lat="-7.6309880" lon="111.1750760">
    <ele>2483.3</ele>
   </trkpt>
   <trkpt lat="-7.6309870" lon="111.1750250">
    <ele>2478.3</ele>
   </trkpt>
   <trkpt lat="-7.6310180" lon="111.1749730">
    <ele>2475.3</ele>
   </trkpt>
   <trkpt lat="-7.6310610" lon="111.1749220">
    <ele>2472.4</ele>
   </trkpt>
   <trkpt lat="-7.6310920" lon="111.1748710">
    <ele>2469.4</ele>
   </trkpt>
   <trkpt lat="-7.6311180" lon="111.1748300">
    <ele>2466.5</ele>
   </trkpt>
   <trkpt lat="-7.6311580" lon="111.1747890">
    <ele>2464.4</ele>
   </trkpt>
   <trkpt lat="-7.6312080" lon="111.1747580">
    <ele>2461.6</ele>
   </trkpt>
   <trkpt lat="-7.6312650" lon="111.1747580">
    <ele>2461.5</ele>
   </trkpt>
   <trkpt lat="-7.6312830" lon="111.1747170">
    <ele>2459.7</ele>
   </trkpt>
   <trkpt lat="-7.6312790" lon="111.1746560">
    <ele>2457.9</ele>
   </trkpt>
   <trkpt lat="-7.6312750" lon="111.1745950">
    <ele>2454.7</ele>
   </trkpt>
   <trkpt lat="-7.6312700" lon="111.1745540">
    <ele>2453.4</ele>
   </trkpt>
   <trkpt lat="-7.6312610" lon="111.1744920">
    <ele>2452.3</ele>
   </trkpt>
   <trkpt lat="-7.6312720" lon="111.1744510">
    <ele>2451.5</ele>
   </trkpt>
   <trkpt lat="-7.6312990" lon="111.1744000">
    <ele>2450.4</ele>
   </trkpt>
   <trkpt lat="-7.6313310" lon="111.1743390">
    <ele>2448.7</ele>
   </trkpt>
   <trkpt lat="-7.6313690" lon="111.1742980">
    <ele>2448.1</ele>
   </trkpt>
   <trkpt lat="-7.6314200" lon="111.1742670">
    <ele>2447.1</ele>
   </trkpt>
   <trkpt lat="-7.6314620" lon="111.1742360">
    <ele>2446.3</ele>
   </trkpt>
   <trkpt lat="-7.6315000" lon="111.1742050">
    <ele>2445.9</ele>
   </trkpt>
   <trkpt lat="-7.6315300" lon="111.1741540">
    <ele>2445.4</ele>
   </trkpt>
   <trkpt lat="-7.6315630" lon="111.1741130">
    <ele>2445.0</ele>
   </trkpt>
   <trkpt lat="-7.6316010" lon="111.1740830">
    <ele>2444.2</ele>
   </trkpt>
   <trkpt lat="-7.6316350" lon="111.1740310">
    <ele>2443.1</ele>
   </trkpt>
   <trkpt lat="-7.6316750" lon="111.1739900">
    <ele>2441.9</ele>
   </trkpt>
   <trkpt lat="-7.6317100" lon="111.1739490">
    <ele>2440.8</ele>
   </trkpt>
   <trkpt lat="-7.6317410" lon="111.1739080">
    <ele>2439.1</ele>
   </trkpt>
   <trkpt lat="-7.6317690" lon="111.1738570">
    <ele>2437.1</ele>
   </trkpt>
   <trkpt lat="-7.6317950" lon="111.1738060">
    <ele>2435.7</ele>
   </trkpt>
   <trkpt lat="-7.6318230" lon="111.1737550">
    <ele>2433.3</ele>
   </trkpt>
   <trkpt lat="-7.6318190" lon="111.1737040">
    <ele>2431.8</ele>
   </trkpt>
   <trkpt lat="-7.6317770" lon="111.1736520">
    <ele>2429.8</ele>
   </trkpt>
   <trkpt lat="-7.6317470" lon="111.1736120">
    <ele>2429.3</ele>
   </trkpt>
   <trkpt lat="-7.6317410" lon="111.1735500">
    <ele>2427.6</ele>
   </trkpt>
   <trkpt lat="-7.6317450" lon="111.1734890">
    <ele>2425.9</ele>
   </trkpt>
   <trkpt lat="-7.6317480" lon="111.1734370">
    <ele>2421.9</ele>
   </trkpt>
   <trkpt lat="-7.6317520" lon="111.1733760">
    <ele>2419.6</ele>
   </trkpt>
   <trkpt lat="-7.6317480" lon="111.1733250">
    <ele>2417.2</ele>
   </trkpt>
   <trkpt lat="-7.6317560" lon="111.1732740">
    <ele>2413.5</ele>
   </trkpt>
   <trkpt lat="-7.6317950" lon="111.1732220">
    <ele>2407.8</ele>
   </trkpt>
   <trkpt lat="-7.6318440" lon="111.1731810">
    <ele>2402.6</ele>
   </trkpt>
   <trkpt lat="-7.6318600" lon="111.1731300">
    <ele>2400.2</ele>
   </trkpt>
   <trkpt lat="-7.6318360" lon="111.1730890">
    <ele>2399.4</ele>
   </trkpt>
   <trkpt lat="-7.6318040" lon="111.1730380">
    <ele>2397.5</ele>
   </trkpt>
   <trkpt lat="-7.6317710" lon="111.1729970">
    <ele>2396.4</ele>
   </trkpt>
   <trkpt lat="-7.6317360" lon="111.1729560">
    <ele>2394.6</ele>
   </trkpt>
   <trkpt lat="-7.6317450" lon="111.1729150">
    <ele>2392.6</ele>
   </trkpt>
   <trkpt lat="-7.6318020" lon="111.1728950">
    <ele>2391.7</ele>
   </trkpt>
   <trkpt lat="-7.6318590" lon="111.1728950">
    <ele>2390.9</ele>
   </trkpt>
   <trkpt lat="-7.6318910" lon="111.1728640">
    <ele>2388.0</ele>
   </trkpt>
   <trkpt lat="-7.6318570" lon="111.1728030">
    <ele>2387.2</ele>
   </trkpt>
   <trkpt lat="-7.6318230" lon="111.1727720">
    <ele>2386.0</ele>
   </trkpt>
   <trkpt lat="-7.6317870" lon="111.1727100">
    <ele>2383.1</ele>
   </trkpt>
   <trkpt lat="-7.6317340" lon="111.1726800">
    <ele>2383.1</ele>
   </trkpt>
   <trkpt lat="-7.6316880" lon="111.1726490">
    <ele>2381.2</ele>
   </trkpt>
   <trkpt lat="-7.6316380" lon="111.1726180">
    <ele>2379.2</ele>
   </trkpt>
   <trkpt lat="-7.6315830" lon="111.1726080">
    <ele>2379.1</ele>
   </trkpt>
   <trkpt lat="-7.6315800" lon="111.1725670">
    <ele>2377.0</ele>
   </trkpt>
   <trkpt lat="-7.6316240" lon="111.1725260">
    <ele>2375.3</ele>
   </trkpt>
   <trkpt lat="-7.6316720" lon="111.1724950">
    <ele>2374.7</ele>
   </trkpt>
   <trkpt lat="-7.6317180" lon="111.1724440">
    <ele>2373.2</ele>
   </trkpt>
   <trkpt lat="-7.6317110" lon="111.1724030">
    <ele>2371.0</ele>
   </trkpt>
   <trkpt lat="-7.6316830" lon="111.1723520">
    <ele>2368.7</ele>
   </trkpt>
   <trkpt lat="-7.6316520" lon="111.1723110">
    <ele>2365.8</ele>
   </trkpt>
   <trkpt lat="-7.6316050" lon="111.1722800">
    <ele>2362.4</ele>
   </trkpt>
   <trkpt lat="-7.6315520" lon="111.1722600">
    <ele>2361.4</ele>
   </trkpt>
   <trkpt lat="-7.6315000" lon="111.1722290">
    <ele>2356.2</ele>
   </trkpt>
   <trkpt lat="-7.6314420" lon="111.1722290">
    <ele>2354.7</ele>
   </trkpt>
   <trkpt lat="-7.6314340" lon="111.1721780">
    <ele>2352.3</ele>
   </trkpt>
   <trkpt lat="-7.6314750" lon="111.1721370">
    <ele>2351.0</ele>
   </trkpt>
   <trkpt lat="-7.6315330" lon="111.1720960">
    <ele>2349.0</ele>
   </trkpt>
   <trkpt lat="-7.6315900" lon="111.1720760">
    <ele>2349.7</ele>
   </trkpt>
   <trkpt lat="-7.6316420" lon="111.1720450">
    <ele>2345.6</ele>
   </trkpt>
   <trkpt lat="-7.6316860" lon="111.1720140">
    <ele>2341.2</ele>
   </trkpt>
   <trkpt lat="-7.6317380" lon="111.1719940">
    <ele>2340.6</ele>
   </trkpt>
   <trkpt lat="-7.6317970" lon="111.1719730">
    <ele>2336.5</ele>
   </trkpt>
   <trkpt lat="-7.6318530" lon="111.1719530">
    <ele>2334.7</ele>
   </trkpt>
   <trkpt lat="-7.6319090" lon="111.1719420">
    <ele>2333.6</ele>
   </trkpt>
   <trkpt lat="-7.6319620" lon="111.1719320">
    <ele>2329.6</ele>
   </trkpt>
   <trkpt lat="-7.6320230" lon="111.1719320">
    <ele>2327.7</ele>
   </trkpt>
   <trkpt lat="-7.6320710" lon="111.1719320">
    <ele>2326.7</ele>
   </trkpt>
   <trkpt lat="-7.6321290" lon="111.1719320">
    <ele>2325.7</ele>
   </trkpt>
   <trkpt lat="-7.6321700" lon="111.1719010">
    <ele>2324.5</ele>
   </trkpt>
   <trkpt lat="-7.6321280" lon="111.1718810">
    <ele>2323.1</ele>
   </trkpt>
   <trkpt lat="-7.6320980" lon="111.1718300">
    <ele>2320.6</ele>
   </trkpt>
   <trkpt lat="-7.6320840" lon="111.1717790">
    <ele>2319.5</ele>
   </trkpt>
   <trkpt lat="-7.6321270" lon="111.1717480">
    <ele>2316.1</ele>
   </trkpt>
   <trkpt lat="-7.6321700" lon="111.1716970">
    <ele>2312.8</ele>
   </trkpt>
   <trkpt lat="-7.6322130" lon="111.1716660">
    <ele>2309.5</ele>
   </trkpt>
   <trkpt lat="-7.6322560" lon="111.1716350">
    <ele>2305.9</ele>
   </trkpt>
   <trkpt lat="-7.6322500" lon="111.1715840">
    <ele>2304.0</ele>
   </trkpt>
   <trkpt lat="-7.6322090" lon="111.1715430">
    <ele>2304.0</ele>
   </trkpt>
   <trkpt lat="-7.6321990" lon="111.1715120">
    <ele>2302.0</ele>
   </trkpt>
   <trkpt lat="-7.6322410" lon="111.1714820">
    <ele>2300.0</ele>
   </trkpt>
   <trkpt lat="-7.6322840" lon="111.1714300">
    <ele>2295.8</ele>
   </trkpt>
   <trkpt lat="-7.6323230" lon="111.1713890">
    <ele>2291.3</ele>
   </trkpt>
   <trkpt lat="-7.6323580" lon="111.1713380">
    <ele>2285.2</ele>
   </trkpt>
   <trkpt lat="-7.6323840" lon="111.1713080">
    <ele>2285.2</ele>
   </trkpt>
   <trkpt lat="-7.6324250" lon="111.1712460">
    <ele>2279.5</ele>
   </trkpt>
   <trkpt lat="-7.6324630" lon="111.1712050">
    <ele>2275.5</ele>
   </trkpt>
   <trkpt lat="-7.6324630" lon="111.1711740">
    <ele>2275.5</ele>
   </trkpt>
   <trkpt lat="-7.6323980" lon="111.1711640">
    <ele>2276.6</ele>
   </trkpt>
   <trkpt lat="-7.6323390" lon="111.1711540">
    <ele>2281.4</ele>
   </trkpt>
   <trkpt lat="-7.6323020" lon="111.1711330">
    <ele>2283.2</ele>
   </trkpt>
   <trkpt lat="-7.6323390" lon="111.1710820">
    <ele>2277.7</ele>
   </trkpt>
   <trkpt lat="-7.6323640" lon="111.1710310">
    <ele>2273.9</ele>
   </trkpt>
   <trkpt lat="-7.6323880" lon="111.1709900">
    <ele>2271.8</ele>
   </trkpt>
   <trkpt lat="-7.6324100" lon="111.1709390">
    <ele>2268.2</ele>
   </trkpt>
   <trkpt lat="-7.6324380" lon="111.1708880">
    <ele>2264.7</ele>
   </trkpt>
   <trkpt lat="-7.6324780" lon="111.1708260">
    <ele>2262.9</ele>
   </trkpt>
   <trkpt lat="-7.6325190" lon="111.1707850">
    <ele>2259.2</ele>
   </trkpt>
   <trkpt lat="-7.6325580" lon="111.1707340">
    <ele>2252.4</ele>
   </trkpt>
   <trkpt lat="-7.6326120" lon="111.1706930">
    <ele>2245.2</ele>
   </trkpt>
   <trkpt lat="-7.6326520" lon="111.1706520">
    <ele>2239.7</ele>
   </trkpt>
   <trkpt lat="-7.6326890" lon="111.1706110">
    <ele>2237.7</ele>
   </trkpt>
   <trkpt lat="-7.6327460" lon="111.1705700">
    <ele>2234.1</ele>
   </trkpt>
   <trkpt lat="-7.6327890" lon="111.1705500">
    <ele>2230.7</ele>
   </trkpt>
   <trkpt lat="-7.6328260" lon="111.1705190">
    <ele>2227.6</ele>
   </trkpt>
   <trkpt lat="-7.6328630" lon="111.1704680">
    <ele>2224.6</ele>
   </trkpt>
   <trkpt lat="-7.6328920" lon="111.1704270">
    <ele>2223.3</ele>
   </trkpt>
   <trkpt lat="-7.6329220" lon="111.1703760">
    <ele>2220.5</ele>
   </trkpt>
   <trkpt lat="-7.6329500" lon="111.1703350">
    <ele>2217.8</ele>
   </trkpt>
   <trkpt lat="-7.6329680" lon="111.1702840">
    <ele>2216.6</ele>
   </trkpt>
   <trkpt lat="-7.6329970" lon="111.1702220">
    <ele>2211.9</ele>
   </trkpt>
   <trkpt lat="-7.6330330" lon="111.1701710">
    <ele>2208.3</ele>
   </trkpt>
   <trkpt lat="-7.6330660" lon="111.1701400">
    <ele>2208.3</ele>
   </trkpt>
   <trkpt lat="-7.6331120" lon="111.1701090">
    <ele>2204.6</ele>
   </trkpt>
   <trkpt lat="-7.6331420" lon="111.1700680">
    <ele>2201.2</ele>
   </trkpt>
   <trkpt lat="-7.6331790" lon="111.1700170">
    <ele>2198.3</ele>
   </trkpt>
   <trkpt lat="-7.6332140" lon="111.1699660">
    <ele>2194.9</ele>
   </trkpt>
   <trkpt lat="-7.6332410" lon="111.1699250">
    <ele>2194.9</ele>
   </trkpt>
   <trkpt lat="-7.6332740" lon="111.1698640">
    <ele>2192.2</ele>
   </trkpt>
   <trkpt lat="-7.6333030" lon="111.1698230">
    <ele>2190.5</ele>
   </trkpt>
   <trkpt lat="-7.6333290" lon="111.1697720">
    <ele>2190.0</ele>
   </trkpt>
   <trkpt lat="-7.6333550" lon="111.1697200">
    <ele>2188.6</ele>
   </trkpt>
   <trkpt lat="-7.6333890" lon="111.1696790">
    <ele>2187.5</ele>
   </trkpt>
   <trkpt lat="-7.6334170" lon="111.1696280">
    <ele>2186.6</ele>
   </trkpt>
   <trkpt lat="-7.6334470" lon="111.1695770">
    <ele>2185.6</ele>
   </trkpt>
   <trkpt lat="-7.6334820" lon="111.1695360">
    <ele>2184.8</ele>
   </trkpt>
   <trkpt lat="-7.6335160" lon="111.1694750">
    <ele>2183.9</ele>
   </trkpt>
   <trkpt lat="-7.6335390" lon="111.1694230">
    <ele>2183.4</ele>
   </trkpt>
   <trkpt lat="-7.6335630" lon="111.1693720">
    <ele>2181.9</ele>
   </trkpt>
   <trkpt lat="-7.6335920" lon="111.1693110">
    <ele>2178.5</ele>
   </trkpt>
   <trkpt lat="-7.6336240" lon="111.1692190">
    <ele>2175.8</ele>
   </trkpt>
   <trkpt lat="-7.6336400" lon="111.1691780">
    <ele>2173.6</ele>
   </trkpt>
   <trkpt lat="-7.6336590" lon="111.1691160">
    <ele>2172.6</ele>
   </trkpt>
   <trkpt lat="-7.6336790" lon="111.1690550">
    <ele>2169.6</ele>
   </trkpt>
   <trkpt lat="-7.6337030" lon="111.1689930">
    <ele>2168.7</ele>
   </trkpt>
   <trkpt lat="-7.6337310" lon="111.1689110">
    <ele>2165.5</ele>
   </trkpt>
   <trkpt lat="-7.6337520" lon="111.1688810">
    <ele>2164.5</ele>
   </trkpt>
   <trkpt lat="-7.6337760" lon="111.1688190">
    <ele>2162.3</ele>
   </trkpt>
   <trkpt lat="-7.6337950" lon="111.1687580">
    <ele>2160.4</ele>
   </trkpt>
   <trkpt lat="-7.6338190" lon="111.1686960">
    <ele>2158.6</ele>
   </trkpt>
   <trkpt lat="-7.6338390" lon="111.1686450">
    <ele>2157.7</ele>
   </trkpt>
   <trkpt lat="-7.6338550" lon="111.1685940">
    <ele>2154.9</ele>
   </trkpt>
   <trkpt lat="-7.6338810" lon="111.1685220">
    <ele>2153.8</ele>
   </trkpt>
   <trkpt lat="-7.6339050" lon="111.1684610">
    <ele>2150.2</ele>
   </trkpt>
   <trkpt lat="-7.6339250" lon="111.1683890">
    <ele>2149.0</ele>
   </trkpt>
   <trkpt lat="-7.6339370" lon="111.1683170">
    <ele>2145.8</ele>
   </trkpt>
   <trkpt lat="-7.6339480" lon="111.1682560">
    <ele>2145.0</ele>
   </trkpt>
   <trkpt lat="-7.6339580" lon="111.1681950">
    <ele>2143.5</ele>
   </trkpt>
   <trkpt lat="-7.6339760" lon="111.1681330">
    <ele>2142.0</ele>
   </trkpt>
   <trkpt lat="-7.6339960" lon="111.1680610">
    <ele>2140.7</ele>
   </trkpt>
   <trkpt lat="-7.6340040" lon="111.1680100">
    <ele>2139.7</ele>
   </trkpt>
   <trkpt lat="-7.6340120" lon="111.1679490">
    <ele>2136.1</ele>
   </trkpt>
   <trkpt lat="-7.6340190" lon="111.1678870">
    <ele>2134.6</ele>
   </trkpt>
   <trkpt lat="-7.6340820" lon="111.1677750">
    <ele>2130.0</ele>
   </trkpt>
   <trkpt lat="-7.6340820" lon="111.1677640">
    <ele>2130.0</ele>
   </trkpt>
   <trkpt lat="-7.6340860" lon="111.1677030">
    <ele>2129.0</ele>
   </trkpt>
   <trkpt lat="-7.6340950" lon="111.1676310">
    <ele>2127.2</ele>
   </trkpt>
   <trkpt lat="-7.6341000" lon="111.1675800">
    <ele>2125.7</ele>
   </trkpt>
   <trkpt lat="-7.6341060" lon="111.1675290">
    <ele>2125.0</ele>
   </trkpt>
   <trkpt lat="-7.6341200" lon="111.1674780">
    <ele>2123.7</ele>
   </trkpt>
   <trkpt lat="-7.6341310" lon="111.1674160">
    <ele>2123.0</ele>
   </trkpt>
   <trkpt lat="-7.6341360" lon="111.1673550">
    <ele>2122.3</ele>
   </trkpt>
   <trkpt lat="-7.6341390" lon="111.1673040">
    <ele>2120.0</ele>
   </trkpt>
   <trkpt lat="-7.6341410" lon="111.1672520">
    <ele>2119.3</ele>
   </trkpt>
   <trkpt lat="-7.6341370" lon="111.1671910">
    <ele>2119.8</ele>
   </trkpt>
   <trkpt lat="-7.6341310" lon="111.1671400">
    <ele>2119.2</ele>
   </trkpt>
   <trkpt lat="-7.6341300" lon="111.1670780">
    <ele>2118.0</ele>
   </trkpt>
   <trkpt lat="-7.6341200" lon="111.1670270">
    <ele>2117.4</ele>
   </trkpt>
   <trkpt lat="-7.6341160" lon="111.1669660">
    <ele>2116.8</ele>
   </trkpt>
   <trkpt lat="-7.6341230" lon="111.1669040">
    <ele>2115.2</ele>
   </trkpt>
   <trkpt lat="-7.6341370" lon="111.1668430">
    <ele>2114.3</ele>
   </trkpt>
   <trkpt lat="-7.6341520" lon="111.1667810">
    <ele>2110.5</ele>
   </trkpt>
   <trkpt lat="-7.6341460" lon="111.1667300">
    <ele>2109.3</ele>
   </trkpt>
   <trkpt lat="-7.6341350" lon="111.1666690">
    <ele>2110.2</ele>
   </trkpt>
   <trkpt lat="-7.6341160" lon="111.1665970">
    <ele>2107.6</ele>
   </trkpt>
   <trkpt lat="-7.6341220" lon="111.1665460">
    <ele>2106.0</ele>
   </trkpt>
   <trkpt lat="-7.6341410" lon="111.1664840">
    <ele>2100.8</ele>
   </trkpt>
   <trkpt lat="-7.6341580" lon="111.1664330">
    <ele>2099.2</ele>
   </trkpt>
   <trkpt lat="-7.6341680" lon="111.1663620">
    <ele>2095.9</ele>
   </trkpt>
   <trkpt lat="-7.6341650" lon="111.1663210">
    <ele>2095.9</ele>
   </trkpt>
   <trkpt lat="-7.6341570" lon="111.1662690">
    <ele>2092.2</ele>
   </trkpt>
   <trkpt lat="-7.6341610" lon="111.1662180">
    <ele>2090.2</ele>
   </trkpt>
   <trkpt lat="-7.6341800" lon="111.1661670">
    <ele>2088.2</ele>
   </trkpt>
   <trkpt lat="-7.6342040" lon="111.1661160">
    <ele>2084.0</ele>
   </trkpt>
   <trkpt lat="-7.6342180" lon="111.1660650">
    <ele>2082.2</ele>
   </trkpt>
   <trkpt lat="-7.6342380" lon="111.1660030">
    <ele>2077.0</ele>
   </trkpt>
   <trkpt lat="-7.6342460" lon="111.1659320">
    <ele>2074.9</ele>
   </trkpt>
   <trkpt lat="-7.6342400" lon="111.1658800">
    <ele>2074.0</ele>
   </trkpt>
   <trkpt lat="-7.6342230" lon="111.1658290">
    <ele>2073.2</ele>
   </trkpt>
   <trkpt lat="-7.6342100" lon="111.1657680">
    <ele>2073.8</ele>
   </trkpt>
   <trkpt lat="-7.6342050" lon="111.1657060">
    <ele>2071.8</ele>
   </trkpt>
   <trkpt lat="-7.6342190" lon="111.1656550">
    <ele>2070.8</ele>
   </trkpt>
   <trkpt lat="-7.6342280" lon="111.1656040">
    <ele>2068.9</ele>
   </trkpt>
   <trkpt lat="-7.6342410" lon="111.1655630">
    <ele>2068.1</ele>
   </trkpt>
   <trkpt lat="-7.6342400" lon="111.1655010">
    <ele>2066.7</ele>
   </trkpt>
   <trkpt lat="-7.6342440" lon="111.1654400">
    <ele>2066.0</ele>
   </trkpt>
   <trkpt lat="-7.6342620" lon="111.1653990">
    <ele>2065.2</ele>
   </trkpt>
   <trkpt lat="-7.6342910" lon="111.1653480">
    <ele>2063.4</ele>
   </trkpt>
   <trkpt lat="-7.6343190" lon="111.1652860">
    <ele>2060.3</ele>
   </trkpt>
   <trkpt lat="-7.6343280" lon="111.1652350">
    <ele>2059.4</ele>
   </trkpt>
   <trkpt lat="-7.6343260" lon="111.1651840">
    <ele>2058.7</ele>
   </trkpt>
   <trkpt lat="-7.6343420" lon="111.1651330">
    <ele>2058.1</ele>
   </trkpt>
   <trkpt lat="-7.6343580" lon="111.1650820">
    <ele>2055.6</ele>
   </trkpt>
   <trkpt lat="-7.6343710" lon="111.1650200">
    <ele>2054.0</ele>
   </trkpt>
   <trkpt lat="-7.6343860" lon="111.1649590">
    <ele>2053.0</ele>
   </trkpt>
   <trkpt lat="-7.6344080" lon="111.1649080">
    <ele>2049.9</ele>
   </trkpt>
   <trkpt lat="-7.6344300" lon="111.1648460">
    <ele>2047.5</ele>
   </trkpt>
   <trkpt lat="-7.6344440" lon="111.1648050">
    <ele>2044.5</ele>
   </trkpt>
   <trkpt lat="-7.6344600" lon="111.1647540">
    <ele>2043.3</ele>
   </trkpt>
   <trkpt lat="-7.6344680" lon="111.1646920">
    <ele>2042.2</ele>
   </trkpt>
   <trkpt lat="-7.6344720" lon="111.1646410">
    <ele>2039.9</ele>
   </trkpt>
   <trkpt lat="-7.6344830" lon="111.1645900">
    <ele>2037.4</ele>
   </trkpt>
   <trkpt lat="-7.6345000" lon="111.1645390">
    <ele>2036.5</ele>
   </trkpt>
   <trkpt lat="-7.6345050" lon="111.1644570">
    <ele>2035.0</ele>
   </trkpt>
   <trkpt lat="-7.6345000" lon="111.1644060">
    <ele>2034.2</ele>
   </trkpt>
   <trkpt lat="-7.6345040" lon="111.1643550">
    <ele>2033.4</ele>
   </trkpt>
   <trkpt lat="-7.6345100" lon="111.1643030">
    <ele>2032.5</ele>
   </trkpt>
   <trkpt lat="-7.6345160" lon="111.1642520">
    <ele>2031.0</ele>
   </trkpt>
   <trkpt lat="-7.6345350" lon="111.1641910">
    <ele>2029.2</ele>
   </trkpt>
   <trkpt lat="-7.6345760" lon="111.1641290">
    <ele>2027.1</ele>
   </trkpt>
   <trkpt lat="-7.6345950" lon="111.1640780">
    <ele>2026.7</ele>
   </trkpt>
   <trkpt lat="-7.6346090" lon="111.1640270">
    <ele>2024.2</ele>
   </trkpt>
   <trkpt lat="-7.6346320" lon="111.1639760">
    <ele>2023.6</ele>
   </trkpt>
   <trkpt lat="-7.6346600" lon="111.1639240">
    <ele>2021.0</ele>
   </trkpt>
   <trkpt lat="-7.6346790" lon="111.1638840">
    <ele>2020.5</ele>
   </trkpt>
   <trkpt lat="-7.6347000" lon="111.1638020">
    <ele>2017.4</ele>
   </trkpt>
   <trkpt lat="-7.6347160" lon="111.1637500">
    <ele>2016.7</ele>
   </trkpt>
   <trkpt lat="-7.6347220" lon="111.1636890">
    <ele>2014.9</ele>
   </trkpt>
   <trkpt lat="-7.6347240" lon="111.1636170">
    <ele>2013.9</ele>
   </trkpt>
   <trkpt lat="-7.6347230" lon="111.1635660">
    <ele>2012.0</ele>
   </trkpt>
   <trkpt lat="-7.6347360" lon="111.1635050">
    <ele>2009.9</ele>
   </trkpt>
   <trkpt lat="-7.6347480" lon="111.1634530">
    <ele>2009.2</ele>
   </trkpt>
   <trkpt lat="-7.6347810" lon="111.1634020">
    <ele>2007.1</ele>
   </trkpt>
   <trkpt lat="-7.6348230" lon="111.1633410">
    <ele>2005.8</ele>
   </trkpt>
   <trkpt lat="-7.6348460" lon="111.1632790">
    <ele>2005.6</ele>
   </trkpt>
   <trkpt lat="-7.6348610" lon="111.1632280">
    <ele>2004.3</ele>
   </trkpt>
   <trkpt lat="-7.6348600" lon="111.1631560">
    <ele>2004.6</ele>
   </trkpt>
   <trkpt lat="-7.6348550" lon="111.1631050">
    <ele>2004.0</ele>
   </trkpt>
   <trkpt lat="-7.6348450" lon="111.1630440">
    <ele>2002.4</ele>
   </trkpt>
   <trkpt lat="-7.6348530" lon="111.1630030">
    <ele>2001.6</ele>
   </trkpt>
   <trkpt lat="-7.6348760" lon="111.1629310">
    <ele>1999.8</ele>
   </trkpt>
   <trkpt lat="-7.6348830" lon="111.1628700">
    <ele>1998.4</ele>
   </trkpt>
   <trkpt lat="-7.6348890" lon="111.1628190">
    <ele>1997.7</ele>
   </trkpt>
   <trkpt lat="-7.6349040" lon="111.1627670">
    <ele>1995.9</ele>
   </trkpt>
   <trkpt lat="-7.6349290" lon="111.1627260">
    <ele>1995.1</ele>
   </trkpt>
   <trkpt lat="-7.6349580" lon="111.1626750">
    <ele>1993.0</ele>
   </trkpt>
   <trkpt lat="-7.6349910" lon="111.1626240">
    <ele>1989.8</ele>
   </trkpt>
   <trkpt lat="-7.6350270" lon="111.1625730">
    <ele>1988.9</ele>
   </trkpt>
   <trkpt lat="-7.6350450" lon="111.1625220">
    <ele>1985.9</ele>
   </trkpt>
   <trkpt lat="-7.6350550" lon="111.1624700">
    <ele>1984.7</ele>
   </trkpt>
   <trkpt lat="-7.6350700" lon="111.1623990">
    <ele>1982.2</ele>
   </trkpt>
   <trkpt lat="-7.6350800" lon="111.1623370">
    <ele>1979.2</ele>
   </trkpt>
   <trkpt lat="-7.6350900" lon="111.1622660">
    <ele>1977.9</ele>
   </trkpt>
   <trkpt lat="-7.6351030" lon="111.1622040">
    <ele>1977.5</ele>
   </trkpt>
   <trkpt lat="-7.6351190" lon="111.1621430">
    <ele>1976.1</ele>
   </trkpt>
   <trkpt lat="-7.6351330" lon="111.1620920">
    <ele>1975.9</ele>
   </trkpt>
   <trkpt lat="-7.6351420" lon="111.1620510">
    <ele>1975.6</ele>
   </trkpt>
   <trkpt lat="-7.6351430" lon="111.1619890">
    <ele>1975.4</ele>
   </trkpt>
   <trkpt lat="-7.6351560" lon="111.1619380">
    <ele>1974.9</ele>
   </trkpt>
   <trkpt lat="-7.6351770" lon="111.1618760">
    <ele>1973.5</ele>
   </trkpt>
   <trkpt lat="-7.6351920" lon="111.1618250">
    <ele>1973.2</ele>
   </trkpt>
   <trkpt lat="-7.6352070" lon="111.1617740">
    <ele>1971.4</ele>
   </trkpt>
   <trkpt lat="-7.6352290" lon="111.1617230">
    <ele>1970.0</ele>
   </trkpt>
   <trkpt lat="-7.6352520" lon="111.1616720">
    <ele>1967.7</ele>
   </trkpt>
   <trkpt lat="-7.6352650" lon="111.1616100">
    <ele>1966.9</ele>
   </trkpt>
   <trkpt lat="-7.6352720" lon="111.1615490">
    <ele>1965.2</ele>
   </trkpt>
   <trkpt lat="-7.6352770" lon="111.1614980">
    <ele>1964.3</ele>
   </trkpt>
   <trkpt lat="-7.6352870" lon="111.1614460">
    <ele>1962.2</ele>
   </trkpt>
   <trkpt lat="-7.6353060" lon="111.1613850">
    <ele>1961.4</ele>
   </trkpt>
   <trkpt lat="-7.6353200" lon="111.1613240">
    <ele>1959.8</ele>
   </trkpt>
   <trkpt lat="-7.6353310" lon="111.1612620">
    <ele>1957.7</ele>
   </trkpt>
   <trkpt lat="-7.6353360" lon="111.1612010">
    <ele>1955.8</ele>
   </trkpt>
   <trkpt lat="-7.6353360" lon="111.1611290">
    <ele>1954.8</ele>
   </trkpt>
   <trkpt lat="-7.6353450" lon="111.1610780">
    <ele>1952.6</ele>
   </trkpt>
   <trkpt lat="-7.6353600" lon="111.1610160">
    <ele>1951.4</ele>
   </trkpt>
   <trkpt lat="-7.6354030" lon="111.1609860">
    <ele>1948.4</ele>
   </trkpt>
   <trkpt lat="-7.6354590" lon="111.1609750">
    <ele>1944.5</ele>
   </trkpt>
   <trkpt lat="-7.6355060" lon="111.1609450">
    <ele>1940.9</ele>
   </trkpt>
   <trkpt lat="-7.6355350" lon="111.1609040">
    <ele>1939.4</ele>
   </trkpt>
   <trkpt lat="-7.6355480" lon="111.1608520">
    <ele>1935.7</ele>
   </trkpt>
   <trkpt lat="-7.6355360" lon="111.1607910">
    <ele>1936.4</ele>
   </trkpt>
   <trkpt lat="-7.6355040" lon="111.1607400">
    <ele>1933.0</ele>
   </trkpt>
   <trkpt lat="-7.6354830" lon="111.1606890">
    <ele>1933.0</ele>
   </trkpt>
   <trkpt lat="-7.6355180" lon="111.1606580">
    <ele>1931.2</ele>
   </trkpt>
   <trkpt lat="-7.6355630" lon="111.1606270">
    <ele>1927.5</ele>
   </trkpt>
   <trkpt lat="-7.6356010" lon="111.1605860">
    <ele>1923.8</ele>
   </trkpt>
   <trkpt lat="-7.6356230" lon="111.1605350">
    <ele>1922.1</ele>
   </trkpt>
   <trkpt lat="-7.6356130" lon="111.1604840">
    <ele>1920.5</ele>
   </trkpt>
   <trkpt lat="-7.6355960" lon="111.1604330">
    <ele>1917.2</ele>
   </trkpt>
   <trkpt lat="-7.6356060" lon="111.1603810">
    <ele>1915.4</ele>
   </trkpt>
   <trkpt lat="-7.6356110" lon="111.1603200">
    <ele>1913.6</ele>
   </trkpt>
   <trkpt lat="-7.6356040" lon="111.1602690">
    <ele>1911.7</ele>
   </trkpt>
   <trkpt lat="-7.6356150" lon="111.1601970">
    <ele>1908.2</ele>
   </trkpt>
   <trkpt lat="-7.6356140" lon="111.1601460">
    <ele>1906.6</ele>
   </trkpt>
   <trkpt lat="-7.6355740" lon="111.1601050">
    <ele>1906.1</ele>
   </trkpt>
   <trkpt lat="-7.6355390" lon="111.1600540">
    <ele>1904.0</ele>
   </trkpt>
   <trkpt lat="-7.6355430" lon="111.1600030">
    <ele>1901.8</ele>
   </trkpt>
   <trkpt lat="-7.6355760" lon="111.1599620">
    <ele>1900.3</ele>
   </trkpt>
   <trkpt lat="-7.6356080" lon="111.1599000">
    <ele>1898.1</ele>
   </trkpt>
   <trkpt lat="-7.6356460" lon="111.1598690">
    <ele>1895.7</ele>
   </trkpt>
   <trkpt lat="-7.6356800" lon="111.1598180">
    <ele>1893.2</ele>
   </trkpt>
   <trkpt lat="-7.6356990" lon="111.1597570">
    <ele>1891.4</ele>
   </trkpt>
   <trkpt lat="-7.6356990" lon="111.1596950">
    <ele>1887.6</ele>
   </trkpt>
   <trkpt lat="-7.6356740" lon="111.1596440">
    <ele>1884.4</ele>
   </trkpt>
   <trkpt lat="-7.6356440" lon="111.1596030">
    <ele>1883.1</ele>
   </trkpt>
   <trkpt lat="-7.6356400" lon="111.1595420">
    <ele>1880.9</ele>
   </trkpt>
   <trkpt lat="-7.6356560" lon="111.1595010">
    <ele>1878.7</ele>
   </trkpt>
   <trkpt lat="-7.6356540" lon="111.1594390">
    <ele>1874.7</ele>
   </trkpt>
   <trkpt lat="-7.6356520" lon="111.1593680">
    <ele>1873.2</ele>
   </trkpt>
   <trkpt lat="-7.6356650" lon="111.1593160">
    <ele>1870.9</ele>
   </trkpt>
   <trkpt lat="-7.6356700" lon="111.1592650">
    <ele>1869.1</ele>
   </trkpt>
   <trkpt lat="-7.6356740" lon="111.1592040">
    <ele>1868.0</ele>
   </trkpt>
   <trkpt lat="-7.6356890" lon="111.1591320">
    <ele>1865.5</ele>
   </trkpt>
   <trkpt lat="-7.6356880" lon="111.1590710">
    <ele>1864.2</ele>
   </trkpt>
   <trkpt lat="-7.6356730" lon="111.1590090">
    <ele>1861.7</ele>
   </trkpt>
   <trkpt lat="-7.6356600" lon="111.1589480">
    <ele>1861.2</ele>
   </trkpt>
   <trkpt lat="-7.6356520" lon="111.1588860">
    <ele>1858.6</ele>
   </trkpt>
   <trkpt lat="-7.6356440" lon="111.1588250">
    <ele>1857.3</ele>
   </trkpt>
   <trkpt lat="-7.6356300" lon="111.1587740">
    <ele>1856.1</ele>
   </trkpt>
   <trkpt lat="-7.6356200" lon="111.1587120">
    <ele>1854.5</ele>
   </trkpt>
   <trkpt lat="-7.6356110" lon="111.1586610">
    <ele>1853.4</ele>
   </trkpt>
   <trkpt lat="-7.6356030" lon="111.1586000">
    <ele>1852.3</ele>
   </trkpt>
   <trkpt lat="-7.6355970" lon="111.1585590">
    <ele>1851.1</ele>
   </trkpt>
   <trkpt lat="-7.6355800" lon="111.1584970">
    <ele>1849.6</ele>
   </trkpt>
   <trkpt lat="-7.6355610" lon="111.1584360">
    <ele>1848.7</ele>
   </trkpt>
   <trkpt lat="-7.6355340" lon="111.1583740">
    <ele>1848.6</ele>
   </trkpt>
   <trkpt lat="-7.6355100" lon="111.1583230">
    <ele>1848.3</ele>
   </trkpt>
   <trkpt lat="-7.6354850" lon="111.1582620">
    <ele>1849.1</ele>
   </trkpt>
   <trkpt lat="-7.6354800" lon="111.1582110">
    <ele>1849.0</ele>
   </trkpt>
   <trkpt lat="-7.6354870" lon="111.1581590">
    <ele>1848.9</ele>
   </trkpt>
   <trkpt lat="-7.6355020" lon="111.1581080">
    <ele>1847.5</ele>
   </trkpt>
   <trkpt lat="-7.6355140" lon="111.1580260">
    <ele>1846.5</ele>
   </trkpt>
   <trkpt lat="-7.6355210" lon="111.1579550">
    <ele>1845.6</ele>
   </trkpt>
   <trkpt lat="-7.6355130" lon="111.1578930">
    <ele>1843.3</ele>
   </trkpt>
   <trkpt lat="-7.6355030" lon="111.1578420">
    <ele>1842.1</ele>
   </trkpt>
   <trkpt lat="-7.6354890" lon="111.1578010">
    <ele>1842.1</ele>
   </trkpt>
   <trkpt lat="-7.6354540" lon="111.1577290">
    <ele>1841.0</ele>
   </trkpt>
   <trkpt lat="-7.6354420" lon="111.1576780">
    <ele>1840.0</ele>
   </trkpt>
   <trkpt lat="-7.6354460" lon="111.1576270">
    <ele>1839.1</ele>
   </trkpt>
   <trkpt lat="-7.6354500" lon="111.1575650">
    <ele>1837.4</ele>
   </trkpt>
   <trkpt lat="-7.6354500" lon="111.1575040">
    <ele>1836.6</ele>
   </trkpt>
   <trkpt lat="-7.6354530" lon="111.1574320">
    <ele>1834.8</ele>
   </trkpt>
   <trkpt lat="-7.6354530" lon="111.1573610">
    <ele>1833.9</ele>
   </trkpt>
   <trkpt lat="-7.6354480" lon="111.1572990">
    <ele>1832.5</ele>
   </trkpt>
   <trkpt lat="-7.6354370" lon="111.1572380">
    <ele>1831.9</ele>
   </trkpt>
   <trkpt lat="-7.6354270" lon="111.1571760">
    <ele>1830.7</ele>
   </trkpt>
   <trkpt lat="-7.6354210" lon="111.1571150">
    <ele>1830.1</ele>
   </trkpt>
   <trkpt lat="-7.6354190" lon="111.1570530">
    <ele>1829.6</ele>
   </trkpt>
   <trkpt lat="-7.6354210" lon="111.1569920">
    <ele>1828.4</ele>
   </trkpt>
   <trkpt lat="-7.6354370" lon="111.1569310">
    <ele>1827.8</ele>
   </trkpt>
   <trkpt lat="-7.6354590" lon="111.1568790">
    <ele>1826.1</ele>
   </trkpt>
   <trkpt lat="-7.6354680" lon="111.1568280">
    <ele>1824.6</ele>
   </trkpt>
   <trkpt lat="-7.6354690" lon="111.1567770">
    <ele>1823.6</ele>
   </trkpt>
   <trkpt lat="-7.6354640" lon="111.1567160">
    <ele>1822.5</ele>
   </trkpt>
   <trkpt lat="-7.6354690" lon="111.1566640">
    <ele>1821.4</ele>
   </trkpt>
   <trkpt lat="-7.6354790" lon="111.1566130">
    <ele>1819.3</ele>
   </trkpt>
   <trkpt lat="-7.6354940" lon="111.1565520">
    <ele>1818.2</ele>
   </trkpt>
   <trkpt lat="-7.6355140" lon="111.1565000">
    <ele>1816.3</ele>
   </trkpt>
   <trkpt lat="-7.6355440" lon="111.1564600">
    <ele>1814.2</ele>
   </trkpt>
   <trkpt lat="-7.6355620" lon="111.1563980">
    <ele>1811.8</ele>
   </trkpt>
   <trkpt lat="-7.6355690" lon="111.1563570">
    <ele>1810.4</ele>
   </trkpt>
   <trkpt lat="-7.6355840" lon="111.1563060">
    <ele>1808.7</ele>
   </trkpt>
   <trkpt lat="-7.6356180" lon="111.1562550">
    <ele>1805.5</ele>
   </trkpt>
   <trkpt lat="-7.6356290" lon="111.1562040">
    <ele>1802.4</ele>
   </trkpt>
   <trkpt lat="-7.6356060" lon="111.1561520">
    <ele>1802.2</ele>
   </trkpt>
   <trkpt lat="-7.6355640" lon="111.1561010">
    <ele>1800.9</ele>
   </trkpt>
   <trkpt lat="-7.6355230" lon="111.1560810">
    <ele>1802.0</ele>
   </trkpt>
   <trkpt lat="-7.6354730" lon="111.1560500">
    <ele>1802.1</ele>
   </trkpt>
   <trkpt lat="-7.6354320" lon="111.1560090">
    <ele>1802.3</ele>
   </trkpt>
   <trkpt lat="-7.6354000" lon="111.1559680">
    <ele>1802.7</ele>
   </trkpt>
   <trkpt lat="-7.6353860" lon="111.1559270">
    <ele>1802.3</ele>
   </trkpt>
   <trkpt lat="-7.6353890" lon="111.1558550">
    <ele>1802.1</ele>
   </trkpt>
   <trkpt lat="-7.6354160" lon="111.1557940">
    <ele>1799.9</ele>
   </trkpt>
   <trkpt lat="-7.6354160" lon="111.1557430">
    <ele>1799.3</ele>
   </trkpt>
   <trkpt lat="-7.6354000" lon="111.1556710">
    <ele>1799.8</ele>
   </trkpt>
   <trkpt lat="-7.6353800" lon="111.1556200">
    <ele>1799.4</ele>
   </trkpt>
   <trkpt lat="-7.6353530" lon="111.1555580">
    <ele>1800.3</ele>
   </trkpt>
   <trkpt lat="-7.6353400" lon="111.1555070">
    <ele>1799.8</ele>
   </trkpt>
   <trkpt lat="-7.6353430" lon="111.1554460">
    <ele>1798.4</ele>
   </trkpt>
   <trkpt lat="-7.6353520" lon="111.1554050">
    <ele>1797.2</ele>
   </trkpt>
   <trkpt lat="-7.6353600" lon="111.1553540">
    <ele>1795.9</ele>
   </trkpt>
   <trkpt lat="-7.6353620" lon="111.1552920">
    <ele>1794.5</ele>
   </trkpt>
   <trkpt lat="-7.6353750" lon="111.1552310">
    <ele>1790.5</ele>
   </trkpt>
   <trkpt lat="-7.6353960" lon="111.1551800">
    <ele>1788.8</ele>
   </trkpt>
   <trkpt lat="-7.6354210" lon="111.1551390">
    <ele>1785.5</ele>
   </trkpt>
   <trkpt lat="-7.6354630" lon="111.1550980">
    <ele>1781.8</ele>
   </trkpt>
   <trkpt lat="-7.6354720" lon="111.1550360">
    <ele>1780.2</ele>
   </trkpt>
   <trkpt lat="-7.6354400" lon="111.1549850">
    <ele>1779.1</ele>
   </trkpt>
   <trkpt lat="-7.6354090" lon="111.1549640">
    <ele>1781.0</ele>
   </trkpt>
   <trkpt lat="-7.6353590" lon="111.1549440">
    <ele>1781.3</ele>
   </trkpt>
   <trkpt lat="-7.6353630" lon="111.1548930">
    <ele>1779.9</ele>
   </trkpt>
   <trkpt lat="-7.6353740" lon="111.1548310">
    <ele>1777.1</ele>
   </trkpt>
   <trkpt lat="-7.6353820" lon="111.1547600">
    <ele>1775.0</ele>
   </trkpt>
   <trkpt lat="-7.6353970" lon="111.1547080">
    <ele>1774.1</ele>
   </trkpt>
   <trkpt lat="-7.6354120" lon="111.1546570">
    <ele>1773.1</ele>
   </trkpt>
   <trkpt lat="-7.6354270" lon="111.1546060">
    <ele>1770.7</ele>
   </trkpt>
   <trkpt lat="-7.6354470" lon="111.1545450">
    <ele>1768.2</ele>
   </trkpt>
   <trkpt lat="-7.6354610" lon="111.1544830">
    <ele>1765.1</ele>
   </trkpt>
   <trkpt lat="-7.6354760" lon="111.1544220">
    <ele>1762.1</ele>
   </trkpt>
   <trkpt lat="-7.6354790" lon="111.1543710">
    <ele>1760.8</ele>
   </trkpt>
   <trkpt lat="-7.6354800" lon="111.1543090">
    <ele>1759.5</ele>
   </trkpt>
   <trkpt lat="-7.6354850" lon="111.1542480">
    <ele>1757.3</ele>
   </trkpt>
   <trkpt lat="-7.6354960" lon="111.1541960">
    <ele>1756.1</ele>
   </trkpt>
   <trkpt lat="-7.6355280" lon="111.1541250">
    <ele>1751.8</ele>
   </trkpt>
   <trkpt lat="-7.6355550" lon="111.1540740">
    <ele>1748.7</ele>
   </trkpt>
   <trkpt lat="-7.6355770" lon="111.1540220">
    <ele>1747.4</ele>
   </trkpt>
   <trkpt lat="-7.6355880" lon="111.1539610">
    <ele>1744.4</ele>
   </trkpt>
   <trkpt lat="-7.6355850" lon="111.1539100">
    <ele>1741.9</ele>
   </trkpt>
   <trkpt lat="-7.6355770" lon="111.1538590">
    <ele>1742.6</ele>
   </trkpt>
   <trkpt lat="-7.6355790" lon="111.1537870">
    <ele>1740.7</ele>
   </trkpt>
   <trkpt lat="-7.6355870" lon="111.1537250">
    <ele>1738.0</ele>
   </trkpt>
   <trkpt lat="-7.6355890" lon="111.1536540">
    <ele>1736.9</ele>
   </trkpt>
   <trkpt lat="-7.6355810" lon="111.1536030">
    <ele>1737.9</ele>
   </trkpt>
   <trkpt lat="-7.6355560" lon="111.1535410">
    <ele>1737.2</ele>
   </trkpt>
   <trkpt lat="-7.6355440" lon="111.1534690">
    <ele>1735.6</ele>
   </trkpt>
   <trkpt lat="-7.6355510" lon="111.1534180">
    <ele>1734.8</ele>
   </trkpt>
   <trkpt lat="-7.6355850" lon="111.1533670">
    <ele>1732.4</ele>
   </trkpt>
   <trkpt lat="-7.6355960" lon="111.1533160">
    <ele>1730.8</ele>
   </trkpt>
   <trkpt lat="-7.6356090" lon="111.1532240">
    <ele>1729.0</ele>
   </trkpt>
   <trkpt lat="-7.6356200" lon="111.1531720">
    <ele>1727.8</ele>
   </trkpt>
   <trkpt lat="-7.6356360" lon="111.1531320">
    <ele>1725.4</ele>
   </trkpt>
   <trkpt lat="-7.6356470" lon="111.1530700">
    <ele>1724.0</ele>
   </trkpt>
   <trkpt lat="-7.6356600" lon="111.1530090">
    <ele>1720.7</ele>
   </trkpt>
   <trkpt lat="-7.6356760" lon="111.1529570">
    <ele>1717.8</ele>
   </trkpt>
   <trkpt lat="-7.6356840" lon="111.1528960">
    <ele>1716.0</ele>
   </trkpt>
   <trkpt lat="-7.6356950" lon="111.1528350">
    <ele>1712.4</ele>
   </trkpt>
   <trkpt lat="-7.6356990" lon="111.1527830">
    <ele>1710.6</ele>
   </trkpt>
   <trkpt lat="-7.6356960" lon="111.1527420">
    <ele>1708.9</ele>
   </trkpt>
   <trkpt lat="-7.6356950" lon="111.1526810">
    <ele>1707.2</ele>
   </trkpt>
   <trkpt lat="-7.6357080" lon="111.1526300">
    <ele>1705.5</ele>
   </trkpt>
   <trkpt lat="-7.6357300" lon="111.1525680">
    <ele>1701.7</ele>
   </trkpt>
   <trkpt lat="-7.6357550" lon="111.1525270">
    <ele>1699.6</ele>
   </trkpt>
   <trkpt lat="-7.6357800" lon="111.1524660">
    <ele>1698.6</ele>
   </trkpt>
   <trkpt lat="-7.6357950" lon="111.1524150">
    <ele>1697.0</ele>
   </trkpt>
   <trkpt lat="-7.6358020" lon="111.1523530">
    <ele>1695.4</ele>
   </trkpt>
   <trkpt lat="-7.6358090" lon="111.1522920">
    <ele>1694.9</ele>
   </trkpt>
   <trkpt lat="-7.6358220" lon="111.1522200">
    <ele>1694.2</ele>
   </trkpt>
   <trkpt lat="-7.6358330" lon="111.1521690">
    <ele>1693.8</ele>
   </trkpt>
   <trkpt lat="-7.6358280" lon="111.1521080">
    <ele>1693.0</ele>
   </trkpt>
   <trkpt lat="-7.6358300" lon="111.1520460">
    <ele>1692.6</ele>
   </trkpt>
   <trkpt lat="-7.6358320" lon="111.1519850">
    <ele>1691.7</ele>
   </trkpt>
   <trkpt lat="-7.6358350" lon="111.1519230">
    <ele>1691.2</ele>
   </trkpt>
   <trkpt lat="-7.6358310" lon="111.1518720">
    <ele>1690.6</ele>
   </trkpt>
   <trkpt lat="-7.6358390" lon="111.1518210">
    <ele>1689.8</ele>
   </trkpt>
   <trkpt lat="-7.6358610" lon="111.1517590">
    <ele>1686.9</ele>
   </trkpt>
   <trkpt lat="-7.6358880" lon="111.1517180">
    <ele>1684.6</ele>
   </trkpt>
   <trkpt lat="-7.6358990" lon="111.1516570">
    <ele>1683.4</ele>
   </trkpt>
   <trkpt lat="-7.6358800" lon="111.1515960">
    <ele>1681.8</ele>
   </trkpt>
   <trkpt lat="-7.6358310" lon="111.1515850">
    <ele>1682.7</ele>
   </trkpt>
   <trkpt lat="-7.6357900" lon="111.1515240">
    <ele>1682.2</ele>
   </trkpt>
   <trkpt lat="-7.6357610" lon="111.1514620">
    <ele>1680.2</ele>
   </trkpt>
   <trkpt lat="-7.6357450" lon="111.1514010">
    <ele>1680.2</ele>
   </trkpt>
   <trkpt lat="-7.6357240" lon="111.1513400">
    <ele>1678.8</ele>
   </trkpt>
   <trkpt lat="-7.6357040" lon="111.1512990">
    <ele>1678.9</ele>
   </trkpt>
   <trkpt lat="-7.6356810" lon="111.1512470">
    <ele>1678.1</ele>
   </trkpt>
   <trkpt lat="-7.6356540" lon="111.1511960">
    <ele>1678.2</ele>
   </trkpt>
   <trkpt lat="-7.6356240" lon="111.1511450">
    <ele>1678.1</ele>
   </trkpt>
   <trkpt lat="-7.6355990" lon="111.1510940">
    <ele>1677.3</ele>
   </trkpt>
   <trkpt lat="-7.6355900" lon="111.1510430">
    <ele>1676.4</ele>
   </trkpt>
   <trkpt lat="-7.6355970" lon="111.1509810">
    <ele>1674.6</ele>
   </trkpt>
   <trkpt lat="-7.6356060" lon="111.1509200">
    <ele>1673.4</ele>
   </trkpt>
   <trkpt lat="-7.6356100" lon="111.1508790">
    <ele>1672.0</ele>
   </trkpt>
   <trkpt lat="-7.6356220" lon="111.1508170">
    <ele>1668.8</ele>
   </trkpt>
   <trkpt lat="-7.6356000" lon="111.1507760">
    <ele>1667.0</ele>
   </trkpt>
   <trkpt lat="-7.6355720" lon="111.1507150">
    <ele>1665.1</ele>
   </trkpt>
   <trkpt lat="-7.6355640" lon="111.1506640">
    <ele>1663.1</ele>
   </trkpt>
   <trkpt lat="-7.6355740" lon="111.1506120">
    <ele>1659.3</ele>
   </trkpt>
   <trkpt lat="-7.6355840" lon="111.1505510">
    <ele>1657.5</ele>
   </trkpt>
   <trkpt lat="-7.6355810" lon="111.1504900">
    <ele>1655.7</ele>
   </trkpt>
   <trkpt lat="-7.6355580" lon="111.1504490">
    <ele>1654.0</ele>
   </trkpt>
   <trkpt lat="-7.6355600" lon="111.1503560">
    <ele>1650.4</ele>
   </trkpt>
   <trkpt lat="-7.6355780" lon="111.1502950">
    <ele>1646.9</ele>
   </trkpt>
   <trkpt lat="-7.6355940" lon="111.1502440">
    <ele>1644.7</ele>
   </trkpt>
   <trkpt lat="-7.6355830" lon="111.1501930">
    <ele>1643.5</ele>
   </trkpt>
   <trkpt lat="-7.6355640" lon="111.1501410">
    <ele>1641.8</ele>
   </trkpt>
   <trkpt lat="-7.6355830" lon="111.1500900">
    <ele>1638.0</ele>
   </trkpt>
   <trkpt lat="-7.6355960" lon="111.1500290">
    <ele>1635.7</ele>
   </trkpt>
   <trkpt lat="-7.6356130" lon="111.1499880">
    <ele>1633.4</ele>
   </trkpt>
   <trkpt lat="-7.6356050" lon="111.1499370">
    <ele>1630.8</ele>
   </trkpt>
   <trkpt lat="-7.6355460" lon="111.1499060">
    <ele>1627.9</ele>
   </trkpt>
   <trkpt lat="-7.6355170" lon="111.1498550">
    <ele>1624.9</ele>
   </trkpt>
   <trkpt lat="-7.6355530" lon="111.1498040">
    <ele>1621.8</ele>
   </trkpt>
   <trkpt lat="-7.6355900" lon="111.1497630">
    <ele>1618.6</ele>
   </trkpt>
   <trkpt lat="-7.6356240" lon="111.1497220">
    <ele>1616.0</ele>
   </trkpt>
   <trkpt lat="-7.6356440" lon="111.1496500">
    <ele>1611.3</ele>
   </trkpt>
   <trkpt lat="-7.6356400" lon="111.1495880">
    <ele>1609.2</ele>
   </trkpt>
   <trkpt lat="-7.6356290" lon="111.1495370">
    <ele>1605.1</ele>
   </trkpt>
   <trkpt lat="-7.6356330" lon="111.1494860">
    <ele>1603.2</ele>
   </trkpt>
   <trkpt lat="-7.6356410" lon="111.1494250">
    <ele>1601.5</ele>
   </trkpt>
   <trkpt lat="-7.6356520" lon="111.1493630">
    <ele>1598.3</ele>
   </trkpt>
   <trkpt lat="-7.6356540" lon="111.1493220">
    <ele>1596.9</ele>
   </trkpt>
   <trkpt lat="-7.6356670" lon="111.1492510">
    <ele>1595.6</ele>
   </trkpt>
   <trkpt lat="-7.6356830" lon="111.1492100">
    <ele>1594.2</ele>
   </trkpt>
   <trkpt lat="-7.6357150" lon="111.1491580">
    <ele>1592.8</ele>
   </trkpt>
   <trkpt lat="-7.6357290" lon="111.1490970">
    <ele>1590.1</ele>
   </trkpt>
   <trkpt lat="-7.6357170" lon="111.1490460">
    <ele>1588.6</ele>
   </trkpt>
   <trkpt lat="-7.6356860" lon="111.1490050">
    <ele>1587.3</ele>
   </trkpt>
   <trkpt lat="-7.6356480" lon="111.1489640">
    <ele>1586.0</ele>
   </trkpt>
   <trkpt lat="-7.6356170" lon="111.1489230">
    <ele>1584.7</ele>
   </trkpt>
   <trkpt lat="-7.6355810" lon="111.1488820">
    <ele>1583.6</ele>
   </trkpt>
   <trkpt lat="-7.6355450" lon="111.1488200">
    <ele>1582.7</ele>
   </trkpt>
   <trkpt lat="-7.6355190" lon="111.1487800">
    <ele>1581.5</ele>
   </trkpt>
   <trkpt lat="-7.6354690" lon="111.1487390">
    <ele>1580.1</ele>
   </trkpt>
   <trkpt lat="-7.6354330" lon="111.1486870">
    <ele>1578.5</ele>
   </trkpt>
   <trkpt lat="-7.6354130" lon="111.1486260">
    <ele>1574.9</ele>
   </trkpt>
   <trkpt lat="-7.6354040" lon="111.1485850">
    <ele>1573.5</ele>
   </trkpt>
   <trkpt lat="-7.6354050" lon="111.1485340">
    <ele>1572.2</ele>
   </trkpt>
   <trkpt lat="-7.6354090" lon="111.1484720">
    <ele>1570.9</ele>
   </trkpt>
   <trkpt lat="-7.6354200" lon="111.1484110">
    <ele>1568.2</ele>
   </trkpt>
   <trkpt lat="-7.6354240" lon="111.1483490">
    <ele>1567.1</ele>
   </trkpt>
   <trkpt lat="-7.6354220" lon="111.1482880">
    <ele>1565.0</ele>
   </trkpt>
   <trkpt lat="-7.6354160" lon="111.1481960">
    <ele>1563.0</ele>
   </trkpt>
   <trkpt lat="-7.6354200" lon="111.1481750">
    <ele>1563.0</ele>
   </trkpt>
   <trkpt lat="-7.6354210" lon="111.1481040">
    <ele>1560.6</ele>
   </trkpt>
   <trkpt lat="-7.6354200" lon="111.1480520">
    <ele>1559.1</ele>
   </trkpt>
   <trkpt lat="-7.6353860" lon="111.1480220">
    <ele>1557.6</ele>
   </trkpt>
   <trkpt lat="-7.6353340" lon="111.1479910">
    <ele>1556.0</ele>
   </trkpt>
   <trkpt lat="-7.6352800" lon="111.1479600">
    <ele>1557.2</ele>
   </trkpt>
   <trkpt lat="-7.6352560" lon="111.1479090">
    <ele>1553.9</ele>
   </trkpt>
   <trkpt lat="-7.6352560" lon="111.1478480">
    <ele>1552.2</ele>
   </trkpt>
   <trkpt lat="-7.6352570" lon="111.1477860">
    <ele>1550.4</ele>
   </trkpt>
   <trkpt lat="-7.6352410" lon="111.1477250">
    <ele>1547.6</ele>
   </trkpt>
   <trkpt lat="-7.6352550" lon="111.1476740">
    <ele>1545.0</ele>
   </trkpt>
   <trkpt lat="-7.6352710" lon="111.1476020">
    <ele>1541.2</ele>
   </trkpt>
   <trkpt lat="-7.6353060" lon="111.1475610">
    <ele>1538.7</ele>
   </trkpt>
   <trkpt lat="-7.6353200" lon="111.1475100">
    <ele>1536.6</ele>
   </trkpt>
   <trkpt lat="-7.6353250" lon="111.1474480">
    <ele>1534.6</ele>
   </trkpt>
   <trkpt lat="-7.6353160" lon="111.1473970">
    <ele>1532.6</ele>
   </trkpt>
   <trkpt lat="-7.6352810" lon="111.1473460">
    <ele>1529.6</ele>
   </trkpt>
   <trkpt lat="-7.6352380" lon="111.1473150">
    <ele>1530.1</ele>
   </trkpt>
   <trkpt lat="-7.6351870" lon="111.1473050">
    <ele>1528.9</ele>
   </trkpt>
   <trkpt lat="-7.6351470" lon="111.1472640">
    <ele>1527.5</ele>
   </trkpt>
   <trkpt lat="-7.6351130" lon="111.1472230">
    <ele>1527.8</ele>
   </trkpt>
   <trkpt lat="-7.6350790" lon="111.1471820">
    <ele>1526.1</ele>
   </trkpt>
   <trkpt lat="-7.6350330" lon="111.1471310">
    <ele>1523.3</ele>
   </trkpt>
   <trkpt lat="-7.6349790" lon="111.1471210">
    <ele>1523.7</ele>
   </trkpt>
   <trkpt lat="-7.6349230" lon="111.1471410">
    <ele>1525.3</ele>
   </trkpt>
   <trkpt lat="-7.6348660" lon="111.1471510">
    <ele>1525.5</ele>
   </trkpt>
   <trkpt lat="-7.6347970" lon="111.1471820">
    <ele>1527.7</ele>
   </trkpt>
   <trkpt lat="-7.6347390" lon="111.1472130">
    <ele>1528.1</ele>
   </trkpt>
   <trkpt lat="-7.6346780" lon="111.1472330">
    <ele>1530.3</ele>
   </trkpt>
   <trkpt lat="-7.6346350" lon="111.1472230">
    <ele>1530.4</ele>
   </trkpt>
   <trkpt lat="-7.6345860" lon="111.1472130">
    <ele>1528.4</ele>
   </trkpt>
   <trkpt lat="-7.6345910" lon="111.1471510">
    <ele>1526.9</ele>
   </trkpt>
   <trkpt lat="-7.6346100" lon="111.1471000">
    <ele>1525.5</ele>
   </trkpt>
   <trkpt lat="-7.6346320" lon="111.1470390">
    <ele>1522.4</ele>
   </trkpt>
   <trkpt lat="-7.6346490" lon="111.1469770">
    <ele>1520.7</ele>
   </trkpt>
   <trkpt lat="-7.6346610" lon="111.1469260">
    <ele>1518.5</ele>
   </trkpt>
   <trkpt lat="-7.6346740" lon="111.1468650">
    <ele>1513.1</ele>
   </trkpt>
   <trkpt lat="-7.6347000" lon="111.1468030">
    <ele>1510.9</ele>
   </trkpt>
   <trkpt lat="-7.6347370" lon="111.1467520">
    <ele>1509.0</ele>
   </trkpt>
   <trkpt lat="-7.6347720" lon="111.1466910">
    <ele>1503.3</ele>
   </trkpt>
   <trkpt lat="-7.6348080" lon="111.1466500">
    <ele>1502.9</ele>
   </trkpt>
   <trkpt lat="-7.6348330" lon="111.1466090">
    <ele>1501.7</ele>
   </trkpt>
   <trkpt lat="-7.6348570" lon="111.1465570">
    <ele>1499.2</ele>
   </trkpt>
   <trkpt lat="-7.6348790" lon="111.1465060">
    <ele>1497.7</ele>
   </trkpt>
   <trkpt lat="-7.6348960" lon="111.1464550">
    <ele>1495.2</ele>
   </trkpt>
   <trkpt lat="-7.6349000" lon="111.1464040">
    <ele>1490.8</ele>
   </trkpt>
   <trkpt lat="-7.6348850" lon="111.1463530">
    <ele>1488.9</ele>
   </trkpt>
   <trkpt lat="-7.6348850" lon="111.1462810">
    <ele>1487.2</ele>
   </trkpt>
   <trkpt lat="-7.6349160" lon="111.1462400">
    <ele>1486.6</ele>
   </trkpt>
   <trkpt lat="-7.6349410" lon="111.1461890">
    <ele>1483.9</ele>
   </trkpt>
   <trkpt lat="-7.6349580" lon="111.1461270">
    <ele>1483.5</ele>
   </trkpt>
   <trkpt lat="-7.6349580" lon="111.1460760">
    <ele>1481.9</ele>
   </trkpt>
   <trkpt lat="-7.6349710" lon="111.1460250">
    <ele>1480.2</ele>
   </trkpt>
   <trkpt lat="-7.6350010" lon="111.1459530">
    <ele>1477.0</ele>
   </trkpt>
   <trkpt lat="-7.6350120" lon="111.1459020">
    <ele>1474.7</ele>
   </trkpt>
   <trkpt lat="-7.6350050" lon="111.1458510">
    <ele>1472.3</ele>
   </trkpt>
   <trkpt lat="-7.6349920" lon="111.1458000">
    <ele>1467.5</ele>
   </trkpt>
   <trkpt lat="-7.6349810" lon="111.1457480">
    <ele>1464.1</ele>
   </trkpt>
   <trkpt lat="-7.6349770" lon="111.1456870">
    <ele>1461.9</ele>
   </trkpt>
   <trkpt lat="-7.6349910" lon="111.1456260">
    <ele>1459.5</ele>
   </trkpt>
   <trkpt lat="-7.6350160" lon="111.1455640">
    <ele>1457.9</ele>
   </trkpt>
   <trkpt lat="-7.6350360" lon="111.1455230">
    <ele>1457.0</ele>
   </trkpt>
   <trkpt lat="-7.6350480" lon="111.1454720">
    <ele>1455.1</ele>
   </trkpt>
   <trkpt lat="-7.6350510" lon="111.1454110">
    <ele>1450.8</ele>
   </trkpt>
   <trkpt lat="-7.6350520" lon="111.1453590">
    <ele>1448.8</ele>
   </trkpt>
   <trkpt lat="-7.6350570" lon="111.1452980">
    <ele>1447.1</ele>
   </trkpt>
   <trkpt lat="-7.6350700" lon="111.1452360">
    <ele>1444.5</ele>
   </trkpt>
   <trkpt lat="-7.6350890" lon="111.1451750">
    <ele>1444.0</ele>
   </trkpt>
   <trkpt lat="-7.6350910" lon="111.1451140">
    <ele>1442.2</ele>
   </trkpt>
   <trkpt lat="-7.6350920" lon="111.1450620">
    <ele>1441.3</ele>
   </trkpt>
   <trkpt lat="-7.6351020" lon="111.1450010">
    <ele>1440.5</ele>
   </trkpt>
   <trkpt lat="-7.6351140" lon="111.1449500">
    <ele>1439.8</ele>
   </trkpt>
   <trkpt lat="-7.6351250" lon="111.1448880">
    <ele>1439.0</ele>
   </trkpt>
   <trkpt lat="-7.6351380" lon="111.1448170">
    <ele>1437.9</ele>
   </trkpt>
   <trkpt lat="-7.6351550" lon="111.1447550">
    <ele>1437.2</ele>
   </trkpt>
   <trkpt lat="-7.6351680" lon="111.1446940">
    <ele>1436.9</ele>
   </trkpt>
   <trkpt lat="-7.6351900" lon="111.1446430">
    <ele>1435.0</ele>
   </trkpt>
   <trkpt lat="-7.6352080" lon="111.1445810">
    <ele>1434.1</ele>
   </trkpt>
   <trkpt lat="-7.6352210" lon="111.1445200">
    <ele>1432.7</ele>
   </trkpt>
   <trkpt lat="-7.6352360" lon="111.1444680">
    <ele>1429.9</ele>
   </trkpt>
   <trkpt lat="-7.6352530" lon="111.1444280">
    <ele>1428.6</ele>
   </trkpt>
   <trkpt lat="-7.6352760" lon="111.1443660">
    <ele>1427.2</ele>
   </trkpt>
   <trkpt lat="-7.6352930" lon="111.1443150">
    <ele>1425.7</ele>
   </trkpt>
   <trkpt lat="-7.6353080" lon="111.1442530">
    <ele>1422.8</ele>
   </trkpt>
   <trkpt lat="-7.6353200" lon="111.1442120">
    <ele>1421.4</ele>
   </trkpt>
   <trkpt lat="-7.6353420" lon="111.1441410">
    <ele>1419.4</ele>
   </trkpt>
   <trkpt lat="-7.6353610" lon="111.1441000">
    <ele>1418.0</ele>
   </trkpt>
   <trkpt lat="-7.6353720" lon="111.1440380">
    <ele>1415.1</ele>
   </trkpt>
   <trkpt lat="-7.6353730" lon="111.1439870">
    <ele>1414.0</ele>
   </trkpt>
   <trkpt lat="-7.6353740" lon="111.1439260">
    <ele>1412.9</ele>
   </trkpt>
   <trkpt lat="-7.6353650" lon="111.1438640">
    <ele>1411.2</ele>
   </trkpt>
   <trkpt lat="-7.6353540" lon="111.1437930">
    <ele>1410.3</ele>
   </trkpt>
   <trkpt lat="-7.6353480" lon="111.1437110">
    <ele>1408.4</ele>
   </trkpt>
   <trkpt lat="-7.6353520" lon="111.1436490">
    <ele>1406.5</ele>
   </trkpt>
   <trkpt lat="-7.6353690" lon="111.1435880">
    <ele>1405.5</ele>
   </trkpt>
   <trkpt lat="-7.6353900" lon="111.1435370">
    <ele>1402.9</ele>
   </trkpt>
   <trkpt lat="-7.6354080" lon="111.1434650">
    <ele>1400.9</ele>
   </trkpt>
   <trkpt lat="-7.6354310" lon="111.1434040">
    <ele>1398.4</ele>
   </trkpt>
   <trkpt lat="-7.6354530" lon="111.1433220">
    <ele>1397.1</ele>
   </trkpt>
   <trkpt lat="-7.6354820" lon="111.1432600">
    <ele>1395.4</ele>
   </trkpt>
   <trkpt lat="-7.6355070" lon="111.1431990">
    <ele>1394.4</ele>
   </trkpt>
   <trkpt lat="-7.6355350" lon="111.1431370">
    <ele>1393.9</ele>
   </trkpt>
   <trkpt lat="-7.6355560" lon="111.1430860">
    <ele>1393.0</ele>
   </trkpt>
   <trkpt lat="-7.6355720" lon="111.1430250">
    <ele>1393.1</ele>
   </trkpt>
   <trkpt lat="-7.6355920" lon="111.1429630">
    <ele>1392.6</ele>
   </trkpt>
   <trkpt lat="-7.6356130" lon="111.1429020">
    <ele>1392.6</ele>
   </trkpt>
   <trkpt lat="-7.6356370" lon="111.1428710">
    <ele>1392.2</ele>
   </trkpt>
   <trkpt lat="-7.6356800" lon="111.1428100">
    <ele>1391.9</ele>
   </trkpt>
   <trkpt lat="-7.6357200" lon="111.1427580">
    <ele>1391.5</ele>
   </trkpt>
   <trkpt lat="-7.6357470" lon="111.1427170">
    <ele>1391.5</ele>
   </trkpt>
   <trkpt lat="-7.6357860" lon="111.1426460">
    <ele>1390.6</ele>
   </trkpt>
   <trkpt lat="-7.6358160" lon="111.1426050">
    <ele>1390.0</ele>
   </trkpt>
   <trkpt lat="-7.6358550" lon="111.1425430">
    <ele>1389.1</ele>
   </trkpt>
   <trkpt lat="-7.6358890" lon="111.1424820">
    <ele>1388.5</ele>
   </trkpt>
   <trkpt lat="-7.6359120" lon="111.1424200">
    <ele>1387.9</ele>
   </trkpt>
   <trkpt lat="-7.6359380" lon="111.1423690">
    <ele>1385.6</ele>
   </trkpt>
   <trkpt lat="-7.6359640" lon="111.1423080">
    <ele>1384.4</ele>
   </trkpt>
   <trkpt lat="-7.6359890" lon="111.1422670">
    <ele>1382.4</ele>
   </trkpt>
   <trkpt lat="-7.6360070" lon="111.1422050">
    <ele>1381.1</ele>
   </trkpt>
   <trkpt lat="-7.6360210" lon="111.1421540">
    <ele>1378.2</ele>
   </trkpt>
   <trkpt lat="-7.6360320" lon="111.1421030">
    <ele>1377.2</ele>
   </trkpt>
   <trkpt lat="-7.6360420" lon="111.1420310">
    <ele>1376.3</ele>
   </trkpt>
   <trkpt lat="-7.6360510" lon="111.1419600">
    <ele>1374.7</ele>
   </trkpt>
   <trkpt lat="-7.6360770" lon="111.1418880">
    <ele>1373.8</ele>
   </trkpt>
   <trkpt lat="-7.6361040" lon="111.1418270">
    <ele>1373.3</ele>
   </trkpt>
   <trkpt lat="-7.6361220" lon="111.1417860">
    <ele>1372.3</ele>
   </trkpt>
   <trkpt lat="-7.6361390" lon="111.1417240">
    <ele>1370.3</ele>
   </trkpt>
   <trkpt lat="-7.6361450" lon="111.1416420">
    <ele>1368.0</ele>
   </trkpt>
   <trkpt lat="-7.6361480" lon="111.1415710">
    <ele>1366.7</ele>
   </trkpt>
   <trkpt lat="-7.6361540" lon="111.1415190">
    <ele>1365.2</ele>
   </trkpt>
   <trkpt lat="-7.6361680" lon="111.1414680">
    <ele>1361.8</ele>
   </trkpt>
   <trkpt lat="-7.6361860" lon="111.1414270">
    <ele>1359.9</ele>
   </trkpt>
   <trkpt lat="-7.6362180" lon="111.1413760">
    <ele>1358.0</ele>
   </trkpt>
   <trkpt lat="-7.6362430" lon="111.1413350">
    <ele>1355.7</ele>
   </trkpt>
   <trkpt lat="-7.6362620" lon="111.1412840">
    <ele>1354.0</ele>
   </trkpt>
   <trkpt lat="-7.6362770" lon="111.1412330">
    <ele>1352.0</ele>
   </trkpt>
   <trkpt lat="-7.6363030" lon="111.1411710">
    <ele>1349.7</ele>
   </trkpt>
   <trkpt lat="-7.6363080" lon="111.1411100">
    <ele>1348.6</ele>
   </trkpt>
   <trkpt lat="-7.6363140" lon="111.1410590">
    <ele>1347.7</ele>
   </trkpt>
   <trkpt lat="-7.6363320" lon="111.1409970">
    <ele>1345.5</ele>
   </trkpt>
   <trkpt lat="-7.6363380" lon="111.1409250">
    <ele>1344.3</ele>
   </trkpt>
   <trkpt lat="-7.6363660" lon="111.1408950">
    <ele>1342.5</ele>
   </trkpt>
   <trkpt lat="-7.6363920" lon="111.1408440">
    <ele>1341.5</ele>
   </trkpt>
   <trkpt lat="-7.6364060" lon="111.1407920">
    <ele>1340.1</ele>
   </trkpt>
   <trkpt lat="-7.6364190" lon="111.1407410">
    <ele>1339.1</ele>
   </trkpt>
   <trkpt lat="-7.6364470" lon="111.1406900">
    <ele>1337.8</ele>
   </trkpt>
   <trkpt lat="-7.6364880" lon="111.1406590">
    <ele>1336.7</ele>
   </trkpt>
   <trkpt lat="-7.6365320" lon="111.1406390">
    <ele>1335.1</ele>
   </trkpt>
   <trkpt lat="-7.6365930" lon="111.1406280">
    <ele>1334.0</ele>
   </trkpt>
   <trkpt lat="-7.6366370" lon="111.1405980">
    <ele>1332.2</ele>
   </trkpt>
   <trkpt lat="-7.6366560" lon="111.1405360">
    <ele>1330.3</ele>
   </trkpt>
   <trkpt lat="-7.6366850" lon="111.1405060">
    <ele>1329.2</ele>
   </trkpt>
   <trkpt lat="-7.6367210" lon="111.1404540">
    <ele>1327.4</ele>
   </trkpt>
   <trkpt lat="-7.6367380" lon="111.1404030">
    <ele>1325.9</ele>
   </trkpt>
   <trkpt lat="-7.6367380" lon="111.1403520">
    <ele>1324.0</ele>
   </trkpt>
   <trkpt lat="-7.6367320" lon="111.1402910">
    <ele>1323.8</ele>
   </trkpt>
   <trkpt lat="-7.6367100" lon="111.1402290">
    <ele>1323.1</ele>
   </trkpt>
   <trkpt lat="-7.6366840" lon="111.1401680">
    <ele>1322.3</ele>
   </trkpt>
   <trkpt lat="-7.6366570" lon="111.1401160">
    <ele>1321.4</ele>
   </trkpt>
   <trkpt lat="-7.6366350" lon="111.1400650">
    <ele>1321.1</ele>
   </trkpt>
   <trkpt lat="-7.6366090" lon="111.1400140">
    <ele>1319.8</ele>
   </trkpt>
   <trkpt lat="-7.6365870" lon="111.1399730">
    <ele>1318.8</ele>
   </trkpt>
   <trkpt lat="-7.6365710" lon="111.1399010">
    <ele>1315.1</ele>
   </trkpt>
   <trkpt lat="-7.6365540" lon="111.1398400">
    <ele>1311.0</ele>
   </trkpt>
   <trkpt lat="-7.6365440" lon="111.1397680">
    <ele>1308.9</ele>
   </trkpt>
   <trkpt lat="-7.6365410" lon="111.1397070">
    <ele>1304.9</ele>
   </trkpt>
   <trkpt lat="-7.6365410" lon="111.1396450">
    <ele>1303.1</ele>
   </trkpt>
   <trkpt lat="-7.6365420" lon="111.1395740">
    <ele>1299.8</ele>
   </trkpt>
   <trkpt lat="-7.6365520" lon="111.1395230">
    <ele>1298.5</ele>
   </trkpt>
   <trkpt lat="-7.6365670" lon="111.1394610">
    <ele>1297.4</ele>
   </trkpt>
   <trkpt lat="-7.6365860" lon="111.1394200">
    <ele>1296.6</ele>
   </trkpt>
   <trkpt lat="-7.6366030" lon="111.1393690">
    <ele>1295.4</ele>
   </trkpt>
   <trkpt lat="-7.6366050" lon="111.1393180">
    <ele>1295.2</ele>
   </trkpt>
   <trkpt lat="-7.6365900" lon="111.1392560">
    <ele>1294.2</ele>
   </trkpt>
   <trkpt lat="-7.6365860" lon="111.1392050">
    <ele>1293.5</ele>
   </trkpt>
   <trkpt lat="-7.6365910" lon="111.1391330">
    <ele>1292.2</ele>
   </trkpt>
   <trkpt lat="-7.6365900" lon="111.1390820">
    <ele>1291.6</ele>
   </trkpt>
   <trkpt lat="-7.6365720" lon="111.1390210">
    <ele>1290.2</ele>
   </trkpt>
   <trkpt lat="-7.6365830" lon="111.1389590">
    <ele>1289.5</ele>
   </trkpt>
   <trkpt lat="-7.6366040" lon="111.1389180">
    <ele>1288.6</ele>
   </trkpt>
   <trkpt lat="-7.6365950" lon="111.1388670">
    <ele>1287.6</ele>
   </trkpt>
   <trkpt lat="-7.6365700" lon="111.1388060">
    <ele>1285.4</ele>
   </trkpt>
   <trkpt lat="-7.6365420" lon="111.1387550">
    <ele>1282.8</ele>
   </trkpt>
   <trkpt lat="-7.6365040" lon="111.1386930">
    <ele>1280.2</ele>
   </trkpt>
   <trkpt lat="-7.6364770" lon="111.1386420">
    <ele>1277.9</ele>
   </trkpt>
   <trkpt lat="-7.6364390" lon="111.1385910">
    <ele>1276.6</ele>
   </trkpt>
   <trkpt lat="-7.6364150" lon="111.1385400">
    <ele>1274.5</ele>
   </trkpt>
   <trkpt lat="-7.6363990" lon="111.1384780">
    <ele>1274.2</ele>
   </trkpt>
   <trkpt lat="-7.6363850" lon="111.1384270">
    <ele>1272.1</ele>
   </trkpt>
   <trkpt lat="-7.6363600" lon="111.1383760">
    <ele>1272.0</ele>
   </trkpt>
   <trkpt lat="-7.6363300" lon="111.1383450">
    <ele>1269.9</ele>
   </trkpt>
   <trkpt lat="-7.6362800" lon="111.1383140">
    <ele>1267.5</ele>
   </trkpt>
   <trkpt lat="-7.6362470" lon="111.1382840">
    <ele>1264.3</ele>
   </trkpt>
   <trkpt lat="-7.6362110" lon="111.1382320">
    <ele>1260.7</ele>
   </trkpt>
   <trkpt lat="-7.6361760" lon="111.1381810">
    <ele>1256.8</ele>
   </trkpt>
   <trkpt lat="-7.6361270" lon="111.1381710">
    <ele>1254.4</ele>
   </trkpt>
   <trkpt lat="-7.6360710" lon="111.1381710">
    <ele>1252.4</ele>
   </trkpt>
   <trkpt lat="-7.6360170" lon="111.1381500">
    <ele>1249.9</ele>
   </trkpt>
   <trkpt lat="-7.6359510" lon="111.1381710">
    <ele>1249.0</ele>
   </trkpt>
   <trkpt lat="-7.6358950" lon="111.1381710">
    <ele>1248.7</ele>
   </trkpt>
   <trkpt lat="-7.6358390" lon="111.1381710">
    <ele>1249.1</ele>
   </trkpt>
   <trkpt lat="-7.6357790" lon="111.1381500">
    <ele>1249.2</ele>
   </trkpt>
   <trkpt lat="-7.6357210" lon="111.1381300">
    <ele>1249.8</ele>
   </trkpt>
   <trkpt lat="-7.6356860" lon="111.1380890">
    <ele>1249.6</ele>
   </trkpt>
   <trkpt lat="-7.6356630" lon="111.1380380">
    <ele>1246.9</ele>
   </trkpt>
   <trkpt lat="-7.6356360" lon="111.1379970">
    <ele>1246.9</ele>
   </trkpt>
   <trkpt lat="-7.6355910" lon="111.1379460">
    <ele>1242.6</ele>
   </trkpt>
   <trkpt lat="-7.6355490" lon="111.1379050">
    <ele>1239.9</ele>
   </trkpt>
   <trkpt lat="-7.6355020" lon="111.1378740">
    <ele>1239.8</ele>
   </trkpt>
   <trkpt lat="-7.6354620" lon="111.1378330">
    <ele>1237.2</ele>
   </trkpt>
   <trkpt lat="-7.6354440" lon="111.1377820">
    <ele>1234.7</ele>
   </trkpt>
   <trkpt lat="-7.6354120" lon="111.1377100">
    <ele>1229.5</ele>
   </trkpt>
   <trkpt lat="-7.6353830" lon="111.1376690">
    <ele>1225.3</ele>
   </trkpt>
   <trkpt lat="-7.6353360" lon="111.1376180">
    <ele>1224.0</ele>
   </trkpt>
   <trkpt lat="-7.6352850" lon="111.1375770">
    <ele>1222.7</ele>
   </trkpt>
   <trkpt lat="-7.6352460" lon="111.1375460">
    <ele>1221.8</ele>
   </trkpt>
   <trkpt lat="-7.6352160" lon="111.1375050">
    <ele>1220.8</ele>
   </trkpt>
   <trkpt lat="-7.6351860" lon="111.1374540">
    <ele>1219.6</ele>
   </trkpt>
   <trkpt lat="-7.6351560" lon="111.1373930">
    <ele>1218.3</ele>
   </trkpt>
   <trkpt lat="-7.6351350" lon="111.1373310">
    <ele>1217.1</ele>
   </trkpt>
   <trkpt lat="-7.6351140" lon="111.1372800">
    <ele>1216.0</ele>
   </trkpt>
   <trkpt lat="-7.6350990" lon="111.1372290">
    <ele>1215.0</ele>
   </trkpt>
   <trkpt lat="-7.6351090" lon="111.1371780">
    <ele>1214.0</ele>
   </trkpt>
   <trkpt lat="-7.6351570" lon="111.1371370">
    <ele>1212.8</ele>
   </trkpt>
   <trkpt lat="-7.6351520" lon="111.1370650">
    <ele>1211.4</ele>
   </trkpt>
   <trkpt lat="-7.6351140" lon="111.1370240">
    <ele>1210.3</ele>
   </trkpt>
   <trkpt lat="-7.6350550" lon="111.1369830">
    <ele>1208.9</ele>
   </trkpt>
   <trkpt lat="-7.6350120" lon="111.1369520">
    <ele>1207.9</ele>
   </trkpt>
   <trkpt lat="-7.6349670" lon="111.1369320">
    <ele>1206.9</ele>
   </trkpt>
   <trkpt lat="-7.6349110" lon="111.1369010">
    <ele>1205.7</ele>
   </trkpt>
   <trkpt lat="-7.6348840" lon="111.1368600">
    <ele>1204.7</ele>
   </trkpt>
   <trkpt lat="-7.6349160" lon="111.1367990">
    <ele>1203.4</ele>
   </trkpt>
   <trkpt lat="-7.6349410" lon="111.1367370">
    <ele>1202.1</ele>
   </trkpt>
   <trkpt lat="-7.6349470" lon="111.1366860">
    <ele>1201.1</ele>
   </trkpt>
   <trkpt lat="-7.6349370" lon="111.1366250">
    <ele>1199.9</ele>
   </trkpt>
   <trkpt lat="-7.6349080" lon="111.1365840">
    <ele>1199.0</ele>
   </trkpt>
   <trkpt lat="-7.6348700" lon="111.1365320">
    <ele>1197.7</ele>
   </trkpt>
   <trkpt lat="-7.6348340" lon="111.1364810">
    <ele>1196.5</ele>
   </trkpt>
   <trkpt lat="-7.6348080" lon="111.1364300">
    <ele>1195.4</ele>
   </trkpt>
   <trkpt lat="-7.6347910" lon="111.1363690">
    <ele>1194.2</ele>
   </trkpt>
   <trkpt lat="-7.6347720" lon="111.1363070">
    <ele>1192.9</ele>
   </trkpt>
   <trkpt lat="-7.6347640" lon="111.1362460">
    <ele>1191.8</ele>
   </trkpt>
   <trkpt lat="-7.6347670" lon="111.1361740">
    <ele>1190.4</ele>
   </trkpt>
   <trkpt lat="-7.6347690" lon="111.1361130">
    <ele>1189.2</ele>
   </trkpt>
   <trkpt lat="-7.6347690" lon="111.1360610">
    <ele>1188.2</ele>
   </trkpt>
   <trkpt lat="-7.6347660" lon="111.1360000">
    <ele>1187.0</ele>
   </trkpt>
   <trkpt lat="-7.6347630" lon="111.1359490">
    <ele>1186.0</ele>
   </trkpt>
   <trkpt lat="-7.6347580" lon="111.1358870">
    <ele>1184.8</ele>
   </trkpt>
   <trkpt lat="-7.6347520" lon="111.1358260">
    <ele>1183.7</ele>
   </trkpt>
   <trkpt lat="-7.6347430" lon="111.1357750">
    <ele>1182.7</ele>
   </trkpt>
   <trkpt lat="-7.6347330" lon="111.1357240">
    <ele>1181.7</ele>
   </trkpt>
   <trkpt lat="-7.6347260" lon="111.1356520">
    <ele>1180.3</ele>
   </trkpt>
   <trkpt lat="-7.6347280" lon="111.1355900">
    <ele>1179.1</ele>
   </trkpt>
   <trkpt lat="-7.6347330" lon="111.1355390">
    <ele>1178.1</ele>
   </trkpt>
   <trkpt lat="-7.6347280" lon="111.1354680">
    <ele>1176.7</ele>
   </trkpt>
   <trkpt lat="-7.6346890" lon="111.1354270">
    <ele>1175.6</ele>
   </trkpt>
   <trkpt lat="-7.6346270" lon="111.1353860">
    <ele>1174.2</ele>
   </trkpt>
   <trkpt lat="-7.6345790" lon="111.1353650">
    <ele>1173.2</ele>
   </trkpt>
   <trkpt lat="-7.6345090" lon="111.1353450">
    <ele>1171.8</ele>
   </trkpt>
   <trkpt lat="-7.6344440" lon="111.1353340">
    <ele>1171.1</ele>
   </trkpt>
   <trkpt lat="-7.6343780" lon="111.1353340">
    <ele>1171.2</ele>
   </trkpt>
   <trkpt lat="-7.6343110" lon="111.1353340">
    <ele>1171.3</ele>
   </trkpt>
   <trkpt lat="-7.6342430" lon="111.1353340">
    <ele>1171.4</ele>
   </trkpt>
   <trkpt lat="-7.6341770" lon="111.1353240">
    <ele>1171.4</ele>
   </trkpt>
   <trkpt lat="-7.6341150" lon="111.1352830">
    <ele>1171.5</ele>
   </trkpt>
   <trkpt lat="-7.6340700" lon="111.1352520">
    <ele>1171.6</ele>
   </trkpt>
   <trkpt lat="-7.6340340" lon="111.1352120">
    <ele>1171.7</ele>
   </trkpt>
   <trkpt lat="-7.6340080" lon="111.1351710">
    <ele>1171.7</ele>
   </trkpt>
   <trkpt lat="-7.6339850" lon="111.1350890">
    <ele>1171.6</ele>
   </trkpt>
   <trkpt lat="-7.6339850" lon="111.1350370">
    <ele>1170.4</ele>
   </trkpt>
   <trkpt lat="-7.6339870" lon="111.1349760">
    <ele>1169.0</ele>
   </trkpt>
   <trkpt lat="-7.6339850" lon="111.1349150">
    <ele>1167.6</ele>
   </trkpt>
   <trkpt lat="-7.6339830" lon="111.1348740">
    <ele>1166.7</ele>
   </trkpt>
  </trkseg>
 </trk>
</gpx>
