<?xml version="1.0" encoding="UTF-8"?>
<gpx creator="StravaGPX Android" xmlns:xsi="http://www.w3.org/2001/XMLSchema-instance" xsi:schemaLocation="http://www.topografix.com/GPX/1/1 http://www.topografix.com/GPX/1/1/gpx.xsd" version="1.1" xmlns="http://www.topografix.com/GPX/1/1">
 <trk>
  <name>Trans Argopuro, from Baderan to Bremi</name>
  <type>running</type>
  <trkseg>
   <trkpt lat="-7.8750370" lon="113.6924230">
    <ele>754.0</ele>
   </trkpt>
   <trkpt lat="-7.8750670" lon="113.6924120">
    <ele>754.0</ele>
   </trkpt>
   <trkpt lat="-7.8750980" lon="113.6923980">
    <ele>753.7</ele>
   </trkpt>
   <trkpt lat="-7.8751270" lon="113.6923720">
    <ele>754.1</ele>
   </trkpt>
   <trkpt lat="-7.8751530" lon="113.6923520">
    <ele>753.2</ele>
   </trkpt>
   <trkpt lat="-7.8751820" lon="113.6923320">
    <ele>753.6</ele>
   </trkpt>
   <trkpt lat="-7.8752070" lon="113.6923080">
    <ele>752.9</ele>
   </trkpt>
   <trkpt lat="-7.8752330" lon="113.6922870">
    <ele>752.9</ele>
   </trkpt>
   <trkpt lat="-7.8752600" lon="113.6922680">
    <ele>752.1</ele>
   </trkpt>
   <trkpt lat="-7.8752950" lon="113.6922530">
    <ele>752.6</ele>
   </trkpt>
   <trkpt lat="-7.8753330" lon="113.6922350">
    <ele>753.2</ele>
   </trkpt>
   <trkpt lat="-7.8753720" lon="113.6922130">
    <ele>752.7</ele>
   </trkpt>
   <trkpt lat="-7.8754080" lon="113.6921980">
    <ele>752.7</ele>
   </trkpt>
   <trkpt lat="-7.8754420" lon="113.6921820">
    <ele>752.6</ele>
   </trkpt>
   <trkpt lat="-7.8754720" lon="113.6921580">
    <ele>753.8</ele>
   </trkpt>
   <trkpt lat="-7.8755030" lon="113.6921400">
    <ele>754.1</ele>
   </trkpt>
   <trkpt lat="-7.8755370" lon="113.6921270">
    <ele>754.1</ele>
   </trkpt>
   <trkpt lat="-7.8755620" lon="113.6921120">
    <ele>755.2</ele>
   </trkpt>
   <trkpt lat="-7.8755850" lon="113.6920970">
    <ele>755.6</ele>
   </trkpt>
   <trkpt lat="-7.8756120" lon="113.6920770">
    <ele>755.6</ele>
   </trkpt>
   <trkpt lat="-7.8756370" lon="113.6920620">
    <ele>756.7</ele>
   </trkpt>
   <trkpt lat="-7.8756680" lon="113.6920500">
    <ele>757.5</ele>
   </trkpt>
   <trkpt lat="-7.8757050" lon="113.6920280">
    <ele>757.5</ele>
   </trkpt>
   <trkpt lat="-7.8757430" lon="113.6920070">
    <ele>758.7</ele>
   </trkpt>
   <trkpt lat="-7.8757730" lon="113.6919850">
    <ele>759.6</ele>
   </trkpt>
   <trkpt lat="-7.8758030" lon="113.6919630">
    <ele>760.8</ele>
   </trkpt>
   <trkpt lat="-7.8758250" lon="113.6919430">
    <ele>760.8</ele>
   </trkpt>
   <trkpt lat="-7.8758470" lon="113.6919170">
    <ele>762.1</ele>
   </trkpt>
   <trkpt lat="-7.8758730" lon="113.6918970">
    <ele>762.1</ele>
   </trkpt>
   <trkpt lat="-7.8759030" lon="113.6918670">
    <ele>763.5</ele>
   </trkpt>
   <trkpt lat="-7.8759320" lon="113.6918300">
    <ele>765.1</ele>
   </trkpt>
   <trkpt lat="-7.8759450" lon="113.6918030">
    <ele>765.1</ele>
   </trkpt>
   <trkpt lat="-7.8759570" lon="113.6917780">
    <ele>765.7</ele>
   </trkpt>
   <trkpt lat="-7.8759670" lon="113.6917520">
    <ele>767.2</ele>
   </trkpt>
   <trkpt lat="-7.8759920" lon="113.6917050">
    <ele>767.4</ele>
   </trkpt>
   <trkpt lat="-7.8760150" lon="113.6916580">
    <ele>768.2</ele>
   </trkpt>
   <trkpt lat="-7.8760430" lon="113.6916130">
    <ele>768.0</ele>
   </trkpt>
   <trkpt lat="-7.8760550" lon="113.6915880">
    <ele>768.7</ele>
   </trkpt>
   <trkpt lat="-7.8760770" lon="113.6915430">
    <ele>767.8</ele>
   </trkpt>
   <trkpt lat="-7.8760880" lon="113.6915170">
    <ele>767.8</ele>
   </trkpt>
   <trkpt lat="-7.8761130" lon="113.6914700">
    <ele>767.8</ele>
   </trkpt>
   <trkpt lat="-7.8761350" lon="113.6914230">
    <ele>767.1</ele>
   </trkpt>
   <trkpt lat="-7.8761580" lon="113.6913800">
    <ele>766.9</ele>
   </trkpt>
   <trkpt lat="-7.8761820" lon="113.6913400">
    <ele>766.9</ele>
   </trkpt>
   <trkpt lat="-7.8761870" lon="113.6913080">
    <ele>766.4</ele>
   </trkpt>
   <trkpt lat="-7.8762000" lon="113.6912650">
    <ele>765.8</ele>
   </trkpt>
   <trkpt lat="-7.8762150" lon="113.6912230">
    <ele>765.4</ele>
   </trkpt>
   <trkpt lat="-7.8762230" lon="113.6911780">
    <ele>766.7</ele>
   </trkpt>
   <trkpt lat="-7.8762350" lon="113.6911280">
    <ele>766.5</ele>
   </trkpt>
   <trkpt lat="-7.8762400" lon="113.6910820">
    <ele>766.4</ele>
   </trkpt>
   <trkpt lat="-7.8762450" lon="113.6910420">
    <ele>766.4</ele>
   </trkpt>
   <trkpt lat="-7.8762520" lon="113.6909970">
    <ele>766.4</ele>
   </trkpt>
   <trkpt lat="-7.8762550" lon="113.6909550">
    <ele>766.5</ele>
   </trkpt>
   <trkpt lat="-7.8762550" lon="113.6909220">
    <ele>766.6</ele>
   </trkpt>
   <trkpt lat="-7.8762570" lon="113.6908900">
    <ele>766.7</ele>
   </trkpt>
   <trkpt lat="-7.8762580" lon="113.6908550">
    <ele>766.7</ele>
   </trkpt>
   <trkpt lat="-7.8762650" lon="113.6908200">
    <ele>769.0</ele>
   </trkpt>
   <trkpt lat="-7.8762750" lon="113.6907820">
    <ele>768.8</ele>
   </trkpt>
   <trkpt lat="-7.8762880" lon="113.6907430">
    <ele>768.4</ele>
   </trkpt>
   <trkpt lat="-7.8763070" lon="113.6907080">
    <ele>769.9</ele>
   </trkpt>
   <trkpt lat="-7.8763350" lon="113.6906820">
    <ele>769.0</ele>
   </trkpt>
   <trkpt lat="-7.8763580" lon="113.6906570">
    <ele>771.2</ele>
   </trkpt>
   <trkpt lat="-7.8763900" lon="113.6906300">
    <ele>770.2</ele>
   </trkpt>
   <trkpt lat="-7.8764180" lon="113.6906070">
    <ele>772.5</ele>
   </trkpt>
   <trkpt lat="-7.8764500" lon="113.6905830">
    <ele>773.8</ele>
   </trkpt>
   <trkpt lat="-7.8764820" lon="113.6905520">
    <ele>775.1</ele>
   </trkpt>
   <trkpt lat="-7.8765080" lon="113.6905230">
    <ele>775.1</ele>
   </trkpt>
   <trkpt lat="-7.8765320" lon="113.6904900">
    <ele>775.9</ele>
   </trkpt>
   <trkpt lat="-7.8765520" lon="113.6904570">
    <ele>774.6</ele>
   </trkpt>
   <trkpt lat="-7.8765820" lon="113.6904270">
    <ele>775.1</ele>
   </trkpt>
   <trkpt lat="-7.8766050" lon="113.6903870">
    <ele>776.7</ele>
   </trkpt>
   <trkpt lat="-7.8766350" lon="113.6903450">
    <ele>775.5</ele>
   </trkpt>
   <trkpt lat="-7.8766600" lon="113.6903130">
    <ele>775.9</ele>
   </trkpt>
   <trkpt lat="-7.8766820" lon="113.6902870">
    <ele>774.6</ele>
   </trkpt>
   <trkpt lat="-7.8767070" lon="113.6902470">
    <ele>774.6</ele>
   </trkpt>
   <trkpt lat="-7.8767330" lon="113.6902050">
    <ele>774.1</ele>
   </trkpt>
   <trkpt lat="-7.8767670" lon="113.6901700">
    <ele>772.0</ele>
   </trkpt>
   <trkpt lat="-7.8767880" lon="113.6901480">
    <ele>773.0</ele>
   </trkpt>
   <trkpt lat="-7.8768280" lon="113.6901300">
    <ele>773.8</ele>
   </trkpt>
   <trkpt lat="-7.8768750" lon="113.6901280">
    <ele>772.1</ele>
   </trkpt>
   <trkpt lat="-7.8769220" lon="113.6901230">
    <ele>772.4</ele>
   </trkpt>
   <trkpt lat="-7.8769720" lon="113.6901250">
    <ele>772.4</ele>
   </trkpt>
   <trkpt lat="-7.8770230" lon="113.6901320">
    <ele>774.6</ele>
   </trkpt>
   <trkpt lat="-7.8770650" lon="113.6901500">
    <ele>774.5</ele>
   </trkpt>
   <trkpt lat="-7.8771100" lon="113.6901620">
    <ele>774.4</ele>
   </trkpt>
   <trkpt lat="-7.8771350" lon="113.6901750">
    <ele>776.1</ele>
   </trkpt>
   <trkpt lat="-7.8771830" lon="113.6901770">
    <ele>776.1</ele>
   </trkpt>
   <trkpt lat="-7.8772300" lon="113.6901850">
    <ele>776.3</ele>
   </trkpt>
   <trkpt lat="-7.8772730" lon="113.6901920">
    <ele>776.8</ele>
   </trkpt>
   <trkpt lat="-7.8773230" lon="113.6901870">
    <ele>777.5</ele>
   </trkpt>
   <trkpt lat="-7.8773680" lon="113.6901870">
    <ele>779.2</ele>
   </trkpt>
   <trkpt lat="-7.8774120" lon="113.6901850">
    <ele>780.0</ele>
   </trkpt>
   <trkpt lat="-7.8775030" lon="113.6900830">
    <ele>777.6</ele>
   </trkpt>
   <trkpt lat="-7.8775320" lon="113.6900730">
    <ele>777.6</ele>
   </trkpt>
   <trkpt lat="-7.8775730" lon="113.6900720">
    <ele>778.5</ele>
   </trkpt>
   <trkpt lat="-7.8776120" lon="113.6900570">
    <ele>779.4</ele>
   </trkpt>
   <trkpt lat="-7.8776570" lon="113.6900500">
    <ele>780.1</ele>
   </trkpt>
   <trkpt lat="-7.8776970" lon="113.6900430">
    <ele>780.9</ele>
   </trkpt>
   <trkpt lat="-7.8777320" lon="113.6900320">
    <ele>779.9</ele>
   </trkpt>
   <trkpt lat="-7.8777650" lon="113.6900200">
    <ele>780.9</ele>
   </trkpt>
   <trkpt lat="-7.8777950" lon="113.6900170">
    <ele>782.1</ele>
   </trkpt>
   <trkpt lat="-7.8778250" lon="113.6900070">
    <ele>782.1</ele>
   </trkpt>
   <trkpt lat="-7.8778570" lon="113.6899950">
    <ele>781.3</ele>
   </trkpt>
   <trkpt lat="-7.8778980" lon="113.6899900">
    <ele>782.7</ele>
   </trkpt>
   <trkpt lat="-7.8779430" lon="113.6899880">
    <ele>784.0</ele>
   </trkpt>
   <trkpt lat="-7.8779850" lon="113.6899820">
    <ele>785.4</ele>
   </trkpt>
   <trkpt lat="-7.8780300" lon="113.6899770">
    <ele>786.8</ele>
   </trkpt>
   <trkpt lat="-7.8780750" lon="113.6899670">
    <ele>788.2</ele>
   </trkpt>
   <trkpt lat="-7.8781180" lon="113.6899580">
    <ele>789.7</ele>
   </trkpt>
   <trkpt lat="-7.8781630" lon="113.6899500">
    <ele>789.8</ele>
   </trkpt>
   <trkpt lat="-7.8782050" lon="113.6899370">
    <ele>791.4</ele>
   </trkpt>
   <trkpt lat="-7.8782480" lon="113.6899300">
    <ele>793.1</ele>
   </trkpt>
   <trkpt lat="-7.8782900" lon="113.6899170">
    <ele>794.7</ele>
   </trkpt>
   <trkpt lat="-7.8783270" lon="113.6898950">
    <ele>794.6</ele>
   </trkpt>
   <trkpt lat="-7.8783630" lon="113.6898670">
    <ele>794.1</ele>
   </trkpt>
   <trkpt lat="-7.8784070" lon="113.6898420">
    <ele>795.6</ele>
   </trkpt>
   <trkpt lat="-7.8784480" lon="113.6898200">
    <ele>794.9</ele>
   </trkpt>
   <trkpt lat="-7.8784850" lon="113.6897880">
    <ele>796.5</ele>
   </trkpt>
   <trkpt lat="-7.8785220" lon="113.6897620">
    <ele>795.6</ele>
   </trkpt>
   <trkpt lat="-7.8785570" lon="113.6897380">
    <ele>793.1</ele>
   </trkpt>
   <trkpt lat="-7.8785920" lon="113.6897100">
    <ele>794.3</ele>
   </trkpt>
   <trkpt lat="-7.8786250" lon="113.6896830">
    <ele>792.5</ele>
   </trkpt>
   <trkpt lat="-7.8786600" lon="113.6896600">
    <ele>793.3</ele>
   </trkpt>
   <trkpt lat="-7.8786930" lon="113.6896370">
    <ele>791.2</ele>
   </trkpt>
   <trkpt lat="-7.8787280" lon="113.6896150">
    <ele>791.2</ele>
   </trkpt>
   <trkpt lat="-7.8787670" lon="113.6895970">
    <ele>789.5</ele>
   </trkpt>
   <trkpt lat="-7.8788100" lon="113.6895880">
    <ele>790.8</ele>
   </trkpt>
   <trkpt lat="-7.8788520" lon="113.6895750">
    <ele>792.2</ele>
   </trkpt>
   <trkpt lat="-7.8788930" lon="113.6895650">
    <ele>791.7</ele>
   </trkpt>
   <trkpt lat="-7.8789330" lon="113.6895720">
    <ele>795.1</ele>
   </trkpt>
   <trkpt lat="-7.8789730" lon="113.6895730">
    <ele>796.6</ele>
   </trkpt>
   <trkpt lat="-7.8790100" lon="113.6895780">
    <ele>798.0</ele>
   </trkpt>
   <trkpt lat="-7.8790470" lon="113.6895820">
    <ele>799.3</ele>
   </trkpt>
   <trkpt lat="-7.8790850" lon="113.6895820">
    <ele>800.7</ele>
   </trkpt>
   <trkpt lat="-7.8791220" lon="113.6895770">
    <ele>802.0</ele>
   </trkpt>
   <trkpt lat="-7.8791620" lon="113.6895630">
    <ele>802.1</ele>
   </trkpt>
   <trkpt lat="-7.8792020" lon="113.6895520">
    <ele>803.5</ele>
   </trkpt>
   <trkpt lat="-7.8792400" lon="113.6895380">
    <ele>804.9</ele>
   </trkpt>
   <trkpt lat="-7.8792750" lon="113.6895120">
    <ele>804.1</ele>
   </trkpt>
   <trkpt lat="-7.8793020" lon="113.6894850">
    <ele>805.5</ele>
   </trkpt>
   <trkpt lat="-7.8793320" lon="113.6894630">
    <ele>806.2</ele>
   </trkpt>
   <trkpt lat="-7.8793580" lon="113.6894320">
    <ele>805.6</ele>
   </trkpt>
   <trkpt lat="-7.8793850" lon="113.6893980">
    <ele>806.4</ele>
   </trkpt>
   <trkpt lat="-7.8794100" lon="113.6893670">
    <ele>807.7</ele>
   </trkpt>
   <trkpt lat="-7.8794330" lon="113.6893370">
    <ele>807.1</ele>
   </trkpt>
   <trkpt lat="-7.8794620" lon="113.6893050">
    <ele>808.0</ele>
   </trkpt>
   <trkpt lat="-7.8794800" lon="113.6892750">
    <ele>808.0</ele>
   </trkpt>
   <trkpt lat="-7.8794970" lon="113.6892380">
    <ele>809.0</ele>
   </trkpt>
   <trkpt lat="-7.8795250" lon="113.6892070">
    <ele>808.4</ele>
   </trkpt>
   <trkpt lat="-7.8795400" lon="113.6891720">
    <ele>809.4</ele>
   </trkpt>
   <trkpt lat="-7.8795530" lon="113.6891270">
    <ele>808.5</ele>
   </trkpt>
   <trkpt lat="-7.8795680" lon="113.6890870">
    <ele>807.6</ele>
   </trkpt>
   <trkpt lat="-7.8795930" lon="113.6890470">
    <ele>808.5</ele>
   </trkpt>
   <trkpt lat="-7.8796150" lon="113.6890030">
    <ele>807.7</ele>
   </trkpt>
   <trkpt lat="-7.8796350" lon="113.6889670">
    <ele>809.3</ele>
   </trkpt>
   <trkpt lat="-7.8796550" lon="113.6889250">
    <ele>808.8</ele>
   </trkpt>
   <trkpt lat="-7.8796680" lon="113.6888800">
    <ele>811.0</ele>
   </trkpt>
   <trkpt lat="-7.8796770" lon="113.6888380">
    <ele>810.4</ele>
   </trkpt>
   <trkpt lat="-7.8796850" lon="113.6887970">
    <ele>809.7</ele>
   </trkpt>
   <trkpt lat="-7.8797000" lon="113.6887600">
    <ele>809.7</ele>
   </trkpt>
   <trkpt lat="-7.8797120" lon="113.6887200">
    <ele>812.6</ele>
   </trkpt>
   <trkpt lat="-7.8797220" lon="113.6886900">
    <ele>811.9</ele>
   </trkpt>
   <trkpt lat="-7.8797330" lon="113.6886520">
    <ele>811.2</ele>
   </trkpt>
   <trkpt lat="-7.8797380" lon="113.6886120">
    <ele>810.2</ele>
   </trkpt>
   <trkpt lat="-7.8797370" lon="113.6885650">
    <ele>809.1</ele>
   </trkpt>
   <trkpt lat="-7.8797380" lon="113.6885150">
    <ele>807.8</ele>
   </trkpt>
   <trkpt lat="-7.8797520" lon="113.6884680">
    <ele>809.7</ele>
   </trkpt>
   <trkpt lat="-7.8797680" lon="113.6884270">
    <ele>807.9</ele>
   </trkpt>
   <trkpt lat="-7.8797920" lon="113.6883820">
    <ele>809.3</ele>
   </trkpt>
   <trkpt lat="-7.8798120" lon="113.6883320">
    <ele>807.3</ele>
   </trkpt>
   <trkpt lat="-7.8798350" lon="113.6882920">
    <ele>808.8</ele>
   </trkpt>
   <trkpt lat="-7.8798650" lon="113.6882700">
    <ele>806.7</ele>
   </trkpt>
   <trkpt lat="-7.8799020" lon="113.6882520">
    <ele>810.3</ele>
   </trkpt>
   <trkpt lat="-7.8799350" lon="113.6882330">
    <ele>811.3</ele>
   </trkpt>
   <trkpt lat="-7.8799670" lon="113.6882070">
    <ele>814.3</ele>
   </trkpt>
   <trkpt lat="-7.8799970" lon="113.6881780">
    <ele>812.0</ele>
   </trkpt>
   <trkpt lat="-7.8800270" lon="113.6881500">
    <ele>812.6</ele>
   </trkpt>
   <trkpt lat="-7.8800530" lon="113.6881170">
    <ele>815.1</ele>
   </trkpt>
   <trkpt lat="-7.8800800" lon="113.6880800">
    <ele>813.1</ele>
   </trkpt>
   <trkpt lat="-7.8801000" lon="113.6880400">
    <ele>813.7</ele>
   </trkpt>
   <trkpt lat="-7.8801200" lon="113.6879980">
    <ele>811.9</ele>
   </trkpt>
   <trkpt lat="-7.8801380" lon="113.6879580">
    <ele>812.9</ele>
   </trkpt>
   <trkpt lat="-7.8801580" lon="113.6879150">
    <ele>811.4</ele>
   </trkpt>
   <trkpt lat="-7.8801700" lon="113.6878720">
    <ele>809.8</ele>
   </trkpt>
   <trkpt lat="-7.8801770" lon="113.6878250">
    <ele>811.5</ele>
   </trkpt>
   <trkpt lat="-7.8801970" lon="113.6877830">
    <ele>809.7</ele>
   </trkpt>
   <trkpt lat="-7.8802200" lon="113.6877400">
    <ele>811.0</ele>
   </trkpt>
   <trkpt lat="-7.8802420" lon="113.6877070">
    <ele>808.6</ele>
   </trkpt>
   <trkpt lat="-7.8802720" lon="113.6876730">
    <ele>809.2</ele>
   </trkpt>
   <trkpt lat="-7.8803000" lon="113.6876370">
    <ele>806.8</ele>
   </trkpt>
   <trkpt lat="-7.8803330" lon="113.6876000">
    <ele>809.8</ele>
   </trkpt>
   <trkpt lat="-7.8803650" lon="113.6875620">
    <ele>810.8</ele>
   </trkpt>
   <trkpt lat="-7.8803950" lon="113.6875270">
    <ele>812.3</ele>
   </trkpt>
   <trkpt lat="-7.8804200" lon="113.6874950">
    <ele>811.3</ele>
   </trkpt>
   <trkpt lat="-7.8804470" lon="113.6874650">
    <ele>813.6</ele>
   </trkpt>
   <trkpt lat="-7.8804670" lon="113.6874400">
    <ele>813.6</ele>
   </trkpt>
   <trkpt lat="-7.8804930" lon="113.6874000">
    <ele>815.8</ele>
   </trkpt>
   <trkpt lat="-7.8805220" lon="113.6873650">
    <ele>817.7</ele>
   </trkpt>
   <trkpt lat="-7.8805430" lon="113.6873220">
    <ele>817.7</ele>
   </trkpt>
   <trkpt lat="-7.8805630" lon="113.6872800">
    <ele>819.3</ele>
   </trkpt>
   <trkpt lat="-7.8805820" lon="113.6872380">
    <ele>819.1</ele>
   </trkpt>
   <trkpt lat="-7.8805920" lon="113.6871970">
    <ele>818.9</ele>
   </trkpt>
   <trkpt lat="-7.8805930" lon="113.6871500">
    <ele>818.5</ele>
   </trkpt>
   <trkpt lat="-7.8806020" lon="113.6871030">
    <ele>819.9</ele>
   </trkpt>
   <trkpt lat="-7.8806050" lon="113.6870650">
    <ele>819.4</ele>
   </trkpt>
   <trkpt lat="-7.8806120" lon="113.6870270">
    <ele>818.8</ele>
   </trkpt>
   <trkpt lat="-7.8806200" lon="113.6869930">
    <ele>818.3</ele>
   </trkpt>
   <trkpt lat="-7.8806220" lon="113.6869530">
    <ele>818.3</ele>
   </trkpt>
   <trkpt lat="-7.8806200" lon="113.6869130">
    <ele>817.9</ele>
   </trkpt>
   <trkpt lat="-7.8806280" lon="113.6868720">
    <ele>817.6</ele>
   </trkpt>
   <trkpt lat="-7.8806370" lon="113.6868330">
    <ele>817.4</ele>
   </trkpt>
   <trkpt lat="-7.8806380" lon="113.6867920">
    <ele>817.2</ele>
   </trkpt>
   <trkpt lat="-7.8806280" lon="113.6867570">
    <ele>817.0</ele>
   </trkpt>
   <trkpt lat="-7.8806300" lon="113.6867280">
    <ele>816.8</ele>
   </trkpt>
   <trkpt lat="-7.8806370" lon="113.6867000">
    <ele>816.8</ele>
   </trkpt>
   <trkpt lat="-7.8806450" lon="113.6866720">
    <ele>818.3</ele>
   </trkpt>
   <trkpt lat="-7.8806570" lon="113.6866420">
    <ele>818.1</ele>
   </trkpt>
   <trkpt lat="-7.8806580" lon="113.6866080">
    <ele>817.8</ele>
   </trkpt>
   <trkpt lat="-7.8806570" lon="113.6865780">
    <ele>817.8</ele>
   </trkpt>
   <trkpt lat="-7.8806570" lon="113.6865480">
    <ele>817.6</ele>
   </trkpt>
   <trkpt lat="-7.8806600" lon="113.6865100">
    <ele>817.3</ele>
   </trkpt>
   <trkpt lat="-7.8806680" lon="113.6864820">
    <ele>817.3</ele>
   </trkpt>
   <trkpt lat="-7.8806800" lon="113.6864480">
    <ele>817.1</ele>
   </trkpt>
   <trkpt lat="-7.8806880" lon="113.6864180">
    <ele>819.2</ele>
   </trkpt>
   <trkpt lat="-7.8806920" lon="113.6863900">
    <ele>819.1</ele>
   </trkpt>
   <trkpt lat="-7.8807030" lon="113.6863520">
    <ele>819.1</ele>
   </trkpt>
   <trkpt lat="-7.8807150" lon="113.6863200">
    <ele>819.1</ele>
   </trkpt>
   <trkpt lat="-7.8807230" lon="113.6862930">
    <ele>819.1</ele>
   </trkpt>
   <trkpt lat="-7.8807420" lon="113.6862580">
    <ele>820.4</ele>
   </trkpt>
   <trkpt lat="-7.8807520" lon="113.6862320">
    <ele>820.4</ele>
   </trkpt>
   <trkpt lat="-7.8807550" lon="113.6862000">
    <ele>820.2</ele>
   </trkpt>
   <trkpt lat="-7.8807620" lon="113.6861730">
    <ele>820.0</ele>
   </trkpt>
   <trkpt lat="-7.8807720" lon="113.6861470">
    <ele>820.8</ele>
   </trkpt>
   <trkpt lat="-7.8807800" lon="113.6861180">
    <ele>820.8</ele>
   </trkpt>
   <trkpt lat="-7.8807880" lon="113.6860880">
    <ele>821.0</ele>
   </trkpt>
   <trkpt lat="-7.8807920" lon="113.6860480">
    <ele>821.4</ele>
   </trkpt>
   <trkpt lat="-7.8807930" lon="113.6860030">
    <ele>821.9</ele>
   </trkpt>
   <trkpt lat="-7.8807970" lon="113.6859720">
    <ele>821.9</ele>
   </trkpt>
   <trkpt lat="-7.8808000" lon="113.6859430">
    <ele>822.4</ele>
   </trkpt>
   <trkpt lat="-7.8808080" lon="113.6859170">
    <ele>822.9</ele>
   </trkpt>
   <trkpt lat="-7.8808170" lon="113.6858900">
    <ele>823.7</ele>
   </trkpt>
   <trkpt lat="-7.8808370" lon="113.6858620">
    <ele>824.2</ele>
   </trkpt>
   <trkpt lat="-7.8808520" lon="113.6858320">
    <ele>824.5</ele>
   </trkpt>
   <trkpt lat="-7.8808630" lon="113.6857980">
    <ele>825.1</ele>
   </trkpt>
   <trkpt lat="-7.8808770" lon="113.6857730">
    <ele>825.4</ele>
   </trkpt>
   <trkpt lat="-7.8808870" lon="113.6857470">
    <ele>825.5</ele>
   </trkpt>
   <trkpt lat="-7.8808950" lon="113.6857180">
    <ele>825.5</ele>
   </trkpt>
   <trkpt lat="-7.8809070" lon="113.6856930">
    <ele>826.2</ele>
   </trkpt>
   <trkpt lat="-7.8809230" lon="113.6856680">
    <ele>826.2</ele>
   </trkpt>
   <trkpt lat="-7.8809400" lon="113.6856430">
    <ele>826.7</ele>
   </trkpt>
   <trkpt lat="-7.8809670" lon="113.6856150">
    <ele>826.8</ele>
   </trkpt>
   <trkpt lat="-7.8809830" lon="113.6855920">
    <ele>827.0</ele>
   </trkpt>
   <trkpt lat="-7.8809980" lon="113.6855630">
    <ele>827.2</ele>
   </trkpt>
   <trkpt lat="-7.8810180" lon="113.6855300">
    <ele>827.1</ele>
   </trkpt>
   <trkpt lat="-7.8810330" lon="113.6855050">
    <ele>827.4</ele>
   </trkpt>
   <trkpt lat="-7.8810530" lon="113.6854680">
    <ele>827.6</ele>
   </trkpt>
   <trkpt lat="-7.8810720" lon="113.6854470">
    <ele>828.4</ele>
   </trkpt>
   <trkpt lat="-7.8810880" lon="113.6854180">
    <ele>828.4</ele>
   </trkpt>
   <trkpt lat="-7.8811070" lon="113.6853800">
    <ele>828.6</ele>
   </trkpt>
   <trkpt lat="-7.8811230" lon="113.6853350">
    <ele>829.6</ele>
   </trkpt>
   <trkpt lat="-7.8811400" lon="113.6852950">
    <ele>829.6</ele>
   </trkpt>
   <trkpt lat="-7.8811650" lon="113.6852580">
    <ele>830.4</ele>
   </trkpt>
   <trkpt lat="-7.8811920" lon="113.6852150">
    <ele>830.3</ele>
   </trkpt>
   <trkpt lat="-7.8812220" lon="113.6851720">
    <ele>830.9</ele>
   </trkpt>
   <trkpt lat="-7.8812370" lon="113.6851480">
    <ele>831.4</ele>
   </trkpt>
   <trkpt lat="-7.8812530" lon="113.6851250">
    <ele>831.4</ele>
   </trkpt>
   <trkpt lat="-7.8812730" lon="113.6851050">
    <ele>831.1</ele>
   </trkpt>
   <trkpt lat="-7.8812930" lon="113.6850870">
    <ele>831.8</ele>
   </trkpt>
   <trkpt lat="-7.8813330" lon="113.6850530">
    <ele>832.0</ele>
   </trkpt>
   <trkpt lat="-7.8813750" lon="113.6850200">
    <ele>831.7</ele>
   </trkpt>
   <trkpt lat="-7.8814100" lon="113.6849830">
    <ele>831.6</ele>
   </trkpt>
   <trkpt lat="-7.8814400" lon="113.6849470">
    <ele>831.9</ele>
   </trkpt>
   <trkpt lat="-7.8814670" lon="113.6849130">
    <ele>832.1</ele>
   </trkpt>
   <trkpt lat="-7.8814970" lon="113.6848730">
    <ele>831.8</ele>
   </trkpt>
   <trkpt lat="-7.8815280" lon="113.6848330">
    <ele>831.4</ele>
   </trkpt>
   <trkpt lat="-7.8815470" lon="113.6848130">
    <ele>831.2</ele>
   </trkpt>
   <trkpt lat="-7.8815630" lon="113.6847920">
    <ele>830.9</ele>
   </trkpt>
   <trkpt lat="-7.8815920" lon="113.6847530">
    <ele>831.5</ele>
   </trkpt>
   <trkpt lat="-7.8816250" lon="113.6847170">
    <ele>832.4</ele>
   </trkpt>
   <trkpt lat="-7.8816550" lon="113.6846830">
    <ele>833.3</ele>
   </trkpt>
   <trkpt lat="-7.8816820" lon="113.6846500">
    <ele>835.9</ele>
   </trkpt>
   <trkpt lat="-7.8817100" lon="113.6846170">
    <ele>838.3</ele>
   </trkpt>
   <trkpt lat="-7.8817380" lon="113.6845820">
    <ele>839.5</ele>
   </trkpt>
   <trkpt lat="-7.8817720" lon="113.6845450">
    <ele>839.8</ele>
   </trkpt>
   <trkpt lat="-7.8818000" lon="113.6845070">
    <ele>839.3</ele>
   </trkpt>
   <trkpt lat="-7.8818320" lon="113.6844770">
    <ele>840.2</ele>
   </trkpt>
   <trkpt lat="-7.8818550" lon="113.6844520">
    <ele>841.2</ele>
   </trkpt>
   <trkpt lat="-7.8818780" lon="113.6844230">
    <ele>841.6</ele>
   </trkpt>
   <trkpt lat="-7.8819000" lon="113.6843950">
    <ele>841.2</ele>
   </trkpt>
   <trkpt lat="-7.8819150" lon="113.6843580">
    <ele>840.8</ele>
   </trkpt>
   <trkpt lat="-7.8819320" lon="113.6843150">
    <ele>840.6</ele>
   </trkpt>
   <trkpt lat="-7.8819450" lon="113.6842770">
    <ele>840.4</ele>
   </trkpt>
   <trkpt lat="-7.8819580" lon="113.6842430">
    <ele>840.8</ele>
   </trkpt>
   <trkpt lat="-7.8819820" lon="113.6842050">
    <ele>841.2</ele>
   </trkpt>
   <trkpt lat="-7.8820020" lon="113.6841700">
    <ele>841.9</ele>
   </trkpt>
   <trkpt lat="-7.8820250" lon="113.6841470">
    <ele>842.4</ele>
   </trkpt>
   <trkpt lat="-7.8820530" lon="113.6841220">
    <ele>844.9</ele>
   </trkpt>
   <trkpt lat="-7.8820780" lon="113.6841030">
    <ele>847.0</ele>
   </trkpt>
   <trkpt lat="-7.8821120" lon="113.6840800">
    <ele>848.3</ele>
   </trkpt>
   <trkpt lat="-7.8821380" lon="113.6840530">
    <ele>849.1</ele>
   </trkpt>
   <trkpt lat="-7.8821650" lon="113.6840280">
    <ele>850.1</ele>
   </trkpt>
   <trkpt lat="-7.8821880" lon="113.6839970">
    <ele>851.1</ele>
   </trkpt>
   <trkpt lat="-7.8822100" lon="113.6839680">
    <ele>851.4</ele>
   </trkpt>
   <trkpt lat="-7.8822320" lon="113.6839400">
    <ele>851.4</ele>
   </trkpt>
   <trkpt lat="-7.8822480" lon="113.6839080">
    <ele>851.4</ele>
   </trkpt>
   <trkpt lat="-7.8822750" lon="113.6838780">
    <ele>852.1</ele>
   </trkpt>
   <trkpt lat="-7.8822950" lon="113.6838430">
    <ele>852.7</ele>
   </trkpt>
   <trkpt lat="-7.8823120" lon="113.6838080">
    <ele>851.4</ele>
   </trkpt>
   <trkpt lat="-7.8823330" lon="113.6837700">
    <ele>850.0</ele>
   </trkpt>
   <trkpt lat="-7.8823450" lon="113.6837280">
    <ele>850.5</ele>
   </trkpt>
   <trkpt lat="-7.8823630" lon="113.6836880">
    <ele>851.2</ele>
   </trkpt>
   <trkpt lat="-7.8823830" lon="113.6836520">
    <ele>852.1</ele>
   </trkpt>
   <trkpt lat="-7.8824070" lon="113.6836180">
    <ele>853.1</ele>
   </trkpt>
   <trkpt lat="-7.8824320" lon="113.6835820">
    <ele>853.0</ele>
   </trkpt>
   <trkpt lat="-7.8824530" lon="113.6835420">
    <ele>852.7</ele>
   </trkpt>
   <trkpt lat="-7.8824730" lon="113.6835030">
    <ele>853.9</ele>
   </trkpt>
   <trkpt lat="-7.8824880" lon="113.6834580">
    <ele>855.3</ele>
   </trkpt>
   <trkpt lat="-7.8825080" lon="113.6834150">
    <ele>857.0</ele>
   </trkpt>
   <trkpt lat="-7.8825270" lon="113.6833720">
    <ele>858.2</ele>
   </trkpt>
   <trkpt lat="-7.8825420" lon="113.6833320">
    <ele>858.1</ele>
   </trkpt>
   <trkpt lat="-7.8825500" lon="113.6832830">
    <ele>859.3</ele>
   </trkpt>
   <trkpt lat="-7.8825670" lon="113.6832400">
    <ele>861.4</ele>
   </trkpt>
   <trkpt lat="-7.8825800" lon="113.6831930">
    <ele>860.5</ele>
   </trkpt>
   <trkpt lat="-7.8825900" lon="113.6831500">
    <ele>860.5</ele>
   </trkpt>
   <trkpt lat="-7.8826120" lon="113.6831130">
    <ele>862.0</ele>
   </trkpt>
   <trkpt lat="-7.8826370" lon="113.6830770">
    <ele>860.8</ele>
   </trkpt>
   <trkpt lat="-7.8826630" lon="113.6830450">
    <ele>858.6</ele>
   </trkpt>
   <trkpt lat="-7.8826780" lon="113.6830030">
    <ele>857.6</ele>
   </trkpt>
   <trkpt lat="-7.8826980" lon="113.6829620">
    <ele>857.1</ele>
   </trkpt>
   <trkpt lat="-7.8827130" lon="113.6829180">
    <ele>857.8</ele>
   </trkpt>
   <trkpt lat="-7.8827270" lon="113.6828720">
    <ele>858.4</ele>
   </trkpt>
   <trkpt lat="-7.8827470" lon="113.6828300">
    <ele>857.4</ele>
   </trkpt>
   <trkpt lat="-7.8827630" lon="113.6827880">
    <ele>855.8</ele>
   </trkpt>
   <trkpt lat="-7.8827820" lon="113.6827500">
    <ele>853.0</ele>
   </trkpt>
   <trkpt lat="-7.8828030" lon="113.6827120">
    <ele>851.2</ele>
   </trkpt>
   <trkpt lat="-7.8828150" lon="113.6826750">
    <ele>851.0</ele>
   </trkpt>
   <trkpt lat="-7.8828220" lon="113.6826400">
    <ele>850.7</ele>
   </trkpt>
   <trkpt lat="-7.8828320" lon="113.6826050">
    <ele>850.2</ele>
   </trkpt>
   <trkpt lat="-7.8828370" lon="113.6825680">
    <ele>849.6</ele>
   </trkpt>
   <trkpt lat="-7.8828320" lon="113.6825370">
    <ele>850.4</ele>
   </trkpt>
   <trkpt lat="-7.8828270" lon="113.6824980">
    <ele>851.7</ele>
   </trkpt>
   <trkpt lat="-7.8828200" lon="113.6824620">
    <ele>852.4</ele>
   </trkpt>
   <trkpt lat="-7.8828170" lon="113.6824220">
    <ele>852.4</ele>
   </trkpt>
   <trkpt lat="-7.8828150" lon="113.6823830">
    <ele>852.8</ele>
   </trkpt>
   <trkpt lat="-7.8828200" lon="113.6823470">
    <ele>854.5</ele>
   </trkpt>
   <trkpt lat="-7.8828320" lon="113.6823120">
    <ele>856.2</ele>
   </trkpt>
   <trkpt lat="-7.8828580" lon="113.6822850">
    <ele>857.9</ele>
   </trkpt>
   <trkpt lat="-7.8828850" lon="113.6822670">
    <ele>859.3</ele>
   </trkpt>
   <trkpt lat="-7.8829080" lon="113.6822420">
    <ele>861.0</ele>
   </trkpt>
   <trkpt lat="-7.8829320" lon="113.6822170">
    <ele>863.7</ele>
   </trkpt>
   <trkpt lat="-7.8829580" lon="113.6821970">
    <ele>866.2</ele>
   </trkpt>
   <trkpt lat="-7.8829780" lon="113.6821730">
    <ele>867.7</ele>
   </trkpt>
   <trkpt lat="-7.8830020" lon="113.6821450">
    <ele>868.8</ele>
   </trkpt>
   <trkpt lat="-7.8830280" lon="113.6821220">
    <ele>869.9</ele>
   </trkpt>
   <trkpt lat="-7.8830520" lon="113.6821030">
    <ele>870.2</ele>
   </trkpt>
   <trkpt lat="-7.8830720" lon="113.6820820">
    <ele>870.5</ele>
   </trkpt>
   <trkpt lat="-7.8830920" lon="113.6820630">
    <ele>870.8</ele>
   </trkpt>
   <trkpt lat="-7.8831000" lon="113.6820330">
    <ele>871.3</ele>
   </trkpt>
   <trkpt lat="-7.8831030" lon="113.6819900">
    <ele>872.0</ele>
   </trkpt>
   <trkpt lat="-7.8831120" lon="113.6819530">
    <ele>870.0</ele>
   </trkpt>
   <trkpt lat="-7.8831130" lon="113.6819250">
    <ele>868.5</ele>
   </trkpt>
   <trkpt lat="-7.8830980" lon="113.6819000">
    <ele>866.9</ele>
   </trkpt>
   <trkpt lat="-7.8830970" lon="113.6818670">
    <ele>865.1</ele>
   </trkpt>
   <trkpt lat="-7.8830970" lon="113.6818350">
    <ele>863.6</ele>
   </trkpt>
   <trkpt lat="-7.8830950" lon="113.6818050">
    <ele>862.9</ele>
   </trkpt>
   <trkpt lat="-7.8831080" lon="113.6817700">
    <ele>862.1</ele>
   </trkpt>
   <trkpt lat="-7.8831220" lon="113.6817320">
    <ele>862.6</ele>
   </trkpt>
   <trkpt lat="-7.8831330" lon="113.6816980">
    <ele>863.2</ele>
   </trkpt>
   <trkpt lat="-7.8831480" lon="113.6816620">
    <ele>864.3</ele>
   </trkpt>
   <trkpt lat="-7.8831680" lon="113.6816400">
    <ele>865.2</ele>
   </trkpt>
   <trkpt lat="-7.8832000" lon="113.6816320">
    <ele>866.3</ele>
   </trkpt>
   <trkpt lat="-7.8832330" lon="113.6816170">
    <ele>868.5</ele>
   </trkpt>
   <trkpt lat="-7.8832680" lon="113.6816020">
    <ele>870.7</ele>
   </trkpt>
   <trkpt lat="-7.8833020" lon="113.6815920">
    <ele>872.6</ele>
   </trkpt>
   <trkpt lat="-7.8833230" lon="113.6815730">
    <ele>873.9</ele>
   </trkpt>
   <trkpt lat="-7.8833480" lon="113.6815570">
    <ele>875.3</ele>
   </trkpt>
   <trkpt lat="-7.8833750" lon="113.6815380">
    <ele>876.7</ele>
   </trkpt>
   <trkpt lat="-7.8834050" lon="113.6815130">
    <ele>878.3</ele>
   </trkpt>
   <trkpt lat="-7.8834350" lon="113.6814950">
    <ele>879.7</ele>
   </trkpt>
   <trkpt lat="-7.8834620" lon="113.6814730">
    <ele>880.2</ele>
   </trkpt>
   <trkpt lat="-7.8834920" lon="113.6814500">
    <ele>880.6</ele>
   </trkpt>
   <trkpt lat="-7.8835150" lon="113.6814300">
    <ele>881.0</ele>
   </trkpt>
   <trkpt lat="-7.8835330" lon="113.6814080">
    <ele>881.7</ele>
   </trkpt>
   <trkpt lat="-7.8835430" lon="113.6813770">
    <ele>882.5</ele>
   </trkpt>
   <trkpt lat="-7.8835550" lon="113.6813470">
    <ele>883.4</ele>
   </trkpt>
   <trkpt lat="-7.8835680" lon="113.6813180">
    <ele>884.4</ele>
   </trkpt>
   <trkpt lat="-7.8835850" lon="113.6812930">
    <ele>885.4</ele>
   </trkpt>
   <trkpt lat="-7.8836100" lon="113.6812680">
    <ele>886.7</ele>
   </trkpt>
   <trkpt lat="-7.8836300" lon="113.6812450">
    <ele>887.9</ele>
   </trkpt>
   <trkpt lat="-7.8836530" lon="113.6812150">
    <ele>889.5</ele>
   </trkpt>
   <trkpt lat="-7.8836730" lon="113.6811900">
    <ele>891.0</ele>
   </trkpt>
   <trkpt lat="-7.8837030" lon="113.6811680">
    <ele>892.9</ele>
   </trkpt>
   <trkpt lat="-7.8837220" lon="113.6811280">
    <ele>894.9</ele>
   </trkpt>
   <trkpt lat="-7.8837380" lon="113.6810970">
    <ele>896.3</ele>
   </trkpt>
   <trkpt lat="-7.8837570" lon="113.6810620">
    <ele>897.9</ele>
   </trkpt>
   <trkpt lat="-7.8837650" lon="113.6810330">
    <ele>899.4</ele>
   </trkpt>
   <trkpt lat="-7.8837630" lon="113.6809980">
    <ele>901.1</ele>
   </trkpt>
   <trkpt lat="-7.8837680" lon="113.6809600">
    <ele>902.6</ele>
   </trkpt>
   <trkpt lat="-7.8837850" lon="113.6809370">
    <ele>903.5</ele>
   </trkpt>
   <trkpt lat="-7.8838000" lon="113.6809130">
    <ele>904.4</ele>
   </trkpt>
   <trkpt lat="-7.8838130" lon="113.6808800">
    <ele>905.0</ele>
   </trkpt>
   <trkpt lat="-7.8838200" lon="113.6808520">
    <ele>905.4</ele>
   </trkpt>
   <trkpt lat="-7.8838350" lon="113.6808200">
    <ele>905.8</ele>
   </trkpt>
   <trkpt lat="-7.8838530" lon="113.6807830">
    <ele>905.9</ele>
   </trkpt>
   <trkpt lat="-7.8838700" lon="113.6807350">
    <ele>905.9</ele>
   </trkpt>
   <trkpt lat="-7.8838820" lon="113.6806880">
    <ele>905.5</ele>
   </trkpt>
   <trkpt lat="-7.8838950" lon="113.6806450">
    <ele>905.1</ele>
   </trkpt>
   <trkpt lat="-7.8839130" lon="113.6806050">
    <ele>904.9</ele>
   </trkpt>
   <trkpt lat="-7.8839270" lon="113.6805630">
    <ele>904.2</ele>
   </trkpt>
   <trkpt lat="-7.8839300" lon="113.6805150">
    <ele>902.5</ele>
   </trkpt>
   <trkpt lat="-7.8839280" lon="113.6804720">
    <ele>901.0</ele>
   </trkpt>
   <trkpt lat="-7.8839200" lon="113.6804280">
    <ele>899.8</ele>
   </trkpt>
   <trkpt lat="-7.8839080" lon="113.6803880">
    <ele>898.3</ele>
   </trkpt>
   <trkpt lat="-7.8838970" lon="113.6803470">
    <ele>896.3</ele>
   </trkpt>
   <trkpt lat="-7.8838870" lon="113.6803020">
    <ele>895.0</ele>
   </trkpt>
   <trkpt lat="-7.8838820" lon="113.6802620">
    <ele>894.9</ele>
   </trkpt>
   <trkpt lat="-7.8838500" lon="113.6802180">
    <ele>894.5</ele>
   </trkpt>
   <trkpt lat="-7.8838200" lon="113.6801720">
    <ele>893.8</ele>
   </trkpt>
   <trkpt lat="-7.8837930" lon="113.6801270">
    <ele>894.8</ele>
   </trkpt>
   <trkpt lat="-7.8837720" lon="113.6800850">
    <ele>895.9</ele>
   </trkpt>
   <trkpt lat="-7.8837580" lon="113.6800450">
    <ele>896.6</ele>
   </trkpt>
   <trkpt lat="-7.8837550" lon="113.6800050">
    <ele>897.1</ele>
   </trkpt>
   <trkpt lat="-7.8837820" lon="113.6799800">
    <ele>898.2</ele>
   </trkpt>
   <trkpt lat="-7.8838000" lon="113.6799400">
    <ele>899.6</ele>
   </trkpt>
   <trkpt lat="-7.8837980" lon="113.6798970">
    <ele>901.7</ele>
   </trkpt>
   <trkpt lat="-7.8838050" lon="113.6798630">
    <ele>903.6</ele>
   </trkpt>
   <trkpt lat="-7.8838020" lon="113.6798130">
    <ele>905.2</ele>
   </trkpt>
   <trkpt lat="-7.8838030" lon="113.6797770">
    <ele>905.9</ele>
   </trkpt>
   <trkpt lat="-7.8837980" lon="113.6797400">
    <ele>906.4</ele>
   </trkpt>
   <trkpt lat="-7.8838130" lon="113.6797080">
    <ele>906.8</ele>
   </trkpt>
   <trkpt lat="-7.8838220" lon="113.6796680">
    <ele>907.4</ele>
   </trkpt>
   <trkpt lat="-7.8838230" lon="113.6796180">
    <ele>908.6</ele>
   </trkpt>
   <trkpt lat="-7.8838250" lon="113.6795780">
    <ele>908.6</ele>
   </trkpt>
   <trkpt lat="-7.8838280" lon="113.6795300">
    <ele>908.1</ele>
   </trkpt>
   <trkpt lat="-7.8838220" lon="113.6795000">
    <ele>907.4</ele>
   </trkpt>
   <trkpt lat="-7.8838250" lon="113.6794700">
    <ele>906.6</ele>
   </trkpt>
   <trkpt lat="-7.8838250" lon="113.6794180">
    <ele>906.0</ele>
   </trkpt>
   <trkpt lat="-7.8838070" lon="113.6793850">
    <ele>905.8</ele>
   </trkpt>
   <trkpt lat="-7.8837850" lon="113.6793400">
    <ele>904.7</ele>
   </trkpt>
   <trkpt lat="-7.8837680" lon="113.6793030">
    <ele>903.5</ele>
   </trkpt>
   <trkpt lat="-7.8837670" lon="113.6792750">
    <ele>902.8</ele>
   </trkpt>
   <trkpt lat="-7.8837730" lon="113.6792480">
    <ele>902.3</ele>
   </trkpt>
   <trkpt lat="-7.8837620" lon="113.6792120">
    <ele>901.6</ele>
   </trkpt>
   <trkpt lat="-7.8837570" lon="113.6791750">
    <ele>901.0</ele>
   </trkpt>
   <trkpt lat="-7.8837320" lon="113.6791330">
    <ele>900.4</ele>
   </trkpt>
   <trkpt lat="-7.8837050" lon="113.6790880">
    <ele>897.6</ele>
   </trkpt>
   <trkpt lat="-7.8836970" lon="113.6790400">
    <ele>895.7</ele>
   </trkpt>
   <trkpt lat="-7.8836970" lon="113.6789830">
    <ele>896.2</ele>
   </trkpt>
   <trkpt lat="-7.8837220" lon="113.6789500">
    <ele>897.5</ele>
   </trkpt>
   <trkpt lat="-7.8837450" lon="113.6789320">
    <ele>898.6</ele>
   </trkpt>
   <trkpt lat="-7.8837680" lon="113.6789150">
    <ele>899.5</ele>
   </trkpt>
   <trkpt lat="-7.8838050" lon="113.6789100">
    <ele>900.4</ele>
   </trkpt>
   <trkpt lat="-7.8838450" lon="113.6789050">
    <ele>901.5</ele>
   </trkpt>
   <trkpt lat="-7.8838830" lon="113.6788970">
    <ele>902.8</ele>
   </trkpt>
   <trkpt lat="-7.8839100" lon="113.6788880">
    <ele>903.7</ele>
   </trkpt>
   <trkpt lat="-7.8839470" lon="113.6788700">
    <ele>904.9</ele>
   </trkpt>
   <trkpt lat="-7.8839820" lon="113.6788630">
    <ele>905.7</ele>
   </trkpt>
   <trkpt lat="-7.8840050" lon="113.6788380">
    <ele>906.4</ele>
   </trkpt>
   <trkpt lat="-7.8840450" lon="113.6788300">
    <ele>906.6</ele>
   </trkpt>
   <trkpt lat="-7.8840720" lon="113.6788350">
    <ele>906.6</ele>
   </trkpt>
   <trkpt lat="-7.8841080" lon="113.6788220">
    <ele>906.7</ele>
   </trkpt>
   <trkpt lat="-7.8841450" lon="113.6788070">
    <ele>906.7</ele>
   </trkpt>
   <trkpt lat="-7.8841980" lon="113.6787800">
    <ele>906.4</ele>
   </trkpt>
   <trkpt lat="-7.8842220" lon="113.6787630">
    <ele>906.1</ele>
   </trkpt>
   <trkpt lat="-7.8842500" lon="113.6787270">
    <ele>906.3</ele>
   </trkpt>
   <trkpt lat="-7.8842700" lon="113.6786980">
    <ele>907.3</ele>
   </trkpt>
   <trkpt lat="-7.8843050" lon="113.6786730">
    <ele>908.1</ele>
   </trkpt>
   <trkpt lat="-7.8843370" lon="113.6786550">
    <ele>908.3</ele>
   </trkpt>
   <trkpt lat="-7.8843630" lon="113.6786380">
    <ele>908.5</ele>
   </trkpt>
   <trkpt lat="-7.8844000" lon="113.6786250">
    <ele>909.8</ele>
   </trkpt>
   <trkpt lat="-7.8844250" lon="113.6786080">
    <ele>910.8</ele>
   </trkpt>
   <trkpt lat="-7.8844800" lon="113.6785830">
    <ele>915.0</ele>
   </trkpt>
   <trkpt lat="-7.8844980" lon="113.6785550">
    <ele>917.6</ele>
   </trkpt>
   <trkpt lat="-7.8845130" lon="113.6785270">
    <ele>918.3</ele>
   </trkpt>
   <trkpt lat="-7.8845230" lon="113.6784950">
    <ele>919.0</ele>
   </trkpt>
   <trkpt lat="-7.8845700" lon="113.6784650">
    <ele>920.3</ele>
   </trkpt>
   <trkpt lat="-7.8845950" lon="113.6784450">
    <ele>921.2</ele>
   </trkpt>
   <trkpt lat="-7.8846200" lon="113.6784200">
    <ele>922.0</ele>
   </trkpt>
   <trkpt lat="-7.8846380" lon="113.6783950">
    <ele>922.6</ele>
   </trkpt>
   <trkpt lat="-7.8846570" lon="113.6783730">
    <ele>923.1</ele>
   </trkpt>
   <trkpt lat="-7.8846720" lon="113.6783480">
    <ele>923.4</ele>
   </trkpt>
   <trkpt lat="-7.8846680" lon="113.6783200">
    <ele>923.3</ele>
   </trkpt>
   <trkpt lat="-7.8846920" lon="113.6782970">
    <ele>923.3</ele>
   </trkpt>
   <trkpt lat="-7.8846950" lon="113.6782630">
    <ele>923.4</ele>
   </trkpt>
   <trkpt lat="-7.8846820" lon="113.6782320">
    <ele>923.5</ele>
   </trkpt>
   <trkpt lat="-7.8846730" lon="113.6782030">
    <ele>923.5</ele>
   </trkpt>
   <trkpt lat="-7.8846530" lon="113.6781680">
    <ele>922.6</ele>
   </trkpt>
   <trkpt lat="-7.8846320" lon="113.6781380">
    <ele>921.0</ele>
   </trkpt>
   <trkpt lat="-7.8845980" lon="113.6781130">
    <ele>920.9</ele>
   </trkpt>
   <trkpt lat="-7.8845800" lon="113.6780630">
    <ele>919.3</ele>
   </trkpt>
   <trkpt lat="-7.8845670" lon="113.6780300">
    <ele>917.2</ele>
   </trkpt>
   <trkpt lat="-7.8845420" lon="113.6779870">
    <ele>914.4</ele>
   </trkpt>
   <trkpt lat="-7.8845270" lon="113.6779500">
    <ele>912.7</ele>
   </trkpt>
   <trkpt lat="-7.8845100" lon="113.6779050">
    <ele>911.9</ele>
   </trkpt>
   <trkpt lat="-7.8845120" lon="113.6778720">
    <ele>911.0</ele>
   </trkpt>
   <trkpt lat="-7.8845170" lon="113.6778350">
    <ele>909.9</ele>
   </trkpt>
   <trkpt lat="-7.8845300" lon="113.6777970">
    <ele>909.2</ele>
   </trkpt>
   <trkpt lat="-7.8845380" lon="113.6777550">
    <ele>908.8</ele>
   </trkpt>
   <trkpt lat="-7.8845470" lon="113.6777200">
    <ele>909.2</ele>
   </trkpt>
   <trkpt lat="-7.8845900" lon="113.6777000">
    <ele>911.4</ele>
   </trkpt>
   <trkpt lat="-7.8846180" lon="113.6776750">
    <ele>913.0</ele>
   </trkpt>
   <trkpt lat="-7.8846530" lon="113.6776570">
    <ele>914.2</ele>
   </trkpt>
   <trkpt lat="-7.8846820" lon="113.6776280">
    <ele>915.4</ele>
   </trkpt>
   <trkpt lat="-7.8847150" lon="113.6776100">
    <ele>917.5</ele>
   </trkpt>
   <trkpt lat="-7.8847450" lon="113.6775870">
    <ele>920.0</ele>
   </trkpt>
   <trkpt lat="-7.8847750" lon="113.6775700">
    <ele>922.1</ele>
   </trkpt>
   <trkpt lat="-7.8848050" lon="113.6775370">
    <ele>924.9</ele>
   </trkpt>
   <trkpt lat="-7.8848350" lon="113.6775080">
    <ele>926.9</ele>
   </trkpt>
   <trkpt lat="-7.8848630" lon="113.6774950">
    <ele>927.9</ele>
   </trkpt>
   <trkpt lat="-7.8848870" lon="113.6774750">
    <ele>928.8</ele>
   </trkpt>
   <trkpt lat="-7.8849070" lon="113.6774430">
    <ele>930.0</ele>
   </trkpt>
   <trkpt lat="-7.8849270" lon="113.6774230">
    <ele>931.0</ele>
   </trkpt>
   <trkpt lat="-7.8849500" lon="113.6774000">
    <ele>931.6</ele>
   </trkpt>
   <trkpt lat="-7.8849700" lon="113.6773820">
    <ele>932.1</ele>
   </trkpt>
   <trkpt lat="-7.8849880" lon="113.6773580">
    <ele>932.4</ele>
   </trkpt>
   <trkpt lat="-7.8850070" lon="113.6773320">
    <ele>932.0</ele>
   </trkpt>
   <trkpt lat="-7.8850150" lon="113.6773030">
    <ele>931.7</ele>
   </trkpt>
   <trkpt lat="-7.8850230" lon="113.6772680">
    <ele>932.4</ele>
   </trkpt>
   <trkpt lat="-7.8850350" lon="113.6772370">
    <ele>933.0</ele>
   </trkpt>
   <trkpt lat="-7.8850420" lon="113.6772070">
    <ele>933.1</ele>
   </trkpt>
   <trkpt lat="-7.8850530" lon="113.6771770">
    <ele>933.2</ele>
   </trkpt>
   <trkpt lat="-7.8850620" lon="113.6771400">
    <ele>933.0</ele>
   </trkpt>
   <trkpt lat="-7.8850720" lon="113.6771130">
    <ele>932.2</ele>
   </trkpt>
   <trkpt lat="-7.8850870" lon="113.6770850">
    <ele>931.3</ele>
   </trkpt>
   <trkpt lat="-7.8850930" lon="113.6770480">
    <ele>931.2</ele>
   </trkpt>
   <trkpt lat="-7.8851000" lon="113.6770220">
    <ele>931.4</ele>
   </trkpt>
   <trkpt lat="-7.8851130" lon="113.6769900">
    <ele>931.7</ele>
   </trkpt>
   <trkpt lat="-7.8851280" lon="113.6769580">
    <ele>932.4</ele>
   </trkpt>
   <trkpt lat="-7.8851430" lon="113.6769330">
    <ele>933.0</ele>
   </trkpt>
   <trkpt lat="-7.8851520" lon="113.6768950">
    <ele>933.9</ele>
   </trkpt>
   <trkpt lat="-7.8851670" lon="113.6768530">
    <ele>935.3</ele>
   </trkpt>
   <trkpt lat="-7.8851770" lon="113.6768270">
    <ele>936.2</ele>
   </trkpt>
   <trkpt lat="-7.8851870" lon="113.6767930">
    <ele>937.3</ele>
   </trkpt>
   <trkpt lat="-7.8851880" lon="113.6767570">
    <ele>938.4</ele>
   </trkpt>
   <trkpt lat="-7.8852080" lon="113.6767350">
    <ele>939.4</ele>
   </trkpt>
   <trkpt lat="-7.8852320" lon="113.6767020">
    <ele>941.3</ele>
   </trkpt>
   <trkpt lat="-7.8852550" lon="113.6766830">
    <ele>942.8</ele>
   </trkpt>
   <trkpt lat="-7.8852780" lon="113.6766620">
    <ele>944.1</ele>
   </trkpt>
   <trkpt lat="-7.8853020" lon="113.6766430">
    <ele>944.7</ele>
   </trkpt>
   <trkpt lat="-7.8853270" lon="113.6766180">
    <ele>945.5</ele>
   </trkpt>
   <trkpt lat="-7.8853450" lon="113.6765970">
    <ele>946.0</ele>
   </trkpt>
   <trkpt lat="-7.8853670" lon="113.6765750">
    <ele>946.4</ele>
   </trkpt>
   <trkpt lat="-7.8853900" lon="113.6765550">
    <ele>946.9</ele>
   </trkpt>
   <trkpt lat="-7.8854100" lon="113.6765320">
    <ele>947.3</ele>
   </trkpt>
   <trkpt lat="-7.8854270" lon="113.6765080">
    <ele>947.9</ele>
   </trkpt>
   <trkpt lat="-7.8854430" lon="113.6764820">
    <ele>948.4</ele>
   </trkpt>
   <trkpt lat="-7.8854570" lon="113.6764570">
    <ele>949.0</ele>
   </trkpt>
   <trkpt lat="-7.8854620" lon="113.6764200">
    <ele>949.6</ele>
   </trkpt>
   <trkpt lat="-7.8854450" lon="113.6763830">
    <ele>950.4</ele>
   </trkpt>
   <trkpt lat="-7.8854300" lon="113.6763520">
    <ele>950.8</ele>
   </trkpt>
   <trkpt lat="-7.8854200" lon="113.6763100">
    <ele>951.1</ele>
   </trkpt>
   <trkpt lat="-7.8854130" lon="113.6762800">
    <ele>951.1</ele>
   </trkpt>
   <trkpt lat="-7.8854030" lon="113.6762380">
    <ele>950.3</ele>
   </trkpt>
   <trkpt lat="-7.8853900" lon="113.6762120">
    <ele>949.7</ele>
   </trkpt>
   <trkpt lat="-7.8853730" lon="113.6761750">
    <ele>949.7</ele>
   </trkpt>
   <trkpt lat="-7.8853570" lon="113.6761500">
    <ele>949.8</ele>
   </trkpt>
   <trkpt lat="-7.8853350" lon="113.6761150">
    <ele>949.2</ele>
   </trkpt>
   <trkpt lat="-7.8853180" lon="113.6760920">
    <ele>948.4</ele>
   </trkpt>
   <trkpt lat="-7.8852980" lon="113.6760700">
    <ele>947.6</ele>
   </trkpt>
   <trkpt lat="-7.8852700" lon="113.6760470">
    <ele>946.2</ele>
   </trkpt>
   <trkpt lat="-7.8852430" lon="113.6760320">
    <ele>945.1</ele>
   </trkpt>
   <trkpt lat="-7.8852200" lon="113.6760130">
    <ele>943.8</ele>
   </trkpt>
   <trkpt lat="-7.8852030" lon="113.6759880">
    <ele>942.5</ele>
   </trkpt>
   <trkpt lat="-7.8852000" lon="113.6759580">
    <ele>941.5</ele>
   </trkpt>
   <trkpt lat="-7.8851950" lon="113.6759170">
    <ele>941.3</ele>
   </trkpt>
   <trkpt lat="-7.8851880" lon="113.6758870">
    <ele>941.1</ele>
   </trkpt>
   <trkpt lat="-7.8851850" lon="113.6758500">
    <ele>940.7</ele>
   </trkpt>
   <trkpt lat="-7.8852080" lon="113.6758280">
    <ele>941.3</ele>
   </trkpt>
   <trkpt lat="-7.8852400" lon="113.6758000">
    <ele>943.7</ele>
   </trkpt>
   <trkpt lat="-7.8852570" lon="113.6757680">
    <ele>946.0</ele>
   </trkpt>
   <trkpt lat="-7.8852830" lon="113.6757320">
    <ele>948.8</ele>
   </trkpt>
   <trkpt lat="-7.8853250" lon="113.6757020">
    <ele>950.0</ele>
   </trkpt>
   <trkpt lat="-7.8853530" lon="113.6756930">
    <ele>950.6</ele>
   </trkpt>
   <trkpt lat="-7.8853800" lon="113.6756770">
    <ele>951.8</ele>
   </trkpt>
   <trkpt lat="-7.8854080" lon="113.6756720">
    <ele>952.9</ele>
   </trkpt>
   <trkpt lat="-7.8854380" lon="113.6756630">
    <ele>954.1</ele>
   </trkpt>
   <trkpt lat="-7.8854680" lon="113.6756480">
    <ele>955.7</ele>
   </trkpt>
   <trkpt lat="-7.8855030" lon="113.6756350">
    <ele>957.4</ele>
   </trkpt>
   <trkpt lat="-7.8855320" lon="113.6756320">
    <ele>958.3</ele>
   </trkpt>
   <trkpt lat="-7.8855670" lon="113.6756320">
    <ele>959.1</ele>
   </trkpt>
   <trkpt lat="-7.8856150" lon="113.6756430">
    <ele>960.7</ele>
   </trkpt>
   <trkpt lat="-7.8856480" lon="113.6756520">
    <ele>962.2</ele>
   </trkpt>
   <trkpt lat="-7.8856730" lon="113.6756630">
    <ele>963.5</ele>
   </trkpt>
   <trkpt lat="-7.8857050" lon="113.6756700">
    <ele>965.4</ele>
   </trkpt>
   <trkpt lat="-7.8857420" lon="113.6756800">
    <ele>967.7</ele>
   </trkpt>
   <trkpt lat="-7.8857820" lon="113.6756830">
    <ele>968.2</ele>
   </trkpt>
   <trkpt lat="-7.8858080" lon="113.6756680">
    <ele>968.1</ele>
   </trkpt>
   <trkpt lat="-7.8858300" lon="113.6756480">
    <ele>968.0</ele>
   </trkpt>
   <trkpt lat="-7.8858570" lon="113.6756380">
    <ele>967.8</ele>
   </trkpt>
   <trkpt lat="-7.8858870" lon="113.6756530">
    <ele>968.1</ele>
   </trkpt>
   <trkpt lat="-7.8859170" lon="113.6756470">
    <ele>968.4</ele>
   </trkpt>
   <trkpt lat="-7.8859520" lon="113.6756420">
    <ele>968.5</ele>
   </trkpt>
   <trkpt lat="-7.8859680" lon="113.6756200">
    <ele>968.5</ele>
   </trkpt>
   <trkpt lat="-7.8859800" lon="113.6755900">
    <ele>968.4</ele>
   </trkpt>
   <trkpt lat="-7.8859800" lon="113.6755550">
    <ele>967.9</ele>
   </trkpt>
   <trkpt lat="-7.8859830" lon="113.6755230">
    <ele>967.4</ele>
   </trkpt>
   <trkpt lat="-7.8860000" lon="113.6754880">
    <ele>966.2</ele>
   </trkpt>
   <trkpt lat="-7.8860320" lon="113.6754600">
    <ele>964.7</ele>
   </trkpt>
   <trkpt lat="-7.8860480" lon="113.6754250">
    <ele>964.1</ele>
   </trkpt>
   <trkpt lat="-7.8860280" lon="113.6753930">
    <ele>963.6</ele>
   </trkpt>
   <trkpt lat="-7.8860400" lon="113.6753620">
    <ele>961.3</ele>
   </trkpt>
   <trkpt lat="-7.8860430" lon="113.6753330">
    <ele>959.2</ele>
   </trkpt>
   <trkpt lat="-7.8860480" lon="113.6752980">
    <ele>958.0</ele>
   </trkpt>
   <trkpt lat="-7.8860700" lon="113.6752730">
    <ele>957.6</ele>
   </trkpt>
   <trkpt lat="-7.8861080" lon="113.6752620">
    <ele>958.8</ele>
   </trkpt>
   <trkpt lat="-7.8861530" lon="113.6752370">
    <ele>961.9</ele>
   </trkpt>
   <trkpt lat="-7.8861830" lon="113.6752220">
    <ele>963.5</ele>
   </trkpt>
   <trkpt lat="-7.8862130" lon="113.6752200">
    <ele>965.0</ele>
   </trkpt>
   <trkpt lat="-7.8862470" lon="113.6752050">
    <ele>966.8</ele>
   </trkpt>
   <trkpt lat="-7.8862800" lon="113.6752150">
    <ele>968.6</ele>
   </trkpt>
   <trkpt lat="-7.8863130" lon="113.6752230">
    <ele>970.4</ele>
   </trkpt>
   <trkpt lat="-7.8863550" lon="113.6752180">
    <ele>972.7</ele>
   </trkpt>
   <trkpt lat="-7.8863830" lon="113.6752220">
    <ele>974.2</ele>
   </trkpt>
   <trkpt lat="-7.8864130" lon="113.6752400">
    <ele>976.1</ele>
   </trkpt>
   <trkpt lat="-7.8864450" lon="113.6752320">
    <ele>977.9</ele>
   </trkpt>
   <trkpt lat="-7.8864750" lon="113.6752300">
    <ele>979.5</ele>
   </trkpt>
   <trkpt lat="-7.8865070" lon="113.6752270">
    <ele>981.2</ele>
   </trkpt>
   <trkpt lat="-7.8865430" lon="113.6752380">
    <ele>983.1</ele>
   </trkpt>
   <trkpt lat="-7.8865720" lon="113.6752350">
    <ele>984.6</ele>
   </trkpt>
   <trkpt lat="-7.8866100" lon="113.6752320">
    <ele>985.9</ele>
   </trkpt>
   <trkpt lat="-7.8866450" lon="113.6752270">
    <ele>986.5</ele>
   </trkpt>
   <trkpt lat="-7.8866780" lon="113.6752420">
    <ele>987.8</ele>
   </trkpt>
   <trkpt lat="-7.8867180" lon="113.6752300">
    <ele>987.5</ele>
   </trkpt>
   <trkpt lat="-7.8867330" lon="113.6752050">
    <ele>986.8</ele>
   </trkpt>
   <trkpt lat="-7.8867570" lon="113.6751820">
    <ele>986.1</ele>
   </trkpt>
   <trkpt lat="-7.8867650" lon="113.6751420">
    <ele>985.7</ele>
   </trkpt>
   <trkpt lat="-7.8867780" lon="113.6751080">
    <ele>985.3</ele>
   </trkpt>
   <trkpt lat="-7.8867900" lon="113.6750830">
    <ele>984.5</ele>
   </trkpt>
   <trkpt lat="-7.8868000" lon="113.6750550">
    <ele>983.7</ele>
   </trkpt>
   <trkpt lat="-7.8868220" lon="113.6750350">
    <ele>982.8</ele>
   </trkpt>
   <trkpt lat="-7.8868270" lon="113.6750050">
    <ele>981.9</ele>
   </trkpt>
   <trkpt lat="-7.8868730" lon="113.6749980">
    <ele>980.4</ele>
   </trkpt>
   <trkpt lat="-7.8869070" lon="113.6749980">
    <ele>981.9</ele>
   </trkpt>
   <trkpt lat="-7.8869330" lon="113.6749930">
    <ele>983.3</ele>
   </trkpt>
   <trkpt lat="-7.8869670" lon="113.6750070">
    <ele>985.6</ele>
   </trkpt>
   <trkpt lat="-7.8869820" lon="113.6750380">
    <ele>988.0</ele>
   </trkpt>
   <trkpt lat="-7.8870220" lon="113.6750430">
    <ele>990.8</ele>
   </trkpt>
   <trkpt lat="-7.8870630" lon="113.6750430">
    <ele>993.2</ele>
   </trkpt>
   <trkpt lat="-7.8870920" lon="113.6750430">
    <ele>994.4</ele>
   </trkpt>
   <trkpt lat="-7.8871220" lon="113.6750470">
    <ele>994.2</ele>
   </trkpt>
   <trkpt lat="-7.8871430" lon="113.6750630">
    <ele>994.1</ele>
   </trkpt>
   <trkpt lat="-7.8871720" lon="113.6750770">
    <ele>994.4</ele>
   </trkpt>
   <trkpt lat="-7.8872000" lon="113.6750720">
    <ele>995.8</ele>
   </trkpt>
   <trkpt lat="-7.8872270" lon="113.6750780">
    <ele>997.2</ele>
   </trkpt>
   <trkpt lat="-7.8872550" lon="113.6750650">
    <ele>998.8</ele>
   </trkpt>
   <trkpt lat="-7.8872930" lon="113.6750600">
    <ele>1001.2</ele>
   </trkpt>
   <trkpt lat="-7.8873330" lon="113.6750550">
    <ele>1003.7</ele>
   </trkpt>
   <trkpt lat="-7.8873650" lon="113.6750470">
    <ele>1005.6</ele>
   </trkpt>
   <trkpt lat="-7.8873950" lon="113.6750320">
    <ele>1007.4</ele>
   </trkpt>
   <trkpt lat="-7.8874300" lon="113.6750200">
    <ele>1009.2</ele>
   </trkpt>
   <trkpt lat="-7.8874650" lon="113.6750220">
    <ele>1010.8</ele>
   </trkpt>
   <trkpt lat="-7.8875000" lon="113.6750220">
    <ele>1011.9</ele>
   </trkpt>
   <trkpt lat="-7.8875300" lon="113.6750080">
    <ele>1011.9</ele>
   </trkpt>
   <trkpt lat="-7.8875650" lon="113.6749970">
    <ele>1011.9</ele>
   </trkpt>
   <trkpt lat="-7.8875930" lon="113.6749980">
    <ele>1013.1</ele>
   </trkpt>
   <trkpt lat="-7.8876250" lon="113.6749970">
    <ele>1014.4</ele>
   </trkpt>
   <trkpt lat="-7.8876700" lon="113.6749920">
    <ele>1015.8</ele>
   </trkpt>
   <trkpt lat="-7.8877170" lon="113.6749820">
    <ele>1017.1</ele>
   </trkpt>
   <trkpt lat="-7.8877520" lon="113.6749630">
    <ele>1018.0</ele>
   </trkpt>
   <trkpt lat="-7.8877930" lon="113.6749600">
    <ele>1018.7</ele>
   </trkpt>
   <trkpt lat="-7.8878320" lon="113.6749500">
    <ele>1017.6</ele>
   </trkpt>
   <trkpt lat="-7.8878580" lon="113.6749380">
    <ele>1016.8</ele>
   </trkpt>
   <trkpt lat="-7.8878800" lon="113.6749150">
    <ele>1016.3</ele>
   </trkpt>
   <trkpt lat="-7.8879070" lon="113.6749020">
    <ele>1015.8</ele>
   </trkpt>
   <trkpt lat="-7.8879250" lon="113.6748800">
    <ele>1014.5</ele>
   </trkpt>
   <trkpt lat="-7.8879480" lon="113.6748600">
    <ele>1012.4</ele>
   </trkpt>
   <trkpt lat="-7.8879700" lon="113.6748250">
    <ele>1009.8</ele>
   </trkpt>
   <trkpt lat="-7.8879870" lon="113.6747880">
    <ele>1008.3</ele>
   </trkpt>
   <trkpt lat="-7.8879780" lon="113.6747420">
    <ele>1006.8</ele>
   </trkpt>
   <trkpt lat="-7.8879750" lon="113.6747070">
    <ele>1005.8</ele>
   </trkpt>
   <trkpt lat="-7.8879830" lon="113.6746780">
    <ele>1005.3</ele>
   </trkpt>
   <trkpt lat="-7.8880000" lon="113.6746550">
    <ele>1005.5</ele>
   </trkpt>
   <trkpt lat="-7.8880250" lon="113.6746420">
    <ele>1005.8</ele>
   </trkpt>
   <trkpt lat="-7.8880600" lon="113.6746320">
    <ele>1006.8</ele>
   </trkpt>
   <trkpt lat="-7.8880870" lon="113.6746220">
    <ele>1007.6</ele>
   </trkpt>
   <trkpt lat="-7.8881250" lon="113.6746180">
    <ele>1008.4</ele>
   </trkpt>
   <trkpt lat="-7.8881620" lon="113.6746320">
    <ele>1009.4</ele>
   </trkpt>
   <trkpt lat="-7.8881820" lon="113.6746570">
    <ele>1011.8</ele>
   </trkpt>
   <trkpt lat="-7.8882130" lon="113.6746620">
    <ele>1014.0</ele>
   </trkpt>
   <trkpt lat="-7.8882420" lon="113.6746770">
    <ele>1016.1</ele>
   </trkpt>
   <trkpt lat="-7.8882730" lon="113.6746920">
    <ele>1017.9</ele>
   </trkpt>
   <trkpt lat="-7.8882980" lon="113.6746800">
    <ele>1019.3</ele>
   </trkpt>
   <trkpt lat="-7.8883320" lon="113.6746700">
    <ele>1022.3</ele>
   </trkpt>
   <trkpt lat="-7.8883580" lon="113.6746750">
    <ele>1024.8</ele>
   </trkpt>
   <trkpt lat="-7.8883870" lon="113.6746920">
    <ele>1028.0</ele>
   </trkpt>
   <trkpt lat="-7.8884130" lon="113.6747000">
    <ele>1029.7</ele>
   </trkpt>
   <trkpt lat="-7.8884400" lon="113.6747130">
    <ele>1031.5</ele>
   </trkpt>
   <trkpt lat="-7.8884750" lon="113.6747080">
    <ele>1033.5</ele>
   </trkpt>
   <trkpt lat="-7.8885050" lon="113.6747120">
    <ele>1034.4</ele>
   </trkpt>
   <trkpt lat="-7.8885370" lon="113.6747250">
    <ele>1035.5</ele>
   </trkpt>
   <trkpt lat="-7.8885670" lon="113.6747350">
    <ele>1037.3</ele>
   </trkpt>
   <trkpt lat="-7.8885930" lon="113.6747400">
    <ele>1039.4</ele>
   </trkpt>
   <trkpt lat="-7.8886320" lon="113.6747480">
    <ele>1042.4</ele>
   </trkpt>
   <trkpt lat="-7.8886600" lon="113.6747450">
    <ele>1044.3</ele>
   </trkpt>
   <trkpt lat="-7.8886870" lon="113.6747520">
    <ele>1046.1</ele>
   </trkpt>
   <trkpt lat="-7.8887180" lon="113.6747570">
    <ele>1047.4</ele>
   </trkpt>
   <trkpt lat="-7.8887500" lon="113.6747620">
    <ele>1048.3</ele>
   </trkpt>
   <trkpt lat="-7.8887770" lon="113.6747730">
    <ele>1049.2</ele>
   </trkpt>
   <trkpt lat="-7.8888070" lon="113.6747750">
    <ele>1050.2</ele>
   </trkpt>
   <trkpt lat="-7.8888370" lon="113.6747720">
    <ele>1050.9</ele>
   </trkpt>
   <trkpt lat="-7.8888650" lon="113.6747830">
    <ele>1051.0</ele>
   </trkpt>
   <trkpt lat="-7.8888980" lon="113.6747770">
    <ele>1051.0</ele>
   </trkpt>
   <trkpt lat="-7.8889320" lon="113.6747720">
    <ele>1051.0</ele>
   </trkpt>
   <trkpt lat="-7.8889700" lon="113.6747600">
    <ele>1050.9</ele>
   </trkpt>
   <trkpt lat="-7.8889930" lon="113.6747430">
    <ele>1050.7</ele>
   </trkpt>
   <trkpt lat="-7.8890200" lon="113.6747280">
    <ele>1050.6</ele>
   </trkpt>
   <trkpt lat="-7.8890480" lon="113.6746980">
    <ele>1050.4</ele>
   </trkpt>
   <trkpt lat="-7.8890670" lon="113.6746750">
    <ele>1049.7</ele>
   </trkpt>
   <trkpt lat="-7.8890880" lon="113.6746520">
    <ele>1048.1</ele>
   </trkpt>
   <trkpt lat="-7.8891130" lon="113.6746230">
    <ele>1046.4</ele>
   </trkpt>
   <trkpt lat="-7.8891380" lon="113.6745980">
    <ele>1045.5</ele>
   </trkpt>
   <trkpt lat="-7.8891620" lon="113.6745770">
    <ele>1044.7</ele>
   </trkpt>
   <trkpt lat="-7.8891700" lon="113.6745430">
    <ele>1043.0</ele>
   </trkpt>
   <trkpt lat="-7.8891720" lon="113.6745150">
    <ele>1041.6</ele>
   </trkpt>
   <trkpt lat="-7.8891570" lon="113.6744820">
    <ele>1040.0</ele>
   </trkpt>
   <trkpt lat="-7.8891670" lon="113.6744530">
    <ele>1038.8</ele>
   </trkpt>
   <trkpt lat="-7.8891770" lon="113.6744220">
    <ele>1038.0</ele>
   </trkpt>
   <trkpt lat="-7.8891730" lon="113.6743850">
    <ele>1039.8</ele>
   </trkpt>
   <trkpt lat="-7.8891770" lon="113.6743480">
    <ele>1041.5</ele>
   </trkpt>
   <trkpt lat="-7.8891750" lon="113.6743170">
    <ele>1043.1</ele>
   </trkpt>
   <trkpt lat="-7.8891870" lon="113.6742820">
    <ele>1044.9</ele>
   </trkpt>
   <trkpt lat="-7.8891950" lon="113.6742500">
    <ele>1046.6</ele>
   </trkpt>
   <trkpt lat="-7.8892150" lon="113.6742320">
    <ele>1047.4</ele>
   </trkpt>
   <trkpt lat="-7.8892300" lon="113.6742070">
    <ele>1048.0</ele>
   </trkpt>
   <trkpt lat="-7.8892550" lon="113.6741880">
    <ele>1048.7</ele>
   </trkpt>
   <trkpt lat="-7.8892880" lon="113.6741670">
    <ele>1049.7</ele>
   </trkpt>
   <trkpt lat="-7.8893150" lon="113.6741470">
    <ele>1050.6</ele>
   </trkpt>
   <trkpt lat="-7.8893430" lon="113.6741230">
    <ele>1051.5</ele>
   </trkpt>
   <trkpt lat="-7.8893650" lon="113.6741030">
    <ele>1051.6</ele>
   </trkpt>
   <trkpt lat="-7.8893970" lon="113.6740870">
    <ele>1051.6</ele>
   </trkpt>
   <trkpt lat="-7.8894280" lon="113.6740730">
    <ele>1051.8</ele>
   </trkpt>
   <trkpt lat="-7.8894480" lon="113.6740550">
    <ele>1052.0</ele>
   </trkpt>
   <trkpt lat="-7.8894850" lon="113.6740480">
    <ele>1052.3</ele>
   </trkpt>
   <trkpt lat="-7.8895130" lon="113.6740400">
    <ele>1052.4</ele>
   </trkpt>
   <trkpt lat="-7.8895500" lon="113.6740200">
    <ele>1052.0</ele>
   </trkpt>
   <trkpt lat="-7.8895670" lon="113.6739950">
    <ele>1051.7</ele>
   </trkpt>
   <trkpt lat="-7.8895820" lon="113.6739720">
    <ele>1051.6</ele>
   </trkpt>
   <trkpt lat="-7.8895980" lon="113.6739400">
    <ele>1051.8</ele>
   </trkpt>
   <trkpt lat="-7.8896130" lon="113.6739120">
    <ele>1052.0</ele>
   </trkpt>
   <trkpt lat="-7.8896150" lon="113.6738830">
    <ele>1052.1</ele>
   </trkpt>
   <trkpt lat="-7.8896280" lon="113.6738550">
    <ele>1052.2</ele>
   </trkpt>
   <trkpt lat="-7.8896400" lon="113.6738180">
    <ele>1052.0</ele>
   </trkpt>
   <trkpt lat="-7.8896580" lon="113.6737870">
    <ele>1051.6</ele>
   </trkpt>
   <trkpt lat="-7.8896770" lon="113.6737520">
    <ele>1051.3</ele>
   </trkpt>
   <trkpt lat="-7.8897020" lon="113.6737230">
    <ele>1051.1</ele>
   </trkpt>
   <trkpt lat="-7.8897270" lon="113.6737020">
    <ele>1051.1</ele>
   </trkpt>
   <trkpt lat="-7.8897580" lon="113.6736820">
    <ele>1051.7</ele>
   </trkpt>
   <trkpt lat="-7.8897870" lon="113.6736570">
    <ele>1052.2</ele>
   </trkpt>
   <trkpt lat="-7.8898080" lon="113.6736330">
    <ele>1052.6</ele>
   </trkpt>
   <trkpt lat="-7.8898270" lon="113.6736100">
    <ele>1053.0</ele>
   </trkpt>
   <trkpt lat="-7.8898370" lon="113.6735770">
    <ele>1053.2</ele>
   </trkpt>
   <trkpt lat="-7.8898530" lon="113.6735480">
    <ele>1052.4</ele>
   </trkpt>
   <trkpt lat="-7.8898620" lon="113.6735200">
    <ele>1051.8</ele>
   </trkpt>
   <trkpt lat="-7.8898820" lon="113.6734970">
    <ele>1051.7</ele>
   </trkpt>
   <trkpt lat="-7.8898930" lon="113.6734600">
    <ele>1051.9</ele>
   </trkpt>
   <trkpt lat="-7.8898900" lon="113.6734270">
    <ele>1052.6</ele>
   </trkpt>
   <trkpt lat="-7.8899150" lon="113.6734050">
    <ele>1054.6</ele>
   </trkpt>
   <trkpt lat="-7.8899350" lon="113.6733850">
    <ele>1056.2</ele>
   </trkpt>
   <trkpt lat="-7.8899620" lon="113.6733670">
    <ele>1057.0</ele>
   </trkpt>
   <trkpt lat="-7.8899950" lon="113.6733550">
    <ele>1057.6</ele>
   </trkpt>
   <trkpt lat="-7.8900270" lon="113.6733320">
    <ele>1057.9</ele>
   </trkpt>
   <trkpt lat="-7.8900450" lon="113.6733100">
    <ele>1058.0</ele>
   </trkpt>
   <trkpt lat="-7.8900670" lon="113.6732770">
    <ele>1058.2</ele>
   </trkpt>
   <trkpt lat="-7.8900770" lon="113.6732470">
    <ele>1058.7</ele>
   </trkpt>
   <trkpt lat="-7.8900970" lon="113.6732270">
    <ele>1059.2</ele>
   </trkpt>
   <trkpt lat="-7.8901220" lon="113.6731950">
    <ele>1058.5</ele>
   </trkpt>
   <trkpt lat="-7.8901430" lon="113.6731780">
    <ele>1057.8</ele>
   </trkpt>
   <trkpt lat="-7.8901770" lon="113.6731550">
    <ele>1058.9</ele>
   </trkpt>
   <trkpt lat="-7.8902020" lon="113.6731400">
    <ele>1060.3</ele>
   </trkpt>
   <trkpt lat="-7.8902250" lon="113.6731170">
    <ele>1061.9</ele>
   </trkpt>
   <trkpt lat="-7.8902450" lon="113.6730970">
    <ele>1062.8</ele>
   </trkpt>
   <trkpt lat="-7.8902680" lon="113.6730750">
    <ele>1063.8</ele>
   </trkpt>
   <trkpt lat="-7.8902880" lon="113.6730530">
    <ele>1064.7</ele>
   </trkpt>
   <trkpt lat="-7.8903080" lon="113.6730280">
    <ele>1065.8</ele>
   </trkpt>
   <trkpt lat="-7.8903330" lon="113.6729970">
    <ele>1067.1</ele>
   </trkpt>
   <trkpt lat="-7.8903500" lon="113.6729750">
    <ele>1068.4</ele>
   </trkpt>
   <trkpt lat="-7.8903770" lon="113.6729600">
    <ele>1070.2</ele>
   </trkpt>
   <trkpt lat="-7.8903970" lon="113.6729400">
    <ele>1071.9</ele>
   </trkpt>
   <trkpt lat="-7.8904150" lon="113.6729170">
    <ele>1073.0</ele>
   </trkpt>
   <trkpt lat="-7.8904370" lon="113.6728900">
    <ele>1073.8</ele>
   </trkpt>
   <trkpt lat="-7.8904530" lon="113.6728630">
    <ele>1074.4</ele>
   </trkpt>
   <trkpt lat="-7.8904700" lon="113.6728370">
    <ele>1074.9</ele>
   </trkpt>
   <trkpt lat="-7.8904880" lon="113.6728020">
    <ele>1075.5</ele>
   </trkpt>
   <trkpt lat="-7.8905030" lon="113.6727750">
    <ele>1076.1</ele>
   </trkpt>
   <trkpt lat="-7.8905270" lon="113.6727470">
    <ele>1076.9</ele>
   </trkpt>
   <trkpt lat="-7.8905500" lon="113.6727230">
    <ele>1077.6</ele>
   </trkpt>
   <trkpt lat="-7.8905700" lon="113.6727000">
    <ele>1078.0</ele>
   </trkpt>
   <trkpt lat="-7.8905880" lon="113.6726700">
    <ele>1078.3</ele>
   </trkpt>
   <trkpt lat="-7.8906130" lon="113.6726470">
    <ele>1078.6</ele>
   </trkpt>
   <trkpt lat="-7.8906380" lon="113.6726250">
    <ele>1078.8</ele>
   </trkpt>
   <trkpt lat="-7.8906700" lon="113.6726080">
    <ele>1079.0</ele>
   </trkpt>
   <trkpt lat="-7.8907000" lon="113.6726070">
    <ele>1079.7</ele>
   </trkpt>
   <trkpt lat="-7.8907370" lon="113.6726000">
    <ele>1080.5</ele>
   </trkpt>
   <trkpt lat="-7.8907670" lon="113.6726050">
    <ele>1080.5</ele>
   </trkpt>
   <trkpt lat="-7.8908000" lon="113.6725870">
    <ele>1080.3</ele>
   </trkpt>
   <trkpt lat="-7.8908330" lon="113.6725780">
    <ele>1081.4</ele>
   </trkpt>
   <trkpt lat="-7.8908630" lon="113.6725780">
    <ele>1082.5</ele>
   </trkpt>
   <trkpt lat="-7.8908980" lon="113.6725670">
    <ele>1083.9</ele>
   </trkpt>
   <trkpt lat="-7.8909300" lon="113.6725420">
    <ele>1085.4</ele>
   </trkpt>
   <trkpt lat="-7.8909580" lon="113.6725280">
    <ele>1086.3</ele>
   </trkpt>
   <trkpt lat="-7.8909870" lon="113.6725250">
    <ele>1086.3</ele>
   </trkpt>
   <trkpt lat="-7.8910130" lon="113.6725070">
    <ele>1086.2</ele>
   </trkpt>
   <trkpt lat="-7.8910400" lon="113.6724850">
    <ele>1086.7</ele>
   </trkpt>
   <trkpt lat="-7.8910720" lon="113.6724620">
    <ele>1087.9</ele>
   </trkpt>
   <trkpt lat="-7.8911030" lon="113.6724670">
    <ele>1088.7</ele>
   </trkpt>
   <trkpt lat="-7.8911370" lon="113.6724720">
    <ele>1088.9</ele>
   </trkpt>
   <trkpt lat="-7.8911770" lon="113.6724800">
    <ele>1089.1</ele>
   </trkpt>
   <trkpt lat="-7.8912120" lon="113.6724730">
    <ele>1089.4</ele>
   </trkpt>
   <trkpt lat="-7.8912420" lon="113.6724630">
    <ele>1089.6</ele>
   </trkpt>
   <trkpt lat="-7.8912720" lon="113.6724450">
    <ele>1090.1</ele>
   </trkpt>
   <trkpt lat="-7.8912970" lon="113.6724230">
    <ele>1091.1</ele>
   </trkpt>
   <trkpt lat="-7.8913220" lon="113.6724080">
    <ele>1091.9</ele>
   </trkpt>
   <trkpt lat="-7.8913470" lon="113.6723900">
    <ele>1092.8</ele>
   </trkpt>
   <trkpt lat="-7.8913750" lon="113.6723820">
    <ele>1093.4</ele>
   </trkpt>
   <trkpt lat="-7.8914050" lon="113.6723780">
    <ele>1094.1</ele>
   </trkpt>
   <trkpt lat="-7.8914320" lon="113.6723720">
    <ele>1094.7</ele>
   </trkpt>
   <trkpt lat="-7.8914580" lon="113.6723670">
    <ele>1094.9</ele>
   </trkpt>
   <trkpt lat="-7.8914830" lon="113.6723480">
    <ele>1095.1</ele>
   </trkpt>
   <trkpt lat="-7.8915130" lon="113.6723330">
    <ele>1095.7</ele>
   </trkpt>
   <trkpt lat="-7.8915400" lon="113.6723150">
    <ele>1096.7</ele>
   </trkpt>
   <trkpt lat="-7.8915670" lon="113.6723020">
    <ele>1097.7</ele>
   </trkpt>
   <trkpt lat="-7.8915880" lon="113.6722750">
    <ele>1098.4</ele>
   </trkpt>
   <trkpt lat="-7.8916270" lon="113.6722800">
    <ele>1099.1</ele>
   </trkpt>
   <trkpt lat="-7.8916620" lon="113.6722700">
    <ele>1099.6</ele>
   </trkpt>
   <trkpt lat="-7.8916900" lon="113.6722520">
    <ele>1100.0</ele>
   </trkpt>
   <trkpt lat="-7.8917050" lon="113.6722200">
    <ele>1099.7</ele>
   </trkpt>
   <trkpt lat="-7.8917100" lon="113.6721870">
    <ele>1099.4</ele>
   </trkpt>
   <trkpt lat="-7.8917300" lon="113.6721500">
    <ele>1099.2</ele>
   </trkpt>
   <trkpt lat="-7.8917180" lon="113.6721170">
    <ele>1099.1</ele>
   </trkpt>
   <trkpt lat="-7.8916880" lon="113.6721030">
    <ele>1098.9</ele>
   </trkpt>
   <trkpt lat="-7.8916650" lon="113.6720850">
    <ele>1098.6</ele>
   </trkpt>
   <trkpt lat="-7.8916500" lon="113.6720400">
    <ele>1098.3</ele>
   </trkpt>
   <trkpt lat="-7.8916550" lon="113.6720080">
    <ele>1098.5</ele>
   </trkpt>
   <trkpt lat="-7.8916480" lon="113.6719770">
    <ele>1098.6</ele>
   </trkpt>
   <trkpt lat="-7.8916370" lon="113.6719380">
    <ele>1098.8</ele>
   </trkpt>
   <trkpt lat="-7.8916370" lon="113.6719000">
    <ele>1098.9</ele>
   </trkpt>
   <trkpt lat="-7.8916350" lon="113.6718670">
    <ele>1099.0</ele>
   </trkpt>
   <trkpt lat="-7.8916320" lon="113.6718380">
    <ele>1099.1</ele>
   </trkpt>
   <trkpt lat="-7.8916380" lon="113.6718120">
    <ele>1099.1</ele>
   </trkpt>
   <trkpt lat="-7.8916620" lon="113.6717820">
    <ele>1099.2</ele>
   </trkpt>
   <trkpt lat="-7.8916950" lon="113.6717530">
    <ele>1100.6</ele>
   </trkpt>
   <trkpt lat="-7.8917280" lon="113.6717350">
    <ele>1101.4</ele>
   </trkpt>
   <trkpt lat="-7.8917700" lon="113.6717280">
    <ele>1102.0</ele>
   </trkpt>
   <trkpt lat="-7.8918030" lon="113.6717170">
    <ele>1102.7</ele>
   </trkpt>
   <trkpt lat="-7.8918400" lon="113.6717070">
    <ele>1103.7</ele>
   </trkpt>
   <trkpt lat="-7.8918680" lon="113.6717100">
    <ele>1104.5</ele>
   </trkpt>
   <trkpt lat="-7.8919030" lon="113.6717130">
    <ele>1105.3</ele>
   </trkpt>
   <trkpt lat="-7.8919280" lon="113.6717300">
    <ele>1106.0</ele>
   </trkpt>
   <trkpt lat="-7.8919680" lon="113.6717300">
    <ele>1107.2</ele>
   </trkpt>
   <trkpt lat="-7.8920020" lon="113.6717120">
    <ele>1108.5</ele>
   </trkpt>
   <trkpt lat="-7.8920280" lon="113.6717070">
    <ele>1109.4</ele>
   </trkpt>
   <trkpt lat="-7.8920630" lon="113.6717080">
    <ele>1110.7</ele>
   </trkpt>
   <trkpt lat="-7.8920970" lon="113.6717130">
    <ele>1112.0</ele>
   </trkpt>
   <trkpt lat="-7.8921400" lon="113.6717180">
    <ele>1112.7</ele>
   </trkpt>
   <trkpt lat="-7.8921700" lon="113.6717050">
    <ele>1113.3</ele>
   </trkpt>
   <trkpt lat="-7.8921980" lon="113.6717100">
    <ele>1113.8</ele>
   </trkpt>
   <trkpt lat="-7.8922270" lon="113.6717180">
    <ele>1114.5</ele>
   </trkpt>
   <trkpt lat="-7.8922600" lon="113.6717100">
    <ele>1115.1</ele>
   </trkpt>
   <trkpt lat="-7.8922900" lon="113.6716980">
    <ele>1115.6</ele>
   </trkpt>
   <trkpt lat="-7.8923070" lon="113.6716750">
    <ele>1116.1</ele>
   </trkpt>
   <trkpt lat="-7.8923450" lon="113.6716650">
    <ele>1116.5</ele>
   </trkpt>
   <trkpt lat="-7.8923520" lon="113.6716250">
    <ele>1116.7</ele>
   </trkpt>
   <trkpt lat="-7.8923630" lon="113.6715980">
    <ele>1116.8</ele>
   </trkpt>
   <trkpt lat="-7.8923850" lon="113.6715780">
    <ele>1117.2</ele>
   </trkpt>
   <trkpt lat="-7.8924170" lon="113.6715620">
    <ele>1117.7</ele>
   </trkpt>
   <trkpt lat="-7.8924480" lon="113.6715400">
    <ele>1118.0</ele>
   </trkpt>
   <trkpt lat="-7.8924770" lon="113.6715120">
    <ele>1118.0</ele>
   </trkpt>
   <trkpt lat="-7.8924970" lon="113.6714920">
    <ele>1118.0</ele>
   </trkpt>
   <trkpt lat="-7.8925270" lon="113.6714700">
    <ele>1118.6</ele>
   </trkpt>
   <trkpt lat="-7.8925550" lon="113.6714550">
    <ele>1119.2</ele>
   </trkpt>
   <trkpt lat="-7.8925870" lon="113.6714330">
    <ele>1119.9</ele>
   </trkpt>
   <trkpt lat="-7.8926170" lon="113.6714170">
    <ele>1120.4</ele>
   </trkpt>
   <trkpt lat="-7.8926450" lon="113.6714050">
    <ele>1120.9</ele>
   </trkpt>
   <trkpt lat="-7.8926620" lon="113.6713820">
    <ele>1123.0</ele>
   </trkpt>
   <trkpt lat="-7.8926900" lon="113.6713600">
    <ele>1126.0</ele>
   </trkpt>
   <trkpt lat="-7.8927330" lon="113.6713670">
    <ele>1128.1</ele>
   </trkpt>
   <trkpt lat="-7.8927680" lon="113.6713650">
    <ele>1129.6</ele>
   </trkpt>
   <trkpt lat="-7.8927900" lon="113.6713470">
    <ele>1131.2</ele>
   </trkpt>
   <trkpt lat="-7.8928170" lon="113.6713420">
    <ele>1132.7</ele>
   </trkpt>
   <trkpt lat="-7.8928480" lon="113.6713180">
    <ele>1133.8</ele>
   </trkpt>
   <trkpt lat="-7.8928880" lon="113.6713220">
    <ele>1134.3</ele>
   </trkpt>
   <trkpt lat="-7.8929280" lon="113.6713050">
    <ele>1136.3</ele>
   </trkpt>
   <trkpt lat="-7.8929500" lon="113.6712870">
    <ele>1137.8</ele>
   </trkpt>
   <trkpt lat="-7.8929830" lon="113.6712580">
    <ele>1137.2</ele>
   </trkpt>
   <trkpt lat="-7.8930080" lon="113.6712300">
    <ele>1135.7</ele>
   </trkpt>
   <trkpt lat="-7.8930180" lon="113.6712020">
    <ele>1134.6</ele>
   </trkpt>
   <trkpt lat="-7.8930320" lon="113.6711770">
    <ele>1133.9</ele>
   </trkpt>
   <trkpt lat="-7.8930550" lon="113.6711580">
    <ele>1133.1</ele>
   </trkpt>
   <trkpt lat="-7.8930820" lon="113.6711420">
    <ele>1132.4</ele>
   </trkpt>
   <trkpt lat="-7.8931050" lon="113.6711220">
    <ele>1132.3</ele>
   </trkpt>
   <trkpt lat="-7.8931230" lon="113.6711000">
    <ele>1132.2</ele>
   </trkpt>
   <trkpt lat="-7.8931470" lon="113.6710830">
    <ele>1132.8</ele>
   </trkpt>
   <trkpt lat="-7.8931730" lon="113.6710700">
    <ele>1133.7</ele>
   </trkpt>
   <trkpt lat="-7.8931970" lon="113.6710480">
    <ele>1134.4</ele>
   </trkpt>
   <trkpt lat="-7.8932200" lon="113.6710280">
    <ele>1134.5</ele>
   </trkpt>
   <trkpt lat="-7.8932430" lon="113.6710070">
    <ele>1134.7</ele>
   </trkpt>
   <trkpt lat="-7.8932620" lon="113.6709870">
    <ele>1135.1</ele>
   </trkpt>
   <trkpt lat="-7.8932930" lon="113.6709650">
    <ele>1135.8</ele>
   </trkpt>
   <trkpt lat="-7.8933300" lon="113.6709470">
    <ele>1136.5</ele>
   </trkpt>
   <trkpt lat="-7.8933630" lon="113.6709320">
    <ele>1136.4</ele>
   </trkpt>
   <trkpt lat="-7.8933850" lon="113.6709150">
    <ele>1136.3</ele>
   </trkpt>
   <trkpt lat="-7.8934170" lon="113.6708930">
    <ele>1136.0</ele>
   </trkpt>
   <trkpt lat="-7.8934480" lon="113.6708730">
    <ele>1135.9</ele>
   </trkpt>
   <trkpt lat="-7.8934820" lon="113.6708620">
    <ele>1136.5</ele>
   </trkpt>
   <trkpt lat="-7.8935130" lon="113.6708430">
    <ele>1137.0</ele>
   </trkpt>
   <trkpt lat="-7.8935450" lon="113.6708230">
    <ele>1136.9</ele>
   </trkpt>
   <trkpt lat="-7.8935780" lon="113.6708070">
    <ele>1137.2</ele>
   </trkpt>
   <trkpt lat="-7.8936050" lon="113.6708000">
    <ele>1138.0</ele>
   </trkpt>
   <trkpt lat="-7.8936420" lon="113.6707830">
    <ele>1139.3</ele>
   </trkpt>
   <trkpt lat="-7.8936730" lon="113.6707600">
    <ele>1140.8</ele>
   </trkpt>
   <trkpt lat="-7.8937050" lon="113.6707370">
    <ele>1141.4</ele>
   </trkpt>
   <trkpt lat="-7.8937230" lon="113.6707170">
    <ele>1141.6</ele>
   </trkpt>
   <trkpt lat="-7.8937400" lon="113.6706920">
    <ele>1141.8</ele>
   </trkpt>
   <trkpt lat="-7.8937650" lon="113.6706680">
    <ele>1141.4</ele>
   </trkpt>
   <trkpt lat="-7.8937780" lon="113.6706970">
    <ele>1141.1</ele>
   </trkpt>
   <trkpt lat="-7.8937930" lon="113.6707270">
    <ele>1141.0</ele>
   </trkpt>
   <trkpt lat="-7.8937870" lon="113.6706800">
    <ele>1143.9</ele>
   </trkpt>
   <trkpt lat="-7.8938020" lon="113.6706530">
    <ele>1145.2</ele>
   </trkpt>
   <trkpt lat="-7.8938270" lon="113.6706300">
    <ele>1145.4</ele>
   </trkpt>
   <trkpt lat="-7.8938500" lon="113.6706070">
    <ele>1145.8</ele>
   </trkpt>
   <trkpt lat="-7.8938730" lon="113.6705870">
    <ele>1147.2</ele>
   </trkpt>
   <trkpt lat="-7.8939150" lon="113.6705620">
    <ele>1149.2</ele>
   </trkpt>
   <trkpt lat="-7.8939450" lon="113.6705470">
    <ele>1149.8</ele>
   </trkpt>
   <trkpt lat="-7.8939570" lon="113.6705180">
    <ele>1150.4</ele>
   </trkpt>
   <trkpt lat="-7.8939720" lon="113.6704950">
    <ele>1150.4</ele>
   </trkpt>
   <trkpt lat="-7.8939930" lon="113.6704650">
    <ele>1150.1</ele>
   </trkpt>
   <trkpt lat="-7.8940330" lon="113.6704350">
    <ele>1150.1</ele>
   </trkpt>
   <trkpt lat="-7.8940370" lon="113.6704050">
    <ele>1150.4</ele>
   </trkpt>
   <trkpt lat="-7.8940520" lon="113.6703680">
    <ele>1151.0</ele>
   </trkpt>
   <trkpt lat="-7.8940680" lon="113.6703450">
    <ele>1152.0</ele>
   </trkpt>
   <trkpt lat="-7.8941030" lon="113.6703050">
    <ele>1153.7</ele>
   </trkpt>
   <trkpt lat="-7.8941270" lon="113.6702820">
    <ele>1154.5</ele>
   </trkpt>
   <trkpt lat="-7.8941550" lon="113.6702770">
    <ele>1155.1</ele>
   </trkpt>
   <trkpt lat="-7.8941630" lon="113.6703080">
    <ele>1154.6</ele>
   </trkpt>
   <trkpt lat="-7.8941730" lon="113.6703350">
    <ele>1154.2</ele>
   </trkpt>
   <trkpt lat="-7.8941750" lon="113.6703680">
    <ele>1153.7</ele>
   </trkpt>
   <trkpt lat="-7.8941780" lon="113.6703980">
    <ele>1153.0</ele>
   </trkpt>
   <trkpt lat="-7.8941850" lon="113.6704300">
    <ele>1152.2</ele>
   </trkpt>
   <trkpt lat="-7.8942030" lon="113.6704750">
    <ele>1151.0</ele>
   </trkpt>
   <trkpt lat="-7.8942100" lon="113.6705120">
    <ele>1150.6</ele>
   </trkpt>
   <trkpt lat="-7.8942170" lon="113.6705400">
    <ele>1150.4</ele>
   </trkpt>
   <trkpt lat="-7.8942000" lon="113.6705670">
    <ele>1150.1</ele>
   </trkpt>
   <trkpt lat="-7.8941800" lon="113.6705850">
    <ele>1150.0</ele>
   </trkpt>
   <trkpt lat="-7.8941570" lon="113.6706030">
    <ele>1150.0</ele>
   </trkpt>
   <trkpt lat="-7.8941330" lon="113.6706230">
    <ele>1150.2</ele>
   </trkpt>
   <trkpt lat="-7.8941100" lon="113.6706020">
    <ele>1150.4</ele>
   </trkpt>
   <trkpt lat="-7.8940900" lon="113.6706270">
    <ele>1150.5</ele>
   </trkpt>
   <trkpt lat="-7.8940650" lon="113.6706470">
    <ele>1150.2</ele>
   </trkpt>
   <trkpt lat="-7.8940480" lon="113.6706750">
    <ele>1149.8</ele>
   </trkpt>
   <trkpt lat="-7.8940030" lon="113.6707080">
    <ele>1149.1</ele>
   </trkpt>
   <trkpt lat="-7.8939720" lon="113.6707300">
    <ele>1147.9</ele>
   </trkpt>
   <trkpt lat="-7.8939480" lon="113.6707470">
    <ele>1147.0</ele>
   </trkpt>
   <trkpt lat="-7.8939150" lon="113.6707800">
    <ele>1145.6</ele>
   </trkpt>
   <trkpt lat="-7.8938920" lon="113.6707970">
    <ele>1144.1</ele>
   </trkpt>
   <trkpt lat="-7.8938670" lon="113.6708170">
    <ele>1146.3</ele>
   </trkpt>
   <trkpt lat="-7.8938520" lon="113.6708430">
    <ele>1144.4</ele>
   </trkpt>
   <trkpt lat="-7.8938650" lon="113.6708700">
    <ele>1148.4</ele>
   </trkpt>
   <trkpt lat="-7.8938530" lon="113.6709080">
    <ele>1148.0</ele>
   </trkpt>
   <trkpt lat="-7.8938500" lon="113.6709380">
    <ele>1148.1</ele>
   </trkpt>
   <trkpt lat="-7.8938550" lon="113.6709670">
    <ele>1149.8</ele>
   </trkpt>
   <trkpt lat="-7.8938430" lon="113.6710030">
    <ele>1151.4</ele>
   </trkpt>
   <trkpt lat="-7.8938300" lon="113.6710300">
    <ele>1151.5</ele>
   </trkpt>
   <trkpt lat="-7.8938150" lon="113.6710570">
    <ele>1151.1</ele>
   </trkpt>
   <trkpt lat="-7.8938080" lon="113.6710870">
    <ele>1153.0</ele>
   </trkpt>
   <trkpt lat="-7.8938020" lon="113.6711230">
    <ele>1155.0</ele>
   </trkpt>
   <trkpt lat="-7.8937820" lon="113.6711570">
    <ele>1155.1</ele>
   </trkpt>
   <trkpt lat="-7.8937570" lon="113.6711720">
    <ele>1155.3</ele>
   </trkpt>
   <trkpt lat="-7.8937170" lon="113.6711780">
    <ele>1153.4</ele>
   </trkpt>
   <trkpt lat="-7.8936870" lon="113.6711950">
    <ele>1151.3</ele>
   </trkpt>
   <trkpt lat="-7.8936630" lon="113.6712120">
    <ele>1153.8</ele>
   </trkpt>
   <trkpt lat="-7.8936280" lon="113.6712250">
    <ele>1151.6</ele>
   </trkpt>
   <trkpt lat="-7.8935950" lon="113.6712350">
    <ele>1149.3</ele>
   </trkpt>
   <trkpt lat="-7.8935680" lon="113.6712420">
    <ele>1149.4</ele>
   </trkpt>
   <trkpt lat="-7.8935420" lon="113.6712800">
    <ele>1149.3</ele>
   </trkpt>
   <trkpt lat="-7.8935580" lon="113.6713330">
    <ele>1153.5</ele>
   </trkpt>
   <trkpt lat="-7.8935830" lon="113.6713770">
    <ele>1157.9</ele>
   </trkpt>
   <trkpt lat="-7.8935970" lon="113.6714070">
    <ele>1158.0</ele>
   </trkpt>
   <trkpt lat="-7.8935950" lon="113.6714350">
    <ele>1159.5</ele>
   </trkpt>
   <trkpt lat="-7.8935630" lon="113.6714780">
    <ele>1158.6</ele>
   </trkpt>
   <trkpt lat="-7.8935350" lon="113.6714980">
    <ele>1158.7</ele>
   </trkpt>
   <trkpt lat="-7.8935070" lon="113.6715150">
    <ele>1157.7</ele>
   </trkpt>
   <trkpt lat="-7.8934600" lon="113.6715420">
    <ele>1155.2</ele>
   </trkpt>
   <trkpt lat="-7.8934150" lon="113.6715680">
    <ele>1154.3</ele>
   </trkpt>
   <trkpt lat="-7.8933900" lon="113.6715830">
    <ele>1152.1</ele>
   </trkpt>
   <trkpt lat="-7.8933570" lon="113.6716230">
    <ele>1153.8</ele>
   </trkpt>
   <trkpt lat="-7.8933300" lon="113.6716670">
    <ele>1153.3</ele>
   </trkpt>
   <trkpt lat="-7.8932920" lon="113.6716850">
    <ele>1152.8</ele>
   </trkpt>
   <trkpt lat="-7.8932650" lon="113.6717030">
    <ele>1151.0</ele>
   </trkpt>
   <trkpt lat="-7.8932350" lon="113.6717330">
    <ele>1152.4</ele>
   </trkpt>
   <trkpt lat="-7.8932170" lon="113.6717580">
    <ele>1150.7</ele>
   </trkpt>
   <trkpt lat="-7.8931870" lon="113.6718030">
    <ele>1152.1</ele>
   </trkpt>
   <trkpt lat="-7.8931820" lon="113.6718320">
    <ele>1153.4</ele>
   </trkpt>
   <trkpt lat="-7.8931800" lon="113.6718820">
    <ele>1153.1</ele>
   </trkpt>
   <trkpt lat="-7.8931900" lon="113.6719330">
    <ele>1156.4</ele>
   </trkpt>
   <trkpt lat="-7.8932150" lon="113.6719750">
    <ele>1156.5</ele>
   </trkpt>
   <trkpt lat="-7.8932430" lon="113.6720080">
    <ele>1158.7</ele>
   </trkpt>
   <trkpt lat="-7.8932750" lon="113.6720220">
    <ele>1160.5</ele>
   </trkpt>
   <trkpt lat="-7.8933030" lon="113.6720330">
    <ele>1160.6</ele>
   </trkpt>
   <trkpt lat="-7.8933330" lon="113.6720580">
    <ele>1161.8</ele>
   </trkpt>
   <trkpt lat="-7.8933570" lon="113.6720830">
    <ele>1163.3</ele>
   </trkpt>
   <trkpt lat="-7.8933800" lon="113.6720980">
    <ele>1163.4</ele>
   </trkpt>
   <trkpt lat="-7.8934050" lon="113.6721320">
    <ele>1165.0</ele>
   </trkpt>
   <trkpt lat="-7.8934200" lon="113.6721570">
    <ele>1165.4</ele>
   </trkpt>
   <trkpt lat="-7.8934400" lon="113.6721880">
    <ele>1166.7</ele>
   </trkpt>
   <trkpt lat="-7.8934550" lon="113.6722120">
    <ele>1167.2</ele>
   </trkpt>
   <trkpt lat="-7.8934750" lon="113.6722320">
    <ele>1167.3</ele>
   </trkpt>
   <trkpt lat="-7.8934870" lon="113.6722630">
    <ele>1169.2</ele>
   </trkpt>
   <trkpt lat="-7.8935030" lon="113.6722850">
    <ele>1170.0</ele>
   </trkpt>
   <trkpt lat="-7.8935230" lon="113.6723070">
    <ele>1171.5</ele>
   </trkpt>
   <trkpt lat="-7.8935450" lon="113.6723300">
    <ele>1172.4</ele>
   </trkpt>
   <trkpt lat="-7.8935720" lon="113.6723550">
    <ele>1173.9</ele>
   </trkpt>
   <trkpt lat="-7.8935970" lon="113.6723830">
    <ele>1174.7</ele>
   </trkpt>
   <trkpt lat="-7.8936170" lon="113.6724050">
    <ele>1176.6</ele>
   </trkpt>
   <trkpt lat="-7.8936350" lon="113.6724350">
    <ele>1176.7</ele>
   </trkpt>
   <trkpt lat="-7.8936530" lon="113.6724570">
    <ele>1178.2</ele>
   </trkpt>
   <trkpt lat="-7.8936800" lon="113.6724370">
    <ele>1177.9</ele>
   </trkpt>
   <trkpt lat="-7.8936970" lon="113.6724000">
    <ele>1178.2</ele>
   </trkpt>
   <trkpt lat="-7.8937080" lon="113.6723630">
    <ele>1178.3</ele>
   </trkpt>
   <trkpt lat="-7.8937230" lon="113.6723250">
    <ele>1177.8</ele>
   </trkpt>
   <trkpt lat="-7.8937370" lon="113.6722980">
    <ele>1178.2</ele>
   </trkpt>
   <trkpt lat="-7.8937530" lon="113.6722720">
    <ele>1177.8</ele>
   </trkpt>
   <trkpt lat="-7.8937680" lon="113.6722480">
    <ele>1177.9</ele>
   </trkpt>
   <trkpt lat="-7.8937930" lon="113.6722170">
    <ele>1178.7</ele>
   </trkpt>
   <trkpt lat="-7.8938120" lon="113.6721930">
    <ele>1178.8</ele>
   </trkpt>
   <trkpt lat="-7.8938300" lon="113.6721700">
    <ele>1179.8</ele>
   </trkpt>
   <trkpt lat="-7.8938450" lon="113.6721450">
    <ele>1179.9</ele>
   </trkpt>
   <trkpt lat="-7.8938550" lon="113.6721170">
    <ele>1180.0</ele>
   </trkpt>
   <trkpt lat="-7.8938680" lon="113.6720770">
    <ele>1181.2</ele>
   </trkpt>
   <trkpt lat="-7.8938680" lon="113.6720380">
    <ele>1181.2</ele>
   </trkpt>
   <trkpt lat="-7.8938600" lon="113.6720080">
    <ele>1180.2</ele>
   </trkpt>
   <trkpt lat="-7.8938480" lon="113.6719780">
    <ele>1180.3</ele>
   </trkpt>
   <trkpt lat="-7.8938270" lon="113.6719480">
    <ele>1180.0</ele>
   </trkpt>
   <trkpt lat="-7.8938120" lon="113.6719220">
    <ele>1178.9</ele>
   </trkpt>
   <trkpt lat="-7.8937900" lon="113.6718920">
    <ele>1178.9</ele>
   </trkpt>
   <trkpt lat="-7.8937830" lon="113.6718620">
    <ele>1178.6</ele>
   </trkpt>
   <trkpt lat="-7.8937950" lon="113.6718350">
    <ele>1178.2</ele>
   </trkpt>
   <trkpt lat="-7.8938220" lon="113.6718070">
    <ele>1179.0</ele>
   </trkpt>
   <trkpt lat="-7.8938400" lon="113.6717830">
    <ele>1178.6</ele>
   </trkpt>
   <trkpt lat="-7.8938600" lon="113.6717620">
    <ele>1178.7</ele>
   </trkpt>
   <trkpt lat="-7.8938870" lon="113.6717330">
    <ele>1178.9</ele>
   </trkpt>
   <trkpt lat="-7.8939120" lon="113.6717100">
    <ele>1179.3</ele>
   </trkpt>
   <trkpt lat="-7.8939370" lon="113.6716830">
    <ele>1179.4</ele>
   </trkpt>
   <trkpt lat="-7.8939570" lon="113.6716600">
    <ele>1180.3</ele>
   </trkpt>
   <trkpt lat="-7.8939830" lon="113.6716320">
    <ele>1180.4</ele>
   </trkpt>
   <trkpt lat="-7.8940000" lon="113.6716050">
    <ele>1181.6</ele>
   </trkpt>
   <trkpt lat="-7.8940280" lon="113.6715770">
    <ele>1181.3</ele>
   </trkpt>
   <trkpt lat="-7.8940470" lon="113.6715430">
    <ele>1182.6</ele>
   </trkpt>
   <trkpt lat="-7.8940580" lon="113.6715020">
    <ele>1182.2</ele>
   </trkpt>
   <trkpt lat="-7.8940670" lon="113.6714520">
    <ele>1181.8</ele>
   </trkpt>
   <trkpt lat="-7.8940650" lon="113.6714050">
    <ele>1181.2</ele>
   </trkpt>
   <trkpt lat="-7.8940750" lon="113.6713620">
    <ele>1181.7</ele>
   </trkpt>
   <trkpt lat="-7.8941030" lon="113.6713320">
    <ele>1181.8</ele>
   </trkpt>
   <trkpt lat="-7.8941370" lon="113.6713270">
    <ele>1181.9</ele>
   </trkpt>
   <trkpt lat="-7.8941750" lon="113.6713130">
    <ele>1183.2</ele>
   </trkpt>
   <trkpt lat="-7.8942120" lon="113.6713050">
    <ele>1184.5</ele>
   </trkpt>
   <trkpt lat="-7.8942470" lon="113.6712880">
    <ele>1184.4</ele>
   </trkpt>
   <trkpt lat="-7.8942820" lon="113.6712670">
    <ele>1184.5</ele>
   </trkpt>
   <trkpt lat="-7.8943200" lon="113.6712500">
    <ele>1186.0</ele>
   </trkpt>
   <trkpt lat="-7.8943520" lon="113.6712470">
    <ele>1187.7</ele>
   </trkpt>
   <trkpt lat="-7.8943870" lon="113.6712430">
    <ele>1187.4</ele>
   </trkpt>
   <trkpt lat="-7.8944180" lon="113.6712620">
    <ele>1190.8</ele>
   </trkpt>
   <trkpt lat="-7.8944600" lon="113.6712720">
    <ele>1192.3</ele>
   </trkpt>
   <trkpt lat="-7.8944880" lon="113.6712750">
    <ele>1192.4</ele>
   </trkpt>
   <trkpt lat="-7.8945270" lon="113.6712850">
    <ele>1193.7</ele>
   </trkpt>
   <trkpt lat="-7.8945570" lon="113.6712870">
    <ele>1194.9</ele>
   </trkpt>
   <trkpt lat="-7.8945970" lon="113.6712870">
    <ele>1195.9</ele>
   </trkpt>
   <trkpt lat="-7.8946250" lon="113.6712830">
    <ele>1196.0</ele>
   </trkpt>
   <trkpt lat="-7.8946570" lon="113.6712670">
    <ele>1196.9</ele>
   </trkpt>
   <trkpt lat="-7.8946820" lon="113.6712500">
    <ele>1197.6</ele>
   </trkpt>
   <trkpt lat="-7.8947080" lon="113.6712370">
    <ele>1196.9</ele>
   </trkpt>
   <trkpt lat="-7.8947380" lon="113.6712250">
    <ele>1197.5</ele>
   </trkpt>
   <trkpt lat="-7.8947630" lon="113.6712120">
    <ele>1198.0</ele>
   </trkpt>
   <trkpt lat="-7.8947820" lon="113.6711870">
    <ele>1197.4</ele>
   </trkpt>
   <trkpt lat="-7.8947970" lon="113.6711550">
    <ele>1197.3</ele>
   </trkpt>
   <trkpt lat="-7.8948130" lon="113.6711330">
    <ele>1197.4</ele>
   </trkpt>
   <trkpt lat="-7.8948380" lon="113.6711080">
    <ele>1196.8</ele>
   </trkpt>
   <trkpt lat="-7.8948570" lon="113.6710870">
    <ele>1197.5</ele>
   </trkpt>
   <trkpt lat="-7.8948770" lon="113.6710650">
    <ele>1197.1</ele>
   </trkpt>
   <trkpt lat="-7.8949020" lon="113.6710420">
    <ele>1197.8</ele>
   </trkpt>
   <trkpt lat="-7.8949270" lon="113.6710300">
    <ele>1197.9</ele>
   </trkpt>
   <trkpt lat="-7.8949500" lon="113.6710050">
    <ele>1198.0</ele>
   </trkpt>
   <trkpt lat="-7.8949670" lon="113.6709800">
    <ele>1198.2</ele>
   </trkpt>
   <trkpt lat="-7.8949850" lon="113.6709530">
    <ele>1198.3</ele>
   </trkpt>
   <trkpt lat="-7.8949970" lon="113.6709280">
    <ele>1198.1</ele>
   </trkpt>
   <trkpt lat="-7.8950130" lon="113.6709020">
    <ele>1198.7</ele>
   </trkpt>
   <trkpt lat="-7.8950270" lon="113.6708770">
    <ele>1198.8</ele>
   </trkpt>
   <trkpt lat="-7.8950930" lon="113.6706630">
    <ele>1200.2</ele>
   </trkpt>
   <trkpt lat="-7.8951030" lon="113.6706280">
    <ele>1200.9</ele>
   </trkpt>
   <trkpt lat="-7.8951230" lon="113.6705970">
    <ele>1201.8</ele>
   </trkpt>
   <trkpt lat="-7.8951430" lon="113.6705680">
    <ele>1202.7</ele>
   </trkpt>
   <trkpt lat="-7.8951770" lon="113.6705550">
    <ele>1203.6</ele>
   </trkpt>
   <trkpt lat="-7.8952080" lon="113.6705420">
    <ele>1204.6</ele>
   </trkpt>
   <trkpt lat="-7.8952370" lon="113.6705250">
    <ele>1206.0</ele>
   </trkpt>
   <trkpt lat="-7.8952550" lon="113.6704980">
    <ele>1207.9</ele>
   </trkpt>
   <trkpt lat="-7.8952700" lon="113.6704730">
    <ele>1209.6</ele>
   </trkpt>
   <trkpt lat="-7.8952800" lon="113.6704450">
    <ele>1210.5</ele>
   </trkpt>
   <trkpt lat="-7.8952950" lon="113.6704120">
    <ele>1211.5</ele>
   </trkpt>
   <trkpt lat="-7.8953120" lon="113.6703820">
    <ele>1212.6</ele>
   </trkpt>
   <trkpt lat="-7.8953330" lon="113.6703600">
    <ele>1213.6</ele>
   </trkpt>
   <trkpt lat="-7.8953570" lon="113.6703350">
    <ele>1214.8</ele>
   </trkpt>
   <trkpt lat="-7.8953880" lon="113.6703170">
    <ele>1215.8</ele>
   </trkpt>
   <trkpt lat="-7.8954120" lon="113.6702930">
    <ele>1216.6</ele>
   </trkpt>
   <trkpt lat="-7.8954320" lon="113.6702750">
    <ele>1217.3</ele>
   </trkpt>
   <trkpt lat="-7.8954600" lon="113.6702500">
    <ele>1218.0</ele>
   </trkpt>
   <trkpt lat="-7.8954900" lon="113.6702330">
    <ele>1218.7</ele>
   </trkpt>
   <trkpt lat="-7.8955100" lon="113.6702150">
    <ele>1219.3</ele>
   </trkpt>
   <trkpt lat="-7.8955300" lon="113.6701830">
    <ele>1220.2</ele>
   </trkpt>
   <trkpt lat="-7.8955480" lon="113.6701520">
    <ele>1221.2</ele>
   </trkpt>
   <trkpt lat="-7.8955700" lon="113.6701230">
    <ele>1221.5</ele>
   </trkpt>
   <trkpt lat="-7.8955920" lon="113.6700920">
    <ele>1221.8</ele>
   </trkpt>
   <trkpt lat="-7.8956120" lon="113.6700580">
    <ele>1222.1</ele>
   </trkpt>
   <trkpt lat="-7.8956330" lon="113.6700280">
    <ele>1222.4</ele>
   </trkpt>
   <trkpt lat="-7.8956500" lon="113.6699930">
    <ele>1222.8</ele>
   </trkpt>
   <trkpt lat="-7.8956680" lon="113.6699680">
    <ele>1223.2</ele>
   </trkpt>
   <trkpt lat="-7.8956870" lon="113.6699430">
    <ele>1223.6</ele>
   </trkpt>
   <trkpt lat="-7.8957070" lon="113.6699180">
    <ele>1224.1</ele>
   </trkpt>
   <trkpt lat="-7.8957280" lon="113.6698900">
    <ele>1224.5</ele>
   </trkpt>
   <trkpt lat="-7.8957520" lon="113.6698720">
    <ele>1224.9</ele>
   </trkpt>
   <trkpt lat="-7.8957530" lon="113.6698370">
    <ele>1226.1</ele>
   </trkpt>
   <trkpt lat="-7.8957820" lon="113.6698130">
    <ele>1227.4</ele>
   </trkpt>
   <trkpt lat="-7.8958020" lon="113.6697950">
    <ele>1228.3</ele>
   </trkpt>
   <trkpt lat="-7.8958180" lon="113.6697730">
    <ele>1228.9</ele>
   </trkpt>
   <trkpt lat="-7.8958320" lon="113.6697450">
    <ele>1229.6</ele>
   </trkpt>
   <trkpt lat="-7.8958380" lon="113.6697120">
    <ele>1229.9</ele>
   </trkpt>
   <trkpt lat="-7.8958550" lon="113.6696850">
    <ele>1229.9</ele>
   </trkpt>
   <trkpt lat="-7.8958650" lon="113.6696520">
    <ele>1230.0</ele>
   </trkpt>
   <trkpt lat="-7.8958780" lon="113.6696230">
    <ele>1231.1</ele>
   </trkpt>
   <trkpt lat="-7.8958880" lon="113.6695970">
    <ele>1232.0</ele>
   </trkpt>
   <trkpt lat="-7.8958920" lon="113.6695650">
    <ele>1233.3</ele>
   </trkpt>
   <trkpt lat="-7.8959070" lon="113.6695420">
    <ele>1234.4</ele>
   </trkpt>
   <trkpt lat="-7.8959170" lon="113.6695130">
    <ele>1235.8</ele>
   </trkpt>
   <trkpt lat="-7.8959280" lon="113.6694850">
    <ele>1237.0</ele>
   </trkpt>
   <trkpt lat="-7.8959430" lon="113.6694580">
    <ele>1238.2</ele>
   </trkpt>
   <trkpt lat="-7.8959530" lon="113.6694250">
    <ele>1239.4</ele>
   </trkpt>
   <trkpt lat="-7.8959670" lon="113.6693930">
    <ele>1240.2</ele>
   </trkpt>
   <trkpt lat="-7.8959780" lon="113.6693620">
    <ele>1240.8</ele>
   </trkpt>
   <trkpt lat="-7.8959920" lon="113.6693280">
    <ele>1241.2</ele>
   </trkpt>
   <trkpt lat="-7.8960020" lon="113.6693020">
    <ele>1241.6</ele>
   </trkpt>
   <trkpt lat="-7.8960100" lon="113.6692720">
    <ele>1243.3</ele>
   </trkpt>
   <trkpt lat="-7.8960220" lon="113.6692430">
    <ele>1244.9</ele>
   </trkpt>
   <trkpt lat="-7.8960370" lon="113.6692170">
    <ele>1245.6</ele>
   </trkpt>
   <trkpt lat="-7.8960530" lon="113.6691880">
    <ele>1246.0</ele>
   </trkpt>
   <trkpt lat="-7.8960700" lon="113.6691620">
    <ele>1247.0</ele>
   </trkpt>
   <trkpt lat="-7.8960830" lon="113.6691370">
    <ele>1248.3</ele>
   </trkpt>
   <trkpt lat="-7.8961020" lon="113.6691080">
    <ele>1249.8</ele>
   </trkpt>
   <trkpt lat="-7.8961350" lon="113.6691000">
    <ele>1251.1</ele>
   </trkpt>
   <trkpt lat="-7.8961650" lon="113.6690830">
    <ele>1252.0</ele>
   </trkpt>
   <trkpt lat="-7.8961900" lon="113.6690720">
    <ele>1252.5</ele>
   </trkpt>
   <trkpt lat="-7.8962230" lon="113.6690720">
    <ele>1253.0</ele>
   </trkpt>
   <trkpt lat="-7.8962500" lon="113.6690630">
    <ele>1254.0</ele>
   </trkpt>
   <trkpt lat="-7.8962780" lon="113.6690570">
    <ele>1254.9</ele>
   </trkpt>
   <trkpt lat="-7.8963050" lon="113.6690420">
    <ele>1255.9</ele>
   </trkpt>
   <trkpt lat="-7.8963330" lon="113.6690250">
    <ele>1256.7</ele>
   </trkpt>
   <trkpt lat="-7.8963580" lon="113.6690120">
    <ele>1257.4</ele>
   </trkpt>
   <trkpt lat="-7.8963800" lon="113.6689880">
    <ele>1257.9</ele>
   </trkpt>
   <trkpt lat="-7.8964020" lon="113.6689700">
    <ele>1258.0</ele>
   </trkpt>
   <trkpt lat="-7.8964170" lon="113.6689450">
    <ele>1258.0</ele>
   </trkpt>
   <trkpt lat="-7.8964270" lon="113.6689130">
    <ele>1258.3</ele>
   </trkpt>
   <trkpt lat="-7.8964470" lon="113.6688920">
    <ele>1258.8</ele>
   </trkpt>
   <trkpt lat="-7.8964630" lon="113.6688650">
    <ele>1259.4</ele>
   </trkpt>
   <trkpt lat="-7.8964830" lon="113.6688370">
    <ele>1259.9</ele>
   </trkpt>
   <trkpt lat="-7.8965030" lon="113.6688170">
    <ele>1260.1</ele>
   </trkpt>
   <trkpt lat="-7.8965280" lon="113.6687980">
    <ele>1260.3</ele>
   </trkpt>
   <trkpt lat="-7.8965600" lon="113.6687920">
    <ele>1260.8</ele>
   </trkpt>
   <trkpt lat="-7.8965950" lon="113.6687820">
    <ele>1261.5</ele>
   </trkpt>
   <trkpt lat="-7.8966320" lon="113.6687750">
    <ele>1262.3</ele>
   </trkpt>
   <trkpt lat="-7.8966650" lon="113.6687670">
    <ele>1263.1</ele>
   </trkpt>
   <trkpt lat="-7.8966980" lon="113.6687530">
    <ele>1263.9</ele>
   </trkpt>
   <trkpt lat="-7.8967320" lon="113.6687420">
    <ele>1264.8</ele>
   </trkpt>
   <trkpt lat="-7.8967550" lon="113.6687250">
    <ele>1265.6</ele>
   </trkpt>
   <trkpt lat="-7.8967820" lon="113.6687130">
    <ele>1266.4</ele>
   </trkpt>
   <trkpt lat="-7.8968130" lon="113.6686980">
    <ele>1267.4</ele>
   </trkpt>
   <trkpt lat="-7.8968430" lon="113.6686850">
    <ele>1268.3</ele>
   </trkpt>
   <trkpt lat="-7.8968670" lon="113.6686680">
    <ele>1269.2</ele>
   </trkpt>
   <trkpt lat="-7.8968970" lon="113.6686500">
    <ele>1270.2</ele>
   </trkpt>
   <trkpt lat="-7.8969180" lon="113.6686330">
    <ele>1270.9</ele>
   </trkpt>
   <trkpt lat="-7.8969470" lon="113.6686150">
    <ele>1272.1</ele>
   </trkpt>
   <trkpt lat="-7.8969630" lon="113.6685820">
    <ele>1273.6</ele>
   </trkpt>
   <trkpt lat="-7.8969670" lon="113.6685420">
    <ele>1275.0</ele>
   </trkpt>
   <trkpt lat="-7.8969720" lon="113.6685130">
    <ele>1275.9</ele>
   </trkpt>
   <trkpt lat="-7.8969830" lon="113.6684780">
    <ele>1277.2</ele>
   </trkpt>
   <trkpt lat="-7.8969900" lon="113.6684450">
    <ele>1278.6</ele>
   </trkpt>
   <trkpt lat="-7.8970030" lon="113.6684200">
    <ele>1279.7</ele>
   </trkpt>
   <trkpt lat="-7.8970130" lon="113.6683930">
    <ele>1279.9</ele>
   </trkpt>
   <trkpt lat="-7.8970300" lon="113.6683520">
    <ele>1280.2</ele>
   </trkpt>
   <trkpt lat="-7.8970380" lon="113.6683250">
    <ele>1280.3</ele>
   </trkpt>
   <trkpt lat="-7.8970530" lon="113.6682950">
    <ele>1280.5</ele>
   </trkpt>
   <trkpt lat="-7.8970620" lon="113.6682650">
    <ele>1281.1</ele>
   </trkpt>
   <trkpt lat="-7.8970600" lon="113.6682320">
    <ele>1282.4</ele>
   </trkpt>
   <trkpt lat="-7.8970550" lon="113.6681970">
    <ele>1282.9</ele>
   </trkpt>
   <trkpt lat="-7.8970480" lon="113.6681620">
    <ele>1283.0</ele>
   </trkpt>
   <trkpt lat="-7.8970480" lon="113.6681280">
    <ele>1282.7</ele>
   </trkpt>
   <trkpt lat="-7.8970450" lon="113.6680950">
    <ele>1282.4</ele>
   </trkpt>
   <trkpt lat="-7.8970480" lon="113.6680670">
    <ele>1282.2</ele>
   </trkpt>
   <trkpt lat="-7.8970580" lon="113.6680270">
    <ele>1283.9</ele>
   </trkpt>
   <trkpt lat="-7.8970680" lon="113.6679900">
    <ele>1283.6</ele>
   </trkpt>
   <trkpt lat="-7.8970780" lon="113.6679550">
    <ele>1283.3</ele>
   </trkpt>
   <trkpt lat="-7.8970930" lon="113.6679270">
    <ele>1284.2</ele>
   </trkpt>
   <trkpt lat="-7.8971020" lon="113.6678880">
    <ele>1283.5</ele>
   </trkpt>
   <trkpt lat="-7.8971330" lon="113.6678820">
    <ele>1283.4</ele>
   </trkpt>
   <trkpt lat="-7.8971650" lon="113.6678780">
    <ele>1284.3</ele>
   </trkpt>
   <trkpt lat="-7.8972120" lon="113.6678780">
    <ele>1285.0</ele>
   </trkpt>
   <trkpt lat="-7.8972480" lon="113.6678870">
    <ele>1285.6</ele>
   </trkpt>
   <trkpt lat="-7.8972820" lon="113.6678970">
    <ele>1286.1</ele>
   </trkpt>
   <trkpt lat="-7.8973130" lon="113.6679150">
    <ele>1288.1</ele>
   </trkpt>
   <trkpt lat="-7.8973370" lon="113.6679380">
    <ele>1288.0</ele>
   </trkpt>
   <trkpt lat="-7.8973570" lon="113.6679600">
    <ele>1289.7</ele>
   </trkpt>
   <trkpt lat="-7.8973670" lon="113.6679920">
    <ele>1290.6</ele>
   </trkpt>
   <trkpt lat="-7.8973770" lon="113.6680300">
    <ele>1291.3</ele>
   </trkpt>
   <trkpt lat="-7.8973770" lon="113.6680680">
    <ele>1291.3</ele>
   </trkpt>
   <trkpt lat="-7.8973750" lon="113.6681050">
    <ele>1291.9</ele>
   </trkpt>
   <trkpt lat="-7.8973750" lon="113.6681330">
    <ele>1292.5</ele>
   </trkpt>
   <trkpt lat="-7.8973800" lon="113.6681700">
    <ele>1292.9</ele>
   </trkpt>
   <trkpt lat="-7.8973800" lon="113.6682050">
    <ele>1293.3</ele>
   </trkpt>
   <trkpt lat="-7.8973680" lon="113.6682380">
    <ele>1293.2</ele>
   </trkpt>
   <trkpt lat="-7.8973650" lon="113.6682670">
    <ele>1293.7</ele>
   </trkpt>
   <trkpt lat="-7.8973650" lon="113.6682980">
    <ele>1294.1</ele>
   </trkpt>
   <trkpt lat="-7.8973750" lon="113.6683430">
    <ele>1294.8</ele>
   </trkpt>
   <trkpt lat="-7.8973980" lon="113.6683580">
    <ele>1295.3</ele>
   </trkpt>
   <trkpt lat="-7.8974380" lon="113.6683550">
    <ele>1295.8</ele>
   </trkpt>
   <trkpt lat="-7.8974670" lon="113.6683600">
    <ele>1296.1</ele>
   </trkpt>
   <trkpt lat="-7.8975020" lon="113.6683620">
    <ele>1296.4</ele>
   </trkpt>
   <trkpt lat="-7.8975330" lon="113.6683570">
    <ele>1296.8</ele>
   </trkpt>
   <trkpt lat="-7.8975680" lon="113.6683570">
    <ele>1297.2</ele>
   </trkpt>
   <trkpt lat="-7.8975980" lon="113.6683480">
    <ele>1297.7</ele>
   </trkpt>
   <trkpt lat="-7.8976250" lon="113.6683300">
    <ele>1298.2</ele>
   </trkpt>
   <trkpt lat="-7.8976470" lon="113.6683070">
    <ele>1298.5</ele>
   </trkpt>
   <trkpt lat="-7.8976580" lon="113.6682820">
    <ele>1298.6</ele>
   </trkpt>
   <trkpt lat="-7.8976720" lon="113.6682530">
    <ele>1298.8</ele>
   </trkpt>
   <trkpt lat="-7.8976880" lon="113.6682270">
    <ele>1298.7</ele>
   </trkpt>
   <trkpt lat="-7.8977030" lon="113.6681920">
    <ele>1298.7</ele>
   </trkpt>
   <trkpt lat="-7.8977220" lon="113.6681550">
    <ele>1299.1</ele>
   </trkpt>
   <trkpt lat="-7.8977450" lon="113.6681270">
    <ele>1299.4</ele>
   </trkpt>
   <trkpt lat="-7.8977680" lon="113.6681000">
    <ele>1300.4</ele>
   </trkpt>
   <trkpt lat="-7.8977950" lon="113.6680780">
    <ele>1301.5</ele>
   </trkpt>
   <trkpt lat="-7.8978220" lon="113.6680550">
    <ele>1302.5</ele>
   </trkpt>
   <trkpt lat="-7.8978500" lon="113.6680350">
    <ele>1303.2</ele>
   </trkpt>
   <trkpt lat="-7.8978830" lon="113.6680130">
    <ele>1304.1</ele>
   </trkpt>
   <trkpt lat="-7.8979120" lon="113.6679900">
    <ele>1305.4</ele>
   </trkpt>
   <trkpt lat="-7.8979380" lon="113.6679630">
    <ele>1306.6</ele>
   </trkpt>
   <trkpt lat="-7.8979630" lon="113.6679400">
    <ele>1307.2</ele>
   </trkpt>
   <trkpt lat="-7.8979920" lon="113.6679220">
    <ele>1307.8</ele>
   </trkpt>
   <trkpt lat="-7.8980200" lon="113.6679070">
    <ele>1308.2</ele>
   </trkpt>
   <trkpt lat="-7.8980530" lon="113.6678950">
    <ele>1308.4</ele>
   </trkpt>
   <trkpt lat="-7.8980870" lon="113.6678750">
    <ele>1308.7</ele>
   </trkpt>
   <trkpt lat="-7.8981200" lon="113.6678580">
    <ele>1309.2</ele>
   </trkpt>
   <trkpt lat="-7.8981500" lon="113.6678380">
    <ele>1309.8</ele>
   </trkpt>
   <trkpt lat="-7.8981820" lon="113.6678200">
    <ele>1310.7</ele>
   </trkpt>
   <trkpt lat="-7.8982120" lon="113.6678130">
    <ele>1311.6</ele>
   </trkpt>
   <trkpt lat="-7.8982380" lon="113.6678080">
    <ele>1312.3</ele>
   </trkpt>
   <trkpt lat="-7.8982680" lon="113.6677980">
    <ele>1313.8</ele>
   </trkpt>
   <trkpt lat="-7.8983000" lon="113.6677830">
    <ele>1315.5</ele>
   </trkpt>
   <trkpt lat="-7.8983230" lon="113.6677680">
    <ele>1316.7</ele>
   </trkpt>
   <trkpt lat="-7.8983480" lon="113.6677450">
    <ele>1317.6</ele>
   </trkpt>
   <trkpt lat="-7.8983620" lon="113.6677120">
    <ele>1318.6</ele>
   </trkpt>
   <trkpt lat="-7.8983920" lon="113.6676900">
    <ele>1320.4</ele>
   </trkpt>
   <trkpt lat="-7.8984150" lon="113.6676730">
    <ele>1322.2</ele>
   </trkpt>
   <trkpt lat="-7.8986430" lon="113.6675830">
    <ele>1335.1</ele>
   </trkpt>
   <trkpt lat="-7.8986700" lon="113.6675570">
    <ele>1335.8</ele>
   </trkpt>
   <trkpt lat="-7.8986930" lon="113.6675380">
    <ele>1336.5</ele>
   </trkpt>
   <trkpt lat="-7.8987170" lon="113.6675170">
    <ele>1337.2</ele>
   </trkpt>
   <trkpt lat="-7.8987450" lon="113.6674950">
    <ele>1337.9</ele>
   </trkpt>
   <trkpt lat="-7.8987750" lon="113.6674750">
    <ele>1337.8</ele>
   </trkpt>
   <trkpt lat="-7.8988020" lon="113.6674550">
    <ele>1337.7</ele>
   </trkpt>
   <trkpt lat="-7.8988250" lon="113.6674400">
    <ele>1337.4</ele>
   </trkpt>
   <trkpt lat="-7.8988520" lon="113.6674220">
    <ele>1337.0</ele>
   </trkpt>
   <trkpt lat="-7.8988780" lon="113.6674030">
    <ele>1336.8</ele>
   </trkpt>
   <trkpt lat="-7.8989020" lon="113.6673880">
    <ele>1336.5</ele>
   </trkpt>
   <trkpt lat="-7.8989270" lon="113.6673680">
    <ele>1336.7</ele>
   </trkpt>
   <trkpt lat="-7.8989520" lon="113.6673480">
    <ele>1337.0</ele>
   </trkpt>
   <trkpt lat="-7.8989770" lon="113.6673320">
    <ele>1337.1</ele>
   </trkpt>
   <trkpt lat="-7.8990120" lon="113.6673220">
    <ele>1336.8</ele>
   </trkpt>
   <trkpt lat="-7.8990420" lon="113.6673070">
    <ele>1336.6</ele>
   </trkpt>
   <trkpt lat="-7.8990700" lon="113.6672870">
    <ele>1336.9</ele>
   </trkpt>
   <trkpt lat="-7.8990970" lon="113.6672720">
    <ele>1337.2</ele>
   </trkpt>
   <trkpt lat="-7.8991280" lon="113.6672630">
    <ele>1336.5</ele>
   </trkpt>
   <trkpt lat="-7.8991620" lon="113.6672550">
    <ele>1335.4</ele>
   </trkpt>
   <trkpt lat="-7.8991930" lon="113.6672420">
    <ele>1334.4</ele>
   </trkpt>
   <trkpt lat="-7.8992270" lon="113.6672370">
    <ele>1333.5</ele>
   </trkpt>
   <trkpt lat="-7.8992600" lon="113.6672270">
    <ele>1332.6</ele>
   </trkpt>
   <trkpt lat="-7.8992830" lon="113.6672120">
    <ele>1332.2</ele>
   </trkpt>
   <trkpt lat="-7.8993080" lon="113.6671880">
    <ele>1331.8</ele>
   </trkpt>
   <trkpt lat="-7.8993300" lon="113.6671570">
    <ele>1331.5</ele>
   </trkpt>
   <trkpt lat="-7.8993450" lon="113.6671330">
    <ele>1332.3</ele>
   </trkpt>
   <trkpt lat="-7.8993670" lon="113.6671080">
    <ele>1333.4</ele>
   </trkpt>
   <trkpt lat="-7.8993880" lon="113.6670830">
    <ele>1335.0</ele>
   </trkpt>
   <trkpt lat="-7.8994250" lon="113.6670720">
    <ele>1337.7</ele>
   </trkpt>
   <trkpt lat="-7.8994650" lon="113.6670700">
    <ele>1340.2</ele>
   </trkpt>
   <trkpt lat="-7.8994950" lon="113.6670770">
    <ele>1341.0</ele>
   </trkpt>
   <trkpt lat="-7.8995350" lon="113.6670880">
    <ele>1342.2</ele>
   </trkpt>
   <trkpt lat="-7.8995700" lon="113.6670930">
    <ele>1344.5</ele>
   </trkpt>
   <trkpt lat="-7.8996070" lon="113.6671000">
    <ele>1347.2</ele>
   </trkpt>
   <trkpt lat="-7.8996400" lon="113.6671100">
    <ele>1348.6</ele>
   </trkpt>
   <trkpt lat="-7.8996820" lon="113.6671120">
    <ele>1350.0</ele>
   </trkpt>
   <trkpt lat="-7.8997150" lon="113.6671180">
    <ele>1350.9</ele>
   </trkpt>
   <trkpt lat="-7.8997430" lon="113.6671280">
    <ele>1351.5</ele>
   </trkpt>
   <trkpt lat="-7.8997700" lon="113.6671350">
    <ele>1352.1</ele>
   </trkpt>
   <trkpt lat="-7.8998070" lon="113.6671420">
    <ele>1352.8</ele>
   </trkpt>
   <trkpt lat="-7.8998400" lon="113.6671480">
    <ele>1353.4</ele>
   </trkpt>
   <trkpt lat="-7.8998750" lon="113.6671580">
    <ele>1355.4</ele>
   </trkpt>
   <trkpt lat="-7.8999100" lon="113.6671680">
    <ele>1358.3</ele>
   </trkpt>
   <trkpt lat="-7.8999480" lon="113.6671670">
    <ele>1359.9</ele>
   </trkpt>
   <trkpt lat="-7.8999770" lon="113.6671780">
    <ele>1360.9</ele>
   </trkpt>
   <trkpt lat="-7.9000000" lon="113.6671970">
    <ele>1361.9</ele>
   </trkpt>
   <trkpt lat="-7.9000200" lon="113.6672180">
    <ele>1362.8</ele>
   </trkpt>
   <trkpt lat="-7.9000370" lon="113.6672520">
    <ele>1364.0</ele>
   </trkpt>
   <trkpt lat="-7.9000430" lon="113.6672800">
    <ele>1365.0</ele>
   </trkpt>
   <trkpt lat="-7.9000450" lon="113.6673120">
    <ele>1366.1</ele>
   </trkpt>
   <trkpt lat="-7.9000400" lon="113.6673420">
    <ele>1367.0</ele>
   </trkpt>
   <trkpt lat="-7.9000380" lon="113.6673770">
    <ele>1367.6</ele>
   </trkpt>
   <trkpt lat="-7.9000530" lon="113.6674050">
    <ele>1368.1</ele>
   </trkpt>
   <trkpt lat="-7.9000630" lon="113.6674430">
    <ele>1368.6</ele>
   </trkpt>
   <trkpt lat="-7.9000750" lon="113.6674730">
    <ele>1368.9</ele>
   </trkpt>
   <trkpt lat="-7.9000900" lon="113.6675100">
    <ele>1369.2</ele>
   </trkpt>
   <trkpt lat="-7.9001120" lon="113.6675380">
    <ele>1369.5</ele>
   </trkpt>
   <trkpt lat="-7.9001350" lon="113.6675600">
    <ele>1369.8</ele>
   </trkpt>
   <trkpt lat="-7.9001580" lon="113.6675820">
    <ele>1370.4</ele>
   </trkpt>
   <trkpt lat="-7.9001770" lon="113.6676050">
    <ele>1371.1</ele>
   </trkpt>
   <trkpt lat="-7.9001980" lon="113.6676230">
    <ele>1372.2</ele>
   </trkpt>
   <trkpt lat="-7.9002180" lon="113.6676480">
    <ele>1373.7</ele>
   </trkpt>
   <trkpt lat="-7.9002450" lon="113.6676770">
    <ele>1375.2</ele>
   </trkpt>
   <trkpt lat="-7.9002700" lon="113.6676920">
    <ele>1376.0</ele>
   </trkpt>
   <trkpt lat="-7.9003000" lon="113.6677150">
    <ele>1376.9</ele>
   </trkpt>
   <trkpt lat="-7.9003320" lon="113.6677220">
    <ele>1377.2</ele>
   </trkpt>
   <trkpt lat="-7.9003670" lon="113.6677320">
    <ele>1377.5</ele>
   </trkpt>
   <trkpt lat="-7.9004080" lon="113.6677330">
    <ele>1377.4</ele>
   </trkpt>
   <trkpt lat="-7.9004370" lon="113.6677170">
    <ele>1377.0</ele>
   </trkpt>
   <trkpt lat="-7.9004580" lon="113.6676970">
    <ele>1376.7</ele>
   </trkpt>
   <trkpt lat="-7.9004830" lon="113.6676670">
    <ele>1375.7</ele>
   </trkpt>
   <trkpt lat="-7.9004980" lon="113.6676430">
    <ele>1374.9</ele>
   </trkpt>
   <trkpt lat="-7.9005050" lon="113.6676130">
    <ele>1374.1</ele>
   </trkpt>
   <trkpt lat="-7.9005180" lon="113.6675870">
    <ele>1374.3</ele>
   </trkpt>
   <trkpt lat="-7.9005300" lon="113.6675600">
    <ele>1374.5</ele>
   </trkpt>
   <trkpt lat="-7.9005550" lon="113.6675420">
    <ele>1375.4</ele>
   </trkpt>
   <trkpt lat="-7.9005830" lon="113.6675330">
    <ele>1376.2</ele>
   </trkpt>
   <trkpt lat="-7.9006080" lon="113.6675480">
    <ele>1376.8</ele>
   </trkpt>
   <trkpt lat="-7.9006220" lon="113.6675730">
    <ele>1377.4</ele>
   </trkpt>
   <trkpt lat="-7.9006370" lon="113.6675970">
    <ele>1377.1</ele>
   </trkpt>
   <trkpt lat="-7.9006620" lon="113.6676130">
    <ele>1376.8</ele>
   </trkpt>
   <trkpt lat="-7.9006920" lon="113.6676070">
    <ele>1376.8</ele>
   </trkpt>
   <trkpt lat="-7.9007250" lon="113.6675830">
    <ele>1377.1</ele>
   </trkpt>
   <trkpt lat="-7.9007470" lon="113.6675670">
    <ele>1377.2</ele>
   </trkpt>
   <trkpt lat="-7.9007700" lon="113.6675480">
    <ele>1377.3</ele>
   </trkpt>
   <trkpt lat="-7.9008000" lon="113.6675350">
    <ele>1377.4</ele>
   </trkpt>
   <trkpt lat="-7.9008200" lon="113.6675070">
    <ele>1377.7</ele>
   </trkpt>
   <trkpt lat="-7.9008430" lon="113.6674820">
    <ele>1378.2</ele>
   </trkpt>
   <trkpt lat="-7.9008630" lon="113.6674550">
    <ele>1378.7</ele>
   </trkpt>
   <trkpt lat="-7.9008870" lon="113.6674370">
    <ele>1378.8</ele>
   </trkpt>
   <trkpt lat="-7.9009200" lon="113.6674220">
    <ele>1378.8</ele>
   </trkpt>
   <trkpt lat="-7.9009570" lon="113.6674130">
    <ele>1379.5</ele>
   </trkpt>
   <trkpt lat="-7.9009900" lon="113.6674070">
    <ele>1380.3</ele>
   </trkpt>
   <trkpt lat="-7.9010180" lon="113.6674120">
    <ele>1380.9</ele>
   </trkpt>
   <trkpt lat="-7.9010450" lon="113.6674050">
    <ele>1381.4</ele>
   </trkpt>
   <trkpt lat="-7.9010770" lon="113.6674000">
    <ele>1382.0</ele>
   </trkpt>
   <trkpt lat="-7.9011120" lon="113.6673870">
    <ele>1382.9</ele>
   </trkpt>
   <trkpt lat="-7.9011450" lon="113.6673750">
    <ele>1383.8</ele>
   </trkpt>
   <trkpt lat="-7.9011780" lon="113.6673570">
    <ele>1384.6</ele>
   </trkpt>
   <trkpt lat="-7.9012050" lon="113.6673430">
    <ele>1385.1</ele>
   </trkpt>
   <trkpt lat="-7.9012270" lon="113.6673230">
    <ele>1385.6</ele>
   </trkpt>
   <trkpt lat="-7.9012580" lon="113.6673000">
    <ele>1386.9</ele>
   </trkpt>
   <trkpt lat="-7.9012850" lon="113.6672850">
    <ele>1388.0</ele>
   </trkpt>
   <trkpt lat="-7.9013070" lon="113.6672680">
    <ele>1388.9</ele>
   </trkpt>
   <trkpt lat="-7.9013300" lon="113.6672530">
    <ele>1389.6</ele>
   </trkpt>
   <trkpt lat="-7.9013580" lon="113.6672320">
    <ele>1390.5</ele>
   </trkpt>
   <trkpt lat="-7.9013920" lon="113.6672150">
    <ele>1390.8</ele>
   </trkpt>
   <trkpt lat="-7.9014150" lon="113.6671930">
    <ele>1391.0</ele>
   </trkpt>
   <trkpt lat="-7.9014380" lon="113.6671700">
    <ele>1391.0</ele>
   </trkpt>
   <trkpt lat="-7.9014600" lon="113.6671520">
    <ele>1390.9</ele>
   </trkpt>
   <trkpt lat="-7.9014830" lon="113.6671330">
    <ele>1390.8</ele>
   </trkpt>
   <trkpt lat="-7.9015150" lon="113.6671100">
    <ele>1391.4</ele>
   </trkpt>
   <trkpt lat="-7.9015370" lon="113.6670930">
    <ele>1391.9</ele>
   </trkpt>
   <trkpt lat="-7.9015680" lon="113.6670680">
    <ele>1392.6</ele>
   </trkpt>
   <trkpt lat="-7.9015920" lon="113.6670520">
    <ele>1393.0</ele>
   </trkpt>
   <trkpt lat="-7.9016170" lon="113.6670380">
    <ele>1393.4</ele>
   </trkpt>
   <trkpt lat="-7.9016520" lon="113.6670270">
    <ele>1394.2</ele>
   </trkpt>
   <trkpt lat="-7.9016780" lon="113.6670030">
    <ele>1395.1</ele>
   </trkpt>
   <trkpt lat="-7.9016950" lon="113.6669820">
    <ele>1395.9</ele>
   </trkpt>
   <trkpt lat="-7.9017130" lon="113.6669600">
    <ele>1396.7</ele>
   </trkpt>
   <trkpt lat="-7.9017370" lon="113.6669380">
    <ele>1398.1</ele>
   </trkpt>
   <trkpt lat="-7.9017700" lon="113.6669170">
    <ele>1400.0</ele>
   </trkpt>
   <trkpt lat="-7.9018020" lon="113.6669030">
    <ele>1401.7</ele>
   </trkpt>
   <trkpt lat="-7.9018380" lon="113.6668820">
    <ele>1403.8</ele>
   </trkpt>
   <trkpt lat="-7.9018620" lon="113.6668650">
    <ele>1404.8</ele>
   </trkpt>
   <trkpt lat="-7.9018980" lon="113.6668530">
    <ele>1405.5</ele>
   </trkpt>
   <trkpt lat="-7.9019350" lon="113.6668420">
    <ele>1406.7</ele>
   </trkpt>
   <trkpt lat="-7.9019730" lon="113.6668270">
    <ele>1408.6</ele>
   </trkpt>
   <trkpt lat="-7.9020000" lon="113.6668220">
    <ele>1409.9</ele>
   </trkpt>
   <trkpt lat="-7.9020380" lon="113.6668000">
    <ele>1411.8</ele>
   </trkpt>
   <trkpt lat="-7.9020750" lon="113.6667850">
    <ele>1413.4</ele>
   </trkpt>
   <trkpt lat="-7.9021070" lon="113.6667720">
    <ele>1414.3</ele>
   </trkpt>
   <trkpt lat="-7.9021450" lon="113.6667650">
    <ele>1415.1</ele>
   </trkpt>
   <trkpt lat="-7.9021770" lon="113.6667580">
    <ele>1415.8</ele>
   </trkpt>
   <trkpt lat="-7.9022070" lon="113.6667580">
    <ele>1416.3</ele>
   </trkpt>
   <trkpt lat="-7.9022350" lon="113.6667520">
    <ele>1416.9</ele>
   </trkpt>
   <trkpt lat="-7.9022720" lon="113.6667520">
    <ele>1417.1</ele>
   </trkpt>
   <trkpt lat="-7.9023050" lon="113.6667530">
    <ele>1417.2</ele>
   </trkpt>
   <trkpt lat="-7.9023330" lon="113.6667450">
    <ele>1417.3</ele>
   </trkpt>
   <trkpt lat="-7.9023620" lon="113.6667370">
    <ele>1417.0</ele>
   </trkpt>
   <trkpt lat="-7.9024000" lon="113.6667250">
    <ele>1416.6</ele>
   </trkpt>
   <trkpt lat="-7.9024250" lon="113.6667100">
    <ele>1416.2</ele>
   </trkpt>
   <trkpt lat="-7.9024530" lon="113.6666950">
    <ele>1415.6</ele>
   </trkpt>
   <trkpt lat="-7.9024800" lon="113.6666780">
    <ele>1414.9</ele>
   </trkpt>
   <trkpt lat="-7.9025020" lon="113.6666620">
    <ele>1414.4</ele>
   </trkpt>
   <trkpt lat="-7.9025200" lon="113.6666380">
    <ele>1413.7</ele>
   </trkpt>
   <trkpt lat="-7.9025400" lon="113.6666180">
    <ele>1413.1</ele>
   </trkpt>
   <trkpt lat="-7.9025530" lon="113.6665870">
    <ele>1412.9</ele>
   </trkpt>
   <trkpt lat="-7.9025650" lon="113.6665600">
    <ele>1412.9</ele>
   </trkpt>
   <trkpt lat="-7.9025730" lon="113.6665270">
    <ele>1413.6</ele>
   </trkpt>
   <trkpt lat="-7.9025850" lon="113.6665000">
    <ele>1414.2</ele>
   </trkpt>
   <trkpt lat="-7.9026020" lon="113.6664680">
    <ele>1415.3</ele>
   </trkpt>
   <trkpt lat="-7.9026130" lon="113.6664330">
    <ele>1416.4</ele>
   </trkpt>
   <trkpt lat="-7.9026350" lon="113.6664070">
    <ele>1417.3</ele>
   </trkpt>
   <trkpt lat="-7.9026580" lon="113.6663900">
    <ele>1418.0</ele>
   </trkpt>
   <trkpt lat="-7.9026800" lon="113.6663670">
    <ele>1418.4</ele>
   </trkpt>
   <trkpt lat="-7.9027000" lon="113.6663420">
    <ele>1418.7</ele>
   </trkpt>
   <trkpt lat="-7.9027120" lon="113.6663150">
    <ele>1419.4</ele>
   </trkpt>
   <trkpt lat="-7.9027280" lon="113.6662880">
    <ele>1420.3</ele>
   </trkpt>
   <trkpt lat="-7.9027400" lon="113.6662630">
    <ele>1421.2</ele>
   </trkpt>
   <trkpt lat="-7.9027530" lon="113.6662350">
    <ele>1421.7</ele>
   </trkpt>
   <trkpt lat="-7.9027700" lon="113.6662070">
    <ele>1422.2</ele>
   </trkpt>
   <trkpt lat="-7.9027820" lon="113.6661800">
    <ele>1422.7</ele>
   </trkpt>
   <trkpt lat="-7.9028070" lon="113.6661570">
    <ele>1423.4</ele>
   </trkpt>
   <trkpt lat="-7.9028250" lon="113.6661350">
    <ele>1424.0</ele>
   </trkpt>
   <trkpt lat="-7.9028550" lon="113.6661100">
    <ele>1424.6</ele>
   </trkpt>
   <trkpt lat="-7.9028870" lon="113.6660970">
    <ele>1425.2</ele>
   </trkpt>
   <trkpt lat="-7.9029120" lon="113.6660830">
    <ele>1425.8</ele>
   </trkpt>
   <trkpt lat="-7.9029280" lon="113.6660620">
    <ele>1426.4</ele>
   </trkpt>
   <trkpt lat="-7.9029480" lon="113.6660330">
    <ele>1427.3</ele>
   </trkpt>
   <trkpt lat="-7.9029770" lon="113.6660200">
    <ele>1428.3</ele>
   </trkpt>
   <trkpt lat="-7.9029980" lon="113.6659980">
    <ele>1429.4</ele>
   </trkpt>
   <trkpt lat="-7.9030280" lon="113.6659630">
    <ele>1430.9</ele>
   </trkpt>
   <trkpt lat="-7.9030500" lon="113.6659380">
    <ele>1431.8</ele>
   </trkpt>
   <trkpt lat="-7.9030800" lon="113.6659200">
    <ele>1432.8</ele>
   </trkpt>
   <trkpt lat="-7.9031080" lon="113.6658920">
    <ele>1433.8</ele>
   </trkpt>
   <trkpt lat="-7.9031300" lon="113.6658700">
    <ele>1434.6</ele>
   </trkpt>
   <trkpt lat="-7.9031430" lon="113.6658350">
    <ele>1435.7</ele>
   </trkpt>
   <trkpt lat="-7.9031430" lon="113.6658070">
    <ele>1436.6</ele>
   </trkpt>
   <trkpt lat="-7.9031530" lon="113.6657650">
    <ele>1438.3</ele>
   </trkpt>
   <trkpt lat="-7.9031630" lon="113.6657380">
    <ele>1439.4</ele>
   </trkpt>
   <trkpt lat="-7.9031770" lon="113.6657130">
    <ele>1440.4</ele>
   </trkpt>
   <trkpt lat="-7.9031770" lon="113.6656800">
    <ele>1441.5</ele>
   </trkpt>
   <trkpt lat="-7.9031850" lon="113.6656430">
    <ele>1442.4</ele>
   </trkpt>
   <trkpt lat="-7.9032000" lon="113.6656120">
    <ele>1442.2</ele>
   </trkpt>
   <trkpt lat="-7.9032220" lon="113.6655820">
    <ele>1442.0</ele>
   </trkpt>
   <trkpt lat="-7.9032400" lon="113.6655620">
    <ele>1441.1</ele>
   </trkpt>
   <trkpt lat="-7.9032570" lon="113.6655350">
    <ele>1440.0</ele>
   </trkpt>
   <trkpt lat="-7.9032730" lon="113.6655100">
    <ele>1439.0</ele>
   </trkpt>
   <trkpt lat="-7.9032930" lon="113.6654800">
    <ele>1437.8</ele>
   </trkpt>
   <trkpt lat="-7.9033230" lon="113.6654530">
    <ele>1436.4</ele>
   </trkpt>
   <trkpt lat="-7.9033480" lon="113.6654280">
    <ele>1435.1</ele>
   </trkpt>
   <trkpt lat="-7.9033780" lon="113.6654100">
    <ele>1434.6</ele>
   </trkpt>
   <trkpt lat="-7.9034120" lon="113.6653930">
    <ele>1434.5</ele>
   </trkpt>
   <trkpt lat="-7.9034320" lon="113.6653730">
    <ele>1434.7</ele>
   </trkpt>
   <trkpt lat="-7.9034530" lon="113.6653570">
    <ele>1435.0</ele>
   </trkpt>
   <trkpt lat="-7.9034730" lon="113.6653370">
    <ele>1435.3</ele>
   </trkpt>
   <trkpt lat="-7.9034930" lon="113.6653180">
    <ele>1436.1</ele>
   </trkpt>
   <trkpt lat="-7.9035150" lon="113.6653000">
    <ele>1437.2</ele>
   </trkpt>
   <trkpt lat="-7.9035350" lon="113.6652820">
    <ele>1438.3</ele>
   </trkpt>
   <trkpt lat="-7.9035650" lon="113.6652630">
    <ele>1439.8</ele>
   </trkpt>
   <trkpt lat="-7.9035980" lon="113.6652570">
    <ele>1441.2</ele>
   </trkpt>
   <trkpt lat="-7.9036220" lon="113.6652380">
    <ele>1442.4</ele>
   </trkpt>
   <trkpt lat="-7.9036470" lon="113.6652180">
    <ele>1443.0</ele>
   </trkpt>
   <trkpt lat="-7.9036770" lon="113.6651980">
    <ele>1443.6</ele>
   </trkpt>
   <trkpt lat="-7.9037130" lon="113.6651820">
    <ele>1444.4</ele>
   </trkpt>
   <trkpt lat="-7.9037470" lon="113.6651680">
    <ele>1445.2</ele>
   </trkpt>
   <trkpt lat="-7.9037820" lon="113.6651620">
    <ele>1445.8</ele>
   </trkpt>
   <trkpt lat="-7.9038170" lon="113.6651550">
    <ele>1446.1</ele>
   </trkpt>
   <trkpt lat="-7.9038550" lon="113.6651380">
    <ele>1446.5</ele>
   </trkpt>
   <trkpt lat="-7.9038820" lon="113.6651330">
    <ele>1446.6</ele>
   </trkpt>
   <trkpt lat="-7.9039150" lon="113.6651070">
    <ele>1446.7</ele>
   </trkpt>
   <trkpt lat="-7.9039400" lon="113.6650750">
    <ele>1446.8</ele>
   </trkpt>
   <trkpt lat="-7.9039630" lon="113.6650550">
    <ele>1446.9</ele>
   </trkpt>
   <trkpt lat="-7.9039880" lon="113.6650300">
    <ele>1447.0</ele>
   </trkpt>
   <trkpt lat="-7.9040130" lon="113.6650030">
    <ele>1447.2</ele>
   </trkpt>
   <trkpt lat="-7.9040370" lon="113.6649750">
    <ele>1447.4</ele>
   </trkpt>
   <trkpt lat="-7.9040570" lon="113.6649470">
    <ele>1447.7</ele>
   </trkpt>
   <trkpt lat="-7.9040680" lon="113.6648970">
    <ele>1448.3</ele>
   </trkpt>
   <trkpt lat="-7.9040830" lon="113.6648680">
    <ele>1448.8</ele>
   </trkpt>
   <trkpt lat="-7.9041000" lon="113.6648430">
    <ele>1449.2</ele>
   </trkpt>
   <trkpt lat="-7.9041220" lon="113.6648130">
    <ele>1449.9</ele>
   </trkpt>
   <trkpt lat="-7.9041480" lon="113.6647850">
    <ele>1450.6</ele>
   </trkpt>
   <trkpt lat="-7.9041870" lon="113.6647600">
    <ele>1451.4</ele>
   </trkpt>
   <trkpt lat="-7.9042150" lon="113.6647280">
    <ele>1452.1</ele>
   </trkpt>
   <trkpt lat="-7.9042350" lon="113.6647000">
    <ele>1452.5</ele>
   </trkpt>
   <trkpt lat="-7.9042500" lon="113.6646680">
    <ele>1452.9</ele>
   </trkpt>
   <trkpt lat="-7.9042750" lon="113.6646280">
    <ele>1454.6</ele>
   </trkpt>
   <trkpt lat="-7.9042950" lon="113.6645980">
    <ele>1455.9</ele>
   </trkpt>
   <trkpt lat="-7.9043250" lon="113.6645700">
    <ele>1456.9</ele>
   </trkpt>
   <trkpt lat="-7.9043550" lon="113.6645280">
    <ele>1458.0</ele>
   </trkpt>
   <trkpt lat="-7.9043770" lon="113.6644980">
    <ele>1458.8</ele>
   </trkpt>
   <trkpt lat="-7.9044100" lon="113.6644680">
    <ele>1460.0</ele>
   </trkpt>
   <trkpt lat="-7.9044430" lon="113.6644400">
    <ele>1460.9</ele>
   </trkpt>
   <trkpt lat="-7.9044720" lon="113.6644150">
    <ele>1461.7</ele>
   </trkpt>
   <trkpt lat="-7.9045030" lon="113.6643900">
    <ele>1462.2</ele>
   </trkpt>
   <trkpt lat="-7.9045420" lon="113.6643680">
    <ele>1462.8</ele>
   </trkpt>
   <trkpt lat="-7.9045700" lon="113.6643530">
    <ele>1462.6</ele>
   </trkpt>
   <trkpt lat="-7.9046080" lon="113.6643350">
    <ele>1462.4</ele>
   </trkpt>
   <trkpt lat="-7.9046330" lon="113.6643170">
    <ele>1461.5</ele>
   </trkpt>
   <trkpt lat="-7.9046580" lon="113.6642830">
    <ele>1460.3</ele>
   </trkpt>
   <trkpt lat="-7.9046850" lon="113.6642500">
    <ele>1459.2</ele>
   </trkpt>
   <trkpt lat="-7.9047150" lon="113.6642250">
    <ele>1458.3</ele>
   </trkpt>
   <trkpt lat="-7.9047520" lon="113.6642050">
    <ele>1457.0</ele>
   </trkpt>
   <trkpt lat="-7.9047830" lon="113.6641900">
    <ele>1455.9</ele>
   </trkpt>
   <trkpt lat="-7.9048070" lon="113.6641750">
    <ele>1455.0</ele>
   </trkpt>
   <trkpt lat="-7.9048350" lon="113.6641600">
    <ele>1454.3</ele>
   </trkpt>
   <trkpt lat="-7.9048620" lon="113.6641520">
    <ele>1453.7</ele>
   </trkpt>
   <trkpt lat="-7.9048900" lon="113.6641320">
    <ele>1453.0</ele>
   </trkpt>
   <trkpt lat="-7.9049180" lon="113.6641130">
    <ele>1452.3</ele>
   </trkpt>
   <trkpt lat="-7.9049480" lon="113.6640920">
    <ele>1451.6</ele>
   </trkpt>
   <trkpt lat="-7.9049770" lon="113.6640650">
    <ele>1451.1</ele>
   </trkpt>
   <trkpt lat="-7.9050200" lon="113.6640450">
    <ele>1450.7</ele>
   </trkpt>
   <trkpt lat="-7.9050550" lon="113.6640280">
    <ele>1450.5</ele>
   </trkpt>
   <trkpt lat="-7.9051000" lon="113.6640080">
    <ele>1450.4</ele>
   </trkpt>
   <trkpt lat="-7.9051250" lon="113.6639970">
    <ele>1450.4</ele>
   </trkpt>
   <trkpt lat="-7.9051570" lon="113.6639780">
    <ele>1451.1</ele>
   </trkpt>
   <trkpt lat="-7.9051900" lon="113.6639530">
    <ele>1452.0</ele>
   </trkpt>
   <trkpt lat="-7.9052200" lon="113.6639400">
    <ele>1452.3</ele>
   </trkpt>
   <trkpt lat="-7.9052580" lon="113.6639350">
    <ele>1452.6</ele>
   </trkpt>
   <trkpt lat="-7.9052930" lon="113.6639270">
    <ele>1453.6</ele>
   </trkpt>
   <trkpt lat="-7.9053170" lon="113.6639050">
    <ele>1454.6</ele>
   </trkpt>
   <trkpt lat="-7.9053470" lon="113.6638920">
    <ele>1455.6</ele>
   </trkpt>
   <trkpt lat="-7.9053820" lon="113.6638750">
    <ele>1456.9</ele>
   </trkpt>
   <trkpt lat="-7.9054170" lon="113.6638600">
    <ele>1458.0</ele>
   </trkpt>
   <trkpt lat="-7.9054480" lon="113.6638400">
    <ele>1458.9</ele>
   </trkpt>
   <trkpt lat="-7.9054820" lon="113.6638220">
    <ele>1460.3</ele>
   </trkpt>
   <trkpt lat="-7.9055220" lon="113.6637970">
    <ele>1462.6</ele>
   </trkpt>
   <trkpt lat="-7.9055570" lon="113.6637800">
    <ele>1463.5</ele>
   </trkpt>
   <trkpt lat="-7.9055980" lon="113.6637600">
    <ele>1464.4</ele>
   </trkpt>
   <trkpt lat="-7.9056330" lon="113.6637430">
    <ele>1466.5</ele>
   </trkpt>
   <trkpt lat="-7.9056650" lon="113.6637350">
    <ele>1467.9</ele>
   </trkpt>
   <trkpt lat="-7.9056870" lon="113.6637080">
    <ele>1468.7</ele>
   </trkpt>
   <trkpt lat="-7.9057080" lon="113.6636870">
    <ele>1469.4</ele>
   </trkpt>
   <trkpt lat="-7.9057280" lon="113.6636650">
    <ele>1470.2</ele>
   </trkpt>
   <trkpt lat="-7.9057500" lon="113.6636380">
    <ele>1471.2</ele>
   </trkpt>
   <trkpt lat="-7.9057670" lon="113.6636070">
    <ele>1473.2</ele>
   </trkpt>
   <trkpt lat="-7.9057820" lon="113.6635750">
    <ele>1475.3</ele>
   </trkpt>
   <trkpt lat="-7.9058080" lon="113.6635500">
    <ele>1477.0</ele>
   </trkpt>
   <trkpt lat="-7.9058280" lon="113.6635320">
    <ele>1477.7</ele>
   </trkpt>
   <trkpt lat="-7.9058480" lon="113.6635130">
    <ele>1478.5</ele>
   </trkpt>
   <trkpt lat="-7.9058820" lon="113.6635050">
    <ele>1479.6</ele>
   </trkpt>
   <trkpt lat="-7.9059120" lon="113.6634870">
    <ele>1481.1</ele>
   </trkpt>
   <trkpt lat="-7.9059350" lon="113.6634720">
    <ele>1481.3</ele>
   </trkpt>
   <trkpt lat="-7.9059620" lon="113.6634470">
    <ele>1481.8</ele>
   </trkpt>
   <trkpt lat="-7.9059950" lon="113.6634270">
    <ele>1482.7</ele>
   </trkpt>
   <trkpt lat="-7.9060220" lon="113.6634150">
    <ele>1483.4</ele>
   </trkpt>
   <trkpt lat="-7.9060550" lon="113.6633970">
    <ele>1485.1</ele>
   </trkpt>
   <trkpt lat="-7.9060780" lon="113.6633780">
    <ele>1486.4</ele>
   </trkpt>
   <trkpt lat="-7.9061100" lon="113.6633700">
    <ele>1487.6</ele>
   </trkpt>
   <trkpt lat="-7.9061380" lon="113.6633600">
    <ele>1488.6</ele>
   </trkpt>
   <trkpt lat="-7.9061620" lon="113.6633450">
    <ele>1489.6</ele>
   </trkpt>
   <trkpt lat="-7.9061800" lon="113.6633180">
    <ele>1490.8</ele>
   </trkpt>
   <trkpt lat="-7.9062050" lon="113.6633050">
    <ele>1491.8</ele>
   </trkpt>
   <trkpt lat="-7.9062270" lon="113.6632800">
    <ele>1493.0</ele>
   </trkpt>
   <trkpt lat="-7.9062380" lon="113.6632480">
    <ele>1493.6</ele>
   </trkpt>
   <trkpt lat="-7.9062670" lon="113.6632230">
    <ele>1494.3</ele>
   </trkpt>
   <trkpt lat="-7.9063050" lon="113.6631950">
    <ele>1494.7</ele>
   </trkpt>
   <trkpt lat="-7.9063270" lon="113.6631700">
    <ele>1494.9</ele>
   </trkpt>
   <trkpt lat="-7.9063630" lon="113.6631420">
    <ele>1495.5</ele>
   </trkpt>
   <trkpt lat="-7.9063930" lon="113.6631220">
    <ele>1495.2</ele>
   </trkpt>
   <trkpt lat="-7.9064270" lon="113.6631070">
    <ele>1495.7</ele>
   </trkpt>
   <trkpt lat="-7.9064670" lon="113.6630970">
    <ele>1496.3</ele>
   </trkpt>
   <trkpt lat="-7.9065050" lon="113.6630830">
    <ele>1496.7</ele>
   </trkpt>
   <trkpt lat="-7.9065350" lon="113.6630670">
    <ele>1497.3</ele>
   </trkpt>
   <trkpt lat="-7.9065680" lon="113.6630550">
    <ele>1497.4</ele>
   </trkpt>
   <trkpt lat="-7.9065950" lon="113.6630350">
    <ele>1498.0</ele>
   </trkpt>
   <trkpt lat="-7.9066150" lon="113.6630170">
    <ele>1498.6</ele>
   </trkpt>
   <trkpt lat="-7.9066500" lon="113.6629930">
    <ele>1498.7</ele>
   </trkpt>
   <trkpt lat="-7.9066700" lon="113.6629600">
    <ele>1499.3</ele>
   </trkpt>
   <trkpt lat="-7.9066970" lon="113.6629030">
    <ele>1499.5</ele>
   </trkpt>
   <trkpt lat="-7.9067180" lon="113.6628770">
    <ele>1500.2</ele>
   </trkpt>
   <trkpt lat="-7.9067330" lon="113.6628420">
    <ele>1500.3</ele>
   </trkpt>
   <trkpt lat="-7.9067580" lon="113.6628170">
    <ele>1501.3</ele>
   </trkpt>
   <trkpt lat="-7.9067780" lon="113.6627880">
    <ele>1502.0</ele>
   </trkpt>
   <trkpt lat="-7.9067930" lon="113.6627630">
    <ele>1502.9</ele>
   </trkpt>
   <trkpt lat="-7.9068150" lon="113.6627400">
    <ele>1503.9</ele>
   </trkpt>
   <trkpt lat="-7.9068350" lon="113.6627180">
    <ele>1505.0</ele>
   </trkpt>
   <trkpt lat="-7.9068700" lon="113.6626970">
    <ele>1507.3</ele>
   </trkpt>
   <trkpt lat="-7.9068900" lon="113.6626730">
    <ele>1507.4</ele>
   </trkpt>
   <trkpt lat="-7.9069070" lon="113.6626400">
    <ele>1508.9</ele>
   </trkpt>
   <trkpt lat="-7.9069200" lon="113.6626130">
    <ele>1511.8</ele>
   </trkpt>
   <trkpt lat="-7.9069400" lon="113.6625870">
    <ele>1511.9</ele>
   </trkpt>
   <trkpt lat="-7.9069570" lon="113.6625630">
    <ele>1514.2</ele>
   </trkpt>
   <trkpt lat="-7.9069750" lon="113.6625300">
    <ele>1515.3</ele>
   </trkpt>
   <trkpt lat="-7.9069870" lon="113.6625020">
    <ele>1515.4</ele>
   </trkpt>
   <trkpt lat="-7.9069880" lon="113.6624720">
    <ele>1516.6</ele>
   </trkpt>
   <trkpt lat="-7.9069820" lon="113.6624430">
    <ele>1517.6</ele>
   </trkpt>
   <trkpt lat="-7.9069820" lon="113.6624130">
    <ele>1517.7</ele>
   </trkpt>
   <trkpt lat="-7.9069970" lon="113.6623780">
    <ele>1519.5</ele>
   </trkpt>
   <trkpt lat="-7.9070030" lon="113.6623450">
    <ele>1520.4</ele>
   </trkpt>
   <trkpt lat="-7.9070180" lon="113.6623200">
    <ele>1520.5</ele>
   </trkpt>
   <trkpt lat="-7.9070180" lon="113.6622900">
    <ele>1521.3</ele>
   </trkpt>
   <trkpt lat="-7.9070330" lon="113.6622580">
    <ele>1522.1</ele>
   </trkpt>
   <trkpt lat="-7.9070670" lon="113.6622380">
    <ele>1523.0</ele>
   </trkpt>
   <trkpt lat="-7.9071000" lon="113.6622150">
    <ele>1524.8</ele>
   </trkpt>
   <trkpt lat="-7.9071230" lon="113.6621970">
    <ele>1524.9</ele>
   </trkpt>
   <trkpt lat="-7.9071470" lon="113.6621680">
    <ele>1526.9</ele>
   </trkpt>
   <trkpt lat="-7.9071620" lon="113.6621430">
    <ele>1528.3</ele>
   </trkpt>
   <trkpt lat="-7.9072130" lon="113.6621070">
    <ele>1529.5</ele>
   </trkpt>
   <trkpt lat="-7.9072420" lon="113.6620880">
    <ele>1530.8</ele>
   </trkpt>
   <trkpt lat="-7.9072580" lon="113.6620530">
    <ele>1532.1</ele>
   </trkpt>
   <trkpt lat="-7.9072720" lon="113.6620200">
    <ele>1532.2</ele>
   </trkpt>
   <trkpt lat="-7.9072770" lon="113.6619870">
    <ele>1533.4</ele>
   </trkpt>
   <trkpt lat="-7.9073050" lon="113.6619620">
    <ele>1534.2</ele>
   </trkpt>
   <trkpt lat="-7.9073280" lon="113.6619400">
    <ele>1535.0</ele>
   </trkpt>
   <trkpt lat="-7.9073520" lon="113.6619230">
    <ele>1535.2</ele>
   </trkpt>
   <trkpt lat="-7.9073720" lon="113.6619050">
    <ele>1535.4</ele>
   </trkpt>
   <trkpt lat="-7.9073950" lon="113.6618820">
    <ele>1535.8</ele>
   </trkpt>
   <trkpt lat="-7.9074150" lon="113.6618630">
    <ele>1536.3</ele>
   </trkpt>
   <trkpt lat="-7.9074300" lon="113.6618350">
    <ele>1536.9</ele>
   </trkpt>
   <trkpt lat="-7.9074550" lon="113.6618100">
    <ele>1537.5</ele>
   </trkpt>
   <trkpt lat="-7.9074770" lon="113.6617870">
    <ele>1538.0</ele>
   </trkpt>
   <trkpt lat="-7.9075000" lon="113.6617630">
    <ele>1538.7</ele>
   </trkpt>
   <trkpt lat="-7.9075270" lon="113.6617470">
    <ele>1539.6</ele>
   </trkpt>
   <trkpt lat="-7.9075520" lon="113.6617350">
    <ele>1540.3</ele>
   </trkpt>
   <trkpt lat="-7.9075770" lon="113.6617070">
    <ele>1541.5</ele>
   </trkpt>
   <trkpt lat="-7.9075900" lon="113.6616780">
    <ele>1542.4</ele>
   </trkpt>
   <trkpt lat="-7.9076080" lon="113.6616550">
    <ele>1543.2</ele>
   </trkpt>
   <trkpt lat="-7.9076400" lon="113.6616450">
    <ele>1544.0</ele>
   </trkpt>
   <trkpt lat="-7.9076650" lon="113.6616330">
    <ele>1544.6</ele>
   </trkpt>
   <trkpt lat="-7.9077000" lon="113.6616280">
    <ele>1545.6</ele>
   </trkpt>
   <trkpt lat="-7.9077370" lon="113.6616100">
    <ele>1546.9</ele>
   </trkpt>
   <trkpt lat="-7.9077700" lon="113.6615900">
    <ele>1547.8</ele>
   </trkpt>
   <trkpt lat="-7.9077950" lon="113.6615550">
    <ele>1548.7</ele>
   </trkpt>
   <trkpt lat="-7.9078170" lon="113.6615330">
    <ele>1549.8</ele>
   </trkpt>
   <trkpt lat="-7.9078230" lon="113.6615070">
    <ele>1550.8</ele>
   </trkpt>
   <trkpt lat="-7.9078400" lon="113.6614800">
    <ele>1551.9</ele>
   </trkpt>
   <trkpt lat="-7.9078570" lon="113.6614580">
    <ele>1552.7</ele>
   </trkpt>
   <trkpt lat="-7.9078780" lon="113.6614300">
    <ele>1553.6</ele>
   </trkpt>
   <trkpt lat="-7.9079050" lon="113.6614150">
    <ele>1554.8</ele>
   </trkpt>
   <trkpt lat="-7.9079220" lon="113.6613780">
    <ele>1556.6</ele>
   </trkpt>
   <trkpt lat="-7.9079550" lon="113.6613520">
    <ele>1557.4</ele>
   </trkpt>
   <trkpt lat="-7.9079970" lon="113.6613450">
    <ele>1557.9</ele>
   </trkpt>
   <trkpt lat="-7.9080280" lon="113.6613450">
    <ele>1558.9</ele>
   </trkpt>
   <trkpt lat="-7.9080770" lon="113.6613400">
    <ele>1560.4</ele>
   </trkpt>
   <trkpt lat="-7.9081050" lon="113.6613400">
    <ele>1561.0</ele>
   </trkpt>
   <trkpt lat="-7.9081350" lon="113.6613400">
    <ele>1561.7</ele>
   </trkpt>
   <trkpt lat="-7.9081620" lon="113.6613280">
    <ele>1562.5</ele>
   </trkpt>
   <trkpt lat="-7.9081870" lon="113.6613120">
    <ele>1563.4</ele>
   </trkpt>
   <trkpt lat="-7.9082200" lon="113.6613150">
    <ele>1564.1</ele>
   </trkpt>
   <trkpt lat="-7.9082270" lon="113.6611230">
    <ele>1565.1</ele>
   </trkpt>
   <trkpt lat="-7.9082300" lon="113.6610880">
    <ele>1564.8</ele>
   </trkpt>
   <trkpt lat="-7.9082500" lon="113.6610700">
    <ele>1564.5</ele>
   </trkpt>
   <trkpt lat="-7.9082600" lon="113.6610430">
    <ele>1564.4</ele>
   </trkpt>
   <trkpt lat="-7.9082850" lon="113.6610300">
    <ele>1564.3</ele>
   </trkpt>
   <trkpt lat="-7.9083020" lon="113.6610070">
    <ele>1564.3</ele>
   </trkpt>
   <trkpt lat="-7.9083270" lon="113.6609950">
    <ele>1564.3</ele>
   </trkpt>
   <trkpt lat="-7.9083520" lon="113.6609680">
    <ele>1564.9</ele>
   </trkpt>
   <trkpt lat="-7.9083700" lon="113.6609480">
    <ele>1565.3</ele>
   </trkpt>
   <trkpt lat="-7.9083780" lon="113.6609220">
    <ele>1565.7</ele>
   </trkpt>
   <trkpt lat="-7.9083930" lon="113.6608930">
    <ele>1566.6</ele>
   </trkpt>
   <trkpt lat="-7.9084020" lon="113.6608650">
    <ele>1567.3</ele>
   </trkpt>
   <trkpt lat="-7.9084230" lon="113.6608380">
    <ele>1568.2</ele>
   </trkpt>
   <trkpt lat="-7.9084420" lon="113.6608070">
    <ele>1569.1</ele>
   </trkpt>
   <trkpt lat="-7.9084520" lon="113.6607800">
    <ele>1569.8</ele>
   </trkpt>
   <trkpt lat="-7.9084680" lon="113.6607520">
    <ele>1570.3</ele>
   </trkpt>
   <trkpt lat="-7.9084930" lon="113.6607270">
    <ele>1570.6</ele>
   </trkpt>
   <trkpt lat="-7.9085230" lon="113.6607070">
    <ele>1570.8</ele>
   </trkpt>
   <trkpt lat="-7.9085420" lon="113.6606780">
    <ele>1571.1</ele>
   </trkpt>
   <trkpt lat="-7.9085570" lon="113.6606500">
    <ele>1571.4</ele>
   </trkpt>
   <trkpt lat="-7.9085630" lon="113.6606170">
    <ele>1571.8</ele>
   </trkpt>
   <trkpt lat="-7.9085720" lon="113.6605880">
    <ele>1572.2</ele>
   </trkpt>
   <trkpt lat="-7.9085830" lon="113.6605550">
    <ele>1572.8</ele>
   </trkpt>
   <trkpt lat="-7.9085980" lon="113.6605180">
    <ele>1573.5</ele>
   </trkpt>
   <trkpt lat="-7.9086170" lon="113.6604830">
    <ele>1574.1</ele>
   </trkpt>
   <trkpt lat="-7.9086350" lon="113.6604520">
    <ele>1574.6</ele>
   </trkpt>
   <trkpt lat="-7.9086530" lon="113.6604070">
    <ele>1575.2</ele>
   </trkpt>
   <trkpt lat="-7.9086600" lon="113.6603770">
    <ele>1575.6</ele>
   </trkpt>
   <trkpt lat="-7.9086620" lon="113.6603430">
    <ele>1576.0</ele>
   </trkpt>
   <trkpt lat="-7.9086700" lon="113.6603170">
    <ele>1576.3</ele>
   </trkpt>
   <trkpt lat="-7.9086770" lon="113.6602900">
    <ele>1576.7</ele>
   </trkpt>
   <trkpt lat="-7.9086930" lon="113.6602600">
    <ele>1577.5</ele>
   </trkpt>
   <trkpt lat="-7.9087150" lon="113.6602200">
    <ele>1578.5</ele>
   </trkpt>
   <trkpt lat="-7.9087280" lon="113.6601880">
    <ele>1579.2</ele>
   </trkpt>
   <trkpt lat="-7.9087430" lon="113.6601550">
    <ele>1579.8</ele>
   </trkpt>
   <trkpt lat="-7.9087620" lon="113.6601330">
    <ele>1580.1</ele>
   </trkpt>
   <trkpt lat="-7.9087870" lon="113.6601070">
    <ele>1580.3</ele>
   </trkpt>
   <trkpt lat="-7.9088130" lon="113.6600900">
    <ele>1580.4</ele>
   </trkpt>
   <trkpt lat="-7.9088420" lon="113.6600730">
    <ele>1580.5</ele>
   </trkpt>
   <trkpt lat="-7.9088570" lon="113.6600320">
    <ele>1580.3</ele>
   </trkpt>
   <trkpt lat="-7.9088630" lon="113.6600050">
    <ele>1579.9</ele>
   </trkpt>
   <trkpt lat="-7.9088870" lon="113.6599680">
    <ele>1579.3</ele>
   </trkpt>
   <trkpt lat="-7.9089220" lon="113.6599280">
    <ele>1579.5</ele>
   </trkpt>
   <trkpt lat="-7.9089570" lon="113.6599070">
    <ele>1579.7</ele>
   </trkpt>
   <trkpt lat="-7.9089830" lon="113.6598750">
    <ele>1580.1</ele>
   </trkpt>
   <trkpt lat="-7.9090070" lon="113.6598450">
    <ele>1580.6</ele>
   </trkpt>
   <trkpt lat="-7.9090270" lon="113.6598120">
    <ele>1581.0</ele>
   </trkpt>
   <trkpt lat="-7.9090430" lon="113.6597720">
    <ele>1581.6</ele>
   </trkpt>
   <trkpt lat="-7.9090630" lon="113.6597330">
    <ele>1582.0</ele>
   </trkpt>
   <trkpt lat="-7.9090850" lon="113.6597080">
    <ele>1582.4</ele>
   </trkpt>
   <trkpt lat="-7.9091030" lon="113.6596870">
    <ele>1582.8</ele>
   </trkpt>
   <trkpt lat="-7.9091200" lon="113.6596620">
    <ele>1583.3</ele>
   </trkpt>
   <trkpt lat="-7.9091400" lon="113.6596420">
    <ele>1583.7</ele>
   </trkpt>
   <trkpt lat="-7.9091570" lon="113.6596170">
    <ele>1584.2</ele>
   </trkpt>
   <trkpt lat="-7.9091670" lon="113.6595800">
    <ele>1584.7</ele>
   </trkpt>
   <trkpt lat="-7.9091680" lon="113.6595380">
    <ele>1585.5</ele>
   </trkpt>
   <trkpt lat="-7.9091720" lon="113.6595100">
    <ele>1586.1</ele>
   </trkpt>
   <trkpt lat="-7.9091750" lon="113.6594820">
    <ele>1586.7</ele>
   </trkpt>
   <trkpt lat="-7.9091970" lon="113.6594400">
    <ele>1587.4</ele>
   </trkpt>
   <trkpt lat="-7.9092080" lon="113.6594030">
    <ele>1588.0</ele>
   </trkpt>
   <trkpt lat="-7.9092270" lon="113.6593750">
    <ele>1588.4</ele>
   </trkpt>
   <trkpt lat="-7.9092480" lon="113.6593520">
    <ele>1588.8</ele>
   </trkpt>
   <trkpt lat="-7.9092700" lon="113.6593230">
    <ele>1589.0</ele>
   </trkpt>
   <trkpt lat="-7.9092970" lon="113.6592930">
    <ele>1589.2</ele>
   </trkpt>
   <trkpt lat="-7.9093130" lon="113.6592580">
    <ele>1589.2</ele>
   </trkpt>
   <trkpt lat="-7.9093270" lon="113.6592320">
    <ele>1589.0</ele>
   </trkpt>
   <trkpt lat="-7.9093430" lon="113.6591980">
    <ele>1588.8</ele>
   </trkpt>
   <trkpt lat="-7.9093580" lon="113.6591720">
    <ele>1589.2</ele>
   </trkpt>
   <trkpt lat="-7.9093730" lon="113.6591470">
    <ele>1589.6</ele>
   </trkpt>
   <trkpt lat="-7.9093930" lon="113.6591170">
    <ele>1590.0</ele>
   </trkpt>
   <trkpt lat="-7.9094250" lon="113.6591020">
    <ele>1590.1</ele>
   </trkpt>
   <trkpt lat="-7.9094630" lon="113.6590880">
    <ele>1590.1</ele>
   </trkpt>
   <trkpt lat="-7.9094880" lon="113.6590750">
    <ele>1590.2</ele>
   </trkpt>
   <trkpt lat="-7.9095130" lon="113.6590530">
    <ele>1590.3</ele>
   </trkpt>
   <trkpt lat="-7.9095370" lon="113.6590330">
    <ele>1590.2</ele>
   </trkpt>
   <trkpt lat="-7.9095700" lon="113.6590070">
    <ele>1590.0</ele>
   </trkpt>
   <trkpt lat="-7.9095970" lon="113.6589700">
    <ele>1589.8</ele>
   </trkpt>
   <trkpt lat="-7.9096280" lon="113.6589320">
    <ele>1589.5</ele>
   </trkpt>
   <trkpt lat="-7.9096500" lon="113.6589080">
    <ele>1588.9</ele>
   </trkpt>
   <trkpt lat="-7.9096680" lon="113.6588830">
    <ele>1588.1</ele>
   </trkpt>
   <trkpt lat="-7.9096900" lon="113.6588530">
    <ele>1587.5</ele>
   </trkpt>
   <trkpt lat="-7.9097080" lon="113.6588300">
    <ele>1587.0</ele>
   </trkpt>
   <trkpt lat="-7.9097270" lon="113.6587930">
    <ele>1586.4</ele>
   </trkpt>
   <trkpt lat="-7.9097500" lon="113.6587480">
    <ele>1585.9</ele>
   </trkpt>
   <trkpt lat="-7.9097580" lon="113.6586950">
    <ele>1585.5</ele>
   </trkpt>
   <trkpt lat="-7.9097870" lon="113.6586370">
    <ele>1585.3</ele>
   </trkpt>
   <trkpt lat="-7.9098070" lon="113.6586020">
    <ele>1585.2</ele>
   </trkpt>
   <trkpt lat="-7.9098230" lon="113.6585670">
    <ele>1585.0</ele>
   </trkpt>
   <trkpt lat="-7.9098400" lon="113.6585300">
    <ele>1584.7</ele>
   </trkpt>
   <trkpt lat="-7.9098580" lon="113.6584930">
    <ele>1584.8</ele>
   </trkpt>
   <trkpt lat="-7.9098720" lon="113.6584650">
    <ele>1584.8</ele>
   </trkpt>
   <trkpt lat="-7.9098850" lon="113.6584400">
    <ele>1584.9</ele>
   </trkpt>
   <trkpt lat="-7.9099130" lon="113.6583930">
    <ele>1584.9</ele>
   </trkpt>
   <trkpt lat="-7.9099270" lon="113.6583630">
    <ele>1584.6</ele>
   </trkpt>
   <trkpt lat="-7.9099380" lon="113.6583370">
    <ele>1584.3</ele>
   </trkpt>
   <trkpt lat="-7.9099480" lon="113.6583100">
    <ele>1584.0</ele>
   </trkpt>
   <trkpt lat="-7.9099700" lon="113.6582620">
    <ele>1583.7</ele>
   </trkpt>
   <trkpt lat="-7.9099900" lon="113.6582180">
    <ele>1584.1</ele>
   </trkpt>
   <trkpt lat="-7.9100230" lon="113.6581800">
    <ele>1584.7</ele>
   </trkpt>
   <trkpt lat="-7.9100500" lon="113.6581480">
    <ele>1585.4</ele>
   </trkpt>
   <trkpt lat="-7.9100720" lon="113.6581180">
    <ele>1586.4</ele>
   </trkpt>
   <trkpt lat="-7.9100900" lon="113.6580880">
    <ele>1587.7</ele>
   </trkpt>
   <trkpt lat="-7.9101220" lon="113.6580600">
    <ele>1589.0</ele>
   </trkpt>
   <trkpt lat="-7.9101470" lon="113.6580300">
    <ele>1591.1</ele>
   </trkpt>
   <trkpt lat="-7.9101750" lon="113.6580050">
    <ele>1593.5</ele>
   </trkpt>
   <trkpt lat="-7.9102070" lon="113.6579830">
    <ele>1595.3</ele>
   </trkpt>
   <trkpt lat="-7.9102280" lon="113.6579530">
    <ele>1596.6</ele>
   </trkpt>
   <trkpt lat="-7.9102500" lon="113.6579350">
    <ele>1597.7</ele>
   </trkpt>
   <trkpt lat="-7.9102700" lon="113.6579070">
    <ele>1599.7</ele>
   </trkpt>
   <trkpt lat="-7.9102970" lon="113.6578820">
    <ele>1601.7</ele>
   </trkpt>
   <trkpt lat="-7.9103230" lon="113.6578580">
    <ele>1602.8</ele>
   </trkpt>
   <trkpt lat="-7.9103430" lon="113.6578280">
    <ele>1603.8</ele>
   </trkpt>
   <trkpt lat="-7.9103650" lon="113.6578030">
    <ele>1604.6</ele>
   </trkpt>
   <trkpt lat="-7.9103930" lon="113.6577800">
    <ele>1605.7</ele>
   </trkpt>
   <trkpt lat="-7.9104180" lon="113.6577600">
    <ele>1607.1</ele>
   </trkpt>
   <trkpt lat="-7.9104370" lon="113.6577320">
    <ele>1608.5</ele>
   </trkpt>
   <trkpt lat="-7.9104570" lon="113.6577050">
    <ele>1609.5</ele>
   </trkpt>
   <trkpt lat="-7.9104720" lon="113.6576770">
    <ele>1610.6</ele>
   </trkpt>
   <trkpt lat="-7.9106020" lon="113.6573770">
    <ele>1614.3</ele>
   </trkpt>
   <trkpt lat="-7.9106120" lon="113.6573380">
    <ele>1614.0</ele>
   </trkpt>
   <trkpt lat="-7.9106250" lon="113.6573020">
    <ele>1613.6</ele>
   </trkpt>
   <trkpt lat="-7.9106370" lon="113.6572750">
    <ele>1613.5</ele>
   </trkpt>
   <trkpt lat="-7.9106430" lon="113.6572470">
    <ele>1613.5</ele>
   </trkpt>
   <trkpt lat="-7.9106480" lon="113.6572150">
    <ele>1613.9</ele>
   </trkpt>
   <trkpt lat="-7.9106430" lon="113.6571820">
    <ele>1614.4</ele>
   </trkpt>
   <trkpt lat="-7.9106600" lon="113.6571430">
    <ele>1615.2</ele>
   </trkpt>
   <trkpt lat="-7.9106800" lon="113.6571230">
    <ele>1615.8</ele>
   </trkpt>
   <trkpt lat="-7.9107020" lon="113.6571030">
    <ele>1616.1</ele>
   </trkpt>
   <trkpt lat="-7.9107270" lon="113.6570920">
    <ele>1616.2</ele>
   </trkpt>
   <trkpt lat="-7.9107580" lon="113.6570820">
    <ele>1616.3</ele>
   </trkpt>
   <trkpt lat="-7.9107000" lon="113.6570730">
    <ele>1616.7</ele>
   </trkpt>
   <trkpt lat="-7.9107670" lon="113.6570480">
    <ele>1617.4</ele>
   </trkpt>
   <trkpt lat="-7.9107870" lon="113.6569970">
    <ele>1618.2</ele>
   </trkpt>
   <trkpt lat="-7.9108020" lon="113.6569720">
    <ele>1618.7</ele>
   </trkpt>
   <trkpt lat="-7.9108150" lon="113.6569420">
    <ele>1619.3</ele>
   </trkpt>
   <trkpt lat="-7.9108370" lon="113.6569220">
    <ele>1619.9</ele>
   </trkpt>
   <trkpt lat="-7.9108530" lon="113.6568930">
    <ele>1620.6</ele>
   </trkpt>
   <trkpt lat="-7.9108780" lon="113.6568520">
    <ele>1620.8</ele>
   </trkpt>
   <trkpt lat="-7.9108950" lon="113.6568170">
    <ele>1621.0</ele>
   </trkpt>
   <trkpt lat="-7.9109080" lon="113.6567900">
    <ele>1621.6</ele>
   </trkpt>
   <trkpt lat="-7.9109220" lon="113.6567600">
    <ele>1622.2</ele>
   </trkpt>
   <trkpt lat="-7.9109380" lon="113.6567300">
    <ele>1622.6</ele>
   </trkpt>
   <trkpt lat="-7.9109480" lon="113.6566980">
    <ele>1622.8</ele>
   </trkpt>
   <trkpt lat="-7.9109620" lon="113.6566630">
    <ele>1623.2</ele>
   </trkpt>
   <trkpt lat="-7.9109720" lon="113.6566320">
    <ele>1624.4</ele>
   </trkpt>
   <trkpt lat="-7.9109830" lon="113.6565950">
    <ele>1625.8</ele>
   </trkpt>
   <trkpt lat="-7.9109930" lon="113.6565600">
    <ele>1627.4</ele>
   </trkpt>
   <trkpt lat="-7.9110000" lon="113.6565300">
    <ele>1628.8</ele>
   </trkpt>
   <trkpt lat="-7.9110050" lon="113.6564880">
    <ele>1630.6</ele>
   </trkpt>
   <trkpt lat="-7.9110120" lon="113.6564580">
    <ele>1631.8</ele>
   </trkpt>
   <trkpt lat="-7.9110070" lon="113.6564280">
    <ele>1633.1</ele>
   </trkpt>
   <trkpt lat="-7.9110230" lon="113.6564000">
    <ele>1634.0</ele>
   </trkpt>
   <trkpt lat="-7.9110450" lon="113.6563780">
    <ele>1634.9</ele>
   </trkpt>
   <trkpt lat="-7.9110680" lon="113.6563580">
    <ele>1636.0</ele>
   </trkpt>
   <trkpt lat="-7.9110930" lon="113.6563350">
    <ele>1637.1</ele>
   </trkpt>
   <trkpt lat="-7.9111170" lon="113.6563150">
    <ele>1638.0</ele>
   </trkpt>
   <trkpt lat="-7.9111330" lon="113.6562900">
    <ele>1638.4</ele>
   </trkpt>
   <trkpt lat="-7.9111530" lon="113.6562670">
    <ele>1638.7</ele>
   </trkpt>
   <trkpt lat="-7.9111680" lon="113.6562370">
    <ele>1639.6</ele>
   </trkpt>
   <trkpt lat="-7.9111900" lon="113.6562080">
    <ele>1640.7</ele>
   </trkpt>
   <trkpt lat="-7.9112050" lon="113.6561830">
    <ele>1641.7</ele>
   </trkpt>
   <trkpt lat="-7.9112280" lon="113.6561600">
    <ele>1642.6</ele>
   </trkpt>
   <trkpt lat="-7.9112520" lon="113.6561380">
    <ele>1643.6</ele>
   </trkpt>
   <trkpt lat="-7.9112770" lon="113.6561170">
    <ele>1644.7</ele>
   </trkpt>
   <trkpt lat="-7.9113000" lon="113.6560900">
    <ele>1645.6</ele>
   </trkpt>
   <trkpt lat="-7.9113380" lon="113.6560930">
    <ele>1646.2</ele>
   </trkpt>
   <trkpt lat="-7.9113680" lon="113.6560870">
    <ele>1647.0</ele>
   </trkpt>
   <trkpt lat="-7.9113950" lon="113.6560700">
    <ele>1648.0</ele>
   </trkpt>
   <trkpt lat="-7.9114100" lon="113.6560400">
    <ele>1648.1</ele>
   </trkpt>
   <trkpt lat="-7.9114230" lon="113.6560120">
    <ele>1647.5</ele>
   </trkpt>
   <trkpt lat="-7.9114380" lon="113.6559830">
    <ele>1647.9</ele>
   </trkpt>
   <trkpt lat="-7.9114520" lon="113.6559500">
    <ele>1649.8</ele>
   </trkpt>
   <trkpt lat="-7.9114700" lon="113.6559120">
    <ele>1652.4</ele>
   </trkpt>
   <trkpt lat="-7.9114830" lon="113.6558820">
    <ele>1654.4</ele>
   </trkpt>
   <trkpt lat="-7.9114950" lon="113.6558570">
    <ele>1655.2</ele>
   </trkpt>
   <trkpt lat="-7.9115020" lon="113.6558220">
    <ele>1656.2</ele>
   </trkpt>
   <trkpt lat="-7.9115120" lon="113.6557900">
    <ele>1657.1</ele>
   </trkpt>
   <trkpt lat="-7.9115200" lon="113.6557630">
    <ele>1658.0</ele>
   </trkpt>
   <trkpt lat="-7.9115420" lon="113.6557400">
    <ele>1659.5</ele>
   </trkpt>
   <trkpt lat="-7.9115550" lon="113.6557030">
    <ele>1661.4</ele>
   </trkpt>
   <trkpt lat="-7.9115750" lon="113.6556700">
    <ele>1663.1</ele>
   </trkpt>
   <trkpt lat="-7.9115950" lon="113.6556470">
    <ele>1664.5</ele>
   </trkpt>
   <trkpt lat="-7.9116170" lon="113.6556230">
    <ele>1665.5</ele>
   </trkpt>
   <trkpt lat="-7.9116320" lon="113.6555870">
    <ele>1666.4</ele>
   </trkpt>
   <trkpt lat="-7.9116380" lon="113.6555580">
    <ele>1667.1</ele>
   </trkpt>
   <trkpt lat="-7.9116500" lon="113.6555280">
    <ele>1667.8</ele>
   </trkpt>
   <trkpt lat="-7.9116720" lon="113.6555020">
    <ele>1668.4</ele>
   </trkpt>
   <trkpt lat="-7.9116950" lon="113.6554800">
    <ele>1669.0</ele>
   </trkpt>
   <trkpt lat="-7.9117180" lon="113.6554580">
    <ele>1669.6</ele>
   </trkpt>
   <trkpt lat="-7.9117400" lon="113.6554370">
    <ele>1670.4</ele>
   </trkpt>
   <trkpt lat="-7.9117580" lon="113.6554150">
    <ele>1671.1</ele>
   </trkpt>
   <trkpt lat="-7.9117820" lon="113.6553820">
    <ele>1671.9</ele>
   </trkpt>
   <trkpt lat="-7.9117920" lon="113.6553480">
    <ele>1672.6</ele>
   </trkpt>
   <trkpt lat="-7.9118070" lon="113.6553220">
    <ele>1673.3</ele>
   </trkpt>
   <trkpt lat="-7.9118270" lon="113.6552930">
    <ele>1674.2</ele>
   </trkpt>
   <trkpt lat="-7.9118380" lon="113.6552680">
    <ele>1675.1</ele>
   </trkpt>
   <trkpt lat="-7.9118550" lon="113.6552430">
    <ele>1676.1</ele>
   </trkpt>
   <trkpt lat="-7.9118770" lon="113.6552180">
    <ele>1677.1</ele>
   </trkpt>
   <trkpt lat="-7.9118920" lon="113.6551930">
    <ele>1677.9</ele>
   </trkpt>
   <trkpt lat="-7.9119150" lon="113.6551700">
    <ele>1678.8</ele>
   </trkpt>
   <trkpt lat="-7.9119330" lon="113.6551480">
    <ele>1679.5</ele>
   </trkpt>
   <trkpt lat="-7.9119600" lon="113.6551230">
    <ele>1680.2</ele>
   </trkpt>
   <trkpt lat="-7.9119870" lon="113.6551000">
    <ele>1680.9</ele>
   </trkpt>
   <trkpt lat="-7.9120070" lon="113.6550780">
    <ele>1681.2</ele>
   </trkpt>
   <trkpt lat="-7.9120230" lon="113.6550530">
    <ele>1681.3</ele>
   </trkpt>
   <trkpt lat="-7.9120450" lon="113.6550280">
    <ele>1681.5</ele>
   </trkpt>
   <trkpt lat="-7.9120600" lon="113.6550000">
    <ele>1682.3</ele>
   </trkpt>
   <trkpt lat="-7.9120700" lon="113.6549720">
    <ele>1683.1</ele>
   </trkpt>
   <trkpt lat="-7.9120880" lon="113.6549450">
    <ele>1683.8</ele>
   </trkpt>
   <trkpt lat="-7.9121070" lon="113.6549220">
    <ele>1684.3</ele>
   </trkpt>
   <trkpt lat="-7.9121220" lon="113.6548870">
    <ele>1684.9</ele>
   </trkpt>
   <trkpt lat="-7.9121370" lon="113.6548600">
    <ele>1685.2</ele>
   </trkpt>
   <trkpt lat="-7.9121520" lon="113.6548350">
    <ele>1685.7</ele>
   </trkpt>
   <trkpt lat="-7.9121630" lon="113.6547970">
    <ele>1687.3</ele>
   </trkpt>
   <trkpt lat="-7.9121780" lon="113.6547620">
    <ele>1688.9</ele>
   </trkpt>
   <trkpt lat="-7.9121920" lon="113.6547370">
    <ele>1690.3</ele>
   </trkpt>
   <trkpt lat="-7.9122030" lon="113.6547050">
    <ele>1691.8</ele>
   </trkpt>
   <trkpt lat="-7.9122170" lon="113.6546680">
    <ele>1692.9</ele>
   </trkpt>
   <trkpt lat="-7.9122300" lon="113.6546350">
    <ele>1693.6</ele>
   </trkpt>
   <trkpt lat="-7.9122420" lon="113.6545970">
    <ele>1693.4</ele>
   </trkpt>
   <trkpt lat="-7.9122570" lon="113.6545680">
    <ele>1693.8</ele>
   </trkpt>
   <trkpt lat="-7.9122670" lon="113.6545400">
    <ele>1694.0</ele>
   </trkpt>
   <trkpt lat="-7.9122680" lon="113.6544980">
    <ele>1693.2</ele>
   </trkpt>
   <trkpt lat="-7.9122800" lon="113.6544670">
    <ele>1693.1</ele>
   </trkpt>
   <trkpt lat="-7.9122920" lon="113.6544400">
    <ele>1694.1</ele>
   </trkpt>
   <trkpt lat="-7.9123020" lon="113.6544100">
    <ele>1695.2</ele>
   </trkpt>
   <trkpt lat="-7.9123200" lon="113.6543780">
    <ele>1696.1</ele>
   </trkpt>
   <trkpt lat="-7.9123400" lon="113.6543580">
    <ele>1696.8</ele>
   </trkpt>
   <trkpt lat="-7.9123570" lon="113.6543350">
    <ele>1697.6</ele>
   </trkpt>
   <trkpt lat="-7.9123750" lon="113.6543150">
    <ele>1698.5</ele>
   </trkpt>
   <trkpt lat="-7.9123970" lon="113.6542850">
    <ele>1699.6</ele>
   </trkpt>
   <trkpt lat="-7.9124220" lon="113.6542620">
    <ele>1700.7</ele>
   </trkpt>
   <trkpt lat="-7.9124400" lon="113.6542400">
    <ele>1701.7</ele>
   </trkpt>
   <trkpt lat="-7.9124500" lon="113.6542130">
    <ele>1702.4</ele>
   </trkpt>
   <trkpt lat="-7.9124630" lon="113.6541830">
    <ele>1703.1</ele>
   </trkpt>
   <trkpt lat="-7.9124820" lon="113.6541570">
    <ele>1703.8</ele>
   </trkpt>
   <trkpt lat="-7.9125070" lon="113.6541350">
    <ele>1704.3</ele>
   </trkpt>
   <trkpt lat="-7.9125270" lon="113.6541100">
    <ele>1704.9</ele>
   </trkpt>
   <trkpt lat="-7.9125320" lon="113.6540780">
    <ele>1705.4</ele>
   </trkpt>
   <trkpt lat="-7.9125370" lon="113.6540330">
    <ele>1706.0</ele>
   </trkpt>
   <trkpt lat="-7.9125450" lon="113.6539850">
    <ele>1706.7</ele>
   </trkpt>
   <trkpt lat="-7.9125530" lon="113.6539450">
    <ele>1706.9</ele>
   </trkpt>
   <trkpt lat="-7.9125630" lon="113.6539050">
    <ele>1707.2</ele>
   </trkpt>
   <trkpt lat="-7.9125730" lon="113.6538730">
    <ele>1707.3</ele>
   </trkpt>
   <trkpt lat="-7.9125850" lon="113.6538480">
    <ele>1707.3</ele>
   </trkpt>
   <trkpt lat="-7.9126000" lon="113.6538170">
    <ele>1707.5</ele>
   </trkpt>
   <trkpt lat="-7.9126070" lon="113.6537770">
    <ele>1707.9</ele>
   </trkpt>
   <trkpt lat="-7.9126150" lon="113.6537420">
    <ele>1708.2</ele>
   </trkpt>
   <trkpt lat="-7.9126220" lon="113.6537120">
    <ele>1708.2</ele>
   </trkpt>
   <trkpt lat="-7.9126320" lon="113.6536820">
    <ele>1708.1</ele>
   </trkpt>
   <trkpt lat="-7.9126400" lon="113.6536530">
    <ele>1708.2</ele>
   </trkpt>
   <trkpt lat="-7.9126520" lon="113.6536280">
    <ele>1708.3</ele>
   </trkpt>
   <trkpt lat="-7.9126630" lon="113.6535980">
    <ele>1708.4</ele>
   </trkpt>
   <trkpt lat="-7.9126750" lon="113.6535700">
    <ele>1708.5</ele>
   </trkpt>
   <trkpt lat="-7.9126830" lon="113.6535350">
    <ele>1708.5</ele>
   </trkpt>
   <trkpt lat="-7.9127030" lon="113.6535000">
    <ele>1708.4</ele>
   </trkpt>
   <trkpt lat="-7.9127280" lon="113.6534530">
    <ele>1708.1</ele>
   </trkpt>
   <trkpt lat="-7.9127400" lon="113.6534220">
    <ele>1708.0</ele>
   </trkpt>
   <trkpt lat="-7.9127500" lon="113.6533820">
    <ele>1707.7</ele>
   </trkpt>
   <trkpt lat="-7.9127620" lon="113.6533450">
    <ele>1707.6</ele>
   </trkpt>
   <trkpt lat="-7.9127680" lon="113.6533050">
    <ele>1707.7</ele>
   </trkpt>
   <trkpt lat="-7.9127780" lon="113.6532580">
    <ele>1707.8</ele>
   </trkpt>
   <trkpt lat="-7.9127920" lon="113.6532100">
    <ele>1708.1</ele>
   </trkpt>
   <trkpt lat="-7.9128000" lon="113.6531650">
    <ele>1708.4</ele>
   </trkpt>
   <trkpt lat="-7.9128120" lon="113.6531220">
    <ele>1708.8</ele>
   </trkpt>
   <trkpt lat="-7.9128200" lon="113.6530870">
    <ele>1709.1</ele>
   </trkpt>
   <trkpt lat="-7.9128220" lon="113.6530550">
    <ele>1709.3</ele>
   </trkpt>
   <trkpt lat="-7.9128220" lon="113.6530200">
    <ele>1709.5</ele>
   </trkpt>
   <trkpt lat="-7.9128130" lon="113.6529850">
    <ele>1710.2</ele>
   </trkpt>
   <trkpt lat="-7.9128020" lon="113.6529450">
    <ele>1711.0</ele>
   </trkpt>
   <trkpt lat="-7.9127880" lon="113.6529130">
    <ele>1711.7</ele>
   </trkpt>
   <trkpt lat="-7.9127730" lon="113.6528770">
    <ele>1712.4</ele>
   </trkpt>
   <trkpt lat="-7.9127620" lon="113.6528430">
    <ele>1713.0</ele>
   </trkpt>
   <trkpt lat="-7.9127400" lon="113.6528050">
    <ele>1713.5</ele>
   </trkpt>
   <trkpt lat="-7.9127100" lon="113.6527650">
    <ele>1713.8</ele>
   </trkpt>
   <trkpt lat="-7.9126850" lon="113.6527250">
    <ele>1713.7</ele>
   </trkpt>
   <trkpt lat="-7.9126670" lon="113.6526900">
    <ele>1713.3</ele>
   </trkpt>
   <trkpt lat="-7.9126520" lon="113.6526580">
    <ele>1712.9</ele>
   </trkpt>
   <trkpt lat="-7.9126420" lon="113.6526170">
    <ele>1712.5</ele>
   </trkpt>
   <trkpt lat="-7.9126330" lon="113.6525830">
    <ele>1712.2</ele>
   </trkpt>
   <trkpt lat="-7.9126220" lon="113.6525520">
    <ele>1712.0</ele>
   </trkpt>
   <trkpt lat="-7.9126030" lon="113.6525130">
    <ele>1712.0</ele>
   </trkpt>
   <trkpt lat="-7.9125950" lon="113.6524850">
    <ele>1712.0</ele>
   </trkpt>
   <trkpt lat="-7.9125820" lon="113.6524580">
    <ele>1712.0</ele>
   </trkpt>
   <trkpt lat="-7.9125700" lon="113.6524300">
    <ele>1712.1</ele>
   </trkpt>
   <trkpt lat="-7.9125550" lon="113.6524050">
    <ele>1712.2</ele>
   </trkpt>
   <trkpt lat="-7.9125400" lon="113.6523570">
    <ele>1712.4</ele>
   </trkpt>
   <trkpt lat="-7.9125270" lon="113.6523100">
    <ele>1712.6</ele>
   </trkpt>
   <trkpt lat="-7.9125120" lon="113.6522600">
    <ele>1712.8</ele>
   </trkpt>
   <trkpt lat="-7.9124970" lon="113.6522220">
    <ele>1712.9</ele>
   </trkpt>
   <trkpt lat="-7.9124780" lon="113.6521880">
    <ele>1712.8</ele>
   </trkpt>
   <trkpt lat="-7.9124670" lon="113.6521530">
    <ele>1712.7</ele>
   </trkpt>
   <trkpt lat="-7.9124580" lon="113.6521230">
    <ele>1712.6</ele>
   </trkpt>
   <trkpt lat="-7.9124500" lon="113.6520950">
    <ele>1712.5</ele>
   </trkpt>
   <trkpt lat="-7.9124430" lon="113.6520680">
    <ele>1712.6</ele>
   </trkpt>
   <trkpt lat="-7.9124330" lon="113.6520170">
    <ele>1713.1</ele>
   </trkpt>
   <trkpt lat="-7.9124230" lon="113.6519730">
    <ele>1713.3</ele>
   </trkpt>
   <trkpt lat="-7.9124150" lon="113.6519350">
    <ele>1713.4</ele>
   </trkpt>
   <trkpt lat="-7.9124130" lon="113.6518920">
    <ele>1713.4</ele>
   </trkpt>
   <trkpt lat="-7.9124150" lon="113.6518520">
    <ele>1713.6</ele>
   </trkpt>
   <trkpt lat="-7.9124350" lon="113.6518220">
    <ele>1713.8</ele>
   </trkpt>
   <trkpt lat="-7.9124480" lon="113.6517870">
    <ele>1714.1</ele>
   </trkpt>
   <trkpt lat="-7.9124520" lon="113.6517570">
    <ele>1714.3</ele>
   </trkpt>
   <trkpt lat="-7.9124530" lon="113.6517150">
    <ele>1714.3</ele>
   </trkpt>
   <trkpt lat="-7.9124550" lon="113.6516670">
    <ele>1714.2</ele>
   </trkpt>
   <trkpt lat="-7.9124630" lon="113.6516280">
    <ele>1714.2</ele>
   </trkpt>
   <trkpt lat="-7.9124700" lon="113.6515930">
    <ele>1714.3</ele>
   </trkpt>
   <trkpt lat="-7.9124720" lon="113.6515520">
    <ele>1714.3</ele>
   </trkpt>
   <trkpt lat="-7.9124770" lon="113.6515030">
    <ele>1714.4</ele>
   </trkpt>
   <trkpt lat="-7.9124780" lon="113.6514750">
    <ele>1714.5</ele>
   </trkpt>
   <trkpt lat="-7.9124970" lon="113.6514330">
    <ele>1715.2</ele>
   </trkpt>
   <trkpt lat="-7.9125020" lon="113.6513920">
    <ele>1716.1</ele>
   </trkpt>
   <trkpt lat="-7.9125030" lon="113.6513600">
    <ele>1716.4</ele>
   </trkpt>
   <trkpt lat="-7.9125050" lon="113.6513300">
    <ele>1716.5</ele>
   </trkpt>
   <trkpt lat="-7.9125080" lon="113.6512920">
    <ele>1717.0</ele>
   </trkpt>
   <trkpt lat="-7.9125030" lon="113.6512580">
    <ele>1717.7</ele>
   </trkpt>
   <trkpt lat="-7.9124880" lon="113.6512170">
    <ele>1718.8</ele>
   </trkpt>
   <trkpt lat="-7.9124850" lon="113.6511870">
    <ele>1719.7</ele>
   </trkpt>
   <trkpt lat="-7.9125020" lon="113.6511630">
    <ele>1720.4</ele>
   </trkpt>
   <trkpt lat="-7.9125070" lon="113.6511300">
    <ele>1721.0</ele>
   </trkpt>
   <trkpt lat="-7.9124920" lon="113.6510970">
    <ele>1721.7</ele>
   </trkpt>
   <trkpt lat="-7.9124880" lon="113.6510650">
    <ele>1722.2</ele>
   </trkpt>
   <trkpt lat="-7.9124900" lon="113.6510330">
    <ele>1723.1</ele>
   </trkpt>
   <trkpt lat="-7.9124870" lon="113.6509930">
    <ele>1724.3</ele>
   </trkpt>
   <trkpt lat="-7.9125000" lon="113.6509670">
    <ele>1724.4</ele>
   </trkpt>
   <trkpt lat="-7.9125130" lon="113.6509370">
    <ele>1724.4</ele>
   </trkpt>
   <trkpt lat="-7.9125300" lon="113.6509050">
    <ele>1724.4</ele>
   </trkpt>
   <trkpt lat="-7.9125470" lon="113.6508750">
    <ele>1724.4</ele>
   </trkpt>
   <trkpt lat="-7.9125620" lon="113.6508430">
    <ele>1724.6</ele>
   </trkpt>
   <trkpt lat="-7.9125800" lon="113.6508150">
    <ele>1724.7</ele>
   </trkpt>
   <trkpt lat="-7.9126080" lon="113.6507970">
    <ele>1724.7</ele>
   </trkpt>
   <trkpt lat="-7.9126300" lon="113.6507620">
    <ele>1724.5</ele>
   </trkpt>
   <trkpt lat="-7.9126380" lon="113.6507250">
    <ele>1724.9</ele>
   </trkpt>
   <trkpt lat="-7.9126470" lon="113.6506880">
    <ele>1725.3</ele>
   </trkpt>
   <trkpt lat="-7.9126550" lon="113.6506430">
    <ele>1725.7</ele>
   </trkpt>
   <trkpt lat="-7.9126580" lon="113.6505950">
    <ele>1726.0</ele>
   </trkpt>
   <trkpt lat="-7.9126620" lon="113.6505530">
    <ele>1726.3</ele>
   </trkpt>
   <trkpt lat="-7.9126750" lon="113.6505080">
    <ele>1727.0</ele>
   </trkpt>
   <trkpt lat="-7.9126880" lon="113.6504750">
    <ele>1727.6</ele>
   </trkpt>
   <trkpt lat="-7.9126980" lon="113.6504350">
    <ele>1728.2</ele>
   </trkpt>
   <trkpt lat="-7.9127020" lon="113.6503980">
    <ele>1728.8</ele>
   </trkpt>
   <trkpt lat="-7.9127020" lon="113.6503570">
    <ele>1729.4</ele>
   </trkpt>
   <trkpt lat="-7.9127020" lon="113.6503150">
    <ele>1730.1</ele>
   </trkpt>
   <trkpt lat="-7.9127080" lon="113.6502780">
    <ele>1730.3</ele>
   </trkpt>
   <trkpt lat="-7.9127130" lon="113.6502420">
    <ele>1730.6</ele>
   </trkpt>
   <trkpt lat="-7.9127150" lon="113.6502030">
    <ele>1730.7</ele>
   </trkpt>
   <trkpt lat="-7.9127200" lon="113.6501700">
    <ele>1730.9</ele>
   </trkpt>
   <trkpt lat="-7.9127330" lon="113.6501330">
    <ele>1731.3</ele>
   </trkpt>
   <trkpt lat="-7.9127430" lon="113.6501070">
    <ele>1731.7</ele>
   </trkpt>
   <trkpt lat="-7.9127580" lon="113.6500650">
    <ele>1732.4</ele>
   </trkpt>
   <trkpt lat="-7.9127720" lon="113.6500230">
    <ele>1732.8</ele>
   </trkpt>
   <trkpt lat="-7.9127850" lon="113.6499850">
    <ele>1733.3</ele>
   </trkpt>
   <trkpt lat="-7.9127970" lon="113.6499500">
    <ele>1733.6</ele>
   </trkpt>
   <trkpt lat="-7.9128100" lon="113.6499070">
    <ele>1733.9</ele>
   </trkpt>
   <trkpt lat="-7.9128220" lon="113.6498750">
    <ele>1734.4</ele>
   </trkpt>
   <trkpt lat="-7.9128350" lon="113.6498420">
    <ele>1735.0</ele>
   </trkpt>
   <trkpt lat="-7.9128480" lon="113.6498030">
    <ele>1735.6</ele>
   </trkpt>
   <trkpt lat="-7.9128570" lon="113.6497750">
    <ele>1736.0</ele>
   </trkpt>
   <trkpt lat="-7.9128680" lon="113.6497500">
    <ele>1737.0</ele>
   </trkpt>
   <trkpt lat="-7.9128730" lon="113.6497180">
    <ele>1738.3</ele>
   </trkpt>
   <trkpt lat="-7.9128830" lon="113.6496850">
    <ele>1739.5</ele>
   </trkpt>
   <trkpt lat="-7.9128850" lon="113.6496530">
    <ele>1740.5</ele>
   </trkpt>
   <trkpt lat="-7.9128820" lon="113.6496220">
    <ele>1741.5</ele>
   </trkpt>
   <trkpt lat="-7.9128750" lon="113.6495930">
    <ele>1742.4</ele>
   </trkpt>
   <trkpt lat="-7.9128670" lon="113.6495570">
    <ele>1743.4</ele>
   </trkpt>
   <trkpt lat="-7.9128620" lon="113.6495170">
    <ele>1743.9</ele>
   </trkpt>
   <trkpt lat="-7.9128680" lon="113.6494770">
    <ele>1744.4</ele>
   </trkpt>
   <trkpt lat="-7.9128700" lon="113.6494380">
    <ele>1745.0</ele>
   </trkpt>
   <trkpt lat="-7.9128700" lon="113.6494030">
    <ele>1745.5</ele>
   </trkpt>
   <trkpt lat="-7.9128750" lon="113.6493720">
    <ele>1745.7</ele>
   </trkpt>
   <trkpt lat="-7.9128730" lon="113.6493430">
    <ele>1745.8</ele>
   </trkpt>
   <trkpt lat="-7.9128750" lon="113.6493050">
    <ele>1745.9</ele>
   </trkpt>
   <trkpt lat="-7.9128830" lon="113.6492750">
    <ele>1745.7</ele>
   </trkpt>
   <trkpt lat="-7.9128950" lon="113.6492420">
    <ele>1745.6</ele>
   </trkpt>
   <trkpt lat="-7.9129050" lon="113.6492150">
    <ele>1745.6</ele>
   </trkpt>
   <trkpt lat="-7.9129200" lon="113.6491700">
    <ele>1745.7</ele>
   </trkpt>
   <trkpt lat="-7.9129270" lon="113.6491370">
    <ele>1745.8</ele>
   </trkpt>
   <trkpt lat="-7.9129380" lon="113.6491070">
    <ele>1745.9</ele>
   </trkpt>
   <trkpt lat="-7.9129570" lon="113.6490750">
    <ele>1745.8</ele>
   </trkpt>
   <trkpt lat="-7.9129720" lon="113.6490450">
    <ele>1745.5</ele>
   </trkpt>
   <trkpt lat="-7.9129870" lon="113.6490200">
    <ele>1745.2</ele>
   </trkpt>
   <trkpt lat="-7.9130050" lon="113.6489950">
    <ele>1744.8</ele>
   </trkpt>
   <trkpt lat="-7.9130280" lon="113.6489580">
    <ele>1744.4</ele>
   </trkpt>
   <trkpt lat="-7.9130470" lon="113.6489250">
    <ele>1744.3</ele>
   </trkpt>
   <trkpt lat="-7.9130670" lon="113.6488970">
    <ele>1744.4</ele>
   </trkpt>
   <trkpt lat="-7.9130850" lon="113.6488650">
    <ele>1744.3</ele>
   </trkpt>
   <trkpt lat="-7.9131030" lon="113.6488380">
    <ele>1744.1</ele>
   </trkpt>
   <trkpt lat="-7.9131130" lon="113.6488120">
    <ele>1744.0</ele>
   </trkpt>
   <trkpt lat="-7.9131280" lon="113.6487850">
    <ele>1744.2</ele>
   </trkpt>
   <trkpt lat="-7.9131480" lon="113.6487650">
    <ele>1744.4</ele>
   </trkpt>
   <trkpt lat="-7.9131750" lon="113.6487450">
    <ele>1745.0</ele>
   </trkpt>
   <trkpt lat="-7.9132000" lon="113.6487220">
    <ele>1745.6</ele>
   </trkpt>
   <trkpt lat="-7.9132200" lon="113.6486950">
    <ele>1746.1</ele>
   </trkpt>
   <trkpt lat="-7.9132400" lon="113.6486750">
    <ele>1746.4</ele>
   </trkpt>
   <trkpt lat="-7.9132530" lon="113.6486450">
    <ele>1747.1</ele>
   </trkpt>
   <trkpt lat="-7.9132680" lon="113.6486130">
    <ele>1747.8</ele>
   </trkpt>
   <trkpt lat="-7.9132880" lon="113.6485850">
    <ele>1748.1</ele>
   </trkpt>
   <trkpt lat="-7.9133120" lon="113.6485620">
    <ele>1748.4</ele>
   </trkpt>
   <trkpt lat="-7.9133350" lon="113.6485450">
    <ele>1748.6</ele>
   </trkpt>
   <trkpt lat="-7.9133670" lon="113.6485280">
    <ele>1748.9</ele>
   </trkpt>
   <trkpt lat="-7.9133830" lon="113.6485030">
    <ele>1749.0</ele>
   </trkpt>
   <trkpt lat="-7.9134030" lon="113.6484780">
    <ele>1749.2</ele>
   </trkpt>
   <trkpt lat="-7.9134200" lon="113.6484570">
    <ele>1749.3</ele>
   </trkpt>
   <trkpt lat="-7.9134350" lon="113.6484250">
    <ele>1749.6</ele>
   </trkpt>
   <trkpt lat="-7.9134530" lon="113.6483970">
    <ele>1749.9</ele>
   </trkpt>
   <trkpt lat="-7.9134720" lon="113.6483770">
    <ele>1750.2</ele>
   </trkpt>
   <trkpt lat="-7.9134950" lon="113.6483580">
    <ele>1750.4</ele>
   </trkpt>
   <trkpt lat="-7.9135120" lon="113.6483330">
    <ele>1750.8</ele>
   </trkpt>
   <trkpt lat="-7.9135280" lon="113.6482970">
    <ele>1751.3</ele>
   </trkpt>
   <trkpt lat="-7.9135500" lon="113.6482700">
    <ele>1751.9</ele>
   </trkpt>
   <trkpt lat="-7.9135680" lon="113.6482430">
    <ele>1752.3</ele>
   </trkpt>
   <trkpt lat="-7.9135920" lon="113.6482200">
    <ele>1752.3</ele>
   </trkpt>
   <trkpt lat="-7.9136180" lon="113.6481980">
    <ele>1752.4</ele>
   </trkpt>
   <trkpt lat="-7.9136330" lon="113.6481750">
    <ele>1752.7</ele>
   </trkpt>
   <trkpt lat="-7.9136480" lon="113.6481370">
    <ele>1753.2</ele>
   </trkpt>
   <trkpt lat="-7.9136680" lon="113.6481100">
    <ele>1753.7</ele>
   </trkpt>
   <trkpt lat="-7.9136930" lon="113.6480800">
    <ele>1754.4</ele>
   </trkpt>
   <trkpt lat="-7.9137300" lon="113.6480570">
    <ele>1754.5</ele>
   </trkpt>
   <trkpt lat="-7.9137580" lon="113.6480370">
    <ele>1754.4</ele>
   </trkpt>
   <trkpt lat="-7.9137870" lon="113.6480180">
    <ele>1755.1</ele>
   </trkpt>
   <trkpt lat="-7.9138170" lon="113.6480050">
    <ele>1756.1</ele>
   </trkpt>
   <trkpt lat="-7.9138470" lon="113.6479970">
    <ele>1757.0</ele>
   </trkpt>
   <trkpt lat="-7.9138870" lon="113.6479880">
    <ele>1758.0</ele>
   </trkpt>
   <trkpt lat="-7.9139270" lon="113.6479850">
    <ele>1759.2</ele>
   </trkpt>
   <trkpt lat="-7.9139630" lon="113.6479870">
    <ele>1760.7</ele>
   </trkpt>
   <trkpt lat="-7.9139900" lon="113.6479920">
    <ele>1761.8</ele>
   </trkpt>
   <trkpt lat="-7.9140230" lon="113.6480100">
    <ele>1762.5</ele>
   </trkpt>
   <trkpt lat="-7.9140550" lon="113.6480180">
    <ele>1763.0</ele>
   </trkpt>
   <trkpt lat="-7.9140920" lon="113.6480300">
    <ele>1763.8</ele>
   </trkpt>
   <trkpt lat="-7.9141220" lon="113.6480480">
    <ele>1764.7</ele>
   </trkpt>
   <trkpt lat="-7.9141520" lon="113.6480670">
    <ele>1765.5</ele>
   </trkpt>
   <trkpt lat="-7.9141820" lon="113.6480700">
    <ele>1766.2</ele>
   </trkpt>
   <trkpt lat="-7.9142200" lon="113.6480630">
    <ele>1766.6</ele>
   </trkpt>
   <trkpt lat="-7.9142570" lon="113.6480620">
    <ele>1766.6</ele>
   </trkpt>
   <trkpt lat="-7.9142920" lon="113.6480530">
    <ele>1766.4</ele>
   </trkpt>
   <trkpt lat="-7.9143180" lon="113.6480580">
    <ele>1766.3</ele>
   </trkpt>
   <trkpt lat="-7.9143600" lon="113.6480670">
    <ele>1766.7</ele>
   </trkpt>
   <trkpt lat="-7.9143950" lon="113.6480830">
    <ele>1767.0</ele>
   </trkpt>
   <trkpt lat="-7.9144220" lon="113.6480950">
    <ele>1767.3</ele>
   </trkpt>
   <trkpt lat="-7.9144670" lon="113.6481050">
    <ele>1767.7</ele>
   </trkpt>
   <trkpt lat="-7.9144900" lon="113.6481200">
    <ele>1768.3</ele>
   </trkpt>
   <trkpt lat="-7.9145180" lon="113.6481350">
    <ele>1769.0</ele>
   </trkpt>
   <trkpt lat="-7.9145470" lon="113.6481400">
    <ele>1769.8</ele>
   </trkpt>
   <trkpt lat="-7.9145730" lon="113.6481320">
    <ele>1770.6</ele>
   </trkpt>
   <trkpt lat="-7.9146030" lon="113.6481270">
    <ele>1771.5</ele>
   </trkpt>
   <trkpt lat="-7.9146370" lon="113.6481420">
    <ele>1772.4</ele>
   </trkpt>
   <trkpt lat="-7.9146700" lon="113.6481480">
    <ele>1773.2</ele>
   </trkpt>
   <trkpt lat="-7.9147070" lon="113.6481330">
    <ele>1774.4</ele>
   </trkpt>
   <trkpt lat="-7.9147380" lon="113.6481420">
    <ele>1775.4</ele>
   </trkpt>
   <trkpt lat="-7.9147650" lon="113.6481500">
    <ele>1776.4</ele>
   </trkpt>
   <trkpt lat="-7.9147880" lon="113.6481670">
    <ele>1777.4</ele>
   </trkpt>
   <trkpt lat="-7.9148170" lon="113.6481820">
    <ele>1778.1</ele>
   </trkpt>
   <trkpt lat="-7.9148520" lon="113.6481980">
    <ele>1778.8</ele>
   </trkpt>
   <trkpt lat="-7.9148850" lon="113.6482100">
    <ele>1779.9</ele>
   </trkpt>
   <trkpt lat="-7.9149130" lon="113.6482080">
    <ele>1780.8</ele>
   </trkpt>
   <trkpt lat="-7.9149330" lon="113.6481900">
    <ele>1781.8</ele>
   </trkpt>
   <trkpt lat="-7.9149600" lon="113.6481650">
    <ele>1783.1</ele>
   </trkpt>
   <trkpt lat="-7.9149770" lon="113.6481400">
    <ele>1783.0</ele>
   </trkpt>
   <trkpt lat="-7.9149980" lon="113.6481150">
    <ele>1782.8</ele>
   </trkpt>
   <trkpt lat="-7.9150230" lon="113.6480970">
    <ele>1782.7</ele>
   </trkpt>
   <trkpt lat="-7.9150500" lon="113.6480750">
    <ele>1782.8</ele>
   </trkpt>
   <trkpt lat="-7.9150730" lon="113.6480570">
    <ele>1782.9</ele>
   </trkpt>
   <trkpt lat="-7.9150900" lon="113.6480350">
    <ele>1783.0</ele>
   </trkpt>
   <trkpt lat="-7.9151170" lon="113.6480130">
    <ele>1783.1</ele>
   </trkpt>
   <trkpt lat="-7.9151350" lon="113.6479820">
    <ele>1783.1</ele>
   </trkpt>
   <trkpt lat="-7.9151530" lon="113.6479480">
    <ele>1783.8</ele>
   </trkpt>
   <trkpt lat="-7.9151780" lon="113.6479150">
    <ele>1784.4</ele>
   </trkpt>
   <trkpt lat="-7.9152020" lon="113.6478920">
    <ele>1784.6</ele>
   </trkpt>
   <trkpt lat="-7.9152180" lon="113.6478670">
    <ele>1784.5</ele>
   </trkpt>
   <trkpt lat="-7.9152400" lon="113.6478430">
    <ele>1784.5</ele>
   </trkpt>
   <trkpt lat="-7.9152630" lon="113.6478130">
    <ele>1784.6</ele>
   </trkpt>
   <trkpt lat="-7.9152820" lon="113.6477830">
    <ele>1784.7</ele>
   </trkpt>
   <trkpt lat="-7.9152970" lon="113.6477550">
    <ele>1784.8</ele>
   </trkpt>
   <trkpt lat="-7.9153220" lon="113.6477300">
    <ele>1784.6</ele>
   </trkpt>
   <trkpt lat="-7.9153480" lon="113.6476980">
    <ele>1784.4</ele>
   </trkpt>
   <trkpt lat="-7.9153670" lon="113.6476720">
    <ele>1784.3</ele>
   </trkpt>
   <trkpt lat="-7.9153820" lon="113.6476480">
    <ele>1784.2</ele>
   </trkpt>
   <trkpt lat="-7.9154080" lon="113.6476250">
    <ele>1784.2</ele>
   </trkpt>
   <trkpt lat="-7.9154280" lon="113.6476030">
    <ele>1784.6</ele>
   </trkpt>
   <trkpt lat="-7.9154430" lon="113.6475800">
    <ele>1785.1</ele>
   </trkpt>
   <trkpt lat="-7.9154530" lon="113.6475430">
    <ele>1785.9</ele>
   </trkpt>
   <trkpt lat="-7.9154630" lon="113.6475150">
    <ele>1786.7</ele>
   </trkpt>
   <trkpt lat="-7.9154780" lon="113.6474900">
    <ele>1787.7</ele>
   </trkpt>
   <trkpt lat="-7.9155270" lon="113.6474500">
    <ele>1790.2</ele>
   </trkpt>
   <trkpt lat="-7.9155500" lon="113.6474230">
    <ele>1791.7</ele>
   </trkpt>
   <trkpt lat="-7.9155650" lon="113.6473920">
    <ele>1792.9</ele>
   </trkpt>
   <trkpt lat="-7.9155850" lon="113.6473570">
    <ele>1792.8</ele>
   </trkpt>
   <trkpt lat="-7.9156000" lon="113.6473330">
    <ele>1792.7</ele>
   </trkpt>
   <trkpt lat="-7.9156230" lon="113.6473070">
    <ele>1795.0</ele>
   </trkpt>
   <trkpt lat="-7.9156420" lon="113.6472780">
    <ele>1796.5</ele>
   </trkpt>
   <trkpt lat="-7.9156600" lon="113.6472530">
    <ele>1797.6</ele>
   </trkpt>
   <trkpt lat="-7.9156830" lon="113.6472250">
    <ele>1798.6</ele>
   </trkpt>
   <trkpt lat="-7.9157020" lon="113.6472030">
    <ele>1799.5</ele>
   </trkpt>
   <trkpt lat="-7.9157200" lon="113.6471730">
    <ele>1800.3</ele>
   </trkpt>
   <trkpt lat="-7.9157320" lon="113.6471430">
    <ele>1800.9</ele>
   </trkpt>
   <trkpt lat="-7.9157400" lon="113.6471170">
    <ele>1800.9</ele>
   </trkpt>
   <trkpt lat="-7.9157620" lon="113.6470830">
    <ele>1800.7</ele>
   </trkpt>
   <trkpt lat="-7.9157770" lon="113.6470550">
    <ele>1800.9</ele>
   </trkpt>
   <trkpt lat="-7.9157950" lon="113.6470130">
    <ele>1801.2</ele>
   </trkpt>
   <trkpt lat="-7.9158130" lon="113.6469730">
    <ele>1800.0</ele>
   </trkpt>
   <trkpt lat="-7.9158400" lon="113.6469470">
    <ele>1799.2</ele>
   </trkpt>
   <trkpt lat="-7.9158630" lon="113.6469200">
    <ele>1799.6</ele>
   </trkpt>
   <trkpt lat="-7.9158730" lon="113.6468820">
    <ele>1799.2</ele>
   </trkpt>
   <trkpt lat="-7.9158800" lon="113.6468530">
    <ele>1798.3</ele>
   </trkpt>
   <trkpt lat="-7.9159000" lon="113.6468300">
    <ele>1798.3</ele>
   </trkpt>
   <trkpt lat="-7.9159220" lon="113.6468080">
    <ele>1798.7</ele>
   </trkpt>
   <trkpt lat="-7.9159480" lon="113.6467850">
    <ele>1800.4</ele>
   </trkpt>
   <trkpt lat="-7.9159520" lon="113.6467520">
    <ele>1801.5</ele>
   </trkpt>
   <trkpt lat="-7.9159550" lon="113.6467130">
    <ele>1801.6</ele>
   </trkpt>
   <trkpt lat="-7.9159630" lon="113.6466820">
    <ele>1799.7</ele>
   </trkpt>
   <trkpt lat="-7.9159770" lon="113.6466500">
    <ele>1799.8</ele>
   </trkpt>
   <trkpt lat="-7.9159900" lon="113.6466180">
    <ele>1800.7</ele>
   </trkpt>
   <trkpt lat="-7.9160130" lon="113.6466030">
    <ele>1802.5</ele>
   </trkpt>
   <trkpt lat="-7.9160520" lon="113.6465920">
    <ele>1805.9</ele>
   </trkpt>
   <trkpt lat="-7.9160800" lon="113.6465770">
    <ele>1806.3</ele>
   </trkpt>
   <trkpt lat="-7.9161070" lon="113.6465550">
    <ele>1806.0</ele>
   </trkpt>
   <trkpt lat="-7.9161130" lon="113.6465280">
    <ele>1805.8</ele>
   </trkpt>
   <trkpt lat="-7.9161500" lon="113.6465100">
    <ele>1807.5</ele>
   </trkpt>
   <trkpt lat="-7.9161700" lon="113.6464880">
    <ele>1809.3</ele>
   </trkpt>
   <trkpt lat="-7.9161830" lon="113.6464630">
    <ele>1810.8</ele>
   </trkpt>
   <trkpt lat="-7.9161980" lon="113.6464380">
    <ele>1812.4</ele>
   </trkpt>
   <trkpt lat="-7.9162270" lon="113.6464300">
    <ele>1813.9</ele>
   </trkpt>
   <trkpt lat="-7.9162320" lon="113.6463930">
    <ele>1814.0</ele>
   </trkpt>
   <trkpt lat="-7.9162580" lon="113.6463870">
    <ele>1814.9</ele>
   </trkpt>
   <trkpt lat="-7.9162900" lon="113.6463880">
    <ele>1816.5</ele>
   </trkpt>
   <trkpt lat="-7.9163050" lon="113.6463600">
    <ele>1818.3</ele>
   </trkpt>
   <trkpt lat="-7.9163150" lon="113.6463330">
    <ele>1819.8</ele>
   </trkpt>
   <trkpt lat="-7.9163320" lon="113.6463070">
    <ele>1821.4</ele>
   </trkpt>
   <trkpt lat="-7.9163530" lon="113.6462750">
    <ele>1823.3</ele>
   </trkpt>
   <trkpt lat="-7.9163820" lon="113.6462880">
    <ele>1824.8</ele>
   </trkpt>
   <trkpt lat="-7.9164030" lon="113.6463200">
    <ele>1826.6</ele>
   </trkpt>
   <trkpt lat="-7.9164320" lon="113.6463180">
    <ele>1826.3</ele>
   </trkpt>
   <trkpt lat="-7.9164550" lon="113.6463430">
    <ele>1826.9</ele>
   </trkpt>
   <trkpt lat="-7.9164700" lon="113.6463670">
    <ele>1828.3</ele>
   </trkpt>
   <trkpt lat="-7.9164680" lon="113.6464100">
    <ele>1829.5</ele>
   </trkpt>
   <trkpt lat="-7.9164980" lon="113.6464130">
    <ele>1830.3</ele>
   </trkpt>
   <trkpt lat="-7.9165370" lon="113.6464180">
    <ele>1831.4</ele>
   </trkpt>
   <trkpt lat="-7.9165650" lon="113.6464120">
    <ele>1832.0</ele>
   </trkpt>
   <trkpt lat="-7.9165950" lon="113.6464050">
    <ele>1832.5</ele>
   </trkpt>
   <trkpt lat="-7.9166230" lon="113.6464080">
    <ele>1832.9</ele>
   </trkpt>
   <trkpt lat="-7.9166630" lon="113.6464070">
    <ele>1833.4</ele>
   </trkpt>
   <trkpt lat="-7.9166930" lon="113.6464120">
    <ele>1833.9</ele>
   </trkpt>
   <trkpt lat="-7.9167250" lon="113.6464080">
    <ele>1834.6</ele>
   </trkpt>
   <trkpt lat="-7.9167500" lon="113.6464250">
    <ele>1835.2</ele>
   </trkpt>
   <trkpt lat="-7.9167820" lon="113.6464380">
    <ele>1836.3</ele>
   </trkpt>
   <trkpt lat="-7.9168330" lon="113.6464530">
    <ele>1838.9</ele>
   </trkpt>
   <trkpt lat="-7.9168500" lon="113.6464920">
    <ele>1841.4</ele>
   </trkpt>
   <trkpt lat="-7.9168770" lon="113.6465230">
    <ele>1842.7</ele>
   </trkpt>
   <trkpt lat="-7.9169080" lon="113.6465480">
    <ele>1844.2</ele>
   </trkpt>
   <trkpt lat="-7.9169230" lon="113.6465730">
    <ele>1845.4</ele>
   </trkpt>
   <trkpt lat="-7.9169350" lon="113.6466000">
    <ele>1847.4</ele>
   </trkpt>
   <trkpt lat="-7.9169620" lon="113.6466230">
    <ele>1849.6</ele>
   </trkpt>
   <trkpt lat="-7.9169850" lon="113.6466450">
    <ele>1850.6</ele>
   </trkpt>
   <trkpt lat="-7.9170280" lon="113.6466520">
    <ele>1851.9</ele>
   </trkpt>
   <trkpt lat="-7.9170620" lon="113.6466370">
    <ele>1852.9</ele>
   </trkpt>
   <trkpt lat="-7.9171030" lon="113.6466230">
    <ele>1854.0</ele>
   </trkpt>
   <trkpt lat="-7.9171250" lon="113.6466520">
    <ele>1855.2</ele>
   </trkpt>
   <trkpt lat="-7.9171480" lon="113.6466750">
    <ele>1856.4</ele>
   </trkpt>
   <trkpt lat="-7.9171730" lon="113.6466900">
    <ele>1857.6</ele>
   </trkpt>
   <trkpt lat="-7.9172030" lon="113.6467100">
    <ele>1858.3</ele>
   </trkpt>
   <trkpt lat="-7.9172100" lon="113.6467550">
    <ele>1859.2</ele>
   </trkpt>
   <trkpt lat="-7.9172320" lon="113.6467800">
    <ele>1859.7</ele>
   </trkpt>
   <trkpt lat="-7.9172080" lon="113.6467650">
    <ele>1860.1</ele>
   </trkpt>
   <trkpt lat="-7.9172320" lon="113.6467900">
    <ele>1860.7</ele>
   </trkpt>
   <trkpt lat="-7.9172650" lon="113.6467970">
    <ele>1861.5</ele>
   </trkpt>
   <trkpt lat="-7.9172930" lon="113.6467930">
    <ele>1862.2</ele>
   </trkpt>
   <trkpt lat="-7.9173220" lon="113.6467970">
    <ele>1862.9</ele>
   </trkpt>
   <trkpt lat="-7.9173530" lon="113.6467820">
    <ele>1863.7</ele>
   </trkpt>
   <trkpt lat="-7.9173450" lon="113.6467350">
    <ele>1864.9</ele>
   </trkpt>
   <trkpt lat="-7.9173280" lon="113.6466820">
    <ele>1867.3</ele>
   </trkpt>
   <trkpt lat="-7.9173170" lon="113.6466520">
    <ele>1868.4</ele>
   </trkpt>
   <trkpt lat="-7.9173350" lon="113.6466280">
    <ele>1869.3</ele>
   </trkpt>
   <trkpt lat="-7.9173880" lon="113.6466280">
    <ele>1870.6</ele>
   </trkpt>
   <trkpt lat="-7.9174420" lon="113.6466200">
    <ele>1872.0</ele>
   </trkpt>
   <trkpt lat="-7.9174730" lon="113.6466120">
    <ele>1872.8</ele>
   </trkpt>
   <trkpt lat="-7.9175020" lon="113.6466080">
    <ele>1873.4</ele>
   </trkpt>
   <trkpt lat="-7.9175330" lon="113.6465880">
    <ele>1874.1</ele>
   </trkpt>
   <trkpt lat="-7.9175430" lon="113.6465550">
    <ele>1874.9</ele>
   </trkpt>
   <trkpt lat="-7.9175500" lon="113.6465270">
    <ele>1875.6</ele>
   </trkpt>
   <trkpt lat="-7.9175630" lon="113.6464950">
    <ele>1876.4</ele>
   </trkpt>
   <trkpt lat="-7.9175730" lon="113.6464670">
    <ele>1877.3</ele>
   </trkpt>
   <trkpt lat="-7.9175800" lon="113.6464370">
    <ele>1878.2</ele>
   </trkpt>
   <trkpt lat="-7.9175980" lon="113.6464020">
    <ele>1879.4</ele>
   </trkpt>
   <trkpt lat="-7.9176070" lon="113.6463680">
    <ele>1880.2</ele>
   </trkpt>
   <trkpt lat="-7.9176250" lon="113.6463370">
    <ele>1881.1</ele>
   </trkpt>
   <trkpt lat="-7.9176420" lon="113.6463030">
    <ele>1882.0</ele>
   </trkpt>
   <trkpt lat="-7.9176550" lon="113.6462700">
    <ele>1882.8</ele>
   </trkpt>
   <trkpt lat="-7.9176630" lon="113.6462430">
    <ele>1883.4</ele>
   </trkpt>
   <trkpt lat="-7.9176880" lon="113.6462250">
    <ele>1884.0</ele>
   </trkpt>
   <trkpt lat="-7.9177150" lon="113.6462020">
    <ele>1884.6</ele>
   </trkpt>
   <trkpt lat="-7.9177380" lon="113.6461750">
    <ele>1884.8</ele>
   </trkpt>
   <trkpt lat="-7.9177580" lon="113.6461500">
    <ele>1884.9</ele>
   </trkpt>
   <trkpt lat="-7.9177930" lon="113.6461300">
    <ele>1885.1</ele>
   </trkpt>
   <trkpt lat="-7.9178380" lon="113.6460830">
    <ele>1886.0</ele>
   </trkpt>
   <trkpt lat="-7.9178680" lon="113.6460600">
    <ele>1886.9</ele>
   </trkpt>
   <trkpt lat="-7.9178950" lon="113.6460430">
    <ele>1887.7</ele>
   </trkpt>
   <trkpt lat="-7.9179180" lon="113.6460270">
    <ele>1888.4</ele>
   </trkpt>
   <trkpt lat="-7.9179400" lon="113.6460100">
    <ele>1889.0</ele>
   </trkpt>
   <trkpt lat="-7.9179630" lon="113.6459850">
    <ele>1889.8</ele>
   </trkpt>
   <trkpt lat="-7.9179920" lon="113.6459600">
    <ele>1890.5</ele>
   </trkpt>
   <trkpt lat="-7.9180170" lon="113.6459320">
    <ele>1891.0</ele>
   </trkpt>
   <trkpt lat="-7.9180470" lon="113.6459030">
    <ele>1891.4</ele>
   </trkpt>
   <trkpt lat="-7.9180700" lon="113.6458770">
    <ele>1891.8</ele>
   </trkpt>
   <trkpt lat="-7.9180950" lon="113.6458500">
    <ele>1892.6</ele>
   </trkpt>
   <trkpt lat="-7.9181280" lon="113.6458330">
    <ele>1893.3</ele>
   </trkpt>
   <trkpt lat="-7.9181600" lon="113.6458120">
    <ele>1893.8</ele>
   </trkpt>
   <trkpt lat="-7.9181780" lon="113.6457900">
    <ele>1894.2</ele>
   </trkpt>
   <trkpt lat="-7.9181980" lon="113.6457620">
    <ele>1894.7</ele>
   </trkpt>
   <trkpt lat="-7.9182270" lon="113.6457380">
    <ele>1895.5</ele>
   </trkpt>
   <trkpt lat="-7.9182470" lon="113.6457200">
    <ele>1896.2</ele>
   </trkpt>
   <trkpt lat="-7.9182700" lon="113.6456980">
    <ele>1897.1</ele>
   </trkpt>
   <trkpt lat="-7.9182950" lon="113.6456780">
    <ele>1898.3</ele>
   </trkpt>
   <trkpt lat="-7.9183180" lon="113.6456520">
    <ele>1899.3</ele>
   </trkpt>
   <trkpt lat="-7.9183470" lon="113.6456350">
    <ele>1899.7</ele>
   </trkpt>
   <trkpt lat="-7.9183730" lon="113.6456150">
    <ele>1900.5</ele>
   </trkpt>
   <trkpt lat="-7.9184050" lon="113.6455950">
    <ele>1901.7</ele>
   </trkpt>
   <trkpt lat="-7.9184250" lon="113.6455680">
    <ele>1902.5</ele>
   </trkpt>
   <trkpt lat="-7.9184280" lon="113.6455370">
    <ele>1903.1</ele>
   </trkpt>
   <trkpt lat="-7.9184330" lon="113.6454980">
    <ele>1903.9</ele>
   </trkpt>
   <trkpt lat="-7.9184580" lon="113.6454730">
    <ele>1904.7</ele>
   </trkpt>
   <trkpt lat="-7.9184880" lon="113.6454800">
    <ele>1905.7</ele>
   </trkpt>
   <trkpt lat="-7.9185080" lon="113.6454600">
    <ele>1906.5</ele>
   </trkpt>
   <trkpt lat="-7.9185350" lon="113.6454320">
    <ele>1907.0</ele>
   </trkpt>
   <trkpt lat="-7.9185520" lon="113.6454070">
    <ele>1907.4</ele>
   </trkpt>
   <trkpt lat="-7.9185770" lon="113.6453900">
    <ele>1907.9</ele>
   </trkpt>
   <trkpt lat="-7.9186080" lon="113.6454050">
    <ele>1908.4</ele>
   </trkpt>
   <trkpt lat="-7.9186450" lon="113.6454080">
    <ele>1908.9</ele>
   </trkpt>
   <trkpt lat="-7.9186770" lon="113.6453980">
    <ele>1909.2</ele>
   </trkpt>
   <trkpt lat="-7.9187030" lon="113.6453870">
    <ele>1909.5</ele>
   </trkpt>
   <trkpt lat="-7.9187230" lon="113.6453630">
    <ele>1909.8</ele>
   </trkpt>
   <trkpt lat="-7.9187370" lon="113.6453270">
    <ele>1910.1</ele>
   </trkpt>
   <trkpt lat="-7.9187400" lon="113.6452900">
    <ele>1910.1</ele>
   </trkpt>
   <trkpt lat="-7.9187720" lon="113.6452720">
    <ele>1910.1</ele>
   </trkpt>
   <trkpt lat="-7.9187980" lon="113.6452550">
    <ele>1909.8</ele>
   </trkpt>
   <trkpt lat="-7.9188200" lon="113.6452370">
    <ele>1909.6</ele>
   </trkpt>
   <trkpt lat="-7.9188380" lon="113.6452170">
    <ele>1909.6</ele>
   </trkpt>
   <trkpt lat="-7.9188680" lon="113.6451980">
    <ele>1909.9</ele>
   </trkpt>
   <trkpt lat="-7.9188950" lon="113.6451820">
    <ele>1910.1</ele>
   </trkpt>
   <trkpt lat="-7.9189270" lon="113.6451670">
    <ele>1910.8</ele>
   </trkpt>
   <trkpt lat="-7.9189470" lon="113.6451470">
    <ele>1911.4</ele>
   </trkpt>
   <trkpt lat="-7.9189700" lon="113.6451230">
    <ele>1912.0</ele>
   </trkpt>
   <trkpt lat="-7.9189770" lon="113.6450920">
    <ele>1912.6</ele>
   </trkpt>
   <trkpt lat="-7.9189850" lon="113.6450620">
    <ele>1913.1</ele>
   </trkpt>
   <trkpt lat="-7.9190020" lon="113.6450380">
    <ele>1913.6</ele>
   </trkpt>
   <trkpt lat="-7.9190200" lon="113.6450120">
    <ele>1914.1</ele>
   </trkpt>
   <trkpt lat="-7.9190370" lon="113.6449850">
    <ele>1914.7</ele>
   </trkpt>
   <trkpt lat="-7.9190550" lon="113.6449550">
    <ele>1915.2</ele>
   </trkpt>
   <trkpt lat="-7.9190720" lon="113.6449270">
    <ele>1915.7</ele>
   </trkpt>
   <trkpt lat="-7.9190900" lon="113.6448900">
    <ele>1916.3</ele>
   </trkpt>
   <trkpt lat="-7.9191150" lon="113.6448650">
    <ele>1916.7</ele>
   </trkpt>
   <trkpt lat="-7.9191320" lon="113.6448430">
    <ele>1917.0</ele>
   </trkpt>
   <trkpt lat="-7.9191580" lon="113.6448180">
    <ele>1917.2</ele>
   </trkpt>
   <trkpt lat="-7.9191870" lon="113.6448050">
    <ele>1917.5</ele>
   </trkpt>
   <trkpt lat="-7.9192130" lon="113.6447830">
    <ele>1917.7</ele>
   </trkpt>
   <trkpt lat="-7.9192400" lon="113.6447670">
    <ele>1918.2</ele>
   </trkpt>
   <trkpt lat="-7.9192620" lon="113.6447470">
    <ele>1918.6</ele>
   </trkpt>
   <trkpt lat="-7.9192820" lon="113.6447250">
    <ele>1919.0</ele>
   </trkpt>
   <trkpt lat="-7.9193070" lon="113.6446930">
    <ele>1919.5</ele>
   </trkpt>
   <trkpt lat="-7.9193270" lon="113.6446750">
    <ele>1919.9</ele>
   </trkpt>
   <trkpt lat="-7.9193580" lon="113.6446480">
    <ele>1920.4</ele>
   </trkpt>
   <trkpt lat="-7.9193850" lon="113.6446280">
    <ele>1920.8</ele>
   </trkpt>
   <trkpt lat="-7.9194120" lon="113.6446050">
    <ele>1921.2</ele>
   </trkpt>
   <trkpt lat="-7.9194330" lon="113.6445780">
    <ele>1921.6</ele>
   </trkpt>
   <trkpt lat="-7.9194530" lon="113.6445520">
    <ele>1922.0</ele>
   </trkpt>
   <trkpt lat="-7.9194650" lon="113.6445250">
    <ele>1922.4</ele>
   </trkpt>
   <trkpt lat="-7.9194720" lon="113.6444850">
    <ele>1922.9</ele>
   </trkpt>
   <trkpt lat="-7.9194920" lon="113.6444550">
    <ele>1923.2</ele>
   </trkpt>
   <trkpt lat="-7.9195220" lon="113.6444280">
    <ele>1923.5</ele>
   </trkpt>
   <trkpt lat="-7.9195650" lon="113.6443880">
    <ele>1924.4</ele>
   </trkpt>
   <trkpt lat="-7.9195900" lon="113.6443550">
    <ele>1925.2</ele>
   </trkpt>
   <trkpt lat="-7.9196070" lon="113.6443200">
    <ele>1925.8</ele>
   </trkpt>
   <trkpt lat="-7.9196200" lon="113.6442930">
    <ele>1926.1</ele>
   </trkpt>
   <trkpt lat="-7.9196320" lon="113.6442680">
    <ele>1926.4</ele>
   </trkpt>
   <trkpt lat="-7.9196520" lon="113.6442320">
    <ele>1926.8</ele>
   </trkpt>
   <trkpt lat="-7.9196670" lon="113.6441970">
    <ele>1927.1</ele>
   </trkpt>
   <trkpt lat="-7.9196820" lon="113.6441670">
    <ele>1927.0</ele>
   </trkpt>
   <trkpt lat="-7.9197000" lon="113.6441300">
    <ele>1926.7</ele>
   </trkpt>
   <trkpt lat="-7.9197300" lon="113.6440930">
    <ele>1926.4</ele>
   </trkpt>
   <trkpt lat="-7.9197650" lon="113.6440720">
    <ele>1926.2</ele>
   </trkpt>
   <trkpt lat="-7.9197980" lon="113.6440350">
    <ele>1925.4</ele>
   </trkpt>
   <trkpt lat="-7.9198270" lon="113.6439980">
    <ele>1924.7</ele>
   </trkpt>
   <trkpt lat="-7.9198480" lon="113.6439650">
    <ele>1924.4</ele>
   </trkpt>
   <trkpt lat="-7.9198680" lon="113.6439280">
    <ele>1924.0</ele>
   </trkpt>
   <trkpt lat="-7.9198780" lon="113.6438930">
    <ele>1923.7</ele>
   </trkpt>
   <trkpt lat="-7.9198830" lon="113.6438620">
    <ele>1923.5</ele>
   </trkpt>
   <trkpt lat="-7.9198850" lon="113.6438280">
    <ele>1923.4</ele>
   </trkpt>
   <trkpt lat="-7.9198780" lon="113.6437930">
    <ele>1923.4</ele>
   </trkpt>
   <trkpt lat="-7.9198720" lon="113.6437550">
    <ele>1923.4</ele>
   </trkpt>
   <trkpt lat="-7.9198780" lon="113.6437180">
    <ele>1923.4</ele>
   </trkpt>
   <trkpt lat="-7.9198980" lon="113.6436880">
    <ele>1923.4</ele>
   </trkpt>
   <trkpt lat="-7.9199100" lon="113.6436620">
    <ele>1923.4</ele>
   </trkpt>
   <trkpt lat="-7.9199270" lon="113.6436400">
    <ele>1923.6</ele>
   </trkpt>
   <trkpt lat="-7.9199400" lon="113.6436150">
    <ele>1923.8</ele>
   </trkpt>
   <trkpt lat="-7.9199630" lon="113.6435830">
    <ele>1924.0</ele>
   </trkpt>
   <trkpt lat="-7.9199820" lon="113.6435550">
    <ele>1924.1</ele>
   </trkpt>
   <trkpt lat="-7.9199850" lon="113.6435250">
    <ele>1924.4</ele>
   </trkpt>
   <trkpt lat="-7.9200000" lon="113.6434970">
    <ele>1924.8</ele>
   </trkpt>
   <trkpt lat="-7.9200170" lon="113.6434650">
    <ele>1925.0</ele>
   </trkpt>
   <trkpt lat="-7.9200300" lon="113.6434320">
    <ele>1925.3</ele>
   </trkpt>
   <trkpt lat="-7.9200450" lon="113.6434020">
    <ele>1925.5</ele>
   </trkpt>
   <trkpt lat="-7.9200650" lon="113.6433720">
    <ele>1925.7</ele>
   </trkpt>
   <trkpt lat="-7.9200700" lon="113.6433370">
    <ele>1926.0</ele>
   </trkpt>
   <trkpt lat="-7.9200770" lon="113.6432950">
    <ele>1926.4</ele>
   </trkpt>
   <trkpt lat="-7.9200880" lon="113.6432620">
    <ele>1926.7</ele>
   </trkpt>
   <trkpt lat="-7.9201020" lon="113.6432180">
    <ele>1927.3</ele>
   </trkpt>
   <trkpt lat="-7.9201180" lon="113.6431800">
    <ele>1927.9</ele>
   </trkpt>
   <trkpt lat="-7.9201370" lon="113.6431480">
    <ele>1928.5</ele>
   </trkpt>
   <trkpt lat="-7.9201600" lon="113.6431130">
    <ele>1929.1</ele>
   </trkpt>
   <trkpt lat="-7.9201870" lon="113.6430830">
    <ele>1929.6</ele>
   </trkpt>
   <trkpt lat="-7.9202150" lon="113.6430580">
    <ele>1930.0</ele>
   </trkpt>
   <trkpt lat="-7.9202400" lon="113.6430270">
    <ele>1930.5</ele>
   </trkpt>
   <trkpt lat="-7.9202780" lon="113.6429950">
    <ele>1930.9</ele>
   </trkpt>
   <trkpt lat="-7.9203200" lon="113.6429670">
    <ele>1931.2</ele>
   </trkpt>
   <trkpt lat="-7.9203550" lon="113.6429470">
    <ele>1931.3</ele>
   </trkpt>
   <trkpt lat="-7.9203830" lon="113.6429320">
    <ele>1931.2</ele>
   </trkpt>
   <trkpt lat="-7.9204100" lon="113.6429120">
    <ele>1931.1</ele>
   </trkpt>
   <trkpt lat="-7.9204430" lon="113.6428920">
    <ele>1930.8</ele>
   </trkpt>
   <trkpt lat="-7.9204770" lon="113.6428880">
    <ele>1930.5</ele>
   </trkpt>
   <trkpt lat="-7.9205200" lon="113.6428850">
    <ele>1930.0</ele>
   </trkpt>
   <trkpt lat="-7.9205550" lon="113.6428780">
    <ele>1929.6</ele>
   </trkpt>
   <trkpt lat="-7.9206030" lon="113.6428620">
    <ele>1929.1</ele>
   </trkpt>
   <trkpt lat="-7.9206430" lon="113.6428480">
    <ele>1928.7</ele>
   </trkpt>
   <trkpt lat="-7.9206770" lon="113.6428270">
    <ele>1927.8</ele>
   </trkpt>
   <trkpt lat="-7.9207000" lon="113.6428050">
    <ele>1927.2</ele>
   </trkpt>
   <trkpt lat="-7.9207200" lon="113.6427750">
    <ele>1926.8</ele>
   </trkpt>
   <trkpt lat="-7.9207520" lon="113.6427500">
    <ele>1926.4</ele>
   </trkpt>
   <trkpt lat="-7.9207830" lon="113.6427200">
    <ele>1926.0</ele>
   </trkpt>
   <trkpt lat="-7.9208270" lon="113.6426900">
    <ele>1926.0</ele>
   </trkpt>
   <trkpt lat="-7.9208480" lon="113.6426650">
    <ele>1926.1</ele>
   </trkpt>
   <trkpt lat="-7.9208780" lon="113.6426420">
    <ele>1926.3</ele>
   </trkpt>
   <trkpt lat="-7.9209100" lon="113.6426200">
    <ele>1926.7</ele>
   </trkpt>
   <trkpt lat="-7.9209350" lon="113.6425870">
    <ele>1927.5</ele>
   </trkpt>
   <trkpt lat="-7.9209530" lon="113.6425620">
    <ele>1928.0</ele>
   </trkpt>
   <trkpt lat="-7.9209820" lon="113.6425130">
    <ele>1928.8</ele>
   </trkpt>
   <trkpt lat="-7.9210020" lon="113.6424900">
    <ele>1929.1</ele>
   </trkpt>
   <trkpt lat="-7.9210220" lon="113.6424700">
    <ele>1929.5</ele>
   </trkpt>
   <trkpt lat="-7.9210530" lon="113.6424380">
    <ele>1930.2</ele>
   </trkpt>
   <trkpt lat="-7.9210850" lon="113.6424120">
    <ele>1931.1</ele>
   </trkpt>
   <trkpt lat="-7.9211100" lon="113.6423820">
    <ele>1932.0</ele>
   </trkpt>
   <trkpt lat="-7.9211180" lon="113.6423520">
    <ele>1932.7</ele>
   </trkpt>
   <trkpt lat="-7.9211250" lon="113.6423180">
    <ele>1933.5</ele>
   </trkpt>
   <trkpt lat="-7.9211370" lon="113.6422820">
    <ele>1934.3</ele>
   </trkpt>
   <trkpt lat="-7.9211470" lon="113.6422480">
    <ele>1935.1</ele>
   </trkpt>
   <trkpt lat="-7.9211670" lon="113.6421980">
    <ele>1935.9</ele>
   </trkpt>
   <trkpt lat="-7.9211820" lon="113.6421550">
    <ele>1936.2</ele>
   </trkpt>
   <trkpt lat="-7.9212030" lon="113.6421200">
    <ele>1936.4</ele>
   </trkpt>
   <trkpt lat="-7.9212250" lon="113.6420820">
    <ele>1936.5</ele>
   </trkpt>
   <trkpt lat="-7.9212450" lon="113.6420550">
    <ele>1936.5</ele>
   </trkpt>
   <trkpt lat="-7.9212630" lon="113.6420080">
    <ele>1936.3</ele>
   </trkpt>
   <trkpt lat="-7.9212830" lon="113.6419820">
    <ele>1936.6</ele>
   </trkpt>
   <trkpt lat="-7.9213030" lon="113.6419550">
    <ele>1937.1</ele>
   </trkpt>
   <trkpt lat="-7.9213270" lon="113.6419170">
    <ele>1937.7</ele>
   </trkpt>
   <trkpt lat="-7.9213530" lon="113.6418900">
    <ele>1938.0</ele>
   </trkpt>
   <trkpt lat="-7.9213730" lon="113.6418630">
    <ele>1938.6</ele>
   </trkpt>
   <trkpt lat="-7.9214030" lon="113.6418370">
    <ele>1939.5</ele>
   </trkpt>
   <trkpt lat="-7.9214320" lon="113.6418020">
    <ele>1940.2</ele>
   </trkpt>
   <trkpt lat="-7.9214530" lon="113.6417780">
    <ele>1940.6</ele>
   </trkpt>
   <trkpt lat="-7.9214680" lon="113.6417520">
    <ele>1940.9</ele>
   </trkpt>
   <trkpt lat="-7.9214870" lon="113.6417200">
    <ele>1941.0</ele>
   </trkpt>
   <trkpt lat="-7.9215030" lon="113.6416900">
    <ele>1941.2</ele>
   </trkpt>
   <trkpt lat="-7.9215200" lon="113.6416650">
    <ele>1941.5</ele>
   </trkpt>
   <trkpt lat="-7.9215350" lon="113.6416350">
    <ele>1941.8</ele>
   </trkpt>
   <trkpt lat="-7.9215480" lon="113.6416030">
    <ele>1942.0</ele>
   </trkpt>
   <trkpt lat="-7.9215600" lon="113.6415750">
    <ele>1942.0</ele>
   </trkpt>
   <trkpt lat="-7.9215850" lon="113.6415600">
    <ele>1942.1</ele>
   </trkpt>
   <trkpt lat="-7.9216170" lon="113.6415400">
    <ele>1942.1</ele>
   </trkpt>
   <trkpt lat="-7.9216420" lon="113.6415250">
    <ele>1942.1</ele>
   </trkpt>
   <trkpt lat="-7.9216680" lon="113.6414970">
    <ele>1942.2</ele>
   </trkpt>
   <trkpt lat="-7.9216900" lon="113.6414780">
    <ele>1942.9</ele>
   </trkpt>
   <trkpt lat="-7.9217130" lon="113.6414550">
    <ele>1943.5</ele>
   </trkpt>
   <trkpt lat="-7.9217330" lon="113.6414330">
    <ele>1944.2</ele>
   </trkpt>
   <trkpt lat="-7.9217500" lon="113.6414120">
    <ele>1945.0</ele>
   </trkpt>
   <trkpt lat="-7.9217850" lon="113.6413750">
    <ele>1946.3</ele>
   </trkpt>
   <trkpt lat="-7.9218150" lon="113.6413420">
    <ele>1946.9</ele>
   </trkpt>
   <trkpt lat="-7.9218430" lon="113.6413280">
    <ele>1947.6</ele>
   </trkpt>
   <trkpt lat="-7.9218700" lon="113.6413100">
    <ele>1948.6</ele>
   </trkpt>
   <trkpt lat="-7.9218950" lon="113.6412930">
    <ele>1949.6</ele>
   </trkpt>
   <trkpt lat="-7.9219250" lon="113.6412950">
    <ele>1950.5</ele>
   </trkpt>
   <trkpt lat="-7.9219580" lon="113.6412900">
    <ele>1951.6</ele>
   </trkpt>
   <trkpt lat="-7.9219880" lon="113.6412930">
    <ele>1952.4</ele>
   </trkpt>
   <trkpt lat="-7.9220200" lon="113.6412870">
    <ele>1953.0</ele>
   </trkpt>
   <trkpt lat="-7.9220470" lon="113.6412650">
    <ele>1953.8</ele>
   </trkpt>
   <trkpt lat="-7.9220700" lon="113.6412480">
    <ele>1954.6</ele>
   </trkpt>
   <trkpt lat="-7.9221000" lon="113.6412350">
    <ele>1955.6</ele>
   </trkpt>
   <trkpt lat="-7.9221230" lon="113.6412170">
    <ele>1956.5</ele>
   </trkpt>
   <trkpt lat="-7.9221500" lon="113.6411930">
    <ele>1957.6</ele>
   </trkpt>
   <trkpt lat="-7.9221750" lon="113.6411770">
    <ele>1958.3</ele>
   </trkpt>
   <trkpt lat="-7.9222020" lon="113.6411630">
    <ele>1959.0</ele>
   </trkpt>
   <trkpt lat="-7.9222230" lon="113.6411450">
    <ele>1959.6</ele>
   </trkpt>
   <trkpt lat="-7.9222470" lon="113.6411250">
    <ele>1960.3</ele>
   </trkpt>
   <trkpt lat="-7.9222580" lon="113.6410920">
    <ele>1961.2</ele>
   </trkpt>
   <trkpt lat="-7.9222770" lon="113.6410620">
    <ele>1962.0</ele>
   </trkpt>
   <trkpt lat="-7.9222870" lon="113.6410330">
    <ele>1962.4</ele>
   </trkpt>
   <trkpt lat="-7.9223120" lon="113.6410050">
    <ele>1962.9</ele>
   </trkpt>
   <trkpt lat="-7.9223250" lon="113.6409800">
    <ele>1963.4</ele>
   </trkpt>
   <trkpt lat="-7.9223450" lon="113.6409580">
    <ele>1963.9</ele>
   </trkpt>
   <trkpt lat="-7.9223650" lon="113.6409370">
    <ele>1964.5</ele>
   </trkpt>
   <trkpt lat="-7.9223900" lon="113.6409070">
    <ele>1965.2</ele>
   </trkpt>
   <trkpt lat="-7.9224130" lon="113.6408800">
    <ele>1965.9</ele>
   </trkpt>
   <trkpt lat="-7.9224330" lon="113.6408480">
    <ele>1966.4</ele>
   </trkpt>
   <trkpt lat="-7.9224500" lon="113.6408220">
    <ele>1966.8</ele>
   </trkpt>
   <trkpt lat="-7.9224770" lon="113.6407930">
    <ele>1967.2</ele>
   </trkpt>
   <trkpt lat="-7.9224870" lon="113.6407670">
    <ele>1967.4</ele>
   </trkpt>
   <trkpt lat="-7.9225020" lon="113.6407400">
    <ele>1967.6</ele>
   </trkpt>
   <trkpt lat="-7.9225180" lon="113.6407170">
    <ele>1967.8</ele>
   </trkpt>
   <trkpt lat="-7.9225400" lon="113.6406980">
    <ele>1968.0</ele>
   </trkpt>
   <trkpt lat="-7.9225630" lon="113.6406750">
    <ele>1968.2</ele>
   </trkpt>
   <trkpt lat="-7.9225830" lon="113.6406430">
    <ele>1968.4</ele>
   </trkpt>
   <trkpt lat="-7.9225980" lon="113.6406100">
    <ele>1968.4</ele>
   </trkpt>
   <trkpt lat="-7.9226200" lon="113.6405850">
    <ele>1968.3</ele>
   </trkpt>
   <trkpt lat="-7.9226380" lon="113.6405550">
    <ele>1968.2</ele>
   </trkpt>
   <trkpt lat="-7.9226600" lon="113.6405300">
    <ele>1968.3</ele>
   </trkpt>
   <trkpt lat="-7.9226850" lon="113.6405080">
    <ele>1968.4</ele>
   </trkpt>
   <trkpt lat="-7.9227050" lon="113.6404880">
    <ele>1968.5</ele>
   </trkpt>
   <trkpt lat="-7.9227300" lon="113.6404670">
    <ele>1968.7</ele>
   </trkpt>
   <trkpt lat="-7.9227470" lon="113.6404380">
    <ele>1968.9</ele>
   </trkpt>
   <trkpt lat="-7.9227620" lon="113.6404130">
    <ele>1969.2</ele>
   </trkpt>
   <trkpt lat="-7.9227880" lon="113.6403850">
    <ele>1969.5</ele>
   </trkpt>
   <trkpt lat="-7.9228100" lon="113.6403580">
    <ele>1969.4</ele>
   </trkpt>
   <trkpt lat="-7.9228380" lon="113.6403330">
    <ele>1969.3</ele>
   </trkpt>
   <trkpt lat="-7.9228620" lon="113.6403070">
    <ele>1969.1</ele>
   </trkpt>
   <trkpt lat="-7.9228850" lon="113.6402820">
    <ele>1968.9</ele>
   </trkpt>
   <trkpt lat="-7.9229100" lon="113.6402620">
    <ele>1968.5</ele>
   </trkpt>
   <trkpt lat="-7.9229350" lon="113.6402370">
    <ele>1968.0</ele>
   </trkpt>
   <trkpt lat="-7.9229550" lon="113.6402180">
    <ele>1967.7</ele>
   </trkpt>
   <trkpt lat="-7.9229670" lon="113.6401930">
    <ele>1967.6</ele>
   </trkpt>
   <trkpt lat="-7.9229830" lon="113.6401670">
    <ele>1967.6</ele>
   </trkpt>
   <trkpt lat="-7.9230000" lon="113.6401420">
    <ele>1967.6</ele>
   </trkpt>
   <trkpt lat="-7.9230250" lon="113.6401100">
    <ele>1967.6</ele>
   </trkpt>
   <trkpt lat="-7.9230430" lon="113.6400770">
    <ele>1967.5</ele>
   </trkpt>
   <trkpt lat="-7.9230580" lon="113.6400480">
    <ele>1967.3</ele>
   </trkpt>
   <trkpt lat="-7.9230820" lon="113.6400080">
    <ele>1967.2</ele>
   </trkpt>
   <trkpt lat="-7.9231120" lon="113.6399720">
    <ele>1967.2</ele>
   </trkpt>
   <trkpt lat="-7.9231450" lon="113.6399380">
    <ele>1966.7</ele>
   </trkpt>
   <trkpt lat="-7.9231780" lon="113.6399020">
    <ele>1966.1</ele>
   </trkpt>
   <trkpt lat="-7.9232120" lon="113.6398630">
    <ele>1965.8</ele>
   </trkpt>
   <trkpt lat="-7.9232450" lon="113.6398230">
    <ele>1965.5</ele>
   </trkpt>
   <trkpt lat="-7.9232750" lon="113.6397830">
    <ele>1965.3</ele>
   </trkpt>
   <trkpt lat="-7.9232920" lon="113.6397620">
    <ele>1965.3</ele>
   </trkpt>
   <trkpt lat="-7.9233070" lon="113.6397380">
    <ele>1965.5</ele>
   </trkpt>
   <trkpt lat="-7.9233330" lon="113.6396920">
    <ele>1965.8</ele>
   </trkpt>
   <trkpt lat="-7.9233520" lon="113.6396420">
    <ele>1966.0</ele>
   </trkpt>
   <trkpt lat="-7.9233630" lon="113.6396170">
    <ele>1966.0</ele>
   </trkpt>
   <trkpt lat="-7.9233850" lon="113.6395700">
    <ele>1966.1</ele>
   </trkpt>
   <trkpt lat="-7.9233980" lon="113.6395430">
    <ele>1966.1</ele>
   </trkpt>
   <trkpt lat="-7.9234100" lon="113.6395180">
    <ele>1966.1</ele>
   </trkpt>
   <trkpt lat="-7.9234270" lon="113.6394700">
    <ele>1966.1</ele>
   </trkpt>
   <trkpt lat="-7.9234370" lon="113.6394430">
    <ele>1966.2</ele>
   </trkpt>
   <trkpt lat="-7.9234430" lon="113.6394170">
    <ele>1966.2</ele>
   </trkpt>
   <trkpt lat="-7.9234500" lon="113.6393900">
    <ele>1966.3</ele>
   </trkpt>
   <trkpt lat="-7.9234720" lon="113.6393430">
    <ele>1966.5</ele>
   </trkpt>
   <trkpt lat="-7.9234880" lon="113.6392970">
    <ele>1966.7</ele>
   </trkpt>
   <trkpt lat="-7.9235000" lon="113.6392520">
    <ele>1967.0</ele>
   </trkpt>
   <trkpt lat="-7.9235170" lon="113.6392050">
    <ele>1967.2</ele>
   </trkpt>
   <trkpt lat="-7.9235380" lon="113.6391680">
    <ele>1967.5</ele>
   </trkpt>
   <trkpt lat="-7.9235580" lon="113.6391270">
    <ele>1967.6</ele>
   </trkpt>
   <trkpt lat="-7.9235720" lon="113.6390870">
    <ele>1967.8</ele>
   </trkpt>
   <trkpt lat="-7.9235850" lon="113.6390500">
    <ele>1967.8</ele>
   </trkpt>
   <trkpt lat="-7.9236030" lon="113.6390100">
    <ele>1967.6</ele>
   </trkpt>
   <trkpt lat="-7.9236250" lon="113.6389720">
    <ele>1967.5</ele>
   </trkpt>
   <trkpt lat="-7.9236520" lon="113.6389350">
    <ele>1967.4</ele>
   </trkpt>
   <trkpt lat="-7.9236770" lon="113.6389030">
    <ele>1967.4</ele>
   </trkpt>
   <trkpt lat="-7.9236880" lon="113.6388650">
    <ele>1967.4</ele>
   </trkpt>
   <trkpt lat="-7.9237050" lon="113.6388230">
    <ele>1967.5</ele>
   </trkpt>
   <trkpt lat="-7.9237230" lon="113.6387830">
    <ele>1967.7</ele>
   </trkpt>
   <trkpt lat="-7.9237430" lon="113.6387500">
    <ele>1968.0</ele>
   </trkpt>
   <trkpt lat="-7.9237650" lon="113.6387170">
    <ele>1968.4</ele>
   </trkpt>
   <trkpt lat="-7.9237820" lon="113.6386800">
    <ele>1968.8</ele>
   </trkpt>
   <trkpt lat="-7.9237970" lon="113.6386430">
    <ele>1969.0</ele>
   </trkpt>
   <trkpt lat="-7.9238130" lon="113.6386070">
    <ele>1969.1</ele>
   </trkpt>
   <trkpt lat="-7.9238270" lon="113.6385700">
    <ele>1969.2</ele>
   </trkpt>
   <trkpt lat="-7.9238450" lon="113.6385330">
    <ele>1969.5</ele>
   </trkpt>
   <trkpt lat="-7.9238670" lon="113.6385000">
    <ele>1969.8</ele>
   </trkpt>
   <trkpt lat="-7.9238830" lon="113.6384630">
    <ele>1970.0</ele>
   </trkpt>
   <trkpt lat="-7.9238980" lon="113.6384300">
    <ele>1970.2</ele>
   </trkpt>
   <trkpt lat="-7.9239130" lon="113.6384020">
    <ele>1970.5</ele>
   </trkpt>
   <trkpt lat="-7.9239320" lon="113.6383730">
    <ele>1970.8</ele>
   </trkpt>
   <trkpt lat="-7.9239480" lon="113.6383450">
    <ele>1971.1</ele>
   </trkpt>
   <trkpt lat="-7.9239680" lon="113.6383150">
    <ele>1971.5</ele>
   </trkpt>
   <trkpt lat="-7.9239830" lon="113.6382920">
    <ele>1971.7</ele>
   </trkpt>
   <trkpt lat="-7.9240030" lon="113.6382620">
    <ele>1972.3</ele>
   </trkpt>
   <trkpt lat="-7.9240170" lon="113.6382320">
    <ele>1973.0</ele>
   </trkpt>
   <trkpt lat="-7.9240320" lon="113.6382030">
    <ele>1973.5</ele>
   </trkpt>
   <trkpt lat="-7.9240580" lon="113.6381850">
    <ele>1973.8</ele>
   </trkpt>
   <trkpt lat="-7.9240750" lon="113.6381580">
    <ele>1974.2</ele>
   </trkpt>
   <trkpt lat="-7.9240950" lon="113.6381380">
    <ele>1974.7</ele>
   </trkpt>
   <trkpt lat="-7.9241150" lon="113.6381180">
    <ele>1975.3</ele>
   </trkpt>
   <trkpt lat="-7.9241380" lon="113.6380920">
    <ele>1975.8</ele>
   </trkpt>
   <trkpt lat="-7.9241600" lon="113.6380680">
    <ele>1976.3</ele>
   </trkpt>
   <trkpt lat="-7.9241800" lon="113.6380350">
    <ele>1976.7</ele>
   </trkpt>
   <trkpt lat="-7.9241950" lon="113.6380100">
    <ele>1977.1</ele>
   </trkpt>
   <trkpt lat="-7.9242120" lon="113.6379850">
    <ele>1977.5</ele>
   </trkpt>
   <trkpt lat="-7.9242300" lon="113.6379650">
    <ele>1977.8</ele>
   </trkpt>
   <trkpt lat="-7.9242580" lon="113.6379420">
    <ele>1978.2</ele>
   </trkpt>
   <trkpt lat="-7.9242750" lon="113.6379170">
    <ele>1978.5</ele>
   </trkpt>
   <trkpt lat="-7.9243050" lon="113.6378880">
    <ele>1978.7</ele>
   </trkpt>
   <trkpt lat="-7.9243230" lon="113.6378680">
    <ele>1978.9</ele>
   </trkpt>
   <trkpt lat="-7.9243480" lon="113.6378370">
    <ele>1979.2</ele>
   </trkpt>
   <trkpt lat="-7.9243680" lon="113.6378030">
    <ele>1979.7</ele>
   </trkpt>
   <trkpt lat="-7.9243930" lon="113.6377730">
    <ele>1980.2</ele>
   </trkpt>
   <trkpt lat="-7.9244180" lon="113.6377430">
    <ele>1980.9</ele>
   </trkpt>
   <trkpt lat="-7.9244330" lon="113.6377150">
    <ele>1981.3</ele>
   </trkpt>
   <trkpt lat="-7.9244430" lon="113.6376870">
    <ele>1981.7</ele>
   </trkpt>
   <trkpt lat="-7.9244600" lon="113.6376550">
    <ele>1982.3</ele>
   </trkpt>
   <trkpt lat="-7.9244900" lon="113.6376330">
    <ele>1983.0</ele>
   </trkpt>
   <trkpt lat="-7.9245180" lon="113.6376150">
    <ele>1983.9</ele>
   </trkpt>
   <trkpt lat="-7.9245500" lon="113.6375950">
    <ele>1985.0</ele>
   </trkpt>
   <trkpt lat="-7.9245730" lon="113.6375720">
    <ele>1985.9</ele>
   </trkpt>
   <trkpt lat="-7.9245970" lon="113.6375470">
    <ele>1986.7</ele>
   </trkpt>
   <trkpt lat="-7.9246220" lon="113.6375220">
    <ele>1987.7</ele>
   </trkpt>
   <trkpt lat="-7.9246420" lon="113.6375020">
    <ele>1988.6</ele>
   </trkpt>
   <trkpt lat="-7.9246630" lon="113.6374780">
    <ele>1989.4</ele>
   </trkpt>
   <trkpt lat="-7.9246830" lon="113.6374550">
    <ele>1990.1</ele>
   </trkpt>
   <trkpt lat="-7.9246970" lon="113.6374220">
    <ele>1990.9</ele>
   </trkpt>
   <trkpt lat="-7.9247080" lon="113.6373970">
    <ele>1991.6</ele>
   </trkpt>
   <trkpt lat="-7.9247230" lon="113.6373630">
    <ele>1992.8</ele>
   </trkpt>
   <trkpt lat="-7.9247400" lon="113.6373370">
    <ele>1993.7</ele>
   </trkpt>
   <trkpt lat="-7.9247530" lon="113.6373100">
    <ele>1994.5</ele>
   </trkpt>
   <trkpt lat="-7.9247700" lon="113.6372850">
    <ele>1995.0</ele>
   </trkpt>
   <trkpt lat="-7.9247870" lon="113.6372530">
    <ele>1995.7</ele>
   </trkpt>
   <trkpt lat="-7.9247920" lon="113.6372170">
    <ele>1996.5</ele>
   </trkpt>
   <trkpt lat="-7.9247930" lon="113.6371870">
    <ele>1997.3</ele>
   </trkpt>
   <trkpt lat="-7.9248020" lon="113.6371500">
    <ele>1998.0</ele>
   </trkpt>
   <trkpt lat="-7.9248130" lon="113.6371200">
    <ele>1998.3</ele>
   </trkpt>
   <trkpt lat="-7.9248230" lon="113.6370870">
    <ele>1998.5</ele>
   </trkpt>
   <trkpt lat="-7.9248280" lon="113.6370580">
    <ele>1998.9</ele>
   </trkpt>
   <trkpt lat="-7.9248280" lon="113.6370250">
    <ele>1999.2</ele>
   </trkpt>
   <trkpt lat="-7.9248250" lon="113.6369920">
    <ele>1999.5</ele>
   </trkpt>
   <trkpt lat="-7.9248230" lon="113.6369630">
    <ele>1999.6</ele>
   </trkpt>
   <trkpt lat="-7.9248220" lon="113.6369250">
    <ele>1999.7</ele>
   </trkpt>
   <trkpt lat="-7.9248270" lon="113.6368930">
    <ele>1999.7</ele>
   </trkpt>
   <trkpt lat="-7.9248350" lon="113.6368620">
    <ele>1999.5</ele>
   </trkpt>
   <trkpt lat="-7.9248380" lon="113.6368270">
    <ele>1999.3</ele>
   </trkpt>
   <trkpt lat="-7.9248450" lon="113.6367970">
    <ele>1999.1</ele>
   </trkpt>
   <trkpt lat="-7.9248480" lon="113.6367630">
    <ele>1999.1</ele>
   </trkpt>
   <trkpt lat="-7.9248600" lon="113.6367280">
    <ele>1999.1</ele>
   </trkpt>
   <trkpt lat="-7.9248730" lon="113.6367030">
    <ele>1999.0</ele>
   </trkpt>
   <trkpt lat="-7.9248880" lon="113.6366770">
    <ele>1999.0</ele>
   </trkpt>
   <trkpt lat="-7.9249050" lon="113.6366430">
    <ele>1999.3</ele>
   </trkpt>
   <trkpt lat="-7.9249150" lon="113.6366120">
    <ele>1999.5</ele>
   </trkpt>
   <trkpt lat="-7.9249230" lon="113.6365820">
    <ele>1999.7</ele>
   </trkpt>
   <trkpt lat="-7.9249300" lon="113.6365400">
    <ele>2000.1</ele>
   </trkpt>
   <trkpt lat="-7.9249320" lon="113.6365080">
    <ele>2000.5</ele>
   </trkpt>
   <trkpt lat="-7.9249320" lon="113.6364780">
    <ele>2001.0</ele>
   </trkpt>
   <trkpt lat="-7.9249380" lon="113.6364520">
    <ele>2001.4</ele>
   </trkpt>
   <trkpt lat="-7.9249430" lon="113.6364220">
    <ele>2001.7</ele>
   </trkpt>
   <trkpt lat="-7.9249500" lon="113.6363950">
    <ele>2001.9</ele>
   </trkpt>
   <trkpt lat="-7.9249620" lon="113.6363650">
    <ele>2002.3</ele>
   </trkpt>
   <trkpt lat="-7.9249700" lon="113.6363330">
    <ele>2002.7</ele>
   </trkpt>
   <trkpt lat="-7.9249820" lon="113.6363020">
    <ele>2003.0</ele>
   </trkpt>
   <trkpt lat="-7.9249800" lon="113.6362730">
    <ele>2003.3</ele>
   </trkpt>
   <trkpt lat="-7.9249830" lon="113.6362380">
    <ele>2003.7</ele>
   </trkpt>
   <trkpt lat="-7.9249900" lon="113.6362080">
    <ele>2004.3</ele>
   </trkpt>
   <trkpt lat="-7.9249970" lon="113.6361820">
    <ele>2004.9</ele>
   </trkpt>
   <trkpt lat="-7.9249920" lon="113.6361500">
    <ele>2005.6</ele>
   </trkpt>
   <trkpt lat="-7.9249920" lon="113.6361130">
    <ele>2006.6</ele>
   </trkpt>
   <trkpt lat="-7.9249930" lon="113.6360850">
    <ele>2007.4</ele>
   </trkpt>
   <trkpt lat="-7.9249970" lon="113.6360480">
    <ele>2008.3</ele>
   </trkpt>
   <trkpt lat="-7.9250000" lon="113.6360080">
    <ele>2009.4</ele>
   </trkpt>
   <trkpt lat="-7.9250020" lon="113.6359720">
    <ele>2010.4</ele>
   </trkpt>
   <trkpt lat="-7.9250050" lon="113.6359380">
    <ele>2011.2</ele>
   </trkpt>
   <trkpt lat="-7.9249980" lon="113.6358970">
    <ele>2012.3</ele>
   </trkpt>
   <trkpt lat="-7.9249920" lon="113.6358600">
    <ele>2013.2</ele>
   </trkpt>
   <trkpt lat="-7.9249800" lon="113.6358220">
    <ele>2014.2</ele>
   </trkpt>
   <trkpt lat="-7.9249750" lon="113.6357930">
    <ele>2014.8</ele>
   </trkpt>
   <trkpt lat="-7.9249620" lon="113.6357630">
    <ele>2015.5</ele>
   </trkpt>
   <trkpt lat="-7.9249530" lon="113.6357270">
    <ele>2016.3</ele>
   </trkpt>
   <trkpt lat="-7.9249480" lon="113.6356880">
    <ele>2017.6</ele>
   </trkpt>
   <trkpt lat="-7.9249370" lon="113.6356600">
    <ele>2018.5</ele>
   </trkpt>
   <trkpt lat="-7.9249330" lon="113.6356270">
    <ele>2019.5</ele>
   </trkpt>
   <trkpt lat="-7.9249220" lon="113.6355950">
    <ele>2020.4</ele>
   </trkpt>
   <trkpt lat="-7.9249130" lon="113.6355630">
    <ele>2021.2</ele>
   </trkpt>
   <trkpt lat="-7.9249000" lon="113.6355380">
    <ele>2021.4</ele>
   </trkpt>
   <trkpt lat="-7.9248770" lon="113.6355200">
    <ele>2021.7</ele>
   </trkpt>
   <trkpt lat="-7.9248480" lon="113.6355030">
    <ele>2022.1</ele>
   </trkpt>
   <trkpt lat="-7.9248230" lon="113.6354820">
    <ele>2022.8</ele>
   </trkpt>
   <trkpt lat="-7.9248120" lon="113.6354530">
    <ele>2023.5</ele>
   </trkpt>
   <trkpt lat="-7.9248070" lon="113.6354200">
    <ele>2024.0</ele>
   </trkpt>
   <trkpt lat="-7.9247930" lon="113.6353900">
    <ele>2024.4</ele>
   </trkpt>
   <trkpt lat="-7.9247820" lon="113.6353620">
    <ele>2024.7</ele>
   </trkpt>
   <trkpt lat="-7.9247620" lon="113.6353370">
    <ele>2024.7</ele>
   </trkpt>
   <trkpt lat="-7.9247420" lon="113.6353050">
    <ele>2024.6</ele>
   </trkpt>
   <trkpt lat="-7.9247320" lon="113.6352650">
    <ele>2024.4</ele>
   </trkpt>
   <trkpt lat="-7.9247300" lon="113.6352230">
    <ele>2024.1</ele>
   </trkpt>
   <trkpt lat="-7.9247220" lon="113.6351920">
    <ele>2023.9</ele>
   </trkpt>
   <trkpt lat="-7.9247080" lon="113.6351630">
    <ele>2023.9</ele>
   </trkpt>
   <trkpt lat="-7.9247050" lon="113.6351220">
    <ele>2023.8</ele>
   </trkpt>
   <trkpt lat="-7.9247070" lon="113.6350830">
    <ele>2023.5</ele>
   </trkpt>
   <trkpt lat="-7.9247050" lon="113.6350420">
    <ele>2023.2</ele>
   </trkpt>
   <trkpt lat="-7.9247080" lon="113.6349980">
    <ele>2023.1</ele>
   </trkpt>
   <trkpt lat="-7.9247100" lon="113.6349600">
    <ele>2023.0</ele>
   </trkpt>
   <trkpt lat="-7.9247080" lon="113.6349220">
    <ele>2023.2</ele>
   </trkpt>
   <trkpt lat="-7.9247030" lon="113.6348880">
    <ele>2023.3</ele>
   </trkpt>
   <trkpt lat="-7.9246950" lon="113.6348520">
    <ele>2023.7</ele>
   </trkpt>
   <trkpt lat="-7.9246920" lon="113.6348130">
    <ele>2024.1</ele>
   </trkpt>
   <trkpt lat="-7.9246920" lon="113.6347780">
    <ele>2024.7</ele>
   </trkpt>
   <trkpt lat="-7.9246930" lon="113.6347470">
    <ele>2025.2</ele>
   </trkpt>
   <trkpt lat="-7.9246930" lon="113.6347150">
    <ele>2025.7</ele>
   </trkpt>
   <trkpt lat="-7.9246920" lon="113.6346800">
    <ele>2026.1</ele>
   </trkpt>
   <trkpt lat="-7.9246880" lon="113.6346370">
    <ele>2027.0</ele>
   </trkpt>
   <trkpt lat="-7.9246830" lon="113.6345900">
    <ele>2028.2</ele>
   </trkpt>
   <trkpt lat="-7.9246780" lon="113.6345450">
    <ele>2028.8</ele>
   </trkpt>
   <trkpt lat="-7.9246670" lon="113.6344970">
    <ele>2029.2</ele>
   </trkpt>
   <trkpt lat="-7.9246620" lon="113.6344500">
    <ele>2029.1</ele>
   </trkpt>
   <trkpt lat="-7.9246550" lon="113.6344070">
    <ele>2028.9</ele>
   </trkpt>
   <trkpt lat="-7.9246520" lon="113.6343700">
    <ele>2028.7</ele>
   </trkpt>
   <trkpt lat="-7.9246450" lon="113.6343350">
    <ele>2028.3</ele>
   </trkpt>
   <trkpt lat="-7.9246350" lon="113.6342970">
    <ele>2027.8</ele>
   </trkpt>
   <trkpt lat="-7.9246270" lon="113.6342550">
    <ele>2027.2</ele>
   </trkpt>
   <trkpt lat="-7.9246230" lon="113.6342070">
    <ele>2026.8</ele>
   </trkpt>
   <trkpt lat="-7.9246270" lon="113.6341650">
    <ele>2026.5</ele>
   </trkpt>
   <trkpt lat="-7.9246300" lon="113.6341270">
    <ele>2026.4</ele>
   </trkpt>
   <trkpt lat="-7.9246370" lon="113.6340970">
    <ele>2026.3</ele>
   </trkpt>
   <trkpt lat="-7.9246450" lon="113.6340650">
    <ele>2026.4</ele>
   </trkpt>
   <trkpt lat="-7.9246480" lon="113.6340250">
    <ele>2026.6</ele>
   </trkpt>
   <trkpt lat="-7.9246450" lon="113.6339920">
    <ele>2026.8</ele>
   </trkpt>
   <trkpt lat="-7.9246370" lon="113.6339580">
    <ele>2027.3</ele>
   </trkpt>
   <trkpt lat="-7.9246300" lon="113.6339280">
    <ele>2027.7</ele>
   </trkpt>
   <trkpt lat="-7.9246230" lon="113.6339000">
    <ele>2028.2</ele>
   </trkpt>
   <trkpt lat="-7.9246220" lon="113.6338600">
    <ele>2029.0</ele>
   </trkpt>
   <trkpt lat="-7.9246170" lon="113.6338250">
    <ele>2029.7</ele>
   </trkpt>
   <trkpt lat="-7.9246150" lon="113.6337970">
    <ele>2030.0</ele>
   </trkpt>
   <trkpt lat="-7.9246120" lon="113.6337570">
    <ele>2030.4</ele>
   </trkpt>
   <trkpt lat="-7.9246050" lon="113.6337300">
    <ele>2030.8</ele>
   </trkpt>
   <trkpt lat="-7.9246020" lon="113.6336880">
    <ele>2031.7</ele>
   </trkpt>
   <trkpt lat="-7.9245970" lon="113.6336480">
    <ele>2032.6</ele>
   </trkpt>
   <trkpt lat="-7.9245930" lon="113.6336150">
    <ele>2033.4</ele>
   </trkpt>
   <trkpt lat="-7.9245830" lon="113.6335820">
    <ele>2034.3</ele>
   </trkpt>
   <trkpt lat="-7.9245800" lon="113.6335420">
    <ele>2035.4</ele>
   </trkpt>
   <trkpt lat="-7.9245730" lon="113.6335030">
    <ele>2036.4</ele>
   </trkpt>
   <trkpt lat="-7.9245770" lon="113.6334620">
    <ele>2036.9</ele>
   </trkpt>
   <trkpt lat="-7.9245750" lon="113.6334300">
    <ele>2037.4</ele>
   </trkpt>
   <trkpt lat="-7.9245750" lon="113.6334000">
    <ele>2038.0</ele>
   </trkpt>
   <trkpt lat="-7.9245750" lon="113.6333620">
    <ele>2038.8</ele>
   </trkpt>
   <trkpt lat="-7.9245720" lon="113.6333320">
    <ele>2039.2</ele>
   </trkpt>
   <trkpt lat="-7.9245550" lon="113.6333020">
    <ele>2039.7</ele>
   </trkpt>
   <trkpt lat="-7.9245380" lon="113.6332630">
    <ele>2039.9</ele>
   </trkpt>
   <trkpt lat="-7.9245220" lon="113.6332280">
    <ele>2040.1</ele>
   </trkpt>
   <trkpt lat="-7.9245020" lon="113.6331970">
    <ele>2040.2</ele>
   </trkpt>
   <trkpt lat="-7.9244900" lon="113.6331600">
    <ele>2040.4</ele>
   </trkpt>
   <trkpt lat="-7.9244870" lon="113.6331220">
    <ele>2040.8</ele>
   </trkpt>
   <trkpt lat="-7.9244870" lon="113.6330900">
    <ele>2041.2</ele>
   </trkpt>
   <trkpt lat="-7.9244800" lon="113.6330550">
    <ele>2041.6</ele>
   </trkpt>
   <trkpt lat="-7.9244720" lon="113.6330200">
    <ele>2042.0</ele>
   </trkpt>
   <trkpt lat="-7.9244700" lon="113.6329870">
    <ele>2042.4</ele>
   </trkpt>
   <trkpt lat="-7.9244680" lon="113.6329570">
    <ele>2042.7</ele>
   </trkpt>
   <trkpt lat="-7.9244700" lon="113.6329280">
    <ele>2043.1</ele>
   </trkpt>
   <trkpt lat="-7.9244730" lon="113.6329000">
    <ele>2043.4</ele>
   </trkpt>
   <trkpt lat="-7.9244930" lon="113.6328720">
    <ele>2043.5</ele>
   </trkpt>
   <trkpt lat="-7.9245300" lon="113.6328420">
    <ele>2043.6</ele>
   </trkpt>
   <trkpt lat="-7.9245500" lon="113.6328220">
    <ele>2043.9</ele>
   </trkpt>
   <trkpt lat="-7.9245920" lon="113.6327920">
    <ele>2044.5</ele>
   </trkpt>
   <trkpt lat="-7.9246230" lon="113.6327630">
    <ele>2045.0</ele>
   </trkpt>
   <trkpt lat="-7.9246500" lon="113.6327180">
    <ele>2045.5</ele>
   </trkpt>
   <trkpt lat="-7.9246620" lon="113.6326920">
    <ele>2045.8</ele>
   </trkpt>
   <trkpt lat="-7.9246850" lon="113.6326470">
    <ele>2046.2</ele>
   </trkpt>
   <trkpt lat="-7.9247070" lon="113.6326030">
    <ele>2046.4</ele>
   </trkpt>
   <trkpt lat="-7.9247350" lon="113.6325650">
    <ele>2046.5</ele>
   </trkpt>
   <trkpt lat="-7.9247550" lon="113.6325280">
    <ele>2046.4</ele>
   </trkpt>
   <trkpt lat="-7.9247770" lon="113.6324900">
    <ele>2046.5</ele>
   </trkpt>
   <trkpt lat="-7.9248020" lon="113.6324570">
    <ele>2046.5</ele>
   </trkpt>
   <trkpt lat="-7.9248230" lon="113.6324200">
    <ele>2046.7</ele>
   </trkpt>
   <trkpt lat="-7.9248470" lon="113.6323850">
    <ele>2047.0</ele>
   </trkpt>
   <trkpt lat="-7.9248670" lon="113.6323470">
    <ele>2047.3</ele>
   </trkpt>
   <trkpt lat="-7.9248800" lon="113.6323130">
    <ele>2047.4</ele>
   </trkpt>
   <trkpt lat="-7.9248970" lon="113.6322750">
    <ele>2047.6</ele>
   </trkpt>
   <trkpt lat="-7.9249050" lon="113.6322430">
    <ele>2047.8</ele>
   </trkpt>
   <trkpt lat="-7.9249230" lon="113.6322120">
    <ele>2048.0</ele>
   </trkpt>
   <trkpt lat="-7.9249400" lon="113.6321780">
    <ele>2048.5</ele>
   </trkpt>
   <trkpt lat="-7.9249600" lon="113.6321580">
    <ele>2048.9</ele>
   </trkpt>
   <trkpt lat="-7.9249730" lon="113.6321300">
    <ele>2049.3</ele>
   </trkpt>
   <trkpt lat="-7.9249980" lon="113.6321050">
    <ele>2049.7</ele>
   </trkpt>
   <trkpt lat="-7.9250170" lon="113.6320820">
    <ele>2050.2</ele>
   </trkpt>
   <trkpt lat="-7.9250270" lon="113.6320530">
    <ele>2051.4</ele>
   </trkpt>
   <trkpt lat="-7.9250330" lon="113.6320270">
    <ele>2052.4</ele>
   </trkpt>
   <trkpt lat="-7.9250480" lon="113.6319980">
    <ele>2053.8</ele>
   </trkpt>
   <trkpt lat="-7.9250730" lon="113.6319780">
    <ele>2055.3</ele>
   </trkpt>
   <trkpt lat="-7.9251000" lon="113.6319550">
    <ele>2057.0</ele>
   </trkpt>
   <trkpt lat="-7.9251080" lon="113.6319280">
    <ele>2057.8</ele>
   </trkpt>
   <trkpt lat="-7.9251220" lon="113.6319000">
    <ele>2058.7</ele>
   </trkpt>
   <trkpt lat="-7.9251330" lon="113.6318700">
    <ele>2060.1</ele>
   </trkpt>
   <trkpt lat="-7.9251420" lon="113.6318350">
    <ele>2061.9</ele>
   </trkpt>
   <trkpt lat="-7.9251570" lon="113.6318080">
    <ele>2062.9</ele>
   </trkpt>
   <trkpt lat="-7.9251630" lon="113.6317800">
    <ele>2063.4</ele>
   </trkpt>
   <trkpt lat="-7.9251670" lon="113.6317450">
    <ele>2064.0</ele>
   </trkpt>
   <trkpt lat="-7.9251720" lon="113.6317150">
    <ele>2064.6</ele>
   </trkpt>
   <trkpt lat="-7.9251770" lon="113.6316870">
    <ele>2065.2</ele>
   </trkpt>
   <trkpt lat="-7.9251770" lon="113.6316580">
    <ele>2065.7</ele>
   </trkpt>
   <trkpt lat="-7.9251670" lon="113.6316280">
    <ele>2066.1</ele>
   </trkpt>
   <trkpt lat="-7.9251600" lon="113.6316000">
    <ele>2066.4</ele>
   </trkpt>
   <trkpt lat="-7.9251520" lon="113.6315700">
    <ele>2066.5</ele>
   </trkpt>
   <trkpt lat="-7.9251580" lon="113.6315430">
    <ele>2066.7</ele>
   </trkpt>
   <trkpt lat="-7.9251630" lon="113.6315080">
    <ele>2068.0</ele>
   </trkpt>
   <trkpt lat="-7.9251550" lon="113.6314720">
    <ele>2069.4</ele>
   </trkpt>
   <trkpt lat="-7.9251600" lon="113.6314420">
    <ele>2070.8</ele>
   </trkpt>
   <trkpt lat="-7.9251600" lon="113.6314130">
    <ele>2072.0</ele>
   </trkpt>
   <trkpt lat="-7.9251770" lon="113.6313880">
    <ele>2072.9</ele>
   </trkpt>
   <trkpt lat="-7.9252030" lon="113.6313770">
    <ele>2073.6</ele>
   </trkpt>
   <trkpt lat="-7.9252250" lon="113.6313600">
    <ele>2074.4</ele>
   </trkpt>
   <trkpt lat="-7.9252470" lon="113.6313380">
    <ele>2076.4</ele>
   </trkpt>
   <trkpt lat="-7.9252630" lon="113.6313170">
    <ele>2078.1</ele>
   </trkpt>
   <trkpt lat="-7.9252800" lon="113.6312870">
    <ele>2079.7</ele>
   </trkpt>
   <trkpt lat="-7.9252970" lon="113.6312600">
    <ele>2080.7</ele>
   </trkpt>
   <trkpt lat="-7.9253130" lon="113.6312380">
    <ele>2081.8</ele>
   </trkpt>
   <trkpt lat="-7.9253300" lon="113.6312150">
    <ele>2083.2</ele>
   </trkpt>
   <trkpt lat="-7.9253550" lon="113.6311900">
    <ele>2085.0</ele>
   </trkpt>
   <trkpt lat="-7.9253680" lon="113.6311600">
    <ele>2087.4</ele>
   </trkpt>
   <trkpt lat="-7.9253980" lon="113.6311250">
    <ele>2090.3</ele>
   </trkpt>
   <trkpt lat="-7.9254200" lon="113.6311080">
    <ele>2090.8</ele>
   </trkpt>
   <trkpt lat="-7.9254480" lon="113.6310900">
    <ele>2091.5</ele>
   </trkpt>
   <trkpt lat="-7.9254800" lon="113.6310770">
    <ele>2092.3</ele>
   </trkpt>
   <trkpt lat="-7.9255050" lon="113.6310600">
    <ele>2093.1</ele>
   </trkpt>
   <trkpt lat="-7.9255280" lon="113.6310350">
    <ele>2093.8</ele>
   </trkpt>
   <trkpt lat="-7.9255450" lon="113.6310130">
    <ele>2094.3</ele>
   </trkpt>
   <trkpt lat="-7.9255580" lon="113.6309830">
    <ele>2095.1</ele>
   </trkpt>
   <trkpt lat="-7.9255730" lon="113.6309550">
    <ele>2095.9</ele>
   </trkpt>
   <trkpt lat="-7.9255970" lon="113.6309250">
    <ele>2096.8</ele>
   </trkpt>
   <trkpt lat="-7.9256200" lon="113.6309100">
    <ele>2097.3</ele>
   </trkpt>
   <trkpt lat="-7.9256350" lon="113.6308820">
    <ele>2098.0</ele>
   </trkpt>
   <trkpt lat="-7.9256470" lon="113.6308550">
    <ele>2099.0</ele>
   </trkpt>
   <trkpt lat="-7.9256580" lon="113.6308280">
    <ele>2100.0</ele>
   </trkpt>
   <trkpt lat="-7.9256750" lon="113.6308070">
    <ele>2100.9</ele>
   </trkpt>
   <trkpt lat="-7.9256830" lon="113.6307750">
    <ele>2102.1</ele>
   </trkpt>
   <trkpt lat="-7.9256850" lon="113.6307470">
    <ele>2103.2</ele>
   </trkpt>
   <trkpt lat="-7.9256800" lon="113.6307150">
    <ele>2103.9</ele>
   </trkpt>
   <trkpt lat="-7.9256820" lon="113.6306870">
    <ele>2104.0</ele>
   </trkpt>
   <trkpt lat="-7.9256720" lon="113.6306500">
    <ele>2104.6</ele>
   </trkpt>
   <trkpt lat="-7.9256600" lon="113.6306220">
    <ele>2105.3</ele>
   </trkpt>
   <trkpt lat="-7.9256530" lon="113.6305880">
    <ele>2105.7</ele>
   </trkpt>
   <trkpt lat="-7.9256370" lon="113.6305620">
    <ele>2105.8</ele>
   </trkpt>
   <trkpt lat="-7.9256220" lon="113.6305330">
    <ele>2106.3</ele>
   </trkpt>
   <trkpt lat="-7.9256020" lon="113.6305150">
    <ele>2106.9</ele>
   </trkpt>
   <trkpt lat="-7.9255830" lon="113.6304880">
    <ele>2107.3</ele>
   </trkpt>
   <trkpt lat="-7.9255680" lon="113.6304650">
    <ele>2107.4</ele>
   </trkpt>
   <trkpt lat="-7.9255700" lon="113.6304350">
    <ele>2106.9</ele>
   </trkpt>
   <trkpt lat="-7.9255870" lon="113.6304100">
    <ele>2106.3</ele>
   </trkpt>
   <trkpt lat="-7.9256030" lon="113.6303880">
    <ele>2105.5</ele>
   </trkpt>
   <trkpt lat="-7.9256180" lon="113.6303600">
    <ele>2104.5</ele>
   </trkpt>
   <trkpt lat="-7.9256350" lon="113.6303380">
    <ele>2103.8</ele>
   </trkpt>
   <trkpt lat="-7.9256480" lon="113.6303070">
    <ele>2102.8</ele>
   </trkpt>
   <trkpt lat="-7.9256620" lon="113.6302770">
    <ele>2102.9</ele>
   </trkpt>
   <trkpt lat="-7.9256800" lon="113.6302470">
    <ele>2103.7</ele>
   </trkpt>
   <trkpt lat="-7.9257000" lon="113.6302230">
    <ele>2104.5</ele>
   </trkpt>
   <trkpt lat="-7.9257170" lon="113.6301970">
    <ele>2105.3</ele>
   </trkpt>
   <trkpt lat="-7.9257370" lon="113.6301730">
    <ele>2106.3</ele>
   </trkpt>
   <trkpt lat="-7.9257600" lon="113.6301530">
    <ele>2107.7</ele>
   </trkpt>
   <trkpt lat="-7.9257820" lon="113.6301370">
    <ele>2108.9</ele>
   </trkpt>
   <trkpt lat="-7.9258100" lon="113.6301230">
    <ele>2109.7</ele>
   </trkpt>
   <trkpt lat="-7.9258230" lon="113.6300980">
    <ele>2110.2</ele>
   </trkpt>
   <trkpt lat="-7.9258430" lon="113.6300680">
    <ele>2110.8</ele>
   </trkpt>
   <trkpt lat="-7.9258600" lon="113.6300420">
    <ele>2111.3</ele>
   </trkpt>
   <trkpt lat="-7.9258770" lon="113.6300130">
    <ele>2111.9</ele>
   </trkpt>
   <trkpt lat="-7.9259070" lon="113.6299800">
    <ele>2113.1</ele>
   </trkpt>
   <trkpt lat="-7.9259270" lon="113.6299580">
    <ele>2114.1</ele>
   </trkpt>
   <trkpt lat="-7.9259400" lon="113.6299330">
    <ele>2115.0</ele>
   </trkpt>
   <trkpt lat="-7.9259480" lon="113.6299050">
    <ele>2115.9</ele>
   </trkpt>
   <trkpt lat="-7.9259650" lon="113.6298800">
    <ele>2116.9</ele>
   </trkpt>
   <trkpt lat="-7.9259830" lon="113.6298580">
    <ele>2118.1</ele>
   </trkpt>
   <trkpt lat="-7.9260030" lon="113.6298380">
    <ele>2119.7</ele>
   </trkpt>
   <trkpt lat="-7.9260180" lon="113.6298130">
    <ele>2121.2</ele>
   </trkpt>
   <trkpt lat="-7.9260400" lon="113.6297900">
    <ele>2122.7</ele>
   </trkpt>
   <trkpt lat="-7.9260570" lon="113.6297670">
    <ele>2124.0</ele>
   </trkpt>
   <trkpt lat="-7.9260750" lon="113.6297370">
    <ele>2125.5</ele>
   </trkpt>
   <trkpt lat="-7.9260930" lon="113.6297120">
    <ele>2126.6</ele>
   </trkpt>
   <trkpt lat="-7.9261230" lon="113.6296930">
    <ele>2127.8</ele>
   </trkpt>
   <trkpt lat="-7.9261480" lon="113.6296720">
    <ele>2128.7</ele>
   </trkpt>
   <trkpt lat="-7.9261770" lon="113.6296470">
    <ele>2129.4</ele>
   </trkpt>
   <trkpt lat="-7.9261980" lon="113.6296300">
    <ele>2130.0</ele>
   </trkpt>
   <trkpt lat="-7.9262320" lon="113.6296070">
    <ele>2131.5</ele>
   </trkpt>
   <trkpt lat="-7.9262530" lon="113.6295830">
    <ele>2132.8</ele>
   </trkpt>
   <trkpt lat="-7.9262750" lon="113.6295570">
    <ele>2133.7</ele>
   </trkpt>
   <trkpt lat="-7.9262980" lon="113.6295320">
    <ele>2134.5</ele>
   </trkpt>
   <trkpt lat="-7.9263180" lon="113.6295100">
    <ele>2135.0</ele>
   </trkpt>
   <trkpt lat="-7.9263380" lon="113.6294880">
    <ele>2135.4</ele>
   </trkpt>
   <trkpt lat="-7.9263570" lon="113.6294630">
    <ele>2135.6</ele>
   </trkpt>
   <trkpt lat="-7.9263820" lon="113.6294380">
    <ele>2135.8</ele>
   </trkpt>
   <trkpt lat="-7.9264000" lon="113.6294180">
    <ele>2136.0</ele>
   </trkpt>
   <trkpt lat="-7.9264170" lon="113.6293920">
    <ele>2136.1</ele>
   </trkpt>
   <trkpt lat="-7.9264330" lon="113.6293700">
    <ele>2136.2</ele>
   </trkpt>
   <trkpt lat="-7.9264430" lon="113.6293430">
    <ele>2136.3</ele>
   </trkpt>
   <trkpt lat="-7.9264600" lon="113.6293180">
    <ele>2136.5</ele>
   </trkpt>
   <trkpt lat="-7.9264730" lon="113.6292850">
    <ele>2136.8</ele>
   </trkpt>
   <trkpt lat="-7.9264870" lon="113.6292480">
    <ele>2136.9</ele>
   </trkpt>
   <trkpt lat="-7.9264930" lon="113.6292130">
    <ele>2136.9</ele>
   </trkpt>
   <trkpt lat="-7.9264980" lon="113.6291720">
    <ele>2137.0</ele>
   </trkpt>
   <trkpt lat="-7.9265050" lon="113.6291400">
    <ele>2137.1</ele>
   </trkpt>
   <trkpt lat="-7.9265020" lon="113.6290930">
    <ele>2137.4</ele>
   </trkpt>
   <trkpt lat="-7.9265080" lon="113.6290550">
    <ele>2137.7</ele>
   </trkpt>
   <trkpt lat="-7.9265150" lon="113.6290250">
    <ele>2138.1</ele>
   </trkpt>
   <trkpt lat="-7.9265370" lon="113.6290000">
    <ele>2138.6</ele>
   </trkpt>
   <trkpt lat="-7.9265620" lon="113.6289730">
    <ele>2139.2</ele>
   </trkpt>
   <trkpt lat="-7.9265770" lon="113.6289470">
    <ele>2139.7</ele>
   </trkpt>
   <trkpt lat="-7.9265920" lon="113.6289220">
    <ele>2140.4</ele>
   </trkpt>
   <trkpt lat="-7.9266080" lon="113.6288920">
    <ele>2141.3</ele>
   </trkpt>
   <trkpt lat="-7.9266270" lon="113.6288680">
    <ele>2142.1</ele>
   </trkpt>
   <trkpt lat="-7.9266380" lon="113.6288320">
    <ele>2143.3</ele>
   </trkpt>
   <trkpt lat="-7.9266480" lon="113.6288020">
    <ele>2144.2</ele>
   </trkpt>
   <trkpt lat="-7.9266550" lon="113.6287670">
    <ele>2145.1</ele>
   </trkpt>
   <trkpt lat="-7.9266800" lon="113.6287380">
    <ele>2146.0</ele>
   </trkpt>
   <trkpt lat="-7.9267100" lon="113.6287180">
    <ele>2146.7</ele>
   </trkpt>
   <trkpt lat="-7.9267350" lon="113.6286980">
    <ele>2147.7</ele>
   </trkpt>
   <trkpt lat="-7.9267500" lon="113.6286720">
    <ele>2148.7</ele>
   </trkpt>
   <trkpt lat="-7.9267720" lon="113.6286520">
    <ele>2149.4</ele>
   </trkpt>
   <trkpt lat="-7.9267920" lon="113.6286330">
    <ele>2149.8</ele>
   </trkpt>
   <trkpt lat="-7.9268070" lon="113.6286080">
    <ele>2150.2</ele>
   </trkpt>
   <trkpt lat="-7.9268270" lon="113.6285870">
    <ele>2150.6</ele>
   </trkpt>
   <trkpt lat="-7.9268430" lon="113.6285650">
    <ele>2151.1</ele>
   </trkpt>
   <trkpt lat="-7.9268630" lon="113.6285430">
    <ele>2151.6</ele>
   </trkpt>
   <trkpt lat="-7.9268770" lon="113.6285180">
    <ele>2152.2</ele>
   </trkpt>
   <trkpt lat="-7.9268970" lon="113.6284930">
    <ele>2152.8</ele>
   </trkpt>
   <trkpt lat="-7.9269170" lon="113.6284670">
    <ele>2153.5</ele>
   </trkpt>
   <trkpt lat="-7.9269380" lon="113.6284380">
    <ele>2153.9</ele>
   </trkpt>
   <trkpt lat="-7.9269670" lon="113.6284020">
    <ele>2154.3</ele>
   </trkpt>
   <trkpt lat="-7.9269880" lon="113.6283770">
    <ele>2154.9</ele>
   </trkpt>
   <trkpt lat="-7.9270020" lon="113.6283430">
    <ele>2155.6</ele>
   </trkpt>
   <trkpt lat="-7.9270080" lon="113.6283130">
    <ele>2156.1</ele>
   </trkpt>
   <trkpt lat="-7.9270180" lon="113.6282830">
    <ele>2156.6</ele>
   </trkpt>
   <trkpt lat="-7.9270330" lon="113.6282600">
    <ele>2157.1</ele>
   </trkpt>
   <trkpt lat="-7.9270530" lon="113.6282330">
    <ele>2157.5</ele>
   </trkpt>
   <trkpt lat="-7.9270720" lon="113.6281980">
    <ele>2157.8</ele>
   </trkpt>
   <trkpt lat="-7.9270920" lon="113.6281700">
    <ele>2158.1</ele>
   </trkpt>
   <trkpt lat="-7.9271270" lon="113.6281380">
    <ele>2158.9</ele>
   </trkpt>
   <trkpt lat="-7.9271400" lon="113.6281100">
    <ele>2159.4</ele>
   </trkpt>
   <trkpt lat="-7.9271320" lon="113.6280820">
    <ele>2159.9</ele>
   </trkpt>
   <trkpt lat="-7.9271570" lon="113.6280600">
    <ele>2160.4</ele>
   </trkpt>
   <trkpt lat="-7.9271900" lon="113.6280550">
    <ele>2160.9</ele>
   </trkpt>
   <trkpt lat="-7.9272180" lon="113.6280350">
    <ele>2161.7</ele>
   </trkpt>
   <trkpt lat="-7.9272270" lon="113.6280070">
    <ele>2162.3</ele>
   </trkpt>
   <trkpt lat="-7.9272380" lon="113.6279770">
    <ele>2163.0</ele>
   </trkpt>
   <trkpt lat="-7.9272550" lon="113.6279420">
    <ele>2163.6</ele>
   </trkpt>
   <trkpt lat="-7.9272650" lon="113.6279100">
    <ele>2164.1</ele>
   </trkpt>
   <trkpt lat="-7.9272820" lon="113.6278870">
    <ele>2164.4</ele>
   </trkpt>
   <trkpt lat="-7.9273050" lon="113.6278570">
    <ele>2164.9</ele>
   </trkpt>
   <trkpt lat="-7.9273180" lon="113.6278230">
    <ele>2165.6</ele>
   </trkpt>
   <trkpt lat="-7.9273230" lon="113.6277850">
    <ele>2166.4</ele>
   </trkpt>
   <trkpt lat="-7.9273370" lon="113.6277420">
    <ele>2166.9</ele>
   </trkpt>
   <trkpt lat="-7.9273520" lon="113.6277170">
    <ele>2167.2</ele>
   </trkpt>
   <trkpt lat="-7.9273720" lon="113.6276920">
    <ele>2167.5</ele>
   </trkpt>
   <trkpt lat="-7.9273950" lon="113.6276650">
    <ele>2167.8</ele>
   </trkpt>
   <trkpt lat="-7.9274180" lon="113.6276370">
    <ele>2168.2</ele>
   </trkpt>
   <trkpt lat="-7.9274270" lon="113.6276030">
    <ele>2168.7</ele>
   </trkpt>
   <trkpt lat="-7.9274330" lon="113.6275770">
    <ele>2169.1</ele>
   </trkpt>
   <trkpt lat="-7.9274420" lon="113.6275280">
    <ele>2169.8</ele>
   </trkpt>
   <trkpt lat="-7.9274580" lon="113.6274850">
    <ele>2170.4</ele>
   </trkpt>
   <trkpt lat="-7.9274820" lon="113.6274530">
    <ele>2171.0</ele>
   </trkpt>
   <trkpt lat="-7.9275000" lon="113.6274330">
    <ele>2171.5</ele>
   </trkpt>
   <trkpt lat="-7.9275320" lon="113.6274170">
    <ele>2172.0</ele>
   </trkpt>
   <trkpt lat="-7.9275580" lon="113.6273970">
    <ele>2172.3</ele>
   </trkpt>
   <trkpt lat="-7.9275750" lon="113.6273700">
    <ele>2172.6</ele>
   </trkpt>
   <trkpt lat="-7.9275770" lon="113.6273400">
    <ele>2172.9</ele>
   </trkpt>
   <trkpt lat="-7.9275550" lon="113.6273080">
    <ele>2173.3</ele>
   </trkpt>
   <trkpt lat="-7.9275550" lon="113.6272800">
    <ele>2173.6</ele>
   </trkpt>
   <trkpt lat="-7.9275550" lon="113.6272470">
    <ele>2173.7</ele>
   </trkpt>
   <trkpt lat="-7.9275670" lon="113.6272130">
    <ele>2173.9</ele>
   </trkpt>
   <trkpt lat="-7.9275980" lon="113.6271830">
    <ele>2174.5</ele>
   </trkpt>
   <trkpt lat="-7.9276200" lon="113.6271620">
    <ele>2175.1</ele>
   </trkpt>
   <trkpt lat="-7.9276280" lon="113.6271280">
    <ele>2175.9</ele>
   </trkpt>
   <trkpt lat="-7.9276350" lon="113.6270980">
    <ele>2177.0</ele>
   </trkpt>
   <trkpt lat="-7.9276500" lon="113.6270470">
    <ele>2178.9</ele>
   </trkpt>
   <trkpt lat="-7.9276600" lon="113.6270170">
    <ele>2180.4</ele>
   </trkpt>
   <trkpt lat="-7.9276880" lon="113.6270030">
    <ele>2181.9</ele>
   </trkpt>
   <trkpt lat="-7.9276900" lon="113.6269680">
    <ele>2183.3</ele>
   </trkpt>
   <trkpt lat="-7.9276900" lon="113.6269330">
    <ele>2184.2</ele>
   </trkpt>
   <trkpt lat="-7.9276900" lon="113.6269020">
    <ele>2185.0</ele>
   </trkpt>
   <trkpt lat="-7.9277050" lon="113.6268750">
    <ele>2185.8</ele>
   </trkpt>
   <trkpt lat="-7.9277180" lon="113.6268400">
    <ele>2186.8</ele>
   </trkpt>
   <trkpt lat="-7.9277370" lon="113.6268150">
    <ele>2187.6</ele>
   </trkpt>
   <trkpt lat="-7.9277320" lon="113.6267850">
    <ele>2188.3</ele>
   </trkpt>
   <trkpt lat="-7.9277130" lon="113.6267580">
    <ele>2189.0</ele>
   </trkpt>
   <trkpt lat="-7.9277050" lon="113.6267300">
    <ele>2189.2</ele>
   </trkpt>
   <trkpt lat="-7.9277020" lon="113.6266970">
    <ele>2189.5</ele>
   </trkpt>
   <trkpt lat="-7.9276580" lon="113.6267070">
    <ele>2189.6</ele>
   </trkpt>
   <trkpt lat="-7.9276470" lon="113.6266770">
    <ele>2189.7</ele>
   </trkpt>
   <trkpt lat="-7.9276700" lon="113.6266520">
    <ele>2189.9</ele>
   </trkpt>
   <trkpt lat="-7.9276550" lon="113.6266270">
    <ele>2190.1</ele>
   </trkpt>
   <trkpt lat="-7.9276300" lon="113.6266050">
    <ele>2190.3</ele>
   </trkpt>
   <trkpt lat="-7.9276070" lon="113.6265850">
    <ele>2190.5</ele>
   </trkpt>
   <trkpt lat="-7.9276070" lon="113.6265550">
    <ele>2190.6</ele>
   </trkpt>
   <trkpt lat="-7.9276000" lon="113.6265280">
    <ele>2190.8</ele>
   </trkpt>
   <trkpt lat="-7.9275950" lon="113.6265000">
    <ele>2190.9</ele>
   </trkpt>
   <trkpt lat="-7.9275920" lon="113.6264620">
    <ele>2191.2</ele>
   </trkpt>
   <trkpt lat="-7.9275850" lon="113.6264350">
    <ele>2191.4</ele>
   </trkpt>
   <trkpt lat="-7.9275680" lon="113.6264070">
    <ele>2191.8</ele>
   </trkpt>
   <trkpt lat="-7.9275570" lon="113.6263770">
    <ele>2192.2</ele>
   </trkpt>
   <trkpt lat="-7.9275180" lon="113.6263250">
    <ele>2193.6</ele>
   </trkpt>
   <trkpt lat="-7.9275220" lon="113.6262900">
    <ele>2194.6</ele>
   </trkpt>
   <trkpt lat="-7.9274980" lon="113.6262700">
    <ele>2196.2</ele>
   </trkpt>
   <trkpt lat="-7.9274720" lon="113.6262550">
    <ele>2197.7</ele>
   </trkpt>
   <trkpt lat="-7.9274920" lon="113.6262180">
    <ele>2199.6</ele>
   </trkpt>
   <trkpt lat="-7.9274980" lon="113.6261750">
    <ele>2201.4</ele>
   </trkpt>
   <trkpt lat="-7.9275050" lon="113.6261430">
    <ele>2202.7</ele>
   </trkpt>
   <trkpt lat="-7.9275100" lon="113.6261120">
    <ele>2203.8</ele>
   </trkpt>
   <trkpt lat="-7.9275000" lon="113.6260770">
    <ele>2205.3</ele>
   </trkpt>
   <trkpt lat="-7.9274900" lon="113.6260470">
    <ele>2207.0</ele>
   </trkpt>
   <trkpt lat="-7.9274870" lon="113.6260150">
    <ele>2208.8</ele>
   </trkpt>
   <trkpt lat="-7.9274800" lon="113.6259820">
    <ele>2210.3</ele>
   </trkpt>
   <trkpt lat="-7.9274500" lon="113.6259630">
    <ele>2211.7</ele>
   </trkpt>
   <trkpt lat="-7.9274420" lon="113.6259300">
    <ele>2212.9</ele>
   </trkpt>
   <trkpt lat="-7.9274430" lon="113.6258980">
    <ele>2213.9</ele>
   </trkpt>
   <trkpt lat="-7.9274450" lon="113.6258620">
    <ele>2215.0</ele>
   </trkpt>
   <trkpt lat="-7.9274550" lon="113.6258220">
    <ele>2216.0</ele>
   </trkpt>
   <trkpt lat="-7.9274550" lon="113.6257930">
    <ele>2216.7</ele>
   </trkpt>
   <trkpt lat="-7.9274620" lon="113.6257600">
    <ele>2217.3</ele>
   </trkpt>
   <trkpt lat="-7.9274630" lon="113.6257320">
    <ele>2217.6</ele>
   </trkpt>
   <trkpt lat="-7.9274750" lon="113.6257050">
    <ele>2218.0</ele>
   </trkpt>
   <trkpt lat="-7.9274830" lon="113.6256770">
    <ele>2218.8</ele>
   </trkpt>
   <trkpt lat="-7.9275050" lon="113.6256320">
    <ele>2220.2</ele>
   </trkpt>
   <trkpt lat="-7.9275200" lon="113.6256020">
    <ele>2221.3</ele>
   </trkpt>
   <trkpt lat="-7.9275320" lon="113.6255770">
    <ele>2222.2</ele>
   </trkpt>
   <trkpt lat="-7.9275450" lon="113.6255420">
    <ele>2222.9</ele>
   </trkpt>
   <trkpt lat="-7.9275580" lon="113.6255100">
    <ele>2223.6</ele>
   </trkpt>
   <trkpt lat="-7.9275680" lon="113.6254780">
    <ele>2224.6</ele>
   </trkpt>
   <trkpt lat="-7.9275750" lon="113.6254450">
    <ele>2225.7</ele>
   </trkpt>
   <trkpt lat="-7.9275830" lon="113.6254180">
    <ele>2226.3</ele>
   </trkpt>
   <trkpt lat="-7.9275880" lon="113.6253900">
    <ele>2226.8</ele>
   </trkpt>
   <trkpt lat="-7.9276030" lon="113.6253600">
    <ele>2227.4</ele>
   </trkpt>
   <trkpt lat="-7.9276130" lon="113.6253220">
    <ele>2227.7</ele>
   </trkpt>
   <trkpt lat="-7.9276380" lon="113.6253070">
    <ele>2227.9</ele>
   </trkpt>
   <trkpt lat="-7.9276650" lon="113.6252630">
    <ele>2227.9</ele>
   </trkpt>
   <trkpt lat="-7.9276970" lon="113.6252580">
    <ele>2227.8</ele>
   </trkpt>
   <trkpt lat="-7.9277250" lon="113.6252250">
    <ele>2227.5</ele>
   </trkpt>
   <trkpt lat="-7.9277380" lon="113.6251870">
    <ele>2227.2</ele>
   </trkpt>
   <trkpt lat="-7.9277500" lon="113.6251550">
    <ele>2227.1</ele>
   </trkpt>
   <trkpt lat="-7.9277700" lon="113.6251330">
    <ele>2227.1</ele>
   </trkpt>
   <trkpt lat="-7.9277980" lon="113.6250770">
    <ele>2227.1</ele>
   </trkpt>
   <trkpt lat="-7.9278150" lon="113.6250550">
    <ele>2227.1</ele>
   </trkpt>
   <trkpt lat="-7.9278250" lon="113.6250230">
    <ele>2227.1</ele>
   </trkpt>
   <trkpt lat="-7.9278370" lon="113.6249770">
    <ele>2226.8</ele>
   </trkpt>
   <trkpt lat="-7.9278480" lon="113.6249500">
    <ele>2226.6</ele>
   </trkpt>
   <trkpt lat="-7.9278780" lon="113.6249420">
    <ele>2226.3</ele>
   </trkpt>
   <trkpt lat="-7.9279100" lon="113.6249280">
    <ele>2226.1</ele>
   </trkpt>
   <trkpt lat="-7.9279470" lon="113.6249030">
    <ele>2225.9</ele>
   </trkpt>
   <trkpt lat="-7.9279820" lon="113.6248850">
    <ele>2225.7</ele>
   </trkpt>
   <trkpt lat="-7.9280150" lon="113.6248650">
    <ele>2225.5</ele>
   </trkpt>
   <trkpt lat="-7.9280430" lon="113.6248470">
    <ele>2225.1</ele>
   </trkpt>
   <trkpt lat="-7.9280670" lon="113.6248200">
    <ele>2224.6</ele>
   </trkpt>
   <trkpt lat="-7.9280980" lon="113.6248050">
    <ele>2224.2</ele>
   </trkpt>
   <trkpt lat="-7.9281280" lon="113.6247950">
    <ele>2223.9</ele>
   </trkpt>
   <trkpt lat="-7.9281620" lon="113.6247880">
    <ele>2223.6</ele>
   </trkpt>
   <trkpt lat="-7.9281900" lon="113.6247530">
    <ele>2223.1</ele>
   </trkpt>
   <trkpt lat="-7.9282200" lon="113.6247250">
    <ele>2222.5</ele>
   </trkpt>
   <trkpt lat="-7.9282520" lon="113.6246970">
    <ele>2221.9</ele>
   </trkpt>
   <trkpt lat="-7.9282870" lon="113.6246850">
    <ele>2221.1</ele>
   </trkpt>
   <trkpt lat="-7.9283330" lon="113.6246600">
    <ele>2219.8</ele>
   </trkpt>
   <trkpt lat="-7.9283650" lon="113.6246400">
    <ele>2219.6</ele>
   </trkpt>
   <trkpt lat="-7.9284020" lon="113.6246270">
    <ele>2219.5</ele>
   </trkpt>
   <trkpt lat="-7.9284400" lon="113.6246180">
    <ele>2219.4</ele>
   </trkpt>
   <trkpt lat="-7.9284930" lon="113.6246070">
    <ele>2219.4</ele>
   </trkpt>
   <trkpt lat="-7.9285270" lon="113.6246200">
    <ele>2219.5</ele>
   </trkpt>
   <trkpt lat="-7.9285550" lon="113.6246180">
    <ele>2219.6</ele>
   </trkpt>
   <trkpt lat="-7.9285850" lon="113.6246030">
    <ele>2219.5</ele>
   </trkpt>
   <trkpt lat="-7.9286150" lon="113.6245730">
    <ele>2219.4</ele>
   </trkpt>
   <trkpt lat="-7.9286450" lon="113.6245630">
    <ele>2219.4</ele>
   </trkpt>
   <trkpt lat="-7.9286770" lon="113.6245480">
    <ele>2219.5</ele>
   </trkpt>
   <trkpt lat="-7.9287100" lon="113.6245280">
    <ele>2219.2</ele>
   </trkpt>
   <trkpt lat="-7.9287430" lon="113.6245220">
    <ele>2218.9</ele>
   </trkpt>
   <trkpt lat="-7.9287900" lon="113.6245130">
    <ele>2218.9</ele>
   </trkpt>
   <trkpt lat="-7.9288550" lon="113.6245050">
    <ele>2219.1</ele>
   </trkpt>
   <trkpt lat="-7.9288970" lon="113.6244930">
    <ele>2219.2</ele>
   </trkpt>
   <trkpt lat="-7.9289330" lon="113.6244800">
    <ele>2219.4</ele>
   </trkpt>
   <trkpt lat="-7.9289600" lon="113.6244720">
    <ele>2219.5</ele>
   </trkpt>
   <trkpt lat="-7.9289870" lon="113.6244500">
    <ele>2219.5</ele>
   </trkpt>
   <trkpt lat="-7.9290180" lon="113.6244220">
    <ele>2219.5</ele>
   </trkpt>
   <trkpt lat="-7.9290520" lon="113.6244050">
    <ele>2219.5</ele>
   </trkpt>
   <trkpt lat="-7.9290980" lon="113.6243980">
    <ele>2219.3</ele>
   </trkpt>
   <trkpt lat="-7.9291430" lon="113.6244050">
    <ele>2219.2</ele>
   </trkpt>
   <trkpt lat="-7.9291720" lon="113.6244120">
    <ele>2219.4</ele>
   </trkpt>
   <trkpt lat="-7.9292200" lon="113.6244180">
    <ele>2219.8</ele>
   </trkpt>
   <trkpt lat="-7.9292680" lon="113.6244300">
    <ele>2219.5</ele>
   </trkpt>
   <trkpt lat="-7.9292970" lon="113.6244350">
    <ele>2219.2</ele>
   </trkpt>
   <trkpt lat="-7.9293330" lon="113.6244320">
    <ele>2218.9</ele>
   </trkpt>
   <trkpt lat="-7.9293620" lon="113.6244350">
    <ele>2218.7</ele>
   </trkpt>
   <trkpt lat="-7.9293930" lon="113.6244370">
    <ele>2218.5</ele>
   </trkpt>
   <trkpt lat="-7.9294220" lon="113.6244370">
    <ele>2218.1</ele>
   </trkpt>
   <trkpt lat="-7.9294780" lon="113.6244430">
    <ele>2217.0</ele>
   </trkpt>
   <trkpt lat="-7.9295120" lon="113.6244500">
    <ele>2216.6</ele>
   </trkpt>
   <trkpt lat="-7.9295500" lon="113.6244430">
    <ele>2216.6</ele>
   </trkpt>
   <trkpt lat="-7.9295980" lon="113.6244400">
    <ele>2216.8</ele>
   </trkpt>
   <trkpt lat="-7.9296350" lon="113.6244300">
    <ele>2217.2</ele>
   </trkpt>
   <trkpt lat="-7.9296750" lon="113.6244280">
    <ele>2217.0</ele>
   </trkpt>
   <trkpt lat="-7.9297130" lon="113.6244320">
    <ele>2216.6</ele>
   </trkpt>
   <trkpt lat="-7.9297570" lon="113.6244200">
    <ele>2216.0</ele>
   </trkpt>
   <trkpt lat="-7.9298020" lon="113.6244080">
    <ele>2215.6</ele>
   </trkpt>
   <trkpt lat="-7.9298330" lon="113.6244020">
    <ele>2215.4</ele>
   </trkpt>
   <trkpt lat="-7.9298620" lon="113.6243950">
    <ele>2215.2</ele>
   </trkpt>
   <trkpt lat="-7.9299030" lon="113.6243900">
    <ele>2215.2</ele>
   </trkpt>
   <trkpt lat="-7.9299420" lon="113.6243970">
    <ele>2215.1</ele>
   </trkpt>
   <trkpt lat="-7.9299730" lon="113.6244020">
    <ele>2215.1</ele>
   </trkpt>
   <trkpt lat="-7.9300200" lon="113.6244030">
    <ele>2214.7</ele>
   </trkpt>
   <trkpt lat="-7.9300750" lon="113.6244020">
    <ele>2214.3</ele>
   </trkpt>
   <trkpt lat="-7.9301180" lon="113.6244030">
    <ele>2213.9</ele>
   </trkpt>
   <trkpt lat="-7.9301720" lon="113.6243930">
    <ele>2213.7</ele>
   </trkpt>
   <trkpt lat="-7.9302020" lon="113.6243850">
    <ele>2213.8</ele>
   </trkpt>
   <trkpt lat="-7.9302400" lon="113.6243630">
    <ele>2214.0</ele>
   </trkpt>
   <trkpt lat="-7.9303030" lon="113.6243350">
    <ele>2214.8</ele>
   </trkpt>
   <trkpt lat="-7.9303280" lon="113.6243150">
    <ele>2215.1</ele>
   </trkpt>
   <trkpt lat="-7.9303720" lon="113.6243020">
    <ele>2215.6</ele>
   </trkpt>
   <trkpt lat="-7.9304220" lon="113.6242920">
    <ele>2216.3</ele>
   </trkpt>
   <trkpt lat="-7.9304530" lon="113.6242920">
    <ele>2216.7</ele>
   </trkpt>
   <trkpt lat="-7.9304900" lon="113.6242780">
    <ele>2217.0</ele>
   </trkpt>
   <trkpt lat="-7.9305380" lon="113.6242650">
    <ele>2217.1</ele>
   </trkpt>
   <trkpt lat="-7.9305670" lon="113.6242670">
    <ele>2217.0</ele>
   </trkpt>
   <trkpt lat="-7.9306200" lon="113.6242650">
    <ele>2216.7</ele>
   </trkpt>
   <trkpt lat="-7.9306500" lon="113.6242620">
    <ele>2216.5</ele>
   </trkpt>
   <trkpt lat="-7.9306870" lon="113.6242530">
    <ele>2216.2</ele>
   </trkpt>
   <trkpt lat="-7.9307200" lon="113.6242330">
    <ele>2216.0</ele>
   </trkpt>
   <trkpt lat="-7.9307500" lon="113.6242180">
    <ele>2216.0</ele>
   </trkpt>
   <trkpt lat="-7.9307770" lon="113.6242120">
    <ele>2215.9</ele>
   </trkpt>
   <trkpt lat="-7.9308050" lon="113.6241850">
    <ele>2216.0</ele>
   </trkpt>
   <trkpt lat="-7.9308250" lon="113.6241630">
    <ele>2216.0</ele>
   </trkpt>
   <trkpt lat="-7.9308500" lon="113.6241520">
    <ele>2216.1</ele>
   </trkpt>
   <trkpt lat="-7.9308920" lon="113.6241350">
    <ele>2215.9</ele>
   </trkpt>
   <trkpt lat="-7.9309230" lon="113.6241300">
    <ele>2215.6</ele>
   </trkpt>
   <trkpt lat="-7.9309530" lon="113.6241080">
    <ele>2215.4</ele>
   </trkpt>
   <trkpt lat="-7.9309800" lon="113.6240920">
    <ele>2215.3</ele>
   </trkpt>
   <trkpt lat="-7.9310080" lon="113.6240620">
    <ele>2214.9</ele>
   </trkpt>
   <trkpt lat="-7.9310430" lon="113.6240250">
    <ele>2214.0</ele>
   </trkpt>
   <trkpt lat="-7.9310670" lon="113.6240080">
    <ele>2213.4</ele>
   </trkpt>
   <trkpt lat="-7.9310930" lon="113.6239900">
    <ele>2212.7</ele>
   </trkpt>
   <trkpt lat="-7.9311350" lon="113.6239630">
    <ele>2211.7</ele>
   </trkpt>
   <trkpt lat="-7.9311670" lon="113.6239630">
    <ele>2211.2</ele>
   </trkpt>
   <trkpt lat="-7.9311950" lon="113.6239670">
    <ele>2210.7</ele>
   </trkpt>
   <trkpt lat="-7.9312400" lon="113.6239600">
    <ele>2210.4</ele>
   </trkpt>
   <trkpt lat="-7.9312800" lon="113.6239550">
    <ele>2210.0</ele>
   </trkpt>
   <trkpt lat="-7.9313070" lon="113.6239600">
    <ele>2209.4</ele>
   </trkpt>
   <trkpt lat="-7.9313450" lon="113.6239620">
    <ele>2208.6</ele>
   </trkpt>
   <trkpt lat="-7.9313870" lon="113.6239480">
    <ele>2209.3</ele>
   </trkpt>
   <trkpt lat="-7.9314370" lon="113.6239420">
    <ele>2209.7</ele>
   </trkpt>
   <trkpt lat="-7.9314600" lon="113.6239620">
    <ele>2209.7</ele>
   </trkpt>
   <trkpt lat="-7.9314780" lon="113.6239400">
    <ele>2209.9</ele>
   </trkpt>
   <trkpt lat="-7.9315120" lon="113.6239280">
    <ele>2210.2</ele>
   </trkpt>
   <trkpt lat="-7.9315420" lon="113.6239280">
    <ele>2210.5</ele>
   </trkpt>
   <trkpt lat="-7.9315780" lon="113.6239120">
    <ele>2211.1</ele>
   </trkpt>
   <trkpt lat="-7.9316000" lon="113.6238780">
    <ele>2211.5</ele>
   </trkpt>
   <trkpt lat="-7.9316280" lon="113.6238600">
    <ele>2211.7</ele>
   </trkpt>
   <trkpt lat="-7.9316630" lon="113.6238450">
    <ele>2212.0</ele>
   </trkpt>
   <trkpt lat="-7.9316950" lon="113.6238450">
    <ele>2212.3</ele>
   </trkpt>
   <trkpt lat="-7.9317130" lon="113.6238650">
    <ele>2212.6</ele>
   </trkpt>
   <trkpt lat="-7.9317450" lon="113.6238730">
    <ele>2213.0</ele>
   </trkpt>
   <trkpt lat="-7.9317720" lon="113.6238780">
    <ele>2213.2</ele>
   </trkpt>
   <trkpt lat="-7.9317970" lon="113.6238930">
    <ele>2213.5</ele>
   </trkpt>
   <trkpt lat="-7.9318300" lon="113.6239050">
    <ele>2213.8</ele>
   </trkpt>
   <trkpt lat="-7.9318720" lon="113.6239050">
    <ele>2214.1</ele>
   </trkpt>
   <trkpt lat="-7.9319000" lon="113.6239120">
    <ele>2214.2</ele>
   </trkpt>
   <trkpt lat="-7.9319400" lon="113.6239270">
    <ele>2214.4</ele>
   </trkpt>
   <trkpt lat="-7.9319550" lon="113.6239500">
    <ele>2214.5</ele>
   </trkpt>
   <trkpt lat="-7.9320050" lon="113.6239650">
    <ele>2214.9</ele>
   </trkpt>
   <trkpt lat="-7.9320420" lon="113.6239780">
    <ele>2215.6</ele>
   </trkpt>
   <trkpt lat="-7.9320750" lon="113.6239830">
    <ele>2216.2</ele>
   </trkpt>
   <trkpt lat="-7.9321100" lon="113.6240080">
    <ele>2216.4</ele>
   </trkpt>
   <trkpt lat="-7.9321470" lon="113.6240380">
    <ele>2216.6</ele>
   </trkpt>
   <trkpt lat="-7.9321780" lon="113.6240480">
    <ele>2216.5</ele>
   </trkpt>
   <trkpt lat="-7.9321980" lon="113.6240670">
    <ele>2216.4</ele>
   </trkpt>
   <trkpt lat="-7.9322200" lon="113.6240870">
    <ele>2216.4</ele>
   </trkpt>
   <trkpt lat="-7.9322470" lon="113.6241020">
    <ele>2216.6</ele>
   </trkpt>
   <trkpt lat="-7.9322850" lon="113.6241430">
    <ele>2216.9</ele>
   </trkpt>
   <trkpt lat="-7.9323000" lon="113.6241730">
    <ele>2217.0</ele>
   </trkpt>
   <trkpt lat="-7.9323270" lon="113.6241970">
    <ele>2217.1</ele>
   </trkpt>
   <trkpt lat="-7.9323480" lon="113.6242270">
    <ele>2217.2</ele>
   </trkpt>
   <trkpt lat="-7.9323980" lon="113.6242530">
    <ele>2217.2</ele>
   </trkpt>
   <trkpt lat="-7.9324270" lon="113.6242750">
    <ele>2217.5</ele>
   </trkpt>
   <trkpt lat="-7.9324800" lon="113.6242900">
    <ele>2218.1</ele>
   </trkpt>
   <trkpt lat="-7.9325130" lon="113.6243120">
    <ele>2219.3</ele>
   </trkpt>
   <trkpt lat="-7.9325420" lon="113.6243150">
    <ele>2220.4</ele>
   </trkpt>
   <trkpt lat="-7.9325700" lon="113.6243170">
    <ele>2221.2</ele>
   </trkpt>
   <trkpt lat="-7.9325970" lon="113.6243220">
    <ele>2221.6</ele>
   </trkpt>
   <trkpt lat="-7.9326250" lon="113.6243250">
    <ele>2221.9</ele>
   </trkpt>
   <trkpt lat="-7.9326580" lon="113.6243380">
    <ele>2221.9</ele>
   </trkpt>
   <trkpt lat="-7.9326920" lon="113.6243530">
    <ele>2221.1</ele>
   </trkpt>
   <trkpt lat="-7.9327200" lon="113.6243630">
    <ele>2220.5</ele>
   </trkpt>
   <trkpt lat="-7.9327520" lon="113.6243600">
    <ele>2220.5</ele>
   </trkpt>
   <trkpt lat="-7.9327880" lon="113.6243530">
    <ele>2220.7</ele>
   </trkpt>
   <trkpt lat="-7.9328250" lon="113.6243420">
    <ele>2220.4</ele>
   </trkpt>
   <trkpt lat="-7.9328780" lon="113.6243430">
    <ele>2219.2</ele>
   </trkpt>
   <trkpt lat="-7.9329020" lon="113.6243430">
    <ele>2218.6</ele>
   </trkpt>
   <trkpt lat="-7.9329270" lon="113.6243430">
    <ele>2218.2</ele>
   </trkpt>
   <trkpt lat="-7.9329530" lon="113.6243600">
    <ele>2217.6</ele>
   </trkpt>
   <trkpt lat="-7.9329930" lon="113.6243520">
    <ele>2216.9</ele>
   </trkpt>
   <trkpt lat="-7.9330380" lon="113.6243820">
    <ele>2216.1</ele>
   </trkpt>
   <trkpt lat="-7.9330750" lon="113.6243950">
    <ele>2215.5</ele>
   </trkpt>
   <trkpt lat="-7.9331080" lon="113.6244020">
    <ele>2215.0</ele>
   </trkpt>
   <trkpt lat="-7.9331500" lon="113.6244080">
    <ele>2214.6</ele>
   </trkpt>
   <trkpt lat="-7.9331780" lon="113.6244180">
    <ele>2214.4</ele>
   </trkpt>
   <trkpt lat="-7.9332250" lon="113.6244320">
    <ele>2214.3</ele>
   </trkpt>
   <trkpt lat="-7.9332850" lon="113.6244580">
    <ele>2214.5</ele>
   </trkpt>
   <trkpt lat="-7.9333370" lon="113.6244780">
    <ele>2215.1</ele>
   </trkpt>
   <trkpt lat="-7.9333830" lon="113.6244870">
    <ele>2215.2</ele>
   </trkpt>
   <trkpt lat="-7.9334170" lon="113.6245000">
    <ele>2215.1</ele>
   </trkpt>
   <trkpt lat="-7.9334500" lon="113.6245220">
    <ele>2215.0</ele>
   </trkpt>
   <trkpt lat="-7.9334830" lon="113.6245380">
    <ele>2214.9</ele>
   </trkpt>
   <trkpt lat="-7.9335030" lon="113.6245170">
    <ele>2214.8</ele>
   </trkpt>
   <trkpt lat="-7.9335330" lon="113.6245380">
    <ele>2214.3</ele>
   </trkpt>
   <trkpt lat="-7.9335770" lon="113.6245500">
    <ele>2213.6</ele>
   </trkpt>
   <trkpt lat="-7.9336020" lon="113.6245630">
    <ele>2213.0</ele>
   </trkpt>
   <trkpt lat="-7.9336300" lon="113.6245700">
    <ele>2212.4</ele>
   </trkpt>
   <trkpt lat="-7.9336750" lon="113.6245580">
    <ele>2211.6</ele>
   </trkpt>
   <trkpt lat="-7.9337100" lon="113.6245750">
    <ele>2211.3</ele>
   </trkpt>
   <trkpt lat="-7.9337280" lon="113.6245950">
    <ele>2211.1</ele>
   </trkpt>
   <trkpt lat="-7.9337530" lon="113.6246150">
    <ele>2211.2</ele>
   </trkpt>
   <trkpt lat="-7.9337770" lon="113.6246330">
    <ele>2211.3</ele>
   </trkpt>
   <trkpt lat="-7.9338180" lon="113.6246450">
    <ele>2211.5</ele>
   </trkpt>
   <trkpt lat="-7.9338520" lon="113.6246800">
    <ele>2211.6</ele>
   </trkpt>
   <trkpt lat="-7.9338970" lon="113.6246930">
    <ele>2211.7</ele>
   </trkpt>
   <trkpt lat="-7.9339400" lon="113.6247180">
    <ele>2211.7</ele>
   </trkpt>
   <trkpt lat="-7.9339750" lon="113.6247450">
    <ele>2212.1</ele>
   </trkpt>
   <trkpt lat="-7.9340000" lon="113.6247630">
    <ele>2212.3</ele>
   </trkpt>
   <trkpt lat="-7.9340280" lon="113.6247820">
    <ele>2212.5</ele>
   </trkpt>
   <trkpt lat="-7.9340450" lon="113.6248070">
    <ele>2212.6</ele>
   </trkpt>
   <trkpt lat="-7.9340680" lon="113.6248330">
    <ele>2212.5</ele>
   </trkpt>
   <trkpt lat="-7.9341050" lon="113.6248400">
    <ele>2212.0</ele>
   </trkpt>
   <trkpt lat="-7.9341380" lon="113.6248470">
    <ele>2211.6</ele>
   </trkpt>
   <trkpt lat="-7.9341680" lon="113.6248670">
    <ele>2211.6</ele>
   </trkpt>
   <trkpt lat="-7.9342070" lon="113.6248880">
    <ele>2211.7</ele>
   </trkpt>
   <trkpt lat="-7.9342470" lon="113.6249000">
    <ele>2211.4</ele>
   </trkpt>
   <trkpt lat="-7.9342880" lon="113.6249000">
    <ele>2211.2</ele>
   </trkpt>
   <trkpt lat="-7.9343400" lon="113.6248880">
    <ele>2210.9</ele>
   </trkpt>
   <trkpt lat="-7.9343880" lon="113.6248780">
    <ele>2210.6</ele>
   </trkpt>
   <trkpt lat="-7.9344250" lon="113.6248730">
    <ele>2210.2</ele>
   </trkpt>
   <trkpt lat="-7.9344700" lon="113.6248720">
    <ele>2209.8</ele>
   </trkpt>
   <trkpt lat="-7.9344950" lon="113.6248600">
    <ele>2209.5</ele>
   </trkpt>
   <trkpt lat="-7.9345300" lon="113.6248580">
    <ele>2209.2</ele>
   </trkpt>
   <trkpt lat="-7.9345600" lon="113.6248730">
    <ele>2208.9</ele>
   </trkpt>
   <trkpt lat="-7.9345930" lon="113.6248630">
    <ele>2208.7</ele>
   </trkpt>
   <trkpt lat="-7.9346230" lon="113.6248580">
    <ele>2208.5</ele>
   </trkpt>
   <trkpt lat="-7.9346650" lon="113.6248620">
    <ele>2208.4</ele>
   </trkpt>
   <trkpt lat="-7.9347130" lon="113.6248650">
    <ele>2208.0</ele>
   </trkpt>
   <trkpt lat="-7.9347530" lon="113.6248400">
    <ele>2207.5</ele>
   </trkpt>
   <trkpt lat="-7.9347980" lon="113.6248430">
    <ele>2206.1</ele>
   </trkpt>
   <trkpt lat="-7.9348280" lon="113.6248730">
    <ele>2204.6</ele>
   </trkpt>
   <trkpt lat="-7.9348500" lon="113.6248900">
    <ele>2204.2</ele>
   </trkpt>
   <trkpt lat="-7.9348850" lon="113.6249170">
    <ele>2203.6</ele>
   </trkpt>
   <trkpt lat="-7.9349250" lon="113.6249430">
    <ele>2202.4</ele>
   </trkpt>
   <trkpt lat="-7.9349500" lon="113.6249670">
    <ele>2201.4</ele>
   </trkpt>
   <trkpt lat="-7.9349850" lon="113.6249750">
    <ele>2200.3</ele>
   </trkpt>
   <trkpt lat="-7.9350300" lon="113.6249930">
    <ele>2198.6</ele>
   </trkpt>
   <trkpt lat="-7.9350770" lon="113.6250120">
    <ele>2196.7</ele>
   </trkpt>
   <trkpt lat="-7.9351050" lon="113.6250130">
    <ele>2195.5</ele>
   </trkpt>
   <trkpt lat="-7.9351270" lon="113.6250320">
    <ele>2194.5</ele>
   </trkpt>
   <trkpt lat="-7.9351580" lon="113.6250350">
    <ele>2193.6</ele>
   </trkpt>
   <trkpt lat="-7.9351850" lon="113.6250500">
    <ele>2192.7</ele>
   </trkpt>
   <trkpt lat="-7.9352100" lon="113.6250630">
    <ele>2191.8</ele>
   </trkpt>
   <trkpt lat="-7.9352550" lon="113.6250850">
    <ele>2190.0</ele>
   </trkpt>
   <trkpt lat="-7.9352900" lon="113.6250870">
    <ele>2189.1</ele>
   </trkpt>
   <trkpt lat="-7.9353300" lon="113.6251080">
    <ele>2189.1</ele>
   </trkpt>
   <trkpt lat="-7.9353680" lon="113.6251170">
    <ele>2189.0</ele>
   </trkpt>
   <trkpt lat="-7.9353850" lon="113.6251500">
    <ele>2188.1</ele>
   </trkpt>
   <trkpt lat="-7.9354120" lon="113.6251580">
    <ele>2187.5</ele>
   </trkpt>
   <trkpt lat="-7.9354480" lon="113.6251720">
    <ele>2186.7</ele>
   </trkpt>
   <trkpt lat="-7.9354730" lon="113.6251900">
    <ele>2186.2</ele>
   </trkpt>
   <trkpt lat="-7.9355080" lon="113.6252080">
    <ele>2186.1</ele>
   </trkpt>
   <trkpt lat="-7.9355370" lon="113.6252000">
    <ele>2186.3</ele>
   </trkpt>
   <trkpt lat="-7.9355750" lon="113.6252080">
    <ele>2186.1</ele>
   </trkpt>
   <trkpt lat="-7.9356050" lon="113.6252080">
    <ele>2185.7</ele>
   </trkpt>
   <trkpt lat="-7.9356380" lon="113.6252080">
    <ele>2185.7</ele>
   </trkpt>
   <trkpt lat="-7.9356750" lon="113.6252280">
    <ele>2185.7</ele>
   </trkpt>
   <trkpt lat="-7.9357070" lon="113.6252400">
    <ele>2185.6</ele>
   </trkpt>
   <trkpt lat="-7.9357400" lon="113.6252520">
    <ele>2185.4</ele>
   </trkpt>
   <trkpt lat="-7.9357720" lon="113.6252650">
    <ele>2185.3</ele>
   </trkpt>
   <trkpt lat="-7.9358170" lon="113.6252730">
    <ele>2185.3</ele>
   </trkpt>
   <trkpt lat="-7.9358520" lon="113.6252850">
    <ele>2185.5</ele>
   </trkpt>
   <trkpt lat="-7.9358850" lon="113.6252600">
    <ele>2185.8</ele>
   </trkpt>
   <trkpt lat="-7.9359280" lon="113.6252550">
    <ele>2185.6</ele>
   </trkpt>
   <trkpt lat="-7.9359650" lon="113.6252550">
    <ele>2185.2</ele>
   </trkpt>
   <trkpt lat="-7.9359930" lon="113.6252520">
    <ele>2185.1</ele>
   </trkpt>
   <trkpt lat="-7.9360280" lon="113.6252580">
    <ele>2185.0</ele>
   </trkpt>
   <trkpt lat="-7.9360630" lon="113.6252570">
    <ele>2184.9</ele>
   </trkpt>
   <trkpt lat="-7.9361050" lon="113.6252530">
    <ele>2184.6</ele>
   </trkpt>
   <trkpt lat="-7.9361370" lon="113.6252750">
    <ele>2184.1</ele>
   </trkpt>
   <trkpt lat="-7.9361730" lon="113.6252880">
    <ele>2183.5</ele>
   </trkpt>
   <trkpt lat="-7.9362120" lon="113.6252980">
    <ele>2183.2</ele>
   </trkpt>
   <trkpt lat="-7.9362480" lon="113.6253180">
    <ele>2183.0</ele>
   </trkpt>
   <trkpt lat="-7.9362750" lon="113.6253330">
    <ele>2182.8</ele>
   </trkpt>
   <trkpt lat="-7.9363070" lon="113.6253420">
    <ele>2182.6</ele>
   </trkpt>
   <trkpt lat="-7.9363330" lon="113.6253520">
    <ele>2182.5</ele>
   </trkpt>
   <trkpt lat="-7.9363530" lon="113.6253730">
    <ele>2182.7</ele>
   </trkpt>
   <trkpt lat="-7.9363800" lon="113.6253620">
    <ele>2182.8</ele>
   </trkpt>
   <trkpt lat="-7.9364100" lon="113.6253500">
    <ele>2182.6</ele>
   </trkpt>
   <trkpt lat="-7.9364470" lon="113.6253530">
    <ele>2182.3</ele>
   </trkpt>
   <trkpt lat="-7.9364780" lon="113.6253430">
    <ele>2182.1</ele>
   </trkpt>
   <trkpt lat="-7.9365180" lon="113.6253230">
    <ele>2182.0</ele>
   </trkpt>
   <trkpt lat="-7.9365470" lon="113.6253200">
    <ele>2182.2</ele>
   </trkpt>
   <trkpt lat="-7.9365720" lon="113.6253020">
    <ele>2182.5</ele>
   </trkpt>
   <trkpt lat="-7.9366100" lon="113.6252900">
    <ele>2182.9</ele>
   </trkpt>
   <trkpt lat="-7.9366530" lon="113.6252870">
    <ele>2183.2</ele>
   </trkpt>
   <trkpt lat="-7.9366820" lon="113.6252820">
    <ele>2183.3</ele>
   </trkpt>
   <trkpt lat="-7.9367320" lon="113.6252580">
    <ele>2182.7</ele>
   </trkpt>
   <trkpt lat="-7.9367730" lon="113.6252470">
    <ele>2182.1</ele>
   </trkpt>
   <trkpt lat="-7.9368050" lon="113.6252400">
    <ele>2181.5</ele>
   </trkpt>
   <trkpt lat="-7.9368500" lon="113.6252270">
    <ele>2180.9</ele>
   </trkpt>
   <trkpt lat="-7.9368770" lon="113.6252200">
    <ele>2180.7</ele>
   </trkpt>
   <trkpt lat="-7.9369070" lon="113.6252070">
    <ele>2180.5</ele>
   </trkpt>
   <trkpt lat="-7.9369350" lon="113.6251900">
    <ele>2180.8</ele>
   </trkpt>
   <trkpt lat="-7.9369750" lon="113.6251770">
    <ele>2181.8</ele>
   </trkpt>
   <trkpt lat="-7.9370070" lon="113.6251680">
    <ele>2182.1</ele>
   </trkpt>
   <trkpt lat="-7.9370380" lon="113.6251480">
    <ele>2182.4</ele>
   </trkpt>
   <trkpt lat="-7.9370470" lon="113.6251050">
    <ele>2182.2</ele>
   </trkpt>
   <trkpt lat="-7.9370720" lon="113.6250830">
    <ele>2182.0</ele>
   </trkpt>
   <trkpt lat="-7.9371030" lon="113.6250700">
    <ele>2181.6</ele>
   </trkpt>
   <trkpt lat="-7.9371300" lon="113.6250620">
    <ele>2181.2</ele>
   </trkpt>
   <trkpt lat="-7.9371700" lon="113.6250330">
    <ele>2180.5</ele>
   </trkpt>
   <trkpt lat="-7.9371900" lon="113.6250150">
    <ele>2180.1</ele>
   </trkpt>
   <trkpt lat="-7.9372280" lon="113.6249920">
    <ele>2179.3</ele>
   </trkpt>
   <trkpt lat="-7.9372570" lon="113.6249900">
    <ele>2178.4</ele>
   </trkpt>
   <trkpt lat="-7.9372830" lon="113.6249750">
    <ele>2177.6</ele>
   </trkpt>
   <trkpt lat="-7.9373200" lon="113.6249580">
    <ele>2176.4</ele>
   </trkpt>
   <trkpt lat="-7.9373580" lon="113.6249520">
    <ele>2175.3</ele>
   </trkpt>
   <trkpt lat="-7.9373870" lon="113.6249270">
    <ele>2174.2</ele>
   </trkpt>
   <trkpt lat="-7.9374200" lon="113.6249150">
    <ele>2173.1</ele>
   </trkpt>
   <trkpt lat="-7.9374580" lon="113.6249030">
    <ele>2171.9</ele>
   </trkpt>
   <trkpt lat="-7.9374950" lon="113.6248770">
    <ele>2170.7</ele>
   </trkpt>
   <trkpt lat="-7.9375200" lon="113.6248480">
    <ele>2169.8</ele>
   </trkpt>
   <trkpt lat="-7.9375600" lon="113.6248370">
    <ele>2169.8</ele>
   </trkpt>
   <trkpt lat="-7.9375950" lon="113.6248120">
    <ele>2169.7</ele>
   </trkpt>
   <trkpt lat="-7.9376350" lon="113.6247670">
    <ele>2170.4</ele>
   </trkpt>
   <trkpt lat="-7.9376620" lon="113.6247300">
    <ele>2170.8</ele>
   </trkpt>
   <trkpt lat="-7.9376900" lon="113.6246980">
    <ele>2171.0</ele>
   </trkpt>
   <trkpt lat="-7.9377150" lon="113.6246670">
    <ele>2171.2</ele>
   </trkpt>
   <trkpt lat="-7.9377450" lon="113.6246420">
    <ele>2171.0</ele>
   </trkpt>
   <trkpt lat="-7.9377720" lon="113.6246150">
    <ele>2170.7</ele>
   </trkpt>
   <trkpt lat="-7.9378030" lon="113.6245880">
    <ele>2169.2</ele>
   </trkpt>
   <trkpt lat="-7.9378330" lon="113.6245620">
    <ele>2167.7</ele>
   </trkpt>
   <trkpt lat="-7.9378550" lon="113.6245420">
    <ele>2166.9</ele>
   </trkpt>
   <trkpt lat="-7.9378750" lon="113.6245230">
    <ele>2166.2</ele>
   </trkpt>
   <trkpt lat="-7.9379180" lon="113.6244970">
    <ele>2164.7</ele>
   </trkpt>
   <trkpt lat="-7.9379570" lon="113.6244820">
    <ele>2163.3</ele>
   </trkpt>
   <trkpt lat="-7.9379780" lon="113.6244630">
    <ele>2162.4</ele>
   </trkpt>
   <trkpt lat="-7.9380080" lon="113.6244430">
    <ele>2161.3</ele>
   </trkpt>
   <trkpt lat="-7.9380280" lon="113.6244220">
    <ele>2160.4</ele>
   </trkpt>
   <trkpt lat="-7.9380650" lon="113.6244000">
    <ele>2158.6</ele>
   </trkpt>
   <trkpt lat="-7.9381070" lon="113.6243820">
    <ele>2156.3</ele>
   </trkpt>
   <trkpt lat="-7.9381430" lon="113.6243570">
    <ele>2154.8</ele>
   </trkpt>
   <trkpt lat="-7.9381920" lon="113.6243500">
    <ele>2153.8</ele>
   </trkpt>
   <trkpt lat="-7.9382350" lon="113.6243500">
    <ele>2153.2</ele>
   </trkpt>
   <trkpt lat="-7.9382720" lon="113.6243420">
    <ele>2152.9</ele>
   </trkpt>
   <trkpt lat="-7.9383080" lon="113.6243220">
    <ele>2152.5</ele>
   </trkpt>
   <trkpt lat="-7.9383420" lon="113.6243070">
    <ele>2151.9</ele>
   </trkpt>
   <trkpt lat="-7.9383700" lon="113.6242870">
    <ele>2151.5</ele>
   </trkpt>
   <trkpt lat="-7.9383820" lon="113.6242600">
    <ele>2151.5</ele>
   </trkpt>
   <trkpt lat="-7.9384130" lon="113.6242330">
    <ele>2151.7</ele>
   </trkpt>
   <trkpt lat="-7.9384320" lon="113.6242130">
    <ele>2151.7</ele>
   </trkpt>
   <trkpt lat="-7.9384670" lon="113.6241850">
    <ele>2150.5</ele>
   </trkpt>
   <trkpt lat="-7.9384980" lon="113.6241580">
    <ele>2149.4</ele>
   </trkpt>
   <trkpt lat="-7.9385370" lon="113.6241370">
    <ele>2148.0</ele>
   </trkpt>
   <trkpt lat="-7.9385750" lon="113.6241150">
    <ele>2146.6</ele>
   </trkpt>
   <trkpt lat="-7.9386100" lon="113.6241050">
    <ele>2145.5</ele>
   </trkpt>
   <trkpt lat="-7.9386400" lon="113.6240920">
    <ele>2144.5</ele>
   </trkpt>
   <trkpt lat="-7.9386750" lon="113.6240620">
    <ele>2143.7</ele>
   </trkpt>
   <trkpt lat="-7.9387000" lon="113.6240400">
    <ele>2143.4</ele>
   </trkpt>
   <trkpt lat="-7.9387300" lon="113.6240300">
    <ele>2142.9</ele>
   </trkpt>
   <trkpt lat="-7.9387730" lon="113.6240100">
    <ele>2140.9</ele>
   </trkpt>
   <trkpt lat="-7.9388180" lon="113.6239680">
    <ele>2138.0</ele>
   </trkpt>
   <trkpt lat="-7.9388430" lon="113.6239530">
    <ele>2136.4</ele>
   </trkpt>
   <trkpt lat="-7.9388850" lon="113.6239270">
    <ele>2132.3</ele>
   </trkpt>
   <trkpt lat="-7.9389170" lon="113.6238930">
    <ele>2129.1</ele>
   </trkpt>
   <trkpt lat="-7.9389500" lon="113.6238630">
    <ele>2127.2</ele>
   </trkpt>
   <trkpt lat="-7.9389850" lon="113.6238270">
    <ele>2125.6</ele>
   </trkpt>
   <trkpt lat="-7.9390020" lon="113.6238050">
    <ele>2124.8</ele>
   </trkpt>
   <trkpt lat="-7.9390250" lon="113.6237700">
    <ele>2123.7</ele>
   </trkpt>
   <trkpt lat="-7.9390530" lon="113.6237250">
    <ele>2122.6</ele>
   </trkpt>
   <trkpt lat="-7.9390730" lon="113.6237020">
    <ele>2122.0</ele>
   </trkpt>
   <trkpt lat="-7.9391080" lon="113.6236720">
    <ele>2121.5</ele>
   </trkpt>
   <trkpt lat="-7.9391480" lon="113.6236470">
    <ele>2121.2</ele>
   </trkpt>
   <trkpt lat="-7.9391730" lon="113.6236200">
    <ele>2120.3</ele>
   </trkpt>
   <trkpt lat="-7.9391880" lon="113.6235820">
    <ele>2119.4</ele>
   </trkpt>
   <trkpt lat="-7.9392170" lon="113.6235500">
    <ele>2119.0</ele>
   </trkpt>
   <trkpt lat="-7.9392380" lon="113.6235180">
    <ele>2118.6</ele>
   </trkpt>
   <trkpt lat="-7.9392700" lon="113.6234820">
    <ele>2118.2</ele>
   </trkpt>
   <trkpt lat="-7.9392950" lon="113.6234400">
    <ele>2117.7</ele>
   </trkpt>
   <trkpt lat="-7.9393170" lon="113.6234020">
    <ele>2117.0</ele>
   </trkpt>
   <trkpt lat="-7.9393420" lon="113.6233670">
    <ele>2116.4</ele>
   </trkpt>
   <trkpt lat="-7.9393730" lon="113.6233380">
    <ele>2116.0</ele>
   </trkpt>
   <trkpt lat="-7.9394030" lon="113.6233120">
    <ele>2115.5</ele>
   </trkpt>
   <trkpt lat="-7.9394320" lon="113.6232850">
    <ele>2115.1</ele>
   </trkpt>
   <trkpt lat="-7.9394550" lon="113.6232470">
    <ele>2114.4</ele>
   </trkpt>
   <trkpt lat="-7.9394770" lon="113.6232150">
    <ele>2113.7</ele>
   </trkpt>
   <trkpt lat="-7.9394900" lon="113.6231800">
    <ele>2113.4</ele>
   </trkpt>
   <trkpt lat="-7.9395000" lon="113.6231420">
    <ele>2113.1</ele>
   </trkpt>
   <trkpt lat="-7.9395080" lon="113.6231000">
    <ele>2112.3</ele>
   </trkpt>
   <trkpt lat="-7.9395150" lon="113.6230500">
    <ele>2111.2</ele>
   </trkpt>
   <trkpt lat="-7.9395250" lon="113.6230080">
    <ele>2110.7</ele>
   </trkpt>
   <trkpt lat="-7.9395400" lon="113.6229670">
    <ele>2110.3</ele>
   </trkpt>
   <trkpt lat="-7.9395550" lon="113.6229370">
    <ele>2109.9</ele>
   </trkpt>
   <trkpt lat="-7.9395700" lon="113.6228880">
    <ele>2109.3</ele>
   </trkpt>
   <trkpt lat="-7.9395800" lon="113.6228350">
    <ele>2109.0</ele>
   </trkpt>
   <trkpt lat="-7.9395930" lon="113.6227880">
    <ele>2108.8</ele>
   </trkpt>
   <trkpt lat="-7.9395950" lon="113.6227400">
    <ele>2108.8</ele>
   </trkpt>
   <trkpt lat="-7.9396030" lon="113.6227100">
    <ele>2108.7</ele>
   </trkpt>
   <trkpt lat="-7.9396170" lon="113.6226750">
    <ele>2108.5</ele>
   </trkpt>
   <trkpt lat="-7.9396270" lon="113.6226380">
    <ele>2108.9</ele>
   </trkpt>
   <trkpt lat="-7.9396420" lon="113.6225970">
    <ele>2109.6</ele>
   </trkpt>
   <trkpt lat="-7.9396480" lon="113.6225550">
    <ele>2109.9</ele>
   </trkpt>
   <trkpt lat="-7.9396650" lon="113.6225170">
    <ele>2110.3</ele>
   </trkpt>
   <trkpt lat="-7.9396820" lon="113.6224800">
    <ele>2111.4</ele>
   </trkpt>
   <trkpt lat="-7.9396870" lon="113.6224300">
    <ele>2112.5</ele>
   </trkpt>
   <trkpt lat="-7.9397030" lon="113.6223900">
    <ele>2112.9</ele>
   </trkpt>
   <trkpt lat="-7.9397200" lon="113.6223520">
    <ele>2113.3</ele>
   </trkpt>
   <trkpt lat="-7.9397400" lon="113.6223070">
    <ele>2113.8</ele>
   </trkpt>
   <trkpt lat="-7.9397520" lon="113.6222700">
    <ele>2114.2</ele>
   </trkpt>
   <trkpt lat="-7.9397580" lon="113.6222300">
    <ele>2114.5</ele>
   </trkpt>
   <trkpt lat="-7.9397770" lon="113.6221780">
    <ele>2115.1</ele>
   </trkpt>
   <trkpt lat="-7.9397830" lon="113.6221520">
    <ele>2115.4</ele>
   </trkpt>
   <trkpt lat="-7.9397980" lon="113.6221050">
    <ele>2115.9</ele>
   </trkpt>
   <trkpt lat="-7.9398170" lon="113.6220620">
    <ele>2116.0</ele>
   </trkpt>
   <trkpt lat="-7.9398270" lon="113.6220200">
    <ele>2116.1</ele>
   </trkpt>
   <trkpt lat="-7.9398430" lon="113.6219830">
    <ele>2116.6</ele>
   </trkpt>
   <trkpt lat="-7.9398630" lon="113.6219450">
    <ele>2117.2</ele>
   </trkpt>
   <trkpt lat="-7.9398850" lon="113.6219080">
    <ele>2117.8</ele>
   </trkpt>
   <trkpt lat="-7.9399070" lon="113.6218680">
    <ele>2118.5</ele>
   </trkpt>
   <trkpt lat="-7.9399220" lon="113.6218370">
    <ele>2119.0</ele>
   </trkpt>
   <trkpt lat="-7.9399330" lon="113.6217950">
    <ele>2119.6</ele>
   </trkpt>
   <trkpt lat="-7.9399570" lon="113.6217600">
    <ele>2119.3</ele>
   </trkpt>
   <trkpt lat="-7.9399820" lon="113.6217450">
    <ele>2119.1</ele>
   </trkpt>
   <trkpt lat="-7.9400050" lon="113.6217300">
    <ele>2119.2</ele>
   </trkpt>
   <trkpt lat="-7.9400300" lon="113.6217150">
    <ele>2119.7</ele>
   </trkpt>
   <trkpt lat="-7.9400620" lon="113.6217000">
    <ele>2120.3</ele>
   </trkpt>
   <trkpt lat="-7.9400870" lon="113.6216720">
    <ele>2120.9</ele>
   </trkpt>
   <trkpt lat="-7.9401050" lon="113.6216430">
    <ele>2121.3</ele>
   </trkpt>
   <trkpt lat="-7.9401250" lon="113.6216180">
    <ele>2121.6</ele>
   </trkpt>
   <trkpt lat="-7.9401520" lon="113.6215920">
    <ele>2122.2</ele>
   </trkpt>
   <trkpt lat="-7.9401820" lon="113.6215800">
    <ele>2123.3</ele>
   </trkpt>
   <trkpt lat="-7.9402070" lon="113.6215650">
    <ele>2124.3</ele>
   </trkpt>
   <trkpt lat="-7.9402250" lon="113.6215400">
    <ele>2124.6</ele>
   </trkpt>
   <trkpt lat="-7.9402430" lon="113.6215150">
    <ele>2124.8</ele>
   </trkpt>
   <trkpt lat="-7.9402780" lon="113.6215070">
    <ele>2125.1</ele>
   </trkpt>
   <trkpt lat="-7.9403200" lon="113.6215070">
    <ele>2125.3</ele>
   </trkpt>
   <trkpt lat="-7.9403570" lon="113.6215020">
    <ele>2126.0</ele>
   </trkpt>
   <trkpt lat="-7.9403970" lon="113.6215080">
    <ele>2126.9</ele>
   </trkpt>
   <trkpt lat="-7.9404280" lon="113.6215000">
    <ele>2127.4</ele>
   </trkpt>
   <trkpt lat="-7.9404580" lon="113.6214870">
    <ele>2127.7</ele>
   </trkpt>
   <trkpt lat="-7.9404870" lon="113.6214700">
    <ele>2128.0</ele>
   </trkpt>
   <trkpt lat="-7.9405150" lon="113.6214500">
    <ele>2127.9</ele>
   </trkpt>
   <trkpt lat="-7.9405470" lon="113.6214280">
    <ele>2127.8</ele>
   </trkpt>
   <trkpt lat="-7.9405720" lon="113.6214030">
    <ele>2127.8</ele>
   </trkpt>
   <trkpt lat="-7.9406050" lon="113.6213820">
    <ele>2127.8</ele>
   </trkpt>
   <trkpt lat="-7.9406330" lon="113.6213650">
    <ele>2127.6</ele>
   </trkpt>
   <trkpt lat="-7.9406580" lon="113.6213470">
    <ele>2127.1</ele>
   </trkpt>
   <trkpt lat="-7.9406880" lon="113.6213280">
    <ele>2126.6</ele>
   </trkpt>
   <trkpt lat="-7.9407150" lon="113.6213220">
    <ele>2126.2</ele>
   </trkpt>
   <trkpt lat="-7.9407450" lon="113.6213120">
    <ele>2125.6</ele>
   </trkpt>
   <trkpt lat="-7.9407680" lon="113.6212930">
    <ele>2125.0</ele>
   </trkpt>
   <trkpt lat="-7.9408050" lon="113.6212930">
    <ele>2124.6</ele>
   </trkpt>
   <trkpt lat="-7.9408450" lon="113.6212800">
    <ele>2124.3</ele>
   </trkpt>
   <trkpt lat="-7.9408730" lon="113.6212570">
    <ele>2123.9</ele>
   </trkpt>
   <trkpt lat="-7.9408980" lon="113.6212430">
    <ele>2123.4</ele>
   </trkpt>
   <trkpt lat="-7.9409280" lon="113.6212370">
    <ele>2122.9</ele>
   </trkpt>
   <trkpt lat="-7.9409550" lon="113.6212150">
    <ele>2122.5</ele>
   </trkpt>
   <trkpt lat="-7.9409800" lon="113.6211950">
    <ele>2122.1</ele>
   </trkpt>
   <trkpt lat="-7.9410080" lon="113.6211820">
    <ele>2121.8</ele>
   </trkpt>
   <trkpt lat="-7.9410270" lon="113.6211550">
    <ele>2121.6</ele>
   </trkpt>
   <trkpt lat="-7.9410530" lon="113.6211230">
    <ele>2121.6</ele>
   </trkpt>
   <trkpt lat="-7.9410800" lon="113.6211100">
    <ele>2121.8</ele>
   </trkpt>
   <trkpt lat="-7.9411080" lon="113.6210900">
    <ele>2121.9</ele>
   </trkpt>
   <trkpt lat="-7.9411270" lon="113.6210680">
    <ele>2122.0</ele>
   </trkpt>
   <trkpt lat="-7.9411600" lon="113.6210550">
    <ele>2122.2</ele>
   </trkpt>
   <trkpt lat="-7.9411920" lon="113.6210300">
    <ele>2122.4</ele>
   </trkpt>
   <trkpt lat="-7.9412150" lon="113.6210070">
    <ele>2122.6</ele>
   </trkpt>
   <trkpt lat="-7.9412380" lon="113.6209830">
    <ele>2122.8</ele>
   </trkpt>
   <trkpt lat="-7.9412520" lon="113.6209570">
    <ele>2123.1</ele>
   </trkpt>
   <trkpt lat="-7.9412670" lon="113.6209330">
    <ele>2123.4</ele>
   </trkpt>
   <trkpt lat="-7.9412980" lon="113.6208900">
    <ele>2124.0</ele>
   </trkpt>
   <trkpt lat="-7.9413230" lon="113.6208620">
    <ele>2124.6</ele>
   </trkpt>
   <trkpt lat="-7.9413370" lon="113.6208320">
    <ele>2125.1</ele>
   </trkpt>
   <trkpt lat="-7.9413630" lon="113.6208150">
    <ele>2125.3</ele>
   </trkpt>
   <trkpt lat="-7.9413930" lon="113.6208070">
    <ele>2125.5</ele>
   </trkpt>
   <trkpt lat="-7.9414170" lon="113.6207830">
    <ele>2125.9</ele>
   </trkpt>
   <trkpt lat="-7.9414500" lon="113.6207680">
    <ele>2126.6</ele>
   </trkpt>
   <trkpt lat="-7.9414750" lon="113.6207350">
    <ele>2127.5</ele>
   </trkpt>
   <trkpt lat="-7.9415000" lon="113.6207230">
    <ele>2127.9</ele>
   </trkpt>
   <trkpt lat="-7.9415330" lon="113.6207120">
    <ele>2128.3</ele>
   </trkpt>
   <trkpt lat="-7.9415580" lon="113.6206980">
    <ele>2128.6</ele>
   </trkpt>
   <trkpt lat="-7.9415850" lon="113.6207030">
    <ele>2129.2</ele>
   </trkpt>
   <trkpt lat="-7.9416230" lon="113.6207180">
    <ele>2129.9</ele>
   </trkpt>
   <trkpt lat="-7.9416670" lon="113.6207120">
    <ele>2130.6</ele>
   </trkpt>
   <trkpt lat="-7.9416950" lon="113.6206980">
    <ele>2131.0</ele>
   </trkpt>
   <trkpt lat="-7.9417100" lon="113.6206720">
    <ele>2131.3</ele>
   </trkpt>
   <trkpt lat="-7.9417380" lon="113.6206400">
    <ele>2131.5</ele>
   </trkpt>
   <trkpt lat="-7.9417570" lon="113.6206120">
    <ele>2131.7</ele>
   </trkpt>
   <trkpt lat="-7.9417900" lon="113.6205980">
    <ele>2132.1</ele>
   </trkpt>
   <trkpt lat="-7.9418030" lon="113.6205650">
    <ele>2132.7</ele>
   </trkpt>
   <trkpt lat="-7.9418200" lon="113.6205420">
    <ele>2133.3</ele>
   </trkpt>
   <trkpt lat="-7.9418500" lon="113.6205450">
    <ele>2133.8</ele>
   </trkpt>
   <trkpt lat="-7.9418600" lon="113.6205120">
    <ele>2134.3</ele>
   </trkpt>
   <trkpt lat="-7.9418770" lon="113.6204850">
    <ele>2134.8</ele>
   </trkpt>
   <trkpt lat="-7.9418930" lon="113.6204620">
    <ele>2134.8</ele>
   </trkpt>
   <trkpt lat="-7.9419130" lon="113.6204430">
    <ele>2134.7</ele>
   </trkpt>
   <trkpt lat="-7.9419380" lon="113.6204250">
    <ele>2134.8</ele>
   </trkpt>
   <trkpt lat="-7.9419580" lon="113.6204070">
    <ele>2134.9</ele>
   </trkpt>
   <trkpt lat="-7.9419650" lon="113.6203680">
    <ele>2135.2</ele>
   </trkpt>
   <trkpt lat="-7.9419930" lon="113.6203470">
    <ele>2135.5</ele>
   </trkpt>
   <trkpt lat="-7.9420020" lon="113.6203200">
    <ele>2135.7</ele>
   </trkpt>
   <trkpt lat="-7.9420100" lon="113.6202850">
    <ele>2136.0</ele>
   </trkpt>
   <trkpt lat="-7.9420320" lon="113.6202680">
    <ele>2136.1</ele>
   </trkpt>
   <trkpt lat="-7.9420550" lon="113.6202420">
    <ele>2136.3</ele>
   </trkpt>
   <trkpt lat="-7.9420780" lon="113.6202220">
    <ele>2136.5</ele>
   </trkpt>
   <trkpt lat="-7.9421000" lon="113.6202030">
    <ele>2136.7</ele>
   </trkpt>
   <trkpt lat="-7.9421270" lon="113.6201870">
    <ele>2137.1</ele>
   </trkpt>
   <trkpt lat="-7.9421520" lon="113.6201630">
    <ele>2137.6</ele>
   </trkpt>
   <trkpt lat="-7.9421620" lon="113.6201350">
    <ele>2138.2</ele>
   </trkpt>
   <trkpt lat="-7.9421850" lon="113.6201080">
    <ele>2139.4</ele>
   </trkpt>
   <trkpt lat="-7.9421930" lon="113.6200820">
    <ele>2141.0</ele>
   </trkpt>
   <trkpt lat="-7.9422220" lon="113.6200680">
    <ele>2142.8</ele>
   </trkpt>
   <trkpt lat="-7.9422420" lon="113.6200470">
    <ele>2143.2</ele>
   </trkpt>
   <trkpt lat="-7.9422570" lon="113.6200150">
    <ele>2143.8</ele>
   </trkpt>
   <trkpt lat="-7.9422850" lon="113.6200250">
    <ele>2145.2</ele>
   </trkpt>
   <trkpt lat="-7.9423150" lon="113.6200350">
    <ele>2146.7</ele>
   </trkpt>
   <trkpt lat="-7.9423320" lon="113.6200080">
    <ele>2148.5</ele>
   </trkpt>
   <trkpt lat="-7.9423420" lon="113.6199650">
    <ele>2151.0</ele>
   </trkpt>
   <trkpt lat="-7.9423480" lon="113.6199250">
    <ele>2153.7</ele>
   </trkpt>
   <trkpt lat="-7.9423400" lon="113.6198930">
    <ele>2155.9</ele>
   </trkpt>
   <trkpt lat="-7.9423470" lon="113.6198570">
    <ele>2157.2</ele>
   </trkpt>
   <trkpt lat="-7.9423680" lon="113.6198370">
    <ele>2158.0</ele>
   </trkpt>
   <trkpt lat="-7.9423950" lon="113.6198300">
    <ele>2158.8</ele>
   </trkpt>
   <trkpt lat="-7.9424230" lon="113.6198330">
    <ele>2159.5</ele>
   </trkpt>
   <trkpt lat="-7.9424480" lon="113.6198180">
    <ele>2160.2</ele>
   </trkpt>
   <trkpt lat="-7.9424830" lon="113.6198200">
    <ele>2161.5</ele>
   </trkpt>
   <trkpt lat="-7.9425180" lon="113.6198250">
    <ele>2162.9</ele>
   </trkpt>
   <trkpt lat="-7.9425420" lon="113.6197980">
    <ele>2163.6</ele>
   </trkpt>
   <trkpt lat="-7.9425600" lon="113.6197770">
    <ele>2164.1</ele>
   </trkpt>
   <trkpt lat="-7.9425770" lon="113.6197530">
    <ele>2164.5</ele>
   </trkpt>
   <trkpt lat="-7.9425950" lon="113.6197200">
    <ele>2164.9</ele>
   </trkpt>
   <trkpt lat="-7.9426050" lon="113.6196880">
    <ele>2165.3</ele>
   </trkpt>
   <trkpt lat="-7.9426280" lon="113.6196670">
    <ele>2165.6</ele>
   </trkpt>
   <trkpt lat="-7.9426630" lon="113.6196550">
    <ele>2165.8</ele>
   </trkpt>
   <trkpt lat="-7.9426800" lon="113.6196320">
    <ele>2165.7</ele>
   </trkpt>
   <trkpt lat="-7.9427100" lon="113.6196270">
    <ele>2165.5</ele>
   </trkpt>
   <trkpt lat="-7.9427480" lon="113.6196180">
    <ele>2165.2</ele>
   </trkpt>
   <trkpt lat="-7.9427570" lon="113.6195920">
    <ele>2165.0</ele>
   </trkpt>
   <trkpt lat="-7.9427670" lon="113.6195580">
    <ele>2164.5</ele>
   </trkpt>
   <trkpt lat="-7.9427700" lon="113.6195180">
    <ele>2163.9</ele>
   </trkpt>
   <trkpt lat="-7.9427800" lon="113.6194880">
    <ele>2163.6</ele>
   </trkpt>
   <trkpt lat="-7.9427950" lon="113.6194620">
    <ele>2163.4</ele>
   </trkpt>
   <trkpt lat="-7.9428150" lon="113.6194420">
    <ele>2163.3</ele>
   </trkpt>
   <trkpt lat="-7.9428220" lon="113.6194080">
    <ele>2163.1</ele>
   </trkpt>
   <trkpt lat="-7.9428280" lon="113.6193800">
    <ele>2163.1</ele>
   </trkpt>
   <trkpt lat="-7.9428420" lon="113.6193430">
    <ele>2163.3</ele>
   </trkpt>
   <trkpt lat="-7.9428520" lon="113.6193130">
    <ele>2163.5</ele>
   </trkpt>
   <trkpt lat="-7.9428720" lon="113.6192950">
    <ele>2163.8</ele>
   </trkpt>
   <trkpt lat="-7.9429000" lon="113.6192780">
    <ele>2164.2</ele>
   </trkpt>
   <trkpt lat="-7.9429220" lon="113.6192550">
    <ele>2164.6</ele>
   </trkpt>
   <trkpt lat="-7.9429230" lon="113.6192230">
    <ele>2165.0</ele>
   </trkpt>
   <trkpt lat="-7.9429130" lon="113.6191950">
    <ele>2165.2</ele>
   </trkpt>
   <trkpt lat="-7.9429250" lon="113.6191620">
    <ele>2165.5</ele>
   </trkpt>
   <trkpt lat="-7.9429450" lon="113.6191300">
    <ele>2165.7</ele>
   </trkpt>
   <trkpt lat="-7.9429670" lon="113.6191080">
    <ele>2166.8</ele>
   </trkpt>
   <trkpt lat="-7.9429680" lon="113.6190720">
    <ele>2168.0</ele>
   </trkpt>
   <trkpt lat="-7.9429770" lon="113.6190420">
    <ele>2169.0</ele>
   </trkpt>
   <trkpt lat="-7.9430030" lon="113.6190280">
    <ele>2169.9</ele>
   </trkpt>
   <trkpt lat="-7.9430220" lon="113.6190000">
    <ele>2170.9</ele>
   </trkpt>
   <trkpt lat="-7.9430420" lon="113.6189770">
    <ele>2171.6</ele>
   </trkpt>
   <trkpt lat="-7.9430770" lon="113.6189580">
    <ele>2172.2</ele>
   </trkpt>
   <trkpt lat="-7.9431080" lon="113.6189450">
    <ele>2172.7</ele>
   </trkpt>
   <trkpt lat="-7.9431350" lon="113.6189350">
    <ele>2173.2</ele>
   </trkpt>
   <trkpt lat="-7.9431680" lon="113.6189280">
    <ele>2173.8</ele>
   </trkpt>
   <trkpt lat="-7.9432020" lon="113.6189150">
    <ele>2174.8</ele>
   </trkpt>
   <trkpt lat="-7.9432280" lon="113.6189030">
    <ele>2175.7</ele>
   </trkpt>
   <trkpt lat="-7.9432600" lon="113.6188920">
    <ele>2176.6</ele>
   </trkpt>
   <trkpt lat="-7.9432870" lon="113.6188970">
    <ele>2177.1</ele>
   </trkpt>
   <trkpt lat="-7.9433130" lon="113.6188900">
    <ele>2177.6</ele>
   </trkpt>
   <trkpt lat="-7.9433480" lon="113.6188800">
    <ele>2178.7</ele>
   </trkpt>
   <trkpt lat="-7.9433830" lon="113.6188650">
    <ele>2180.0</ele>
   </trkpt>
   <trkpt lat="-7.9434180" lon="113.6188620">
    <ele>2181.2</ele>
   </trkpt>
   <trkpt lat="-7.9434420" lon="113.6188420">
    <ele>2182.3</ele>
   </trkpt>
   <trkpt lat="-7.9434630" lon="113.6188230">
    <ele>2183.3</ele>
   </trkpt>
   <trkpt lat="-7.9434970" lon="113.6188120">
    <ele>2184.3</ele>
   </trkpt>
   <trkpt lat="-7.9435270" lon="113.6187980">
    <ele>2185.3</ele>
   </trkpt>
   <trkpt lat="-7.9435530" lon="113.6187880">
    <ele>2185.9</ele>
   </trkpt>
   <trkpt lat="-7.9435870" lon="113.6187700">
    <ele>2186.3</ele>
   </trkpt>
   <trkpt lat="-7.9436130" lon="113.6187520">
    <ele>2186.6</ele>
   </trkpt>
   <trkpt lat="-7.9436350" lon="113.6187330">
    <ele>2187.0</ele>
   </trkpt>
   <trkpt lat="-7.9436570" lon="113.6187150">
    <ele>2187.5</ele>
   </trkpt>
   <trkpt lat="-7.9436880" lon="113.6187030">
    <ele>2188.1</ele>
   </trkpt>
   <trkpt lat="-7.9437150" lon="113.6186930">
    <ele>2188.5</ele>
   </trkpt>
   <trkpt lat="-7.9437570" lon="113.6186830">
    <ele>2189.1</ele>
   </trkpt>
   <trkpt lat="-7.9437950" lon="113.6186750">
    <ele>2189.7</ele>
   </trkpt>
   <trkpt lat="-7.9438270" lon="113.6186720">
    <ele>2190.1</ele>
   </trkpt>
   <trkpt lat="-7.9438470" lon="113.6186450">
    <ele>2190.5</ele>
   </trkpt>
   <trkpt lat="-7.9438630" lon="113.6186220">
    <ele>2190.9</ele>
   </trkpt>
   <trkpt lat="-7.9438970" lon="113.6186000">
    <ele>2191.5</ele>
   </trkpt>
   <trkpt lat="-7.9439200" lon="113.6185780">
    <ele>2191.9</ele>
   </trkpt>
   <trkpt lat="-7.9439470" lon="113.6185570">
    <ele>2192.4</ele>
   </trkpt>
   <trkpt lat="-7.9439830" lon="113.6185450">
    <ele>2193.0</ele>
   </trkpt>
   <trkpt lat="-7.9440150" lon="113.6185380">
    <ele>2194.1</ele>
   </trkpt>
   <trkpt lat="-7.9440450" lon="113.6185430">
    <ele>2195.3</ele>
   </trkpt>
   <trkpt lat="-7.9440780" lon="113.6185350">
    <ele>2196.7</ele>
   </trkpt>
   <trkpt lat="-7.9440870" lon="113.6185050">
    <ele>2198.5</ele>
   </trkpt>
   <trkpt lat="-7.9441080" lon="113.6184800">
    <ele>2200.4</ele>
   </trkpt>
   <trkpt lat="-7.9441230" lon="113.6184570">
    <ele>2202.0</ele>
   </trkpt>
   <trkpt lat="-7.9441650" lon="113.6184550">
    <ele>2205.1</ele>
   </trkpt>
   <trkpt lat="-7.9441950" lon="113.6184530">
    <ele>2207.3</ele>
   </trkpt>
   <trkpt lat="-7.9442280" lon="113.6184430">
    <ele>2210.0</ele>
   </trkpt>
   <trkpt lat="-7.9442570" lon="113.6184280">
    <ele>2212.5</ele>
   </trkpt>
   <trkpt lat="-7.9442830" lon="113.6184220">
    <ele>2214.6</ele>
   </trkpt>
   <trkpt lat="-7.9443150" lon="113.6184080">
    <ele>2216.1</ele>
   </trkpt>
   <trkpt lat="-7.9443280" lon="113.6183820">
    <ele>2217.2</ele>
   </trkpt>
   <trkpt lat="-7.9443530" lon="113.6183650">
    <ele>2219.3</ele>
   </trkpt>
   <trkpt lat="-7.9443770" lon="113.6183450">
    <ele>2221.5</ele>
   </trkpt>
   <trkpt lat="-7.9443950" lon="113.6183230">
    <ele>2223.3</ele>
   </trkpt>
   <trkpt lat="-7.9444020" lon="113.6182930">
    <ele>2225.3</ele>
   </trkpt>
   <trkpt lat="-7.9444070" lon="113.6182650">
    <ele>2226.8</ele>
   </trkpt>
   <trkpt lat="-7.9444000" lon="113.6182320">
    <ele>2228.1</ele>
   </trkpt>
   <trkpt lat="-7.9444120" lon="113.6182070">
    <ele>2229.2</ele>
   </trkpt>
   <trkpt lat="-7.9444270" lon="113.6181800">
    <ele>2230.6</ele>
   </trkpt>
   <trkpt lat="-7.9444380" lon="113.6181550">
    <ele>2231.9</ele>
   </trkpt>
   <trkpt lat="-7.9444570" lon="113.6181270">
    <ele>2233.5</ele>
   </trkpt>
   <trkpt lat="-7.9444750" lon="113.6181030">
    <ele>2234.7</ele>
   </trkpt>
   <trkpt lat="-7.9444920" lon="113.6180770">
    <ele>2235.8</ele>
   </trkpt>
   <trkpt lat="-7.9444970" lon="113.6180430">
    <ele>2237.0</ele>
   </trkpt>
   <trkpt lat="-7.9445000" lon="113.6179980">
    <ele>2237.5</ele>
   </trkpt>
   <trkpt lat="-7.9444950" lon="113.6179700">
    <ele>2237.9</ele>
   </trkpt>
   <trkpt lat="-7.9445000" lon="113.6179400">
    <ele>2238.6</ele>
   </trkpt>
   <trkpt lat="-7.9445050" lon="113.6179100">
    <ele>2239.3</ele>
   </trkpt>
   <trkpt lat="-7.9445170" lon="113.6178850">
    <ele>2240.3</ele>
   </trkpt>
   <trkpt lat="-7.9445320" lon="113.6178620">
    <ele>2241.3</ele>
   </trkpt>
   <trkpt lat="-7.9445380" lon="113.6178170">
    <ele>2242.5</ele>
   </trkpt>
   <trkpt lat="-7.9445470" lon="113.6177870">
    <ele>2243.2</ele>
   </trkpt>
   <trkpt lat="-7.9445620" lon="113.6177580">
    <ele>2244.3</ele>
   </trkpt>
   <trkpt lat="-7.9445620" lon="113.6177270">
    <ele>2245.8</ele>
   </trkpt>
   <trkpt lat="-7.9445530" lon="113.6176980">
    <ele>2247.2</ele>
   </trkpt>
   <trkpt lat="-7.9445450" lon="113.6176650">
    <ele>2248.6</ele>
   </trkpt>
   <trkpt lat="-7.9445570" lon="113.6176380">
    <ele>2249.7</ele>
   </trkpt>
   <trkpt lat="-7.9445830" lon="113.6176170">
    <ele>2251.3</ele>
   </trkpt>
   <trkpt lat="-7.9446020" lon="113.6175900">
    <ele>2253.4</ele>
   </trkpt>
   <trkpt lat="-7.9445920" lon="113.6175580">
    <ele>2255.4</ele>
   </trkpt>
   <trkpt lat="-7.9446080" lon="113.6175370">
    <ele>2257.0</ele>
   </trkpt>
   <trkpt lat="-7.9446480" lon="113.6175330">
    <ele>2259.5</ele>
   </trkpt>
   <trkpt lat="-7.9446780" lon="113.6175280">
    <ele>2260.7</ele>
   </trkpt>
   <trkpt lat="-7.9446880" lon="113.6175000">
    <ele>2261.1</ele>
   </trkpt>
   <trkpt lat="-7.9447050" lon="113.6174750">
    <ele>2261.5</ele>
   </trkpt>
   <trkpt lat="-7.9447120" lon="113.6174430">
    <ele>2262.7</ele>
   </trkpt>
   <trkpt lat="-7.9447220" lon="113.6174120">
    <ele>2264.0</ele>
   </trkpt>
   <trkpt lat="-7.9447320" lon="113.6173780">
    <ele>2265.3</ele>
   </trkpt>
   <trkpt lat="-7.9447550" lon="113.6173470">
    <ele>2266.5</ele>
   </trkpt>
   <trkpt lat="-7.9447670" lon="113.6173150">
    <ele>2267.6</ele>
   </trkpt>
   <trkpt lat="-7.9447730" lon="113.6172850">
    <ele>2268.2</ele>
   </trkpt>
   <trkpt lat="-7.9447700" lon="113.6172520">
    <ele>2268.9</ele>
   </trkpt>
   <trkpt lat="-7.9447750" lon="113.6172230">
    <ele>2269.5</ele>
   </trkpt>
   <trkpt lat="-7.9447780" lon="113.6171930">
    <ele>2269.3</ele>
   </trkpt>
   <trkpt lat="-7.9447880" lon="113.6171620">
    <ele>2269.1</ele>
   </trkpt>
   <trkpt lat="-7.9448020" lon="113.6171270">
    <ele>2269.1</ele>
   </trkpt>
   <trkpt lat="-7.9448230" lon="113.6171100">
    <ele>2269.3</ele>
   </trkpt>
   <trkpt lat="-7.9448350" lon="113.6170770">
    <ele>2269.5</ele>
   </trkpt>
   <trkpt lat="-7.9448320" lon="113.6170420">
    <ele>2269.5</ele>
   </trkpt>
   <trkpt lat="-7.9448320" lon="113.6170130">
    <ele>2269.4</ele>
   </trkpt>
   <trkpt lat="-7.9448400" lon="113.6169820">
    <ele>2269.3</ele>
   </trkpt>
   <trkpt lat="-7.9448520" lon="113.6169520">
    <ele>2269.1</ele>
   </trkpt>
   <trkpt lat="-7.9448620" lon="113.6169150">
    <ele>2268.8</ele>
   </trkpt>
   <trkpt lat="-7.9448820" lon="113.6168800">
    <ele>2268.8</ele>
   </trkpt>
   <trkpt lat="-7.9449030" lon="113.6168520">
    <ele>2268.9</ele>
   </trkpt>
   <trkpt lat="-7.9449280" lon="113.6168230">
    <ele>2268.9</ele>
   </trkpt>
   <trkpt lat="-7.9449550" lon="113.6168000">
    <ele>2268.9</ele>
   </trkpt>
   <trkpt lat="-7.9449820" lon="113.6167780">
    <ele>2268.8</ele>
   </trkpt>
   <trkpt lat="-7.9450080" lon="113.6167550">
    <ele>2269.1</ele>
   </trkpt>
   <trkpt lat="-7.9450320" lon="113.6167400">
    <ele>2269.3</ele>
   </trkpt>
   <trkpt lat="-7.9450520" lon="113.6167200">
    <ele>2269.3</ele>
   </trkpt>
   <trkpt lat="-7.9450750" lon="113.6167020">
    <ele>2269.1</ele>
   </trkpt>
   <trkpt lat="-7.9451000" lon="113.6166750">
    <ele>2268.7</ele>
   </trkpt>
   <trkpt lat="-7.9451130" lon="113.6166450">
    <ele>2269.2</ele>
   </trkpt>
   <trkpt lat="-7.9451280" lon="113.6166080">
    <ele>2269.9</ele>
   </trkpt>
   <trkpt lat="-7.9451320" lon="113.6165680">
    <ele>2270.6</ele>
   </trkpt>
   <trkpt lat="-7.9451400" lon="113.6165370">
    <ele>2271.2</ele>
   </trkpt>
   <trkpt lat="-7.9451570" lon="113.6165070">
    <ele>2271.8</ele>
   </trkpt>
   <trkpt lat="-7.9451730" lon="113.6164670">
    <ele>2272.5</ele>
   </trkpt>
   <trkpt lat="-7.9451900" lon="113.6164400">
    <ele>2273.1</ele>
   </trkpt>
   <trkpt lat="-7.9452000" lon="113.6164050">
    <ele>2272.2</ele>
   </trkpt>
   <trkpt lat="-7.9452180" lon="113.6163770">
    <ele>2271.3</ele>
   </trkpt>
   <trkpt lat="-7.9452270" lon="113.6163430">
    <ele>2270.9</ele>
   </trkpt>
   <trkpt lat="-7.9452350" lon="113.6163100">
    <ele>2271.0</ele>
   </trkpt>
   <trkpt lat="-7.9452330" lon="113.6162730">
    <ele>2271.1</ele>
   </trkpt>
   <trkpt lat="-7.9452300" lon="113.6162370">
    <ele>2270.2</ele>
   </trkpt>
   <trkpt lat="-7.9452320" lon="113.6162050">
    <ele>2269.3</ele>
   </trkpt>
   <trkpt lat="-7.9452330" lon="113.6161770">
    <ele>2268.7</ele>
   </trkpt>
   <trkpt lat="-7.9452330" lon="113.6161470">
    <ele>2268.9</ele>
   </trkpt>
   <trkpt lat="-7.9452370" lon="113.6161080">
    <ele>2269.0</ele>
   </trkpt>
   <trkpt lat="-7.9452370" lon="113.6160750">
    <ele>2268.5</ele>
   </trkpt>
   <trkpt lat="-7.9452370" lon="113.6160400">
    <ele>2267.7</ele>
   </trkpt>
   <trkpt lat="-7.9452370" lon="113.6160050">
    <ele>2267.0</ele>
   </trkpt>
   <trkpt lat="-7.9452400" lon="113.6159730">
    <ele>2267.2</ele>
   </trkpt>
   <trkpt lat="-7.9452550" lon="113.6159480">
    <ele>2267.3</ele>
   </trkpt>
   <trkpt lat="-7.9452730" lon="113.6159280">
    <ele>2267.3</ele>
   </trkpt>
   <trkpt lat="-7.9452800" lon="113.6159020">
    <ele>2266.9</ele>
   </trkpt>
   <trkpt lat="-7.9452730" lon="113.6158750">
    <ele>2266.5</ele>
   </trkpt>
   <trkpt lat="-7.9452680" lon="113.6158400">
    <ele>2266.0</ele>
   </trkpt>
   <trkpt lat="-7.9452630" lon="113.6158070">
    <ele>2265.7</ele>
   </trkpt>
   <trkpt lat="-7.9452630" lon="113.6157780">
    <ele>2265.5</ele>
   </trkpt>
   <trkpt lat="-7.9452620" lon="113.6157470">
    <ele>2266.1</ele>
   </trkpt>
   <trkpt lat="-7.9452530" lon="113.6157100">
    <ele>2266.8</ele>
   </trkpt>
   <trkpt lat="-7.9452520" lon="113.6156750">
    <ele>2266.6</ele>
   </trkpt>
   <trkpt lat="-7.9452530" lon="113.6156380">
    <ele>2266.4</ele>
   </trkpt>
   <trkpt lat="-7.9452550" lon="113.6156070">
    <ele>2266.1</ele>
   </trkpt>
   <trkpt lat="-7.9452630" lon="113.6155700">
    <ele>2265.7</ele>
   </trkpt>
   <trkpt lat="-7.9452730" lon="113.6155430">
    <ele>2265.8</ele>
   </trkpt>
   <trkpt lat="-7.9452880" lon="113.6155180">
    <ele>2266.4</ele>
   </trkpt>
   <trkpt lat="-7.9453300" lon="113.6155050">
    <ele>2267.2</ele>
   </trkpt>
   <trkpt lat="-7.9453630" lon="113.6154920">
    <ele>2269.0</ele>
   </trkpt>
   <trkpt lat="-7.9454070" lon="113.6154880">
    <ele>2271.6</ele>
   </trkpt>
   <trkpt lat="-7.9454380" lon="113.6154830">
    <ele>2273.4</ele>
   </trkpt>
   <trkpt lat="-7.9454700" lon="113.6154770">
    <ele>2275.0</ele>
   </trkpt>
   <trkpt lat="-7.9454980" lon="113.6154730">
    <ele>2276.5</ele>
   </trkpt>
   <trkpt lat="-7.9455320" lon="113.6154770">
    <ele>2277.8</ele>
   </trkpt>
   <trkpt lat="-7.9455620" lon="113.6154850">
    <ele>2278.8</ele>
   </trkpt>
   <trkpt lat="-7.9455930" lon="113.6154870">
    <ele>2280.4</ele>
   </trkpt>
   <trkpt lat="-7.9456330" lon="113.6154830">
    <ele>2282.8</ele>
   </trkpt>
   <trkpt lat="-7.9456600" lon="113.6154750">
    <ele>2283.6</ele>
   </trkpt>
   <trkpt lat="-7.9456930" lon="113.6154700">
    <ele>2284.5</ele>
   </trkpt>
   <trkpt lat="-7.9457220" lon="113.6154630">
    <ele>2285.7</ele>
   </trkpt>
   <trkpt lat="-7.9457500" lon="113.6154480">
    <ele>2287.0</ele>
   </trkpt>
   <trkpt lat="-7.9457830" lon="113.6154350">
    <ele>2287.8</ele>
   </trkpt>
   <trkpt lat="-7.9458250" lon="113.6154300">
    <ele>2288.1</ele>
   </trkpt>
   <trkpt lat="-7.9458650" lon="113.6154250">
    <ele>2288.8</ele>
   </trkpt>
   <trkpt lat="-7.9458970" lon="113.6154200">
    <ele>2289.4</ele>
   </trkpt>
   <trkpt lat="-7.9459280" lon="113.6154080">
    <ele>2290.4</ele>
   </trkpt>
   <trkpt lat="-7.9459600" lon="113.6154000">
    <ele>2292.0</ele>
   </trkpt>
   <trkpt lat="-7.9459870" lon="113.6153870">
    <ele>2293.3</ele>
   </trkpt>
   <trkpt lat="-7.9460250" lon="113.6153720">
    <ele>2294.0</ele>
   </trkpt>
   <trkpt lat="-7.9460570" lon="113.6153500">
    <ele>2294.5</ele>
   </trkpt>
   <trkpt lat="-7.9460920" lon="113.6153300">
    <ele>2295.5</ele>
   </trkpt>
   <trkpt lat="-7.9461220" lon="113.6153180">
    <ele>2296.2</ele>
   </trkpt>
   <trkpt lat="-7.9461480" lon="113.6153050">
    <ele>2296.5</ele>
   </trkpt>
   <trkpt lat="-7.9461750" lon="113.6152930">
    <ele>2296.9</ele>
   </trkpt>
   <trkpt lat="-7.9462020" lon="113.6152780">
    <ele>2296.7</ele>
   </trkpt>
   <trkpt lat="-7.9462250" lon="113.6152620">
    <ele>2296.4</ele>
   </trkpt>
   <trkpt lat="-7.9462480" lon="113.6152470">
    <ele>2296.3</ele>
   </trkpt>
   <trkpt lat="-7.9462820" lon="113.6152270">
    <ele>2296.8</ele>
   </trkpt>
   <trkpt lat="-7.9463130" lon="113.6152120">
    <ele>2297.3</ele>
   </trkpt>
   <trkpt lat="-7.9463500" lon="113.6152050">
    <ele>2298.5</ele>
   </trkpt>
   <trkpt lat="-7.9463780" lon="113.6152020">
    <ele>2299.6</ele>
   </trkpt>
   <trkpt lat="-7.9464150" lon="113.6151950">
    <ele>2301.1</ele>
   </trkpt>
   <trkpt lat="-7.9464520" lon="113.6151850">
    <ele>2302.1</ele>
   </trkpt>
   <trkpt lat="-7.9464870" lon="113.6151700">
    <ele>2303.0</ele>
   </trkpt>
   <trkpt lat="-7.9465080" lon="113.6151530">
    <ele>2303.7</ele>
   </trkpt>
   <trkpt lat="-7.9465420" lon="113.6151430">
    <ele>2304.4</ele>
   </trkpt>
   <trkpt lat="-7.9465830" lon="113.6151400">
    <ele>2305.3</ele>
   </trkpt>
   <trkpt lat="-7.9466100" lon="113.6151300">
    <ele>2304.7</ele>
   </trkpt>
   <trkpt lat="-7.9466470" lon="113.6151200">
    <ele>2303.8</ele>
   </trkpt>
   <trkpt lat="-7.9466850" lon="113.6151150">
    <ele>2302.9</ele>
   </trkpt>
   <trkpt lat="-7.9467220" lon="113.6151120">
    <ele>2301.9</ele>
   </trkpt>
   <trkpt lat="-7.9467480" lon="113.6150820">
    <ele>2300.5</ele>
   </trkpt>
   <trkpt lat="-7.9467600" lon="113.6150570">
    <ele>2299.4</ele>
   </trkpt>
   <trkpt lat="-7.9467530" lon="113.6150200">
    <ele>2298.3</ele>
   </trkpt>
   <trkpt lat="-7.9467350" lon="113.6149780">
    <ele>2297.5</ele>
   </trkpt>
   <trkpt lat="-7.9467300" lon="113.6149500">
    <ele>2296.7</ele>
   </trkpt>
   <trkpt lat="-7.9467230" lon="113.6149080">
    <ele>2295.5</ele>
   </trkpt>
   <trkpt lat="-7.9467080" lon="113.6148700">
    <ele>2294.2</ele>
   </trkpt>
   <trkpt lat="-7.9466930" lon="113.6148400">
    <ele>2293.2</ele>
   </trkpt>
   <trkpt lat="-7.9466770" lon="113.6148120">
    <ele>2292.3</ele>
   </trkpt>
   <trkpt lat="-7.9466620" lon="113.6147870">
    <ele>2290.5</ele>
   </trkpt>
   <trkpt lat="-7.9466480" lon="113.6147620">
    <ele>2288.3</ele>
   </trkpt>
   <trkpt lat="-7.9466400" lon="113.6147350">
    <ele>2286.9</ele>
   </trkpt>
   <trkpt lat="-7.9466250" lon="113.6147080">
    <ele>2286.2</ele>
   </trkpt>
   <trkpt lat="-7.9466120" lon="113.6146800">
    <ele>2285.4</ele>
   </trkpt>
   <trkpt lat="-7.9465850" lon="113.6146580">
    <ele>2284.1</ele>
   </trkpt>
   <trkpt lat="-7.9465720" lon="113.6146320">
    <ele>2283.2</ele>
   </trkpt>
   <trkpt lat="-7.9465520" lon="113.6146080">
    <ele>2282.7</ele>
   </trkpt>
   <trkpt lat="-7.9465330" lon="113.6145730">
    <ele>2281.6</ele>
   </trkpt>
   <trkpt lat="-7.9465270" lon="113.6145380">
    <ele>2279.6</ele>
   </trkpt>
   <trkpt lat="-7.9465100" lon="113.6144980">
    <ele>2278.3</ele>
   </trkpt>
   <trkpt lat="-7.9465000" lon="113.6144700">
    <ele>2278.0</ele>
   </trkpt>
   <trkpt lat="-7.9465000" lon="113.6144370">
    <ele>2277.1</ele>
   </trkpt>
   <trkpt lat="-7.9464900" lon="113.6144080">
    <ele>2275.9</ele>
   </trkpt>
   <trkpt lat="-7.9464570" lon="113.6144000">
    <ele>2274.8</ele>
   </trkpt>
   <trkpt lat="-7.9464280" lon="113.6143800">
    <ele>2273.9</ele>
   </trkpt>
   <trkpt lat="-7.9464220" lon="113.6143430">
    <ele>2273.8</ele>
   </trkpt>
   <trkpt lat="-7.9464170" lon="113.6143080">
    <ele>2273.8</ele>
   </trkpt>
   <trkpt lat="-7.9464120" lon="113.6142750">
    <ele>2273.7</ele>
   </trkpt>
   <trkpt lat="-7.9464080" lon="113.6142330">
    <ele>2274.0</ele>
   </trkpt>
   <trkpt lat="-7.9464150" lon="113.6142050">
    <ele>2274.7</ele>
   </trkpt>
   <trkpt lat="-7.9464320" lon="113.6141800">
    <ele>2274.8</ele>
   </trkpt>
   <trkpt lat="-7.9464670" lon="113.6141350">
    <ele>2275.8</ele>
   </trkpt>
   <trkpt lat="-7.9464900" lon="113.6140930">
    <ele>2277.4</ele>
   </trkpt>
   <trkpt lat="-7.9465100" lon="113.6140700">
    <ele>2277.8</ele>
   </trkpt>
   <trkpt lat="-7.9465470" lon="113.6140430">
    <ele>2278.6</ele>
   </trkpt>
   <trkpt lat="-7.9465920" lon="113.6140250">
    <ele>2279.7</ele>
   </trkpt>
   <trkpt lat="-7.9466330" lon="113.6140100">
    <ele>2280.5</ele>
   </trkpt>
   <trkpt lat="-7.9466730" lon="113.6139950">
    <ele>2281.2</ele>
   </trkpt>
   <trkpt lat="-7.9467070" lon="113.6139830">
    <ele>2281.9</ele>
   </trkpt>
   <trkpt lat="-7.9467350" lon="113.6139770">
    <ele>2282.5</ele>
   </trkpt>
   <trkpt lat="-7.9467630" lon="113.6139680">
    <ele>2283.5</ele>
   </trkpt>
   <trkpt lat="-7.9467930" lon="113.6139600">
    <ele>2284.7</ele>
   </trkpt>
   <trkpt lat="-7.9468270" lon="113.6139520">
    <ele>2286.3</ele>
   </trkpt>
   <trkpt lat="-7.9468620" lon="113.6139470">
    <ele>2289.4</ele>
   </trkpt>
   <trkpt lat="-7.9469020" lon="113.6139420">
    <ele>2292.7</ele>
   </trkpt>
   <trkpt lat="-7.9469430" lon="113.6139380">
    <ele>2293.3</ele>
   </trkpt>
   <trkpt lat="-7.9469800" lon="113.6139350">
    <ele>2293.7</ele>
   </trkpt>
   <trkpt lat="-7.9470250" lon="113.6139250">
    <ele>2293.6</ele>
   </trkpt>
   <trkpt lat="-7.9470680" lon="113.6139130">
    <ele>2293.0</ele>
   </trkpt>
   <trkpt lat="-7.9471080" lon="113.6139050">
    <ele>2291.8</ele>
   </trkpt>
   <trkpt lat="-7.9471430" lon="113.6139030">
    <ele>2289.8</ele>
   </trkpt>
   <trkpt lat="-7.9471670" lon="113.6138880">
    <ele>2288.2</ele>
   </trkpt>
   <trkpt lat="-7.9471920" lon="113.6138500">
    <ele>2286.7</ele>
   </trkpt>
   <trkpt lat="-7.9472120" lon="113.6138280">
    <ele>2285.8</ele>
   </trkpt>
   <trkpt lat="-7.9472280" lon="113.6138020">
    <ele>2284.7</ele>
   </trkpt>
   <trkpt lat="-7.9472450" lon="113.6137700">
    <ele>2283.4</ele>
   </trkpt>
   <trkpt lat="-7.9472620" lon="113.6137350">
    <ele>2282.8</ele>
   </trkpt>
   <trkpt lat="-7.9472720" lon="113.6137070">
    <ele>2283.1</ele>
   </trkpt>
   <trkpt lat="-7.9472820" lon="113.6136800">
    <ele>2283.2</ele>
   </trkpt>
   <trkpt lat="-7.9472920" lon="113.6136430">
    <ele>2282.5</ele>
   </trkpt>
   <trkpt lat="-7.9473000" lon="113.6136080">
    <ele>2281.8</ele>
   </trkpt>
   <trkpt lat="-7.9473080" lon="113.6135770">
    <ele>2281.4</ele>
   </trkpt>
   <trkpt lat="-7.9473130" lon="113.6135470">
    <ele>2280.9</ele>
   </trkpt>
   <trkpt lat="-7.9473120" lon="113.6135150">
    <ele>2280.9</ele>
   </trkpt>
   <trkpt lat="-7.9473130" lon="113.6134730">
    <ele>2281.3</ele>
   </trkpt>
   <trkpt lat="-7.9473100" lon="113.6134430">
    <ele>2281.5</ele>
   </trkpt>
   <trkpt lat="-7.9473130" lon="113.6134150">
    <ele>2281.1</ele>
   </trkpt>
   <trkpt lat="-7.9473100" lon="113.6133870">
    <ele>2280.6</ele>
   </trkpt>
   <trkpt lat="-7.9473130" lon="113.6133580">
    <ele>2280.1</ele>
   </trkpt>
   <trkpt lat="-7.9473300" lon="113.6133300">
    <ele>2280.1</ele>
   </trkpt>
   <trkpt lat="-7.9473520" lon="113.6133080">
    <ele>2280.0</ele>
   </trkpt>
   <trkpt lat="-7.9473680" lon="113.6132870">
    <ele>2280.1</ele>
   </trkpt>
   <trkpt lat="-7.9473880" lon="113.6132680">
    <ele>2279.4</ele>
   </trkpt>
   <trkpt lat="-7.9474230" lon="113.6132580">
    <ele>2278.3</ele>
   </trkpt>
   <trkpt lat="-7.9474520" lon="113.6132350">
    <ele>2277.0</ele>
   </trkpt>
   <trkpt lat="-7.9474700" lon="113.6132080">
    <ele>2276.0</ele>
   </trkpt>
   <trkpt lat="-7.9474770" lon="113.6131820">
    <ele>2275.2</ele>
   </trkpt>
   <trkpt lat="-7.9474850" lon="113.6131470">
    <ele>2274.8</ele>
   </trkpt>
   <trkpt lat="-7.9475000" lon="113.6131200">
    <ele>2275.6</ele>
   </trkpt>
   <trkpt lat="-7.9475200" lon="113.6130880">
    <ele>2276.4</ele>
   </trkpt>
   <trkpt lat="-7.9475380" lon="113.6130680">
    <ele>2276.6</ele>
   </trkpt>
   <trkpt lat="-7.9475570" lon="113.6130480">
    <ele>2276.8</ele>
   </trkpt>
   <trkpt lat="-7.9475820" lon="113.6130270">
    <ele>2277.0</ele>
   </trkpt>
   <trkpt lat="-7.9476130" lon="113.6130150">
    <ele>2278.0</ele>
   </trkpt>
   <trkpt lat="-7.9476400" lon="113.6130100">
    <ele>2278.8</ele>
   </trkpt>
   <trkpt lat="-7.9476780" lon="113.6130000">
    <ele>2279.9</ele>
   </trkpt>
   <trkpt lat="-7.9477170" lon="113.6129850">
    <ele>2280.3</ele>
   </trkpt>
   <trkpt lat="-7.9477450" lon="113.6129630">
    <ele>2280.9</ele>
   </trkpt>
   <trkpt lat="-7.9477700" lon="113.6129420">
    <ele>2282.0</ele>
   </trkpt>
   <trkpt lat="-7.9477980" lon="113.6129230">
    <ele>2283.0</ele>
   </trkpt>
   <trkpt lat="-7.9478280" lon="113.6129100">
    <ele>2283.3</ele>
   </trkpt>
   <trkpt lat="-7.9478470" lon="113.6128880">
    <ele>2283.7</ele>
   </trkpt>
   <trkpt lat="-7.9478630" lon="113.6128530">
    <ele>2284.6</ele>
   </trkpt>
   <trkpt lat="-7.9478930" lon="113.6128230">
    <ele>2285.6</ele>
   </trkpt>
   <trkpt lat="-7.9479270" lon="113.6128050">
    <ele>2286.9</ele>
   </trkpt>
   <trkpt lat="-7.9479670" lon="113.6127870">
    <ele>2287.9</ele>
   </trkpt>
   <trkpt lat="-7.9480000" lon="113.6127670">
    <ele>2288.3</ele>
   </trkpt>
   <trkpt lat="-7.9480430" lon="113.6127470">
    <ele>2289.4</ele>
   </trkpt>
   <trkpt lat="-7.9480770" lon="113.6127300">
    <ele>2290.1</ele>
   </trkpt>
   <trkpt lat="-7.9481250" lon="113.6127020">
    <ele>2291.0</ele>
   </trkpt>
   <trkpt lat="-7.9481550" lon="113.6126820">
    <ele>2291.1</ele>
   </trkpt>
   <trkpt lat="-7.9481880" lon="113.6126570">
    <ele>2290.6</ele>
   </trkpt>
   <trkpt lat="-7.9482270" lon="113.6126400">
    <ele>2289.9</ele>
   </trkpt>
   <trkpt lat="-7.9482550" lon="113.6126280">
    <ele>2289.4</ele>
   </trkpt>
   <trkpt lat="-7.9482920" lon="113.6126150">
    <ele>2288.4</ele>
   </trkpt>
   <trkpt lat="-7.9483370" lon="113.6126080">
    <ele>2287.3</ele>
   </trkpt>
   <trkpt lat="-7.9483700" lon="113.6125920">
    <ele>2286.3</ele>
   </trkpt>
   <trkpt lat="-7.9484030" lon="113.6125650">
    <ele>2285.3</ele>
   </trkpt>
   <trkpt lat="-7.9484530" lon="113.6125400">
    <ele>2284.9</ele>
   </trkpt>
   <trkpt lat="-7.9484800" lon="113.6125300">
    <ele>2284.8</ele>
   </trkpt>
   <trkpt lat="-7.9485200" lon="113.6125250">
    <ele>2285.1</ele>
   </trkpt>
   <trkpt lat="-7.9485480" lon="113.6125120">
    <ele>2285.5</ele>
   </trkpt>
   <trkpt lat="-7.9485730" lon="113.6124980">
    <ele>2285.9</ele>
   </trkpt>
   <trkpt lat="-7.9486150" lon="113.6124970">
    <ele>2286.5</ele>
   </trkpt>
   <trkpt lat="-7.9486480" lon="113.6124900">
    <ele>2287.1</ele>
   </trkpt>
   <trkpt lat="-7.9486830" lon="113.6124870">
    <ele>2287.8</ele>
   </trkpt>
   <trkpt lat="-7.9487250" lon="113.6124770">
    <ele>2287.8</ele>
   </trkpt>
   <trkpt lat="-7.9487380" lon="113.6124520">
    <ele>2287.7</ele>
   </trkpt>
   <trkpt lat="-7.9487680" lon="113.6124570">
    <ele>2287.8</ele>
   </trkpt>
   <trkpt lat="-7.9488080" lon="113.6124570">
    <ele>2287.6</ele>
   </trkpt>
   <trkpt lat="-7.9488480" lon="113.6124450">
    <ele>2287.6</ele>
   </trkpt>
   <trkpt lat="-7.9489120" lon="113.6124230">
    <ele>2287.9</ele>
   </trkpt>
   <trkpt lat="-7.9489430" lon="113.6124080">
    <ele>2288.0</ele>
   </trkpt>
   <trkpt lat="-7.9489930" lon="113.6123980">
    <ele>2288.5</ele>
   </trkpt>
   <trkpt lat="-7.9490380" lon="113.6123880">
    <ele>2289.7</ele>
   </trkpt>
   <trkpt lat="-7.9490850" lon="113.6123850">
    <ele>2290.6</ele>
   </trkpt>
   <trkpt lat="-7.9491100" lon="113.6123620">
    <ele>2291.1</ele>
   </trkpt>
   <trkpt lat="-7.9491570" lon="113.6123520">
    <ele>2291.9</ele>
   </trkpt>
   <trkpt lat="-7.9491920" lon="113.6123500">
    <ele>2292.2</ele>
   </trkpt>
   <trkpt lat="-7.9492280" lon="113.6123520">
    <ele>2292.6</ele>
   </trkpt>
   <trkpt lat="-7.9492670" lon="113.6123650">
    <ele>2293.0</ele>
   </trkpt>
   <trkpt lat="-7.9492950" lon="113.6123770">
    <ele>2293.3</ele>
   </trkpt>
   <trkpt lat="-7.9493350" lon="113.6123730">
    <ele>2293.8</ele>
   </trkpt>
   <trkpt lat="-7.9493670" lon="113.6123570">
    <ele>2294.2</ele>
   </trkpt>
   <trkpt lat="-7.9493950" lon="113.6123380">
    <ele>2294.0</ele>
   </trkpt>
   <trkpt lat="-7.9494180" lon="113.6123230">
    <ele>2293.7</ele>
   </trkpt>
   <trkpt lat="-7.9494450" lon="113.6123130">
    <ele>2293.5</ele>
   </trkpt>
   <trkpt lat="-7.9494820" lon="113.6123100">
    <ele>2293.1</ele>
   </trkpt>
   <trkpt lat="-7.9495270" lon="113.6123070">
    <ele>2292.5</ele>
   </trkpt>
   <trkpt lat="-7.9495580" lon="113.6123120">
    <ele>2292.5</ele>
   </trkpt>
   <trkpt lat="-7.9495870" lon="113.6123080">
    <ele>2292.6</ele>
   </trkpt>
   <trkpt lat="-7.9496170" lon="113.6123070">
    <ele>2292.8</ele>
   </trkpt>
   <trkpt lat="-7.9496450" lon="113.6122970">
    <ele>2292.4</ele>
   </trkpt>
   <trkpt lat="-7.9496750" lon="113.6122880">
    <ele>2292.0</ele>
   </trkpt>
   <trkpt lat="-7.9497150" lon="113.6122730">
    <ele>2291.8</ele>
   </trkpt>
   <trkpt lat="-7.9497500" lon="113.6122570">
    <ele>2291.9</ele>
   </trkpt>
   <trkpt lat="-7.9497720" lon="113.6122320">
    <ele>2291.7</ele>
   </trkpt>
   <trkpt lat="-7.9497980" lon="113.6122180">
    <ele>2291.3</ele>
   </trkpt>
   <trkpt lat="-7.9498250" lon="113.6121950">
    <ele>2291.0</ele>
   </trkpt>
   <trkpt lat="-7.9498530" lon="113.6121950">
    <ele>2290.6</ele>
   </trkpt>
   <trkpt lat="-7.9498880" lon="113.6121800">
    <ele>2290.1</ele>
   </trkpt>
   <trkpt lat="-7.9499280" lon="113.6121670">
    <ele>2290.3</ele>
   </trkpt>
   <trkpt lat="-7.9499620" lon="113.6121520">
    <ele>2290.5</ele>
   </trkpt>
   <trkpt lat="-7.9499920" lon="113.6121350">
    <ele>2290.5</ele>
   </trkpt>
   <trkpt lat="-7.9500230" lon="113.6121300">
    <ele>2290.4</ele>
   </trkpt>
   <trkpt lat="-7.9500450" lon="113.6121120">
    <ele>2289.4</ele>
   </trkpt>
   <trkpt lat="-7.9500700" lon="113.6120980">
    <ele>2288.4</ele>
   </trkpt>
   <trkpt lat="-7.9501000" lon="113.6120880">
    <ele>2287.6</ele>
   </trkpt>
   <trkpt lat="-7.9501370" lon="113.6120770">
    <ele>2287.1</ele>
   </trkpt>
   <trkpt lat="-7.9501630" lon="113.6120680">
    <ele>2287.2</ele>
   </trkpt>
   <trkpt lat="-7.9501930" lon="113.6120620">
    <ele>2287.8</ele>
   </trkpt>
   <trkpt lat="-7.9502280" lon="113.6120600">
    <ele>2288.5</ele>
   </trkpt>
   <trkpt lat="-7.9502650" lon="113.6120670">
    <ele>2288.2</ele>
   </trkpt>
   <trkpt lat="-7.9503000" lon="113.6120770">
    <ele>2287.4</ele>
   </trkpt>
   <trkpt lat="-7.9503380" lon="113.6120970">
    <ele>2286.7</ele>
   </trkpt>
   <trkpt lat="-7.9503700" lon="113.6121080">
    <ele>2286.5</ele>
   </trkpt>
   <trkpt lat="-7.9503980" lon="113.6121230">
    <ele>2286.3</ele>
   </trkpt>
   <trkpt lat="-7.9504300" lon="113.6121370">
    <ele>2286.3</ele>
   </trkpt>
   <trkpt lat="-7.9504670" lon="113.6121600">
    <ele>2286.6</ele>
   </trkpt>
   <trkpt lat="-7.9504900" lon="113.6121750">
    <ele>2286.8</ele>
   </trkpt>
   <trkpt lat="-7.9505080" lon="113.6122030">
    <ele>2287.1</ele>
   </trkpt>
   <trkpt lat="-7.9505380" lon="113.6122300">
    <ele>2287.5</ele>
   </trkpt>
   <trkpt lat="-7.9505630" lon="113.6122520">
    <ele>2287.8</ele>
   </trkpt>
   <trkpt lat="-7.9505950" lon="113.6122670">
    <ele>2288.1</ele>
   </trkpt>
   <trkpt lat="-7.9506330" lon="113.6122850">
    <ele>2288.4</ele>
   </trkpt>
   <trkpt lat="-7.9507150" lon="113.6123270">
    <ele>2289.1</ele>
   </trkpt>
   <trkpt lat="-7.9507520" lon="113.6123480">
    <ele>2288.8</ele>
   </trkpt>
   <trkpt lat="-7.9507880" lon="113.6123780">
    <ele>2288.4</ele>
   </trkpt>
   <trkpt lat="-7.9508270" lon="113.6123980">
    <ele>2287.5</ele>
   </trkpt>
   <trkpt lat="-7.9508670" lon="113.6124220">
    <ele>2286.8</ele>
   </trkpt>
   <trkpt lat="-7.9509050" lon="113.6124450">
    <ele>2286.7</ele>
   </trkpt>
   <trkpt lat="-7.9509470" lon="113.6124700">
    <ele>2286.4</ele>
   </trkpt>
   <trkpt lat="-7.9509930" lon="113.6124900">
    <ele>2285.8</ele>
   </trkpt>
   <trkpt lat="-7.9510320" lon="113.6125100">
    <ele>2285.3</ele>
   </trkpt>
   <trkpt lat="-7.9510770" lon="113.6125270">
    <ele>2284.6</ele>
   </trkpt>
   <trkpt lat="-7.9511200" lon="113.6125500">
    <ele>2283.5</ele>
   </trkpt>
   <trkpt lat="-7.9511600" lon="113.6125730">
    <ele>2282.6</ele>
   </trkpt>
   <trkpt lat="-7.9511980" lon="113.6125950">
    <ele>2282.3</ele>
   </trkpt>
   <trkpt lat="-7.9512330" lon="113.6126120">
    <ele>2282.0</ele>
   </trkpt>
   <trkpt lat="-7.9512780" lon="113.6126230">
    <ele>2281.6</ele>
   </trkpt>
   <trkpt lat="-7.9513150" lon="113.6126350">
    <ele>2281.4</ele>
   </trkpt>
   <trkpt lat="-7.9513470" lon="113.6126470">
    <ele>2281.9</ele>
   </trkpt>
   <trkpt lat="-7.9513820" lon="113.6126580">
    <ele>2282.4</ele>
   </trkpt>
   <trkpt lat="-7.9514150" lon="113.6126630">
    <ele>2282.7</ele>
   </trkpt>
   <trkpt lat="-7.9514530" lon="113.6126770">
    <ele>2282.8</ele>
   </trkpt>
   <trkpt lat="-7.9514930" lon="113.6126870">
    <ele>2283.0</ele>
   </trkpt>
   <trkpt lat="-7.9515270" lon="113.6126970">
    <ele>2283.3</ele>
   </trkpt>
   <trkpt lat="-7.9515630" lon="113.6127080">
    <ele>2283.5</ele>
   </trkpt>
   <trkpt lat="-7.9516070" lon="113.6127250">
    <ele>2283.7</ele>
   </trkpt>
   <trkpt lat="-7.9516700" lon="113.6127450">
    <ele>2283.8</ele>
   </trkpt>
   <trkpt lat="-7.9517020" lon="113.6127500">
    <ele>2283.8</ele>
   </trkpt>
   <trkpt lat="-7.9517350" lon="113.6127580">
    <ele>2283.8</ele>
   </trkpt>
   <trkpt lat="-7.9517700" lon="113.6127700">
    <ele>2283.6</ele>
   </trkpt>
   <trkpt lat="-7.9517950" lon="113.6127850">
    <ele>2283.4</ele>
   </trkpt>
   <trkpt lat="-7.9518420" lon="113.6128100">
    <ele>2283.3</ele>
   </trkpt>
   <trkpt lat="-7.9518720" lon="113.6128230">
    <ele>2283.3</ele>
   </trkpt>
   <trkpt lat="-7.9519180" lon="113.6128550">
    <ele>2283.4</ele>
   </trkpt>
   <trkpt lat="-7.9519600" lon="113.6128900">
    <ele>2283.7</ele>
   </trkpt>
   <trkpt lat="-7.9519900" lon="113.6129000">
    <ele>2284.0</ele>
   </trkpt>
   <trkpt lat="-7.9520280" lon="113.6129280">
    <ele>2284.5</ele>
   </trkpt>
   <trkpt lat="-7.9520580" lon="113.6129530">
    <ele>2284.6</ele>
   </trkpt>
   <trkpt lat="-7.9520950" lon="113.6129870">
    <ele>2284.6</ele>
   </trkpt>
   <trkpt lat="-7.9521420" lon="113.6130200">
    <ele>2284.9</ele>
   </trkpt>
   <trkpt lat="-7.9521730" lon="113.6130470">
    <ele>2285.0</ele>
   </trkpt>
   <trkpt lat="-7.9522080" lon="113.6130770">
    <ele>2284.5</ele>
   </trkpt>
   <trkpt lat="-7.9522470" lon="113.6131170">
    <ele>2284.0</ele>
   </trkpt>
   <trkpt lat="-7.9522700" lon="113.6131400">
    <ele>2283.9</ele>
   </trkpt>
   <trkpt lat="-7.9523080" lon="113.6131750">
    <ele>2283.6</ele>
   </trkpt>
   <trkpt lat="-7.9523280" lon="113.6131950">
    <ele>2283.2</ele>
   </trkpt>
   <trkpt lat="-7.9523720" lon="113.6132230">
    <ele>2282.5</ele>
   </trkpt>
   <trkpt lat="-7.9524020" lon="113.6132500">
    <ele>2282.2</ele>
   </trkpt>
   <trkpt lat="-7.9524200" lon="113.6132700">
    <ele>2282.0</ele>
   </trkpt>
   <trkpt lat="-7.9524520" lon="113.6133020">
    <ele>2281.8</ele>
   </trkpt>
   <trkpt lat="-7.9524820" lon="113.6133380">
    <ele>2281.7</ele>
   </trkpt>
   <trkpt lat="-7.9525080" lon="113.6133750">
    <ele>2281.0</ele>
   </trkpt>
   <trkpt lat="-7.9525380" lon="113.6134180">
    <ele>2279.9</ele>
   </trkpt>
   <trkpt lat="-7.9525670" lon="113.6134630">
    <ele>2279.6</ele>
   </trkpt>
   <trkpt lat="-7.9525970" lon="113.6135030">
    <ele>2279.2</ele>
   </trkpt>
   <trkpt lat="-7.9526300" lon="113.6135320">
    <ele>2278.7</ele>
   </trkpt>
   <trkpt lat="-7.9526570" lon="113.6135620">
    <ele>2278.4</ele>
   </trkpt>
   <trkpt lat="-7.9526880" lon="113.6135820">
    <ele>2278.3</ele>
   </trkpt>
   <trkpt lat="-7.9527200" lon="113.6136080">
    <ele>2278.1</ele>
   </trkpt>
   <trkpt lat="-7.9527650" lon="113.6136320">
    <ele>2277.6</ele>
   </trkpt>
   <trkpt lat="-7.9528020" lon="113.6136520">
    <ele>2277.3</ele>
   </trkpt>
   <trkpt lat="-7.9528320" lon="113.6136700">
    <ele>2277.0</ele>
   </trkpt>
   <trkpt lat="-7.9528780" lon="113.6136770">
    <ele>2276.7</ele>
   </trkpt>
   <trkpt lat="-7.9529120" lon="113.6137070">
    <ele>2276.6</ele>
   </trkpt>
   <trkpt lat="-7.9529350" lon="113.6137300">
    <ele>2276.3</ele>
   </trkpt>
   <trkpt lat="-7.9529770" lon="113.6137530">
    <ele>2275.7</ele>
   </trkpt>
   <trkpt lat="-7.9530050" lon="113.6137820">
    <ele>2275.4</ele>
   </trkpt>
   <trkpt lat="-7.9530320" lon="113.6137980">
    <ele>2275.2</ele>
   </trkpt>
   <trkpt lat="-7.9530620" lon="113.6138250">
    <ele>2275.1</ele>
   </trkpt>
   <trkpt lat="-7.9530930" lon="113.6138500">
    <ele>2275.0</ele>
   </trkpt>
   <trkpt lat="-7.9531300" lon="113.6138820">
    <ele>2275.1</ele>
   </trkpt>
   <trkpt lat="-7.9531680" lon="113.6139150">
    <ele>2275.5</ele>
   </trkpt>
   <trkpt lat="-7.9532000" lon="113.6139430">
    <ele>2275.7</ele>
   </trkpt>
   <trkpt lat="-7.9532280" lon="113.6139800">
    <ele>2275.8</ele>
   </trkpt>
   <trkpt lat="-7.9532620" lon="113.6140030">
    <ele>2276.1</ele>
   </trkpt>
   <trkpt lat="-7.9532950" lon="113.6140320">
    <ele>2276.3</ele>
   </trkpt>
   <trkpt lat="-7.9533170" lon="113.6140480">
    <ele>2276.4</ele>
   </trkpt>
   <trkpt lat="-7.9533500" lon="113.6140800">
    <ele>2276.5</ele>
   </trkpt>
   <trkpt lat="-7.9533820" lon="113.6141100">
    <ele>2276.6</ele>
   </trkpt>
   <trkpt lat="-7.9534050" lon="113.6141430">
    <ele>2276.6</ele>
   </trkpt>
   <trkpt lat="-7.9534350" lon="113.6141780">
    <ele>2276.5</ele>
   </trkpt>
   <trkpt lat="-7.9534630" lon="113.6142120">
    <ele>2276.4</ele>
   </trkpt>
   <trkpt lat="-7.9534950" lon="113.6142450">
    <ele>2276.3</ele>
   </trkpt>
   <trkpt lat="-7.9535270" lon="113.6142780">
    <ele>2276.0</ele>
   </trkpt>
   <trkpt lat="-7.9535570" lon="113.6143170">
    <ele>2275.7</ele>
   </trkpt>
   <trkpt lat="-7.9535900" lon="113.6143530">
    <ele>2275.5</ele>
   </trkpt>
   <trkpt lat="-7.9536230" lon="113.6143830">
    <ele>2275.3</ele>
   </trkpt>
   <trkpt lat="-7.9536550" lon="113.6144170">
    <ele>2275.3</ele>
   </trkpt>
   <trkpt lat="-7.9536900" lon="113.6144480">
    <ele>2275.3</ele>
   </trkpt>
   <trkpt lat="-7.9537250" lon="113.6144730">
    <ele>2275.2</ele>
   </trkpt>
   <trkpt lat="-7.9537630" lon="113.6144980">
    <ele>2275.2</ele>
   </trkpt>
   <trkpt lat="-7.9538020" lon="113.6145230">
    <ele>2275.0</ele>
   </trkpt>
   <trkpt lat="-7.9538380" lon="113.6145430">
    <ele>2274.9</ele>
   </trkpt>
   <trkpt lat="-7.9538780" lon="113.6145680">
    <ele>2274.8</ele>
   </trkpt>
   <trkpt lat="-7.9539150" lon="113.6145930">
    <ele>2274.6</ele>
   </trkpt>
   <trkpt lat="-7.9539530" lon="113.6146180">
    <ele>2274.2</ele>
   </trkpt>
   <trkpt lat="-7.9539900" lon="113.6146430">
    <ele>2273.8</ele>
   </trkpt>
   <trkpt lat="-7.9540300" lon="113.6146670">
    <ele>2273.2</ele>
   </trkpt>
   <trkpt lat="-7.9540700" lon="113.6146820">
    <ele>2272.7</ele>
   </trkpt>
   <trkpt lat="-7.9541130" lon="113.6146970">
    <ele>2272.3</ele>
   </trkpt>
   <trkpt lat="-7.9541530" lon="113.6147130">
    <ele>2271.8</ele>
   </trkpt>
   <trkpt lat="-7.9542000" lon="113.6147320">
    <ele>2271.4</ele>
   </trkpt>
   <trkpt lat="-7.9542430" lon="113.6147570">
    <ele>2270.9</ele>
   </trkpt>
   <trkpt lat="-7.9542820" lon="113.6147870">
    <ele>2270.5</ele>
   </trkpt>
   <trkpt lat="-7.9543200" lon="113.6148100">
    <ele>2269.9</ele>
   </trkpt>
   <trkpt lat="-7.9543650" lon="113.6148370">
    <ele>2269.4</ele>
   </trkpt>
   <trkpt lat="-7.9544070" lon="113.6148650">
    <ele>2269.1</ele>
   </trkpt>
   <trkpt lat="-7.9544480" lon="113.6148870">
    <ele>2268.9</ele>
   </trkpt>
   <trkpt lat="-7.9544880" lon="113.6149080">
    <ele>2268.7</ele>
   </trkpt>
   <trkpt lat="-7.9545320" lon="113.6149330">
    <ele>2268.5</ele>
   </trkpt>
   <trkpt lat="-7.9545680" lon="113.6149530">
    <ele>2268.5</ele>
   </trkpt>
   <trkpt lat="-7.9546120" lon="113.6149770">
    <ele>2268.5</ele>
   </trkpt>
   <trkpt lat="-7.9546570" lon="113.6149950">
    <ele>2268.6</ele>
   </trkpt>
   <trkpt lat="-7.9547020" lon="113.6150030">
    <ele>2268.8</ele>
   </trkpt>
   <trkpt lat="-7.9547470" lon="113.6150180">
    <ele>2269.2</ele>
   </trkpt>
   <trkpt lat="-7.9547900" lon="113.6150320">
    <ele>2269.2</ele>
   </trkpt>
   <trkpt lat="-7.9548350" lon="113.6150400">
    <ele>2269.2</ele>
   </trkpt>
   <trkpt lat="-7.9548870" lon="113.6150450">
    <ele>2268.8</ele>
   </trkpt>
   <trkpt lat="-7.9549350" lon="113.6150520">
    <ele>2268.3</ele>
   </trkpt>
   <trkpt lat="-7.9549800" lon="113.6150600">
    <ele>2267.8</ele>
   </trkpt>
   <trkpt lat="-7.9550280" lon="113.6150630">
    <ele>2267.2</ele>
   </trkpt>
   <trkpt lat="-7.9550730" lon="113.6150550">
    <ele>2266.7</ele>
   </trkpt>
   <trkpt lat="-7.9551220" lon="113.6150530">
    <ele>2266.2</ele>
   </trkpt>
   <trkpt lat="-7.9551700" lon="113.6150550">
    <ele>2265.9</ele>
   </trkpt>
   <trkpt lat="-7.9552150" lon="113.6150500">
    <ele>2265.6</ele>
   </trkpt>
   <trkpt lat="-7.9552630" lon="113.6150470">
    <ele>2265.3</ele>
   </trkpt>
   <trkpt lat="-7.9553100" lon="113.6150450">
    <ele>2264.8</ele>
   </trkpt>
   <trkpt lat="-7.9553580" lon="113.6150470">
    <ele>2264.1</ele>
   </trkpt>
   <trkpt lat="-7.9554080" lon="113.6150570">
    <ele>2263.3</ele>
   </trkpt>
   <trkpt lat="-7.9554550" lon="113.6150700">
    <ele>2262.8</ele>
   </trkpt>
   <trkpt lat="-7.9554820" lon="113.6150770">
    <ele>2262.6</ele>
   </trkpt>
   <trkpt lat="-7.9555280" lon="113.6150850">
    <ele>2262.3</ele>
   </trkpt>
   <trkpt lat="-7.9555780" lon="113.6150950">
    <ele>2261.6</ele>
   </trkpt>
   <trkpt lat="-7.9556250" lon="113.6151000">
    <ele>2261.5</ele>
   </trkpt>
   <trkpt lat="-7.9556720" lon="113.6151050">
    <ele>2261.5</ele>
   </trkpt>
   <trkpt lat="-7.9557200" lon="113.6151130">
    <ele>2261.6</ele>
   </trkpt>
   <trkpt lat="-7.9557670" lon="113.6151180">
    <ele>2261.7</ele>
   </trkpt>
   <trkpt lat="-7.9558100" lon="113.6151230">
    <ele>2261.6</ele>
   </trkpt>
   <trkpt lat="-7.9558550" lon="113.6151370">
    <ele>2261.8</ele>
   </trkpt>
   <trkpt lat="-7.9558970" lon="113.6151470">
    <ele>2262.1</ele>
   </trkpt>
   <trkpt lat="-7.9559380" lon="113.6151630">
    <ele>2262.4</ele>
   </trkpt>
   <trkpt lat="-7.9559820" lon="113.6151730">
    <ele>2262.7</ele>
   </trkpt>
   <trkpt lat="-7.9560250" lon="113.6151770">
    <ele>2262.9</ele>
   </trkpt>
   <trkpt lat="-7.9560700" lon="113.6151820">
    <ele>2263.0</ele>
   </trkpt>
   <trkpt lat="-7.9561150" lon="113.6151880">
    <ele>2263.1</ele>
   </trkpt>
   <trkpt lat="-7.9561630" lon="113.6151930">
    <ele>2263.1</ele>
   </trkpt>
   <trkpt lat="-7.9562080" lon="113.6151980">
    <ele>2263.6</ele>
   </trkpt>
   <trkpt lat="-7.9562520" lon="113.6152050">
    <ele>2264.1</ele>
   </trkpt>
   <trkpt lat="-7.9562950" lon="113.6152120">
    <ele>2264.6</ele>
   </trkpt>
   <trkpt lat="-7.9563400" lon="113.6152200">
    <ele>2265.1</ele>
   </trkpt>
   <trkpt lat="-7.9563870" lon="113.6152280">
    <ele>2265.3</ele>
   </trkpt>
   <trkpt lat="-7.9564280" lon="113.6152370">
    <ele>2265.5</ele>
   </trkpt>
   <trkpt lat="-7.9564670" lon="113.6152520">
    <ele>2266.0</ele>
   </trkpt>
   <trkpt lat="-7.9565050" lon="113.6152700">
    <ele>2266.5</ele>
   </trkpt>
   <trkpt lat="-7.9565380" lon="113.6152800">
    <ele>2266.8</ele>
   </trkpt>
   <trkpt lat="-7.9565680" lon="113.6152870">
    <ele>2267.0</ele>
   </trkpt>
   <trkpt lat="-7.9566080" lon="113.6153000">
    <ele>2267.3</ele>
   </trkpt>
   <trkpt lat="-7.9566470" lon="113.6153070">
    <ele>2267.9</ele>
   </trkpt>
   <trkpt lat="-7.9566850" lon="113.6153080">
    <ele>2268.5</ele>
   </trkpt>
   <trkpt lat="-7.9567130" lon="113.6153020">
    <ele>2268.3</ele>
   </trkpt>
   <trkpt lat="-7.9567530" lon="113.6152850">
    <ele>2268.1</ele>
   </trkpt>
   <trkpt lat="-7.9567820" lon="113.6152720">
    <ele>2268.1</ele>
   </trkpt>
   <trkpt lat="-7.9568170" lon="113.6152650">
    <ele>2268.7</ele>
   </trkpt>
   <trkpt lat="-7.9568530" lon="113.6152580">
    <ele>2269.4</ele>
   </trkpt>
   <trkpt lat="-7.9568880" lon="113.6152620">
    <ele>2269.8</ele>
   </trkpt>
   <trkpt lat="-7.9569170" lon="113.6152580">
    <ele>2270.1</ele>
   </trkpt>
   <trkpt lat="-7.9569450" lon="113.6152450">
    <ele>2270.5</ele>
   </trkpt>
   <trkpt lat="-7.9569770" lon="113.6152300">
    <ele>2270.7</ele>
   </trkpt>
   <trkpt lat="-7.9570020" lon="113.6152130">
    <ele>2270.9</ele>
   </trkpt>
   <trkpt lat="-7.9570330" lon="113.6152020">
    <ele>2270.9</ele>
   </trkpt>
   <trkpt lat="-7.9570600" lon="113.6151870">
    <ele>2270.7</ele>
   </trkpt>
   <trkpt lat="-7.9570880" lon="113.6151700">
    <ele>2270.5</ele>
   </trkpt>
   <trkpt lat="-7.9571130" lon="113.6151500">
    <ele>2270.0</ele>
   </trkpt>
   <trkpt lat="-7.9571430" lon="113.6151400">
    <ele>2269.2</ele>
   </trkpt>
   <trkpt lat="-7.9571820" lon="113.6151230">
    <ele>2268.3</ele>
   </trkpt>
   <trkpt lat="-7.9572230" lon="113.6151150">
    <ele>2267.0</ele>
   </trkpt>
   <trkpt lat="-7.9572520" lon="113.6151120">
    <ele>2266.1</ele>
   </trkpt>
   <trkpt lat="-7.9572880" lon="113.6151080">
    <ele>2265.1</ele>
   </trkpt>
   <trkpt lat="-7.9573270" lon="113.6151070">
    <ele>2264.2</ele>
   </trkpt>
   <trkpt lat="-7.9573700" lon="113.6151080">
    <ele>2263.2</ele>
   </trkpt>
   <trkpt lat="-7.9574130" lon="113.6151050">
    <ele>2261.9</ele>
   </trkpt>
   <trkpt lat="-7.9574550" lon="113.6150950">
    <ele>2260.7</ele>
   </trkpt>
   <trkpt lat="-7.9575000" lon="113.6150780">
    <ele>2259.9</ele>
   </trkpt>
   <trkpt lat="-7.9575380" lon="113.6150800">
    <ele>2259.4</ele>
   </trkpt>
   <trkpt lat="-7.9575720" lon="113.6150870">
    <ele>2259.0</ele>
   </trkpt>
   <trkpt lat="-7.9576000" lon="113.6150850">
    <ele>2258.8</ele>
   </trkpt>
   <trkpt lat="-7.9576330" lon="113.6150830">
    <ele>2258.6</ele>
   </trkpt>
   <trkpt lat="-7.9576670" lon="113.6150730">
    <ele>2258.5</ele>
   </trkpt>
   <trkpt lat="-7.9577070" lon="113.6150720">
    <ele>2258.4</ele>
   </trkpt>
   <trkpt lat="-7.9577400" lon="113.6150780">
    <ele>2258.5</ele>
   </trkpt>
   <trkpt lat="-7.9577720" lon="113.6150800">
    <ele>2258.5</ele>
   </trkpt>
   <trkpt lat="-7.9578030" lon="113.6150820">
    <ele>2258.7</ele>
   </trkpt>
   <trkpt lat="-7.9578330" lon="113.6150750">
    <ele>2258.8</ele>
   </trkpt>
   <trkpt lat="-7.9578730" lon="113.6150680">
    <ele>2259.0</ele>
   </trkpt>
   <trkpt lat="-7.9579070" lon="113.6150720">
    <ele>2259.1</ele>
   </trkpt>
   <trkpt lat="-7.9579330" lon="113.6150770">
    <ele>2259.2</ele>
   </trkpt>
   <trkpt lat="-7.9579680" lon="113.6150780">
    <ele>2259.4</ele>
   </trkpt>
   <trkpt lat="-7.9580020" lon="113.6150920">
    <ele>2259.4</ele>
   </trkpt>
   <trkpt lat="-7.9580300" lon="113.6150980">
    <ele>2259.5</ele>
   </trkpt>
   <trkpt lat="-7.9580650" lon="113.6151030">
    <ele>2259.0</ele>
   </trkpt>
   <trkpt lat="-7.9580950" lon="113.6151150">
    <ele>2258.2</ele>
   </trkpt>
   <trkpt lat="-7.9581300" lon="113.6151220">
    <ele>2257.3</ele>
   </trkpt>
   <trkpt lat="-7.9581670" lon="113.6151280">
    <ele>2257.2</ele>
   </trkpt>
   <trkpt lat="-7.9582070" lon="113.6151270">
    <ele>2257.1</ele>
   </trkpt>
   <trkpt lat="-7.9582500" lon="113.6151330">
    <ele>2256.5</ele>
   </trkpt>
   <trkpt lat="-7.9582950" lon="113.6151450">
    <ele>2255.5</ele>
   </trkpt>
   <trkpt lat="-7.9583430" lon="113.6151450">
    <ele>2254.8</ele>
   </trkpt>
   <trkpt lat="-7.9583820" lon="113.6151570">
    <ele>2254.2</ele>
   </trkpt>
   <trkpt lat="-7.9584200" lon="113.6151630">
    <ele>2253.6</ele>
   </trkpt>
   <trkpt lat="-7.9584620" lon="113.6151720">
    <ele>2252.8</ele>
   </trkpt>
   <trkpt lat="-7.9584950" lon="113.6151820">
    <ele>2252.2</ele>
   </trkpt>
   <trkpt lat="-7.9585300" lon="113.6152020">
    <ele>2251.3</ele>
   </trkpt>
   <trkpt lat="-7.9585620" lon="113.6152180">
    <ele>2250.6</ele>
   </trkpt>
   <trkpt lat="-7.9585950" lon="113.6152350">
    <ele>2250.6</ele>
   </trkpt>
   <trkpt lat="-7.9586220" lon="113.6152450">
    <ele>2250.6</ele>
   </trkpt>
   <trkpt lat="-7.9586520" lon="113.6152620">
    <ele>2250.5</ele>
   </trkpt>
   <trkpt lat="-7.9587080" lon="113.6152900">
    <ele>2250.1</ele>
   </trkpt>
   <trkpt lat="-7.9587380" lon="113.6153020">
    <ele>2250.2</ele>
   </trkpt>
   <trkpt lat="-7.9587730" lon="113.6153180">
    <ele>2250.4</ele>
   </trkpt>
   <trkpt lat="-7.9588030" lon="113.6153330">
    <ele>2250.8</ele>
   </trkpt>
   <trkpt lat="-7.9588350" lon="113.6153470">
    <ele>2251.4</ele>
   </trkpt>
   <trkpt lat="-7.9588670" lon="113.6153680">
    <ele>2252.1</ele>
   </trkpt>
   <trkpt lat="-7.9588920" lon="113.6153870">
    <ele>2253.0</ele>
   </trkpt>
   <trkpt lat="-7.9589150" lon="113.6154050">
    <ele>2253.8</ele>
   </trkpt>
   <trkpt lat="-7.9589420" lon="113.6154170">
    <ele>2254.7</ele>
   </trkpt>
   <trkpt lat="-7.9589750" lon="113.6154250">
    <ele>2255.2</ele>
   </trkpt>
   <trkpt lat="-7.9590100" lon="113.6154330">
    <ele>2255.7</ele>
   </trkpt>
   <trkpt lat="-7.9590420" lon="113.6154500">
    <ele>2256.7</ele>
   </trkpt>
   <trkpt lat="-7.9590680" lon="113.6154620">
    <ele>2257.7</ele>
   </trkpt>
   <trkpt lat="-7.9591020" lon="113.6154770">
    <ele>2259.0</ele>
   </trkpt>
   <trkpt lat="-7.9591270" lon="113.6154880">
    <ele>2260.1</ele>
   </trkpt>
   <trkpt lat="-7.9591620" lon="113.6155050">
    <ele>2261.5</ele>
   </trkpt>
   <trkpt lat="-7.9592000" lon="113.6155170">
    <ele>2263.1</ele>
   </trkpt>
   <trkpt lat="-7.9592270" lon="113.6155270">
    <ele>2264.2</ele>
   </trkpt>
   <trkpt lat="-7.9592570" lon="113.6155370">
    <ele>2265.4</ele>
   </trkpt>
   <trkpt lat="-7.9592830" lon="113.6155550">
    <ele>2265.9</ele>
   </trkpt>
   <trkpt lat="-7.9593020" lon="113.6155770">
    <ele>2266.3</ele>
   </trkpt>
   <trkpt lat="-7.9593100" lon="113.6156080">
    <ele>2266.7</ele>
   </trkpt>
   <trkpt lat="-7.9593430" lon="113.6156220">
    <ele>2267.8</ele>
   </trkpt>
   <trkpt lat="-7.9593750" lon="113.6156380">
    <ele>2268.9</ele>
   </trkpt>
   <trkpt lat="-7.9594130" lon="113.6156600">
    <ele>2269.8</ele>
   </trkpt>
   <trkpt lat="-7.9594450" lon="113.6156770">
    <ele>2270.6</ele>
   </trkpt>
   <trkpt lat="-7.9595070" lon="113.6156900">
    <ele>2271.5</ele>
   </trkpt>
   <trkpt lat="-7.9595450" lon="113.6157200">
    <ele>2271.9</ele>
   </trkpt>
   <trkpt lat="-7.9595770" lon="113.6157470">
    <ele>2271.9</ele>
   </trkpt>
   <trkpt lat="-7.9596030" lon="113.6157680">
    <ele>2271.9</ele>
   </trkpt>
   <trkpt lat="-7.9596470" lon="113.6157920">
    <ele>2271.7</ele>
   </trkpt>
   <trkpt lat="-7.9596700" lon="113.6158120">
    <ele>2271.6</ele>
   </trkpt>
   <trkpt lat="-7.9596920" lon="113.6158280">
    <ele>2271.4</ele>
   </trkpt>
   <trkpt lat="-7.9597320" lon="113.6158530">
    <ele>2271.1</ele>
   </trkpt>
   <trkpt lat="-7.9597620" lon="113.6158720">
    <ele>2270.9</ele>
   </trkpt>
   <trkpt lat="-7.9598000" lon="113.6158900">
    <ele>2270.8</ele>
   </trkpt>
   <trkpt lat="-7.9598300" lon="113.6159000">
    <ele>2270.7</ele>
   </trkpt>
   <trkpt lat="-7.9598620" lon="113.6158970">
    <ele>2270.6</ele>
   </trkpt>
   <trkpt lat="-7.9598920" lon="113.6158880">
    <ele>2270.1</ele>
   </trkpt>
   <trkpt lat="-7.9599200" lon="113.6158900">
    <ele>2269.6</ele>
   </trkpt>
   <trkpt lat="-7.9599620" lon="113.6158670">
    <ele>2269.0</ele>
   </trkpt>
   <trkpt lat="-7.9599980" lon="113.6158450">
    <ele>2268.4</ele>
   </trkpt>
   <trkpt lat="-7.9600320" lon="113.6158520">
    <ele>2268.0</ele>
   </trkpt>
   <trkpt lat="-7.9600470" lon="113.6158930">
    <ele>2267.4</ele>
   </trkpt>
   <trkpt lat="-7.9600470" lon="113.6159220">
    <ele>2267.1</ele>
   </trkpt>
   <trkpt lat="-7.9600620" lon="113.6159570">
    <ele>2266.7</ele>
   </trkpt>
   <trkpt lat="-7.9600770" lon="113.6159800">
    <ele>2266.5</ele>
   </trkpt>
   <trkpt lat="-7.9600930" lon="113.6160020">
    <ele>2266.5</ele>
   </trkpt>
   <trkpt lat="-7.9601130" lon="113.6160280">
    <ele>2266.4</ele>
   </trkpt>
   <trkpt lat="-7.9601230" lon="113.6160630">
    <ele>2266.2</ele>
   </trkpt>
   <trkpt lat="-7.9601270" lon="113.6160970">
    <ele>2266.0</ele>
   </trkpt>
   <trkpt lat="-7.9601320" lon="113.6161250">
    <ele>2265.9</ele>
   </trkpt>
   <trkpt lat="-7.9601320" lon="113.6161570">
    <ele>2265.6</ele>
   </trkpt>
   <trkpt lat="-7.9601250" lon="113.6161870">
    <ele>2265.3</ele>
   </trkpt>
   <trkpt lat="-7.9601250" lon="113.6162180">
    <ele>2265.0</ele>
   </trkpt>
   <trkpt lat="-7.9601320" lon="113.6162450">
    <ele>2264.4</ele>
   </trkpt>
   <trkpt lat="-7.9601420" lon="113.6162900">
    <ele>2263.3</ele>
   </trkpt>
   <trkpt lat="-7.9601530" lon="113.6163420">
    <ele>2262.2</ele>
   </trkpt>
   <trkpt lat="-7.9601520" lon="113.6163800">
    <ele>2261.4</ele>
   </trkpt>
   <trkpt lat="-7.9601450" lon="113.6164130">
    <ele>2260.8</ele>
   </trkpt>
   <trkpt lat="-7.9601430" lon="113.6164450">
    <ele>2260.4</ele>
   </trkpt>
   <trkpt lat="-7.9601430" lon="113.6164730">
    <ele>2260.0</ele>
   </trkpt>
   <trkpt lat="-7.9601430" lon="113.6165100">
    <ele>2259.7</ele>
   </trkpt>
   <trkpt lat="-7.9601400" lon="113.6165430">
    <ele>2259.5</ele>
   </trkpt>
   <trkpt lat="-7.9601370" lon="113.6165800">
    <ele>2259.3</ele>
   </trkpt>
   <trkpt lat="-7.9601450" lon="113.6166080">
    <ele>2259.1</ele>
   </trkpt>
   <trkpt lat="-7.9601630" lon="113.6166480">
    <ele>2259.0</ele>
   </trkpt>
   <trkpt lat="-7.9601720" lon="113.6166870">
    <ele>2258.6</ele>
   </trkpt>
   <trkpt lat="-7.9601750" lon="113.6167170">
    <ele>2258.4</ele>
   </trkpt>
   <trkpt lat="-7.9601880" lon="113.6167500">
    <ele>2258.0</ele>
   </trkpt>
   <trkpt lat="-7.9601980" lon="113.6167770">
    <ele>2257.6</ele>
   </trkpt>
   <trkpt lat="-7.9602120" lon="113.6168100">
    <ele>2257.1</ele>
   </trkpt>
   <trkpt lat="-7.9602200" lon="113.6168370">
    <ele>2256.5</ele>
   </trkpt>
   <trkpt lat="-7.9602250" lon="113.6168730">
    <ele>2255.6</ele>
   </trkpt>
   <trkpt lat="-7.9602330" lon="113.6169100">
    <ele>2254.8</ele>
   </trkpt>
   <trkpt lat="-7.9602400" lon="113.6169480">
    <ele>2254.3</ele>
   </trkpt>
   <trkpt lat="-7.9602400" lon="113.6169850">
    <ele>2253.9</ele>
   </trkpt>
   <trkpt lat="-7.9602520" lon="113.6170130">
    <ele>2253.9</ele>
   </trkpt>
   <trkpt lat="-7.9602650" lon="113.6170450">
    <ele>2254.0</ele>
   </trkpt>
   <trkpt lat="-7.9602770" lon="113.6170750">
    <ele>2254.0</ele>
   </trkpt>
   <trkpt lat="-7.9602880" lon="113.6171070">
    <ele>2254.0</ele>
   </trkpt>
   <trkpt lat="-7.9603070" lon="113.6171450">
    <ele>2253.9</ele>
   </trkpt>
   <trkpt lat="-7.9603150" lon="113.6171750">
    <ele>2253.9</ele>
   </trkpt>
   <trkpt lat="-7.9603230" lon="113.6172030">
    <ele>2253.8</ele>
   </trkpt>
   <trkpt lat="-7.9603430" lon="113.6172330">
    <ele>2254.2</ele>
   </trkpt>
   <trkpt lat="-7.9603580" lon="113.6172630">
    <ele>2254.7</ele>
   </trkpt>
   <trkpt lat="-7.9603680" lon="113.6173000">
    <ele>2255.2</ele>
   </trkpt>
   <trkpt lat="-7.9603830" lon="113.6173380">
    <ele>2255.4</ele>
   </trkpt>
   <trkpt lat="-7.9604030" lon="113.6173650">
    <ele>2255.7</ele>
   </trkpt>
   <trkpt lat="-7.9604230" lon="113.6173900">
    <ele>2255.9</ele>
   </trkpt>
   <trkpt lat="-7.9604420" lon="113.6174170">
    <ele>2256.1</ele>
   </trkpt>
   <trkpt lat="-7.9604650" lon="113.6174500">
    <ele>2256.3</ele>
   </trkpt>
   <trkpt lat="-7.9604870" lon="113.6174820">
    <ele>2256.3</ele>
   </trkpt>
   <trkpt lat="-7.9605170" lon="113.6175030">
    <ele>2256.3</ele>
   </trkpt>
   <trkpt lat="-7.9605430" lon="113.6175150">
    <ele>2256.4</ele>
   </trkpt>
   <trkpt lat="-7.9605720" lon="113.6175300">
    <ele>2256.4</ele>
   </trkpt>
   <trkpt lat="-7.9606030" lon="113.6175500">
    <ele>2256.3</ele>
   </trkpt>
   <trkpt lat="-7.9606320" lon="113.6175730">
    <ele>2256.1</ele>
   </trkpt>
   <trkpt lat="-7.9606570" lon="113.6176000">
    <ele>2255.8</ele>
   </trkpt>
   <trkpt lat="-7.9606770" lon="113.6176280">
    <ele>2255.2</ele>
   </trkpt>
   <trkpt lat="-7.9607050" lon="113.6176480">
    <ele>2254.7</ele>
   </trkpt>
   <trkpt lat="-7.9607450" lon="113.6176630">
    <ele>2253.7</ele>
   </trkpt>
   <trkpt lat="-7.9607920" lon="113.6176780">
    <ele>2252.3</ele>
   </trkpt>
   <trkpt lat="-7.9608300" lon="113.6176880">
    <ele>2251.6</ele>
   </trkpt>
   <trkpt lat="-7.9608670" lon="113.6176950">
    <ele>2250.9</ele>
   </trkpt>
   <trkpt lat="-7.9609030" lon="113.6177000">
    <ele>2250.3</ele>
   </trkpt>
   <trkpt lat="-7.9609480" lon="113.6177120">
    <ele>2249.6</ele>
   </trkpt>
   <trkpt lat="-7.9609800" lon="113.6177250">
    <ele>2249.3</ele>
   </trkpt>
   <trkpt lat="-7.9610120" lon="113.6177330">
    <ele>2249.0</ele>
   </trkpt>
   <trkpt lat="-7.9610520" lon="113.6177520">
    <ele>2247.9</ele>
   </trkpt>
   <trkpt lat="-7.9610980" lon="113.6177870">
    <ele>2246.5</ele>
   </trkpt>
   <trkpt lat="-7.9611250" lon="113.6178120">
    <ele>2246.2</ele>
   </trkpt>
   <trkpt lat="-7.9611500" lon="113.6178270">
    <ele>2245.9</ele>
   </trkpt>
   <trkpt lat="-7.9611770" lon="113.6178430">
    <ele>2245.2</ele>
   </trkpt>
   <trkpt lat="-7.9612050" lon="113.6178580">
    <ele>2244.6</ele>
   </trkpt>
   <trkpt lat="-7.9612370" lon="113.6178720">
    <ele>2243.4</ele>
   </trkpt>
   <trkpt lat="-7.9612670" lon="113.6178830">
    <ele>2242.4</ele>
   </trkpt>
   <trkpt lat="-7.9613120" lon="113.6178980">
    <ele>2241.3</ele>
   </trkpt>
   <trkpt lat="-7.9613680" lon="113.6179100">
    <ele>2240.2</ele>
   </trkpt>
   <trkpt lat="-7.9614070" lon="113.6179220">
    <ele>2239.3</ele>
   </trkpt>
   <trkpt lat="-7.9614400" lon="113.6179300">
    <ele>2238.6</ele>
   </trkpt>
   <trkpt lat="-7.9614680" lon="113.6179370">
    <ele>2238.2</ele>
   </trkpt>
   <trkpt lat="-7.9615030" lon="113.6179430">
    <ele>2237.6</ele>
   </trkpt>
   <trkpt lat="-7.9615370" lon="113.6179530">
    <ele>2236.9</ele>
   </trkpt>
   <trkpt lat="-7.9615750" lon="113.6179650">
    <ele>2235.9</ele>
   </trkpt>
   <trkpt lat="-7.9616100" lon="113.6179750">
    <ele>2235.1</ele>
   </trkpt>
   <trkpt lat="-7.9616470" lon="113.6179830">
    <ele>2234.4</ele>
   </trkpt>
   <trkpt lat="-7.9616770" lon="113.6179920">
    <ele>2233.8</ele>
   </trkpt>
   <trkpt lat="-7.9617100" lon="113.6180030">
    <ele>2233.6</ele>
   </trkpt>
   <trkpt lat="-7.9617400" lon="113.6180150">
    <ele>2233.4</ele>
   </trkpt>
   <trkpt lat="-7.9617730" lon="113.6180300">
    <ele>2233.1</ele>
   </trkpt>
   <trkpt lat="-7.9618070" lon="113.6180420">
    <ele>2232.7</ele>
   </trkpt>
   <trkpt lat="-7.9618370" lon="113.6180530">
    <ele>2232.3</ele>
   </trkpt>
   <trkpt lat="-7.9618680" lon="113.6180630">
    <ele>2232.3</ele>
   </trkpt>
   <trkpt lat="-7.9619000" lon="113.6180730">
    <ele>2232.4</ele>
   </trkpt>
   <trkpt lat="-7.9619320" lon="113.6180880">
    <ele>2232.3</ele>
   </trkpt>
   <trkpt lat="-7.9619620" lon="113.6181080">
    <ele>2232.0</ele>
   </trkpt>
   <trkpt lat="-7.9619850" lon="113.6181280">
    <ele>2231.8</ele>
   </trkpt>
   <trkpt lat="-7.9620070" lon="113.6181520">
    <ele>2231.9</ele>
   </trkpt>
   <trkpt lat="-7.9620280" lon="113.6181720">
    <ele>2232.0</ele>
   </trkpt>
   <trkpt lat="-7.9620520" lon="113.6181920">
    <ele>2232.1</ele>
   </trkpt>
   <trkpt lat="-7.9620750" lon="113.6182150">
    <ele>2232.5</ele>
   </trkpt>
   <trkpt lat="-7.9620930" lon="113.6182380">
    <ele>2232.9</ele>
   </trkpt>
   <trkpt lat="-7.9621170" lon="113.6182670">
    <ele>2233.3</ele>
   </trkpt>
   <trkpt lat="-7.9621430" lon="113.6182920">
    <ele>2233.7</ele>
   </trkpt>
   <trkpt lat="-7.9621720" lon="113.6183180">
    <ele>2234.3</ele>
   </trkpt>
   <trkpt lat="-7.9621930" lon="113.6183470">
    <ele>2235.2</ele>
   </trkpt>
   <trkpt lat="-7.9622120" lon="113.6183780">
    <ele>2236.1</ele>
   </trkpt>
   <trkpt lat="-7.9622250" lon="113.6184030">
    <ele>2236.4</ele>
   </trkpt>
   <trkpt lat="-7.9622550" lon="113.6184220">
    <ele>2236.6</ele>
   </trkpt>
   <trkpt lat="-7.9622730" lon="113.6184420">
    <ele>2236.8</ele>
   </trkpt>
   <trkpt lat="-7.9622950" lon="113.6184770">
    <ele>2236.6</ele>
   </trkpt>
   <trkpt lat="-7.9623150" lon="113.6185050">
    <ele>2236.4</ele>
   </trkpt>
   <trkpt lat="-7.9623300" lon="113.6185330">
    <ele>2236.2</ele>
   </trkpt>
   <trkpt lat="-7.9623530" lon="113.6185670">
    <ele>2236.0</ele>
   </trkpt>
   <trkpt lat="-7.9623770" lon="113.6185820">
    <ele>2235.8</ele>
   </trkpt>
   <trkpt lat="-7.9624070" lon="113.6186050">
    <ele>2235.6</ele>
   </trkpt>
   <trkpt lat="-7.9624350" lon="113.6186220">
    <ele>2235.4</ele>
   </trkpt>
   <trkpt lat="-7.9624730" lon="113.6186320">
    <ele>2234.8</ele>
   </trkpt>
   <trkpt lat="-7.9624980" lon="113.6186430">
    <ele>2234.3</ele>
   </trkpt>
   <trkpt lat="-7.9625350" lon="113.6186580">
    <ele>2233.7</ele>
   </trkpt>
   <trkpt lat="-7.9625700" lon="113.6186750">
    <ele>2233.4</ele>
   </trkpt>
   <trkpt lat="-7.9626000" lon="113.6186930">
    <ele>2233.1</ele>
   </trkpt>
   <trkpt lat="-7.9626350" lon="113.6187070">
    <ele>2233.2</ele>
   </trkpt>
   <trkpt lat="-7.9626670" lon="113.6187270">
    <ele>2233.4</ele>
   </trkpt>
   <trkpt lat="-7.9626950" lon="113.6187470">
    <ele>2233.4</ele>
   </trkpt>
   <trkpt lat="-7.9627220" lon="113.6187570">
    <ele>2233.4</ele>
   </trkpt>
   <trkpt lat="-7.9627520" lon="113.6187720">
    <ele>2233.3</ele>
   </trkpt>
   <trkpt lat="-7.9627780" lon="113.6187900">
    <ele>2233.1</ele>
   </trkpt>
   <trkpt lat="-7.9628150" lon="113.6187970">
    <ele>2232.8</ele>
   </trkpt>
   <trkpt lat="-7.9628530" lon="113.6188070">
    <ele>2232.7</ele>
   </trkpt>
   <trkpt lat="-7.9628870" lon="113.6188120">
    <ele>2232.7</ele>
   </trkpt>
   <trkpt lat="-7.9629130" lon="113.6188170">
    <ele>2232.7</ele>
   </trkpt>
   <trkpt lat="-7.9629420" lon="113.6188150">
    <ele>2232.5</ele>
   </trkpt>
   <trkpt lat="-7.9629720" lon="113.6188230">
    <ele>2232.2</ele>
   </trkpt>
   <trkpt lat="-7.9630050" lon="113.6188220">
    <ele>2231.8</ele>
   </trkpt>
   <trkpt lat="-7.9630350" lon="113.6188200">
    <ele>2231.3</ele>
   </trkpt>
   <trkpt lat="-7.9630680" lon="113.6188120">
    <ele>2230.7</ele>
   </trkpt>
   <trkpt lat="-7.9631030" lon="113.6187950">
    <ele>2230.2</ele>
   </trkpt>
   <trkpt lat="-7.9631500" lon="113.6187780">
    <ele>2230.0</ele>
   </trkpt>
   <trkpt lat="-7.9631920" lon="113.6187720">
    <ele>2230.1</ele>
   </trkpt>
   <trkpt lat="-7.9632430" lon="113.6187550">
    <ele>2230.7</ele>
   </trkpt>
   <trkpt lat="-7.9632720" lon="113.6187420">
    <ele>2230.8</ele>
   </trkpt>
   <trkpt lat="-7.9632970" lon="113.6187280">
    <ele>2230.7</ele>
   </trkpt>
   <trkpt lat="-7.9633370" lon="113.6187050">
    <ele>2230.5</ele>
   </trkpt>
   <trkpt lat="-7.9633800" lon="113.6186830">
    <ele>2230.4</ele>
   </trkpt>
   <trkpt lat="-7.9634250" lon="113.6186630">
    <ele>2230.4</ele>
   </trkpt>
   <trkpt lat="-7.9634800" lon="113.6186470">
    <ele>2230.5</ele>
   </trkpt>
   <trkpt lat="-7.9635070" lon="113.6186400">
    <ele>2230.7</ele>
   </trkpt>
   <trkpt lat="-7.9635570" lon="113.6186250">
    <ele>2231.3</ele>
   </trkpt>
   <trkpt lat="-7.9636050" lon="113.6186120">
    <ele>2231.7</ele>
   </trkpt>
   <trkpt lat="-7.9636530" lon="113.6185970">
    <ele>2231.9</ele>
   </trkpt>
   <trkpt lat="-7.9636800" lon="113.6185850">
    <ele>2231.7</ele>
   </trkpt>
   <trkpt lat="-7.9637080" lon="113.6185770">
    <ele>2231.3</ele>
   </trkpt>
   <trkpt lat="-7.9637600" lon="113.6185570">
    <ele>2230.8</ele>
   </trkpt>
   <trkpt lat="-7.9638080" lon="113.6185430">
    <ele>2230.7</ele>
   </trkpt>
   <trkpt lat="-7.9638530" lon="113.6185280">
    <ele>2230.6</ele>
   </trkpt>
   <trkpt lat="-7.9639020" lon="113.6185150">
    <ele>2230.5</ele>
   </trkpt>
   <trkpt lat="-7.9639450" lon="113.6184980">
    <ele>2230.0</ele>
   </trkpt>
   <trkpt lat="-7.9639830" lon="113.6184770">
    <ele>2229.4</ele>
   </trkpt>
   <trkpt lat="-7.9640250" lon="113.6184530">
    <ele>2228.3</ele>
   </trkpt>
   <trkpt lat="-7.9640630" lon="113.6184300">
    <ele>2227.1</ele>
   </trkpt>
   <trkpt lat="-7.9641020" lon="113.6184070">
    <ele>2225.9</ele>
   </trkpt>
   <trkpt lat="-7.9641380" lon="113.6183850">
    <ele>2224.7</ele>
   </trkpt>
   <trkpt lat="-7.9641770" lon="113.6183630">
    <ele>2224.4</ele>
   </trkpt>
   <trkpt lat="-7.9642170" lon="113.6183400">
    <ele>2224.1</ele>
   </trkpt>
   <trkpt lat="-7.9642580" lon="113.6183200">
    <ele>2223.5</ele>
   </trkpt>
   <trkpt lat="-7.9643000" lon="113.6183020">
    <ele>2222.9</ele>
   </trkpt>
   <trkpt lat="-7.9643380" lon="113.6182780">
    <ele>2222.5</ele>
   </trkpt>
   <trkpt lat="-7.9643750" lon="113.6182570">
    <ele>2222.1</ele>
   </trkpt>
   <trkpt lat="-7.9644120" lon="113.6182370">
    <ele>2222.2</ele>
   </trkpt>
   <trkpt lat="-7.9644470" lon="113.6182170">
    <ele>2222.4</ele>
   </trkpt>
   <trkpt lat="-7.9644850" lon="113.6182000">
    <ele>2222.5</ele>
   </trkpt>
   <trkpt lat="-7.9645230" lon="113.6181820">
    <ele>2222.6</ele>
   </trkpt>
   <trkpt lat="-7.9645620" lon="113.6181670">
    <ele>2222.5</ele>
   </trkpt>
   <trkpt lat="-7.9646020" lon="113.6181530">
    <ele>2222.3</ele>
   </trkpt>
   <trkpt lat="-7.9646400" lon="113.6181320">
    <ele>2222.1</ele>
   </trkpt>
   <trkpt lat="-7.9646770" lon="113.6181070">
    <ele>2222.0</ele>
   </trkpt>
   <trkpt lat="-7.9647120" lon="113.6180900">
    <ele>2221.9</ele>
   </trkpt>
   <trkpt lat="-7.9647380" lon="113.6180750">
    <ele>2221.9</ele>
   </trkpt>
   <trkpt lat="-7.9647730" lon="113.6180580">
    <ele>2221.9</ele>
   </trkpt>
   <trkpt lat="-7.9647980" lon="113.6180430">
    <ele>2221.8</ele>
   </trkpt>
   <trkpt lat="-7.9648270" lon="113.6180350">
    <ele>2221.7</ele>
   </trkpt>
   <trkpt lat="-7.9648530" lon="113.6180280">
    <ele>2221.6</ele>
   </trkpt>
   <trkpt lat="-7.9648830" lon="113.6180230">
    <ele>2221.5</ele>
   </trkpt>
   <trkpt lat="-7.9649120" lon="113.6180150">
    <ele>2221.4</ele>
   </trkpt>
   <trkpt lat="-7.9649430" lon="113.6180120">
    <ele>2221.4</ele>
   </trkpt>
   <trkpt lat="-7.9649730" lon="113.6180070">
    <ele>2221.5</ele>
   </trkpt>
   <trkpt lat="-7.9650020" lon="113.6180030">
    <ele>2221.5</ele>
   </trkpt>
   <trkpt lat="-7.9650300" lon="113.6179950">
    <ele>2221.6</ele>
   </trkpt>
   <trkpt lat="-7.9650580" lon="113.6179870">
    <ele>2221.8</ele>
   </trkpt>
   <trkpt lat="-7.9650950" lon="113.6179770">
    <ele>2222.0</ele>
   </trkpt>
   <trkpt lat="-7.9651220" lon="113.6179720">
    <ele>2222.1</ele>
   </trkpt>
   <trkpt lat="-7.9651600" lon="113.6179680">
    <ele>2222.4</ele>
   </trkpt>
   <trkpt lat="-7.9652000" lon="113.6179650">
    <ele>2222.7</ele>
   </trkpt>
   <trkpt lat="-7.9652420" lon="113.6179650">
    <ele>2223.1</ele>
   </trkpt>
   <trkpt lat="-7.9652820" lon="113.6179630">
    <ele>2223.4</ele>
   </trkpt>
   <trkpt lat="-7.9653230" lon="113.6179620">
    <ele>2223.9</ele>
   </trkpt>
   <trkpt lat="-7.9653530" lon="113.6179620">
    <ele>2224.3</ele>
   </trkpt>
   <trkpt lat="-7.9653820" lon="113.6179630">
    <ele>2224.6</ele>
   </trkpt>
   <trkpt lat="-7.9654120" lon="113.6179650">
    <ele>2224.9</ele>
   </trkpt>
   <trkpt lat="-7.9654530" lon="113.6179620">
    <ele>2225.3</ele>
   </trkpt>
   <trkpt lat="-7.9654850" lon="113.6179580">
    <ele>2225.5</ele>
   </trkpt>
   <trkpt lat="-7.9655230" lon="113.6179570">
    <ele>2225.7</ele>
   </trkpt>
   <trkpt lat="-7.9655670" lon="113.6179520">
    <ele>2225.9</ele>
   </trkpt>
   <trkpt lat="-7.9655970" lon="113.6179470">
    <ele>2226.0</ele>
   </trkpt>
   <trkpt lat="-7.9656250" lon="113.6179350">
    <ele>2226.1</ele>
   </trkpt>
   <trkpt lat="-7.9656530" lon="113.6179280">
    <ele>2226.2</ele>
   </trkpt>
   <trkpt lat="-7.9656800" lon="113.6179200">
    <ele>2226.2</ele>
   </trkpt>
   <trkpt lat="-7.9657100" lon="113.6179130">
    <ele>2226.2</ele>
   </trkpt>
   <trkpt lat="-7.9657400" lon="113.6179080">
    <ele>2226.2</ele>
   </trkpt>
   <trkpt lat="-7.9657670" lon="113.6179000">
    <ele>2226.2</ele>
   </trkpt>
   <trkpt lat="-7.9657980" lon="113.6178970">
    <ele>2226.1</ele>
   </trkpt>
   <trkpt lat="-7.9658270" lon="113.6178920">
    <ele>2226.1</ele>
   </trkpt>
   <trkpt lat="-7.9658530" lon="113.6178870">
    <ele>2226.0</ele>
   </trkpt>
   <trkpt lat="-7.9658900" lon="113.6178730">
    <ele>2225.9</ele>
   </trkpt>
   <trkpt lat="-7.9659250" lon="113.6178580">
    <ele>2225.8</ele>
   </trkpt>
   <trkpt lat="-7.9659480" lon="113.6178430">
    <ele>2225.6</ele>
   </trkpt>
   <trkpt lat="-7.9659700" lon="113.6178270">
    <ele>2225.4</ele>
   </trkpt>
   <trkpt lat="-7.9659930" lon="113.6178120">
    <ele>2225.2</ele>
   </trkpt>
   <trkpt lat="-7.9660150" lon="113.6177920">
    <ele>2225.1</ele>
   </trkpt>
   <trkpt lat="-7.9660380" lon="113.6177720">
    <ele>2224.8</ele>
   </trkpt>
   <trkpt lat="-7.9660650" lon="113.6177530">
    <ele>2224.7</ele>
   </trkpt>
   <trkpt lat="-7.9660920" lon="113.6177380">
    <ele>2224.6</ele>
   </trkpt>
   <trkpt lat="-7.9661170" lon="113.6177200">
    <ele>2224.5</ele>
   </trkpt>
   <trkpt lat="-7.9661470" lon="113.6177030">
    <ele>2224.4</ele>
   </trkpt>
   <trkpt lat="-7.9661730" lon="113.6176850">
    <ele>2224.5</ele>
   </trkpt>
   <trkpt lat="-7.9662000" lon="113.6176720">
    <ele>2224.5</ele>
   </trkpt>
   <trkpt lat="-7.9662270" lon="113.6176580">
    <ele>2224.6</ele>
   </trkpt>
   <trkpt lat="-7.9662550" lon="113.6176430">
    <ele>2224.8</ele>
   </trkpt>
   <trkpt lat="-7.9662820" lon="113.6176300">
    <ele>2224.9</ele>
   </trkpt>
   <trkpt lat="-7.9663080" lon="113.6176120">
    <ele>2225.0</ele>
   </trkpt>
   <trkpt lat="-7.9663420" lon="113.6175920">
    <ele>2225.1</ele>
   </trkpt>
   <trkpt lat="-7.9663680" lon="113.6175770">
    <ele>2225.2</ele>
   </trkpt>
   <trkpt lat="-7.9663920" lon="113.6175600">
    <ele>2225.3</ele>
   </trkpt>
   <trkpt lat="-7.9664150" lon="113.6175400">
    <ele>2225.5</ele>
   </trkpt>
   <trkpt lat="-7.9664400" lon="113.6175230">
    <ele>2225.6</ele>
   </trkpt>
   <trkpt lat="-7.9664630" lon="113.6175070">
    <ele>2225.6</ele>
   </trkpt>
   <trkpt lat="-7.9664850" lon="113.6174900">
    <ele>2225.5</ele>
   </trkpt>
   <trkpt lat="-7.9665080" lon="113.6174700">
    <ele>2225.4</ele>
   </trkpt>
   <trkpt lat="-7.9665350" lon="113.6174550">
    <ele>2225.2</ele>
   </trkpt>
   <trkpt lat="-7.9665620" lon="113.6174380">
    <ele>2225.0</ele>
   </trkpt>
   <trkpt lat="-7.9665830" lon="113.6174150">
    <ele>2224.9</ele>
   </trkpt>
   <trkpt lat="-7.9666150" lon="113.6173820">
    <ele>2224.5</ele>
   </trkpt>
   <trkpt lat="-7.9666480" lon="113.6173530">
    <ele>2224.1</ele>
   </trkpt>
   <trkpt lat="-7.9666850" lon="113.6173270">
    <ele>2223.7</ele>
   </trkpt>
   <trkpt lat="-7.9667220" lon="113.6172970">
    <ele>2223.3</ele>
   </trkpt>
   <trkpt lat="-7.9667600" lon="113.6172700">
    <ele>2222.9</ele>
   </trkpt>
   <trkpt lat="-7.9667920" lon="113.6172380">
    <ele>2222.5</ele>
   </trkpt>
   <trkpt lat="-7.9668250" lon="113.6172050">
    <ele>2222.5</ele>
   </trkpt>
   <trkpt lat="-7.9668600" lon="113.6171730">
    <ele>2222.4</ele>
   </trkpt>
   <trkpt lat="-7.9668920" lon="113.6171380">
    <ele>2222.4</ele>
   </trkpt>
   <trkpt lat="-7.9669080" lon="113.6170980">
    <ele>2222.6</ele>
   </trkpt>
   <trkpt lat="-7.9669130" lon="113.6170550">
    <ele>2222.8</ele>
   </trkpt>
   <trkpt lat="-7.9669220" lon="113.6170180">
    <ele>2222.8</ele>
   </trkpt>
   <trkpt lat="-7.9669330" lon="113.6169920">
    <ele>2222.7</ele>
   </trkpt>
   <trkpt lat="-7.9669630" lon="113.6169750">
    <ele>2222.6</ele>
   </trkpt>
   <trkpt lat="-7.9669920" lon="113.6169580">
    <ele>2221.9</ele>
   </trkpt>
   <trkpt lat="-7.9670080" lon="113.6169330">
    <ele>2221.3</ele>
   </trkpt>
   <trkpt lat="-7.9670320" lon="113.6169050">
    <ele>2220.7</ele>
   </trkpt>
   <trkpt lat="-7.9670650" lon="113.6168900">
    <ele>2220.2</ele>
   </trkpt>
   <trkpt lat="-7.9670920" lon="113.6168720">
    <ele>2219.7</ele>
   </trkpt>
   <trkpt lat="-7.9671080" lon="113.6168500">
    <ele>2219.3</ele>
   </trkpt>
   <trkpt lat="-7.9671200" lon="113.6168250">
    <ele>2218.9</ele>
   </trkpt>
   <trkpt lat="-7.9671380" lon="113.6168020">
    <ele>2218.3</ele>
   </trkpt>
   <trkpt lat="-7.9671570" lon="113.6167820">
    <ele>2217.3</ele>
   </trkpt>
   <trkpt lat="-7.9671800" lon="113.6167620">
    <ele>2216.2</ele>
   </trkpt>
   <trkpt lat="-7.9672070" lon="113.6167330">
    <ele>2215.0</ele>
   </trkpt>
   <trkpt lat="-7.9672280" lon="113.6167150">
    <ele>2214.4</ele>
   </trkpt>
   <trkpt lat="-7.9672530" lon="113.6166950">
    <ele>2213.7</ele>
   </trkpt>
   <trkpt lat="-7.9672770" lon="113.6166730">
    <ele>2213.2</ele>
   </trkpt>
   <trkpt lat="-7.9673150" lon="113.6166500">
    <ele>2212.5</ele>
   </trkpt>
   <trkpt lat="-7.9673680" lon="113.6166250">
    <ele>2211.7</ele>
   </trkpt>
   <trkpt lat="-7.9673930" lon="113.6166130">
    <ele>2211.2</ele>
   </trkpt>
   <trkpt lat="-7.9674380" lon="113.6165970">
    <ele>2210.5</ele>
   </trkpt>
   <trkpt lat="-7.9674680" lon="113.6165880">
    <ele>2210.0</ele>
   </trkpt>
   <trkpt lat="-7.9674970" lon="113.6165750">
    <ele>2209.4</ele>
   </trkpt>
   <trkpt lat="-7.9675270" lon="113.6165600">
    <ele>2208.6</ele>
   </trkpt>
   <trkpt lat="-7.9675580" lon="113.6165450">
    <ele>2207.9</ele>
   </trkpt>
   <trkpt lat="-7.9675870" lon="113.6165330">
    <ele>2207.3</ele>
   </trkpt>
   <trkpt lat="-7.9676200" lon="113.6165250">
    <ele>2206.6</ele>
   </trkpt>
   <trkpt lat="-7.9676600" lon="113.6165170">
    <ele>2205.8</ele>
   </trkpt>
   <trkpt lat="-7.9676930" lon="113.6165020">
    <ele>2205.1</ele>
   </trkpt>
   <trkpt lat="-7.9677200" lon="113.6164970">
    <ele>2204.6</ele>
   </trkpt>
   <trkpt lat="-7.9677520" lon="113.6164970">
    <ele>2204.1</ele>
   </trkpt>
   <trkpt lat="-7.9677870" lon="113.6164900">
    <ele>2203.7</ele>
   </trkpt>
   <trkpt lat="-7.9678150" lon="113.6164820">
    <ele>2203.5</ele>
   </trkpt>
   <trkpt lat="-7.9678550" lon="113.6164680">
    <ele>2203.2</ele>
   </trkpt>
   <trkpt lat="-7.9678850" lon="113.6164550">
    <ele>2203.2</ele>
   </trkpt>
   <trkpt lat="-7.9679200" lon="113.6164470">
    <ele>2203.2</ele>
   </trkpt>
   <trkpt lat="-7.9679530" lon="113.6164380">
    <ele>2203.2</ele>
   </trkpt>
   <trkpt lat="-7.9679820" lon="113.6164320">
    <ele>2203.2</ele>
   </trkpt>
   <trkpt lat="-7.9680120" lon="113.6164230">
    <ele>2203.2</ele>
   </trkpt>
   <trkpt lat="-7.9680400" lon="113.6164200">
    <ele>2203.2</ele>
   </trkpt>
   <trkpt lat="-7.9680720" lon="113.6164200">
    <ele>2203.2</ele>
   </trkpt>
   <trkpt lat="-7.9680980" lon="113.6164150">
    <ele>2203.2</ele>
   </trkpt>
   <trkpt lat="-7.9681330" lon="113.6164120">
    <ele>2203.2</ele>
   </trkpt>
   <trkpt lat="-7.9681720" lon="113.6164070">
    <ele>2203.2</ele>
   </trkpt>
   <trkpt lat="-7.9682080" lon="113.6164070">
    <ele>2203.3</ele>
   </trkpt>
   <trkpt lat="-7.9682450" lon="113.6164030">
    <ele>2203.2</ele>
   </trkpt>
   <trkpt lat="-7.9682820" lon="113.6163930">
    <ele>2203.1</ele>
   </trkpt>
   <trkpt lat="-7.9683220" lon="113.6163900">
    <ele>2203.1</ele>
   </trkpt>
   <trkpt lat="-7.9683630" lon="113.6163870">
    <ele>2203.1</ele>
   </trkpt>
   <trkpt lat="-7.9683920" lon="113.6163880">
    <ele>2203.2</ele>
   </trkpt>
   <trkpt lat="-7.9684220" lon="113.6163900">
    <ele>2203.1</ele>
   </trkpt>
   <trkpt lat="-7.9684500" lon="113.6163900">
    <ele>2203.1</ele>
   </trkpt>
   <trkpt lat="-7.9684930" lon="113.6163930">
    <ele>2202.9</ele>
   </trkpt>
   <trkpt lat="-7.9685220" lon="113.6163920">
    <ele>2202.7</ele>
   </trkpt>
   <trkpt lat="-7.9685520" lon="113.6163920">
    <ele>2202.5</ele>
   </trkpt>
   <trkpt lat="-7.9685800" lon="113.6163880">
    <ele>2202.4</ele>
   </trkpt>
   <trkpt lat="-7.9686120" lon="113.6163870">
    <ele>2202.2</ele>
   </trkpt>
   <trkpt lat="-7.9686520" lon="113.6163930">
    <ele>2202.0</ele>
   </trkpt>
   <trkpt lat="-7.9686820" lon="113.6164030">
    <ele>2202.0</ele>
   </trkpt>
   <trkpt lat="-7.9687100" lon="113.6164120">
    <ele>2202.0</ele>
   </trkpt>
   <trkpt lat="-7.9687470" lon="113.6164250">
    <ele>2202.0</ele>
   </trkpt>
   <trkpt lat="-7.9687850" lon="113.6164300">
    <ele>2202.1</ele>
   </trkpt>
   <trkpt lat="-7.9688150" lon="113.6164400">
    <ele>2202.2</ele>
   </trkpt>
   <trkpt lat="-7.9688470" lon="113.6164550">
    <ele>2202.2</ele>
   </trkpt>
   <trkpt lat="-7.9688800" lon="113.6164670">
    <ele>2202.2</ele>
   </trkpt>
   <trkpt lat="-7.9689080" lon="113.6164670">
    <ele>2202.2</ele>
   </trkpt>
   <trkpt lat="-7.9689420" lon="113.6164730">
    <ele>2202.3</ele>
   </trkpt>
   <trkpt lat="-7.9689680" lon="113.6164820">
    <ele>2202.3</ele>
   </trkpt>
   <trkpt lat="-7.9690000" lon="113.6164950">
    <ele>2202.5</ele>
   </trkpt>
   <trkpt lat="-7.9690300" lon="113.6165080">
    <ele>2202.8</ele>
   </trkpt>
   <trkpt lat="-7.9690550" lon="113.6165280">
    <ele>2203.1</ele>
   </trkpt>
   <trkpt lat="-7.9690720" lon="113.6165530">
    <ele>2203.3</ele>
   </trkpt>
   <trkpt lat="-7.9690880" lon="113.6165770">
    <ele>2203.6</ele>
   </trkpt>
   <trkpt lat="-7.9690980" lon="113.6166030">
    <ele>2203.9</ele>
   </trkpt>
   <trkpt lat="-7.9691100" lon="113.6166300">
    <ele>2204.3</ele>
   </trkpt>
   <trkpt lat="-7.9691300" lon="113.6166550">
    <ele>2204.8</ele>
   </trkpt>
   <trkpt lat="-7.9691530" lon="113.6166800">
    <ele>2205.4</ele>
   </trkpt>
   <trkpt lat="-7.9691820" lon="113.6166930">
    <ele>2205.9</ele>
   </trkpt>
   <trkpt lat="-7.9692200" lon="113.6167120">
    <ele>2206.7</ele>
   </trkpt>
   <trkpt lat="-7.9692430" lon="113.6167400">
    <ele>2207.0</ele>
   </trkpt>
   <trkpt lat="-7.9692620" lon="113.6167600">
    <ele>2207.2</ele>
   </trkpt>
   <trkpt lat="-7.9692870" lon="113.6167720">
    <ele>2207.3</ele>
   </trkpt>
   <trkpt lat="-7.9693200" lon="113.6167850">
    <ele>2207.2</ele>
   </trkpt>
   <trkpt lat="-7.9693370" lon="113.6168070">
    <ele>2207.1</ele>
   </trkpt>
   <trkpt lat="-7.9693650" lon="113.6168280">
    <ele>2206.7</ele>
   </trkpt>
   <trkpt lat="-7.9694070" lon="113.6168450">
    <ele>2206.2</ele>
   </trkpt>
   <trkpt lat="-7.9694530" lon="113.6168450">
    <ele>2205.7</ele>
   </trkpt>
   <trkpt lat="-7.9694820" lon="113.6168530">
    <ele>2205.3</ele>
   </trkpt>
   <trkpt lat="-7.9695080" lon="113.6168580">
    <ele>2205.0</ele>
   </trkpt>
   <trkpt lat="-7.9695420" lon="113.6168780">
    <ele>2204.5</ele>
   </trkpt>
   <trkpt lat="-7.9695700" lon="113.6168980">
    <ele>2204.1</ele>
   </trkpt>
   <trkpt lat="-7.9696020" lon="113.6169270">
    <ele>2203.1</ele>
   </trkpt>
   <trkpt lat="-7.9696250" lon="113.6169480">
    <ele>2202.3</ele>
   </trkpt>
   <trkpt lat="-7.9696500" lon="113.6169620">
    <ele>2201.7</ele>
   </trkpt>
   <trkpt lat="-7.9696800" lon="113.6169820">
    <ele>2201.3</ele>
   </trkpt>
   <trkpt lat="-7.9697180" lon="113.6169780">
    <ele>2200.8</ele>
   </trkpt>
   <trkpt lat="-7.9697600" lon="113.6169820">
    <ele>2200.8</ele>
   </trkpt>
   <trkpt lat="-7.9698050" lon="113.6169950">
    <ele>2200.8</ele>
   </trkpt>
   <trkpt lat="-7.9698500" lon="113.6170120">
    <ele>2200.4</ele>
   </trkpt>
   <trkpt lat="-7.9698870" lon="113.6170180">
    <ele>2200.2</ele>
   </trkpt>
   <trkpt lat="-7.9699250" lon="113.6170400">
    <ele>2200.0</ele>
   </trkpt>
   <trkpt lat="-7.9699600" lon="113.6170720">
    <ele>2199.9</ele>
   </trkpt>
   <trkpt lat="-7.9699900" lon="113.6171080">
    <ele>2199.8</ele>
   </trkpt>
   <trkpt lat="-7.9700180" lon="113.6171400">
    <ele>2199.7</ele>
   </trkpt>
   <trkpt lat="-7.9700450" lon="113.6171620">
    <ele>2199.4</ele>
   </trkpt>
   <trkpt lat="-7.9700700" lon="113.6171900">
    <ele>2199.1</ele>
   </trkpt>
   <trkpt lat="-7.9700930" lon="113.6172220">
    <ele>2198.7</ele>
   </trkpt>
   <trkpt lat="-7.9701120" lon="113.6172470">
    <ele>2198.5</ele>
   </trkpt>
   <trkpt lat="-7.9701300" lon="113.6172670">
    <ele>2198.2</ele>
   </trkpt>
   <trkpt lat="-7.9701520" lon="113.6172930">
    <ele>2197.9</ele>
   </trkpt>
   <trkpt lat="-7.9701700" lon="113.6173250">
    <ele>2197.6</ele>
   </trkpt>
   <trkpt lat="-7.9701870" lon="113.6173550">
    <ele>2197.1</ele>
   </trkpt>
   <trkpt lat="-7.9702070" lon="113.6173800">
    <ele>2196.4</ele>
   </trkpt>
   <trkpt lat="-7.9702250" lon="113.6174050">
    <ele>2195.8</ele>
   </trkpt>
   <trkpt lat="-7.9702470" lon="113.6174420">
    <ele>2195.3</ele>
   </trkpt>
   <trkpt lat="-7.9702580" lon="113.6174750">
    <ele>2195.0</ele>
   </trkpt>
   <trkpt lat="-7.9702670" lon="113.6175050">
    <ele>2194.8</ele>
   </trkpt>
   <trkpt lat="-7.9702800" lon="113.6175320">
    <ele>2194.8</ele>
   </trkpt>
   <trkpt lat="-7.9702950" lon="113.6175670">
    <ele>2194.7</ele>
   </trkpt>
   <trkpt lat="-7.9703100" lon="113.6176170">
    <ele>2194.9</ele>
   </trkpt>
   <trkpt lat="-7.9703220" lon="113.6176670">
    <ele>2194.9</ele>
   </trkpt>
   <trkpt lat="-7.9703320" lon="113.6177170">
    <ele>2194.9</ele>
   </trkpt>
   <trkpt lat="-7.9703400" lon="113.6177670">
    <ele>2194.6</ele>
   </trkpt>
   <trkpt lat="-7.9703430" lon="113.6178150">
    <ele>2194.3</ele>
   </trkpt>
   <trkpt lat="-7.9703480" lon="113.6178620">
    <ele>2194.3</ele>
   </trkpt>
   <trkpt lat="-7.9703530" lon="113.6179100">
    <ele>2194.0</ele>
   </trkpt>
   <trkpt lat="-7.9703550" lon="113.6179580">
    <ele>2193.5</ele>
   </trkpt>
   <trkpt lat="-7.9703570" lon="113.6180080">
    <ele>2192.8</ele>
   </trkpt>
   <trkpt lat="-7.9703600" lon="113.6180600">
    <ele>2192.0</ele>
   </trkpt>
   <trkpt lat="-7.9703630" lon="113.6181080">
    <ele>2191.2</ele>
   </trkpt>
   <trkpt lat="-7.9703670" lon="113.6181550">
    <ele>2190.4</ele>
   </trkpt>
   <trkpt lat="-7.9703670" lon="113.6182000">
    <ele>2189.7</ele>
   </trkpt>
   <trkpt lat="-7.9703630" lon="113.6182470">
    <ele>2189.1</ele>
   </trkpt>
   <trkpt lat="-7.9703630" lon="113.6182930">
    <ele>2188.6</ele>
   </trkpt>
   <trkpt lat="-7.9703650" lon="113.6183420">
    <ele>2188.3</ele>
   </trkpt>
   <trkpt lat="-7.9703600" lon="113.6183870">
    <ele>2188.0</ele>
   </trkpt>
   <trkpt lat="-7.9703530" lon="113.6184320">
    <ele>2187.6</ele>
   </trkpt>
   <trkpt lat="-7.9703480" lon="113.6184800">
    <ele>2187.3</ele>
   </trkpt>
   <trkpt lat="-7.9703380" lon="113.6185300">
    <ele>2187.2</ele>
   </trkpt>
   <trkpt lat="-7.9703330" lon="113.6185750">
    <ele>2187.0</ele>
   </trkpt>
   <trkpt lat="-7.9703250" lon="113.6186270">
    <ele>2186.9</ele>
   </trkpt>
   <trkpt lat="-7.9703180" lon="113.6186750">
    <ele>2186.4</ele>
   </trkpt>
   <trkpt lat="-7.9703120" lon="113.6187230">
    <ele>2185.8</ele>
   </trkpt>
   <trkpt lat="-7.9703030" lon="113.6187750">
    <ele>2185.5</ele>
   </trkpt>
   <trkpt lat="-7.9702930" lon="113.6188230">
    <ele>2185.3</ele>
   </trkpt>
   <trkpt lat="-7.9702820" lon="113.6188720">
    <ele>2184.8</ele>
   </trkpt>
   <trkpt lat="-7.9702720" lon="113.6189180">
    <ele>2184.3</ele>
   </trkpt>
   <trkpt lat="-7.9702670" lon="113.6189620">
    <ele>2183.5</ele>
   </trkpt>
   <trkpt lat="-7.9702570" lon="113.6190100">
    <ele>2182.5</ele>
   </trkpt>
   <trkpt lat="-7.9702480" lon="113.6190550">
    <ele>2181.3</ele>
   </trkpt>
   <trkpt lat="-7.9702370" lon="113.6191030">
    <ele>2180.5</ele>
   </trkpt>
   <trkpt lat="-7.9702270" lon="113.6191520">
    <ele>2179.9</ele>
   </trkpt>
   <trkpt lat="-7.9702120" lon="113.6191980">
    <ele>2179.4</ele>
   </trkpt>
   <trkpt lat="-7.9702000" lon="113.6192470">
    <ele>2178.8</ele>
   </trkpt>
   <trkpt lat="-7.9701880" lon="113.6192950">
    <ele>2177.8</ele>
   </trkpt>
   <trkpt lat="-7.9701770" lon="113.6193420">
    <ele>2176.9</ele>
   </trkpt>
   <trkpt lat="-7.9701650" lon="113.6193880">
    <ele>2176.2</ele>
   </trkpt>
   <trkpt lat="-7.9701530" lon="113.6194370">
    <ele>2175.5</ele>
   </trkpt>
   <trkpt lat="-7.9701420" lon="113.6194850">
    <ele>2174.8</ele>
   </trkpt>
   <trkpt lat="-7.9701320" lon="113.6195320">
    <ele>2174.4</ele>
   </trkpt>
   <trkpt lat="-7.9701170" lon="113.6195800">
    <ele>2174.0</ele>
   </trkpt>
   <trkpt lat="-7.9701030" lon="113.6196280">
    <ele>2173.3</ele>
   </trkpt>
   <trkpt lat="-7.9700880" lon="113.6196770">
    <ele>2172.3</ele>
   </trkpt>
   <trkpt lat="-7.9700720" lon="113.6197230">
    <ele>2171.2</ele>
   </trkpt>
   <trkpt lat="-7.9700630" lon="113.6197670">
    <ele>2170.7</ele>
   </trkpt>
   <trkpt lat="-7.9700520" lon="113.6198080">
    <ele>2170.0</ele>
   </trkpt>
   <trkpt lat="-7.9700420" lon="113.6198480">
    <ele>2168.9</ele>
   </trkpt>
   <trkpt lat="-7.9700350" lon="113.6198930">
    <ele>2167.9</ele>
   </trkpt>
   <trkpt lat="-7.9700420" lon="113.6199420">
    <ele>2167.1</ele>
   </trkpt>
   <trkpt lat="-7.9700620" lon="113.6199800">
    <ele>2166.6</ele>
   </trkpt>
   <trkpt lat="-7.9700930" lon="113.6200100">
    <ele>2166.3</ele>
   </trkpt>
   <trkpt lat="-7.9701350" lon="113.6200270">
    <ele>2166.4</ele>
   </trkpt>
   <trkpt lat="-7.9701720" lon="113.6200380">
    <ele>2166.6</ele>
   </trkpt>
   <trkpt lat="-7.9702080" lon="113.6200580">
    <ele>2167.0</ele>
   </trkpt>
   <trkpt lat="-7.9702470" lon="113.6200650">
    <ele>2167.4</ele>
   </trkpt>
   <trkpt lat="-7.9702820" lon="113.6200630">
    <ele>2167.5</ele>
   </trkpt>
   <trkpt lat="-7.9703200" lon="113.6200670">
    <ele>2167.6</ele>
   </trkpt>
   <trkpt lat="-7.9703620" lon="113.6200700">
    <ele>2168.0</ele>
   </trkpt>
   <trkpt lat="-7.9704020" lon="113.6200770">
    <ele>2168.4</ele>
   </trkpt>
   <trkpt lat="-7.9704380" lon="113.6200850">
    <ele>2168.7</ele>
   </trkpt>
   <trkpt lat="-7.9704730" lon="113.6200900">
    <ele>2169.1</ele>
   </trkpt>
   <trkpt lat="-7.9705050" lon="113.6200920">
    <ele>2169.5</ele>
   </trkpt>
   <trkpt lat="-7.9705370" lon="113.6200880">
    <ele>2170.0</ele>
   </trkpt>
   <trkpt lat="-7.9705680" lon="113.6200870">
    <ele>2170.5</ele>
   </trkpt>
   <trkpt lat="-7.9706050" lon="113.6200900">
    <ele>2170.7</ele>
   </trkpt>
   <trkpt lat="-7.9706470" lon="113.6200930">
    <ele>2170.9</ele>
   </trkpt>
   <trkpt lat="-7.9706820" lon="113.6200900">
    <ele>2173.4</ele>
   </trkpt>
   <trkpt lat="-7.9707200" lon="113.6200850">
    <ele>2175.7</ele>
   </trkpt>
   <trkpt lat="-7.9707520" lon="113.6200770">
    <ele>2175.5</ele>
   </trkpt>
   <trkpt lat="-7.9707980" lon="113.6200580">
    <ele>2181.3</ele>
   </trkpt>
   <trkpt lat="-7.9708350" lon="113.6200520">
    <ele>2181.1</ele>
   </trkpt>
   <trkpt lat="-7.9708680" lon="113.6200580">
    <ele>2184.3</ele>
   </trkpt>
   <trkpt lat="-7.9708970" lon="113.6200480">
    <ele>2187.7</ele>
   </trkpt>
   <trkpt lat="-7.9709250" lon="113.6200630">
    <ele>2191.1</ele>
   </trkpt>
   <trkpt lat="-7.9709400" lon="113.6200880">
    <ele>2190.9</ele>
   </trkpt>
   <trkpt lat="-7.9709420" lon="113.6201200">
    <ele>2190.3</ele>
   </trkpt>
   <trkpt lat="-7.9709370" lon="113.6201480">
    <ele>2189.4</ele>
   </trkpt>
   <trkpt lat="-7.9709380" lon="113.6201850">
    <ele>2188.4</ele>
   </trkpt>
   <trkpt lat="-7.9709330" lon="113.6202130">
    <ele>2188.3</ele>
   </trkpt>
   <trkpt lat="-7.9709230" lon="113.6202400">
    <ele>2187.2</ele>
   </trkpt>
   <trkpt lat="-7.9709320" lon="113.6202770">
    <ele>2186.0</ele>
   </trkpt>
   <trkpt lat="-7.9709180" lon="113.6203070">
    <ele>2181.7</ele>
   </trkpt>
   <trkpt lat="-7.9709180" lon="113.6203470">
    <ele>2181.6</ele>
   </trkpt>
   <trkpt lat="-7.9709450" lon="113.6203830">
    <ele>2183.4</ele>
   </trkpt>
   <trkpt lat="-7.9709450" lon="113.6204170">
    <ele>2182.1</ele>
   </trkpt>
   <trkpt lat="-7.9709470" lon="113.6204520">
    <ele>2180.7</ele>
   </trkpt>
   <trkpt lat="-7.9709350" lon="113.6204830">
    <ele>2179.3</ele>
   </trkpt>
   <trkpt lat="-7.9709150" lon="113.6205070">
    <ele>2175.9</ele>
   </trkpt>
   <trkpt lat="-7.9708900" lon="113.6205400">
    <ele>2174.4</ele>
   </trkpt>
   <trkpt lat="-7.9708600" lon="113.6205670">
    <ele>2170.2</ele>
   </trkpt>
   <trkpt lat="-7.9708320" lon="113.6205900">
    <ele>2167.4</ele>
   </trkpt>
   <trkpt lat="-7.9708100" lon="113.6206070">
    <ele>2166.2</ele>
   </trkpt>
   <trkpt lat="-7.9707850" lon="113.6206220">
    <ele>2163.6</ele>
   </trkpt>
   <trkpt lat="-7.9707600" lon="113.6206330">
    <ele>2163.1</ele>
   </trkpt>
   <trkpt lat="-7.9707300" lon="113.6206430">
    <ele>2162.4</ele>
   </trkpt>
   <trkpt lat="-7.9707030" lon="113.6206600">
    <ele>2161.8</ele>
   </trkpt>
   <trkpt lat="-7.9706820" lon="113.6206780">
    <ele>2161.3</ele>
   </trkpt>
   <trkpt lat="-7.9706650" lon="113.6207000">
    <ele>2161.1</ele>
   </trkpt>
   <trkpt lat="-7.9706500" lon="113.6207250">
    <ele>2161.2</ele>
   </trkpt>
   <trkpt lat="-7.9706270" lon="113.6207500">
    <ele>2161.2</ele>
   </trkpt>
   <trkpt lat="-7.9705950" lon="113.6207480">
    <ele>2161.2</ele>
   </trkpt>
   <trkpt lat="-7.9705680" lon="113.6207400">
    <ele>2161.3</ele>
   </trkpt>
   <trkpt lat="-7.9705730" lon="113.6207770">
    <ele>2161.5</ele>
   </trkpt>
   <trkpt lat="-7.9705580" lon="113.6207480">
    <ele>2161.3</ele>
   </trkpt>
   <trkpt lat="-7.9705570" lon="113.6207120">
    <ele>2161.2</ele>
   </trkpt>
   <trkpt lat="-7.9705600" lon="113.6206750">
    <ele>2161.2</ele>
   </trkpt>
   <trkpt lat="-7.9705820" lon="113.6206430">
    <ele>2161.1</ele>
   </trkpt>
   <trkpt lat="-7.9705970" lon="113.6206200">
    <ele>2161.3</ele>
   </trkpt>
   <trkpt lat="-7.9706280" lon="113.6205950">
    <ele>2162.2</ele>
   </trkpt>
   <trkpt lat="-7.9706620" lon="113.6205730">
    <ele>2163.1</ele>
   </trkpt>
   <trkpt lat="-7.9706900" lon="113.6205550">
    <ele>2163.8</ele>
   </trkpt>
   <trkpt lat="-7.9707170" lon="113.6205370">
    <ele>2164.3</ele>
   </trkpt>
   <trkpt lat="-7.9707400" lon="113.6205170">
    <ele>2164.8</ele>
   </trkpt>
   <trkpt lat="-7.9707670" lon="113.6204970">
    <ele>2165.4</ele>
   </trkpt>
   <trkpt lat="-7.9707450" lon="113.6204720">
    <ele>2166.7</ele>
   </trkpt>
   <trkpt lat="-7.9707230" lon="113.6204520">
    <ele>2167.9</ele>
   </trkpt>
   <trkpt lat="-7.9706950" lon="113.6204370">
    <ele>2169.3</ele>
   </trkpt>
   <trkpt lat="-7.9707550" lon="113.6204000">
    <ele>2171.3</ele>
   </trkpt>
   <trkpt lat="-7.9707180" lon="113.6203880">
    <ele>2171.5</ele>
   </trkpt>
   <trkpt lat="-7.9707430" lon="113.6204080">
    <ele>2170.7</ele>
   </trkpt>
   <trkpt lat="-7.9707470" lon="113.6204480">
    <ele>2169.2</ele>
   </trkpt>
   <trkpt lat="-7.9707730" lon="113.6204530">
    <ele>2168.0</ele>
   </trkpt>
   <trkpt lat="-7.9707550" lon="113.6204820">
    <ele>2166.3</ele>
   </trkpt>
   <trkpt lat="-7.9707350" lon="113.6205050">
    <ele>2165.2</ele>
   </trkpt>
   <trkpt lat="-7.9707070" lon="113.6205250">
    <ele>2164.6</ele>
   </trkpt>
   <trkpt lat="-7.9706780" lon="113.6205520">
    <ele>2163.8</ele>
   </trkpt>
   <trkpt lat="-7.9706470" lon="113.6205750">
    <ele>2162.9</ele>
   </trkpt>
   <trkpt lat="-7.9706200" lon="113.6206000">
    <ele>2162.0</ele>
   </trkpt>
   <trkpt lat="-7.9705970" lon="113.6206270">
    <ele>2161.1</ele>
   </trkpt>
   <trkpt lat="-7.9705730" lon="113.6206600">
    <ele>2161.2</ele>
   </trkpt>
   <trkpt lat="-7.9705620" lon="113.6206980">
    <ele>2161.2</ele>
   </trkpt>
   <trkpt lat="-7.9705600" lon="113.6207330">
    <ele>2161.3</ele>
   </trkpt>
   <trkpt lat="-7.9705580" lon="113.6207680">
    <ele>2161.5</ele>
   </trkpt>
   <trkpt lat="-7.9705620" lon="113.6207970">
    <ele>2161.7</ele>
   </trkpt>
   <trkpt lat="-7.9705720" lon="113.6208270">
    <ele>2162.0</ele>
   </trkpt>
   <trkpt lat="-7.9705680" lon="113.6208630">
    <ele>2162.7</ele>
   </trkpt>
   <trkpt lat="-7.9705750" lon="113.6208920">
    <ele>2163.3</ele>
   </trkpt>
   <trkpt lat="-7.9705700" lon="113.6209200">
    <ele>2163.9</ele>
   </trkpt>
   <trkpt lat="-7.9705670" lon="113.6209520">
    <ele>2164.7</ele>
   </trkpt>
   <trkpt lat="-7.9705630" lon="113.6209870">
    <ele>2165.5</ele>
   </trkpt>
   <trkpt lat="-7.9705550" lon="113.6210200">
    <ele>2166.4</ele>
   </trkpt>
   <trkpt lat="-7.9705500" lon="113.6210500">
    <ele>2167.1</ele>
   </trkpt>
   <trkpt lat="-7.9705450" lon="113.6210850">
    <ele>2168.0</ele>
   </trkpt>
   <trkpt lat="-7.9705420" lon="113.6211230">
    <ele>2168.8</ele>
   </trkpt>
   <trkpt lat="-7.9705370" lon="113.6211620">
    <ele>2169.1</ele>
   </trkpt>
   <trkpt lat="-7.9705320" lon="113.6212000">
    <ele>2169.5</ele>
   </trkpt>
   <trkpt lat="-7.9705320" lon="113.6212280">
    <ele>2169.8</ele>
   </trkpt>
   <trkpt lat="-7.9705320" lon="113.6212680">
    <ele>2170.8</ele>
   </trkpt>
   <trkpt lat="-7.9705320" lon="113.6213050">
    <ele>2171.9</ele>
   </trkpt>
   <trkpt lat="-7.9705250" lon="113.6213470">
    <ele>2173.0</ele>
   </trkpt>
   <trkpt lat="-7.9705250" lon="113.6213750">
    <ele>2173.1</ele>
   </trkpt>
   <trkpt lat="-7.9705230" lon="113.6214070">
    <ele>2174.4</ele>
   </trkpt>
   <trkpt lat="-7.9705170" lon="113.6214450">
    <ele>2175.8</ele>
   </trkpt>
   <trkpt lat="-7.9705120" lon="113.6214850">
    <ele>2177.2</ele>
   </trkpt>
   <trkpt lat="-7.9705030" lon="113.6215250">
    <ele>2178.6</ele>
   </trkpt>
   <trkpt lat="-7.9704880" lon="113.6215500">
    <ele>2179.3</ele>
   </trkpt>
   <trkpt lat="-7.9704600" lon="113.6215750">
    <ele>2179.4</ele>
   </trkpt>
   <trkpt lat="-7.9704380" lon="113.6215930">
    <ele>2180.0</ele>
   </trkpt>
   <trkpt lat="-7.9704180" lon="113.6216120">
    <ele>2180.1</ele>
   </trkpt>
   <trkpt lat="-7.9703970" lon="113.6216280">
    <ele>2179.8</ele>
   </trkpt>
   <trkpt lat="-7.9703750" lon="113.6216450">
    <ele>2180.6</ele>
   </trkpt>
   <trkpt lat="-7.9703480" lon="113.6216670">
    <ele>2180.3</ele>
   </trkpt>
   <trkpt lat="-7.9703200" lon="113.6216930">
    <ele>2180.3</ele>
   </trkpt>
   <trkpt lat="-7.9702880" lon="113.6217220">
    <ele>2180.6</ele>
   </trkpt>
   <trkpt lat="-7.9702670" lon="113.6217420">
    <ele>2180.1</ele>
   </trkpt>
   <trkpt lat="-7.9702430" lon="113.6217580">
    <ele>2180.2</ele>
   </trkpt>
   <trkpt lat="-7.9702200" lon="113.6217780">
    <ele>2179.6</ele>
   </trkpt>
   <trkpt lat="-7.9701950" lon="113.6217970">
    <ele>2179.0</ele>
   </trkpt>
   <trkpt lat="-7.9701770" lon="113.6218200">
    <ele>2179.0</ele>
   </trkpt>
   <trkpt lat="-7.9701480" lon="113.6218470">
    <ele>2178.3</ele>
   </trkpt>
   <trkpt lat="-7.9701350" lon="113.6218720">
    <ele>2178.3</ele>
   </trkpt>
   <trkpt lat="-7.9701500" lon="113.6219030">
    <ele>2178.6</ele>
   </trkpt>
   <trkpt lat="-7.9702280" lon="113.6218730">
    <ele>2179.6</ele>
   </trkpt>
   <trkpt lat="-7.9702530" lon="113.6218950">
    <ele>2180.1</ele>
   </trkpt>
   <trkpt lat="-7.9702800" lon="113.6219150">
    <ele>2180.6</ele>
   </trkpt>
   <trkpt lat="-7.9703150" lon="113.6219250">
    <ele>2181.1</ele>
   </trkpt>
   <trkpt lat="-7.9703450" lon="113.6219450">
    <ele>2181.5</ele>
   </trkpt>
   <trkpt lat="-7.9703770" lon="113.6219570">
    <ele>2181.7</ele>
   </trkpt>
   <trkpt lat="-7.9704130" lon="113.6219620">
    <ele>2181.8</ele>
   </trkpt>
   <trkpt lat="-7.9704430" lon="113.6219680">
    <ele>2181.9</ele>
   </trkpt>
   <trkpt lat="-7.9704750" lon="113.6219870">
    <ele>2181.8</ele>
   </trkpt>
   <trkpt lat="-7.9705070" lon="113.6219980">
    <ele>2181.8</ele>
   </trkpt>
   <trkpt lat="-7.9705400" lon="113.6219830">
    <ele>2181.9</ele>
   </trkpt>
   <trkpt lat="-7.9705730" lon="113.6220020">
    <ele>2181.9</ele>
   </trkpt>
   <trkpt lat="-7.9706030" lon="113.6220200">
    <ele>2182.0</ele>
   </trkpt>
   <trkpt lat="-7.9706380" lon="113.6220320">
    <ele>2182.0</ele>
   </trkpt>
   <trkpt lat="-7.9706720" lon="113.6220520">
    <ele>2182.1</ele>
   </trkpt>
   <trkpt lat="-7.9706980" lon="113.6220780">
    <ele>2182.3</ele>
   </trkpt>
   <trkpt lat="-7.9707280" lon="113.6220920">
    <ele>2182.5</ele>
   </trkpt>
   <trkpt lat="-7.9707580" lon="113.6221080">
    <ele>2182.6</ele>
   </trkpt>
   <trkpt lat="-7.9707780" lon="113.6221280">
    <ele>2182.7</ele>
   </trkpt>
   <trkpt lat="-7.9708030" lon="113.6221520">
    <ele>2182.8</ele>
   </trkpt>
   <trkpt lat="-7.9708320" lon="113.6221720">
    <ele>2183.2</ele>
   </trkpt>
   <trkpt lat="-7.9708600" lon="113.6221850">
    <ele>2183.5</ele>
   </trkpt>
   <trkpt lat="-7.9708850" lon="113.6222000">
    <ele>2183.6</ele>
   </trkpt>
   <trkpt lat="-7.9709100" lon="113.6222170">
    <ele>2183.7</ele>
   </trkpt>
   <trkpt lat="-7.9709350" lon="113.6222350">
    <ele>2183.9</ele>
   </trkpt>
   <trkpt lat="-7.9709570" lon="113.6222570">
    <ele>2184.1</ele>
   </trkpt>
   <trkpt lat="-7.9709770" lon="113.6222750">
    <ele>2184.3</ele>
   </trkpt>
   <trkpt lat="-7.9710020" lon="113.6222970">
    <ele>2184.4</ele>
   </trkpt>
   <trkpt lat="-7.9710200" lon="113.6223200">
    <ele>2184.5</ele>
   </trkpt>
   <trkpt lat="-7.9710420" lon="113.6223420">
    <ele>2184.5</ele>
   </trkpt>
   <trkpt lat="-7.9710680" lon="113.6223550">
    <ele>2184.9</ele>
   </trkpt>
   <trkpt lat="-7.9710980" lon="113.6223720">
    <ele>2185.3</ele>
   </trkpt>
   <trkpt lat="-7.9711320" lon="113.6223880">
    <ele>2185.9</ele>
   </trkpt>
   <trkpt lat="-7.9711570" lon="113.6224020">
    <ele>2186.7</ele>
   </trkpt>
   <trkpt lat="-7.9711880" lon="113.6224170">
    <ele>2187.5</ele>
   </trkpt>
   <trkpt lat="-7.9712130" lon="113.6224370">
    <ele>2188.6</ele>
   </trkpt>
   <trkpt lat="-7.9712380" lon="113.6224550">
    <ele>2189.7</ele>
   </trkpt>
   <trkpt lat="-7.9712670" lon="113.6224670">
    <ele>2190.8</ele>
   </trkpt>
   <trkpt lat="-7.9712930" lon="113.6224850">
    <ele>2191.5</ele>
   </trkpt>
   <trkpt lat="-7.9713230" lon="113.6224970">
    <ele>2192.2</ele>
   </trkpt>
   <trkpt lat="-7.9713520" lon="113.6225100">
    <ele>2193.1</ele>
   </trkpt>
   <trkpt lat="-7.9713800" lon="113.6225180">
    <ele>2194.3</ele>
   </trkpt>
   <trkpt lat="-7.9714130" lon="113.6225280">
    <ele>2195.8</ele>
   </trkpt>
   <trkpt lat="-7.9714450" lon="113.6225480">
    <ele>2197.2</ele>
   </trkpt>
   <trkpt lat="-7.9714720" lon="113.6225620">
    <ele>2198.4</ele>
   </trkpt>
   <trkpt lat="-7.9714980" lon="113.6225800">
    <ele>2199.5</ele>
   </trkpt>
   <trkpt lat="-7.9715300" lon="113.6225930">
    <ele>2200.6</ele>
   </trkpt>
   <trkpt lat="-7.9715600" lon="113.6225800">
    <ele>2201.6</ele>
   </trkpt>
   <trkpt lat="-7.9715850" lon="113.6225920">
    <ele>2202.6</ele>
   </trkpt>
   <trkpt lat="-7.9716170" lon="113.6225870">
    <ele>2203.8</ele>
   </trkpt>
   <trkpt lat="-7.9716520" lon="113.6225880">
    <ele>2205.2</ele>
   </trkpt>
   <trkpt lat="-7.9716780" lon="113.6225820">
    <ele>2205.9</ele>
   </trkpt>
   <trkpt lat="-7.9717070" lon="113.6225730">
    <ele>2206.5</ele>
   </trkpt>
   <trkpt lat="-7.9717320" lon="113.6225550">
    <ele>2207.1</ele>
   </trkpt>
   <trkpt lat="-7.9717580" lon="113.6225370">
    <ele>2208.3</ele>
   </trkpt>
   <trkpt lat="-7.9717900" lon="113.6225280">
    <ele>2209.8</ele>
   </trkpt>
   <trkpt lat="-7.9718200" lon="113.6225170">
    <ele>2211.2</ele>
   </trkpt>
   <trkpt lat="-7.9718400" lon="113.6224980">
    <ele>2212.3</ele>
   </trkpt>
   <trkpt lat="-7.9718580" lon="113.6224780">
    <ele>2213.4</ele>
   </trkpt>
   <trkpt lat="-7.9718850" lon="113.6224600">
    <ele>2214.3</ele>
   </trkpt>
   <trkpt lat="-7.9719100" lon="113.6224420">
    <ele>2214.9</ele>
   </trkpt>
   <trkpt lat="-7.9719420" lon="113.6224280">
    <ele>2215.6</ele>
   </trkpt>
   <trkpt lat="-7.9719680" lon="113.6224200">
    <ele>2216.3</ele>
   </trkpt>
   <trkpt lat="-7.9719970" lon="113.6224020">
    <ele>2217.3</ele>
   </trkpt>
   <trkpt lat="-7.9720230" lon="113.6223920">
    <ele>2217.7</ele>
   </trkpt>
   <trkpt lat="-7.9720580" lon="113.6223850">
    <ele>2218.0</ele>
   </trkpt>
   <trkpt lat="-7.9720900" lon="113.6223870">
    <ele>2218.3</ele>
   </trkpt>
   <trkpt lat="-7.9721230" lon="113.6223820">
    <ele>2218.8</ele>
   </trkpt>
   <trkpt lat="-7.9721530" lon="113.6223770">
    <ele>2219.2</ele>
   </trkpt>
   <trkpt lat="-7.9721850" lon="113.6223820">
    <ele>2219.8</ele>
   </trkpt>
   <trkpt lat="-7.9722130" lon="113.6223730">
    <ele>2220.6</ele>
   </trkpt>
   <trkpt lat="-7.9722450" lon="113.6223720">
    <ele>2221.4</ele>
   </trkpt>
   <trkpt lat="-7.9722720" lon="113.6223600">
    <ele>2222.0</ele>
   </trkpt>
   <trkpt lat="-7.9723030" lon="113.6223430">
    <ele>2222.5</ele>
   </trkpt>
   <trkpt lat="-7.9723250" lon="113.6223230">
    <ele>2222.9</ele>
   </trkpt>
   <trkpt lat="-7.9723470" lon="113.6222970">
    <ele>2223.4</ele>
   </trkpt>
   <trkpt lat="-7.9723670" lon="113.6222780">
    <ele>2223.7</ele>
   </trkpt>
   <trkpt lat="-7.9723980" lon="113.6222620">
    <ele>2224.2</ele>
   </trkpt>
   <trkpt lat="-7.9724270" lon="113.6222430">
    <ele>2224.6</ele>
   </trkpt>
   <trkpt lat="-7.9724550" lon="113.6222220">
    <ele>2225.0</ele>
   </trkpt>
   <trkpt lat="-7.9724780" lon="113.6221850">
    <ele>2225.5</ele>
   </trkpt>
   <trkpt lat="-7.9724980" lon="113.6221550">
    <ele>2225.9</ele>
   </trkpt>
   <trkpt lat="-7.9725350" lon="113.6221430">
    <ele>2226.3</ele>
   </trkpt>
   <trkpt lat="-7.9725650" lon="113.6221430">
    <ele>2226.6</ele>
   </trkpt>
   <trkpt lat="-7.9725980" lon="113.6221430">
    <ele>2227.0</ele>
   </trkpt>
   <trkpt lat="-7.9726250" lon="113.6221250">
    <ele>2227.3</ele>
   </trkpt>
   <trkpt lat="-7.9726320" lon="113.6220900">
    <ele>2227.6</ele>
   </trkpt>
   <trkpt lat="-7.9726520" lon="113.6220700">
    <ele>2227.9</ele>
   </trkpt>
   <trkpt lat="-7.9726750" lon="113.6220300">
    <ele>2228.3</ele>
   </trkpt>
   <trkpt lat="-7.9726930" lon="113.6219970">
    <ele>2228.9</ele>
   </trkpt>
   <trkpt lat="-7.9727170" lon="113.6219680">
    <ele>2229.4</ele>
   </trkpt>
   <trkpt lat="-7.9727300" lon="113.6219430">
    <ele>2229.6</ele>
   </trkpt>
   <trkpt lat="-7.9727450" lon="113.6219150">
    <ele>2229.9</ele>
   </trkpt>
   <trkpt lat="-7.9727630" lon="113.6218900">
    <ele>2230.2</ele>
   </trkpt>
   <trkpt lat="-7.9727830" lon="113.6218720">
    <ele>2230.6</ele>
   </trkpt>
   <trkpt lat="-7.9727970" lon="113.6218450">
    <ele>2231.1</ele>
   </trkpt>
   <trkpt lat="-7.9728300" lon="113.6218270">
    <ele>2231.3</ele>
   </trkpt>
   <trkpt lat="-7.9728530" lon="113.6218070">
    <ele>2231.4</ele>
   </trkpt>
   <trkpt lat="-7.9728770" lon="113.6217900">
    <ele>2231.4</ele>
   </trkpt>
   <trkpt lat="-7.9728820" lon="113.6217600">
    <ele>2231.4</ele>
   </trkpt>
   <trkpt lat="-7.9728820" lon="113.6217230">
    <ele>2231.4</ele>
   </trkpt>
   <trkpt lat="-7.9729020" lon="113.6216850">
    <ele>2231.7</ele>
   </trkpt>
   <trkpt lat="-7.9729100" lon="113.6216470">
    <ele>2232.1</ele>
   </trkpt>
   <trkpt lat="-7.9729230" lon="113.6216220">
    <ele>2232.4</ele>
   </trkpt>
   <trkpt lat="-7.9729200" lon="113.6215920">
    <ele>2232.7</ele>
   </trkpt>
   <trkpt lat="-7.9729320" lon="113.6215530">
    <ele>2233.2</ele>
   </trkpt>
   <trkpt lat="-7.9729220" lon="113.6215180">
    <ele>2233.5</ele>
   </trkpt>
   <trkpt lat="-7.9729070" lon="113.6214850">
    <ele>2233.8</ele>
   </trkpt>
   <trkpt lat="-7.9729200" lon="113.6214580">
    <ele>2234.1</ele>
   </trkpt>
   <trkpt lat="-7.9729170" lon="113.6214280">
    <ele>2234.3</ele>
   </trkpt>
   <trkpt lat="-7.9729270" lon="113.6213900">
    <ele>2234.6</ele>
   </trkpt>
   <trkpt lat="-7.9729330" lon="113.6213520">
    <ele>2234.8</ele>
   </trkpt>
   <trkpt lat="-7.9729550" lon="113.6213220">
    <ele>2234.8</ele>
   </trkpt>
   <trkpt lat="-7.9729380" lon="113.6212900">
    <ele>2234.9</ele>
   </trkpt>
   <trkpt lat="-7.9729370" lon="113.6212550">
    <ele>2235.1</ele>
   </trkpt>
   <trkpt lat="-7.9729400" lon="113.6212230">
    <ele>2235.5</ele>
   </trkpt>
   <trkpt lat="-7.9729420" lon="113.6211920">
    <ele>2235.8</ele>
   </trkpt>
   <trkpt lat="-7.9729300" lon="113.6211600">
    <ele>2236.1</ele>
   </trkpt>
   <trkpt lat="-7.9729330" lon="113.6211300">
    <ele>2236.5</ele>
   </trkpt>
   <trkpt lat="-7.9729320" lon="113.6210980">
    <ele>2236.8</ele>
   </trkpt>
   <trkpt lat="-7.9729480" lon="113.6210680">
    <ele>2237.1</ele>
   </trkpt>
   <trkpt lat="-7.9729470" lon="113.6210320">
    <ele>2237.5</ele>
   </trkpt>
   <trkpt lat="-7.9729550" lon="113.6209880">
    <ele>2238.0</ele>
   </trkpt>
   <trkpt lat="-7.9729570" lon="113.6209470">
    <ele>2238.4</ele>
   </trkpt>
   <trkpt lat="-7.9729450" lon="113.6209070">
    <ele>2238.9</ele>
   </trkpt>
   <trkpt lat="-7.9729330" lon="113.6208770">
    <ele>2239.2</ele>
   </trkpt>
   <trkpt lat="-7.9729270" lon="113.6208430">
    <ele>2239.6</ele>
   </trkpt>
   <trkpt lat="-7.9729350" lon="113.6208150">
    <ele>2240.0</ele>
   </trkpt>
   <trkpt lat="-7.9729470" lon="113.6207820">
    <ele>2240.5</ele>
   </trkpt>
   <trkpt lat="-7.9729320" lon="113.6207500">
    <ele>2241.0</ele>
   </trkpt>
   <trkpt lat="-7.9729200" lon="113.6207230">
    <ele>2241.4</ele>
   </trkpt>
   <trkpt lat="-7.9729230" lon="113.6206930">
    <ele>2241.9</ele>
   </trkpt>
   <trkpt lat="-7.9729220" lon="113.6206650">
    <ele>2242.3</ele>
   </trkpt>
   <trkpt lat="-7.9729000" lon="113.6206380">
    <ele>2242.8</ele>
   </trkpt>
   <trkpt lat="-7.9728980" lon="113.6206020">
    <ele>2243.2</ele>
   </trkpt>
   <trkpt lat="-7.9729230" lon="113.6205820">
    <ele>2243.6</ele>
   </trkpt>
   <trkpt lat="-7.9729180" lon="113.6205480">
    <ele>2244.0</ele>
   </trkpt>
   <trkpt lat="-7.9729280" lon="113.6205220">
    <ele>2244.4</ele>
   </trkpt>
   <trkpt lat="-7.9729550" lon="113.6204920">
    <ele>2244.8</ele>
   </trkpt>
   <trkpt lat="-7.9729400" lon="113.6204600">
    <ele>2245.2</ele>
   </trkpt>
   <trkpt lat="-7.9729370" lon="113.6204270">
    <ele>2245.6</ele>
   </trkpt>
   <trkpt lat="-7.9729470" lon="113.6203970">
    <ele>2245.8</ele>
   </trkpt>
   <trkpt lat="-7.9729620" lon="113.6203630">
    <ele>2246.1</ele>
   </trkpt>
   <trkpt lat="-7.9729680" lon="113.6203350">
    <ele>2246.4</ele>
   </trkpt>
   <trkpt lat="-7.9729680" lon="113.6203030">
    <ele>2246.9</ele>
   </trkpt>
   <trkpt lat="-7.9729970" lon="113.6202800">
    <ele>2247.6</ele>
   </trkpt>
   <trkpt lat="-7.9730270" lon="113.6202670">
    <ele>2248.1</ele>
   </trkpt>
   <trkpt lat="-7.9730530" lon="113.6202520">
    <ele>2248.7</ele>
   </trkpt>
   <trkpt lat="-7.9730830" lon="113.6202370">
    <ele>2249.3</ele>
   </trkpt>
   <trkpt lat="-7.9731100" lon="113.6202170">
    <ele>2250.0</ele>
   </trkpt>
   <trkpt lat="-7.9731150" lon="113.6201880">
    <ele>2250.7</ele>
   </trkpt>
   <trkpt lat="-7.9731230" lon="113.6201620">
    <ele>2251.4</ele>
   </trkpt>
   <trkpt lat="-7.9731100" lon="113.6201330">
    <ele>2251.8</ele>
   </trkpt>
   <trkpt lat="-7.9730900" lon="113.6201050">
    <ele>2252.2</ele>
   </trkpt>
   <trkpt lat="-7.9731020" lon="113.6200800">
    <ele>2252.4</ele>
   </trkpt>
   <trkpt lat="-7.9731020" lon="113.6200430">
    <ele>2253.1</ele>
   </trkpt>
   <trkpt lat="-7.9731080" lon="113.6200100">
    <ele>2253.8</ele>
   </trkpt>
   <trkpt lat="-7.9731170" lon="113.6199780">
    <ele>2254.3</ele>
   </trkpt>
   <trkpt lat="-7.9731230" lon="113.6199420">
    <ele>2254.7</ele>
   </trkpt>
   <trkpt lat="-7.9731280" lon="113.6199130">
    <ele>2255.0</ele>
   </trkpt>
   <trkpt lat="-7.9731350" lon="113.6198830">
    <ele>2255.3</ele>
   </trkpt>
   <trkpt lat="-7.9731420" lon="113.6198550">
    <ele>2255.4</ele>
   </trkpt>
   <trkpt lat="-7.9731470" lon="113.6198200">
    <ele>2255.7</ele>
   </trkpt>
   <trkpt lat="-7.9731520" lon="113.6197870">
    <ele>2255.7</ele>
   </trkpt>
   <trkpt lat="-7.9731470" lon="113.6197580">
    <ele>2255.6</ele>
   </trkpt>
   <trkpt lat="-7.9731450" lon="113.6197180">
    <ele>2255.5</ele>
   </trkpt>
   <trkpt lat="-7.9731580" lon="113.6196820">
    <ele>2255.5</ele>
   </trkpt>
   <trkpt lat="-7.9731650" lon="113.6196420">
    <ele>2255.5</ele>
   </trkpt>
   <trkpt lat="-7.9731750" lon="113.6196020">
    <ele>2255.4</ele>
   </trkpt>
   <trkpt lat="-7.9731770" lon="113.6195700">
    <ele>2255.2</ele>
   </trkpt>
   <trkpt lat="-7.9732080" lon="113.6195420">
    <ele>2254.9</ele>
   </trkpt>
   <trkpt lat="-7.9732200" lon="113.6195130">
    <ele>2254.7</ele>
   </trkpt>
   <trkpt lat="-7.9732380" lon="113.6194670">
    <ele>2254.5</ele>
   </trkpt>
   <trkpt lat="-7.9732430" lon="113.6194320">
    <ele>2254.3</ele>
   </trkpt>
   <trkpt lat="-7.9732180" lon="113.6194080">
    <ele>2254.2</ele>
   </trkpt>
   <trkpt lat="-7.9731950" lon="113.6193730">
    <ele>2254.0</ele>
   </trkpt>
   <trkpt lat="-7.9731770" lon="113.6193370">
    <ele>2253.7</ele>
   </trkpt>
   <trkpt lat="-7.9731670" lon="113.6193070">
    <ele>2253.8</ele>
   </trkpt>
   <trkpt lat="-7.9731530" lon="113.6192730">
    <ele>2253.8</ele>
   </trkpt>
   <trkpt lat="-7.9731720" lon="113.6192350">
    <ele>2253.6</ele>
   </trkpt>
   <trkpt lat="-7.9731720" lon="113.6191980">
    <ele>2253.3</ele>
   </trkpt>
   <trkpt lat="-7.9731670" lon="113.6191700">
    <ele>2253.2</ele>
   </trkpt>
   <trkpt lat="-7.9731680" lon="113.6191380">
    <ele>2253.1</ele>
   </trkpt>
   <trkpt lat="-7.9731770" lon="113.6191080">
    <ele>2253.0</ele>
   </trkpt>
   <trkpt lat="-7.9731830" lon="113.6190780">
    <ele>2253.0</ele>
   </trkpt>
   <trkpt lat="-7.9731780" lon="113.6190400">
    <ele>2252.9</ele>
   </trkpt>
   <trkpt lat="-7.9732080" lon="113.6190030">
    <ele>2252.9</ele>
   </trkpt>
   <trkpt lat="-7.9732150" lon="113.6189770">
    <ele>2252.9</ele>
   </trkpt>
   <trkpt lat="-7.9732070" lon="113.6189450">
    <ele>2253.0</ele>
   </trkpt>
   <trkpt lat="-7.9731880" lon="113.6189100">
    <ele>2253.1</ele>
   </trkpt>
   <trkpt lat="-7.9731850" lon="113.6188770">
    <ele>2253.2</ele>
   </trkpt>
   <trkpt lat="-7.9731870" lon="113.6188470">
    <ele>2253.3</ele>
   </trkpt>
   <trkpt lat="-7.9731950" lon="113.6188120">
    <ele>2253.4</ele>
   </trkpt>
   <trkpt lat="-7.9731920" lon="113.6187820">
    <ele>2253.6</ele>
   </trkpt>
   <trkpt lat="-7.9731870" lon="113.6187520">
    <ele>2253.8</ele>
   </trkpt>
   <trkpt lat="-7.9732030" lon="113.6187250">
    <ele>2254.1</ele>
   </trkpt>
   <trkpt lat="-7.9732370" lon="113.6187220">
    <ele>2254.4</ele>
   </trkpt>
   <trkpt lat="-7.9732450" lon="113.6186930">
    <ele>2254.6</ele>
   </trkpt>
   <trkpt lat="-7.9732450" lon="113.6186650">
    <ele>2254.8</ele>
   </trkpt>
   <trkpt lat="-7.9732430" lon="113.6186350">
    <ele>2255.1</ele>
   </trkpt>
   <trkpt lat="-7.9732400" lon="113.6185950">
    <ele>2255.4</ele>
   </trkpt>
   <trkpt lat="-7.9732350" lon="113.6185630">
    <ele>2255.7</ele>
   </trkpt>
   <trkpt lat="-7.9732320" lon="113.6185270">
    <ele>2256.1</ele>
   </trkpt>
   <trkpt lat="-7.9732270" lon="113.6184980">
    <ele>2256.4</ele>
   </trkpt>
   <trkpt lat="-7.9732230" lon="113.6184670">
    <ele>2256.7</ele>
   </trkpt>
   <trkpt lat="-7.9732350" lon="113.6184330">
    <ele>2257.3</ele>
   </trkpt>
   <trkpt lat="-7.9732370" lon="113.6183900">
    <ele>2257.9</ele>
   </trkpt>
   <trkpt lat="-7.9732330" lon="113.6183570">
    <ele>2258.4</ele>
   </trkpt>
   <trkpt lat="-7.9732330" lon="113.6183250">
    <ele>2258.7</ele>
   </trkpt>
   <trkpt lat="-7.9732270" lon="113.6182880">
    <ele>2259.1</ele>
   </trkpt>
   <trkpt lat="-7.9732330" lon="113.6182530">
    <ele>2259.6</ele>
   </trkpt>
   <trkpt lat="-7.9732350" lon="113.6182220">
    <ele>2260.0</ele>
   </trkpt>
   <trkpt lat="-7.9732280" lon="113.6181730">
    <ele>2260.7</ele>
   </trkpt>
   <trkpt lat="-7.9732450" lon="113.6181430">
    <ele>2261.2</ele>
   </trkpt>
   <trkpt lat="-7.9732670" lon="113.6181170">
    <ele>2261.6</ele>
   </trkpt>
   <trkpt lat="-7.9732600" lon="113.6180900">
    <ele>2261.8</ele>
   </trkpt>
   <trkpt lat="-7.9732520" lon="113.6180550">
    <ele>2262.0</ele>
   </trkpt>
   <trkpt lat="-7.9732670" lon="113.6180150">
    <ele>2262.3</ele>
   </trkpt>
   <trkpt lat="-7.9732870" lon="113.6179880">
    <ele>2262.4</ele>
   </trkpt>
   <trkpt lat="-7.9732930" lon="113.6179580">
    <ele>2262.5</ele>
   </trkpt>
   <trkpt lat="-7.9733080" lon="113.6179250">
    <ele>2262.6</ele>
   </trkpt>
   <trkpt lat="-7.9733070" lon="113.6178800">
    <ele>2262.9</ele>
   </trkpt>
   <trkpt lat="-7.9733220" lon="113.6178500">
    <ele>2263.1</ele>
   </trkpt>
   <trkpt lat="-7.9733320" lon="113.6178230">
    <ele>2263.3</ele>
   </trkpt>
   <trkpt lat="-7.9733270" lon="113.6177850">
    <ele>2263.7</ele>
   </trkpt>
   <trkpt lat="-7.9733200" lon="113.6177580">
    <ele>2263.9</ele>
   </trkpt>
   <trkpt lat="-7.9733280" lon="113.6177220">
    <ele>2264.2</ele>
   </trkpt>
   <trkpt lat="-7.9733370" lon="113.6176880">
    <ele>2264.5</ele>
   </trkpt>
   <trkpt lat="-7.9733400" lon="113.6176430">
    <ele>2264.9</ele>
   </trkpt>
   <trkpt lat="-7.9733370" lon="113.6176150">
    <ele>2265.1</ele>
   </trkpt>
   <trkpt lat="-7.9733550" lon="113.6175950">
    <ele>2265.4</ele>
   </trkpt>
   <trkpt lat="-7.9733670" lon="113.6175670">
    <ele>2265.7</ele>
   </trkpt>
   <trkpt lat="-7.9733730" lon="113.6175370">
    <ele>2266.0</ele>
   </trkpt>
   <trkpt lat="-7.9733820" lon="113.6175030">
    <ele>2266.4</ele>
   </trkpt>
   <trkpt lat="-7.9733770" lon="113.6174680">
    <ele>2266.8</ele>
   </trkpt>
   <trkpt lat="-7.9733800" lon="113.6174400">
    <ele>2267.1</ele>
   </trkpt>
   <trkpt lat="-7.9733820" lon="113.6174030">
    <ele>2267.6</ele>
   </trkpt>
   <trkpt lat="-7.9733820" lon="113.6173680">
    <ele>2268.0</ele>
   </trkpt>
   <trkpt lat="-7.9734000" lon="113.6173300">
    <ele>2268.4</ele>
   </trkpt>
   <trkpt lat="-7.9734070" lon="113.6173020">
    <ele>2268.6</ele>
   </trkpt>
   <trkpt lat="-7.9734250" lon="113.6172630">
    <ele>2269.0</ele>
   </trkpt>
   <trkpt lat="-7.9734150" lon="113.6172330">
    <ele>2269.4</ele>
   </trkpt>
   <trkpt lat="-7.9734250" lon="113.6171920">
    <ele>2269.8</ele>
   </trkpt>
   <trkpt lat="-7.9734330" lon="113.6171520">
    <ele>2270.0</ele>
   </trkpt>
   <trkpt lat="-7.9734350" lon="113.6171220">
    <ele>2270.2</ele>
   </trkpt>
   <trkpt lat="-7.9734350" lon="113.6170920">
    <ele>2270.4</ele>
   </trkpt>
   <trkpt lat="-7.9734550" lon="113.6170570">
    <ele>2270.8</ele>
   </trkpt>
   <trkpt lat="-7.9734820" lon="113.6170370">
    <ele>2271.1</ele>
   </trkpt>
   <trkpt lat="-7.9735000" lon="113.6170150">
    <ele>2271.3</ele>
   </trkpt>
   <trkpt lat="-7.9735370" lon="113.6169930">
    <ele>2271.4</ele>
   </trkpt>
   <trkpt lat="-7.9735650" lon="113.6169900">
    <ele>2271.5</ele>
   </trkpt>
   <trkpt lat="-7.9735970" lon="113.6169670">
    <ele>2271.7</ele>
   </trkpt>
   <trkpt lat="-7.9736200" lon="113.6169380">
    <ele>2272.0</ele>
   </trkpt>
   <trkpt lat="-7.9736470" lon="113.6169300">
    <ele>2272.3</ele>
   </trkpt>
   <trkpt lat="-7.9736430" lon="113.6168970">
    <ele>2272.7</ele>
   </trkpt>
   <trkpt lat="-7.9736270" lon="113.6168670">
    <ele>2273.0</ele>
   </trkpt>
   <trkpt lat="-7.9736030" lon="113.6168470">
    <ele>2273.2</ele>
   </trkpt>
   <trkpt lat="-7.9735920" lon="113.6168100">
    <ele>2273.4</ele>
   </trkpt>
   <trkpt lat="-7.9735780" lon="113.6167830">
    <ele>2273.6</ele>
   </trkpt>
   <trkpt lat="-7.9735720" lon="113.6167470">
    <ele>2274.0</ele>
   </trkpt>
   <trkpt lat="-7.9735550" lon="113.6167230">
    <ele>2274.3</ele>
   </trkpt>
   <trkpt lat="-7.9735370" lon="113.6167030">
    <ele>2274.6</ele>
   </trkpt>
   <trkpt lat="-7.9735350" lon="113.6166620">
    <ele>2275.0</ele>
   </trkpt>
   <trkpt lat="-7.9735170" lon="113.6166330">
    <ele>2275.5</ele>
   </trkpt>
   <trkpt lat="-7.9735200" lon="113.6166030">
    <ele>2275.9</ele>
   </trkpt>
   <trkpt lat="-7.9735020" lon="113.6165670">
    <ele>2276.2</ele>
   </trkpt>
   <trkpt lat="-7.9734870" lon="113.6165350">
    <ele>2276.5</ele>
   </trkpt>
   <trkpt lat="-7.9734850" lon="113.6165000">
    <ele>2276.8</ele>
   </trkpt>
   <trkpt lat="-7.9735000" lon="113.6164730">
    <ele>2277.2</ele>
   </trkpt>
   <trkpt lat="-7.9735050" lon="113.6164400">
    <ele>2277.7</ele>
   </trkpt>
   <trkpt lat="-7.9735070" lon="113.6164050">
    <ele>2278.1</ele>
   </trkpt>
   <trkpt lat="-7.9735080" lon="113.6163720">
    <ele>2278.5</ele>
   </trkpt>
   <trkpt lat="-7.9735230" lon="113.6163470">
    <ele>2279.1</ele>
   </trkpt>
   <trkpt lat="-7.9735230" lon="113.6163130">
    <ele>2280.0</ele>
   </trkpt>
   <trkpt lat="-7.9735230" lon="113.6162830">
    <ele>2280.7</ele>
   </trkpt>
   <trkpt lat="-7.9735380" lon="113.6162600">
    <ele>2281.2</ele>
   </trkpt>
   <trkpt lat="-7.9735480" lon="113.6162330">
    <ele>2281.7</ele>
   </trkpt>
   <trkpt lat="-7.9735420" lon="113.6162030">
    <ele>2282.3</ele>
   </trkpt>
   <trkpt lat="-7.9735400" lon="113.6161730">
    <ele>2283.0</ele>
   </trkpt>
   <trkpt lat="-7.9735570" lon="113.6160920">
    <ele>2285.1</ele>
   </trkpt>
   <trkpt lat="-7.9735670" lon="113.6160570">
    <ele>2286.0</ele>
   </trkpt>
   <trkpt lat="-7.9735820" lon="113.6160130">
    <ele>2286.8</ele>
   </trkpt>
   <trkpt lat="-7.9735980" lon="113.6159880">
    <ele>2287.4</ele>
   </trkpt>
   <trkpt lat="-7.9736270" lon="113.6159780">
    <ele>2288.5</ele>
   </trkpt>
   <trkpt lat="-7.9736400" lon="113.6159430">
    <ele>2289.8</ele>
   </trkpt>
   <trkpt lat="-7.9736370" lon="113.6159120">
    <ele>2290.7</ele>
   </trkpt>
   <trkpt lat="-7.9736600" lon="113.6158900">
    <ele>2291.6</ele>
   </trkpt>
   <trkpt lat="-7.9736800" lon="113.6158650">
    <ele>2292.4</ele>
   </trkpt>
   <trkpt lat="-7.9736900" lon="113.6158350">
    <ele>2292.8</ele>
   </trkpt>
   <trkpt lat="-7.9737080" lon="113.6158080">
    <ele>2293.2</ele>
   </trkpt>
   <trkpt lat="-7.9737130" lon="113.6157780">
    <ele>2293.6</ele>
   </trkpt>
   <trkpt lat="-7.9737180" lon="113.6157480">
    <ele>2294.1</ele>
   </trkpt>
   <trkpt lat="-7.9737450" lon="113.6157220">
    <ele>2294.9</ele>
   </trkpt>
   <trkpt lat="-7.9737650" lon="113.6156900">
    <ele>2295.7</ele>
   </trkpt>
   <trkpt lat="-7.9737850" lon="113.6156680">
    <ele>2296.4</ele>
   </trkpt>
   <trkpt lat="-7.9738020" lon="113.6156430">
    <ele>2297.0</ele>
   </trkpt>
   <trkpt lat="-7.9738230" lon="113.6156180">
    <ele>2297.6</ele>
   </trkpt>
   <trkpt lat="-7.9738420" lon="113.6155920">
    <ele>2297.9</ele>
   </trkpt>
   <trkpt lat="-7.9738750" lon="113.6155830">
    <ele>2298.2</ele>
   </trkpt>
   <trkpt lat="-7.9739070" lon="113.6155650">
    <ele>2298.6</ele>
   </trkpt>
   <trkpt lat="-7.9739270" lon="113.6155470">
    <ele>2298.8</ele>
   </trkpt>
   <trkpt lat="-7.9739430" lon="113.6155250">
    <ele>2299.0</ele>
   </trkpt>
   <trkpt lat="-7.9739550" lon="113.6155000">
    <ele>2299.3</ele>
   </trkpt>
   <trkpt lat="-7.9739680" lon="113.6154730">
    <ele>2299.5</ele>
   </trkpt>
   <trkpt lat="-7.9739800" lon="113.6154470">
    <ele>2299.7</ele>
   </trkpt>
   <trkpt lat="-7.9739920" lon="113.6154180">
    <ele>2299.9</ele>
   </trkpt>
   <trkpt lat="-7.9740120" lon="113.6153980">
    <ele>2299.9</ele>
   </trkpt>
   <trkpt lat="-7.9740350" lon="113.6153800">
    <ele>2299.8</ele>
   </trkpt>
   <trkpt lat="-7.9740570" lon="113.6153450">
    <ele>2299.7</ele>
   </trkpt>
   <trkpt lat="-7.9740720" lon="113.6153120">
    <ele>2299.6</ele>
   </trkpt>
   <trkpt lat="-7.9740870" lon="113.6152820">
    <ele>2299.5</ele>
   </trkpt>
   <trkpt lat="-7.9740870" lon="113.6152530">
    <ele>2299.3</ele>
   </trkpt>
   <trkpt lat="-7.9741050" lon="113.6152270">
    <ele>2298.9</ele>
   </trkpt>
   <trkpt lat="-7.9741270" lon="113.6152100">
    <ele>2298.6</ele>
   </trkpt>
   <trkpt lat="-7.9741550" lon="113.6151870">
    <ele>2298.3</ele>
   </trkpt>
   <trkpt lat="-7.9741670" lon="113.6151600">
    <ele>2298.2</ele>
   </trkpt>
   <trkpt lat="-7.9741870" lon="113.6151380">
    <ele>2298.2</ele>
   </trkpt>
   <trkpt lat="-7.9742020" lon="113.6151150">
    <ele>2298.2</ele>
   </trkpt>
   <trkpt lat="-7.9742130" lon="113.6150900">
    <ele>2298.2</ele>
   </trkpt>
   <trkpt lat="-7.9742320" lon="113.6150670">
    <ele>2298.3</ele>
   </trkpt>
   <trkpt lat="-7.9742530" lon="113.6150380">
    <ele>2298.4</ele>
   </trkpt>
   <trkpt lat="-7.9742720" lon="113.6150180">
    <ele>2298.2</ele>
   </trkpt>
   <trkpt lat="-7.9742970" lon="113.6149900">
    <ele>2298.1</ele>
   </trkpt>
   <trkpt lat="-7.9743130" lon="113.6149680">
    <ele>2298.0</ele>
   </trkpt>
   <trkpt lat="-7.9743320" lon="113.6149420">
    <ele>2297.9</ele>
   </trkpt>
   <trkpt lat="-7.9743550" lon="113.6149220">
    <ele>2297.8</ele>
   </trkpt>
   <trkpt lat="-7.9743730" lon="113.6149000">
    <ele>2297.7</ele>
   </trkpt>
   <trkpt lat="-7.9743930" lon="113.6148800">
    <ele>2297.7</ele>
   </trkpt>
   <trkpt lat="-7.9744200" lon="113.6148520">
    <ele>2297.6</ele>
   </trkpt>
   <trkpt lat="-7.9744450" lon="113.6148220">
    <ele>2297.5</ele>
   </trkpt>
   <trkpt lat="-7.9744720" lon="113.6147970">
    <ele>2297.4</ele>
   </trkpt>
   <trkpt lat="-7.9744870" lon="113.6147730">
    <ele>2297.4</ele>
   </trkpt>
   <trkpt lat="-7.9745050" lon="113.6147530">
    <ele>2297.4</ele>
   </trkpt>
   <trkpt lat="-7.9745270" lon="113.6147270">
    <ele>2297.6</ele>
   </trkpt>
   <trkpt lat="-7.9745530" lon="113.6147000">
    <ele>2297.9</ele>
   </trkpt>
   <trkpt lat="-7.9745770" lon="113.6146750">
    <ele>2298.1</ele>
   </trkpt>
   <trkpt lat="-7.9745930" lon="113.6146400">
    <ele>2298.4</ele>
   </trkpt>
   <trkpt lat="-7.9746200" lon="113.6146100">
    <ele>2298.8</ele>
   </trkpt>
   <trkpt lat="-7.9746420" lon="113.6145880">
    <ele>2299.1</ele>
   </trkpt>
   <trkpt lat="-7.9746600" lon="113.6145630">
    <ele>2299.4</ele>
   </trkpt>
   <trkpt lat="-7.9746750" lon="113.6145380">
    <ele>2299.6</ele>
   </trkpt>
   <trkpt lat="-7.9746900" lon="113.6145080">
    <ele>2299.9</ele>
   </trkpt>
   <trkpt lat="-7.9747080" lon="113.6144830">
    <ele>2300.1</ele>
   </trkpt>
   <trkpt lat="-7.9747280" lon="113.6144480">
    <ele>2300.4</ele>
   </trkpt>
   <trkpt lat="-7.9747470" lon="113.6144280">
    <ele>2300.5</ele>
   </trkpt>
   <trkpt lat="-7.9747770" lon="113.6144030">
    <ele>2300.8</ele>
   </trkpt>
   <trkpt lat="-7.9747950" lon="113.6143770">
    <ele>2301.1</ele>
   </trkpt>
   <trkpt lat="-7.9748120" lon="113.6143530">
    <ele>2301.4</ele>
   </trkpt>
   <trkpt lat="-7.9748300" lon="113.6143300">
    <ele>2301.9</ele>
   </trkpt>
   <trkpt lat="-7.9748480" lon="113.6143050">
    <ele>2302.3</ele>
   </trkpt>
   <trkpt lat="-7.9748630" lon="113.6142820">
    <ele>2302.7</ele>
   </trkpt>
   <trkpt lat="-7.9748800" lon="113.6142580">
    <ele>2303.2</ele>
   </trkpt>
   <trkpt lat="-7.9748950" lon="113.6142330">
    <ele>2303.5</ele>
   </trkpt>
   <trkpt lat="-7.9749200" lon="113.6142030">
    <ele>2304.0</ele>
   </trkpt>
   <trkpt lat="-7.9749450" lon="113.6141770">
    <ele>2304.5</ele>
   </trkpt>
   <trkpt lat="-7.9749630" lon="113.6141550">
    <ele>2305.0</ele>
   </trkpt>
   <trkpt lat="-7.9749900" lon="113.6141300">
    <ele>2305.7</ele>
   </trkpt>
   <trkpt lat="-7.9750120" lon="113.6141000">
    <ele>2306.4</ele>
   </trkpt>
   <trkpt lat="-7.9750270" lon="113.6140720">
    <ele>2307.0</ele>
   </trkpt>
   <trkpt lat="-7.9750500" lon="113.6140420">
    <ele>2307.7</ele>
   </trkpt>
   <trkpt lat="-7.9750780" lon="113.6140200">
    <ele>2308.2</ele>
   </trkpt>
   <trkpt lat="-7.9751000" lon="113.6140020">
    <ele>2308.5</ele>
   </trkpt>
   <trkpt lat="-7.9751220" lon="113.6139780">
    <ele>2308.7</ele>
   </trkpt>
   <trkpt lat="-7.9751530" lon="113.6139520">
    <ele>2308.9</ele>
   </trkpt>
   <trkpt lat="-7.9751870" lon="113.6139330">
    <ele>2309.1</ele>
   </trkpt>
   <trkpt lat="-7.9752180" lon="113.6139380">
    <ele>2309.3</ele>
   </trkpt>
   <trkpt lat="-7.9752450" lon="113.6139670">
    <ele>2309.5</ele>
   </trkpt>
   <trkpt lat="-7.9752730" lon="113.6139720">
    <ele>2309.6</ele>
   </trkpt>
   <trkpt lat="-7.9753070" lon="113.6139650">
    <ele>2309.9</ele>
   </trkpt>
   <trkpt lat="-7.9753320" lon="113.6139480">
    <ele>2310.1</ele>
   </trkpt>
   <trkpt lat="-7.9753550" lon="113.6139230">
    <ele>2310.3</ele>
   </trkpt>
   <trkpt lat="-7.9753570" lon="113.6138880">
    <ele>2310.5</ele>
   </trkpt>
   <trkpt lat="-7.9753750" lon="113.6138670">
    <ele>2310.7</ele>
   </trkpt>
   <trkpt lat="-7.9754020" lon="113.6138430">
    <ele>2310.7</ele>
   </trkpt>
   <trkpt lat="-7.9754350" lon="113.6138280">
    <ele>2310.6</ele>
   </trkpt>
   <trkpt lat="-7.9754680" lon="113.6138120">
    <ele>2310.5</ele>
   </trkpt>
   <trkpt lat="-7.9754950" lon="113.6137930">
    <ele>2310.5</ele>
   </trkpt>
   <trkpt lat="-7.9755000" lon="113.6137550">
    <ele>2310.5</ele>
   </trkpt>
   <trkpt lat="-7.9755300" lon="113.6137420">
    <ele>2310.7</ele>
   </trkpt>
   <trkpt lat="-7.9755450" lon="113.6137150">
    <ele>2310.9</ele>
   </trkpt>
   <trkpt lat="-7.9755620" lon="113.6136920">
    <ele>2311.1</ele>
   </trkpt>
   <trkpt lat="-7.9755930" lon="113.6136780">
    <ele>2311.2</ele>
   </trkpt>
   <trkpt lat="-7.9755980" lon="113.6136450">
    <ele>2311.1</ele>
   </trkpt>
   <trkpt lat="-7.9756050" lon="113.6136180">
    <ele>2311.1</ele>
   </trkpt>
   <trkpt lat="-7.9756150" lon="113.6135800">
    <ele>2310.9</ele>
   </trkpt>
   <trkpt lat="-7.9756230" lon="113.6135470">
    <ele>2310.9</ele>
   </trkpt>
   <trkpt lat="-7.9756400" lon="113.6135250">
    <ele>2310.9</ele>
   </trkpt>
   <trkpt lat="-7.9756450" lon="113.6134820">
    <ele>2310.9</ele>
   </trkpt>
   <trkpt lat="-7.9756530" lon="113.6134530">
    <ele>2311.0</ele>
   </trkpt>
   <trkpt lat="-7.9756570" lon="113.6134220">
    <ele>2311.0</ele>
   </trkpt>
   <trkpt lat="-7.9756830" lon="113.6134020">
    <ele>2311.1</ele>
   </trkpt>
   <trkpt lat="-7.9756880" lon="113.6133680">
    <ele>2311.2</ele>
   </trkpt>
   <trkpt lat="-7.9757050" lon="113.6133320">
    <ele>2311.3</ele>
   </trkpt>
   <trkpt lat="-7.9757050" lon="113.6132950">
    <ele>2311.4</ele>
   </trkpt>
   <trkpt lat="-7.9757220" lon="113.6132720">
    <ele>2311.5</ele>
   </trkpt>
   <trkpt lat="-7.9757430" lon="113.6132470">
    <ele>2311.6</ele>
   </trkpt>
   <trkpt lat="-7.9757630" lon="113.6132170">
    <ele>2311.7</ele>
   </trkpt>
   <trkpt lat="-7.9757830" lon="113.6131950">
    <ele>2311.9</ele>
   </trkpt>
   <trkpt lat="-7.9758050" lon="113.6131720">
    <ele>2312.1</ele>
   </trkpt>
   <trkpt lat="-7.9758170" lon="113.6131400">
    <ele>2312.3</ele>
   </trkpt>
   <trkpt lat="-7.9758370" lon="113.6131070">
    <ele>2312.6</ele>
   </trkpt>
   <trkpt lat="-7.9758570" lon="113.6130830">
    <ele>2312.8</ele>
   </trkpt>
   <trkpt lat="-7.9758850" lon="113.6130630">
    <ele>2313.1</ele>
   </trkpt>
   <trkpt lat="-7.9759180" lon="113.6130520">
    <ele>2313.3</ele>
   </trkpt>
   <trkpt lat="-7.9759470" lon="113.6130350">
    <ele>2313.8</ele>
   </trkpt>
   <trkpt lat="-7.9759480" lon="113.6129980">
    <ele>2314.1</ele>
   </trkpt>
   <trkpt lat="-7.9759580" lon="113.6129600">
    <ele>2314.4</ele>
   </trkpt>
   <trkpt lat="-7.9759730" lon="113.6129350">
    <ele>2314.6</ele>
   </trkpt>
   <trkpt lat="-7.9759930" lon="113.6129030">
    <ele>2314.8</ele>
   </trkpt>
   <trkpt lat="-7.9760100" lon="113.6128650">
    <ele>2315.1</ele>
   </trkpt>
   <trkpt lat="-7.9760380" lon="113.6128570">
    <ele>2315.3</ele>
   </trkpt>
   <trkpt lat="-7.9760580" lon="113.6128270">
    <ele>2315.5</ele>
   </trkpt>
   <trkpt lat="-7.9760830" lon="113.6127930">
    <ele>2315.9</ele>
   </trkpt>
   <trkpt lat="-7.9761200" lon="113.6127770">
    <ele>2316.4</ele>
   </trkpt>
   <trkpt lat="-7.9761450" lon="113.6127920">
    <ele>2316.9</ele>
   </trkpt>
   <trkpt lat="-7.9762320" lon="113.6127700">
    <ele>2318.7</ele>
   </trkpt>
   <trkpt lat="-7.9762180" lon="113.6127350">
    <ele>2319.2</ele>
   </trkpt>
   <trkpt lat="-7.9762200" lon="113.6127030">
    <ele>2319.8</ele>
   </trkpt>
   <trkpt lat="-7.9762370" lon="113.6126700">
    <ele>2320.6</ele>
   </trkpt>
   <trkpt lat="-7.9762620" lon="113.6126430">
    <ele>2321.4</ele>
   </trkpt>
   <trkpt lat="-7.9762970" lon="113.6126330">
    <ele>2322.2</ele>
   </trkpt>
   <trkpt lat="-7.9763320" lon="113.6126130">
    <ele>2323.1</ele>
   </trkpt>
   <trkpt lat="-7.9763500" lon="113.6125870">
    <ele>2323.9</ele>
   </trkpt>
   <trkpt lat="-7.9763730" lon="113.6125550">
    <ele>2324.9</ele>
   </trkpt>
   <trkpt lat="-7.9763730" lon="113.6125220">
    <ele>2325.7</ele>
   </trkpt>
   <trkpt lat="-7.9763880" lon="113.6124900">
    <ele>2326.2</ele>
   </trkpt>
   <trkpt lat="-7.9764130" lon="113.6124620">
    <ele>2326.9</ele>
   </trkpt>
   <trkpt lat="-7.9764070" lon="113.6124300">
    <ele>2327.2</ele>
   </trkpt>
   <trkpt lat="-7.9764220" lon="113.6124050">
    <ele>2327.4</ele>
   </trkpt>
   <trkpt lat="-7.9764030" lon="113.6123800">
    <ele>2327.6</ele>
   </trkpt>
   <trkpt lat="-7.9764030" lon="113.6123500">
    <ele>2328.0</ele>
   </trkpt>
   <trkpt lat="-7.9763950" lon="113.6123230">
    <ele>2328.4</ele>
   </trkpt>
   <trkpt lat="-7.9763820" lon="113.6122930">
    <ele>2328.9</ele>
   </trkpt>
   <trkpt lat="-7.9764000" lon="113.6122630">
    <ele>2328.6</ele>
   </trkpt>
   <trkpt lat="-7.9764230" lon="113.6122420">
    <ele>2328.3</ele>
   </trkpt>
   <trkpt lat="-7.9764500" lon="113.6122200">
    <ele>2328.1</ele>
   </trkpt>
   <trkpt lat="-7.9764670" lon="113.6121820">
    <ele>2328.0</ele>
   </trkpt>
   <trkpt lat="-7.9764820" lon="113.6121580">
    <ele>2328.0</ele>
   </trkpt>
   <trkpt lat="-7.9765050" lon="113.6121370">
    <ele>2328.1</ele>
   </trkpt>
   <trkpt lat="-7.9765270" lon="113.6121150">
    <ele>2328.2</ele>
   </trkpt>
   <trkpt lat="-7.9765470" lon="113.6120830">
    <ele>2328.3</ele>
   </trkpt>
   <trkpt lat="-7.9765600" lon="113.6120500">
    <ele>2328.4</ele>
   </trkpt>
   <trkpt lat="-7.9765820" lon="113.6120300">
    <ele>2328.4</ele>
   </trkpt>
   <trkpt lat="-7.9765930" lon="113.6120020">
    <ele>2328.3</ele>
   </trkpt>
   <trkpt lat="-7.9766130" lon="113.6119780">
    <ele>2328.2</ele>
   </trkpt>
   <trkpt lat="-7.9766250" lon="113.6119420">
    <ele>2328.1</ele>
   </trkpt>
   <trkpt lat="-7.9766320" lon="113.6119150">
    <ele>2328.1</ele>
   </trkpt>
   <trkpt lat="-7.9766470" lon="113.6118850">
    <ele>2328.0</ele>
   </trkpt>
   <trkpt lat="-7.9766470" lon="113.6118470">
    <ele>2328.0</ele>
   </trkpt>
   <trkpt lat="-7.9766630" lon="113.6118130">
    <ele>2328.0</ele>
   </trkpt>
   <trkpt lat="-7.9766780" lon="113.6117880">
    <ele>2328.0</ele>
   </trkpt>
   <trkpt lat="-7.9766750" lon="113.6117480">
    <ele>2328.1</ele>
   </trkpt>
   <trkpt lat="-7.9766830" lon="113.6117180">
    <ele>2328.3</ele>
   </trkpt>
   <trkpt lat="-7.9766980" lon="113.6116850">
    <ele>2328.7</ele>
   </trkpt>
   <trkpt lat="-7.9767130" lon="113.6116580">
    <ele>2329.1</ele>
   </trkpt>
   <trkpt lat="-7.9767250" lon="113.6116280">
    <ele>2329.6</ele>
   </trkpt>
   <trkpt lat="-7.9767480" lon="113.6115830">
    <ele>2330.4</ele>
   </trkpt>
   <trkpt lat="-7.9767580" lon="113.6115470">
    <ele>2330.7</ele>
   </trkpt>
   <trkpt lat="-7.9767620" lon="113.6115100">
    <ele>2331.0</ele>
   </trkpt>
   <trkpt lat="-7.9767550" lon="113.6114720">
    <ele>2331.6</ele>
   </trkpt>
   <trkpt lat="-7.9767500" lon="113.6114380">
    <ele>2332.1</ele>
   </trkpt>
   <trkpt lat="-7.9767650" lon="113.6114020">
    <ele>2332.5</ele>
   </trkpt>
   <trkpt lat="-7.9767820" lon="113.6113780">
    <ele>2332.8</ele>
   </trkpt>
   <trkpt lat="-7.9768070" lon="113.6113370">
    <ele>2333.1</ele>
   </trkpt>
   <trkpt lat="-7.9767950" lon="113.6113100">
    <ele>2333.3</ele>
   </trkpt>
   <trkpt lat="-7.9768000" lon="113.6112780">
    <ele>2333.5</ele>
   </trkpt>
   <trkpt lat="-7.9768020" lon="113.6112380">
    <ele>2333.5</ele>
   </trkpt>
   <trkpt lat="-7.9767830" lon="113.6112150">
    <ele>2333.5</ele>
   </trkpt>
   <trkpt lat="-7.9767870" lon="113.6111850">
    <ele>2333.4</ele>
   </trkpt>
   <trkpt lat="-7.9767950" lon="113.6111530">
    <ele>2333.3</ele>
   </trkpt>
   <trkpt lat="-7.9767850" lon="113.6111200">
    <ele>2333.1</ele>
   </trkpt>
   <trkpt lat="-7.9767850" lon="113.6110850">
    <ele>2333.0</ele>
   </trkpt>
   <trkpt lat="-7.9767800" lon="113.6110480">
    <ele>2332.9</ele>
   </trkpt>
   <trkpt lat="-7.9768020" lon="113.6110250">
    <ele>2332.8</ele>
   </trkpt>
   <trkpt lat="-7.9768150" lon="113.6109920">
    <ele>2332.7</ele>
   </trkpt>
   <trkpt lat="-7.9768350" lon="113.6109620">
    <ele>2332.6</ele>
   </trkpt>
   <trkpt lat="-7.9768550" lon="113.6109320">
    <ele>2332.5</ele>
   </trkpt>
   <trkpt lat="-7.9768550" lon="113.6109030">
    <ele>2332.5</ele>
   </trkpt>
   <trkpt lat="-7.9768500" lon="113.6108730">
    <ele>2332.5</ele>
   </trkpt>
   <trkpt lat="-7.9768500" lon="113.6108450">
    <ele>2333.1</ele>
   </trkpt>
   <trkpt lat="-7.9768370" lon="113.6108170">
    <ele>2333.8</ele>
   </trkpt>
   <trkpt lat="-7.9768220" lon="113.6107920">
    <ele>2334.5</ele>
   </trkpt>
   <trkpt lat="-7.9768050" lon="113.6107680">
    <ele>2335.1</ele>
   </trkpt>
   <trkpt lat="-7.9768270" lon="113.6107520">
    <ele>2335.6</ele>
   </trkpt>
   <trkpt lat="-7.9768480" lon="113.6107320">
    <ele>2336.1</ele>
   </trkpt>
   <trkpt lat="-7.9768480" lon="113.6106980">
    <ele>2336.5</ele>
   </trkpt>
   <trkpt lat="-7.9768320" lon="113.6106730">
    <ele>2337.0</ele>
   </trkpt>
   <trkpt lat="-7.9768400" lon="113.6106450">
    <ele>2337.8</ele>
   </trkpt>
   <trkpt lat="-7.9768520" lon="113.6106150">
    <ele>2338.7</ele>
   </trkpt>
   <trkpt lat="-7.9768600" lon="113.6105770">
    <ele>2339.1</ele>
   </trkpt>
   <trkpt lat="-7.9768650" lon="113.6105450">
    <ele>2339.4</ele>
   </trkpt>
   <trkpt lat="-7.9768570" lon="113.6105170">
    <ele>2339.6</ele>
   </trkpt>
   <trkpt lat="-7.9768650" lon="113.6104900">
    <ele>2339.6</ele>
   </trkpt>
   <trkpt lat="-7.9768850" lon="113.6104550">
    <ele>2339.4</ele>
   </trkpt>
   <trkpt lat="-7.9768600" lon="113.6104220">
    <ele>2339.8</ele>
   </trkpt>
   <trkpt lat="-7.9768500" lon="113.6103920">
    <ele>2340.2</ele>
   </trkpt>
   <trkpt lat="-7.9768270" lon="113.6103580">
    <ele>2340.9</ele>
   </trkpt>
   <trkpt lat="-7.9768320" lon="113.6103230">
    <ele>2341.7</ele>
   </trkpt>
   <trkpt lat="-7.9768120" lon="113.6103050">
    <ele>2342.3</ele>
   </trkpt>
   <trkpt lat="-7.9768100" lon="113.6102770">
    <ele>2343.0</ele>
   </trkpt>
   <trkpt lat="-7.9767870" lon="113.6102470">
    <ele>2344.1</ele>
   </trkpt>
   <trkpt lat="-7.9767600" lon="113.6102150">
    <ele>2345.4</ele>
   </trkpt>
   <trkpt lat="-7.9767320" lon="113.6101830">
    <ele>2346.3</ele>
   </trkpt>
   <trkpt lat="-7.9767070" lon="113.6101570">
    <ele>2347.0</ele>
   </trkpt>
   <trkpt lat="-7.9766980" lon="113.6101300">
    <ele>2347.7</ele>
   </trkpt>
   <trkpt lat="-7.9766720" lon="113.6101070">
    <ele>2348.6</ele>
   </trkpt>
   <trkpt lat="-7.9766750" lon="113.6100780">
    <ele>2349.3</ele>
   </trkpt>
   <trkpt lat="-7.9766870" lon="113.6100420">
    <ele>2350.1</ele>
   </trkpt>
   <trkpt lat="-7.9767000" lon="113.6100170">
    <ele>2350.7</ele>
   </trkpt>
   <trkpt lat="-7.9767100" lon="113.6099880">
    <ele>2351.1</ele>
   </trkpt>
   <trkpt lat="-7.9766980" lon="113.6099520">
    <ele>2351.3</ele>
   </trkpt>
   <trkpt lat="-7.9766850" lon="113.6099200">
    <ele>2351.2</ele>
   </trkpt>
   <trkpt lat="-7.9766620" lon="113.6098980">
    <ele>2350.7</ele>
   </trkpt>
   <trkpt lat="-7.9766500" lon="113.6098670">
    <ele>2350.1</ele>
   </trkpt>
   <trkpt lat="-7.9766470" lon="113.6098320">
    <ele>2349.7</ele>
   </trkpt>
   <trkpt lat="-7.9766330" lon="113.6097920">
    <ele>2349.3</ele>
   </trkpt>
   <trkpt lat="-7.9766270" lon="113.6097620">
    <ele>2348.7</ele>
   </trkpt>
   <trkpt lat="-7.9766130" lon="113.6097350">
    <ele>2348.2</ele>
   </trkpt>
   <trkpt lat="-7.9765920" lon="113.6097080">
    <ele>2347.7</ele>
   </trkpt>
   <trkpt lat="-7.9765800" lon="113.6096780">
    <ele>2347.7</ele>
   </trkpt>
   <trkpt lat="-7.9765900" lon="113.6096420">
    <ele>2347.7</ele>
   </trkpt>
   <trkpt lat="-7.9766020" lon="113.6096150">
    <ele>2347.7</ele>
   </trkpt>
   <trkpt lat="-7.9765970" lon="113.6095850">
    <ele>2347.7</ele>
   </trkpt>
   <trkpt lat="-7.9765950" lon="113.6095520">
    <ele>2347.7</ele>
   </trkpt>
   <trkpt lat="-7.9766050" lon="113.6095230">
    <ele>2347.7</ele>
   </trkpt>
   <trkpt lat="-7.9766000" lon="113.6094920">
    <ele>2347.7</ele>
   </trkpt>
   <trkpt lat="-7.9765570" lon="113.6094770">
    <ele>2347.7</ele>
   </trkpt>
   <trkpt lat="-7.9765550" lon="113.6094450">
    <ele>2347.7</ele>
   </trkpt>
   <trkpt lat="-7.9765520" lon="113.6094130">
    <ele>2347.7</ele>
   </trkpt>
   <trkpt lat="-7.9765520" lon="113.6093850">
    <ele>2347.9</ele>
   </trkpt>
   <trkpt lat="-7.9765320" lon="113.6093630">
    <ele>2348.1</ele>
   </trkpt>
   <trkpt lat="-7.9765200" lon="113.6093370">
    <ele>2348.2</ele>
   </trkpt>
   <trkpt lat="-7.9765230" lon="113.6093080">
    <ele>2348.4</ele>
   </trkpt>
   <trkpt lat="-7.9765420" lon="113.6092830">
    <ele>2348.6</ele>
   </trkpt>
   <trkpt lat="-7.9765520" lon="113.6092520">
    <ele>2348.7</ele>
   </trkpt>
   <trkpt lat="-7.9765600" lon="113.6092120">
    <ele>2348.7</ele>
   </trkpt>
   <trkpt lat="-7.9765320" lon="113.6091970">
    <ele>2348.7</ele>
   </trkpt>
   <trkpt lat="-7.9764880" lon="113.6091830">
    <ele>2348.6</ele>
   </trkpt>
   <trkpt lat="-7.9765150" lon="113.6091520">
    <ele>2348.5</ele>
   </trkpt>
   <trkpt lat="-7.9765030" lon="113.6091250">
    <ele>2348.4</ele>
   </trkpt>
   <trkpt lat="-7.9765120" lon="113.6090920">
    <ele>2348.3</ele>
   </trkpt>
   <trkpt lat="-7.9765280" lon="113.6090570">
    <ele>2348.2</ele>
   </trkpt>
   <trkpt lat="-7.9765580" lon="113.6090330">
    <ele>2348.1</ele>
   </trkpt>
   <trkpt lat="-7.9765550" lon="113.6089970">
    <ele>2348.0</ele>
   </trkpt>
   <trkpt lat="-7.9765670" lon="113.6089630">
    <ele>2348.0</ele>
   </trkpt>
   <trkpt lat="-7.9765700" lon="113.6089280">
    <ele>2347.8</ele>
   </trkpt>
   <trkpt lat="-7.9765820" lon="113.6089020">
    <ele>2347.7</ele>
   </trkpt>
   <trkpt lat="-7.9765950" lon="113.6088730">
    <ele>2347.6</ele>
   </trkpt>
   <trkpt lat="-7.9766000" lon="113.6088450">
    <ele>2347.5</ele>
   </trkpt>
   <trkpt lat="-7.9766180" lon="113.6088120">
    <ele>2347.4</ele>
   </trkpt>
   <trkpt lat="-7.9766320" lon="113.6087830">
    <ele>2347.1</ele>
   </trkpt>
   <trkpt lat="-7.9766280" lon="113.6087430">
    <ele>2346.7</ele>
   </trkpt>
   <trkpt lat="-7.9766450" lon="113.6087020">
    <ele>2346.2</ele>
   </trkpt>
   <trkpt lat="-7.9766650" lon="113.6086780">
    <ele>2345.9</ele>
   </trkpt>
   <trkpt lat="-7.9766730" lon="113.6086500">
    <ele>2345.5</ele>
   </trkpt>
   <trkpt lat="-7.9766680" lon="113.6086130">
    <ele>2345.3</ele>
   </trkpt>
   <trkpt lat="-7.9766700" lon="113.6085750">
    <ele>2345.2</ele>
   </trkpt>
   <trkpt lat="-7.9766570" lon="113.6085500">
    <ele>2345.1</ele>
   </trkpt>
   <trkpt lat="-7.9766400" lon="113.6085170">
    <ele>2345.0</ele>
   </trkpt>
   <trkpt lat="-7.9766200" lon="113.6084920">
    <ele>2344.9</ele>
   </trkpt>
   <trkpt lat="-7.9766180" lon="113.6084600">
    <ele>2344.9</ele>
   </trkpt>
   <trkpt lat="-7.9765870" lon="113.6084320">
    <ele>2345.0</ele>
   </trkpt>
   <trkpt lat="-7.9765870" lon="113.6084020">
    <ele>2345.2</ele>
   </trkpt>
   <trkpt lat="-7.9765730" lon="113.6083650">
    <ele>2345.8</ele>
   </trkpt>
   <trkpt lat="-7.9765820" lon="113.6083350">
    <ele>2346.4</ele>
   </trkpt>
   <trkpt lat="-7.9765720" lon="113.6083020">
    <ele>2347.3</ele>
   </trkpt>
   <trkpt lat="-7.9765650" lon="113.6082750">
    <ele>2348.0</ele>
   </trkpt>
   <trkpt lat="-7.9765550" lon="113.6082430">
    <ele>2348.3</ele>
   </trkpt>
   <trkpt lat="-7.9765620" lon="113.6082020">
    <ele>2348.7</ele>
   </trkpt>
   <trkpt lat="-7.9765470" lon="113.6081670">
    <ele>2349.3</ele>
   </trkpt>
   <trkpt lat="-7.9765400" lon="113.6081330">
    <ele>2350.2</ele>
   </trkpt>
   <trkpt lat="-7.9765320" lon="113.6081070">
    <ele>2350.9</ele>
   </trkpt>
   <trkpt lat="-7.9765130" lon="113.6080820">
    <ele>2351.8</ele>
   </trkpt>
   <trkpt lat="-7.9765080" lon="113.6080480">
    <ele>2352.8</ele>
   </trkpt>
   <trkpt lat="-7.9765050" lon="113.6080150">
    <ele>2353.8</ele>
   </trkpt>
   <trkpt lat="-7.9765030" lon="113.6079850">
    <ele>2354.6</ele>
   </trkpt>
   <trkpt lat="-7.9764970" lon="113.6079530">
    <ele>2355.4</ele>
   </trkpt>
   <trkpt lat="-7.9765050" lon="113.6079230">
    <ele>2356.3</ele>
   </trkpt>
   <trkpt lat="-7.9765100" lon="113.6078920">
    <ele>2357.0</ele>
   </trkpt>
   <trkpt lat="-7.9764980" lon="113.6078620">
    <ele>2357.8</ele>
   </trkpt>
   <trkpt lat="-7.9764850" lon="113.6078350">
    <ele>2358.5</ele>
   </trkpt>
   <trkpt lat="-7.9764580" lon="113.6078130">
    <ele>2359.3</ele>
   </trkpt>
   <trkpt lat="-7.9764430" lon="113.6077870">
    <ele>2360.1</ele>
   </trkpt>
   <trkpt lat="-7.9764270" lon="113.6077600">
    <ele>2360.8</ele>
   </trkpt>
   <trkpt lat="-7.9764150" lon="113.6077350">
    <ele>2361.2</ele>
   </trkpt>
   <trkpt lat="-7.9764080" lon="113.6077080">
    <ele>2361.6</ele>
   </trkpt>
   <trkpt lat="-7.9764020" lon="113.6076770">
    <ele>2362.1</ele>
   </trkpt>
   <trkpt lat="-7.9763880" lon="113.6076520">
    <ele>2362.2</ele>
   </trkpt>
   <trkpt lat="-7.9763800" lon="113.6076230">
    <ele>2362.4</ele>
   </trkpt>
   <trkpt lat="-7.9763770" lon="113.6075880">
    <ele>2362.6</ele>
   </trkpt>
   <trkpt lat="-7.9763720" lon="113.6075550">
    <ele>2363.2</ele>
   </trkpt>
   <trkpt lat="-7.9763630" lon="113.6075280">
    <ele>2363.8</ele>
   </trkpt>
   <trkpt lat="-7.9763620" lon="113.6074930">
    <ele>2364.4</ele>
   </trkpt>
   <trkpt lat="-7.9763520" lon="113.6074650">
    <ele>2364.9</ele>
   </trkpt>
   <trkpt lat="-7.9763520" lon="113.6074370">
    <ele>2365.4</ele>
   </trkpt>
   <trkpt lat="-7.9763350" lon="113.6074080">
    <ele>2365.9</ele>
   </trkpt>
   <trkpt lat="-7.9763150" lon="113.6073850">
    <ele>2366.8</ele>
   </trkpt>
   <trkpt lat="-7.9763020" lon="113.6073570">
    <ele>2367.6</ele>
   </trkpt>
   <trkpt lat="-7.9762920" lon="113.6073300">
    <ele>2368.4</ele>
   </trkpt>
   <trkpt lat="-7.9762870" lon="113.6072880">
    <ele>2369.3</ele>
   </trkpt>
   <trkpt lat="-7.9762830" lon="113.6072600">
    <ele>2369.9</ele>
   </trkpt>
   <trkpt lat="-7.9762800" lon="113.6072280">
    <ele>2370.7</ele>
   </trkpt>
   <trkpt lat="-7.9762630" lon="113.6072030">
    <ele>2371.9</ele>
   </trkpt>
   <trkpt lat="-7.9762520" lon="113.6071780">
    <ele>2372.9</ele>
   </trkpt>
   <trkpt lat="-7.9762350" lon="113.6071550">
    <ele>2374.0</ele>
   </trkpt>
   <trkpt lat="-7.9762300" lon="113.6071130">
    <ele>2375.8</ele>
   </trkpt>
   <trkpt lat="-7.9762130" lon="113.6070880">
    <ele>2377.1</ele>
   </trkpt>
   <trkpt lat="-7.9761970" lon="113.6070630">
    <ele>2378.3</ele>
   </trkpt>
   <trkpt lat="-7.9761750" lon="113.6070430">
    <ele>2379.4</ele>
   </trkpt>
   <trkpt lat="-7.9761580" lon="113.6070180">
    <ele>2380.5</ele>
   </trkpt>
   <trkpt lat="-7.9761430" lon="113.6069900">
    <ele>2381.4</ele>
   </trkpt>
   <trkpt lat="-7.9761420" lon="113.6069570">
    <ele>2382.0</ele>
   </trkpt>
   <trkpt lat="-7.9761270" lon="113.6069330">
    <ele>2382.5</ele>
   </trkpt>
   <trkpt lat="-7.9761030" lon="113.6069030">
    <ele>2383.1</ele>
   </trkpt>
   <trkpt lat="-7.9761200" lon="113.6068750">
    <ele>2383.6</ele>
   </trkpt>
   <trkpt lat="-7.9761070" lon="113.6068470">
    <ele>2384.1</ele>
   </trkpt>
   <trkpt lat="-7.9761020" lon="113.6068170">
    <ele>2384.5</ele>
   </trkpt>
   <trkpt lat="-7.9760770" lon="113.6068030">
    <ele>2384.8</ele>
   </trkpt>
   <trkpt lat="-7.9760580" lon="113.6067820">
    <ele>2385.1</ele>
   </trkpt>
   <trkpt lat="-7.9760600" lon="113.6067530">
    <ele>2385.4</ele>
   </trkpt>
   <trkpt lat="-7.9760470" lon="113.6067270">
    <ele>2385.8</ele>
   </trkpt>
   <trkpt lat="-7.9760380" lon="113.6067000">
    <ele>2386.2</ele>
   </trkpt>
   <trkpt lat="-7.9760280" lon="113.6066620">
    <ele>2386.5</ele>
   </trkpt>
   <trkpt lat="-7.9760250" lon="113.6066300">
    <ele>2386.6</ele>
   </trkpt>
   <trkpt lat="-7.9760150" lon="113.6066030">
    <ele>2386.7</ele>
   </trkpt>
   <trkpt lat="-7.9759980" lon="113.6065820">
    <ele>2387.1</ele>
   </trkpt>
   <trkpt lat="-7.9759770" lon="113.6065580">
    <ele>2387.7</ele>
   </trkpt>
   <trkpt lat="-7.9759530" lon="113.6065320">
    <ele>2388.3</ele>
   </trkpt>
   <trkpt lat="-7.9759470" lon="113.6065050">
    <ele>2388.8</ele>
   </trkpt>
   <trkpt lat="-7.9759270" lon="113.6064770">
    <ele>2389.6</ele>
   </trkpt>
   <trkpt lat="-7.9759020" lon="113.6064630">
    <ele>2390.2</ele>
   </trkpt>
   <trkpt lat="-7.9759000" lon="113.6064350">
    <ele>2390.8</ele>
   </trkpt>
   <trkpt lat="-7.9758920" lon="113.6064030">
    <ele>2391.5</ele>
   </trkpt>
   <trkpt lat="-7.9758820" lon="113.6063770">
    <ele>2392.0</ele>
   </trkpt>
   <trkpt lat="-7.9758580" lon="113.6063580">
    <ele>2392.3</ele>
   </trkpt>
   <trkpt lat="-7.9758480" lon="113.6063170">
    <ele>2392.6</ele>
   </trkpt>
   <trkpt lat="-7.9758480" lon="113.6062850">
    <ele>2392.8</ele>
   </trkpt>
   <trkpt lat="-7.9758400" lon="113.6062570">
    <ele>2393.0</ele>
   </trkpt>
   <trkpt lat="-7.9758270" lon="113.6062250">
    <ele>2393.2</ele>
   </trkpt>
   <trkpt lat="-7.9758030" lon="113.6061970">
    <ele>2393.4</ele>
   </trkpt>
   <trkpt lat="-7.9757800" lon="113.6061780">
    <ele>2393.6</ele>
   </trkpt>
   <trkpt lat="-7.9757600" lon="113.6061530">
    <ele>2393.8</ele>
   </trkpt>
   <trkpt lat="-7.9757600" lon="113.6061230">
    <ele>2393.9</ele>
   </trkpt>
   <trkpt lat="-7.9757350" lon="113.6060930">
    <ele>2394.0</ele>
   </trkpt>
   <trkpt lat="-7.9757180" lon="113.6060700">
    <ele>2394.0</ele>
   </trkpt>
   <trkpt lat="-7.9756970" lon="113.6060520">
    <ele>2394.0</ele>
   </trkpt>
   <trkpt lat="-7.9756970" lon="113.6060230">
    <ele>2394.1</ele>
   </trkpt>
   <trkpt lat="-7.9756950" lon="113.6059930">
    <ele>2394.0</ele>
   </trkpt>
   <trkpt lat="-7.9756970" lon="113.6059380">
    <ele>2394.0</ele>
   </trkpt>
   <trkpt lat="-7.9756830" lon="113.6059050">
    <ele>2393.9</ele>
   </trkpt>
   <trkpt lat="-7.9756650" lon="113.6058780">
    <ele>2393.8</ele>
   </trkpt>
   <trkpt lat="-7.9756480" lon="113.6058420">
    <ele>2393.7</ele>
   </trkpt>
   <trkpt lat="-7.9756300" lon="113.6058150">
    <ele>2393.9</ele>
   </trkpt>
   <trkpt lat="-7.9756070" lon="113.6057830">
    <ele>2394.0</ele>
   </trkpt>
   <trkpt lat="-7.9755830" lon="113.6057470">
    <ele>2394.2</ele>
   </trkpt>
   <trkpt lat="-7.9755580" lon="113.6057280">
    <ele>2394.3</ele>
   </trkpt>
   <trkpt lat="-7.9755750" lon="113.6056980">
    <ele>2394.5</ele>
   </trkpt>
   <trkpt lat="-7.9755580" lon="113.6056720">
    <ele>2394.8</ele>
   </trkpt>
   <trkpt lat="-7.9755450" lon="113.6056450">
    <ele>2395.0</ele>
   </trkpt>
   <trkpt lat="-7.9755280" lon="113.6056200">
    <ele>2395.1</ele>
   </trkpt>
   <trkpt lat="-7.9755170" lon="113.6055950">
    <ele>2395.2</ele>
   </trkpt>
   <trkpt lat="-7.9754970" lon="113.6055630">
    <ele>2395.3</ele>
   </trkpt>
   <trkpt lat="-7.9754850" lon="113.6055350">
    <ele>2395.4</ele>
   </trkpt>
   <trkpt lat="-7.9755000" lon="113.6055070">
    <ele>2395.5</ele>
   </trkpt>
   <trkpt lat="-7.9754770" lon="113.6054850">
    <ele>2395.5</ele>
   </trkpt>
   <trkpt lat="-7.9754550" lon="113.6054680">
    <ele>2395.5</ele>
   </trkpt>
   <trkpt lat="-7.9754430" lon="113.6054320">
    <ele>2395.6</ele>
   </trkpt>
   <trkpt lat="-7.9754200" lon="113.6054020">
    <ele>2395.7</ele>
   </trkpt>
   <trkpt lat="-7.9754030" lon="113.6053730">
    <ele>2395.8</ele>
   </trkpt>
   <trkpt lat="-7.9753870" lon="113.6053500">
    <ele>2395.8</ele>
   </trkpt>
   <trkpt lat="-7.9753580" lon="113.6053250">
    <ele>2395.9</ele>
   </trkpt>
   <trkpt lat="-7.9753550" lon="113.6052900">
    <ele>2395.9</ele>
   </trkpt>
   <trkpt lat="-7.9753420" lon="113.6052600">
    <ele>2395.9</ele>
   </trkpt>
   <trkpt lat="-7.9753300" lon="113.6052180">
    <ele>2395.9</ele>
   </trkpt>
   <trkpt lat="-7.9753050" lon="113.6051900">
    <ele>2395.9</ele>
   </trkpt>
   <trkpt lat="-7.9752880" lon="113.6051600">
    <ele>2395.9</ele>
   </trkpt>
   <trkpt lat="-7.9752680" lon="113.6051420">
    <ele>2396.0</ele>
   </trkpt>
   <trkpt lat="-7.9752570" lon="113.6051150">
    <ele>2396.1</ele>
   </trkpt>
   <trkpt lat="-7.9752450" lon="113.6050880">
    <ele>2396.3</ele>
   </trkpt>
   <trkpt lat="-7.9752250" lon="113.6050480">
    <ele>2396.6</ele>
   </trkpt>
   <trkpt lat="-7.9752080" lon="113.6050220">
    <ele>2396.8</ele>
   </trkpt>
   <trkpt lat="-7.9751870" lon="113.6049900">
    <ele>2397.1</ele>
   </trkpt>
   <trkpt lat="-7.9751700" lon="113.6049600">
    <ele>2397.4</ele>
   </trkpt>
   <trkpt lat="-7.9751450" lon="113.6049250">
    <ele>2398.2</ele>
   </trkpt>
   <trkpt lat="-7.9751330" lon="113.6049000">
    <ele>2398.8</ele>
   </trkpt>
   <trkpt lat="-7.9751150" lon="113.6048730">
    <ele>2399.4</ele>
   </trkpt>
   <trkpt lat="-7.9751020" lon="113.6048450">
    <ele>2400.1</ele>
   </trkpt>
   <trkpt lat="-7.9750780" lon="113.6048120">
    <ele>2400.9</ele>
   </trkpt>
   <trkpt lat="-7.9750630" lon="113.6047770">
    <ele>2401.6</ele>
   </trkpt>
   <trkpt lat="-7.9750500" lon="113.6047470">
    <ele>2402.1</ele>
   </trkpt>
   <trkpt lat="-7.9750350" lon="113.6047120">
    <ele>2402.7</ele>
   </trkpt>
   <trkpt lat="-7.9750230" lon="113.6046770">
    <ele>2403.1</ele>
   </trkpt>
   <trkpt lat="-7.9750050" lon="113.6046370">
    <ele>2403.5</ele>
   </trkpt>
   <trkpt lat="-7.9749780" lon="113.6046100">
    <ele>2403.7</ele>
   </trkpt>
   <trkpt lat="-7.9749600" lon="113.6045900">
    <ele>2403.9</ele>
   </trkpt>
   <trkpt lat="-7.9749420" lon="113.6045700">
    <ele>2404.0</ele>
   </trkpt>
   <trkpt lat="-7.9749200" lon="113.6045470">
    <ele>2404.3</ele>
   </trkpt>
   <trkpt lat="-7.9749070" lon="113.6045200">
    <ele>2404.6</ele>
   </trkpt>
   <trkpt lat="-7.9748870" lon="113.6045000">
    <ele>2404.9</ele>
   </trkpt>
   <trkpt lat="-7.9748700" lon="113.6044780">
    <ele>2405.2</ele>
   </trkpt>
   <trkpt lat="-7.9748480" lon="113.6044450">
    <ele>2405.7</ele>
   </trkpt>
   <trkpt lat="-7.9748320" lon="113.6044200">
    <ele>2406.0</ele>
   </trkpt>
   <trkpt lat="-7.9748180" lon="113.6043880">
    <ele>2406.6</ele>
   </trkpt>
   <trkpt lat="-7.9747950" lon="113.6043500">
    <ele>2407.3</ele>
   </trkpt>
   <trkpt lat="-7.9747950" lon="113.6043200">
    <ele>2407.7</ele>
   </trkpt>
   <trkpt lat="-7.9747720" lon="113.6043000">
    <ele>2407.9</ele>
   </trkpt>
   <trkpt lat="-7.9747620" lon="113.6042680">
    <ele>2408.2</ele>
   </trkpt>
   <trkpt lat="-7.9747400" lon="113.6042330">
    <ele>2408.6</ele>
   </trkpt>
   <trkpt lat="-7.9747220" lon="113.6042070">
    <ele>2408.9</ele>
   </trkpt>
   <trkpt lat="-7.9747070" lon="113.6041730">
    <ele>2409.4</ele>
   </trkpt>
   <trkpt lat="-7.9746780" lon="113.6041530">
    <ele>2409.8</ele>
   </trkpt>
   <trkpt lat="-7.9746730" lon="113.6041230">
    <ele>2410.1</ele>
   </trkpt>
   <trkpt lat="-7.9746530" lon="113.6041020">
    <ele>2410.5</ele>
   </trkpt>
   <trkpt lat="-7.9746320" lon="113.6040780">
    <ele>2410.8</ele>
   </trkpt>
   <trkpt lat="-7.9746050" lon="113.6040450">
    <ele>2411.3</ele>
   </trkpt>
   <trkpt lat="-7.9745850" lon="113.6040080">
    <ele>2411.7</ele>
   </trkpt>
   <trkpt lat="-7.9745670" lon="113.6039820">
    <ele>2411.9</ele>
   </trkpt>
   <trkpt lat="-7.9745430" lon="113.6039530">
    <ele>2412.2</ele>
   </trkpt>
   <trkpt lat="-7.9745280" lon="113.6039280">
    <ele>2412.6</ele>
   </trkpt>
   <trkpt lat="-7.9745170" lon="113.6039030">
    <ele>2412.9</ele>
   </trkpt>
   <trkpt lat="-7.9744930" lon="113.6038850">
    <ele>2413.3</ele>
   </trkpt>
   <trkpt lat="-7.9744850" lon="113.6038480">
    <ele>2413.8</ele>
   </trkpt>
   <trkpt lat="-7.9744720" lon="113.6038230">
    <ele>2414.1</ele>
   </trkpt>
   <trkpt lat="-7.9744500" lon="113.6038030">
    <ele>2414.5</ele>
   </trkpt>
   <trkpt lat="-7.9744370" lon="113.6037670">
    <ele>2414.8</ele>
   </trkpt>
   <trkpt lat="-7.9744220" lon="113.6037400">
    <ele>2415.1</ele>
   </trkpt>
   <trkpt lat="-7.9744070" lon="113.6037070">
    <ele>2415.4</ele>
   </trkpt>
   <trkpt lat="-7.9743970" lon="113.6036720">
    <ele>2415.6</ele>
   </trkpt>
   <trkpt lat="-7.9743830" lon="113.6036470">
    <ele>2415.9</ele>
   </trkpt>
   <trkpt lat="-7.9743570" lon="113.6036170">
    <ele>2416.1</ele>
   </trkpt>
   <trkpt lat="-7.9743330" lon="113.6035980">
    <ele>2416.2</ele>
   </trkpt>
   <trkpt lat="-7.9743230" lon="113.6035680">
    <ele>2416.3</ele>
   </trkpt>
   <trkpt lat="-7.9743000" lon="113.6035400">
    <ele>2416.4</ele>
   </trkpt>
   <trkpt lat="-7.9742820" lon="113.6035020">
    <ele>2416.5</ele>
   </trkpt>
   <trkpt lat="-7.9742620" lon="113.6034780">
    <ele>2416.6</ele>
   </trkpt>
   <trkpt lat="-7.9742400" lon="113.6034530">
    <ele>2416.7</ele>
   </trkpt>
   <trkpt lat="-7.9742420" lon="113.6034150">
    <ele>2416.8</ele>
   </trkpt>
   <trkpt lat="-7.9742300" lon="113.6033880">
    <ele>2416.8</ele>
   </trkpt>
   <trkpt lat="-7.9742070" lon="113.6033630">
    <ele>2416.7</ele>
   </trkpt>
   <trkpt lat="-7.9741900" lon="113.6033420">
    <ele>2416.7</ele>
   </trkpt>
   <trkpt lat="-7.9741680" lon="113.6033230">
    <ele>2416.6</ele>
   </trkpt>
   <trkpt lat="-7.9741570" lon="113.6032980">
    <ele>2416.6</ele>
   </trkpt>
   <trkpt lat="-7.9741430" lon="113.6032720">
    <ele>2416.6</ele>
   </trkpt>
   <trkpt lat="-7.9741230" lon="113.6032370">
    <ele>2416.6</ele>
   </trkpt>
   <trkpt lat="-7.9741020" lon="113.6032200">
    <ele>2416.7</ele>
   </trkpt>
   <trkpt lat="-7.9740920" lon="113.6031830">
    <ele>2416.8</ele>
   </trkpt>
   <trkpt lat="-7.9740770" lon="113.6031530">
    <ele>2417.0</ele>
   </trkpt>
   <trkpt lat="-7.9740650" lon="113.6031270">
    <ele>2417.1</ele>
   </trkpt>
   <trkpt lat="-7.9740520" lon="113.6030920">
    <ele>2417.3</ele>
   </trkpt>
   <trkpt lat="-7.9740450" lon="113.6030550">
    <ele>2417.6</ele>
   </trkpt>
   <trkpt lat="-7.9740280" lon="113.6030230">
    <ele>2417.9</ele>
   </trkpt>
   <trkpt lat="-7.9740050" lon="113.6030030">
    <ele>2418.1</ele>
   </trkpt>
   <trkpt lat="-7.9739880" lon="113.6029750">
    <ele>2418.3</ele>
   </trkpt>
   <trkpt lat="-7.9739680" lon="113.6029480">
    <ele>2418.5</ele>
   </trkpt>
   <trkpt lat="-7.9739570" lon="113.6029150">
    <ele>2418.6</ele>
   </trkpt>
   <trkpt lat="-7.9739270" lon="113.6028880">
    <ele>2418.8</ele>
   </trkpt>
   <trkpt lat="-7.9739120" lon="113.6028480">
    <ele>2419.1</ele>
   </trkpt>
   <trkpt lat="-7.9739070" lon="113.6028180">
    <ele>2419.2</ele>
   </trkpt>
   <trkpt lat="-7.9739030" lon="113.6027820">
    <ele>2419.4</ele>
   </trkpt>
   <trkpt lat="-7.9738870" lon="113.6027580">
    <ele>2419.6</ele>
   </trkpt>
   <trkpt lat="-7.9738670" lon="113.6027250">
    <ele>2419.8</ele>
   </trkpt>
   <trkpt lat="-7.9738480" lon="113.6026880">
    <ele>2420.0</ele>
   </trkpt>
   <trkpt lat="-7.9738180" lon="113.6026750">
    <ele>2420.3</ele>
   </trkpt>
   <trkpt lat="-7.9738070" lon="113.6026480">
    <ele>2420.7</ele>
   </trkpt>
   <trkpt lat="-7.9737900" lon="113.6026180">
    <ele>2421.1</ele>
   </trkpt>
   <trkpt lat="-7.9737820" lon="113.6025920">
    <ele>2421.5</ele>
   </trkpt>
   <trkpt lat="-7.9737600" lon="113.6025580">
    <ele>2422.1</ele>
   </trkpt>
   <trkpt lat="-7.9737430" lon="113.6025330">
    <ele>2422.6</ele>
   </trkpt>
   <trkpt lat="-7.9737330" lon="113.6025070">
    <ele>2423.2</ele>
   </trkpt>
   <trkpt lat="-7.9737150" lon="113.6024700">
    <ele>2424.0</ele>
   </trkpt>
   <trkpt lat="-7.9736920" lon="113.6024530">
    <ele>2424.6</ele>
   </trkpt>
   <trkpt lat="-7.9736820" lon="113.6024270">
    <ele>2425.2</ele>
   </trkpt>
   <trkpt lat="-7.9736680" lon="113.6023980">
    <ele>2425.9</ele>
   </trkpt>
   <trkpt lat="-7.9736550" lon="113.6023700">
    <ele>2426.5</ele>
   </trkpt>
   <trkpt lat="-7.9736630" lon="113.6023420">
    <ele>2426.9</ele>
   </trkpt>
   <trkpt lat="-7.9736420" lon="113.6023050">
    <ele>2427.4</ele>
   </trkpt>
   <trkpt lat="-7.9736230" lon="113.6022770">
    <ele>2427.8</ele>
   </trkpt>
   <trkpt lat="-7.9736180" lon="113.6022350">
    <ele>2428.5</ele>
   </trkpt>
   <trkpt lat="-7.9736020" lon="113.6022120">
    <ele>2429.1</ele>
   </trkpt>
   <trkpt lat="-7.9735920" lon="113.6021820">
    <ele>2429.6</ele>
   </trkpt>
   <trkpt lat="-7.9735680" lon="113.6021550">
    <ele>2430.3</ele>
   </trkpt>
   <trkpt lat="-7.9735730" lon="113.6021150">
    <ele>2431.0</ele>
   </trkpt>
   <trkpt lat="-7.9735680" lon="113.6020830">
    <ele>2431.5</ele>
   </trkpt>
   <trkpt lat="-7.9735400" lon="113.6020620">
    <ele>2432.0</ele>
   </trkpt>
   <trkpt lat="-7.9735120" lon="113.6020570">
    <ele>2432.4</ele>
   </trkpt>
   <trkpt lat="-7.9735200" lon="113.6020200">
    <ele>2432.9</ele>
   </trkpt>
   <trkpt lat="-7.9735100" lon="113.6019920">
    <ele>2433.2</ele>
   </trkpt>
   <trkpt lat="-7.9734970" lon="113.6019550">
    <ele>2433.7</ele>
   </trkpt>
   <trkpt lat="-7.9734770" lon="113.6019320">
    <ele>2434.0</ele>
   </trkpt>
   <trkpt lat="-7.9734520" lon="113.6019080">
    <ele>2434.3</ele>
   </trkpt>
   <trkpt lat="-7.9734230" lon="113.6018770">
    <ele>2434.8</ele>
   </trkpt>
   <trkpt lat="-7.9734180" lon="113.6018420">
    <ele>2435.2</ele>
   </trkpt>
   <trkpt lat="-7.9734030" lon="113.6018120">
    <ele>2435.6</ele>
   </trkpt>
   <trkpt lat="-7.9734000" lon="113.6017730">
    <ele>2436.0</ele>
   </trkpt>
   <trkpt lat="-7.9733880" lon="113.6017480">
    <ele>2436.3</ele>
   </trkpt>
   <trkpt lat="-7.9733700" lon="113.6017250">
    <ele>2436.7</ele>
   </trkpt>
   <trkpt lat="-7.9733500" lon="113.6017020">
    <ele>2437.0</ele>
   </trkpt>
   <trkpt lat="-7.9733480" lon="113.6016580">
    <ele>2437.4</ele>
   </trkpt>
   <trkpt lat="-7.9733320" lon="113.6016320">
    <ele>2437.8</ele>
   </trkpt>
   <trkpt lat="-7.9733180" lon="113.6016030">
    <ele>2438.1</ele>
   </trkpt>
   <trkpt lat="-7.9733130" lon="113.6015700">
    <ele>2438.5</ele>
   </trkpt>
   <trkpt lat="-7.9732930" lon="113.6015430">
    <ele>2438.8</ele>
   </trkpt>
   <trkpt lat="-7.9732780" lon="113.6015080">
    <ele>2439.0</ele>
   </trkpt>
   <trkpt lat="-7.9732720" lon="113.6014820">
    <ele>2439.1</ele>
   </trkpt>
   <trkpt lat="-7.9732550" lon="113.6014580">
    <ele>2439.2</ele>
   </trkpt>
   <trkpt lat="-7.9732400" lon="113.6014270">
    <ele>2439.2</ele>
   </trkpt>
   <trkpt lat="-7.9732200" lon="113.6013900">
    <ele>2439.2</ele>
   </trkpt>
   <trkpt lat="-7.9732130" lon="113.6013480">
    <ele>2439.3</ele>
   </trkpt>
   <trkpt lat="-7.9731950" lon="113.6013250">
    <ele>2439.3</ele>
   </trkpt>
   <trkpt lat="-7.9731780" lon="113.6013000">
    <ele>2439.3</ele>
   </trkpt>
   <trkpt lat="-7.9731620" lon="113.6012670">
    <ele>2439.3</ele>
   </trkpt>
   <trkpt lat="-7.9731520" lon="113.6012400">
    <ele>2439.4</ele>
   </trkpt>
   <trkpt lat="-7.9731330" lon="113.6012150">
    <ele>2439.7</ele>
   </trkpt>
   <trkpt lat="-7.9731150" lon="113.6011950">
    <ele>2440.0</ele>
   </trkpt>
   <trkpt lat="-7.9731070" lon="113.6011620">
    <ele>2440.3</ele>
   </trkpt>
   <trkpt lat="-7.9730900" lon="113.6011380">
    <ele>2440.6</ele>
   </trkpt>
   <trkpt lat="-7.9730920" lon="113.6011070">
    <ele>2440.9</ele>
   </trkpt>
   <trkpt lat="-7.9730830" lon="113.6010670">
    <ele>2441.2</ele>
   </trkpt>
   <trkpt lat="-7.9730620" lon="113.6010470">
    <ele>2441.3</ele>
   </trkpt>
   <trkpt lat="-7.9730450" lon="113.6010250">
    <ele>2441.5</ele>
   </trkpt>
   <trkpt lat="-7.9730320" lon="113.6009900">
    <ele>2441.9</ele>
   </trkpt>
   <trkpt lat="-7.9730220" lon="113.6009630">
    <ele>2442.3</ele>
   </trkpt>
   <trkpt lat="-7.9730030" lon="113.6009320">
    <ele>2442.8</ele>
   </trkpt>
   <trkpt lat="-7.9729920" lon="113.6008930">
    <ele>2443.1</ele>
   </trkpt>
   <trkpt lat="-7.9729770" lon="113.6008670">
    <ele>2443.4</ele>
   </trkpt>
   <trkpt lat="-7.9729530" lon="113.6008520">
    <ele>2443.6</ele>
   </trkpt>
   <trkpt lat="-7.9729350" lon="113.6008150">
    <ele>2443.8</ele>
   </trkpt>
   <trkpt lat="-7.9729300" lon="113.6007830">
    <ele>2443.9</ele>
   </trkpt>
   <trkpt lat="-7.9729180" lon="113.6007480">
    <ele>2444.1</ele>
   </trkpt>
   <trkpt lat="-7.9729180" lon="113.6007200">
    <ele>2444.3</ele>
   </trkpt>
   <trkpt lat="-7.9729120" lon="113.6006850">
    <ele>2444.5</ele>
   </trkpt>
   <trkpt lat="-7.9729070" lon="113.6006570">
    <ele>2444.5</ele>
   </trkpt>
   <trkpt lat="-7.9729100" lon="113.6006230">
    <ele>2444.6</ele>
   </trkpt>
   <trkpt lat="-7.9729250" lon="113.6005900">
    <ele>2444.7</ele>
   </trkpt>
   <trkpt lat="-7.9729350" lon="113.6005600">
    <ele>2444.9</ele>
   </trkpt>
   <trkpt lat="-7.9729500" lon="113.6005330">
    <ele>2445.2</ele>
   </trkpt>
   <trkpt lat="-7.9729620" lon="113.6004970">
    <ele>2445.4</ele>
   </trkpt>
   <trkpt lat="-7.9729620" lon="113.6004620">
    <ele>2445.6</ele>
   </trkpt>
   <trkpt lat="-7.9729700" lon="113.6004330">
    <ele>2445.8</ele>
   </trkpt>
   <trkpt lat="-7.9729720" lon="113.6004030">
    <ele>2446.0</ele>
   </trkpt>
   <trkpt lat="-7.9729550" lon="113.6003630">
    <ele>2446.3</ele>
   </trkpt>
   <trkpt lat="-7.9729700" lon="113.6003250">
    <ele>2446.9</ele>
   </trkpt>
   <trkpt lat="-7.9729880" lon="113.6002930">
    <ele>2447.6</ele>
   </trkpt>
   <trkpt lat="-7.9730000" lon="113.6002670">
    <ele>2448.0</ele>
   </trkpt>
   <trkpt lat="-7.9729870" lon="113.6002400">
    <ele>2448.4</ele>
   </trkpt>
   <trkpt lat="-7.9729950" lon="113.6002120">
    <ele>2448.8</ele>
   </trkpt>
   <trkpt lat="-7.9729930" lon="113.6001670">
    <ele>2449.5</ele>
   </trkpt>
   <trkpt lat="-7.9730080" lon="113.6001380">
    <ele>2450.1</ele>
   </trkpt>
   <trkpt lat="-7.9730050" lon="113.6001080">
    <ele>2450.6</ele>
   </trkpt>
   <trkpt lat="-7.9730120" lon="113.6000770">
    <ele>2451.1</ele>
   </trkpt>
   <trkpt lat="-7.9730120" lon="113.6000430">
    <ele>2451.6</ele>
   </trkpt>
   <trkpt lat="-7.9730420" lon="113.6000270">
    <ele>2451.7</ele>
   </trkpt>
   <trkpt lat="-7.9730600" lon="113.6000050">
    <ele>2451.7</ele>
   </trkpt>
   <trkpt lat="-7.9730600" lon="113.5999750">
    <ele>2451.7</ele>
   </trkpt>
   <trkpt lat="-7.9730870" lon="113.5999570">
    <ele>2452.0</ele>
   </trkpt>
   <trkpt lat="-7.9730930" lon="113.5999280">
    <ele>2452.4</ele>
   </trkpt>
   <trkpt lat="-7.9731000" lon="113.5998970">
    <ele>2452.7</ele>
   </trkpt>
   <trkpt lat="-7.9731250" lon="113.5998700">
    <ele>2452.9</ele>
   </trkpt>
   <trkpt lat="-7.9731250" lon="113.5998400">
    <ele>2453.2</ele>
   </trkpt>
   <trkpt lat="-7.9731120" lon="113.5998070">
    <ele>2453.5</ele>
   </trkpt>
   <trkpt lat="-7.9731130" lon="113.5997750">
    <ele>2454.0</ele>
   </trkpt>
   <trkpt lat="-7.9731070" lon="113.5997350">
    <ele>2454.5</ele>
   </trkpt>
   <trkpt lat="-7.9731070" lon="113.5997000">
    <ele>2454.8</ele>
   </trkpt>
   <trkpt lat="-7.9731100" lon="113.5996680">
    <ele>2455.1</ele>
   </trkpt>
   <trkpt lat="-7.9730870" lon="113.5996400">
    <ele>2455.3</ele>
   </trkpt>
   <trkpt lat="-7.9730870" lon="113.5996070">
    <ele>2455.4</ele>
   </trkpt>
   <trkpt lat="-7.9730770" lon="113.5995750">
    <ele>2455.6</ele>
   </trkpt>
   <trkpt lat="-7.9730900" lon="113.5995500">
    <ele>2455.9</ele>
   </trkpt>
   <trkpt lat="-7.9730950" lon="113.5995120">
    <ele>2456.2</ele>
   </trkpt>
   <trkpt lat="-7.9731170" lon="113.5994830">
    <ele>2456.4</ele>
   </trkpt>
   <trkpt lat="-7.9731450" lon="113.5994530">
    <ele>2456.9</ele>
   </trkpt>
   <trkpt lat="-7.9731600" lon="113.5994300">
    <ele>2457.2</ele>
   </trkpt>
   <trkpt lat="-7.9731730" lon="113.5993950">
    <ele>2457.5</ele>
   </trkpt>
   <trkpt lat="-7.9732000" lon="113.5993830">
    <ele>2457.7</ele>
   </trkpt>
   <trkpt lat="-7.9732270" lon="113.5993680">
    <ele>2457.9</ele>
   </trkpt>
   <trkpt lat="-7.9732530" lon="113.5993400">
    <ele>2458.1</ele>
   </trkpt>
   <trkpt lat="-7.9733020" lon="113.5993150">
    <ele>2458.6</ele>
   </trkpt>
   <trkpt lat="-7.9733190" lon="113.5992980">
    <ele>2458.9</ele>
   </trkpt>
   <trkpt lat="-7.9733360" lon="113.5992800">
    <ele>2459.2</ele>
   </trkpt>
   <trkpt lat="-7.9733530" lon="113.5992630">
    <ele>2459.4</ele>
   </trkpt>
   <trkpt lat="-7.9733700" lon="113.5992450">
    <ele>2459.5</ele>
   </trkpt>
   <trkpt lat="-7.9733980" lon="113.5992370">
    <ele>2459.6</ele>
   </trkpt>
   <trkpt lat="-7.9733950" lon="113.5991970">
    <ele>2460.0</ele>
   </trkpt>
   <trkpt lat="-7.9733780" lon="113.5991750">
    <ele>2460.3</ele>
   </trkpt>
   <trkpt lat="-7.9733770" lon="113.5991470">
    <ele>2460.6</ele>
   </trkpt>
   <trkpt lat="-7.9733730" lon="113.5991170">
    <ele>2460.8</ele>
   </trkpt>
   <trkpt lat="-7.9733850" lon="113.5990920">
    <ele>2461.1</ele>
   </trkpt>
   <trkpt lat="-7.9734050" lon="113.5990670">
    <ele>2461.4</ele>
   </trkpt>
   <trkpt lat="-7.9734180" lon="113.5990350">
    <ele>2461.7</ele>
   </trkpt>
   <trkpt lat="-7.9734320" lon="113.5990080">
    <ele>2462.0</ele>
   </trkpt>
   <trkpt lat="-7.9734450" lon="113.5989770">
    <ele>2462.4</ele>
   </trkpt>
   <trkpt lat="-7.9734570" lon="113.5989430">
    <ele>2462.9</ele>
   </trkpt>
   <trkpt lat="-7.9734800" lon="113.5989120">
    <ele>2463.5</ele>
   </trkpt>
   <trkpt lat="-7.9735000" lon="113.5988750">
    <ele>2464.1</ele>
   </trkpt>
   <trkpt lat="-7.9735050" lon="113.5988420">
    <ele>2464.3</ele>
   </trkpt>
   <trkpt lat="-7.9735200" lon="113.5988120">
    <ele>2464.6</ele>
   </trkpt>
   <trkpt lat="-7.9735280" lon="113.5987730">
    <ele>2464.8</ele>
   </trkpt>
   <trkpt lat="-7.9735320" lon="113.5987400">
    <ele>2464.9</ele>
   </trkpt>
   <trkpt lat="-7.9735450" lon="113.5987120">
    <ele>2465.0</ele>
   </trkpt>
   <trkpt lat="-7.9735630" lon="113.5986770">
    <ele>2465.1</ele>
   </trkpt>
   <trkpt lat="-7.9736000" lon="113.5986530">
    <ele>2465.2</ele>
   </trkpt>
   <trkpt lat="-7.9736070" lon="113.5986170">
    <ele>2465.4</ele>
   </trkpt>
   <trkpt lat="-7.9736170" lon="113.5985880">
    <ele>2465.7</ele>
   </trkpt>
   <trkpt lat="-7.9736000" lon="113.5985650">
    <ele>2466.0</ele>
   </trkpt>
   <trkpt lat="-7.9735880" lon="113.5985400">
    <ele>2466.3</ele>
   </trkpt>
   <trkpt lat="-7.9735780" lon="113.5985080">
    <ele>2466.6</ele>
   </trkpt>
   <trkpt lat="-7.9735720" lon="113.5984670">
    <ele>2466.9</ele>
   </trkpt>
   <trkpt lat="-7.9735770" lon="113.5984270">
    <ele>2467.2</ele>
   </trkpt>
   <trkpt lat="-7.9735900" lon="113.5984000">
    <ele>2467.5</ele>
   </trkpt>
   <trkpt lat="-7.9735980" lon="113.5983620">
    <ele>2467.7</ele>
   </trkpt>
   <trkpt lat="-7.9736100" lon="113.5983250">
    <ele>2467.6</ele>
   </trkpt>
   <trkpt lat="-7.9736130" lon="113.5982970">
    <ele>2467.6</ele>
   </trkpt>
   <trkpt lat="-7.9736080" lon="113.5982670">
    <ele>2467.5</ele>
   </trkpt>
   <trkpt lat="-7.9736220" lon="113.5982350">
    <ele>2467.7</ele>
   </trkpt>
   <trkpt lat="-7.9736280" lon="113.5982050">
    <ele>2467.8</ele>
   </trkpt>
   <trkpt lat="-7.9736450" lon="113.5981750">
    <ele>2468.0</ele>
   </trkpt>
   <trkpt lat="-7.9736500" lon="113.5981470">
    <ele>2468.2</ele>
   </trkpt>
   <trkpt lat="-7.9736500" lon="113.5981100">
    <ele>2468.5</ele>
   </trkpt>
   <trkpt lat="-7.9736600" lon="113.5980680">
    <ele>2468.3</ele>
   </trkpt>
   <trkpt lat="-7.9736670" lon="113.5980400">
    <ele>2468.1</ele>
   </trkpt>
   <trkpt lat="-7.9736770" lon="113.5980100">
    <ele>2468.0</ele>
   </trkpt>
   <trkpt lat="-7.9736850" lon="113.5979770">
    <ele>2468.3</ele>
   </trkpt>
   <trkpt lat="-7.9736930" lon="113.5979430">
    <ele>2468.7</ele>
   </trkpt>
   <trkpt lat="-7.9736930" lon="113.5979080">
    <ele>2468.4</ele>
   </trkpt>
   <trkpt lat="-7.9736820" lon="113.5978750">
    <ele>2467.8</ele>
   </trkpt>
   <trkpt lat="-7.9736850" lon="113.5978330">
    <ele>2467.3</ele>
   </trkpt>
   <trkpt lat="-7.9736870" lon="113.5977980">
    <ele>2467.2</ele>
   </trkpt>
   <trkpt lat="-7.9736930" lon="113.5977720">
    <ele>2467.1</ele>
   </trkpt>
   <trkpt lat="-7.9736920" lon="113.5977420">
    <ele>2466.4</ele>
   </trkpt>
   <trkpt lat="-7.9737180" lon="113.5977080">
    <ele>2465.2</ele>
   </trkpt>
   <trkpt lat="-7.9737070" lon="113.5976720">
    <ele>2464.6</ele>
   </trkpt>
   <trkpt lat="-7.9736950" lon="113.5976380">
    <ele>2464.2</ele>
   </trkpt>
   <trkpt lat="-7.9736950" lon="113.5976080">
    <ele>2463.8</ele>
   </trkpt>
   <trkpt lat="-7.9737030" lon="113.5975750">
    <ele>2463.4</ele>
   </trkpt>
   <trkpt lat="-7.9737200" lon="113.5975420">
    <ele>2463.0</ele>
   </trkpt>
   <trkpt lat="-7.9737280" lon="113.5975030">
    <ele>2462.5</ele>
   </trkpt>
   <trkpt lat="-7.9737220" lon="113.5974730">
    <ele>2462.2</ele>
   </trkpt>
   <trkpt lat="-7.9737370" lon="113.5974400">
    <ele>2461.7</ele>
   </trkpt>
   <trkpt lat="-7.9737330" lon="113.5974070">
    <ele>2461.4</ele>
   </trkpt>
   <trkpt lat="-7.9737300" lon="113.5973720">
    <ele>2460.9</ele>
   </trkpt>
   <trkpt lat="-7.9737520" lon="113.5973380">
    <ele>2460.7</ele>
   </trkpt>
   <trkpt lat="-7.9737650" lon="113.5973130">
    <ele>2460.7</ele>
   </trkpt>
   <trkpt lat="-7.9737770" lon="113.5972870">
    <ele>2460.6</ele>
   </trkpt>
   <trkpt lat="-7.9737820" lon="113.5972530">
    <ele>2460.6</ele>
   </trkpt>
   <trkpt lat="-7.9737980" lon="113.5972200">
    <ele>2460.6</ele>
   </trkpt>
   <trkpt lat="-7.9738200" lon="113.5971930">
    <ele>2460.2</ele>
   </trkpt>
   <trkpt lat="-7.9738500" lon="113.5971780">
    <ele>2459.5</ele>
   </trkpt>
   <trkpt lat="-7.9738800" lon="113.5971570">
    <ele>2458.6</ele>
   </trkpt>
   <trkpt lat="-7.9739150" lon="113.5971350">
    <ele>2458.6</ele>
   </trkpt>
   <trkpt lat="-7.9739430" lon="113.5971200">
    <ele>2458.7</ele>
   </trkpt>
   <trkpt lat="-7.9739530" lon="113.5970820">
    <ele>2458.8</ele>
   </trkpt>
   <trkpt lat="-7.9739720" lon="113.5970600">
    <ele>2458.9</ele>
   </trkpt>
   <trkpt lat="-7.9739930" lon="113.5970420">
    <ele>2459.0</ele>
   </trkpt>
   <trkpt lat="-7.9739980" lon="113.5970130">
    <ele>2458.9</ele>
   </trkpt>
   <trkpt lat="-7.9740000" lon="113.5969800">
    <ele>2458.9</ele>
   </trkpt>
   <trkpt lat="-7.9740200" lon="113.5969520">
    <ele>2459.4</ele>
   </trkpt>
   <trkpt lat="-7.9740320" lon="113.5969270">
    <ele>2459.9</ele>
   </trkpt>
   <trkpt lat="-7.9740530" lon="113.5969080">
    <ele>2460.3</ele>
   </trkpt>
   <trkpt lat="-7.9740930" lon="113.5969030">
    <ele>2461.0</ele>
   </trkpt>
   <trkpt lat="-7.9741250" lon="113.5968850">
    <ele>2462.0</ele>
   </trkpt>
   <trkpt lat="-7.9741350" lon="113.5968570">
    <ele>2463.0</ele>
   </trkpt>
   <trkpt lat="-7.9741380" lon="113.5968250">
    <ele>2464.0</ele>
   </trkpt>
   <trkpt lat="-7.9741370" lon="113.5967930">
    <ele>2464.6</ele>
   </trkpt>
   <trkpt lat="-7.9741380" lon="113.5967630">
    <ele>2465.1</ele>
   </trkpt>
   <trkpt lat="-7.9741250" lon="113.5967350">
    <ele>2466.0</ele>
   </trkpt>
   <trkpt lat="-7.9741330" lon="113.5967030">
    <ele>2467.2</ele>
   </trkpt>
   <trkpt lat="-7.9741500" lon="113.5966780">
    <ele>2468.0</ele>
   </trkpt>
   <trkpt lat="-7.9741570" lon="113.5966420">
    <ele>2468.7</ele>
   </trkpt>
   <trkpt lat="-7.9741380" lon="113.5966200">
    <ele>2469.3</ele>
   </trkpt>
   <trkpt lat="-7.9741400" lon="113.5965850">
    <ele>2470.4</ele>
   </trkpt>
   <trkpt lat="-7.9741550" lon="113.5965550">
    <ele>2471.4</ele>
   </trkpt>
   <trkpt lat="-7.9741770" lon="113.5965320">
    <ele>2471.9</ele>
   </trkpt>
   <trkpt lat="-7.9741930" lon="113.5965080">
    <ele>2472.3</ele>
   </trkpt>
   <trkpt lat="-7.9742070" lon="113.5964830">
    <ele>2473.0</ele>
   </trkpt>
   <trkpt lat="-7.9742300" lon="113.5964630">
    <ele>2473.7</ele>
   </trkpt>
   <trkpt lat="-7.9742450" lon="113.5964370">
    <ele>2474.3</ele>
   </trkpt>
   <trkpt lat="-7.9742700" lon="113.5964120">
    <ele>2474.4</ele>
   </trkpt>
   <trkpt lat="-7.9742950" lon="113.5963770">
    <ele>2474.4</ele>
   </trkpt>
   <trkpt lat="-7.9743100" lon="113.5963500">
    <ele>2474.3</ele>
   </trkpt>
   <trkpt lat="-7.9743430" lon="113.5963250">
    <ele>2474.3</ele>
   </trkpt>
   <trkpt lat="-7.9743380" lon="113.5962930">
    <ele>2474.3</ele>
   </trkpt>
   <trkpt lat="-7.9743650" lon="113.5962870">
    <ele>2474.7</ele>
   </trkpt>
   <trkpt lat="-7.9743830" lon="113.5962620">
    <ele>2475.1</ele>
   </trkpt>
   <trkpt lat="-7.9744120" lon="113.5962480">
    <ele>2475.5</ele>
   </trkpt>
   <trkpt lat="-7.9744330" lon="113.5962320">
    <ele>2475.6</ele>
   </trkpt>
   <trkpt lat="-7.9744600" lon="113.5962070">
    <ele>2475.8</ele>
   </trkpt>
   <trkpt lat="-7.9744950" lon="113.5962170">
    <ele>2475.9</ele>
   </trkpt>
   <trkpt lat="-7.9745220" lon="113.5961980">
    <ele>2476.0</ele>
   </trkpt>
   <trkpt lat="-7.9745370" lon="113.5961730">
    <ele>2476.1</ele>
   </trkpt>
   <trkpt lat="-7.9745680" lon="113.5961470">
    <ele>2475.7</ele>
   </trkpt>
   <trkpt lat="-7.9745830" lon="113.5961230">
    <ele>2475.4</ele>
   </trkpt>
   <trkpt lat="-7.9746050" lon="113.5960950">
    <ele>2475.1</ele>
   </trkpt>
   <trkpt lat="-7.9746320" lon="113.5960750">
    <ele>2474.9</ele>
   </trkpt>
   <trkpt lat="-7.9746450" lon="113.5960500">
    <ele>2474.7</ele>
   </trkpt>
   <trkpt lat="-7.9746630" lon="113.5960300">
    <ele>2474.4</ele>
   </trkpt>
   <trkpt lat="-7.9746970" lon="113.5960220">
    <ele>2474.0</ele>
   </trkpt>
   <trkpt lat="-7.9747250" lon="113.5960170">
    <ele>2473.8</ele>
   </trkpt>
   <trkpt lat="-7.9747650" lon="113.5959970">
    <ele>2473.7</ele>
   </trkpt>
   <trkpt lat="-7.9747850" lon="113.5959580">
    <ele>2473.8</ele>
   </trkpt>
   <trkpt lat="-7.9748250" lon="113.5959500">
    <ele>2474.1</ele>
   </trkpt>
   <trkpt lat="-7.9748480" lon="113.5959230">
    <ele>2474.4</ele>
   </trkpt>
   <trkpt lat="-7.9748670" lon="113.5958880">
    <ele>2474.8</ele>
   </trkpt>
   <trkpt lat="-7.9748800" lon="113.5958570">
    <ele>2475.0</ele>
   </trkpt>
   <trkpt lat="-7.9749120" lon="113.5958470">
    <ele>2475.3</ele>
   </trkpt>
   <trkpt lat="-7.9749430" lon="113.5958300">
    <ele>2475.7</ele>
   </trkpt>
   <trkpt lat="-7.9749600" lon="113.5957980">
    <ele>2476.0</ele>
   </trkpt>
   <trkpt lat="-7.9749830" lon="113.5957800">
    <ele>2476.2</ele>
   </trkpt>
   <trkpt lat="-7.9750080" lon="113.5957670">
    <ele>2476.4</ele>
   </trkpt>
   <trkpt lat="-7.9750280" lon="113.5957400">
    <ele>2476.8</ele>
   </trkpt>
   <trkpt lat="-7.9750470" lon="113.5957070">
    <ele>2477.4</ele>
   </trkpt>
   <trkpt lat="-7.9750780" lon="113.5956950">
    <ele>2477.8</ele>
   </trkpt>
   <trkpt lat="-7.9751120" lon="113.5956620">
    <ele>2477.9</ele>
   </trkpt>
   <trkpt lat="-7.9751580" lon="113.5956370">
    <ele>2478.1</ele>
   </trkpt>
   <trkpt lat="-7.9751870" lon="113.5956080">
    <ele>2478.4</ele>
   </trkpt>
   <trkpt lat="-7.9752120" lon="113.5955830">
    <ele>2478.6</ele>
   </trkpt>
   <trkpt lat="-7.9752450" lon="113.5955800">
    <ele>2478.7</ele>
   </trkpt>
   <trkpt lat="-7.9752700" lon="113.5955630">
    <ele>2478.6</ele>
   </trkpt>
   <trkpt lat="-7.9753050" lon="113.5955550">
    <ele>2478.6</ele>
   </trkpt>
   <trkpt lat="-7.9753370" lon="113.5955400">
    <ele>2478.7</ele>
   </trkpt>
   <trkpt lat="-7.9753720" lon="113.5955300">
    <ele>2478.8</ele>
   </trkpt>
   <trkpt lat="-7.9754000" lon="113.5954970">
    <ele>2478.9</ele>
   </trkpt>
   <trkpt lat="-7.9754270" lon="113.5954880">
    <ele>2478.9</ele>
   </trkpt>
   <trkpt lat="-7.9754500" lon="113.5954730">
    <ele>2478.8</ele>
   </trkpt>
   <trkpt lat="-7.9754630" lon="113.5954420">
    <ele>2478.9</ele>
   </trkpt>
   <trkpt lat="-7.9754780" lon="113.5954120">
    <ele>2479.1</ele>
   </trkpt>
   <trkpt lat="-7.9755000" lon="113.5953830">
    <ele>2479.3</ele>
   </trkpt>
   <trkpt lat="-7.9755180" lon="113.5953520">
    <ele>2479.5</ele>
   </trkpt>
   <trkpt lat="-7.9755550" lon="113.5953300">
    <ele>2479.7</ele>
   </trkpt>
   <trkpt lat="-7.9755850" lon="113.5953300">
    <ele>2479.9</ele>
   </trkpt>
   <trkpt lat="-7.9756170" lon="113.5953280">
    <ele>2480.0</ele>
   </trkpt>
   <trkpt lat="-7.9756470" lon="113.5953070">
    <ele>2479.8</ele>
   </trkpt>
   <trkpt lat="-7.9756630" lon="113.5952820">
    <ele>2479.5</ele>
   </trkpt>
   <trkpt lat="-7.9756800" lon="113.5952500">
    <ele>2479.8</ele>
   </trkpt>
   <trkpt lat="-7.9756950" lon="113.5952270">
    <ele>2480.2</ele>
   </trkpt>
   <trkpt lat="-7.9757150" lon="113.5951980">
    <ele>2480.5</ele>
   </trkpt>
   <trkpt lat="-7.9757270" lon="113.5951700">
    <ele>2480.6</ele>
   </trkpt>
   <trkpt lat="-7.9757320" lon="113.5951350">
    <ele>2481.2</ele>
   </trkpt>
   <trkpt lat="-7.9757280" lon="113.5950930">
    <ele>2482.1</ele>
   </trkpt>
   <trkpt lat="-7.9757570" lon="113.5950700">
    <ele>2482.3</ele>
   </trkpt>
   <trkpt lat="-7.9757850" lon="113.5950580">
    <ele>2482.5</ele>
   </trkpt>
   <trkpt lat="-7.9758100" lon="113.5950370">
    <ele>2482.7</ele>
   </trkpt>
   <trkpt lat="-7.9757870" lon="113.5950120">
    <ele>2483.2</ele>
   </trkpt>
   <trkpt lat="-7.9758200" lon="113.5949980">
    <ele>2483.7</ele>
   </trkpt>
   <trkpt lat="-7.9758430" lon="113.5949780">
    <ele>2484.0</ele>
   </trkpt>
   <trkpt lat="-7.9758330" lon="113.5949330">
    <ele>2484.5</ele>
   </trkpt>
   <trkpt lat="-7.9758370" lon="113.5949030">
    <ele>2484.7</ele>
   </trkpt>
   <trkpt lat="-7.9758480" lon="113.5948780">
    <ele>2484.8</ele>
   </trkpt>
   <trkpt lat="-7.9758800" lon="113.5948630">
    <ele>2484.8</ele>
   </trkpt>
   <trkpt lat="-7.9758980" lon="113.5948370">
    <ele>2484.9</ele>
   </trkpt>
   <trkpt lat="-7.9759270" lon="113.5948120">
    <ele>2485.1</ele>
   </trkpt>
   <trkpt lat="-7.9759520" lon="113.5947950">
    <ele>2485.2</ele>
   </trkpt>
   <trkpt lat="-7.9759650" lon="113.5947700">
    <ele>2485.4</ele>
   </trkpt>
   <trkpt lat="-7.9759730" lon="113.5947400">
    <ele>2485.7</ele>
   </trkpt>
   <trkpt lat="-7.9759600" lon="113.5947130">
    <ele>2485.9</ele>
   </trkpt>
   <trkpt lat="-7.9759620" lon="113.5946820">
    <ele>2486.0</ele>
   </trkpt>
   <trkpt lat="-7.9759520" lon="113.5946500">
    <ele>2486.1</ele>
   </trkpt>
   <trkpt lat="-7.9759720" lon="113.5946130">
    <ele>2486.3</ele>
   </trkpt>
   <trkpt lat="-7.9759850" lon="113.5945870">
    <ele>2486.4</ele>
   </trkpt>
   <trkpt lat="-7.9759920" lon="113.5945550">
    <ele>2486.6</ele>
   </trkpt>
   <trkpt lat="-7.9760130" lon="113.5945380">
    <ele>2486.8</ele>
   </trkpt>
   <trkpt lat="-7.9760030" lon="113.5944930">
    <ele>2487.1</ele>
   </trkpt>
   <trkpt lat="-7.9759950" lon="113.5944600">
    <ele>2487.4</ele>
   </trkpt>
   <trkpt lat="-7.9759830" lon="113.5944270">
    <ele>2487.8</ele>
   </trkpt>
   <trkpt lat="-7.9759980" lon="113.5943930">
    <ele>2488.2</ele>
   </trkpt>
   <trkpt lat="-7.9760030" lon="113.5943630">
    <ele>2488.5</ele>
   </trkpt>
   <trkpt lat="-7.9760080" lon="113.5943320">
    <ele>2488.9</ele>
   </trkpt>
   <trkpt lat="-7.9760180" lon="113.5942980">
    <ele>2489.3</ele>
   </trkpt>
   <trkpt lat="-7.9760330" lon="113.5942700">
    <ele>2489.6</ele>
   </trkpt>
   <trkpt lat="-7.9760500" lon="113.5942400">
    <ele>2490.0</ele>
   </trkpt>
   <trkpt lat="-7.9760470" lon="113.5942080">
    <ele>2490.4</ele>
   </trkpt>
   <trkpt lat="-7.9760650" lon="113.5941830">
    <ele>2490.8</ele>
   </trkpt>
   <trkpt lat="-7.9760800" lon="113.5941580">
    <ele>2491.2</ele>
   </trkpt>
   <trkpt lat="-7.9760870" lon="113.5941280">
    <ele>2491.7</ele>
   </trkpt>
   <trkpt lat="-7.9761080" lon="113.5941120">
    <ele>2491.9</ele>
   </trkpt>
   <trkpt lat="-7.9761370" lon="113.5940750">
    <ele>2492.4</ele>
   </trkpt>
   <trkpt lat="-7.9761500" lon="113.5940480">
    <ele>2492.9</ele>
   </trkpt>
   <trkpt lat="-7.9761480" lon="113.5940150">
    <ele>2493.5</ele>
   </trkpt>
   <trkpt lat="-7.9761480" lon="113.5939820">
    <ele>2494.0</ele>
   </trkpt>
   <trkpt lat="-7.9761420" lon="113.5939550">
    <ele>2494.2</ele>
   </trkpt>
   <trkpt lat="-7.9761270" lon="113.5939220">
    <ele>2494.5</ele>
   </trkpt>
   <trkpt lat="-7.9761120" lon="113.5938920">
    <ele>2495.0</ele>
   </trkpt>
   <trkpt lat="-7.9761170" lon="113.5938530">
    <ele>2495.6</ele>
   </trkpt>
   <trkpt lat="-7.9761150" lon="113.5938230">
    <ele>2496.1</ele>
   </trkpt>
   <trkpt lat="-7.9761050" lon="113.5937930">
    <ele>2496.6</ele>
   </trkpt>
   <trkpt lat="-7.9761000" lon="113.5937630">
    <ele>2497.1</ele>
   </trkpt>
   <trkpt lat="-7.9760900" lon="113.5937320">
    <ele>2497.6</ele>
   </trkpt>
   <trkpt lat="-7.9760720" lon="113.5937070">
    <ele>2498.1</ele>
   </trkpt>
   <trkpt lat="-7.9760630" lon="113.5936800">
    <ele>2498.6</ele>
   </trkpt>
   <trkpt lat="-7.9760570" lon="113.5936520">
    <ele>2498.8</ele>
   </trkpt>
   <trkpt lat="-7.9760650" lon="113.5936200">
    <ele>2499.2</ele>
   </trkpt>
   <trkpt lat="-7.9760550" lon="113.5935850">
    <ele>2499.6</ele>
   </trkpt>
   <trkpt lat="-7.9760450" lon="113.5935530">
    <ele>2500.0</ele>
   </trkpt>
   <trkpt lat="-7.9760380" lon="113.5935170">
    <ele>2501.0</ele>
   </trkpt>
   <trkpt lat="-7.9760580" lon="113.5934750">
    <ele>2502.0</ele>
   </trkpt>
   <trkpt lat="-7.9760680" lon="113.5934380">
    <ele>2502.5</ele>
   </trkpt>
   <trkpt lat="-7.9760380" lon="113.5934230">
    <ele>2502.9</ele>
   </trkpt>
   <trkpt lat="-7.9760300" lon="113.5933870">
    <ele>2503.3</ele>
   </trkpt>
   <trkpt lat="-7.9760370" lon="113.5933530">
    <ele>2503.7</ele>
   </trkpt>
   <trkpt lat="-7.9760280" lon="113.5933230">
    <ele>2504.0</ele>
   </trkpt>
   <trkpt lat="-7.9760170" lon="113.5932980">
    <ele>2504.2</ele>
   </trkpt>
   <trkpt lat="-7.9760330" lon="113.5932630">
    <ele>2504.6</ele>
   </trkpt>
   <trkpt lat="-7.9760130" lon="113.5932350">
    <ele>2504.3</ele>
   </trkpt>
   <trkpt lat="-7.9759970" lon="113.5932100">
    <ele>2504.0</ele>
   </trkpt>
   <trkpt lat="-7.9759950" lon="113.5931820">
    <ele>2504.0</ele>
   </trkpt>
   <trkpt lat="-7.9760130" lon="113.5931550">
    <ele>2504.7</ele>
   </trkpt>
   <trkpt lat="-7.9760200" lon="113.5931170">
    <ele>2505.6</ele>
   </trkpt>
   <trkpt lat="-7.9760080" lon="113.5930870">
    <ele>2506.2</ele>
   </trkpt>
   <trkpt lat="-7.9759900" lon="113.5930550">
    <ele>2506.9</ele>
   </trkpt>
   <trkpt lat="-7.9759950" lon="113.5930270">
    <ele>2507.3</ele>
   </trkpt>
   <trkpt lat="-7.9760030" lon="113.5929900">
    <ele>2507.5</ele>
   </trkpt>
   <trkpt lat="-7.9759780" lon="113.5929650">
    <ele>2507.7</ele>
   </trkpt>
   <trkpt lat="-7.9759680" lon="113.5929330">
    <ele>2508.2</ele>
   </trkpt>
   <trkpt lat="-7.9759650" lon="113.5929020">
    <ele>2508.6</ele>
   </trkpt>
   <trkpt lat="-7.9759470" lon="113.5928770">
    <ele>2508.7</ele>
   </trkpt>
   <trkpt lat="-7.9759380" lon="113.5928450">
    <ele>2508.8</ele>
   </trkpt>
   <trkpt lat="-7.9759130" lon="113.5928120">
    <ele>2508.8</ele>
   </trkpt>
   <trkpt lat="-7.9758880" lon="113.5927970">
    <ele>2508.8</ele>
   </trkpt>
   <trkpt lat="-7.9758800" lon="113.5927570">
    <ele>2508.6</ele>
   </trkpt>
   <trkpt lat="-7.9758630" lon="113.5927270">
    <ele>2508.2</ele>
   </trkpt>
   <trkpt lat="-7.9758300" lon="113.5927150">
    <ele>2507.9</ele>
   </trkpt>
   <trkpt lat="-7.9757980" lon="113.5927050">
    <ele>2506.8</ele>
   </trkpt>
   <trkpt lat="-7.9757680" lon="113.5926920">
    <ele>2505.7</ele>
   </trkpt>
   <trkpt lat="-7.9757480" lon="113.5926700">
    <ele>2504.6</ele>
   </trkpt>
   <trkpt lat="-7.9757150" lon="113.5926600">
    <ele>2504.6</ele>
   </trkpt>
   <trkpt lat="-7.9756850" lon="113.5926530">
    <ele>2504.6</ele>
   </trkpt>
   <trkpt lat="-7.9756550" lon="113.5926680">
    <ele>2504.6</ele>
   </trkpt>
   <trkpt lat="-7.9756220" lon="113.5926650">
    <ele>2504.6</ele>
   </trkpt>
   <trkpt lat="-7.9755930" lon="113.5926650">
    <ele>2504.5</ele>
   </trkpt>
   <trkpt lat="-7.9755650" lon="113.5926680">
    <ele>2504.5</ele>
   </trkpt>
   <trkpt lat="-7.9755220" lon="113.5926750">
    <ele>2504.5</ele>
   </trkpt>
   <trkpt lat="-7.9754920" lon="113.5926700">
    <ele>2504.5</ele>
   </trkpt>
   <trkpt lat="-7.9754650" lon="113.5926580">
    <ele>2504.5</ele>
   </trkpt>
   <trkpt lat="-7.9754320" lon="113.5926480">
    <ele>2504.4</ele>
   </trkpt>
   <trkpt lat="-7.9754130" lon="113.5926070">
    <ele>2503.4</ele>
   </trkpt>
   <trkpt lat="-7.9753850" lon="113.5925870">
    <ele>2502.6</ele>
   </trkpt>
   <trkpt lat="-7.9753480" lon="113.5925780">
    <ele>2501.8</ele>
   </trkpt>
   <trkpt lat="-7.9753170" lon="113.5925770">
    <ele>2501.1</ele>
   </trkpt>
   <trkpt lat="-7.9752900" lon="113.5925870">
    <ele>2500.5</ele>
   </trkpt>
   <trkpt lat="-7.9752550" lon="113.5925830">
    <ele>2499.9</ele>
   </trkpt>
   <trkpt lat="-7.9752250" lon="113.5925670">
    <ele>2499.2</ele>
   </trkpt>
   <trkpt lat="-7.9752200" lon="113.5925300">
    <ele>2498.5</ele>
   </trkpt>
   <trkpt lat="-7.9751970" lon="113.5925120">
    <ele>2497.9</ele>
   </trkpt>
   <trkpt lat="-7.9751700" lon="113.5925030">
    <ele>2496.7</ele>
   </trkpt>
   <trkpt lat="-7.9751450" lon="113.5924900">
    <ele>2495.6</ele>
   </trkpt>
   <trkpt lat="-7.9751280" lon="113.5924650">
    <ele>2494.5</ele>
   </trkpt>
   <trkpt lat="-7.9750670" lon="113.5924530">
    <ele>2492.8</ele>
   </trkpt>
   <trkpt lat="-7.9750370" lon="113.5924370">
    <ele>2491.8</ele>
   </trkpt>
   <trkpt lat="-7.9750180" lon="113.5924130">
    <ele>2490.9</ele>
   </trkpt>
   <trkpt lat="-7.9749870" lon="113.5923880">
    <ele>2489.7</ele>
   </trkpt>
   <trkpt lat="-7.9749580" lon="113.5923700">
    <ele>2488.6</ele>
   </trkpt>
   <trkpt lat="-7.9749320" lon="113.5923450">
    <ele>2487.4</ele>
   </trkpt>
   <trkpt lat="-7.9749020" lon="113.5923280">
    <ele>2486.1</ele>
   </trkpt>
   <trkpt lat="-7.9748720" lon="113.5923200">
    <ele>2484.9</ele>
   </trkpt>
   <trkpt lat="-7.9748570" lon="113.5922920">
    <ele>2483.5</ele>
   </trkpt>
   <trkpt lat="-7.9748230" lon="113.5922880">
    <ele>2482.0</ele>
   </trkpt>
   <trkpt lat="-7.9748020" lon="113.5922620">
    <ele>2481.8</ele>
   </trkpt>
   <trkpt lat="-7.9747730" lon="113.5922380">
    <ele>2481.7</ele>
   </trkpt>
   <trkpt lat="-7.9747480" lon="113.5922180">
    <ele>2481.6</ele>
   </trkpt>
   <trkpt lat="-7.9747220" lon="113.5922320">
    <ele>2481.5</ele>
   </trkpt>
   <trkpt lat="-7.9747030" lon="113.5922600">
    <ele>2481.4</ele>
   </trkpt>
   <trkpt lat="-7.9746630" lon="113.5922750">
    <ele>2480.4</ele>
   </trkpt>
   <trkpt lat="-7.9746200" lon="113.5922680">
    <ele>2478.9</ele>
   </trkpt>
   <trkpt lat="-7.9745930" lon="113.5922870">
    <ele>2479.2</ele>
   </trkpt>
   <trkpt lat="-7.9745630" lon="113.5922930">
    <ele>2481.0</ele>
   </trkpt>
   <trkpt lat="-7.9745400" lon="113.5923130">
    <ele>2482.2</ele>
   </trkpt>
   <trkpt lat="-7.9745030" lon="113.5923100">
    <ele>2482.6</ele>
   </trkpt>
   <trkpt lat="-7.9744620" lon="113.5922880">
    <ele>2483.2</ele>
   </trkpt>
   <trkpt lat="-7.9744450" lon="113.5922570">
    <ele>2483.8</ele>
   </trkpt>
   <trkpt lat="-7.9744250" lon="113.5922350">
    <ele>2484.6</ele>
   </trkpt>
   <trkpt lat="-7.9743930" lon="113.5922380">
    <ele>2485.5</ele>
   </trkpt>
   <trkpt lat="-7.9743520" lon="113.5922370">
    <ele>2486.7</ele>
   </trkpt>
   <trkpt lat="-7.9743250" lon="113.5922450">
    <ele>2487.7</ele>
   </trkpt>
   <trkpt lat="-7.9742830" lon="113.5922230">
    <ele>2489.4</ele>
   </trkpt>
   <trkpt lat="-7.9742720" lon="113.5921930">
    <ele>2490.0</ele>
   </trkpt>
   <trkpt lat="-7.9742820" lon="113.5921530">
    <ele>2490.8</ele>
   </trkpt>
   <trkpt lat="-7.9742780" lon="113.5921230">
    <ele>2490.7</ele>
   </trkpt>
   <trkpt lat="-7.9742470" lon="113.5921450">
    <ele>2490.0</ele>
   </trkpt>
   <trkpt lat="-7.9742150" lon="113.5921580">
    <ele>2489.9</ele>
   </trkpt>
   <trkpt lat="-7.9741850" lon="113.5921630">
    <ele>2490.6</ele>
   </trkpt>
   <trkpt lat="-7.9741670" lon="113.5921280">
    <ele>2491.4</ele>
   </trkpt>
   <trkpt lat="-7.9741520" lon="113.5921020">
    <ele>2488.8</ele>
   </trkpt>
   <trkpt lat="-7.9741230" lon="113.5921100">
    <ele>2486.0</ele>
   </trkpt>
   <trkpt lat="-7.9740850" lon="113.5921120">
    <ele>2482.7</ele>
   </trkpt>
   <trkpt lat="-7.9740550" lon="113.5921100">
    <ele>2480.2</ele>
   </trkpt>
   <trkpt lat="-7.9740230" lon="113.5921080">
    <ele>2477.6</ele>
   </trkpt>
   <trkpt lat="-7.9740000" lon="113.5920880">
    <ele>2475.7</ele>
   </trkpt>
   <trkpt lat="-7.9739730" lon="113.5920750">
    <ele>2474.5</ele>
   </trkpt>
   <trkpt lat="-7.9739470" lon="113.5920670">
    <ele>2473.4</ele>
   </trkpt>
   <trkpt lat="-7.9739150" lon="113.5920620">
    <ele>2473.1</ele>
   </trkpt>
   <trkpt lat="-7.9738930" lon="113.5920420">
    <ele>2473.8</ele>
   </trkpt>
   <trkpt lat="-7.9738950" lon="113.5920120">
    <ele>2475.1</ele>
   </trkpt>
   <trkpt lat="-7.9738670" lon="113.5919980">
    <ele>2477.1</ele>
   </trkpt>
   <trkpt lat="-7.9738330" lon="113.5919830">
    <ele>2477.4</ele>
   </trkpt>
   <trkpt lat="-7.9738050" lon="113.5919950">
    <ele>2476.9</ele>
   </trkpt>
   <trkpt lat="-7.9737700" lon="113.5919800">
    <ele>2476.7</ele>
   </trkpt>
   <trkpt lat="-7.9737400" lon="113.5919670">
    <ele>2477.3</ele>
   </trkpt>
   <trkpt lat="-7.9737150" lon="113.5919500">
    <ele>2477.8</ele>
   </trkpt>
   <trkpt lat="-7.9736730" lon="113.5919420">
    <ele>2478.6</ele>
   </trkpt>
   <trkpt lat="-7.9736380" lon="113.5919430">
    <ele>2479.2</ele>
   </trkpt>
   <trkpt lat="-7.9736100" lon="113.5919500">
    <ele>2477.9</ele>
   </trkpt>
   <trkpt lat="-7.9735750" lon="113.5919580">
    <ele>2475.4</ele>
   </trkpt>
   <trkpt lat="-7.9735430" lon="113.5919630">
    <ele>2473.3</ele>
   </trkpt>
   <trkpt lat="-7.9735130" lon="113.5919520">
    <ele>2471.7</ele>
   </trkpt>
   <trkpt lat="-7.9734780" lon="113.5919530">
    <ele>2470.1</ele>
   </trkpt>
   <trkpt lat="-7.9734500" lon="113.5919420">
    <ele>2469.2</ele>
   </trkpt>
   <trkpt lat="-7.9734170" lon="113.5919220">
    <ele>2468.1</ele>
   </trkpt>
   <trkpt lat="-7.9733880" lon="113.5919000">
    <ele>2467.3</ele>
   </trkpt>
   <trkpt lat="-7.9733680" lon="113.5918800">
    <ele>2466.9</ele>
   </trkpt>
   <trkpt lat="-7.9733420" lon="113.5918650">
    <ele>2466.9</ele>
   </trkpt>
   <trkpt lat="-7.9733170" lon="113.5918530">
    <ele>2467.4</ele>
   </trkpt>
   <trkpt lat="-7.9733070" lon="113.5918270">
    <ele>2467.9</ele>
   </trkpt>
   <trkpt lat="-7.9733100" lon="113.5917970">
    <ele>2468.0</ele>
   </trkpt>
   <trkpt lat="-7.9732900" lon="113.5917730">
    <ele>2468.1</ele>
   </trkpt>
   <trkpt lat="-7.9732680" lon="113.5917520">
    <ele>2468.1</ele>
   </trkpt>
   <trkpt lat="-7.9732400" lon="113.5917470">
    <ele>2468.1</ele>
   </trkpt>
   <trkpt lat="-7.9732180" lon="113.5917670">
    <ele>2467.9</ele>
   </trkpt>
   <trkpt lat="-7.9731920" lon="113.5917820">
    <ele>2467.8</ele>
   </trkpt>
   <trkpt lat="-7.9731570" lon="113.5917820">
    <ele>2467.6</ele>
   </trkpt>
   <trkpt lat="-7.9731200" lon="113.5917820">
    <ele>2467.3</ele>
   </trkpt>
   <trkpt lat="-7.9730920" lon="113.5917670">
    <ele>2467.0</ele>
   </trkpt>
   <trkpt lat="-7.9730600" lon="113.5917580">
    <ele>2466.3</ele>
   </trkpt>
   <trkpt lat="-7.9730250" lon="113.5917570">
    <ele>2465.6</ele>
   </trkpt>
   <trkpt lat="-7.9729950" lon="113.5917480">
    <ele>2465.2</ele>
   </trkpt>
   <trkpt lat="-7.9729680" lon="113.5917350">
    <ele>2465.1</ele>
   </trkpt>
   <trkpt lat="-7.9729420" lon="113.5917230">
    <ele>2464.9</ele>
   </trkpt>
   <trkpt lat="-7.9729100" lon="113.5917170">
    <ele>2464.8</ele>
   </trkpt>
   <trkpt lat="-7.9728970" lon="113.5916920">
    <ele>2464.7</ele>
   </trkpt>
   <trkpt lat="-7.9728850" lon="113.5916430">
    <ele>2464.7</ele>
   </trkpt>
   <trkpt lat="-7.9728600" lon="113.5916230">
    <ele>2465.0</ele>
   </trkpt>
   <trkpt lat="-7.9728480" lon="113.5915980">
    <ele>2465.2</ele>
   </trkpt>
   <trkpt lat="-7.9728150" lon="113.5916030">
    <ele>2466.1</ele>
   </trkpt>
   <trkpt lat="-7.9727850" lon="113.5916070">
    <ele>2467.0</ele>
   </trkpt>
   <trkpt lat="-7.9727580" lon="113.5916020">
    <ele>2467.8</ele>
   </trkpt>
   <trkpt lat="-7.9727320" lon="113.5915970">
    <ele>2468.4</ele>
   </trkpt>
   <trkpt lat="-7.9726930" lon="113.5915820">
    <ele>2469.3</ele>
   </trkpt>
   <trkpt lat="-7.9726600" lon="113.5915680">
    <ele>2470.2</ele>
   </trkpt>
   <trkpt lat="-7.9726280" lon="113.5915580">
    <ele>2471.0</ele>
   </trkpt>
   <trkpt lat="-7.9726170" lon="113.5915200">
    <ele>2472.0</ele>
   </trkpt>
   <trkpt lat="-7.9725970" lon="113.5914830">
    <ele>2472.9</ele>
   </trkpt>
   <trkpt lat="-7.9725850" lon="113.5914380">
    <ele>2473.1</ele>
   </trkpt>
   <trkpt lat="-7.9725750" lon="113.5914100">
    <ele>2473.2</ele>
   </trkpt>
   <trkpt lat="-7.9725650" lon="113.5913830">
    <ele>2473.1</ele>
   </trkpt>
   <trkpt lat="-7.9725530" lon="113.5913520">
    <ele>2473.0</ele>
   </trkpt>
   <trkpt lat="-7.9725480" lon="113.5913100">
    <ele>2473.0</ele>
   </trkpt>
   <trkpt lat="-7.9725520" lon="113.5912800">
    <ele>2472.9</ele>
   </trkpt>
   <trkpt lat="-7.9725420" lon="113.5912520">
    <ele>2472.8</ele>
   </trkpt>
   <trkpt lat="-7.9725170" lon="113.5912350">
    <ele>2471.7</ele>
   </trkpt>
   <trkpt lat="-7.9725050" lon="113.5912000">
    <ele>2470.4</ele>
   </trkpt>
   <trkpt lat="-7.9725100" lon="113.5911680">
    <ele>2469.0</ele>
   </trkpt>
   <trkpt lat="-7.9725180" lon="113.5911350">
    <ele>2467.4</ele>
   </trkpt>
   <trkpt lat="-7.9725280" lon="113.5911080">
    <ele>2466.0</ele>
   </trkpt>
   <trkpt lat="-7.9725480" lon="113.5910820">
    <ele>2463.1</ele>
   </trkpt>
   <trkpt lat="-7.9725700" lon="113.5910550">
    <ele>2460.0</ele>
   </trkpt>
   <trkpt lat="-7.9725870" lon="113.5910280">
    <ele>2459.2</ele>
   </trkpt>
   <trkpt lat="-7.9726080" lon="113.5910070">
    <ele>2458.8</ele>
   </trkpt>
   <trkpt lat="-7.9726280" lon="113.5909770">
    <ele>2458.1</ele>
   </trkpt>
   <trkpt lat="-7.9726370" lon="113.5909450">
    <ele>2457.5</ele>
   </trkpt>
   <trkpt lat="-7.9726480" lon="113.5909150">
    <ele>2457.1</ele>
   </trkpt>
   <trkpt lat="-7.9726580" lon="113.5908880">
    <ele>2456.8</ele>
   </trkpt>
   <trkpt lat="-7.9726500" lon="113.5908620">
    <ele>2457.0</ele>
   </trkpt>
   <trkpt lat="-7.9726380" lon="113.5908280">
    <ele>2457.8</ele>
   </trkpt>
   <trkpt lat="-7.9726150" lon="113.5908080">
    <ele>2458.4</ele>
   </trkpt>
   <trkpt lat="-7.9726000" lon="113.5907820">
    <ele>2459.3</ele>
   </trkpt>
   <trkpt lat="-7.9725930" lon="113.5907500">
    <ele>2460.2</ele>
   </trkpt>
   <trkpt lat="-7.9725850" lon="113.5907220">
    <ele>2460.9</ele>
   </trkpt>
   <trkpt lat="-7.9725880" lon="113.5906900">
    <ele>2461.4</ele>
   </trkpt>
   <trkpt lat="-7.9725850" lon="113.5906580">
    <ele>2461.9</ele>
   </trkpt>
   <trkpt lat="-7.9725770" lon="113.5906280">
    <ele>2461.9</ele>
   </trkpt>
   <trkpt lat="-7.9725720" lon="113.5905970">
    <ele>2461.4</ele>
   </trkpt>
   <trkpt lat="-7.9725500" lon="113.5905700">
    <ele>2460.8</ele>
   </trkpt>
   <trkpt lat="-7.9725300" lon="113.5905450">
    <ele>2460.1</ele>
   </trkpt>
   <trkpt lat="-7.9725330" lon="113.5905120">
    <ele>2459.3</ele>
   </trkpt>
   <trkpt lat="-7.9725500" lon="113.5904770">
    <ele>2458.7</ele>
   </trkpt>
   <trkpt lat="-7.9725570" lon="113.5904480">
    <ele>2458.3</ele>
   </trkpt>
   <trkpt lat="-7.9725730" lon="113.5904050">
    <ele>2456.3</ele>
   </trkpt>
   <trkpt lat="-7.9725850" lon="113.5903770">
    <ele>2455.1</ele>
   </trkpt>
   <trkpt lat="-7.9726080" lon="113.5903520">
    <ele>2453.7</ele>
   </trkpt>
   <trkpt lat="-7.9726220" lon="113.5903270">
    <ele>2452.5</ele>
   </trkpt>
   <trkpt lat="-7.9726450" lon="113.5903050">
    <ele>2451.2</ele>
   </trkpt>
   <trkpt lat="-7.9726570" lon="113.5902720">
    <ele>2449.7</ele>
   </trkpt>
   <trkpt lat="-7.9726720" lon="113.5902450">
    <ele>2448.2</ele>
   </trkpt>
   <trkpt lat="-7.9726900" lon="113.5902120">
    <ele>2446.3</ele>
   </trkpt>
   <trkpt lat="-7.9727130" lon="113.5901970">
    <ele>2445.1</ele>
   </trkpt>
   <trkpt lat="-7.9727400" lon="113.5901920">
    <ele>2444.1</ele>
   </trkpt>
   <trkpt lat="-7.9727650" lon="113.5901780">
    <ele>2443.0</ele>
   </trkpt>
   <trkpt lat="-7.9727880" lon="113.5901480">
    <ele>2442.0</ele>
   </trkpt>
   <trkpt lat="-7.9728020" lon="113.5901220">
    <ele>2441.4</ele>
   </trkpt>
   <trkpt lat="-7.9728280" lon="113.5901020">
    <ele>2440.6</ele>
   </trkpt>
   <trkpt lat="-7.9728520" lon="113.5900870">
    <ele>2440.0</ele>
   </trkpt>
   <trkpt lat="-7.9728750" lon="113.5900630">
    <ele>2439.3</ele>
   </trkpt>
   <trkpt lat="-7.9728880" lon="113.5900300">
    <ele>2438.6</ele>
   </trkpt>
   <trkpt lat="-7.9729030" lon="113.5899980">
    <ele>2437.9</ele>
   </trkpt>
   <trkpt lat="-7.9729230" lon="113.5899670">
    <ele>2437.2</ele>
   </trkpt>
   <trkpt lat="-7.9729400" lon="113.5899430">
    <ele>2436.6</ele>
   </trkpt>
   <trkpt lat="-7.9729530" lon="113.5899130">
    <ele>2435.9</ele>
   </trkpt>
   <trkpt lat="-7.9729750" lon="113.5898900">
    <ele>2435.3</ele>
   </trkpt>
   <trkpt lat="-7.9729930" lon="113.5898580">
    <ele>2434.5</ele>
   </trkpt>
   <trkpt lat="-7.9730000" lon="113.5898230">
    <ele>2433.8</ele>
   </trkpt>
   <trkpt lat="-7.9730120" lon="113.5897880">
    <ele>2433.0</ele>
   </trkpt>
   <trkpt lat="-7.9730230" lon="113.5897630">
    <ele>2432.5</ele>
   </trkpt>
   <trkpt lat="-7.9730500" lon="113.5897430">
    <ele>2431.9</ele>
   </trkpt>
   <trkpt lat="-7.9730680" lon="113.5897180">
    <ele>2431.4</ele>
   </trkpt>
   <trkpt lat="-7.9730770" lon="113.5896830">
    <ele>2430.9</ele>
   </trkpt>
   <trkpt lat="-7.9730730" lon="113.5896480">
    <ele>2430.5</ele>
   </trkpt>
   <trkpt lat="-7.9730680" lon="113.5896100">
    <ele>2430.1</ele>
   </trkpt>
   <trkpt lat="-7.9730730" lon="113.5895750">
    <ele>2429.7</ele>
   </trkpt>
   <trkpt lat="-7.9730800" lon="113.5895450">
    <ele>2429.3</ele>
   </trkpt>
   <trkpt lat="-7.9730900" lon="113.5895180">
    <ele>2429.0</ele>
   </trkpt>
   <trkpt lat="-7.9731100" lon="113.5894970">
    <ele>2428.6</ele>
   </trkpt>
   <trkpt lat="-7.9731350" lon="113.5894720">
    <ele>2428.3</ele>
   </trkpt>
   <trkpt lat="-7.9731650" lon="113.5894570">
    <ele>2427.8</ele>
   </trkpt>
   <trkpt lat="-7.9731920" lon="113.5894430">
    <ele>2427.1</ele>
   </trkpt>
   <trkpt lat="-7.9732180" lon="113.5894170">
    <ele>2426.2</ele>
   </trkpt>
   <trkpt lat="-7.9732380" lon="113.5893970">
    <ele>2425.6</ele>
   </trkpt>
   <trkpt lat="-7.9732570" lon="113.5893770">
    <ele>2425.3</ele>
   </trkpt>
   <trkpt lat="-7.9732730" lon="113.5893520">
    <ele>2424.9</ele>
   </trkpt>
   <trkpt lat="-7.9732850" lon="113.5893220">
    <ele>2424.4</ele>
   </trkpt>
   <trkpt lat="-7.9732950" lon="113.5892930">
    <ele>2423.8</ele>
   </trkpt>
   <trkpt lat="-7.9732970" lon="113.5892630">
    <ele>2423.2</ele>
   </trkpt>
   <trkpt lat="-7.9732880" lon="113.5892170">
    <ele>2422.3</ele>
   </trkpt>
   <trkpt lat="-7.9732680" lon="113.5891980">
    <ele>2421.7</ele>
   </trkpt>
   <trkpt lat="-7.9732820" lon="113.5891700">
    <ele>2421.2</ele>
   </trkpt>
   <trkpt lat="-7.9732970" lon="113.5891450">
    <ele>2420.7</ele>
   </trkpt>
   <trkpt lat="-7.9733000" lon="113.5891150">
    <ele>2420.0</ele>
   </trkpt>
   <trkpt lat="-7.9733000" lon="113.5890870">
    <ele>2419.3</ele>
   </trkpt>
   <trkpt lat="-7.9733070" lon="113.5890550">
    <ele>2419.0</ele>
   </trkpt>
   <trkpt lat="-7.9732970" lon="113.5890180">
    <ele>2418.6</ele>
   </trkpt>
   <trkpt lat="-7.9732950" lon="113.5889750">
    <ele>2417.7</ele>
   </trkpt>
   <trkpt lat="-7.9732920" lon="113.5889350">
    <ele>2416.6</ele>
   </trkpt>
   <trkpt lat="-7.9732970" lon="113.5888950">
    <ele>2415.5</ele>
   </trkpt>
   <trkpt lat="-7.9733190" lon="113.5888460">
    <ele>2414.6</ele>
   </trkpt>
   <trkpt lat="-7.9733350" lon="113.5888240">
    <ele>2414.2</ele>
   </trkpt>
   <trkpt lat="-7.9733520" lon="113.5888030">
    <ele>2413.8</ele>
   </trkpt>
   <trkpt lat="-7.9733690" lon="113.5887810">
    <ele>2413.4</ele>
   </trkpt>
   <trkpt lat="-7.9733850" lon="113.5887600">
    <ele>2413.1</ele>
   </trkpt>
   <trkpt lat="-7.9734020" lon="113.5887380">
    <ele>2412.5</ele>
   </trkpt>
   <trkpt lat="-7.9734180" lon="113.5887170">
    <ele>2411.9</ele>
   </trkpt>
   <trkpt lat="-7.9734350" lon="113.5886950">
    <ele>2411.2</ele>
   </trkpt>
   <trkpt lat="-7.9733980" lon="113.5886920">
    <ele>2411.1</ele>
   </trkpt>
   <trkpt lat="-7.9733730" lon="113.5887100">
    <ele>2411.1</ele>
   </trkpt>
   <trkpt lat="-7.9733420" lon="113.5887120">
    <ele>2411.2</ele>
   </trkpt>
   <trkpt lat="-7.9733130" lon="113.5887120">
    <ele>2411.3</ele>
   </trkpt>
   <trkpt lat="-7.9733220" lon="113.5886720">
    <ele>2411.4</ele>
   </trkpt>
   <trkpt lat="-7.9733480" lon="113.5886670">
    <ele>2411.6</ele>
   </trkpt>
   <trkpt lat="-7.9733830" lon="113.5886580">
    <ele>2411.9</ele>
   </trkpt>
   <trkpt lat="-7.9734120" lon="113.5886480">
    <ele>2412.1</ele>
   </trkpt>
   <trkpt lat="-7.9734330" lon="113.5886200">
    <ele>2412.3</ele>
   </trkpt>
   <trkpt lat="-7.9734570" lon="113.5885950">
    <ele>2412.5</ele>
   </trkpt>
   <trkpt lat="-7.9734720" lon="113.5885720">
    <ele>2412.8</ele>
   </trkpt>
   <trkpt lat="-7.9735030" lon="113.5885550">
    <ele>2412.8</ele>
   </trkpt>
   <trkpt lat="-7.9735400" lon="113.5885380">
    <ele>2412.8</ele>
   </trkpt>
   <trkpt lat="-7.9735770" lon="113.5885350">
    <ele>2412.8</ele>
   </trkpt>
   <trkpt lat="-7.9736050" lon="113.5885400">
    <ele>2412.8</ele>
   </trkpt>
   <trkpt lat="-7.9736270" lon="113.5885200">
    <ele>2412.8</ele>
   </trkpt>
   <trkpt lat="-7.9736500" lon="113.5885030">
    <ele>2413.0</ele>
   </trkpt>
   <trkpt lat="-7.9736700" lon="113.5884830">
    <ele>2413.4</ele>
   </trkpt>
   <trkpt lat="-7.9736730" lon="113.5884480">
    <ele>2413.8</ele>
   </trkpt>
   <trkpt lat="-7.9736770" lon="113.5884170">
    <ele>2414.2</ele>
   </trkpt>
   <trkpt lat="-7.9736680" lon="113.5883830">
    <ele>2414.8</ele>
   </trkpt>
   <trkpt lat="-7.9736380" lon="113.5883600">
    <ele>2415.5</ele>
   </trkpt>
   <trkpt lat="-7.9736080" lon="113.5883470">
    <ele>2416.2</ele>
   </trkpt>
   <trkpt lat="-7.9735880" lon="113.5883220">
    <ele>2416.9</ele>
   </trkpt>
   <trkpt lat="-7.9735780" lon="113.5882950">
    <ele>2417.5</ele>
   </trkpt>
   <trkpt lat="-7.9735770" lon="113.5882650">
    <ele>2418.3</ele>
   </trkpt>
   <trkpt lat="-7.9735750" lon="113.5882300">
    <ele>2419.2</ele>
   </trkpt>
   <trkpt lat="-7.9735900" lon="113.5882030">
    <ele>2419.8</ele>
   </trkpt>
   <trkpt lat="-7.9735950" lon="113.5881720">
    <ele>2420.4</ele>
   </trkpt>
   <trkpt lat="-7.9736050" lon="113.5881380">
    <ele>2421.0</ele>
   </trkpt>
   <trkpt lat="-7.9736150" lon="113.5881080">
    <ele>2421.5</ele>
   </trkpt>
   <trkpt lat="-7.9736320" lon="113.5880750">
    <ele>2422.0</ele>
   </trkpt>
   <trkpt lat="-7.9736420" lon="113.5880450">
    <ele>2422.3</ele>
   </trkpt>
   <trkpt lat="-7.9736450" lon="113.5880150">
    <ele>2422.6</ele>
   </trkpt>
   <trkpt lat="-7.9736470" lon="113.5879870">
    <ele>2422.8</ele>
   </trkpt>
   <trkpt lat="-7.9736480" lon="113.5879570">
    <ele>2422.9</ele>
   </trkpt>
   <trkpt lat="-7.9736430" lon="113.5879230">
    <ele>2422.9</ele>
   </trkpt>
   <trkpt lat="-7.9736370" lon="113.5878930">
    <ele>2422.9</ele>
   </trkpt>
   <trkpt lat="-7.9736370" lon="113.5878600">
    <ele>2422.8</ele>
   </trkpt>
   <trkpt lat="-7.9736450" lon="113.5878330">
    <ele>2422.7</ele>
   </trkpt>
   <trkpt lat="-7.9736530" lon="113.5878020">
    <ele>2422.6</ele>
   </trkpt>
   <trkpt lat="-7.9736700" lon="113.5877800">
    <ele>2422.5</ele>
   </trkpt>
   <trkpt lat="-7.9736780" lon="113.5877530">
    <ele>2422.3</ele>
   </trkpt>
   <trkpt lat="-7.9736900" lon="113.5877270">
    <ele>2422.0</ele>
   </trkpt>
   <trkpt lat="-7.9737020" lon="113.5877020">
    <ele>2421.7</ele>
   </trkpt>
   <trkpt lat="-7.9737200" lon="113.5876780">
    <ele>2421.5</ele>
   </trkpt>
   <trkpt lat="-7.9737300" lon="113.5876450">
    <ele>2421.4</ele>
   </trkpt>
   <trkpt lat="-7.9737080" lon="113.5876170">
    <ele>2421.3</ele>
   </trkpt>
   <trkpt lat="-7.9736880" lon="113.5875970">
    <ele>2421.2</ele>
   </trkpt>
   <trkpt lat="-7.9736870" lon="113.5875650">
    <ele>2421.1</ele>
   </trkpt>
   <trkpt lat="-7.9736720" lon="113.5875420">
    <ele>2421.2</ele>
   </trkpt>
   <trkpt lat="-7.9736580" lon="113.5875170">
    <ele>2421.2</ele>
   </trkpt>
   <trkpt lat="-7.9736650" lon="113.5874880">
    <ele>2421.2</ele>
   </trkpt>
   <trkpt lat="-7.9736650" lon="113.5874600">
    <ele>2421.3</ele>
   </trkpt>
   <trkpt lat="-7.9736470" lon="113.5874400">
    <ele>2421.4</ele>
   </trkpt>
   <trkpt lat="-7.9736300" lon="113.5874100">
    <ele>2421.5</ele>
   </trkpt>
   <trkpt lat="-7.9736120" lon="113.5873770">
    <ele>2421.6</ele>
   </trkpt>
   <trkpt lat="-7.9736050" lon="113.5873500">
    <ele>2421.6</ele>
   </trkpt>
   <trkpt lat="-7.9735920" lon="113.5873120">
    <ele>2421.9</ele>
   </trkpt>
   <trkpt lat="-7.9735800" lon="113.5872770">
    <ele>2422.1</ele>
   </trkpt>
   <trkpt lat="-7.9735720" lon="113.5872500">
    <ele>2422.3</ele>
   </trkpt>
   <trkpt lat="-7.9735670" lon="113.5872200">
    <ele>2422.5</ele>
   </trkpt>
   <trkpt lat="-7.9735520" lon="113.5871900">
    <ele>2422.7</ele>
   </trkpt>
   <trkpt lat="-7.9735370" lon="113.5871520">
    <ele>2423.1</ele>
   </trkpt>
   <trkpt lat="-7.9735230" lon="113.5871250">
    <ele>2423.3</ele>
   </trkpt>
   <trkpt lat="-7.9735070" lon="113.5870980">
    <ele>2423.6</ele>
   </trkpt>
   <trkpt lat="-7.9734850" lon="113.5870780">
    <ele>2423.8</ele>
   </trkpt>
   <trkpt lat="-7.9734500" lon="113.5870650">
    <ele>2424.3</ele>
   </trkpt>
   <trkpt lat="-7.9734200" lon="113.5870450">
    <ele>2424.9</ele>
   </trkpt>
   <trkpt lat="-7.9733970" lon="113.5870270">
    <ele>2425.3</ele>
   </trkpt>
   <trkpt lat="-7.9733700" lon="113.5870030">
    <ele>2425.9</ele>
   </trkpt>
   <trkpt lat="-7.9733570" lon="113.5869780">
    <ele>2426.3</ele>
   </trkpt>
   <trkpt lat="-7.9733420" lon="113.5869550">
    <ele>2426.7</ele>
   </trkpt>
   <trkpt lat="-7.9733270" lon="113.5869220">
    <ele>2427.2</ele>
   </trkpt>
   <trkpt lat="-7.9733120" lon="113.5868900">
    <ele>2427.6</ele>
   </trkpt>
   <trkpt lat="-7.9733000" lon="113.5868620">
    <ele>2428.0</ele>
   </trkpt>
   <trkpt lat="-7.9732920" lon="113.5868280">
    <ele>2428.4</ele>
   </trkpt>
   <trkpt lat="-7.9732800" lon="113.5867970">
    <ele>2428.8</ele>
   </trkpt>
   <trkpt lat="-7.9732520" lon="113.5867870">
    <ele>2429.2</ele>
   </trkpt>
   <trkpt lat="-7.9732270" lon="113.5867650">
    <ele>2429.7</ele>
   </trkpt>
   <trkpt lat="-7.9732150" lon="113.5867280">
    <ele>2430.3</ele>
   </trkpt>
   <trkpt lat="-7.9732030" lon="113.5867030">
    <ele>2430.8</ele>
   </trkpt>
   <trkpt lat="-7.9731830" lon="113.5866730">
    <ele>2431.3</ele>
   </trkpt>
   <trkpt lat="-7.9731780" lon="113.5866420">
    <ele>2431.8</ele>
   </trkpt>
   <trkpt lat="-7.9731930" lon="113.5866120">
    <ele>2432.3</ele>
   </trkpt>
   <trkpt lat="-7.9732280" lon="113.5865930">
    <ele>2433.0</ele>
   </trkpt>
   <trkpt lat="-7.9732350" lon="113.5865650">
    <ele>2433.6</ele>
   </trkpt>
   <trkpt lat="-7.9732100" lon="113.5865430">
    <ele>2434.4</ele>
   </trkpt>
   <trkpt lat="-7.9732070" lon="113.5865030">
    <ele>2435.5</ele>
   </trkpt>
   <trkpt lat="-7.9732070" lon="113.5864670">
    <ele>2436.2</ele>
   </trkpt>
   <trkpt lat="-7.9732330" lon="113.5864380">
    <ele>2436.5</ele>
   </trkpt>
   <trkpt lat="-7.9732330" lon="113.5864070">
    <ele>2437.0</ele>
   </trkpt>
   <trkpt lat="-7.9732030" lon="113.5863930">
    <ele>2438.2</ele>
   </trkpt>
   <trkpt lat="-7.9731800" lon="113.5863750">
    <ele>2439.2</ele>
   </trkpt>
   <trkpt lat="-7.9731630" lon="113.5863480">
    <ele>2439.9</ele>
   </trkpt>
   <trkpt lat="-7.9731550" lon="113.5863180">
    <ele>2440.6</ele>
   </trkpt>
   <trkpt lat="-7.9731470" lon="113.5862780">
    <ele>2441.2</ele>
   </trkpt>
   <trkpt lat="-7.9731330" lon="113.5862420">
    <ele>2441.8</ele>
   </trkpt>
   <trkpt lat="-7.9731280" lon="113.5862030">
    <ele>2442.9</ele>
   </trkpt>
   <trkpt lat="-7.9731230" lon="113.5861700">
    <ele>2443.9</ele>
   </trkpt>
   <trkpt lat="-7.9730950" lon="113.5861480">
    <ele>2444.6</ele>
   </trkpt>
   <trkpt lat="-7.9730780" lon="113.5861270">
    <ele>2445.1</ele>
   </trkpt>
   <trkpt lat="-7.9730600" lon="113.5861000">
    <ele>2446.1</ele>
   </trkpt>
   <trkpt lat="-7.9730630" lon="113.5860680">
    <ele>2447.2</ele>
   </trkpt>
   <trkpt lat="-7.9730450" lon="113.5860400">
    <ele>2448.5</ele>
   </trkpt>
   <trkpt lat="-7.9730280" lon="113.5860130">
    <ele>2449.7</ele>
   </trkpt>
   <trkpt lat="-7.9730100" lon="113.5859820">
    <ele>2451.0</ele>
   </trkpt>
   <trkpt lat="-7.9730230" lon="113.5859500">
    <ele>2451.6</ele>
   </trkpt>
   <trkpt lat="-7.9730200" lon="113.5859200">
    <ele>2452.2</ele>
   </trkpt>
   <trkpt lat="-7.9730170" lon="113.5858870">
    <ele>2453.5</ele>
   </trkpt>
   <trkpt lat="-7.9730150" lon="113.5858450">
    <ele>2455.6</ele>
   </trkpt>
   <trkpt lat="-7.9729980" lon="113.5858100">
    <ele>2457.5</ele>
   </trkpt>
   <trkpt lat="-7.9729950" lon="113.5857800">
    <ele>2459.0</ele>
   </trkpt>
   <trkpt lat="-7.9730200" lon="113.5857670">
    <ele>2460.3</ele>
   </trkpt>
   <trkpt lat="-7.9730330" lon="113.5857350">
    <ele>2461.4</ele>
   </trkpt>
   <trkpt lat="-7.9730580" lon="113.5857100">
    <ele>2462.4</ele>
   </trkpt>
   <trkpt lat="-7.9730500" lon="113.5856800">
    <ele>2463.3</ele>
   </trkpt>
   <trkpt lat="-7.9730550" lon="113.5856470">
    <ele>2464.2</ele>
   </trkpt>
   <trkpt lat="-7.9730420" lon="113.5856130">
    <ele>2465.0</ele>
   </trkpt>
   <trkpt lat="-7.9730230" lon="113.5855930">
    <ele>2465.6</ele>
   </trkpt>
   <trkpt lat="-7.9730080" lon="113.5855680">
    <ele>2466.1</ele>
   </trkpt>
   <trkpt lat="-7.9730030" lon="113.5855400">
    <ele>2466.5</ele>
   </trkpt>
   <trkpt lat="-7.9729820" lon="113.5855130">
    <ele>2467.0</ele>
   </trkpt>
   <trkpt lat="-7.9729700" lon="113.5854820">
    <ele>2467.4</ele>
   </trkpt>
   <trkpt lat="-7.9729800" lon="113.5854520">
    <ele>2467.6</ele>
   </trkpt>
   <trkpt lat="-7.9729670" lon="113.5854220">
    <ele>2467.7</ele>
   </trkpt>
   <trkpt lat="-7.9729430" lon="113.5854430">
    <ele>2467.4</ele>
   </trkpt>
   <trkpt lat="-7.9729170" lon="113.5854270">
    <ele>2467.1</ele>
   </trkpt>
   <trkpt lat="-7.9728980" lon="113.5854000">
    <ele>2466.7</ele>
   </trkpt>
   <trkpt lat="-7.9728870" lon="113.5853750">
    <ele>2466.3</ele>
   </trkpt>
   <trkpt lat="-7.9728820" lon="113.5853450">
    <ele>2465.8</ele>
   </trkpt>
   <trkpt lat="-7.9728650" lon="113.5853150">
    <ele>2465.6</ele>
   </trkpt>
   <trkpt lat="-7.9728400" lon="113.5853030">
    <ele>2465.8</ele>
   </trkpt>
   <trkpt lat="-7.9728100" lon="113.5852870">
    <ele>2466.0</ele>
   </trkpt>
   <trkpt lat="-7.9727880" lon="113.5852700">
    <ele>2466.2</ele>
   </trkpt>
   <trkpt lat="-7.9727680" lon="113.5852500">
    <ele>2466.5</ele>
   </trkpt>
   <trkpt lat="-7.9727570" lon="113.5852200">
    <ele>2466.9</ele>
   </trkpt>
   <trkpt lat="-7.9727500" lon="113.5851900">
    <ele>2467.3</ele>
   </trkpt>
   <trkpt lat="-7.9727270" lon="113.5851750">
    <ele>2467.6</ele>
   </trkpt>
   <trkpt lat="-7.9727030" lon="113.5851570">
    <ele>2468.0</ele>
   </trkpt>
   <trkpt lat="-7.9726900" lon="113.5851320">
    <ele>2468.3</ele>
   </trkpt>
   <trkpt lat="-7.9726770" lon="113.5851020">
    <ele>2468.7</ele>
   </trkpt>
   <trkpt lat="-7.9726520" lon="113.5850800">
    <ele>2469.5</ele>
   </trkpt>
   <trkpt lat="-7.9726450" lon="113.5850470">
    <ele>2470.5</ele>
   </trkpt>
   <trkpt lat="-7.9726350" lon="113.5850200">
    <ele>2471.3</ele>
   </trkpt>
   <trkpt lat="-7.9726120" lon="113.5849930">
    <ele>2472.5</ele>
   </trkpt>
   <trkpt lat="-7.9725870" lon="113.5849630">
    <ele>2473.7</ele>
   </trkpt>
   <trkpt lat="-7.9725680" lon="113.5849380">
    <ele>2474.2</ele>
   </trkpt>
   <trkpt lat="-7.9725600" lon="113.5849050">
    <ele>2474.6</ele>
   </trkpt>
   <trkpt lat="-7.9725320" lon="113.5848980">
    <ele>2474.9</ele>
   </trkpt>
   <trkpt lat="-7.9725030" lon="113.5848950">
    <ele>2476.3</ele>
   </trkpt>
   <trkpt lat="-7.9724670" lon="113.5848870">
    <ele>2478.0</ele>
   </trkpt>
   <trkpt lat="-7.9724370" lon="113.5848930">
    <ele>2479.4</ele>
   </trkpt>
   <trkpt lat="-7.9724070" lon="113.5848730">
    <ele>2481.0</ele>
   </trkpt>
   <trkpt lat="-7.9723830" lon="113.5848430">
    <ele>2482.6</ele>
   </trkpt>
   <trkpt lat="-7.9723580" lon="113.5848220">
    <ele>2483.5</ele>
   </trkpt>
   <trkpt lat="-7.9723630" lon="113.5847870">
    <ele>2484.4</ele>
   </trkpt>
   <trkpt lat="-7.9723400" lon="113.5847670">
    <ele>2485.4</ele>
   </trkpt>
   <trkpt lat="-7.9723000" lon="113.5847530">
    <ele>2487.4</ele>
   </trkpt>
   <trkpt lat="-7.9722670" lon="113.5847420">
    <ele>2488.6</ele>
   </trkpt>
   <trkpt lat="-7.9722400" lon="113.5847350">
    <ele>2489.1</ele>
   </trkpt>
   <trkpt lat="-7.9722080" lon="113.5847420">
    <ele>2489.7</ele>
   </trkpt>
   <trkpt lat="-7.9721870" lon="113.5847650">
    <ele>2490.6</ele>
   </trkpt>
   <trkpt lat="-7.9721620" lon="113.5847370">
    <ele>2491.9</ele>
   </trkpt>
   <trkpt lat="-7.9721450" lon="113.5847130">
    <ele>2493.3</ele>
   </trkpt>
   <trkpt lat="-7.9721200" lon="113.5846930">
    <ele>2494.4</ele>
   </trkpt>
   <trkpt lat="-7.9721050" lon="113.5846630">
    <ele>2495.5</ele>
   </trkpt>
   <trkpt lat="-7.9720780" lon="113.5846580">
    <ele>2496.2</ele>
   </trkpt>
   <trkpt lat="-7.9720420" lon="113.5846470">
    <ele>2496.9</ele>
   </trkpt>
   <trkpt lat="-7.9720400" lon="113.5846150">
    <ele>2497.4</ele>
   </trkpt>
   <trkpt lat="-7.9720530" lon="113.5845870">
    <ele>2497.7</ele>
   </trkpt>
   <trkpt lat="-7.9720530" lon="113.5845580">
    <ele>2498.0</ele>
   </trkpt>
   <trkpt lat="-7.9720450" lon="113.5845220">
    <ele>2498.4</ele>
   </trkpt>
   <trkpt lat="-7.9720230" lon="113.5845000">
    <ele>2498.6</ele>
   </trkpt>
   <trkpt lat="-7.9719970" lon="113.5844870">
    <ele>2498.8</ele>
   </trkpt>
   <trkpt lat="-7.9719800" lon="113.5844630">
    <ele>2499.0</ele>
   </trkpt>
   <trkpt lat="-7.9719530" lon="113.5844550">
    <ele>2499.2</ele>
   </trkpt>
   <trkpt lat="-7.9719230" lon="113.5844480">
    <ele>2499.4</ele>
   </trkpt>
   <trkpt lat="-7.9718930" lon="113.5844370">
    <ele>2499.8</ele>
   </trkpt>
   <trkpt lat="-7.9718780" lon="113.5844120">
    <ele>2500.1</ele>
   </trkpt>
   <trkpt lat="-7.9718470" lon="113.5843980">
    <ele>2500.4</ele>
   </trkpt>
   <trkpt lat="-7.9718130" lon="113.5843920">
    <ele>2500.6</ele>
   </trkpt>
   <trkpt lat="-7.9717870" lon="113.5843720">
    <ele>2500.8</ele>
   </trkpt>
   <trkpt lat="-7.9717670" lon="113.5843480">
    <ele>2500.8</ele>
   </trkpt>
   <trkpt lat="-7.9717520" lon="113.5843180">
    <ele>2500.9</ele>
   </trkpt>
   <trkpt lat="-7.9717470" lon="113.5842880">
    <ele>2501.0</ele>
   </trkpt>
   <trkpt lat="-7.9717370" lon="113.5842570">
    <ele>2501.1</ele>
   </trkpt>
   <trkpt lat="-7.9717170" lon="113.5842170">
    <ele>2501.3</ele>
   </trkpt>
   <trkpt lat="-7.9716980" lon="113.5841950">
    <ele>2501.4</ele>
   </trkpt>
   <trkpt lat="-7.9716730" lon="113.5841780">
    <ele>2501.8</ele>
   </trkpt>
   <trkpt lat="-7.9716520" lon="113.5841570">
    <ele>2502.4</ele>
   </trkpt>
   <trkpt lat="-7.9716280" lon="113.5841420">
    <ele>2503.0</ele>
   </trkpt>
   <trkpt lat="-7.9716130" lon="113.5841170">
    <ele>2503.9</ele>
   </trkpt>
   <trkpt lat="-7.9716100" lon="113.5840830">
    <ele>2504.9</ele>
   </trkpt>
   <trkpt lat="-7.9715900" lon="113.5840620">
    <ele>2505.6</ele>
   </trkpt>
   <trkpt lat="-7.9715830" lon="113.5840350">
    <ele>2506.3</ele>
   </trkpt>
   <trkpt lat="-7.9715780" lon="113.5840070">
    <ele>2507.0</ele>
   </trkpt>
   <trkpt lat="-7.9715620" lon="113.5839770">
    <ele>2508.0</ele>
   </trkpt>
   <trkpt lat="-7.9715420" lon="113.5839330">
    <ele>2510.5</ele>
   </trkpt>
   <trkpt lat="-7.9715170" lon="113.5839130">
    <ele>2512.3</ele>
   </trkpt>
   <trkpt lat="-7.9714880" lon="113.5839000">
    <ele>2514.2</ele>
   </trkpt>
   <trkpt lat="-7.9714680" lon="113.5838770">
    <ele>2515.9</ele>
   </trkpt>
   <trkpt lat="-7.9714500" lon="113.5838520">
    <ele>2517.7</ele>
   </trkpt>
   <trkpt lat="-7.9714250" lon="113.5838300">
    <ele>2518.8</ele>
   </trkpt>
   <trkpt lat="-7.9713970" lon="113.5838250">
    <ele>2519.5</ele>
   </trkpt>
   <trkpt lat="-7.9713700" lon="113.5838200">
    <ele>2520.5</ele>
   </trkpt>
   <trkpt lat="-7.9713370" lon="113.5838150">
    <ele>2521.8</ele>
   </trkpt>
   <trkpt lat="-7.9713080" lon="113.5838020">
    <ele>2522.2</ele>
   </trkpt>
   <trkpt lat="-7.9712850" lon="113.5837850">
    <ele>2522.6</ele>
   </trkpt>
   <trkpt lat="-7.9712580" lon="113.5837680">
    <ele>2523.0</ele>
   </trkpt>
   <trkpt lat="-7.9712320" lon="113.5837600">
    <ele>2523.3</ele>
   </trkpt>
   <trkpt lat="-7.9712050" lon="113.5837520">
    <ele>2523.6</ele>
   </trkpt>
   <trkpt lat="-7.9711750" lon="113.5837370">
    <ele>2524.0</ele>
   </trkpt>
   <trkpt lat="-7.9711470" lon="113.5837370">
    <ele>2524.2</ele>
   </trkpt>
   <trkpt lat="-7.9711120" lon="113.5837520">
    <ele>2524.3</ele>
   </trkpt>
   <trkpt lat="-7.9710750" lon="113.5837570">
    <ele>2524.4</ele>
   </trkpt>
   <trkpt lat="-7.9710430" lon="113.5837430">
    <ele>2524.5</ele>
   </trkpt>
   <trkpt lat="-7.9710150" lon="113.5837220">
    <ele>2524.5</ele>
   </trkpt>
   <trkpt lat="-7.9709830" lon="113.5837100">
    <ele>2524.6</ele>
   </trkpt>
   <trkpt lat="-7.9709570" lon="113.5837030">
    <ele>2524.6</ele>
   </trkpt>
   <trkpt lat="-7.9709400" lon="113.5836800">
    <ele>2524.6</ele>
   </trkpt>
   <trkpt lat="-7.9709250" lon="113.5836570">
    <ele>2524.6</ele>
   </trkpt>
   <trkpt lat="-7.9708950" lon="113.5836430">
    <ele>2524.6</ele>
   </trkpt>
   <trkpt lat="-7.9708650" lon="113.5836320">
    <ele>2524.5</ele>
   </trkpt>
   <trkpt lat="-7.9708370" lon="113.5836150">
    <ele>2524.3</ele>
   </trkpt>
   <trkpt lat="-7.9708070" lon="113.5835980">
    <ele>2523.9</ele>
   </trkpt>
   <trkpt lat="-7.9707820" lon="113.5835830">
    <ele>2523.5</ele>
   </trkpt>
   <trkpt lat="-7.9707530" lon="113.5835650">
    <ele>2522.9</ele>
   </trkpt>
   <trkpt lat="-7.9707150" lon="113.5835580">
    <ele>2522.3</ele>
   </trkpt>
   <trkpt lat="-7.9706800" lon="113.5835580">
    <ele>2521.7</ele>
   </trkpt>
   <trkpt lat="-7.9706570" lon="113.5835430">
    <ele>2521.4</ele>
   </trkpt>
   <trkpt lat="-7.9706250" lon="113.5835230">
    <ele>2521.2</ele>
   </trkpt>
   <trkpt lat="-7.9705970" lon="113.5835020">
    <ele>2521.0</ele>
   </trkpt>
   <trkpt lat="-7.9705800" lon="113.5834800">
    <ele>2520.9</ele>
   </trkpt>
   <trkpt lat="-7.9705580" lon="113.5834580">
    <ele>2520.9</ele>
   </trkpt>
   <trkpt lat="-7.9705420" lon="113.5834280">
    <ele>2520.8</ele>
   </trkpt>
   <trkpt lat="-7.9705270" lon="113.5834020">
    <ele>2520.8</ele>
   </trkpt>
   <trkpt lat="-7.9705000" lon="113.5833780">
    <ele>2520.9</ele>
   </trkpt>
   <trkpt lat="-7.9704730" lon="113.5833530">
    <ele>2521.0</ele>
   </trkpt>
   <trkpt lat="-7.9704580" lon="113.5833280">
    <ele>2521.2</ele>
   </trkpt>
   <trkpt lat="-7.9704430" lon="113.5832980">
    <ele>2521.4</ele>
   </trkpt>
   <trkpt lat="-7.9704350" lon="113.5832680">
    <ele>2521.7</ele>
   </trkpt>
   <trkpt lat="-7.9704250" lon="113.5832350">
    <ele>2522.0</ele>
   </trkpt>
   <trkpt lat="-7.9704130" lon="113.5832030">
    <ele>2522.3</ele>
   </trkpt>
   <trkpt lat="-7.9704080" lon="113.5831720">
    <ele>2522.6</ele>
   </trkpt>
   <trkpt lat="-7.9703880" lon="113.5831500">
    <ele>2522.8</ele>
   </trkpt>
   <trkpt lat="-7.9703670" lon="113.5831250">
    <ele>2523.2</ele>
   </trkpt>
   <trkpt lat="-7.9703470" lon="113.5830920">
    <ele>2523.8</ele>
   </trkpt>
   <trkpt lat="-7.9703320" lon="113.5830620">
    <ele>2524.5</ele>
   </trkpt>
   <trkpt lat="-7.9703070" lon="113.5830430">
    <ele>2525.5</ele>
   </trkpt>
   <trkpt lat="-7.9702780" lon="113.5830280">
    <ele>2526.5</ele>
   </trkpt>
   <trkpt lat="-7.9702580" lon="113.5830100">
    <ele>2527.1</ele>
   </trkpt>
   <trkpt lat="-7.9702300" lon="113.5829930">
    <ele>2527.9</ele>
   </trkpt>
   <trkpt lat="-7.9702180" lon="113.5829650">
    <ele>2529.1</ele>
   </trkpt>
   <trkpt lat="-7.9702030" lon="113.5829380">
    <ele>2530.5</ele>
   </trkpt>
   <trkpt lat="-7.9701820" lon="113.5829180">
    <ele>2531.8</ele>
   </trkpt>
   <trkpt lat="-7.9701720" lon="113.5828920">
    <ele>2532.6</ele>
   </trkpt>
   <trkpt lat="-7.9701520" lon="113.5828630">
    <ele>2533.5</ele>
   </trkpt>
   <trkpt lat="-7.9701320" lon="113.5828400">
    <ele>2534.5</ele>
   </trkpt>
   <trkpt lat="-7.9701250" lon="113.5828080">
    <ele>2535.4</ele>
   </trkpt>
   <trkpt lat="-7.9701070" lon="113.5827820">
    <ele>2536.3</ele>
   </trkpt>
   <trkpt lat="-7.9700830" lon="113.5827630">
    <ele>2537.1</ele>
   </trkpt>
   <trkpt lat="-7.9700680" lon="113.5827380">
    <ele>2538.0</ele>
   </trkpt>
   <trkpt lat="-7.9700620" lon="113.5827100">
    <ele>2538.9</ele>
   </trkpt>
   <trkpt lat="-7.9700400" lon="113.5826920">
    <ele>2539.6</ele>
   </trkpt>
   <trkpt lat="-7.9700220" lon="113.5826550">
    <ele>2540.8</ele>
   </trkpt>
   <trkpt lat="-7.9700100" lon="113.5826230">
    <ele>2542.1</ele>
   </trkpt>
   <trkpt lat="-7.9700020" lon="113.5825930">
    <ele>2543.4</ele>
   </trkpt>
   <trkpt lat="-7.9699720" lon="113.5825730">
    <ele>2544.3</ele>
   </trkpt>
   <trkpt lat="-7.9699450" lon="113.5825520">
    <ele>2545.1</ele>
   </trkpt>
   <trkpt lat="-7.9699230" lon="113.5825230">
    <ele>2546.3</ele>
   </trkpt>
   <trkpt lat="-7.9699080" lon="113.5824970">
    <ele>2547.4</ele>
   </trkpt>
   <trkpt lat="-7.9698980" lon="113.5824680">
    <ele>2547.9</ele>
   </trkpt>
   <trkpt lat="-7.9698900" lon="113.5824400">
    <ele>2548.4</ele>
   </trkpt>
   <trkpt lat="-7.9698600" lon="113.5824300">
    <ele>2549.1</ele>
   </trkpt>
   <trkpt lat="-7.9698430" lon="113.5824030">
    <ele>2549.6</ele>
   </trkpt>
   <trkpt lat="-7.9698250" lon="113.5823830">
    <ele>2550.0</ele>
   </trkpt>
   <trkpt lat="-7.9697980" lon="113.5823670">
    <ele>2550.4</ele>
   </trkpt>
   <trkpt lat="-7.9697700" lon="113.5823550">
    <ele>2550.6</ele>
   </trkpt>
   <trkpt lat="-7.9697480" lon="113.5823380">
    <ele>2550.9</ele>
   </trkpt>
   <trkpt lat="-7.9697200" lon="113.5823270">
    <ele>2551.1</ele>
   </trkpt>
   <trkpt lat="-7.9696920" lon="113.5823230">
    <ele>2551.1</ele>
   </trkpt>
   <trkpt lat="-7.9696650" lon="113.5823050">
    <ele>2551.1</ele>
   </trkpt>
   <trkpt lat="-7.9696380" lon="113.5822880">
    <ele>2551.0</ele>
   </trkpt>
   <trkpt lat="-7.9696100" lon="113.5822650">
    <ele>2550.9</ele>
   </trkpt>
   <trkpt lat="-7.9695900" lon="113.5822420">
    <ele>2550.7</ele>
   </trkpt>
   <trkpt lat="-7.9695720" lon="113.5822180">
    <ele>2550.3</ele>
   </trkpt>
   <trkpt lat="-7.9695450" lon="113.5821930">
    <ele>2549.9</ele>
   </trkpt>
   <trkpt lat="-7.9695280" lon="113.5821720">
    <ele>2549.6</ele>
   </trkpt>
   <trkpt lat="-7.9695100" lon="113.5821420">
    <ele>2549.4</ele>
   </trkpt>
   <trkpt lat="-7.9694820" lon="113.5821330">
    <ele>2549.2</ele>
   </trkpt>
   <trkpt lat="-7.9694600" lon="113.5821150">
    <ele>2549.2</ele>
   </trkpt>
   <trkpt lat="-7.9694330" lon="113.5821050">
    <ele>2549.2</ele>
   </trkpt>
   <trkpt lat="-7.9694030" lon="113.5820950">
    <ele>2549.3</ele>
   </trkpt>
   <trkpt lat="-7.9693680" lon="113.5820820">
    <ele>2549.3</ele>
   </trkpt>
   <trkpt lat="-7.9693430" lon="113.5820680">
    <ele>2549.6</ele>
   </trkpt>
   <trkpt lat="-7.9693100" lon="113.5820580">
    <ele>2550.1</ele>
   </trkpt>
   <trkpt lat="-7.9692770" lon="113.5820570">
    <ele>2550.6</ele>
   </trkpt>
   <trkpt lat="-7.9692480" lon="113.5820720">
    <ele>2550.9</ele>
   </trkpt>
   <trkpt lat="-7.9692150" lon="113.5820780">
    <ele>2551.3</ele>
   </trkpt>
   <trkpt lat="-7.9691780" lon="113.5820880">
    <ele>2551.9</ele>
   </trkpt>
   <trkpt lat="-7.9691570" lon="113.5821050">
    <ele>2552.3</ele>
   </trkpt>
   <trkpt lat="-7.9691320" lon="113.5821180">
    <ele>2552.4</ele>
   </trkpt>
   <trkpt lat="-7.9691070" lon="113.5821330">
    <ele>2552.5</ele>
   </trkpt>
   <trkpt lat="-7.9690830" lon="113.5821550">
    <ele>2553.2</ele>
   </trkpt>
   <trkpt lat="-7.9690520" lon="113.5821700">
    <ele>2553.8</ele>
   </trkpt>
   <trkpt lat="-7.9690330" lon="113.5822020">
    <ele>2554.0</ele>
   </trkpt>
   <trkpt lat="-7.9690370" lon="113.5822370">
    <ele>2554.2</ele>
   </trkpt>
   <trkpt lat="-7.9690150" lon="113.5822570">
    <ele>2554.4</ele>
   </trkpt>
   <trkpt lat="-7.9689980" lon="113.5822850">
    <ele>2554.6</ele>
   </trkpt>
   <trkpt lat="-7.9689730" lon="113.5823020">
    <ele>2554.8</ele>
   </trkpt>
   <trkpt lat="-7.9689430" lon="113.5823130">
    <ele>2555.0</ele>
   </trkpt>
   <trkpt lat="-7.9689050" lon="113.5823100">
    <ele>2555.2</ele>
   </trkpt>
   <trkpt lat="-7.9688800" lon="113.5822980">
    <ele>2555.4</ele>
   </trkpt>
   <trkpt lat="-7.9688480" lon="113.5822980">
    <ele>2555.7</ele>
   </trkpt>
   <trkpt lat="-7.9688130" lon="113.5822920">
    <ele>2556.0</ele>
   </trkpt>
   <trkpt lat="-7.9687900" lon="113.5822680">
    <ele>2556.2</ele>
   </trkpt>
   <trkpt lat="-7.9687600" lon="113.5822600">
    <ele>2556.5</ele>
   </trkpt>
   <trkpt lat="-7.9687270" lon="113.5822430">
    <ele>2556.8</ele>
   </trkpt>
   <trkpt lat="-7.9686920" lon="113.5822450">
    <ele>2557.2</ele>
   </trkpt>
   <trkpt lat="-7.9686650" lon="113.5822650">
    <ele>2557.2</ele>
   </trkpt>
   <trkpt lat="-7.9686430" lon="113.5822820">
    <ele>2557.2</ele>
   </trkpt>
   <trkpt lat="-7.9686120" lon="113.5822920">
    <ele>2557.3</ele>
   </trkpt>
   <trkpt lat="-7.9685750" lon="113.5822970">
    <ele>2557.5</ele>
   </trkpt>
   <trkpt lat="-7.9685500" lon="113.5823080">
    <ele>2557.6</ele>
   </trkpt>
   <trkpt lat="-7.9685220" lon="113.5823320">
    <ele>2557.8</ele>
   </trkpt>
   <trkpt lat="-7.9684970" lon="113.5823450">
    <ele>2557.9</ele>
   </trkpt>
   <trkpt lat="-7.9684600" lon="113.5823480">
    <ele>2558.0</ele>
   </trkpt>
   <trkpt lat="-7.9684300" lon="113.5823700">
    <ele>2558.0</ele>
   </trkpt>
   <trkpt lat="-7.9684020" lon="113.5823780">
    <ele>2558.3</ele>
   </trkpt>
   <trkpt lat="-7.9683750" lon="113.5823870">
    <ele>2558.6</ele>
   </trkpt>
   <trkpt lat="-7.9683430" lon="113.5824080">
    <ele>2559.0</ele>
   </trkpt>
   <trkpt lat="-7.9683180" lon="113.5824400">
    <ele>2559.4</ele>
   </trkpt>
   <trkpt lat="-7.9682950" lon="113.5824550">
    <ele>2559.6</ele>
   </trkpt>
   <trkpt lat="-7.9682750" lon="113.5824770">
    <ele>2560.3</ele>
   </trkpt>
   <trkpt lat="-7.9682650" lon="113.5825030">
    <ele>2561.0</ele>
   </trkpt>
   <trkpt lat="-7.9682530" lon="113.5825300">
    <ele>2561.7</ele>
   </trkpt>
   <trkpt lat="-7.9682250" lon="113.5825470">
    <ele>2562.2</ele>
   </trkpt>
   <trkpt lat="-7.9681930" lon="113.5825550">
    <ele>2562.8</ele>
   </trkpt>
   <trkpt lat="-7.9681630" lon="113.5825630">
    <ele>2563.5</ele>
   </trkpt>
   <trkpt lat="-7.9681370" lon="113.5825680">
    <ele>2564.2</ele>
   </trkpt>
   <trkpt lat="-7.9681030" lon="113.5825670">
    <ele>2565.1</ele>
   </trkpt>
   <trkpt lat="-7.9680650" lon="113.5825670">
    <ele>2566.1</ele>
   </trkpt>
   <trkpt lat="-7.9680350" lon="113.5825720">
    <ele>2566.8</ele>
   </trkpt>
   <trkpt lat="-7.9680080" lon="113.5825850">
    <ele>2567.5</ele>
   </trkpt>
   <trkpt lat="-7.9679870" lon="113.5826050">
    <ele>2568.3</ele>
   </trkpt>
   <trkpt lat="-7.9679600" lon="113.5826230">
    <ele>2569.1</ele>
   </trkpt>
   <trkpt lat="-7.9679420" lon="113.5826520">
    <ele>2569.6</ele>
   </trkpt>
   <trkpt lat="-7.9679150" lon="113.5826720">
    <ele>2569.8</ele>
   </trkpt>
   <trkpt lat="-7.9678800" lon="113.5826850">
    <ele>2570.0</ele>
   </trkpt>
   <trkpt lat="-7.9678470" lon="113.5827000">
    <ele>2570.0</ele>
   </trkpt>
   <trkpt lat="-7.9678120" lon="113.5827080">
    <ele>2570.1</ele>
   </trkpt>
   <trkpt lat="-7.9677770" lon="113.5827080">
    <ele>2570.4</ele>
   </trkpt>
   <trkpt lat="-7.9677470" lon="113.5827150">
    <ele>2570.7</ele>
   </trkpt>
   <trkpt lat="-7.9677250" lon="113.5827330">
    <ele>2571.1</ele>
   </trkpt>
   <trkpt lat="-7.9677050" lon="113.5827530">
    <ele>2571.4</ele>
   </trkpt>
   <trkpt lat="-7.9676800" lon="113.5827770">
    <ele>2571.8</ele>
   </trkpt>
   <trkpt lat="-7.9676600" lon="113.5828020">
    <ele>2572.1</ele>
   </trkpt>
   <trkpt lat="-7.9676430" lon="113.5828270">
    <ele>2572.5</ele>
   </trkpt>
   <trkpt lat="-7.9676350" lon="113.5828550">
    <ele>2572.8</ele>
   </trkpt>
   <trkpt lat="-7.9676080" lon="113.5828720">
    <ele>2573.2</ele>
   </trkpt>
   <trkpt lat="-7.9675750" lon="113.5828870">
    <ele>2573.7</ele>
   </trkpt>
   <trkpt lat="-7.9675530" lon="113.5829030">
    <ele>2574.0</ele>
   </trkpt>
   <trkpt lat="-7.9675280" lon="113.5829150">
    <ele>2574.4</ele>
   </trkpt>
   <trkpt lat="-7.9674900" lon="113.5829280">
    <ele>2575.6</ele>
   </trkpt>
   <trkpt lat="-7.9674630" lon="113.5829450">
    <ele>2576.4</ele>
   </trkpt>
   <trkpt lat="-7.9674380" lon="113.5829580">
    <ele>2577.0</ele>
   </trkpt>
   <trkpt lat="-7.9674100" lon="113.5829750">
    <ele>2577.7</ele>
   </trkpt>
   <trkpt lat="-7.9673830" lon="113.5829980">
    <ele>2579.3</ele>
   </trkpt>
   <trkpt lat="-7.9673620" lon="113.5830150">
    <ele>2580.2</ele>
   </trkpt>
   <trkpt lat="-7.9673370" lon="113.5830280">
    <ele>2579.9</ele>
   </trkpt>
   <trkpt lat="-7.9673130" lon="113.5830500">
    <ele>2579.5</ele>
   </trkpt>
   <trkpt lat="-7.9672880" lon="113.5830730">
    <ele>2579.1</ele>
   </trkpt>
   <trkpt lat="-7.9672620" lon="113.5830970">
    <ele>2578.5</ele>
   </trkpt>
   <trkpt lat="-7.9672450" lon="113.5831250">
    <ele>2577.9</ele>
   </trkpt>
   <trkpt lat="-7.9672170" lon="113.5831550">
    <ele>2577.7</ele>
   </trkpt>
   <trkpt lat="-7.9671970" lon="113.5831730">
    <ele>2577.5</ele>
   </trkpt>
   <trkpt lat="-7.9671630" lon="113.5831950">
    <ele>2577.1</ele>
   </trkpt>
   <trkpt lat="-7.9671370" lon="113.5832130">
    <ele>2576.3</ele>
   </trkpt>
   <trkpt lat="-7.9671170" lon="113.5832320">
    <ele>2575.6</ele>
   </trkpt>
   <trkpt lat="-7.9671180" lon="113.5832620">
    <ele>2575.1</ele>
   </trkpt>
   <trkpt lat="-7.9670950" lon="113.5832830">
    <ele>2574.7</ele>
   </trkpt>
   <trkpt lat="-7.9670950" lon="113.5833180">
    <ele>2574.2</ele>
   </trkpt>
   <trkpt lat="-7.9671100" lon="113.5833430">
    <ele>2573.6</ele>
   </trkpt>
   <trkpt lat="-7.9671220" lon="113.5833800">
    <ele>2572.7</ele>
   </trkpt>
   <trkpt lat="-7.9671130" lon="113.5834120">
    <ele>2572.0</ele>
   </trkpt>
   <trkpt lat="-7.9670970" lon="113.5834330">
    <ele>2571.8</ele>
   </trkpt>
   <trkpt lat="-7.9670780" lon="113.5834570">
    <ele>2571.6</ele>
   </trkpt>
   <trkpt lat="-7.9670580" lon="113.5834750">
    <ele>2571.4</ele>
   </trkpt>
   <trkpt lat="-7.9670370" lon="113.5835030">
    <ele>2571.7</ele>
   </trkpt>
   <trkpt lat="-7.9670280" lon="113.5835400">
    <ele>2572.2</ele>
   </trkpt>
   <trkpt lat="-7.9670100" lon="113.5835650">
    <ele>2572.7</ele>
   </trkpt>
   <trkpt lat="-7.9669920" lon="113.5835970">
    <ele>2573.3</ele>
   </trkpt>
   <trkpt lat="-7.9669720" lon="113.5836250">
    <ele>2574.2</ele>
   </trkpt>
   <trkpt lat="-7.9669450" lon="113.5836420">
    <ele>2575.4</ele>
   </trkpt>
   <trkpt lat="-7.9669220" lon="113.5836600">
    <ele>2576.5</ele>
   </trkpt>
   <trkpt lat="-7.9669020" lon="113.5836880">
    <ele>2577.2</ele>
   </trkpt>
   <trkpt lat="-7.9668870" lon="113.5837130">
    <ele>2577.8</ele>
   </trkpt>
   <trkpt lat="-7.9668630" lon="113.5837400">
    <ele>2578.5</ele>
   </trkpt>
   <trkpt lat="-7.9668420" lon="113.5837730">
    <ele>2579.7</ele>
   </trkpt>
   <trkpt lat="-7.9668200" lon="113.5837980">
    <ele>2580.6</ele>
   </trkpt>
   <trkpt lat="-7.9667980" lon="113.5838170">
    <ele>2581.3</ele>
   </trkpt>
   <trkpt lat="-7.9667750" lon="113.5838330">
    <ele>2581.8</ele>
   </trkpt>
   <trkpt lat="-7.9667520" lon="113.5838480">
    <ele>2582.4</ele>
   </trkpt>
   <trkpt lat="-7.9667280" lon="113.5838700">
    <ele>2582.7</ele>
   </trkpt>
   <trkpt lat="-7.9667000" lon="113.5838970">
    <ele>2583.1</ele>
   </trkpt>
   <trkpt lat="-7.9666780" lon="113.5839170">
    <ele>2583.2</ele>
   </trkpt>
   <trkpt lat="-7.9666480" lon="113.5839430">
    <ele>2583.4</ele>
   </trkpt>
   <trkpt lat="-7.9666150" lon="113.5839650">
    <ele>2583.5</ele>
   </trkpt>
   <trkpt lat="-7.9665920" lon="113.5839830">
    <ele>2583.4</ele>
   </trkpt>
   <trkpt lat="-7.9665700" lon="113.5840000">
    <ele>2583.4</ele>
   </trkpt>
   <trkpt lat="-7.9665500" lon="113.5840320">
    <ele>2583.4</ele>
   </trkpt>
   <trkpt lat="-7.9665250" lon="113.5840550">
    <ele>2583.4</ele>
   </trkpt>
   <trkpt lat="-7.9664900" lon="113.5840750">
    <ele>2583.4</ele>
   </trkpt>
   <trkpt lat="-7.9664650" lon="113.5841000">
    <ele>2583.5</ele>
   </trkpt>
   <trkpt lat="-7.9664380" lon="113.5841280">
    <ele>2583.6</ele>
   </trkpt>
   <trkpt lat="-7.9664150" lon="113.5841470">
    <ele>2583.8</ele>
   </trkpt>
   <trkpt lat="-7.9663900" lon="113.5841620">
    <ele>2584.1</ele>
   </trkpt>
   <trkpt lat="-7.9663680" lon="113.5841780">
    <ele>2584.3</ele>
   </trkpt>
   <trkpt lat="-7.9663500" lon="113.5842020">
    <ele>2584.5</ele>
   </trkpt>
   <trkpt lat="-7.9663250" lon="113.5842250">
    <ele>2584.7</ele>
   </trkpt>
   <trkpt lat="-7.9663080" lon="113.5842470">
    <ele>2585.1</ele>
   </trkpt>
   <trkpt lat="-7.9662900" lon="113.5842720">
    <ele>2585.5</ele>
   </trkpt>
   <trkpt lat="-7.9662650" lon="113.5843030">
    <ele>2586.1</ele>
   </trkpt>
   <trkpt lat="-7.9662480" lon="113.5843250">
    <ele>2586.3</ele>
   </trkpt>
   <trkpt lat="-7.9662270" lon="113.5843520">
    <ele>2586.7</ele>
   </trkpt>
   <trkpt lat="-7.9661980" lon="113.5843770">
    <ele>2587.1</ele>
   </trkpt>
   <trkpt lat="-7.9661730" lon="113.5843930">
    <ele>2587.6</ele>
   </trkpt>
   <trkpt lat="-7.9661450" lon="113.5844170">
    <ele>2588.1</ele>
   </trkpt>
   <trkpt lat="-7.9661230" lon="113.5844500">
    <ele>2588.5</ele>
   </trkpt>
   <trkpt lat="-7.9661000" lon="113.5844650">
    <ele>2588.8</ele>
   </trkpt>
   <trkpt lat="-7.9660730" lon="113.5844730">
    <ele>2589.2</ele>
   </trkpt>
   <trkpt lat="-7.9660450" lon="113.5844830">
    <ele>2589.6</ele>
   </trkpt>
   <trkpt lat="-7.9660220" lon="113.5845050">
    <ele>2590.1</ele>
   </trkpt>
   <trkpt lat="-7.9660000" lon="113.5845270">
    <ele>2590.5</ele>
   </trkpt>
   <trkpt lat="-7.9659800" lon="113.5845520">
    <ele>2590.8</ele>
   </trkpt>
   <trkpt lat="-7.9659680" lon="113.5846020">
    <ele>2591.4</ele>
   </trkpt>
   <trkpt lat="-7.9659500" lon="113.5846300">
    <ele>2591.8</ele>
   </trkpt>
   <trkpt lat="-7.9659400" lon="113.5846750">
    <ele>2592.3</ele>
   </trkpt>
   <trkpt lat="-7.9659200" lon="113.5847080">
    <ele>2592.6</ele>
   </trkpt>
   <trkpt lat="-7.9658800" lon="113.5847120">
    <ele>2593.0</ele>
   </trkpt>
   <trkpt lat="-7.9658450" lon="113.5847130">
    <ele>2593.5</ele>
   </trkpt>
   <trkpt lat="-7.9658120" lon="113.5847120">
    <ele>2593.9</ele>
   </trkpt>
   <trkpt lat="-7.9657780" lon="113.5847030">
    <ele>2594.3</ele>
   </trkpt>
   <trkpt lat="-7.9657400" lon="113.5846920">
    <ele>2594.6</ele>
   </trkpt>
   <trkpt lat="-7.9657120" lon="113.5846930">
    <ele>2594.7</ele>
   </trkpt>
   <trkpt lat="-7.9656850" lon="113.5847000">
    <ele>2594.7</ele>
   </trkpt>
   <trkpt lat="-7.9656570" lon="113.5847080">
    <ele>2594.4</ele>
   </trkpt>
   <trkpt lat="-7.9656250" lon="113.5847120">
    <ele>2594.0</ele>
   </trkpt>
   <trkpt lat="-7.9655980" lon="113.5847000">
    <ele>2593.7</ele>
   </trkpt>
   <trkpt lat="-7.9655670" lon="113.5846730">
    <ele>2593.4</ele>
   </trkpt>
   <trkpt lat="-7.9655350" lon="113.5846530">
    <ele>2592.9</ele>
   </trkpt>
   <trkpt lat="-7.9655020" lon="113.5846400">
    <ele>2592.1</ele>
   </trkpt>
   <trkpt lat="-7.9654700" lon="113.5846330">
    <ele>2591.7</ele>
   </trkpt>
   <trkpt lat="-7.9654400" lon="113.5846220">
    <ele>2591.4</ele>
   </trkpt>
   <trkpt lat="-7.9654080" lon="113.5846120">
    <ele>2591.1</ele>
   </trkpt>
   <trkpt lat="-7.9653700" lon="113.5845970">
    <ele>2590.9</ele>
   </trkpt>
   <trkpt lat="-7.9653430" lon="113.5845880">
    <ele>2590.8</ele>
   </trkpt>
   <trkpt lat="-7.9653080" lon="113.5845650">
    <ele>2590.8</ele>
   </trkpt>
   <trkpt lat="-7.9652830" lon="113.5845480">
    <ele>2590.9</ele>
   </trkpt>
   <trkpt lat="-7.9652470" lon="113.5845500">
    <ele>2591.0</ele>
   </trkpt>
   <trkpt lat="-7.9652150" lon="113.5845580">
    <ele>2591.1</ele>
   </trkpt>
   <trkpt lat="-7.9651880" lon="113.5845650">
    <ele>2591.2</ele>
   </trkpt>
   <trkpt lat="-7.9651570" lon="113.5845670">
    <ele>2591.4</ele>
   </trkpt>
   <trkpt lat="-7.9651250" lon="113.5845570">
    <ele>2591.7</ele>
   </trkpt>
   <trkpt lat="-7.9650950" lon="113.5845530">
    <ele>2591.9</ele>
   </trkpt>
   <trkpt lat="-7.9650700" lon="113.5845700">
    <ele>2592.0</ele>
   </trkpt>
   <trkpt lat="-7.9650430" lon="113.5845830">
    <ele>2592.1</ele>
   </trkpt>
   <trkpt lat="-7.9650220" lon="113.5846030">
    <ele>2592.5</ele>
   </trkpt>
   <trkpt lat="-7.9649920" lon="113.5846220">
    <ele>2592.9</ele>
   </trkpt>
   <trkpt lat="-7.9649630" lon="113.5846300">
    <ele>2593.2</ele>
   </trkpt>
   <trkpt lat="-7.9649330" lon="113.5846300">
    <ele>2593.4</ele>
   </trkpt>
   <trkpt lat="-7.9649030" lon="113.5846380">
    <ele>2593.9</ele>
   </trkpt>
   <trkpt lat="-7.9648770" lon="113.5846450">
    <ele>2594.4</ele>
   </trkpt>
   <trkpt lat="-7.9648450" lon="113.5846480">
    <ele>2595.1</ele>
   </trkpt>
   <trkpt lat="-7.9648080" lon="113.5846580">
    <ele>2595.6</ele>
   </trkpt>
   <trkpt lat="-7.9647770" lon="113.5846730">
    <ele>2596.0</ele>
   </trkpt>
   <trkpt lat="-7.9647430" lon="113.5846750">
    <ele>2596.3</ele>
   </trkpt>
   <trkpt lat="-7.9647150" lon="113.5846780">
    <ele>2596.5</ele>
   </trkpt>
   <trkpt lat="-7.9646800" lon="113.5846800">
    <ele>2596.8</ele>
   </trkpt>
   <trkpt lat="-7.9646580" lon="113.5846980">
    <ele>2597.1</ele>
   </trkpt>
   <trkpt lat="-7.9646280" lon="113.5847230">
    <ele>2597.4</ele>
   </trkpt>
   <trkpt lat="-7.9645980" lon="113.5847380">
    <ele>2597.6</ele>
   </trkpt>
   <trkpt lat="-7.9645670" lon="113.5847480">
    <ele>2597.9</ele>
   </trkpt>
   <trkpt lat="-7.9645330" lon="113.5847570">
    <ele>2598.4</ele>
   </trkpt>
   <trkpt lat="-7.9645050" lon="113.5847570">
    <ele>2598.8</ele>
   </trkpt>
   <trkpt lat="-7.9644700" lon="113.5847500">
    <ele>2599.5</ele>
   </trkpt>
   <trkpt lat="-7.9644320" lon="113.5847430">
    <ele>2600.5</ele>
   </trkpt>
   <trkpt lat="-7.9644000" lon="113.5847400">
    <ele>2601.3</ele>
   </trkpt>
   <trkpt lat="-7.9643680" lon="113.5847470">
    <ele>2602.2</ele>
   </trkpt>
   <trkpt lat="-7.9643330" lon="113.5847480">
    <ele>2603.2</ele>
   </trkpt>
   <trkpt lat="-7.9643100" lon="113.5847630">
    <ele>2603.9</ele>
   </trkpt>
   <trkpt lat="-7.9642750" lon="113.5847720">
    <ele>2604.7</ele>
   </trkpt>
   <trkpt lat="-7.9642480" lon="113.5847830">
    <ele>2605.4</ele>
   </trkpt>
   <trkpt lat="-7.9642200" lon="113.5847980">
    <ele>2606.6</ele>
   </trkpt>
   <trkpt lat="-7.9641880" lon="113.5848130">
    <ele>2608.0</ele>
   </trkpt>
   <trkpt lat="-7.9641530" lon="113.5848270">
    <ele>2608.6</ele>
   </trkpt>
   <trkpt lat="-7.9641250" lon="113.5848420">
    <ele>2609.0</ele>
   </trkpt>
   <trkpt lat="-7.9640980" lon="113.5848600">
    <ele>2609.9</ele>
   </trkpt>
   <trkpt lat="-7.9640720" lon="113.5848820">
    <ele>2610.9</ele>
   </trkpt>
   <trkpt lat="-7.9640530" lon="113.5849080">
    <ele>2611.7</ele>
   </trkpt>
   <trkpt lat="-7.9640370" lon="113.5849320">
    <ele>2612.1</ele>
   </trkpt>
   <trkpt lat="-7.9640200" lon="113.5849600">
    <ele>2612.5</ele>
   </trkpt>
   <trkpt lat="-7.9640030" lon="113.5849820">
    <ele>2613.0</ele>
   </trkpt>
   <trkpt lat="-7.9639700" lon="113.5849850">
    <ele>2613.8</ele>
   </trkpt>
   <trkpt lat="-7.9639400" lon="113.5849830">
    <ele>2614.4</ele>
   </trkpt>
   <trkpt lat="-7.9639120" lon="113.5849830">
    <ele>2614.9</ele>
   </trkpt>
   <trkpt lat="-7.9638820" lon="113.5849850">
    <ele>2615.4</ele>
   </trkpt>
   <trkpt lat="-7.9638570" lon="113.5850070">
    <ele>2615.9</ele>
   </trkpt>
   <trkpt lat="-7.9638350" lon="113.5850250">
    <ele>2616.3</ele>
   </trkpt>
   <trkpt lat="-7.9638130" lon="113.5850430">
    <ele>2616.7</ele>
   </trkpt>
   <trkpt lat="-7.9637670" lon="113.5850620">
    <ele>2617.8</ele>
   </trkpt>
   <trkpt lat="-7.9637330" lon="113.5850720">
    <ele>2618.8</ele>
   </trkpt>
   <trkpt lat="-7.9637030" lon="113.5850800">
    <ele>2619.7</ele>
   </trkpt>
   <trkpt lat="-7.9636700" lon="113.5850830">
    <ele>2620.7</ele>
   </trkpt>
   <trkpt lat="-7.9636430" lon="113.5850920">
    <ele>2621.5</ele>
   </trkpt>
   <trkpt lat="-7.9636080" lon="113.5851050">
    <ele>2621.9</ele>
   </trkpt>
   <trkpt lat="-7.9635780" lon="113.5851070">
    <ele>2622.3</ele>
   </trkpt>
   <trkpt lat="-7.9635480" lon="113.5851080">
    <ele>2623.4</ele>
   </trkpt>
   <trkpt lat="-7.9635200" lon="113.5851070">
    <ele>2624.4</ele>
   </trkpt>
   <trkpt lat="-7.9634870" lon="113.5850970">
    <ele>2625.2</ele>
   </trkpt>
   <trkpt lat="-7.9634520" lon="113.5850920">
    <ele>2625.7</ele>
   </trkpt>
   <trkpt lat="-7.9634170" lon="113.5850770">
    <ele>2626.5</ele>
   </trkpt>
   <trkpt lat="-7.9633870" lon="113.5850720">
    <ele>2627.2</ele>
   </trkpt>
   <trkpt lat="-7.9633600" lon="113.5850630">
    <ele>2627.9</ele>
   </trkpt>
   <trkpt lat="-7.9633300" lon="113.5850620">
    <ele>2628.7</ele>
   </trkpt>
   <trkpt lat="-7.9633000" lon="113.5850530">
    <ele>2629.5</ele>
   </trkpt>
   <trkpt lat="-7.9632720" lon="113.5850480">
    <ele>2630.1</ele>
   </trkpt>
   <trkpt lat="-7.9632430" lon="113.5850300">
    <ele>2630.5</ele>
   </trkpt>
   <trkpt lat="-7.9632150" lon="113.5850120">
    <ele>2631.0</ele>
   </trkpt>
   <trkpt lat="-7.9631900" lon="113.5849970">
    <ele>2631.5</ele>
   </trkpt>
   <trkpt lat="-7.9631580" lon="113.5849750">
    <ele>2632.3</ele>
   </trkpt>
   <trkpt lat="-7.9631370" lon="113.5849520">
    <ele>2632.9</ele>
   </trkpt>
   <trkpt lat="-7.9631100" lon="113.5849300">
    <ele>2633.4</ele>
   </trkpt>
   <trkpt lat="-7.9630920" lon="113.5849100">
    <ele>2633.9</ele>
   </trkpt>
   <trkpt lat="-7.9630770" lon="113.5848800">
    <ele>2634.4</ele>
   </trkpt>
   <trkpt lat="-7.9630520" lon="113.5848570">
    <ele>2634.6</ele>
   </trkpt>
   <trkpt lat="-7.9630300" lon="113.5848300">
    <ele>2634.9</ele>
   </trkpt>
   <trkpt lat="-7.9630070" lon="113.5848080">
    <ele>2635.2</ele>
   </trkpt>
   <trkpt lat="-7.9629780" lon="113.5847880">
    <ele>2635.5</ele>
   </trkpt>
   <trkpt lat="-7.9629500" lon="113.5847820">
    <ele>2635.8</ele>
   </trkpt>
   <trkpt lat="-7.9629250" lon="113.5847580">
    <ele>2636.1</ele>
   </trkpt>
   <trkpt lat="-7.9629000" lon="113.5847370">
    <ele>2636.2</ele>
   </trkpt>
   <trkpt lat="-7.9628630" lon="113.5847220">
    <ele>2636.5</ele>
   </trkpt>
   <trkpt lat="-7.9628400" lon="113.5847050">
    <ele>2636.7</ele>
   </trkpt>
   <trkpt lat="-7.9628180" lon="113.5846880">
    <ele>2636.9</ele>
   </trkpt>
   <trkpt lat="-7.9627880" lon="113.5846720">
    <ele>2637.2</ele>
   </trkpt>
   <trkpt lat="-7.9627620" lon="113.5846570">
    <ele>2637.6</ele>
   </trkpt>
   <trkpt lat="-7.9627300" lon="113.5846500">
    <ele>2637.8</ele>
   </trkpt>
   <trkpt lat="-7.9626920" lon="113.5846450">
    <ele>2638.0</ele>
   </trkpt>
   <trkpt lat="-7.9626570" lon="113.5846400">
    <ele>2638.4</ele>
   </trkpt>
   <trkpt lat="-7.9626270" lon="113.5846430">
    <ele>2638.7</ele>
   </trkpt>
   <trkpt lat="-7.9625920" lon="113.5846430">
    <ele>2639.0</ele>
   </trkpt>
   <trkpt lat="-7.9625630" lon="113.5846430">
    <ele>2639.2</ele>
   </trkpt>
   <trkpt lat="-7.9625280" lon="113.5846480">
    <ele>2639.5</ele>
   </trkpt>
   <trkpt lat="-7.9624980" lon="113.5846530">
    <ele>2639.7</ele>
   </trkpt>
   <trkpt lat="-7.9624700" lon="113.5846620">
    <ele>2639.9</ele>
   </trkpt>
   <trkpt lat="-7.9624400" lon="113.5846780">
    <ele>2640.1</ele>
   </trkpt>
   <trkpt lat="-7.9624050" lon="113.5846870">
    <ele>2640.5</ele>
   </trkpt>
   <trkpt lat="-7.9623680" lon="113.5846970">
    <ele>2640.9</ele>
   </trkpt>
   <trkpt lat="-7.9623400" lon="113.5846980">
    <ele>2641.2</ele>
   </trkpt>
   <trkpt lat="-7.9623130" lon="113.5847080">
    <ele>2641.6</ele>
   </trkpt>
   <trkpt lat="-7.9622800" lon="113.5847200">
    <ele>2641.9</ele>
   </trkpt>
   <trkpt lat="-7.9622530" lon="113.5847330">
    <ele>2642.0</ele>
   </trkpt>
   <trkpt lat="-7.9622250" lon="113.5847500">
    <ele>2642.1</ele>
   </trkpt>
   <trkpt lat="-7.9621950" lon="113.5847680">
    <ele>2642.3</ele>
   </trkpt>
   <trkpt lat="-7.9621650" lon="113.5847850">
    <ele>2642.6</ele>
   </trkpt>
   <trkpt lat="-7.9621380" lon="113.5847920">
    <ele>2642.8</ele>
   </trkpt>
   <trkpt lat="-7.9621080" lon="113.5848030">
    <ele>2643.0</ele>
   </trkpt>
   <trkpt lat="-7.9620820" lon="113.5848170">
    <ele>2643.3</ele>
   </trkpt>
   <trkpt lat="-7.9620530" lon="113.5848230">
    <ele>2643.5</ele>
   </trkpt>
   <trkpt lat="-7.9620220" lon="113.5848400">
    <ele>2643.9</ele>
   </trkpt>
   <trkpt lat="-7.9620000" lon="113.5848580">
    <ele>2644.2</ele>
   </trkpt>
   <trkpt lat="-7.9619750" lon="113.5848720">
    <ele>2644.6</ele>
   </trkpt>
   <trkpt lat="-7.9619520" lon="113.5848920">
    <ele>2644.7</ele>
   </trkpt>
   <trkpt lat="-7.9619270" lon="113.5849050">
    <ele>2644.9</ele>
   </trkpt>
   <trkpt lat="-7.9618930" lon="113.5849100">
    <ele>2645.1</ele>
   </trkpt>
   <trkpt lat="-7.9618650" lon="113.5849050">
    <ele>2645.6</ele>
   </trkpt>
   <trkpt lat="-7.9618300" lon="113.5849220">
    <ele>2646.2</ele>
   </trkpt>
   <trkpt lat="-7.9617930" lon="113.5849220">
    <ele>2646.4</ele>
   </trkpt>
   <trkpt lat="-7.9617650" lon="113.5849220">
    <ele>2646.5</ele>
   </trkpt>
   <trkpt lat="-7.9617380" lon="113.5849330">
    <ele>2646.8</ele>
   </trkpt>
   <trkpt lat="-7.9617050" lon="113.5849450">
    <ele>2647.1</ele>
   </trkpt>
   <trkpt lat="-7.9616650" lon="113.5849480">
    <ele>2647.6</ele>
   </trkpt>
   <trkpt lat="-7.9616320" lon="113.5849420">
    <ele>2648.0</ele>
   </trkpt>
   <trkpt lat="-7.9615900" lon="113.5849470">
    <ele>2648.4</ele>
   </trkpt>
   <trkpt lat="-7.9615630" lon="113.5849600">
    <ele>2648.7</ele>
   </trkpt>
   <trkpt lat="-7.9615350" lon="113.5849730">
    <ele>2649.2</ele>
   </trkpt>
   <trkpt lat="-7.9614980" lon="113.5849730">
    <ele>2650.0</ele>
   </trkpt>
   <trkpt lat="-7.9614700" lon="113.5849730">
    <ele>2650.5</ele>
   </trkpt>
   <trkpt lat="-7.9614370" lon="113.5849770">
    <ele>2651.2</ele>
   </trkpt>
   <trkpt lat="-7.9614030" lon="113.5849900">
    <ele>2652.0</ele>
   </trkpt>
   <trkpt lat="-7.9613650" lon="113.5850070">
    <ele>2653.1</ele>
   </trkpt>
   <trkpt lat="-7.9613300" lon="113.5850050">
    <ele>2653.8</ele>
   </trkpt>
   <trkpt lat="-7.9613000" lon="113.5850170">
    <ele>2654.0</ele>
   </trkpt>
   <trkpt lat="-7.9612820" lon="113.5850470">
    <ele>2654.2</ele>
   </trkpt>
   <trkpt lat="-7.9612570" lon="113.5850670">
    <ele>2654.3</ele>
   </trkpt>
   <trkpt lat="-7.9612300" lon="113.5850830">
    <ele>2654.5</ele>
   </trkpt>
   <trkpt lat="-7.9611980" lon="113.5850930">
    <ele>2655.1</ele>
   </trkpt>
   <trkpt lat="-7.9611700" lon="113.5851030">
    <ele>2655.8</ele>
   </trkpt>
   <trkpt lat="-7.9611380" lon="113.5851150">
    <ele>2656.6</ele>
   </trkpt>
   <trkpt lat="-7.9611050" lon="113.5851330">
    <ele>2657.6</ele>
   </trkpt>
   <trkpt lat="-7.9610630" lon="113.5851400">
    <ele>2658.9</ele>
   </trkpt>
   <trkpt lat="-7.9610300" lon="113.5851330">
    <ele>2660.2</ele>
   </trkpt>
   <trkpt lat="-7.9610020" lon="113.5851470">
    <ele>2661.5</ele>
   </trkpt>
   <trkpt lat="-7.9609780" lon="113.5851680">
    <ele>2662.0</ele>
   </trkpt>
   <trkpt lat="-7.9609430" lon="113.5851730">
    <ele>2662.6</ele>
   </trkpt>
   <trkpt lat="-7.9609200" lon="113.5851530">
    <ele>2663.5</ele>
   </trkpt>
   <trkpt lat="-7.9608900" lon="113.5851330">
    <ele>2664.5</ele>
   </trkpt>
   <trkpt lat="-7.9608620" lon="113.5851200">
    <ele>2665.1</ele>
   </trkpt>
   <trkpt lat="-7.9608330" lon="113.5851070">
    <ele>2665.6</ele>
   </trkpt>
   <trkpt lat="-7.9608070" lon="113.5850970">
    <ele>2665.9</ele>
   </trkpt>
   <trkpt lat="-7.9607770" lon="113.5850980">
    <ele>2666.0</ele>
   </trkpt>
   <trkpt lat="-7.9607550" lon="113.5851180">
    <ele>2666.5</ele>
   </trkpt>
   <trkpt lat="-7.9607300" lon="113.5851450">
    <ele>2668.0</ele>
   </trkpt>
   <trkpt lat="-7.9607120" lon="113.5851700">
    <ele>2669.2</ele>
   </trkpt>
   <trkpt lat="-7.9606780" lon="113.5851700">
    <ele>2670.5</ele>
   </trkpt>
   <trkpt lat="-7.9606450" lon="113.5851630">
    <ele>2671.6</ele>
   </trkpt>
   <trkpt lat="-7.9606180" lon="113.5851800">
    <ele>2672.5</ele>
   </trkpt>
   <trkpt lat="-7.9605920" lon="113.5851950">
    <ele>2673.4</ele>
   </trkpt>
   <trkpt lat="-7.9605630" lon="113.5852080">
    <ele>2674.5</ele>
   </trkpt>
   <trkpt lat="-7.9605320" lon="113.5852150">
    <ele>2675.8</ele>
   </trkpt>
   <trkpt lat="-7.9605030" lon="113.5852130">
    <ele>2677.1</ele>
   </trkpt>
   <trkpt lat="-7.9604830" lon="113.5851950">
    <ele>2678.4</ele>
   </trkpt>
   <trkpt lat="-7.9604500" lon="113.5851700">
    <ele>2679.8</ele>
   </trkpt>
   <trkpt lat="-7.9604230" lon="113.5851550">
    <ele>2680.8</ele>
   </trkpt>
   <trkpt lat="-7.9603900" lon="113.5851520">
    <ele>2681.9</ele>
   </trkpt>
   <trkpt lat="-7.9603630" lon="113.5851420">
    <ele>2682.8</ele>
   </trkpt>
   <trkpt lat="-7.9603380" lon="113.5851220">
    <ele>2683.8</ele>
   </trkpt>
   <trkpt lat="-7.9603220" lon="113.5850970">
    <ele>2685.0</ele>
   </trkpt>
   <trkpt lat="-7.9602980" lon="113.5850780">
    <ele>2686.8</ele>
   </trkpt>
   <trkpt lat="-7.9602750" lon="113.5850600">
    <ele>2688.5</ele>
   </trkpt>
   <trkpt lat="-7.9602520" lon="113.5850780">
    <ele>2690.0</ele>
   </trkpt>
   <trkpt lat="-7.9602480" lon="113.5851070">
    <ele>2691.5</ele>
   </trkpt>
   <trkpt lat="-7.9602220" lon="113.5851130">
    <ele>2692.7</ele>
   </trkpt>
   <trkpt lat="-7.9601970" lon="113.5851000">
    <ele>2693.8</ele>
   </trkpt>
   <trkpt lat="-7.9601700" lon="113.5850880">
    <ele>2694.9</ele>
   </trkpt>
   <trkpt lat="-7.9601450" lon="113.5850770">
    <ele>2696.6</ele>
   </trkpt>
   <trkpt lat="-7.9601170" lon="113.5850650">
    <ele>2698.6</ele>
   </trkpt>
   <trkpt lat="-7.9600900" lon="113.5850420">
    <ele>2700.5</ele>
   </trkpt>
   <trkpt lat="-7.9600580" lon="113.5850220">
    <ele>2701.8</ele>
   </trkpt>
   <trkpt lat="-7.9600370" lon="113.5850020">
    <ele>2702.9</ele>
   </trkpt>
   <trkpt lat="-7.9600070" lon="113.5850080">
    <ele>2703.3</ele>
   </trkpt>
   <trkpt lat="-7.9599820" lon="113.5850250">
    <ele>2703.6</ele>
   </trkpt>
   <trkpt lat="-7.9599530" lon="113.5850420">
    <ele>2703.9</ele>
   </trkpt>
   <trkpt lat="-7.9599220" lon="113.5850600">
    <ele>2704.3</ele>
   </trkpt>
   <trkpt lat="-7.9598870" lon="113.5850730">
    <ele>2704.7</ele>
   </trkpt>
   <trkpt lat="-7.9598570" lon="113.5850650">
    <ele>2704.8</ele>
   </trkpt>
   <trkpt lat="-7.9598270" lon="113.5850700">
    <ele>2704.9</ele>
   </trkpt>
   <trkpt lat="-7.9597950" lon="113.5850550">
    <ele>2705.0</ele>
   </trkpt>
   <trkpt lat="-7.9597670" lon="113.5850380">
    <ele>2705.0</ele>
   </trkpt>
   <trkpt lat="-7.9597370" lon="113.5850230">
    <ele>2705.1</ele>
   </trkpt>
   <trkpt lat="-7.9597050" lon="113.5850200">
    <ele>2705.0</ele>
   </trkpt>
   <trkpt lat="-7.9596730" lon="113.5850100">
    <ele>2705.0</ele>
   </trkpt>
   <trkpt lat="-7.9596450" lon="113.5850020">
    <ele>2704.9</ele>
   </trkpt>
   <trkpt lat="-7.9596100" lon="113.5850050">
    <ele>2704.7</ele>
   </trkpt>
   <trkpt lat="-7.9595920" lon="113.5850270">
    <ele>2704.6</ele>
   </trkpt>
   <trkpt lat="-7.9595630" lon="113.5850300">
    <ele>2704.5</ele>
   </trkpt>
   <trkpt lat="-7.9595230" lon="113.5850270">
    <ele>2704.7</ele>
   </trkpt>
   <trkpt lat="-7.9594930" lon="113.5850230">
    <ele>2704.8</ele>
   </trkpt>
   <trkpt lat="-7.9594580" lon="113.5850180">
    <ele>2704.3</ele>
   </trkpt>
   <trkpt lat="-7.9594250" lon="113.5850200">
    <ele>2703.8</ele>
   </trkpt>
   <trkpt lat="-7.9593950" lon="113.5850220">
    <ele>2703.4</ele>
   </trkpt>
   <trkpt lat="-7.9593670" lon="113.5850200">
    <ele>2703.2</ele>
   </trkpt>
   <trkpt lat="-7.9593350" lon="113.5850180">
    <ele>2703.0</ele>
   </trkpt>
   <trkpt lat="-7.9593020" lon="113.5850050">
    <ele>2702.6</ele>
   </trkpt>
   <trkpt lat="-7.9592720" lon="113.5849920">
    <ele>2702.3</ele>
   </trkpt>
   <trkpt lat="-7.9592480" lon="113.5849700">
    <ele>2702.0</ele>
   </trkpt>
   <trkpt lat="-7.9592220" lon="113.5849580">
    <ele>2701.6</ele>
   </trkpt>
   <trkpt lat="-7.9592000" lon="113.5849300">
    <ele>2701.2</ele>
   </trkpt>
   <trkpt lat="-7.9591680" lon="113.5849080">
    <ele>2701.0</ele>
   </trkpt>
   <trkpt lat="-7.9591400" lon="113.5849080">
    <ele>2700.9</ele>
   </trkpt>
   <trkpt lat="-7.9591100" lon="113.5848950">
    <ele>2700.7</ele>
   </trkpt>
   <trkpt lat="-7.9590930" lon="113.5848650">
    <ele>2700.6</ele>
   </trkpt>
   <trkpt lat="-7.9590750" lon="113.5848430">
    <ele>2700.5</ele>
   </trkpt>
   <trkpt lat="-7.9590580" lon="113.5848150">
    <ele>2700.5</ele>
   </trkpt>
   <trkpt lat="-7.9590350" lon="113.5847980">
    <ele>2700.5</ele>
   </trkpt>
   <trkpt lat="-7.9590120" lon="113.5847770">
    <ele>2700.5</ele>
   </trkpt>
   <trkpt lat="-7.9589880" lon="113.5847520">
    <ele>2700.4</ele>
   </trkpt>
   <trkpt lat="-7.9589630" lon="113.5847220">
    <ele>2699.9</ele>
   </trkpt>
   <trkpt lat="-7.9589400" lon="113.5846970">
    <ele>2699.5</ele>
   </trkpt>
   <trkpt lat="-7.9589180" lon="113.5846650">
    <ele>2699.0</ele>
   </trkpt>
   <trkpt lat="-7.9588930" lon="113.5846500">
    <ele>2698.4</ele>
   </trkpt>
   <trkpt lat="-7.9588670" lon="113.5846380">
    <ele>2697.6</ele>
   </trkpt>
   <trkpt lat="-7.9588300" lon="113.5846130">
    <ele>2696.9</ele>
   </trkpt>
   <trkpt lat="-7.9588020" lon="113.5846000">
    <ele>2696.8</ele>
   </trkpt>
   <trkpt lat="-7.9587670" lon="113.5845880">
    <ele>2696.7</ele>
   </trkpt>
   <trkpt lat="-7.9587370" lon="113.5845870">
    <ele>2696.5</ele>
   </trkpt>
   <trkpt lat="-7.9587120" lon="113.5845680">
    <ele>2696.4</ele>
   </trkpt>
   <trkpt lat="-7.9586750" lon="113.5845580">
    <ele>2695.8</ele>
   </trkpt>
   <trkpt lat="-7.9586480" lon="113.5845800">
    <ele>2695.3</ele>
   </trkpt>
   <trkpt lat="-7.9586330" lon="113.5846070">
    <ele>2695.4</ele>
   </trkpt>
   <trkpt lat="-7.9586050" lon="113.5846230">
    <ele>2696.0</ele>
   </trkpt>
   <trkpt lat="-7.9585680" lon="113.5846230">
    <ele>2696.7</ele>
   </trkpt>
   <trkpt lat="-7.9585570" lon="113.5846500">
    <ele>2697.1</ele>
   </trkpt>
   <trkpt lat="-7.9585430" lon="113.5846820">
    <ele>2697.6</ele>
   </trkpt>
   <trkpt lat="-7.9585170" lon="113.5846980">
    <ele>2697.7</ele>
   </trkpt>
   <trkpt lat="-7.9585220" lon="113.5846630">
    <ele>2697.5</ele>
   </trkpt>
   <trkpt lat="-7.9585230" lon="113.5846320">
    <ele>2697.3</ele>
   </trkpt>
   <trkpt lat="-7.9585230" lon="113.5845930">
    <ele>2697.1</ele>
   </trkpt>
   <trkpt lat="-7.9585300" lon="113.5845650">
    <ele>2696.7</ele>
   </trkpt>
   <trkpt lat="-7.9585400" lon="113.5845370">
    <ele>2696.3</ele>
   </trkpt>
   <trkpt lat="-7.9585430" lon="113.5845070">
    <ele>2696.0</ele>
   </trkpt>
   <trkpt lat="-7.9585470" lon="113.5844780">
    <ele>2695.5</ele>
   </trkpt>
   <trkpt lat="-7.9585520" lon="113.5844480">
    <ele>2695.1</ele>
   </trkpt>
   <trkpt lat="-7.9585570" lon="113.5844200">
    <ele>2694.7</ele>
   </trkpt>
   <trkpt lat="-7.9585680" lon="113.5843920">
    <ele>2694.6</ele>
   </trkpt>
   <trkpt lat="-7.9585750" lon="113.5843650">
    <ele>2694.5</ele>
   </trkpt>
   <trkpt lat="-7.9585780" lon="113.5843300">
    <ele>2694.5</ele>
   </trkpt>
   <trkpt lat="-7.9585700" lon="113.5842920">
    <ele>2694.9</ele>
   </trkpt>
   <trkpt lat="-7.9585700" lon="113.5842550">
    <ele>2695.2</ele>
   </trkpt>
   <trkpt lat="-7.9585720" lon="113.5842150">
    <ele>2696.1</ele>
   </trkpt>
   <trkpt lat="-7.9585780" lon="113.5841830">
    <ele>2696.9</ele>
   </trkpt>
   <trkpt lat="-7.9585820" lon="113.5841480">
    <ele>2697.7</ele>
   </trkpt>
   <trkpt lat="-7.9585820" lon="113.5841130">
    <ele>2698.6</ele>
   </trkpt>
   <trkpt lat="-7.9585730" lon="113.5840800">
    <ele>2699.4</ele>
   </trkpt>
   <trkpt lat="-7.9585630" lon="113.5840480">
    <ele>2700.0</ele>
   </trkpt>
   <trkpt lat="-7.9585650" lon="113.5840130">
    <ele>2700.5</ele>
   </trkpt>
   <trkpt lat="-7.9585580" lon="113.5839830">
    <ele>2701.0</ele>
   </trkpt>
   <trkpt lat="-7.9585450" lon="113.5839550">
    <ele>2701.5</ele>
   </trkpt>
   <trkpt lat="-7.9585350" lon="113.5839270">
    <ele>2702.0</ele>
   </trkpt>
   <trkpt lat="-7.9585230" lon="113.5839020">
    <ele>2702.2</ele>
   </trkpt>
   <trkpt lat="-7.9585080" lon="113.5838750">
    <ele>2702.6</ele>
   </trkpt>
   <trkpt lat="-7.9584950" lon="113.5838450">
    <ele>2702.9</ele>
   </trkpt>
   <trkpt lat="-7.9584820" lon="113.5838120">
    <ele>2703.1</ele>
   </trkpt>
   <trkpt lat="-7.9584730" lon="113.5837780">
    <ele>2703.4</ele>
   </trkpt>
   <trkpt lat="-7.9584730" lon="113.5837480">
    <ele>2703.6</ele>
   </trkpt>
   <trkpt lat="-7.9584720" lon="113.5837150">
    <ele>2703.9</ele>
   </trkpt>
   <trkpt lat="-7.9584620" lon="113.5836830">
    <ele>2704.1</ele>
   </trkpt>
   <trkpt lat="-7.9584520" lon="113.5836550">
    <ele>2704.1</ele>
   </trkpt>
   <trkpt lat="-7.9584450" lon="113.5836250">
    <ele>2704.2</ele>
   </trkpt>
   <trkpt lat="-7.9584430" lon="113.5835930">
    <ele>2704.2</ele>
   </trkpt>
   <trkpt lat="-7.9584380" lon="113.5835600">
    <ele>2704.2</ele>
   </trkpt>
   <trkpt lat="-7.9584170" lon="113.5835370">
    <ele>2704.2</ele>
   </trkpt>
   <trkpt lat="-7.9584150" lon="113.5835030">
    <ele>2704.3</ele>
   </trkpt>
   <trkpt lat="-7.9584170" lon="113.5834700">
    <ele>2704.5</ele>
   </trkpt>
   <trkpt lat="-7.9584320" lon="113.5834400">
    <ele>2704.7</ele>
   </trkpt>
   <trkpt lat="-7.9584370" lon="113.5834050">
    <ele>2705.7</ele>
   </trkpt>
   <trkpt lat="-7.9584430" lon="113.5833700">
    <ele>2707.0</ele>
   </trkpt>
   <trkpt lat="-7.9584430" lon="113.5833300">
    <ele>2707.6</ele>
   </trkpt>
   <trkpt lat="-7.9584550" lon="113.5832950">
    <ele>2708.0</ele>
   </trkpt>
   <trkpt lat="-7.9584580" lon="113.5832670">
    <ele>2709.0</ele>
   </trkpt>
   <trkpt lat="-7.9584650" lon="113.5832270">
    <ele>2710.4</ele>
   </trkpt>
   <trkpt lat="-7.9584750" lon="113.5831900">
    <ele>2710.6</ele>
   </trkpt>
   <trkpt lat="-7.9584870" lon="113.5831500">
    <ele>2710.9</ele>
   </trkpt>
   <trkpt lat="-7.9584930" lon="113.5831150">
    <ele>2711.8</ele>
   </trkpt>
   <trkpt lat="-7.9584900" lon="113.5830780">
    <ele>2712.7</ele>
   </trkpt>
   <trkpt lat="-7.9584980" lon="113.5830480">
    <ele>2713.2</ele>
   </trkpt>
   <trkpt lat="-7.9585180" lon="113.5830220">
    <ele>2713.8</ele>
   </trkpt>
   <trkpt lat="-7.9585380" lon="113.5829920">
    <ele>2714.4</ele>
   </trkpt>
   <trkpt lat="-7.9585470" lon="113.5829630">
    <ele>2715.0</ele>
   </trkpt>
   <trkpt lat="-7.9585550" lon="113.5829250">
    <ele>2715.7</ele>
   </trkpt>
   <trkpt lat="-7.9585780" lon="113.5828950">
    <ele>2715.9</ele>
   </trkpt>
   <trkpt lat="-7.9585920" lon="113.5828680">
    <ele>2716.0</ele>
   </trkpt>
   <trkpt lat="-7.9586120" lon="113.5828350">
    <ele>2716.0</ele>
   </trkpt>
   <trkpt lat="-7.9586320" lon="113.5828130">
    <ele>2716.1</ele>
   </trkpt>
   <trkpt lat="-7.9586480" lon="113.5827900">
    <ele>2716.2</ele>
   </trkpt>
   <trkpt lat="-7.9586700" lon="113.5827600">
    <ele>2716.3</ele>
   </trkpt>
   <trkpt lat="-7.9586970" lon="113.5827370">
    <ele>2716.5</ele>
   </trkpt>
   <trkpt lat="-7.9587200" lon="113.5827080">
    <ele>2716.6</ele>
   </trkpt>
   <trkpt lat="-7.9587480" lon="113.5826820">
    <ele>2716.9</ele>
   </trkpt>
   <trkpt lat="-7.9587800" lon="113.5826650">
    <ele>2716.9</ele>
   </trkpt>
   <trkpt lat="-7.9588180" lon="113.5826520">
    <ele>2716.9</ele>
   </trkpt>
   <trkpt lat="-7.9588430" lon="113.5826380">
    <ele>2716.8</ele>
   </trkpt>
   <trkpt lat="-7.9588780" lon="113.5826180">
    <ele>2716.3</ele>
   </trkpt>
   <trkpt lat="-7.9589050" lon="113.5826020">
    <ele>2716.0</ele>
   </trkpt>
   <trkpt lat="-7.9589430" lon="113.5825800">
    <ele>2715.7</ele>
   </trkpt>
   <trkpt lat="-7.9589700" lon="113.5825580">
    <ele>2715.6</ele>
   </trkpt>
   <trkpt lat="-7.9590000" lon="113.5825400">
    <ele>2715.7</ele>
   </trkpt>
   <trkpt lat="-7.9590280" lon="113.5825230">
    <ele>2716.0</ele>
   </trkpt>
   <trkpt lat="-7.9590580" lon="113.5825070">
    <ele>2716.3</ele>
   </trkpt>
   <trkpt lat="-7.9590830" lon="113.5824800">
    <ele>2716.6</ele>
   </trkpt>
   <trkpt lat="-7.9591020" lon="113.5824500">
    <ele>2717.0</ele>
   </trkpt>
   <trkpt lat="-7.9591080" lon="113.5824220">
    <ele>2717.4</ele>
   </trkpt>
   <trkpt lat="-7.9591270" lon="113.5823950">
    <ele>2718.0</ele>
   </trkpt>
   <trkpt lat="-7.9591520" lon="113.5823730">
    <ele>2718.9</ele>
   </trkpt>
   <trkpt lat="-7.9591780" lon="113.5823550">
    <ele>2720.0</ele>
   </trkpt>
   <trkpt lat="-7.9592050" lon="113.5823320">
    <ele>2721.2</ele>
   </trkpt>
   <trkpt lat="-7.9592320" lon="113.5823250">
    <ele>2721.8</ele>
   </trkpt>
   <trkpt lat="-7.9592570" lon="113.5823070">
    <ele>2722.4</ele>
   </trkpt>
   <trkpt lat="-7.9592830" lon="113.5822780">
    <ele>2723.4</ele>
   </trkpt>
   <trkpt lat="-7.9593080" lon="113.5822530">
    <ele>2724.3</ele>
   </trkpt>
   <trkpt lat="-7.9593320" lon="113.5822350">
    <ele>2725.0</ele>
   </trkpt>
   <trkpt lat="-7.9593550" lon="113.5822180">
    <ele>2725.6</ele>
   </trkpt>
   <trkpt lat="-7.9593780" lon="113.5821980">
    <ele>2726.2</ele>
   </trkpt>
   <trkpt lat="-7.9593980" lon="113.5821730">
    <ele>2726.6</ele>
   </trkpt>
   <trkpt lat="-7.9594180" lon="113.5821450">
    <ele>2727.0</ele>
   </trkpt>
   <trkpt lat="-7.9594400" lon="113.5821200">
    <ele>2727.0</ele>
   </trkpt>
   <trkpt lat="-7.9594650" lon="113.5820980">
    <ele>2727.1</ele>
   </trkpt>
   <trkpt lat="-7.9594920" lon="113.5820800">
    <ele>2727.1</ele>
   </trkpt>
   <trkpt lat="-7.9595070" lon="113.5820550">
    <ele>2727.1</ele>
   </trkpt>
   <trkpt lat="-7.9595230" lon="113.5820300">
    <ele>2727.1</ele>
   </trkpt>
   <trkpt lat="-7.9595500" lon="113.5820150">
    <ele>2727.3</ele>
   </trkpt>
   <trkpt lat="-7.9595800" lon="113.5819970">
    <ele>2727.5</ele>
   </trkpt>
   <trkpt lat="-7.9596030" lon="113.5819770">
    <ele>2727.7</ele>
   </trkpt>
   <trkpt lat="-7.9596400" lon="113.5819650">
    <ele>2728.0</ele>
   </trkpt>
   <trkpt lat="-7.9596630" lon="113.5819430">
    <ele>2728.2</ele>
   </trkpt>
   <trkpt lat="-7.9596770" lon="113.5819180">
    <ele>2728.6</ele>
   </trkpt>
   <trkpt lat="-7.9596830" lon="113.5818920">
    <ele>2728.9</ele>
   </trkpt>
   <trkpt lat="-7.9596900" lon="113.5818530">
    <ele>2729.4</ele>
   </trkpt>
   <trkpt lat="-7.9597020" lon="113.5818270">
    <ele>2729.7</ele>
   </trkpt>
   <trkpt lat="-7.9597120" lon="113.5817970">
    <ele>2730.0</ele>
   </trkpt>
   <trkpt lat="-7.9597230" lon="113.5817700">
    <ele>2730.4</ele>
   </trkpt>
   <trkpt lat="-7.9597370" lon="113.5817430">
    <ele>2730.8</ele>
   </trkpt>
   <trkpt lat="-7.9597430" lon="113.5817170">
    <ele>2731.2</ele>
   </trkpt>
   <trkpt lat="-7.9597480" lon="113.5816880">
    <ele>2731.8</ele>
   </trkpt>
   <trkpt lat="-7.9597650" lon="113.5816670">
    <ele>2732.4</ele>
   </trkpt>
   <trkpt lat="-7.9597870" lon="113.5816480">
    <ele>2733.1</ele>
   </trkpt>
   <trkpt lat="-7.9598150" lon="113.5816180">
    <ele>2734.1</ele>
   </trkpt>
   <trkpt lat="-7.9598350" lon="113.5815970">
    <ele>2734.9</ele>
   </trkpt>
   <trkpt lat="-7.9598520" lon="113.5815750">
    <ele>2736.0</ele>
   </trkpt>
   <trkpt lat="-7.9598730" lon="113.5815580">
    <ele>2737.0</ele>
   </trkpt>
   <trkpt lat="-7.9599000" lon="113.5815430">
    <ele>2738.1</ele>
   </trkpt>
   <trkpt lat="-7.9599300" lon="113.5815300">
    <ele>2738.9</ele>
   </trkpt>
   <trkpt lat="-7.9599520" lon="113.5815070">
    <ele>2739.8</ele>
   </trkpt>
   <trkpt lat="-7.9599730" lon="113.5814870">
    <ele>2740.5</ele>
   </trkpt>
   <trkpt lat="-7.9599950" lon="113.5814650">
    <ele>2741.3</ele>
   </trkpt>
   <trkpt lat="-7.9600220" lon="113.5814420">
    <ele>2742.2</ele>
   </trkpt>
   <trkpt lat="-7.9600520" lon="113.5814320">
    <ele>2743.0</ele>
   </trkpt>
   <trkpt lat="-7.9600720" lon="113.5814020">
    <ele>2743.7</ele>
   </trkpt>
   <trkpt lat="-7.9600900" lon="113.5813800">
    <ele>2743.7</ele>
   </trkpt>
   <trkpt lat="-7.9601080" lon="113.5813570">
    <ele>2743.8</ele>
   </trkpt>
   <trkpt lat="-7.9601180" lon="113.5813270">
    <ele>2744.0</ele>
   </trkpt>
   <trkpt lat="-7.9601320" lon="113.5812970">
    <ele>2744.0</ele>
   </trkpt>
   <trkpt lat="-7.9601480" lon="113.5812720">
    <ele>2743.6</ele>
   </trkpt>
   <trkpt lat="-7.9601520" lon="113.5812420">
    <ele>2743.2</ele>
   </trkpt>
   <trkpt lat="-7.9601400" lon="113.5812100">
    <ele>2743.1</ele>
   </trkpt>
   <trkpt lat="-7.9601250" lon="113.5811770">
    <ele>2743.1</ele>
   </trkpt>
   <trkpt lat="-7.9601130" lon="113.5811430">
    <ele>2743.1</ele>
   </trkpt>
   <trkpt lat="-7.9601080" lon="113.5811120">
    <ele>2743.1</ele>
   </trkpt>
   <trkpt lat="-7.9600970" lon="113.5810830">
    <ele>2743.4</ele>
   </trkpt>
   <trkpt lat="-7.9600750" lon="113.5810570">
    <ele>2744.1</ele>
   </trkpt>
   <trkpt lat="-7.9600820" lon="113.5810270">
    <ele>2744.8</ele>
   </trkpt>
   <trkpt lat="-7.9600800" lon="113.5809970">
    <ele>2745.5</ele>
   </trkpt>
   <trkpt lat="-7.9600730" lon="113.5809620">
    <ele>2746.3</ele>
   </trkpt>
   <trkpt lat="-7.9600730" lon="113.5809330">
    <ele>2747.4</ele>
   </trkpt>
   <trkpt lat="-7.9600720" lon="113.5808980">
    <ele>2749.6</ele>
   </trkpt>
   <trkpt lat="-7.9600670" lon="113.5808630">
    <ele>2751.8</ele>
   </trkpt>
   <trkpt lat="-7.9600580" lon="113.5808350">
    <ele>2754.2</ele>
   </trkpt>
   <trkpt lat="-7.9600520" lon="113.5807980">
    <ele>2757.3</ele>
   </trkpt>
   <trkpt lat="-7.9600450" lon="113.5807680">
    <ele>2759.7</ele>
   </trkpt>
   <trkpt lat="-7.9600330" lon="113.5807400">
    <ele>2762.1</ele>
   </trkpt>
   <trkpt lat="-7.9600300" lon="113.5807100">
    <ele>2764.5</ele>
   </trkpt>
   <trkpt lat="-7.9600230" lon="113.5806800">
    <ele>2766.8</ele>
   </trkpt>
   <trkpt lat="-7.9600250" lon="113.5806520">
    <ele>2768.9</ele>
   </trkpt>
   <trkpt lat="-7.9600300" lon="113.5806220">
    <ele>2771.1</ele>
   </trkpt>
   <trkpt lat="-7.9600400" lon="113.5805920">
    <ele>2773.2</ele>
   </trkpt>
   <trkpt lat="-7.9600480" lon="113.5805600">
    <ele>2775.1</ele>
   </trkpt>
   <trkpt lat="-7.9600470" lon="113.5805280">
    <ele>2776.9</ele>
   </trkpt>
   <trkpt lat="-7.9600430" lon="113.5805000">
    <ele>2778.6</ele>
   </trkpt>
   <trkpt lat="-7.9600470" lon="113.5804670">
    <ele>2780.5</ele>
   </trkpt>
   <trkpt lat="-7.9600480" lon="113.5804350">
    <ele>2782.2</ele>
   </trkpt>
   <trkpt lat="-7.9600480" lon="113.5804000">
    <ele>2783.9</ele>
   </trkpt>
   <trkpt lat="-7.9600500" lon="113.5803620">
    <ele>2785.8</ele>
   </trkpt>
   <trkpt lat="-7.9600470" lon="113.5803280">
    <ele>2787.0</ele>
   </trkpt>
   <trkpt lat="-7.9600480" lon="113.5802980">
    <ele>2788.1</ele>
   </trkpt>
   <trkpt lat="-7.9600380" lon="113.5802720">
    <ele>2789.1</ele>
   </trkpt>
   <trkpt lat="-7.9600280" lon="113.5802420">
    <ele>2790.3</ele>
   </trkpt>
   <trkpt lat="-7.9600100" lon="113.5802070">
    <ele>2791.8</ele>
   </trkpt>
   <trkpt lat="-7.9600020" lon="113.5801730">
    <ele>2792.7</ele>
   </trkpt>
   <trkpt lat="-7.9599900" lon="113.5801480">
    <ele>2793.2</ele>
   </trkpt>
   <trkpt lat="-7.9599780" lon="113.5801220">
    <ele>2793.8</ele>
   </trkpt>
   <trkpt lat="-7.9599720" lon="113.5800880">
    <ele>2794.1</ele>
   </trkpt>
   <trkpt lat="-7.9599750" lon="113.5800570">
    <ele>2794.4</ele>
   </trkpt>
   <trkpt lat="-7.9599800" lon="113.5800280">
    <ele>2794.6</ele>
   </trkpt>
   <trkpt lat="-7.9599970" lon="113.5799980">
    <ele>2794.9</ele>
   </trkpt>
   <trkpt lat="-7.9599980" lon="113.5799630">
    <ele>2795.2</ele>
   </trkpt>
   <trkpt lat="-7.9599900" lon="113.5799330">
    <ele>2795.3</ele>
   </trkpt>
   <trkpt lat="-7.9600030" lon="113.5798980">
    <ele>2795.3</ele>
   </trkpt>
   <trkpt lat="-7.9600220" lon="113.5798620">
    <ele>2795.0</ele>
   </trkpt>
   <trkpt lat="-7.9600150" lon="113.5798330">
    <ele>2794.6</ele>
   </trkpt>
   <trkpt lat="-7.9600080" lon="113.5798070">
    <ele>2794.3</ele>
   </trkpt>
   <trkpt lat="-7.9600030" lon="113.5797770">
    <ele>2793.9</ele>
   </trkpt>
   <trkpt lat="-7.9600020" lon="113.5797420">
    <ele>2793.4</ele>
   </trkpt>
   <trkpt lat="-7.9599980" lon="113.5797100">
    <ele>2792.4</ele>
   </trkpt>
   <trkpt lat="-7.9599930" lon="113.5796800">
    <ele>2791.5</ele>
   </trkpt>
   <trkpt lat="-7.9599800" lon="113.5796480">
    <ele>2790.7</ele>
   </trkpt>
   <trkpt lat="-7.9599580" lon="113.5796170">
    <ele>2790.0</ele>
   </trkpt>
   <trkpt lat="-7.9599480" lon="113.5795870">
    <ele>2789.6</ele>
   </trkpt>
   <trkpt lat="-7.9599350" lon="113.5795570">
    <ele>2789.5</ele>
   </trkpt>
   <trkpt lat="-7.9599230" lon="113.5795270">
    <ele>2789.4</ele>
   </trkpt>
   <trkpt lat="-7.9599100" lon="113.5794980">
    <ele>2789.3</ele>
   </trkpt>
   <trkpt lat="-7.9598950" lon="113.5794730">
    <ele>2789.2</ele>
   </trkpt>
   <trkpt lat="-7.9598820" lon="113.5794420">
    <ele>2789.1</ele>
   </trkpt>
   <trkpt lat="-7.9598850" lon="113.5794050">
    <ele>2789.7</ele>
   </trkpt>
   <trkpt lat="-7.9598680" lon="113.5793820">
    <ele>2790.2</ele>
   </trkpt>
   <trkpt lat="-7.9598730" lon="113.5793520">
    <ele>2790.3</ele>
   </trkpt>
   <trkpt lat="-7.9598580" lon="113.5793150">
    <ele>2790.1</ele>
   </trkpt>
   <trkpt lat="-7.9598450" lon="113.5792870">
    <ele>2790.0</ele>
   </trkpt>
   <trkpt lat="-7.9598400" lon="113.5792580">
    <ele>2790.2</ele>
   </trkpt>
   <trkpt lat="-7.9598320" lon="113.5792300">
    <ele>2790.4</ele>
   </trkpt>
   <trkpt lat="-7.9598220" lon="113.5791970">
    <ele>2790.0</ele>
   </trkpt>
   <trkpt lat="-7.9598130" lon="113.5791580">
    <ele>2788.8</ele>
   </trkpt>
   <trkpt lat="-7.9598070" lon="113.5791300">
    <ele>2788.2</ele>
   </trkpt>
   <trkpt lat="-7.9597900" lon="113.5791050">
    <ele>2789.6</ele>
   </trkpt>
   <trkpt lat="-7.9597670" lon="113.5790820">
    <ele>2791.0</ele>
   </trkpt>
   <trkpt lat="-7.9597370" lon="113.5790780">
    <ele>2790.9</ele>
   </trkpt>
   <trkpt lat="-7.9597070" lon="113.5790650">
    <ele>2790.9</ele>
   </trkpt>
   <trkpt lat="-7.9596920" lon="113.5790350">
    <ele>2791.7</ele>
   </trkpt>
   <trkpt lat="-7.9596700" lon="113.5790100">
    <ele>2792.3</ele>
   </trkpt>
   <trkpt lat="-7.9596430" lon="113.5789950">
    <ele>2792.2</ele>
   </trkpt>
   <trkpt lat="-7.9596220" lon="113.5789770">
    <ele>2792.1</ele>
   </trkpt>
   <trkpt lat="-7.9595970" lon="113.5789630">
    <ele>2792.3</ele>
   </trkpt>
   <trkpt lat="-7.9595700" lon="113.5789530">
    <ele>2792.6</ele>
   </trkpt>
   <trkpt lat="-7.9595450" lon="113.5789320">
    <ele>2792.6</ele>
   </trkpt>
   <trkpt lat="-7.9595200" lon="113.5789100">
    <ele>2792.2</ele>
   </trkpt>
   <trkpt lat="-7.9594970" lon="113.5788870">
    <ele>2791.4</ele>
   </trkpt>
   <trkpt lat="-7.9594720" lon="113.5788730">
    <ele>2790.2</ele>
   </trkpt>
   <trkpt lat="-7.9594420" lon="113.5788570">
    <ele>2788.8</ele>
   </trkpt>
   <trkpt lat="-7.9594080" lon="113.5788430">
    <ele>2788.8</ele>
   </trkpt>
   <trkpt lat="-7.9593800" lon="113.5788300">
    <ele>2789.2</ele>
   </trkpt>
   <trkpt lat="-7.9593500" lon="113.5788120">
    <ele>2789.5</ele>
   </trkpt>
   <trkpt lat="-7.9593200" lon="113.5787920">
    <ele>2789.4</ele>
   </trkpt>
   <trkpt lat="-7.9593000" lon="113.5787550">
    <ele>2789.5</ele>
   </trkpt>
   <trkpt lat="-7.9592650" lon="113.5787330">
    <ele>2790.7</ele>
   </trkpt>
   <trkpt lat="-7.9592350" lon="113.5787100">
    <ele>2791.9</ele>
   </trkpt>
   <trkpt lat="-7.9592080" lon="113.5786870">
    <ele>2791.4</ele>
   </trkpt>
   <trkpt lat="-7.9591830" lon="113.5786700">
    <ele>2790.7</ele>
   </trkpt>
   <trkpt lat="-7.9591530" lon="113.5786450">
    <ele>2790.3</ele>
   </trkpt>
   <trkpt lat="-7.9591370" lon="113.5786170">
    <ele>2790.7</ele>
   </trkpt>
   <trkpt lat="-7.9591130" lon="113.5785900">
    <ele>2791.1</ele>
   </trkpt>
   <trkpt lat="-7.9590930" lon="113.5785580">
    <ele>2791.6</ele>
   </trkpt>
   <trkpt lat="-7.9590650" lon="113.5785400">
    <ele>2792.1</ele>
   </trkpt>
   <trkpt lat="-7.9590420" lon="113.5785130">
    <ele>2792.8</ele>
   </trkpt>
   <trkpt lat="-7.9590200" lon="113.5784830">
    <ele>2793.7</ele>
   </trkpt>
   <trkpt lat="-7.9590080" lon="113.5784580">
    <ele>2794.4</ele>
   </trkpt>
   <trkpt lat="-7.9589850" lon="113.5784200">
    <ele>2795.6</ele>
   </trkpt>
   <trkpt lat="-7.9589720" lon="113.5783850">
    <ele>2796.6</ele>
   </trkpt>
   <trkpt lat="-7.9589570" lon="113.5783600">
    <ele>2797.4</ele>
   </trkpt>
   <trkpt lat="-7.9589430" lon="113.5783330">
    <ele>2798.2</ele>
   </trkpt>
   <trkpt lat="-7.9589220" lon="113.5783130">
    <ele>2799.0</ele>
   </trkpt>
   <trkpt lat="-7.9589100" lon="113.5782820">
    <ele>2799.8</ele>
   </trkpt>
   <trkpt lat="-7.9588930" lon="113.5782500">
    <ele>2800.6</ele>
   </trkpt>
   <trkpt lat="-7.9588770" lon="113.5782200">
    <ele>2801.3</ele>
   </trkpt>
   <trkpt lat="-7.9588720" lon="113.5781850">
    <ele>2802.2</ele>
   </trkpt>
   <trkpt lat="-7.9588630" lon="113.5781580">
    <ele>2802.8</ele>
   </trkpt>
   <trkpt lat="-7.9588700" lon="113.5781220">
    <ele>2801.9</ele>
   </trkpt>
   <trkpt lat="-7.9588650" lon="113.5780870">
    <ele>2801.0</ele>
   </trkpt>
   <trkpt lat="-7.9588530" lon="113.5780520">
    <ele>2800.4</ele>
   </trkpt>
   <trkpt lat="-7.9588400" lon="113.5780250">
    <ele>2800.0</ele>
   </trkpt>
   <trkpt lat="-7.9588300" lon="113.5779900">
    <ele>2799.4</ele>
   </trkpt>
   <trkpt lat="-7.9588120" lon="113.5779570">
    <ele>2798.9</ele>
   </trkpt>
   <trkpt lat="-7.9587900" lon="113.5779230">
    <ele>2798.7</ele>
   </trkpt>
   <trkpt lat="-7.9587770" lon="113.5778920">
    <ele>2799.7</ele>
   </trkpt>
   <trkpt lat="-7.9587620" lon="113.5778570">
    <ele>2800.1</ele>
   </trkpt>
   <trkpt lat="-7.9587420" lon="113.5778250">
    <ele>2799.8</ele>
   </trkpt>
   <trkpt lat="-7.9587250" lon="113.5777970">
    <ele>2800.5</ele>
   </trkpt>
   <trkpt lat="-7.9587080" lon="113.5777750">
    <ele>2801.4</ele>
   </trkpt>
   <trkpt lat="-7.9586900" lon="113.5777550">
    <ele>2802.2</ele>
   </trkpt>
   <trkpt lat="-7.9586600" lon="113.5777300">
    <ele>2803.4</ele>
   </trkpt>
   <trkpt lat="-7.9586370" lon="113.5777150">
    <ele>2804.2</ele>
   </trkpt>
   <trkpt lat="-7.9586050" lon="113.5777100">
    <ele>2805.2</ele>
   </trkpt>
   <trkpt lat="-7.9585730" lon="113.5777020">
    <ele>2806.1</ele>
   </trkpt>
   <trkpt lat="-7.9585650" lon="113.5776730">
    <ele>2806.9</ele>
   </trkpt>
   <trkpt lat="-7.9585550" lon="113.5776430">
    <ele>2808.5</ele>
   </trkpt>
   <trkpt lat="-7.9585470" lon="113.5776150">
    <ele>2810.2</ele>
   </trkpt>
   <trkpt lat="-7.9585320" lon="113.5775850">
    <ele>2811.3</ele>
   </trkpt>
   <trkpt lat="-7.9585120" lon="113.5775500">
    <ele>2812.0</ele>
   </trkpt>
   <trkpt lat="-7.9584970" lon="113.5775220">
    <ele>2812.5</ele>
   </trkpt>
   <trkpt lat="-7.9584770" lon="113.5775020">
    <ele>2812.8</ele>
   </trkpt>
   <trkpt lat="-7.9584670" lon="113.5774650">
    <ele>2812.6</ele>
   </trkpt>
   <trkpt lat="-7.9584670" lon="113.5774180">
    <ele>2811.5</ele>
   </trkpt>
   <trkpt lat="-7.9584600" lon="113.5773920">
    <ele>2811.4</ele>
   </trkpt>
   <trkpt lat="-7.9584780" lon="113.5773670">
    <ele>2811.6</ele>
   </trkpt>
   <trkpt lat="-7.9585020" lon="113.5773350">
    <ele>2811.4</ele>
   </trkpt>
   <trkpt lat="-7.9585250" lon="113.5773050">
    <ele>2810.2</ele>
   </trkpt>
   <trkpt lat="-7.9585550" lon="113.5772850">
    <ele>2809.2</ele>
   </trkpt>
   <trkpt lat="-7.9585830" lon="113.5772650">
    <ele>2808.4</ele>
   </trkpt>
   <trkpt lat="-7.9586100" lon="113.5772520">
    <ele>2807.8</ele>
   </trkpt>
   <trkpt lat="-7.9586380" lon="113.5772370">
    <ele>2807.1</ele>
   </trkpt>
   <trkpt lat="-7.9586650" lon="113.5772200">
    <ele>2806.4</ele>
   </trkpt>
   <trkpt lat="-7.9587000" lon="113.5771980">
    <ele>2805.9</ele>
   </trkpt>
   <trkpt lat="-7.9587320" lon="113.5771820">
    <ele>2805.7</ele>
   </trkpt>
   <trkpt lat="-7.9587580" lon="113.5771730">
    <ele>2805.3</ele>
   </trkpt>
   <trkpt lat="-7.9587950" lon="113.5771700">
    <ele>2804.6</ele>
   </trkpt>
   <trkpt lat="-7.9588270" lon="113.5771650">
    <ele>2804.2</ele>
   </trkpt>
   <trkpt lat="-7.9588550" lon="113.5771550">
    <ele>2804.0</ele>
   </trkpt>
   <trkpt lat="-7.9588850" lon="113.5771470">
    <ele>2803.8</ele>
   </trkpt>
   <trkpt lat="-7.9589100" lon="113.5771200">
    <ele>2803.6</ele>
   </trkpt>
   <trkpt lat="-7.9589330" lon="113.5770920">
    <ele>2803.3</ele>
   </trkpt>
   <trkpt lat="-7.9589600" lon="113.5770670">
    <ele>2803.0</ele>
   </trkpt>
   <trkpt lat="-7.9589870" lon="113.5770420">
    <ele>2802.8</ele>
   </trkpt>
   <trkpt lat="-7.9590150" lon="113.5770180">
    <ele>2802.6</ele>
   </trkpt>
   <trkpt lat="-7.9590350" lon="113.5769930">
    <ele>2802.6</ele>
   </trkpt>
   <trkpt lat="-7.9590520" lon="113.5769700">
    <ele>2802.7</ele>
   </trkpt>
   <trkpt lat="-7.9590500" lon="113.5769350">
    <ele>2802.8</ele>
   </trkpt>
   <trkpt lat="-7.9590550" lon="113.5768980">
    <ele>2802.9</ele>
   </trkpt>
   <trkpt lat="-7.9590680" lon="113.5768730">
    <ele>2803.0</ele>
   </trkpt>
   <trkpt lat="-7.9590950" lon="113.5768500">
    <ele>2803.4</ele>
   </trkpt>
   <trkpt lat="-7.9590780" lon="113.5768180">
    <ele>2803.8</ele>
   </trkpt>
   <trkpt lat="-7.9590780" lon="113.5767820">
    <ele>2804.4</ele>
   </trkpt>
   <trkpt lat="-7.9590730" lon="113.5767530">
    <ele>2804.9</ele>
   </trkpt>
   <trkpt lat="-7.9590780" lon="113.5767220">
    <ele>2805.5</ele>
   </trkpt>
   <trkpt lat="-7.9590850" lon="113.5766880">
    <ele>2806.1</ele>
   </trkpt>
   <trkpt lat="-7.9590900" lon="113.5766520">
    <ele>2806.7</ele>
   </trkpt>
   <trkpt lat="-7.9591050" lon="113.5766270">
    <ele>2807.5</ele>
   </trkpt>
   <trkpt lat="-7.9591170" lon="113.5765970">
    <ele>2808.5</ele>
   </trkpt>
   <trkpt lat="-7.9591350" lon="113.5765700">
    <ele>2809.2</ele>
   </trkpt>
   <trkpt lat="-7.9591480" lon="113.5765420">
    <ele>2809.4</ele>
   </trkpt>
   <trkpt lat="-7.9591550" lon="113.5765120">
    <ele>2809.5</ele>
   </trkpt>
   <trkpt lat="-7.9591620" lon="113.5764770">
    <ele>2810.0</ele>
   </trkpt>
   <trkpt lat="-7.9591780" lon="113.5764530">
    <ele>2810.5</ele>
   </trkpt>
   <trkpt lat="-7.9591900" lon="113.5764230">
    <ele>2811.1</ele>
   </trkpt>
   <trkpt lat="-7.9592000" lon="113.5763800">
    <ele>2811.8</ele>
   </trkpt>
   <trkpt lat="-7.9592220" lon="113.5763630">
    <ele>2812.2</ele>
   </trkpt>
   <trkpt lat="-7.9592130" lon="113.5763370">
    <ele>2812.7</ele>
   </trkpt>
   <trkpt lat="-7.9592080" lon="113.5763080">
    <ele>2813.1</ele>
   </trkpt>
   <trkpt lat="-7.9592180" lon="113.5762720">
    <ele>2813.9</ele>
   </trkpt>
   <trkpt lat="-7.9592020" lon="113.5762470">
    <ele>2814.6</ele>
   </trkpt>
   <trkpt lat="-7.9591780" lon="113.5762250">
    <ele>2815.4</ele>
   </trkpt>
   <trkpt lat="-7.9591670" lon="113.5761900">
    <ele>2816.0</ele>
   </trkpt>
   <trkpt lat="-7.9591830" lon="113.5761500">
    <ele>2816.8</ele>
   </trkpt>
   <trkpt lat="-7.9591970" lon="113.5761250">
    <ele>2817.5</ele>
   </trkpt>
   <trkpt lat="-7.9592020" lon="113.5760820">
    <ele>2818.4</ele>
   </trkpt>
   <trkpt lat="-7.9591830" lon="113.5760520">
    <ele>2818.9</ele>
   </trkpt>
   <trkpt lat="-7.9591730" lon="113.5760130">
    <ele>2819.2</ele>
   </trkpt>
   <trkpt lat="-7.9591700" lon="113.5759820">
    <ele>2819.4</ele>
   </trkpt>
   <trkpt lat="-7.9591550" lon="113.5759470">
    <ele>2819.6</ele>
   </trkpt>
   <trkpt lat="-7.9591370" lon="113.5759200">
    <ele>2819.7</ele>
   </trkpt>
   <trkpt lat="-7.9591350" lon="113.5758870">
    <ele>2819.8</ele>
   </trkpt>
   <trkpt lat="-7.9591450" lon="113.5758500">
    <ele>2820.0</ele>
   </trkpt>
   <trkpt lat="-7.9591550" lon="113.5758230">
    <ele>2820.0</ele>
   </trkpt>
   <trkpt lat="-7.9591670" lon="113.5757970">
    <ele>2820.0</ele>
   </trkpt>
   <trkpt lat="-7.9591780" lon="113.5757570">
    <ele>2819.9</ele>
   </trkpt>
   <trkpt lat="-7.9591880" lon="113.5757270">
    <ele>2819.9</ele>
   </trkpt>
   <trkpt lat="-7.9591950" lon="113.5757000">
    <ele>2819.8</ele>
   </trkpt>
   <trkpt lat="-7.9592120" lon="113.5756730">
    <ele>2819.7</ele>
   </trkpt>
   <trkpt lat="-7.9592270" lon="113.5756500">
    <ele>2819.7</ele>
   </trkpt>
   <trkpt lat="-7.9592470" lon="113.5756150">
    <ele>2819.5</ele>
   </trkpt>
   <trkpt lat="-7.9592680" lon="113.5755800">
    <ele>2819.4</ele>
   </trkpt>
   <trkpt lat="-7.9592880" lon="113.5755600">
    <ele>2819.4</ele>
   </trkpt>
   <trkpt lat="-7.9593050" lon="113.5755320">
    <ele>2819.5</ele>
   </trkpt>
   <trkpt lat="-7.9593170" lon="113.5754980">
    <ele>2819.5</ele>
   </trkpt>
   <trkpt lat="-7.9593230" lon="113.5754720">
    <ele>2819.6</ele>
   </trkpt>
   <trkpt lat="-7.9593320" lon="113.5754450">
    <ele>2819.7</ele>
   </trkpt>
   <trkpt lat="-7.9593350" lon="113.5754080">
    <ele>2819.8</ele>
   </trkpt>
   <trkpt lat="-7.9593520" lon="113.5753770">
    <ele>2819.7</ele>
   </trkpt>
   <trkpt lat="-7.9593750" lon="113.5753400">
    <ele>2819.6</ele>
   </trkpt>
   <trkpt lat="-7.9593930" lon="113.5752980">
    <ele>2819.1</ele>
   </trkpt>
   <trkpt lat="-7.9594050" lon="113.5752600">
    <ele>2818.7</ele>
   </trkpt>
   <trkpt lat="-7.9594330" lon="113.5752300">
    <ele>2818.3</ele>
   </trkpt>
   <trkpt lat="-7.9594630" lon="113.5751950">
    <ele>2817.8</ele>
   </trkpt>
   <trkpt lat="-7.9594970" lon="113.5751600">
    <ele>2817.5</ele>
   </trkpt>
   <trkpt lat="-7.9595200" lon="113.5751350">
    <ele>2817.4</ele>
   </trkpt>
   <trkpt lat="-7.9595350" lon="113.5751070">
    <ele>2817.3</ele>
   </trkpt>
   <trkpt lat="-7.9595450" lon="113.5750730">
    <ele>2817.3</ele>
   </trkpt>
   <trkpt lat="-7.9595620" lon="113.5750500">
    <ele>2817.3</ele>
   </trkpt>
   <trkpt lat="-7.9595850" lon="113.5750280">
    <ele>2817.3</ele>
   </trkpt>
   <trkpt lat="-7.9596100" lon="113.5750050">
    <ele>2817.3</ele>
   </trkpt>
   <trkpt lat="-7.9596220" lon="113.5749770">
    <ele>2817.3</ele>
   </trkpt>
   <trkpt lat="-7.9596350" lon="113.5749480">
    <ele>2817.3</ele>
   </trkpt>
   <trkpt lat="-7.9596580" lon="113.5749230">
    <ele>2817.4</ele>
   </trkpt>
   <trkpt lat="-7.9596870" lon="113.5748950">
    <ele>2817.5</ele>
   </trkpt>
   <trkpt lat="-7.9597120" lon="113.5748730">
    <ele>2817.7</ele>
   </trkpt>
   <trkpt lat="-7.9597400" lon="113.5748550">
    <ele>2818.0</ele>
   </trkpt>
   <trkpt lat="-7.9597600" lon="113.5748280">
    <ele>2818.2</ele>
   </trkpt>
   <trkpt lat="-7.9597980" lon="113.5748070">
    <ele>2818.4</ele>
   </trkpt>
   <trkpt lat="-7.9598120" lon="113.5747780">
    <ele>2818.5</ele>
   </trkpt>
   <trkpt lat="-7.9598280" lon="113.5747520">
    <ele>2818.6</ele>
   </trkpt>
   <trkpt lat="-7.9598370" lon="113.5747230">
    <ele>2818.7</ele>
   </trkpt>
   <trkpt lat="-7.9598350" lon="113.5746870">
    <ele>2818.9</ele>
   </trkpt>
   <trkpt lat="-7.9598550" lon="113.5746550">
    <ele>2819.4</ele>
   </trkpt>
   <trkpt lat="-7.9598870" lon="113.5746350">
    <ele>2820.4</ele>
   </trkpt>
   <trkpt lat="-7.9599200" lon="113.5746200">
    <ele>2821.4</ele>
   </trkpt>
   <trkpt lat="-7.9599620" lon="113.5746030">
    <ele>2822.2</ele>
   </trkpt>
   <trkpt lat="-7.9599850" lon="113.5745820">
    <ele>2822.8</ele>
   </trkpt>
   <trkpt lat="-7.9600080" lon="113.5745630">
    <ele>2824.3</ele>
   </trkpt>
   <trkpt lat="-7.9600400" lon="113.5745630">
    <ele>2826.0</ele>
   </trkpt>
   <trkpt lat="-7.9600730" lon="113.5745430">
    <ele>2827.8</ele>
   </trkpt>
   <trkpt lat="-7.9601100" lon="113.5745280">
    <ele>2829.0</ele>
   </trkpt>
   <trkpt lat="-7.9601370" lon="113.5745100">
    <ele>2829.9</ele>
   </trkpt>
   <trkpt lat="-7.9601570" lon="113.5744850">
    <ele>2829.9</ele>
   </trkpt>
   <trkpt lat="-7.9601680" lon="113.5744570">
    <ele>2829.9</ele>
   </trkpt>
   <trkpt lat="-7.9601850" lon="113.5744170">
    <ele>2829.9</ele>
   </trkpt>
   <trkpt lat="-7.9601880" lon="113.5743870">
    <ele>2829.9</ele>
   </trkpt>
   <trkpt lat="-7.9602000" lon="113.5743530">
    <ele>2831.9</ele>
   </trkpt>
   <trkpt lat="-7.9602220" lon="113.5743370">
    <ele>2833.7</ele>
   </trkpt>
   <trkpt lat="-7.9602300" lon="113.5743050">
    <ele>2835.6</ele>
   </trkpt>
   <trkpt lat="-7.9602430" lon="113.5742800">
    <ele>2836.6</ele>
   </trkpt>
   <trkpt lat="-7.9602620" lon="113.5742570">
    <ele>2837.7</ele>
   </trkpt>
   <trkpt lat="-7.9602830" lon="113.5742350">
    <ele>2839.2</ele>
   </trkpt>
   <trkpt lat="-7.9602980" lon="113.5742120">
    <ele>2840.9</ele>
   </trkpt>
   <trkpt lat="-7.9603270" lon="113.5742130">
    <ele>2842.7</ele>
   </trkpt>
   <trkpt lat="-7.9603530" lon="113.5741870">
    <ele>2844.0</ele>
   </trkpt>
   <trkpt lat="-7.9603620" lon="113.5741580">
    <ele>2844.6</ele>
   </trkpt>
   <trkpt lat="-7.9603950" lon="113.5741320">
    <ele>2845.4</ele>
   </trkpt>
   <trkpt lat="-7.9604320" lon="113.5741120">
    <ele>2846.2</ele>
   </trkpt>
   <trkpt lat="-7.9604620" lon="113.5741000">
    <ele>2846.7</ele>
   </trkpt>
   <trkpt lat="-7.9604870" lon="113.5740850">
    <ele>2847.2</ele>
   </trkpt>
   <trkpt lat="-7.9604870" lon="113.5740550">
    <ele>2847.7</ele>
   </trkpt>
   <trkpt lat="-7.9605220" lon="113.5740130">
    <ele>2848.5</ele>
   </trkpt>
   <trkpt lat="-7.9605480" lon="113.5740000">
    <ele>2848.8</ele>
   </trkpt>
   <trkpt lat="-7.9605800" lon="113.5739880">
    <ele>2849.7</ele>
   </trkpt>
   <trkpt lat="-7.9606150" lon="113.5739970">
    <ele>2850.5</ele>
   </trkpt>
   <trkpt lat="-7.9606500" lon="113.5739920">
    <ele>2850.8</ele>
   </trkpt>
   <trkpt lat="-7.9606830" lon="113.5740050">
    <ele>2851.2</ele>
   </trkpt>
   <trkpt lat="-7.9607100" lon="113.5740250">
    <ele>2851.6</ele>
   </trkpt>
   <trkpt lat="-7.9607430" lon="113.5740250">
    <ele>2851.8</ele>
   </trkpt>
   <trkpt lat="-7.9607830" lon="113.5739580">
    <ele>2852.4</ele>
   </trkpt>
   <trkpt lat="-7.9607850" lon="113.5739970">
    <ele>2853.5</ele>
   </trkpt>
   <trkpt lat="-7.9608070" lon="113.5739780">
    <ele>2854.1</ele>
   </trkpt>
   <trkpt lat="-7.9608450" lon="113.5739470">
    <ele>2855.3</ele>
   </trkpt>
   <trkpt lat="-7.9608750" lon="113.5739400">
    <ele>2856.9</ele>
   </trkpt>
   <trkpt lat="-7.9608970" lon="113.5738730">
    <ele>2858.4</ele>
   </trkpt>
   <trkpt lat="-7.9609230" lon="113.5738520">
    <ele>2859.1</ele>
   </trkpt>
   <trkpt lat="-7.9610030" lon="113.5738550">
    <ele>2861.4</ele>
   </trkpt>
   <trkpt lat="-7.9610120" lon="113.5738250">
    <ele>2862.1</ele>
   </trkpt>
   <trkpt lat="-7.9610370" lon="113.5738050">
    <ele>2862.3</ele>
   </trkpt>
   <trkpt lat="-7.9610650" lon="113.5737980">
    <ele>2862.5</ele>
   </trkpt>
   <trkpt lat="-7.9610570" lon="113.5737630">
    <ele>2862.8</ele>
   </trkpt>
   <trkpt lat="-7.9610750" lon="113.5737300">
    <ele>2863.6</ele>
   </trkpt>
   <trkpt lat="-7.9610950" lon="113.5737120">
    <ele>2864.1</ele>
   </trkpt>
   <trkpt lat="-7.9611230" lon="113.5737070">
    <ele>2864.5</ele>
   </trkpt>
   <trkpt lat="-7.9611380" lon="113.5736780">
    <ele>2865.1</ele>
   </trkpt>
   <trkpt lat="-7.9611420" lon="113.5736430">
    <ele>2866.0</ele>
   </trkpt>
   <trkpt lat="-7.9611450" lon="113.5736030">
    <ele>2867.1</ele>
   </trkpt>
   <trkpt lat="-7.9611580" lon="113.5735750">
    <ele>2867.4</ele>
   </trkpt>
   <trkpt lat="-7.9611600" lon="113.5735470">
    <ele>2867.6</ele>
   </trkpt>
   <trkpt lat="-7.9611550" lon="113.5735130">
    <ele>2867.9</ele>
   </trkpt>
   <trkpt lat="-7.9611500" lon="113.5734750">
    <ele>2868.4</ele>
   </trkpt>
   <trkpt lat="-7.9611570" lon="113.5734470">
    <ele>2868.5</ele>
   </trkpt>
   <trkpt lat="-7.9611650" lon="113.5734150">
    <ele>2868.7</ele>
   </trkpt>
   <trkpt lat="-7.9611800" lon="113.5733900">
    <ele>2868.9</ele>
   </trkpt>
   <trkpt lat="-7.9612070" lon="113.5733680">
    <ele>2869.2</ele>
   </trkpt>
   <trkpt lat="-7.9612250" lon="113.5733480">
    <ele>2869.4</ele>
   </trkpt>
   <trkpt lat="-7.9612130" lon="113.5733180">
    <ele>2869.6</ele>
   </trkpt>
   <trkpt lat="-7.9612180" lon="113.5732800">
    <ele>2869.8</ele>
   </trkpt>
   <trkpt lat="-7.9612200" lon="113.5732520">
    <ele>2870.0</ele>
   </trkpt>
   <trkpt lat="-7.9612430" lon="113.5732350">
    <ele>2870.3</ele>
   </trkpt>
   <trkpt lat="-7.9612380" lon="113.5732020">
    <ele>2870.7</ele>
   </trkpt>
   <trkpt lat="-7.9612470" lon="113.5731750">
    <ele>2871.0</ele>
   </trkpt>
   <trkpt lat="-7.9612520" lon="113.5731430">
    <ele>2871.2</ele>
   </trkpt>
   <trkpt lat="-7.9612480" lon="113.5731030">
    <ele>2871.8</ele>
   </trkpt>
   <trkpt lat="-7.9612480" lon="113.5730720">
    <ele>2872.5</ele>
   </trkpt>
   <trkpt lat="-7.9612620" lon="113.5730380">
    <ele>2873.2</ele>
   </trkpt>
   <trkpt lat="-7.9612730" lon="113.5730020">
    <ele>2873.3</ele>
   </trkpt>
   <trkpt lat="-7.9612880" lon="113.5729730">
    <ele>2873.6</ele>
   </trkpt>
   <trkpt lat="-7.9613150" lon="113.5729600">
    <ele>2874.3</ele>
   </trkpt>
   <trkpt lat="-7.9613420" lon="113.5729550">
    <ele>2874.9</ele>
   </trkpt>
   <trkpt lat="-7.9613480" lon="113.5729220">
    <ele>2875.0</ele>
   </trkpt>
   <trkpt lat="-7.9613580" lon="113.5728920">
    <ele>2874.9</ele>
   </trkpt>
   <trkpt lat="-7.9613830" lon="113.5728670">
    <ele>2876.1</ele>
   </trkpt>
   <trkpt lat="-7.9613880" lon="113.5728330">
    <ele>2877.1</ele>
   </trkpt>
   <trkpt lat="-7.9613950" lon="113.5727970">
    <ele>2877.2</ele>
   </trkpt>
   <trkpt lat="-7.9614030" lon="113.5727650">
    <ele>2877.4</ele>
   </trkpt>
   <trkpt lat="-7.9614220" lon="113.5727450">
    <ele>2877.7</ele>
   </trkpt>
   <trkpt lat="-7.9614500" lon="113.5727380">
    <ele>2878.1</ele>
   </trkpt>
   <trkpt lat="-7.9614750" lon="113.5727150">
    <ele>2878.9</ele>
   </trkpt>
   <trkpt lat="-7.9615050" lon="113.5726820">
    <ele>2880.5</ele>
   </trkpt>
   <trkpt lat="-7.9615300" lon="113.5726520">
    <ele>2881.5</ele>
   </trkpt>
   <trkpt lat="-7.9615480" lon="113.5726170">
    <ele>2881.8</ele>
   </trkpt>
   <trkpt lat="-7.9615680" lon="113.5725920">
    <ele>2882.0</ele>
   </trkpt>
   <trkpt lat="-7.9615830" lon="113.5725620">
    <ele>2882.9</ele>
   </trkpt>
   <trkpt lat="-7.9616030" lon="113.5725230">
    <ele>2884.1</ele>
   </trkpt>
   <trkpt lat="-7.9616200" lon="113.5724950">
    <ele>2884.4</ele>
   </trkpt>
   <trkpt lat="-7.9616420" lon="113.5724750">
    <ele>2884.5</ele>
   </trkpt>
   <trkpt lat="-7.9616650" lon="113.5724480">
    <ele>2884.8</ele>
   </trkpt>
   <trkpt lat="-7.9616880" lon="113.5724230">
    <ele>2885.1</ele>
   </trkpt>
   <trkpt lat="-7.9617080" lon="113.5724020">
    <ele>2885.4</ele>
   </trkpt>
   <trkpt lat="-7.9617180" lon="113.5723720">
    <ele>2885.7</ele>
   </trkpt>
   <trkpt lat="-7.9617320" lon="113.5723400">
    <ele>2886.0</ele>
   </trkpt>
   <trkpt lat="-7.9617350" lon="113.5722980">
    <ele>2886.4</ele>
   </trkpt>
   <trkpt lat="-7.9617470" lon="113.5722700">
    <ele>2886.8</ele>
   </trkpt>
   <trkpt lat="-7.9617620" lon="113.5722450">
    <ele>2887.1</ele>
   </trkpt>
   <trkpt lat="-7.9617680" lon="113.5722150">
    <ele>2887.4</ele>
   </trkpt>
   <trkpt lat="-7.9617780" lon="113.5721830">
    <ele>2887.6</ele>
   </trkpt>
   <trkpt lat="-7.9617800" lon="113.5721500">
    <ele>2887.8</ele>
   </trkpt>
   <trkpt lat="-7.9617880" lon="113.5721230">
    <ele>2888.0</ele>
   </trkpt>
   <trkpt lat="-7.9618100" lon="113.5720870">
    <ele>2888.4</ele>
   </trkpt>
   <trkpt lat="-7.9618130" lon="113.5720520">
    <ele>2888.8</ele>
   </trkpt>
   <trkpt lat="-7.9618200" lon="113.5720180">
    <ele>2889.2</ele>
   </trkpt>
   <trkpt lat="-7.9618350" lon="113.5719830">
    <ele>2889.6</ele>
   </trkpt>
   <trkpt lat="-7.9618450" lon="113.5719520">
    <ele>2889.9</ele>
   </trkpt>
   <trkpt lat="-7.9618430" lon="113.5719170">
    <ele>2890.1</ele>
   </trkpt>
   <trkpt lat="-7.9618480" lon="113.5718830">
    <ele>2890.4</ele>
   </trkpt>
   <trkpt lat="-7.9618500" lon="113.5718500">
    <ele>2890.7</ele>
   </trkpt>
   <trkpt lat="-7.9618500" lon="113.5718150">
    <ele>2890.9</ele>
   </trkpt>
   <trkpt lat="-7.9618530" lon="113.5717820">
    <ele>2891.3</ele>
   </trkpt>
   <trkpt lat="-7.9618700" lon="113.5717600">
    <ele>2891.7</ele>
   </trkpt>
   <trkpt lat="-7.9618920" lon="113.5717400">
    <ele>2892.1</ele>
   </trkpt>
   <trkpt lat="-7.9619100" lon="113.5717130">
    <ele>2892.7</ele>
   </trkpt>
   <trkpt lat="-7.9619300" lon="113.5716830">
    <ele>2893.4</ele>
   </trkpt>
   <trkpt lat="-7.9619470" lon="113.5716550">
    <ele>2894.1</ele>
   </trkpt>
   <trkpt lat="-7.9619650" lon="113.5716230">
    <ele>2894.6</ele>
   </trkpt>
   <trkpt lat="-7.9619770" lon="113.5715930">
    <ele>2895.1</ele>
   </trkpt>
   <trkpt lat="-7.9619950" lon="113.5715700">
    <ele>2895.8</ele>
   </trkpt>
   <trkpt lat="-7.9620180" lon="113.5715500">
    <ele>2896.5</ele>
   </trkpt>
   <trkpt lat="-7.9620380" lon="113.5715180">
    <ele>2896.9</ele>
   </trkpt>
   <trkpt lat="-7.9620550" lon="113.5714930">
    <ele>2897.2</ele>
   </trkpt>
   <trkpt lat="-7.9620730" lon="113.5714620">
    <ele>2897.9</ele>
   </trkpt>
   <trkpt lat="-7.9620900" lon="113.5714280">
    <ele>2898.6</ele>
   </trkpt>
   <trkpt lat="-7.9621070" lon="113.5713980">
    <ele>2898.9</ele>
   </trkpt>
   <trkpt lat="-7.9621280" lon="113.5713730">
    <ele>2899.1</ele>
   </trkpt>
   <trkpt lat="-7.9621480" lon="113.5713450">
    <ele>2899.3</ele>
   </trkpt>
   <trkpt lat="-7.9621700" lon="113.5713170">
    <ele>2899.3</ele>
   </trkpt>
   <trkpt lat="-7.9621900" lon="113.5712870">
    <ele>2899.4</ele>
   </trkpt>
   <trkpt lat="-7.9622100" lon="113.5712580">
    <ele>2899.2</ele>
   </trkpt>
   <trkpt lat="-7.9622250" lon="113.5712350">
    <ele>2899.0</ele>
   </trkpt>
   <trkpt lat="-7.9622380" lon="113.5712100">
    <ele>2898.8</ele>
   </trkpt>
   <trkpt lat="-7.9622550" lon="113.5711800">
    <ele>2898.4</ele>
   </trkpt>
   <trkpt lat="-7.9622720" lon="113.5711480">
    <ele>2897.9</ele>
   </trkpt>
   <trkpt lat="-7.9622920" lon="113.5711220">
    <ele>2897.5</ele>
   </trkpt>
   <trkpt lat="-7.9623150" lon="113.5711030">
    <ele>2897.0</ele>
   </trkpt>
   <trkpt lat="-7.9623500" lon="113.5710770">
    <ele>2896.5</ele>
   </trkpt>
   <trkpt lat="-7.9623900" lon="113.5710300">
    <ele>2896.0</ele>
   </trkpt>
   <trkpt lat="-7.9624050" lon="113.5709930">
    <ele>2895.7</ele>
   </trkpt>
   <trkpt lat="-7.9624130" lon="113.5709670">
    <ele>2895.5</ele>
   </trkpt>
   <trkpt lat="-7.9624280" lon="113.5709350">
    <ele>2895.2</ele>
   </trkpt>
   <trkpt lat="-7.9624500" lon="113.5709050">
    <ele>2895.2</ele>
   </trkpt>
   <trkpt lat="-7.9624670" lon="113.5708700">
    <ele>2895.2</ele>
   </trkpt>
   <trkpt lat="-7.9624830" lon="113.5708480">
    <ele>2895.2</ele>
   </trkpt>
   <trkpt lat="-7.9625030" lon="113.5708270">
    <ele>2895.3</ele>
   </trkpt>
   <trkpt lat="-7.9625220" lon="113.5708030">
    <ele>2895.4</ele>
   </trkpt>
   <trkpt lat="-7.9625350" lon="113.5707670">
    <ele>2895.7</ele>
   </trkpt>
   <trkpt lat="-7.9625480" lon="113.5707420">
    <ele>2895.9</ele>
   </trkpt>
   <trkpt lat="-7.9625570" lon="113.5707150">
    <ele>2896.1</ele>
   </trkpt>
   <trkpt lat="-7.9625770" lon="113.5706930">
    <ele>2896.4</ele>
   </trkpt>
   <trkpt lat="-7.9626000" lon="113.5706770">
    <ele>2896.6</ele>
   </trkpt>
   <trkpt lat="-7.9626250" lon="113.5706650">
    <ele>2896.8</ele>
   </trkpt>
   <trkpt lat="-7.9626570" lon="113.5706480">
    <ele>2897.1</ele>
   </trkpt>
   <trkpt lat="-7.9626800" lon="113.5706250">
    <ele>2897.5</ele>
   </trkpt>
   <trkpt lat="-7.9627050" lon="113.5706130">
    <ele>2897.7</ele>
   </trkpt>
   <trkpt lat="-7.9627230" lon="113.5705800">
    <ele>2898.0</ele>
   </trkpt>
   <trkpt lat="-7.9627520" lon="113.5705700">
    <ele>2898.2</ele>
   </trkpt>
   <trkpt lat="-7.9627820" lon="113.5705450">
    <ele>2898.7</ele>
   </trkpt>
   <trkpt lat="-7.9628100" lon="113.5705250">
    <ele>2899.1</ele>
   </trkpt>
   <trkpt lat="-7.9628280" lon="113.5705000">
    <ele>2899.6</ele>
   </trkpt>
   <trkpt lat="-7.9628580" lon="113.5704970">
    <ele>2900.2</ele>
   </trkpt>
   <trkpt lat="-7.9628880" lon="113.5704880">
    <ele>2900.8</ele>
   </trkpt>
   <trkpt lat="-7.9629070" lon="113.5704670">
    <ele>2901.2</ele>
   </trkpt>
   <trkpt lat="-7.9629320" lon="113.5704470">
    <ele>2901.6</ele>
   </trkpt>
   <trkpt lat="-7.9629530" lon="113.5704300">
    <ele>2902.2</ele>
   </trkpt>
   <trkpt lat="-7.9629820" lon="113.5704100">
    <ele>2903.0</ele>
   </trkpt>
   <trkpt lat="-7.9630020" lon="113.5703920">
    <ele>2903.5</ele>
   </trkpt>
   <trkpt lat="-7.9630270" lon="113.5703750">
    <ele>2904.2</ele>
   </trkpt>
   <trkpt lat="-7.9630580" lon="113.5703620">
    <ele>2904.8</ele>
   </trkpt>
   <trkpt lat="-7.9630820" lon="113.5703420">
    <ele>2905.2</ele>
   </trkpt>
   <trkpt lat="-7.9631020" lon="113.5703180">
    <ele>2905.6</ele>
   </trkpt>
   <trkpt lat="-7.9631450" lon="113.5702930">
    <ele>2906.8</ele>
   </trkpt>
   <trkpt lat="-7.9631730" lon="113.5702770">
    <ele>2907.7</ele>
   </trkpt>
   <trkpt lat="-7.9631880" lon="113.5702530">
    <ele>2908.4</ele>
   </trkpt>
   <trkpt lat="-7.9632130" lon="113.5702250">
    <ele>2909.1</ele>
   </trkpt>
   <trkpt lat="-7.9632270" lon="113.5701980">
    <ele>2909.7</ele>
   </trkpt>
   <trkpt lat="-7.9632300" lon="113.5701700">
    <ele>2910.5</ele>
   </trkpt>
   <trkpt lat="-7.9632430" lon="113.5701320">
    <ele>2911.7</ele>
   </trkpt>
   <trkpt lat="-7.9632470" lon="113.5700970">
    <ele>2912.7</ele>
   </trkpt>
   <trkpt lat="-7.9632550" lon="113.5700620">
    <ele>2913.0</ele>
   </trkpt>
   <trkpt lat="-7.9632740" lon="113.5700070">
    <ele>2913.6</ele>
   </trkpt>
   <trkpt lat="-7.9632810" lon="113.5699770">
    <ele>2914.0</ele>
   </trkpt>
   <trkpt lat="-7.9632870" lon="113.5699470">
    <ele>2914.5</ele>
   </trkpt>
   <trkpt lat="-7.9632940" lon="113.5699170">
    <ele>2914.9</ele>
   </trkpt>
   <trkpt lat="-7.9633010" lon="113.5698880">
    <ele>2915.1</ele>
   </trkpt>
   <trkpt lat="-7.9633080" lon="113.5698580">
    <ele>2915.4</ele>
   </trkpt>
   <trkpt lat="-7.9633140" lon="113.5698280">
    <ele>2915.5</ele>
   </trkpt>
   <trkpt lat="-7.9633210" lon="113.5697980">
    <ele>2915.3</ele>
   </trkpt>
   <trkpt lat="-7.9633280" lon="113.5697680">
    <ele>2915.2</ele>
   </trkpt>
   <trkpt lat="-7.9633650" lon="113.5697950">
    <ele>2915.4</ele>
   </trkpt>
   <trkpt lat="-7.9634400" lon="113.5698170">
    <ele>2915.6</ele>
   </trkpt>
   <trkpt lat="-7.9634770" lon="113.5698200">
    <ele>2915.6</ele>
   </trkpt>
   <trkpt lat="-7.9635080" lon="113.5698220">
    <ele>2915.1</ele>
   </trkpt>
   <trkpt lat="-7.9635430" lon="113.5698270">
    <ele>2914.3</ele>
   </trkpt>
   <trkpt lat="-7.9635720" lon="113.5698270">
    <ele>2913.8</ele>
   </trkpt>
   <trkpt lat="-7.9636020" lon="113.5698120">
    <ele>2913.2</ele>
   </trkpt>
   <trkpt lat="-7.9636170" lon="113.5697830">
    <ele>2913.0</ele>
   </trkpt>
   <trkpt lat="-7.9636350" lon="113.5697550">
    <ele>2913.1</ele>
   </trkpt>
   <trkpt lat="-7.9636480" lon="113.5697230">
    <ele>2913.2</ele>
   </trkpt>
   <trkpt lat="-7.9636600" lon="113.5696880">
    <ele>2913.4</ele>
   </trkpt>
   <trkpt lat="-7.9636700" lon="113.5696450">
    <ele>2913.5</ele>
   </trkpt>
   <trkpt lat="-7.9636800" lon="113.5696020">
    <ele>2913.7</ele>
   </trkpt>
   <trkpt lat="-7.9636880" lon="113.5695550">
    <ele>2913.8</ele>
   </trkpt>
   <trkpt lat="-7.9636930" lon="113.5695130">
    <ele>2913.9</ele>
   </trkpt>
   <trkpt lat="-7.9636930" lon="113.5694630">
    <ele>2914.0</ele>
   </trkpt>
   <trkpt lat="-7.9636980" lon="113.5694120">
    <ele>2914.0</ele>
   </trkpt>
   <trkpt lat="-7.9637080" lon="113.5693630">
    <ele>2913.9</ele>
   </trkpt>
   <trkpt lat="-7.9637220" lon="113.5693170">
    <ele>2913.7</ele>
   </trkpt>
   <trkpt lat="-7.9637330" lon="113.5692700">
    <ele>2913.4</ele>
   </trkpt>
   <trkpt lat="-7.9637350" lon="113.5692400">
    <ele>2913.2</ele>
   </trkpt>
   <trkpt lat="-7.9637300" lon="113.5691920">
    <ele>2912.7</ele>
   </trkpt>
   <trkpt lat="-7.9637170" lon="113.5691500">
    <ele>2912.1</ele>
   </trkpt>
   <trkpt lat="-7.9637120" lon="113.5691120">
    <ele>2911.9</ele>
   </trkpt>
   <trkpt lat="-7.9637050" lon="113.5690730">
    <ele>2911.6</ele>
   </trkpt>
   <trkpt lat="-7.9637070" lon="113.5690300">
    <ele>2911.5</ele>
   </trkpt>
   <trkpt lat="-7.9637050" lon="113.5689900">
    <ele>2911.4</ele>
   </trkpt>
   <trkpt lat="-7.9636820" lon="113.5689570">
    <ele>2911.4</ele>
   </trkpt>
   <trkpt lat="-7.9636520" lon="113.5689330">
    <ele>2911.4</ele>
   </trkpt>
   <trkpt lat="-7.9636550" lon="113.5688980">
    <ele>2911.4</ele>
   </trkpt>
   <trkpt lat="-7.9636680" lon="113.5688670">
    <ele>2911.6</ele>
   </trkpt>
   <trkpt lat="-7.9636800" lon="113.5688370">
    <ele>2911.9</ele>
   </trkpt>
   <trkpt lat="-7.9636970" lon="113.5688120">
    <ele>2912.4</ele>
   </trkpt>
   <trkpt lat="-7.9636950" lon="113.5687800">
    <ele>2913.0</ele>
   </trkpt>
   <trkpt lat="-7.9636930" lon="113.5687520">
    <ele>2913.7</ele>
   </trkpt>
   <trkpt lat="-7.9636750" lon="113.5687200">
    <ele>2914.6</ele>
   </trkpt>
   <trkpt lat="-7.9636680" lon="113.5686870">
    <ele>2915.7</ele>
   </trkpt>
   <trkpt lat="-7.9636530" lon="113.5686550">
    <ele>2916.9</ele>
   </trkpt>
   <trkpt lat="-7.9636350" lon="113.5686330">
    <ele>2918.0</ele>
   </trkpt>
   <trkpt lat="-7.9636450" lon="113.5686030">
    <ele>2919.4</ele>
   </trkpt>
   <trkpt lat="-7.9636630" lon="113.5685800">
    <ele>2920.7</ele>
   </trkpt>
   <trkpt lat="-7.9636580" lon="113.5685500">
    <ele>2922.2</ele>
   </trkpt>
   <trkpt lat="-7.9636680" lon="113.5685230">
    <ele>2923.9</ele>
   </trkpt>
   <trkpt lat="-7.9636650" lon="113.5684950">
    <ele>2925.5</ele>
   </trkpt>
   <trkpt lat="-7.9636970" lon="113.5684450">
    <ele>2927.9</ele>
   </trkpt>
   <trkpt lat="-7.9637250" lon="113.5684270">
    <ele>2929.1</ele>
   </trkpt>
   <trkpt lat="-7.9637650" lon="113.5684050">
    <ele>2930.8</ele>
   </trkpt>
   <trkpt lat="-7.9637930" lon="113.5684030">
    <ele>2932.5</ele>
   </trkpt>
   <trkpt lat="-7.9638220" lon="113.5683900">
    <ele>2934.8</ele>
   </trkpt>
   <trkpt lat="-7.9638470" lon="113.5683580">
    <ele>2937.6</ele>
   </trkpt>
   <trkpt lat="-7.9638630" lon="113.5683370">
    <ele>2939.1</ele>
   </trkpt>
   <trkpt lat="-7.9638920" lon="113.5683470">
    <ele>2940.8</ele>
   </trkpt>
   <trkpt lat="-7.9639500" lon="113.5683050">
    <ele>2944.6</ele>
   </trkpt>
   <trkpt lat="-7.9639700" lon="113.5682850">
    <ele>2945.7</ele>
   </trkpt>
   <trkpt lat="-7.9639920" lon="113.5682630">
    <ele>2946.9</ele>
   </trkpt>
   <trkpt lat="-7.9640250" lon="113.5682450">
    <ele>2949.2</ele>
   </trkpt>
   <trkpt lat="-7.9640520" lon="113.5682320">
    <ele>2951.2</ele>
   </trkpt>
   <trkpt lat="-7.9640620" lon="113.5682050">
    <ele>2951.7</ele>
   </trkpt>
   <trkpt lat="-7.9640720" lon="113.5681780">
    <ele>2950.6</ele>
   </trkpt>
   <trkpt lat="-7.9640770" lon="113.5681500">
    <ele>2949.8</ele>
   </trkpt>
   <trkpt lat="-7.9641000" lon="113.5681330">
    <ele>2949.7</ele>
   </trkpt>
   <trkpt lat="-7.9641050" lon="113.5681030">
    <ele>2949.6</ele>
   </trkpt>
   <trkpt lat="-7.9641150" lon="113.5680750">
    <ele>2949.4</ele>
   </trkpt>
   <trkpt lat="-7.9641270" lon="113.5680500">
    <ele>2949.3</ele>
   </trkpt>
   <trkpt lat="-7.9641230" lon="113.5680180">
    <ele>2949.8</ele>
   </trkpt>
   <trkpt lat="-7.9641200" lon="113.5679880">
    <ele>2950.3</ele>
   </trkpt>
   <trkpt lat="-7.9641180" lon="113.5679530">
    <ele>2950.9</ele>
   </trkpt>
   <trkpt lat="-7.9641080" lon="113.5679230">
    <ele>2951.5</ele>
   </trkpt>
   <trkpt lat="-7.9641070" lon="113.5678950">
    <ele>2952.3</ele>
   </trkpt>
   <trkpt lat="-7.9641120" lon="113.5678670">
    <ele>2953.6</ele>
   </trkpt>
   <trkpt lat="-7.9641230" lon="113.5678380">
    <ele>2955.0</ele>
   </trkpt>
   <trkpt lat="-7.9641370" lon="113.5678130">
    <ele>2955.8</ele>
   </trkpt>
   <trkpt lat="-7.9641500" lon="113.5677850">
    <ele>2956.7</ele>
   </trkpt>
   <trkpt lat="-7.9641520" lon="113.5677530">
    <ele>2958.5</ele>
   </trkpt>
   <trkpt lat="-7.9641530" lon="113.5677250">
    <ele>2960.3</ele>
   </trkpt>
   <trkpt lat="-7.9641620" lon="113.5676970">
    <ele>2961.9</ele>
   </trkpt>
   <trkpt lat="-7.9641670" lon="113.5676650">
    <ele>2963.4</ele>
   </trkpt>
   <trkpt lat="-7.9641530" lon="113.5676220">
    <ele>2965.8</ele>
   </trkpt>
   <trkpt lat="-7.9641420" lon="113.5675930">
    <ele>2967.3</ele>
   </trkpt>
   <trkpt lat="-7.9641320" lon="113.5675620">
    <ele>2968.7</ele>
   </trkpt>
   <trkpt lat="-7.9641330" lon="113.5675300">
    <ele>2970.2</ele>
   </trkpt>
   <trkpt lat="-7.9641370" lon="113.5675000">
    <ele>2971.5</ele>
   </trkpt>
   <trkpt lat="-7.9641480" lon="113.5674720">
    <ele>2973.7</ele>
   </trkpt>
   <trkpt lat="-7.9641380" lon="113.5674430">
    <ele>2976.6</ele>
   </trkpt>
   <trkpt lat="-7.9641250" lon="113.5674150">
    <ele>2978.6</ele>
   </trkpt>
   <trkpt lat="-7.9641150" lon="113.5673880">
    <ele>2979.9</ele>
   </trkpt>
   <trkpt lat="-7.9641220" lon="113.5673600">
    <ele>2981.6</ele>
   </trkpt>
   <trkpt lat="-7.9641230" lon="113.5673320">
    <ele>2983.3</ele>
   </trkpt>
   <trkpt lat="-7.9640920" lon="113.5672970">
    <ele>2986.3</ele>
   </trkpt>
   <trkpt lat="-7.9640750" lon="113.5672500">
    <ele>2989.4</ele>
   </trkpt>
   <trkpt lat="-7.9640750" lon="113.5671820">
    <ele>2992.0</ele>
   </trkpt>
   <trkpt lat="-7.9640850" lon="113.5671530">
    <ele>2993.0</ele>
   </trkpt>
   <trkpt lat="-7.9640920" lon="113.5671020">
    <ele>2995.7</ele>
   </trkpt>
   <trkpt lat="-7.9641030" lon="113.5670720">
    <ele>2997.0</ele>
   </trkpt>
   <trkpt lat="-7.9641170" lon="113.5670420">
    <ele>2997.8</ele>
   </trkpt>
   <trkpt lat="-7.9641280" lon="113.5670120">
    <ele>2998.5</ele>
   </trkpt>
   <trkpt lat="-7.9641180" lon="113.5669830">
    <ele>2999.2</ele>
   </trkpt>
   <trkpt lat="-7.9641430" lon="113.5669620">
    <ele>3000.0</ele>
   </trkpt>
   <trkpt lat="-7.9641450" lon="113.5669270">
    <ele>3000.0</ele>
   </trkpt>
   <trkpt lat="-7.9641420" lon="113.5668720">
    <ele>3001.1</ele>
   </trkpt>
   <trkpt lat="-7.9641330" lon="113.5668400">
    <ele>3003.2</ele>
   </trkpt>
   <trkpt lat="-7.9641330" lon="113.5668120">
    <ele>3004.9</ele>
   </trkpt>
   <trkpt lat="-7.9641380" lon="113.5667830">
    <ele>3006.1</ele>
   </trkpt>
   <trkpt lat="-7.9641520" lon="113.5667550">
    <ele>3007.4</ele>
   </trkpt>
   <trkpt lat="-7.9641670" lon="113.5667120">
    <ele>3008.9</ele>
   </trkpt>
   <trkpt lat="-7.9641880" lon="113.5666880">
    <ele>3009.6</ele>
   </trkpt>
   <trkpt lat="-7.9642120" lon="113.5666670">
    <ele>3010.3</ele>
   </trkpt>
   <trkpt lat="-7.9642430" lon="113.5666500">
    <ele>3011.2</ele>
   </trkpt>
   <trkpt lat="-7.9642750" lon="113.5666300">
    <ele>3012.2</ele>
   </trkpt>
   <trkpt lat="-7.9643030" lon="113.5666120">
    <ele>3013.0</ele>
   </trkpt>
   <trkpt lat="-7.9643300" lon="113.5666000">
    <ele>3013.7</ele>
   </trkpt>
   <trkpt lat="-7.9643520" lon="113.5665750">
    <ele>3014.4</ele>
   </trkpt>
   <trkpt lat="-7.9643880" lon="113.5664980">
    <ele>3015.9</ele>
   </trkpt>
   <trkpt lat="-7.9644000" lon="113.5665380">
    <ele>3016.4</ele>
   </trkpt>
   <trkpt lat="-7.9644150" lon="113.5665720">
    <ele>3016.7</ele>
   </trkpt>
   <trkpt lat="-7.9643930" lon="113.5665930">
    <ele>3016.7</ele>
   </trkpt>
   <trkpt lat="-7.9643470" lon="113.5666000">
    <ele>3016.1</ele>
   </trkpt>
   <trkpt lat="-7.9643100" lon="113.5665950">
    <ele>3015.0</ele>
   </trkpt>
   <trkpt lat="-7.9642780" lon="113.5666020">
    <ele>3013.5</ele>
   </trkpt>
   <trkpt lat="-7.9642470" lon="113.5666170">
    <ele>3014.4</ele>
   </trkpt>
   <trkpt lat="-7.9642170" lon="113.5666400">
    <ele>3015.9</ele>
   </trkpt>
   <trkpt lat="-7.9641920" lon="113.5666580">
    <ele>3016.5</ele>
   </trkpt>
   <trkpt lat="-7.9641780" lon="113.5666830">
    <ele>3016.7</ele>
   </trkpt>
   <trkpt lat="-7.9641700" lon="113.5667100">
    <ele>3016.7</ele>
   </trkpt>
   <trkpt lat="-7.9641680" lon="113.5667380">
    <ele>3016.5</ele>
   </trkpt>
   <trkpt lat="-7.9641620" lon="113.5667680">
    <ele>3016.1</ele>
   </trkpt>
   <trkpt lat="-7.9641620" lon="113.5668000">
    <ele>3015.7</ele>
   </trkpt>
   <trkpt lat="-7.9641720" lon="113.5668270">
    <ele>3015.2</ele>
   </trkpt>
   <trkpt lat="-7.9641730" lon="113.5668630">
    <ele>3014.5</ele>
   </trkpt>
   <trkpt lat="-7.9641720" lon="113.5668950">
    <ele>3013.8</ele>
   </trkpt>
   <trkpt lat="-7.9641580" lon="113.5669220">
    <ele>3013.0</ele>
   </trkpt>
   <trkpt lat="-7.9641450" lon="113.5669470">
    <ele>3012.3</ele>
   </trkpt>
   <trkpt lat="-7.9641470" lon="113.5669800">
    <ele>3011.5</ele>
   </trkpt>
   <trkpt lat="-7.9641330" lon="113.5670080">
    <ele>3010.7</ele>
   </trkpt>
   <trkpt lat="-7.9641280" lon="113.5670380">
    <ele>3009.9</ele>
   </trkpt>
   <trkpt lat="-7.9641250" lon="113.5670670">
    <ele>3009.3</ele>
   </trkpt>
   <trkpt lat="-7.9641220" lon="113.5670950">
    <ele>3008.6</ele>
   </trkpt>
   <trkpt lat="-7.9641120" lon="113.5671230">
    <ele>3007.5</ele>
   </trkpt>
   <trkpt lat="-7.9641030" lon="113.5671530">
    <ele>3006.2</ele>
   </trkpt>
   <trkpt lat="-7.9640950" lon="113.5671800">
    <ele>3005.0</ele>
   </trkpt>
   <trkpt lat="-7.9640930" lon="113.5672130">
    <ele>3003.0</ele>
   </trkpt>
   <trkpt lat="-7.9641020" lon="113.5672430">
    <ele>3001.0</ele>
   </trkpt>
   <trkpt lat="-7.9641070" lon="113.5672730">
    <ele>2999.8</ele>
   </trkpt>
   <trkpt lat="-7.9641200" lon="113.5672980">
    <ele>3000.1</ele>
   </trkpt>
   <trkpt lat="-7.9641380" lon="113.5673300">
    <ele>2999.8</ele>
   </trkpt>
   <trkpt lat="-7.9641370" lon="113.5673580">
    <ele>2999.1</ele>
   </trkpt>
   <trkpt lat="-7.9641270" lon="113.5673950">
    <ele>2998.2</ele>
   </trkpt>
   <trkpt lat="-7.9641280" lon="113.5674230">
    <ele>2997.5</ele>
   </trkpt>
   <trkpt lat="-7.9641350" lon="113.5674520">
    <ele>2996.8</ele>
   </trkpt>
   <trkpt lat="-7.9641300" lon="113.5674820">
    <ele>2995.3</ele>
   </trkpt>
   <trkpt lat="-7.9641250" lon="113.5675130">
    <ele>2993.6</ele>
   </trkpt>
   <trkpt lat="-7.9641350" lon="113.5675470">
    <ele>2992.2</ele>
   </trkpt>
   <trkpt lat="-7.9641500" lon="113.5675720">
    <ele>2991.3</ele>
   </trkpt>
   <trkpt lat="-7.9641670" lon="113.5675970">
    <ele>2990.2</ele>
   </trkpt>
   <trkpt lat="-7.9641700" lon="113.5676280">
    <ele>2988.2</ele>
   </trkpt>
   <trkpt lat="-7.9641780" lon="113.5676730">
    <ele>2985.3</ele>
   </trkpt>
   <trkpt lat="-7.9641720" lon="113.5677080">
    <ele>2983.0</ele>
   </trkpt>
   <trkpt lat="-7.9641700" lon="113.5677370">
    <ele>2981.1</ele>
   </trkpt>
   <trkpt lat="-7.9641770" lon="113.5677750">
    <ele>2979.1</ele>
   </trkpt>
   <trkpt lat="-7.9641630" lon="113.5678080">
    <ele>2977.0</ele>
   </trkpt>
   <trkpt lat="-7.9641470" lon="113.5678320">
    <ele>2974.2</ele>
   </trkpt>
   <trkpt lat="-7.9641450" lon="113.5678630">
    <ele>2971.7</ele>
   </trkpt>
   <trkpt lat="-7.9641470" lon="113.5678920">
    <ele>2970.4</ele>
   </trkpt>
   <trkpt lat="-7.9641500" lon="113.5679200">
    <ele>2969.1</ele>
   </trkpt>
   <trkpt lat="-7.9641480" lon="113.5679550">
    <ele>2967.4</ele>
   </trkpt>
   <trkpt lat="-7.9641530" lon="113.5679830">
    <ele>2966.1</ele>
   </trkpt>
   <trkpt lat="-7.9641480" lon="113.5680120">
    <ele>2964.5</ele>
   </trkpt>
   <trkpt lat="-7.9641330" lon="113.5680380">
    <ele>2963.0</ele>
   </trkpt>
   <trkpt lat="-7.9641330" lon="113.5680670">
    <ele>2961.6</ele>
   </trkpt>
   <trkpt lat="-7.9641250" lon="113.5680980">
    <ele>2959.6</ele>
   </trkpt>
   <trkpt lat="-7.9640980" lon="113.5681270">
    <ele>2956.9</ele>
   </trkpt>
   <trkpt lat="-7.9640870" lon="113.5681520">
    <ele>2956.1</ele>
   </trkpt>
   <trkpt lat="-7.9640700" lon="113.5681770">
    <ele>2955.2</ele>
   </trkpt>
   <trkpt lat="-7.9640470" lon="113.5682020">
    <ele>2953.8</ele>
   </trkpt>
   <trkpt lat="-7.9640300" lon="113.5682270">
    <ele>2952.4</ele>
   </trkpt>
   <trkpt lat="-7.9640050" lon="113.5682470">
    <ele>2951.5</ele>
   </trkpt>
   <trkpt lat="-7.9639820" lon="113.5682670">
    <ele>2950.9</ele>
   </trkpt>
   <trkpt lat="-7.9639650" lon="113.5682920">
    <ele>2950.3</ele>
   </trkpt>
   <trkpt lat="-7.9639450" lon="113.5683170">
    <ele>2949.8</ele>
   </trkpt>
   <trkpt lat="-7.9639350" lon="113.5683430">
    <ele>2949.3</ele>
   </trkpt>
   <trkpt lat="-7.9639030" lon="113.5683470">
    <ele>2949.5</ele>
   </trkpt>
   <trkpt lat="-7.9638750" lon="113.5683570">
    <ele>2949.6</ele>
   </trkpt>
   <trkpt lat="-7.9638580" lon="113.5683780">
    <ele>2949.7</ele>
   </trkpt>
   <trkpt lat="-7.9638320" lon="113.5683930">
    <ele>2949.8</ele>
   </trkpt>
   <trkpt lat="-7.9638050" lon="113.5684000">
    <ele>2950.8</ele>
   </trkpt>
   <trkpt lat="-7.9637770" lon="113.5684130">
    <ele>2951.9</ele>
   </trkpt>
   <trkpt lat="-7.9637500" lon="113.5684250">
    <ele>2950.6</ele>
   </trkpt>
   <trkpt lat="-7.9637250" lon="113.5684430">
    <ele>2948.5</ele>
   </trkpt>
   <trkpt lat="-7.9637070" lon="113.5684630">
    <ele>2946.8</ele>
   </trkpt>
   <trkpt lat="-7.9636870" lon="113.5684880">
    <ele>2945.5</ele>
   </trkpt>
   <trkpt lat="-7.9636650" lon="113.5685080">
    <ele>2944.4</ele>
   </trkpt>
   <trkpt lat="-7.9636550" lon="113.5685350">
    <ele>2942.9</ele>
   </trkpt>
   <trkpt lat="-7.9636300" lon="113.5685520">
    <ele>2941.2</ele>
   </trkpt>
   <trkpt lat="-7.9636070" lon="113.5685680">
    <ele>2939.5</ele>
   </trkpt>
   <trkpt lat="-7.9635880" lon="113.5685900">
    <ele>2937.8</ele>
   </trkpt>
   <trkpt lat="-7.9635930" lon="113.5686200">
    <ele>2935.7</ele>
   </trkpt>
   <trkpt lat="-7.9635870" lon="113.5686470">
    <ele>2933.7</ele>
   </trkpt>
   <trkpt lat="-7.9635730" lon="113.5686750">
    <ele>2931.4</ele>
   </trkpt>
   <trkpt lat="-7.9635780" lon="113.5686320">
    <ele>2929.7</ele>
   </trkpt>
   <trkpt lat="-7.9635650" lon="113.5686600">
    <ele>2928.5</ele>
   </trkpt>
   <trkpt lat="-7.9635650" lon="113.5686880">
    <ele>2927.4</ele>
   </trkpt>
   <trkpt lat="-7.9635630" lon="113.5687180">
    <ele>2926.4</ele>
   </trkpt>
   <trkpt lat="-7.9635770" lon="113.5687430">
    <ele>2924.8</ele>
   </trkpt>
   <trkpt lat="-7.9635820" lon="113.5687730">
    <ele>2923.0</ele>
   </trkpt>
   <trkpt lat="-7.9635820" lon="113.5688100">
    <ele>2920.9</ele>
   </trkpt>
   <trkpt lat="-7.9635880" lon="113.5688420">
    <ele>2919.4</ele>
   </trkpt>
   <trkpt lat="-7.9635930" lon="113.5688730">
    <ele>2918.0</ele>
   </trkpt>
   <trkpt lat="-7.9636080" lon="113.5689020">
    <ele>2916.8</ele>
   </trkpt>
   <trkpt lat="-7.9636220" lon="113.5689270">
    <ele>2915.8</ele>
   </trkpt>
   <trkpt lat="-7.9636330" lon="113.5689520">
    <ele>2914.8</ele>
   </trkpt>
   <trkpt lat="-7.9636650" lon="113.5689680">
    <ele>2913.9</ele>
   </trkpt>
   <trkpt lat="-7.9636850" lon="113.5689870">
    <ele>2913.1</ele>
   </trkpt>
   <trkpt lat="-7.9637020" lon="113.5690180">
    <ele>2912.4</ele>
   </trkpt>
   <trkpt lat="-7.9637070" lon="113.5690530">
    <ele>2911.9</ele>
   </trkpt>
   <trkpt lat="-7.9637080" lon="113.5690820">
    <ele>2911.6</ele>
   </trkpt>
   <trkpt lat="-7.9637050" lon="113.5691120">
    <ele>2911.4</ele>
   </trkpt>
   <trkpt lat="-7.9636980" lon="113.5691400">
    <ele>2911.4</ele>
   </trkpt>
   <trkpt lat="-7.9637020" lon="113.5691720">
    <ele>2911.3</ele>
   </trkpt>
   <trkpt lat="-7.9636920" lon="113.5692080">
    <ele>2911.4</ele>
   </trkpt>
   <trkpt lat="-7.9637070" lon="113.5692320">
    <ele>2911.4</ele>
   </trkpt>
   <trkpt lat="-7.9637170" lon="113.5692630">
    <ele>2911.5</ele>
   </trkpt>
   <trkpt lat="-7.9637200" lon="113.5692930">
    <ele>2911.6</ele>
   </trkpt>
   <trkpt lat="-7.9637230" lon="113.5693320">
    <ele>2911.8</ele>
   </trkpt>
   <trkpt lat="-7.9637250" lon="113.5693630">
    <ele>2912.2</ele>
   </trkpt>
   <trkpt lat="-7.9637150" lon="113.5693980">
    <ele>2912.5</ele>
   </trkpt>
   <trkpt lat="-7.9636920" lon="113.5694220">
    <ele>2913.0</ele>
   </trkpt>
   <trkpt lat="-7.9636730" lon="113.5694420">
    <ele>2913.2</ele>
   </trkpt>
   <trkpt lat="-7.9636700" lon="113.5694720">
    <ele>2913.4</ele>
   </trkpt>
   <trkpt lat="-7.9636630" lon="113.5695020">
    <ele>2913.6</ele>
   </trkpt>
   <trkpt lat="-7.9636720" lon="113.5695330">
    <ele>2913.8</ele>
   </trkpt>
   <trkpt lat="-7.9636530" lon="113.5695620">
    <ele>2913.9</ele>
   </trkpt>
   <trkpt lat="-7.9636430" lon="113.5695880">
    <ele>2914.0</ele>
   </trkpt>
   <trkpt lat="-7.9636370" lon="113.5696230">
    <ele>2914.0</ele>
   </trkpt>
   <trkpt lat="-7.9636400" lon="113.5696530">
    <ele>2914.0</ele>
   </trkpt>
   <trkpt lat="-7.9636470" lon="113.5697070">
    <ele>2913.9</ele>
   </trkpt>
   <trkpt lat="-7.9636480" lon="113.5697570">
    <ele>2913.8</ele>
   </trkpt>
   <trkpt lat="-7.9636520" lon="113.5697870">
    <ele>2913.7</ele>
   </trkpt>
   <trkpt lat="-7.9636450" lon="113.5698130">
    <ele>2913.6</ele>
   </trkpt>
   <trkpt lat="-7.9636280" lon="113.5698500">
    <ele>2913.5</ele>
   </trkpt>
   <trkpt lat="-7.9636270" lon="113.5698870">
    <ele>2913.3</ele>
   </trkpt>
   <trkpt lat="-7.9636220" lon="113.5699180">
    <ele>2913.2</ele>
   </trkpt>
   <trkpt lat="-7.9636420" lon="113.5699000">
    <ele>2913.2</ele>
   </trkpt>
   <trkpt lat="-7.9636620" lon="113.5698720">
    <ele>2913.3</ele>
   </trkpt>
   <trkpt lat="-7.9636950" lon="113.5698600">
    <ele>2913.3</ele>
   </trkpt>
   <trkpt lat="-7.9637270" lon="113.5698600">
    <ele>2913.7</ele>
   </trkpt>
   <trkpt lat="-7.9637470" lon="113.5698420">
    <ele>2914.2</ele>
   </trkpt>
   <trkpt lat="-7.9637750" lon="113.5698200">
    <ele>2913.6</ele>
   </trkpt>
   <trkpt lat="-7.9637970" lon="113.5697920">
    <ele>2913.4</ele>
   </trkpt>
   <trkpt lat="-7.9638300" lon="113.5697700">
    <ele>2913.9</ele>
   </trkpt>
   <trkpt lat="-7.9638650" lon="113.5697580">
    <ele>2913.9</ele>
   </trkpt>
   <trkpt lat="-7.9638950" lon="113.5697450">
    <ele>2914.0</ele>
   </trkpt>
   <trkpt lat="-7.9639120" lon="113.5697220">
    <ele>2914.7</ele>
   </trkpt>
   <trkpt lat="-7.9639350" lon="113.5697020">
    <ele>2914.4</ele>
   </trkpt>
   <trkpt lat="-7.9639430" lon="113.5696750">
    <ele>2914.4</ele>
   </trkpt>
   <trkpt lat="-7.9639750" lon="113.5696430">
    <ele>2914.9</ele>
   </trkpt>
   <trkpt lat="-7.9640070" lon="113.5696270">
    <ele>2915.4</ele>
   </trkpt>
   <trkpt lat="-7.9640330" lon="113.5696180">
    <ele>2915.3</ele>
   </trkpt>
   <trkpt lat="-7.9640620" lon="113.5696080">
    <ele>2915.8</ele>
   </trkpt>
   <trkpt lat="-7.9640950" lon="113.5695900">
    <ele>2916.2</ele>
   </trkpt>
   <trkpt lat="-7.9641350" lon="113.5695820">
    <ele>2916.6</ele>
   </trkpt>
   <trkpt lat="-7.9641730" lon="113.5695680">
    <ele>2916.2</ele>
   </trkpt>
   <trkpt lat="-7.9642000" lon="113.5695350">
    <ele>2915.5</ele>
   </trkpt>
   <trkpt lat="-7.9642250" lon="113.5695200">
    <ele>2915.4</ele>
   </trkpt>
   <trkpt lat="-7.9642500" lon="113.5695030">
    <ele>2915.4</ele>
   </trkpt>
   <trkpt lat="-7.9642880" lon="113.5694920">
    <ele>2914.7</ele>
   </trkpt>
   <trkpt lat="-7.9643150" lon="113.5694980">
    <ele>2915.4</ele>
   </trkpt>
   <trkpt lat="-7.9643420" lon="113.5694870">
    <ele>2914.8</ele>
   </trkpt>
   <trkpt lat="-7.9643680" lon="113.5694780">
    <ele>2914.8</ele>
   </trkpt>
   <trkpt lat="-7.9643870" lon="113.5694530">
    <ele>2915.0</ele>
   </trkpt>
   <trkpt lat="-7.9644250" lon="113.5694400">
    <ele>2914.5</ele>
   </trkpt>
   <trkpt lat="-7.9644570" lon="113.5694220">
    <ele>2914.5</ele>
   </trkpt>
   <trkpt lat="-7.9644900" lon="113.5694120">
    <ele>2914.7</ele>
   </trkpt>
   <trkpt lat="-7.9645230" lon="113.5694130">
    <ele>2914.9</ele>
   </trkpt>
   <trkpt lat="-7.9645520" lon="113.5694050">
    <ele>2914.1</ele>
   </trkpt>
   <trkpt lat="-7.9645750" lon="113.5693870">
    <ele>2914.1</ele>
   </trkpt>
   <trkpt lat="-7.9645970" lon="113.5693620">
    <ele>2913.4</ele>
   </trkpt>
   <trkpt lat="-7.9646350" lon="113.5693570">
    <ele>2913.5</ele>
   </trkpt>
   <trkpt lat="-7.9646680" lon="113.5693320">
    <ele>2913.5</ele>
   </trkpt>
   <trkpt lat="-7.9646980" lon="113.5693220">
    <ele>2913.7</ele>
   </trkpt>
   <trkpt lat="-7.9647370" lon="113.5693200">
    <ele>2913.1</ele>
   </trkpt>
   <trkpt lat="-7.9647620" lon="113.5693050">
    <ele>2913.3</ele>
   </trkpt>
   <trkpt lat="-7.9647920" lon="113.5693020">
    <ele>2913.3</ele>
   </trkpt>
   <trkpt lat="-7.9648270" lon="113.5693020">
    <ele>2913.5</ele>
   </trkpt>
   <trkpt lat="-7.9648620" lon="113.5692820">
    <ele>2913.7</ele>
   </trkpt>
   <trkpt lat="-7.9649000" lon="113.5692750">
    <ele>2912.9</ele>
   </trkpt>
   <trkpt lat="-7.9649230" lon="113.5692530">
    <ele>2912.9</ele>
   </trkpt>
   <trkpt lat="-7.9649420" lon="113.5692230">
    <ele>2912.1</ele>
   </trkpt>
   <trkpt lat="-7.9649580" lon="113.5691950">
    <ele>2912.1</ele>
   </trkpt>
   <trkpt lat="-7.9649880" lon="113.5691920">
    <ele>2911.6</ele>
   </trkpt>
   <trkpt lat="-7.9650250" lon="113.5691970">
    <ele>2912.5</ele>
   </trkpt>
   <trkpt lat="-7.9650520" lon="113.5691900">
    <ele>2911.8</ele>
   </trkpt>
   <trkpt lat="-7.9650750" lon="113.5691620">
    <ele>2912.1</ele>
   </trkpt>
   <trkpt lat="-7.9651050" lon="113.5691530">
    <ele>2912.3</ele>
   </trkpt>
   <trkpt lat="-7.9651430" lon="113.5691500">
    <ele>2912.6</ele>
   </trkpt>
   <trkpt lat="-7.9651700" lon="113.5691370">
    <ele>2911.8</ele>
   </trkpt>
   <trkpt lat="-7.9652030" lon="113.5691330">
    <ele>2911.8</ele>
   </trkpt>
   <trkpt lat="-7.9652380" lon="113.5691270">
    <ele>2911.9</ele>
   </trkpt>
   <trkpt lat="-7.9652720" lon="113.5691250">
    <ele>2912.0</ele>
   </trkpt>
   <trkpt lat="-7.9653030" lon="113.5691150">
    <ele>2912.0</ele>
   </trkpt>
   <trkpt lat="-7.9653370" lon="113.5690980">
    <ele>2911.1</ele>
   </trkpt>
   <trkpt lat="-7.9653650" lon="113.5690900">
    <ele>2911.4</ele>
   </trkpt>
   <trkpt lat="-7.9654050" lon="113.5690830">
    <ele>2911.7</ele>
   </trkpt>
   <trkpt lat="-7.9654380" lon="113.5690720">
    <ele>2911.7</ele>
   </trkpt>
   <trkpt lat="-7.9654620" lon="113.5690470">
    <ele>2911.0</ele>
   </trkpt>
   <trkpt lat="-7.9654900" lon="113.5690170">
    <ele>2910.7</ele>
   </trkpt>
   <trkpt lat="-7.9655170" lon="113.5689930">
    <ele>2910.7</ele>
   </trkpt>
   <trkpt lat="-7.9655570" lon="113.5689930">
    <ele>2910.8</ele>
   </trkpt>
   <trkpt lat="-7.9655850" lon="113.5689820">
    <ele>2910.8</ele>
   </trkpt>
   <trkpt lat="-7.9656120" lon="113.5689670">
    <ele>2910.8</ele>
   </trkpt>
   <trkpt lat="-7.9656480" lon="113.5689500">
    <ele>2910.8</ele>
   </trkpt>
   <trkpt lat="-7.9656770" lon="113.5689430">
    <ele>2910.8</ele>
   </trkpt>
   <trkpt lat="-7.9657080" lon="113.5689350">
    <ele>2911.0</ele>
   </trkpt>
   <trkpt lat="-7.9657400" lon="113.5689230">
    <ele>2910.9</ele>
   </trkpt>
   <trkpt lat="-7.9657750" lon="113.5689370">
    <ele>2910.6</ele>
   </trkpt>
   <trkpt lat="-7.9658050" lon="113.5689380">
    <ele>2910.6</ele>
   </trkpt>
   <trkpt lat="-7.9658400" lon="113.5689500">
    <ele>2910.7</ele>
   </trkpt>
   <trkpt lat="-7.9658820" lon="113.5689350">
    <ele>2911.2</ele>
   </trkpt>
   <trkpt lat="-7.9659150" lon="113.5689280">
    <ele>2911.5</ele>
   </trkpt>
   <trkpt lat="-7.9659680" lon="113.5689120">
    <ele>2911.8</ele>
   </trkpt>
   <trkpt lat="-7.9660070" lon="113.5689020">
    <ele>2912.0</ele>
   </trkpt>
   <trkpt lat="-7.9660430" lon="113.5689020">
    <ele>2912.2</ele>
   </trkpt>
   <trkpt lat="-7.9660750" lon="113.5689000">
    <ele>2912.2</ele>
   </trkpt>
   <trkpt lat="-7.9661070" lon="113.5688950">
    <ele>2912.2</ele>
   </trkpt>
   <trkpt lat="-7.9661420" lon="113.5688830">
    <ele>2912.4</ele>
   </trkpt>
   <trkpt lat="-7.9661750" lon="113.5688700">
    <ele>2912.5</ele>
   </trkpt>
   <trkpt lat="-7.9662030" lon="113.5688600">
    <ele>2912.5</ele>
   </trkpt>
   <trkpt lat="-7.9662330" lon="113.5688650">
    <ele>2912.6</ele>
   </trkpt>
   <trkpt lat="-7.9662670" lon="113.5688620">
    <ele>2912.8</ele>
   </trkpt>
   <trkpt lat="-7.9663030" lon="113.5688570">
    <ele>2913.0</ele>
   </trkpt>
   <trkpt lat="-7.9663430" lon="113.5688470">
    <ele>2914.4</ele>
   </trkpt>
   <trkpt lat="-7.9663770" lon="113.5688380">
    <ele>2914.7</ele>
   </trkpt>
   <trkpt lat="-7.9664100" lon="113.5688350">
    <ele>2914.7</ele>
   </trkpt>
   <trkpt lat="-7.9664470" lon="113.5688280">
    <ele>2915.1</ele>
   </trkpt>
   <trkpt lat="-7.9664800" lon="113.5688270">
    <ele>2915.4</ele>
   </trkpt>
   <trkpt lat="-7.9665170" lon="113.5688150">
    <ele>2915.8</ele>
   </trkpt>
   <trkpt lat="-7.9665470" lon="113.5688080">
    <ele>2916.3</ele>
   </trkpt>
   <trkpt lat="-7.9665830" lon="113.5688200">
    <ele>2916.3</ele>
   </trkpt>
   <trkpt lat="-7.9666150" lon="113.5688200">
    <ele>2916.7</ele>
   </trkpt>
   <trkpt lat="-7.9666520" lon="113.5688170">
    <ele>2916.9</ele>
   </trkpt>
   <trkpt lat="-7.9666870" lon="113.5688170">
    <ele>2916.9</ele>
   </trkpt>
   <trkpt lat="-7.9667200" lon="113.5688250">
    <ele>2916.6</ele>
   </trkpt>
   <trkpt lat="-7.9667550" lon="113.5688250">
    <ele>2916.6</ele>
   </trkpt>
   <trkpt lat="-7.9667920" lon="113.5688270">
    <ele>2916.3</ele>
   </trkpt>
   <trkpt lat="-7.9668220" lon="113.5688270">
    <ele>2916.0</ele>
   </trkpt>
   <trkpt lat="-7.9668520" lon="113.5688250">
    <ele>2915.8</ele>
   </trkpt>
   <trkpt lat="-7.9668780" lon="113.5688170">
    <ele>2915.8</ele>
   </trkpt>
   <trkpt lat="-7.9669080" lon="113.5687980">
    <ele>2918.6</ele>
   </trkpt>
   <trkpt lat="-7.9669470" lon="113.5687870">
    <ele>2918.3</ele>
   </trkpt>
   <trkpt lat="-7.9669730" lon="113.5687650">
    <ele>2917.9</ele>
   </trkpt>
   <trkpt lat="-7.9669970" lon="113.5687470">
    <ele>2920.3</ele>
   </trkpt>
   <trkpt lat="-7.9670030" lon="113.5687130">
    <ele>2922.8</ele>
   </trkpt>
   <trkpt lat="-7.9670100" lon="113.5686830">
    <ele>2922.8</ele>
   </trkpt>
   <trkpt lat="-7.9670280" lon="113.5686630">
    <ele>2924.0</ele>
   </trkpt>
   <trkpt lat="-7.9670600" lon="113.5686580">
    <ele>2923.0</ele>
   </trkpt>
   <trkpt lat="-7.9670880" lon="113.5686420">
    <ele>2923.0</ele>
   </trkpt>
   <trkpt lat="-7.9671150" lon="113.5686170">
    <ele>2924.2</ele>
   </trkpt>
   <trkpt lat="-7.9671380" lon="113.5686020">
    <ele>2924.2</ele>
   </trkpt>
   <trkpt lat="-7.9671600" lon="113.5685830">
    <ele>2925.5</ele>
   </trkpt>
   <trkpt lat="-7.9671880" lon="113.5685720">
    <ele>2925.1</ele>
   </trkpt>
   <trkpt lat="-7.9672070" lon="113.5685450">
    <ele>2927.1</ele>
   </trkpt>
   <trkpt lat="-7.9672030" lon="113.5685150">
    <ele>2927.1</ele>
   </trkpt>
   <trkpt lat="-7.9671900" lon="113.5684720">
    <ele>2929.3</ele>
   </trkpt>
   <trkpt lat="-7.9671820" lon="113.5684430">
    <ele>2932.2</ele>
   </trkpt>
   <trkpt lat="-7.9672050" lon="113.5684280">
    <ele>2931.7</ele>
   </trkpt>
   <trkpt lat="-7.9671980" lon="113.5683870">
    <ele>2934.3</ele>
   </trkpt>
   <trkpt lat="-7.9671870" lon="113.5683570">
    <ele>2936.9</ele>
   </trkpt>
   <trkpt lat="-7.9671620" lon="113.5683450">
    <ele>2937.2</ele>
   </trkpt>
   <trkpt lat="-7.9671350" lon="113.5683530">
    <ele>2937.7</ele>
   </trkpt>
   <trkpt lat="-7.9671730" lon="113.5683450">
    <ele>2937.2</ele>
   </trkpt>
   <trkpt lat="-7.9672020" lon="113.5683470">
    <ele>2936.9</ele>
   </trkpt>
   <trkpt lat="-7.9672280" lon="113.5683400">
    <ele>2936.8</ele>
   </trkpt>
   <trkpt lat="-7.9672600" lon="113.5683330">
    <ele>2939.5</ele>
   </trkpt>
   <trkpt lat="-7.9672880" lon="113.5683450">
    <ele>2936.8</ele>
   </trkpt>
   <trkpt lat="-7.9673370" lon="113.5683500">
    <ele>2937.0</ele>
   </trkpt>
   <trkpt lat="-7.9673980" lon="113.5682950">
    <ele>2939.7</ele>
   </trkpt>
   <trkpt lat="-7.9674250" lon="113.5682820">
    <ele>2942.0</ele>
   </trkpt>
   <trkpt lat="-7.9674530" lon="113.5682620">
    <ele>2941.8</ele>
   </trkpt>
   <trkpt lat="-7.9674800" lon="113.5682570">
    <ele>2941.8</ele>
   </trkpt>
   <trkpt lat="-7.9675080" lon="113.5682530">
    <ele>2941.4</ele>
   </trkpt>
   <trkpt lat="-7.9675350" lon="113.5682420">
    <ele>2942.4</ele>
   </trkpt>
   <trkpt lat="-7.9675680" lon="113.5682370">
    <ele>2941.4</ele>
   </trkpt>
   <trkpt lat="-7.9676000" lon="113.5682450">
    <ele>2941.4</ele>
   </trkpt>
   <trkpt lat="-7.9676370" lon="113.5682620">
    <ele>2939.0</ele>
   </trkpt>
   <trkpt lat="-7.9676670" lon="113.5682720">
    <ele>2937.9</ele>
   </trkpt>
   <trkpt lat="-7.9676930" lon="113.5682870">
    <ele>2936.7</ele>
   </trkpt>
   <trkpt lat="-7.9677250" lon="113.5682850">
    <ele>2936.7</ele>
   </trkpt>
   <trkpt lat="-7.9677620" lon="113.5682870">
    <ele>2935.4</ele>
   </trkpt>
   <trkpt lat="-7.9677880" lon="113.5683000">
    <ele>2932.8</ele>
   </trkpt>
   <trkpt lat="-7.9678170" lon="113.5683080">
    <ele>2932.8</ele>
   </trkpt>
   <trkpt lat="-7.9678480" lon="113.5683120">
    <ele>2931.2</ele>
   </trkpt>
   <trkpt lat="-7.9678820" lon="113.5683030">
    <ele>2929.6</ele>
   </trkpt>
   <trkpt lat="-7.9679170" lon="113.5682980">
    <ele>2927.8</ele>
   </trkpt>
   <trkpt lat="-7.9679480" lon="113.5682930">
    <ele>2926.1</ele>
   </trkpt>
   <trkpt lat="-7.9679820" lon="113.5682900">
    <ele>2927.7</ele>
   </trkpt>
   <trkpt lat="-7.9680170" lon="113.5682800">
    <ele>2926.0</ele>
   </trkpt>
   <trkpt lat="-7.9680520" lon="113.5682750">
    <ele>2924.4</ele>
   </trkpt>
   <trkpt lat="-7.9680830" lon="113.5682770">
    <ele>2922.8</ele>
   </trkpt>
   <trkpt lat="-7.9681170" lon="113.5682900">
    <ele>2922.8</ele>
   </trkpt>
   <trkpt lat="-7.9681520" lon="113.5683200">
    <ele>2920.1</ele>
   </trkpt>
   <trkpt lat="-7.9681770" lon="113.5683030">
    <ele>2918.9</ele>
   </trkpt>
   <trkpt lat="-7.9681980" lon="113.5683230">
    <ele>2918.9</ele>
   </trkpt>
   <trkpt lat="-7.9682330" lon="113.5683350">
    <ele>2916.3</ele>
   </trkpt>
   <trkpt lat="-7.9682500" lon="113.5683570">
    <ele>2915.4</ele>
   </trkpt>
   <trkpt lat="-7.9682780" lon="113.5683580">
    <ele>2915.4</ele>
   </trkpt>
   <trkpt lat="-7.9683070" lon="113.5683570">
    <ele>2914.5</ele>
   </trkpt>
   <trkpt lat="-7.9683350" lon="113.5683470">
    <ele>2913.2</ele>
   </trkpt>
   <trkpt lat="-7.9683550" lon="113.5683280">
    <ele>2913.9</ele>
   </trkpt>
   <trkpt lat="-7.9683670" lon="113.5682950">
    <ele>2913.9</ele>
   </trkpt>
   <trkpt lat="-7.9683770" lon="113.5682680">
    <ele>2912.0</ele>
   </trkpt>
   <trkpt lat="-7.9683950" lon="113.5682480">
    <ele>2911.5</ele>
   </trkpt>
   <trkpt lat="-7.9683980" lon="113.5682200">
    <ele>2911.5</ele>
   </trkpt>
   <trkpt lat="-7.9684200" lon="113.5681970">
    <ele>2908.4</ele>
   </trkpt>
   <trkpt lat="-7.9684370" lon="113.5681730">
    <ele>2908.4</ele>
   </trkpt>
   <trkpt lat="-7.9684570" lon="113.5681450">
    <ele>2907.2</ele>
   </trkpt>
   <trkpt lat="-7.9684770" lon="113.5681220">
    <ele>2905.0</ele>
   </trkpt>
   <trkpt lat="-7.9684780" lon="113.5680900">
    <ele>2903.4</ele>
   </trkpt>
   <trkpt lat="-7.9684830" lon="113.5680620">
    <ele>2901.8</ele>
   </trkpt>
   <trkpt lat="-7.9685120" lon="113.5680700">
    <ele>2899.3</ele>
   </trkpt>
   <trkpt lat="-7.9685400" lon="113.5680700">
    <ele>2899.3</ele>
   </trkpt>
   <trkpt lat="-7.9685620" lon="113.5680480">
    <ele>2896.8</ele>
   </trkpt>
   <trkpt lat="-7.9685650" lon="113.5680180">
    <ele>2894.9</ele>
   </trkpt>
   <trkpt lat="-7.9685670" lon="113.5679880">
    <ele>2893.1</ele>
   </trkpt>
   <trkpt lat="-7.9685720" lon="113.5679600">
    <ele>2893.1</ele>
   </trkpt>
   <trkpt lat="-7.9685970" lon="113.5679420">
    <ele>2888.8</ele>
   </trkpt>
   <trkpt lat="-7.9686150" lon="113.5679170">
    <ele>2888.8</ele>
   </trkpt>
   <trkpt lat="-7.9686300" lon="113.5678800">
    <ele>2884.6</ele>
   </trkpt>
   <trkpt lat="-7.9686400" lon="113.5678520">
    <ele>2883.1</ele>
   </trkpt>
   <trkpt lat="-7.9686430" lon="113.5678150">
    <ele>2881.8</ele>
   </trkpt>
   <trkpt lat="-7.9686430" lon="113.5677850">
    <ele>2881.8</ele>
   </trkpt>
   <trkpt lat="-7.9686380" lon="113.5677530">
    <ele>2880.6</ele>
   </trkpt>
   <trkpt lat="-7.9686520" lon="113.5677250">
    <ele>2879.6</ele>
   </trkpt>
   <trkpt lat="-7.9686670" lon="113.5676930">
    <ele>2879.6</ele>
   </trkpt>
   <trkpt lat="-7.9686980" lon="113.5676730">
    <ele>2875.4</ele>
   </trkpt>
   <trkpt lat="-7.9687330" lon="113.5676580">
    <ele>2872.2</ele>
   </trkpt>
   <trkpt lat="-7.9687370" lon="113.5676280">
    <ele>2871.1</ele>
   </trkpt>
   <trkpt lat="-7.9687450" lon="113.5675970">
    <ele>2870.1</ele>
   </trkpt>
   <trkpt lat="-7.9687530" lon="113.5675600">
    <ele>2869.0</ele>
   </trkpt>
   <trkpt lat="-7.9687670" lon="113.5675230">
    <ele>2865.0</ele>
   </trkpt>
   <trkpt lat="-7.9687800" lon="113.5674970">
    <ele>2863.5</ele>
   </trkpt>
   <trkpt lat="-7.9687880" lon="113.5674670">
    <ele>2861.9</ele>
   </trkpt>
   <trkpt lat="-7.9687980" lon="113.5674380">
    <ele>2857.5</ele>
   </trkpt>
   <trkpt lat="-7.9688180" lon="113.5674180">
    <ele>2855.8</ele>
   </trkpt>
   <trkpt lat="-7.9688550" lon="113.5673950">
    <ele>2851.7</ele>
   </trkpt>
   <trkpt lat="-7.9688480" lon="113.5673530">
    <ele>2850.1</ele>
   </trkpt>
   <trkpt lat="-7.9688270" lon="113.5673230">
    <ele>2852.6</ele>
   </trkpt>
   <trkpt lat="-7.9688250" lon="113.5672920">
    <ele>2851.4</ele>
   </trkpt>
   <trkpt lat="-7.9688520" lon="113.5673020">
    <ele>2847.5</ele>
   </trkpt>
   <trkpt lat="-7.9688420" lon="113.5672700">
    <ele>2847.5</ele>
   </trkpt>
   <trkpt lat="-7.9688350" lon="113.5672420">
    <ele>2850.4</ele>
   </trkpt>
   <trkpt lat="-7.9688230" lon="113.5672070">
    <ele>2849.8</ele>
   </trkpt>
   <trkpt lat="-7.9688480" lon="113.5671930">
    <ele>2846.0</ele>
   </trkpt>
   <trkpt lat="-7.9688730" lon="113.5671780">
    <ele>2846.0</ele>
   </trkpt>
   <trkpt lat="-7.9689020" lon="113.5671700">
    <ele>2842.7</ele>
   </trkpt>
   <trkpt lat="-7.9689280" lon="113.5671470">
    <ele>2840.5</ele>
   </trkpt>
   <trkpt lat="-7.9689500" lon="113.5671270">
    <ele>2840.6</ele>
   </trkpt>
   <trkpt lat="-7.9689730" lon="113.5671100">
    <ele>2838.9</ele>
   </trkpt>
   <trkpt lat="-7.9689900" lon="113.5670850">
    <ele>2839.1</ele>
   </trkpt>
   <trkpt lat="-7.9690020" lon="113.5670550">
    <ele>2839.1</ele>
   </trkpt>
   <trkpt lat="-7.9690130" lon="113.5670280">
    <ele>2837.4</ele>
   </trkpt>
   <trkpt lat="-7.9690330" lon="113.5670100">
    <ele>2837.4</ele>
   </trkpt>
   <trkpt lat="-7.9690550" lon="113.5669880">
    <ele>2835.3</ele>
   </trkpt>
   <trkpt lat="-7.9690870" lon="113.5669780">
    <ele>2835.3</ele>
   </trkpt>
   <trkpt lat="-7.9691020" lon="113.5669520">
    <ele>2832.6</ele>
   </trkpt>
   <trkpt lat="-7.9691120" lon="113.5669180">
    <ele>2831.8</ele>
   </trkpt>
   <trkpt lat="-7.9691050" lon="113.5668880">
    <ele>2831.8</ele>
   </trkpt>
   <trkpt lat="-7.9690980" lon="113.5668620">
    <ele>2830.8</ele>
   </trkpt>
   <trkpt lat="-7.9690950" lon="113.5668330">
    <ele>2833.5</ele>
   </trkpt>
   <trkpt lat="-7.9691000" lon="113.5668030">
    <ele>2829.7</ele>
   </trkpt>
   <trkpt lat="-7.9691000" lon="113.5667750">
    <ele>2828.3</ele>
   </trkpt>
   <trkpt lat="-7.9690850" lon="113.5667450">
    <ele>2829.7</ele>
   </trkpt>
   <trkpt lat="-7.9690630" lon="113.5667200">
    <ele>2829.7</ele>
   </trkpt>
   <trkpt lat="-7.9690500" lon="113.5666930">
    <ele>2831.2</ele>
   </trkpt>
   <trkpt lat="-7.9690450" lon="113.5666600">
    <ele>2829.4</ele>
   </trkpt>
   <trkpt lat="-7.9690700" lon="113.5666270">
    <ele>2826.0</ele>
   </trkpt>
   <trkpt lat="-7.9691080" lon="113.5666320">
    <ele>2822.8</ele>
   </trkpt>
   <trkpt lat="-7.9691470" lon="113.5666030">
    <ele>2817.6</ele>
   </trkpt>
   <trkpt lat="-7.9691650" lon="113.5665720">
    <ele>2815.8</ele>
   </trkpt>
   <trkpt lat="-7.9691730" lon="113.5665370">
    <ele>2815.8</ele>
   </trkpt>
   <trkpt lat="-7.9691830" lon="113.5665070">
    <ele>2811.1</ele>
   </trkpt>
   <trkpt lat="-7.9692030" lon="113.5664880">
    <ele>2809.6</ele>
   </trkpt>
   <trkpt lat="-7.9692230" lon="113.5664580">
    <ele>2806.6</ele>
   </trkpt>
   <trkpt lat="-7.9692520" lon="113.5664500">
    <ele>2806.6</ele>
   </trkpt>
   <trkpt lat="-7.9692780" lon="113.5664430">
    <ele>2802.4</ele>
   </trkpt>
   <trkpt lat="-7.9692980" lon="113.5664220">
    <ele>2802.4</ele>
   </trkpt>
   <trkpt lat="-7.9693100" lon="113.5663880">
    <ele>2798.5</ele>
   </trkpt>
   <trkpt lat="-7.9693220" lon="113.5663580">
    <ele>2797.6</ele>
   </trkpt>
   <trkpt lat="-7.9693330" lon="113.5663170">
    <ele>2796.6</ele>
   </trkpt>
   <trkpt lat="-7.9693470" lon="113.5662920">
    <ele>2796.6</ele>
   </trkpt>
   <trkpt lat="-7.9693520" lon="113.5662630">
    <ele>2792.5</ele>
   </trkpt>
   <trkpt lat="-7.9693630" lon="113.5662330">
    <ele>2792.5</ele>
   </trkpt>
   <trkpt lat="-7.9693750" lon="113.5662080">
    <ele>2791.3</ele>
   </trkpt>
   <trkpt lat="-7.9693900" lon="113.5661820">
    <ele>2790.0</ele>
   </trkpt>
   <trkpt lat="-7.9694120" lon="113.5661620">
    <ele>2786.9</ele>
   </trkpt>
   <trkpt lat="-7.9694130" lon="113.5661330">
    <ele>2785.7</ele>
   </trkpt>
   <trkpt lat="-7.9694280" lon="113.5661030">
    <ele>2785.7</ele>
   </trkpt>
   <trkpt lat="-7.9694330" lon="113.5660730">
    <ele>2784.4</ele>
   </trkpt>
   <trkpt lat="-7.9694450" lon="113.5660450">
    <ele>2780.4</ele>
   </trkpt>
   <trkpt lat="-7.9694730" lon="113.5660320">
    <ele>2780.4</ele>
   </trkpt>
   <trkpt lat="-7.9694950" lon="113.5660150">
    <ele>2776.4</ele>
   </trkpt>
   <trkpt lat="-7.9695070" lon="113.5659880">
    <ele>2776.4</ele>
   </trkpt>
   <trkpt lat="-7.9695180" lon="113.5659630">
    <ele>2775.2</ele>
   </trkpt>
   <trkpt lat="-7.9695350" lon="113.5659400">
    <ele>2772.5</ele>
   </trkpt>
   <trkpt lat="-7.9695570" lon="113.5659070">
    <ele>2771.4</ele>
   </trkpt>
   <trkpt lat="-7.9695700" lon="113.5658780">
    <ele>2767.8</ele>
   </trkpt>
   <trkpt lat="-7.9695930" lon="113.5658630">
    <ele>2767.8</ele>
   </trkpt>
   <trkpt lat="-7.9696430" lon="113.5658480">
    <ele>2765.0</ele>
   </trkpt>
   <trkpt lat="-7.9696750" lon="113.5658520">
    <ele>2762.2</ele>
   </trkpt>
   <trkpt lat="-7.9697120" lon="113.5658670">
    <ele>2759.3</ele>
   </trkpt>
   <trkpt lat="-7.9697470" lon="113.5658600">
    <ele>2756.4</ele>
   </trkpt>
   <trkpt lat="-7.9697620" lon="113.5658370">
    <ele>2756.5</ele>
   </trkpt>
   <trkpt lat="-7.9697850" lon="113.5658220">
    <ele>2753.7</ele>
   </trkpt>
   <trkpt lat="-7.9698020" lon="113.5657950">
    <ele>2753.9</ele>
   </trkpt>
   <trkpt lat="-7.9698100" lon="113.5657650">
    <ele>2753.9</ele>
   </trkpt>
   <trkpt lat="-7.9698420" lon="113.5657530">
    <ele>2751.2</ele>
   </trkpt>
   <trkpt lat="-7.9698670" lon="113.5657350">
    <ele>2748.4</ele>
   </trkpt>
   <trkpt lat="-7.9698950" lon="113.5657170">
    <ele>2748.4</ele>
   </trkpt>
   <trkpt lat="-7.9699270" lon="113.5657050">
    <ele>2745.6</ele>
   </trkpt>
   <trkpt lat="-7.9699550" lon="113.5657130">
    <ele>2743.1</ele>
   </trkpt>
   <trkpt lat="-7.9699850" lon="113.5657130">
    <ele>2743.1</ele>
   </trkpt>
   <trkpt lat="-7.9700130" lon="113.5657000">
    <ele>2740.9</ele>
   </trkpt>
   <trkpt lat="-7.9700400" lon="113.5656820">
    <ele>2738.7</ele>
   </trkpt>
   <trkpt lat="-7.9700730" lon="113.5656750">
    <ele>2736.4</ele>
   </trkpt>
   <trkpt lat="-7.9701120" lon="113.5656770">
    <ele>2736.4</ele>
   </trkpt>
   <trkpt lat="-7.9701470" lon="113.5656730">
    <ele>2731.3</ele>
   </trkpt>
   <trkpt lat="-7.9701880" lon="113.5656570">
    <ele>2728.9</ele>
   </trkpt>
   <trkpt lat="-7.9702170" lon="113.5656570">
    <ele>2726.5</ele>
   </trkpt>
   <trkpt lat="-7.9702430" lon="113.5656400">
    <ele>2724.1</ele>
   </trkpt>
   <trkpt lat="-7.9702680" lon="113.5656200">
    <ele>2722.3</ele>
   </trkpt>
   <trkpt lat="-7.9702920" lon="113.5656020">
    <ele>2720.0</ele>
   </trkpt>
   <trkpt lat="-7.9702970" lon="113.5655720">
    <ele>2718.4</ele>
   </trkpt>
   <trkpt lat="-7.9703030" lon="113.5655450">
    <ele>2716.9</ele>
   </trkpt>
   <trkpt lat="-7.9703280" lon="113.5655170">
    <ele>2714.7</ele>
   </trkpt>
   <trkpt lat="-7.9703530" lon="113.5655020">
    <ele>2713.4</ele>
   </trkpt>
   <trkpt lat="-7.9703880" lon="113.5654880">
    <ele>2711.4</ele>
   </trkpt>
   <trkpt lat="-7.9704180" lon="113.5654720">
    <ele>2709.5</ele>
   </trkpt>
   <trkpt lat="-7.9704370" lon="113.5654480">
    <ele>2708.4</ele>
   </trkpt>
   <trkpt lat="-7.9704580" lon="113.5654300">
    <ele>2706.7</ele>
   </trkpt>
   <trkpt lat="-7.9704870" lon="113.5654200">
    <ele>2706.7</ele>
   </trkpt>
   <trkpt lat="-7.9705080" lon="113.5653950">
    <ele>2703.8</ele>
   </trkpt>
   <trkpt lat="-7.9705320" lon="113.5653770">
    <ele>2703.8</ele>
   </trkpt>
   <trkpt lat="-7.9705600" lon="113.5653320">
    <ele>2700.8</ele>
   </trkpt>
   <trkpt lat="-7.9705800" lon="113.5653050">
    <ele>2699.6</ele>
   </trkpt>
   <trkpt lat="-7.9706080" lon="113.5652920">
    <ele>2697.6</ele>
   </trkpt>
   <trkpt lat="-7.9706450" lon="113.5652730">
    <ele>2694.5</ele>
   </trkpt>
   <trkpt lat="-7.9706630" lon="113.5652530">
    <ele>2694.5</ele>
   </trkpt>
   <trkpt lat="-7.9706830" lon="113.5652200">
    <ele>2691.5</ele>
   </trkpt>
   <trkpt lat="-7.9707150" lon="113.5651970">
    <ele>2688.9</ele>
   </trkpt>
   <trkpt lat="-7.9707470" lon="113.5651880">
    <ele>2688.9</ele>
   </trkpt>
   <trkpt lat="-7.9707670" lon="113.5651680">
    <ele>2687.5</ele>
   </trkpt>
   <trkpt lat="-7.9708020" lon="113.5651670">
    <ele>2686.4</ele>
   </trkpt>
   <trkpt lat="-7.9708280" lon="113.5651720">
    <ele>2686.4</ele>
   </trkpt>
   <trkpt lat="-7.9708620" lon="113.5651830">
    <ele>2685.5</ele>
   </trkpt>
   <trkpt lat="-7.9709080" lon="113.5651850">
    <ele>2684.6</ele>
   </trkpt>
   <trkpt lat="-7.9709430" lon="113.5651830">
    <ele>2683.7</ele>
   </trkpt>
   <trkpt lat="-7.9709830" lon="113.5651850">
    <ele>2682.6</ele>
   </trkpt>
   <trkpt lat="-7.9710100" lon="113.5651730">
    <ele>2681.3</ele>
   </trkpt>
   <trkpt lat="-7.9710270" lon="113.5651400">
    <ele>2679.7</ele>
   </trkpt>
   <trkpt lat="-7.9710530" lon="113.5651180">
    <ele>2678.2</ele>
   </trkpt>
   <trkpt lat="-7.9710800" lon="113.5650950">
    <ele>2676.5</ele>
   </trkpt>
   <trkpt lat="-7.9711080" lon="113.5650880">
    <ele>2674.6</ele>
   </trkpt>
   <trkpt lat="-7.9711420" lon="113.5650780">
    <ele>2672.3</ele>
   </trkpt>
   <trkpt lat="-7.9711630" lon="113.5650480">
    <ele>2670.4</ele>
   </trkpt>
   <trkpt lat="-7.9711900" lon="113.5650280">
    <ele>2666.0</ele>
   </trkpt>
   <trkpt lat="-7.9712130" lon="113.5650130">
    <ele>2666.0</ele>
   </trkpt>
   <trkpt lat="-7.9712430" lon="113.5649950">
    <ele>2663.2</ele>
   </trkpt>
   <trkpt lat="-7.9712730" lon="113.5649830">
    <ele>2659.0</ele>
   </trkpt>
   <trkpt lat="-7.9712970" lon="113.5649600">
    <ele>2659.0</ele>
   </trkpt>
   <trkpt lat="-7.9713250" lon="113.5649330">
    <ele>2655.2</ele>
   </trkpt>
   <trkpt lat="-7.9713530" lon="113.5649130">
    <ele>2653.1</ele>
   </trkpt>
   <trkpt lat="-7.9713720" lon="113.5648830">
    <ele>2652.0</ele>
   </trkpt>
   <trkpt lat="-7.9713930" lon="113.5648530">
    <ele>2649.5</ele>
   </trkpt>
   <trkpt lat="-7.9714250" lon="113.5648470">
    <ele>2649.5</ele>
   </trkpt>
   <trkpt lat="-7.9714580" lon="113.5648380">
    <ele>2647.9</ele>
   </trkpt>
   <trkpt lat="-7.9714920" lon="113.5648230">
    <ele>2646.4</ele>
   </trkpt>
   <trkpt lat="-7.9715100" lon="113.5647900">
    <ele>2645.6</ele>
   </trkpt>
   <trkpt lat="-7.9715350" lon="113.5647750">
    <ele>2644.1</ele>
   </trkpt>
   <trkpt lat="-7.9715470" lon="113.5647500">
    <ele>2643.3</ele>
   </trkpt>
   <trkpt lat="-7.9715700" lon="113.5647350">
    <ele>2641.8</ele>
   </trkpt>
   <trkpt lat="-7.9716000" lon="113.5647130">
    <ele>2641.2</ele>
   </trkpt>
   <trkpt lat="-7.9716250" lon="113.5647000">
    <ele>2640.1</ele>
   </trkpt>
   <trkpt lat="-7.9716520" lon="113.5646870">
    <ele>2639.4</ele>
   </trkpt>
   <trkpt lat="-7.9716830" lon="113.5646600">
    <ele>2639.1</ele>
   </trkpt>
   <trkpt lat="-7.9717220" lon="113.5646450">
    <ele>2638.6</ele>
   </trkpt>
   <trkpt lat="-7.9717450" lon="113.5646280">
    <ele>2637.8</ele>
   </trkpt>
   <trkpt lat="-7.9717680" lon="113.5646130">
    <ele>2637.8</ele>
   </trkpt>
   <trkpt lat="-7.9717980" lon="113.5645900">
    <ele>2636.6</ele>
   </trkpt>
   <trkpt lat="-7.9718300" lon="113.5645650">
    <ele>2635.7</ele>
   </trkpt>
   <trkpt lat="-7.9718630" lon="113.5645570">
    <ele>2634.2</ele>
   </trkpt>
   <trkpt lat="-7.9718900" lon="113.5645420">
    <ele>2634.2</ele>
   </trkpt>
   <trkpt lat="-7.9719080" lon="113.5645130">
    <ele>2632.6</ele>
   </trkpt>
   <trkpt lat="-7.9719380" lon="113.5645000">
    <ele>2632.6</ele>
   </trkpt>
   <trkpt lat="-7.9719650" lon="113.5644800">
    <ele>2631.6</ele>
   </trkpt>
   <trkpt lat="-7.9719870" lon="113.5644580">
    <ele>2630.1</ele>
   </trkpt>
   <trkpt lat="-7.9720120" lon="113.5644470">
    <ele>2630.1</ele>
   </trkpt>
   <trkpt lat="-7.9720430" lon="113.5644300">
    <ele>2629.4</ele>
   </trkpt>
   <trkpt lat="-7.9720670" lon="113.5644120">
    <ele>2628.3</ele>
   </trkpt>
   <trkpt lat="-7.9721000" lon="113.5644000">
    <ele>2627.6</ele>
   </trkpt>
   <trkpt lat="-7.9721380" lon="113.5643900">
    <ele>2627.0</ele>
   </trkpt>
   <trkpt lat="-7.9721580" lon="113.5643720">
    <ele>2625.0</ele>
   </trkpt>
   <trkpt lat="-7.9721900" lon="113.5643520">
    <ele>2625.0</ele>
   </trkpt>
   <trkpt lat="-7.9722250" lon="113.5643370">
    <ele>2621.6</ele>
   </trkpt>
   <trkpt lat="-7.9722630" lon="113.5643220">
    <ele>2621.3</ele>
   </trkpt>
   <trkpt lat="-7.9722980" lon="113.5643130">
    <ele>2620.8</ele>
   </trkpt>
   <trkpt lat="-7.9723320" lon="113.5642950">
    <ele>2618.7</ele>
   </trkpt>
   <trkpt lat="-7.9723860" lon="113.5643190">
    <ele>2619.7</ele>
   </trkpt>
   <trkpt lat="-7.9724200" lon="113.5643610">
    <ele>2620.2</ele>
   </trkpt>
   <trkpt lat="-7.9724530" lon="113.5644030">
    <ele>2620.0</ele>
   </trkpt>
   <trkpt lat="-7.9724600" lon="113.5644500">
    <ele>2620.3</ele>
   </trkpt>
   <trkpt lat="-7.9724670" lon="113.5644870">
    <ele>2620.5</ele>
   </trkpt>
   <trkpt lat="-7.9724720" lon="113.5645250">
    <ele>2620.8</ele>
   </trkpt>
   <trkpt lat="-7.9724470" lon="113.5644850">
    <ele>2621.5</ele>
   </trkpt>
   <trkpt lat="-7.9724350" lon="113.5644470">
    <ele>2621.3</ele>
   </trkpt>
   <trkpt lat="-7.9724280" lon="113.5644200">
    <ele>2621.0</ele>
   </trkpt>
   <trkpt lat="-7.9724220" lon="113.5643930">
    <ele>2621.0</ele>
   </trkpt>
   <trkpt lat="-7.9723950" lon="113.5643750">
    <ele>2621.0</ele>
   </trkpt>
   <trkpt lat="-7.9723670" lon="113.5643720">
    <ele>2621.8</ele>
   </trkpt>
   <trkpt lat="-7.9723950" lon="113.5643220">
    <ele>2619.7</ele>
   </trkpt>
   <trkpt lat="-7.9724070" lon="113.5642870">
    <ele>2618.4</ele>
   </trkpt>
   <trkpt lat="-7.9724130" lon="113.5642570">
    <ele>2617.0</ele>
   </trkpt>
   <trkpt lat="-7.9724320" lon="113.5642270">
    <ele>2617.0</ele>
   </trkpt>
   <trkpt lat="-7.9724480" lon="113.5642050">
    <ele>2615.1</ele>
   </trkpt>
   <trkpt lat="-7.9724680" lon="113.5641750">
    <ele>2615.1</ele>
   </trkpt>
   <trkpt lat="-7.9724880" lon="113.5641500">
    <ele>2613.0</ele>
   </trkpt>
   <trkpt lat="-7.9725080" lon="113.5641230">
    <ele>2611.4</ele>
   </trkpt>
   <trkpt lat="-7.9725120" lon="113.5640930">
    <ele>2611.4</ele>
   </trkpt>
   <trkpt lat="-7.9725130" lon="113.5640580">
    <ele>2609.6</ele>
   </trkpt>
   <trkpt lat="-7.9725120" lon="113.5640230">
    <ele>2606.9</ele>
   </trkpt>
   <trkpt lat="-7.9725050" lon="113.5639950">
    <ele>2603.9</ele>
   </trkpt>
   <trkpt lat="-7.9725020" lon="113.5639650">
    <ele>2603.9</ele>
   </trkpt>
   <trkpt lat="-7.9724820" lon="113.5639430">
    <ele>2599.8</ele>
   </trkpt>
   <trkpt lat="-7.9724670" lon="113.5639120">
    <ele>2596.7</ele>
   </trkpt>
   <trkpt lat="-7.9724600" lon="113.5638750">
    <ele>2596.7</ele>
   </trkpt>
   <trkpt lat="-7.9724470" lon="113.5638370">
    <ele>2592.3</ele>
   </trkpt>
   <trkpt lat="-7.9724400" lon="113.5637970">
    <ele>2589.4</ele>
   </trkpt>
   <trkpt lat="-7.9724370" lon="113.5637650">
    <ele>2586.4</ele>
   </trkpt>
   <trkpt lat="-7.9724320" lon="113.5637270">
    <ele>2583.5</ele>
   </trkpt>
   <trkpt lat="-7.9724280" lon="113.5636930">
    <ele>2581.2</ele>
   </trkpt>
   <trkpt lat="-7.9724230" lon="113.5636650">
    <ele>2581.2</ele>
   </trkpt>
   <trkpt lat="-7.9724170" lon="113.5636350">
    <ele>2579.3</ele>
   </trkpt>
   <trkpt lat="-7.9724100" lon="113.5636050">
    <ele>2577.1</ele>
   </trkpt>
   <trkpt lat="-7.9724150" lon="113.5635720">
    <ele>2577.3</ele>
   </trkpt>
   <trkpt lat="-7.9724270" lon="113.5635370">
    <ele>2575.4</ele>
   </trkpt>
   <trkpt lat="-7.9724350" lon="113.5634980">
    <ele>2573.7</ele>
   </trkpt>
   <trkpt lat="-7.9724380" lon="113.5634670">
    <ele>2572.2</ele>
   </trkpt>
   <trkpt lat="-7.9724320" lon="113.5634330">
    <ele>2570.8</ele>
   </trkpt>
   <trkpt lat="-7.9724230" lon="113.5634020">
    <ele>2570.8</ele>
   </trkpt>
   <trkpt lat="-7.9724170" lon="113.5633700">
    <ele>2569.3</ele>
   </trkpt>
   <trkpt lat="-7.9724320" lon="113.5633420">
    <ele>2568.0</ele>
   </trkpt>
   <trkpt lat="-7.9724370" lon="113.5633080">
    <ele>2566.7</ele>
   </trkpt>
   <trkpt lat="-7.9724420" lon="113.5632770">
    <ele>2566.7</ele>
   </trkpt>
   <trkpt lat="-7.9724580" lon="113.5632520">
    <ele>2565.5</ele>
   </trkpt>
   <trkpt lat="-7.9724770" lon="113.5632280">
    <ele>2565.5</ele>
   </trkpt>
   <trkpt lat="-7.9725020" lon="113.5632000">
    <ele>2564.2</ele>
   </trkpt>
   <trkpt lat="-7.9725300" lon="113.5631800">
    <ele>2562.9</ele>
   </trkpt>
   <trkpt lat="-7.9725620" lon="113.5631680">
    <ele>2562.8</ele>
   </trkpt>
   <trkpt lat="-7.9725820" lon="113.5631420">
    <ele>2562.8</ele>
   </trkpt>
   <trkpt lat="-7.9725870" lon="113.5631070">
    <ele>2561.3</ele>
   </trkpt>
   <trkpt lat="-7.9725950" lon="113.5630800">
    <ele>2559.8</ele>
   </trkpt>
   <trkpt lat="-7.9726170" lon="113.5630480">
    <ele>2558.4</ele>
   </trkpt>
   <trkpt lat="-7.9726330" lon="113.5630200">
    <ele>2558.3</ele>
   </trkpt>
   <trkpt lat="-7.9726450" lon="113.5629900">
    <ele>2556.9</ele>
   </trkpt>
   <trkpt lat="-7.9726580" lon="113.5629570">
    <ele>2555.5</ele>
   </trkpt>
   <trkpt lat="-7.9726820" lon="113.5629250">
    <ele>2553.8</ele>
   </trkpt>
   <trkpt lat="-7.9727000" lon="113.5628970">
    <ele>2553.8</ele>
   </trkpt>
   <trkpt lat="-7.9727030" lon="113.5628620">
    <ele>2552.4</ele>
   </trkpt>
   <trkpt lat="-7.9727020" lon="113.5628300">
    <ele>2550.5</ele>
   </trkpt>
   <trkpt lat="-7.9727000" lon="113.5628000">
    <ele>2550.5</ele>
   </trkpt>
   <trkpt lat="-7.9727020" lon="113.5627670">
    <ele>2548.4</ele>
   </trkpt>
   <trkpt lat="-7.9726970" lon="113.5627330">
    <ele>2546.4</ele>
   </trkpt>
   <trkpt lat="-7.9726920" lon="113.5627030">
    <ele>2544.3</ele>
   </trkpt>
   <trkpt lat="-7.9726730" lon="113.5626800">
    <ele>2544.3</ele>
   </trkpt>
   <trkpt lat="-7.9726730" lon="113.5626400">
    <ele>2541.9</ele>
   </trkpt>
   <trkpt lat="-7.9726800" lon="113.5626070">
    <ele>2539.4</ele>
   </trkpt>
   <trkpt lat="-7.9726870" lon="113.5625700">
    <ele>2536.9</ele>
   </trkpt>
   <trkpt lat="-7.9726980" lon="113.5625370">
    <ele>2534.5</ele>
   </trkpt>
   <trkpt lat="-7.9727250" lon="113.5625120">
    <ele>2533.2</ele>
   </trkpt>
   <trkpt lat="-7.9727450" lon="113.5624830">
    <ele>2531.0</ele>
   </trkpt>
   <trkpt lat="-7.9727580" lon="113.5624550">
    <ele>2527.8</ele>
   </trkpt>
   <trkpt lat="-7.9727700" lon="113.5624200">
    <ele>2527.8</ele>
   </trkpt>
   <trkpt lat="-7.9727800" lon="113.5623900">
    <ele>2525.7</ele>
   </trkpt>
   <trkpt lat="-7.9727870" lon="113.5623580">
    <ele>2523.7</ele>
   </trkpt>
   <trkpt lat="-7.9728000" lon="113.5623270">
    <ele>2523.3</ele>
   </trkpt>
   <trkpt lat="-7.9728030" lon="113.5622880">
    <ele>2521.8</ele>
   </trkpt>
   <trkpt lat="-7.9728080" lon="113.5622530">
    <ele>2520.5</ele>
   </trkpt>
   <trkpt lat="-7.9728270" lon="113.5622120">
    <ele>2519.3</ele>
   </trkpt>
   <trkpt lat="-7.9728300" lon="113.5621830">
    <ele>2518.0</ele>
   </trkpt>
   <trkpt lat="-7.9728470" lon="113.5621470">
    <ele>2516.6</ele>
   </trkpt>
   <trkpt lat="-7.9728550" lon="113.5621150">
    <ele>2516.6</ele>
   </trkpt>
   <trkpt lat="-7.9728870" lon="113.5620930">
    <ele>2515.2</ele>
   </trkpt>
   <trkpt lat="-7.9729020" lon="113.5620680">
    <ele>2514.0</ele>
   </trkpt>
   <trkpt lat="-7.9729080" lon="113.5620370">
    <ele>2514.0</ele>
   </trkpt>
   <trkpt lat="-7.9729280" lon="113.5620130">
    <ele>2512.4</ele>
   </trkpt>
   <trkpt lat="-7.9729380" lon="113.5619820">
    <ele>2511.3</ele>
   </trkpt>
   <trkpt lat="-7.9729530" lon="113.5619500">
    <ele>2511.3</ele>
   </trkpt>
   <trkpt lat="-7.9729680" lon="113.5619250">
    <ele>2510.2</ele>
   </trkpt>
   <trkpt lat="-7.9729820" lon="113.5618920">
    <ele>2509.3</ele>
   </trkpt>
   <trkpt lat="-7.9729980" lon="113.5618620">
    <ele>2509.3</ele>
   </trkpt>
   <trkpt lat="-7.9730020" lon="113.5618230">
    <ele>2508.3</ele>
   </trkpt>
   <trkpt lat="-7.9730000" lon="113.5617930">
    <ele>2507.4</ele>
   </trkpt>
   <trkpt lat="-7.9730030" lon="113.5617620">
    <ele>2506.6</ele>
   </trkpt>
   <trkpt lat="-7.9729920" lon="113.5617350">
    <ele>2506.6</ele>
   </trkpt>
   <trkpt lat="-7.9730020" lon="113.5617080">
    <ele>2505.7</ele>
   </trkpt>
   <trkpt lat="-7.9729900" lon="113.5616800">
    <ele>2504.9</ele>
   </trkpt>
   <trkpt lat="-7.9730170" lon="113.5616630">
    <ele>2504.7</ele>
   </trkpt>
   <trkpt lat="-7.9730180" lon="113.5616330">
    <ele>2503.5</ele>
   </trkpt>
   <trkpt lat="-7.9730070" lon="113.5616050">
    <ele>2503.5</ele>
   </trkpt>
   <trkpt lat="-7.9730070" lon="113.5615730">
    <ele>2502.2</ele>
   </trkpt>
   <trkpt lat="-7.9730280" lon="113.5615500">
    <ele>2500.8</ele>
   </trkpt>
   <trkpt lat="-7.9730380" lon="113.5615200">
    <ele>2500.8</ele>
   </trkpt>
   <trkpt lat="-7.9730420" lon="113.5614770">
    <ele>2499.4</ele>
   </trkpt>
   <trkpt lat="-7.9730470" lon="113.5614470">
    <ele>2498.2</ele>
   </trkpt>
   <trkpt lat="-7.9730300" lon="113.5614130">
    <ele>2497.1</ele>
   </trkpt>
   <trkpt lat="-7.9730100" lon="113.5613770">
    <ele>2496.0</ele>
   </trkpt>
   <trkpt lat="-7.9730080" lon="113.5613430">
    <ele>2496.0</ele>
   </trkpt>
   <trkpt lat="-7.9730020" lon="113.5612950">
    <ele>2494.8</ele>
   </trkpt>
   <trkpt lat="-7.9730020" lon="113.5612550">
    <ele>2494.8</ele>
   </trkpt>
   <trkpt lat="-7.9729920" lon="113.5612130">
    <ele>2494.1</ele>
   </trkpt>
   <trkpt lat="-7.9730120" lon="113.5611950">
    <ele>2492.8</ele>
   </trkpt>
   <trkpt lat="-7.9730300" lon="113.5611670">
    <ele>2492.1</ele>
   </trkpt>
   <trkpt lat="-7.9730500" lon="113.5611100">
    <ele>2491.1</ele>
   </trkpt>
   <trkpt lat="-7.9730520" lon="113.5610800">
    <ele>2490.6</ele>
   </trkpt>
   <trkpt lat="-7.9730380" lon="113.5610500">
    <ele>2491.1</ele>
   </trkpt>
   <trkpt lat="-7.9730350" lon="113.5610220">
    <ele>2490.6</ele>
   </trkpt>
   <trkpt lat="-7.9730380" lon="113.5609880">
    <ele>2490.1</ele>
   </trkpt>
   <trkpt lat="-7.9730550" lon="113.5609600">
    <ele>2489.6</ele>
   </trkpt>
   <trkpt lat="-7.9730800" lon="113.5609370">
    <ele>2489.3</ele>
   </trkpt>
   <trkpt lat="-7.9731030" lon="113.5609070">
    <ele>2488.5</ele>
   </trkpt>
   <trkpt lat="-7.9731270" lon="113.5608850">
    <ele>2488.5</ele>
   </trkpt>
   <trkpt lat="-7.9731430" lon="113.5608570">
    <ele>2487.5</ele>
   </trkpt>
   <trkpt lat="-7.9731480" lon="113.5608270">
    <ele>2487.5</ele>
   </trkpt>
   <trkpt lat="-7.9731630" lon="113.5608000">
    <ele>2487.3</ele>
   </trkpt>
   <trkpt lat="-7.9731520" lon="113.5607670">
    <ele>2487.0</ele>
   </trkpt>
   <trkpt lat="-7.9731400" lon="113.5607370">
    <ele>2486.8</ele>
   </trkpt>
   <trkpt lat="-7.9731400" lon="113.5607070">
    <ele>2486.8</ele>
   </trkpt>
   <trkpt lat="-7.9731320" lon="113.5606780">
    <ele>2487.3</ele>
   </trkpt>
   <trkpt lat="-7.9731170" lon="113.5606350">
    <ele>2487.0</ele>
   </trkpt>
   <trkpt lat="-7.9731170" lon="113.5605950">
    <ele>2486.5</ele>
   </trkpt>
   <trkpt lat="-7.9731330" lon="113.5605620">
    <ele>2485.1</ele>
   </trkpt>
   <trkpt lat="-7.9731550" lon="113.5605320">
    <ele>2485.1</ele>
   </trkpt>
   <trkpt lat="-7.9731680" lon="113.5605070">
    <ele>2484.4</ele>
   </trkpt>
   <trkpt lat="-7.9731750" lon="113.5604800">
    <ele>2483.7</ele>
   </trkpt>
   <trkpt lat="-7.9731650" lon="113.5604380">
    <ele>2482.6</ele>
   </trkpt>
   <trkpt lat="-7.9731630" lon="113.5604100">
    <ele>2482.6</ele>
   </trkpt>
   <trkpt lat="-7.9731550" lon="113.5603780">
    <ele>2481.1</ele>
   </trkpt>
   <trkpt lat="-7.9731500" lon="113.5603450">
    <ele>2479.6</ele>
   </trkpt>
   <trkpt lat="-7.9731520" lon="113.5603100">
    <ele>2479.6</ele>
   </trkpt>
   <trkpt lat="-7.9731550" lon="113.5602780">
    <ele>2478.1</ele>
   </trkpt>
   <trkpt lat="-7.9731520" lon="113.5602450">
    <ele>2476.3</ele>
   </trkpt>
   <trkpt lat="-7.9731420" lon="113.5602080">
    <ele>2474.1</ele>
   </trkpt>
   <trkpt lat="-7.9731350" lon="113.5601820">
    <ele>2474.1</ele>
   </trkpt>
   <trkpt lat="-7.9731420" lon="113.5601480">
    <ele>2471.9</ele>
   </trkpt>
   <trkpt lat="-7.9731170" lon="113.5601250">
    <ele>2470.9</ele>
   </trkpt>
   <trkpt lat="-7.9731200" lon="113.5600970">
    <ele>2470.9</ele>
   </trkpt>
   <trkpt lat="-7.9731320" lon="113.5600680">
    <ele>2468.5</ele>
   </trkpt>
   <trkpt lat="-7.9731300" lon="113.5600280">
    <ele>2465.5</ele>
   </trkpt>
   <trkpt lat="-7.9731200" lon="113.5599970">
    <ele>2462.5</ele>
   </trkpt>
   <trkpt lat="-7.9731350" lon="113.5599680">
    <ele>2461.0</ele>
   </trkpt>
   <trkpt lat="-7.9731470" lon="113.5599400">
    <ele>2458.0</ele>
   </trkpt>
   <trkpt lat="-7.9731680" lon="113.5599180">
    <ele>2455.0</ele>
   </trkpt>
   <trkpt lat="-7.9731570" lon="113.5598920">
    <ele>2455.0</ele>
   </trkpt>
   <trkpt lat="-7.9731770" lon="113.5598680">
    <ele>2450.6</ele>
   </trkpt>
   <trkpt lat="-7.9731900" lon="113.5598320">
    <ele>2447.8</ele>
   </trkpt>
   <trkpt lat="-7.9732170" lon="113.5598050">
    <ele>2447.8</ele>
   </trkpt>
   <trkpt lat="-7.9732350" lon="113.5597800">
    <ele>2443.7</ele>
   </trkpt>
   <trkpt lat="-7.9732520" lon="113.5597550">
    <ele>2443.7</ele>
   </trkpt>
   <trkpt lat="-7.9732870" lon="113.5597430">
    <ele>2440.1</ele>
   </trkpt>
   <trkpt lat="-7.9733170" lon="113.5597200">
    <ele>2439.4</ele>
   </trkpt>
   <trkpt lat="-7.9733200" lon="113.5596820">
    <ele>2437.4</ele>
   </trkpt>
   <trkpt lat="-7.9733300" lon="113.5596520">
    <ele>2435.3</ele>
   </trkpt>
   <trkpt lat="-7.9733430" lon="113.5596220">
    <ele>2433.3</ele>
   </trkpt>
   <trkpt lat="-7.9733730" lon="113.5596030">
    <ele>2432.6</ele>
   </trkpt>
   <trkpt lat="-7.9734000" lon="113.5595700">
    <ele>2429.9</ele>
   </trkpt>
   <trkpt lat="-7.9734050" lon="113.5595380">
    <ele>2429.9</ele>
   </trkpt>
   <trkpt lat="-7.9733900" lon="113.5595000">
    <ele>2428.4</ele>
   </trkpt>
   <trkpt lat="-7.9733780" lon="113.5594750">
    <ele>2427.8</ele>
   </trkpt>
   <trkpt lat="-7.9733830" lon="113.5594370">
    <ele>2426.4</ele>
   </trkpt>
   <trkpt lat="-7.9733980" lon="113.5594120">
    <ele>2425.2</ele>
   </trkpt>
   <trkpt lat="-7.9734170" lon="113.5593820">
    <ele>2423.6</ele>
   </trkpt>
   <trkpt lat="-7.9734450" lon="113.5593650">
    <ele>2420.9</ele>
   </trkpt>
   <trkpt lat="-7.9734580" lon="113.5593330">
    <ele>2420.9</ele>
   </trkpt>
   <trkpt lat="-7.9734580" lon="113.5592950">
    <ele>2419.4</ele>
   </trkpt>
   <trkpt lat="-7.9734700" lon="113.5592670">
    <ele>2417.9</ele>
   </trkpt>
   <trkpt lat="-7.9734880" lon="113.5592400">
    <ele>2416.5</ele>
   </trkpt>
   <trkpt lat="-7.9735070" lon="113.5592200">
    <ele>2415.0</ele>
   </trkpt>
   <trkpt lat="-7.9735330" lon="113.5591930">
    <ele>2412.1</ele>
   </trkpt>
   <trkpt lat="-7.9735600" lon="113.5591680">
    <ele>2410.7</ele>
   </trkpt>
   <trkpt lat="-7.9735850" lon="113.5591420">
    <ele>2409.4</ele>
   </trkpt>
   <trkpt lat="-7.9736020" lon="113.5591100">
    <ele>2408.1</ele>
   </trkpt>
   <trkpt lat="-7.9736050" lon="113.5590750">
    <ele>2406.8</ele>
   </trkpt>
   <trkpt lat="-7.9735930" lon="113.5590450">
    <ele>2406.9</ele>
   </trkpt>
   <trkpt lat="-7.9735770" lon="113.5590200">
    <ele>2405.8</ele>
   </trkpt>
   <trkpt lat="-7.9735800" lon="113.5589920">
    <ele>2405.8</ele>
   </trkpt>
   <trkpt lat="-7.9735900" lon="113.5589580">
    <ele>2404.7</ele>
   </trkpt>
   <trkpt lat="-7.9735880" lon="113.5589270">
    <ele>2403.6</ele>
   </trkpt>
   <trkpt lat="-7.9735680" lon="113.5588980">
    <ele>2403.6</ele>
   </trkpt>
   <trkpt lat="-7.9735430" lon="113.5588870">
    <ele>2403.7</ele>
   </trkpt>
   <trkpt lat="-7.9735280" lon="113.5588500">
    <ele>2403.1</ele>
   </trkpt>
   <trkpt lat="-7.9735130" lon="113.5588230">
    <ele>2404.0</ele>
   </trkpt>
   <trkpt lat="-7.9735080" lon="113.5587950">
    <ele>2403.3</ele>
   </trkpt>
   <trkpt lat="-7.9734780" lon="113.5587930">
    <ele>2403.3</ele>
   </trkpt>
   <trkpt lat="-7.9734400" lon="113.5588130">
    <ele>2404.9</ele>
   </trkpt>
   <trkpt lat="-7.9734270" lon="113.5588420">
    <ele>2405.9</ele>
   </trkpt>
   <trkpt lat="-7.9734230" lon="113.5588120">
    <ele>2405.9</ele>
   </trkpt>
   <trkpt lat="-7.9734020" lon="113.5588380">
    <ele>2405.9</ele>
   </trkpt>
   <trkpt lat="-7.9733750" lon="113.5588330">
    <ele>2406.9</ele>
   </trkpt>
   <trkpt lat="-7.9733470" lon="113.5588320">
    <ele>2406.9</ele>
   </trkpt>
   <trkpt lat="-7.9733130" lon="113.5588330">
    <ele>2407.9</ele>
   </trkpt>
   <trkpt lat="-7.9733030" lon="113.5587970">
    <ele>2407.2</ele>
   </trkpt>
   <trkpt lat="-7.9732700" lon="113.5587750">
    <ele>2408.3</ele>
   </trkpt>
   <trkpt lat="-7.9732500" lon="113.5587530">
    <ele>2408.8</ele>
   </trkpt>
   <trkpt lat="-7.9732270" lon="113.5587350">
    <ele>2408.8</ele>
   </trkpt>
   <trkpt lat="-7.9731850" lon="113.5587350">
    <ele>2410.2</ele>
   </trkpt>
   <trkpt lat="-7.9731600" lon="113.5587200">
    <ele>2410.5</ele>
   </trkpt>
   <trkpt lat="-7.9731280" lon="113.5587150">
    <ele>2411.7</ele>
   </trkpt>
   <trkpt lat="-7.9731230" lon="113.5586770">
    <ele>2411.0</ele>
   </trkpt>
   <trkpt lat="-7.9731330" lon="113.5586430">
    <ele>2409.9</ele>
   </trkpt>
   <trkpt lat="-7.9731330" lon="113.5586100">
    <ele>2409.3</ele>
   </trkpt>
   <trkpt lat="-7.9731300" lon="113.5585720">
    <ele>2409.4</ele>
   </trkpt>
   <trkpt lat="-7.9731330" lon="113.5585350">
    <ele>2408.4</ele>
   </trkpt>
   <trkpt lat="-7.9731170" lon="113.5585070">
    <ele>2409.0</ele>
   </trkpt>
   <trkpt lat="-7.9731050" lon="113.5584680">
    <ele>2408.9</ele>
   </trkpt>
   <trkpt lat="-7.9731030" lon="113.5584370">
    <ele>2408.9</ele>
   </trkpt>
   <trkpt lat="-7.9730830" lon="113.5583950">
    <ele>2409.2</ele>
   </trkpt>
   <trkpt lat="-7.9730820" lon="113.5583670">
    <ele>2409.4</ele>
   </trkpt>
   <trkpt lat="-7.9730780" lon="113.5583380">
    <ele>2409.4</ele>
   </trkpt>
   <trkpt lat="-7.9730780" lon="113.5583100">
    <ele>2410.2</ele>
   </trkpt>
   <trkpt lat="-7.9730730" lon="113.5582720">
    <ele>2411.1</ele>
   </trkpt>
   <trkpt lat="-7.9730730" lon="113.5582430">
    <ele>2411.9</ele>
   </trkpt>
   <trkpt lat="-7.9730780" lon="113.5582100">
    <ele>2411.9</ele>
   </trkpt>
   <trkpt lat="-7.9730850" lon="113.5581750">
    <ele>2412.8</ele>
   </trkpt>
   <trkpt lat="-7.9731050" lon="113.5581570">
    <ele>2413.7</ele>
   </trkpt>
   <trkpt lat="-7.9731200" lon="113.5581280">
    <ele>2413.7</ele>
   </trkpt>
   <trkpt lat="-7.9731370" lon="113.5581020">
    <ele>2414.6</ele>
   </trkpt>
   <trkpt lat="-7.9731700" lon="113.5581020">
    <ele>2414.6</ele>
   </trkpt>
   <trkpt lat="-7.9731930" lon="113.5580730">
    <ele>2415.6</ele>
   </trkpt>
   <trkpt lat="-7.9732250" lon="113.5580680">
    <ele>2415.9</ele>
   </trkpt>
   <trkpt lat="-7.9732570" lon="113.5580570">
    <ele>2415.9</ele>
   </trkpt>
   <trkpt lat="-7.9732880" lon="113.5580330">
    <ele>2417.1</ele>
   </trkpt>
   <trkpt lat="-7.9733100" lon="113.5580030">
    <ele>2417.7</ele>
   </trkpt>
   <trkpt lat="-7.9733320" lon="113.5579820">
    <ele>2418.7</ele>
   </trkpt>
   <trkpt lat="-7.9733620" lon="113.5579670">
    <ele>2419.4</ele>
   </trkpt>
   <trkpt lat="-7.9733920" lon="113.5579480">
    <ele>2421.2</ele>
   </trkpt>
   <trkpt lat="-7.9734200" lon="113.5579220">
    <ele>2421.2</ele>
   </trkpt>
   <trkpt lat="-7.9734480" lon="113.5579030">
    <ele>2422.9</ele>
   </trkpt>
   <trkpt lat="-7.9734700" lon="113.5578830">
    <ele>2422.9</ele>
   </trkpt>
   <trkpt lat="-7.9734930" lon="113.5578630">
    <ele>2424.7</ele>
   </trkpt>
   <trkpt lat="-7.9735270" lon="113.5578750">
    <ele>2424.5</ele>
   </trkpt>
   <trkpt lat="-7.9735570" lon="113.5578680">
    <ele>2424.5</ele>
   </trkpt>
   <trkpt lat="-7.9735870" lon="113.5578480">
    <ele>2426.1</ele>
   </trkpt>
   <trkpt lat="-7.9736030" lon="113.5578100">
    <ele>2427.6</ele>
   </trkpt>
   <trkpt lat="-7.9736330" lon="113.5578170">
    <ele>2427.6</ele>
   </trkpt>
   <trkpt lat="-7.9736680" lon="113.5578170">
    <ele>2428.2</ele>
   </trkpt>
   <trkpt lat="-7.9737020" lon="113.5577970">
    <ele>2428.9</ele>
   </trkpt>
   <trkpt lat="-7.9737350" lon="113.5578020">
    <ele>2429.6</ele>
   </trkpt>
   <trkpt lat="-7.9737630" lon="113.5578070">
    <ele>2429.6</ele>
   </trkpt>
   <trkpt lat="-7.9738050" lon="113.5578250">
    <ele>2429.7</ele>
   </trkpt>
   <trkpt lat="-7.9738370" lon="113.5578280">
    <ele>2430.3</ele>
   </trkpt>
   <trkpt lat="-7.9738650" lon="113.5578200">
    <ele>2431.1</ele>
   </trkpt>
   <trkpt lat="-7.9738770" lon="113.5577930">
    <ele>2431.1</ele>
   </trkpt>
   <trkpt lat="-7.9739030" lon="113.5578000">
    <ele>2431.5</ele>
   </trkpt>
   <trkpt lat="-7.9739280" lon="113.5578450">
    <ele>2431.2</ele>
   </trkpt>
   <trkpt lat="-7.9739430" lon="113.5578680">
    <ele>2431.1</ele>
   </trkpt>
   <trkpt lat="-7.9739830" lon="113.5578670">
    <ele>2431.4</ele>
   </trkpt>
   <trkpt lat="-7.9740200" lon="113.5578720">
    <ele>2431.4</ele>
   </trkpt>
   <trkpt lat="-7.9740430" lon="113.5579020">
    <ele>2431.7</ele>
   </trkpt>
   <trkpt lat="-7.9740870" lon="113.5579180">
    <ele>2431.2</ele>
   </trkpt>
   <trkpt lat="-7.9741130" lon="113.5579230">
    <ele>2431.4</ele>
   </trkpt>
   <trkpt lat="-7.9741570" lon="113.5579270">
    <ele>2431.6</ele>
   </trkpt>
   <trkpt lat="-7.9741850" lon="113.5579200">
    <ele>2431.6</ele>
   </trkpt>
   <trkpt lat="-7.9742080" lon="113.5579030">
    <ele>2432.3</ele>
   </trkpt>
   <trkpt lat="-7.9742280" lon="113.5578770">
    <ele>2432.3</ele>
   </trkpt>
   <trkpt lat="-7.9742520" lon="113.5578950">
    <ele>2432.4</ele>
   </trkpt>
   <trkpt lat="-7.9742820" lon="113.5578880">
    <ele>2432.4</ele>
   </trkpt>
   <trkpt lat="-7.9742930" lon="113.5578600">
    <ele>2433.0</ele>
   </trkpt>
   <trkpt lat="-7.9743150" lon="113.5578320">
    <ele>2433.0</ele>
   </trkpt>
   <trkpt lat="-7.9743380" lon="113.5578570">
    <ele>2432.9</ele>
   </trkpt>
   <trkpt lat="-7.9743770" lon="113.5578680">
    <ele>2432.0</ele>
   </trkpt>
   <trkpt lat="-7.9744050" lon="113.5578700">
    <ele>2432.0</ele>
   </trkpt>
   <trkpt lat="-7.9744270" lon="113.5578530">
    <ele>2432.5</ele>
   </trkpt>
   <trkpt lat="-7.9744550" lon="113.5578600">
    <ele>2432.3</ele>
   </trkpt>
   <trkpt lat="-7.9744880" lon="113.5578680">
    <ele>2431.5</ele>
   </trkpt>
   <trkpt lat="-7.9745180" lon="113.5578670">
    <ele>2431.3</ele>
   </trkpt>
   <trkpt lat="-7.9745580" lon="113.5578670">
    <ele>2431.2</ele>
   </trkpt>
   <trkpt lat="-7.9745750" lon="113.5578420">
    <ele>2432.2</ele>
   </trkpt>
   <trkpt lat="-7.9746070" lon="113.5578200">
    <ele>2433.7</ele>
   </trkpt>
   <trkpt lat="-7.9746300" lon="113.5578000">
    <ele>2433.8</ele>
   </trkpt>
   <trkpt lat="-7.9746600" lon="113.5577870">
    <ele>2433.8</ele>
   </trkpt>
   <trkpt lat="-7.9746900" lon="113.5577580">
    <ele>2435.3</ele>
   </trkpt>
   <trkpt lat="-7.9747030" lon="113.5577330">
    <ele>2436.8</ele>
   </trkpt>
   <trkpt lat="-7.9747320" lon="113.5577220">
    <ele>2436.8</ele>
   </trkpt>
   <trkpt lat="-7.9747570" lon="113.5577020">
    <ele>2436.8</ele>
   </trkpt>
   <trkpt lat="-7.9747970" lon="113.5576770">
    <ele>2438.2</ele>
   </trkpt>
   <trkpt lat="-7.9748320" lon="113.5576730">
    <ele>2438.2</ele>
   </trkpt>
   <trkpt lat="-7.9748670" lon="113.5576770">
    <ele>2438.2</ele>
   </trkpt>
   <trkpt lat="-7.9749050" lon="113.5576800">
    <ele>2438.2</ele>
   </trkpt>
   <trkpt lat="-7.9749350" lon="113.5576620">
    <ele>2438.3</ele>
   </trkpt>
   <trkpt lat="-7.9749670" lon="113.5576500">
    <ele>2438.3</ele>
   </trkpt>
   <trkpt lat="-7.9749930" lon="113.5576600">
    <ele>2438.3</ele>
   </trkpt>
   <trkpt lat="-7.9750120" lon="113.5576320">
    <ele>2439.8</ele>
   </trkpt>
   <trkpt lat="-7.9750450" lon="113.5576170">
    <ele>2439.8</ele>
   </trkpt>
   <trkpt lat="-7.9750580" lon="113.5575870">
    <ele>2441.6</ele>
   </trkpt>
   <trkpt lat="-7.9750900" lon="113.5575800">
    <ele>2441.8</ele>
   </trkpt>
   <trkpt lat="-7.9751170" lon="113.5575870">
    <ele>2441.8</ele>
   </trkpt>
   <trkpt lat="-7.9751400" lon="113.5576020">
    <ele>2442.0</ele>
   </trkpt>
   <trkpt lat="-7.9751780" lon="113.5576020">
    <ele>2441.7</ele>
   </trkpt>
   <trkpt lat="-7.9752070" lon="113.5575920">
    <ele>2441.7</ele>
   </trkpt>
   <trkpt lat="-7.9752300" lon="113.5575550">
    <ele>2443.4</ele>
   </trkpt>
   <trkpt lat="-7.9752570" lon="113.5575280">
    <ele>2443.4</ele>
   </trkpt>
   <trkpt lat="-7.9752700" lon="113.5575000">
    <ele>2444.8</ele>
   </trkpt>
   <trkpt lat="-7.9752970" lon="113.5574780">
    <ele>2444.8</ele>
   </trkpt>
   <trkpt lat="-7.9753030" lon="113.5574470">
    <ele>2445.5</ele>
   </trkpt>
   <trkpt lat="-7.9753330" lon="113.5574270">
    <ele>2446.7</ele>
   </trkpt>
   <trkpt lat="-7.9753370" lon="113.5573900">
    <ele>2447.9</ele>
   </trkpt>
   <trkpt lat="-7.9753620" lon="113.5573620">
    <ele>2447.4</ele>
   </trkpt>
   <trkpt lat="-7.9753720" lon="113.5573350">
    <ele>2448.3</ele>
   </trkpt>
   <trkpt lat="-7.9753980" lon="113.5573250">
    <ele>2447.6</ele>
   </trkpt>
   <trkpt lat="-7.9754100" lon="113.5572980">
    <ele>2447.9</ele>
   </trkpt>
   <trkpt lat="-7.9754330" lon="113.5572820">
    <ele>2447.4</ele>
   </trkpt>
   <trkpt lat="-7.9754550" lon="113.5572650">
    <ele>2447.4</ele>
   </trkpt>
   <trkpt lat="-7.9754700" lon="113.5572420">
    <ele>2447.9</ele>
   </trkpt>
   <trkpt lat="-7.9755020" lon="113.5572450">
    <ele>2447.6</ele>
   </trkpt>
   <trkpt lat="-7.9754950" lon="113.5572070">
    <ele>2448.3</ele>
   </trkpt>
   <trkpt lat="-7.9755020" lon="113.5571770">
    <ele>2448.3</ele>
   </trkpt>
   <trkpt lat="-7.9755100" lon="113.5571420">
    <ele>2448.5</ele>
   </trkpt>
   <trkpt lat="-7.9755270" lon="113.5571150">
    <ele>2447.2</ele>
   </trkpt>
   <trkpt lat="-7.9755270" lon="113.5570830">
    <ele>2446.6</ele>
   </trkpt>
   <trkpt lat="-7.9755170" lon="113.5570520">
    <ele>2446.6</ele>
   </trkpt>
   <trkpt lat="-7.9755150" lon="113.5570180">
    <ele>2445.9</ele>
   </trkpt>
   <trkpt lat="-7.9755270" lon="113.5569900">
    <ele>2445.2</ele>
   </trkpt>
   <trkpt lat="-7.9755300" lon="113.5569530">
    <ele>2444.5</ele>
   </trkpt>
   <trkpt lat="-7.9755670" lon="113.5569400">
    <ele>2444.1</ele>
   </trkpt>
   <trkpt lat="-7.9755920" lon="113.5569170">
    <ele>2443.4</ele>
   </trkpt>
   <trkpt lat="-7.9756180" lon="113.5569020">
    <ele>2443.1</ele>
   </trkpt>
   <trkpt lat="-7.9756250" lon="113.5568670">
    <ele>2442.5</ele>
   </trkpt>
   <trkpt lat="-7.9756280" lon="113.5568270">
    <ele>2441.9</ele>
   </trkpt>
   <trkpt lat="-7.9756250" lon="113.5567970">
    <ele>2441.9</ele>
   </trkpt>
   <trkpt lat="-7.9756270" lon="113.5567680">
    <ele>2441.3</ele>
   </trkpt>
   <trkpt lat="-7.9756480" lon="113.5567900">
    <ele>2440.9</ele>
   </trkpt>
   <trkpt lat="-7.9756830" lon="113.5567800">
    <ele>2440.7</ele>
   </trkpt>
   <trkpt lat="-7.9757150" lon="113.5567900">
    <ele>2440.7</ele>
   </trkpt>
   <trkpt lat="-7.9757570" lon="113.5567680">
    <ele>2440.6</ele>
   </trkpt>
   <trkpt lat="-7.9757780" lon="113.5567520">
    <ele>2440.5</ele>
   </trkpt>
   <trkpt lat="-7.9758270" lon="113.5567530">
    <ele>2440.5</ele>
   </trkpt>
   <trkpt lat="-7.9758520" lon="113.5567650">
    <ele>2440.5</ele>
   </trkpt>
   <trkpt lat="-7.9758650" lon="113.5567320">
    <ele>2439.5</ele>
   </trkpt>
   <trkpt lat="-7.9758870" lon="113.5567120">
    <ele>2439.5</ele>
   </trkpt>
   <trkpt lat="-7.9758930" lon="113.5566730">
    <ele>2438.6</ele>
   </trkpt>
   <trkpt lat="-7.9758970" lon="113.5566420">
    <ele>2437.6</ele>
   </trkpt>
   <trkpt lat="-7.9759180" lon="113.5566000">
    <ele>2436.1</ele>
   </trkpt>
   <trkpt lat="-7.9759430" lon="113.5565650">
    <ele>2434.6</ele>
   </trkpt>
   <trkpt lat="-7.9759680" lon="113.5565280">
    <ele>2432.9</ele>
   </trkpt>
   <trkpt lat="-7.9759980" lon="113.5565000">
    <ele>2432.9</ele>
   </trkpt>
   <trkpt lat="-7.9760200" lon="113.5564700">
    <ele>2431.2</ele>
   </trkpt>
   <trkpt lat="-7.9760520" lon="113.5564600">
    <ele>2430.7</ele>
   </trkpt>
   <trkpt lat="-7.9760970" lon="113.5564800">
    <ele>2430.0</ele>
   </trkpt>
   <trkpt lat="-7.9761280" lon="113.5564970">
    <ele>2431.0</ele>
   </trkpt>
   <trkpt lat="-7.9761680" lon="113.5564930">
    <ele>2430.3</ele>
   </trkpt>
   <trkpt lat="-7.9761920" lon="113.5564770">
    <ele>2428.5</ele>
   </trkpt>
   <trkpt lat="-7.9762200" lon="113.5564550">
    <ele>2427.4</ele>
   </trkpt>
   <trkpt lat="-7.9762470" lon="113.5564350">
    <ele>2424.2</ele>
   </trkpt>
   <trkpt lat="-7.9762680" lon="113.5564150">
    <ele>2424.2</ele>
   </trkpt>
   <trkpt lat="-7.9762970" lon="113.5564150">
    <ele>2422.8</ele>
   </trkpt>
   <trkpt lat="-7.9763280" lon="113.5564050">
    <ele>2421.4</ele>
   </trkpt>
   <trkpt lat="-7.9763630" lon="113.5564070">
    <ele>2420.2</ele>
   </trkpt>
   <trkpt lat="-7.9763970" lon="113.5564130">
    <ele>2420.2</ele>
   </trkpt>
   <trkpt lat="-7.9764300" lon="113.5564200">
    <ele>2419.2</ele>
   </trkpt>
   <trkpt lat="-7.9764720" lon="113.5563970">
    <ele>2416.7</ele>
   </trkpt>
   <trkpt lat="-7.9764950" lon="113.5563730">
    <ele>2415.7</ele>
   </trkpt>
   <trkpt lat="-7.9765200" lon="113.5563550">
    <ele>2414.2</ele>
   </trkpt>
   <trkpt lat="-7.9765700" lon="113.5563580">
    <ele>2413.6</ele>
   </trkpt>
   <trkpt lat="-7.9765980" lon="113.5563400">
    <ele>2413.3</ele>
   </trkpt>
   <trkpt lat="-7.9766380" lon="113.5563180">
    <ele>2411.7</ele>
   </trkpt>
   <trkpt lat="-7.9766620" lon="113.5563030">
    <ele>2411.5</ele>
   </trkpt>
   <trkpt lat="-7.9766880" lon="113.5562970">
    <ele>2411.5</ele>
   </trkpt>
   <trkpt lat="-7.9767200" lon="113.5562950">
    <ele>2411.7</ele>
   </trkpt>
   <trkpt lat="-7.9767820" lon="113.5562870">
    <ele>2412.2</ele>
   </trkpt>
   <trkpt lat="-7.9767720" lon="113.5563170">
    <ele>2412.2</ele>
   </trkpt>
   <trkpt lat="-7.9768200" lon="113.5562820">
    <ele>2412.7</ele>
   </trkpt>
   <trkpt lat="-7.9768420" lon="113.5562580">
    <ele>2412.2</ele>
   </trkpt>
   <trkpt lat="-7.9768720" lon="113.5562520">
    <ele>2412.2</ele>
   </trkpt>
   <trkpt lat="-7.9768950" lon="113.5562080">
    <ele>2412.0</ele>
   </trkpt>
   <trkpt lat="-7.9767200" lon="113.5554120">
    <ele>2392.0</ele>
   </trkpt>
   <trkpt lat="-7.9767500" lon="113.5554280">
    <ele>2394.0</ele>
   </trkpt>
   <trkpt lat="-7.9767770" lon="113.5554450">
    <ele>2394.0</ele>
   </trkpt>
   <trkpt lat="-7.9767950" lon="113.5554200">
    <ele>2395.5</ele>
   </trkpt>
   <trkpt lat="-7.9768080" lon="113.5553930">
    <ele>2395.3</ele>
   </trkpt>
   <trkpt lat="-7.9768330" lon="113.5553750">
    <ele>2397.0</ele>
   </trkpt>
   <trkpt lat="-7.9768630" lon="113.5553600">
    <ele>2396.9</ele>
   </trkpt>
   <trkpt lat="-7.9768830" lon="113.5553370">
    <ele>2398.8</ele>
   </trkpt>
   <trkpt lat="-7.9769080" lon="113.5553230">
    <ele>2398.9</ele>
   </trkpt>
   <trkpt lat="-7.9769000" lon="113.5552920">
    <ele>2398.9</ele>
   </trkpt>
   <trkpt lat="-7.9768720" lon="113.5552850">
    <ele>2397.0</ele>
   </trkpt>
   <trkpt lat="-7.9768470" lon="113.5552620">
    <ele>2397.0</ele>
   </trkpt>
   <trkpt lat="-7.9768350" lon="113.5552370">
    <ele>2397.7</ele>
   </trkpt>
   <trkpt lat="-7.9768150" lon="113.5552120">
    <ele>2395.5</ele>
   </trkpt>
   <trkpt lat="-7.9767930" lon="113.5551850">
    <ele>2396.1</ele>
   </trkpt>
   <trkpt lat="-7.9767700" lon="113.5551620">
    <ele>2393.8</ele>
   </trkpt>
   <trkpt lat="-7.9767430" lon="113.5551500">
    <ele>2391.9</ele>
   </trkpt>
   <trkpt lat="-7.9767200" lon="113.5551300">
    <ele>2391.9</ele>
   </trkpt>
   <trkpt lat="-7.9766920" lon="113.5551070">
    <ele>2390.1</ele>
   </trkpt>
   <trkpt lat="-7.9767020" lon="113.5550750">
    <ele>2390.1</ele>
   </trkpt>
   <trkpt lat="-7.9766780" lon="113.5550550">
    <ele>2390.8</ele>
   </trkpt>
   <trkpt lat="-7.9766430" lon="113.5550420">
    <ele>2388.9</ele>
   </trkpt>
   <trkpt lat="-7.9766130" lon="113.5550330">
    <ele>2387.0</ele>
   </trkpt>
   <trkpt lat="-7.9765800" lon="113.5550150">
    <ele>2387.5</ele>
   </trkpt>
   <trkpt lat="-7.9765550" lon="113.5549980">
    <ele>2385.4</ele>
   </trkpt>
   <trkpt lat="-7.9765280" lon="113.5549800">
    <ele>2383.7</ele>
   </trkpt>
   <trkpt lat="-7.9765030" lon="113.5549500">
    <ele>2383.7</ele>
   </trkpt>
   <trkpt lat="-7.9764820" lon="113.5549270">
    <ele>2382.0</ele>
   </trkpt>
   <trkpt lat="-7.9764700" lon="113.5548970">
    <ele>2382.8</ele>
   </trkpt>
   <trkpt lat="-7.9764520" lon="113.5548750">
    <ele>2382.8</ele>
   </trkpt>
   <trkpt lat="-7.9764280" lon="113.5548600">
    <ele>2380.8</ele>
   </trkpt>
   <trkpt lat="-7.9764030" lon="113.5548430">
    <ele>2379.5</ele>
   </trkpt>
   <trkpt lat="-7.9763730" lon="113.5548250">
    <ele>2379.5</ele>
   </trkpt>
   <trkpt lat="-7.9763530" lon="113.5547950">
    <ele>2378.3</ele>
   </trkpt>
   <trkpt lat="-7.9763330" lon="113.5547750">
    <ele>2378.3</ele>
   </trkpt>
   <trkpt lat="-7.9762970" lon="113.5547580">
    <ele>2377.1</ele>
   </trkpt>
   <trkpt lat="-7.9762650" lon="113.5547480">
    <ele>2375.1</ele>
   </trkpt>
   <trkpt lat="-7.9762330" lon="113.5547380">
    <ele>2373.1</ele>
   </trkpt>
   <trkpt lat="-7.9762130" lon="113.5547200">
    <ele>2374.1</ele>
   </trkpt>
   <trkpt lat="-7.9762020" lon="113.5546950">
    <ele>2374.1</ele>
   </trkpt>
   <trkpt lat="-7.9761830" lon="113.5546750">
    <ele>2373.7</ele>
   </trkpt>
   <trkpt lat="-7.9761630" lon="113.5546550">
    <ele>2373.7</ele>
   </trkpt>
   <trkpt lat="-7.9761370" lon="113.5546620">
    <ele>2371.8</ele>
   </trkpt>
   <trkpt lat="-7.9761050" lon="113.5546670">
    <ele>2369.9</ele>
   </trkpt>
   <trkpt lat="-7.9760730" lon="113.5546720">
    <ele>2369.9</ele>
   </trkpt>
   <trkpt lat="-7.9760530" lon="113.5546400">
    <ele>2368.8</ele>
   </trkpt>
   <trkpt lat="-7.9760320" lon="113.5546130">
    <ele>2368.8</ele>
   </trkpt>
   <trkpt lat="-7.9760030" lon="113.5545930">
    <ele>2366.8</ele>
   </trkpt>
   <trkpt lat="-7.9759830" lon="113.5545650">
    <ele>2366.8</ele>
   </trkpt>
   <trkpt lat="-7.9759620" lon="113.5545470">
    <ele>2364.3</ele>
   </trkpt>
   <trkpt lat="-7.9759630" lon="113.5545130">
    <ele>2364.6</ele>
   </trkpt>
   <trkpt lat="-7.9759420" lon="113.5544800">
    <ele>2364.6</ele>
   </trkpt>
   <trkpt lat="-7.9759170" lon="113.5544650">
    <ele>2362.1</ele>
   </trkpt>
   <trkpt lat="-7.9758820" lon="113.5544500">
    <ele>2359.3</ele>
   </trkpt>
   <trkpt lat="-7.9758580" lon="113.5544350">
    <ele>2359.3</ele>
   </trkpt>
   <trkpt lat="-7.9758320" lon="113.5544100">
    <ele>2356.4</ele>
   </trkpt>
   <trkpt lat="-7.9758130" lon="113.5543830">
    <ele>2356.4</ele>
   </trkpt>
   <trkpt lat="-7.9757930" lon="113.5543550">
    <ele>2353.0</ele>
   </trkpt>
   <trkpt lat="-7.9757600" lon="113.5543500">
    <ele>2349.6</ele>
   </trkpt>
   <trkpt lat="-7.9757370" lon="113.5543350">
    <ele>2349.8</ele>
   </trkpt>
   <trkpt lat="-7.9757080" lon="113.5543350">
    <ele>2346.5</ele>
   </trkpt>
   <trkpt lat="-7.9756850" lon="113.5543130">
    <ele>2346.5</ele>
   </trkpt>
   <trkpt lat="-7.9756570" lon="113.5542780">
    <ele>2343.5</ele>
   </trkpt>
   <trkpt lat="-7.9756350" lon="113.5542570">
    <ele>2341.0</ele>
   </trkpt>
   <trkpt lat="-7.9756150" lon="113.5542370">
    <ele>2341.0</ele>
   </trkpt>
   <trkpt lat="-7.9755830" lon="113.5542170">
    <ele>2338.1</ele>
   </trkpt>
   <trkpt lat="-7.9755620" lon="113.5541850">
    <ele>2338.7</ele>
   </trkpt>
   <trkpt lat="-7.9755400" lon="113.5541630">
    <ele>2336.6</ele>
   </trkpt>
   <trkpt lat="-7.9755230" lon="113.5541350">
    <ele>2336.6</ele>
   </trkpt>
   <trkpt lat="-7.9754930" lon="113.5541150">
    <ele>2334.4</ele>
   </trkpt>
   <trkpt lat="-7.9754700" lon="113.5540830">
    <ele>2332.3</ele>
   </trkpt>
   <trkpt lat="-7.9754520" lon="113.5540570">
    <ele>2332.3</ele>
   </trkpt>
   <trkpt lat="-7.9754420" lon="113.5540200">
    <ele>2333.2</ele>
   </trkpt>
   <trkpt lat="-7.9754420" lon="113.5539870">
    <ele>2334.1</ele>
   </trkpt>
   <trkpt lat="-7.9754420" lon="113.5539520">
    <ele>2335.0</ele>
   </trkpt>
   <trkpt lat="-7.9754530" lon="113.5539200">
    <ele>2335.0</ele>
   </trkpt>
   <trkpt lat="-7.9754670" lon="113.5538880">
    <ele>2335.9</ele>
   </trkpt>
   <trkpt lat="-7.9754820" lon="113.5538600">
    <ele>2339.9</ele>
   </trkpt>
   <trkpt lat="-7.9754900" lon="113.5538330">
    <ele>2339.9</ele>
   </trkpt>
   <trkpt lat="-7.9754850" lon="113.5538000">
    <ele>2340.6</ele>
   </trkpt>
   <trkpt lat="-7.9754800" lon="113.5537650">
    <ele>2341.4</ele>
   </trkpt>
   <trkpt lat="-7.9754750" lon="113.5537320">
    <ele>2342.0</ele>
   </trkpt>
   <trkpt lat="-7.9754570" lon="113.5536950">
    <ele>2339.3</ele>
   </trkpt>
   <trkpt lat="-7.9754420" lon="113.5536680">
    <ele>2339.3</ele>
   </trkpt>
   <trkpt lat="-7.9754320" lon="113.5536370">
    <ele>2339.7</ele>
   </trkpt>
   <trkpt lat="-7.9754220" lon="113.5535950">
    <ele>2336.9</ele>
   </trkpt>
   <trkpt lat="-7.9754200" lon="113.5535670">
    <ele>2336.9</ele>
   </trkpt>
   <trkpt lat="-7.9754350" lon="113.5535350">
    <ele>2340.2</ele>
   </trkpt>
   <trkpt lat="-7.9754570" lon="113.5535030">
    <ele>2340.1</ele>
   </trkpt>
   <trkpt lat="-7.9754650" lon="113.5534730">
    <ele>2340.0</ele>
   </trkpt>
   <trkpt lat="-7.9754670" lon="113.5534420">
    <ele>2339.9</ele>
   </trkpt>
   <trkpt lat="-7.9754630" lon="113.5534080">
    <ele>2339.9</ele>
   </trkpt>
   <trkpt lat="-7.9754820" lon="113.5533880">
    <ele>2343.4</ele>
   </trkpt>
   <trkpt lat="-7.9755080" lon="113.5533980">
    <ele>2343.4</ele>
   </trkpt>
   <trkpt lat="-7.9755270" lon="113.5533720">
    <ele>2346.1</ele>
   </trkpt>
   <trkpt lat="-7.9755270" lon="113.5533380">
    <ele>2346.1</ele>
   </trkpt>
   <trkpt lat="-7.9755280" lon="113.5533100">
    <ele>2346.1</ele>
   </trkpt>
   <trkpt lat="-7.9755220" lon="113.5532700">
    <ele>2346.1</ele>
   </trkpt>
   <trkpt lat="-7.9755280" lon="113.5532400">
    <ele>2346.1</ele>
   </trkpt>
   <trkpt lat="-7.9755220" lon="113.5532100">
    <ele>2346.6</ele>
   </trkpt>
   <trkpt lat="-7.9755180" lon="113.5531780">
    <ele>2347.3</ele>
   </trkpt>
   <trkpt lat="-7.9754970" lon="113.5531620">
    <ele>2344.8</ele>
   </trkpt>
   <trkpt lat="-7.9754620" lon="113.5531450">
    <ele>2341.5</ele>
   </trkpt>
   <trkpt lat="-7.9754370" lon="113.5531330">
    <ele>2342.3</ele>
   </trkpt>
   <trkpt lat="-7.9754070" lon="113.5531350">
    <ele>2339.1</ele>
   </trkpt>
   <trkpt lat="-7.9753770" lon="113.5531130">
    <ele>2335.8</ele>
   </trkpt>
   <trkpt lat="-7.9753550" lon="113.5530850">
    <ele>2336.6</ele>
   </trkpt>
   <trkpt lat="-7.9753450" lon="113.5530570">
    <ele>2336.6</ele>
   </trkpt>
   <trkpt lat="-7.9753380" lon="113.5530220">
    <ele>2334.0</ele>
   </trkpt>
   <trkpt lat="-7.9753200" lon="113.5529870">
    <ele>2334.5</ele>
   </trkpt>
   <trkpt lat="-7.9753180" lon="113.5529580">
    <ele>2334.9</ele>
   </trkpt>
   <trkpt lat="-7.9753080" lon="113.5529280">
    <ele>2334.9</ele>
   </trkpt>
   <trkpt lat="-7.9752920" lon="113.5528980">
    <ele>2332.2</ele>
   </trkpt>
   <trkpt lat="-7.9752870" lon="113.5528670">
    <ele>2332.2</ele>
   </trkpt>
   <trkpt lat="-7.9753000" lon="113.5528300">
    <ele>2332.1</ele>
   </trkpt>
   <trkpt lat="-7.9753050" lon="113.5527980">
    <ele>2335.5</ele>
   </trkpt>
   <trkpt lat="-7.9752930" lon="113.5527650">
    <ele>2332.1</ele>
   </trkpt>
   <trkpt lat="-7.9752980" lon="113.5527320">
    <ele>2332.0</ele>
   </trkpt>
   <trkpt lat="-7.9752820" lon="113.5527080">
    <ele>2331.6</ele>
   </trkpt>
   <trkpt lat="-7.9752600" lon="113.5526900">
    <ele>2331.6</ele>
   </trkpt>
   <trkpt lat="-7.9752380" lon="113.5526730">
    <ele>2328.1</ele>
   </trkpt>
   <trkpt lat="-7.9752380" lon="113.5526430">
    <ele>2327.6</ele>
   </trkpt>
   <trkpt lat="-7.9752250" lon="113.5526080">
    <ele>2327.1</ele>
   </trkpt>
   <trkpt lat="-7.9752180" lon="113.5525780">
    <ele>2326.6</ele>
   </trkpt>
   <trkpt lat="-7.9752080" lon="113.5525520">
    <ele>2323.1</ele>
   </trkpt>
   <trkpt lat="-7.9751870" lon="113.5525300">
    <ele>2323.0</ele>
   </trkpt>
   <trkpt lat="-7.9751550" lon="113.5525170">
    <ele>2319.6</ele>
   </trkpt>
   <trkpt lat="-7.9751400" lon="113.5524900">
    <ele>2319.6</ele>
   </trkpt>
   <trkpt lat="-7.9751180" lon="113.5524580">
    <ele>2316.3</ele>
   </trkpt>
   <trkpt lat="-7.9751150" lon="113.5524250">
    <ele>2316.3</ele>
   </trkpt>
   <trkpt lat="-7.9751020" lon="113.5523780">
    <ele>2316.3</ele>
   </trkpt>
   <trkpt lat="-7.9751020" lon="113.5523400">
    <ele>2316.6</ele>
   </trkpt>
   <trkpt lat="-7.9751180" lon="113.5523030">
    <ele>2317.0</ele>
   </trkpt>
   <trkpt lat="-7.9751380" lon="113.5522780">
    <ele>2320.8</ele>
   </trkpt>
   <trkpt lat="-7.9751520" lon="113.5522450">
    <ele>2320.8</ele>
   </trkpt>
   <trkpt lat="-7.9751220" lon="113.5522420">
    <ele>2317.4</ele>
   </trkpt>
   <trkpt lat="-7.9751050" lon="113.5522080">
    <ele>2317.8</ele>
   </trkpt>
   <trkpt lat="-7.9751180" lon="113.5521770">
    <ele>2318.3</ele>
   </trkpt>
   <trkpt lat="-7.9751520" lon="113.5521950">
    <ele>2321.8</ele>
   </trkpt>
   <trkpt lat="-7.9751430" lon="113.5521680">
    <ele>2321.8</ele>
   </trkpt>
   <trkpt lat="-7.9751350" lon="113.5521250">
    <ele>2322.3</ele>
   </trkpt>
   <trkpt lat="-7.9751180" lon="113.5520970">
    <ele>2319.3</ele>
   </trkpt>
   <trkpt lat="-7.9751030" lon="113.5520630">
    <ele>2319.8</ele>
   </trkpt>
   <trkpt lat="-7.9751070" lon="113.5520320">
    <ele>2319.8</ele>
   </trkpt>
   <trkpt lat="-7.9750620" lon="113.5519820">
    <ele>2316.1</ele>
   </trkpt>
   <trkpt lat="-7.9750580" lon="113.5519480">
    <ele>2316.1</ele>
   </trkpt>
   <trkpt lat="-7.9750480" lon="113.5519170">
    <ele>2315.8</ele>
   </trkpt>
   <trkpt lat="-7.9750300" lon="113.5518800">
    <ele>2312.1</ele>
   </trkpt>
   <trkpt lat="-7.9750280" lon="113.5518430">
    <ele>2311.5</ele>
   </trkpt>
   <trkpt lat="-7.9750100" lon="113.5518150">
    <ele>2311.5</ele>
   </trkpt>
   <trkpt lat="-7.9749820" lon="113.5517930">
    <ele>2307.5</ele>
   </trkpt>
   <trkpt lat="-7.9749650" lon="113.5517670">
    <ele>2306.8</ele>
   </trkpt>
   <trkpt lat="-7.9749500" lon="113.5517430">
    <ele>2303.9</ele>
   </trkpt>
   <trkpt lat="-7.9749230" lon="113.5517280">
    <ele>2303.9</ele>
   </trkpt>
   <trkpt lat="-7.9749100" lon="113.5517000">
    <ele>2300.5</ele>
   </trkpt>
   <trkpt lat="-7.9748780" lon="113.5516850">
    <ele>2300.5</ele>
   </trkpt>
   <trkpt lat="-7.9748670" lon="113.5516580">
    <ele>2296.9</ele>
   </trkpt>
   <trkpt lat="-7.9748630" lon="113.5516270">
    <ele>2295.8</ele>
   </trkpt>
   <trkpt lat="-7.9748650" lon="113.5515930">
    <ele>2294.8</ele>
   </trkpt>
   <trkpt lat="-7.9748450" lon="113.5515480">
    <ele>2293.8</ele>
   </trkpt>
   <trkpt lat="-7.9748450" lon="113.5515180">
    <ele>2293.8</ele>
   </trkpt>
   <trkpt lat="-7.9748330" lon="113.5514750">
    <ele>2293.0</ele>
   </trkpt>
   <trkpt lat="-7.9748220" lon="113.5514380">
    <ele>2290.5</ele>
   </trkpt>
   <trkpt lat="-7.9748180" lon="113.5514050">
    <ele>2289.9</ele>
   </trkpt>
   <trkpt lat="-7.9748300" lon="113.5513700">
    <ele>2289.4</ele>
   </trkpt>
   <trkpt lat="-7.9748230" lon="113.5513330">
    <ele>2288.9</ele>
   </trkpt>
   <trkpt lat="-7.9748330" lon="113.5513070">
    <ele>2290.9</ele>
   </trkpt>
   <trkpt lat="-7.9748300" lon="113.5512720">
    <ele>2288.3</ele>
   </trkpt>
   <trkpt lat="-7.9748330" lon="113.5512350">
    <ele>2289.9</ele>
   </trkpt>
   <trkpt lat="-7.9748350" lon="113.5512070">
    <ele>2289.4</ele>
   </trkpt>
   <trkpt lat="-7.9748450" lon="113.5511700">
    <ele>2289.4</ele>
   </trkpt>
   <trkpt lat="-7.9748450" lon="113.5511370">
    <ele>2288.8</ele>
   </trkpt>
   <trkpt lat="-7.9748580" lon="113.5511100">
    <ele>2288.0</ele>
   </trkpt>
   <trkpt lat="-7.9748570" lon="113.5510800">
    <ele>2287.3</ele>
   </trkpt>
   <trkpt lat="-7.9748570" lon="113.5510420">
    <ele>2287.3</ele>
   </trkpt>
   <trkpt lat="-7.9748620" lon="113.5510120">
    <ele>2286.5</ele>
   </trkpt>
   <trkpt lat="-7.9748400" lon="113.5509880">
    <ele>2284.9</ele>
   </trkpt>
   <trkpt lat="-7.9748350" lon="113.5509550">
    <ele>2284.9</ele>
   </trkpt>
   <trkpt lat="-7.9748170" lon="113.5509220">
    <ele>2280.3</ele>
   </trkpt>
   <trkpt lat="-7.9748130" lon="113.5508870">
    <ele>2278.1</ele>
   </trkpt>
   <trkpt lat="-7.9747970" lon="113.5508650">
    <ele>2275.9</ele>
   </trkpt>
   <trkpt lat="-7.9747730" lon="113.5508330">
    <ele>2273.6</ele>
   </trkpt>
   <trkpt lat="-7.9747630" lon="113.5508020">
    <ele>2271.0</ele>
   </trkpt>
   <trkpt lat="-7.9747770" lon="113.5507730">
    <ele>2268.0</ele>
   </trkpt>
   <trkpt lat="-7.9747950" lon="113.5507470">
    <ele>2270.2</ele>
   </trkpt>
   <trkpt lat="-7.9747800" lon="113.5507170">
    <ele>2265.0</ele>
   </trkpt>
   <trkpt lat="-7.9747770" lon="113.5506880">
    <ele>2262.0</ele>
   </trkpt>
   <trkpt lat="-7.9747680" lon="113.5506500">
    <ele>2259.5</ele>
   </trkpt>
   <trkpt lat="-7.9747620" lon="113.5506220">
    <ele>2259.5</ele>
   </trkpt>
   <trkpt lat="-7.9747670" lon="113.5505820">
    <ele>2257.3</ele>
   </trkpt>
   <trkpt lat="-7.9747830" lon="113.5505570">
    <ele>2255.1</ele>
   </trkpt>
   <trkpt lat="-7.9748130" lon="113.5505880">
    <ele>2259.5</ele>
   </trkpt>
   <trkpt lat="-7.9748480" lon="113.5505880">
    <ele>2262.1</ele>
   </trkpt>
   <trkpt lat="-7.9748770" lon="113.5505700">
    <ele>2265.0</ele>
   </trkpt>
   <trkpt lat="-7.9749030" lon="113.5505650">
    <ele>2262.6</ele>
   </trkpt>
   <trkpt lat="-7.9749450" lon="113.5505600">
    <ele>2265.5</ele>
   </trkpt>
   <trkpt lat="-7.9749750" lon="113.5505350">
    <ele>2268.3</ele>
   </trkpt>
   <trkpt lat="-7.9749920" lon="113.5505130">
    <ele>2265.8</ele>
   </trkpt>
   <trkpt lat="-7.9750150" lon="113.5504980">
    <ele>2268.6</ele>
   </trkpt>
   <trkpt lat="-7.9750470" lon="113.5504950">
    <ele>2271.4</ele>
   </trkpt>
   <trkpt lat="-7.9750380" lon="113.5504630">
    <ele>2266.3</ele>
   </trkpt>
   <trkpt lat="-7.9750280" lon="113.5504270">
    <ele>2264.1</ele>
   </trkpt>
   <trkpt lat="-7.9750350" lon="113.5503930">
    <ele>2262.0</ele>
   </trkpt>
   <trkpt lat="-7.9750670" lon="113.5503930">
    <ele>2264.1</ele>
   </trkpt>
   <trkpt lat="-7.9750830" lon="113.5503700">
    <ele>2264.1</ele>
   </trkpt>
   <trkpt lat="-7.9750930" lon="113.5503430">
    <ele>2263.5</ele>
   </trkpt>
   <trkpt lat="-7.9750950" lon="113.5503120">
    <ele>2263.5</ele>
   </trkpt>
   <trkpt lat="-7.9751020" lon="113.5502800">
    <ele>2261.7</ele>
   </trkpt>
   <trkpt lat="-7.9751030" lon="113.5502500">
    <ele>2260.4</ele>
   </trkpt>
   <trkpt lat="-7.9751120" lon="113.5502830">
    <ele>2261.7</ele>
   </trkpt>
   <trkpt lat="-7.9751150" lon="113.5502480">
    <ele>2260.4</ele>
   </trkpt>
   <trkpt lat="-7.9750930" lon="113.5502280">
    <ele>2260.4</ele>
   </trkpt>
   <trkpt lat="-7.9750800" lon="113.5501980">
    <ele>2257.4</ele>
   </trkpt>
   <trkpt lat="-7.9750630" lon="113.5501770">
    <ele>2256.2</ele>
   </trkpt>
   <trkpt lat="-7.9750370" lon="113.5501500">
    <ele>2254.4</ele>
   </trkpt>
   <trkpt lat="-7.9750170" lon="113.5501150">
    <ele>2253.2</ele>
   </trkpt>
   <trkpt lat="-7.9750230" lon="113.5500780">
    <ele>2252.1</ele>
   </trkpt>
   <trkpt lat="-7.9750430" lon="113.5500430">
    <ele>2250.9</ele>
   </trkpt>
   <trkpt lat="-7.9750650" lon="113.5500170">
    <ele>2253.0</ele>
   </trkpt>
   <trkpt lat="-7.9750620" lon="113.5499820">
    <ele>2251.9</ele>
   </trkpt>
   <trkpt lat="-7.9750480" lon="113.5499430">
    <ele>2250.3</ele>
   </trkpt>
   <trkpt lat="-7.9750480" lon="113.5499120">
    <ele>2248.3</ele>
   </trkpt>
   <trkpt lat="-7.9750500" lon="113.5498830">
    <ele>2248.3</ele>
   </trkpt>
   <trkpt lat="-7.9750400" lon="113.5498450">
    <ele>2243.7</ele>
   </trkpt>
   <trkpt lat="-7.9750100" lon="113.5498280">
    <ele>2241.5</ele>
   </trkpt>
   <trkpt lat="-7.9749820" lon="113.5498120">
    <ele>2238.9</ele>
   </trkpt>
   <trkpt lat="-7.9749430" lon="113.5497900">
    <ele>2234.8</ele>
   </trkpt>
   <trkpt lat="-7.9749470" lon="113.5497570">
    <ele>2234.8</ele>
   </trkpt>
   <trkpt lat="-7.9749680" lon="113.5497330">
    <ele>2236.0</ele>
   </trkpt>
   <trkpt lat="-7.9749900" lon="113.5497150">
    <ele>2236.0</ele>
   </trkpt>
   <trkpt lat="-7.9750120" lon="113.5496900">
    <ele>2237.5</ele>
   </trkpt>
   <trkpt lat="-7.9750230" lon="113.5496570">
    <ele>2236.2</ele>
   </trkpt>
   <trkpt lat="-7.9750170" lon="113.5496250">
    <ele>2236.2</ele>
   </trkpt>
   <trkpt lat="-7.9750180" lon="113.5495970">
    <ele>2235.7</ele>
   </trkpt>
   <trkpt lat="-7.9749900" lon="113.5495700">
    <ele>2233.0</ele>
   </trkpt>
   <trkpt lat="-7.9749770" lon="113.5495420">
    <ele>2233.0</ele>
   </trkpt>
   <trkpt lat="-7.9749430" lon="113.5495080">
    <ele>2230.6</ele>
   </trkpt>
   <trkpt lat="-7.9749180" lon="113.5494930">
    <ele>2230.4</ele>
   </trkpt>
   <trkpt lat="-7.9748800" lon="113.5494850">
    <ele>2228.0</ele>
   </trkpt>
   <trkpt lat="-7.9748470" lon="113.5494620">
    <ele>2225.6</ele>
   </trkpt>
   <trkpt lat="-7.9748280" lon="113.5494400">
    <ele>2222.9</ele>
   </trkpt>
   <trkpt lat="-7.9748020" lon="113.5494170">
    <ele>2222.9</ele>
   </trkpt>
   <trkpt lat="-7.9747900" lon="113.5493830">
    <ele>2220.3</ele>
   </trkpt>
   <trkpt lat="-7.9747830" lon="113.5493570">
    <ele>2220.1</ele>
   </trkpt>
   <trkpt lat="-7.9747850" lon="113.5493180">
    <ele>2219.8</ele>
   </trkpt>
   <trkpt lat="-7.9747830" lon="113.5492800">
    <ele>2219.5</ele>
   </trkpt>
   <trkpt lat="-7.9747830" lon="113.5492380">
    <ele>2219.5</ele>
   </trkpt>
   <trkpt lat="-7.9747880" lon="113.5492080">
    <ele>2219.1</ele>
   </trkpt>
   <trkpt lat="-7.9747700" lon="113.5491730">
    <ele>2218.7</ele>
   </trkpt>
   <trkpt lat="-7.9747620" lon="113.5491370">
    <ele>2218.3</ele>
   </trkpt>
   <trkpt lat="-7.9747500" lon="113.5491070">
    <ele>2217.9</ele>
   </trkpt>
   <trkpt lat="-7.9747320" lon="113.5490830">
    <ele>2214.4</ele>
   </trkpt>
   <trkpt lat="-7.9747300" lon="113.5490500">
    <ele>2214.0</ele>
   </trkpt>
   <trkpt lat="-7.9747300" lon="113.5490220">
    <ele>2213.6</ele>
   </trkpt>
   <trkpt lat="-7.9747350" lon="113.5489900">
    <ele>2213.6</ele>
   </trkpt>
   <trkpt lat="-7.9747300" lon="113.5489570">
    <ele>2213.2</ele>
   </trkpt>
   <trkpt lat="-7.9747230" lon="113.5489300">
    <ele>2213.1</ele>
   </trkpt>
   <trkpt lat="-7.9747120" lon="113.5488920">
    <ele>2213.4</ele>
   </trkpt>
   <trkpt lat="-7.9746920" lon="113.5488570">
    <ele>2209.8</ele>
   </trkpt>
   <trkpt lat="-7.9746730" lon="113.5488300">
    <ele>2210.3</ele>
   </trkpt>
   <trkpt lat="-7.9746570" lon="113.5488000">
    <ele>2207.7</ele>
   </trkpt>
   <trkpt lat="-7.9746520" lon="113.5487620">
    <ele>2208.2</ele>
   </trkpt>
   <trkpt lat="-7.9746320" lon="113.5487370">
    <ele>2208.2</ele>
   </trkpt>
   <trkpt lat="-7.9746230" lon="113.5487080">
    <ele>2208.6</ele>
   </trkpt>
   <trkpt lat="-7.9746200" lon="113.5486680">
    <ele>2206.4</ele>
   </trkpt>
   <trkpt lat="-7.9746330" lon="113.5486370">
    <ele>2209.1</ele>
   </trkpt>
   <trkpt lat="-7.9746200" lon="113.5486080">
    <ele>2206.6</ele>
   </trkpt>
   <trkpt lat="-7.9746150" lon="113.5485770">
    <ele>2206.6</ele>
   </trkpt>
   <trkpt lat="-7.9745950" lon="113.5485470">
    <ele>2206.3</ele>
   </trkpt>
   <trkpt lat="-7.9746270" lon="113.5485250">
    <ele>2209.3</ele>
   </trkpt>
   <trkpt lat="-7.9745980" lon="113.5485030">
    <ele>2205.9</ele>
   </trkpt>
   <trkpt lat="-7.9745850" lon="113.5484730">
    <ele>2205.9</ele>
   </trkpt>
   <trkpt lat="-7.9745680" lon="113.5484270">
    <ele>2202.4</ele>
   </trkpt>
   <trkpt lat="-7.9745550" lon="113.5484020">
    <ele>2201.9</ele>
   </trkpt>
   <trkpt lat="-7.9745550" lon="113.5483700">
    <ele>2201.3</ele>
   </trkpt>
   <trkpt lat="-7.9745600" lon="113.5483350">
    <ele>2200.7</ele>
   </trkpt>
   <trkpt lat="-7.9745530" lon="113.5483000">
    <ele>2200.7</ele>
   </trkpt>
   <trkpt lat="-7.9745480" lon="113.5482520">
    <ele>2200.1</ele>
   </trkpt>
   <trkpt lat="-7.9745550" lon="113.5482170">
    <ele>2199.4</ele>
   </trkpt>
   <trkpt lat="-7.9745700" lon="113.5481830">
    <ele>2198.6</ele>
   </trkpt>
   <trkpt lat="-7.9745720" lon="113.5481470">
    <ele>2197.8</ele>
   </trkpt>
   <trkpt lat="-7.9745750" lon="113.5481120">
    <ele>2197.0</ele>
   </trkpt>
   <trkpt lat="-7.9745720" lon="113.5480830">
    <ele>2197.0</ele>
   </trkpt>
   <trkpt lat="-7.9746000" lon="113.5480530">
    <ele>2198.3</ele>
   </trkpt>
   <trkpt lat="-7.9746130" lon="113.5480120">
    <ele>2197.4</ele>
   </trkpt>
   <trkpt lat="-7.9746220" lon="113.5479780">
    <ele>2198.6</ele>
   </trkpt>
   <trkpt lat="-7.9746420" lon="113.5479580">
    <ele>2198.6</ele>
   </trkpt>
   <trkpt lat="-7.9746580" lon="113.5479370">
    <ele>2197.6</ele>
   </trkpt>
   <trkpt lat="-7.9746530" lon="113.5479020">
    <ele>2196.5</ele>
   </trkpt>
   <trkpt lat="-7.9746770" lon="113.5478650">
    <ele>2198.2</ele>
   </trkpt>
   <trkpt lat="-7.9746920" lon="113.5478370">
    <ele>2196.9</ele>
   </trkpt>
   <trkpt lat="-7.9747100" lon="113.5478150">
    <ele>2197.0</ele>
   </trkpt>
   <trkpt lat="-7.9747430" lon="113.5477970">
    <ele>2197.0</ele>
   </trkpt>
   <trkpt lat="-7.9747570" lon="113.5477650">
    <ele>2196.9</ele>
   </trkpt>
   <trkpt lat="-7.9747880" lon="113.5477500">
    <ele>2196.9</ele>
   </trkpt>
   <trkpt lat="-7.9747780" lon="113.5477170">
    <ele>2195.3</ele>
   </trkpt>
   <trkpt lat="-7.9747950" lon="113.5476900">
    <ele>2194.5</ele>
   </trkpt>
   <trkpt lat="-7.9748220" lon="113.5476630">
    <ele>2194.5</ele>
   </trkpt>
   <trkpt lat="-7.9747980" lon="113.5476820">
    <ele>2194.5</ele>
   </trkpt>
   <trkpt lat="-7.9747700" lon="113.5476580">
    <ele>2193.5</ele>
   </trkpt>
   <trkpt lat="-7.9747480" lon="113.5476420">
    <ele>2191.6</ele>
   </trkpt>
   <trkpt lat="-7.9747230" lon="113.5476200">
    <ele>2190.7</ele>
   </trkpt>
   <trkpt lat="-7.9747170" lon="113.5475850">
    <ele>2189.0</ele>
   </trkpt>
   <trkpt lat="-7.9746980" lon="113.5475650">
    <ele>2188.2</ele>
   </trkpt>
   <trkpt lat="-7.9746750" lon="113.5475430">
    <ele>2186.4</ele>
   </trkpt>
   <trkpt lat="-7.9746630" lon="113.5475030">
    <ele>2184.5</ele>
   </trkpt>
   <trkpt lat="-7.9746300" lon="113.5474820">
    <ele>2183.5</ele>
   </trkpt>
   <trkpt lat="-7.9746400" lon="113.5474480">
    <ele>2181.6</ele>
   </trkpt>
   <trkpt lat="-7.9746580" lon="113.5474180">
    <ele>2179.6</ele>
   </trkpt>
   <trkpt lat="-7.9746750" lon="113.5473970">
    <ele>2180.6</ele>
   </trkpt>
   <trkpt lat="-7.9746900" lon="113.5473730">
    <ele>2178.6</ele>
   </trkpt>
   <trkpt lat="-7.9747080" lon="113.5473520">
    <ele>2179.7</ele>
   </trkpt>
   <trkpt lat="-7.9747220" lon="113.5473170">
    <ele>2177.9</ele>
   </trkpt>
   <trkpt lat="-7.9747180" lon="113.5472780">
    <ele>2176.1</ele>
   </trkpt>
   <trkpt lat="-7.9747030" lon="113.5472550">
    <ele>2172.9</ele>
   </trkpt>
   <trkpt lat="-7.9746880" lon="113.5472320">
    <ele>2172.9</ele>
   </trkpt>
   <trkpt lat="-7.9746770" lon="113.5472070">
    <ele>2171.1</ele>
   </trkpt>
   <trkpt lat="-7.9746820" lon="113.5471780">
    <ele>2171.1</ele>
   </trkpt>
   <trkpt lat="-7.9746870" lon="113.5471450">
    <ele>2169.6</ele>
   </trkpt>
   <trkpt lat="-7.9746870" lon="113.5471080">
    <ele>2168.2</ele>
   </trkpt>
   <trkpt lat="-7.9747000" lon="113.5470830">
    <ele>2166.7</ele>
   </trkpt>
   <trkpt lat="-7.9747030" lon="113.5470470">
    <ele>2165.3</ele>
   </trkpt>
   <trkpt lat="-7.9747100" lon="113.5470120">
    <ele>2166.8</ele>
   </trkpt>
   <trkpt lat="-7.9747330" lon="113.5469950">
    <ele>2165.6</ele>
   </trkpt>
   <trkpt lat="-7.9747670" lon="113.5469800">
    <ele>2166.9</ele>
   </trkpt>
   <trkpt lat="-7.9747930" lon="113.5469730">
    <ele>2168.2</ele>
   </trkpt>
   <trkpt lat="-7.9748270" lon="113.5469620">
    <ele>2166.8</ele>
   </trkpt>
   <trkpt lat="-7.9748470" lon="113.5469420">
    <ele>2167.9</ele>
   </trkpt>
   <trkpt lat="-7.9748750" lon="113.5469250">
    <ele>2167.9</ele>
   </trkpt>
   <trkpt lat="-7.9748900" lon="113.5468950">
    <ele>2167.4</ele>
   </trkpt>
   <trkpt lat="-7.9749130" lon="113.5468700">
    <ele>2165.8</ele>
   </trkpt>
   <trkpt lat="-7.9749530" lon="113.5468520">
    <ele>2166.8</ele>
   </trkpt>
   <trkpt lat="-7.9749870" lon="113.5468480">
    <ele>2167.7</ele>
   </trkpt>
   <trkpt lat="-7.9750170" lon="113.5468520">
    <ele>2168.7</ele>
   </trkpt>
   <trkpt lat="-7.9750280" lon="113.5468230">
    <ele>2166.9</ele>
   </trkpt>
   <trkpt lat="-7.9750100" lon="113.5468000">
    <ele>2166.9</ele>
   </trkpt>
   <trkpt lat="-7.9750170" lon="113.5467730">
    <ele>2165.1</ele>
   </trkpt>
   <trkpt lat="-7.9750430" lon="113.5467680">
    <ele>2165.1</ele>
   </trkpt>
   <trkpt lat="-7.9750630" lon="113.5467480">
    <ele>2164.1</ele>
   </trkpt>
   <trkpt lat="-7.9750820" lon="113.5467230">
    <ele>2164.1</ele>
   </trkpt>
   <trkpt lat="-7.9750920" lon="113.5466880">
    <ele>2163.3</ele>
   </trkpt>
   <trkpt lat="-7.9750870" lon="113.5466450">
    <ele>2161.5</ele>
   </trkpt>
   <trkpt lat="-7.9750970" lon="113.5466130">
    <ele>2161.0</ele>
   </trkpt>
   <trkpt lat="-7.9751100" lon="113.5465880">
    <ele>2161.0</ele>
   </trkpt>
   <trkpt lat="-7.9751200" lon="113.5465580">
    <ele>2159.8</ele>
   </trkpt>
   <trkpt lat="-7.9751180" lon="113.5465300">
    <ele>2158.9</ele>
   </trkpt>
   <trkpt lat="-7.9751170" lon="113.5464980">
    <ele>2158.9</ele>
   </trkpt>
   <trkpt lat="-7.9751200" lon="113.5464620">
    <ele>2158.3</ele>
   </trkpt>
   <trkpt lat="-7.9751270" lon="113.5464230">
    <ele>2157.7</ele>
   </trkpt>
   <trkpt lat="-7.9751370" lon="113.5463920">
    <ele>2157.8</ele>
   </trkpt>
   <trkpt lat="-7.9751430" lon="113.5463620">
    <ele>2157.8</ele>
   </trkpt>
   <trkpt lat="-7.9751530" lon="113.5463350">
    <ele>2157.3</ele>
   </trkpt>
   <trkpt lat="-7.9751630" lon="113.5463080">
    <ele>2156.7</ele>
   </trkpt>
   <trkpt lat="-7.9751780" lon="113.5462800">
    <ele>2157.9</ele>
   </trkpt>
   <trkpt lat="-7.9752000" lon="113.5462520">
    <ele>2157.4</ele>
   </trkpt>
   <trkpt lat="-7.9752070" lon="113.5462230">
    <ele>2156.9</ele>
   </trkpt>
   <trkpt lat="-7.9751970" lon="113.5461930">
    <ele>2156.9</ele>
   </trkpt>
   <trkpt lat="-7.9751830" lon="113.5461670">
    <ele>2156.4</ele>
   </trkpt>
   <trkpt lat="-7.9751720" lon="113.5461380">
    <ele>2154.4</ele>
   </trkpt>
   <trkpt lat="-7.9751800" lon="113.5460980">
    <ele>2155.5</ele>
   </trkpt>
   <trkpt lat="-7.9751950" lon="113.5460630">
    <ele>2155.5</ele>
   </trkpt>
   <trkpt lat="-7.9751970" lon="113.5460350">
    <ele>2155.0</ele>
   </trkpt>
   <trkpt lat="-7.9751950" lon="113.5460020">
    <ele>2154.4</ele>
   </trkpt>
   <trkpt lat="-7.9751950" lon="113.5459730">
    <ele>2153.7</ele>
   </trkpt>
   <trkpt lat="-7.9751980" lon="113.5459400">
    <ele>2153.7</ele>
   </trkpt>
   <trkpt lat="-7.9751970" lon="113.5459120">
    <ele>2153.0</ele>
   </trkpt>
   <trkpt lat="-7.9752080" lon="113.5458820">
    <ele>2152.2</ele>
   </trkpt>
   <trkpt lat="-7.9752130" lon="113.5458470">
    <ele>2152.2</ele>
   </trkpt>
   <trkpt lat="-7.9752120" lon="113.5458130">
    <ele>2151.2</ele>
   </trkpt>
   <trkpt lat="-7.9752180" lon="113.5457670">
    <ele>2151.4</ele>
   </trkpt>
   <trkpt lat="-7.9752280" lon="113.5457220">
    <ele>2150.0</ele>
   </trkpt>
   <trkpt lat="-7.9752370" lon="113.5456780">
    <ele>2148.6</ele>
   </trkpt>
   <trkpt lat="-7.9752470" lon="113.5456400">
    <ele>2147.1</ele>
   </trkpt>
   <trkpt lat="-7.9752530" lon="113.5456080">
    <ele>2145.4</ele>
   </trkpt>
   <trkpt lat="-7.9752620" lon="113.5455800">
    <ele>2145.7</ele>
   </trkpt>
   <trkpt lat="-7.9752920" lon="113.5455670">
    <ele>2145.7</ele>
   </trkpt>
   <trkpt lat="-7.9752870" lon="113.5455280">
    <ele>2144.1</ele>
   </trkpt>
   <trkpt lat="-7.9752950" lon="113.5454950">
    <ele>2142.5</ele>
   </trkpt>
   <trkpt lat="-7.9753530" lon="113.5454750">
    <ele>2146.0</ele>
   </trkpt>
   <trkpt lat="-7.9753930" lon="113.5454720">
    <ele>2147.2</ele>
   </trkpt>
   <trkpt lat="-7.9754180" lon="113.5454480">
    <ele>2145.5</ele>
   </trkpt>
   <trkpt lat="-7.9754530" lon="113.5454350">
    <ele>2146.8</ele>
   </trkpt>
   <trkpt lat="-7.9754830" lon="113.5454320">
    <ele>2148.0</ele>
   </trkpt>
   <trkpt lat="-7.9755050" lon="113.5454150">
    <ele>2146.3</ele>
   </trkpt>
   <trkpt lat="-7.9755180" lon="113.5453850">
    <ele>2147.1</ele>
   </trkpt>
   <trkpt lat="-7.9755380" lon="113.5453600">
    <ele>2145.3</ele>
   </trkpt>
   <trkpt lat="-7.9755650" lon="113.5453470">
    <ele>2145.9</ele>
   </trkpt>
   <trkpt lat="-7.9755900" lon="113.5453330">
    <ele>2145.9</ele>
   </trkpt>
   <trkpt lat="-7.9756250" lon="113.5453150">
    <ele>2144.7</ele>
   </trkpt>
   <trkpt lat="-7.9756520" lon="113.5452950">
    <ele>2145.2</ele>
   </trkpt>
   <trkpt lat="-7.9756870" lon="113.5452770">
    <ele>2144.2</ele>
   </trkpt>
   <trkpt lat="-7.9757050" lon="113.5452500">
    <ele>2144.2</ele>
   </trkpt>
   <trkpt lat="-7.9757300" lon="113.5452150">
    <ele>2143.1</ele>
   </trkpt>
   <trkpt lat="-7.9757500" lon="113.5451830">
    <ele>2141.7</ele>
   </trkpt>
   <trkpt lat="-7.9757770" lon="113.5451600">
    <ele>2140.4</ele>
   </trkpt>
   <trkpt lat="-7.9758130" lon="113.5451350">
    <ele>2140.4</ele>
   </trkpt>
   <trkpt lat="-7.9758430" lon="113.5451150">
    <ele>2139.2</ele>
   </trkpt>
   <trkpt lat="-7.9758650" lon="113.5450950">
    <ele>2139.0</ele>
   </trkpt>
   <trkpt lat="-7.9758850" lon="113.5450530">
    <ele>2137.7</ele>
   </trkpt>
   <trkpt lat="-7.9759070" lon="113.5450280">
    <ele>2136.3</ele>
   </trkpt>
   <trkpt lat="-7.9759300" lon="113.5450100">
    <ele>2136.3</ele>
   </trkpt>
   <trkpt lat="-7.9759600" lon="113.5449920">
    <ele>2136.0</ele>
   </trkpt>
   <trkpt lat="-7.9759870" lon="113.5449700">
    <ele>2134.5</ele>
   </trkpt>
   <trkpt lat="-7.9760200" lon="113.5449530">
    <ele>2134.5</ele>
   </trkpt>
   <trkpt lat="-7.9760480" lon="113.5449330">
    <ele>2133.1</ele>
   </trkpt>
   <trkpt lat="-7.9760770" lon="113.5449180">
    <ele>2132.9</ele>
   </trkpt>
   <trkpt lat="-7.9761070" lon="113.5449050">
    <ele>2132.9</ele>
   </trkpt>
   <trkpt lat="-7.9761280" lon="113.5448870">
    <ele>2131.6</ele>
   </trkpt>
   <trkpt lat="-7.9761630" lon="113.5448680">
    <ele>2131.5</ele>
   </trkpt>
   <trkpt lat="-7.9761880" lon="113.5448550">
    <ele>2130.5</ele>
   </trkpt>
   <trkpt lat="-7.9762220" lon="113.5448430">
    <ele>2130.4</ele>
   </trkpt>
   <trkpt lat="-7.9762570" lon="113.5448270">
    <ele>2130.2</ele>
   </trkpt>
   <trkpt lat="-7.9762920" lon="113.5448080">
    <ele>2128.8</ele>
   </trkpt>
   <trkpt lat="-7.9763230" lon="113.5447930">
    <ele>2128.6</ele>
   </trkpt>
   <trkpt lat="-7.9763550" lon="113.5447750">
    <ele>2128.6</ele>
   </trkpt>
   <trkpt lat="-7.9763780" lon="113.5447600">
    <ele>2127.5</ele>
   </trkpt>
   <trkpt lat="-7.9764030" lon="113.5447370">
    <ele>2127.5</ele>
   </trkpt>
   <trkpt lat="-7.9764320" lon="113.5447200">
    <ele>2126.5</ele>
   </trkpt>
   <trkpt lat="-7.9764600" lon="113.5447100">
    <ele>2126.5</ele>
   </trkpt>
   <trkpt lat="-7.9764880" lon="113.5446920">
    <ele>2126.5</ele>
   </trkpt>
   <trkpt lat="-7.9765170" lon="113.5446780">
    <ele>2125.5</ele>
   </trkpt>
   <trkpt lat="-7.9765550" lon="113.5446670">
    <ele>2125.3</ele>
   </trkpt>
   <trkpt lat="-7.9765780" lon="113.5446470">
    <ele>2125.1</ele>
   </trkpt>
   <trkpt lat="-7.9766120" lon="113.5446470">
    <ele>2125.1</ele>
   </trkpt>
   <trkpt lat="-7.9766520" lon="113.5446500">
    <ele>2124.8</ele>
   </trkpt>
   <trkpt lat="-7.9766830" lon="113.5446520">
    <ele>2124.6</ele>
   </trkpt>
   <trkpt lat="-7.9767200" lon="113.5446500">
    <ele>2124.3</ele>
   </trkpt>
   <trkpt lat="-7.9767570" lon="113.5446430">
    <ele>2122.6</ele>
   </trkpt>
   <trkpt lat="-7.9767920" lon="113.5446280">
    <ele>2122.1</ele>
   </trkpt>
   <trkpt lat="-7.9768180" lon="113.5446180">
    <ele>2122.1</ele>
   </trkpt>
   <trkpt lat="-7.9768450" lon="113.5446030">
    <ele>2121.6</ele>
   </trkpt>
   <trkpt lat="-7.9768750" lon="113.5445920">
    <ele>2119.7</ele>
   </trkpt>
   <trkpt lat="-7.9769050" lon="113.5445800">
    <ele>2119.7</ele>
   </trkpt>
   <trkpt lat="-7.9769400" lon="113.5445670">
    <ele>2119.5</ele>
   </trkpt>
   <trkpt lat="-7.9769750" lon="113.5445530">
    <ele>2117.7</ele>
   </trkpt>
   <trkpt lat="-7.9770220" lon="113.5445520">
    <ele>2117.5</ele>
   </trkpt>
   <trkpt lat="-7.9770570" lon="113.5445620">
    <ele>2118.6</ele>
   </trkpt>
   <trkpt lat="-7.9770880" lon="113.5445680">
    <ele>2118.1</ele>
   </trkpt>
   <trkpt lat="-7.9771180" lon="113.5445620">
    <ele>2118.1</ele>
   </trkpt>
   <trkpt lat="-7.9771480" lon="113.5445450">
    <ele>2116.1</ele>
   </trkpt>
   <trkpt lat="-7.9771750" lon="113.5445180">
    <ele>2115.6</ele>
   </trkpt>
   <trkpt lat="-7.9771930" lon="113.5444980">
    <ele>2114.1</ele>
   </trkpt>
   <trkpt lat="-7.9772230" lon="113.5444750">
    <ele>2113.7</ele>
   </trkpt>
   <trkpt lat="-7.9772480" lon="113.5444550">
    <ele>2112.3</ele>
   </trkpt>
   <trkpt lat="-7.9772570" lon="113.5444270">
    <ele>2110.8</ele>
   </trkpt>
   <trkpt lat="-7.9772620" lon="113.5443880">
    <ele>2110.8</ele>
   </trkpt>
   <trkpt lat="-7.9772700" lon="113.5443580">
    <ele>2109.6</ele>
   </trkpt>
   <trkpt lat="-7.9772880" lon="113.5443200">
    <ele>2108.3</ele>
   </trkpt>
   <trkpt lat="-7.9772980" lon="113.5442920">
    <ele>2106.9</ele>
   </trkpt>
   <trkpt lat="-7.9773100" lon="113.5442620">
    <ele>2106.9</ele>
   </trkpt>
   <trkpt lat="-7.9773250" lon="113.5442280">
    <ele>2105.8</ele>
   </trkpt>
   <trkpt lat="-7.9773400" lon="113.5442000">
    <ele>2104.7</ele>
   </trkpt>
   <trkpt lat="-7.9773500" lon="113.5441730">
    <ele>2103.5</ele>
   </trkpt>
   <trkpt lat="-7.9773650" lon="113.5441420">
    <ele>2103.5</ele>
   </trkpt>
   <trkpt lat="-7.9773780" lon="113.5441080">
    <ele>2102.5</ele>
   </trkpt>
   <trkpt lat="-7.9773870" lon="113.5440730">
    <ele>2101.6</ele>
   </trkpt>
   <trkpt lat="-7.9773980" lon="113.5440480">
    <ele>2101.6</ele>
   </trkpt>
   <trkpt lat="-7.9774050" lon="113.5440130">
    <ele>2100.6</ele>
   </trkpt>
   <trkpt lat="-7.9774180" lon="113.5439850">
    <ele>2099.7</ele>
   </trkpt>
   <trkpt lat="-7.9774280" lon="113.5439450">
    <ele>2098.9</ele>
   </trkpt>
   <trkpt lat="-7.9774370" lon="113.5439050">
    <ele>2097.9</ele>
   </trkpt>
   <trkpt lat="-7.9774470" lon="113.5438680">
    <ele>2096.9</ele>
   </trkpt>
   <trkpt lat="-7.9774550" lon="113.5438350">
    <ele>2096.9</ele>
   </trkpt>
   <trkpt lat="-7.9774630" lon="113.5437950">
    <ele>2095.9</ele>
   </trkpt>
   <trkpt lat="-7.9774800" lon="113.5437680">
    <ele>2095.2</ele>
   </trkpt>
   <trkpt lat="-7.9775070" lon="113.5437470">
    <ele>2095.2</ele>
   </trkpt>
   <trkpt lat="-7.9775220" lon="113.5437180">
    <ele>2094.4</ele>
   </trkpt>
   <trkpt lat="-7.9775370" lon="113.5436870">
    <ele>2092.8</ele>
   </trkpt>
   <trkpt lat="-7.9775680" lon="113.5436670">
    <ele>2093.2</ele>
   </trkpt>
   <trkpt lat="-7.9776000" lon="113.5436470">
    <ele>2092.7</ele>
   </trkpt>
   <trkpt lat="-7.9776250" lon="113.5436230">
    <ele>2092.7</ele>
   </trkpt>
   <trkpt lat="-7.9776550" lon="113.5436000">
    <ele>2092.6</ele>
   </trkpt>
   <trkpt lat="-7.9776820" lon="113.5435850">
    <ele>2093.1</ele>
   </trkpt>
   <trkpt lat="-7.9777000" lon="113.5435580">
    <ele>2092.6</ele>
   </trkpt>
   <trkpt lat="-7.9777050" lon="113.5435220">
    <ele>2092.1</ele>
   </trkpt>
   <trkpt lat="-7.9777170" lon="113.5434950">
    <ele>2092.1</ele>
   </trkpt>
   <trkpt lat="-7.9777350" lon="113.5434730">
    <ele>2092.2</ele>
   </trkpt>
   <trkpt lat="-7.9777530" lon="113.5434420">
    <ele>2092.3</ele>
   </trkpt>
   <trkpt lat="-7.9777730" lon="113.5434150">
    <ele>2093.6</ele>
   </trkpt>
   <trkpt lat="-7.9778000" lon="113.5433930">
    <ele>2093.7</ele>
   </trkpt>
   <trkpt lat="-7.9778270" lon="113.5433750">
    <ele>2095.0</ele>
   </trkpt>
   <trkpt lat="-7.9778530" lon="113.5433550">
    <ele>2095.9</ele>
   </trkpt>
   <trkpt lat="-7.9778830" lon="113.5433380">
    <ele>2096.4</ele>
   </trkpt>
   <trkpt lat="-7.9779050" lon="113.5433200">
    <ele>2097.6</ele>
   </trkpt>
   <trkpt lat="-7.9779220" lon="113.5432950">
    <ele>2097.7</ele>
   </trkpt>
   <trkpt lat="-7.9779370" lon="113.5432670">
    <ele>2098.1</ele>
   </trkpt>
   <trkpt lat="-7.9779650" lon="113.5432120">
    <ele>2098.0</ele>
   </trkpt>
   <trkpt lat="-7.9779770" lon="113.5431780">
    <ele>2098.0</ele>
   </trkpt>
   <trkpt lat="-7.9779930" lon="113.5431570">
    <ele>2099.2</ele>
   </trkpt>
   <trkpt lat="-7.9780170" lon="113.5431170">
    <ele>2099.1</ele>
   </trkpt>
   <trkpt lat="-7.9780250" lon="113.5430880">
    <ele>2099.8</ele>
   </trkpt>
   <trkpt lat="-7.9780270" lon="113.5430570">
    <ele>2099.6</ele>
   </trkpt>
   <trkpt lat="-7.9780350" lon="113.5430280">
    <ele>2100.2</ele>
   </trkpt>
   <trkpt lat="-7.9780500" lon="113.5429850">
    <ele>2100.0</ele>
   </trkpt>
   <trkpt lat="-7.9780680" lon="113.5429520">
    <ele>2100.4</ele>
   </trkpt>
   <trkpt lat="-7.9780850" lon="113.5429230">
    <ele>2100.3</ele>
   </trkpt>
   <trkpt lat="-7.9781100" lon="113.5428880">
    <ele>2101.4</ele>
   </trkpt>
   <trkpt lat="-7.9781320" lon="113.5428670">
    <ele>2101.2</ele>
   </trkpt>
   <trkpt lat="-7.9781470" lon="113.5428320">
    <ele>2101.0</ele>
   </trkpt>
   <trkpt lat="-7.9781570" lon="113.5427930">
    <ele>2101.4</ele>
   </trkpt>
   <trkpt lat="-7.9781730" lon="113.5427650">
    <ele>2101.9</ele>
   </trkpt>
   <trkpt lat="-7.9781820" lon="113.5427380">
    <ele>2101.7</ele>
   </trkpt>
   <trkpt lat="-7.9781920" lon="113.5426970">
    <ele>2102.1</ele>
   </trkpt>
   <trkpt lat="-7.9782030" lon="113.5426700">
    <ele>2101.9</ele>
   </trkpt>
   <trkpt lat="-7.9782230" lon="113.5426380">
    <ele>2102.4</ele>
   </trkpt>
   <trkpt lat="-7.9782280" lon="113.5426070">
    <ele>2102.3</ele>
   </trkpt>
   <trkpt lat="-7.9782270" lon="113.5425680">
    <ele>2101.9</ele>
   </trkpt>
   <trkpt lat="-7.9782350" lon="113.5425270">
    <ele>2101.8</ele>
   </trkpt>
   <trkpt lat="-7.9782320" lon="113.5424780">
    <ele>2101.0</ele>
   </trkpt>
   <trkpt lat="-7.9782250" lon="113.5424470">
    <ele>2100.6</ele>
   </trkpt>
   <trkpt lat="-7.9782230" lon="113.5424020">
    <ele>2100.0</ele>
   </trkpt>
   <trkpt lat="-7.9782250" lon="113.5423650">
    <ele>2099.4</ele>
   </trkpt>
   <trkpt lat="-7.9782200" lon="113.5423170">
    <ele>2098.8</ele>
   </trkpt>
   <trkpt lat="-7.9782200" lon="113.5422680">
    <ele>2098.1</ele>
   </trkpt>
   <trkpt lat="-7.9782200" lon="113.5422200">
    <ele>2097.6</ele>
   </trkpt>
   <trkpt lat="-7.9782230" lon="113.5421820">
    <ele>2097.2</ele>
   </trkpt>
   <trkpt lat="-7.9782220" lon="113.5421500">
    <ele>2096.8</ele>
   </trkpt>
   <trkpt lat="-7.9782150" lon="113.5421180">
    <ele>2097.4</ele>
   </trkpt>
   <trkpt lat="-7.9782420" lon="113.5420930">
    <ele>2097.1</ele>
   </trkpt>
   <trkpt lat="-7.9782770" lon="113.5420830">
    <ele>2097.7</ele>
   </trkpt>
   <trkpt lat="-7.9783020" lon="113.5420500">
    <ele>2097.2</ele>
   </trkpt>
   <trkpt lat="-7.9783250" lon="113.5420200">
    <ele>2096.8</ele>
   </trkpt>
   <trkpt lat="-7.9783430" lon="113.5419930">
    <ele>2097.4</ele>
   </trkpt>
   <trkpt lat="-7.9783570" lon="113.5419620">
    <ele>2096.9</ele>
   </trkpt>
   <trkpt lat="-7.9783780" lon="113.5419400">
    <ele>2096.5</ele>
   </trkpt>
   <trkpt lat="-7.9783800" lon="113.5419000">
    <ele>2097.1</ele>
   </trkpt>
   <trkpt lat="-7.9783850" lon="113.5418650">
    <ele>2096.7</ele>
   </trkpt>
   <trkpt lat="-7.9783770" lon="113.5418350">
    <ele>2096.2</ele>
   </trkpt>
   <trkpt lat="-7.9783630" lon="113.5417970">
    <ele>2095.8</ele>
   </trkpt>
   <trkpt lat="-7.9783750" lon="113.5417650">
    <ele>2095.4</ele>
   </trkpt>
   <trkpt lat="-7.9783980" lon="113.5417150">
    <ele>2095.2</ele>
   </trkpt>
   <trkpt lat="-7.9784080" lon="113.5416880">
    <ele>2096.0</ele>
   </trkpt>
   <trkpt lat="-7.9784480" lon="113.5416050">
    <ele>2095.6</ele>
   </trkpt>
   <trkpt lat="-7.9784580" lon="113.5415770">
    <ele>2095.6</ele>
   </trkpt>
   <trkpt lat="-7.9784750" lon="113.5415520">
    <ele>2095.6</ele>
   </trkpt>
   <trkpt lat="-7.9784520" lon="113.5415020">
    <ele>2095.7</ele>
   </trkpt>
   <trkpt lat="-7.9784400" lon="113.5414700">
    <ele>2096.3</ele>
   </trkpt>
   <trkpt lat="-7.9784380" lon="113.5414400">
    <ele>2096.4</ele>
   </trkpt>
   <trkpt lat="-7.9784550" lon="113.5414080">
    <ele>2096.4</ele>
   </trkpt>
   <trkpt lat="-7.9784700" lon="113.5413780">
    <ele>2096.2</ele>
   </trkpt>
   <trkpt lat="-7.9784800" lon="113.5413220">
    <ele>2096.0</ele>
   </trkpt>
   <trkpt lat="-7.9784880" lon="113.5412780">
    <ele>2096.1</ele>
   </trkpt>
   <trkpt lat="-7.9784970" lon="113.5412350">
    <ele>2096.0</ele>
   </trkpt>
   <trkpt lat="-7.9785020" lon="113.5411880">
    <ele>2095.9</ele>
   </trkpt>
   <trkpt lat="-7.9785030" lon="113.5411600">
    <ele>2095.9</ele>
   </trkpt>
   <trkpt lat="-7.9785170" lon="113.5411220">
    <ele>2095.9</ele>
   </trkpt>
   <trkpt lat="-7.9785420" lon="113.5410970">
    <ele>2097.1</ele>
   </trkpt>
   <trkpt lat="-7.9785230" lon="113.5410480">
    <ele>2096.4</ele>
   </trkpt>
   <trkpt lat="-7.9784970" lon="113.5410350">
    <ele>2096.5</ele>
   </trkpt>
   <trkpt lat="-7.9784620" lon="113.5409870">
    <ele>2095.8</ele>
   </trkpt>
   <trkpt lat="-7.9784750" lon="113.5409320">
    <ele>2095.9</ele>
   </trkpt>
   <trkpt lat="-7.9784920" lon="113.5409030">
    <ele>2096.7</ele>
   </trkpt>
   <trkpt lat="-7.9784780" lon="113.5408480">
    <ele>2096.0</ele>
   </trkpt>
   <trkpt lat="-7.9784600" lon="113.5408270">
    <ele>2096.5</ele>
   </trkpt>
   <trkpt lat="-7.9784650" lon="113.5407900">
    <ele>2096.5</ele>
   </trkpt>
   <trkpt lat="-7.9784650" lon="113.5407600">
    <ele>2096.5</ele>
   </trkpt>
   <trkpt lat="-7.9784230" lon="113.5406920">
    <ele>2095.3</ele>
   </trkpt>
   <trkpt lat="-7.9784430" lon="113.5406380">
    <ele>2095.1</ele>
   </trkpt>
   <trkpt lat="-7.9784130" lon="113.5405900">
    <ele>2095.0</ele>
   </trkpt>
   <trkpt lat="-7.9783900" lon="113.5405550">
    <ele>2094.4</ele>
   </trkpt>
   <trkpt lat="-7.9783720" lon="113.5405250">
    <ele>2094.4</ele>
   </trkpt>
   <trkpt lat="-7.9783550" lon="113.5405000">
    <ele>2094.7</ele>
   </trkpt>
   <trkpt lat="-7.9783520" lon="113.5404650">
    <ele>2094.8</ele>
   </trkpt>
   <trkpt lat="-7.9783430" lon="113.5404170">
    <ele>2094.9</ele>
   </trkpt>
   <trkpt lat="-7.9783300" lon="113.5403730">
    <ele>2094.9</ele>
   </trkpt>
   <trkpt lat="-7.9783300" lon="113.5403420">
    <ele>2095.0</ele>
   </trkpt>
   <trkpt lat="-7.9783170" lon="113.5403170">
    <ele>2095.4</ele>
   </trkpt>
   <trkpt lat="-7.9782830" lon="113.5402970">
    <ele>2095.4</ele>
   </trkpt>
   <trkpt lat="-7.9782680" lon="113.5402670">
    <ele>2095.2</ele>
   </trkpt>
   <trkpt lat="-7.9782780" lon="113.5402330">
    <ele>2096.1</ele>
   </trkpt>
   <trkpt lat="-7.9782880" lon="113.5401900">
    <ele>2096.2</ele>
   </trkpt>
   <trkpt lat="-7.9782950" lon="113.5401600">
    <ele>2096.3</ele>
   </trkpt>
   <trkpt lat="-7.9782800" lon="113.5401270">
    <ele>2096.5</ele>
   </trkpt>
   <trkpt lat="-7.9782650" lon="113.5401030">
    <ele>2097.0</ele>
   </trkpt>
   <trkpt lat="-7.9782350" lon="113.5400800">
    <ele>2097.3</ele>
   </trkpt>
   <trkpt lat="-7.9781970" lon="113.5400750">
    <ele>2097.5</ele>
   </trkpt>
   <trkpt lat="-7.9781630" lon="113.5400550">
    <ele>2097.7</ele>
   </trkpt>
   <trkpt lat="-7.9781370" lon="113.5400350">
    <ele>2097.3</ele>
   </trkpt>
   <trkpt lat="-7.9781170" lon="113.5400050">
    <ele>2097.6</ele>
   </trkpt>
   <trkpt lat="-7.9780950" lon="113.5399530">
    <ele>2097.8</ele>
   </trkpt>
   <trkpt lat="-7.9780680" lon="113.5399170">
    <ele>2098.3</ele>
   </trkpt>
   <trkpt lat="-7.9780350" lon="113.5399070">
    <ele>2098.0</ele>
   </trkpt>
   <trkpt lat="-7.9780070" lon="113.5398900">
    <ele>2097.4</ele>
   </trkpt>
   <trkpt lat="-7.9779730" lon="113.5398730">
    <ele>2097.5</ele>
   </trkpt>
   <trkpt lat="-7.9779520" lon="113.5398550">
    <ele>2097.5</ele>
   </trkpt>
   <trkpt lat="-7.9779330" lon="113.5398300">
    <ele>2097.1</ele>
   </trkpt>
   <trkpt lat="-7.9779080" lon="113.5398050">
    <ele>2097.1</ele>
   </trkpt>
   <trkpt lat="-7.9778770" lon="113.5397820">
    <ele>2096.3</ele>
   </trkpt>
   <trkpt lat="-7.9778600" lon="113.5397600">
    <ele>2096.3</ele>
   </trkpt>
   <trkpt lat="-7.9778430" lon="113.5397370">
    <ele>2095.5</ele>
   </trkpt>
   <trkpt lat="-7.9778170" lon="113.5397150">
    <ele>2095.5</ele>
   </trkpt>
   <trkpt lat="-7.9777950" lon="113.5396850">
    <ele>2094.8</ele>
   </trkpt>
   <trkpt lat="-7.9777720" lon="113.5396320">
    <ele>2093.9</ele>
   </trkpt>
   <trkpt lat="-7.9777450" lon="113.5395930">
    <ele>2091.9</ele>
   </trkpt>
   <trkpt lat="-7.9777250" lon="113.5395500">
    <ele>2090.4</ele>
   </trkpt>
   <trkpt lat="-7.9776980" lon="113.5395220">
    <ele>2088.4</ele>
   </trkpt>
   <trkpt lat="-7.9776770" lon="113.5395050">
    <ele>2087.8</ele>
   </trkpt>
   <trkpt lat="-7.9776550" lon="113.5394850">
    <ele>2086.6</ele>
   </trkpt>
   <trkpt lat="-7.9776280" lon="113.5394500">
    <ele>2085.0</ele>
   </trkpt>
   <trkpt lat="-7.9776120" lon="113.5394250">
    <ele>2085.0</ele>
   </trkpt>
   <trkpt lat="-7.9775830" lon="113.5393980">
    <ele>2083.6</ele>
   </trkpt>
   <trkpt lat="-7.9775680" lon="113.5393700">
    <ele>2083.6</ele>
   </trkpt>
   <trkpt lat="-7.9775500" lon="113.5393430">
    <ele>2082.4</ele>
   </trkpt>
   <trkpt lat="-7.9775220" lon="113.5393200">
    <ele>2081.6</ele>
   </trkpt>
   <trkpt lat="-7.9774970" lon="113.5392920">
    <ele>2081.5</ele>
   </trkpt>
   <trkpt lat="-7.9774720" lon="113.5392680">
    <ele>2080.7</ele>
   </trkpt>
   <trkpt lat="-7.9774350" lon="113.5392280">
    <ele>2079.7</ele>
   </trkpt>
   <trkpt lat="-7.9774080" lon="113.5392030">
    <ele>2079.5</ele>
   </trkpt>
   <trkpt lat="-7.9773830" lon="113.5391720">
    <ele>2078.6</ele>
   </trkpt>
   <trkpt lat="-7.9773570" lon="113.5391480">
    <ele>2076.9</ele>
   </trkpt>
   <trkpt lat="-7.9773300" lon="113.5391380">
    <ele>2076.5</ele>
   </trkpt>
   <trkpt lat="-7.9773030" lon="113.5391320">
    <ele>2076.5</ele>
   </trkpt>
   <trkpt lat="-7.9772580" lon="113.5391250">
    <ele>2076.0</ele>
   </trkpt>
   <trkpt lat="-7.9772120" lon="113.5391150">
    <ele>2074.9</ele>
   </trkpt>
   <trkpt lat="-7.9771900" lon="113.5390980">
    <ele>2073.8</ele>
   </trkpt>
   <trkpt lat="-7.9771720" lon="113.5390650">
    <ele>2072.7</ele>
   </trkpt>
   <trkpt lat="-7.9771570" lon="113.5390280">
    <ele>2072.5</ele>
   </trkpt>
   <trkpt lat="-7.9771380" lon="113.5390000">
    <ele>2071.7</ele>
   </trkpt>
   <trkpt lat="-7.9771170" lon="113.5389770">
    <ele>2071.2</ele>
   </trkpt>
   <trkpt lat="-7.9770980" lon="113.5389570">
    <ele>2071.2</ele>
   </trkpt>
   <trkpt lat="-7.9770780" lon="113.5389280">
    <ele>2071.0</ele>
   </trkpt>
   <trkpt lat="-7.9770570" lon="113.5389100">
    <ele>2071.0</ele>
   </trkpt>
   <trkpt lat="-7.9770280" lon="113.5388650">
    <ele>2070.8</ele>
   </trkpt>
   <trkpt lat="-7.9770130" lon="113.5388330">
    <ele>2070.3</ele>
   </trkpt>
   <trkpt lat="-7.9769950" lon="113.5388050">
    <ele>2069.6</ele>
   </trkpt>
   <trkpt lat="-7.9769750" lon="113.5387620">
    <ele>2068.1</ele>
   </trkpt>
   <trkpt lat="-7.9769550" lon="113.5387320">
    <ele>2068.3</ele>
   </trkpt>
   <trkpt lat="-7.9769300" lon="113.5386930">
    <ele>2066.8</ele>
   </trkpt>
   <trkpt lat="-7.9769170" lon="113.5386670">
    <ele>2065.3</ele>
   </trkpt>
   <trkpt lat="-7.9768850" lon="113.5386600">
    <ele>2065.6</ele>
   </trkpt>
   <trkpt lat="-7.9768550" lon="113.5386370">
    <ele>2064.1</ele>
   </trkpt>
   <trkpt lat="-7.9768380" lon="113.5386000">
    <ele>2064.1</ele>
   </trkpt>
   <trkpt lat="-7.9768270" lon="113.5385730">
    <ele>2062.8</ele>
   </trkpt>
   <trkpt lat="-7.9767980" lon="113.5385380">
    <ele>2061.5</ele>
   </trkpt>
   <trkpt lat="-7.9767780" lon="113.5385150">
    <ele>2061.8</ele>
   </trkpt>
   <trkpt lat="-7.9767600" lon="113.5384870">
    <ele>2060.7</ele>
   </trkpt>
   <trkpt lat="-7.9767470" lon="113.5384600">
    <ele>2059.6</ele>
   </trkpt>
   <trkpt lat="-7.9767230" lon="113.5384380">
    <ele>2060.2</ele>
   </trkpt>
   <trkpt lat="-7.9767000" lon="113.5384180">
    <ele>2059.4</ele>
   </trkpt>
   <trkpt lat="-7.9766720" lon="113.5384050">
    <ele>2059.4</ele>
   </trkpt>
   <trkpt lat="-7.9766380" lon="113.5383950">
    <ele>2059.0</ele>
   </trkpt>
   <trkpt lat="-7.9766080" lon="113.5383830">
    <ele>2058.7</ele>
   </trkpt>
   <trkpt lat="-7.9765770" lon="113.5383700">
    <ele>2058.0</ele>
   </trkpt>
   <trkpt lat="-7.9765470" lon="113.5383650">
    <ele>2057.9</ele>
   </trkpt>
   <trkpt lat="-7.9765050" lon="113.5383550">
    <ele>2057.4</ele>
   </trkpt>
   <trkpt lat="-7.9764700" lon="113.5383320">
    <ele>2056.4</ele>
   </trkpt>
   <trkpt lat="-7.9764480" lon="113.5383050">
    <ele>2056.4</ele>
   </trkpt>
   <trkpt lat="-7.9764230" lon="113.5382720">
    <ele>2055.6</ele>
   </trkpt>
   <trkpt lat="-7.9763900" lon="113.5382520">
    <ele>2055.2</ele>
   </trkpt>
   <trkpt lat="-7.9763750" lon="113.5382200">
    <ele>2055.1</ele>
   </trkpt>
   <trkpt lat="-7.9763680" lon="113.5381930">
    <ele>2055.0</ele>
   </trkpt>
   <trkpt lat="-7.9763520" lon="113.5381570">
    <ele>2054.7</ele>
   </trkpt>
   <trkpt lat="-7.9763400" lon="113.5381280">
    <ele>2054.7</ele>
   </trkpt>
   <trkpt lat="-7.9763270" lon="113.5381000">
    <ele>2054.3</ele>
   </trkpt>
   <trkpt lat="-7.9763020" lon="113.5380830">
    <ele>2053.6</ele>
   </trkpt>
   <trkpt lat="-7.9762720" lon="113.5380950">
    <ele>2053.0</ele>
   </trkpt>
   <trkpt lat="-7.9762300" lon="113.5381120">
    <ele>2052.3</ele>
   </trkpt>
   <trkpt lat="-7.9762070" lon="113.5381320">
    <ele>2052.2</ele>
   </trkpt>
   <trkpt lat="-7.9761800" lon="113.5381530">
    <ele>2051.3</ele>
   </trkpt>
   <trkpt lat="-7.9761330" lon="113.5381580">
    <ele>2050.4</ele>
   </trkpt>
   <trkpt lat="-7.9761000" lon="113.5381320">
    <ele>2049.4</ele>
   </trkpt>
   <trkpt lat="-7.9760770" lon="113.5381100">
    <ele>2049.5</ele>
   </trkpt>
   <trkpt lat="-7.9760100" lon="113.5380570">
    <ele>2047.5</ele>
   </trkpt>
   <trkpt lat="-7.9759680" lon="113.5380330">
    <ele>2046.2</ele>
   </trkpt>
   <trkpt lat="-7.9759350" lon="113.5380170">
    <ele>2045.0</ele>
   </trkpt>
   <trkpt lat="-7.9759130" lon="113.5380000">
    <ele>2045.0</ele>
   </trkpt>
   <trkpt lat="-7.9758820" lon="113.5379680">
    <ele>2043.7</ele>
   </trkpt>
   <trkpt lat="-7.9758580" lon="113.5379470">
    <ele>2043.6</ele>
   </trkpt>
   <trkpt lat="-7.9758430" lon="113.5379220">
    <ele>2042.3</ele>
   </trkpt>
   <trkpt lat="-7.9758250" lon="113.5378870">
    <ele>2042.1</ele>
   </trkpt>
   <trkpt lat="-7.9758080" lon="113.5378570">
    <ele>2040.7</ele>
   </trkpt>
   <trkpt lat="-7.9757980" lon="113.5378180">
    <ele>2040.6</ele>
   </trkpt>
   <trkpt lat="-7.9758000" lon="113.5377830">
    <ele>2040.6</ele>
   </trkpt>
   <trkpt lat="-7.9757880" lon="113.5377580">
    <ele>2040.3</ele>
   </trkpt>
   <trkpt lat="-7.9757570" lon="113.5377300">
    <ele>2038.9</ele>
   </trkpt>
   <trkpt lat="-7.9757380" lon="113.5376920">
    <ele>2038.5</ele>
   </trkpt>
   <trkpt lat="-7.9757200" lon="113.5376480">
    <ele>2037.5</ele>
   </trkpt>
   <trkpt lat="-7.9757150" lon="113.5376180">
    <ele>2037.5</ele>
   </trkpt>
   <trkpt lat="-7.9757100" lon="113.5375900">
    <ele>2037.2</ele>
   </trkpt>
   <trkpt lat="-7.9757030" lon="113.5375550">
    <ele>2036.8</ele>
   </trkpt>
   <trkpt lat="-7.9756930" lon="113.5375200">
    <ele>2036.5</ele>
   </trkpt>
   <trkpt lat="-7.9756830" lon="113.5374800">
    <ele>2036.5</ele>
   </trkpt>
   <trkpt lat="-7.9756700" lon="113.5374380">
    <ele>2036.1</ele>
   </trkpt>
   <trkpt lat="-7.9756500" lon="113.5374030">
    <ele>2035.9</ele>
   </trkpt>
   <trkpt lat="-7.9756330" lon="113.5373630">
    <ele>2035.8</ele>
   </trkpt>
   <trkpt lat="-7.9756170" lon="113.5373330">
    <ele>2035.6</ele>
   </trkpt>
   <trkpt lat="-7.9755970" lon="113.5372850">
    <ele>2035.7</ele>
   </trkpt>
   <trkpt lat="-7.9755780" lon="113.5372470">
    <ele>2035.6</ele>
   </trkpt>
   <trkpt lat="-7.9755570" lon="113.5372100">
    <ele>2035.5</ele>
   </trkpt>
   <trkpt lat="-7.9755230" lon="113.5371730">
    <ele>2036.2</ele>
   </trkpt>
   <trkpt lat="-7.9755150" lon="113.5371320">
    <ele>2036.3</ele>
   </trkpt>
   <trkpt lat="-7.9755120" lon="113.5371030">
    <ele>2036.8</ele>
   </trkpt>
   <trkpt lat="-7.9755000" lon="113.5370730">
    <ele>2036.8</ele>
   </trkpt>
   <trkpt lat="-7.9754900" lon="113.5370430">
    <ele>2036.6</ele>
   </trkpt>
   <trkpt lat="-7.9754780" lon="113.5370030">
    <ele>2036.4</ele>
   </trkpt>
   <trkpt lat="-7.9754650" lon="113.5369730">
    <ele>2036.3</ele>
   </trkpt>
   <trkpt lat="-7.9754430" lon="113.5369550">
    <ele>2036.1</ele>
   </trkpt>
   <trkpt lat="-7.9754180" lon="113.5369280">
    <ele>2036.1</ele>
   </trkpt>
   <trkpt lat="-7.9753920" lon="113.5369000">
    <ele>2035.7</ele>
   </trkpt>
   <trkpt lat="-7.9753650" lon="113.5368700">
    <ele>2035.2</ele>
   </trkpt>
   <trkpt lat="-7.9753380" lon="113.5368480">
    <ele>2035.1</ele>
   </trkpt>
   <trkpt lat="-7.9753150" lon="113.5368200">
    <ele>2034.7</ele>
   </trkpt>
   <trkpt lat="-7.9752970" lon="113.5368000">
    <ele>2034.3</ele>
   </trkpt>
   <trkpt lat="-7.9752770" lon="113.5367720">
    <ele>2033.9</ele>
   </trkpt>
   <trkpt lat="-7.9752600" lon="113.5367450">
    <ele>2033.4</ele>
   </trkpt>
   <trkpt lat="-7.9752430" lon="113.5367220">
    <ele>2033.2</ele>
   </trkpt>
   <trkpt lat="-7.9752280" lon="113.5366930">
    <ele>2032.6</ele>
   </trkpt>
   <trkpt lat="-7.9752030" lon="113.5366720">
    <ele>2032.4</ele>
   </trkpt>
   <trkpt lat="-7.9751800" lon="113.5366550">
    <ele>2031.9</ele>
   </trkpt>
   <trkpt lat="-7.9751430" lon="113.5366270">
    <ele>2031.5</ele>
   </trkpt>
   <trkpt lat="-7.9751080" lon="113.5366030">
    <ele>2030.5</ele>
   </trkpt>
   <trkpt lat="-7.9750800" lon="113.5365820">
    <ele>2029.9</ele>
   </trkpt>
   <trkpt lat="-7.9750550" lon="113.5365630">
    <ele>2029.7</ele>
   </trkpt>
   <trkpt lat="-7.9750230" lon="113.5365450">
    <ele>2029.3</ele>
   </trkpt>
   <trkpt lat="-7.9749700" lon="113.5365050">
    <ele>2028.8</ele>
   </trkpt>
   <trkpt lat="-7.9749470" lon="113.5364830">
    <ele>2028.6</ele>
   </trkpt>
   <trkpt lat="-7.9749240" lon="113.5364610">
    <ele>2028.6</ele>
   </trkpt>
   <trkpt lat="-7.9749020" lon="113.5364380">
    <ele>2028.7</ele>
   </trkpt>
   <trkpt lat="-7.9748790" lon="113.5364160">
    <ele>2028.7</ele>
   </trkpt>
   <trkpt lat="-7.9748560" lon="113.5363940">
    <ele>2029.2</ele>
   </trkpt>
   <trkpt lat="-7.9748330" lon="113.5363720">
    <ele>2029.2</ele>
   </trkpt>
   <trkpt lat="-7.9748100" lon="113.5363500">
    <ele>2029.7</ele>
   </trkpt>
   <trkpt lat="-7.9747770" lon="113.5363230">
    <ele>2029.8</ele>
   </trkpt>
   <trkpt lat="-7.9747530" lon="113.5363000">
    <ele>2030.4</ele>
   </trkpt>
   <trkpt lat="-7.9747350" lon="113.5362780">
    <ele>2030.5</ele>
   </trkpt>
   <trkpt lat="-7.9747180" lon="113.5362550">
    <ele>2031.2</ele>
   </trkpt>
   <trkpt lat="-7.9747000" lon="113.5362350">
    <ele>2031.4</ele>
   </trkpt>
   <trkpt lat="-7.9746800" lon="113.5362020">
    <ele>2031.9</ele>
   </trkpt>
   <trkpt lat="-7.9746630" lon="113.5361720">
    <ele>2032.2</ele>
   </trkpt>
   <trkpt lat="-7.9746380" lon="113.5361480">
    <ele>2032.5</ele>
   </trkpt>
   <trkpt lat="-7.9746170" lon="113.5361200">
    <ele>2032.1</ele>
   </trkpt>
   <trkpt lat="-7.9745920" lon="113.5360900">
    <ele>2032.2</ele>
   </trkpt>
   <trkpt lat="-7.9745670" lon="113.5360650">
    <ele>2031.8</ele>
   </trkpt>
   <trkpt lat="-7.9745500" lon="113.5360400">
    <ele>2031.7</ele>
   </trkpt>
   <trkpt lat="-7.9745280" lon="113.5360230">
    <ele>2031.2</ele>
   </trkpt>
   <trkpt lat="-7.9744950" lon="113.5359970">
    <ele>2030.9</ele>
   </trkpt>
   <trkpt lat="-7.9744750" lon="113.5359770">
    <ele>2030.2</ele>
   </trkpt>
   <trkpt lat="-7.9744520" lon="113.5359520">
    <ele>2030.0</ele>
   </trkpt>
   <trkpt lat="-7.9744220" lon="113.5359080">
    <ele>2028.7</ele>
   </trkpt>
   <trkpt lat="-7.9744000" lon="113.5358730">
    <ele>2027.5</ele>
   </trkpt>
   <trkpt lat="-7.9743920" lon="113.5358320">
    <ele>2026.9</ele>
   </trkpt>
   <trkpt lat="-7.9743830" lon="113.5357920">
    <ele>2026.3</ele>
   </trkpt>
   <trkpt lat="-7.9743700" lon="113.5357500">
    <ele>2025.8</ele>
   </trkpt>
   <trkpt lat="-7.9743650" lon="113.5357100">
    <ele>2025.0</ele>
   </trkpt>
   <trkpt lat="-7.9743570" lon="113.5356670">
    <ele>2024.4</ele>
   </trkpt>
   <trkpt lat="-7.9743500" lon="113.5356220">
    <ele>2023.9</ele>
   </trkpt>
   <trkpt lat="-7.9743450" lon="113.5355880">
    <ele>2023.4</ele>
   </trkpt>
   <trkpt lat="-7.9743470" lon="113.5355570">
    <ele>2023.4</ele>
   </trkpt>
   <trkpt lat="-7.9743420" lon="113.5355180">
    <ele>2022.9</ele>
   </trkpt>
   <trkpt lat="-7.9743300" lon="113.5354880">
    <ele>2022.8</ele>
   </trkpt>
   <trkpt lat="-7.9743180" lon="113.5354430">
    <ele>2023.0</ele>
   </trkpt>
   <trkpt lat="-7.9743120" lon="113.5353980">
    <ele>2023.0</ele>
   </trkpt>
   <trkpt lat="-7.9742930" lon="113.5353530">
    <ele>2022.8</ele>
   </trkpt>
   <trkpt lat="-7.9742750" lon="113.5353050">
    <ele>2022.6</ele>
   </trkpt>
   <trkpt lat="-7.9742570" lon="113.5352530">
    <ele>2022.2</ele>
   </trkpt>
   <trkpt lat="-7.9742420" lon="113.5352270">
    <ele>2021.9</ele>
   </trkpt>
   <trkpt lat="-7.9742420" lon="113.5351980">
    <ele>2021.5</ele>
   </trkpt>
   <trkpt lat="-7.9742280" lon="113.5351700">
    <ele>2022.0</ele>
   </trkpt>
   <trkpt lat="-7.9742130" lon="113.5351450">
    <ele>2021.7</ele>
   </trkpt>
   <trkpt lat="-7.9741970" lon="113.5351170">
    <ele>2021.3</ele>
   </trkpt>
   <trkpt lat="-7.9741820" lon="113.5350850">
    <ele>2022.0</ele>
   </trkpt>
   <trkpt lat="-7.9741620" lon="113.5350500">
    <ele>2021.7</ele>
   </trkpt>
   <trkpt lat="-7.9741500" lon="113.5350150">
    <ele>2021.7</ele>
   </trkpt>
   <trkpt lat="-7.9741500" lon="113.5349780">
    <ele>2021.5</ele>
   </trkpt>
   <trkpt lat="-7.9741500" lon="113.5349320">
    <ele>2021.3</ele>
   </trkpt>
   <trkpt lat="-7.9741550" lon="113.5348930">
    <ele>2020.2</ele>
   </trkpt>
   <trkpt lat="-7.9741480" lon="113.5348670">
    <ele>2021.1</ele>
   </trkpt>
   <trkpt lat="-7.9741430" lon="113.5348230">
    <ele>2020.9</ele>
   </trkpt>
   <trkpt lat="-7.9741450" lon="113.5347870">
    <ele>2020.6</ele>
   </trkpt>
   <trkpt lat="-7.9741480" lon="113.5347450">
    <ele>2020.4</ele>
   </trkpt>
   <trkpt lat="-7.9741400" lon="113.5347080">
    <ele>2020.2</ele>
   </trkpt>
   <trkpt lat="-7.9741400" lon="113.5346730">
    <ele>2020.0</ele>
   </trkpt>
   <trkpt lat="-7.9741370" lon="113.5346350">
    <ele>2019.8</ele>
   </trkpt>
   <trkpt lat="-7.9741380" lon="113.5346050">
    <ele>2019.8</ele>
   </trkpt>
   <trkpt lat="-7.9741420" lon="113.5345700">
    <ele>2019.5</ele>
   </trkpt>
   <trkpt lat="-7.9741500" lon="113.5345330">
    <ele>2019.3</ele>
   </trkpt>
   <trkpt lat="-7.9741570" lon="113.5344980">
    <ele>2017.5</ele>
   </trkpt>
   <trkpt lat="-7.9741600" lon="113.5344430">
    <ele>2016.9</ele>
   </trkpt>
   <trkpt lat="-7.9741570" lon="113.5344020">
    <ele>2016.4</ele>
   </trkpt>
   <trkpt lat="-7.9741550" lon="113.5343670">
    <ele>2015.8</ele>
   </trkpt>
   <trkpt lat="-7.9741530" lon="113.5343300">
    <ele>2015.2</ele>
   </trkpt>
   <trkpt lat="-7.9741520" lon="113.5343020">
    <ele>2015.9</ele>
   </trkpt>
   <trkpt lat="-7.9741500" lon="113.5342620">
    <ele>2015.9</ele>
   </trkpt>
   <trkpt lat="-7.9741550" lon="113.5342330">
    <ele>2013.2</ele>
   </trkpt>
   <trkpt lat="-7.9741650" lon="113.5341950">
    <ele>2012.2</ele>
   </trkpt>
   <trkpt lat="-7.9741730" lon="113.5341580">
    <ele>2011.3</ele>
   </trkpt>
   <trkpt lat="-7.9741770" lon="113.5341150">
    <ele>2010.9</ele>
   </trkpt>
   <trkpt lat="-7.9741880" lon="113.5340850">
    <ele>2010.5</ele>
   </trkpt>
   <trkpt lat="-7.9742080" lon="113.5340530">
    <ele>2008.5</ele>
   </trkpt>
   <trkpt lat="-7.9742280" lon="113.5340300">
    <ele>2008.3</ele>
   </trkpt>
   <trkpt lat="-7.9742370" lon="113.5340020">
    <ele>2008.1</ele>
   </trkpt>
   <trkpt lat="-7.9742470" lon="113.5339520">
    <ele>2006.8</ele>
   </trkpt>
   <trkpt lat="-7.9742600" lon="113.5339120">
    <ele>2007.3</ele>
   </trkpt>
   <trkpt lat="-7.9742770" lon="113.5338850">
    <ele>2007.3</ele>
   </trkpt>
   <trkpt lat="-7.9742980" lon="113.5338650">
    <ele>2006.7</ele>
   </trkpt>
   <trkpt lat="-7.9743080" lon="113.5338280">
    <ele>2007.4</ele>
   </trkpt>
   <trkpt lat="-7.9743180" lon="113.5337880">
    <ele>2007.4</ele>
   </trkpt>
   <trkpt lat="-7.9743320" lon="113.5337470">
    <ele>2007.3</ele>
   </trkpt>
   <trkpt lat="-7.9743530" lon="113.5337080">
    <ele>2008.1</ele>
   </trkpt>
   <trkpt lat="-7.9743600" lon="113.5336630">
    <ele>2009.0</ele>
   </trkpt>
   <trkpt lat="-7.9743650" lon="113.5336150">
    <ele>2009.7</ele>
   </trkpt>
   <trkpt lat="-7.9743680" lon="113.5335630">
    <ele>2009.4</ele>
   </trkpt>
   <trkpt lat="-7.9743750" lon="113.5335200">
    <ele>2009.5</ele>
   </trkpt>
   <trkpt lat="-7.9743850" lon="113.5334780">
    <ele>2009.4</ele>
   </trkpt>
   <trkpt lat="-7.9743920" lon="113.5334520">
    <ele>2009.4</ele>
   </trkpt>
   <trkpt lat="-7.9744000" lon="113.5333920">
    <ele>2008.2</ele>
   </trkpt>
   <trkpt lat="-7.9744050" lon="113.5333620">
    <ele>2008.2</ele>
   </trkpt>
   <trkpt lat="-7.9744080" lon="113.5333330">
    <ele>2007.2</ele>
   </trkpt>
   <trkpt lat="-7.9744120" lon="113.5332780">
    <ele>2006.6</ele>
   </trkpt>
   <trkpt lat="-7.9744130" lon="113.5332500">
    <ele>2006.6</ele>
   </trkpt>
   <trkpt lat="-7.9744170" lon="113.5331920">
    <ele>2006.5</ele>
   </trkpt>
   <trkpt lat="-7.9744170" lon="113.5331600">
    <ele>2006.4</ele>
   </trkpt>
   <trkpt lat="-7.9744170" lon="113.5331320">
    <ele>2006.3</ele>
   </trkpt>
   <trkpt lat="-7.9744130" lon="113.5330750">
    <ele>2006.2</ele>
   </trkpt>
   <trkpt lat="-7.9744130" lon="113.5330230">
    <ele>2006.1</ele>
   </trkpt>
   <trkpt lat="-7.9744120" lon="113.5329820">
    <ele>2006.1</ele>
   </trkpt>
   <trkpt lat="-7.9744180" lon="113.5329480">
    <ele>2005.8</ele>
   </trkpt>
   <trkpt lat="-7.9744300" lon="113.5329180">
    <ele>2005.1</ele>
   </trkpt>
   <trkpt lat="-7.9744400" lon="113.5328850">
    <ele>2004.3</ele>
   </trkpt>
   <trkpt lat="-7.9744500" lon="113.5328450">
    <ele>2004.3</ele>
   </trkpt>
   <trkpt lat="-7.9744670" lon="113.5328080">
    <ele>2003.6</ele>
   </trkpt>
   <trkpt lat="-7.9744750" lon="113.5327780">
    <ele>2002.8</ele>
   </trkpt>
   <trkpt lat="-7.9744850" lon="113.5327470">
    <ele>2002.0</ele>
   </trkpt>
   <trkpt lat="-7.9744930" lon="113.5327180">
    <ele>2001.5</ele>
   </trkpt>
   <trkpt lat="-7.9745000" lon="113.5326800">
    <ele>2000.5</ele>
   </trkpt>
   <trkpt lat="-7.9745000" lon="113.5326520">
    <ele>1999.8</ele>
   </trkpt>
   <trkpt lat="-7.9745080" lon="113.5326170">
    <ele>1998.9</ele>
   </trkpt>
   <trkpt lat="-7.9745200" lon="113.5325780">
    <ele>1997.9</ele>
   </trkpt>
   <trkpt lat="-7.9745280" lon="113.5325480">
    <ele>1997.9</ele>
   </trkpt>
   <trkpt lat="-7.9745350" lon="113.5325130">
    <ele>1997.0</ele>
   </trkpt>
   <trkpt lat="-7.9745370" lon="113.5324680">
    <ele>1995.8</ele>
   </trkpt>
   <trkpt lat="-7.9745470" lon="113.5324280">
    <ele>1994.5</ele>
   </trkpt>
   <trkpt lat="-7.9745530" lon="113.5323920">
    <ele>1993.1</ele>
   </trkpt>
   <trkpt lat="-7.9745500" lon="113.5323620">
    <ele>1991.7</ele>
   </trkpt>
   <trkpt lat="-7.9745430" lon="113.5323270">
    <ele>1990.3</ele>
   </trkpt>
   <trkpt lat="-7.9745420" lon="113.5322980">
    <ele>1990.3</ele>
   </trkpt>
   <trkpt lat="-7.9745450" lon="113.5322700">
    <ele>1988.6</ele>
   </trkpt>
   <trkpt lat="-7.9745580" lon="113.5322330">
    <ele>1986.8</ele>
   </trkpt>
   <trkpt lat="-7.9745820" lon="113.5321870">
    <ele>1985.4</ele>
   </trkpt>
   <trkpt lat="-7.9745970" lon="113.5321520">
    <ele>1983.7</ele>
   </trkpt>
   <trkpt lat="-7.9746120" lon="113.5321230">
    <ele>1983.7</ele>
   </trkpt>
   <trkpt lat="-7.9746200" lon="113.5320830">
    <ele>1981.5</ele>
   </trkpt>
   <trkpt lat="-7.9746370" lon="113.5320480">
    <ele>1979.8</ele>
   </trkpt>
   <trkpt lat="-7.9746480" lon="113.5320130">
    <ele>1977.6</ele>
   </trkpt>
   <trkpt lat="-7.9746720" lon="113.5319780">
    <ele>1975.8</ele>
   </trkpt>
   <trkpt lat="-7.9746980" lon="113.5319450">
    <ele>1975.8</ele>
   </trkpt>
   <trkpt lat="-7.9747270" lon="113.5319430">
    <ele>1976.3</ele>
   </trkpt>
   <trkpt lat="-7.9747600" lon="113.5319400">
    <ele>1974.6</ele>
   </trkpt>
   <trkpt lat="-7.9747930" lon="113.5319200">
    <ele>1975.3</ele>
   </trkpt>
   <trkpt lat="-7.9748130" lon="113.5318980">
    <ele>1973.2</ele>
   </trkpt>
   <trkpt lat="-7.9748400" lon="113.5318720">
    <ele>1973.7</ele>
   </trkpt>
   <trkpt lat="-7.9748700" lon="113.5318480">
    <ele>1971.9</ele>
   </trkpt>
   <trkpt lat="-7.9749020" lon="113.5318380">
    <ele>1972.5</ele>
   </trkpt>
   <trkpt lat="-7.9749350" lon="113.5318330">
    <ele>1973.1</ele>
   </trkpt>
   <trkpt lat="-7.9749650" lon="113.5318100">
    <ele>1972.9</ele>
   </trkpt>
   <trkpt lat="-7.9749920" lon="113.5317980">
    <ele>1972.9</ele>
   </trkpt>
   <trkpt lat="-7.9750270" lon="113.5317930">
    <ele>1973.3</ele>
   </trkpt>
   <trkpt lat="-7.9750530" lon="113.5317750">
    <ele>1973.5</ele>
   </trkpt>
   <trkpt lat="-7.9750850" lon="113.5317520">
    <ele>1972.3</ele>
   </trkpt>
   <trkpt lat="-7.9751170" lon="113.5317350">
    <ele>1972.7</ele>
   </trkpt>
   <trkpt lat="-7.9751500" lon="113.5317270">
    <ele>1972.0</ele>
   </trkpt>
   <trkpt lat="-7.9751800" lon="113.5316970">
    <ele>1972.5</ele>
   </trkpt>
   <trkpt lat="-7.9752070" lon="113.5316780">
    <ele>1971.6</ele>
   </trkpt>
   <trkpt lat="-7.9752430" lon="113.5316630">
    <ele>1972.1</ele>
   </trkpt>
   <trkpt lat="-7.9753150" lon="113.5315920">
    <ele>1972.3</ele>
   </trkpt>
   <trkpt lat="-7.9753530" lon="113.5315780">
    <ele>1972.8</ele>
   </trkpt>
   <trkpt lat="-7.9753820" lon="113.5315900">
    <ele>1972.8</ele>
   </trkpt>
   <trkpt lat="-7.9754130" lon="113.5315780">
    <ele>1973.2</ele>
   </trkpt>
   <trkpt lat="-7.9754280" lon="113.5315550">
    <ele>1973.4</ele>
   </trkpt>
   <trkpt lat="-7.9754580" lon="113.5315430">
    <ele>1973.4</ele>
   </trkpt>
   <trkpt lat="-7.9754870" lon="113.5315420">
    <ele>1973.8</ele>
   </trkpt>
   <trkpt lat="-7.9755180" lon="113.5315320">
    <ele>1974.1</ele>
   </trkpt>
   <trkpt lat="-7.9755480" lon="113.5315380">
    <ele>1974.1</ele>
   </trkpt>
   <trkpt lat="-7.9755820" lon="113.5315320">
    <ele>1974.2</ele>
   </trkpt>
   <trkpt lat="-7.9756120" lon="113.5315150">
    <ele>1974.4</ele>
   </trkpt>
   <trkpt lat="-7.9756300" lon="113.5314930">
    <ele>1974.2</ele>
   </trkpt>
   <trkpt lat="-7.9756670" lon="113.5314820">
    <ele>1974.3</ele>
   </trkpt>
   <trkpt lat="-7.9757050" lon="113.5314850">
    <ele>1974.4</ele>
   </trkpt>
   <trkpt lat="-7.9757350" lon="113.5314820">
    <ele>1974.5</ele>
   </trkpt>
   <trkpt lat="-7.9757700" lon="113.5314680">
    <ele>1974.6</ele>
   </trkpt>
   <trkpt lat="-7.9757930" lon="113.5314530">
    <ele>1974.6</ele>
   </trkpt>
   <trkpt lat="-7.9758170" lon="113.5314380">
    <ele>1974.8</ele>
   </trkpt>
   <trkpt lat="-7.9758500" lon="113.5314280">
    <ele>1974.8</ele>
   </trkpt>
   <trkpt lat="-7.9758850" lon="113.5314280">
    <ele>1974.9</ele>
   </trkpt>
   <trkpt lat="-7.9759130" lon="113.5314180">
    <ele>1975.3</ele>
   </trkpt>
   <trkpt lat="-7.9759320" lon="113.5313870">
    <ele>1975.3</ele>
   </trkpt>
   <trkpt lat="-7.9759680" lon="113.5313680">
    <ele>1975.7</ele>
   </trkpt>
   <trkpt lat="-7.9760050" lon="113.5313500">
    <ele>1975.8</ele>
   </trkpt>
   <trkpt lat="-7.9760350" lon="113.5313450">
    <ele>1976.0</ele>
   </trkpt>
   <trkpt lat="-7.9760650" lon="113.5313300">
    <ele>1976.5</ele>
   </trkpt>
   <trkpt lat="-7.9760820" lon="113.5313020">
    <ele>1976.8</ele>
   </trkpt>
   <trkpt lat="-7.9760920" lon="113.5312730">
    <ele>1977.3</ele>
   </trkpt>
   <trkpt lat="-7.9761130" lon="113.5312520">
    <ele>1977.9</ele>
   </trkpt>
   <trkpt lat="-7.9761330" lon="113.5312250">
    <ele>1977.9</ele>
   </trkpt>
   <trkpt lat="-7.9761580" lon="113.5311900">
    <ele>1978.4</ele>
   </trkpt>
   <trkpt lat="-7.9761750" lon="113.5311630">
    <ele>1978.6</ele>
   </trkpt>
   <trkpt lat="-7.9762080" lon="113.5311600">
    <ele>1978.7</ele>
   </trkpt>
   <trkpt lat="-7.9762530" lon="113.5311580">
    <ele>1978.7</ele>
   </trkpt>
   <trkpt lat="-7.9762900" lon="113.5311520">
    <ele>1978.7</ele>
   </trkpt>
   <trkpt lat="-7.9763220" lon="113.5311420">
    <ele>1978.7</ele>
   </trkpt>
   <trkpt lat="-7.9763400" lon="113.5311200">
    <ele>1978.9</ele>
   </trkpt>
   <trkpt lat="-7.9763580" lon="113.5310870">
    <ele>1978.9</ele>
   </trkpt>
   <trkpt lat="-7.9763800" lon="113.5310570">
    <ele>1978.9</ele>
   </trkpt>
   <trkpt lat="-7.9764020" lon="113.5310380">
    <ele>1978.9</ele>
   </trkpt>
   <trkpt lat="-7.9764330" lon="113.5310080">
    <ele>1978.6</ele>
   </trkpt>
   <trkpt lat="-7.9764650" lon="113.5309920">
    <ele>1978.4</ele>
   </trkpt>
   <trkpt lat="-7.9764830" lon="113.5309680">
    <ele>1978.4</ele>
   </trkpt>
   <trkpt lat="-7.9765130" lon="113.5309530">
    <ele>1978.1</ele>
   </trkpt>
   <trkpt lat="-7.9765380" lon="113.5309370">
    <ele>1978.0</ele>
   </trkpt>
   <trkpt lat="-7.9765650" lon="113.5309300">
    <ele>1978.0</ele>
   </trkpt>
   <trkpt lat="-7.9765730" lon="113.5309000">
    <ele>1978.2</ele>
   </trkpt>
   <trkpt lat="-7.9765920" lon="113.5308730">
    <ele>1978.1</ele>
   </trkpt>
   <trkpt lat="-7.9766200" lon="113.5308630">
    <ele>1978.2</ele>
   </trkpt>
   <trkpt lat="-7.9766420" lon="113.5308380">
    <ele>1978.2</ele>
   </trkpt>
   <trkpt lat="-7.9766700" lon="113.5308070">
    <ele>1978.1</ele>
   </trkpt>
   <trkpt lat="-7.9766920" lon="113.5307770">
    <ele>1978.1</ele>
   </trkpt>
   <trkpt lat="-7.9767220" lon="113.5307600">
    <ele>1978.0</ele>
   </trkpt>
   <trkpt lat="-7.9767450" lon="113.5307300">
    <ele>1977.8</ele>
   </trkpt>
   <trkpt lat="-7.9767750" lon="113.5307100">
    <ele>1977.8</ele>
   </trkpt>
   <trkpt lat="-7.9768120" lon="113.5307100">
    <ele>1977.8</ele>
   </trkpt>
   <trkpt lat="-7.9768530" lon="113.5307150">
    <ele>1977.8</ele>
   </trkpt>
   <trkpt lat="-7.9768830" lon="113.5307130">
    <ele>1977.9</ele>
   </trkpt>
   <trkpt lat="-7.9769330" lon="113.5307370">
    <ele>1978.0</ele>
   </trkpt>
   <trkpt lat="-7.9769620" lon="113.5307520">
    <ele>1978.0</ele>
   </trkpt>
   <trkpt lat="-7.9769900" lon="113.5307630">
    <ele>1978.0</ele>
   </trkpt>
   <trkpt lat="-7.9770220" lon="113.5307650">
    <ele>1978.0</ele>
   </trkpt>
   <trkpt lat="-7.9770480" lon="113.5307700">
    <ele>1978.0</ele>
   </trkpt>
   <trkpt lat="-7.9770820" lon="113.5307750">
    <ele>1978.0</ele>
   </trkpt>
   <trkpt lat="-7.9771070" lon="113.5307600">
    <ele>1978.0</ele>
   </trkpt>
   <trkpt lat="-7.9771350" lon="113.5307350">
    <ele>1978.3</ele>
   </trkpt>
   <trkpt lat="-7.9771530" lon="113.5307130">
    <ele>1978.3</ele>
   </trkpt>
   <trkpt lat="-7.9772250" lon="113.5307030">
    <ele>1978.4</ele>
   </trkpt>
   <trkpt lat="-7.9772700" lon="113.5307080">
    <ele>1978.4</ele>
   </trkpt>
   <trkpt lat="-7.9772970" lon="113.5306950">
    <ele>1979.0</ele>
   </trkpt>
   <trkpt lat="-7.9773300" lon="113.5306870">
    <ele>1979.1</ele>
   </trkpt>
   <trkpt lat="-7.9773700" lon="113.5306950">
    <ele>1979.2</ele>
   </trkpt>
   <trkpt lat="-7.9773970" lon="113.5307030">
    <ele>1978.5</ele>
   </trkpt>
   <trkpt lat="-7.9774270" lon="113.5307080">
    <ele>1978.6</ele>
   </trkpt>
   <trkpt lat="-7.9774470" lon="113.5307320">
    <ele>1978.6</ele>
   </trkpt>
   <trkpt lat="-7.9774730" lon="113.5307500">
    <ele>1977.9</ele>
   </trkpt>
   <trkpt lat="-7.9774930" lon="113.5307270">
    <ele>1978.6</ele>
   </trkpt>
   <trkpt lat="-7.9775320" lon="113.5307380">
    <ele>1978.7</ele>
   </trkpt>
   <trkpt lat="-7.9775700" lon="113.5307550">
    <ele>1978.1</ele>
   </trkpt>
   <trkpt lat="-7.9775970" lon="113.5307600">
    <ele>1978.6</ele>
   </trkpt>
   <trkpt lat="-7.9776270" lon="113.5307630">
    <ele>1978.6</ele>
   </trkpt>
   <trkpt lat="-7.9777120" lon="113.5307590">
    <ele>1979.6</ele>
   </trkpt>
   <trkpt lat="-7.9777650" lon="113.5307530">
    <ele>1979.8</ele>
   </trkpt>
   <trkpt lat="-7.9778170" lon="113.5307470">
    <ele>1979.8</ele>
   </trkpt>
   <trkpt lat="-7.9777900" lon="113.5307250">
    <ele>1980.6</ele>
   </trkpt>
   <trkpt lat="-7.9777970" lon="113.5306930">
    <ele>1981.4</ele>
   </trkpt>
   <trkpt lat="-7.9778270" lon="113.5306820">
    <ele>1981.5</ele>
   </trkpt>
   <trkpt lat="-7.9778550" lon="113.5306770">
    <ele>1981.6</ele>
   </trkpt>
   <trkpt lat="-7.9778650" lon="113.5306470">
    <ele>1982.6</ele>
   </trkpt>
   <trkpt lat="-7.9778820" lon="113.5306250">
    <ele>1982.6</ele>
   </trkpt>
   <trkpt lat="-7.9779170" lon="113.5306080">
    <ele>1983.7</ele>
   </trkpt>
   <trkpt lat="-7.9779500" lon="113.5305930">
    <ele>1983.7</ele>
   </trkpt>
   <trkpt lat="-7.9779780" lon="113.5305750">
    <ele>1983.7</ele>
   </trkpt>
   <trkpt lat="-7.9779970" lon="113.5305500">
    <ele>1984.7</ele>
   </trkpt>
   <trkpt lat="-7.9780220" lon="113.5305380">
    <ele>1984.7</ele>
   </trkpt>
   <trkpt lat="-7.9780500" lon="113.5305480">
    <ele>1984.7</ele>
   </trkpt>
   <trkpt lat="-7.9780720" lon="113.5305970">
    <ele>1983.6</ele>
   </trkpt>
   <trkpt lat="-7.9780880" lon="113.5306200">
    <ele>1982.6</ele>
   </trkpt>
   <trkpt lat="-7.9781180" lon="113.5306250">
    <ele>1982.4</ele>
   </trkpt>
   <trkpt lat="-7.9781430" lon="113.5306130">
    <ele>1982.4</ele>
   </trkpt>
   <trkpt lat="-7.9781630" lon="113.5305930">
    <ele>1983.1</ele>
   </trkpt>
   <trkpt lat="-7.9781750" lon="113.5305680">
    <ele>1984.1</ele>
   </trkpt>
   <trkpt lat="-7.9781980" lon="113.5305450">
    <ele>1983.8</ele>
   </trkpt>
   <trkpt lat="-7.9782180" lon="113.5305200">
    <ele>1984.8</ele>
   </trkpt>
   <trkpt lat="-7.9782300" lon="113.5304930">
    <ele>1984.8</ele>
   </trkpt>
   <trkpt lat="-7.9782270" lon="113.5304650">
    <ele>1985.8</ele>
   </trkpt>
   <trkpt lat="-7.9782070" lon="113.5304430">
    <ele>1985.8</ele>
   </trkpt>
   <trkpt lat="-7.9781870" lon="113.5304170">
    <ele>1987.1</ele>
   </trkpt>
   <trkpt lat="-7.9781720" lon="113.5303900">
    <ele>1987.9</ele>
   </trkpt>
   <trkpt lat="-7.9781580" lon="113.5303650">
    <ele>1987.9</ele>
   </trkpt>
   <trkpt lat="-7.9781480" lon="113.5303270">
    <ele>1988.6</ele>
   </trkpt>
   <trkpt lat="-7.9781480" lon="113.5302950">
    <ele>1989.4</ele>
   </trkpt>
   <trkpt lat="-7.9781620" lon="113.5302580">
    <ele>1990.1</ele>
   </trkpt>
   <trkpt lat="-7.9781680" lon="113.5302270">
    <ele>1990.1</ele>
   </trkpt>
   <trkpt lat="-7.9781920" lon="113.5301730">
    <ele>1990.5</ele>
   </trkpt>
   <trkpt lat="-7.9782030" lon="113.5301470">
    <ele>1990.5</ele>
   </trkpt>
   <trkpt lat="-7.9782220" lon="113.5301230">
    <ele>1990.7</ele>
   </trkpt>
   <trkpt lat="-7.9782720" lon="113.5300730">
    <ele>1990.9</ele>
   </trkpt>
   <trkpt lat="-7.9782980" lon="113.5300450">
    <ele>1990.8</ele>
   </trkpt>
   <trkpt lat="-7.9783220" lon="113.5300220">
    <ele>1990.8</ele>
   </trkpt>
   <trkpt lat="-7.9783420" lon="113.5299930">
    <ele>1990.6</ele>
   </trkpt>
   <trkpt lat="-7.9783670" lon="113.5299670">
    <ele>1990.3</ele>
   </trkpt>
   <trkpt lat="-7.9783950" lon="113.5299430">
    <ele>1990.3</ele>
   </trkpt>
   <trkpt lat="-7.9784430" lon="113.5298900">
    <ele>1990.0</ele>
   </trkpt>
   <trkpt lat="-7.9784580" lon="113.5298650">
    <ele>1989.2</ele>
   </trkpt>
   <trkpt lat="-7.9784770" lon="113.5298430">
    <ele>1989.2</ele>
   </trkpt>
   <trkpt lat="-7.9785020" lon="113.5298070">
    <ele>1988.2</ele>
   </trkpt>
   <trkpt lat="-7.9785450" lon="113.5298020">
    <ele>1987.9</ele>
   </trkpt>
   <trkpt lat="-7.9785750" lon="113.5297950">
    <ele>1987.1</ele>
   </trkpt>
   <trkpt lat="-7.9786100" lon="113.5297900">
    <ele>1987.1</ele>
   </trkpt>
   <trkpt lat="-7.9786300" lon="113.5297720">
    <ele>1987.3</ele>
   </trkpt>
   <trkpt lat="-7.9786670" lon="113.5297700">
    <ele>1987.4</ele>
   </trkpt>
   <trkpt lat="-7.9787080" lon="113.5297680">
    <ele>1987.6</ele>
   </trkpt>
   <trkpt lat="-7.9787380" lon="113.5297680">
    <ele>1987.6</ele>
   </trkpt>
   <trkpt lat="-7.9787670" lon="113.5297820">
    <ele>1987.8</ele>
   </trkpt>
   <trkpt lat="-7.9788100" lon="113.5297750">
    <ele>1987.9</ele>
   </trkpt>
   <trkpt lat="-7.9788420" lon="113.5297770">
    <ele>1988.1</ele>
   </trkpt>
   <trkpt lat="-7.9788750" lon="113.5297750">
    <ele>1988.2</ele>
   </trkpt>
   <trkpt lat="-7.9789100" lon="113.5297930">
    <ele>1988.2</ele>
   </trkpt>
   <trkpt lat="-7.9789380" lon="113.5298050">
    <ele>1988.5</ele>
   </trkpt>
   <trkpt lat="-7.9789720" lon="113.5298050">
    <ele>1988.4</ele>
   </trkpt>
   <trkpt lat="-7.9790270" lon="113.5297900">
    <ele>1988.1</ele>
   </trkpt>
   <trkpt lat="-7.9790500" lon="113.5297750">
    <ele>1988.1</ele>
   </trkpt>
   <trkpt lat="-7.9790820" lon="113.5297670">
    <ele>1988.1</ele>
   </trkpt>
   <trkpt lat="-7.9791080" lon="113.5297530">
    <ele>1988.0</ele>
   </trkpt>
   <trkpt lat="-7.9791370" lon="113.5297220">
    <ele>1988.0</ele>
   </trkpt>
   <trkpt lat="-7.9791700" lon="113.5297120">
    <ele>1988.0</ele>
   </trkpt>
   <trkpt lat="-7.9792020" lon="113.5297020">
    <ele>1987.8</ele>
   </trkpt>
   <trkpt lat="-7.9792350" lon="113.5296980">
    <ele>1987.8</ele>
   </trkpt>
   <trkpt lat="-7.9792850" lon="113.5297070">
    <ele>1987.8</ele>
   </trkpt>
   <trkpt lat="-7.9793170" lon="113.5297070">
    <ele>1987.6</ele>
   </trkpt>
   <trkpt lat="-7.9793450" lon="113.5296850">
    <ele>1987.5</ele>
   </trkpt>
   <trkpt lat="-7.9793520" lon="113.5296500">
    <ele>1986.6</ele>
   </trkpt>
   <trkpt lat="-7.9793770" lon="113.5295960">
    <ele>1985.8</ele>
   </trkpt>
   <trkpt lat="-7.9793900" lon="113.5295730">
    <ele>1984.0</ele>
   </trkpt>
   <trkpt lat="-7.9794040" lon="113.5295510">
    <ele>1984.0</ele>
   </trkpt>
   <trkpt lat="-7.9794170" lon="113.5295280">
    <ele>1982.7</ele>
   </trkpt>
   <trkpt lat="-7.9794310" lon="113.5295060">
    <ele>1981.8</ele>
   </trkpt>
   <trkpt lat="-7.9794440" lon="113.5294830">
    <ele>1980.3</ele>
   </trkpt>
   <trkpt lat="-7.9794580" lon="113.5294610">
    <ele>1980.3</ele>
   </trkpt>
   <trkpt lat="-7.9794710" lon="113.5294380">
    <ele>1978.1</ele>
   </trkpt>
   <trkpt lat="-7.9794850" lon="113.5294160">
    <ele>1978.1</ele>
   </trkpt>
   <trkpt lat="-7.9794980" lon="113.5293930">
    <ele>1976.6</ele>
   </trkpt>
   <trkpt lat="-7.9795370" lon="113.5293430">
    <ele>1974.0</ele>
   </trkpt>
   <trkpt lat="-7.9795370" lon="113.5293130">
    <ele>1972.1</ele>
   </trkpt>
   <trkpt lat="-7.9795470" lon="113.5292720">
    <ele>1970.2</ele>
   </trkpt>
   <trkpt lat="-7.9795380" lon="113.5292280">
    <ele>1968.3</ele>
   </trkpt>
   <trkpt lat="-7.9795180" lon="113.5291920">
    <ele>1966.9</ele>
   </trkpt>
   <trkpt lat="-7.9794950" lon="113.5291750">
    <ele>1967.9</ele>
   </trkpt>
   <trkpt lat="-7.9794630" lon="113.5291670">
    <ele>1968.9</ele>
   </trkpt>
   <trkpt lat="-7.9794350" lon="113.5291480">
    <ele>1967.6</ele>
   </trkpt>
   <trkpt lat="-7.9794100" lon="113.5291270">
    <ele>1968.3</ele>
   </trkpt>
   <trkpt lat="-7.9793970" lon="113.5290820">
    <ele>1966.9</ele>
   </trkpt>
   <trkpt lat="-7.9793850" lon="113.5290550">
    <ele>1965.5</ele>
   </trkpt>
   <trkpt lat="-7.9793670" lon="113.5290200">
    <ele>1964.2</ele>
   </trkpt>
   <trkpt lat="-7.9793450" lon="113.5289950">
    <ele>1964.2</ele>
   </trkpt>
   <trkpt lat="-7.9793200" lon="113.5289720">
    <ele>1962.7</ele>
   </trkpt>
   <trkpt lat="-7.9793070" lon="113.5289430">
    <ele>1962.7</ele>
   </trkpt>
   <trkpt lat="-7.9793180" lon="113.5289120">
    <ele>1961.3</ele>
   </trkpt>
   <trkpt lat="-7.9793530" lon="113.5289080">
    <ele>1961.5</ele>
   </trkpt>
   <trkpt lat="-7.9793850" lon="113.5289000">
    <ele>1961.7</ele>
   </trkpt>
   <trkpt lat="-7.9793870" lon="113.5288680">
    <ele>1960.4</ele>
   </trkpt>
   <trkpt lat="-7.9793670" lon="113.5288500">
    <ele>1958.4</ele>
   </trkpt>
   <trkpt lat="-7.9793430" lon="113.5288250">
    <ele>1958.4</ele>
   </trkpt>
   <trkpt lat="-7.9793250" lon="113.5287980">
    <ele>1956.2</ele>
   </trkpt>
   <trkpt lat="-7.9793100" lon="113.5287680">
    <ele>1956.2</ele>
   </trkpt>
   <trkpt lat="-7.9793050" lon="113.5287350">
    <ele>1954.2</ele>
   </trkpt>
   <trkpt lat="-7.9792970" lon="113.5287000">
    <ele>1952.2</ele>
   </trkpt>
   <trkpt lat="-7.9792930" lon="113.5286720">
    <ele>1949.8</ele>
   </trkpt>
   <trkpt lat="-7.9792850" lon="113.5286350">
    <ele>1947.5</ele>
   </trkpt>
   <trkpt lat="-7.9792770" lon="113.5286070">
    <ele>1947.5</ele>
   </trkpt>
   <trkpt lat="-7.9792680" lon="113.5285680">
    <ele>1945.2</ele>
   </trkpt>
   <trkpt lat="-7.9792620" lon="113.5285330">
    <ele>1942.9</ele>
   </trkpt>
   <trkpt lat="-7.9792630" lon="113.5284980">
    <ele>1940.0</ele>
   </trkpt>
   <trkpt lat="-7.9792600" lon="113.5284700">
    <ele>1940.0</ele>
   </trkpt>
   <trkpt lat="-7.9792580" lon="113.5284350">
    <ele>1936.8</ele>
   </trkpt>
   <trkpt lat="-7.9792700" lon="113.5284080">
    <ele>1933.5</ele>
   </trkpt>
   <trkpt lat="-7.9792800" lon="113.5283770">
    <ele>1930.2</ele>
   </trkpt>
   <trkpt lat="-7.9792930" lon="113.5283470">
    <ele>1930.2</ele>
   </trkpt>
   <trkpt lat="-7.9792770" lon="113.5283220">
    <ele>1927.4</ele>
   </trkpt>
   <trkpt lat="-7.9792450" lon="113.5282970">
    <ele>1927.5</ele>
   </trkpt>
   <trkpt lat="-7.9792200" lon="113.5282780">
    <ele>1925.0</ele>
   </trkpt>
   <trkpt lat="-7.9792270" lon="113.5282420">
    <ele>1922.6</ele>
   </trkpt>
   <trkpt lat="-7.9792520" lon="113.5282300">
    <ele>1922.6</ele>
   </trkpt>
   <trkpt lat="-7.9792680" lon="113.5282080">
    <ele>1919.7</ele>
   </trkpt>
   <trkpt lat="-7.9792780" lon="113.5281730">
    <ele>1919.7</ele>
   </trkpt>
   <trkpt lat="-7.9792920" lon="113.5281450">
    <ele>1917.6</ele>
   </trkpt>
   <trkpt lat="-7.9793120" lon="113.5281250">
    <ele>1916.6</ele>
   </trkpt>
   <trkpt lat="-7.9793300" lon="113.5281000">
    <ele>1914.7</ele>
   </trkpt>
   <trkpt lat="-7.9793570" lon="113.5280900">
    <ele>1913.7</ele>
   </trkpt>
   <trkpt lat="-7.9793430" lon="113.5280630">
    <ele>1911.8</ele>
   </trkpt>
   <trkpt lat="-7.9793180" lon="113.5280520">
    <ele>1912.9</ele>
   </trkpt>
   <trkpt lat="-7.9792830" lon="113.5280370">
    <ele>1912.3</ele>
   </trkpt>
   <trkpt lat="-7.9792530" lon="113.5280280">
    <ele>1912.3</ele>
   </trkpt>
   <trkpt lat="-7.9792280" lon="113.5280170">
    <ele>1912.9</ele>
   </trkpt>
   <trkpt lat="-7.9791980" lon="113.5280120">
    <ele>1913.1</ele>
   </trkpt>
   <trkpt lat="-7.9791630" lon="113.5280020">
    <ele>1913.4</ele>
   </trkpt>
   <trkpt lat="-7.9791330" lon="113.5279970">
    <ele>1913.4</ele>
   </trkpt>
   <trkpt lat="-7.9791000" lon="113.5279970">
    <ele>1913.6</ele>
   </trkpt>
   <trkpt lat="-7.9790800" lon="113.5279780">
    <ele>1911.9</ele>
   </trkpt>
   <trkpt lat="-7.9790780" lon="113.5279480">
    <ele>1910.8</ele>
   </trkpt>
   <trkpt lat="-7.9790870" lon="113.5279200">
    <ele>1910.9</ele>
   </trkpt>
   <trkpt lat="-7.9791020" lon="113.5278950">
    <ele>1909.6</ele>
   </trkpt>
   <trkpt lat="-7.9791180" lon="113.5278600">
    <ele>1908.3</ele>
   </trkpt>
   <trkpt lat="-7.9791430" lon="113.5278450">
    <ele>1907.6</ele>
   </trkpt>
   <trkpt lat="-7.9791700" lon="113.5278230">
    <ele>1906.9</ele>
   </trkpt>
   <trkpt lat="-7.9791450" lon="113.5278030">
    <ele>1906.3</ele>
   </trkpt>
   <trkpt lat="-7.9791250" lon="113.5277780">
    <ele>1906.1</ele>
   </trkpt>
   <trkpt lat="-7.9791070" lon="113.5277530">
    <ele>1906.1</ele>
   </trkpt>
   <trkpt lat="-7.9791080" lon="113.5277220">
    <ele>1905.0</ele>
   </trkpt>
   <trkpt lat="-7.9791000" lon="113.5276930">
    <ele>1904.0</ele>
   </trkpt>
   <trkpt lat="-7.9790850" lon="113.5276680">
    <ele>1904.0</ele>
   </trkpt>
   <trkpt lat="-7.9790880" lon="113.5276270">
    <ele>1902.8</ele>
   </trkpt>
   <trkpt lat="-7.9790900" lon="113.5275900">
    <ele>1901.5</ele>
   </trkpt>
   <trkpt lat="-7.9790900" lon="113.5275500">
    <ele>1900.2</ele>
   </trkpt>
   <trkpt lat="-7.9791030" lon="113.5275230">
    <ele>1900.2</ele>
   </trkpt>
   <trkpt lat="-7.9791270" lon="113.5275020">
    <ele>1897.2</ele>
   </trkpt>
   <trkpt lat="-7.9791500" lon="113.5274850">
    <ele>1897.2</ele>
   </trkpt>
   <trkpt lat="-7.9791500" lon="113.5274570">
    <ele>1895.8</ele>
   </trkpt>
   <trkpt lat="-7.9791080" lon="113.5274300">
    <ele>1896.3</ele>
   </trkpt>
   <trkpt lat="-7.9790950" lon="113.5274020">
    <ele>1896.3</ele>
   </trkpt>
   <trkpt lat="-7.9791030" lon="113.5273620">
    <ele>1895.0</ele>
   </trkpt>
   <trkpt lat="-7.9791100" lon="113.5273350">
    <ele>1893.7</ele>
   </trkpt>
   <trkpt lat="-7.9791250" lon="113.5273120">
    <ele>1893.7</ele>
   </trkpt>
   <trkpt lat="-7.9791250" lon="113.5272820">
    <ele>1891.9</ele>
   </trkpt>
   <trkpt lat="-7.9791030" lon="113.5272580">
    <ele>1889.6</ele>
   </trkpt>
   <trkpt lat="-7.9790750" lon="113.5272320">
    <ele>1890.2</ele>
   </trkpt>
   <trkpt lat="-7.9790500" lon="113.5272200">
    <ele>1887.9</ele>
   </trkpt>
   <trkpt lat="-7.9790250" lon="113.5272050">
    <ele>1887.2</ele>
   </trkpt>
   <trkpt lat="-7.9789920" lon="113.5271920">
    <ele>1886.4</ele>
   </trkpt>
   <trkpt lat="-7.9789500" lon="113.5271800">
    <ele>1885.7</ele>
   </trkpt>
   <trkpt lat="-7.9789350" lon="113.5271530">
    <ele>1883.5</ele>
   </trkpt>
   <trkpt lat="-7.9789350" lon="113.5271150">
    <ele>1880.6</ele>
   </trkpt>
   <trkpt lat="-7.9789380" lon="113.5270820">
    <ele>1877.1</ele>
   </trkpt>
   <trkpt lat="-7.9789530" lon="113.5270570">
    <ele>1877.1</ele>
   </trkpt>
   <trkpt lat="-7.9789680" lon="113.5270220">
    <ele>1874.1</ele>
   </trkpt>
   <trkpt lat="-7.9789830" lon="113.5269930">
    <ele>1870.6</ele>
   </trkpt>
   <trkpt lat="-7.9789680" lon="113.5269600">
    <ele>1866.9</ele>
   </trkpt>
   <trkpt lat="-7.9789750" lon="113.5269300">
    <ele>1866.9</ele>
   </trkpt>
   <trkpt lat="-7.9790000" lon="113.5269130">
    <ele>1863.4</ele>
   </trkpt>
   <trkpt lat="-7.9789670" lon="113.5269080">
    <ele>1863.0</ele>
   </trkpt>
   <trkpt lat="-7.9789420" lon="113.5268930">
    <ele>1862.6</ele>
   </trkpt>
   <trkpt lat="-7.9789300" lon="113.5268630">
    <ele>1858.8</ele>
   </trkpt>
   <trkpt lat="-7.9789530" lon="113.5268400">
    <ele>1858.8</ele>
   </trkpt>
   <trkpt lat="-7.9789730" lon="113.5268200">
    <ele>1855.4</ele>
   </trkpt>
   <trkpt lat="-7.9790030" lon="113.5268070">
    <ele>1855.6</ele>
   </trkpt>
   <trkpt lat="-7.9790030" lon="113.5267730">
    <ele>1851.9</ele>
   </trkpt>
   <trkpt lat="-7.9789750" lon="113.5267530">
    <ele>1851.7</ele>
   </trkpt>
   <trkpt lat="-7.9789420" lon="113.5267450">
    <ele>1848.0</ele>
   </trkpt>
   <trkpt lat="-7.9789380" lon="113.5267070">
    <ele>1848.0</ele>
   </trkpt>
   <trkpt lat="-7.9789530" lon="113.5266650">
    <ele>1844.5</ele>
   </trkpt>
   <trkpt lat="-7.9789630" lon="113.5266330">
    <ele>1841.2</ele>
   </trkpt>
   <trkpt lat="-7.9789430" lon="113.5265950">
    <ele>1837.8</ele>
   </trkpt>
   <trkpt lat="-7.9789220" lon="113.5265670">
    <ele>1835.1</ele>
   </trkpt>
   <trkpt lat="-7.9788900" lon="113.5265580">
    <ele>1834.9</ele>
   </trkpt>
   <trkpt lat="-7.9788680" lon="113.5265420">
    <ele>1834.7</ele>
   </trkpt>
   <trkpt lat="-7.9788280" lon="113.5265430">
    <ele>1834.7</ele>
   </trkpt>
   <trkpt lat="-7.9787980" lon="113.5265420">
    <ele>1834.6</ele>
   </trkpt>
   <trkpt lat="-7.9787680" lon="113.5265220">
    <ele>1831.9</ele>
   </trkpt>
   <trkpt lat="-7.9787400" lon="113.5265020">
    <ele>1831.9</ele>
   </trkpt>
   <trkpt lat="-7.9787370" lon="113.5264720">
    <ele>1829.5</ele>
   </trkpt>
   <trkpt lat="-7.9787370" lon="113.5264420">
    <ele>1827.3</ele>
   </trkpt>
   <trkpt lat="-7.9787530" lon="113.5264120">
    <ele>1827.2</ele>
   </trkpt>
   <trkpt lat="-7.9787730" lon="113.5263850">
    <ele>1825.4</ele>
   </trkpt>
   <trkpt lat="-7.9787720" lon="113.5263570">
    <ele>1823.6</ele>
   </trkpt>
   <trkpt lat="-7.9787320" lon="113.5263580">
    <ele>1823.8</ele>
   </trkpt>
   <trkpt lat="-7.9786930" lon="113.5263480">
    <ele>1824.1</ele>
   </trkpt>
   <trkpt lat="-7.9786650" lon="113.5263400">
    <ele>1824.1</ele>
   </trkpt>
   <trkpt lat="-7.9786480" lon="113.5263170">
    <ele>1822.6</ele>
   </trkpt>
   <trkpt lat="-7.9786330" lon="113.5262880">
    <ele>1822.6</ele>
   </trkpt>
   <trkpt lat="-7.9786370" lon="113.5262530">
    <ele>1821.0</ele>
   </trkpt>
   <trkpt lat="-7.9786630" lon="113.5262170">
    <ele>1819.2</ele>
   </trkpt>
   <trkpt lat="-7.9786520" lon="113.5261830">
    <ele>1818.0</ele>
   </trkpt>
   <trkpt lat="-7.9786470" lon="113.5261550">
    <ele>1818.0</ele>
   </trkpt>
   <trkpt lat="-7.9786500" lon="113.5261200">
    <ele>1816.5</ele>
   </trkpt>
   <trkpt lat="-7.9786520" lon="113.5260920">
    <ele>1814.9</ele>
   </trkpt>
   <trkpt lat="-7.9786530" lon="113.5260570">
    <ele>1813.1</ele>
   </trkpt>
   <trkpt lat="-7.9786230" lon="113.5260350">
    <ele>1813.1</ele>
   </trkpt>
   <trkpt lat="-7.9786100" lon="113.5260020">
    <ele>1811.6</ele>
   </trkpt>
   <trkpt lat="-7.9785970" lon="113.5259770">
    <ele>1809.9</ele>
   </trkpt>
   <trkpt lat="-7.9785800" lon="113.5259550">
    <ele>1809.9</ele>
   </trkpt>
   <trkpt lat="-7.9785700" lon="113.5259280">
    <ele>1807.9</ele>
   </trkpt>
   <trkpt lat="-7.9785750" lon="113.5258980">
    <ele>1807.9</ele>
   </trkpt>
   <trkpt lat="-7.9785720" lon="113.5258670">
    <ele>1805.8</ele>
   </trkpt>
   <trkpt lat="-7.9785580" lon="113.5258330">
    <ele>1803.7</ele>
   </trkpt>
   <trkpt lat="-7.9785370" lon="113.5258150">
    <ele>1803.7</ele>
   </trkpt>
   <trkpt lat="-7.9785050" lon="113.5257930">
    <ele>1801.9</ele>
   </trkpt>
   <trkpt lat="-7.9784920" lon="113.5257650">
    <ele>1801.9</ele>
   </trkpt>
   <trkpt lat="-7.9784750" lon="113.5257350">
    <ele>1800.4</ele>
   </trkpt>
   <trkpt lat="-7.9784430" lon="113.5257130">
    <ele>1799.4</ele>
   </trkpt>
   <trkpt lat="-7.9784120" lon="113.5257080">
    <ele>1799.4</ele>
   </trkpt>
   <trkpt lat="-7.9783900" lon="113.5256800">
    <ele>1799.7</ele>
   </trkpt>
   <trkpt lat="-7.9783820" lon="113.5256500">
    <ele>1798.2</ele>
   </trkpt>
   <trkpt lat="-7.9783650" lon="113.5256200">
    <ele>1796.7</ele>
   </trkpt>
   <trkpt lat="-7.9783330" lon="113.5256070">
    <ele>1796.4</ele>
   </trkpt>
   <trkpt lat="-7.9783000" lon="113.5256050">
    <ele>1796.2</ele>
   </trkpt>
   <trkpt lat="-7.9782680" lon="113.5256070">
    <ele>1795.9</ele>
   </trkpt>
   <trkpt lat="-7.9782400" lon="113.5256030">
    <ele>1795.9</ele>
   </trkpt>
   <trkpt lat="-7.9782100" lon="113.5256020">
    <ele>1794.3</ele>
   </trkpt>
   <trkpt lat="-7.9781820" lon="113.5256020">
    <ele>1791.6</ele>
   </trkpt>
   <trkpt lat="-7.9781430" lon="113.5256100">
    <ele>1788.9</ele>
   </trkpt>
   <trkpt lat="-7.9781050" lon="113.5256130">
    <ele>1786.2</ele>
   </trkpt>
   <trkpt lat="-7.9780770" lon="113.5255850">
    <ele>1784.7</ele>
   </trkpt>
   <trkpt lat="-7.9780670" lon="113.5255530">
    <ele>1784.7</ele>
   </trkpt>
   <trkpt lat="-7.9780750" lon="113.5255230">
    <ele>1783.2</ele>
   </trkpt>
   <trkpt lat="-7.9781030" lon="113.5255180">
    <ele>1783.2</ele>
   </trkpt>
   <trkpt lat="-7.9781320" lon="113.5255130">
    <ele>1785.9</ele>
   </trkpt>
   <trkpt lat="-7.9781530" lon="113.5254920">
    <ele>1787.2</ele>
   </trkpt>
   <trkpt lat="-7.9781820" lon="113.5254630">
    <ele>1787.2</ele>
   </trkpt>
   <trkpt lat="-7.9782020" lon="113.5254400">
    <ele>1788.4</ele>
   </trkpt>
   <trkpt lat="-7.9782330" lon="113.5254200">
    <ele>1790.0</ele>
   </trkpt>
   <trkpt lat="-7.9782620" lon="113.5254170">
    <ele>1788.1</ele>
   </trkpt>
   <trkpt lat="-7.9782780" lon="113.5253920">
    <ele>1788.3</ele>
   </trkpt>
   <trkpt lat="-7.9782580" lon="113.5253580">
    <ele>1785.6</ele>
   </trkpt>
   <trkpt lat="-7.9782750" lon="113.5253280">
    <ele>1783.1</ele>
   </trkpt>
   <trkpt lat="-7.9782950" lon="113.5253000">
    <ele>1783.2</ele>
   </trkpt>
   <trkpt lat="-7.9782970" lon="113.5252670">
    <ele>1780.6</ele>
   </trkpt>
   <trkpt lat="-7.9782700" lon="113.5252400">
    <ele>1777.5</ele>
   </trkpt>
   <trkpt lat="-7.9782320" lon="113.5252220">
    <ele>1776.2</ele>
   </trkpt>
   <trkpt lat="-7.9781920" lon="113.5252080">
    <ele>1776.2</ele>
   </trkpt>
   <trkpt lat="-7.9781580" lon="113.5252000">
    <ele>1770.1</ele>
   </trkpt>
   <trkpt lat="-7.9781230" lon="113.5251920">
    <ele>1767.7</ele>
   </trkpt>
   <trkpt lat="-7.9780870" lon="113.5251970">
    <ele>1765.3</ele>
   </trkpt>
   <trkpt lat="-7.9780550" lon="113.5252080">
    <ele>1766.4</ele>
   </trkpt>
   <trkpt lat="-7.9780250" lon="113.5252270">
    <ele>1766.4</ele>
   </trkpt>
   <trkpt lat="-7.9779950" lon="113.5252200">
    <ele>1763.9</ele>
   </trkpt>
   <trkpt lat="-7.9779680" lon="113.5252380">
    <ele>1761.5</ele>
   </trkpt>
   <trkpt lat="-7.9779400" lon="113.5252650">
    <ele>1764.0</ele>
   </trkpt>
   <trkpt lat="-7.9779100" lon="113.5252770">
    <ele>1761.4</ele>
   </trkpt>
   <trkpt lat="-7.9779050" lon="113.5252420">
    <ele>1759.1</ele>
   </trkpt>
   <trkpt lat="-7.9779080" lon="113.5252120">
    <ele>1759.1</ele>
   </trkpt>
   <trkpt lat="-7.9779300" lon="113.5251920">
    <ele>1756.3</ele>
   </trkpt>
   <trkpt lat="-7.9779600" lon="113.5251800">
    <ele>1758.5</ele>
   </trkpt>
   <trkpt lat="-7.9779850" lon="113.5251520">
    <ele>1757.5</ele>
   </trkpt>
   <trkpt lat="-7.9779950" lon="113.5251250">
    <ele>1757.5</ele>
   </trkpt>
   <trkpt lat="-7.9779970" lon="113.5250920">
    <ele>1754.3</ele>
   </trkpt>
   <trkpt lat="-7.9779870" lon="113.5250600">
    <ele>1751.3</ele>
   </trkpt>
   <trkpt lat="-7.9779580" lon="113.5250500">
    <ele>1749.6</ele>
   </trkpt>
   <trkpt lat="-7.9779230" lon="113.5250520">
    <ele>1747.9</ele>
   </trkpt>
   <trkpt lat="-7.9778950" lon="113.5250520">
    <ele>1747.9</ele>
   </trkpt>
   <trkpt lat="-7.9778630" lon="113.5250600">
    <ele>1746.6</ele>
   </trkpt>
   <trkpt lat="-7.9778320" lon="113.5250680">
    <ele>1745.6</ele>
   </trkpt>
   <trkpt lat="-7.9778020" lon="113.5250830">
    <ele>1747.0</ele>
   </trkpt>
   <trkpt lat="-7.9777650" lon="113.5250970">
    <ele>1745.9</ele>
   </trkpt>
   <trkpt lat="-7.9777420" lon="113.5251130">
    <ele>1745.9</ele>
   </trkpt>
   <trkpt lat="-7.9777180" lon="113.5250920">
    <ele>1744.7</ele>
   </trkpt>
   <trkpt lat="-7.9777270" lon="113.5250580">
    <ele>1743.7</ele>
   </trkpt>
   <trkpt lat="-7.9777280" lon="113.5250280">
    <ele>1741.7</ele>
   </trkpt>
   <trkpt lat="-7.9776980" lon="113.5250350">
    <ele>1742.6</ele>
   </trkpt>
   <trkpt lat="-7.9776550" lon="113.5250400">
    <ele>1741.4</ele>
   </trkpt>
   <trkpt lat="-7.9776480" lon="113.5250070">
    <ele>1739.6</ele>
   </trkpt>
   <trkpt lat="-7.9776570" lon="113.5249670">
    <ele>1737.8</ele>
   </trkpt>
   <trkpt lat="-7.9776700" lon="113.5249380">
    <ele>1736.0</ele>
   </trkpt>
   <trkpt lat="-7.9776730" lon="113.5249100">
    <ele>1736.0</ele>
   </trkpt>
   <trkpt lat="-7.9776450" lon="113.5249200">
    <ele>1736.0</ele>
   </trkpt>
   <trkpt lat="-7.9776180" lon="113.5249300">
    <ele>1735.2</ele>
   </trkpt>
   <trkpt lat="-7.9775900" lon="113.5249400">
    <ele>1734.4</ele>
   </trkpt>
   <trkpt lat="-7.9775620" lon="113.5249550">
    <ele>1735.9</ele>
   </trkpt>
   <trkpt lat="-7.9775380" lon="113.5249380">
    <ele>1733.6</ele>
   </trkpt>
   <trkpt lat="-7.9775180" lon="113.5249150">
    <ele>1733.6</ele>
   </trkpt>
   <trkpt lat="-7.9775130" lon="113.5248770">
    <ele>1732.0</ele>
   </trkpt>
   <trkpt lat="-7.9775020" lon="113.5248430">
    <ele>1729.4</ele>
   </trkpt>
   <trkpt lat="-7.9774650" lon="113.5248270">
    <ele>1728.4</ele>
   </trkpt>
   <trkpt lat="-7.9773920" lon="113.5247620">
    <ele>1723.1</ele>
   </trkpt>
   <trkpt lat="-7.9773780" lon="113.5247370">
    <ele>1721.5</ele>
   </trkpt>
   <trkpt lat="-7.9773730" lon="113.5247070">
    <ele>1719.4</ele>
   </trkpt>
   <trkpt lat="-7.9773870" lon="113.5246820">
    <ele>1719.4</ele>
   </trkpt>
   <trkpt lat="-7.9773900" lon="113.5246530">
    <ele>1719.4</ele>
   </trkpt>
   <trkpt lat="-7.9773720" lon="113.5246320">
    <ele>1716.0</ele>
   </trkpt>
   <trkpt lat="-7.9773400" lon="113.5246370">
    <ele>1714.1</ele>
   </trkpt>
   <trkpt lat="-7.9773100" lon="113.5246400">
    <ele>1714.1</ele>
   </trkpt>
   <trkpt lat="-7.9772770" lon="113.5246450">
    <ele>1712.3</ele>
   </trkpt>
   <trkpt lat="-7.9772450" lon="113.5246450">
    <ele>1710.4</ele>
   </trkpt>
   <trkpt lat="-7.9772100" lon="113.5246320">
    <ele>1708.6</ele>
   </trkpt>
   <trkpt lat="-7.9771970" lon="113.5245980">
    <ele>1707.2</ele>
   </trkpt>
   <trkpt lat="-7.9771700" lon="113.5245800">
    <ele>1705.6</ele>
   </trkpt>
   <trkpt lat="-7.9771530" lon="113.5245570">
    <ele>1704.5</ele>
   </trkpt>
   <trkpt lat="-7.9771450" lon="113.5245280">
    <ele>1704.5</ele>
   </trkpt>
   <trkpt lat="-7.9771380" lon="113.5245020">
    <ele>1703.8</ele>
   </trkpt>
   <trkpt lat="-7.9771330" lon="113.5244730">
    <ele>1703.0</ele>
   </trkpt>
   <trkpt lat="-7.9771320" lon="113.5244400">
    <ele>1703.0</ele>
   </trkpt>
   <trkpt lat="-7.9771180" lon="113.5244130">
    <ele>1700.8</ele>
   </trkpt>
   <trkpt lat="-7.9770930" lon="113.5243900">
    <ele>1700.8</ele>
   </trkpt>
   <trkpt lat="-7.9770750" lon="113.5243620">
    <ele>1698.3</ele>
   </trkpt>
   <trkpt lat="-7.9770380" lon="113.5243380">
    <ele>1695.3</ele>
   </trkpt>
   <trkpt lat="-7.9770270" lon="113.5243130">
    <ele>1695.3</ele>
   </trkpt>
   <trkpt lat="-7.9770070" lon="113.5242950">
    <ele>1693.8</ele>
   </trkpt>
   <trkpt lat="-7.9769750" lon="113.5242720">
    <ele>1692.4</ele>
   </trkpt>
   <trkpt lat="-7.9769800" lon="113.5242420">
    <ele>1691.0</ele>
   </trkpt>
   <trkpt lat="-7.9769670" lon="113.5242070">
    <ele>1689.6</ele>
   </trkpt>
   <trkpt lat="-7.9769530" lon="113.5241780">
    <ele>1688.3</ele>
   </trkpt>
   <trkpt lat="-7.9769400" lon="113.5241530">
    <ele>1686.6</ele>
   </trkpt>
   <trkpt lat="-7.9769320" lon="113.5241250">
    <ele>1684.8</ele>
   </trkpt>
   <trkpt lat="-7.9769230" lon="113.5240930">
    <ele>1684.8</ele>
   </trkpt>
   <trkpt lat="-7.9769180" lon="113.5240570">
    <ele>1683.1</ele>
   </trkpt>
   <trkpt lat="-7.9769030" lon="113.5240280">
    <ele>1679.8</ele>
   </trkpt>
   <trkpt lat="-7.9768720" lon="113.5239920">
    <ele>1676.3</ele>
   </trkpt>
   <trkpt lat="-7.9768450" lon="113.5239620">
    <ele>1676.3</ele>
   </trkpt>
   <trkpt lat="-7.9768220" lon="113.5239270">
    <ele>1673.0</ele>
   </trkpt>
   <trkpt lat="-7.9768030" lon="113.5238980">
    <ele>1670.6</ele>
   </trkpt>
   <trkpt lat="-7.9767900" lon="113.5238630">
    <ele>1667.9</ele>
   </trkpt>
   <trkpt lat="-7.9767730" lon="113.5238330">
    <ele>1667.2</ele>
   </trkpt>
   <trkpt lat="-7.9767600" lon="113.5238030">
    <ele>1664.2</ele>
   </trkpt>
   <trkpt lat="-7.9767550" lon="113.5237720">
    <ele>1661.1</ele>
   </trkpt>
   <trkpt lat="-7.9767420" lon="113.5237350">
    <ele>1658.0</ele>
   </trkpt>
   <trkpt lat="-7.9767250" lon="113.5237020">
    <ele>1655.2</ele>
   </trkpt>
   <trkpt lat="-7.9767020" lon="113.5236680">
    <ele>1655.1</ele>
   </trkpt>
   <trkpt lat="-7.9766880" lon="113.5236330">
    <ele>1652.7</ele>
   </trkpt>
   <trkpt lat="-7.9766750" lon="113.5236050">
    <ele>1650.3</ele>
   </trkpt>
   <trkpt lat="-7.9766520" lon="113.5235680">
    <ele>1648.0</ele>
   </trkpt>
   <trkpt lat="-7.9766430" lon="113.5235330">
    <ele>1648.0</ele>
   </trkpt>
   <trkpt lat="-7.9766320" lon="113.5234850">
    <ele>1644.0</ele>
   </trkpt>
   <trkpt lat="-7.9766320" lon="113.5234430">
    <ele>1642.2</ele>
   </trkpt>
   <trkpt lat="-7.9766300" lon="113.5234100">
    <ele>1642.2</ele>
   </trkpt>
   <trkpt lat="-7.9766200" lon="113.5233780">
    <ele>1640.4</ele>
   </trkpt>
   <trkpt lat="-7.9766150" lon="113.5233500">
    <ele>1639.7</ele>
   </trkpt>
   <trkpt lat="-7.9766100" lon="113.5233130">
    <ele>1639.2</ele>
   </trkpt>
   <trkpt lat="-7.9766020" lon="113.5232850">
    <ele>1639.2</ele>
   </trkpt>
   <trkpt lat="-7.9765920" lon="113.5232580">
    <ele>1638.7</ele>
   </trkpt>
   <trkpt lat="-7.9765900" lon="113.5232300">
    <ele>1638.2</ele>
   </trkpt>
   <trkpt lat="-7.9765970" lon="113.5231930">
    <ele>1638.2</ele>
   </trkpt>
   <trkpt lat="-7.9765900" lon="113.5231520">
    <ele>1637.8</ele>
   </trkpt>
   <trkpt lat="-7.9765870" lon="113.5231170">
    <ele>1637.6</ele>
   </trkpt>
   <trkpt lat="-7.9765680" lon="113.5230830">
    <ele>1638.1</ele>
   </trkpt>
   <trkpt lat="-7.9765500" lon="113.5230600">
    <ele>1638.1</ele>
   </trkpt>
   <trkpt lat="-7.9765200" lon="113.5230400">
    <ele>1638.2</ele>
   </trkpt>
   <trkpt lat="-7.9765150" lon="113.5230050">
    <ele>1637.8</ele>
   </trkpt>
   <trkpt lat="-7.9765380" lon="113.5229770">
    <ele>1637.5</ele>
   </trkpt>
   <trkpt lat="-7.9765570" lon="113.5229550">
    <ele>1636.7</ele>
   </trkpt>
   <trkpt lat="-7.9765680" lon="113.5229250">
    <ele>1635.9</ele>
   </trkpt>
   <trkpt lat="-7.9765480" lon="113.5228970">
    <ele>1635.9</ele>
   </trkpt>
   <trkpt lat="-7.9765150" lon="113.5228730">
    <ele>1635.6</ele>
   </trkpt>
   <trkpt lat="-7.9764800" lon="113.5228430">
    <ele>1634.7</ele>
   </trkpt>
   <trkpt lat="-7.9764500" lon="113.5228270">
    <ele>1634.7</ele>
   </trkpt>
   <trkpt lat="-7.9764200" lon="113.5228070">
    <ele>1634.7</ele>
   </trkpt>
   <trkpt lat="-7.9763980" lon="113.5227880">
    <ele>1633.9</ele>
   </trkpt>
   <trkpt lat="-7.9763850" lon="113.5227550">
    <ele>1633.1</ele>
   </trkpt>
   <trkpt lat="-7.9764020" lon="113.5227230">
    <ele>1633.1</ele>
   </trkpt>
   <trkpt lat="-7.9764300" lon="113.5227000">
    <ele>1631.6</ele>
   </trkpt>
   <trkpt lat="-7.9764680" lon="113.5226950">
    <ele>1631.0</ele>
   </trkpt>
   <trkpt lat="-7.9764920" lon="113.5226780">
    <ele>1630.4</ele>
   </trkpt>
   <trkpt lat="-7.9765120" lon="113.5226580">
    <ele>1628.8</ele>
   </trkpt>
   <trkpt lat="-7.9765120" lon="113.5226300">
    <ele>1628.8</ele>
   </trkpt>
   <trkpt lat="-7.9764850" lon="113.5226030">
    <ele>1627.9</ele>
   </trkpt>
   <trkpt lat="-7.9764580" lon="113.5225770">
    <ele>1626.2</ele>
   </trkpt>
   <trkpt lat="-7.9764280" lon="113.5225500">
    <ele>1627.4</ele>
   </trkpt>
   <trkpt lat="-7.9764070" lon="113.5225270">
    <ele>1625.8</ele>
   </trkpt>
   <trkpt lat="-7.9764000" lon="113.5224950">
    <ele>1625.6</ele>
   </trkpt>
   <trkpt lat="-7.9764170" lon="113.5224700">
    <ele>1624.1</ele>
   </trkpt>
   <trkpt lat="-7.9764370" lon="113.5224500">
    <ele>1621.8</ele>
   </trkpt>
   <trkpt lat="-7.9764680" lon="113.5224370">
    <ele>1620.5</ele>
   </trkpt>
   <trkpt lat="-7.9764950" lon="113.5224080">
    <ele>1617.1</ele>
   </trkpt>
   <trkpt lat="-7.9764680" lon="113.5223800">
    <ele>1618.3</ele>
   </trkpt>
   <trkpt lat="-7.9764380" lon="113.5223670">
    <ele>1617.2</ele>
   </trkpt>
   <trkpt lat="-7.9764050" lon="113.5223520">
    <ele>1618.3</ele>
   </trkpt>
   <trkpt lat="-7.9763770" lon="113.5223430">
    <ele>1618.3</ele>
   </trkpt>
   <trkpt lat="-7.9763480" lon="113.5223420">
    <ele>1618.8</ele>
   </trkpt>
   <trkpt lat="-7.9763230" lon="113.5223250">
    <ele>1616.4</ele>
   </trkpt>
   <trkpt lat="-7.9763270" lon="113.5222970">
    <ele>1616.4</ele>
   </trkpt>
   <trkpt lat="-7.9763520" lon="113.5222780">
    <ele>1614.0</ele>
   </trkpt>
   <trkpt lat="-7.9763780" lon="113.5222600">
    <ele>1613.5</ele>
   </trkpt>
   <trkpt lat="-7.9763970" lon="113.5222380">
    <ele>1611.1</ele>
   </trkpt>
   <trkpt lat="-7.9763820" lon="113.5222030">
    <ele>1611.1</ele>
   </trkpt>
   <trkpt lat="-7.9763480" lon="113.5221930">
    <ele>1609.2</ele>
   </trkpt>
   <trkpt lat="-7.9763080" lon="113.5221880">
    <ele>1609.8</ele>
   </trkpt>
   <trkpt lat="-7.9762780" lon="113.5221850">
    <ele>1609.8</ele>
   </trkpt>
   <trkpt lat="-7.9762530" lon="113.5221530">
    <ele>1608.2</ele>
   </trkpt>
   <trkpt lat="-7.9762450" lon="113.5221180">
    <ele>1608.2</ele>
   </trkpt>
   <trkpt lat="-7.9762730" lon="113.5220970">
    <ele>1605.3</ele>
   </trkpt>
   <trkpt lat="-7.9762720" lon="113.5220680">
    <ele>1602.4</ele>
   </trkpt>
   <trkpt lat="-7.9762330" lon="113.5220570">
    <ele>1603.0</ele>
   </trkpt>
   <trkpt lat="-7.9761930" lon="113.5220550">
    <ele>1603.0</ele>
   </trkpt>
   <trkpt lat="-7.9762000" lon="113.5220270">
    <ele>1600.0</ele>
   </trkpt>
   <trkpt lat="-7.9762200" lon="113.5220020">
    <ele>1600.0</ele>
   </trkpt>
   <trkpt lat="-7.9762250" lon="113.5219680">
    <ele>1597.1</ele>
   </trkpt>
   <trkpt lat="-7.9761900" lon="113.5219470">
    <ele>1596.9</ele>
   </trkpt>
   <trkpt lat="-7.9761620" lon="113.5218980">
    <ele>1591.6</ele>
   </trkpt>
   <trkpt lat="-7.9761380" lon="113.5218750">
    <ele>1590.9</ele>
   </trkpt>
   <trkpt lat="-7.9761350" lon="113.5218470">
    <ele>1588.6</ele>
   </trkpt>
   <trkpt lat="-7.9761470" lon="113.5218120">
    <ele>1586.2</ele>
   </trkpt>
   <trkpt lat="-7.9761470" lon="113.5217770">
    <ele>1586.2</ele>
   </trkpt>
   <trkpt lat="-7.9761130" lon="113.5217570">
    <ele>1584.3</ele>
   </trkpt>
   <trkpt lat="-7.9760880" lon="113.5217250">
    <ele>1581.4</ele>
   </trkpt>
   <trkpt lat="-7.9760730" lon="113.5216950">
    <ele>1581.4</ele>
   </trkpt>
   <trkpt lat="-7.9760600" lon="113.5216620">
    <ele>1580.0</ele>
   </trkpt>
   <trkpt lat="-7.9760430" lon="113.5216280">
    <ele>1578.5</ele>
   </trkpt>
   <trkpt lat="-7.9760220" lon="113.5215980">
    <ele>1577.3</ele>
   </trkpt>
   <trkpt lat="-7.9759870" lon="113.5215650">
    <ele>1577.3</ele>
   </trkpt>
   <trkpt lat="-7.9759600" lon="113.5215400">
    <ele>1575.7</ele>
   </trkpt>
   <trkpt lat="-7.9759370" lon="113.5215120">
    <ele>1574.3</ele>
   </trkpt>
   <trkpt lat="-7.9759230" lon="113.5214800">
    <ele>1574.3</ele>
   </trkpt>
   <trkpt lat="-7.9759400" lon="113.5214550">
    <ele>1573.0</ele>
   </trkpt>
   <trkpt lat="-7.9759670" lon="113.5214370">
    <ele>1573.0</ele>
   </trkpt>
   <trkpt lat="-7.9759600" lon="113.5213930">
    <ele>1571.6</ele>
   </trkpt>
   <trkpt lat="-7.9759430" lon="113.5213570">
    <ele>1570.3</ele>
   </trkpt>
   <trkpt lat="-7.9759280" lon="113.5213220">
    <ele>1569.5</ele>
   </trkpt>
   <trkpt lat="-7.9759080" lon="113.5212820">
    <ele>1568.0</ele>
   </trkpt>
   <trkpt lat="-7.9758830" lon="113.5212480">
    <ele>1567.0</ele>
   </trkpt>
   <trkpt lat="-7.9758620" lon="113.5212220">
    <ele>1567.0</ele>
   </trkpt>
   <trkpt lat="-7.9758430" lon="113.5211920">
    <ele>1565.7</ele>
   </trkpt>
   <trkpt lat="-7.9758150" lon="113.5211620">
    <ele>1564.2</ele>
   </trkpt>
   <trkpt lat="-7.9757920" lon="113.5211350">
    <ele>1564.0</ele>
   </trkpt>
   <trkpt lat="-7.9757520" lon="113.5211230">
    <ele>1562.5</ele>
   </trkpt>
   <trkpt lat="-7.9757250" lon="113.5211020">
    <ele>1562.3</ele>
   </trkpt>
   <trkpt lat="-7.9757150" lon="113.5210720">
    <ele>1561.3</ele>
   </trkpt>
   <trkpt lat="-7.9757320" lon="113.5210480">
    <ele>1561.3</ele>
   </trkpt>
   <trkpt lat="-7.9757300" lon="113.5210100">
    <ele>1560.1</ele>
   </trkpt>
   <trkpt lat="-7.9757170" lon="113.5209830">
    <ele>1559.1</ele>
   </trkpt>
   <trkpt lat="-7.9756920" lon="113.5209600">
    <ele>1559.1</ele>
   </trkpt>
   <trkpt lat="-7.9756700" lon="113.5209420">
    <ele>1557.6</ele>
   </trkpt>
   <trkpt lat="-7.9756520" lon="113.5209080">
    <ele>1556.2</ele>
   </trkpt>
   <trkpt lat="-7.9756530" lon="113.5208800">
    <ele>1556.2</ele>
   </trkpt>
   <trkpt lat="-7.9756800" lon="113.5208500">
    <ele>1554.7</ele>
   </trkpt>
   <trkpt lat="-7.9757030" lon="113.5208300">
    <ele>1554.7</ele>
   </trkpt>
   <trkpt lat="-7.9757170" lon="113.5208050">
    <ele>1553.2</ele>
   </trkpt>
   <trkpt lat="-7.9757370" lon="113.5207770">
    <ele>1551.6</ele>
   </trkpt>
   <trkpt lat="-7.9757500" lon="113.5207470">
    <ele>1551.6</ele>
   </trkpt>
   <trkpt lat="-7.9757570" lon="113.5207180">
    <ele>1550.2</ele>
   </trkpt>
   <trkpt lat="-7.9757620" lon="113.5206820">
    <ele>1548.8</ele>
   </trkpt>
   <trkpt lat="-7.9757650" lon="113.5206370">
    <ele>1547.4</ele>
   </trkpt>
   <trkpt lat="-7.9757580" lon="113.5206000">
    <ele>1546.4</ele>
   </trkpt>
   <trkpt lat="-7.9757470" lon="113.5205730">
    <ele>1546.4</ele>
   </trkpt>
   <trkpt lat="-7.9757320" lon="113.5205430">
    <ele>1545.5</ele>
   </trkpt>
   <trkpt lat="-7.9757230" lon="113.5205130">
    <ele>1544.8</ele>
   </trkpt>
   <trkpt lat="-7.9757150" lon="113.5204800">
    <ele>1544.1</ele>
   </trkpt>
   <trkpt lat="-7.9757070" lon="113.5204520">
    <ele>1544.1</ele>
   </trkpt>
   <trkpt lat="-7.9757000" lon="113.5204170">
    <ele>1543.6</ele>
   </trkpt>
   <trkpt lat="-7.9756970" lon="113.5203880">
    <ele>1543.2</ele>
   </trkpt>
   <trkpt lat="-7.9756800" lon="113.5203530">
    <ele>1543.1</ele>
   </trkpt>
   <trkpt lat="-7.9756570" lon="113.5203150">
    <ele>1543.1</ele>
   </trkpt>
   <trkpt lat="-7.9756420" lon="113.5202830">
    <ele>1542.8</ele>
   </trkpt>
   <trkpt lat="-7.9756230" lon="113.5202470">
    <ele>1541.1</ele>
   </trkpt>
   <trkpt lat="-7.9756020" lon="113.5202120">
    <ele>1539.8</ele>
   </trkpt>
   <trkpt lat="-7.9755820" lon="113.5201780">
    <ele>1537.8</ele>
   </trkpt>
   <trkpt lat="-7.9755650" lon="113.5201550">
    <ele>1537.8</ele>
   </trkpt>
   <trkpt lat="-7.9755470" lon="113.5201280">
    <ele>1535.8</ele>
   </trkpt>
   <trkpt lat="-7.9755280" lon="113.5200870">
    <ele>1534.5</ele>
   </trkpt>
   <trkpt lat="-7.9755180" lon="113.5200480">
    <ele>1533.3</ele>
   </trkpt>
   <trkpt lat="-7.9755330" lon="113.5200030">
    <ele>1532.0</ele>
   </trkpt>
   <trkpt lat="-7.9755450" lon="113.5199600">
    <ele>1530.7</ele>
   </trkpt>
   <trkpt lat="-7.9755330" lon="113.5199200">
    <ele>1529.0</ele>
   </trkpt>
   <trkpt lat="-7.9755080" lon="113.5199070">
    <ele>1528.6</ele>
   </trkpt>
   <trkpt lat="-7.9754680" lon="113.5199020">
    <ele>1528.2</ele>
   </trkpt>
   <trkpt lat="-7.9754380" lon="113.5199070">
    <ele>1528.2</ele>
   </trkpt>
   <trkpt lat="-7.9754120" lon="113.5199180">
    <ele>1527.8</ele>
   </trkpt>
   <trkpt lat="-7.9753820" lon="113.5199470">
    <ele>1528.6</ele>
   </trkpt>
   <trkpt lat="-7.9753600" lon="113.5199700">
    <ele>1529.4</ele>
   </trkpt>
   <trkpt lat="-7.9753300" lon="113.5199750">
    <ele>1528.5</ele>
   </trkpt>
   <trkpt lat="-7.9753130" lon="113.5199420">
    <ele>1527.8</ele>
   </trkpt>
   <trkpt lat="-7.9753050" lon="113.5199150">
    <ele>1526.7</ele>
   </trkpt>
   <trkpt lat="-7.9753020" lon="113.5198770">
    <ele>1525.5</ele>
   </trkpt>
   <trkpt lat="-7.9752980" lon="113.5198350">
    <ele>1523.1</ele>
   </trkpt>
   <trkpt lat="-7.9753080" lon="113.5198070">
    <ele>1524.2</ele>
   </trkpt>
   <trkpt lat="-7.9753100" lon="113.5197680">
    <ele>1523.0</ele>
   </trkpt>
   <trkpt lat="-7.9753150" lon="113.5197330">
    <ele>1521.4</ele>
   </trkpt>
   <trkpt lat="-7.9753100" lon="113.5196970">
    <ele>1519.8</ele>
   </trkpt>
   <trkpt lat="-7.9753030" lon="113.5196630">
    <ele>1518.1</ele>
   </trkpt>
   <trkpt lat="-7.9753030" lon="113.5196350">
    <ele>1518.1</ele>
   </trkpt>
   <trkpt lat="-7.9753070" lon="113.5195970">
    <ele>1516.4</ele>
   </trkpt>
   <trkpt lat="-7.9753020" lon="113.5195680">
    <ele>1515.0</ele>
   </trkpt>
   <trkpt lat="-7.9753400" lon="113.5195450">
    <ele>1515.0</ele>
   </trkpt>
   <trkpt lat="-7.9753430" lon="113.5195170">
    <ele>1513.6</ele>
   </trkpt>
   <trkpt lat="-7.9753420" lon="113.5194870">
    <ele>1512.6</ele>
   </trkpt>
   <trkpt lat="-7.9753330" lon="113.5194530">
    <ele>1511.4</ele>
   </trkpt>
   <trkpt lat="-7.9753320" lon="113.5194200">
    <ele>1511.4</ele>
   </trkpt>
   <trkpt lat="-7.9753250" lon="113.5193780">
    <ele>1510.4</ele>
   </trkpt>
   <trkpt lat="-7.9753200" lon="113.5193280">
    <ele>1509.4</ele>
   </trkpt>
   <trkpt lat="-7.9753100" lon="113.5192830">
    <ele>1508.5</ele>
   </trkpt>
   <trkpt lat="-7.9753100" lon="113.5192500">
    <ele>1507.6</ele>
   </trkpt>
   <trkpt lat="-7.9753050" lon="113.5192170">
    <ele>1506.3</ele>
   </trkpt>
   <trkpt lat="-7.9752980" lon="113.5191880">
    <ele>1505.7</ele>
   </trkpt>
   <trkpt lat="-7.9752830" lon="113.5191570">
    <ele>1505.7</ele>
   </trkpt>
   <trkpt lat="-7.9752680" lon="113.5191300">
    <ele>1504.3</ele>
   </trkpt>
   <trkpt lat="-7.9752580" lon="113.5190970">
    <ele>1502.9</ele>
   </trkpt>
   <trkpt lat="-7.9752470" lon="113.5190680">
    <ele>1503.8</ele>
   </trkpt>
   <trkpt lat="-7.9752330" lon="113.5190400">
    <ele>1501.7</ele>
   </trkpt>
   <trkpt lat="-7.9752250" lon="113.5190120">
    <ele>1499.2</ele>
   </trkpt>
   <trkpt lat="-7.9752200" lon="113.5189830">
    <ele>1499.2</ele>
   </trkpt>
   <trkpt lat="-7.9752180" lon="113.5189530">
    <ele>1496.7</ele>
   </trkpt>
   <trkpt lat="-7.9752070" lon="113.5189200">
    <ele>1495.3</ele>
   </trkpt>
   <trkpt lat="-7.9752170" lon="113.5188830">
    <ele>1492.1</ele>
   </trkpt>
   <trkpt lat="-7.9752020" lon="113.5188570">
    <ele>1493.1</ele>
   </trkpt>
   <trkpt lat="-7.9752000" lon="113.5188200">
    <ele>1491.1</ele>
   </trkpt>
   <trkpt lat="-7.9751830" lon="113.5187950">
    <ele>1489.1</ele>
   </trkpt>
   <trkpt lat="-7.9751720" lon="113.5187650">
    <ele>1487.8</ele>
   </trkpt>
   <trkpt lat="-7.9751670" lon="113.5187350">
    <ele>1487.8</ele>
   </trkpt>
   <trkpt lat="-7.9751650" lon="113.5187070">
    <ele>1486.0</ele>
   </trkpt>
   <trkpt lat="-7.9751450" lon="113.5186700">
    <ele>1484.3</ele>
   </trkpt>
   <trkpt lat="-7.9751230" lon="113.5186400">
    <ele>1484.6</ele>
   </trkpt>
   <trkpt lat="-7.9751200" lon="113.5186020">
    <ele>1483.0</ele>
   </trkpt>
   <trkpt lat="-7.9751150" lon="113.5185700">
    <ele>1481.3</ele>
   </trkpt>
   <trkpt lat="-7.9751080" lon="113.5185320">
    <ele>1479.6</ele>
   </trkpt>
   <trkpt lat="-7.9750830" lon="113.5185200">
    <ele>1480.1</ele>
   </trkpt>
   <trkpt lat="-7.9750720" lon="113.5184920">
    <ele>1478.3</ele>
   </trkpt>
   <trkpt lat="-7.9750500" lon="113.5184750">
    <ele>1478.3</ele>
   </trkpt>
   <trkpt lat="-7.9750320" lon="113.5184450">
    <ele>1477.1</ele>
   </trkpt>
   <trkpt lat="-7.9750120" lon="113.5184150">
    <ele>1475.3</ele>
   </trkpt>
   <trkpt lat="-7.9750070" lon="113.5183820">
    <ele>1475.3</ele>
   </trkpt>
   <trkpt lat="-7.9750000" lon="113.5183550">
    <ele>1474.5</ele>
   </trkpt>
   <trkpt lat="-7.9750070" lon="113.5183250">
    <ele>1473.0</ele>
   </trkpt>
   <trkpt lat="-7.9750170" lon="113.5182980">
    <ele>1473.0</ele>
   </trkpt>
   <trkpt lat="-7.9750500" lon="113.5182730">
    <ele>1471.3</ele>
   </trkpt>
   <trkpt lat="-7.9750750" lon="113.5182530">
    <ele>1471.3</ele>
   </trkpt>
   <trkpt lat="-7.9750920" lon="113.5182200">
    <ele>1469.5</ele>
   </trkpt>
   <trkpt lat="-7.9750730" lon="113.5181950">
    <ele>1468.9</ele>
   </trkpt>
   <trkpt lat="-7.9750580" lon="113.5181630">
    <ele>1467.4</ele>
   </trkpt>
   <trkpt lat="-7.9750400" lon="113.5181400">
    <ele>1468.1</ele>
   </trkpt>
   <trkpt lat="-7.9750250" lon="113.5181170">
    <ele>1466.6</ele>
   </trkpt>
   <trkpt lat="-7.9750270" lon="113.5180780">
    <ele>1465.1</ele>
   </trkpt>
   <trkpt lat="-7.9750020" lon="113.5180580">
    <ele>1465.7</ele>
   </trkpt>
   <trkpt lat="-7.9749800" lon="113.5180370">
    <ele>1464.0</ele>
   </trkpt>
   <trkpt lat="-7.9749630" lon="113.5180080">
    <ele>1464.0</ele>
   </trkpt>
   <trkpt lat="-7.9749350" lon="113.5179880">
    <ele>1462.5</ele>
   </trkpt>
   <trkpt lat="-7.9748980" lon="113.5179820">
    <ele>1462.8</ele>
   </trkpt>
   <trkpt lat="-7.9748680" lon="113.5179670">
    <ele>1463.0</ele>
   </trkpt>
   <trkpt lat="-7.9748380" lon="113.5179630">
    <ele>1463.0</ele>
   </trkpt>
   <trkpt lat="-7.9748070" lon="113.5179580">
    <ele>1463.2</ele>
   </trkpt>
   <trkpt lat="-7.9747720" lon="113.5179520">
    <ele>1463.2</ele>
   </trkpt>
   <trkpt lat="-7.9747300" lon="113.5179450">
    <ele>1461.5</ele>
   </trkpt>
   <trkpt lat="-7.9747000" lon="113.5179280">
    <ele>1461.5</ele>
   </trkpt>
   <trkpt lat="-7.9746820" lon="113.5178970">
    <ele>1459.7</ele>
   </trkpt>
   <trkpt lat="-7.9746580" lon="113.5178750">
    <ele>1460.0</ele>
   </trkpt>
   <trkpt lat="-7.9746330" lon="113.5178570">
    <ele>1458.3</ele>
   </trkpt>
   <trkpt lat="-7.9746080" lon="113.5178330">
    <ele>1459.4</ele>
   </trkpt>
   <trkpt lat="-7.9745830" lon="113.5178120">
    <ele>1457.7</ele>
   </trkpt>
   <trkpt lat="-7.9745580" lon="113.5177980">
    <ele>1458.8</ele>
   </trkpt>
   <trkpt lat="-7.9745250" lon="113.5177870">
    <ele>1459.9</ele>
   </trkpt>
   <trkpt lat="-7.9744980" lon="113.5177700">
    <ele>1458.3</ele>
   </trkpt>
   <trkpt lat="-7.9744770" lon="113.5177350">
    <ele>1457.9</ele>
   </trkpt>
   <trkpt lat="-7.9744500" lon="113.5176970">
    <ele>1458.6</ele>
   </trkpt>
   <trkpt lat="-7.9744270" lon="113.5176630">
    <ele>1456.9</ele>
   </trkpt>
   <trkpt lat="-7.9744000" lon="113.5176330">
    <ele>1455.8</ele>
   </trkpt>
   <trkpt lat="-7.9743670" lon="113.5176220">
    <ele>1455.8</ele>
   </trkpt>
   <trkpt lat="-7.9743380" lon="113.5175900">
    <ele>1454.4</ele>
   </trkpt>
   <trkpt lat="-7.9743130" lon="113.5175650">
    <ele>1452.7</ele>
   </trkpt>
   <trkpt lat="-7.9742880" lon="113.5175530">
    <ele>1452.7</ele>
   </trkpt>
   <trkpt lat="-7.9742600" lon="113.5175420">
    <ele>1452.2</ele>
   </trkpt>
   <trkpt lat="-7.9742330" lon="113.5175320">
    <ele>1451.7</ele>
   </trkpt>
   <trkpt lat="-7.9742050" lon="113.5174930">
    <ele>1449.8</ele>
   </trkpt>
   <trkpt lat="-7.9741770" lon="113.5174650">
    <ele>1447.3</ele>
   </trkpt>
   <trkpt lat="-7.9741450" lon="113.5174550">
    <ele>1446.3</ele>
   </trkpt>
   <trkpt lat="-7.9741070" lon="113.5174380">
    <ele>1444.6</ele>
   </trkpt>
   <trkpt lat="-7.9740730" lon="113.5174130">
    <ele>1442.9</ele>
   </trkpt>
   <trkpt lat="-7.9740520" lon="113.5173870">
    <ele>1439.8</ele>
   </trkpt>
   <trkpt lat="-7.9740400" lon="113.5173600">
    <ele>1439.8</ele>
   </trkpt>
   <trkpt lat="-7.9740130" lon="113.5173370">
    <ele>1437.0</ele>
   </trkpt>
   <trkpt lat="-7.9739530" lon="113.5173070">
    <ele>1434.4</ele>
   </trkpt>
   <trkpt lat="-7.9739380" lon="113.5172750">
    <ele>1433.6</ele>
   </trkpt>
   <trkpt lat="-7.9739130" lon="113.5172500">
    <ele>1432.3</ele>
   </trkpt>
   <trkpt lat="-7.9738930" lon="113.5172180">
    <ele>1430.4</ele>
   </trkpt>
   <trkpt lat="-7.9738630" lon="113.5172020">
    <ele>1430.4</ele>
   </trkpt>
   <trkpt lat="-7.9738370" lon="113.5171900">
    <ele>1429.8</ele>
   </trkpt>
   <trkpt lat="-7.9737820" lon="113.5171750">
    <ele>1428.4</ele>
   </trkpt>
   <trkpt lat="-7.9737500" lon="113.5171700">
    <ele>1428.1</ele>
   </trkpt>
   <trkpt lat="-7.9737150" lon="113.5171670">
    <ele>1427.8</ele>
   </trkpt>
   <trkpt lat="-7.9736750" lon="113.5171450">
    <ele>1427.5</ele>
   </trkpt>
   <trkpt lat="-7.9736380" lon="113.5171370">
    <ele>1427.3</ele>
   </trkpt>
   <trkpt lat="-7.9736100" lon="113.5171420">
    <ele>1427.3</ele>
   </trkpt>
   <trkpt lat="-7.9735730" lon="113.5171380">
    <ele>1427.0</ele>
   </trkpt>
   <trkpt lat="-7.9735320" lon="113.5171300">
    <ele>1425.7</ele>
   </trkpt>
   <trkpt lat="-7.9735000" lon="113.5171230">
    <ele>1425.6</ele>
   </trkpt>
   <trkpt lat="-7.9734870" lon="113.5170900">
    <ele>1424.5</ele>
   </trkpt>
   <trkpt lat="-7.9734430" lon="113.5170700">
    <ele>1424.4</ele>
   </trkpt>
   <trkpt lat="-7.9734200" lon="113.5170500">
    <ele>1423.3</ele>
   </trkpt>
   <trkpt lat="-7.9733970" lon="113.5170300">
    <ele>1423.3</ele>
   </trkpt>
   <trkpt lat="-7.9733700" lon="113.5170100">
    <ele>1423.3</ele>
   </trkpt>
   <trkpt lat="-7.9733420" lon="113.5169980">
    <ele>1422.5</ele>
   </trkpt>
   <trkpt lat="-7.9733130" lon="113.5170080">
    <ele>1423.2</ele>
   </trkpt>
   <trkpt lat="-7.9732750" lon="113.5170080">
    <ele>1423.0</ele>
   </trkpt>
   <trkpt lat="-7.9732420" lon="113.5170020">
    <ele>1422.1</ele>
   </trkpt>
   <trkpt lat="-7.9732020" lon="113.5169870">
    <ele>1421.7</ele>
   </trkpt>
   <trkpt lat="-7.9731680" lon="113.5169820">
    <ele>1421.3</ele>
   </trkpt>
   <trkpt lat="-7.9731420" lon="113.5169720">
    <ele>1421.3</ele>
   </trkpt>
   <trkpt lat="-7.9731030" lon="113.5169630">
    <ele>1421.0</ele>
   </trkpt>
   <trkpt lat="-7.9730780" lon="113.5169450">
    <ele>1420.8</ele>
   </trkpt>
   <trkpt lat="-7.9730580" lon="113.5169270">
    <ele>1420.8</ele>
   </trkpt>
   <trkpt lat="-7.9730330" lon="113.5169080">
    <ele>1420.3</ele>
   </trkpt>
   <trkpt lat="-7.9730200" lon="113.5168820">
    <ele>1420.3</ele>
   </trkpt>
   <trkpt lat="-7.9730070" lon="113.5168500">
    <ele>1420.0</ele>
   </trkpt>
   <trkpt lat="-7.9729930" lon="113.5168250">
    <ele>1418.7</ele>
   </trkpt>
   <trkpt lat="-7.9729800" lon="113.5167880">
    <ele>1417.4</ele>
   </trkpt>
   <trkpt lat="-7.9729720" lon="113.5167600">
    <ele>1417.4</ele>
   </trkpt>
   <trkpt lat="-7.9729750" lon="113.5167250">
    <ele>1416.1</ele>
   </trkpt>
   <trkpt lat="-7.9729700" lon="113.5166950">
    <ele>1414.8</ele>
   </trkpt>
   <trkpt lat="-7.9729370" lon="113.5166800">
    <ele>1414.2</ele>
   </trkpt>
   <trkpt lat="-7.9729200" lon="113.5166370">
    <ele>1410.8</ele>
   </trkpt>
   <trkpt lat="-7.9729070" lon="113.5166100">
    <ele>1408.2</ele>
   </trkpt>
   <trkpt lat="-7.9728920" lon="113.5165780">
    <ele>1405.6</ele>
   </trkpt>
   <trkpt lat="-7.9728680" lon="113.5165530">
    <ele>1404.4</ele>
   </trkpt>
   <trkpt lat="-7.9728470" lon="113.5165130">
    <ele>1402.0</ele>
   </trkpt>
   <trkpt lat="-7.9728200" lon="113.5164800">
    <ele>1398.4</ele>
   </trkpt>
   <trkpt lat="-7.9727880" lon="113.5164470">
    <ele>1395.1</ele>
   </trkpt>
   <trkpt lat="-7.9727600" lon="113.5164170">
    <ele>1395.1</ele>
   </trkpt>
   <trkpt lat="-7.9727250" lon="113.5163880">
    <ele>1392.6</ele>
   </trkpt>
   <trkpt lat="-7.9726980" lon="113.5163750">
    <ele>1392.5</ele>
   </trkpt>
   <trkpt lat="-7.9726720" lon="113.5163580">
    <ele>1390.5</ele>
   </trkpt>
   <trkpt lat="-7.9726420" lon="113.5163370">
    <ele>1390.6</ele>
   </trkpt>
   <trkpt lat="-7.9726120" lon="113.5163180">
    <ele>1389.6</ele>
   </trkpt>
   <trkpt lat="-7.9725830" lon="113.5162980">
    <ele>1389.6</ele>
   </trkpt>
   <trkpt lat="-7.9725520" lon="113.5162780">
    <ele>1389.4</ele>
   </trkpt>
   <trkpt lat="-7.9725130" lon="113.5162630">
    <ele>1390.4</ele>
   </trkpt>
   <trkpt lat="-7.9724770" lon="113.5162550">
    <ele>1391.4</ele>
   </trkpt>
   <trkpt lat="-7.9724450" lon="113.5162420">
    <ele>1392.3</ele>
   </trkpt>
   <trkpt lat="-7.9724150" lon="113.5162170">
    <ele>1391.8</ele>
   </trkpt>
   <trkpt lat="-7.9723770" lon="113.5161930">
    <ele>1392.1</ele>
   </trkpt>
   <trkpt lat="-7.9723330" lon="113.5161800">
    <ele>1391.8</ele>
   </trkpt>
   <trkpt lat="-7.9722980" lon="113.5161680">
    <ele>1392.1</ele>
   </trkpt>
   <trkpt lat="-7.9722570" lon="113.5161630">
    <ele>1392.1</ele>
   </trkpt>
   <trkpt lat="-7.9722220" lon="113.5161500">
    <ele>1391.7</ele>
   </trkpt>
   <trkpt lat="-7.9721900" lon="113.5161380">
    <ele>1390.5</ele>
   </trkpt>
   <trkpt lat="-7.9721600" lon="113.5161280">
    <ele>1390.5</ele>
   </trkpt>
   <trkpt lat="-7.9721270" lon="113.5161170">
    <ele>1389.9</ele>
   </trkpt>
   <trkpt lat="-7.9721020" lon="113.5160900">
    <ele>1388.9</ele>
   </trkpt>
   <trkpt lat="-7.9720520" lon="113.5160870">
    <ele>1388.3</ele>
   </trkpt>
   <trkpt lat="-7.9720220" lon="113.5160720">
    <ele>1387.7</ele>
   </trkpt>
   <trkpt lat="-7.9719950" lon="113.5160480">
    <ele>1387.7</ele>
   </trkpt>
   <trkpt lat="-7.9719500" lon="113.5160280">
    <ele>1387.1</ele>
   </trkpt>
   <trkpt lat="-7.9719270" lon="113.5160100">
    <ele>1386.6</ele>
   </trkpt>
   <trkpt lat="-7.9719070" lon="113.5159880">
    <ele>1386.6</ele>
   </trkpt>
   <trkpt lat="-7.9718880" lon="113.5159600">
    <ele>1385.8</ele>
   </trkpt>
   <trkpt lat="-7.9718820" lon="113.5159250">
    <ele>1385.5</ele>
   </trkpt>
   <trkpt lat="-7.9718880" lon="113.5158930">
    <ele>1385.5</ele>
   </trkpt>
   <trkpt lat="-7.9718670" lon="113.5158600">
    <ele>1385.1</ele>
   </trkpt>
   <trkpt lat="-7.9718600" lon="113.5158250">
    <ele>1384.5</ele>
   </trkpt>
   <trkpt lat="-7.9718470" lon="113.5158000">
    <ele>1382.8</ele>
   </trkpt>
   <trkpt lat="-7.9718170" lon="113.5157750">
    <ele>1382.8</ele>
   </trkpt>
   <trkpt lat="-7.9717920" lon="113.5157530">
    <ele>1381.1</ele>
   </trkpt>
   <trkpt lat="-7.9717580" lon="113.5157320">
    <ele>1380.1</ele>
   </trkpt>
   <trkpt lat="-7.9717170" lon="113.5157120">
    <ele>1378.2</ele>
   </trkpt>
   <trkpt lat="-7.9716920" lon="113.5157000">
    <ele>1378.2</ele>
   </trkpt>
   <trkpt lat="-7.9716780" lon="113.5156720">
    <ele>1376.3</ele>
   </trkpt>
   <trkpt lat="-7.9717070" lon="113.5156780">
    <ele>1378.2</ele>
   </trkpt>
   <trkpt lat="-7.9717400" lon="113.5156850">
    <ele>1379.2</ele>
   </trkpt>
   <trkpt lat="-7.9717800" lon="113.5156870">
    <ele>1380.1</ele>
   </trkpt>
   <trkpt lat="-7.9718080" lon="113.5156920">
    <ele>1380.1</ele>
   </trkpt>
   <trkpt lat="-7.9718450" lon="113.5156730">
    <ele>1379.4</ele>
   </trkpt>
   <trkpt lat="-7.9718770" lon="113.5156530">
    <ele>1379.8</ele>
   </trkpt>
   <trkpt lat="-7.9718870" lon="113.5156230">
    <ele>1378.2</ele>
   </trkpt>
   <trkpt lat="-7.9719020" lon="113.5155780">
    <ele>1376.7</ele>
   </trkpt>
   <trkpt lat="-7.9718730" lon="113.5155480">
    <ele>1374.8</ele>
   </trkpt>
   <trkpt lat="-7.9718470" lon="113.5155280">
    <ele>1374.4</ele>
   </trkpt>
   <trkpt lat="-7.9718200" lon="113.5155020">
    <ele>1372.6</ele>
   </trkpt>
   <trkpt lat="-7.9717930" lon="113.5154800">
    <ele>1372.1</ele>
   </trkpt>
   <trkpt lat="-7.9718020" lon="113.5154520">
    <ele>1370.3</ele>
   </trkpt>
   <trkpt lat="-7.9718220" lon="113.5154250">
    <ele>1370.7</ele>
   </trkpt>
   <trkpt lat="-7.9718450" lon="113.5154020">
    <ele>1368.7</ele>
   </trkpt>
   <trkpt lat="-7.9718720" lon="113.5153780">
    <ele>1369.0</ele>
   </trkpt>
   <trkpt lat="-7.9718930" lon="113.5153480">
    <ele>1366.9</ele>
   </trkpt>
   <trkpt lat="-7.9719030" lon="113.5153180">
    <ele>1364.6</ele>
   </trkpt>
   <trkpt lat="-7.9719270" lon="113.5152870">
    <ele>1362.4</ele>
   </trkpt>
   <trkpt lat="-7.9719350" lon="113.5152530">
    <ele>1362.4</ele>
   </trkpt>
   <trkpt lat="-7.9719280" lon="113.5152170">
    <ele>1360.3</ele>
   </trkpt>
   <trkpt lat="-7.9719080" lon="113.5151870">
    <ele>1358.3</ele>
   </trkpt>
   <trkpt lat="-7.9718750" lon="113.5151930">
    <ele>1358.7</ele>
   </trkpt>
   <trkpt lat="-7.9718430" lon="113.5151850">
    <ele>1359.1</ele>
   </trkpt>
   <trkpt lat="-7.9718380" lon="113.5151450">
    <ele>1357.4</ele>
   </trkpt>
   <trkpt lat="-7.9718170" lon="113.5151200">
    <ele>1357.4</ele>
   </trkpt>
   <trkpt lat="-7.9717780" lon="113.5151080">
    <ele>1356.3</ele>
   </trkpt>
   <trkpt lat="-7.9717430" lon="113.5150880">
    <ele>1356.7</ele>
   </trkpt>
   <trkpt lat="-7.9717250" lon="113.5150600">
    <ele>1356.1</ele>
   </trkpt>
   <trkpt lat="-7.9717020" lon="113.5150250">
    <ele>1355.1</ele>
   </trkpt>
   <trkpt lat="-7.9716820" lon="113.5149850">
    <ele>1354.8</ele>
   </trkpt>
   <trkpt lat="-7.9716650" lon="113.5149630">
    <ele>1354.8</ele>
   </trkpt>
   <trkpt lat="-7.9716420" lon="113.5149330">
    <ele>1354.4</ele>
   </trkpt>
   <trkpt lat="-7.9716280" lon="113.5149020">
    <ele>1353.3</ele>
   </trkpt>
   <trkpt lat="-7.9716100" lon="113.5148730">
    <ele>1353.3</ele>
   </trkpt>
   <trkpt lat="-7.9715870" lon="113.5148300">
    <ele>1352.5</ele>
   </trkpt>
   <trkpt lat="-7.9715620" lon="113.5147900">
    <ele>1351.2</ele>
   </trkpt>
   <trkpt lat="-7.9715470" lon="113.5147630">
    <ele>1350.3</ele>
   </trkpt>
   <trkpt lat="-7.9715150" lon="113.5147480">
    <ele>1350.5</ele>
   </trkpt>
   <trkpt lat="-7.9714900" lon="113.5147300">
    <ele>1349.1</ele>
   </trkpt>
   <trkpt lat="-7.9714620" lon="113.5147230">
    <ele>1349.1</ele>
   </trkpt>
   <trkpt lat="-7.9714320" lon="113.5147180">
    <ele>1348.9</ele>
   </trkpt>
   <trkpt lat="-7.9714080" lon="113.5147030">
    <ele>1348.9</ele>
   </trkpt>
   <trkpt lat="-7.9713780" lon="113.5146950">
    <ele>1348.7</ele>
   </trkpt>
   <trkpt lat="-7.9713600" lon="113.5146680">
    <ele>1347.4</ele>
   </trkpt>
   <trkpt lat="-7.9713420" lon="113.5146430">
    <ele>1345.9</ele>
   </trkpt>
   <trkpt lat="-7.9713300" lon="113.5146180">
    <ele>1345.9</ele>
   </trkpt>
   <trkpt lat="-7.9713100" lon="113.5145880">
    <ele>1344.5</ele>
   </trkpt>
   <trkpt lat="-7.9712830" lon="113.5145630">
    <ele>1344.5</ele>
   </trkpt>
   <trkpt lat="-7.9712600" lon="113.5145330">
    <ele>1343.1</ele>
   </trkpt>
   <trkpt lat="-7.9712430" lon="113.5145030">
    <ele>1341.7</ele>
   </trkpt>
   <trkpt lat="-7.9712270" lon="113.5144730">
    <ele>1340.2</ele>
   </trkpt>
   <trkpt lat="-7.9712050" lon="113.5144400">
    <ele>1340.5</ele>
   </trkpt>
   <trkpt lat="-7.9711770" lon="113.5144070">
    <ele>1339.2</ele>
   </trkpt>
   <trkpt lat="-7.9711600" lon="113.5143830">
    <ele>1337.8</ele>
   </trkpt>
   <trkpt lat="-7.9711400" lon="113.5143630">
    <ele>1337.8</ele>
   </trkpt>
   <trkpt lat="-7.9711120" lon="113.5143350">
    <ele>1336.5</ele>
   </trkpt>
   <trkpt lat="-7.9710920" lon="113.5143050">
    <ele>1336.6</ele>
   </trkpt>
   <trkpt lat="-7.9710680" lon="113.5142830">
    <ele>1335.1</ele>
   </trkpt>
   <trkpt lat="-7.9710370" lon="113.5142430">
    <ele>1333.6</ele>
   </trkpt>
   <trkpt lat="-7.9710200" lon="113.5142180">
    <ele>1332.1</ele>
   </trkpt>
   <trkpt lat="-7.9709920" lon="113.5141780">
    <ele>1332.2</ele>
   </trkpt>
   <trkpt lat="-7.9709750" lon="113.5141550">
    <ele>1330.8</ele>
   </trkpt>
   <trkpt lat="-7.9709580" lon="113.5141300">
    <ele>1329.7</ele>
   </trkpt>
   <trkpt lat="-7.9709320" lon="113.5140930">
    <ele>1329.7</ele>
   </trkpt>
   <trkpt lat="-7.9709150" lon="113.5140700">
    <ele>1328.8</ele>
   </trkpt>
   <trkpt lat="-7.9708920" lon="113.5140520">
    <ele>1328.8</ele>
   </trkpt>
   <trkpt lat="-7.9708620" lon="113.5140170">
    <ele>1328.0</ele>
   </trkpt>
   <trkpt lat="-7.9708400" lon="113.5139750">
    <ele>1327.0</ele>
   </trkpt>
   <trkpt lat="-7.9708150" lon="113.5139320">
    <ele>1326.3</ele>
   </trkpt>
   <trkpt lat="-7.9707880" lon="113.5138950">
    <ele>1325.7</ele>
   </trkpt>
   <trkpt lat="-7.9707670" lon="113.5138630">
    <ele>1325.0</ele>
   </trkpt>
   <trkpt lat="-7.9707430" lon="113.5138450">
    <ele>1325.2</ele>
   </trkpt>
   <trkpt lat="-7.9707100" lon="113.5138320">
    <ele>1324.6</ele>
   </trkpt>
   <trkpt lat="-7.9706750" lon="113.5138050">
    <ele>1324.6</ele>
   </trkpt>
   <trkpt lat="-7.9706480" lon="113.5137800">
    <ele>1323.6</ele>
   </trkpt>
   <trkpt lat="-7.9706250" lon="113.5137520">
    <ele>1322.9</ele>
   </trkpt>
   <trkpt lat="-7.9706050" lon="113.5137270">
    <ele>1321.9</ele>
   </trkpt>
   <trkpt lat="-7.9705780" lon="113.5136880">
    <ele>1319.7</ele>
   </trkpt>
   <trkpt lat="-7.9705570" lon="113.5136580">
    <ele>1318.6</ele>
   </trkpt>
   <trkpt lat="-7.9705300" lon="113.5136270">
    <ele>1317.2</ele>
   </trkpt>
   <trkpt lat="-7.9705020" lon="113.5135920">
    <ele>1316.0</ele>
   </trkpt>
   <trkpt lat="-7.9704750" lon="113.5135600">
    <ele>1313.4</ele>
   </trkpt>
   <trkpt lat="-7.9704600" lon="113.5135370">
    <ele>1313.4</ele>
   </trkpt>
   <trkpt lat="-7.9704370" lon="113.5135000">
    <ele>1310.8</ele>
   </trkpt>
   <trkpt lat="-7.9704200" lon="113.5134770">
    <ele>1309.5</ele>
   </trkpt>
   <trkpt lat="-7.9703970" lon="113.5134570">
    <ele>1308.3</ele>
   </trkpt>
   <trkpt lat="-7.9703720" lon="113.5134320">
    <ele>1307.1</ele>
   </trkpt>
   <trkpt lat="-7.9703500" lon="113.5133950">
    <ele>1304.7</ele>
   </trkpt>
   <trkpt lat="-7.9703280" lon="113.5133600">
    <ele>1303.6</ele>
   </trkpt>
   <trkpt lat="-7.9703130" lon="113.5133300">
    <ele>1302.5</ele>
   </trkpt>
   <trkpt lat="-7.9702970" lon="113.5133000">
    <ele>1301.6</ele>
   </trkpt>
   <trkpt lat="-7.9702870" lon="113.5132650">
    <ele>1300.7</ele>
   </trkpt>
   <trkpt lat="-7.9702900" lon="113.5132370">
    <ele>1300.7</ele>
   </trkpt>
   <trkpt lat="-7.9702930" lon="113.5132080">
    <ele>1299.4</ele>
   </trkpt>
   <trkpt lat="-7.9702800" lon="113.5131820">
    <ele>1297.5</ele>
   </trkpt>
   <trkpt lat="-7.9702680" lon="113.5131570">
    <ele>1297.5</ele>
   </trkpt>
   <trkpt lat="-7.9702430" lon="113.5131430">
    <ele>1295.9</ele>
   </trkpt>
   <trkpt lat="-7.9702130" lon="113.5131270">
    <ele>1295.4</ele>
   </trkpt>
   <trkpt lat="-7.9701770" lon="113.5131050">
    <ele>1294.8</ele>
   </trkpt>
   <trkpt lat="-7.9701470" lon="113.5131050">
    <ele>1294.0</ele>
   </trkpt>
   <trkpt lat="-7.9701200" lon="113.5131120">
    <ele>1294.0</ele>
   </trkpt>
   <trkpt lat="-7.9700770" lon="113.5131180">
    <ele>1293.2</ele>
   </trkpt>
   <trkpt lat="-7.9700400" lon="113.5131100">
    <ele>1292.4</ele>
   </trkpt>
   <trkpt lat="-7.9700430" lon="113.5130800">
    <ele>1291.3</ele>
   </trkpt>
   <trkpt lat="-7.9700450" lon="113.5130400">
    <ele>1290.1</ele>
   </trkpt>
   <trkpt lat="-7.9700670" lon="113.5130180">
    <ele>1290.1</ele>
   </trkpt>
   <trkpt lat="-7.9700870" lon="113.5129750">
    <ele>1289.2</ele>
   </trkpt>
   <trkpt lat="-7.9700930" lon="113.5129450">
    <ele>1287.6</ele>
   </trkpt>
   <trkpt lat="-7.9701020" lon="113.5129170">
    <ele>1285.9</ele>
   </trkpt>
   <trkpt lat="-7.9701080" lon="113.5128850">
    <ele>1284.2</ele>
   </trkpt>
   <trkpt lat="-7.9700880" lon="113.5128550">
    <ele>1284.1</ele>
   </trkpt>
   <trkpt lat="-7.9700580" lon="113.5128350">
    <ele>1282.3</ele>
   </trkpt>
   <trkpt lat="-7.9700150" lon="113.5128200">
    <ele>1282.2</ele>
   </trkpt>
   <trkpt lat="-7.9699770" lon="113.5128270">
    <ele>1282.1</ele>
   </trkpt>
   <trkpt lat="-7.9699450" lon="113.5128320">
    <ele>1281.7</ele>
   </trkpt>
   <trkpt lat="-7.9699250" lon="113.5128080">
    <ele>1281.7</ele>
   </trkpt>
   <trkpt lat="-7.9699070" lon="113.5127850">
    <ele>1279.8</ele>
   </trkpt>
   <trkpt lat="-7.9698850" lon="113.5127680">
    <ele>1279.2</ele>
   </trkpt>
   <trkpt lat="-7.9698680" lon="113.5127430">
    <ele>1277.4</ele>
   </trkpt>
   <trkpt lat="-7.9698750" lon="113.5127070">
    <ele>1275.3</ele>
   </trkpt>
   <trkpt lat="-7.9698850" lon="113.5126800">
    <ele>1275.3</ele>
   </trkpt>
   <trkpt lat="-7.9698980" lon="113.5126550">
    <ele>1273.1</ele>
   </trkpt>
   <trkpt lat="-7.9699180" lon="113.5126250">
    <ele>1270.6</ele>
   </trkpt>
   <trkpt lat="-7.9698950" lon="113.5126100">
    <ele>1270.8</ele>
   </trkpt>
   <trkpt lat="-7.9698680" lon="113.5125950">
    <ele>1270.8</ele>
   </trkpt>
   <trkpt lat="-7.9698530" lon="113.5126250">
    <ele>1270.9</ele>
   </trkpt>
   <trkpt lat="-7.9698270" lon="113.5126500">
    <ele>1272.8</ele>
   </trkpt>
   <trkpt lat="-7.9698350" lon="113.5126900">
    <ele>1274.5</ele>
   </trkpt>
   <trkpt lat="-7.9698600" lon="113.5126650">
    <ele>1272.7</ele>
   </trkpt>
   <trkpt lat="-7.9698830" lon="113.5126380">
    <ele>1272.7</ele>
   </trkpt>
   <trkpt lat="-7.9698780" lon="113.5125930">
    <ele>1270.4</ele>
   </trkpt>
   <trkpt lat="-7.9698800" lon="113.5125580">
    <ele>1268.3</ele>
   </trkpt>
   <trkpt lat="-7.9698750" lon="113.5125270">
    <ele>1266.3</ele>
   </trkpt>
   <trkpt lat="-7.9698650" lon="113.5124980">
    <ele>1264.4</ele>
   </trkpt>
   <trkpt lat="-7.9698350" lon="113.5124880">
    <ele>1264.8</ele>
   </trkpt>
   <trkpt lat="-7.9698050" lon="113.5124970">
    <ele>1265.0</ele>
   </trkpt>
   <trkpt lat="-7.9697650" lon="113.5124930">
    <ele>1264.7</ele>
   </trkpt>
   <trkpt lat="-7.9697330" lon="113.5124900">
    <ele>1264.7</ele>
   </trkpt>
   <trkpt lat="-7.9697020" lon="113.5124970">
    <ele>1264.0</ele>
   </trkpt>
   <trkpt lat="-7.9696520" lon="113.5124970">
    <ele>1262.9</ele>
   </trkpt>
   <trkpt lat="-7.9696120" lon="113.5125050">
    <ele>1263.7</ele>
   </trkpt>
   <trkpt lat="-7.9696130" lon="113.5124630">
    <ele>1261.3</ele>
   </trkpt>
   <trkpt lat="-7.9696180" lon="113.5124320">
    <ele>1258.7</ele>
   </trkpt>
   <trkpt lat="-7.9696430" lon="113.5124150">
    <ele>1256.0</ele>
   </trkpt>
   <trkpt lat="-7.9696580" lon="113.5123850">
    <ele>1257.6</ele>
   </trkpt>
   <trkpt lat="-7.9696550" lon="113.5123480">
    <ele>1255.0</ele>
   </trkpt>
   <trkpt lat="-7.9696330" lon="113.5123200">
    <ele>1251.0</ele>
   </trkpt>
   <trkpt lat="-7.9696050" lon="113.5123050">
    <ele>1249.3</ele>
   </trkpt>
   <trkpt lat="-7.9695670" lon="113.5122930">
    <ele>1249.3</ele>
   </trkpt>
   <trkpt lat="-7.9695430" lon="113.5122750">
    <ele>1245.6</ele>
   </trkpt>
   <trkpt lat="-7.9695650" lon="113.5122480">
    <ele>1247.1</ele>
   </trkpt>
   <trkpt lat="-7.9695850" lon="113.5122200">
    <ele>1245.2</ele>
   </trkpt>
   <trkpt lat="-7.9696050" lon="113.5121950">
    <ele>1243.4</ele>
   </trkpt>
   <trkpt lat="-7.9696220" lon="113.5121730">
    <ele>1244.7</ele>
   </trkpt>
   <trkpt lat="-7.9696480" lon="113.5121470">
    <ele>1244.2</ele>
   </trkpt>
   <trkpt lat="-7.9696470" lon="113.5121170">
    <ele>1242.9</ele>
   </trkpt>
   <trkpt lat="-7.9696230" lon="113.5120900">
    <ele>1241.3</ele>
   </trkpt>
   <trkpt lat="-7.9695880" lon="113.5120570">
    <ele>1238.6</ele>
   </trkpt>
   <trkpt lat="-7.9695570" lon="113.5120280">
    <ele>1235.7</ele>
   </trkpt>
   <trkpt lat="-7.9695250" lon="113.5119920">
    <ele>1235.7</ele>
   </trkpt>
   <trkpt lat="-7.9695050" lon="113.5119480">
    <ele>1232.6</ele>
   </trkpt>
   <trkpt lat="-7.9694850" lon="113.5119130">
    <ele>1230.8</ele>
   </trkpt>
   <trkpt lat="-7.9694620" lon="113.5118770">
    <ele>1227.5</ele>
   </trkpt>
   <trkpt lat="-7.9694350" lon="113.5118450">
    <ele>1224.6</ele>
   </trkpt>
   <trkpt lat="-7.9694100" lon="113.5118070">
    <ele>1222.5</ele>
   </trkpt>
   <trkpt lat="-7.9693880" lon="113.5117630">
    <ele>1220.4</ele>
   </trkpt>
   <trkpt lat="-7.9693670" lon="113.5117250">
    <ele>1218.5</ele>
   </trkpt>
   <trkpt lat="-7.9693420" lon="113.5116830">
    <ele>1217.3</ele>
   </trkpt>
   <trkpt lat="-7.9693300" lon="113.5116380">
    <ele>1215.6</ele>
   </trkpt>
   <trkpt lat="-7.9693200" lon="113.5115870">
    <ele>1213.8</ele>
   </trkpt>
   <trkpt lat="-7.9693200" lon="113.5115580">
    <ele>1213.8</ele>
   </trkpt>
   <trkpt lat="-7.9693080" lon="113.5115080">
    <ele>1210.0</ele>
   </trkpt>
   <trkpt lat="-7.9692950" lon="113.5114830">
    <ele>1211.2</ele>
   </trkpt>
   <trkpt lat="-7.9692820" lon="113.5114530">
    <ele>1209.2</ele>
   </trkpt>
   <trkpt lat="-7.9692700" lon="113.5114280">
    <ele>1207.1</ele>
   </trkpt>
   <trkpt lat="-7.9692480" lon="113.5113830">
    <ele>1206.2</ele>
   </trkpt>
   <trkpt lat="-7.9692320" lon="113.5113430">
    <ele>1204.2</ele>
   </trkpt>
   <trkpt lat="-7.9692280" lon="113.5113050">
    <ele>1204.2</ele>
   </trkpt>
   <trkpt lat="-7.9692170" lon="113.5112620">
    <ele>1203.6</ele>
   </trkpt>
   <trkpt lat="-7.9691980" lon="113.5112180">
    <ele>1202.1</ele>
   </trkpt>
   <trkpt lat="-7.9691870" lon="113.5111770">
    <ele>1200.7</ele>
   </trkpt>
   <trkpt lat="-7.9691750" lon="113.5111280">
    <ele>1200.4</ele>
   </trkpt>
   <trkpt lat="-7.9691550" lon="113.5110870">
    <ele>1200.3</ele>
   </trkpt>
   <trkpt lat="-7.9691580" lon="113.5110380">
    <ele>1199.1</ele>
   </trkpt>
   <trkpt lat="-7.9691550" lon="113.5109980">
    <ele>1198.6</ele>
   </trkpt>
   <trkpt lat="-7.9691430" lon="113.5109600">
    <ele>1198.6</ele>
   </trkpt>
   <trkpt lat="-7.9691320" lon="113.5109150">
    <ele>1199.9</ele>
   </trkpt>
   <trkpt lat="-7.9691250" lon="113.5108670">
    <ele>1199.5</ele>
   </trkpt>
   <trkpt lat="-7.9691120" lon="113.5108250">
    <ele>1199.5</ele>
   </trkpt>
   <trkpt lat="-7.9690900" lon="113.5107820">
    <ele>1201.3</ele>
   </trkpt>
   <trkpt lat="-7.9690700" lon="113.5107470">
    <ele>1201.2</ele>
   </trkpt>
   <trkpt lat="-7.9690420" lon="113.5107020">
    <ele>1203.4</ele>
   </trkpt>
   <trkpt lat="-7.9690120" lon="113.5106630">
    <ele>1204.0</ele>
   </trkpt>
   <trkpt lat="-7.9689970" lon="113.5106370">
    <ele>1205.5</ele>
   </trkpt>
   <trkpt lat="-7.9689770" lon="113.5106020">
    <ele>1205.9</ele>
   </trkpt>
   <trkpt lat="-7.9689580" lon="113.5105580">
    <ele>1207.0</ele>
   </trkpt>
   <trkpt lat="-7.9689380" lon="113.5105200">
    <ele>1206.7</ele>
   </trkpt>
   <trkpt lat="-7.9689130" lon="113.5104730">
    <ele>1207.1</ele>
   </trkpt>
   <trkpt lat="-7.9688850" lon="113.5104420">
    <ele>1207.1</ele>
   </trkpt>
   <trkpt lat="-7.9688580" lon="113.5104120">
    <ele>1207.0</ele>
   </trkpt>
   <trkpt lat="-7.9688330" lon="113.5103850">
    <ele>1207.0</ele>
   </trkpt>
   <trkpt lat="-7.9688000" lon="113.5103700">
    <ele>1206.9</ele>
   </trkpt>
   <trkpt lat="-7.9687670" lon="113.5103450">
    <ele>1206.9</ele>
   </trkpt>
   <trkpt lat="-7.9687430" lon="113.5103270">
    <ele>1207.5</ele>
   </trkpt>
   <trkpt lat="-7.9687180" lon="113.5103030">
    <ele>1207.0</ele>
   </trkpt>
   <trkpt lat="-7.9687020" lon="113.5102730">
    <ele>1207.6</ele>
   </trkpt>
   <trkpt lat="-7.9687030" lon="113.5102380">
    <ele>1207.3</ele>
   </trkpt>
   <trkpt lat="-7.9686780" lon="113.5102120">
    <ele>1206.9</ele>
   </trkpt>
   <trkpt lat="-7.9686500" lon="113.5101600">
    <ele>1207.4</ele>
   </trkpt>
   <trkpt lat="-7.9686230" lon="113.5101280">
    <ele>1208.1</ele>
   </trkpt>
   <trkpt lat="-7.9685980" lon="113.5100950">
    <ele>1208.0</ele>
   </trkpt>
   <trkpt lat="-7.9685730" lon="113.5100650">
    <ele>1208.9</ele>
   </trkpt>
   <trkpt lat="-7.9685520" lon="113.5100400">
    <ele>1208.7</ele>
   </trkpt>
   <trkpt lat="-7.9685350" lon="113.5100170">
    <ele>1209.6</ele>
   </trkpt>
   <trkpt lat="-7.9685180" lon="113.5099820">
    <ele>1209.3</ele>
   </trkpt>
   <trkpt lat="-7.9685050" lon="113.5099480">
    <ele>1208.8</ele>
   </trkpt>
   <trkpt lat="-7.9684930" lon="113.5099130">
    <ele>1209.0</ele>
   </trkpt>
   <trkpt lat="-7.9684820" lon="113.5098700">
    <ele>1208.0</ele>
   </trkpt>
   <trkpt lat="-7.9684650" lon="113.5098280">
    <ele>1207.0</ele>
   </trkpt>
   <trkpt lat="-7.9684530" lon="113.5098030">
    <ele>1208.0</ele>
   </trkpt>
   <trkpt lat="-7.9684370" lon="113.5097570">
    <ele>1207.1</ele>
   </trkpt>
   <trkpt lat="-7.9684220" lon="113.5097180">
    <ele>1206.2</ele>
   </trkpt>
   <trkpt lat="-7.9684020" lon="113.5096770">
    <ele>1206.1</ele>
   </trkpt>
   <trkpt lat="-7.9683780" lon="113.5096280">
    <ele>1205.5</ele>
   </trkpt>
   <trkpt lat="-7.9683580" lon="113.5095800">
    <ele>1205.4</ele>
   </trkpt>
   <trkpt lat="-7.9683380" lon="113.5095330">
    <ele>1205.2</ele>
   </trkpt>
   <trkpt lat="-7.9683150" lon="113.5094900">
    <ele>1205.8</ele>
   </trkpt>
   <trkpt lat="-7.9682850" lon="113.5094700">
    <ele>1206.3</ele>
   </trkpt>
   <trkpt lat="-7.9682470" lon="113.5094450">
    <ele>1206.2</ele>
   </trkpt>
   <trkpt lat="-7.9682120" lon="113.5094200">
    <ele>1206.4</ele>
   </trkpt>
   <trkpt lat="-7.9681750" lon="113.5094100">
    <ele>1206.2</ele>
   </trkpt>
   <trkpt lat="-7.9681320" lon="113.5093830">
    <ele>1206.1</ele>
   </trkpt>
   <trkpt lat="-7.9681080" lon="113.5093620">
    <ele>1205.5</ele>
   </trkpt>
   <trkpt lat="-7.9680780" lon="113.5093320">
    <ele>1205.5</ele>
   </trkpt>
   <trkpt lat="-7.9680530" lon="113.5093070">
    <ele>1204.9</ele>
   </trkpt>
   <trkpt lat="-7.9680230" lon="113.5092730">
    <ele>1204.2</ele>
   </trkpt>
   <trkpt lat="-7.9679900" lon="113.5092500">
    <ele>1204.0</ele>
   </trkpt>
   <trkpt lat="-7.9679620" lon="113.5092250">
    <ele>1203.7</ele>
   </trkpt>
   <trkpt lat="-7.9679320" lon="113.5091950">
    <ele>1203.6</ele>
   </trkpt>
   <trkpt lat="-7.9678850" lon="113.5091630">
    <ele>1203.9</ele>
   </trkpt>
   <trkpt lat="-7.9678550" lon="113.5091480">
    <ele>1203.9</ele>
   </trkpt>
   <trkpt lat="-7.9678180" lon="113.5091280">
    <ele>1204.0</ele>
   </trkpt>
   <trkpt lat="-7.9677850" lon="113.5091150">
    <ele>1204.0</ele>
   </trkpt>
   <trkpt lat="-7.9677630" lon="113.5090880">
    <ele>1203.7</ele>
   </trkpt>
   <trkpt lat="-7.9677420" lon="113.5090550">
    <ele>1203.0</ele>
   </trkpt>
   <trkpt lat="-7.9677170" lon="113.5090200">
    <ele>1202.5</ele>
   </trkpt>
   <trkpt lat="-7.9676970" lon="113.5089920">
    <ele>1202.5</ele>
   </trkpt>
   <trkpt lat="-7.9676700" lon="113.5089800">
    <ele>1201.9</ele>
   </trkpt>
   <trkpt lat="-7.9676250" lon="113.5089730">
    <ele>1201.9</ele>
   </trkpt>
   <trkpt lat="-7.9675980" lon="113.5089630">
    <ele>1201.6</ele>
   </trkpt>
   <trkpt lat="-7.9675630" lon="113.5089500">
    <ele>1201.1</ele>
   </trkpt>
   <trkpt lat="-7.9675270" lon="113.5089280">
    <ele>1200.6</ele>
   </trkpt>
   <trkpt lat="-7.9674950" lon="113.5089120">
    <ele>1199.8</ele>
   </trkpt>
   <trkpt lat="-7.9674580" lon="113.5088920">
    <ele>1198.2</ele>
   </trkpt>
   <trkpt lat="-7.9674200" lon="113.5088720">
    <ele>1197.0</ele>
   </trkpt>
   <trkpt lat="-7.9673780" lon="113.5088500">
    <ele>1195.1</ele>
   </trkpt>
   <trkpt lat="-7.9673370" lon="113.5088330">
    <ele>1193.9</ele>
   </trkpt>
   <trkpt lat="-7.9672950" lon="113.5088080">
    <ele>1192.1</ele>
   </trkpt>
   <trkpt lat="-7.9672570" lon="113.5087720">
    <ele>1191.1</ele>
   </trkpt>
   <trkpt lat="-7.9672370" lon="113.5087420">
    <ele>1190.4</ele>
   </trkpt>
   <trkpt lat="-7.9672050" lon="113.5087230">
    <ele>1189.0</ele>
   </trkpt>
   <trkpt lat="-7.9671750" lon="113.5087150">
    <ele>1188.5</ele>
   </trkpt>
   <trkpt lat="-7.9671400" lon="113.5087070">
    <ele>1188.0</ele>
   </trkpt>
   <trkpt lat="-7.9671050" lon="113.5086850">
    <ele>1188.0</ele>
   </trkpt>
   <trkpt lat="-7.9670680" lon="113.5086630">
    <ele>1187.4</ele>
   </trkpt>
   <trkpt lat="-7.9670270" lon="113.5086520">
    <ele>1187.1</ele>
   </trkpt>
   <trkpt lat="-7.9669800" lon="113.5086320">
    <ele>1186.7</ele>
   </trkpt>
   <trkpt lat="-7.9669580" lon="113.5086100">
    <ele>1186.5</ele>
   </trkpt>
   <trkpt lat="-7.9669180" lon="113.5085820">
    <ele>1186.0</ele>
   </trkpt>
   <trkpt lat="-7.9668850" lon="113.5085650">
    <ele>1185.8</ele>
   </trkpt>
   <trkpt lat="-7.9668430" lon="113.5085420">
    <ele>1185.5</ele>
   </trkpt>
   <trkpt lat="-7.9667950" lon="113.5085230">
    <ele>1184.5</ele>
   </trkpt>
   <trkpt lat="-7.9667600" lon="113.5085320">
    <ele>1184.5</ele>
   </trkpt>
   <trkpt lat="-7.9667270" lon="113.5085520">
    <ele>1183.8</ele>
   </trkpt>
   <trkpt lat="-7.9667000" lon="113.5085730">
    <ele>1183.1</ele>
   </trkpt>
   <trkpt lat="-7.9666750" lon="113.5086000">
    <ele>1182.9</ele>
   </trkpt>
   <trkpt lat="-7.9666620" lon="113.5086350">
    <ele>1182.2</ele>
   </trkpt>
   <trkpt lat="-7.9666280" lon="113.5086570">
    <ele>1181.4</ele>
   </trkpt>
   <trkpt lat="-7.9666000" lon="113.5086520">
    <ele>1181.4</ele>
   </trkpt>
   <trkpt lat="-7.9665570" lon="113.5086430">
    <ele>1180.9</ele>
   </trkpt>
   <trkpt lat="-7.9665130" lon="113.5086380">
    <ele>1180.8</ele>
   </trkpt>
   <trkpt lat="-7.9664580" lon="113.5086400">
    <ele>1179.2</ele>
   </trkpt>
   <trkpt lat="-7.9664280" lon="113.5086430">
    <ele>1179.2</ele>
   </trkpt>
   <trkpt lat="-7.9663820" lon="113.5086430">
    <ele>1178.4</ele>
   </trkpt>
   <trkpt lat="-7.9663350" lon="113.5086380">
    <ele>1178.1</ele>
   </trkpt>
   <trkpt lat="-7.9663080" lon="113.5086330">
    <ele>1176.8</ele>
   </trkpt>
   <trkpt lat="-7.9662770" lon="113.5086270">
    <ele>1175.3</ele>
   </trkpt>
   <trkpt lat="-7.9662500" lon="113.5086200">
    <ele>1175.3</ele>
   </trkpt>
   <trkpt lat="-7.9662130" lon="113.5086130">
    <ele>1173.6</ele>
   </trkpt>
   <trkpt lat="-7.9661800" lon="113.5086070">
    <ele>1172.2</ele>
   </trkpt>
   <trkpt lat="-7.9661580" lon="113.5085700">
    <ele>1171.3</ele>
   </trkpt>
   <trkpt lat="-7.9661330" lon="113.5085300">
    <ele>1171.3</ele>
   </trkpt>
   <trkpt lat="-7.9661150" lon="113.5084970">
    <ele>1170.6</ele>
   </trkpt>
   <trkpt lat="-7.9661030" lon="113.5084700">
    <ele>1170.6</ele>
   </trkpt>
   <trkpt lat="-7.9660800" lon="113.5084480">
    <ele>1170.5</ele>
   </trkpt>
   <trkpt lat="-7.9660480" lon="113.5084170">
    <ele>1169.9</ele>
   </trkpt>
   <trkpt lat="-7.9660330" lon="113.5083870">
    <ele>1169.6</ele>
   </trkpt>
   <trkpt lat="-7.9660420" lon="113.5083480">
    <ele>1169.8</ele>
   </trkpt>
   <trkpt lat="-7.9660580" lon="113.5083120">
    <ele>1169.6</ele>
   </trkpt>
   <trkpt lat="-7.9660900" lon="113.5082800">
    <ele>1169.8</ele>
   </trkpt>
   <trkpt lat="-7.9661200" lon="113.5082520">
    <ele>1169.5</ele>
   </trkpt>
   <trkpt lat="-7.9661050" lon="113.5082170">
    <ele>1169.5</ele>
   </trkpt>
   <trkpt lat="-7.9660900" lon="113.5081720">
    <ele>1169.0</ele>
   </trkpt>
   <trkpt lat="-7.9660620" lon="113.5081470">
    <ele>1167.8</ele>
   </trkpt>
   <trkpt lat="-7.9660550" lon="113.5081030">
    <ele>1167.1</ele>
   </trkpt>
   <trkpt lat="-7.9660500" lon="113.5080580">
    <ele>1166.3</ele>
   </trkpt>
   <trkpt lat="-7.9660470" lon="113.5080170">
    <ele>1165.6</ele>
   </trkpt>
   <trkpt lat="-7.9660470" lon="113.5079830">
    <ele>1164.8</ele>
   </trkpt>
   <trkpt lat="-7.9660430" lon="113.5079370">
    <ele>1164.0</ele>
   </trkpt>
   <trkpt lat="-7.9660450" lon="113.5078970">
    <ele>1163.1</ele>
   </trkpt>
   <trkpt lat="-7.9660300" lon="113.5078600">
    <ele>1161.5</ele>
   </trkpt>
   <trkpt lat="-7.9660150" lon="113.5078180">
    <ele>1160.5</ele>
   </trkpt>
   <trkpt lat="-7.9660130" lon="113.5077780">
    <ele>1159.5</ele>
   </trkpt>
   <trkpt lat="-7.9660070" lon="113.5077470">
    <ele>1159.5</ele>
   </trkpt>
   <trkpt lat="-7.9659980" lon="113.5077020">
    <ele>1158.5</ele>
   </trkpt>
   <trkpt lat="-7.9659850" lon="113.5076550">
    <ele>1156.8</ele>
   </trkpt>
   <trkpt lat="-7.9659700" lon="113.5076320">
    <ele>1156.0</ele>
   </trkpt>
   <trkpt lat="-7.9659570" lon="113.5076020">
    <ele>1155.4</ele>
   </trkpt>
   <trkpt lat="-7.9659270" lon="113.5075870">
    <ele>1154.7</ele>
   </trkpt>
   <trkpt lat="-7.9659180" lon="113.5075500">
    <ele>1154.2</ele>
   </trkpt>
   <trkpt lat="-7.9659100" lon="113.5075230">
    <ele>1153.9</ele>
   </trkpt>
   <trkpt lat="-7.9658980" lon="113.5074880">
    <ele>1153.1</ele>
   </trkpt>
   <trkpt lat="-7.9658650" lon="113.5074450">
    <ele>1151.9</ele>
   </trkpt>
   <trkpt lat="-7.9658500" lon="113.5074000">
    <ele>1151.3</ele>
   </trkpt>
   <trkpt lat="-7.9658280" lon="113.5073550">
    <ele>1150.7</ele>
   </trkpt>
   <trkpt lat="-7.9658070" lon="113.5073180">
    <ele>1149.0</ele>
   </trkpt>
   <trkpt lat="-7.9657900" lon="113.5072950">
    <ele>1148.0</ele>
   </trkpt>
   <trkpt lat="-7.9657650" lon="113.5072770">
    <ele>1147.0</ele>
   </trkpt>
   <trkpt lat="-7.9657270" lon="113.5072580">
    <ele>1144.7</ele>
   </trkpt>
   <trkpt lat="-7.9656900" lon="113.5072370">
    <ele>1143.6</ele>
   </trkpt>
   <trkpt lat="-7.9656600" lon="113.5072050">
    <ele>1142.3</ele>
   </trkpt>
   <trkpt lat="-7.9656330" lon="113.5071770">
    <ele>1140.3</ele>
   </trkpt>
   <trkpt lat="-7.9656000" lon="113.5071430">
    <ele>1139.9</ele>
   </trkpt>
   <trkpt lat="-7.9655870" lon="113.5071050">
    <ele>1138.9</ele>
   </trkpt>
   <trkpt lat="-7.9655830" lon="113.5070750">
    <ele>1138.0</ele>
   </trkpt>
   <trkpt lat="-7.9655720" lon="113.5070300">
    <ele>1137.0</ele>
   </trkpt>
   <trkpt lat="-7.9655570" lon="113.5069850">
    <ele>1136.1</ele>
   </trkpt>
   <trkpt lat="-7.9655350" lon="113.5069420">
    <ele>1135.0</ele>
   </trkpt>
   <trkpt lat="-7.9655280" lon="113.5069080">
    <ele>1133.6</ele>
   </trkpt>
   <trkpt lat="-7.9655350" lon="113.5068630">
    <ele>1132.0</ele>
   </trkpt>
   <trkpt lat="-7.9655630" lon="113.5068470">
    <ele>1132.0</ele>
   </trkpt>
   <trkpt lat="-7.9655970" lon="113.5068500">
    <ele>1132.0</ele>
   </trkpt>
   <trkpt lat="-7.9656370" lon="113.5068380">
    <ele>1131.8</ele>
   </trkpt>
   <trkpt lat="-7.9656530" lon="113.5068070">
    <ele>1130.1</ele>
   </trkpt>
   <trkpt lat="-7.9656700" lon="113.5067750">
    <ele>1128.3</ele>
   </trkpt>
   <trkpt lat="-7.9656850" lon="113.5067400">
    <ele>1126.4</ele>
   </trkpt>
   <trkpt lat="-7.9657130" lon="113.5067120">
    <ele>1126.4</ele>
   </trkpt>
   <trkpt lat="-7.9657500" lon="113.5066830">
    <ele>1124.2</ele>
   </trkpt>
   <trkpt lat="-7.9657820" lon="113.5066500">
    <ele>1121.9</ele>
   </trkpt>
   <trkpt lat="-7.9658200" lon="113.5066150">
    <ele>1119.3</ele>
   </trkpt>
   <trkpt lat="-7.9658420" lon="113.5065980">
    <ele>1119.6</ele>
   </trkpt>
   <trkpt lat="-7.9658750" lon="113.5065600">
    <ele>1117.7</ele>
   </trkpt>
   <trkpt lat="-7.9659100" lon="113.5065230">
    <ele>1116.4</ele>
   </trkpt>
   <trkpt lat="-7.9659480" lon="113.5064950">
    <ele>1116.4</ele>
   </trkpt>
   <trkpt lat="-7.9659830" lon="113.5064780">
    <ele>1115.5</ele>
   </trkpt>
   <trkpt lat="-7.9660230" lon="113.5064550">
    <ele>1117.1</ele>
   </trkpt>
   <trkpt lat="-7.9660400" lon="113.5064180">
    <ele>1116.9</ele>
   </trkpt>
   <trkpt lat="-7.9660380" lon="113.5063700">
    <ele>1115.1</ele>
   </trkpt>
   <trkpt lat="-7.9660320" lon="113.5063200">
    <ele>1110.4</ele>
   </trkpt>
   <trkpt lat="-7.9660200" lon="113.5062920">
    <ele>1110.4</ele>
   </trkpt>
   <trkpt lat="-7.9660000" lon="113.5062720">
    <ele>1109.3</ele>
   </trkpt>
   <trkpt lat="-7.9659730" lon="113.5062300">
    <ele>1107.4</ele>
   </trkpt>
   <trkpt lat="-7.9659650" lon="113.5062030">
    <ele>1107.4</ele>
   </trkpt>
   <trkpt lat="-7.9659580" lon="113.5061750">
    <ele>1107.0</ele>
   </trkpt>
   <trkpt lat="-7.9659500" lon="113.5061480">
    <ele>1106.1</ele>
   </trkpt>
   <trkpt lat="-7.9659480" lon="113.5061200">
    <ele>1106.1</ele>
   </trkpt>
   <trkpt lat="-7.9659570" lon="113.5060920">
    <ele>1106.6</ele>
   </trkpt>
   <trkpt lat="-7.9659830" lon="113.5060500">
    <ele>1106.5</ele>
   </trkpt>
   <trkpt lat="-7.9660030" lon="113.5060030">
    <ele>1106.8</ele>
   </trkpt>
   <trkpt lat="-7.9660100" lon="113.5059520">
    <ele>1106.3</ele>
   </trkpt>
   <trkpt lat="-7.9660120" lon="113.5059000">
    <ele>1105.7</ele>
   </trkpt>
   <trkpt lat="-7.9660150" lon="113.5058720">
    <ele>1105.1</ele>
   </trkpt>
   <trkpt lat="-7.9660130" lon="113.5058180">
    <ele>1104.4</ele>
   </trkpt>
   <trkpt lat="-7.9660200" lon="113.5057680">
    <ele>1103.7</ele>
   </trkpt>
   <trkpt lat="-7.9660230" lon="113.5057170">
    <ele>1102.1</ele>
   </trkpt>
   <trkpt lat="-7.9660170" lon="113.5056700">
    <ele>1101.1</ele>
   </trkpt>
   <trkpt lat="-7.9660120" lon="113.5056170">
    <ele>1100.1</ele>
   </trkpt>
   <trkpt lat="-7.9660050" lon="113.5055620">
    <ele>1099.1</ele>
   </trkpt>
   <trkpt lat="-7.9660030" lon="113.5055320">
    <ele>1098.0</ele>
   </trkpt>
   <trkpt lat="-7.9660030" lon="113.5055030">
    <ele>1097.1</ele>
   </trkpt>
   <trkpt lat="-7.9660080" lon="113.5054750">
    <ele>1097.1</ele>
   </trkpt>
   <trkpt lat="-7.9660130" lon="113.5054450">
    <ele>1096.2</ele>
   </trkpt>
   <trkpt lat="-7.9660170" lon="113.5053900">
    <ele>1095.2</ele>
   </trkpt>
   <trkpt lat="-7.9660200" lon="113.5053620">
    <ele>1094.2</ele>
   </trkpt>
   <trkpt lat="-7.9660280" lon="113.5053130">
    <ele>1093.0</ele>
   </trkpt>
   <trkpt lat="-7.9660350" lon="113.5052630">
    <ele>1091.6</ele>
   </trkpt>
   <trkpt lat="-7.9660350" lon="113.5052170">
    <ele>1090.2</ele>
   </trkpt>
   <trkpt lat="-7.9660330" lon="113.5051650">
    <ele>1089.0</ele>
   </trkpt>
   <trkpt lat="-7.9660280" lon="113.5051170">
    <ele>1087.1</ele>
   </trkpt>
   <trkpt lat="-7.9660230" lon="113.5050680">
    <ele>1086.6</ele>
   </trkpt>
   <trkpt lat="-7.9660230" lon="113.5050180">
    <ele>1086.3</ele>
   </trkpt>
   <trkpt lat="-7.9660180" lon="113.5049720">
    <ele>1086.2</ele>
   </trkpt>
   <trkpt lat="-7.9660170" lon="113.5049200">
    <ele>1086.2</ele>
   </trkpt>
   <trkpt lat="-7.9660120" lon="113.5048680">
    <ele>1086.2</ele>
   </trkpt>
   <trkpt lat="-7.9660100" lon="113.5048170">
    <ele>1086.0</ele>
   </trkpt>
   <trkpt lat="-7.9660100" lon="113.5047880">
    <ele>1086.0</ele>
   </trkpt>
   <trkpt lat="-7.9660120" lon="113.5047370">
    <ele>1085.7</ele>
   </trkpt>
   <trkpt lat="-7.9660150" lon="113.5046850">
    <ele>1084.5</ele>
   </trkpt>
   <trkpt lat="-7.9660170" lon="113.5046370">
    <ele>1083.7</ele>
   </trkpt>
   <trkpt lat="-7.9660200" lon="113.5045850">
    <ele>1082.8</ele>
   </trkpt>
   <trkpt lat="-7.9660200" lon="113.5045570">
    <ele>1081.8</ele>
   </trkpt>
   <trkpt lat="-7.9660200" lon="113.5045280">
    <ele>1081.8</ele>
   </trkpt>
   <trkpt lat="-7.9660250" lon="113.5044750">
    <ele>1079.9</ele>
   </trkpt>
   <trkpt lat="-7.9660300" lon="113.5044250">
    <ele>1078.9</ele>
   </trkpt>
   <trkpt lat="-7.9660330" lon="113.5043770">
    <ele>1078.1</ele>
   </trkpt>
   <trkpt lat="-7.9660380" lon="113.5043280">
    <ele>1076.8</ele>
   </trkpt>
   <trkpt lat="-7.9660450" lon="113.5042730">
    <ele>1076.3</ele>
   </trkpt>
   <trkpt lat="-7.9660480" lon="113.5042220">
    <ele>1076.2</ele>
   </trkpt>
   <trkpt lat="-7.9660520" lon="113.5041720">
    <ele>1076.4</ele>
   </trkpt>
   <trkpt lat="-7.9660580" lon="113.5041180">
    <ele>1076.8</ele>
   </trkpt>
   <trkpt lat="-7.9660630" lon="113.5040670">
    <ele>1077.3</ele>
   </trkpt>
   <trkpt lat="-7.9660570" lon="113.5040180">
    <ele>1077.9</ele>
   </trkpt>
   <trkpt lat="-7.9660520" lon="113.5039680">
    <ele>1078.4</ele>
   </trkpt>
   <trkpt lat="-7.9660430" lon="113.5039170">
    <ele>1079.0</ele>
   </trkpt>
   <trkpt lat="-7.9660220" lon="113.5038750">
    <ele>1079.7</ele>
   </trkpt>
   <trkpt lat="-7.9659850" lon="113.5038380">
    <ele>1080.2</ele>
   </trkpt>
   <trkpt lat="-7.9659630" lon="113.5038180">
    <ele>1080.0</ele>
   </trkpt>
   <trkpt lat="-7.9659270" lon="113.5037830">
    <ele>1079.7</ele>
   </trkpt>
   <trkpt lat="-7.9658930" lon="113.5037450">
    <ele>1078.9</ele>
   </trkpt>
   <trkpt lat="-7.9658620" lon="113.5037050">
    <ele>1078.7</ele>
   </trkpt>
   <trkpt lat="-7.9658300" lon="113.5036700">
    <ele>1077.8</ele>
   </trkpt>
   <trkpt lat="-7.9658120" lon="113.5036500">
    <ele>1076.3</ele>
   </trkpt>
   <trkpt lat="-7.9657800" lon="113.5036080">
    <ele>1074.7</ele>
   </trkpt>
   <trkpt lat="-7.9657630" lon="113.5035870">
    <ele>1074.7</ele>
   </trkpt>
   <trkpt lat="-7.9657330" lon="113.5035470">
    <ele>1073.2</ele>
   </trkpt>
   <trkpt lat="-7.9657020" lon="113.5035080">
    <ele>1071.9</ele>
   </trkpt>
   <trkpt lat="-7.9656670" lon="113.5034700">
    <ele>1071.0</ele>
   </trkpt>
   <trkpt lat="-7.9656320" lon="113.5034330">
    <ele>1070.5</ele>
   </trkpt>
   <trkpt lat="-7.9655950" lon="113.5033970">
    <ele>1069.9</ele>
   </trkpt>
   <trkpt lat="-7.9655730" lon="113.5033780">
    <ele>1069.9</ele>
   </trkpt>
   <trkpt lat="-7.9655520" lon="113.5033580">
    <ele>1069.1</ele>
   </trkpt>
   <trkpt lat="-7.9655320" lon="113.5033400">
    <ele>1069.1</ele>
   </trkpt>
   <trkpt lat="-7.9655130" lon="113.5033200">
    <ele>1069.5</ele>
   </trkpt>
   <trkpt lat="-7.9654930" lon="113.5033000">
    <ele>1068.2</ele>
   </trkpt>
   <trkpt lat="-7.9654770" lon="113.5032780">
    <ele>1068.6</ele>
   </trkpt>
   <trkpt lat="-7.9654600" lon="113.5032570">
    <ele>1067.4</ele>
   </trkpt>
   <trkpt lat="-7.9654270" lon="113.5032180">
    <ele>1066.9</ele>
   </trkpt>
   <trkpt lat="-7.9654070" lon="113.5031980">
    <ele>1066.9</ele>
   </trkpt>
   <trkpt lat="-7.9653870" lon="113.5031800">
    <ele>1066.4</ele>
   </trkpt>
   <trkpt lat="-7.9653570" lon="113.5031420">
    <ele>1065.5</ele>
   </trkpt>
   <trkpt lat="-7.9653250" lon="113.5031030">
    <ele>1065.1</ele>
   </trkpt>
   <trkpt lat="-7.9653070" lon="113.5030570">
    <ele>1064.8</ele>
   </trkpt>
   <trkpt lat="-7.9653050" lon="113.5030280">
    <ele>1064.8</ele>
   </trkpt>
   <trkpt lat="-7.9653170" lon="113.5029820">
    <ele>1064.0</ele>
   </trkpt>
   <trkpt lat="-7.9653320" lon="113.5029580">
    <ele>1063.6</ele>
   </trkpt>
   <trkpt lat="-7.9653670" lon="113.5029220">
    <ele>1062.9</ele>
   </trkpt>
   <trkpt lat="-7.9653950" lon="113.5028800">
    <ele>1062.7</ele>
   </trkpt>
   <trkpt lat="-7.9654050" lon="113.5028350">
    <ele>1062.0</ele>
   </trkpt>
   <trkpt lat="-7.9653980" lon="113.5027930">
    <ele>1061.7</ele>
   </trkpt>
   <trkpt lat="-7.9653700" lon="113.5027530">
    <ele>1061.8</ele>
   </trkpt>
   <trkpt lat="-7.9653350" lon="113.5027200">
    <ele>1062.3</ele>
   </trkpt>
   <trkpt lat="-7.9653000" lon="113.5026880">
    <ele>1062.3</ele>
   </trkpt>
   <trkpt lat="-7.9652630" lon="113.5026570">
    <ele>1062.6</ele>
   </trkpt>
   <trkpt lat="-7.9652300" lon="113.5026230">
    <ele>1062.3</ele>
   </trkpt>
   <trkpt lat="-7.9651970" lon="113.5025850">
    <ele>1062.6</ele>
   </trkpt>
   <trkpt lat="-7.9651670" lon="113.5025480">
    <ele>1063.2</ele>
   </trkpt>
   <trkpt lat="-7.9651300" lon="113.5025120">
    <ele>1063.4</ele>
   </trkpt>
   <trkpt lat="-7.9650980" lon="113.5024720">
    <ele>1063.6</ele>
   </trkpt>
   <trkpt lat="-7.9650780" lon="113.5024530">
    <ele>1063.2</ele>
   </trkpt>
   <trkpt lat="-7.9650380" lon="113.5024200">
    <ele>1063.9</ele>
   </trkpt>
   <trkpt lat="-7.9650000" lon="113.5023870">
    <ele>1064.3</ele>
   </trkpt>
   <trkpt lat="-7.9649680" lon="113.5023470">
    <ele>1064.5</ele>
   </trkpt>
   <trkpt lat="-7.9649400" lon="113.5023050">
    <ele>1064.3</ele>
   </trkpt>
   <trkpt lat="-7.9649080" lon="113.5022650">
    <ele>1064.2</ele>
   </trkpt>
   <trkpt lat="-7.9648720" lon="113.5022230">
    <ele>1064.0</ele>
   </trkpt>
   <trkpt lat="-7.9648350" lon="113.5021830">
    <ele>1063.8</ele>
   </trkpt>
   <trkpt lat="-7.9647930" lon="113.5021530">
    <ele>1063.5</ele>
   </trkpt>
   <trkpt lat="-7.9647620" lon="113.5021170">
    <ele>1063.5</ele>
   </trkpt>
   <trkpt lat="-7.9647270" lon="113.5020800">
    <ele>1063.1</ele>
   </trkpt>
   <trkpt lat="-7.9646950" lon="113.5020420">
    <ele>1062.5</ele>
   </trkpt>
   <trkpt lat="-7.9646650" lon="113.5020020">
    <ele>1061.9</ele>
   </trkpt>
   <trkpt lat="-7.9646350" lon="113.5019630">
    <ele>1061.9</ele>
   </trkpt>
   <trkpt lat="-7.9646030" lon="113.5019220">
    <ele>1061.5</ele>
   </trkpt>
   <trkpt lat="-7.9645700" lon="113.5018800">
    <ele>1061.0</ele>
   </trkpt>
   <trkpt lat="-7.9645400" lon="113.5018420">
    <ele>1060.5</ele>
   </trkpt>
   <trkpt lat="-7.9645130" lon="113.5017980">
    <ele>1060.6</ele>
   </trkpt>
   <trkpt lat="-7.9644830" lon="113.5017600">
    <ele>1060.0</ele>
   </trkpt>
   <trkpt lat="-7.9644530" lon="113.5017280">
    <ele>1059.3</ele>
   </trkpt>
   <trkpt lat="-7.9644220" lon="113.5016870">
    <ele>1059.1</ele>
   </trkpt>
   <trkpt lat="-7.9644100" lon="113.5016600">
    <ele>1058.3</ele>
   </trkpt>
   <trkpt lat="-7.9643900" lon="113.5016130">
    <ele>1058.0</ele>
   </trkpt>
   <trkpt lat="-7.9643650" lon="113.5015820">
    <ele>1056.8</ele>
   </trkpt>
   <trkpt lat="-7.9643250" lon="113.5015620">
    <ele>1056.1</ele>
   </trkpt>
   <trkpt lat="-7.9642780" lon="113.5015330">
    <ele>1055.5</ele>
   </trkpt>
   <trkpt lat="-7.9642420" lon="113.5014980">
    <ele>1055.2</ele>
   </trkpt>
   <trkpt lat="-7.9642050" lon="113.5014650">
    <ele>1054.9</ele>
   </trkpt>
   <trkpt lat="-7.9641830" lon="113.5014470">
    <ele>1054.9</ele>
   </trkpt>
   <trkpt lat="-7.9641480" lon="113.5014100">
    <ele>1054.2</ele>
   </trkpt>
   <trkpt lat="-7.9641320" lon="113.5013880">
    <ele>1054.2</ele>
   </trkpt>
   <trkpt lat="-7.9641000" lon="113.5013520">
    <ele>1053.3</ele>
   </trkpt>
   <trkpt lat="-7.9640680" lon="113.5013120">
    <ele>1052.3</ele>
   </trkpt>
   <trkpt lat="-7.9640370" lon="113.5012720">
    <ele>1051.2</ele>
   </trkpt>
   <trkpt lat="-7.9640180" lon="113.5012520">
    <ele>1051.0</ele>
   </trkpt>
   <trkpt lat="-7.9639880" lon="113.5012130">
    <ele>1049.4</ele>
   </trkpt>
   <trkpt lat="-7.9639570" lon="113.5011730">
    <ele>1049.4</ele>
   </trkpt>
   <trkpt lat="-7.9639230" lon="113.5011370">
    <ele>1047.7</ele>
   </trkpt>
   <trkpt lat="-7.9638930" lon="113.5011020">
    <ele>1046.0</ele>
   </trkpt>
   <trkpt lat="-7.9638600" lon="113.5010650">
    <ele>1044.1</ele>
   </trkpt>
   <trkpt lat="-7.9638300" lon="113.5010250">
    <ele>1043.3</ele>
   </trkpt>
   <trkpt lat="-7.9637980" lon="113.5009830">
    <ele>1041.2</ele>
   </trkpt>
   <trkpt lat="-7.9637850" lon="113.5009580">
    <ele>1041.2</ele>
   </trkpt>
   <trkpt lat="-7.9637730" lon="113.5009330">
    <ele>1039.5</ele>
   </trkpt>
   <trkpt lat="-7.9637520" lon="113.5008920">
    <ele>1038.8</ele>
   </trkpt>
   <trkpt lat="-7.9637200" lon="113.5008480">
    <ele>1037.8</ele>
   </trkpt>
   <trkpt lat="-7.9636950" lon="113.5008050">
    <ele>1037.3</ele>
   </trkpt>
   <trkpt lat="-7.9636650" lon="113.5007630">
    <ele>1037.4</ele>
   </trkpt>
   <trkpt lat="-7.9636380" lon="113.5007220">
    <ele>1036.9</ele>
   </trkpt>
   <trkpt lat="-7.9636080" lon="113.5006820">
    <ele>1036.5</ele>
   </trkpt>
   <trkpt lat="-7.9635780" lon="113.5006470">
    <ele>1036.6</ele>
   </trkpt>
   <trkpt lat="-7.9635480" lon="113.5006080">
    <ele>1036.0</ele>
   </trkpt>
   <trkpt lat="-7.9635170" lon="113.5005680">
    <ele>1035.2</ele>
   </trkpt>
   <trkpt lat="-7.9634950" lon="113.5005500">
    <ele>1035.2</ele>
   </trkpt>
   <trkpt lat="-7.9634750" lon="113.5005320">
    <ele>1034.4</ele>
   </trkpt>
   <trkpt lat="-7.9634570" lon="113.5005120">
    <ele>1034.1</ele>
   </trkpt>
   <trkpt lat="-7.9634380" lon="113.5004920">
    <ele>1033.3</ele>
   </trkpt>
   <trkpt lat="-7.9634200" lon="113.5004700">
    <ele>1032.9</ele>
   </trkpt>
   <trkpt lat="-7.9633820" lon="113.5004350">
    <ele>1031.8</ele>
   </trkpt>
   <trkpt lat="-7.9633470" lon="113.5004050">
    <ele>1031.2</ele>
   </trkpt>
   <trkpt lat="-7.9633220" lon="113.5003620">
    <ele>1030.7</ele>
   </trkpt>
   <trkpt lat="-7.9632920" lon="113.5003280">
    <ele>1029.8</ele>
   </trkpt>
   <trkpt lat="-7.9632530" lon="113.5003100">
    <ele>1029.0</ele>
   </trkpt>
   <trkpt lat="-7.9632100" lon="113.5003320">
    <ele>1029.1</ele>
   </trkpt>
   <trkpt lat="-7.9631750" lon="113.5003650">
    <ele>1028.9</ele>
   </trkpt>
   <trkpt lat="-7.9631420" lon="113.5003970">
    <ele>1028.3</ele>
   </trkpt>
   <trkpt lat="-7.9631050" lon="113.5004030">
    <ele>1028.3</ele>
   </trkpt>
   <trkpt lat="-7.9630770" lon="113.5003700">
    <ele>1027.5</ele>
   </trkpt>
   <trkpt lat="-7.9630520" lon="113.5003300">
    <ele>1026.2</ele>
   </trkpt>
   <trkpt lat="-7.9630170" lon="113.5003000">
    <ele>1024.5</ele>
   </trkpt>
   <trkpt lat="-7.9629750" lon="113.5002770">
    <ele>1024.5</ele>
   </trkpt>
   <trkpt lat="-7.9629320" lon="113.5002830">
    <ele>1022.0</ele>
   </trkpt>
   <trkpt lat="-7.9629020" lon="113.5003150">
    <ele>1022.2</ele>
   </trkpt>
   <trkpt lat="-7.9628720" lon="113.5003480">
    <ele>1021.1</ele>
   </trkpt>
   <trkpt lat="-7.9628650" lon="113.5003820">
    <ele>1021.4</ele>
   </trkpt>
   <trkpt lat="-7.9628600" lon="113.5004120">
    <ele>1021.7</ele>
   </trkpt>
   <trkpt lat="-7.9628550" lon="113.5004500">
    <ele>1022.0</ele>
   </trkpt>
   <trkpt lat="-7.9628530" lon="113.5004800">
    <ele>1022.0</ele>
   </trkpt>
   <trkpt lat="-7.9628500" lon="113.5005120">
    <ele>1022.2</ele>
   </trkpt>
   <trkpt lat="-7.9628520" lon="113.5005520">
    <ele>1022.3</ele>
   </trkpt>
   <trkpt lat="-7.9628570" lon="113.5005900">
    <ele>1022.4</ele>
   </trkpt>
   <trkpt lat="-7.9628670" lon="113.5006280">
    <ele>1022.3</ele>
   </trkpt>
   <trkpt lat="-7.9628670" lon="113.5006670">
    <ele>1022.3</ele>
   </trkpt>
   <trkpt lat="-7.9628680" lon="113.5007000">
    <ele>1022.4</ele>
   </trkpt>
   <trkpt lat="-7.9628650" lon="113.5007350">
    <ele>1022.4</ele>
   </trkpt>
   <trkpt lat="-7.9628780" lon="113.5007700">
    <ele>1022.5</ele>
   </trkpt>
   <trkpt lat="-7.9628930" lon="113.5008020">
    <ele>1023.4</ele>
   </trkpt>
   <trkpt lat="-7.9629050" lon="113.5008370">
    <ele>1023.4</ele>
   </trkpt>
   <trkpt lat="-7.9629150" lon="113.5008730">
    <ele>1023.5</ele>
   </trkpt>
   <trkpt lat="-7.9629200" lon="113.5009070">
    <ele>1023.5</ele>
   </trkpt>
   <trkpt lat="-7.9629250" lon="113.5009400">
    <ele>1023.5</ele>
   </trkpt>
   <trkpt lat="-7.9629400" lon="113.5009650">
    <ele>1023.9</ele>
   </trkpt>
   <trkpt lat="-7.9629520" lon="113.5009920">
    <ele>1023.9</ele>
   </trkpt>
   <trkpt lat="-7.9629580" lon="113.5010200">
    <ele>1023.9</ele>
   </trkpt>
   <trkpt lat="-7.9629620" lon="113.5010570">
    <ele>1023.8</ele>
   </trkpt>
   <trkpt lat="-7.9629680" lon="113.5010950">
    <ele>1023.8</ele>
   </trkpt>
   <trkpt lat="-7.9629700" lon="113.5011280">
    <ele>1023.8</ele>
   </trkpt>
   <trkpt lat="-7.9629770" lon="113.5011570">
    <ele>1024.3</ele>
   </trkpt>
   <trkpt lat="-7.9629780" lon="113.5011850">
    <ele>1024.4</ele>
   </trkpt>
   <trkpt lat="-7.9629780" lon="113.5012250">
    <ele>1024.5</ele>
   </trkpt>
   <trkpt lat="-7.9629730" lon="113.5012570">
    <ele>1024.1</ele>
   </trkpt>
   <trkpt lat="-7.9629670" lon="113.5012880">
    <ele>1024.3</ele>
   </trkpt>
   <trkpt lat="-7.9629580" lon="113.5013170">
    <ele>1024.5</ele>
   </trkpt>
   <trkpt lat="-7.9629570" lon="113.5013500">
    <ele>1024.8</ele>
   </trkpt>
   <trkpt lat="-7.9629570" lon="113.5013830">
    <ele>1024.8</ele>
   </trkpt>
   <trkpt lat="-7.9629570" lon="113.5014170">
    <ele>1025.2</ele>
   </trkpt>
   <trkpt lat="-7.9629580" lon="113.5014450">
    <ele>1025.5</ele>
   </trkpt>
   <trkpt lat="-7.9629620" lon="113.5014750">
    <ele>1025.7</ele>
   </trkpt>
   <trkpt lat="-7.9629700" lon="113.5015020">
    <ele>1025.7</ele>
   </trkpt>
   <trkpt lat="-7.9629800" lon="113.5015300">
    <ele>1026.3</ele>
   </trkpt>
   <trkpt lat="-7.9629920" lon="113.5015570">
    <ele>1026.3</ele>
   </trkpt>
   <trkpt lat="-7.9630080" lon="113.5015830">
    <ele>1026.4</ele>
   </trkpt>
   <trkpt lat="-7.9630230" lon="113.5016080">
    <ele>1026.9</ele>
   </trkpt>
   <trkpt lat="-7.9630380" lon="113.5016330">
    <ele>1026.9</ele>
   </trkpt>
   <trkpt lat="-7.9630550" lon="113.5016550">
    <ele>1026.9</ele>
   </trkpt>
   <trkpt lat="-7.9630730" lon="113.5016780">
    <ele>1027.4</ele>
   </trkpt>
   <trkpt lat="-7.9630980" lon="113.5017080">
    <ele>1027.4</ele>
   </trkpt>
   <trkpt lat="-7.9631220" lon="113.5017380">
    <ele>1028.1</ele>
   </trkpt>
   <trkpt lat="-7.9631330" lon="113.5017630">
    <ele>1028.1</ele>
   </trkpt>
   <trkpt lat="-7.9631480" lon="113.5018000">
    <ele>1028.8</ele>
   </trkpt>
   <trkpt lat="-7.9631630" lon="113.5018250">
    <ele>1028.7</ele>
   </trkpt>
   <trkpt lat="-7.9631770" lon="113.5018500">
    <ele>1028.7</ele>
   </trkpt>
   <trkpt lat="-7.9631930" lon="113.5018730">
    <ele>1029.0</ele>
   </trkpt>
   <trkpt lat="-7.9632080" lon="113.5018970">
    <ele>1029.0</ele>
   </trkpt>
   <trkpt lat="-7.9632300" lon="113.5019300">
    <ele>1029.1</ele>
   </trkpt>
   <trkpt lat="-7.9632480" lon="113.5019520">
    <ele>1028.6</ele>
   </trkpt>
   <trkpt lat="-7.9632570" lon="113.5019780">
    <ele>1028.6</ele>
   </trkpt>
   <trkpt lat="-7.9632680" lon="113.5020070">
    <ele>1028.0</ele>
   </trkpt>
   <trkpt lat="-7.9632820" lon="113.5020450">
    <ele>1028.3</ele>
   </trkpt>
   <trkpt lat="-7.9632900" lon="113.5020720">
    <ele>1028.3</ele>
   </trkpt>
   <trkpt lat="-7.9632970" lon="113.5021100">
    <ele>1028.0</ele>
   </trkpt>
   <trkpt lat="-7.9633030" lon="113.5021470">
    <ele>1027.9</ele>
   </trkpt>
   <trkpt lat="-7.9633050" lon="113.5021830">
    <ele>1028.0</ele>
   </trkpt>
   <trkpt lat="-7.9633130" lon="113.5022120">
    <ele>1028.2</ele>
   </trkpt>
   <trkpt lat="-7.9633220" lon="113.5022430">
    <ele>1029.1</ele>
   </trkpt>
   <trkpt lat="-7.9633300" lon="113.5022700">
    <ele>1029.4</ele>
   </trkpt>
   <trkpt lat="-7.9633430" lon="113.5023070">
    <ele>1029.8</ele>
   </trkpt>
   <trkpt lat="-7.9633530" lon="113.5023480">
    <ele>1030.3</ele>
   </trkpt>
   <trkpt lat="-7.9633620" lon="113.5023750">
    <ele>1031.9</ele>
   </trkpt>
   <trkpt lat="-7.9633730" lon="113.5024030">
    <ele>1031.9</ele>
   </trkpt>
   <trkpt lat="-7.9633800" lon="113.5024330">
    <ele>1032.6</ele>
   </trkpt>
   <trkpt lat="-7.9633880" lon="113.5024720">
    <ele>1033.4</ele>
   </trkpt>
   <trkpt lat="-7.9633930" lon="113.5025020">
    <ele>1033.4</ele>
   </trkpt>
   <trkpt lat="-7.9633970" lon="113.5025300">
    <ele>1034.1</ele>
   </trkpt>
   <trkpt lat="-7.9633950" lon="113.5025670">
    <ele>1034.6</ele>
   </trkpt>
   <trkpt lat="-7.9633950" lon="113.5026020">
    <ele>1034.9</ele>
   </trkpt>
   <trkpt lat="-7.9633950" lon="113.5026300">
    <ele>1034.9</ele>
   </trkpt>
   <trkpt lat="-7.9634030" lon="113.5026670">
    <ele>1035.6</ele>
   </trkpt>
   <trkpt lat="-7.9634170" lon="113.5026930">
    <ele>1035.5</ele>
   </trkpt>
   <trkpt lat="-7.9634480" lon="113.5027180">
    <ele>1036.0</ele>
   </trkpt>
   <trkpt lat="-7.9634720" lon="113.5027370">
    <ele>1036.0</ele>
   </trkpt>
   <trkpt lat="-7.9635020" lon="113.5027580">
    <ele>1036.6</ele>
   </trkpt>
   <trkpt lat="-7.9635350" lon="113.5027830">
    <ele>1037.4</ele>
   </trkpt>
   <trkpt lat="-7.9635650" lon="113.5028070">
    <ele>1037.4</ele>
   </trkpt>
   <trkpt lat="-7.9635900" lon="113.5028320">
    <ele>1038.3</ele>
   </trkpt>
   <trkpt lat="-7.9636200" lon="113.5028550">
    <ele>1039.3</ele>
   </trkpt>
   <trkpt lat="-7.9636520" lon="113.5028800">
    <ele>1039.3</ele>
   </trkpt>
   <trkpt lat="-7.9636750" lon="113.5028980">
    <ele>1040.6</ele>
   </trkpt>
   <trkpt lat="-7.9637030" lon="113.5029120">
    <ele>1042.0</ele>
   </trkpt>
   <trkpt lat="-7.9637350" lon="113.5029270">
    <ele>1042.0</ele>
   </trkpt>
   <trkpt lat="-7.9637680" lon="113.5029420">
    <ele>1043.1</ele>
   </trkpt>
   <trkpt lat="-7.9637950" lon="113.5029500">
    <ele>1044.2</ele>
   </trkpt>
   <trkpt lat="-7.9638230" lon="113.5029520">
    <ele>1044.2</ele>
   </trkpt>
   <trkpt lat="-7.9638520" lon="113.5029620">
    <ele>1045.2</ele>
   </trkpt>
   <trkpt lat="-7.9638830" lon="113.5029670">
    <ele>1046.1</ele>
   </trkpt>
   <trkpt lat="-7.9639180" lon="113.5029700">
    <ele>1047.0</ele>
   </trkpt>
   <trkpt lat="-7.9639570" lon="113.5029770">
    <ele>1047.5</ele>
   </trkpt>
   <trkpt lat="-7.9639920" lon="113.5029920">
    <ele>1047.5</ele>
   </trkpt>
   <trkpt lat="-7.9640280" lon="113.5030000">
    <ele>1048.6</ele>
   </trkpt>
   <trkpt lat="-7.9640570" lon="113.5030080">
    <ele>1049.6</ele>
   </trkpt>
   <trkpt lat="-7.9640850" lon="113.5030130">
    <ele>1050.4</ele>
   </trkpt>
   <trkpt lat="-7.9641130" lon="113.5030120">
    <ele>1050.4</ele>
   </trkpt>
   <trkpt lat="-7.9641430" lon="113.5030120">
    <ele>1051.0</ele>
   </trkpt>
   <trkpt lat="-7.9641780" lon="113.5029900">
    <ele>1051.4</ele>
   </trkpt>
   <trkpt lat="-7.9642100" lon="113.5029870">
    <ele>1051.7</ele>
   </trkpt>
   <trkpt lat="-7.9642450" lon="113.5029800">
    <ele>1051.7</ele>
   </trkpt>
   <trkpt lat="-7.9642730" lon="113.5029730">
    <ele>1052.9</ele>
   </trkpt>
   <trkpt lat="-7.9643030" lon="113.5029720">
    <ele>1053.6</ele>
   </trkpt>
   <trkpt lat="-7.9643350" lon="113.5029670">
    <ele>1053.6</ele>
   </trkpt>
   <trkpt lat="-7.9643730" lon="113.5029750">
    <ele>1053.7</ele>
   </trkpt>
   <trkpt lat="-7.9643980" lon="113.5029870">
    <ele>1054.8</ele>
   </trkpt>
   <trkpt lat="-7.9644300" lon="113.5030080">
    <ele>1056.0</ele>
   </trkpt>
   <trkpt lat="-7.9644530" lon="113.5030420">
    <ele>1055.3</ele>
   </trkpt>
   <trkpt lat="-7.9644730" lon="113.5030620">
    <ele>1055.7</ele>
   </trkpt>
   <trkpt lat="-7.9644970" lon="113.5030830">
    <ele>1055.7</ele>
   </trkpt>
   <trkpt lat="-7.9645170" lon="113.5031100">
    <ele>1056.1</ele>
   </trkpt>
   <trkpt lat="-7.9645370" lon="113.5031380">
    <ele>1056.1</ele>
   </trkpt>
   <trkpt lat="-7.9645550" lon="113.5031620">
    <ele>1056.6</ele>
   </trkpt>
   <trkpt lat="-7.9645750" lon="113.5031850">
    <ele>1056.6</ele>
   </trkpt>
   <trkpt lat="-7.9645970" lon="113.5032020">
    <ele>1057.1</ele>
   </trkpt>
   <trkpt lat="-7.9646200" lon="113.5032220">
    <ele>1057.1</ele>
   </trkpt>
   <trkpt lat="-7.9646450" lon="113.5032380">
    <ele>1057.8</ele>
   </trkpt>
   <trkpt lat="-7.9646620" lon="113.5032620">
    <ele>1057.8</ele>
   </trkpt>
   <trkpt lat="-7.9646750" lon="113.5032950">
    <ele>1057.1</ele>
   </trkpt>
   <trkpt lat="-7.9646830" lon="113.5033280">
    <ele>1058.1</ele>
   </trkpt>
   <trkpt lat="-7.9646950" lon="113.5033680">
    <ele>1057.7</ele>
   </trkpt>
   <trkpt lat="-7.9647020" lon="113.5033950">
    <ele>1057.7</ele>
   </trkpt>
   <trkpt lat="-7.9647130" lon="113.5034220">
    <ele>1057.4</ele>
   </trkpt>
   <trkpt lat="-7.9647300" lon="113.5034450">
    <ele>1059.0</ele>
   </trkpt>
   <trkpt lat="-7.9647470" lon="113.5034720">
    <ele>1059.0</ele>
   </trkpt>
   <trkpt lat="-7.9647630" lon="113.5034950">
    <ele>1061.0</ele>
   </trkpt>
   <trkpt lat="-7.9647780" lon="113.5035200">
    <ele>1061.0</ele>
   </trkpt>
   <trkpt lat="-7.9647930" lon="113.5035450">
    <ele>1061.1</ele>
   </trkpt>
   <trkpt lat="-7.9648020" lon="113.5035780">
    <ele>1061.0</ele>
   </trkpt>
   <trkpt lat="-7.9648130" lon="113.5036180">
    <ele>1063.0</ele>
   </trkpt>
   <trkpt lat="-7.9648220" lon="113.5036480">
    <ele>1062.5</ele>
   </trkpt>
   <trkpt lat="-7.9648230" lon="113.5036780">
    <ele>1061.5</ele>
   </trkpt>
   <trkpt lat="-7.9648250" lon="113.5037070">
    <ele>1060.4</ele>
   </trkpt>
   <trkpt lat="-7.9648200" lon="113.5037370">
    <ele>1060.4</ele>
   </trkpt>
   <trkpt lat="-7.9648100" lon="113.5037750">
    <ele>1059.3</ele>
   </trkpt>
   <trkpt lat="-7.9648000" lon="113.5038120">
    <ele>1056.4</ele>
   </trkpt>
   <trkpt lat="-7.9647980" lon="113.5038470">
    <ele>1055.8</ele>
   </trkpt>
   <trkpt lat="-7.9648070" lon="113.5038800">
    <ele>1057.3</ele>
   </trkpt>
   <trkpt lat="-7.9648080" lon="113.5039150">
    <ele>1057.3</ele>
   </trkpt>
   <trkpt lat="-7.9648070" lon="113.5039550">
    <ele>1057.0</ele>
   </trkpt>
   <trkpt lat="-7.9648050" lon="113.5039950">
    <ele>1056.7</ele>
   </trkpt>
   <trkpt lat="-7.9648020" lon="113.5040300">
    <ele>1054.4</ele>
   </trkpt>
   <trkpt lat="-7.9647980" lon="113.5040650">
    <ele>1054.2</ele>
   </trkpt>
   <trkpt lat="-7.9647970" lon="113.5041020">
    <ele>1053.9</ele>
   </trkpt>
   <trkpt lat="-7.9647920" lon="113.5041370">
    <ele>1053.8</ele>
   </trkpt>
   <trkpt lat="-7.9647930" lon="113.5041730">
    <ele>1053.8</ele>
   </trkpt>
   <trkpt lat="-7.9647980" lon="113.5042030">
    <ele>1053.7</ele>
   </trkpt>
   <trkpt lat="-7.9647980" lon="113.5042320">
    <ele>1053.8</ele>
   </trkpt>
   <trkpt lat="-7.9647970" lon="113.5042620">
    <ele>1053.9</ele>
   </trkpt>
   <trkpt lat="-7.9648020" lon="113.5042900">
    <ele>1053.9</ele>
   </trkpt>
   <trkpt lat="-7.9648030" lon="113.5043320">
    <ele>1055.9</ele>
   </trkpt>
   <trkpt lat="-7.9648080" lon="113.5043620">
    <ele>1056.0</ele>
   </trkpt>
   <trkpt lat="-7.9648130" lon="113.5044050">
    <ele>1056.2</ele>
   </trkpt>
   <trkpt lat="-7.9648200" lon="113.5044420">
    <ele>1056.5</ele>
   </trkpt>
   <trkpt lat="-7.9648250" lon="113.5044780">
    <ele>1056.7</ele>
   </trkpt>
   <trkpt lat="-7.9648370" lon="113.5045130">
    <ele>1056.7</ele>
   </trkpt>
   <trkpt lat="-7.9648520" lon="113.5045450">
    <ele>1058.6</ele>
   </trkpt>
   <trkpt lat="-7.9648650" lon="113.5045720">
    <ele>1058.8</ele>
   </trkpt>
   <trkpt lat="-7.9648780" lon="113.5045980">
    <ele>1058.8</ele>
   </trkpt>
   <trkpt lat="-7.9648930" lon="113.5046230">
    <ele>1060.8</ele>
   </trkpt>
   <trkpt lat="-7.9649050" lon="113.5046500">
    <ele>1060.9</ele>
   </trkpt>
   <trkpt lat="-7.9649120" lon="113.5046800">
    <ele>1060.9</ele>
   </trkpt>
   <trkpt lat="-7.9649180" lon="113.5047100">
    <ele>1060.9</ele>
   </trkpt>
   <trkpt lat="-7.9649220" lon="113.5047400">
    <ele>1061.0</ele>
   </trkpt>
   <trkpt lat="-7.9649280" lon="113.5047720">
    <ele>1061.0</ele>
   </trkpt>
   <trkpt lat="-7.9649230" lon="113.5048130">
    <ele>1061.1</ele>
   </trkpt>
   <trkpt lat="-7.9649230" lon="113.5048430">
    <ele>1061.3</ele>
   </trkpt>
   <trkpt lat="-7.9649250" lon="113.5048770">
    <ele>1061.6</ele>
   </trkpt>
   <trkpt lat="-7.9649200" lon="113.5049100">
    <ele>1062.1</ele>
   </trkpt>
   <trkpt lat="-7.9649200" lon="113.5049470">
    <ele>1062.1</ele>
   </trkpt>
   <trkpt lat="-7.9649130" lon="113.5049870">
    <ele>1062.6</ele>
   </trkpt>
   <trkpt lat="-7.9649050" lon="113.5050180">
    <ele>1063.2</ele>
   </trkpt>
   <trkpt lat="-7.9648950" lon="113.5050580">
    <ele>1063.9</ele>
   </trkpt>
   <trkpt lat="-7.9648880" lon="113.5050930">
    <ele>1064.6</ele>
   </trkpt>
   <trkpt lat="-7.9648930" lon="113.5051250">
    <ele>1065.3</ele>
   </trkpt>
   <trkpt lat="-7.9648920" lon="113.5051620">
    <ele>1065.3</ele>
   </trkpt>
   <trkpt lat="-7.9648870" lon="113.5052000">
    <ele>1064.9</ele>
   </trkpt>
   <trkpt lat="-7.9648870" lon="113.5052380">
    <ele>1065.2</ele>
   </trkpt>
   <trkpt lat="-7.9648930" lon="113.5052730">
    <ele>1066.1</ele>
   </trkpt>
   <trkpt lat="-7.9648920" lon="113.5053070">
    <ele>1066.3</ele>
   </trkpt>
   <trkpt lat="-7.9648930" lon="113.5053400">
    <ele>1066.7</ele>
   </trkpt>
   <trkpt lat="-7.9648900" lon="113.5053750">
    <ele>1066.7</ele>
   </trkpt>
   <trkpt lat="-7.9648750" lon="113.5054130">
    <ele>1066.3</ele>
   </trkpt>
   <trkpt lat="-7.9648530" lon="113.5054350">
    <ele>1066.9</ele>
   </trkpt>
   <trkpt lat="-7.9648330" lon="113.5054670">
    <ele>1066.8</ele>
   </trkpt>
   <trkpt lat="-7.9648180" lon="113.5054950">
    <ele>1066.8</ele>
   </trkpt>
   <trkpt lat="-7.9647900" lon="113.5055130">
    <ele>1066.6</ele>
   </trkpt>
   <trkpt lat="-7.9647580" lon="113.5055420">
    <ele>1066.0</ele>
   </trkpt>
   <trkpt lat="-7.9647380" lon="113.5055600">
    <ele>1066.2</ele>
   </trkpt>
   <trkpt lat="-7.9647150" lon="113.5055870">
    <ele>1065.7</ele>
   </trkpt>
   <trkpt lat="-7.9646920" lon="113.5056170">
    <ele>1066.0</ele>
   </trkpt>
   <trkpt lat="-7.9646630" lon="113.5056380">
    <ele>1066.2</ele>
   </trkpt>
   <trkpt lat="-7.9646370" lon="113.5056600">
    <ele>1066.2</ele>
   </trkpt>
   <trkpt lat="-7.9646150" lon="113.5056870">
    <ele>1067.2</ele>
   </trkpt>
   <trkpt lat="-7.9645900" lon="113.5057170">
    <ele>1067.3</ele>
   </trkpt>
   <trkpt lat="-7.9645680" lon="113.5057370">
    <ele>1068.6</ele>
   </trkpt>
   <trkpt lat="-7.9645500" lon="113.5057580">
    <ele>1068.6</ele>
   </trkpt>
   <trkpt lat="-7.9645350" lon="113.5057830">
    <ele>1070.0</ele>
   </trkpt>
   <trkpt lat="-7.9645180" lon="113.5058120">
    <ele>1071.3</ele>
   </trkpt>
   <trkpt lat="-7.9645030" lon="113.5058450">
    <ele>1071.1</ele>
   </trkpt>
   <trkpt lat="-7.9644930" lon="113.5058720">
    <ele>1072.4</ele>
   </trkpt>
   <trkpt lat="-7.9644750" lon="113.5058920">
    <ele>1072.4</ele>
   </trkpt>
   <trkpt lat="-7.9644530" lon="113.5059130">
    <ele>1073.3</ele>
   </trkpt>
   <trkpt lat="-7.9644270" lon="113.5059300">
    <ele>1073.3</ele>
   </trkpt>
   <trkpt lat="-7.9644000" lon="113.5059520">
    <ele>1074.0</ele>
   </trkpt>
   <trkpt lat="-7.9643830" lon="113.5059770">
    <ele>1074.0</ele>
   </trkpt>
   <trkpt lat="-7.9643680" lon="113.5060050">
    <ele>1074.3</ele>
   </trkpt>
   <trkpt lat="-7.9643550" lon="113.5060370">
    <ele>1075.1</ele>
   </trkpt>
   <trkpt lat="-7.9643380" lon="113.5060730">
    <ele>1075.8</ele>
   </trkpt>
   <trkpt lat="-7.9643220" lon="113.5061030">
    <ele>1075.0</ele>
   </trkpt>
   <trkpt lat="-7.9642980" lon="113.5061280">
    <ele>1075.5</ele>
   </trkpt>
   <trkpt lat="-7.9642850" lon="113.5061550">
    <ele>1075.3</ele>
   </trkpt>
   <trkpt lat="-7.9642780" lon="113.5061880">
    <ele>1075.3</ele>
   </trkpt>
   <trkpt lat="-7.9642800" lon="113.5062280">
    <ele>1075.5</ele>
   </trkpt>
   <trkpt lat="-7.9642870" lon="113.5062630">
    <ele>1075.7</ele>
   </trkpt>
   <trkpt lat="-7.9643020" lon="113.5062930">
    <ele>1076.4</ele>
   </trkpt>
   <trkpt lat="-7.9643100" lon="113.5063200">
    <ele>1076.4</ele>
   </trkpt>
   <trkpt lat="-7.9643170" lon="113.5062920">
    <ele>1076.4</ele>
   </trkpt>
   <trkpt lat="-7.9643130" lon="113.5062580">
    <ele>1076.3</ele>
   </trkpt>
   <trkpt lat="-7.9643050" lon="113.5062300">
    <ele>1076.1</ele>
   </trkpt>
   <trkpt lat="-7.9642750" lon="113.5062220">
    <ele>1075.5</ele>
   </trkpt>
   <trkpt lat="-7.9642570" lon="113.5062520">
    <ele>1075.7</ele>
   </trkpt>
   <trkpt lat="-7.9642550" lon="113.5062870">
    <ele>1075.8</ele>
   </trkpt>
   <trkpt lat="-7.9642400" lon="113.5063170">
    <ele>1075.6</ele>
   </trkpt>
   <trkpt lat="-7.9642600" lon="113.5062970">
    <ele>1075.8</ele>
   </trkpt>
   <trkpt lat="-7.9642730" lon="113.5062680">
    <ele>1075.7</ele>
   </trkpt>
   <trkpt lat="-7.9642980" lon="113.5062570">
    <ele>1076.3</ele>
   </trkpt>
   <trkpt lat="-7.9643180" lon="113.5062280">
    <ele>1076.1</ele>
   </trkpt>
   <trkpt lat="-7.9643200" lon="113.5062000">
    <ele>1076.1</ele>
   </trkpt>
   <trkpt lat="-7.9643270" lon="113.5061620">
    <ele>1075.9</ele>
   </trkpt>
   <trkpt lat="-7.9643300" lon="113.5061330">
    <ele>1075.5</ele>
   </trkpt>
   <trkpt lat="-7.9643370" lon="113.5061020">
    <ele>1075.8</ele>
   </trkpt>
   <trkpt lat="-7.9643570" lon="113.5060700">
    <ele>1075.8</ele>
   </trkpt>
   <trkpt lat="-7.9643880" lon="113.5060380">
    <ele>1076.0</ele>
   </trkpt>
   <trkpt lat="-7.9644320" lon="113.5060150">
    <ele>1075.7</ele>
   </trkpt>
   <trkpt lat="-7.9644700" lon="113.5059950">
    <ele>1076.4</ele>
   </trkpt>
   <trkpt lat="-7.9644880" lon="113.5059730">
    <ele>1075.1</ele>
   </trkpt>
   <trkpt lat="-7.9645050" lon="113.5059500">
    <ele>1075.1</ele>
   </trkpt>
   <trkpt lat="-7.9645200" lon="113.5059250">
    <ele>1074.2</ele>
   </trkpt>
   <trkpt lat="-7.9645420" lon="113.5058880">
    <ele>1072.7</ele>
   </trkpt>
   <trkpt lat="-7.9645620" lon="113.5058600">
    <ele>1073.0</ele>
   </trkpt>
   <trkpt lat="-7.9645850" lon="113.5058370">
    <ele>1071.4</ele>
   </trkpt>
   <trkpt lat="-7.9646180" lon="113.5058120">
    <ele>1071.6</ele>
   </trkpt>
   <trkpt lat="-7.9646400" lon="113.5057870">
    <ele>1070.1</ele>
   </trkpt>
   <trkpt lat="-7.9646630" lon="113.5057530">
    <ele>1068.5</ele>
   </trkpt>
   <trkpt lat="-7.9646830" lon="113.5057220">
    <ele>1068.8</ele>
   </trkpt>
   <trkpt lat="-7.9647120" lon="113.5056880">
    <ele>1067.5</ele>
   </trkpt>
   <trkpt lat="-7.9647350" lon="113.5056680">
    <ele>1067.2</ele>
   </trkpt>
   <trkpt lat="-7.9647570" lon="113.5056450">
    <ele>1067.2</ele>
   </trkpt>
   <trkpt lat="-7.9647730" lon="113.5056170">
    <ele>1067.3</ele>
   </trkpt>
   <trkpt lat="-7.9647870" lon="113.5055920">
    <ele>1066.9</ele>
   </trkpt>
   <trkpt lat="-7.9648050" lon="113.5055520">
    <ele>1067.6</ele>
   </trkpt>
   <trkpt lat="-7.9648220" lon="113.5055000">
    <ele>1066.8</ele>
   </trkpt>
   <trkpt lat="-7.9648370" lon="113.5054530">
    <ele>1066.2</ele>
   </trkpt>
   <trkpt lat="-7.9648480" lon="113.5054050">
    <ele>1066.3</ele>
   </trkpt>
   <trkpt lat="-7.9648570" lon="113.5053530">
    <ele>1065.8</ele>
   </trkpt>
   <trkpt lat="-7.9648630" lon="113.5053270">
    <ele>1065.5</ele>
   </trkpt>
   <trkpt lat="-7.9648680" lon="113.5052980">
    <ele>1065.5</ele>
   </trkpt>
   <trkpt lat="-7.9648750" lon="113.5052450">
    <ele>1065.2</ele>
   </trkpt>
   <trkpt lat="-7.9648830" lon="113.5051950">
    <ele>1064.9</ele>
   </trkpt>
   <trkpt lat="-7.9648900" lon="113.5051470">
    <ele>1065.3</ele>
   </trkpt>
   <trkpt lat="-7.9648970" lon="113.5050970">
    <ele>1064.6</ele>
   </trkpt>
   <trkpt lat="-7.9649030" lon="113.5050500">
    <ele>1063.9</ele>
   </trkpt>
   <trkpt lat="-7.9649100" lon="113.5050100">
    <ele>1063.2</ele>
   </trkpt>
   <trkpt lat="-7.9649050" lon="113.5049650">
    <ele>1062.6</ele>
   </trkpt>
   <trkpt lat="-7.9649050" lon="113.5049370">
    <ele>1062.1</ele>
   </trkpt>
   <trkpt lat="-7.9649050" lon="113.5049070">
    <ele>1062.1</ele>
   </trkpt>
   <trkpt lat="-7.9649100" lon="113.5048780">
    <ele>1061.6</ele>
   </trkpt>
   <trkpt lat="-7.9649120" lon="113.5048450">
    <ele>1061.3</ele>
   </trkpt>
   <trkpt lat="-7.9649130" lon="113.5048150">
    <ele>1061.1</ele>
   </trkpt>
   <trkpt lat="-7.9649080" lon="113.5047820">
    <ele>1061.1</ele>
   </trkpt>
   <trkpt lat="-7.9649030" lon="113.5047480">
    <ele>1061.0</ele>
   </trkpt>
   <trkpt lat="-7.9648930" lon="113.5047150">
    <ele>1060.9</ele>
   </trkpt>
   <trkpt lat="-7.9648820" lon="113.5046780">
    <ele>1059.1</ele>
   </trkpt>
   <trkpt lat="-7.9648630" lon="113.5046450">
    <ele>1059.0</ele>
   </trkpt>
   <trkpt lat="-7.9648480" lon="113.5046050">
    <ele>1058.8</ele>
   </trkpt>
   <trkpt lat="-7.9648350" lon="113.5045630">
    <ele>1057.1</ele>
   </trkpt>
   <trkpt lat="-7.9648330" lon="113.5045350">
    <ele>1056.9</ele>
   </trkpt>
   <trkpt lat="-7.9648270" lon="113.5044870">
    <ele>1056.7</ele>
   </trkpt>
   <trkpt lat="-7.9648230" lon="113.5044580">
    <ele>1056.5</ele>
   </trkpt>
   <trkpt lat="-7.9648250" lon="113.5044070">
    <ele>1056.2</ele>
   </trkpt>
   <trkpt lat="-7.9648270" lon="113.5043620">
    <ele>1056.0</ele>
   </trkpt>
   <trkpt lat="-7.9648280" lon="113.5043250">
    <ele>1055.9</ele>
   </trkpt>
   <trkpt lat="-7.9648250" lon="113.5042930">
    <ele>1055.8</ele>
   </trkpt>
   <trkpt lat="-7.9648250" lon="113.5042580">
    <ele>1055.7</ele>
   </trkpt>
   <trkpt lat="-7.9648220" lon="113.5042300">
    <ele>1055.7</ele>
   </trkpt>
   <trkpt lat="-7.9648200" lon="113.5041970">
    <ele>1055.7</ele>
   </trkpt>
   <trkpt lat="-7.9648220" lon="113.5041670">
    <ele>1055.8</ele>
   </trkpt>
   <trkpt lat="-7.9648180" lon="113.5041300">
    <ele>1056.0</ele>
   </trkpt>
   <trkpt lat="-7.9648170" lon="113.5040950">
    <ele>1056.0</ele>
   </trkpt>
   <trkpt lat="-7.9648100" lon="113.5040650">
    <ele>1056.2</ele>
   </trkpt>
   <trkpt lat="-7.9648070" lon="113.5040320">
    <ele>1056.4</ele>
   </trkpt>
   <trkpt lat="-7.9648030" lon="113.5040020">
    <ele>1056.7</ele>
   </trkpt>
   <trkpt lat="-7.9648070" lon="113.5039730">
    <ele>1056.7</ele>
   </trkpt>
   <trkpt lat="-7.9648030" lon="113.5039450">
    <ele>1057.0</ele>
   </trkpt>
   <trkpt lat="-7.9648030" lon="113.5039120">
    <ele>1057.3</ele>
   </trkpt>
   <trkpt lat="-7.9648000" lon="113.5038800">
    <ele>1055.3</ele>
   </trkpt>
   <trkpt lat="-7.9648020" lon="113.5038500">
    <ele>1055.8</ele>
   </trkpt>
   <trkpt lat="-7.9648050" lon="113.5038170">
    <ele>1058.4</ele>
   </trkpt>
   <trkpt lat="-7.9648080" lon="113.5037770">
    <ele>1059.3</ele>
   </trkpt>
   <trkpt lat="-7.9648020" lon="113.5037280">
    <ele>1058.3</ele>
   </trkpt>
   <trkpt lat="-7.9647900" lon="113.5036800">
    <ele>1059.5</ele>
   </trkpt>
   <trkpt lat="-7.9647880" lon="113.5036320">
    <ele>1060.4</ele>
   </trkpt>
   <trkpt lat="-7.9647880" lon="113.5035970">
    <ele>1061.0</ele>
   </trkpt>
   <trkpt lat="-7.9647670" lon="113.5035680">
    <ele>1061.1</ele>
   </trkpt>
   <trkpt lat="-7.9647470" lon="113.5035470">
    <ele>1059.0</ele>
   </trkpt>
   <trkpt lat="-7.9647250" lon="113.5035220">
    <ele>1059.0</ele>
   </trkpt>
   <trkpt lat="-7.9647230" lon="113.5034920">
    <ele>1059.0</ele>
   </trkpt>
   <trkpt lat="-7.9647030" lon="113.5034620">
    <ele>1057.2</ele>
   </trkpt>
   <trkpt lat="-7.9646900" lon="113.5034370">
    <ele>1057.4</ele>
   </trkpt>
   <trkpt lat="-7.9646670" lon="113.5034120">
    <ele>1055.8</ele>
   </trkpt>
   <trkpt lat="-7.9646580" lon="113.5033780">
    <ele>1056.2</ele>
   </trkpt>
   <trkpt lat="-7.9646530" lon="113.5033400">
    <ele>1056.6</ele>
   </trkpt>
   <trkpt lat="-7.9646330" lon="113.5033070">
    <ele>1057.1</ele>
   </trkpt>
   <trkpt lat="-7.9646030" lon="113.5032820">
    <ele>1055.7</ele>
   </trkpt>
   <trkpt lat="-7.9645820" lon="113.5032630">
    <ele>1055.0</ele>
   </trkpt>
   <trkpt lat="-7.9645500" lon="113.5032380">
    <ele>1055.0</ele>
   </trkpt>
   <trkpt lat="-7.9645270" lon="113.5032070">
    <ele>1054.6</ele>
   </trkpt>
   <trkpt lat="-7.9645220" lon="113.5031780">
    <ele>1055.3</ele>
   </trkpt>
   <trkpt lat="-7.9645280" lon="113.5031500">
    <ele>1055.3</ele>
   </trkpt>
   <trkpt lat="-7.9645000" lon="113.5031400">
    <ele>1054.9</ele>
   </trkpt>
   <trkpt lat="-7.9644830" lon="113.5031080">
    <ele>1054.9</ele>
   </trkpt>
   <trkpt lat="-7.9644680" lon="113.5030780">
    <ele>1055.7</ele>
   </trkpt>
   <trkpt lat="-7.9644570" lon="113.5030480">
    <ele>1055.3</ele>
   </trkpt>
   <trkpt lat="-7.9644370" lon="113.5030120">
    <ele>1056.0</ele>
   </trkpt>
   <trkpt lat="-7.9644130" lon="113.5029880">
    <ele>1054.8</ele>
   </trkpt>
   <trkpt lat="-7.9643870" lon="113.5029670">
    <ele>1055.6</ele>
   </trkpt>
   <trkpt lat="-7.9643600" lon="113.5029570">
    <ele>1054.5</ele>
   </trkpt>
   <trkpt lat="-7.9643230" lon="113.5029620">
    <ele>1053.6</ele>
   </trkpt>
   <trkpt lat="-7.9642870" lon="113.5029720">
    <ele>1052.9</ele>
   </trkpt>
   <trkpt lat="-7.9642300" lon="113.5029730">
    <ele>1052.5</ele>
   </trkpt>
   <trkpt lat="-7.9641820" lon="113.5029750">
    <ele>1051.4</ele>
   </trkpt>
   <trkpt lat="-7.9641420" lon="113.5029820">
    <ele>1051.0</ele>
   </trkpt>
   <trkpt lat="-7.9640970" lon="113.5029880">
    <ele>1050.4</ele>
   </trkpt>
   <trkpt lat="-7.9640400" lon="113.5029870">
    <ele>1049.6</ele>
   </trkpt>
   <trkpt lat="-7.9639950" lon="113.5029850">
    <ele>1047.5</ele>
   </trkpt>
   <trkpt lat="-7.9639680" lon="113.5029800">
    <ele>1047.5</ele>
   </trkpt>
   <trkpt lat="-7.9639420" lon="113.5029750">
    <ele>1046.6</ele>
   </trkpt>
   <trkpt lat="-7.9639020" lon="113.5029580">
    <ele>1046.1</ele>
   </trkpt>
   <trkpt lat="-7.9638470" lon="113.5029530">
    <ele>1045.2</ele>
   </trkpt>
   <trkpt lat="-7.9638180" lon="113.5029550">
    <ele>1044.2</ele>
   </trkpt>
   <trkpt lat="-7.9637680" lon="113.5029570">
    <ele>1043.1</ele>
   </trkpt>
   <trkpt lat="-7.9637400" lon="113.5029520">
    <ele>1041.9</ele>
   </trkpt>
   <trkpt lat="-7.9636970" lon="113.5029300">
    <ele>1040.6</ele>
   </trkpt>
   <trkpt lat="-7.9636720" lon="113.5029170">
    <ele>1040.6</ele>
   </trkpt>
   <trkpt lat="-7.9636480" lon="113.5029020">
    <ele>1039.4</ele>
   </trkpt>
   <trkpt lat="-7.9636050" lon="113.5028750">
    <ele>1038.3</ele>
   </trkpt>
   <trkpt lat="-7.9635680" lon="113.5028430">
    <ele>1037.4</ele>
   </trkpt>
   <trkpt lat="-7.9635250" lon="113.5028220">
    <ele>1036.7</ele>
   </trkpt>
   <trkpt lat="-7.9634830" lon="113.5027980">
    <ele>1036.0</ele>
   </trkpt>
   <trkpt lat="-7.9634370" lon="113.5027720">
    <ele>1035.5</ele>
   </trkpt>
   <trkpt lat="-7.9633980" lon="113.5027480">
    <ele>1035.0</ele>
   </trkpt>
   <trkpt lat="-7.9633720" lon="113.5027170">
    <ele>1035.1</ele>
   </trkpt>
   <trkpt lat="-7.9633570" lon="113.5026900">
    <ele>1034.6</ele>
   </trkpt>
   <trkpt lat="-7.9633400" lon="113.5026630">
    <ele>1034.5</ele>
   </trkpt>
   <trkpt lat="-7.9633220" lon="113.5026270">
    <ele>1034.3</ele>
   </trkpt>
   <trkpt lat="-7.9633350" lon="113.5026000">
    <ele>1034.3</ele>
   </trkpt>
   <trkpt lat="-7.9633600" lon="113.5025770">
    <ele>1034.6</ele>
   </trkpt>
   <trkpt lat="-7.9633730" lon="113.5025400">
    <ele>1034.1</ele>
   </trkpt>
   <trkpt lat="-7.9633780" lon="113.5024980">
    <ele>1033.4</ele>
   </trkpt>
   <trkpt lat="-7.9633750" lon="113.5024580">
    <ele>1032.6</ele>
   </trkpt>
   <trkpt lat="-7.9633620" lon="113.5024250">
    <ele>1032.6</ele>
   </trkpt>
   <trkpt lat="-7.9633520" lon="113.5023950">
    <ele>1030.9</ele>
   </trkpt>
   <trkpt lat="-7.9633420" lon="113.5023570">
    <ele>1030.3</ele>
   </trkpt>
   <trkpt lat="-7.9633270" lon="113.5023120">
    <ele>1029.8</ele>
   </trkpt>
   <trkpt lat="-7.9633170" lon="113.5022620">
    <ele>1029.4</ele>
   </trkpt>
   <trkpt lat="-7.9633100" lon="113.5022080">
    <ele>1028.2</ele>
   </trkpt>
   <trkpt lat="-7.9633030" lon="113.5021600">
    <ele>1028.0</ele>
   </trkpt>
   <trkpt lat="-7.9632900" lon="113.5021170">
    <ele>1027.9</ele>
   </trkpt>
   <trkpt lat="-7.9632680" lon="113.5020720">
    <ele>1027.5</ele>
   </trkpt>
   <trkpt lat="-7.9632520" lon="113.5020280">
    <ele>1028.0</ele>
   </trkpt>
   <trkpt lat="-7.9632280" lon="113.5019850">
    <ele>1028.0</ele>
   </trkpt>
   <trkpt lat="-7.9632050" lon="113.5019420">
    <ele>1028.6</ele>
   </trkpt>
   <trkpt lat="-7.9631800" lon="113.5018980">
    <ele>1028.5</ele>
   </trkpt>
   <trkpt lat="-7.9631580" lon="113.5018530">
    <ele>1028.7</ele>
   </trkpt>
   <trkpt lat="-7.9631370" lon="113.5018070">
    <ele>1028.2</ele>
   </trkpt>
   <trkpt lat="-7.9631120" lon="113.5017600">
    <ele>1028.1</ele>
   </trkpt>
   <trkpt lat="-7.9630800" lon="113.5017220">
    <ele>1027.4</ele>
   </trkpt>
   <trkpt lat="-7.9630470" lon="113.5016830">
    <ele>1026.9</ele>
   </trkpt>
   <trkpt lat="-7.9630150" lon="113.5016430">
    <ele>1026.4</ele>
   </trkpt>
   <trkpt lat="-7.9630000" lon="113.5016070">
    <ele>1026.4</ele>
   </trkpt>
   <trkpt lat="-7.9629830" lon="113.5015780">
    <ele>1026.4</ele>
   </trkpt>
   <trkpt lat="-7.9629680" lon="113.5015500">
    <ele>1025.9</ele>
   </trkpt>
   <trkpt lat="-7.9629620" lon="113.5014850">
    <ele>1025.7</ele>
   </trkpt>
   <trkpt lat="-7.9629530" lon="113.5014420">
    <ele>1025.5</ele>
   </trkpt>
   <trkpt lat="-7.9629450" lon="113.5014120">
    <ele>1025.2</ele>
   </trkpt>
   <trkpt lat="-7.9629430" lon="113.5013780">
    <ele>1024.8</ele>
   </trkpt>
   <trkpt lat="-7.9629470" lon="113.5013480">
    <ele>1024.8</ele>
   </trkpt>
   <trkpt lat="-7.9629480" lon="113.5013200">
    <ele>1024.5</ele>
   </trkpt>
   <trkpt lat="-7.9629470" lon="113.5012920">
    <ele>1024.3</ele>
   </trkpt>
   <trkpt lat="-7.9629430" lon="113.5012630">
    <ele>1024.3</ele>
   </trkpt>
   <trkpt lat="-7.9629380" lon="113.5012300">
    <ele>1024.1</ele>
   </trkpt>
   <trkpt lat="-7.9629300" lon="113.5011930">
    <ele>1023.5</ele>
   </trkpt>
   <trkpt lat="-7.9629180" lon="113.5011580">
    <ele>1023.4</ele>
   </trkpt>
   <trkpt lat="-7.9629100" lon="113.5011170">
    <ele>1023.5</ele>
   </trkpt>
   <trkpt lat="-7.9628950" lon="113.5010730">
    <ele>1023.5</ele>
   </trkpt>
   <trkpt lat="-7.9628780" lon="113.5010280">
    <ele>1023.2</ele>
   </trkpt>
   <trkpt lat="-7.9628720" lon="113.5010020">
    <ele>1023.2</ele>
   </trkpt>
   <trkpt lat="-7.9628680" lon="113.5009530">
    <ele>1023.1</ele>
   </trkpt>
   <trkpt lat="-7.9628680" lon="113.5009120">
    <ele>1022.9</ele>
   </trkpt>
   <trkpt lat="-7.9628620" lon="113.5008680">
    <ele>1022.8</ele>
   </trkpt>
   <trkpt lat="-7.9628550" lon="113.5008230">
    <ele>1022.6</ele>
   </trkpt>
   <trkpt lat="-7.9628550" lon="113.5007770">
    <ele>1022.5</ele>
   </trkpt>
   <trkpt lat="-7.9628430" lon="113.5007280">
    <ele>1021.4</ele>
   </trkpt>
   <trkpt lat="-7.9628420" lon="113.5006980">
    <ele>1021.3</ele>
   </trkpt>
   <trkpt lat="-7.9628370" lon="113.5006530">
    <ele>1021.3</ele>
   </trkpt>
   <trkpt lat="-7.9628320" lon="113.5006250">
    <ele>1021.3</ele>
   </trkpt>
   <trkpt lat="-7.9628270" lon="113.5005970">
    <ele>1021.3</ele>
   </trkpt>
   <trkpt lat="-7.9628200" lon="113.5005700">
    <ele>1021.3</ele>
   </trkpt>
   <trkpt lat="-7.9628200" lon="113.5005170">
    <ele>1021.2</ele>
   </trkpt>
   <trkpt lat="-7.9628230" lon="113.5004880">
    <ele>1021.2</ele>
   </trkpt>
   <trkpt lat="-7.9628250" lon="113.5004350">
    <ele>1020.7</ele>
   </trkpt>
   <trkpt lat="-7.9628230" lon="113.5003900">
    <ele>1020.4</ele>
   </trkpt>
   <trkpt lat="-7.9628150" lon="113.5003530">
    <ele>1020.1</ele>
   </trkpt>
   <trkpt lat="-7.9628120" lon="113.5003250">
    <ele>1020.1</ele>
   </trkpt>
   <trkpt lat="-7.9628130" lon="113.5002950">
    <ele>1020.0</ele>
   </trkpt>
   <trkpt lat="-7.9628030" lon="113.5002650">
    <ele>1019.1</ele>
   </trkpt>
   <trkpt lat="-7.9627870" lon="113.5002300">
    <ele>1019.1</ele>
   </trkpt>
   <trkpt lat="-7.9627750" lon="113.5002030">
    <ele>1019.1</ele>
   </trkpt>
   <trkpt lat="-7.9627720" lon="113.5001650">
    <ele>1019.2</ele>
   </trkpt>
   <trkpt lat="-7.9627770" lon="113.5001250">
    <ele>1019.2</ele>
   </trkpt>
   <trkpt lat="-7.9627850" lon="113.5000800">
    <ele>1019.3</ele>
   </trkpt>
   <trkpt lat="-7.9627950" lon="113.5000300">
    <ele>1019.2</ele>
   </trkpt>
   <trkpt lat="-7.9627980" lon="113.4999820">
    <ele>1019.0</ele>
   </trkpt>
   <trkpt lat="-7.9628030" lon="113.4999330">
    <ele>1018.5</ele>
   </trkpt>
   <trkpt lat="-7.9628150" lon="113.4998830">
    <ele>1018.1</ele>
   </trkpt>
   <trkpt lat="-7.9628270" lon="113.4998380">
    <ele>1017.7</ele>
   </trkpt>
   <trkpt lat="-7.9628250" lon="113.4997920">
    <ele>1017.4</ele>
   </trkpt>
   <trkpt lat="-7.9628150" lon="113.4997450">
    <ele>1017.0</ele>
   </trkpt>
   <trkpt lat="-7.9627980" lon="113.4997050">
    <ele>1016.2</ele>
   </trkpt>
   <trkpt lat="-7.9627730" lon="113.4996700">
    <ele>1016.1</ele>
   </trkpt>
   <trkpt lat="-7.9627470" lon="113.4996330">
    <ele>1015.3</ele>
   </trkpt>
   <trkpt lat="-7.9627230" lon="113.4995930">
    <ele>1015.3</ele>
   </trkpt>
   <trkpt lat="-7.9626980" lon="113.4995550">
    <ele>1014.6</ele>
   </trkpt>
   <trkpt lat="-7.9626650" lon="113.4995180">
    <ele>1014.3</ele>
   </trkpt>
   <trkpt lat="-7.9626470" lon="113.4994980">
    <ele>1014.4</ele>
   </trkpt>
   <trkpt lat="-7.9626130" lon="113.4994550">
    <ele>1014.0</ele>
   </trkpt>
   <trkpt lat="-7.9625950" lon="113.4994350">
    <ele>1014.0</ele>
   </trkpt>
   <trkpt lat="-7.9625770" lon="113.4994150">
    <ele>1013.5</ele>
   </trkpt>
   <trkpt lat="-7.9625480" lon="113.4993820">
    <ele>1013.1</ele>
   </trkpt>
   <trkpt lat="-7.9625220" lon="113.4993620">
    <ele>1013.2</ele>
   </trkpt>
   <trkpt lat="-7.9624950" lon="113.4993480">
    <ele>1012.9</ele>
   </trkpt>
   <trkpt lat="-7.9624630" lon="113.4993380">
    <ele>1012.7</ele>
   </trkpt>
   <trkpt lat="-7.9624320" lon="113.4993270">
    <ele>1012.7</ele>
   </trkpt>
   <trkpt lat="-7.9624020" lon="113.4993180">
    <ele>1012.8</ele>
   </trkpt>
   <trkpt lat="-7.9623720" lon="113.4993080">
    <ele>1012.4</ele>
   </trkpt>
   <trkpt lat="-7.9623330" lon="113.4993020">
    <ele>1011.8</ele>
   </trkpt>
   <trkpt lat="-7.9622930" lon="113.4992980">
    <ele>1011.3</ele>
   </trkpt>
   <trkpt lat="-7.9622500" lon="113.4992930">
    <ele>1010.7</ele>
   </trkpt>
   <trkpt lat="-7.9622180" lon="113.4992880">
    <ele>1010.7</ele>
   </trkpt>
   <trkpt lat="-7.9621870" lon="113.4992780">
    <ele>1010.5</ele>
   </trkpt>
   <trkpt lat="-7.9621580" lon="113.4992680">
    <ele>1010.0</ele>
   </trkpt>
   <trkpt lat="-7.9621330" lon="113.4992570">
    <ele>1010.0</ele>
   </trkpt>
   <trkpt lat="-7.9621070" lon="113.4992430">
    <ele>1009.5</ele>
   </trkpt>
   <trkpt lat="-7.9620700" lon="113.4992120">
    <ele>1009.2</ele>
   </trkpt>
   <trkpt lat="-7.9620430" lon="113.4991770">
    <ele>1009.4</ele>
   </trkpt>
   <trkpt lat="-7.9620080" lon="113.4991380">
    <ele>1009.3</ele>
   </trkpt>
   <trkpt lat="-7.9619750" lon="113.4991080">
    <ele>1009.3</ele>
   </trkpt>
   <trkpt lat="-7.9619430" lon="113.4990730">
    <ele>1008.9</ele>
   </trkpt>
   <trkpt lat="-7.9619080" lon="113.4990450">
    <ele>1009.0</ele>
   </trkpt>
   <trkpt lat="-7.9618730" lon="113.4990270">
    <ele>1009.0</ele>
   </trkpt>
   <trkpt lat="-7.9618480" lon="113.4990130">
    <ele>1008.8</ele>
   </trkpt>
   <trkpt lat="-7.9618080" lon="113.4989850">
    <ele>1008.1</ele>
   </trkpt>
   <trkpt lat="-7.9617750" lon="113.4989470">
    <ele>1007.3</ele>
   </trkpt>
   <trkpt lat="-7.9617500" lon="113.4989020">
    <ele>1007.2</ele>
   </trkpt>
   <trkpt lat="-7.9617220" lon="113.4988630">
    <ele>1005.9</ele>
   </trkpt>
   <trkpt lat="-7.9616980" lon="113.4988170">
    <ele>1004.5</ele>
   </trkpt>
   <trkpt lat="-7.9616870" lon="113.4987920">
    <ele>1004.0</ele>
   </trkpt>
   <trkpt lat="-7.9616620" lon="113.4987450">
    <ele>1003.3</ele>
   </trkpt>
   <trkpt lat="-7.9616430" lon="113.4986970">
    <ele>1001.5</ele>
   </trkpt>
   <trkpt lat="-7.9616300" lon="113.4986520">
    <ele>1000.7</ele>
   </trkpt>
   <trkpt lat="-7.9616320" lon="113.4986020">
    <ele>999.9</ele>
   </trkpt>
   <trkpt lat="-7.9616370" lon="113.4985530">
    <ele>998.4</ele>
   </trkpt>
   <trkpt lat="-7.9616380" lon="113.4985030">
    <ele>997.7</ele>
   </trkpt>
   <trkpt lat="-7.9616370" lon="113.4984750">
    <ele>997.7</ele>
   </trkpt>
   <trkpt lat="-7.9616380" lon="113.4984270">
    <ele>997.0</ele>
   </trkpt>
   <trkpt lat="-7.9616370" lon="113.4983800">
    <ele>995.8</ele>
   </trkpt>
   <trkpt lat="-7.9616270" lon="113.4983320">
    <ele>995.2</ele>
   </trkpt>
   <trkpt lat="-7.9616050" lon="113.4982930">
    <ele>994.3</ele>
   </trkpt>
   <trkpt lat="-7.9615780" lon="113.4982570">
    <ele>994.3</ele>
   </trkpt>
   <trkpt lat="-7.9615570" lon="113.4982130">
    <ele>993.7</ele>
   </trkpt>
   <trkpt lat="-7.9615280" lon="113.4981770">
    <ele>993.2</ele>
   </trkpt>
   <trkpt lat="-7.9615020" lon="113.4981380">
    <ele>992.7</ele>
   </trkpt>
   <trkpt lat="-7.9614720" lon="113.4981030">
    <ele>992.3</ele>
   </trkpt>
   <trkpt lat="-7.9614370" lon="113.4980620">
    <ele>991.8</ele>
   </trkpt>
   <trkpt lat="-7.9614050" lon="113.4980230">
    <ele>991.4</ele>
   </trkpt>
   <trkpt lat="-7.9613730" lon="113.4979920">
    <ele>990.7</ele>
   </trkpt>
   <trkpt lat="-7.9613370" lon="113.4979550">
    <ele>990.6</ele>
   </trkpt>
   <trkpt lat="-7.9613070" lon="113.4979180">
    <ele>990.2</ele>
   </trkpt>
   <trkpt lat="-7.9612770" lon="113.4978820">
    <ele>989.7</ele>
   </trkpt>
   <trkpt lat="-7.9612480" lon="113.4978450">
    <ele>989.3</ele>
   </trkpt>
   <trkpt lat="-7.9612180" lon="113.4978100">
    <ele>988.8</ele>
   </trkpt>
   <trkpt lat="-7.9611870" lon="113.4977820">
    <ele>988.8</ele>
   </trkpt>
   <trkpt lat="-7.9611530" lon="113.4977500">
    <ele>988.2</ele>
   </trkpt>
   <trkpt lat="-7.9611200" lon="113.4977150">
    <ele>987.6</ele>
   </trkpt>
   <trkpt lat="-7.9610900" lon="113.4976780">
    <ele>987.1</ele>
   </trkpt>
   <trkpt lat="-7.9610620" lon="113.4976380">
    <ele>986.7</ele>
   </trkpt>
   <trkpt lat="-7.9610400" lon="113.4975970">
    <ele>986.3</ele>
   </trkpt>
   <trkpt lat="-7.9610280" lon="113.4975700">
    <ele>986.3</ele>
   </trkpt>
   <trkpt lat="-7.9609980" lon="113.4975300">
    <ele>985.9</ele>
   </trkpt>
   <trkpt lat="-7.9609670" lon="113.4974950">
    <ele>985.3</ele>
   </trkpt>
   <trkpt lat="-7.9609400" lon="113.4974580">
    <ele>984.9</ele>
   </trkpt>
   <trkpt lat="-7.9609080" lon="113.4974230">
    <ele>984.3</ele>
   </trkpt>
   <trkpt lat="-7.9608730" lon="113.4973900">
    <ele>983.8</ele>
   </trkpt>
   <trkpt lat="-7.9608400" lon="113.4973580">
    <ele>984.0</ele>
   </trkpt>
   <trkpt lat="-7.9608080" lon="113.4973250">
    <ele>983.5</ele>
   </trkpt>
   <trkpt lat="-7.9607780" lon="113.4972850">
    <ele>983.3</ele>
   </trkpt>
   <trkpt lat="-7.9607500" lon="113.4972430">
    <ele>983.2</ele>
   </trkpt>
   <trkpt lat="-7.9607350" lon="113.4972200">
    <ele>982.7</ele>
   </trkpt>
   <trkpt lat="-7.9607080" lon="113.4971770">
    <ele>982.4</ele>
   </trkpt>
   <trkpt lat="-7.9606750" lon="113.4971420">
    <ele>982.5</ele>
   </trkpt>
   <trkpt lat="-7.9606430" lon="113.4971100">
    <ele>981.9</ele>
   </trkpt>
   <trkpt lat="-7.9606170" lon="113.4970770">
    <ele>981.2</ele>
   </trkpt>
   <trkpt lat="-7.9605800" lon="113.4970420">
    <ele>980.7</ele>
   </trkpt>
   <trkpt lat="-7.9605480" lon="113.4970130">
    <ele>980.7</ele>
   </trkpt>
   <trkpt lat="-7.9605130" lon="113.4969800">
    <ele>980.2</ele>
   </trkpt>
   <trkpt lat="-7.9604870" lon="113.4969420">
    <ele>979.5</ele>
   </trkpt>
   <trkpt lat="-7.9604550" lon="113.4969030">
    <ele>978.7</ele>
   </trkpt>
   <trkpt lat="-7.9604230" lon="113.4968680">
    <ele>978.0</ele>
   </trkpt>
   <trkpt lat="-7.9603920" lon="113.4968330">
    <ele>977.8</ele>
   </trkpt>
   <trkpt lat="-7.9603620" lon="113.4967930">
    <ele>977.6</ele>
   </trkpt>
   <trkpt lat="-7.9603280" lon="113.4967530">
    <ele>977.6</ele>
   </trkpt>
   <trkpt lat="-7.9602950" lon="113.4967170">
    <ele>977.6</ele>
   </trkpt>
   <trkpt lat="-7.9602600" lon="113.4966820">
    <ele>977.6</ele>
   </trkpt>
   <trkpt lat="-7.9602230" lon="113.4966500">
    <ele>977.6</ele>
   </trkpt>
   <trkpt lat="-7.9601950" lon="113.4966130">
    <ele>977.7</ele>
   </trkpt>
   <trkpt lat="-7.9601970" lon="113.4965700">
    <ele>977.6</ele>
   </trkpt>
   <trkpt lat="-7.9602130" lon="113.4965380">
    <ele>977.6</ele>
   </trkpt>
   <trkpt lat="-7.9602400" lon="113.4965130">
    <ele>977.6</ele>
   </trkpt>
   <trkpt lat="-7.9602750" lon="113.4964830">
    <ele>977.6</ele>
   </trkpt>
   <trkpt lat="-7.9603170" lon="113.4964520">
    <ele>977.6</ele>
   </trkpt>
   <trkpt lat="-7.9603520" lon="113.4964230">
    <ele>977.6</ele>
   </trkpt>
   <trkpt lat="-7.9603870" lon="113.4963920">
    <ele>977.6</ele>
   </trkpt>
   <trkpt lat="-7.9604170" lon="113.4963670">
    <ele>977.6</ele>
   </trkpt>
   <trkpt lat="-7.9604420" lon="113.4963450">
    <ele>977.6</ele>
   </trkpt>
   <trkpt lat="-7.9604720" lon="113.4963180">
    <ele>977.6</ele>
   </trkpt>
   <trkpt lat="-7.9605020" lon="113.4962900">
    <ele>977.6</ele>
   </trkpt>
   <trkpt lat="-7.9605300" lon="113.4962650">
    <ele>977.6</ele>
   </trkpt>
   <trkpt lat="-7.9605530" lon="113.4962380">
    <ele>977.6</ele>
   </trkpt>
   <trkpt lat="-7.9605850" lon="113.4962150">
    <ele>977.7</ele>
   </trkpt>
   <trkpt lat="-7.9606080" lon="113.4961900">
    <ele>977.8</ele>
   </trkpt>
   <trkpt lat="-7.9606250" lon="113.4961680">
    <ele>977.8</ele>
   </trkpt>
   <trkpt lat="-7.9606480" lon="113.4961380">
    <ele>977.9</ele>
   </trkpt>
   <trkpt lat="-7.9606670" lon="113.4961150">
    <ele>977.9</ele>
   </trkpt>
   <trkpt lat="-7.9606880" lon="113.4960900">
    <ele>977.7</ele>
   </trkpt>
   <trkpt lat="-7.9607000" lon="113.4960600">
    <ele>977.6</ele>
   </trkpt>
   <trkpt lat="-7.9607080" lon="113.4960300">
    <ele>977.6</ele>
   </trkpt>
   <trkpt lat="-7.9607120" lon="113.4959980">
    <ele>977.4</ele>
   </trkpt>
   <trkpt lat="-7.9607030" lon="113.4959580">
    <ele>977.2</ele>
   </trkpt>
   <trkpt lat="-7.9606800" lon="113.4959280">
    <ele>976.9</ele>
   </trkpt>
   <trkpt lat="-7.9606550" lon="113.4959020">
    <ele>976.9</ele>
   </trkpt>
   <trkpt lat="-7.9606350" lon="113.4958680">
    <ele>976.4</ele>
   </trkpt>
   <trkpt lat="-7.9606170" lon="113.4958420">
    <ele>975.9</ele>
   </trkpt>
   <trkpt lat="-7.9606000" lon="113.4958170">
    <ele>975.9</ele>
   </trkpt>
   <trkpt lat="-7.9605850" lon="113.4957870">
    <ele>975.4</ele>
   </trkpt>
   <trkpt lat="-7.9605670" lon="113.4957570">
    <ele>974.8</ele>
   </trkpt>
   <trkpt lat="-7.9605420" lon="113.4957270">
    <ele>974.8</ele>
   </trkpt>
   <trkpt lat="-7.9605230" lon="113.4957020">
    <ele>974.3</ele>
   </trkpt>
   <trkpt lat="-7.9605000" lon="113.4956800">
    <ele>974.3</ele>
   </trkpt>
   <trkpt lat="-7.9604730" lon="113.4956550">
    <ele>973.8</ele>
   </trkpt>
   <trkpt lat="-7.9604620" lon="113.4956280">
    <ele>973.2</ele>
   </trkpt>
   <trkpt lat="-7.9604450" lon="113.4955980">
    <ele>973.2</ele>
   </trkpt>
   <trkpt lat="-7.9604250" lon="113.4955670">
    <ele>972.8</ele>
   </trkpt>
   <trkpt lat="-7.9604020" lon="113.4955330">
    <ele>972.4</ele>
   </trkpt>
   <trkpt lat="-7.9603750" lon="113.4955070">
    <ele>972.2</ele>
   </trkpt>
   <trkpt lat="-7.9603500" lon="113.4954830">
    <ele>972.2</ele>
   </trkpt>
   <trkpt lat="-7.9603250" lon="113.4954520">
    <ele>971.9</ele>
   </trkpt>
   <trkpt lat="-7.9603020" lon="113.4954200">
    <ele>971.6</ele>
   </trkpt>
   <trkpt lat="-7.9602780" lon="113.4953930">
    <ele>971.3</ele>
   </trkpt>
   <trkpt lat="-7.9602580" lon="113.4953650">
    <ele>970.9</ele>
   </trkpt>
   <trkpt lat="-7.9602420" lon="113.4953400">
    <ele>970.5</ele>
   </trkpt>
   <trkpt lat="-7.9602270" lon="113.4953080">
    <ele>970.2</ele>
   </trkpt>
   <trkpt lat="-7.9602150" lon="113.4952780">
    <ele>969.9</ele>
   </trkpt>
   <trkpt lat="-7.9602020" lon="113.4952500">
    <ele>969.5</ele>
   </trkpt>
   <trkpt lat="-7.9601780" lon="113.4952270">
    <ele>969.4</ele>
   </trkpt>
   <trkpt lat="-7.9601450" lon="113.4952030">
    <ele>968.9</ele>
   </trkpt>
   <trkpt lat="-7.9601130" lon="113.4951730">
    <ele>968.4</ele>
   </trkpt>
   <trkpt lat="-7.9600900" lon="113.4951430">
    <ele>968.5</ele>
   </trkpt>
   <trkpt lat="-7.9600700" lon="113.4951150">
    <ele>967.9</ele>
   </trkpt>
   <trkpt lat="-7.9600550" lon="113.4950850">
    <ele>967.9</ele>
   </trkpt>
   <trkpt lat="-7.9600320" lon="113.4950520">
    <ele>967.1</ele>
   </trkpt>
   <trkpt lat="-7.9600070" lon="113.4950250">
    <ele>967.0</ele>
   </trkpt>
   <trkpt lat="-7.9599780" lon="113.4950000">
    <ele>966.2</ele>
   </trkpt>
   <trkpt lat="-7.9599380" lon="113.4949720">
    <ele>965.7</ele>
   </trkpt>
   <trkpt lat="-7.9599020" lon="113.4949450">
    <ele>965.5</ele>
   </trkpt>
   <trkpt lat="-7.9598570" lon="113.4949220">
    <ele>965.1</ele>
   </trkpt>
   <trkpt lat="-7.9598200" lon="113.4948900">
    <ele>964.8</ele>
   </trkpt>
   <trkpt lat="-7.9597870" lon="113.4948500">
    <ele>964.3</ele>
   </trkpt>
   <trkpt lat="-7.9597580" lon="113.4948070">
    <ele>964.2</ele>
   </trkpt>
   <trkpt lat="-7.9597270" lon="113.4947680">
    <ele>963.8</ele>
   </trkpt>
   <trkpt lat="-7.9596970" lon="113.4947320">
    <ele>963.5</ele>
   </trkpt>
   <trkpt lat="-7.9596670" lon="113.4946950">
    <ele>963.5</ele>
   </trkpt>
   <trkpt lat="-7.9596320" lon="113.4946580">
    <ele>963.0</ele>
   </trkpt>
   <trkpt lat="-7.9595950" lon="113.4946250">
    <ele>962.3</ele>
   </trkpt>
   <trkpt lat="-7.9595600" lon="113.4945980">
    <ele>961.5</ele>
   </trkpt>
   <trkpt lat="-7.9595170" lon="113.4945720">
    <ele>961.5</ele>
   </trkpt>
   <trkpt lat="-7.9594720" lon="113.4945530">
    <ele>960.9</ele>
   </trkpt>
   <trkpt lat="-7.9594230" lon="113.4945330">
    <ele>961.0</ele>
   </trkpt>
   <trkpt lat="-7.9593780" lon="113.4945120">
    <ele>960.4</ele>
   </trkpt>
   <trkpt lat="-7.9593420" lon="113.4944780">
    <ele>960.2</ele>
   </trkpt>
   <trkpt lat="-7.9593170" lon="113.4944380">
    <ele>959.5</ele>
   </trkpt>
   <trkpt lat="-7.9593050" lon="113.4943920">
    <ele>959.0</ele>
   </trkpt>
   <trkpt lat="-7.9593030" lon="113.4943430">
    <ele>958.1</ele>
   </trkpt>
   <trkpt lat="-7.9593050" lon="113.4942920">
    <ele>957.7</ele>
   </trkpt>
   <trkpt lat="-7.9593020" lon="113.4942430">
    <ele>957.4</ele>
   </trkpt>
   <trkpt lat="-7.9592970" lon="113.4941950">
    <ele>957.0</ele>
   </trkpt>
   <trkpt lat="-7.9592800" lon="113.4941430">
    <ele>956.8</ele>
   </trkpt>
   <trkpt lat="-7.9592720" lon="113.4941170">
    <ele>956.0</ele>
   </trkpt>
   <trkpt lat="-7.9592530" lon="113.4940650">
    <ele>955.8</ele>
   </trkpt>
   <trkpt lat="-7.9592330" lon="113.4940180">
    <ele>955.0</ele>
   </trkpt>
   <trkpt lat="-7.9592050" lon="113.4939800">
    <ele>954.7</ele>
   </trkpt>
   <trkpt lat="-7.9591830" lon="113.4939370">
    <ele>953.9</ele>
   </trkpt>
   <trkpt lat="-7.9591630" lon="113.4938970">
    <ele>953.7</ele>
   </trkpt>
   <trkpt lat="-7.9591400" lon="113.4938580">
    <ele>952.9</ele>
   </trkpt>
   <trkpt lat="-7.9591000" lon="113.4938300">
    <ele>952.3</ele>
   </trkpt>
   <trkpt lat="-7.9590570" lon="113.4938170">
    <ele>951.8</ele>
   </trkpt>
   <trkpt lat="-7.9590150" lon="113.4938050">
    <ele>951.3</ele>
   </trkpt>
   <trkpt lat="-7.9589730" lon="113.4937970">
    <ele>950.8</ele>
   </trkpt>
   <trkpt lat="-7.9589330" lon="113.4937830">
    <ele>950.5</ele>
   </trkpt>
   <trkpt lat="-7.9588870" lon="113.4937730">
    <ele>950.0</ele>
   </trkpt>
   <trkpt lat="-7.9588450" lon="113.4937630">
    <ele>949.6</ele>
   </trkpt>
   <trkpt lat="-7.9587980" lon="113.4937520">
    <ele>949.3</ele>
   </trkpt>
   <trkpt lat="-7.9587530" lon="113.4937400">
    <ele>949.6</ele>
   </trkpt>
   <trkpt lat="-7.9587100" lon="113.4937230">
    <ele>949.4</ele>
   </trkpt>
   <trkpt lat="-7.9586730" lon="113.4936950">
    <ele>950.1</ele>
   </trkpt>
   <trkpt lat="-7.9586520" lon="113.4936530">
    <ele>950.8</ele>
   </trkpt>
   <trkpt lat="-7.9586470" lon="113.4936070">
    <ele>951.4</ele>
   </trkpt>
   <trkpt lat="-7.9586500" lon="113.4935620">
    <ele>951.9</ele>
   </trkpt>
   <trkpt lat="-7.9586480" lon="113.4935300">
    <ele>952.2</ele>
   </trkpt>
   <trkpt lat="-7.9586530" lon="113.4935020">
    <ele>952.2</ele>
   </trkpt>
   <trkpt lat="-7.9586620" lon="113.4934750">
    <ele>952.5</ele>
   </trkpt>
   <trkpt lat="-7.9586670" lon="113.4934430">
    <ele>952.8</ele>
   </trkpt>
   <trkpt lat="-7.9586830" lon="113.4934080">
    <ele>953.2</ele>
   </trkpt>
   <trkpt lat="-7.9586920" lon="113.4933700">
    <ele>953.4</ele>
   </trkpt>
   <trkpt lat="-7.9587050" lon="113.4933430">
    <ele>953.6</ele>
   </trkpt>
   <trkpt lat="-7.9587200" lon="113.4933070">
    <ele>953.9</ele>
   </trkpt>
   <trkpt lat="-7.9587330" lon="113.4932730">
    <ele>954.5</ele>
   </trkpt>
   <trkpt lat="-7.9587430" lon="113.4932370">
    <ele>954.5</ele>
   </trkpt>
   <trkpt lat="-7.9587580" lon="113.4932050">
    <ele>954.8</ele>
   </trkpt>
   <trkpt lat="-7.9587720" lon="113.4931780">
    <ele>955.7</ele>
   </trkpt>
   <trkpt lat="-7.9587770" lon="113.4931400">
    <ele>956.0</ele>
   </trkpt>
   <trkpt lat="-7.9587870" lon="113.4931050">
    <ele>956.0</ele>
   </trkpt>
   <trkpt lat="-7.9588050" lon="113.4930720">
    <ele>956.4</ele>
   </trkpt>
   <trkpt lat="-7.9588220" lon="113.4930470">
    <ele>957.1</ele>
   </trkpt>
   <trkpt lat="-7.9588350" lon="113.4930220">
    <ele>957.1</ele>
   </trkpt>
   <trkpt lat="-7.9588450" lon="113.4929950">
    <ele>957.4</ele>
   </trkpt>
   <trkpt lat="-7.9588650" lon="113.4929680">
    <ele>957.8</ele>
   </trkpt>
   <trkpt lat="-7.9588770" lon="113.4929420">
    <ele>957.8</ele>
   </trkpt>
   <trkpt lat="-7.9588780" lon="113.4929100">
    <ele>958.0</ele>
   </trkpt>
   <trkpt lat="-7.9588920" lon="113.4928730">
    <ele>958.2</ele>
   </trkpt>
   <trkpt lat="-7.9588970" lon="113.4928420">
    <ele>958.7</ele>
   </trkpt>
   <trkpt lat="-7.9589100" lon="113.4928170">
    <ele>958.7</ele>
   </trkpt>
   <trkpt lat="-7.9589200" lon="113.4927820">
    <ele>959.0</ele>
   </trkpt>
   <trkpt lat="-7.9589370" lon="113.4927470">
    <ele>959.4</ele>
   </trkpt>
   <trkpt lat="-7.9589500" lon="113.4927130">
    <ele>960.1</ele>
   </trkpt>
   <trkpt lat="-7.9589580" lon="113.4926820">
    <ele>960.1</ele>
   </trkpt>
   <trkpt lat="-7.9589670" lon="113.4926530">
    <ele>960.5</ele>
   </trkpt>
   <trkpt lat="-7.9589720" lon="113.4926220">
    <ele>960.9</ele>
   </trkpt>
   <trkpt lat="-7.9589800" lon="113.4925920">
    <ele>961.5</ele>
   </trkpt>
   <trkpt lat="-7.9589600" lon="113.4925500">
    <ele>961.3</ele>
   </trkpt>
   <trkpt lat="-7.9589770" lon="113.4925220">
    <ele>961.7</ele>
   </trkpt>
   <trkpt lat="-7.9589900" lon="113.4924800">
    <ele>962.9</ele>
   </trkpt>
   <trkpt lat="-7.9590020" lon="113.4924450">
    <ele>963.2</ele>
   </trkpt>
   <trkpt lat="-7.9590050" lon="113.4924020">
    <ele>963.4</ele>
   </trkpt>
   <trkpt lat="-7.9590150" lon="113.4923680">
    <ele>963.5</ele>
   </trkpt>
   <trkpt lat="-7.9590180" lon="113.4923400">
    <ele>963.5</ele>
   </trkpt>
   <trkpt lat="-7.9590200" lon="113.4923100">
    <ele>963.4</ele>
   </trkpt>
   <trkpt lat="-7.9590220" lon="113.4922780">
    <ele>963.1</ele>
   </trkpt>
   <trkpt lat="-7.9590280" lon="113.4922430">
    <ele>963.3</ele>
   </trkpt>
   <trkpt lat="-7.9590270" lon="113.4922100">
    <ele>963.3</ele>
   </trkpt>
   <trkpt lat="-7.9590250" lon="113.4921820">
    <ele>962.8</ele>
   </trkpt>
   <trkpt lat="-7.9590200" lon="113.4921500">
    <ele>961.6</ele>
   </trkpt>
   <trkpt lat="-7.9590180" lon="113.4921170">
    <ele>961.6</ele>
   </trkpt>
   <trkpt lat="-7.9590200" lon="113.4920850">
    <ele>960.9</ele>
   </trkpt>
   <trkpt lat="-7.9590220" lon="113.4920520">
    <ele>960.2</ele>
   </trkpt>
   <trkpt lat="-7.9590230" lon="113.4920170">
    <ele>960.0</ele>
   </trkpt>
   <trkpt lat="-7.9590250" lon="113.4919830">
    <ele>959.3</ele>
   </trkpt>
   <trkpt lat="-7.9590300" lon="113.4919530">
    <ele>959.3</ele>
   </trkpt>
   <trkpt lat="-7.9590300" lon="113.4919230">
    <ele>958.5</ele>
   </trkpt>
   <trkpt lat="-7.9590270" lon="113.4918930">
    <ele>957.9</ele>
   </trkpt>
   <trkpt lat="-7.9590220" lon="113.4918650">
    <ele>957.4</ele>
   </trkpt>
   <trkpt lat="-7.9590230" lon="113.4918350">
    <ele>957.4</ele>
   </trkpt>
   <trkpt lat="-7.9590220" lon="113.4917930">
    <ele>956.5</ele>
   </trkpt>
   <trkpt lat="-7.9590220" lon="113.4917650">
    <ele>956.3</ele>
   </trkpt>
   <trkpt lat="-7.9590170" lon="113.4917330">
    <ele>956.3</ele>
   </trkpt>
   <trkpt lat="-7.9590030" lon="113.4917080">
    <ele>956.2</ele>
   </trkpt>
   <trkpt lat="-7.9589850" lon="113.4916870">
    <ele>956.2</ele>
   </trkpt>
   <trkpt lat="-7.9589630" lon="113.4916700">
    <ele>955.9</ele>
   </trkpt>
   <trkpt lat="-7.9589380" lon="113.4916500">
    <ele>955.9</ele>
   </trkpt>
   <trkpt lat="-7.9589170" lon="113.4916250">
    <ele>955.7</ele>
   </trkpt>
   <trkpt lat="-7.9588980" lon="113.4916000">
    <ele>956.0</ele>
   </trkpt>
   <trkpt lat="-7.9588800" lon="113.4915730">
    <ele>955.8</ele>
   </trkpt>
   <trkpt lat="-7.9588650" lon="113.4915430">
    <ele>956.3</ele>
   </trkpt>
   <trkpt lat="-7.9588520" lon="113.4915150">
    <ele>956.7</ele>
   </trkpt>
   <trkpt lat="-7.9588450" lon="113.4914830">
    <ele>956.7</ele>
   </trkpt>
   <trkpt lat="-7.9588400" lon="113.4914480">
    <ele>957.2</ele>
   </trkpt>
   <trkpt lat="-7.9588370" lon="113.4914170">
    <ele>957.7</ele>
   </trkpt>
   <trkpt lat="-7.9588370" lon="113.4913870">
    <ele>957.9</ele>
   </trkpt>
   <trkpt lat="-7.9588380" lon="113.4913530">
    <ele>957.9</ele>
   </trkpt>
   <trkpt lat="-7.9588380" lon="113.4913220">
    <ele>958.1</ele>
   </trkpt>
   <trkpt lat="-7.9588380" lon="113.4912880">
    <ele>958.4</ele>
   </trkpt>
   <trkpt lat="-7.9588380" lon="113.4912580">
    <ele>958.7</ele>
   </trkpt>
   <trkpt lat="-7.9588350" lon="113.4912300">
    <ele>958.7</ele>
   </trkpt>
   <trkpt lat="-7.9588300" lon="113.4912020">
    <ele>959.2</ele>
   </trkpt>
   <trkpt lat="-7.9588270" lon="113.4911700">
    <ele>959.8</ele>
   </trkpt>
   <trkpt lat="-7.9588280" lon="113.4911400">
    <ele>959.8</ele>
   </trkpt>
   <trkpt lat="-7.9588300" lon="113.4911100">
    <ele>960.3</ele>
   </trkpt>
   <trkpt lat="-7.9588300" lon="113.4910780">
    <ele>960.7</ele>
   </trkpt>
   <trkpt lat="-7.9588270" lon="113.4910480">
    <ele>960.7</ele>
   </trkpt>
   <trkpt lat="-7.9588180" lon="113.4910170">
    <ele>961.0</ele>
   </trkpt>
   <trkpt lat="-7.9588150" lon="113.4909880">
    <ele>961.2</ele>
   </trkpt>
   <trkpt lat="-7.9588120" lon="113.4909600">
    <ele>961.2</ele>
   </trkpt>
   <trkpt lat="-7.9588100" lon="113.4909320">
    <ele>961.4</ele>
   </trkpt>
   <trkpt lat="-7.9588080" lon="113.4908920">
    <ele>961.7</ele>
   </trkpt>
   <trkpt lat="-7.9588050" lon="113.4908530">
    <ele>962.0</ele>
   </trkpt>
   <trkpt lat="-7.9588050" lon="113.4908250">
    <ele>962.4</ele>
   </trkpt>
   <trkpt lat="-7.9588000" lon="113.4907880">
    <ele>962.4</ele>
   </trkpt>
   <trkpt lat="-7.9588000" lon="113.4907600">
    <ele>962.8</ele>
   </trkpt>
   <trkpt lat="-7.9588030" lon="113.4907220">
    <ele>963.2</ele>
   </trkpt>
   <trkpt lat="-7.9588050" lon="113.4906800">
    <ele>963.6</ele>
   </trkpt>
   <trkpt lat="-7.9588080" lon="113.4906430">
    <ele>964.1</ele>
   </trkpt>
   <trkpt lat="-7.9588080" lon="113.4906080">
    <ele>964.6</ele>
   </trkpt>
   <trkpt lat="-7.9588030" lon="113.4905730">
    <ele>964.6</ele>
   </trkpt>
   <trkpt lat="-7.9588150" lon="113.4905380">
    <ele>965.5</ele>
   </trkpt>
   <trkpt lat="-7.9588230" lon="113.4905070">
    <ele>966.2</ele>
   </trkpt>
   <trkpt lat="-7.9588400" lon="113.4904570">
    <ele>967.0</ele>
   </trkpt>
   <trkpt lat="-7.9588520" lon="113.4904300">
    <ele>967.8</ele>
   </trkpt>
   <trkpt lat="-7.9588700" lon="113.4904000">
    <ele>969.0</ele>
   </trkpt>
   <trkpt lat="-7.9588750" lon="113.4903620">
    <ele>969.0</ele>
   </trkpt>
   <trkpt lat="-7.9588850" lon="113.4903230">
    <ele>969.6</ele>
   </trkpt>
   <trkpt lat="-7.9588920" lon="113.4902950">
    <ele>970.1</ele>
   </trkpt>
   <trkpt lat="-7.9588880" lon="113.4902520">
    <ele>970.5</ele>
   </trkpt>
   <trkpt lat="-7.9588820" lon="113.4902230">
    <ele>970.9</ele>
   </trkpt>
   <trkpt lat="-7.9588730" lon="113.4901880">
    <ele>970.9</ele>
   </trkpt>
   <trkpt lat="-7.9588800" lon="113.4901620">
    <ele>971.2</ele>
   </trkpt>
   <trkpt lat="-7.9588800" lon="113.4901330">
    <ele>971.5</ele>
   </trkpt>
   <trkpt lat="-7.9588970" lon="113.4901020">
    <ele>971.8</ele>
   </trkpt>
   <trkpt lat="-7.9588980" lon="113.4900720">
    <ele>971.9</ele>
   </trkpt>
   <trkpt lat="-7.9589030" lon="113.4900370">
    <ele>971.9</ele>
   </trkpt>
   <trkpt lat="-7.9589030" lon="113.4900000">
    <ele>971.8</ele>
   </trkpt>
   <trkpt lat="-7.9589170" lon="113.4899620">
    <ele>971.7</ele>
   </trkpt>
   <trkpt lat="-7.9589170" lon="113.4899230">
    <ele>971.5</ele>
   </trkpt>
   <trkpt lat="-7.9589020" lon="113.4899000">
    <ele>971.5</ele>
   </trkpt>
   <trkpt lat="-7.9588750" lon="113.4898700">
    <ele>971.6</ele>
   </trkpt>
   <trkpt lat="-7.9588620" lon="113.4898220">
    <ele>971.8</ele>
   </trkpt>
   <trkpt lat="-7.9588680" lon="113.4897830">
    <ele>972.1</ele>
   </trkpt>
   <trkpt lat="-7.9588700" lon="113.4897430">
    <ele>972.4</ele>
   </trkpt>
   <trkpt lat="-7.9588730" lon="113.4897130">
    <ele>972.5</ele>
   </trkpt>
   <trkpt lat="-7.9588680" lon="113.4896820">
    <ele>972.5</ele>
   </trkpt>
   <trkpt lat="-7.9588650" lon="113.4896530">
    <ele>972.5</ele>
   </trkpt>
   <trkpt lat="-7.9588630" lon="113.4896230">
    <ele>972.5</ele>
   </trkpt>
   <trkpt lat="-7.9588570" lon="113.4895830">
    <ele>972.4</ele>
   </trkpt>
   <trkpt lat="-7.9588430" lon="113.4895450">
    <ele>972.1</ele>
   </trkpt>
   <trkpt lat="-7.9588270" lon="113.4895130">
    <ele>971.9</ele>
   </trkpt>
   <trkpt lat="-7.9587920" lon="113.4895070">
    <ele>971.6</ele>
   </trkpt>
   <trkpt lat="-7.9587630" lon="113.4895050">
    <ele>971.3</ele>
   </trkpt>
   <trkpt lat="-7.9587270" lon="113.4895050">
    <ele>970.9</ele>
   </trkpt>
   <trkpt lat="-7.9586920" lon="113.4895020">
    <ele>970.5</ele>
   </trkpt>
   <trkpt lat="-7.9586620" lon="113.4894950">
    <ele>970.2</ele>
   </trkpt>
   <trkpt lat="-7.9586300" lon="113.4894870">
    <ele>969.8</ele>
   </trkpt>
   <trkpt lat="-7.9586000" lon="113.4894800">
    <ele>969.5</ele>
   </trkpt>
   <trkpt lat="-7.9585680" lon="113.4894720">
    <ele>969.3</ele>
   </trkpt>
   <trkpt lat="-7.9585400" lon="113.4894670">
    <ele>969.1</ele>
   </trkpt>
   <trkpt lat="-7.9585070" lon="113.4894620">
    <ele>968.9</ele>
   </trkpt>
   <trkpt lat="-7.9584780" lon="113.4894500">
    <ele>968.7</ele>
   </trkpt>
   <trkpt lat="-7.9584520" lon="113.4894400">
    <ele>968.6</ele>
   </trkpt>
   <trkpt lat="-7.9584170" lon="113.4894350">
    <ele>968.5</ele>
   </trkpt>
   <trkpt lat="-7.9583870" lon="113.4894320">
    <ele>968.5</ele>
   </trkpt>
   <trkpt lat="-7.9583520" lon="113.4894250">
    <ele>968.5</ele>
   </trkpt>
   <trkpt lat="-7.9583170" lon="113.4894150">
    <ele>968.3</ele>
   </trkpt>
   <trkpt lat="-7.9582850" lon="113.4894020">
    <ele>968.2</ele>
   </trkpt>
   <trkpt lat="-7.9582550" lon="113.4893920">
    <ele>968.3</ele>
   </trkpt>
   <trkpt lat="-7.9582270" lon="113.4893820">
    <ele>968.4</ele>
   </trkpt>
   <trkpt lat="-7.9582020" lon="113.4893700">
    <ele>968.6</ele>
   </trkpt>
   <trkpt lat="-7.9581780" lon="113.4893530">
    <ele>968.7</ele>
   </trkpt>
   <trkpt lat="-7.9581550" lon="113.4893200">
    <ele>968.9</ele>
   </trkpt>
   <trkpt lat="-7.9581400" lon="113.4892950">
    <ele>968.6</ele>
   </trkpt>
   <trkpt lat="-7.9581320" lon="113.4892680">
    <ele>968.3</ele>
   </trkpt>
   <trkpt lat="-7.9581220" lon="113.4892420">
    <ele>968.2</ele>
   </trkpt>
   <trkpt lat="-7.9581100" lon="113.4892170">
    <ele>968.1</ele>
   </trkpt>
   <trkpt lat="-7.9580930" lon="113.4891830">
    <ele>968.0</ele>
   </trkpt>
   <trkpt lat="-7.9580780" lon="113.4891570">
    <ele>967.9</ele>
   </trkpt>
   <trkpt lat="-7.9580600" lon="113.4891330">
    <ele>967.8</ele>
   </trkpt>
   <trkpt lat="-7.9580330" lon="113.4891050">
    <ele>967.9</ele>
   </trkpt>
   <trkpt lat="-7.9580100" lon="113.4890880">
    <ele>968.1</ele>
   </trkpt>
   <trkpt lat="-7.9579850" lon="113.4890720">
    <ele>968.2</ele>
   </trkpt>
   <trkpt lat="-7.9579480" lon="113.4890580">
    <ele>968.3</ele>
   </trkpt>
   <trkpt lat="-7.9579220" lon="113.4890470">
    <ele>968.3</ele>
   </trkpt>
   <trkpt lat="-7.9578900" lon="113.4890380">
    <ele>968.3</ele>
   </trkpt>
   <trkpt lat="-7.9578630" lon="113.4890250">
    <ele>968.4</ele>
   </trkpt>
   <trkpt lat="-7.9578370" lon="113.4890100">
    <ele>968.5</ele>
   </trkpt>
   <trkpt lat="-7.9578070" lon="113.4890050">
    <ele>968.6</ele>
   </trkpt>
   <trkpt lat="-7.9577730" lon="113.4890020">
    <ele>968.5</ele>
   </trkpt>
   <trkpt lat="-7.9577420" lon="113.4890000">
    <ele>968.4</ele>
   </trkpt>
   <trkpt lat="-7.9577080" lon="113.4889950">
    <ele>968.2</ele>
   </trkpt>
   <trkpt lat="-7.9576820" lon="113.4889900">
    <ele>968.1</ele>
   </trkpt>
   <trkpt lat="-7.9576520" lon="113.4889870">
    <ele>968.0</ele>
   </trkpt>
   <trkpt lat="-7.9576220" lon="113.4889830">
    <ele>967.8</ele>
   </trkpt>
   <trkpt lat="-7.9575920" lon="113.4889780">
    <ele>967.8</ele>
   </trkpt>
   <trkpt lat="-7.9575580" lon="113.4889700">
    <ele>967.7</ele>
   </trkpt>
   <trkpt lat="-7.9575280" lon="113.4889600">
    <ele>967.7</ele>
   </trkpt>
   <trkpt lat="-7.9574950" lon="113.4889530">
    <ele>967.8</ele>
   </trkpt>
   <trkpt lat="-7.9574670" lon="113.4889470">
    <ele>967.8</ele>
   </trkpt>
   <trkpt lat="-7.9574280" lon="113.4889370">
    <ele>967.9</ele>
   </trkpt>
   <trkpt lat="-7.9573970" lon="113.4889270">
    <ele>968.0</ele>
   </trkpt>
   <trkpt lat="-7.9573700" lon="113.4889080">
    <ele>968.0</ele>
   </trkpt>
   <trkpt lat="-7.9573430" lon="113.4889000">
    <ele>968.0</ele>
   </trkpt>
   <trkpt lat="-7.9573200" lon="113.4888850">
    <ele>967.9</ele>
   </trkpt>
   <trkpt lat="-7.9572800" lon="113.4888720">
    <ele>967.9</ele>
   </trkpt>
   <trkpt lat="-7.9572520" lon="113.4888570">
    <ele>967.9</ele>
   </trkpt>
   <trkpt lat="-7.9572250" lon="113.4888450">
    <ele>967.7</ele>
   </trkpt>
   <trkpt lat="-7.9571950" lon="113.4888380">
    <ele>967.5</ele>
   </trkpt>
   <trkpt lat="-7.9571680" lon="113.4888300">
    <ele>967.4</ele>
   </trkpt>
  </trkseg>
 </trk>
</gpx>
