<?xml version="1.0" encoding="UTF-8"?>
<gpx creator="StravaGPX" xmlns:xsi="http://www.w3.org/2001/XMLSchema-instance" xsi:schemaLocation="http://www.topografix.com/GPX/1/1 http://www.topografix.com/GPX/1/1/gpx.xsd" version="1.1" xmlns="http://www.topografix.com/GPX/1/1">
 <trk>
  <name>Night Run</name>
  <type>running</type>
  <trkseg>
   <trkpt lat="-7.4836800" lon="110.4595570">
    <ele>1826.0</ele>
   </trkpt>
   <trkpt lat="-7.4836500" lon="110.4595260">
    <ele>1827.9</ele>
   </trkpt>
   <trkpt lat="-7.4835970" lon="110.4595180">
    <ele>1829.0</ele>
   </trkpt>
   <trkpt lat="-7.4835480" lon="110.4594880">
    <ele>1830.3</ele>
   </trkpt>
   <trkpt lat="-7.4835000" lon="110.4594880">
    <ele>1831.9</ele>
   </trkpt>
   <trkpt lat="-7.4834520" lon="110.4594800">
    <ele>1833.5</ele>
   </trkpt>
   <trkpt lat="-7.4833990" lon="110.4594570">
    <ele>1835.5</ele>
   </trkpt>
   <trkpt lat="-7.4833530" lon="110.4594650">
    <ele>1836.6</ele>
   </trkpt>
   <trkpt lat="-7.4833080" lon="110.4594650">
    <ele>1837.5</ele>
   </trkpt>
   <trkpt lat="-7.4832550" lon="110.4594570">
    <ele>1838.8</ele>
   </trkpt>
   <trkpt lat="-7.4832120" lon="110.4594270">
    <ele>1840.3</ele>
   </trkpt>
   <trkpt lat="-7.4831650" lon="110.4594040">
    <ele>1841.2</ele>
   </trkpt>
   <trkpt lat="-7.4831190" lon="110.4594040">
    <ele>1842.0</ele>
   </trkpt>
   <trkpt lat="-7.4830660" lon="110.4593960">
    <ele>1843.1</ele>
   </trkpt>
   <trkpt lat="-7.4830160" lon="110.4593890">
    <ele>1843.9</ele>
   </trkpt>
   <trkpt lat="-7.4829650" lon="110.4593660">
    <ele>1844.1</ele>
   </trkpt>
   <trkpt lat="-7.4829180" lon="110.4593660">
    <ele>1844.4</ele>
   </trkpt>
   <trkpt lat="-7.4828730" lon="110.4593660">
    <ele>1844.9</ele>
   </trkpt>
   <trkpt lat="-7.4828270" lon="110.4593430">
    <ele>1845.2</ele>
   </trkpt>
   <trkpt lat="-7.4827970" lon="110.4593120">
    <ele>1845.3</ele>
   </trkpt>
   <trkpt lat="-7.4827490" lon="110.4592820">
    <ele>1845.7</ele>
   </trkpt>
   <trkpt lat="-7.4827020" lon="110.4592740">
    <ele>1846.3</ele>
   </trkpt>
   <trkpt lat="-7.4826650" lon="110.4592440">
    <ele>1846.6</ele>
   </trkpt>
   <trkpt lat="-7.4826140" lon="110.4592060">
    <ele>1847.1</ele>
   </trkpt>
   <trkpt lat="-7.4825710" lon="110.4591830">
    <ele>1848.0</ele>
   </trkpt>
   <trkpt lat="-7.4825240" lon="110.4591600">
    <ele>1849.0</ele>
   </trkpt>
   <trkpt lat="-7.4824870" lon="110.4591290">
    <ele>1849.9</ele>
   </trkpt>
   <trkpt lat="-7.4824410" lon="110.4590990">
    <ele>1850.8</ele>
   </trkpt>
   <trkpt lat="-7.4824000" lon="110.4590760">
    <ele>1851.5</ele>
   </trkpt>
   <trkpt lat="-7.4823570" lon="110.4590680">
    <ele>1852.1</ele>
   </trkpt>
   <trkpt lat="-7.4823000" lon="110.4590680">
    <ele>1852.8</ele>
   </trkpt>
   <trkpt lat="-7.4822690" lon="110.4590680">
    <ele>1853.2</ele>
   </trkpt>
   <trkpt lat="-7.4822260" lon="110.4590680">
    <ele>1853.6</ele>
   </trkpt>
   <trkpt lat="-7.4821770" lon="110.4590610">
    <ele>1854.1</ele>
   </trkpt>
   <trkpt lat="-7.4821270" lon="110.4590530">
    <ele>1854.2</ele>
   </trkpt>
   <trkpt lat="-7.4820800" lon="110.4590530">
    <ele>1854.6</ele>
   </trkpt>
   <trkpt lat="-7.4820310" lon="110.4590530">
    <ele>1855.5</ele>
   </trkpt>
   <trkpt lat="-7.4819800" lon="110.4590450">
    <ele>1856.5</ele>
   </trkpt>
   <trkpt lat="-7.4819330" lon="110.4590450">
    <ele>1857.6</ele>
   </trkpt>
   <trkpt lat="-7.4818890" lon="110.4590150">
    <ele>1858.7</ele>
   </trkpt>
   <trkpt lat="-7.4818460" lon="110.4589920">
    <ele>1859.8</ele>
   </trkpt>
   <trkpt lat="-7.4818050" lon="110.4589690">
    <ele>1860.7</ele>
   </trkpt>
   <trkpt lat="-7.4817610" lon="110.4589460">
    <ele>1861.6</ele>
   </trkpt>
   <trkpt lat="-7.4817180" lon="110.4589160">
    <ele>1862.8</ele>
   </trkpt>
   <trkpt lat="-7.4816730" lon="110.4588930">
    <ele>1863.9</ele>
   </trkpt>
   <trkpt lat="-7.4816360" lon="110.4588620">
    <ele>1864.9</ele>
   </trkpt>
   <trkpt lat="-7.4815930" lon="110.4588320">
    <ele>1866.0</ele>
   </trkpt>
   <trkpt lat="-7.4815500" lon="110.4588090">
    <ele>1866.8</ele>
   </trkpt>
   <trkpt lat="-7.4815060" lon="110.4587860">
    <ele>1867.7</ele>
   </trkpt>
   <trkpt lat="-7.4814590" lon="110.4587630">
    <ele>1868.6</ele>
   </trkpt>
   <trkpt lat="-7.4814130" lon="110.4587550">
    <ele>1869.5</ele>
   </trkpt>
   <trkpt lat="-7.4813720" lon="110.4587330">
    <ele>1870.3</ele>
   </trkpt>
   <trkpt lat="-7.4813290" lon="110.4587020">
    <ele>1871.2</ele>
   </trkpt>
   <trkpt lat="-7.4812830" lon="110.4586940">
    <ele>1871.9</ele>
   </trkpt>
   <trkpt lat="-7.4812350" lon="110.4586720">
    <ele>1873.2</ele>
   </trkpt>
   <trkpt lat="-7.4811850" lon="110.4586640">
    <ele>1874.9</ele>
   </trkpt>
   <trkpt lat="-7.4811380" lon="110.4586560">
    <ele>1876.1</ele>
   </trkpt>
   <trkpt lat="-7.4810900" lon="110.4586490">
    <ele>1877.2</ele>
   </trkpt>
   <trkpt lat="-7.4810370" lon="110.4586490">
    <ele>1878.3</ele>
   </trkpt>
   <trkpt lat="-7.4809860" lon="110.4586720">
    <ele>1879.4</ele>
   </trkpt>
   <trkpt lat="-7.4809430" lon="110.4586790">
    <ele>1880.5</ele>
   </trkpt>
   <trkpt lat="-7.4808960" lon="110.4587020">
    <ele>1881.8</ele>
   </trkpt>
   <trkpt lat="-7.4808490" lon="110.4587100">
    <ele>1882.9</ele>
   </trkpt>
   <trkpt lat="-7.4808000" lon="110.4587170">
    <ele>1884.5</ele>
   </trkpt>
   <trkpt lat="-7.4807530" lon="110.4587170">
    <ele>1887.0</ele>
   </trkpt>
   <trkpt lat="-7.4807020" lon="110.4587170">
    <ele>1889.2</ele>
   </trkpt>
   <trkpt lat="-7.4806490" lon="110.4587170">
    <ele>1890.6</ele>
   </trkpt>
   <trkpt lat="-7.4806020" lon="110.4587250">
    <ele>1891.8</ele>
   </trkpt>
   <trkpt lat="-7.4805540" lon="110.4587330">
    <ele>1893.1</ele>
   </trkpt>
   <trkpt lat="-7.4805050" lon="110.4587400">
    <ele>1895.7</ele>
   </trkpt>
   <trkpt lat="-7.4804550" lon="110.4587630">
    <ele>1898.3</ele>
   </trkpt>
   <trkpt lat="-7.4804060" lon="110.4587630">
    <ele>1898.7</ele>
   </trkpt>
   <trkpt lat="-7.4803540" lon="110.4587630">
    <ele>1899.4</ele>
   </trkpt>
   <trkpt lat="-7.4803030" lon="110.4587630">
    <ele>1900.4</ele>
   </trkpt>
   <trkpt lat="-7.4802550" lon="110.4587550">
    <ele>1901.2</ele>
   </trkpt>
   <trkpt lat="-7.4802010" lon="110.4587480">
    <ele>1902.0</ele>
   </trkpt>
   <trkpt lat="-7.4801500" lon="110.4587550">
    <ele>1904.4</ele>
   </trkpt>
   <trkpt lat="-7.4800940" lon="110.4587550">
    <ele>1906.5</ele>
   </trkpt>
   <trkpt lat="-7.4800360" lon="110.4587550">
    <ele>1907.2</ele>
   </trkpt>
   <trkpt lat="-7.4799820" lon="110.4587480">
    <ele>1907.8</ele>
   </trkpt>
   <trkpt lat="-7.4799260" lon="110.4587400">
    <ele>1908.3</ele>
   </trkpt>
   <trkpt lat="-7.4798730" lon="110.4587330">
    <ele>1908.6</ele>
   </trkpt>
   <trkpt lat="-7.4798230" lon="110.4587100">
    <ele>1908.1</ele>
   </trkpt>
   <trkpt lat="-7.4797740" lon="110.4587100">
    <ele>1907.1</ele>
   </trkpt>
   <trkpt lat="-7.4797330" lon="110.4587100">
    <ele>1906.2</ele>
   </trkpt>
   <trkpt lat="-7.4796940" lon="110.4587400">
    <ele>1905.2</ele>
   </trkpt>
   <trkpt lat="-7.4796580" lon="110.4587710">
    <ele>1904.8</ele>
   </trkpt>
   <trkpt lat="-7.4796240" lon="110.4588010">
    <ele>1904.6</ele>
   </trkpt>
   <trkpt lat="-7.4795870" lon="110.4588390">
    <ele>1904.5</ele>
   </trkpt>
   <trkpt lat="-7.4795650" lon="110.4588930">
    <ele>1904.5</ele>
   </trkpt>
   <trkpt lat="-7.4795400" lon="110.4589310">
    <ele>1904.5</ele>
   </trkpt>
   <trkpt lat="-7.4795090" lon="110.4589690">
    <ele>1905.0</ele>
   </trkpt>
   <trkpt lat="-7.4794720" lon="110.4590000">
    <ele>1906.0</ele>
   </trkpt>
   <trkpt lat="-7.4794290" lon="110.4590300">
    <ele>1907.1</ele>
   </trkpt>
   <trkpt lat="-7.4793780" lon="110.4590530">
    <ele>1908.3</ele>
   </trkpt>
   <trkpt lat="-7.4793300" lon="110.4590760">
    <ele>1908.6</ele>
   </trkpt>
   <trkpt lat="-7.4792800" lon="110.4590990">
    <ele>1909.3</ele>
   </trkpt>
   <trkpt lat="-7.4792280" lon="110.4591220">
    <ele>1910.5</ele>
   </trkpt>
   <trkpt lat="-7.4791900" lon="110.4591520">
    <ele>1911.7</ele>
   </trkpt>
   <trkpt lat="-7.4791510" lon="110.4591750">
    <ele>1912.9</ele>
   </trkpt>
   <trkpt lat="-7.4791060" lon="110.4591980">
    <ele>1913.4</ele>
   </trkpt>
   <trkpt lat="-7.4790660" lon="110.4592290">
    <ele>1914.1</ele>
   </trkpt>
   <trkpt lat="-7.4790290" lon="110.4592670">
    <ele>1915.4</ele>
   </trkpt>
   <trkpt lat="-7.4789940" lon="110.4592970">
    <ele>1916.7</ele>
   </trkpt>
   <trkpt lat="-7.4789780" lon="110.4593350">
    <ele>1918.2</ele>
   </trkpt>
   <trkpt lat="-7.4789770" lon="110.4593890">
    <ele>1919.7</ele>
   </trkpt>
   <trkpt lat="-7.4789640" lon="110.4594270">
    <ele>1920.4</ele>
   </trkpt>
   <trkpt lat="-7.4789480" lon="110.4594880">
    <ele>1922.3</ele>
   </trkpt>
   <trkpt lat="-7.4789200" lon="110.4595260">
    <ele>1924.2</ele>
   </trkpt>
   <trkpt lat="-7.4788950" lon="110.4595790">
    <ele>1925.9</ele>
   </trkpt>
   <trkpt lat="-7.4788690" lon="110.4596100">
    <ele>1927.1</ele>
   </trkpt>
   <trkpt lat="-7.4788460" lon="110.4596630">
    <ele>1928.2</ele>
   </trkpt>
   <trkpt lat="-7.4788230" lon="110.4597020">
    <ele>1929.4</ele>
   </trkpt>
   <trkpt lat="-7.4787990" lon="110.4597550">
    <ele>1931.9</ele>
   </trkpt>
   <trkpt lat="-7.4787730" lon="110.4598080">
    <ele>1933.3</ele>
   </trkpt>
   <trkpt lat="-7.4787400" lon="110.4598460">
    <ele>1934.0</ele>
   </trkpt>
   <trkpt lat="-7.4786950" lon="110.4598770">
    <ele>1935.2</ele>
   </trkpt>
   <trkpt lat="-7.4786500" lon="110.4598770">
    <ele>1936.2</ele>
   </trkpt>
   <trkpt lat="-7.4786030" lon="110.4598770">
    <ele>1937.3</ele>
   </trkpt>
   <trkpt lat="-7.4785570" lon="110.4598770">
    <ele>1938.1</ele>
   </trkpt>
   <trkpt lat="-7.4785080" lon="110.4598770">
    <ele>1938.2</ele>
   </trkpt>
   <trkpt lat="-7.4784580" lon="110.4598690">
    <ele>1938.6</ele>
   </trkpt>
   <trkpt lat="-7.4784080" lon="110.4598690">
    <ele>1939.6</ele>
   </trkpt>
   <trkpt lat="-7.4783540" lon="110.4598620">
    <ele>1940.3</ele>
   </trkpt>
   <trkpt lat="-7.4783030" lon="110.4598540">
    <ele>1940.8</ele>
   </trkpt>
   <trkpt lat="-7.4782570" lon="110.4598460">
    <ele>1942.4</ele>
   </trkpt>
   <trkpt lat="-7.4782110" lon="110.4598240">
    <ele>1944.0</ele>
   </trkpt>
   <trkpt lat="-7.4781640" lon="110.4598160">
    <ele>1944.7</ele>
   </trkpt>
   <trkpt lat="-7.4781160" lon="110.4598160">
    <ele>1945.7</ele>
   </trkpt>
   <trkpt lat="-7.4780690" lon="110.4597930">
    <ele>1948.2</ele>
   </trkpt>
   <trkpt lat="-7.4780220" lon="110.4597930">
    <ele>1950.6</ele>
   </trkpt>
   <trkpt lat="-7.4779730" lon="110.4597930">
    <ele>1953.4</ele>
   </trkpt>
   <trkpt lat="-7.4779210" lon="110.4598010">
    <ele>1956.0</ele>
   </trkpt>
   <trkpt lat="-7.4778720" lon="110.4598010">
    <ele>1958.1</ele>
   </trkpt>
   <trkpt lat="-7.4778220" lon="110.4598010">
    <ele>1961.3</ele>
   </trkpt>
   <trkpt lat="-7.4777730" lon="110.4598010">
    <ele>1964.8</ele>
   </trkpt>
   <trkpt lat="-7.4777280" lon="110.4597930">
    <ele>1966.6</ele>
   </trkpt>
   <trkpt lat="-7.4776820" lon="110.4597930">
    <ele>1968.3</ele>
   </trkpt>
   <trkpt lat="-7.4776330" lon="110.4597930">
    <ele>1971.4</ele>
   </trkpt>
   <trkpt lat="-7.4775840" lon="110.4597700">
    <ele>1974.4</ele>
   </trkpt>
   <trkpt lat="-7.4775340" lon="110.4597630">
    <ele>1975.6</ele>
   </trkpt>
   <trkpt lat="-7.4774890" lon="110.4597400">
    <ele>1977.3</ele>
   </trkpt>
   <trkpt lat="-7.4774400" lon="110.4597170">
    <ele>1979.9</ele>
   </trkpt>
   <trkpt lat="-7.4773970" lon="110.4596940">
    <ele>1982.2</ele>
   </trkpt>
   <trkpt lat="-7.4773550" lon="110.4596710">
    <ele>1984.5</ele>
   </trkpt>
   <trkpt lat="-7.4773210" lon="110.4596410">
    <ele>1985.1</ele>
   </trkpt>
   <trkpt lat="-7.4772870" lon="110.4596100">
    <ele>1985.3</ele>
   </trkpt>
   <trkpt lat="-7.4772460" lon="110.4595720">
    <ele>1986.4</ele>
   </trkpt>
   <trkpt lat="-7.4772110" lon="110.4595410">
    <ele>1987.5</ele>
   </trkpt>
   <trkpt lat="-7.4771770" lon="110.4595030">
    <ele>1988.5</ele>
   </trkpt>
   <trkpt lat="-7.4771350" lon="110.4594730">
    <ele>1989.9</ele>
   </trkpt>
   <trkpt lat="-7.4770960" lon="110.4594420">
    <ele>1992.3</ele>
   </trkpt>
   <trkpt lat="-7.4770590" lon="110.4594120">
    <ele>1994.5</ele>
   </trkpt>
   <trkpt lat="-7.4770270" lon="110.4593730">
    <ele>1996.9</ele>
   </trkpt>
   <trkpt lat="-7.4769970" lon="110.4593430">
    <ele>1998.1</ele>
   </trkpt>
   <trkpt lat="-7.4769670" lon="110.4593050">
    <ele>1998.8</ele>
   </trkpt>
   <trkpt lat="-7.4769370" lon="110.4592670">
    <ele>1999.9</ele>
   </trkpt>
   <trkpt lat="-7.4769050" lon="110.4592290">
    <ele>2001.4</ele>
   </trkpt>
   <trkpt lat="-7.4768730" lon="110.4591900">
    <ele>2003.1</ele>
   </trkpt>
   <trkpt lat="-7.4768460" lon="110.4591520">
    <ele>2004.7</ele>
   </trkpt>
   <trkpt lat="-7.4768110" lon="110.4591140">
    <ele>2005.5</ele>
   </trkpt>
   <trkpt lat="-7.4767740" lon="110.4590840">
    <ele>2006.1</ele>
   </trkpt>
   <trkpt lat="-7.4767380" lon="110.4590450">
    <ele>2007.8</ele>
   </trkpt>
   <trkpt lat="-7.4767160" lon="110.4590070">
    <ele>2008.9</ele>
   </trkpt>
   <trkpt lat="-7.4766860" lon="110.4589690">
    <ele>2009.0</ele>
   </trkpt>
   <trkpt lat="-7.4766500" lon="110.4589390">
    <ele>2009.2</ele>
   </trkpt>
   <trkpt lat="-7.4766130" lon="110.4589080">
    <ele>2009.4</ele>
   </trkpt>
   <trkpt lat="-7.4765830" lon="110.4588700">
    <ele>2010.3</ele>
   </trkpt>
   <trkpt lat="-7.4765610" lon="110.4588320">
    <ele>2012.0</ele>
   </trkpt>
   <trkpt lat="-7.4765630" lon="110.4587780">
    <ele>2014.0</ele>
   </trkpt>
   <trkpt lat="-7.4765490" lon="110.4587250">
    <ele>2015.8</ele>
   </trkpt>
   <trkpt lat="-7.4765290" lon="110.4586870">
    <ele>2016.0</ele>
   </trkpt>
   <trkpt lat="-7.4765060" lon="110.4586490">
    <ele>2015.9</ele>
   </trkpt>
   <trkpt lat="-7.4764810" lon="110.4585950">
    <ele>2017.3</ele>
   </trkpt>
   <trkpt lat="-7.4764530" lon="110.4585650">
    <ele>2018.5</ele>
   </trkpt>
   <trkpt lat="-7.4764250" lon="110.4585270">
    <ele>2020.0</ele>
   </trkpt>
   <trkpt lat="-7.4763930" lon="110.4584960">
    <ele>2021.5</ele>
   </trkpt>
   <trkpt lat="-7.4763610" lon="110.4584580">
    <ele>2021.5</ele>
   </trkpt>
   <trkpt lat="-7.4763240" lon="110.4584270">
    <ele>2021.6</ele>
   </trkpt>
   <trkpt lat="-7.4763020" lon="110.4583890">
    <ele>2021.7</ele>
   </trkpt>
   <trkpt lat="-7.4762750" lon="110.4583510">
    <ele>2022.1</ele>
   </trkpt>
   <trkpt lat="-7.4762410" lon="110.4583130">
    <ele>2024.2</ele>
   </trkpt>
   <trkpt lat="-7.4762210" lon="110.4582750">
    <ele>2026.1</ele>
   </trkpt>
   <trkpt lat="-7.4762010" lon="110.4582210">
    <ele>2029.8</ele>
   </trkpt>
   <trkpt lat="-7.4761910" lon="110.4581830">
    <ele>2031.9</ele>
   </trkpt>
   <trkpt lat="-7.4761850" lon="110.4581450">
    <ele>2033.0</ele>
   </trkpt>
   <trkpt lat="-7.4761670" lon="110.4580920">
    <ele>2034.6</ele>
   </trkpt>
   <trkpt lat="-7.4761500" lon="110.4580540">
    <ele>2035.8</ele>
   </trkpt>
   <trkpt lat="-7.4761400" lon="110.4580000">
    <ele>2037.7</ele>
   </trkpt>
   <trkpt lat="-7.4761270" lon="110.4579470">
    <ele>2040.6</ele>
   </trkpt>
   <trkpt lat="-7.4761170" lon="110.4578930">
    <ele>2041.7</ele>
   </trkpt>
   <trkpt lat="-7.4761030" lon="110.4578320">
    <ele>2041.1</ele>
   </trkpt>
   <trkpt lat="-7.4760900" lon="110.4577790">
    <ele>2041.3</ele>
   </trkpt>
   <trkpt lat="-7.4760750" lon="110.4577410">
    <ele>2041.4</ele>
   </trkpt>
   <trkpt lat="-7.4760520" lon="110.4576870">
    <ele>2043.4</ele>
   </trkpt>
   <trkpt lat="-7.4760280" lon="110.4576340">
    <ele>2044.6</ele>
   </trkpt>
   <trkpt lat="-7.4760040" lon="110.4575960">
    <ele>2044.3</ele>
   </trkpt>
   <trkpt lat="-7.4759830" lon="110.4575350">
    <ele>2043.5</ele>
   </trkpt>
   <trkpt lat="-7.4759760" lon="110.4574810">
    <ele>2042.6</ele>
   </trkpt>
   <trkpt lat="-7.4759610" lon="110.4574280">
    <ele>2042.1</ele>
   </trkpt>
   <trkpt lat="-7.4759730" lon="110.4573900">
    <ele>2041.7</ele>
   </trkpt>
   <trkpt lat="-7.4759970" lon="110.4573520">
    <ele>2042.6</ele>
   </trkpt>
   <trkpt lat="-7.4760070" lon="110.4573140">
    <ele>2043.5</ele>
   </trkpt>
   <trkpt lat="-7.4760260" lon="110.4572750">
    <ele>2043.7</ele>
   </trkpt>
   <trkpt lat="-7.4760160" lon="110.4572450">
    <ele>2043.6</ele>
   </trkpt>
   <trkpt lat="-7.4759900" lon="110.4572140">
    <ele>2043.3</ele>
   </trkpt>
   <trkpt lat="-7.4759510" lon="110.4571840">
    <ele>2043.4</ele>
   </trkpt>
   <trkpt lat="-7.4759170" lon="110.4571530">
    <ele>2043.7</ele>
   </trkpt>
   <trkpt lat="-7.4758910" lon="110.4571000">
    <ele>2046.0</ele>
   </trkpt>
   <trkpt lat="-7.4758730" lon="110.4570620">
    <ele>2047.3</ele>
   </trkpt>
   <trkpt lat="-7.4758450" lon="110.4570080">
    <ele>2048.0</ele>
   </trkpt>
   <trkpt lat="-7.4758270" lon="110.4569700">
    <ele>2048.4</ele>
   </trkpt>
   <trkpt lat="-7.4758100" lon="110.4569170">
    <ele>2049.1</ele>
   </trkpt>
   <trkpt lat="-7.4757860" lon="110.4568790">
    <ele>2050.4</ele>
   </trkpt>
   <trkpt lat="-7.4757560" lon="110.4568250">
    <ele>2053.0</ele>
   </trkpt>
   <trkpt lat="-7.4757390" lon="110.4567950">
    <ele>2053.8</ele>
   </trkpt>
   <trkpt lat="-7.4757410" lon="110.4567410">
    <ele>2054.8</ele>
   </trkpt>
   <trkpt lat="-7.4757340" lon="110.4566880">
    <ele>2055.8</ele>
   </trkpt>
   <trkpt lat="-7.4757280" lon="110.4566350">
    <ele>2056.8</ele>
   </trkpt>
   <trkpt lat="-7.4757220" lon="110.4565810">
    <ele>2058.0</ele>
   </trkpt>
   <trkpt lat="-7.4757170" lon="110.4565200">
    <ele>2058.4</ele>
   </trkpt>
   <trkpt lat="-7.4757080" lon="110.4564590">
    <ele>2057.8</ele>
   </trkpt>
   <trkpt lat="-7.4756890" lon="110.4564210">
    <ele>2057.9</ele>
   </trkpt>
   <trkpt lat="-7.4756850" lon="110.4563670">
    <ele>2058.1</ele>
   </trkpt>
   <trkpt lat="-7.4756870" lon="110.4563060">
    <ele>2059.4</ele>
   </trkpt>
   <trkpt lat="-7.4756920" lon="110.4562680">
    <ele>2059.8</ele>
   </trkpt>
   <trkpt lat="-7.4756800" lon="110.4562150">
    <ele>2059.5</ele>
   </trkpt>
   <trkpt lat="-7.4756850" lon="110.4561610">
    <ele>2059.4</ele>
   </trkpt>
   <trkpt lat="-7.4756850" lon="110.4561230">
    <ele>2059.4</ele>
   </trkpt>
   <trkpt lat="-7.4756760" lon="110.4560700">
    <ele>2059.4</ele>
   </trkpt>
   <trkpt lat="-7.4756760" lon="110.4560090">
    <ele>2059.3</ele>
   </trkpt>
   <trkpt lat="-7.4756620" lon="110.4559560">
    <ele>2060.2</ele>
   </trkpt>
   <trkpt lat="-7.4756660" lon="110.4559020">
    <ele>2061.4</ele>
   </trkpt>
   <trkpt lat="-7.4756710" lon="110.4558490">
    <ele>2064.8</ele>
   </trkpt>
   <trkpt lat="-7.4756620" lon="110.4557950">
    <ele>2065.5</ele>
   </trkpt>
   <trkpt lat="-7.4756430" lon="110.4557570">
    <ele>2067.7</ele>
   </trkpt>
   <trkpt lat="-7.4756220" lon="110.4557040">
    <ele>2069.3</ele>
   </trkpt>
   <trkpt lat="-7.4756150" lon="110.4556660">
    <ele>2071.8</ele>
   </trkpt>
   <trkpt lat="-7.4756000" lon="110.4556120">
    <ele>2074.0</ele>
   </trkpt>
   <trkpt lat="-7.4756080" lon="110.4555590">
    <ele>2075.7</ele>
   </trkpt>
   <trkpt lat="-7.4756210" lon="110.4555210">
    <ele>2077.0</ele>
   </trkpt>
   <trkpt lat="-7.4756140" lon="110.4554820">
    <ele>2078.1</ele>
   </trkpt>
   <trkpt lat="-7.4755870" lon="110.4554440">
    <ele>2079.2</ele>
   </trkpt>
   <trkpt lat="-7.4755620" lon="110.4554140">
    <ele>2080.3</ele>
   </trkpt>
   <trkpt lat="-7.4755300" lon="110.4553830">
    <ele>2081.9</ele>
   </trkpt>
   <trkpt lat="-7.4754890" lon="110.4553530">
    <ele>2082.7</ele>
   </trkpt>
   <trkpt lat="-7.4754520" lon="110.4553220">
    <ele>2085.2</ele>
   </trkpt>
   <trkpt lat="-7.4754130" lon="110.4552920">
    <ele>2086.7</ele>
   </trkpt>
   <trkpt lat="-7.4753690" lon="110.4552690">
    <ele>2088.3</ele>
   </trkpt>
   <trkpt lat="-7.4753400" lon="110.4552380">
    <ele>2091.8</ele>
   </trkpt>
   <trkpt lat="-7.4753030" lon="110.4552080">
    <ele>2095.7</ele>
   </trkpt>
   <trkpt lat="-7.4752640" lon="110.4551770">
    <ele>2097.3</ele>
   </trkpt>
   <trkpt lat="-7.4752190" lon="110.4551700">
    <ele>2098.9</ele>
   </trkpt>
   <trkpt lat="-7.4751730" lon="110.4551470">
    <ele>2102.6</ele>
   </trkpt>
   <trkpt lat="-7.4751270" lon="110.4551390">
    <ele>2104.0</ele>
   </trkpt>
   <trkpt lat="-7.4750800" lon="110.4551470">
    <ele>2105.3</ele>
   </trkpt>
   <trkpt lat="-7.4750310" lon="110.4551390">
    <ele>2106.3</ele>
   </trkpt>
   <trkpt lat="-7.4749840" lon="110.4551390">
    <ele>2107.9</ele>
   </trkpt>
   <trkpt lat="-7.4749370" lon="110.4551390">
    <ele>2108.8</ele>
   </trkpt>
   <trkpt lat="-7.4748910" lon="110.4551320">
    <ele>2109.9</ele>
   </trkpt>
   <trkpt lat="-7.4748480" lon="110.4551240">
    <ele>2113.1</ele>
   </trkpt>
   <trkpt lat="-7.4748080" lon="110.4551320">
    <ele>2112.4</ele>
   </trkpt>
   <trkpt lat="-7.4747620" lon="110.4551320">
    <ele>2113.6</ele>
   </trkpt>
   <trkpt lat="-7.4747150" lon="110.4551320">
    <ele>2114.8</ele>
   </trkpt>
   <trkpt lat="-7.4746700" lon="110.4551390">
    <ele>2116.3</ele>
   </trkpt>
   <trkpt lat="-7.4746210" lon="110.4551470">
    <ele>2119.1</ele>
   </trkpt>
   <trkpt lat="-7.4745730" lon="110.4551470">
    <ele>2121.7</ele>
   </trkpt>
   <trkpt lat="-7.4745240" lon="110.4551470">
    <ele>2123.8</ele>
   </trkpt>
   <trkpt lat="-7.4744800" lon="110.4551700">
    <ele>2125.9</ele>
   </trkpt>
   <trkpt lat="-7.4744320" lon="110.4551700">
    <ele>2128.8</ele>
   </trkpt>
   <trkpt lat="-7.4743850" lon="110.4551930">
    <ele>2132.0</ele>
   </trkpt>
   <trkpt lat="-7.4743400" lon="110.4552000">
    <ele>2135.3</ele>
   </trkpt>
   <trkpt lat="-7.4742960" lon="110.4552310">
    <ele>2139.1</ele>
   </trkpt>
   <trkpt lat="-7.4742530" lon="110.4552610">
    <ele>2141.8</ele>
   </trkpt>
   <trkpt lat="-7.4742040" lon="110.4552920">
    <ele>2144.3</ele>
   </trkpt>
   <trkpt lat="-7.4741590" lon="110.4553150">
    <ele>2145.7</ele>
   </trkpt>
   <trkpt lat="-7.4741200" lon="110.4553530">
    <ele>2148.2</ele>
   </trkpt>
   <trkpt lat="-7.4740900" lon="110.4553910">
    <ele>2151.1</ele>
   </trkpt>
   <trkpt lat="-7.4740760" lon="110.4554440">
    <ele>2148.9</ele>
   </trkpt>
   <trkpt lat="-7.4740500" lon="110.4554820">
    <ele>2146.9</ele>
   </trkpt>
   <trkpt lat="-7.4740200" lon="110.4555210">
    <ele>2148.1</ele>
   </trkpt>
   <trkpt lat="-7.4740120" lon="110.4555590">
    <ele>2146.6</ele>
   </trkpt>
   <trkpt lat="-7.4739870" lon="110.4555820">
    <ele>2149.1</ele>
   </trkpt>
   <trkpt lat="-7.4739530" lon="110.4556120">
    <ele>2150.0</ele>
   </trkpt>
   <trkpt lat="-7.4739190" lon="110.4556430">
    <ele>2150.4</ele>
   </trkpt>
   <trkpt lat="-7.4738700" lon="110.4556730">
    <ele>2152.4</ele>
   </trkpt>
   <trkpt lat="-7.4737710" lon="110.4557110">
    <ele>2155.6</ele>
   </trkpt>
   <trkpt lat="-7.4737480" lon="110.4557190">
    <ele>2158.1</ele>
   </trkpt>
   <trkpt lat="-7.4737160" lon="110.4557270">
    <ele>2157.9</ele>
   </trkpt>
   <trkpt lat="-7.4736840" lon="110.4557570">
    <ele>2158.6</ele>
   </trkpt>
   <trkpt lat="-7.4736670" lon="110.4557880">
    <ele>2156.8</ele>
   </trkpt>
   <trkpt lat="-7.4736330" lon="110.4558180">
    <ele>2157.7</ele>
   </trkpt>
   <trkpt lat="-7.4735900" lon="110.4558410">
    <ele>2159.6</ele>
   </trkpt>
   <trkpt lat="-7.4735430" lon="110.4558490">
    <ele>2161.4</ele>
   </trkpt>
   <trkpt lat="-7.4734950" lon="110.4558720">
    <ele>2164.0</ele>
   </trkpt>
   <trkpt lat="-7.4734500" lon="110.4558720">
    <ele>2165.5</ele>
   </trkpt>
   <trkpt lat="-7.4734050" lon="110.4558640">
    <ele>2166.6</ele>
   </trkpt>
   <trkpt lat="-7.4733620" lon="110.4558410">
    <ele>2168.6</ele>
   </trkpt>
   <trkpt lat="-7.4733160" lon="110.4558180">
    <ele>2169.2</ele>
   </trkpt>
   <trkpt lat="-7.4732820" lon="110.4557880">
    <ele>2170.7</ele>
   </trkpt>
   <trkpt lat="-7.4732540" lon="110.4557500">
    <ele>2171.6</ele>
   </trkpt>
   <trkpt lat="-7.4732220" lon="110.4557190">
    <ele>2173.1</ele>
   </trkpt>
   <trkpt lat="-7.4731880" lon="110.4556880">
    <ele>2173.2</ele>
   </trkpt>
   <trkpt lat="-7.4731550" lon="110.4556500">
    <ele>2174.2</ele>
   </trkpt>
   <trkpt lat="-7.4731200" lon="110.4556200">
    <ele>2175.0</ele>
   </trkpt>
   <trkpt lat="-7.4730940" lon="110.4555820">
    <ele>2175.7</ele>
   </trkpt>
   <trkpt lat="-7.4730690" lon="110.4555510">
    <ele>2176.3</ele>
   </trkpt>
   <trkpt lat="-7.4730430" lon="110.4554980">
    <ele>2177.2</ele>
   </trkpt>
   <trkpt lat="-7.4730160" lon="110.4554440">
    <ele>2178.0</ele>
   </trkpt>
   <trkpt lat="-7.4729970" lon="110.4554060">
    <ele>2178.7</ele>
   </trkpt>
   <trkpt lat="-7.4729920" lon="110.4553530">
    <ele>2179.8</ele>
   </trkpt>
   <trkpt lat="-7.4729730" lon="110.4553150">
    <ele>2180.5</ele>
   </trkpt>
   <trkpt lat="-7.4729480" lon="110.4552610">
    <ele>2180.9</ele>
   </trkpt>
   <trkpt lat="-7.4729160" lon="110.4552230">
    <ele>2182.1</ele>
   </trkpt>
   <trkpt lat="-7.4728920" lon="110.4551850">
    <ele>2183.6</ele>
   </trkpt>
   <trkpt lat="-7.4728670" lon="110.4551470">
    <ele>2184.8</ele>
   </trkpt>
   <trkpt lat="-7.4728470" lon="110.4551090">
    <ele>2185.7</ele>
   </trkpt>
   <trkpt lat="-7.4728350" lon="110.4550550">
    <ele>2186.7</ele>
   </trkpt>
   <trkpt lat="-7.4728370" lon="110.4549940">
    <ele>2187.9</ele>
   </trkpt>
   <trkpt lat="-7.4728250" lon="110.4549560">
    <ele>2188.3</ele>
   </trkpt>
   <trkpt lat="-7.4727990" lon="110.4549030">
    <ele>2188.8</ele>
   </trkpt>
   <trkpt lat="-7.4727710" lon="110.4548650">
    <ele>2188.7</ele>
   </trkpt>
   <trkpt lat="-7.4727450" lon="110.4548260">
    <ele>2188.7</ele>
   </trkpt>
   <trkpt lat="-7.4727130" lon="110.4547880">
    <ele>2189.2</ele>
   </trkpt>
   <trkpt lat="-7.4726790" lon="110.4547580">
    <ele>2189.4</ele>
   </trkpt>
   <trkpt lat="-7.4726540" lon="110.4547040">
    <ele>2188.7</ele>
   </trkpt>
   <trkpt lat="-7.4726330" lon="110.4546740">
    <ele>2188.1</ele>
   </trkpt>
   <trkpt lat="-7.4726100" lon="110.4546200">
    <ele>2186.9</ele>
   </trkpt>
   <trkpt lat="-7.4725870" lon="110.4545670">
    <ele>2186.0</ele>
   </trkpt>
   <trkpt lat="-7.4725770" lon="110.4545140">
    <ele>2185.3</ele>
   </trkpt>
   <trkpt lat="-7.4725700" lon="110.4544600">
    <ele>2184.8</ele>
   </trkpt>
   <trkpt lat="-7.4725560" lon="110.4544220">
    <ele>2184.4</ele>
   </trkpt>
   <trkpt lat="-7.4725370" lon="110.4543610">
    <ele>2185.2</ele>
   </trkpt>
   <trkpt lat="-7.4725200" lon="110.4543080">
    <ele>2185.1</ele>
   </trkpt>
   <trkpt lat="-7.4724860" lon="110.4542540">
    <ele>2184.0</ele>
   </trkpt>
   <trkpt lat="-7.4724510" lon="110.4542160">
    <ele>2182.3</ele>
   </trkpt>
   <trkpt lat="-7.4724200" lon="110.4541780">
    <ele>2180.7</ele>
   </trkpt>
   <trkpt lat="-7.4723990" lon="110.4541240">
    <ele>2179.9</ele>
   </trkpt>
   <trkpt lat="-7.4723760" lon="110.4540710">
    <ele>2179.1</ele>
   </trkpt>
   <trkpt lat="-7.4723600" lon="110.4540330">
    <ele>2178.6</ele>
   </trkpt>
   <trkpt lat="-7.4723390" lon="110.4539720">
    <ele>2177.3</ele>
   </trkpt>
   <trkpt lat="-7.4723210" lon="110.4539180">
    <ele>2175.8</ele>
   </trkpt>
   <trkpt lat="-7.4723010" lon="110.4538570">
    <ele>2175.0</ele>
   </trkpt>
   <trkpt lat="-7.4722850" lon="110.4538190">
    <ele>2174.5</ele>
   </trkpt>
   <trkpt lat="-7.4722640" lon="110.4537660">
    <ele>2173.8</ele>
   </trkpt>
   <trkpt lat="-7.4722400" lon="110.4537050">
    <ele>2172.9</ele>
   </trkpt>
   <trkpt lat="-7.4722150" lon="110.4536510">
    <ele>2171.9</ele>
   </trkpt>
   <trkpt lat="-7.4722020" lon="110.4535980">
    <ele>2172.1</ele>
   </trkpt>
   <trkpt lat="-7.4721890" lon="110.4535450">
    <ele>2172.4</ele>
   </trkpt>
   <trkpt lat="-7.4721650" lon="110.4534910">
    <ele>2173.2</ele>
   </trkpt>
   <trkpt lat="-7.4721360" lon="110.4534530">
    <ele>2174.6</ele>
   </trkpt>
   <trkpt lat="-7.4721000" lon="110.4534000">
    <ele>2177.7</ele>
   </trkpt>
   <trkpt lat="-7.4720590" lon="110.4533690">
    <ele>2179.8</ele>
   </trkpt>
   <trkpt lat="-7.4720140" lon="110.4533390">
    <ele>2182.0</ele>
   </trkpt>
   <trkpt lat="-7.4719660" lon="110.4533390">
    <ele>2183.1</ele>
   </trkpt>
   <trkpt lat="-7.4719250" lon="110.4533080">
    <ele>2184.4</ele>
   </trkpt>
   <trkpt lat="-7.4718820" lon="110.4532780">
    <ele>2186.7</ele>
   </trkpt>
   <trkpt lat="-7.4718370" lon="110.4532700">
    <ele>2188.4</ele>
   </trkpt>
   <trkpt lat="-7.4717900" lon="110.4532700">
    <ele>2188.5</ele>
   </trkpt>
   <trkpt lat="-7.4717450" lon="110.4532470">
    <ele>2188.7</ele>
   </trkpt>
   <trkpt lat="-7.4716990" lon="110.4532470">
    <ele>2189.2</ele>
   </trkpt>
   <trkpt lat="-7.4716530" lon="110.4532470">
    <ele>2189.8</ele>
   </trkpt>
   <trkpt lat="-7.4716140" lon="110.4532700">
    <ele>2190.9</ele>
   </trkpt>
   <trkpt lat="-7.4715710" lon="110.4532780">
    <ele>2191.7</ele>
   </trkpt>
   <trkpt lat="-7.4715260" lon="110.4532850">
    <ele>2192.2</ele>
   </trkpt>
   <trkpt lat="-7.4714870" lon="110.4533160">
    <ele>2192.9</ele>
   </trkpt>
   <trkpt lat="-7.4714530" lon="110.4533540">
    <ele>2194.2</ele>
   </trkpt>
   <trkpt lat="-7.4714120" lon="110.4533840">
    <ele>2195.3</ele>
   </trkpt>
   <trkpt lat="-7.4713730" lon="110.4534070">
    <ele>2196.2</ele>
   </trkpt>
   <trkpt lat="-7.4713310" lon="110.4534380">
    <ele>2196.9</ele>
   </trkpt>
   <trkpt lat="-7.4712870" lon="110.4534680">
    <ele>2197.5</ele>
   </trkpt>
   <trkpt lat="-7.4712510" lon="110.4535060">
    <ele>2199.7</ele>
   </trkpt>
   <trkpt lat="-7.4712190" lon="110.4535370">
    <ele>2201.6</ele>
   </trkpt>
   <trkpt lat="-7.4711990" lon="110.4535900">
    <ele>2204.5</ele>
   </trkpt>
   <trkpt lat="-7.4711940" lon="110.4536290">
    <ele>2206.3</ele>
   </trkpt>
   <trkpt lat="-7.4711710" lon="110.4536670">
    <ele>2207.5</ele>
   </trkpt>
   <trkpt lat="-7.4711480" lon="110.4537200">
    <ele>2209.8</ele>
   </trkpt>
   <trkpt lat="-7.4711200" lon="110.4537510">
    <ele>2212.3</ele>
   </trkpt>
   <trkpt lat="-7.4710860" lon="110.4537890">
    <ele>2215.4</ele>
   </trkpt>
   <trkpt lat="-7.4710590" lon="110.4538270">
    <ele>2218.3</ele>
   </trkpt>
   <trkpt lat="-7.4710300" lon="110.4538650">
    <ele>2220.2</ele>
   </trkpt>
   <trkpt lat="-7.4709990" lon="110.4538960">
    <ele>2221.3</ele>
   </trkpt>
   <trkpt lat="-7.4709600" lon="110.4539180">
    <ele>2223.0</ele>
   </trkpt>
   <trkpt lat="-7.4709150" lon="110.4539490">
    <ele>2225.5</ele>
   </trkpt>
   <trkpt lat="-7.4708700" lon="110.4539720">
    <ele>2227.8</ele>
   </trkpt>
   <trkpt lat="-7.4708200" lon="110.4539790">
    <ele>2230.1</ele>
   </trkpt>
   <trkpt lat="-7.4707710" lon="110.4540020">
    <ele>2231.1</ele>
   </trkpt>
   <trkpt lat="-7.4707270" lon="110.4540100">
    <ele>2232.0</ele>
   </trkpt>
   <trkpt lat="-7.4706860" lon="110.4540100">
    <ele>2233.1</ele>
   </trkpt>
   <trkpt lat="-7.4706500" lon="110.4540180">
    <ele>2234.1</ele>
   </trkpt>
   <trkpt lat="-7.4706210" lon="110.4540480">
    <ele>2235.4</ele>
   </trkpt>
   <trkpt lat="-7.4705860" lon="110.4540790">
    <ele>2237.0</ele>
   </trkpt>
   <trkpt lat="-7.4705450" lon="110.4541020">
    <ele>2238.7</ele>
   </trkpt>
   <trkpt lat="-7.4705020" lon="110.4541020">
    <ele>2240.3</ele>
   </trkpt>
   <trkpt lat="-7.4704760" lon="110.4541320">
    <ele>2241.3</ele>
   </trkpt>
   <trkpt lat="-7.4704400" lon="110.4541550">
    <ele>2242.3</ele>
   </trkpt>
   <trkpt lat="-7.4704100" lon="110.4541550">
    <ele>2242.8</ele>
   </trkpt>
   <trkpt lat="-7.4703730" lon="110.4541320">
    <ele>2243.3</ele>
   </trkpt>
   <trkpt lat="-7.4703310" lon="110.4541320">
    <ele>2243.8</ele>
   </trkpt>
   <trkpt lat="-7.4702870" lon="110.4541320">
    <ele>2244.6</ele>
   </trkpt>
   <trkpt lat="-7.4702540" lon="110.4541020">
    <ele>2245.3</ele>
   </trkpt>
   <trkpt lat="-7.4702260" lon="110.4540710">
    <ele>2246.0</ele>
   </trkpt>
   <trkpt lat="-7.4701940" lon="110.4540410">
    <ele>2246.6</ele>
   </trkpt>
   <trkpt lat="-7.4701650" lon="110.4540100">
    <ele>2247.3</ele>
   </trkpt>
   <trkpt lat="-7.4701380" lon="110.4539570">
    <ele>2248.5</ele>
   </trkpt>
   <trkpt lat="-7.4701120" lon="110.4539180">
    <ele>2250.0</ele>
   </trkpt>
   <trkpt lat="-7.4700910" lon="110.4538800">
    <ele>2251.4</ele>
   </trkpt>
   <trkpt lat="-7.4700640" lon="110.4538420">
    <ele>2252.7</ele>
   </trkpt>
   <trkpt lat="-7.4700300" lon="110.4538120">
    <ele>2253.8</ele>
   </trkpt>
   <trkpt lat="-7.4700060" lon="110.4537730">
    <ele>2254.8</ele>
   </trkpt>
   <trkpt lat="-7.4699810" lon="110.4537350">
    <ele>2256.8</ele>
   </trkpt>
   <trkpt lat="-7.4699440" lon="110.4537050">
    <ele>2259.6</ele>
   </trkpt>
   <trkpt lat="-7.4699090" lon="110.4536740">
    <ele>2263.0</ele>
   </trkpt>
   <trkpt lat="-7.4698890" lon="110.4536360">
    <ele>2266.3</ele>
   </trkpt>
   <trkpt lat="-7.4698810" lon="110.4535980">
    <ele>2267.7</ele>
   </trkpt>
   <trkpt lat="-7.4698680" lon="110.4535450">
    <ele>2269.0</ele>
   </trkpt>
   <trkpt lat="-7.4698510" lon="110.4534910">
    <ele>2273.2</ele>
   </trkpt>
   <trkpt lat="-7.4698190" lon="110.4534530">
    <ele>2276.9</ele>
   </trkpt>
   <trkpt lat="-7.4697870" lon="110.4534150">
    <ele>2280.3</ele>
   </trkpt>
   <trkpt lat="-7.4697680" lon="110.4533770">
    <ele>2282.8</ele>
   </trkpt>
   <trkpt lat="-7.4697520" lon="110.4533390">
    <ele>2284.9</ele>
   </trkpt>
   <trkpt lat="-7.4697450" lon="110.4532850">
    <ele>2287.0</ele>
   </trkpt>
   <trkpt lat="-7.4697370" lon="110.4532240">
    <ele>2289.0</ele>
   </trkpt>
   <trkpt lat="-7.4697210" lon="110.4531860">
    <ele>2291.1</ele>
   </trkpt>
   <trkpt lat="-7.4697020" lon="110.4531480">
    <ele>2293.2</ele>
   </trkpt>
   <trkpt lat="-7.4696970" lon="110.4530870">
    <ele>2297.4</ele>
   </trkpt>
   <trkpt lat="-7.4696790" lon="110.4530490">
    <ele>2300.2</ele>
   </trkpt>
   <trkpt lat="-7.4696490" lon="110.4530260">
    <ele>2302.4</ele>
   </trkpt>
   <trkpt lat="-7.4696110" lon="110.4530030">
    <ele>2305.1</ele>
   </trkpt>
   <trkpt lat="-7.4695700" lon="110.4529950">
    <ele>2306.2</ele>
   </trkpt>
   <trkpt lat="-7.4695420" lon="110.4529570">
    <ele>2307.5</ele>
   </trkpt>
   <trkpt lat="-7.4695060" lon="110.4529270">
    <ele>2308.8</ele>
   </trkpt>
   <trkpt lat="-7.4694680" lon="110.4528960">
    <ele>2310.2</ele>
   </trkpt>
   <trkpt lat="-7.4694350" lon="110.4528660">
    <ele>2311.1</ele>
   </trkpt>
   <trkpt lat="-7.4693930" lon="110.4528430">
    <ele>2312.1</ele>
   </trkpt>
   <trkpt lat="-7.4693540" lon="110.4528200">
    <ele>2313.2</ele>
   </trkpt>
   <trkpt lat="-7.4693150" lon="110.4527890">
    <ele>2314.4</ele>
   </trkpt>
   <trkpt lat="-7.4692880" lon="110.4527510">
    <ele>2315.6</ele>
   </trkpt>
   <trkpt lat="-7.4692540" lon="110.4527130">
    <ele>2317.1</ele>
   </trkpt>
   <trkpt lat="-7.4692110" lon="110.4526900">
    <ele>2319.0</ele>
   </trkpt>
   <trkpt lat="-7.4691720" lon="110.4526520">
    <ele>2320.8</ele>
   </trkpt>
   <trkpt lat="-7.4691270" lon="110.4526440">
    <ele>2322.2</ele>
   </trkpt>
   <trkpt lat="-7.4690820" lon="110.4526370">
    <ele>2324.3</ele>
   </trkpt>
   <trkpt lat="-7.4690400" lon="110.4526140">
    <ele>2327.3</ele>
   </trkpt>
   <trkpt lat="-7.4689970" lon="110.4525910">
    <ele>2330.8</ele>
   </trkpt>
   <trkpt lat="-7.4689530" lon="110.4525680">
    <ele>2334.8</ele>
   </trkpt>
   <trkpt lat="-7.4689050" lon="110.4525600">
    <ele>2337.9</ele>
   </trkpt>
   <trkpt lat="-7.4688640" lon="110.4525380">
    <ele>2340.1</ele>
   </trkpt>
   <trkpt lat="-7.4688220" lon="110.4525150">
    <ele>2342.8</ele>
   </trkpt>
   <trkpt lat="-7.4687960" lon="110.4524840">
    <ele>2345.3</ele>
   </trkpt>
   <trkpt lat="-7.4687630" lon="110.4524460">
    <ele>2348.3</ele>
   </trkpt>
   <trkpt lat="-7.4687410" lon="110.4524080">
    <ele>2350.5</ele>
   </trkpt>
   <trkpt lat="-7.4687250" lon="110.4523540">
    <ele>2353.2</ele>
   </trkpt>
   <trkpt lat="-7.4687260" lon="110.4523010">
    <ele>2355.4</ele>
   </trkpt>
   <trkpt lat="-7.4687350" lon="110.4522480">
    <ele>2357.4</ele>
   </trkpt>
   <trkpt lat="-7.4687430" lon="110.4521940">
    <ele>2359.2</ele>
   </trkpt>
   <trkpt lat="-7.4687390" lon="110.4521410">
    <ele>2361.5</ele>
   </trkpt>
   <trkpt lat="-7.4687190" lon="110.4520870">
    <ele>2363.8</ele>
   </trkpt>
   <trkpt lat="-7.4687030" lon="110.4520340">
    <ele>2365.8</ele>
   </trkpt>
   <trkpt lat="-7.4686960" lon="110.4519960">
    <ele>2367.3</ele>
   </trkpt>
   <trkpt lat="-7.4686790" lon="110.4519420">
    <ele>2370.0</ele>
   </trkpt>
   <trkpt lat="-7.4686620" lon="110.4518810">
    <ele>2372.9</ele>
   </trkpt>
   <trkpt lat="-7.4686370" lon="110.4518430">
    <ele>2374.9</ele>
   </trkpt>
   <trkpt lat="-7.4686030" lon="110.4518050">
    <ele>2376.7</ele>
   </trkpt>
   <trkpt lat="-7.4685670" lon="110.4517670">
    <ele>2378.5</ele>
   </trkpt>
   <trkpt lat="-7.4685290" lon="110.4517360">
    <ele>2380.2</ele>
   </trkpt>
   <trkpt lat="-7.4684920" lon="110.4517060">
    <ele>2382.1</ele>
   </trkpt>
   <trkpt lat="-7.4684700" lon="110.4516680">
    <ele>2384.5</ele>
   </trkpt>
   <trkpt lat="-7.4684510" lon="110.4516300">
    <ele>2386.8</ele>
   </trkpt>
   <trkpt lat="-7.4684370" lon="110.4515760">
    <ele>2390.0</ele>
   </trkpt>
   <trkpt lat="-7.4684220" lon="110.4515230">
    <ele>2393.1</ele>
   </trkpt>
   <trkpt lat="-7.4684220" lon="110.4514690">
    <ele>2395.9</ele>
   </trkpt>
   <trkpt lat="-7.4684310" lon="110.4514080">
    <ele>2398.1</ele>
   </trkpt>
   <trkpt lat="-7.4684280" lon="110.4513550">
    <ele>2399.5</ele>
   </trkpt>
   <trkpt lat="-7.4684130" lon="110.4513170">
    <ele>2400.8</ele>
   </trkpt>
   <trkpt lat="-7.4684050" lon="110.4512630">
    <ele>2402.6</ele>
   </trkpt>
   <trkpt lat="-7.4684070" lon="110.4512250">
    <ele>2403.6</ele>
   </trkpt>
   <trkpt lat="-7.4684100" lon="110.4511720">
    <ele>2405.1</ele>
   </trkpt>
   <trkpt lat="-7.4684110" lon="110.4511180">
    <ele>2406.4</ele>
   </trkpt>
   <trkpt lat="-7.4684100" lon="110.4510650">
    <ele>2407.8</ele>
   </trkpt>
   <trkpt lat="-7.4684020" lon="110.4510120">
    <ele>2409.3</ele>
   </trkpt>
   <trkpt lat="-7.4683960" lon="110.4509580">
    <ele>2410.7</ele>
   </trkpt>
   <trkpt lat="-7.4683940" lon="110.4509200">
    <ele>2411.5</ele>
   </trkpt>
   <trkpt lat="-7.4683900" lon="110.4508670">
    <ele>2412.8</ele>
   </trkpt>
   <trkpt lat="-7.4683800" lon="110.4508130">
    <ele>2414.1</ele>
   </trkpt>
   <trkpt lat="-7.4683710" lon="110.4507600">
    <ele>2415.1</ele>
   </trkpt>
   <trkpt lat="-7.4683670" lon="110.4507060">
    <ele>2416.0</ele>
   </trkpt>
   <trkpt lat="-7.4683570" lon="110.4506530">
    <ele>2417.0</ele>
   </trkpt>
   <trkpt lat="-7.4683410" lon="110.4506000">
    <ele>2418.1</ele>
   </trkpt>
   <trkpt lat="-7.4683210" lon="110.4505460">
    <ele>2419.7</ele>
   </trkpt>
   <trkpt lat="-7.4683180" lon="110.4504930">
    <ele>2420.8</ele>
   </trkpt>
   <trkpt lat="-7.4683050" lon="110.4504390">
    <ele>2421.5</ele>
   </trkpt>
   <trkpt lat="-7.4682810" lon="110.4503860">
    <ele>2422.9</ele>
   </trkpt>
   <trkpt lat="-7.4682640" lon="110.4503330">
    <ele>2424.1</ele>
   </trkpt>
   <trkpt lat="-7.4682560" lon="110.4502790">
    <ele>2424.5</ele>
   </trkpt>
   <trkpt lat="-7.4682450" lon="110.4502260">
    <ele>2425.1</ele>
   </trkpt>
   <trkpt lat="-7.4682280" lon="110.4501720">
    <ele>2426.0</ele>
   </trkpt>
   <trkpt lat="-7.4682050" lon="110.4501190">
    <ele>2426.2</ele>
   </trkpt>
   <trkpt lat="-7.4681790" lon="110.4500660">
    <ele>2426.5</ele>
   </trkpt>
   <trkpt lat="-7.4681580" lon="110.4500270">
    <ele>2427.5</ele>
   </trkpt>
   <trkpt lat="-7.4681250" lon="110.4499970">
    <ele>2428.3</ele>
   </trkpt>
   <trkpt lat="-7.4681060" lon="110.4499590">
    <ele>2428.8</ele>
   </trkpt>
   <trkpt lat="-7.4681010" lon="110.4499280">
    <ele>2429.1</ele>
   </trkpt>
   <trkpt lat="-7.4681060" lon="110.4498750">
    <ele>2430.7</ele>
   </trkpt>
   <trkpt lat="-7.4681170" lon="110.4498140">
    <ele>2432.5</ele>
   </trkpt>
   <trkpt lat="-7.4681380" lon="110.4497600">
    <ele>2433.9</ele>
   </trkpt>
   <trkpt lat="-7.4681560" lon="110.4497070">
    <ele>2435.9</ele>
   </trkpt>
   <trkpt lat="-7.4681670" lon="110.4496540">
    <ele>2438.0</ele>
   </trkpt>
   <trkpt lat="-7.4681670" lon="110.4496000">
    <ele>2438.7</ele>
   </trkpt>
   <trkpt lat="-7.4681600" lon="110.4495470">
    <ele>2439.5</ele>
   </trkpt>
   <trkpt lat="-7.4681620" lon="110.4494930">
    <ele>2440.7</ele>
   </trkpt>
   <trkpt lat="-7.4681660" lon="110.4494400">
    <ele>2442.0</ele>
   </trkpt>
   <trkpt lat="-7.4681710" lon="110.4493790">
    <ele>2443.8</ele>
   </trkpt>
   <trkpt lat="-7.4681710" lon="110.4493180">
    <ele>2445.0</ele>
   </trkpt>
   <trkpt lat="-7.4681730" lon="110.4492650">
    <ele>2445.9</ele>
   </trkpt>
   <trkpt lat="-7.4681780" lon="110.4492110">
    <ele>2446.5</ele>
   </trkpt>
   <trkpt lat="-7.4681850" lon="110.4491580">
    <ele>2447.7</ele>
   </trkpt>
   <trkpt lat="-7.4681900" lon="110.4491040">
    <ele>2449.1</ele>
   </trkpt>
   <trkpt lat="-7.4681950" lon="110.4490510">
    <ele>2450.3</ele>
   </trkpt>
   <trkpt lat="-7.4681950" lon="110.4489970">
    <ele>2451.5</ele>
   </trkpt>
   <trkpt lat="-7.4681830" lon="110.4489440">
    <ele>2452.5</ele>
   </trkpt>
   <trkpt lat="-7.4681860" lon="110.4488830">
    <ele>2453.8</ele>
   </trkpt>
   <trkpt lat="-7.4681920" lon="110.4488300">
    <ele>2455.0</ele>
   </trkpt>
   <trkpt lat="-7.4682010" lon="110.4487760">
    <ele>2456.3</ele>
   </trkpt>
   <trkpt lat="-7.4682070" lon="110.4487230">
    <ele>2457.5</ele>
   </trkpt>
   <trkpt lat="-7.4682110" lon="110.4486620">
    <ele>2458.5</ele>
   </trkpt>
   <trkpt lat="-7.4682130" lon="110.4486080">
    <ele>2459.9</ele>
   </trkpt>
   <trkpt lat="-7.4682140" lon="110.4485550">
    <ele>2461.5</ele>
   </trkpt>
   <trkpt lat="-7.4682200" lon="110.4485020">
    <ele>2463.4</ele>
   </trkpt>
   <trkpt lat="-7.4682200" lon="110.4484480">
    <ele>2465.4</ele>
   </trkpt>
   <trkpt lat="-7.4682280" lon="110.4483950">
    <ele>2467.5</ele>
   </trkpt>
   <trkpt lat="-7.4682150" lon="110.4483340">
    <ele>2470.2</ele>
   </trkpt>
   <trkpt lat="-7.4682050" lon="110.4482960">
    <ele>2472.0</ele>
   </trkpt>
   <trkpt lat="-7.4681960" lon="110.4482420">
    <ele>2474.8</ele>
   </trkpt>
   <trkpt lat="-7.4681900" lon="110.4481890">
    <ele>2476.7</ele>
   </trkpt>
   <trkpt lat="-7.4681960" lon="110.4481510">
    <ele>2477.7</ele>
   </trkpt>
   <trkpt lat="-7.4681940" lon="110.4480900">
    <ele>2480.0</ele>
   </trkpt>
   <trkpt lat="-7.4681980" lon="110.4480360">
    <ele>2482.5</ele>
   </trkpt>
   <trkpt lat="-7.4682020" lon="110.4479750">
    <ele>2485.4</ele>
   </trkpt>
   <trkpt lat="-7.4682040" lon="110.4479220">
    <ele>2487.6</ele>
   </trkpt>
   <trkpt lat="-7.4682040" lon="110.4478680">
    <ele>2489.5</ele>
   </trkpt>
   <trkpt lat="-7.4681950" lon="110.4478150">
    <ele>2490.6</ele>
   </trkpt>
   <trkpt lat="-7.4681830" lon="110.4477010">
    <ele>2493.4</ele>
   </trkpt>
   <trkpt lat="-7.4681900" lon="110.4476780">
    <ele>2493.8</ele>
   </trkpt>
   <trkpt lat="-7.4682010" lon="110.4476390">
    <ele>2494.9</ele>
   </trkpt>
   <trkpt lat="-7.4681930" lon="110.4476010">
    <ele>2496.6</ele>
   </trkpt>
   <trkpt lat="-7.4681720" lon="110.4475480">
    <ele>2498.8</ele>
   </trkpt>
   <trkpt lat="-7.4681460" lon="110.4475170">
    <ele>2500.2</ele>
   </trkpt>
   <trkpt lat="-7.4681380" lon="110.4474790">
    <ele>2501.6</ele>
   </trkpt>
   <trkpt lat="-7.4681380" lon="110.4474260">
    <ele>2503.2</ele>
   </trkpt>
   <trkpt lat="-7.4681390" lon="110.4473880">
    <ele>2504.5</ele>
   </trkpt>
   <trkpt lat="-7.4681430" lon="110.4473340">
    <ele>2506.5</ele>
   </trkpt>
   <trkpt lat="-7.4681600" lon="110.4472810">
    <ele>2508.6</ele>
   </trkpt>
   <trkpt lat="-7.4681710" lon="110.4472430">
    <ele>2510.2</ele>
   </trkpt>
   <trkpt lat="-7.4681770" lon="110.4471890">
    <ele>2512.6</ele>
   </trkpt>
   <trkpt lat="-7.4681590" lon="110.4471590">
    <ele>2514.2</ele>
   </trkpt>
   <trkpt lat="-7.4681380" lon="110.4471210">
    <ele>2516.8</ele>
   </trkpt>
   <trkpt lat="-7.4681240" lon="110.4470830">
    <ele>2519.4</ele>
   </trkpt>
   <trkpt lat="-7.4681120" lon="110.4470440">
    <ele>2522.1</ele>
   </trkpt>
   <trkpt lat="-7.4681180" lon="110.4469830">
    <ele>2526.3</ele>
   </trkpt>
   <trkpt lat="-7.4681420" lon="110.4469530">
    <ele>2527.9</ele>
   </trkpt>
   <trkpt lat="-7.4681460" lon="110.4469150">
    <ele>2529.4</ele>
   </trkpt>
   <trkpt lat="-7.4681590" lon="110.4468610">
    <ele>2532.4</ele>
   </trkpt>
   <trkpt lat="-7.4681560" lon="110.4468080">
    <ele>2535.6</ele>
   </trkpt>
   <trkpt lat="-7.4681370" lon="110.4467700">
    <ele>2538.0</ele>
   </trkpt>
   <trkpt lat="-7.4681520" lon="110.4467470">
    <ele>2539.5</ele>
   </trkpt>
   <trkpt lat="-7.4681830" lon="110.4467240">
    <ele>2541.4</ele>
   </trkpt>
   <trkpt lat="-7.4682210" lon="110.4467010">
    <ele>2543.5</ele>
   </trkpt>
   <trkpt lat="-7.4682570" lon="110.4466780">
    <ele>2545.3</ele>
   </trkpt>
   <trkpt lat="-7.4682890" lon="110.4466400">
    <ele>2547.2</ele>
   </trkpt>
   <trkpt lat="-7.4683270" lon="110.4466090">
    <ele>2549.1</ele>
   </trkpt>
   <trkpt lat="-7.4683550" lon="110.4465710">
    <ele>2550.9</ele>
   </trkpt>
   <trkpt lat="-7.4683750" lon="110.4465330">
    <ele>2552.4</ele>
   </trkpt>
   <trkpt lat="-7.4683770" lon="110.4464800">
    <ele>2554.1</ele>
   </trkpt>
   <trkpt lat="-7.4683730" lon="110.4464260">
    <ele>2555.4</ele>
   </trkpt>
   <trkpt lat="-7.4683620" lon="110.4463880">
    <ele>2556.3</ele>
   </trkpt>
   <trkpt lat="-7.4683430" lon="110.4463350">
    <ele>2557.5</ele>
   </trkpt>
   <trkpt lat="-7.4683110" lon="110.4462970">
    <ele>2558.7</ele>
   </trkpt>
   <trkpt lat="-7.4682810" lon="110.4462660">
    <ele>2560.1</ele>
   </trkpt>
   <trkpt lat="-7.4682530" lon="110.4462280">
    <ele>2561.4</ele>
   </trkpt>
   <trkpt lat="-7.4682290" lon="110.4461750">
    <ele>2562.5</ele>
   </trkpt>
   <trkpt lat="-7.4682160" lon="110.4461360">
    <ele>2563.6</ele>
   </trkpt>
   <trkpt lat="-7.4682020" lon="110.4460830">
    <ele>2565.3</ele>
   </trkpt>
   <trkpt lat="-7.4681760" lon="110.4460450">
    <ele>2566.5</ele>
   </trkpt>
   <trkpt lat="-7.4681440" lon="110.4460070">
    <ele>2567.8</ele>
   </trkpt>
   <trkpt lat="-7.4681110" lon="110.4459760">
    <ele>2570.7</ele>
   </trkpt>
   <trkpt lat="-7.4680720" lon="110.4459460">
    <ele>2573.5</ele>
   </trkpt>
   <trkpt lat="-7.4680330" lon="110.4459150">
    <ele>2575.1</ele>
   </trkpt>
   <trkpt lat="-7.4679940" lon="110.4458920">
    <ele>2577.0</ele>
   </trkpt>
   <trkpt lat="-7.4679530" lon="110.4458620">
    <ele>2579.6</ele>
   </trkpt>
   <trkpt lat="-7.4679080" lon="110.4458540">
    <ele>2581.4</ele>
   </trkpt>
   <trkpt lat="-7.4678690" lon="110.4458240">
    <ele>2582.9</ele>
   </trkpt>
   <trkpt lat="-7.4678280" lon="110.4458010">
    <ele>2584.9</ele>
   </trkpt>
   <trkpt lat="-7.4677910" lon="110.4457700">
    <ele>2587.1</ele>
   </trkpt>
   <trkpt lat="-7.4677580" lon="110.4457470">
    <ele>2588.9</ele>
   </trkpt>
   <trkpt lat="-7.4677210" lon="110.4457400">
    <ele>2590.7</ele>
   </trkpt>
   <trkpt lat="-7.4676800" lon="110.4457320">
    <ele>2592.3</ele>
   </trkpt>
   <trkpt lat="-7.4676370" lon="110.4457240">
    <ele>2593.7</ele>
   </trkpt>
   <trkpt lat="-7.4675960" lon="110.4457170">
    <ele>2595.2</ele>
   </trkpt>
   <trkpt lat="-7.4675510" lon="110.4457090">
    <ele>2597.0</ele>
   </trkpt>
   <trkpt lat="-7.4675050" lon="110.4457090">
    <ele>2598.8</ele>
   </trkpt>
   <trkpt lat="-7.4674650" lon="110.4456860">
    <ele>2600.5</ele>
   </trkpt>
   <trkpt lat="-7.4674360" lon="110.4456560">
    <ele>2602.1</ele>
   </trkpt>
   <trkpt lat="-7.4674200" lon="110.4456180">
    <ele>2604.0</ele>
   </trkpt>
   <trkpt lat="-7.4673980" lon="110.4455640">
    <ele>2606.7</ele>
   </trkpt>
   <trkpt lat="-7.4673670" lon="110.4455340">
    <ele>2609.1</ele>
   </trkpt>
   <trkpt lat="-7.4673310" lon="110.4455030">
    <ele>2611.7</ele>
   </trkpt>
   <trkpt lat="-7.4672960" lon="110.4454730">
    <ele>2614.2</ele>
   </trkpt>
   <trkpt lat="-7.4672570" lon="110.4454650">
    <ele>2617.3</ele>
   </trkpt>
   <trkpt lat="-7.4672190" lon="110.4454350">
    <ele>2622.3</ele>
   </trkpt>
   <trkpt lat="-7.4671890" lon="110.4453960">
    <ele>2626.5</ele>
   </trkpt>
   <trkpt lat="-7.4671690" lon="110.4453580">
    <ele>2629.7</ele>
   </trkpt>
   <trkpt lat="-7.4671370" lon="110.4453280">
    <ele>2633.6</ele>
   </trkpt>
   <trkpt lat="-7.4670970" lon="110.4453050">
    <ele>2638.0</ele>
   </trkpt>
   <trkpt lat="-7.4670670" lon="110.4452740">
    <ele>2640.7</ele>
   </trkpt>
   <trkpt lat="-7.4670400" lon="110.4452440">
    <ele>2642.9</ele>
   </trkpt>
   <trkpt lat="-7.4670010" lon="110.4452130">
    <ele>2645.5</ele>
   </trkpt>
   <trkpt lat="-7.4669720" lon="110.4451830">
    <ele>2647.7</ele>
   </trkpt>
   <trkpt lat="-7.4669460" lon="110.4451520">
    <ele>2651.0</ele>
   </trkpt>
   <trkpt lat="-7.4669200" lon="110.4451140">
    <ele>2655.0</ele>
   </trkpt>
   <trkpt lat="-7.4668900" lon="110.4450760">
    <ele>2656.9</ele>
   </trkpt>
   <trkpt lat="-7.4668820" lon="110.4450380">
    <ele>2658.2</ele>
   </trkpt>
   <trkpt lat="-7.4668920" lon="110.4449840">
    <ele>2662.0</ele>
   </trkpt>
   <trkpt lat="-7.4669080" lon="110.4449460">
    <ele>2664.6</ele>
   </trkpt>
   <trkpt lat="-7.4669200" lon="110.4448930">
    <ele>2666.7</ele>
   </trkpt>
   <trkpt lat="-7.4669310" lon="110.4448550">
    <ele>2668.8</ele>
   </trkpt>
   <trkpt lat="-7.4669440" lon="110.4448010">
    <ele>2672.9</ele>
   </trkpt>
   <trkpt lat="-7.4669460" lon="110.4447400">
    <ele>2675.4</ele>
   </trkpt>
   <trkpt lat="-7.4669310" lon="110.4447020">
    <ele>2676.8</ele>
   </trkpt>
   <trkpt lat="-7.4669010" lon="110.4446640">
    <ele>2680.4</ele>
   </trkpt>
   <trkpt lat="-7.4668640" lon="110.4446410">
    <ele>2683.3</ele>
   </trkpt>
   <trkpt lat="-7.4668250" lon="110.4446180">
    <ele>2685.1</ele>
   </trkpt>
   <trkpt lat="-7.4667840" lon="110.4445950">
    <ele>2687.6</ele>
   </trkpt>
   <trkpt lat="-7.4667430" lon="110.4445650">
    <ele>2691.5</ele>
   </trkpt>
   <trkpt lat="-7.4667010" lon="110.4445570">
    <ele>2693.8</ele>
   </trkpt>
   <trkpt lat="-7.4666560" lon="110.4445340">
    <ele>2695.6</ele>
   </trkpt>
   <trkpt lat="-7.4666110" lon="110.4445040">
    <ele>2698.5</ele>
   </trkpt>
   <trkpt lat="-7.4665710" lon="110.4444810">
    <ele>2700.9</ele>
   </trkpt>
   <trkpt lat="-7.4665300" lon="110.4444580">
    <ele>2702.2</ele>
   </trkpt>
   <trkpt lat="-7.4664920" lon="110.4444270">
    <ele>2703.5</ele>
   </trkpt>
   <trkpt lat="-7.4664470" lon="110.4444050">
    <ele>2704.9</ele>
   </trkpt>
   <trkpt lat="-7.4664040" lon="110.4444050">
    <ele>2706.1</ele>
   </trkpt>
   <trkpt lat="-7.4663630" lon="110.4444270">
    <ele>2707.0</ele>
   </trkpt>
   <trkpt lat="-7.4663350" lon="110.4444660">
    <ele>2708.3</ele>
   </trkpt>
   <trkpt lat="-7.4663100" lon="110.4445190">
    <ele>2710.9</ele>
   </trkpt>
   <trkpt lat="-7.4662880" lon="110.4445570">
    <ele>2712.2</ele>
   </trkpt>
   <trkpt lat="-7.4662740" lon="110.4446180">
    <ele>2713.3</ele>
   </trkpt>
   <trkpt lat="-7.4662540" lon="110.4446560">
    <ele>2714.8</ele>
   </trkpt>
   <trkpt lat="-7.4662360" lon="110.4447100">
    <ele>2716.9</ele>
   </trkpt>
   <trkpt lat="-7.4662090" lon="110.4447630">
    <ele>2719.1</ele>
   </trkpt>
   <trkpt lat="-7.4661720" lon="110.4447860">
    <ele>2720.8</ele>
   </trkpt>
   <trkpt lat="-7.4661350" lon="110.4448170">
    <ele>2722.8</ele>
   </trkpt>
   <trkpt lat="-7.4660970" lon="110.4448470">
    <ele>2725.2</ele>
   </trkpt>
   <trkpt lat="-7.4660830" lon="110.4448780">
    <ele>2727.4</ele>
   </trkpt>
   <trkpt lat="-7.4660660" lon="110.4449160">
    <ele>2730.1</ele>
   </trkpt>
   <trkpt lat="-7.4660590" lon="110.4449690">
    <ele>2731.5</ele>
   </trkpt>
   <trkpt lat="-7.4660420" lon="110.4450070">
    <ele>2732.7</ele>
   </trkpt>
   <trkpt lat="-7.4660270" lon="110.4450610">
    <ele>2734.2</ele>
   </trkpt>
   <trkpt lat="-7.4659990" lon="110.4450910">
    <ele>2735.8</ele>
   </trkpt>
   <trkpt lat="-7.4659640" lon="110.4451220">
    <ele>2738.5</ele>
   </trkpt>
   <trkpt lat="-7.4659230" lon="110.4451290">
    <ele>2740.7</ele>
   </trkpt>
   <trkpt lat="-7.4658810" lon="110.4451370">
    <ele>2742.2</ele>
   </trkpt>
   <trkpt lat="-7.4658390" lon="110.4451450">
    <ele>2743.4</ele>
   </trkpt>
   <trkpt lat="-7.4657980" lon="110.4451750">
    <ele>2743.8</ele>
   </trkpt>
   <trkpt lat="-7.4657530" lon="110.4451980">
    <ele>2744.7</ele>
   </trkpt>
   <trkpt lat="-7.4657070" lon="110.4452210">
    <ele>2746.2</ele>
   </trkpt>
   <trkpt lat="-7.4656670" lon="110.4452440">
    <ele>2746.8</ele>
   </trkpt>
   <trkpt lat="-7.4656280" lon="110.4452740">
    <ele>2747.1</ele>
   </trkpt>
   <trkpt lat="-7.4655880" lon="110.4453050">
    <ele>2749.4</ele>
   </trkpt>
   <trkpt lat="-7.4655430" lon="110.4453050">
    <ele>2751.4</ele>
   </trkpt>
   <trkpt lat="-7.4655000" lon="110.4453280">
    <ele>2752.9</ele>
   </trkpt>
   <trkpt lat="-7.4654550" lon="110.4453350">
    <ele>2753.8</ele>
   </trkpt>
   <trkpt lat="-7.4654080" lon="110.4453430">
    <ele>2754.7</ele>
   </trkpt>
   <trkpt lat="-7.4653560" lon="110.4453430">
    <ele>2755.7</ele>
   </trkpt>
   <trkpt lat="-7.4653030" lon="110.4453430">
    <ele>2756.6</ele>
   </trkpt>
   <trkpt lat="-7.4652510" lon="110.4453660">
    <ele>2757.6</ele>
   </trkpt>
   <trkpt lat="-7.4651970" lon="110.4453660">
    <ele>2758.1</ele>
   </trkpt>
   <trkpt lat="-7.4651480" lon="110.4453660">
    <ele>2758.5</ele>
   </trkpt>
   <trkpt lat="-7.4650990" lon="110.4453660">
    <ele>2758.6</ele>
   </trkpt>
   <trkpt lat="-7.4650520" lon="110.4453580">
    <ele>2758.7</ele>
   </trkpt>
   <trkpt lat="-7.4650070" lon="110.4453350">
    <ele>2758.9</ele>
   </trkpt>
   <trkpt lat="-7.4649600" lon="110.4453350">
    <ele>2759.1</ele>
   </trkpt>
   <trkpt lat="-7.4649120" lon="110.4453050">
    <ele>2759.3</ele>
   </trkpt>
   <trkpt lat="-7.4648640" lon="110.4453050">
    <ele>2759.5</ele>
   </trkpt>
   <trkpt lat="-7.4648140" lon="110.4452820">
    <ele>2759.7</ele>
   </trkpt>
   <trkpt lat="-7.4647630" lon="110.4452740">
    <ele>2760.2</ele>
   </trkpt>
   <trkpt lat="-7.4647080" lon="110.4452740">
    <ele>2760.7</ele>
   </trkpt>
   <trkpt lat="-7.4646500" lon="110.4452670">
    <ele>2761.5</ele>
   </trkpt>
   <trkpt lat="-7.4645950" lon="110.4452590">
    <ele>2762.5</ele>
   </trkpt>
   <trkpt lat="-7.4645410" lon="110.4452590">
    <ele>2763.2</ele>
   </trkpt>
   <trkpt lat="-7.4644900" lon="110.4452510">
    <ele>2763.8</ele>
   </trkpt>
   <trkpt lat="-7.4644430" lon="110.4452510">
    <ele>2764.1</ele>
   </trkpt>
   <trkpt lat="-7.4643920" lon="110.4452510">
    <ele>2764.5</ele>
   </trkpt>
   <trkpt lat="-7.4643440" lon="110.4452440">
    <ele>2764.0</ele>
   </trkpt>
   <trkpt lat="-7.4642960" lon="110.4452210">
    <ele>2763.3</ele>
   </trkpt>
   <trkpt lat="-7.4642510" lon="110.4451980">
    <ele>2762.0</ele>
   </trkpt>
   <trkpt lat="-7.4642040" lon="110.4451750">
    <ele>2760.4</ele>
   </trkpt>
   <trkpt lat="-7.4641610" lon="110.4451450">
    <ele>2758.4</ele>
   </trkpt>
   <trkpt lat="-7.4641190" lon="110.4451140">
    <ele>2756.1</ele>
   </trkpt>
   <trkpt lat="-7.4640760" lon="110.4450910">
    <ele>2753.9</ele>
   </trkpt>
   <trkpt lat="-7.4640320" lon="110.4450610">
    <ele>2750.9</ele>
   </trkpt>
   <trkpt lat="-7.4639830" lon="110.4450300">
    <ele>2748.0</ele>
   </trkpt>
   <trkpt lat="-7.4639340" lon="110.4450070">
    <ele>2746.0</ele>
   </trkpt>
   <trkpt lat="-7.4638840" lon="110.4450070">
    <ele>2744.3</ele>
   </trkpt>
   <trkpt lat="-7.4638290" lon="110.4450070">
    <ele>2742.6</ele>
   </trkpt>
   <trkpt lat="-7.4637710" lon="110.4450070">
    <ele>2742.1</ele>
   </trkpt>
   <trkpt lat="-7.4637130" lon="110.4450150">
    <ele>2741.9</ele>
   </trkpt>
   <trkpt lat="-7.4636600" lon="110.4450230">
    <ele>2742.3</ele>
   </trkpt>
   <trkpt lat="-7.4636060" lon="110.4450230">
    <ele>2742.9</ele>
   </trkpt>
   <trkpt lat="-7.4635550" lon="110.4450230">
    <ele>2743.6</ele>
   </trkpt>
   <trkpt lat="-7.4635080" lon="110.4450150">
    <ele>2745.2</ele>
   </trkpt>
   <trkpt lat="-7.4634620" lon="110.4450070">
    <ele>2746.8</ele>
   </trkpt>
   <trkpt lat="-7.4634130" lon="110.4450000">
    <ele>2748.3</ele>
   </trkpt>
   <trkpt lat="-7.4633670" lon="110.4449770">
    <ele>2750.0</ele>
   </trkpt>
   <trkpt lat="-7.4633270" lon="110.4449460">
    <ele>2751.7</ele>
   </trkpt>
   <trkpt lat="-7.4632880" lon="110.4449160">
    <ele>2753.0</ele>
   </trkpt>
   <trkpt lat="-7.4632420" lon="110.4448850">
    <ele>2754.1</ele>
   </trkpt>
   <trkpt lat="-7.4631970" lon="110.4448780">
    <ele>2755.5</ele>
   </trkpt>
   <trkpt lat="-7.4631520" lon="110.4448550">
    <ele>2757.1</ele>
   </trkpt>
   <trkpt lat="-7.4631170" lon="110.4448240">
    <ele>2758.8</ele>
   </trkpt>
   <trkpt lat="-7.4630790" lon="110.4447940">
    <ele>2760.5</ele>
   </trkpt>
   <trkpt lat="-7.4630390" lon="110.4447630">
    <ele>2762.7</ele>
   </trkpt>
   <trkpt lat="-7.4629960" lon="110.4447560">
    <ele>2764.4</ele>
   </trkpt>
   <trkpt lat="-7.4629620" lon="110.4447330">
    <ele>2765.4</ele>
   </trkpt>
   <trkpt lat="-7.4629230" lon="110.4447020">
    <ele>2766.9</ele>
   </trkpt>
   <trkpt lat="-7.4628890" lon="110.4446720">
    <ele>2769.0</ele>
   </trkpt>
   <trkpt lat="-7.4628480" lon="110.4446410">
    <ele>2771.4</ele>
   </trkpt>
   <trkpt lat="-7.4628030" lon="110.4446330">
    <ele>2773.4</ele>
   </trkpt>
   <trkpt lat="-7.4627610" lon="110.4446260">
    <ele>2775.5</ele>
   </trkpt>
   <trkpt lat="-7.4627200" lon="110.4445950">
    <ele>2778.0</ele>
   </trkpt>
   <trkpt lat="-7.4626790" lon="110.4445720">
    <ele>2780.6</ele>
   </trkpt>
   <trkpt lat="-7.4626450" lon="110.4445340">
    <ele>2783.6</ele>
   </trkpt>
   <trkpt lat="-7.4626080" lon="110.4445110">
    <ele>2785.6</ele>
   </trkpt>
   <trkpt lat="-7.4625720" lon="110.4444730">
    <ele>2787.8</ele>
   </trkpt>
   <trkpt lat="-7.4625290" lon="110.4444500">
    <ele>2789.5</ele>
   </trkpt>
   <trkpt lat="-7.4624890" lon="110.4444200">
    <ele>2791.3</ele>
   </trkpt>
   <trkpt lat="-7.4624530" lon="110.4443890">
    <ele>2794.0</ele>
   </trkpt>
   <trkpt lat="-7.4624220" lon="110.4443510">
    <ele>2796.6</ele>
   </trkpt>
   <trkpt lat="-7.4623850" lon="110.4443510">
    <ele>2798.1</ele>
   </trkpt>
   <trkpt lat="-7.4623420" lon="110.4443440">
    <ele>2799.9</ele>
   </trkpt>
   <trkpt lat="-7.4623040" lon="110.4443510">
    <ele>2801.5</ele>
   </trkpt>
   <trkpt lat="-7.4622610" lon="110.4443510">
    <ele>2803.2</ele>
   </trkpt>
   <trkpt lat="-7.4622220" lon="110.4443440">
    <ele>2805.2</ele>
   </trkpt>
   <trkpt lat="-7.4621830" lon="110.4443210">
    <ele>2807.5</ele>
   </trkpt>
   <trkpt lat="-7.4621410" lon="110.4443130">
    <ele>2809.6</ele>
   </trkpt>
   <trkpt lat="-7.4621070" lon="110.4442830">
    <ele>2811.7</ele>
   </trkpt>
   <trkpt lat="-7.4620670" lon="110.4442600">
    <ele>2813.2</ele>
   </trkpt>
   <trkpt lat="-7.4620240" lon="110.4442520">
    <ele>2814.6</ele>
   </trkpt>
   <trkpt lat="-7.4619800" lon="110.4442520">
    <ele>2816.9</ele>
   </trkpt>
   <trkpt lat="-7.4619450" lon="110.4442290">
    <ele>2819.3</ele>
   </trkpt>
   <trkpt lat="-7.4619060" lon="110.4442060">
    <ele>2822.0</ele>
   </trkpt>
   <trkpt lat="-7.4618650" lon="110.4441830">
    <ele>2824.7</ele>
   </trkpt>
   <trkpt lat="-7.4618190" lon="110.4441760">
    <ele>2826.9</ele>
   </trkpt>
   <trkpt lat="-7.4617720" lon="110.4441760">
    <ele>2829.0</ele>
   </trkpt>
   <trkpt lat="-7.4617230" lon="110.4441760">
    <ele>2829.6</ele>
   </trkpt>
   <trkpt lat="-7.4616750" lon="110.4441760">
    <ele>2830.2</ele>
   </trkpt>
   <trkpt lat="-7.4616270" lon="110.4441530">
    <ele>2830.8</ele>
   </trkpt>
   <trkpt lat="-7.4615820" lon="110.4441300">
    <ele>2831.2</ele>
   </trkpt>
   <trkpt lat="-7.4615450" lon="110.4440990">
    <ele>2830.9</ele>
   </trkpt>
   <trkpt lat="-7.4615040" lon="110.4440690">
    <ele>2830.5</ele>
   </trkpt>
   <trkpt lat="-7.4614640" lon="110.4440380">
    <ele>2829.6</ele>
   </trkpt>
   <trkpt lat="-7.4614230" lon="110.4440160">
    <ele>2829.6</ele>
   </trkpt>
   <trkpt lat="-7.4613830" lon="110.4439850">
    <ele>2830.4</ele>
   </trkpt>
   <trkpt lat="-7.4613370" lon="110.4439770">
    <ele>2830.9</ele>
   </trkpt>
   <trkpt lat="-7.4612900" lon="110.4439540">
    <ele>2831.2</ele>
   </trkpt>
   <trkpt lat="-7.4612390" lon="110.4439470">
    <ele>2831.7</ele>
   </trkpt>
   <trkpt lat="-7.4611880" lon="110.4439240">
    <ele>2832.6</ele>
   </trkpt>
   <trkpt lat="-7.4611350" lon="110.4439240">
    <ele>2833.4</ele>
   </trkpt>
   <trkpt lat="-7.4610820" lon="110.4439010">
    <ele>2834.2</ele>
   </trkpt>
   <trkpt lat="-7.4610300" lon="110.4438930">
    <ele>2834.5</ele>
   </trkpt>
   <trkpt lat="-7.4609770" lon="110.4438860">
    <ele>2834.9</ele>
   </trkpt>
   <trkpt lat="-7.4609220" lon="110.4438860">
    <ele>2835.1</ele>
   </trkpt>
   <trkpt lat="-7.4608700" lon="110.4438630">
    <ele>2834.4</ele>
   </trkpt>
   <trkpt lat="-7.4608240" lon="110.4438550">
    <ele>2833.4</ele>
   </trkpt>
   <trkpt lat="-7.4607790" lon="110.4438320">
    <ele>2832.4</ele>
   </trkpt>
   <trkpt lat="-7.4607350" lon="110.4438100">
    <ele>2831.6</ele>
   </trkpt>
   <trkpt lat="-7.4606910" lon="110.4437790">
    <ele>2831.2</ele>
   </trkpt>
   <trkpt lat="-7.4606440" lon="110.4437480">
    <ele>2831.1</ele>
   </trkpt>
   <trkpt lat="-7.4605970" lon="110.4437180">
    <ele>2831.1</ele>
   </trkpt>
   <trkpt lat="-7.4605540" lon="110.4436870">
    <ele>2831.5</ele>
   </trkpt>
   <trkpt lat="-7.4605080" lon="110.4436570">
    <ele>2832.0</ele>
   </trkpt>
   <trkpt lat="-7.4604670" lon="110.4436260">
    <ele>2832.0</ele>
   </trkpt>
   <trkpt lat="-7.4604350" lon="110.4435960">
    <ele>2832.7</ele>
   </trkpt>
   <trkpt lat="-7.4604000" lon="110.4435580">
    <ele>2833.6</ele>
   </trkpt>
   <trkpt lat="-7.4603680" lon="110.4435200">
    <ele>2833.8</ele>
   </trkpt>
   <trkpt lat="-7.4603340" lon="110.4434890">
    <ele>2833.9</ele>
   </trkpt>
   <trkpt lat="-7.4602960" lon="110.4434590">
    <ele>2833.9</ele>
   </trkpt>
   <trkpt lat="-7.4602600" lon="110.4434280">
    <ele>2833.9</ele>
   </trkpt>
   <trkpt lat="-7.4602250" lon="110.4433980">
    <ele>2833.8</ele>
   </trkpt>
   <trkpt lat="-7.4601950" lon="110.4433670">
    <ele>2833.6</ele>
   </trkpt>
   <trkpt lat="-7.4601640" lon="110.4433290">
    <ele>2833.5</ele>
   </trkpt>
   <trkpt lat="-7.4601300" lon="110.4432910">
    <ele>2833.5</ele>
   </trkpt>
   <trkpt lat="-7.4600910" lon="110.4432680">
    <ele>2833.7</ele>
   </trkpt>
   <trkpt lat="-7.4600420" lon="110.4432450">
    <ele>2834.1</ele>
   </trkpt>
   <trkpt lat="-7.4599950" lon="110.4432140">
    <ele>2834.4</ele>
   </trkpt>
   <trkpt lat="-7.4599450" lon="110.4431920">
    <ele>2833.9</ele>
   </trkpt>
   <trkpt lat="-7.4599010" lon="110.4431610">
    <ele>2834.1</ele>
   </trkpt>
   <trkpt lat="-7.4598580" lon="110.4431300">
    <ele>2834.8</ele>
   </trkpt>
   <trkpt lat="-7.4597740" lon="110.4430770">
    <ele>2834.9</ele>
   </trkpt>
   <trkpt lat="-7.4597540" lon="110.4430470">
    <ele>2835.2</ele>
   </trkpt>
   <trkpt lat="-7.4597280" lon="110.4430160">
    <ele>2835.5</ele>
   </trkpt>
   <trkpt lat="-7.4597010" lon="110.4429860">
    <ele>2836.1</ele>
   </trkpt>
   <trkpt lat="-7.4596770" lon="110.4429320">
    <ele>2836.8</ele>
   </trkpt>
   <trkpt lat="-7.4596600" lon="110.4428790">
    <ele>2836.4</ele>
   </trkpt>
   <trkpt lat="-7.4596400" lon="110.4428250">
    <ele>2836.5</ele>
   </trkpt>
   <trkpt lat="-7.4596210" lon="110.4427720">
    <ele>2836.7</ele>
   </trkpt>
   <trkpt lat="-7.4596040" lon="110.4427190">
    <ele>2836.6</ele>
   </trkpt>
   <trkpt lat="-7.4595790" lon="110.4426650">
    <ele>2836.3</ele>
   </trkpt>
   <trkpt lat="-7.4595480" lon="110.4426270">
    <ele>2836.0</ele>
   </trkpt>
   <trkpt lat="-7.4595100" lon="110.4425960">
    <ele>2834.0</ele>
   </trkpt>
   <trkpt lat="-7.4594710" lon="110.4425660">
    <ele>2832.3</ele>
   </trkpt>
   <trkpt lat="-7.4594340" lon="110.4425350">
    <ele>2832.6</ele>
   </trkpt>
   <trkpt lat="-7.4593920" lon="110.4425050">
    <ele>2832.3</ele>
   </trkpt>
   <trkpt lat="-7.4593510" lon="110.4424820">
    <ele>2831.4</ele>
   </trkpt>
   <trkpt lat="-7.4593100" lon="110.4424510">
    <ele>2831.3</ele>
   </trkpt>
   <trkpt lat="-7.4592670" lon="110.4424210">
    <ele>2831.8</ele>
   </trkpt>
   <trkpt lat="-7.4592270" lon="110.4423830">
    <ele>2832.4</ele>
   </trkpt>
   <trkpt lat="-7.4591820" lon="110.4423600">
    <ele>2832.9</ele>
   </trkpt>
   <trkpt lat="-7.4591350" lon="110.4423370">
    <ele>2833.4</ele>
   </trkpt>
   <trkpt lat="-7.4590940" lon="110.4423140">
    <ele>2834.7</ele>
   </trkpt>
   <trkpt lat="-7.4590530" lon="110.4422910">
    <ele>2836.2</ele>
   </trkpt>
   <trkpt lat="-7.4590140" lon="110.4422680">
    <ele>2837.0</ele>
   </trkpt>
   <trkpt lat="-7.4589720" lon="110.4422380">
    <ele>2838.1</ele>
   </trkpt>
   <trkpt lat="-7.4589270" lon="110.4422380">
    <ele>2839.8</ele>
   </trkpt>
   <trkpt lat="-7.4588820" lon="110.4422150">
    <ele>2841.1</ele>
   </trkpt>
   <trkpt lat="-7.4588350" lon="110.4422070">
    <ele>2842.0</ele>
   </trkpt>
   <trkpt lat="-7.4587880" lon="110.4422070">
    <ele>2844.4</ele>
   </trkpt>
   <trkpt lat="-7.4587430" lon="110.4421770">
    <ele>2847.1</ele>
   </trkpt>
   <trkpt lat="-7.4586980" lon="110.4421690">
    <ele>2849.0</ele>
   </trkpt>
   <trkpt lat="-7.4586520" lon="110.4421620">
    <ele>2851.6</ele>
   </trkpt>
   <trkpt lat="-7.4586050" lon="110.4421540">
    <ele>2855.4</ele>
   </trkpt>
   <trkpt lat="-7.4585600" lon="110.4421460">
    <ele>2859.0</ele>
   </trkpt>
   <trkpt lat="-7.4585160" lon="110.4421230">
    <ele>2862.8</ele>
   </trkpt>
   <trkpt lat="-7.4584770" lon="110.4421010">
    <ele>2866.3</ele>
   </trkpt>
   <trkpt lat="-7.4584350" lon="110.4420780">
    <ele>2870.1</ele>
   </trkpt>
   <trkpt lat="-7.4583940" lon="110.4420550">
    <ele>2873.7</ele>
   </trkpt>
   <trkpt lat="-7.4583490" lon="110.4420550">
    <ele>2877.2</ele>
   </trkpt>
   <trkpt lat="-7.4583100" lon="110.4420320">
    <ele>2880.2</ele>
   </trkpt>
   <trkpt lat="-7.4582710" lon="110.4420090">
    <ele>2883.0</ele>
   </trkpt>
   <trkpt lat="-7.4582310" lon="110.4419780">
    <ele>2885.2</ele>
   </trkpt>
   <trkpt lat="-7.4581900" lon="110.4419560">
    <ele>2886.9</ele>
   </trkpt>
   <trkpt lat="-7.4581570" lon="110.4419250">
    <ele>2889.2</ele>
   </trkpt>
   <trkpt lat="-7.4581290" lon="110.4418870">
    <ele>2891.7</ele>
   </trkpt>
   <trkpt lat="-7.4580970" lon="110.4418560">
    <ele>2894.0</ele>
   </trkpt>
   <trkpt lat="-7.4580630" lon="110.4418180">
    <ele>2900.1</ele>
   </trkpt>
   <trkpt lat="-7.4580250" lon="110.4418180">
    <ele>2905.6</ele>
   </trkpt>
   <trkpt lat="-7.4579840" lon="110.4418260">
    <ele>2905.9</ele>
   </trkpt>
   <trkpt lat="-7.4579420" lon="110.4418260">
    <ele>2906.3</ele>
   </trkpt>
   <trkpt lat="-7.4578990" lon="110.4418180">
    <ele>2907.0</ele>
   </trkpt>
   <trkpt lat="-7.4578630" lon="110.4417880">
    <ele>2907.9</ele>
   </trkpt>
   <trkpt lat="-7.4578310" lon="110.4417500">
    <ele>2908.7</ele>
   </trkpt>
   <trkpt lat="-7.4577980" lon="110.4417110">
    <ele>2909.3</ele>
   </trkpt>
   <trkpt lat="-7.4577590" lon="110.4416890">
    <ele>2909.8</ele>
   </trkpt>
   <trkpt lat="-7.4577180" lon="110.4416580">
    <ele>2909.9</ele>
   </trkpt>
   <trkpt lat="-7.4576810" lon="110.4416280">
    <ele>2910.0</ele>
   </trkpt>
   <trkpt lat="-7.4576420" lon="110.4416050">
    <ele>2911.2</ele>
   </trkpt>
   <trkpt lat="-7.4575990" lon="110.4415820">
    <ele>2913.9</ele>
   </trkpt>
   <trkpt lat="-7.4575570" lon="110.4415590">
    <ele>2915.4</ele>
   </trkpt>
   <trkpt lat="-7.4575150" lon="110.4415360">
    <ele>2917.2</ele>
   </trkpt>
   <trkpt lat="-7.4574690" lon="110.4415280">
    <ele>2920.2</ele>
   </trkpt>
   <trkpt lat="-7.4574320" lon="110.4415050">
    <ele>2922.2</ele>
   </trkpt>
   <trkpt lat="-7.4573950" lon="110.4414750">
    <ele>2924.3</ele>
   </trkpt>
   <trkpt lat="-7.4573560" lon="110.4414520">
    <ele>2927.0</ele>
   </trkpt>
   <trkpt lat="-7.4573160" lon="110.4414220">
    <ele>2930.1</ele>
   </trkpt>
   <trkpt lat="-7.4572840" lon="110.4413990">
    <ele>2932.6</ele>
   </trkpt>
   <trkpt lat="-7.4572430" lon="110.4413760">
    <ele>2935.5</ele>
   </trkpt>
   <trkpt lat="-7.4572000" lon="110.4413530">
    <ele>2937.7</ele>
   </trkpt>
   <trkpt lat="-7.4571580" lon="110.4413300">
    <ele>2940.4</ele>
   </trkpt>
   <trkpt lat="-7.4571200" lon="110.4413070">
    <ele>2944.6</ele>
   </trkpt>
   <trkpt lat="-7.4570800" lon="110.4412840">
    <ele>2948.6</ele>
   </trkpt>
   <trkpt lat="-7.4570470" lon="110.4412540">
    <ele>2951.8</ele>
   </trkpt>
   <trkpt lat="-7.4570140" lon="110.4412230">
    <ele>2954.5</ele>
   </trkpt>
   <trkpt lat="-7.4569750" lon="110.4411930">
    <ele>2956.6</ele>
   </trkpt>
   <trkpt lat="-7.4569360" lon="110.4411700">
    <ele>2958.9</ele>
   </trkpt>
   <trkpt lat="-7.4568940" lon="110.4411390">
    <ele>2962.1</ele>
   </trkpt>
   <trkpt lat="-7.4568610" lon="110.4411090">
    <ele>2964.3</ele>
   </trkpt>
   <trkpt lat="-7.4568210" lon="110.4411010">
    <ele>2966.0</ele>
   </trkpt>
   <trkpt lat="-7.4567790" lon="110.4410780">
    <ele>2969.5</ele>
   </trkpt>
   <trkpt lat="-7.4567450" lon="110.4410480">
    <ele>2973.6</ele>
   </trkpt>
   <trkpt lat="-7.4567150" lon="110.4410170">
    <ele>2976.9</ele>
   </trkpt>
   <trkpt lat="-7.4566770" lon="110.4409940">
    <ele>2979.9</ele>
   </trkpt>
   <trkpt lat="-7.4566400" lon="110.4409710">
    <ele>2982.0</ele>
   </trkpt>
   <trkpt lat="-7.4566060" lon="110.4409410">
    <ele>2983.6</ele>
   </trkpt>
   <trkpt lat="-7.4565670" lon="110.4409030">
    <ele>2986.8</ele>
   </trkpt>
   <trkpt lat="-7.4565290" lon="110.4408720">
    <ele>2990.3</ele>
   </trkpt>
   <trkpt lat="-7.4564900" lon="110.4408490">
    <ele>2992.5</ele>
   </trkpt>
   <trkpt lat="-7.4564480" lon="110.4408260">
    <ele>2994.6</ele>
   </trkpt>
   <trkpt lat="-7.4564100" lon="110.4407960">
    <ele>2999.0</ele>
   </trkpt>
   <trkpt lat="-7.4563690" lon="110.4407650">
    <ele>3003.4</ele>
   </trkpt>
   <trkpt lat="-7.4563280" lon="110.4407350">
    <ele>3005.6</ele>
   </trkpt>
   <trkpt lat="-7.4562880" lon="110.4407120">
    <ele>3007.9</ele>
   </trkpt>
   <trkpt lat="-7.4562530" lon="110.4406810">
    <ele>3010.6</ele>
   </trkpt>
   <trkpt lat="-7.4562200" lon="110.4406510">
    <ele>3013.4</ele>
   </trkpt>
   <trkpt lat="-7.4561820" lon="110.4406200">
    <ele>3016.6</ele>
   </trkpt>
   <trkpt lat="-7.4561390" lon="110.4405980">
    <ele>3019.2</ele>
   </trkpt>
   <trkpt lat="-7.4560980" lon="110.4405900">
    <ele>3020.9</ele>
   </trkpt>
   <trkpt lat="-7.4560610" lon="110.4405590">
    <ele>3023.3</ele>
   </trkpt>
   <trkpt lat="-7.4560260" lon="110.4405290">
    <ele>3026.1</ele>
   </trkpt>
   <trkpt lat="-7.4559860" lon="110.4405060">
    <ele>3027.9</ele>
   </trkpt>
   <trkpt lat="-7.4559470" lon="110.4404750">
    <ele>3029.0</ele>
   </trkpt>
   <trkpt lat="-7.4559090" lon="110.4404450">
    <ele>3031.5</ele>
   </trkpt>
   <trkpt lat="-7.4558760" lon="110.4404070">
    <ele>3034.6</ele>
   </trkpt>
   <trkpt lat="-7.4558420" lon="110.4403760">
    <ele>3036.7</ele>
   </trkpt>
   <trkpt lat="-7.4558120" lon="110.4403460">
    <ele>3038.7</ele>
   </trkpt>
   <trkpt lat="-7.4557810" lon="110.4403080">
    <ele>3043.3</ele>
   </trkpt>
   <trkpt lat="-7.4557540" lon="110.4402690">
    <ele>3048.0</ele>
   </trkpt>
   <trkpt lat="-7.4557290" lon="110.4402160">
    <ele>3050.5</ele>
   </trkpt>
   <trkpt lat="-7.4556950" lon="110.4401780">
    <ele>3053.0</ele>
   </trkpt>
   <trkpt lat="-7.4556680" lon="110.4401470">
    <ele>3055.4</ele>
   </trkpt>
   <trkpt lat="-7.4556390" lon="110.4400940">
    <ele>3058.4</ele>
   </trkpt>
   <trkpt lat="-7.4556140" lon="110.4400560">
    <ele>3060.4</ele>
   </trkpt>
   <trkpt lat="-7.4555830" lon="110.4400180">
    <ele>3062.7</ele>
   </trkpt>
   <trkpt lat="-7.4555430" lon="110.4399950">
    <ele>3064.9</ele>
   </trkpt>
   <trkpt lat="-7.4555020" lon="110.4399870">
    <ele>3066.8</ele>
   </trkpt>
   <trkpt lat="-7.4554700" lon="110.4399490">
    <ele>3069.0</ele>
   </trkpt>
   <trkpt lat="-7.4554320" lon="110.4399260">
    <ele>3070.4</ele>
   </trkpt>
   <trkpt lat="-7.4553910" lon="110.4399030">
    <ele>3072.3</ele>
   </trkpt>
   <trkpt lat="-7.4553580" lon="110.4399110">
    <ele>3074.2</ele>
   </trkpt>
   <trkpt lat="-7.4553180" lon="110.4399030">
    <ele>3076.6</ele>
   </trkpt>
   <trkpt lat="-7.4552750" lon="110.4399030">
    <ele>3079.2</ele>
   </trkpt>
   <trkpt lat="-7.4552290" lon="110.4399030">
    <ele>3081.8</ele>
   </trkpt>
   <trkpt lat="-7.4551840" lon="110.4399110">
    <ele>3083.9</ele>
   </trkpt>
   <trkpt lat="-7.4551380" lon="110.4399110">
    <ele>3085.9</ele>
   </trkpt>
   <trkpt lat="-7.4550890" lon="110.4399190">
    <ele>3087.7</ele>
   </trkpt>
   <trkpt lat="-7.4550410" lon="110.4399260">
    <ele>3089.5</ele>
   </trkpt>
   <trkpt lat="-7.4549940" lon="110.4399340">
    <ele>3091.0</ele>
   </trkpt>
   <trkpt lat="-7.4549480" lon="110.4399340">
    <ele>3092.4</ele>
   </trkpt>
   <trkpt lat="-7.4549000" lon="110.4399260">
    <ele>3093.6</ele>
   </trkpt>
   <trkpt lat="-7.4548530" lon="110.4399260">
    <ele>3095.4</ele>
   </trkpt>
   <trkpt lat="-7.4548040" lon="110.4399260">
    <ele>3097.5</ele>
   </trkpt>
   <trkpt lat="-7.4547580" lon="110.4399260">
    <ele>3099.5</ele>
   </trkpt>
   <trkpt lat="-7.4547090" lon="110.4399340">
    <ele>3101.6</ele>
   </trkpt>
   <trkpt lat="-7.4546620" lon="110.4399410">
    <ele>3103.2</ele>
   </trkpt>
   <trkpt lat="-7.4546160" lon="110.4399640">
    <ele>3105.3</ele>
   </trkpt>
   <trkpt lat="-7.4545670" lon="110.4399870">
    <ele>3107.5</ele>
   </trkpt>
   <trkpt lat="-7.4545190" lon="110.4400100">
    <ele>3109.8</ele>
   </trkpt>
   <trkpt lat="-7.4544740" lon="110.4400180">
    <ele>3113.7</ele>
   </trkpt>
   <trkpt lat="-7.4544320" lon="110.4400480">
    <ele>3115.5</ele>
   </trkpt>
   <trkpt lat="-7.4543870" lon="110.4400710">
    <ele>3117.2</ele>
   </trkpt>
   <trkpt lat="-7.4543420" lon="110.4400790">
    <ele>3118.9</ele>
   </trkpt>
   <trkpt lat="-7.4542970" lon="110.4401020">
    <ele>3120.6</ele>
   </trkpt>
   <trkpt lat="-7.4542500" lon="110.4401090">
    <ele>3122.1</ele>
   </trkpt>
   <trkpt lat="-7.4542030" lon="110.4401170">
    <ele>3123.8</ele>
   </trkpt>
   <trkpt lat="-7.4541590" lon="110.4401400">
    <ele>3125.5</ele>
   </trkpt>
   <trkpt lat="-7.4541130" lon="110.4401400">
    <ele>3127.4</ele>
   </trkpt>
   <trkpt lat="-7.4540680" lon="110.4401630">
    <ele>3129.0</ele>
   </trkpt>
   <trkpt lat="-7.4540210" lon="110.4401700">
    <ele>3129.1</ele>
   </trkpt>
   <trkpt lat="-7.4539800" lon="110.4401930">
    <ele>3128.8</ele>
   </trkpt>
   <trkpt lat="-7.4539420" lon="110.4402240">
    <ele>3128.5</ele>
   </trkpt>
   <trkpt lat="-7.4539080" lon="110.4402540">
    <ele>3128.2</ele>
   </trkpt>
   <trkpt lat="-7.4538780" lon="110.4402850">
    <ele>3128.0</ele>
   </trkpt>
   <trkpt lat="-7.4538430" lon="110.4403150">
    <ele>3127.5</ele>
   </trkpt>
   <trkpt lat="-7.4538110" lon="110.4403460">
    <ele>3126.8</ele>
   </trkpt>
   <trkpt lat="-7.4537810" lon="110.4403840">
    <ele>3125.9</ele>
   </trkpt>
   <trkpt lat="-7.4537470" lon="110.4404140">
    <ele>3125.0</ele>
   </trkpt>
   <trkpt lat="-7.4537270" lon="110.4404680">
    <ele>3123.7</ele>
   </trkpt>
   <trkpt lat="-7.4537120" lon="110.4404980">
    <ele>3122.9</ele>
   </trkpt>
   <trkpt lat="-7.4536970" lon="110.4405520">
    <ele>3121.4</ele>
   </trkpt>
   <trkpt lat="-7.4536970" lon="110.4405290">
    <ele>3121.9</ele>
   </trkpt>
   <trkpt lat="-7.4537010" lon="110.4404980">
    <ele>3122.6</ele>
   </trkpt>
   <trkpt lat="-7.4537210" lon="110.4404680">
    <ele>3123.5</ele>
   </trkpt>
   <trkpt lat="-7.4537530" lon="110.4404450">
    <ele>3124.4</ele>
   </trkpt>
   <trkpt lat="-7.4537750" lon="110.4404070">
    <ele>3125.3</ele>
   </trkpt>
   <trkpt lat="-7.4538070" lon="110.4403760">
    <ele>3126.2</ele>
   </trkpt>
   <trkpt lat="-7.4538430" lon="110.4403460">
    <ele>3127.0</ele>
   </trkpt>
   <trkpt lat="-7.4538750" lon="110.4403150">
    <ele>3127.6</ele>
   </trkpt>
   <trkpt lat="-7.4539060" lon="110.4402850">
    <ele>3128.0</ele>
   </trkpt>
   <trkpt lat="-7.4539440" lon="110.4402540">
    <ele>3128.3</ele>
   </trkpt>
   <trkpt lat="-7.4539760" lon="110.4402310">
    <ele>3128.5</ele>
   </trkpt>
   <trkpt lat="-7.4540150" lon="110.4402010">
    <ele>3128.8</ele>
   </trkpt>
   <trkpt lat="-7.4540580" lon="110.4401780">
    <ele>3129.1</ele>
   </trkpt>
   <trkpt lat="-7.4540990" lon="110.4401700">
    <ele>3129.0</ele>
   </trkpt>
   <trkpt lat="-7.4541440" lon="110.4401470">
    <ele>3127.5</ele>
   </trkpt>
   <trkpt lat="-7.4541920" lon="110.4401400">
    <ele>3125.8</ele>
   </trkpt>
   <trkpt lat="-7.4542410" lon="110.4401320">
    <ele>3124.3</ele>
   </trkpt>
   <trkpt lat="-7.4542890" lon="110.4401090">
    <ele>3122.8</ele>
   </trkpt>
   <trkpt lat="-7.4543370" lon="110.4401020">
    <ele>3121.3</ele>
   </trkpt>
   <trkpt lat="-7.4543870" lon="110.4400790">
    <ele>3119.7</ele>
   </trkpt>
   <trkpt lat="-7.4544340" lon="110.4400560">
    <ele>3116.6</ele>
   </trkpt>
   <trkpt lat="-7.4544790" lon="110.4400480">
    <ele>3114.8</ele>
   </trkpt>
   <trkpt lat="-7.4545270" lon="110.4400180">
    <ele>3112.7</ele>
   </trkpt>
   <trkpt lat="-7.4545760" lon="110.4400100">
    <ele>3110.5</ele>
   </trkpt>
   <trkpt lat="-7.4546220" lon="110.4399870">
    <ele>3108.3</ele>
   </trkpt>
   <trkpt lat="-7.4546700" lon="110.4399640">
    <ele>3106.4</ele>
   </trkpt>
   <trkpt lat="-7.4547170" lon="110.4399410">
    <ele>3104.5</ele>
   </trkpt>
   <trkpt lat="-7.4547650" lon="110.4399410">
    <ele>3102.8</ele>
   </trkpt>
   <trkpt lat="-7.4548160" lon="110.4399340">
    <ele>3099.5</ele>
   </trkpt>
   <trkpt lat="-7.4548640" lon="110.4399340">
    <ele>3097.5</ele>
   </trkpt>
   <trkpt lat="-7.4549130" lon="110.4399340">
    <ele>3095.3</ele>
   </trkpt>
   <trkpt lat="-7.4549610" lon="110.4399340">
    <ele>3093.5</ele>
   </trkpt>
   <trkpt lat="-7.4550080" lon="110.4399340">
    <ele>3092.3</ele>
   </trkpt>
   <trkpt lat="-7.4550590" lon="110.4399340">
    <ele>3090.7</ele>
   </trkpt>
   <trkpt lat="-7.4551110" lon="110.4399260">
    <ele>3088.9</ele>
   </trkpt>
   <trkpt lat="-7.4551620" lon="110.4399190">
    <ele>3087.0</ele>
   </trkpt>
   <trkpt lat="-7.4552140" lon="110.4399110">
    <ele>3084.9</ele>
   </trkpt>
   <trkpt lat="-7.4552630" lon="110.4399110">
    <ele>3082.6</ele>
   </trkpt>
   <trkpt lat="-7.4553070" lon="110.4399340">
    <ele>3079.9</ele>
   </trkpt>
   <trkpt lat="-7.4553520" lon="110.4399410">
    <ele>3077.1</ele>
   </trkpt>
   <trkpt lat="-7.4553970" lon="110.4399410">
    <ele>3074.5</ele>
   </trkpt>
   <trkpt lat="-7.4554370" lon="110.4399640">
    <ele>3071.7</ele>
   </trkpt>
   <trkpt lat="-7.4554820" lon="110.4399720">
    <ele>3070.1</ele>
   </trkpt>
   <trkpt lat="-7.4555260" lon="110.4399800">
    <ele>3068.6</ele>
   </trkpt>
   <trkpt lat="-7.4555620" lon="110.4400100">
    <ele>3066.4</ele>
   </trkpt>
   <trkpt lat="-7.4555870" lon="110.4400410">
    <ele>3064.5</ele>
   </trkpt>
   <trkpt lat="-7.4556180" lon="110.4400790">
    <ele>3062.2</ele>
   </trkpt>
   <trkpt lat="-7.4556500" lon="110.4401090">
    <ele>3060.1</ele>
   </trkpt>
   <trkpt lat="-7.4556780" lon="110.4401470">
    <ele>3058.0</ele>
   </trkpt>
   <trkpt lat="-7.4557060" lon="110.4401860">
    <ele>3055.5</ele>
   </trkpt>
   <trkpt lat="-7.4557340" lon="110.4402240">
    <ele>3052.6</ele>
   </trkpt>
   <trkpt lat="-7.4557660" lon="110.4402620">
    <ele>3050.2</ele>
   </trkpt>
   <trkpt lat="-7.4557920" lon="110.4403150">
    <ele>3047.3</ele>
   </trkpt>
   <trkpt lat="-7.4558200" lon="110.4403460">
    <ele>3043.0</ele>
   </trkpt>
   <trkpt lat="-7.4558520" lon="110.4403840">
    <ele>3038.5</ele>
   </trkpt>
   <trkpt lat="-7.4558870" lon="110.4404220">
    <ele>3036.0</ele>
   </trkpt>
   <trkpt lat="-7.4559220" lon="110.4404530">
    <ele>3033.5</ele>
   </trkpt>
   <trkpt lat="-7.4559600" lon="110.4404830">
    <ele>3030.5</ele>
   </trkpt>
   <trkpt lat="-7.4559970" lon="110.4405140">
    <ele>3028.6</ele>
   </trkpt>
   <trkpt lat="-7.4560340" lon="110.4405440">
    <ele>3027.5</ele>
   </trkpt>
   <trkpt lat="-7.4560770" lon="110.4405750">
    <ele>3024.7</ele>
   </trkpt>
   <trkpt lat="-7.4561230" lon="110.4406050">
    <ele>3021.4</ele>
   </trkpt>
   <trkpt lat="-7.4561700" lon="110.4406130">
    <ele>3019.5</ele>
   </trkpt>
   <trkpt lat="-7.4562040" lon="110.4406510">
    <ele>3016.8</ele>
   </trkpt>
   <trkpt lat="-7.4562430" lon="110.4406810">
    <ele>3013.5</ele>
   </trkpt>
   <trkpt lat="-7.4562830" lon="110.4407120">
    <ele>3010.3</ele>
   </trkpt>
   <trkpt lat="-7.4563200" lon="110.4407350">
    <ele>3007.7</ele>
   </trkpt>
   <trkpt lat="-7.4563590" lon="110.4407650">
    <ele>3005.3</ele>
   </trkpt>
   <trkpt lat="-7.4564040" lon="110.4407880">
    <ele>3003.0</ele>
   </trkpt>
   <trkpt lat="-7.4564450" lon="110.4408190">
    <ele>2998.2</ele>
   </trkpt>
   <trkpt lat="-7.4564810" lon="110.4408420">
    <ele>2994.4</ele>
   </trkpt>
   <trkpt lat="-7.4565250" lon="110.4408720">
    <ele>2992.0</ele>
   </trkpt>
   <trkpt lat="-7.4565690" lon="110.4408950">
    <ele>2989.1</ele>
   </trkpt>
   <trkpt lat="-7.4565990" lon="110.4409330">
    <ele>2985.6</ele>
   </trkpt>
   <trkpt lat="-7.4566400" lon="110.4409560">
    <ele>2983.2</ele>
   </trkpt>
   <trkpt lat="-7.4566690" lon="110.4409870">
    <ele>2981.7</ele>
   </trkpt>
   <trkpt lat="-7.4567070" lon="110.4410170">
    <ele>2979.0</ele>
   </trkpt>
   <trkpt lat="-7.4567470" lon="110.4410400">
    <ele>2975.8</ele>
   </trkpt>
   <trkpt lat="-7.4567900" lon="110.4410630">
    <ele>2971.4</ele>
   </trkpt>
   <trkpt lat="-7.4568290" lon="110.4410930">
    <ele>2966.8</ele>
   </trkpt>
   <trkpt lat="-7.4568700" lon="110.4411160">
    <ele>2964.8</ele>
   </trkpt>
   <trkpt lat="-7.4569100" lon="110.4411470">
    <ele>2962.4</ele>
   </trkpt>
   <trkpt lat="-7.4569490" lon="110.4411770">
    <ele>2959.3</ele>
   </trkpt>
   <trkpt lat="-7.4569880" lon="110.4412080">
    <ele>2956.6</ele>
   </trkpt>
   <trkpt lat="-7.4570300" lon="110.4412380">
    <ele>2954.4</ele>
   </trkpt>
   <trkpt lat="-7.4570740" lon="110.4412610">
    <ele>2951.2</ele>
   </trkpt>
   <trkpt lat="-7.4571170" lon="110.4412840">
    <ele>2947.6</ele>
   </trkpt>
   <trkpt lat="-7.4571580" lon="110.4413150">
    <ele>2942.7</ele>
   </trkpt>
   <trkpt lat="-7.4571940" lon="110.4413450">
    <ele>2938.7</ele>
   </trkpt>
   <trkpt lat="-7.4572350" lon="110.4413760">
    <ele>2936.4</ele>
   </trkpt>
   <trkpt lat="-7.4572760" lon="110.4414060">
    <ele>2933.7</ele>
   </trkpt>
   <trkpt lat="-7.4573180" lon="110.4414290">
    <ele>2930.5</ele>
   </trkpt>
   <trkpt lat="-7.4573590" lon="110.4414600">
    <ele>2927.2</ele>
   </trkpt>
   <trkpt lat="-7.4574000" lon="110.4414900">
    <ele>2924.1</ele>
   </trkpt>
   <trkpt lat="-7.4574460" lon="110.4415130">
    <ele>2921.9</ele>
   </trkpt>
   <trkpt lat="-7.4574900" lon="110.4415210">
    <ele>2919.5</ele>
   </trkpt>
   <trkpt lat="-7.4575330" lon="110.4415440">
    <ele>2916.4</ele>
   </trkpt>
   <trkpt lat="-7.4575740" lon="110.4415740">
    <ele>2914.9</ele>
   </trkpt>
   <trkpt lat="-7.4576130" lon="110.4416050">
    <ele>2912.8</ele>
   </trkpt>
   <trkpt lat="-7.4576560" lon="110.4416280">
    <ele>2910.0</ele>
   </trkpt>
   <trkpt lat="-7.4577050" lon="110.4416500">
    <ele>2909.9</ele>
   </trkpt>
   <trkpt lat="-7.4577540" lon="110.4416730">
    <ele>2909.9</ele>
   </trkpt>
   <trkpt lat="-7.4577860" lon="110.4417040">
    <ele>2909.5</ele>
   </trkpt>
   <trkpt lat="-7.4578210" lon="110.4417340">
    <ele>2909.0</ele>
   </trkpt>
   <trkpt lat="-7.4578510" lon="110.4417720">
    <ele>2908.5</ele>
   </trkpt>
   <trkpt lat="-7.4578920" lon="110.4417950">
    <ele>2907.7</ele>
   </trkpt>
   <trkpt lat="-7.4579380" lon="110.4418180">
    <ele>2906.8</ele>
   </trkpt>
   <trkpt lat="-7.4579810" lon="110.4418110">
    <ele>2906.2</ele>
   </trkpt>
   <trkpt lat="-7.4580230" lon="110.4418330">
    <ele>2905.8</ele>
   </trkpt>
   <trkpt lat="-7.4580600" lon="110.4418410">
    <ele>2905.5</ele>
   </trkpt>
   <trkpt lat="-7.4580960" lon="110.4418720">
    <ele>2904.4</ele>
   </trkpt>
   <trkpt lat="-7.4581270" lon="110.4419020">
    <ele>2903.2</ele>
   </trkpt>
   <trkpt lat="-7.4581550" lon="110.4419400">
    <ele>2901.9</ele>
   </trkpt>
   <trkpt lat="-7.4581930" lon="110.4419710">
    <ele>2897.8</ele>
   </trkpt>
   <trkpt lat="-7.4582340" lon="110.4420010">
    <ele>2893.8</ele>
   </trkpt>
   <trkpt lat="-7.4582720" lon="110.4420320">
    <ele>2889.9</ele>
   </trkpt>
   <trkpt lat="-7.4583140" lon="110.4420550">
    <ele>2885.7</ele>
   </trkpt>
   <trkpt lat="-7.4583570" lon="110.4420620">
    <ele>2881.6</ele>
   </trkpt>
   <trkpt lat="-7.4584040" lon="110.4420850">
    <ele>2876.9</ele>
   </trkpt>
   <trkpt lat="-7.4584440" lon="110.4421080">
    <ele>2872.1</ele>
   </trkpt>
   <trkpt lat="-7.4584860" lon="110.4421390">
    <ele>2866.8</ele>
   </trkpt>
   <trkpt lat="-7.4585310" lon="110.4421620">
    <ele>2861.9</ele>
   </trkpt>
   <trkpt lat="-7.4585780" lon="110.4421840">
    <ele>2857.1</ele>
   </trkpt>
   <trkpt lat="-7.4586230" lon="110.4421920">
    <ele>2852.7</ele>
   </trkpt>
   <trkpt lat="-7.4586700" lon="110.4422000">
    <ele>2849.5</ele>
   </trkpt>
   <trkpt lat="-7.4587130" lon="110.4422230">
    <ele>2847.6</ele>
   </trkpt>
   <trkpt lat="-7.4587570" lon="110.4422450">
    <ele>2845.3</ele>
   </trkpt>
   <trkpt lat="-7.4587990" lon="110.4422450">
    <ele>2843.0</ele>
   </trkpt>
   <trkpt lat="-7.4588470" lon="110.4422530">
    <ele>2841.5</ele>
   </trkpt>
   <trkpt lat="-7.4588950" lon="110.4422530">
    <ele>2840.6</ele>
   </trkpt>
   <trkpt lat="-7.4589410" lon="110.4422530">
    <ele>2838.9</ele>
   </trkpt>
   <trkpt lat="-7.4589860" lon="110.4422530">
    <ele>2837.4</ele>
   </trkpt>
   <trkpt lat="-7.4590290" lon="110.4422760">
    <ele>2836.7</ele>
   </trkpt>
   <trkpt lat="-7.4590770" lon="110.4422990">
    <ele>2835.4</ele>
   </trkpt>
   <trkpt lat="-7.4591260" lon="110.4423070">
    <ele>2833.7</ele>
   </trkpt>
   <trkpt lat="-7.4591660" lon="110.4423370">
    <ele>2833.1</ele>
   </trkpt>
   <trkpt lat="-7.4592070" lon="110.4423680">
    <ele>2832.6</ele>
   </trkpt>
   <trkpt lat="-7.4592460" lon="110.4423980">
    <ele>2832.1</ele>
   </trkpt>
   <trkpt lat="-7.4592890" lon="110.4424290">
    <ele>2831.6</ele>
   </trkpt>
   <trkpt lat="-7.4593300" lon="110.4424590">
    <ele>2831.2</ele>
   </trkpt>
   <trkpt lat="-7.4593730" lon="110.4424900">
    <ele>2831.9</ele>
   </trkpt>
   <trkpt lat="-7.4594180" lon="110.4425200">
    <ele>2832.7</ele>
   </trkpt>
   <trkpt lat="-7.4594640" lon="110.4425510">
    <ele>2832.4</ele>
   </trkpt>
   <trkpt lat="-7.4595030" lon="110.4425810">
    <ele>2833.4</ele>
   </trkpt>
   <trkpt lat="-7.4595390" lon="110.4426120">
    <ele>2835.4</ele>
   </trkpt>
   <trkpt lat="-7.4595690" lon="110.4426650">
    <ele>2836.3</ele>
   </trkpt>
   <trkpt lat="-7.4595850" lon="110.4427030">
    <ele>2836.6</ele>
   </trkpt>
   <trkpt lat="-7.4595950" lon="110.4427570">
    <ele>2836.7</ele>
   </trkpt>
   <trkpt lat="-7.4596060" lon="110.4428180">
    <ele>2836.6</ele>
   </trkpt>
   <trkpt lat="-7.4596200" lon="110.4428710">
    <ele>2836.3</ele>
   </trkpt>
   <trkpt lat="-7.4596360" lon="110.4429240">
    <ele>2836.6</ele>
   </trkpt>
   <trkpt lat="-7.4596620" lon="110.4429630">
    <ele>2836.7</ele>
   </trkpt>
   <trkpt lat="-7.4596920" lon="110.4430010">
    <ele>2835.9</ele>
   </trkpt>
   <trkpt lat="-7.4597270" lon="110.4430310">
    <ele>2835.4</ele>
   </trkpt>
   <trkpt lat="-7.4597700" lon="110.4430690">
    <ele>2834.9</ele>
   </trkpt>
   <trkpt lat="-7.4598100" lon="110.4431080">
    <ele>2834.8</ele>
   </trkpt>
   <trkpt lat="-7.4598550" lon="110.4431380">
    <ele>2834.7</ele>
   </trkpt>
   <trkpt lat="-7.4599000" lon="110.4431610">
    <ele>2834.0</ele>
   </trkpt>
   <trkpt lat="-7.4599410" lon="110.4431690">
    <ele>2833.8</ele>
   </trkpt>
   <trkpt lat="-7.4599890" lon="110.4431990">
    <ele>2834.3</ele>
   </trkpt>
   <trkpt lat="-7.4600360" lon="110.4432300">
    <ele>2834.2</ele>
   </trkpt>
   <trkpt lat="-7.4600790" lon="110.4432680">
    <ele>2833.8</ele>
   </trkpt>
   <trkpt lat="-7.4601140" lon="110.4433060">
    <ele>2833.5</ele>
   </trkpt>
   <trkpt lat="-7.4601550" lon="110.4433440">
    <ele>2833.5</ele>
   </trkpt>
   <trkpt lat="-7.4601940" lon="110.4433750">
    <ele>2833.7</ele>
   </trkpt>
   <trkpt lat="-7.4602330" lon="110.4434050">
    <ele>2833.8</ele>
   </trkpt>
   <trkpt lat="-7.4602740" lon="110.4434360">
    <ele>2834.0</ele>
   </trkpt>
   <trkpt lat="-7.4603140" lon="110.4434660">
    <ele>2833.9</ele>
   </trkpt>
   <trkpt lat="-7.4603510" lon="110.4435040">
    <ele>2833.8</ele>
   </trkpt>
   <trkpt lat="-7.4603890" lon="110.4435350">
    <ele>2833.7</ele>
   </trkpt>
   <trkpt lat="-7.4604280" lon="110.4435730">
    <ele>2833.0</ele>
   </trkpt>
   <trkpt lat="-7.4604710" lon="110.4436040">
    <ele>2832.1</ele>
   </trkpt>
   <trkpt lat="-7.4605140" lon="110.4436340">
    <ele>2832.0</ele>
   </trkpt>
   <trkpt lat="-7.4605570" lon="110.4436650">
    <ele>2831.6</ele>
   </trkpt>
   <trkpt lat="-7.4605940" lon="110.4436950">
    <ele>2831.2</ele>
   </trkpt>
   <trkpt lat="-7.4606330" lon="110.4437260">
    <ele>2831.1</ele>
   </trkpt>
   <trkpt lat="-7.4606740" lon="110.4437560">
    <ele>2831.1</ele>
   </trkpt>
   <trkpt lat="-7.4607170" lon="110.4437790">
    <ele>2831.3</ele>
   </trkpt>
   <trkpt lat="-7.4607600" lon="110.4438100">
    <ele>2832.0</ele>
   </trkpt>
   <trkpt lat="-7.4608070" lon="110.4438320">
    <ele>2832.9</ele>
   </trkpt>
   <trkpt lat="-7.4608550" lon="110.4438400">
    <ele>2833.9</ele>
   </trkpt>
   <trkpt lat="-7.4609040" lon="110.4438400">
    <ele>2835.0</ele>
   </trkpt>
   <trkpt lat="-7.4609530" lon="110.4438480">
    <ele>2835.1</ele>
   </trkpt>
   <trkpt lat="-7.4610020" lon="110.4438550">
    <ele>2834.8</ele>
   </trkpt>
   <trkpt lat="-7.4610520" lon="110.4438630">
    <ele>2834.5</ele>
   </trkpt>
   <trkpt lat="-7.4611020" lon="110.4438710">
    <ele>2834.1</ele>
   </trkpt>
   <trkpt lat="-7.4611510" lon="110.4438930">
    <ele>2833.3</ele>
   </trkpt>
   <trkpt lat="-7.4611980" lon="110.4438930">
    <ele>2832.6</ele>
   </trkpt>
   <trkpt lat="-7.4612470" lon="110.4439010">
    <ele>2831.9</ele>
   </trkpt>
   <trkpt lat="-7.4612960" lon="110.4439240">
    <ele>2831.2</ele>
   </trkpt>
   <trkpt lat="-7.4613440" lon="110.4439320">
    <ele>2831.0</ele>
   </trkpt>
   <trkpt lat="-7.4613880" lon="110.4439540">
    <ele>2830.6</ele>
   </trkpt>
   <trkpt lat="-7.4614310" lon="110.4439850">
    <ele>2829.7</ele>
   </trkpt>
   <trkpt lat="-7.4614680" lon="110.4440160">
    <ele>2829.5</ele>
   </trkpt>
   <trkpt lat="-7.4615060" lon="110.4440380">
    <ele>2830.2</ele>
   </trkpt>
   <trkpt lat="-7.4615490" lon="110.4440690">
    <ele>2830.9</ele>
   </trkpt>
   <trkpt lat="-7.4615930" lon="110.4440920">
    <ele>2831.1</ele>
   </trkpt>
   <trkpt lat="-7.4616390" lon="110.4441150">
    <ele>2831.0</ele>
   </trkpt>
   <trkpt lat="-7.4616860" lon="110.4441380">
    <ele>2830.3</ele>
   </trkpt>
   <trkpt lat="-7.4617300" lon="110.4441380">
    <ele>2829.8</ele>
   </trkpt>
   <trkpt lat="-7.4617780" lon="110.4441450">
    <ele>2829.3</ele>
   </trkpt>
   <trkpt lat="-7.4618250" lon="110.4441450">
    <ele>2827.7</ele>
   </trkpt>
   <trkpt lat="-7.4618700" lon="110.4441680">
    <ele>2825.5</ele>
   </trkpt>
   <trkpt lat="-7.4619150" lon="110.4441910">
    <ele>2822.5</ele>
   </trkpt>
   <trkpt lat="-7.4619580" lon="110.4441990">
    <ele>2820.0</ele>
   </trkpt>
   <trkpt lat="-7.4620040" lon="110.4442060">
    <ele>2817.3</ele>
   </trkpt>
   <trkpt lat="-7.4620440" lon="110.4442290">
    <ele>2814.7</ele>
   </trkpt>
   <trkpt lat="-7.4620870" lon="110.4442370">
    <ele>2813.4</ele>
   </trkpt>
   <trkpt lat="-7.4621310" lon="110.4442600">
    <ele>2811.8</ele>
   </trkpt>
   <trkpt lat="-7.4621750" lon="110.4442900">
    <ele>2809.3</ele>
   </trkpt>
   <trkpt lat="-7.4622200" lon="110.4443130">
    <ele>2806.9</ele>
   </trkpt>
   <trkpt lat="-7.4622630" lon="110.4443050">
    <ele>2804.7</ele>
   </trkpt>
   <trkpt lat="-7.4623090" lon="110.4443050">
    <ele>2802.5</ele>
   </trkpt>
   <trkpt lat="-7.4623560" lon="110.4443050">
    <ele>2800.6</ele>
   </trkpt>
   <trkpt lat="-7.4623930" lon="110.4443280">
    <ele>2798.8</ele>
   </trkpt>
   <trkpt lat="-7.4624220" lon="110.4443590">
    <ele>2797.1</ele>
   </trkpt>
   <trkpt lat="-7.4624620" lon="110.4443890">
    <ele>2794.7</ele>
   </trkpt>
   <trkpt lat="-7.4625010" lon="110.4444200">
    <ele>2791.9</ele>
   </trkpt>
   <trkpt lat="-7.4625380" lon="110.4444500">
    <ele>2789.9</ele>
   </trkpt>
   <trkpt lat="-7.4625770" lon="110.4444890">
    <ele>2788.1</ele>
   </trkpt>
   <trkpt lat="-7.4626130" lon="110.4445190">
    <ele>2786.1</ele>
   </trkpt>
   <trkpt lat="-7.4626540" lon="110.4445500">
    <ele>2783.9</ele>
   </trkpt>
   <trkpt lat="-7.4626950" lon="110.4445800">
    <ele>2780.9</ele>
   </trkpt>
   <trkpt lat="-7.4627370" lon="110.4445880">
    <ele>2778.5</ele>
   </trkpt>
   <trkpt lat="-7.4627820" lon="110.4446110">
    <ele>2776.0</ele>
   </trkpt>
   <trkpt lat="-7.4628260" lon="110.4446330">
    <ele>2773.7</ele>
   </trkpt>
   <trkpt lat="-7.4628630" lon="110.4446560">
    <ele>2771.7</ele>
   </trkpt>
   <trkpt lat="-7.4629010" lon="110.4446870">
    <ele>2769.5</ele>
   </trkpt>
   <trkpt lat="-7.4629430" lon="110.4447170">
    <ele>2767.1</ele>
   </trkpt>
   <trkpt lat="-7.4629870" lon="110.4447250">
    <ele>2765.7</ele>
   </trkpt>
   <trkpt lat="-7.4630280" lon="110.4447480">
    <ele>2764.5</ele>
   </trkpt>
   <trkpt lat="-7.4630680" lon="110.4447860">
    <ele>2762.4</ele>
   </trkpt>
   <trkpt lat="-7.4631080" lon="110.4448090">
    <ele>2760.4</ele>
   </trkpt>
   <trkpt lat="-7.4631510" lon="110.4448390">
    <ele>2758.5</ele>
   </trkpt>
   <trkpt lat="-7.4631890" lon="110.4448700">
    <ele>2756.8</ele>
   </trkpt>
   <trkpt lat="-7.4632300" lon="110.4449010">
    <ele>2755.2</ele>
   </trkpt>
   <trkpt lat="-7.4632730" lon="110.4449230">
    <ele>2753.8</ele>
   </trkpt>
   <trkpt lat="-7.4633170" lon="110.4449460">
    <ele>2752.9</ele>
   </trkpt>
   <trkpt lat="-7.4633640" lon="110.4449690">
    <ele>2751.4</ele>
   </trkpt>
   <trkpt lat="-7.4634120" lon="110.4449770">
    <ele>2749.7</ele>
   </trkpt>
   <trkpt lat="-7.4634590" lon="110.4449840">
    <ele>2748.2</ele>
   </trkpt>
   <trkpt lat="-7.4635100" lon="110.4450070">
    <ele>2746.5</ele>
   </trkpt>
   <trkpt lat="-7.4635590" lon="110.4450070">
    <ele>2744.8</ele>
   </trkpt>
   <trkpt lat="-7.4636090" lon="110.4450150">
    <ele>2743.4</ele>
   </trkpt>
   <trkpt lat="-7.4636610" lon="110.4450070">
    <ele>2742.7</ele>
   </trkpt>
   <trkpt lat="-7.4637140" lon="110.4450000">
    <ele>2742.2</ele>
   </trkpt>
   <trkpt lat="-7.4637650" lon="110.4449920">
    <ele>2741.9</ele>
   </trkpt>
   <trkpt lat="-7.4638140" lon="110.4449920">
    <ele>2742.1</ele>
   </trkpt>
   <trkpt lat="-7.4638660" lon="110.4449920">
    <ele>2742.4</ele>
   </trkpt>
   <trkpt lat="-7.4639140" lon="110.4450000">
    <ele>2744.0</ele>
   </trkpt>
   <trkpt lat="-7.4639610" lon="110.4450230">
    <ele>2745.7</ele>
   </trkpt>
   <trkpt lat="-7.4640060" lon="110.4450300">
    <ele>2747.3</ele>
   </trkpt>
   <trkpt lat="-7.4640550" lon="110.4450530">
    <ele>2749.7</ele>
   </trkpt>
   <trkpt lat="-7.4640980" lon="110.4450840">
    <ele>2752.7</ele>
   </trkpt>
   <trkpt lat="-7.4641390" lon="110.4451140">
    <ele>2755.1</ele>
   </trkpt>
   <trkpt lat="-7.4641780" lon="110.4451450">
    <ele>2757.4</ele>
   </trkpt>
   <trkpt lat="-7.4642650" lon="110.4452060">
    <ele>2761.5</ele>
   </trkpt>
   <trkpt lat="-7.4642880" lon="110.4452060">
    <ele>2762.0</ele>
   </trkpt>
   <trkpt lat="-7.4643290" lon="110.4452130">
    <ele>2763.0</ele>
   </trkpt>
   <trkpt lat="-7.4643740" lon="110.4452210">
    <ele>2763.8</ele>
   </trkpt>
   <trkpt lat="-7.4644170" lon="110.4452290">
    <ele>2764.3</ele>
   </trkpt>
   <trkpt lat="-7.4644640" lon="110.4452290">
    <ele>2764.3</ele>
   </trkpt>
   <trkpt lat="-7.4645130" lon="110.4452510">
    <ele>2763.9</ele>
   </trkpt>
   <trkpt lat="-7.4645660" lon="110.4452590">
    <ele>2763.4</ele>
   </trkpt>
   <trkpt lat="-7.4646160" lon="110.4452590">
    <ele>2762.9</ele>
   </trkpt>
   <trkpt lat="-7.4646640" lon="110.4452590">
    <ele>2762.0</ele>
   </trkpt>
   <trkpt lat="-7.4647150" lon="110.4452670">
    <ele>2761.2</ele>
   </trkpt>
   <trkpt lat="-7.4647670" lon="110.4452670">
    <ele>2760.6</ele>
   </trkpt>
   <trkpt lat="-7.4648190" lon="110.4452740">
    <ele>2760.1</ele>
   </trkpt>
   <trkpt lat="-7.4648680" lon="110.4452820">
    <ele>2759.6</ele>
   </trkpt>
   <trkpt lat="-7.4649140" lon="110.4452820">
    <ele>2759.5</ele>
   </trkpt>
   <trkpt lat="-7.4649580" lon="110.4453050">
    <ele>2759.3</ele>
   </trkpt>
   <trkpt lat="-7.4650000" lon="110.4453130">
    <ele>2759.1</ele>
   </trkpt>
   <trkpt lat="-7.4650480" lon="110.4453350">
    <ele>2758.9</ele>
   </trkpt>
   <trkpt lat="-7.4650970" lon="110.4453350">
    <ele>2758.8</ele>
   </trkpt>
   <trkpt lat="-7.4651450" lon="110.4453350">
    <ele>2758.6</ele>
   </trkpt>
   <trkpt lat="-7.4651980" lon="110.4453350">
    <ele>2758.5</ele>
   </trkpt>
   <trkpt lat="-7.4652470" lon="110.4453280">
    <ele>2758.2</ele>
   </trkpt>
   <trkpt lat="-7.4652930" lon="110.4453280">
    <ele>2757.7</ele>
   </trkpt>
   <trkpt lat="-7.4653400" lon="110.4453200">
    <ele>2757.0</ele>
   </trkpt>
   <trkpt lat="-7.4653850" lon="110.4453200">
    <ele>2756.2</ele>
   </trkpt>
   <trkpt lat="-7.4654320" lon="110.4453130">
    <ele>2755.4</ele>
   </trkpt>
   <trkpt lat="-7.4654800" lon="110.4453050">
    <ele>2754.5</ele>
   </trkpt>
   <trkpt lat="-7.4655280" lon="110.4453050">
    <ele>2753.5</ele>
   </trkpt>
   <trkpt lat="-7.4655730" lon="110.4452820">
    <ele>2752.5</ele>
   </trkpt>
   <trkpt lat="-7.4656170" lon="110.4452590">
    <ele>2750.7</ele>
   </trkpt>
   <trkpt lat="-7.4656600" lon="110.4452290">
    <ele>2748.0</ele>
   </trkpt>
   <trkpt lat="-7.4657030" lon="110.4452060">
    <ele>2746.9</ele>
   </trkpt>
   <trkpt lat="-7.4657430" lon="110.4451750">
    <ele>2746.6</ele>
   </trkpt>
   <trkpt lat="-7.4657690" lon="110.4451370">
    <ele>2745.5</ele>
   </trkpt>
   <trkpt lat="-7.4657830" lon="110.4451070">
    <ele>2744.6</ele>
   </trkpt>
   <trkpt lat="-7.4658140" lon="110.4450840">
    <ele>2743.9</ele>
   </trkpt>
   <trkpt lat="-7.4658530" lon="110.4450840">
    <ele>2743.6</ele>
   </trkpt>
   <trkpt lat="-7.4658930" lon="110.4451070">
    <ele>2742.7</ele>
   </trkpt>
   <trkpt lat="-7.4659270" lon="110.4450990">
    <ele>2741.5</ele>
   </trkpt>
   <trkpt lat="-7.4659680" lon="110.4450910">
    <ele>2740.0</ele>
   </trkpt>
   <trkpt lat="-7.4659960" lon="110.4450680">
    <ele>2737.8</ele>
   </trkpt>
   <trkpt lat="-7.4660230" lon="110.4450300">
    <ele>2735.1</ele>
   </trkpt>
   <trkpt lat="-7.4660430" lon="110.4449920">
    <ele>2733.9</ele>
   </trkpt>
   <trkpt lat="-7.4660570" lon="110.4449620">
    <ele>2732.9</ele>
   </trkpt>
   <trkpt lat="-7.4660570" lon="110.4449080">
    <ele>2731.5</ele>
   </trkpt>
   <trkpt lat="-7.4660770" lon="110.4448700">
    <ele>2730.3</ele>
   </trkpt>
   <trkpt lat="-7.4661050" lon="110.4448390">
    <ele>2728.0</ele>
   </trkpt>
   <trkpt lat="-7.4661390" lon="110.4448320">
    <ele>2725.7</ele>
   </trkpt>
   <trkpt lat="-7.4661580" lon="110.4448090">
    <ele>2723.8</ele>
   </trkpt>
   <trkpt lat="-7.4661860" lon="110.4447780">
    <ele>2722.2</ele>
   </trkpt>
   <trkpt lat="-7.4662050" lon="110.4447400">
    <ele>2720.5</ele>
   </trkpt>
   <trkpt lat="-7.4662260" lon="110.4447020">
    <ele>2718.8</ele>
   </trkpt>
   <trkpt lat="-7.4662480" lon="110.4446640">
    <ele>2717.2</ele>
   </trkpt>
   <trkpt lat="-7.4662590" lon="110.4446110">
    <ele>2715.2</ele>
   </trkpt>
   <trkpt lat="-7.4662750" lon="110.4445720">
    <ele>2713.6</ele>
   </trkpt>
   <trkpt lat="-7.4662830" lon="110.4445190">
    <ele>2712.6</ele>
   </trkpt>
   <trkpt lat="-7.4663050" lon="110.4444660">
    <ele>2711.2</ele>
   </trkpt>
   <trkpt lat="-7.4663350" lon="110.4444350">
    <ele>2709.3</ele>
   </trkpt>
   <trkpt lat="-7.4663720" lon="110.4443970">
    <ele>2707.4</ele>
   </trkpt>
   <trkpt lat="-7.4664110" lon="110.4443970">
    <ele>2706.6</ele>
   </trkpt>
   <trkpt lat="-7.4664430" lon="110.4444050">
    <ele>2706.0</ele>
   </trkpt>
   <trkpt lat="-7.4664820" lon="110.4444270">
    <ele>2704.7</ele>
   </trkpt>
   <trkpt lat="-7.4665250" lon="110.4444350">
    <ele>2703.5</ele>
   </trkpt>
   <trkpt lat="-7.4665620" lon="110.4444580">
    <ele>2702.3</ele>
   </trkpt>
   <trkpt lat="-7.4666030" lon="110.4444890">
    <ele>2700.9</ele>
   </trkpt>
   <trkpt lat="-7.4666450" lon="110.4444960">
    <ele>2698.7</ele>
   </trkpt>
   <trkpt lat="-7.4666890" lon="110.4445190">
    <ele>2695.9</ele>
   </trkpt>
   <trkpt lat="-7.4667290" lon="110.4445420">
    <ele>2694.3</ele>
   </trkpt>
   <trkpt lat="-7.4667730" lon="110.4445650">
    <ele>2692.0</ele>
   </trkpt>
   <trkpt lat="-7.4668170" lon="110.4445720">
    <ele>2688.6</ele>
   </trkpt>
   <trkpt lat="-7.4668570" lon="110.4445950">
    <ele>2685.7</ele>
   </trkpt>
   <trkpt lat="-7.4668900" lon="110.4446260">
    <ele>2683.9</ele>
   </trkpt>
   <trkpt lat="-7.4669200" lon="110.4446640">
    <ele>2681.1</ele>
   </trkpt>
   <trkpt lat="-7.4669280" lon="110.4447020">
    <ele>2678.3</ele>
   </trkpt>
   <trkpt lat="-7.4669180" lon="110.4447400">
    <ele>2676.1</ele>
   </trkpt>
   <trkpt lat="-7.4669130" lon="110.4447780">
    <ele>2674.9</ele>
   </trkpt>
   <trkpt lat="-7.4668970" lon="110.4448170">
    <ele>2673.1</ele>
   </trkpt>
   <trkpt lat="-7.4668660" lon="110.4448470">
    <ele>2669.9</ele>
   </trkpt>
   <trkpt lat="-7.4668470" lon="110.4448850">
    <ele>2667.2</ele>
   </trkpt>
   <trkpt lat="-7.4668400" lon="110.4449230">
    <ele>2665.7</ele>
   </trkpt>
   <trkpt lat="-7.4668410" lon="110.4449770">
    <ele>2663.1</ele>
   </trkpt>
   <trkpt lat="-7.4668250" lon="110.4449840">
    <ele>2661.9</ele>
   </trkpt>
   <trkpt lat="-7.4667930" lon="110.4449840">
    <ele>2659.6</ele>
   </trkpt>
   <trkpt lat="-7.4668000" lon="110.4449840">
    <ele>2659.1</ele>
   </trkpt>
   <trkpt lat="-7.4668220" lon="110.4449840">
    <ele>2657.9</ele>
   </trkpt>
   <trkpt lat="-7.4668440" lon="110.4450150">
    <ele>2656.6</ele>
   </trkpt>
   <trkpt lat="-7.4668740" lon="110.4450450">
    <ele>2655.0</ele>
   </trkpt>
   <trkpt lat="-7.4669060" lon="110.4450760">
    <ele>2651.1</ele>
   </trkpt>
   <trkpt lat="-7.4669430" lon="110.4451070">
    <ele>2647.3</ele>
   </trkpt>
   <trkpt lat="-7.4669820" lon="110.4451370">
    <ele>2644.8</ele>
   </trkpt>
   <trkpt lat="-7.4670120" lon="110.4451750">
    <ele>2642.2</ele>
   </trkpt>
   <trkpt lat="-7.4670500" lon="110.4451980">
    <ele>2639.8</ele>
   </trkpt>
   <trkpt lat="-7.4670870" lon="110.4452290">
    <ele>2636.0</ele>
   </trkpt>
   <trkpt lat="-7.4671090" lon="110.4452590">
    <ele>2632.5</ele>
   </trkpt>
   <trkpt lat="-7.4671240" lon="110.4452970">
    <ele>2629.1</ele>
   </trkpt>
   <trkpt lat="-7.4671540" lon="110.4453200">
    <ele>2626.3</ele>
   </trkpt>
   <trkpt lat="-7.4671860" lon="110.4453580">
    <ele>2622.0</ele>
   </trkpt>
   <trkpt lat="-7.4672240" lon="110.4453660">
    <ele>2618.0</ele>
   </trkpt>
   <trkpt lat="-7.4672610" lon="110.4453740">
    <ele>2614.7</ele>
   </trkpt>
   <trkpt lat="-7.4672950" lon="110.4454040">
    <ele>2612.2</ele>
   </trkpt>
   <trkpt lat="-7.4673200" lon="110.4454420">
    <ele>2609.7</ele>
   </trkpt>
   <trkpt lat="-7.4673510" lon="110.4454730">
    <ele>2607.4</ele>
   </trkpt>
   <trkpt lat="-7.4673760" lon="110.4455110">
    <ele>2605.1</ele>
   </trkpt>
   <trkpt lat="-7.4673900" lon="110.4455490">
    <ele>2603.3</ele>
   </trkpt>
   <trkpt lat="-7.4674190" lon="110.4455870">
    <ele>2601.2</ele>
   </trkpt>
   <trkpt lat="-7.4674580" lon="110.4456100">
    <ele>2599.5</ele>
   </trkpt>
   <trkpt lat="-7.4675000" lon="110.4456180">
    <ele>2598.0</ele>
   </trkpt>
   <trkpt lat="-7.4675400" lon="110.4456410">
    <ele>2596.2</ele>
   </trkpt>
   <trkpt lat="-7.4675840" lon="110.4456630">
    <ele>2594.3</ele>
   </trkpt>
   <trkpt lat="-7.4676230" lon="110.4456710">
    <ele>2593.0</ele>
   </trkpt>
   <trkpt lat="-7.4676640" lon="110.4457090">
    <ele>2591.0</ele>
   </trkpt>
   <trkpt lat="-7.4677030" lon="110.4457400">
    <ele>2588.7</ele>
   </trkpt>
   <trkpt lat="-7.4677410" lon="110.4457700">
    <ele>2586.5</ele>
   </trkpt>
   <trkpt lat="-7.4677840" lon="110.4458010">
    <ele>2584.2</ele>
   </trkpt>
   <trkpt lat="-7.4678250" lon="110.4458240">
    <ele>2582.4</ele>
   </trkpt>
   <trkpt lat="-7.4678720" lon="110.4458310">
    <ele>2580.9</ele>
   </trkpt>
   <trkpt lat="-7.4679200" lon="110.4458310">
    <ele>2578.8</ele>
   </trkpt>
   <trkpt lat="-7.4679690" lon="110.4458540">
    <ele>2576.0</ele>
   </trkpt>
   <trkpt lat="-7.4680140" lon="110.4458770">
    <ele>2574.3</ele>
   </trkpt>
   <trkpt lat="-7.4680540" lon="110.4459000">
    <ele>2572.5</ele>
   </trkpt>
   <trkpt lat="-7.4680910" lon="110.4459300">
    <ele>2569.5</ele>
   </trkpt>
   <trkpt lat="-7.4681320" lon="110.4459610">
    <ele>2567.1</ele>
   </trkpt>
   <trkpt lat="-7.4681650" lon="110.4459990">
    <ele>2565.9</ele>
   </trkpt>
   <trkpt lat="-7.4681900" lon="110.4460530">
    <ele>2564.1</ele>
   </trkpt>
   <trkpt lat="-7.4682030" lon="110.4460910">
    <ele>2562.8</ele>
   </trkpt>
   <trkpt lat="-7.4682300" lon="110.4461290">
    <ele>2561.9</ele>
   </trkpt>
   <trkpt lat="-7.4682660" lon="110.4461360">
    <ele>2561.3</ele>
   </trkpt>
   <trkpt lat="-7.4683080" lon="110.4461360">
    <ele>2560.0</ele>
   </trkpt>
   <trkpt lat="-7.4683510" lon="110.4461590">
    <ele>2558.5</ele>
   </trkpt>
   <trkpt lat="-7.4683960" lon="110.4461670">
    <ele>2556.9</ele>
   </trkpt>
   <trkpt lat="-7.4684390" lon="110.4461900">
    <ele>2555.3</ele>
   </trkpt>
   <trkpt lat="-7.4684690" lon="110.4462200">
    <ele>2554.7</ele>
   </trkpt>
   <trkpt lat="-7.4684830" lon="110.4462740">
    <ele>2552.4</ele>
   </trkpt>
   <trkpt lat="-7.4684860" lon="110.4463120">
    <ele>2551.6</ele>
   </trkpt>
   <trkpt lat="-7.4684820" lon="110.4463730">
    <ele>2550.2</ele>
   </trkpt>
   <trkpt lat="-7.4684750" lon="110.4464260">
    <ele>2549.4</ele>
   </trkpt>
   <trkpt lat="-7.4684480" lon="110.4464650">
    <ele>2549.7</ele>
   </trkpt>
   <trkpt lat="-7.4684120" lon="110.4464870">
    <ele>2550.8</ele>
   </trkpt>
   <trkpt lat="-7.4683740" lon="110.4465180">
    <ele>2550.6</ele>
   </trkpt>
   <trkpt lat="-7.4683380" lon="110.4465480">
    <ele>2550.0</ele>
   </trkpt>
   <trkpt lat="-7.4682990" lon="110.4465790">
    <ele>2548.1</ele>
   </trkpt>
   <trkpt lat="-7.4682560" lon="110.4466090">
    <ele>2546.1</ele>
   </trkpt>
   <trkpt lat="-7.4682170" lon="110.4466400">
    <ele>2544.1</ele>
   </trkpt>
   <trkpt lat="-7.4681960" lon="110.4466710">
    <ele>2542.4</ele>
   </trkpt>
   <trkpt lat="-7.4681770" lon="110.4467240">
    <ele>2539.8</ele>
   </trkpt>
   <trkpt lat="-7.4681510" lon="110.4467770">
    <ele>2536.5</ele>
   </trkpt>
   <trkpt lat="-7.4681320" lon="110.4468150">
    <ele>2534.1</ele>
   </trkpt>
   <trkpt lat="-7.4681180" lon="110.4468540">
    <ele>2531.7</ele>
   </trkpt>
   <trkpt lat="-7.4680960" lon="110.4468920">
    <ele>2529.4</ele>
   </trkpt>
   <trkpt lat="-7.4680830" lon="110.4469300">
    <ele>2527.8</ele>
   </trkpt>
   <trkpt lat="-7.4680770" lon="110.4469830">
    <ele>2525.3</ele>
   </trkpt>
   <trkpt lat="-7.4680890" lon="110.4470210">
    <ele>2522.6</ele>
   </trkpt>
   <trkpt lat="-7.4681150" lon="110.4470520">
    <ele>2519.8</ele>
   </trkpt>
   <trkpt lat="-7.4681520" lon="110.4470830">
    <ele>2516.8</ele>
   </trkpt>
   <trkpt lat="-7.4681740" lon="110.4471130">
    <ele>2514.5</ele>
   </trkpt>
   <trkpt lat="-7.4681730" lon="110.4471660">
    <ele>2512.2</ele>
   </trkpt>
   <trkpt lat="-7.4681560" lon="110.4472050">
    <ele>2510.3</ele>
   </trkpt>
   <trkpt lat="-7.4681410" lon="110.4472430">
    <ele>2508.7</ele>
   </trkpt>
   <trkpt lat="-7.4681370" lon="110.4472960">
    <ele>2506.7</ele>
   </trkpt>
   <trkpt lat="-7.4681320" lon="110.4473500">
    <ele>2504.7</ele>
   </trkpt>
   <trkpt lat="-7.4681280" lon="110.4474110">
    <ele>2502.7</ele>
   </trkpt>
   <trkpt lat="-7.4681320" lon="110.4474640">
    <ele>2501.1</ele>
   </trkpt>
   <trkpt lat="-7.4681370" lon="110.4475170">
    <ele>2499.2</ele>
   </trkpt>
   <trkpt lat="-7.4681360" lon="110.4475710">
    <ele>2497.3</ele>
   </trkpt>
   <trkpt lat="-7.4681510" lon="110.4476240">
    <ele>2495.0</ele>
   </trkpt>
   <trkpt lat="-7.4681660" lon="110.4476620">
    <ele>2493.9</ele>
   </trkpt>
   <trkpt lat="-7.4681740" lon="110.4477160">
    <ele>2492.9</ele>
   </trkpt>
   <trkpt lat="-7.4681760" lon="110.4477690">
    <ele>2491.5</ele>
   </trkpt>
   <trkpt lat="-7.4681680" lon="110.4478230">
    <ele>2490.2</ele>
   </trkpt>
   <trkpt lat="-7.4681550" lon="110.4478760">
    <ele>2489.1</ele>
   </trkpt>
   <trkpt lat="-7.4681630" lon="110.4479370">
    <ele>2486.5</ele>
   </trkpt>
   <trkpt lat="-7.4681670" lon="110.4479900">
    <ele>2484.2</ele>
   </trkpt>
   <trkpt lat="-7.4681710" lon="110.4480440">
    <ele>2481.7</ele>
   </trkpt>
   <trkpt lat="-7.4681780" lon="110.4480970">
    <ele>2479.3</ele>
   </trkpt>
   <trkpt lat="-7.4681860" lon="110.4481510">
    <ele>2477.5</ele>
   </trkpt>
   <trkpt lat="-7.4681990" lon="110.4482120">
    <ele>2475.9</ele>
   </trkpt>
   <trkpt lat="-7.4682100" lon="110.4482650">
    <ele>2473.2</ele>
   </trkpt>
   <trkpt lat="-7.4682120" lon="110.4483030">
    <ele>2471.3</ele>
   </trkpt>
   <trkpt lat="-7.4682250" lon="110.4483640">
    <ele>2468.6</ele>
   </trkpt>
   <trkpt lat="-7.4682270" lon="110.4484180">
    <ele>2466.5</ele>
   </trkpt>
   <trkpt lat="-7.4682270" lon="110.4484710">
    <ele>2464.5</ele>
   </trkpt>
   <trkpt lat="-7.4682200" lon="110.4485240">
    <ele>2462.5</ele>
   </trkpt>
   <trkpt lat="-7.4682130" lon="110.4485860">
    <ele>2460.5</ele>
   </trkpt>
   <trkpt lat="-7.4682150" lon="110.4486390">
    <ele>2459.0</ele>
   </trkpt>
   <trkpt lat="-7.4682060" lon="110.4487000">
    <ele>2457.9</ele>
   </trkpt>
   <trkpt lat="-7.4681900" lon="110.4487380">
    <ele>2457.2</ele>
   </trkpt>
   <trkpt lat="-7.4681840" lon="110.4487920">
    <ele>2455.9</ele>
   </trkpt>
   <trkpt lat="-7.4681910" lon="110.4488530">
    <ele>2454.5</ele>
   </trkpt>
   <trkpt lat="-7.4681940" lon="110.4489060">
    <ele>2453.3</ele>
   </trkpt>
   <trkpt lat="-7.4682000" lon="110.4489670">
    <ele>2452.1</ele>
   </trkpt>
   <trkpt lat="-7.4681980" lon="110.4490200">
    <ele>2451.2</ele>
   </trkpt>
   <trkpt lat="-7.4681900" lon="110.4490740">
    <ele>2449.9</ele>
   </trkpt>
   <trkpt lat="-7.4681850" lon="110.4491270">
    <ele>2448.6</ele>
   </trkpt>
   <trkpt lat="-7.4681830" lon="110.4491810">
    <ele>2447.2</ele>
   </trkpt>
   <trkpt lat="-7.4681830" lon="110.4492420">
    <ele>2446.2</ele>
   </trkpt>
   <trkpt lat="-7.4681830" lon="110.4492950">
    <ele>2445.7</ele>
   </trkpt>
   <trkpt lat="-7.4681800" lon="110.4493480">
    <ele>2444.6</ele>
   </trkpt>
   <trkpt lat="-7.4681720" lon="110.4494020">
    <ele>2443.4</ele>
   </trkpt>
   <trkpt lat="-7.4681680" lon="110.4494550">
    <ele>2441.9</ele>
   </trkpt>
   <trkpt lat="-7.4681660" lon="110.4495160">
    <ele>2440.5</ele>
   </trkpt>
   <trkpt lat="-7.4681700" lon="110.4495540">
    <ele>2439.7</ele>
   </trkpt>
   <trkpt lat="-7.4681680" lon="110.4496080">
    <ele>2438.8</ele>
   </trkpt>
   <trkpt lat="-7.4681510" lon="110.4496610">
    <ele>2438.0</ele>
   </trkpt>
   <trkpt lat="-7.4681360" lon="110.4496990">
    <ele>2436.7</ele>
   </trkpt>
   <trkpt lat="-7.4681150" lon="110.4497530">
    <ele>2434.4</ele>
   </trkpt>
   <trkpt lat="-7.4680900" lon="110.4497910">
    <ele>2433.3</ele>
   </trkpt>
   <trkpt lat="-7.4680690" lon="110.4498520">
    <ele>2431.7</ele>
   </trkpt>
   <trkpt lat="-7.4680750" lon="110.4498900">
    <ele>2430.5</ele>
   </trkpt>
   <trkpt lat="-7.4680930" lon="110.4499210">
    <ele>2429.3</ele>
   </trkpt>
   <trkpt lat="-7.4681180" lon="110.4499740">
    <ele>2428.6</ele>
   </trkpt>
   <trkpt lat="-7.4681380" lon="110.4500050">
    <ele>2428.2</ele>
   </trkpt>
   <trkpt lat="-7.4681630" lon="110.4500430">
    <ele>2427.3</ele>
   </trkpt>
   <trkpt lat="-7.4681820" lon="110.4500810">
    <ele>2426.4</ele>
   </trkpt>
   <trkpt lat="-7.4681840" lon="110.4501340">
    <ele>2426.2</ele>
   </trkpt>
   <trkpt lat="-7.4681880" lon="110.4501720">
    <ele>2426.2</ele>
   </trkpt>
   <trkpt lat="-7.4681710" lon="110.4502110">
    <ele>2425.7</ele>
   </trkpt>
   <trkpt lat="-7.4681750" lon="110.4502640">
    <ele>2424.9</ele>
   </trkpt>
   <trkpt lat="-7.4681920" lon="110.4502940">
    <ele>2424.5</ele>
   </trkpt>
   <trkpt lat="-7.4682230" lon="110.4503250">
    <ele>2424.2</ele>
   </trkpt>
   <trkpt lat="-7.4682340" lon="110.4503560">
    <ele>2423.8</ele>
   </trkpt>
   <trkpt lat="-7.4682570" lon="110.4503860">
    <ele>2422.9</ele>
   </trkpt>
   <trkpt lat="-7.4682690" lon="110.4504240">
    <ele>2421.9</ele>
   </trkpt>
   <trkpt lat="-7.4682880" lon="110.4504620">
    <ele>2421.2</ele>
   </trkpt>
   <trkpt lat="-7.4683030" lon="110.4505160">
    <ele>2420.5</ele>
   </trkpt>
   <trkpt lat="-7.4683120" lon="110.4505540">
    <ele>2419.5</ele>
   </trkpt>
   <trkpt lat="-7.4683240" lon="110.4506070">
    <ele>2418.0</ele>
   </trkpt>
   <trkpt lat="-7.4683400" lon="110.4506450">
    <ele>2417.2</ele>
   </trkpt>
   <trkpt lat="-7.4683550" lon="110.4507060">
    <ele>2416.0</ele>
   </trkpt>
   <trkpt lat="-7.4683650" lon="110.4507600">
    <ele>2415.1</ele>
   </trkpt>
   <trkpt lat="-7.4683720" lon="110.4508130">
    <ele>2414.2</ele>
   </trkpt>
   <trkpt lat="-7.4683840" lon="110.4508670">
    <ele>2412.9</ele>
   </trkpt>
   <trkpt lat="-7.4684000" lon="110.4509200">
    <ele>2411.6</ele>
   </trkpt>
   <trkpt lat="-7.4684080" lon="110.4509580">
    <ele>2410.8</ele>
   </trkpt>
   <trkpt lat="-7.4684110" lon="110.4510120">
    <ele>2409.4</ele>
   </trkpt>
   <trkpt lat="-7.4684090" lon="110.4510650">
    <ele>2408.0</ele>
   </trkpt>
   <trkpt lat="-7.4684050" lon="110.4511180">
    <ele>2406.6</ele>
   </trkpt>
   <trkpt lat="-7.4684150" lon="110.4511570">
    <ele>2405.6</ele>
   </trkpt>
   <trkpt lat="-7.4684290" lon="110.4512180">
    <ele>2404.0</ele>
   </trkpt>
   <trkpt lat="-7.4684260" lon="110.4512710">
    <ele>2402.6</ele>
   </trkpt>
   <trkpt lat="-7.4684240" lon="110.4513240">
    <ele>2400.9</ele>
   </trkpt>
   <trkpt lat="-7.4684300" lon="110.4513780">
    <ele>2399.2</ele>
   </trkpt>
   <trkpt lat="-7.4684410" lon="110.4514390">
    <ele>2397.6</ele>
   </trkpt>
   <trkpt lat="-7.4684660" lon="110.4514920">
    <ele>2395.2</ele>
   </trkpt>
   <trkpt lat="-7.4684920" lon="110.4515300">
    <ele>2392.8</ele>
   </trkpt>
   <trkpt lat="-7.4685240" lon="110.4515690">
    <ele>2390.0</ele>
   </trkpt>
   <trkpt lat="-7.4685600" lon="110.4516070">
    <ele>2387.0</ele>
   </trkpt>
   <trkpt lat="-7.4685960" lon="110.4516370">
    <ele>2384.5</ele>
   </trkpt>
   <trkpt lat="-7.4686240" lon="110.4516910">
    <ele>2381.4</ele>
   </trkpt>
   <trkpt lat="-7.4686480" lon="110.4517290">
    <ele>2379.8</ele>
   </trkpt>
   <trkpt lat="-7.4686620" lon="110.4517900">
    <ele>2377.6</ele>
   </trkpt>
   <trkpt lat="-7.4686700" lon="110.4518430">
    <ele>2375.9</ele>
   </trkpt>
   <trkpt lat="-7.4686890" lon="110.4518810">
    <ele>2374.2</ele>
   </trkpt>
   <trkpt lat="-7.4687020" lon="110.4519350">
    <ele>2371.8</ele>
   </trkpt>
   <trkpt lat="-7.4687100" lon="110.4519880">
    <ele>2369.4</ele>
   </trkpt>
   <trkpt lat="-7.4686980" lon="110.4520260">
    <ele>2367.5</ele>
   </trkpt>
   <trkpt lat="-7.4686920" lon="110.4520650">
    <ele>2365.9</ele>
   </trkpt>
   <trkpt lat="-7.4686980" lon="110.4521560">
    <ele>2362.6</ele>
   </trkpt>
   <trkpt lat="-7.4687050" lon="110.4521790">
    <ele>2361.6</ele>
   </trkpt>
   <trkpt lat="-7.4687220" lon="110.4522170">
    <ele>2359.9</ele>
   </trkpt>
   <trkpt lat="-7.4687390" lon="110.4522550">
    <ele>2358.4</ele>
   </trkpt>
   <trkpt lat="-7.4687570" lon="110.4522930">
    <ele>2357.0</ele>
   </trkpt>
   <trkpt lat="-7.4687910" lon="110.4523160">
    <ele>2355.5</ele>
   </trkpt>
   <trkpt lat="-7.4688260" lon="110.4523470">
    <ele>2353.5</ele>
   </trkpt>
   <trkpt lat="-7.4688670" lon="110.4523700">
    <ele>2351.4</ele>
   </trkpt>
   <trkpt lat="-7.4688990" lon="110.4523930">
    <ele>2349.4</ele>
   </trkpt>
   <trkpt lat="-7.4689380" lon="110.4524150">
    <ele>2347.1</ele>
   </trkpt>
   <trkpt lat="-7.4689800" lon="110.4524380">
    <ele>2344.2</ele>
   </trkpt>
   <trkpt lat="-7.4690150" lon="110.4524690">
    <ele>2341.3</ele>
   </trkpt>
   <trkpt lat="-7.4690560" lon="110.4524920">
    <ele>2339.1</ele>
   </trkpt>
   <trkpt lat="-7.4690970" lon="110.4524920">
    <ele>2337.2</ele>
   </trkpt>
   <trkpt lat="-7.4691210" lon="110.4525150">
    <ele>2334.8</ele>
   </trkpt>
   <trkpt lat="-7.4691530" lon="110.4525450">
    <ele>2331.3</ele>
   </trkpt>
   <trkpt lat="-7.4691830" lon="110.4525760">
    <ele>2328.2</ele>
   </trkpt>
   <trkpt lat="-7.4692000" lon="110.4526140">
    <ele>2325.6</ele>
   </trkpt>
   <trkpt lat="-7.4692240" lon="110.4526520">
    <ele>2322.9</ele>
   </trkpt>
   <trkpt lat="-7.4692540" lon="110.4526900">
    <ele>2321.5</ele>
   </trkpt>
   <trkpt lat="-7.4692900" lon="110.4527210">
    <ele>2320.0</ele>
   </trkpt>
   <trkpt lat="-7.4693310" lon="110.4527440">
    <ele>2318.3</ele>
   </trkpt>
   <trkpt lat="-7.4693640" lon="110.4527820">
    <ele>2316.5</ele>
   </trkpt>
   <trkpt lat="-7.4693940" lon="110.4528120">
    <ele>2315.4</ele>
   </trkpt>
   <trkpt lat="-7.4694320" lon="110.4528430">
    <ele>2314.1</ele>
   </trkpt>
   <trkpt lat="-7.4694690" lon="110.4528810">
    <ele>2312.8</ele>
   </trkpt>
   <trkpt lat="-7.4695110" lon="110.4529040">
    <ele>2311.7</ele>
   </trkpt>
   <trkpt lat="-7.4695500" lon="110.4529270">
    <ele>2310.8</ele>
   </trkpt>
   <trkpt lat="-7.4695950" lon="110.4529340">
    <ele>2309.8</ele>
   </trkpt>
   <trkpt lat="-7.4696270" lon="110.4529720">
    <ele>2308.4</ele>
   </trkpt>
   <trkpt lat="-7.4696580" lon="110.4530110">
    <ele>2307.1</ele>
   </trkpt>
   <trkpt lat="-7.4696800" lon="110.4530410">
    <ele>2306.1</ele>
   </trkpt>
   <trkpt lat="-7.4696970" lon="110.4530940">
    <ele>2304.1</ele>
   </trkpt>
   <trkpt lat="-7.4697090" lon="110.4531560">
    <ele>2300.5</ele>
   </trkpt>
   <trkpt lat="-7.4697180" lon="110.4531940">
    <ele>2297.9</ele>
   </trkpt>
   <trkpt lat="-7.4697380" lon="110.4532470">
    <ele>2294.1</ele>
   </trkpt>
   <trkpt lat="-7.4697700" lon="110.4532780">
    <ele>2291.7</ele>
   </trkpt>
   <trkpt lat="-7.4698060" lon="110.4533080">
    <ele>2289.3</ele>
   </trkpt>
   <trkpt lat="-7.4698240" lon="110.4533460">
    <ele>2287.8</ele>
   </trkpt>
   <trkpt lat="-7.4698470" lon="110.4534000">
    <ele>2286.1</ele>
   </trkpt>
   <trkpt lat="-7.4698510" lon="110.4534300">
    <ele>2284.6</ele>
   </trkpt>
   <trkpt lat="-7.4698510" lon="110.4534680">
    <ele>2282.7</ele>
   </trkpt>
   <trkpt lat="-7.4698590" lon="110.4535060">
    <ele>2280.5</ele>
   </trkpt>
   <trkpt lat="-7.4698750" lon="110.4535680">
    <ele>2276.1</ele>
   </trkpt>
   <trkpt lat="-7.4699070" lon="110.4535980">
    <ele>2272.9</ele>
   </trkpt>
   <trkpt lat="-7.4699370" lon="110.4536290">
    <ele>2269.7</ele>
   </trkpt>
   <trkpt lat="-7.4699500" lon="110.4536670">
    <ele>2268.3</ele>
   </trkpt>
   <trkpt lat="-7.4699800" lon="110.4536900">
    <ele>2267.3</ele>
   </trkpt>
   <trkpt lat="-7.4700170" lon="110.4537200">
    <ele>2264.7</ele>
   </trkpt>
   <trkpt lat="-7.4700390" lon="110.4537510">
    <ele>2261.9</ele>
   </trkpt>
   <trkpt lat="-7.4700490" lon="110.4537810">
    <ele>2259.7</ele>
   </trkpt>
   <trkpt lat="-7.4700720" lon="110.4538190">
    <ele>2257.1</ele>
   </trkpt>
   <trkpt lat="-7.4700900" lon="110.4538570">
    <ele>2255.0</ele>
   </trkpt>
   <trkpt lat="-7.4701130" lon="110.4539180">
    <ele>2253.7</ele>
   </trkpt>
   <trkpt lat="-7.4701460" lon="110.4539490">
    <ele>2252.5</ele>
   </trkpt>
   <trkpt lat="-7.4701810" lon="110.4539790">
    <ele>2251.2</ele>
   </trkpt>
   <trkpt lat="-7.4702120" lon="110.4540180">
    <ele>2249.6</ele>
   </trkpt>
   <trkpt lat="-7.4702490" lon="110.4540480">
    <ele>2248.0</ele>
   </trkpt>
   <trkpt lat="-7.4702900" lon="110.4540480">
    <ele>2247.4</ele>
   </trkpt>
   <trkpt lat="-7.4703330" lon="110.4540560">
    <ele>2246.7</ele>
   </trkpt>
   <trkpt lat="-7.4703770" lon="110.4540630">
    <ele>2246.1</ele>
   </trkpt>
   <trkpt lat="-7.4704160" lon="110.4540560">
    <ele>2245.5</ele>
   </trkpt>
   <trkpt lat="-7.4704270" lon="110.4540250">
    <ele>2244.9</ele>
   </trkpt>
   <trkpt lat="-7.4704590" lon="110.4540020">
    <ele>2244.3</ele>
   </trkpt>
   <trkpt lat="-7.4704930" lon="110.4539720">
    <ele>2243.6</ele>
   </trkpt>
   <trkpt lat="-7.4705180" lon="110.4539410">
    <ele>2243.1</ele>
   </trkpt>
   <trkpt lat="-7.4705410" lon="110.4539030">
    <ele>2242.6</ele>
   </trkpt>
   <trkpt lat="-7.4705770" lon="110.4538800">
    <ele>2241.6</ele>
   </trkpt>
   <trkpt lat="-7.4706010" lon="110.4539030">
    <ele>2240.9</ele>
   </trkpt>
   <trkpt lat="-7.4706230" lon="110.4539410">
    <ele>2239.5</ele>
   </trkpt>
   <trkpt lat="-7.4706360" lon="110.4539950">
    <ele>2237.5</ele>
   </trkpt>
   <trkpt lat="-7.4706700" lon="110.4540180">
    <ele>2236.1</ele>
   </trkpt>
   <trkpt lat="-7.4707110" lon="110.4540410">
    <ele>2234.6</ele>
   </trkpt>
   <trkpt lat="-7.4707540" lon="110.4540410">
    <ele>2233.4</ele>
   </trkpt>
   <trkpt lat="-7.4707980" lon="110.4540180">
    <ele>2232.1</ele>
   </trkpt>
   <trkpt lat="-7.4708400" lon="110.4539870">
    <ele>2231.0</ele>
   </trkpt>
   <trkpt lat="-7.4708850" lon="110.4539640">
    <ele>2230.1</ele>
   </trkpt>
   <trkpt lat="-7.4709290" lon="110.4539410">
    <ele>2228.0</ele>
   </trkpt>
   <trkpt lat="-7.4709730" lon="110.4539110">
    <ele>2225.6</ele>
   </trkpt>
   <trkpt lat="-7.4710020" lon="110.4538730">
    <ele>2223.4</ele>
   </trkpt>
   <trkpt lat="-7.4710250" lon="110.4538190">
    <ele>2221.2</ele>
   </trkpt>
   <trkpt lat="-7.4710430" lon="110.4537660">
    <ele>2219.8</ele>
   </trkpt>
   <trkpt lat="-7.4710690" lon="110.4537350">
    <ele>2217.9</ele>
   </trkpt>
   <trkpt lat="-7.4711050" lon="110.4536970">
    <ele>2214.7</ele>
   </trkpt>
   <trkpt lat="-7.4711290" lon="110.4536590">
    <ele>2212.1</ele>
   </trkpt>
   <trkpt lat="-7.4711420" lon="110.4536210">
    <ele>2209.7</ele>
   </trkpt>
   <trkpt lat="-7.4711690" lon="110.4535830">
    <ele>2207.7</ele>
   </trkpt>
   <trkpt lat="-7.4711930" lon="110.4535290">
    <ele>2206.2</ele>
   </trkpt>
   <trkpt lat="-7.4712210" lon="110.4534910">
    <ele>2204.0</ele>
   </trkpt>
   <trkpt lat="-7.4712420" lon="110.4534380">
    <ele>2201.2</ele>
   </trkpt>
   <trkpt lat="-7.4712630" lon="110.4534070">
    <ele>2199.6</ele>
   </trkpt>
   <trkpt lat="-7.4713030" lon="110.4533770">
    <ele>2197.6</ele>
   </trkpt>
   <trkpt lat="-7.4713380" lon="110.4533460">
    <ele>2197.0</ele>
   </trkpt>
   <trkpt lat="-7.4713720" lon="110.4533160">
    <ele>2196.5</ele>
   </trkpt>
   <trkpt lat="-7.4714070" lon="110.4532780">
    <ele>2195.5</ele>
   </trkpt>
   <trkpt lat="-7.4714390" lon="110.4532390">
    <ele>2194.5</ele>
   </trkpt>
   <trkpt lat="-7.4714780" lon="110.4532170">
    <ele>2193.4</ele>
   </trkpt>
   <trkpt lat="-7.4715090" lon="110.4531860">
    <ele>2192.4</ele>
   </trkpt>
   <trkpt lat="-7.4715500" lon="110.4531560">
    <ele>2191.9</ele>
   </trkpt>
   <trkpt lat="-7.4716030" lon="110.4531250">
    <ele>2191.0</ele>
   </trkpt>
   <trkpt lat="-7.4716520" lon="110.4531170">
    <ele>2189.8</ele>
   </trkpt>
   <trkpt lat="-7.4716990" lon="110.4531100">
    <ele>2189.2</ele>
   </trkpt>
   <trkpt lat="-7.4717450" lon="110.4531100">
    <ele>2188.8</ele>
   </trkpt>
   <trkpt lat="-7.4717940" lon="110.4531170">
    <ele>2188.5</ele>
   </trkpt>
   <trkpt lat="-7.4718420" lon="110.4531170">
    <ele>2188.4</ele>
   </trkpt>
   <trkpt lat="-7.4718890" lon="110.4531170">
    <ele>2186.8</ele>
   </trkpt>
   <trkpt lat="-7.4719320" lon="110.4531400">
    <ele>2184.7</ele>
   </trkpt>
   <trkpt lat="-7.4719700" lon="110.4531630">
    <ele>2183.4</ele>
   </trkpt>
   <trkpt lat="-7.4720190" lon="110.4531940">
    <ele>2182.1</ele>
   </trkpt>
   <trkpt lat="-7.4720640" lon="110.4532240">
    <ele>2180.1</ele>
   </trkpt>
   <trkpt lat="-7.4721020" lon="110.4532620">
    <ele>2177.9</ele>
   </trkpt>
   <trkpt lat="-7.4721230" lon="110.4533000">
    <ele>2175.9</ele>
   </trkpt>
   <trkpt lat="-7.4721400" lon="110.4533540">
    <ele>2173.5</ele>
   </trkpt>
   <trkpt lat="-7.4721640" lon="110.4533920">
    <ele>2172.9</ele>
   </trkpt>
   <trkpt lat="-7.4721820" lon="110.4534450">
    <ele>2172.3</ele>
   </trkpt>
   <trkpt lat="-7.4721910" lon="110.4534990">
    <ele>2172.0</ele>
   </trkpt>
   <trkpt lat="-7.4722020" lon="110.4535370">
    <ele>2171.9</ele>
   </trkpt>
   <trkpt lat="-7.4722050" lon="110.4535980">
    <ele>2173.0</ele>
   </trkpt>
   <trkpt lat="-7.4722090" lon="110.4536510">
    <ele>2173.7</ele>
   </trkpt>
   <trkpt lat="-7.4722290" lon="110.4536900">
    <ele>2174.3</ele>
   </trkpt>
   <trkpt lat="-7.4722590" lon="110.4537280">
    <ele>2174.8</ele>
   </trkpt>
   <trkpt lat="-7.4722910" lon="110.4537660">
    <ele>2175.4</ele>
   </trkpt>
   <trkpt lat="-7.4723250" lon="110.4538040">
    <ele>2176.3</ele>
   </trkpt>
   <trkpt lat="-7.4723630" lon="110.4538270">
    <ele>2177.5</ele>
   </trkpt>
   <trkpt lat="-7.4723960" lon="110.4538570">
    <ele>2178.4</ele>
   </trkpt>
   <trkpt lat="-7.4724170" lon="110.4538960">
    <ele>2178.9</ele>
   </trkpt>
   <trkpt lat="-7.4724310" lon="110.4539490">
    <ele>2179.6</ele>
   </trkpt>
   <trkpt lat="-7.4724430" lon="110.4540020">
    <ele>2180.4</ele>
   </trkpt>
   <trkpt lat="-7.4724540" lon="110.4540560">
    <ele>2181.8</ele>
   </trkpt>
   <trkpt lat="-7.4724580" lon="110.4541090">
    <ele>2183.6</ele>
   </trkpt>
   <trkpt lat="-7.4724640" lon="110.4541630">
    <ele>2184.7</ele>
   </trkpt>
   <trkpt lat="-7.4724810" lon="110.4542010">
    <ele>2185.4</ele>
   </trkpt>
   <trkpt lat="-7.4725010" lon="110.4542540">
    <ele>2185.0</ele>
   </trkpt>
   <trkpt lat="-7.4725220" lon="110.4542920">
    <ele>2184.5</ele>
   </trkpt>
   <trkpt lat="-7.4725420" lon="110.4543460">
    <ele>2184.9</ele>
   </trkpt>
   <trkpt lat="-7.4725620" lon="110.4543990">
    <ele>2185.4</ele>
   </trkpt>
   <trkpt lat="-7.4725950" lon="110.4544370">
    <ele>2186.1</ele>
   </trkpt>
   <trkpt lat="-7.4726110" lon="110.4544910">
    <ele>2187.0</ele>
   </trkpt>
   <trkpt lat="-7.4726400" lon="110.4545290">
    <ele>2188.0</ele>
   </trkpt>
   <trkpt lat="-7.4726750" lon="110.4545590">
    <ele>2188.7</ele>
   </trkpt>
   <trkpt lat="-7.4727120" lon="110.4545970">
    <ele>2189.4</ele>
   </trkpt>
   <trkpt lat="-7.4727460" lon="110.4546360">
    <ele>2189.2</ele>
   </trkpt>
   <trkpt lat="-7.4727700" lon="110.4546740">
    <ele>2188.7</ele>
   </trkpt>
   <trkpt lat="-7.4727810" lon="110.4547120">
    <ele>2188.6</ele>
   </trkpt>
   <trkpt lat="-7.4727770" lon="110.4547650">
    <ele>2188.8</ele>
   </trkpt>
   <trkpt lat="-7.4727860" lon="110.4548190">
    <ele>2188.4</ele>
   </trkpt>
   <trkpt lat="-7.4727990" lon="110.4548720">
    <ele>2187.9</ele>
   </trkpt>
   <trkpt lat="-7.4728180" lon="110.4549100">
    <ele>2187.1</ele>
   </trkpt>
   <trkpt lat="-7.4728410" lon="110.4549480">
    <ele>2186.2</ele>
   </trkpt>
   <trkpt lat="-7.4728780" lon="110.4549790">
    <ele>2185.3</ele>
   </trkpt>
   <trkpt lat="-7.4729110" lon="110.4550170">
    <ele>2184.3</ele>
   </trkpt>
   <trkpt lat="-7.4729350" lon="110.4550550">
    <ele>2182.9</ele>
   </trkpt>
   <trkpt lat="-7.4729570" lon="110.4551090">
    <ele>2181.0</ele>
   </trkpt>
   <trkpt lat="-7.4729780" lon="110.4551620">
    <ele>2180.6</ele>
   </trkpt>
   <trkpt lat="-7.4729980" lon="110.4552150">
    <ele>2179.9</ele>
   </trkpt>
   <trkpt lat="-7.4730220" lon="110.4552690">
    <ele>2178.7</ele>
   </trkpt>
   <trkpt lat="-7.4730480" lon="110.4553220">
    <ele>2177.8</ele>
   </trkpt>
   <trkpt lat="-7.4730760" lon="110.4553600">
    <ele>2177.2</ele>
   </trkpt>
   <trkpt lat="-7.4731100" lon="110.4554140">
    <ele>2176.2</ele>
   </trkpt>
   <trkpt lat="-7.4731380" lon="110.4554440">
    <ele>2175.6</ele>
   </trkpt>
   <trkpt lat="-7.4731700" lon="110.4554820">
    <ele>2174.8</ele>
   </trkpt>
   <trkpt lat="-7.4732020" lon="110.4555210">
    <ele>2174.3</ele>
   </trkpt>
   <trkpt lat="-7.4732450" lon="110.4555590">
    <ele>2174.6</ele>
   </trkpt>
   <trkpt lat="-7.4732840" lon="110.4555970">
    <ele>2174.5</ele>
   </trkpt>
   <trkpt lat="-7.4733180" lon="110.4556350">
    <ele>2173.9</ele>
   </trkpt>
   <trkpt lat="-7.4733510" lon="110.4556730">
    <ele>2172.5</ele>
   </trkpt>
   <trkpt lat="-7.4733920" lon="110.4556960">
    <ele>2170.7</ele>
   </trkpt>
   <trkpt lat="-7.4734350" lon="110.4557040">
    <ele>2169.9</ele>
   </trkpt>
   <trkpt lat="-7.4734860" lon="110.4557040">
    <ele>2168.8</ele>
   </trkpt>
   <trkpt lat="-7.4735390" lon="110.4557040">
    <ele>2165.6</ele>
   </trkpt>
   <trkpt lat="-7.4735860" lon="110.4557110">
    <ele>2164.1</ele>
   </trkpt>
   <trkpt lat="-7.4736250" lon="110.4557040">
    <ele>2162.4</ele>
   </trkpt>
   <trkpt lat="-7.4736600" lon="110.4556730">
    <ele>2164.6</ele>
   </trkpt>
   <trkpt lat="-7.4737060" lon="110.4556500">
    <ele>2162.7</ele>
   </trkpt>
   <trkpt lat="-7.4737500" lon="110.4556270">
    <ele>2162.3</ele>
   </trkpt>
   <trkpt lat="-7.4737970" lon="110.4555890">
    <ele>2159.0</ele>
   </trkpt>
   <trkpt lat="-7.4738440" lon="110.4555660">
    <ele>2156.8</ele>
   </trkpt>
   <trkpt lat="-7.4738840" lon="110.4555360">
    <ele>2156.4</ele>
   </trkpt>
   <trkpt lat="-7.4739250" lon="110.4554980">
    <ele>2156.0</ele>
   </trkpt>
   <trkpt lat="-7.4739640" lon="110.4554670">
    <ele>2155.4</ele>
   </trkpt>
   <trkpt lat="-7.4739970" lon="110.4554290">
    <ele>2155.8</ele>
   </trkpt>
   <trkpt lat="-7.4740300" lon="110.4553910">
    <ele>2154.1</ele>
   </trkpt>
   <trkpt lat="-7.4740620" lon="110.4553530">
    <ele>2152.5</ele>
   </trkpt>
   <trkpt lat="-7.4740820" lon="110.4553150">
    <ele>2150.5</ele>
   </trkpt>
   <trkpt lat="-7.4741050" lon="110.4552610">
    <ele>2147.6</ele>
   </trkpt>
   <trkpt lat="-7.4741310" lon="110.4552310">
    <ele>2146.0</ele>
   </trkpt>
   <trkpt lat="-7.4741650" lon="110.4551930">
    <ele>2144.9</ele>
   </trkpt>
   <trkpt lat="-7.4742060" lon="110.4551620">
    <ele>2143.7</ele>
   </trkpt>
   <trkpt lat="-7.4742470" lon="110.4551320">
    <ele>2141.5</ele>
   </trkpt>
   <trkpt lat="-7.4742890" lon="110.4551010">
    <ele>2139.2</ele>
   </trkpt>
   <trkpt lat="-7.4743320" lon="110.4550780">
    <ele>2136.5</ele>
   </trkpt>
   <trkpt lat="-7.4743790" lon="110.4550700">
    <ele>2133.6</ele>
   </trkpt>
   <trkpt lat="-7.4744290" lon="110.4550630">
    <ele>2130.7</ele>
   </trkpt>
   <trkpt lat="-7.4744780" lon="110.4550630">
    <ele>2126.3</ele>
   </trkpt>
   <trkpt lat="-7.4745260" lon="110.4550700">
    <ele>2123.9</ele>
   </trkpt>
   <trkpt lat="-7.4745710" lon="110.4550700">
    <ele>2121.6</ele>
   </trkpt>
   <trkpt lat="-7.4746170" lon="110.4550630">
    <ele>2119.5</ele>
   </trkpt>
   <trkpt lat="-7.4746640" lon="110.4550550">
    <ele>2117.6</ele>
   </trkpt>
   <trkpt lat="-7.4747160" lon="110.4550630">
    <ele>2116.1</ele>
   </trkpt>
   <trkpt lat="-7.4747660" lon="110.4550550">
    <ele>2114.9</ele>
   </trkpt>
   <trkpt lat="-7.4748170" lon="110.4550550">
    <ele>2112.3</ele>
   </trkpt>
   <trkpt lat="-7.4748690" lon="110.4550550">
    <ele>2111.1</ele>
   </trkpt>
   <trkpt lat="-7.4749220" lon="110.4550550">
    <ele>2110.0</ele>
   </trkpt>
   <trkpt lat="-7.4749740" lon="110.4550550">
    <ele>2109.2</ele>
   </trkpt>
   <trkpt lat="-7.4750200" lon="110.4550630">
    <ele>2108.6</ele>
   </trkpt>
   <trkpt lat="-7.4750670" lon="110.4550700">
    <ele>2107.9</ele>
   </trkpt>
   <trkpt lat="-7.4751200" lon="110.4550700">
    <ele>2106.0</ele>
   </trkpt>
   <trkpt lat="-7.4751670" lon="110.4550930">
    <ele>2102.9</ele>
   </trkpt>
   <trkpt lat="-7.4752110" lon="110.4551160">
    <ele>2101.7</ele>
   </trkpt>
   <trkpt lat="-7.4752580" lon="110.4551240">
    <ele>2100.4</ele>
   </trkpt>
   <trkpt lat="-7.4753050" lon="110.4551470">
    <ele>2096.6</ele>
   </trkpt>
   <trkpt lat="-7.4753520" lon="110.4551540">
    <ele>2095.1</ele>
   </trkpt>
   <trkpt lat="-7.4753980" lon="110.4551770">
    <ele>2090.9</ele>
   </trkpt>
   <trkpt lat="-7.4754430" lon="110.4551770">
    <ele>2089.3</ele>
   </trkpt>
   <trkpt lat="-7.4754790" lon="110.4552080">
    <ele>2087.9</ele>
   </trkpt>
   <trkpt lat="-7.4755130" lon="110.4552380">
    <ele>2084.6</ele>
   </trkpt>
   <trkpt lat="-7.4755460" lon="110.4552760">
    <ele>2082.4</ele>
   </trkpt>
   <trkpt lat="-7.4755770" lon="110.4553300">
    <ele>2081.5</ele>
   </trkpt>
   <trkpt lat="-7.4756130" lon="110.4553600">
    <ele>2080.3</ele>
   </trkpt>
   <trkpt lat="-7.4756460" lon="110.4553910">
    <ele>2079.6</ele>
   </trkpt>
   <trkpt lat="-7.4756780" lon="110.4554290">
    <ele>2079.2</ele>
   </trkpt>
   <trkpt lat="-7.4757000" lon="110.4554670">
    <ele>2079.2</ele>
   </trkpt>
   <trkpt lat="-7.4757020" lon="110.4555210">
    <ele>2077.4</ele>
   </trkpt>
   <trkpt lat="-7.4756880" lon="110.4555590">
    <ele>2076.4</ele>
   </trkpt>
   <trkpt lat="-7.4756720" lon="110.4555970">
    <ele>2076.4</ele>
   </trkpt>
   <trkpt lat="-7.4756670" lon="110.4556500">
    <ele>2073.1</ele>
   </trkpt>
   <trkpt lat="-7.4756720" lon="110.4556880">
    <ele>2071.0</ele>
   </trkpt>
   <trkpt lat="-7.4756750" lon="110.4557420">
    <ele>2068.9</ele>
   </trkpt>
   <trkpt lat="-7.4756790" lon="110.4557950">
    <ele>2066.9</ele>
   </trkpt>
   <trkpt lat="-7.4756920" lon="110.4558560">
    <ele>2065.1</ele>
   </trkpt>
   <trkpt lat="-7.4756870" lon="110.4558940">
    <ele>2063.5</ele>
   </trkpt>
   <trkpt lat="-7.4756790" lon="110.4559480">
    <ele>2060.3</ele>
   </trkpt>
   <trkpt lat="-7.4756830" lon="110.4560010">
    <ele>2059.3</ele>
   </trkpt>
   <trkpt lat="-7.4756840" lon="110.4560550">
    <ele>2059.3</ele>
   </trkpt>
   <trkpt lat="-7.4756900" lon="110.4561080">
    <ele>2059.4</ele>
   </trkpt>
   <trkpt lat="-7.4757000" lon="110.4561610">
    <ele>2059.4</ele>
   </trkpt>
   <trkpt lat="-7.4757100" lon="110.4562150">
    <ele>2059.6</ele>
   </trkpt>
   <trkpt lat="-7.4757200" lon="110.4562530">
    <ele>2059.8</ele>
   </trkpt>
   <trkpt lat="-7.4757330" lon="110.4563140">
    <ele>2059.0</ele>
   </trkpt>
   <trkpt lat="-7.4757460" lon="110.4563750">
    <ele>2058.0</ele>
   </trkpt>
   <trkpt lat="-7.4757590" lon="110.4564290">
    <ele>2057.8</ele>
   </trkpt>
   <trkpt lat="-7.4757700" lon="110.4564820">
    <ele>2058.1</ele>
   </trkpt>
   <trkpt lat="-7.4757800" lon="110.4565350">
    <ele>2058.6</ele>
   </trkpt>
   <trkpt lat="-7.4757960" lon="110.4565890">
    <ele>2057.5</ele>
   </trkpt>
   <trkpt lat="-7.4758120" lon="110.4566500">
    <ele>2056.3</ele>
   </trkpt>
   <trkpt lat="-7.4758250" lon="110.4567030">
    <ele>2055.2</ele>
   </trkpt>
   <trkpt lat="-7.4758550" lon="110.4567410">
    <ele>2054.3</ele>
   </trkpt>
   <trkpt lat="-7.4758810" lon="110.4567950">
    <ele>2053.0</ele>
   </trkpt>
   <trkpt lat="-7.4759100" lon="110.4568330">
    <ele>2051.0</ele>
   </trkpt>
   <trkpt lat="-7.4759370" lon="110.4568860">
    <ele>2049.1</ele>
   </trkpt>
   <trkpt lat="-7.4759580" lon="110.4569240">
    <ele>2048.6</ele>
   </trkpt>
   <trkpt lat="-7.4759760" lon="110.4569780">
    <ele>2047.9</ele>
   </trkpt>
   <trkpt lat="-7.4759890" lon="110.4570160">
    <ele>2047.5</ele>
   </trkpt>
   <trkpt lat="-7.4759990" lon="110.4570690">
    <ele>2046.2</ele>
   </trkpt>
   <trkpt lat="-7.4760100" lon="110.4571300">
    <ele>2043.8</ele>
   </trkpt>
   <trkpt lat="-7.4760240" lon="110.4571840">
    <ele>2043.4</ele>
   </trkpt>
   <trkpt lat="-7.4760440" lon="110.4572980">
    <ele>2043.8</ele>
   </trkpt>
   <trkpt lat="-7.4760490" lon="110.4573210">
    <ele>2043.9</ele>
   </trkpt>
   <trkpt lat="-7.4760720" lon="110.4573520">
    <ele>2043.0</ele>
   </trkpt>
   <trkpt lat="-7.4760880" lon="110.4573900">
    <ele>2042.0</ele>
   </trkpt>
   <trkpt lat="-7.4760960" lon="110.4574280">
    <ele>2041.9</ele>
   </trkpt>
   <trkpt lat="-7.4761130" lon="110.4574890">
    <ele>2042.5</ele>
   </trkpt>
   <trkpt lat="-7.4761370" lon="110.4575420">
    <ele>2043.4</ele>
   </trkpt>
   <trkpt lat="-7.4761570" lon="110.4575960">
    <ele>2044.2</ele>
   </trkpt>
   <trkpt lat="-7.4761740" lon="110.4576490">
    <ele>2044.6</ele>
   </trkpt>
   <trkpt lat="-7.4761950" lon="110.4577030">
    <ele>2043.4</ele>
   </trkpt>
   <trkpt lat="-7.4762090" lon="110.4577640">
    <ele>2041.4</ele>
   </trkpt>
   <trkpt lat="-7.4762220" lon="110.4578170">
    <ele>2041.2</ele>
   </trkpt>
   <trkpt lat="-7.4762310" lon="110.4578550">
    <ele>2041.2</ele>
   </trkpt>
   <trkpt lat="-7.4762460" lon="110.4579160">
    <ele>2041.8</ele>
   </trkpt>
   <trkpt lat="-7.4762670" lon="110.4579700">
    <ele>2040.2</ele>
   </trkpt>
   <trkpt lat="-7.4762950" lon="110.4580310">
    <ele>2036.8</ele>
   </trkpt>
   <trkpt lat="-7.4763280" lon="110.4580690">
    <ele>2035.4</ele>
   </trkpt>
   <trkpt lat="-7.4763460" lon="110.4581070">
    <ele>2034.1</ele>
   </trkpt>
   <trkpt lat="-7.4763610" lon="110.4581600">
    <ele>2032.5</ele>
   </trkpt>
   <trkpt lat="-7.4763750" lon="110.4582140">
    <ele>2030.0</ele>
   </trkpt>
   <trkpt lat="-7.4764010" lon="110.4582520">
    <ele>2027.1</ele>
   </trkpt>
   <trkpt lat="-7.4764270" lon="110.4583050">
    <ele>2024.1</ele>
   </trkpt>
   <trkpt lat="-7.4764570" lon="110.4583440">
    <ele>2022.1</ele>
   </trkpt>
   <trkpt lat="-7.4764830" lon="110.4583970">
    <ele>2021.7</ele>
   </trkpt>
   <trkpt lat="-7.4765090" lon="110.4584500">
    <ele>2021.5</ele>
   </trkpt>
   <trkpt lat="-7.4765320" lon="110.4585040">
    <ele>2021.5</ele>
   </trkpt>
   <trkpt lat="-7.4765550" lon="110.4585420">
    <ele>2020.4</ele>
   </trkpt>
   <trkpt lat="-7.4765720" lon="110.4585950">
    <ele>2018.6</ele>
   </trkpt>
   <trkpt lat="-7.4765960" lon="110.4586330">
    <ele>2017.2</ele>
   </trkpt>
   <trkpt lat="-7.4766280" lon="110.4586640">
    <ele>2015.9</ele>
   </trkpt>
   <trkpt lat="-7.4766560" lon="110.4587250">
    <ele>2016.0</ele>
   </trkpt>
   <trkpt lat="-7.4766870" lon="110.4587550">
    <ele>2015.4</ele>
   </trkpt>
   <trkpt lat="-7.4767220" lon="110.4587940">
    <ele>2013.6</ele>
   </trkpt>
   <trkpt lat="-7.4767570" lon="110.4588470">
    <ele>2011.2</ele>
   </trkpt>
   <trkpt lat="-7.4767960" lon="110.4588700">
    <ele>2009.5</ele>
   </trkpt>
   <trkpt lat="-7.4768400" lon="110.4589080">
    <ele>2009.2</ele>
   </trkpt>
   <trkpt lat="-7.4768750" lon="110.4589460">
    <ele>2009.0</ele>
   </trkpt>
   <trkpt lat="-7.4769070" lon="110.4589840">
    <ele>2008.9</ele>
   </trkpt>
   <trkpt lat="-7.4769280" lon="110.4590230">
    <ele>2008.0</ele>
   </trkpt>
   <trkpt lat="-7.4769550" lon="110.4590610">
    <ele>2006.5</ele>
   </trkpt>
   <trkpt lat="-7.4769840" lon="110.4591140">
    <ele>2005.5</ele>
   </trkpt>
   <trkpt lat="-7.4770200" lon="110.4591670">
    <ele>2004.3</ele>
   </trkpt>
   <trkpt lat="-7.4770560" lon="110.4591980">
    <ele>2002.6</ele>
   </trkpt>
   <trkpt lat="-7.4770890" lon="110.4592290">
    <ele>2001.1</ele>
   </trkpt>
   <trkpt lat="-7.4771180" lon="110.4592670">
    <ele>1999.7</ele>
   </trkpt>
   <trkpt lat="-7.4771460" lon="110.4593050">
    <ele>1998.7</ele>
   </trkpt>
   <trkpt lat="-7.4771630" lon="110.4593580">
    <ele>1997.8</ele>
   </trkpt>
   <trkpt lat="-7.4771890" lon="110.4593960">
    <ele>1996.0</ele>
   </trkpt>
   <trkpt lat="-7.4772240" lon="110.4594270">
    <ele>1993.8</ele>
   </trkpt>
   <trkpt lat="-7.4772570" lon="110.4594650">
    <ele>1991.4</ele>
   </trkpt>
   <trkpt lat="-7.4772950" lon="110.4595030">
    <ele>1989.1</ele>
   </trkpt>
   <trkpt lat="-7.4773400" lon="110.4595340">
    <ele>1987.9</ele>
   </trkpt>
   <trkpt lat="-7.4773870" lon="110.4595570">
    <ele>1986.8</ele>
   </trkpt>
   <trkpt lat="-7.4774370" lon="110.4595790">
    <ele>1985.6</ele>
   </trkpt>
   <trkpt lat="-7.4774880" lon="110.4595790">
    <ele>1985.1</ele>
   </trkpt>
   <trkpt lat="-7.4775390" lon="110.4595790">
    <ele>1984.8</ele>
   </trkpt>
   <trkpt lat="-7.4775930" lon="110.4595720">
    <ele>1982.2</ele>
   </trkpt>
   <trkpt lat="-7.4776470" lon="110.4595490">
    <ele>1979.4</ele>
   </trkpt>
   <trkpt lat="-7.4777030" lon="110.4595410">
    <ele>1976.7</ele>
   </trkpt>
   <trkpt lat="-7.4777570" lon="110.4595340">
    <ele>1975.1</ele>
   </trkpt>
   <trkpt lat="-7.4778040" lon="110.4595340">
    <ele>1973.8</ele>
   </trkpt>
   <trkpt lat="-7.4778570" lon="110.4595570">
    <ele>1970.1</ele>
   </trkpt>
   <trkpt lat="-7.4779050" lon="110.4595570">
    <ele>1967.6</ele>
   </trkpt>
   <trkpt lat="-7.4779520" lon="110.4595570">
    <ele>1965.8</ele>
   </trkpt>
   <trkpt lat="-7.4780070" lon="110.4595490">
    <ele>1962.6</ele>
   </trkpt>
   <trkpt lat="-7.4780650" lon="110.4595410">
    <ele>1958.5</ele>
   </trkpt>
   <trkpt lat="-7.4781200" lon="110.4595340">
    <ele>1956.1</ele>
   </trkpt>
   <trkpt lat="-7.4781760" lon="110.4595340">
    <ele>1953.3</ele>
   </trkpt>
   <trkpt lat="-7.4782280" lon="110.4595260">
    <ele>1950.2</ele>
   </trkpt>
   <trkpt lat="-7.4782820" lon="110.4595030">
    <ele>1947.3</ele>
   </trkpt>
   <trkpt lat="-7.4783310" lon="110.4595030">
    <ele>1945.2</ele>
   </trkpt>
   <trkpt lat="-7.4783760" lon="110.4594800">
    <ele>1944.4</ele>
   </trkpt>
   <trkpt lat="-7.4784150" lon="110.4594880">
    <ele>1943.7</ele>
   </trkpt>
   <trkpt lat="-7.4784520" lon="110.4595110">
    <ele>1942.2</ele>
   </trkpt>
   <trkpt lat="-7.4784910" lon="110.4595410">
    <ele>1940.8</ele>
   </trkpt>
   <trkpt lat="-7.4785280" lon="110.4595720">
    <ele>1940.3</ele>
   </trkpt>
   <trkpt lat="-7.4785630" lon="110.4596100">
    <ele>1939.6</ele>
   </trkpt>
   <trkpt lat="-7.4785980" lon="110.4596410">
    <ele>1938.7</ele>
   </trkpt>
   <trkpt lat="-7.4786320" lon="110.4596790">
    <ele>1938.2</ele>
   </trkpt>
   <trkpt lat="-7.4786730" lon="110.4597170">
    <ele>1938.1</ele>
   </trkpt>
   <trkpt lat="-7.4787020" lon="110.4597550">
    <ele>1937.1</ele>
   </trkpt>
   <trkpt lat="-7.4787410" lon="110.4597780">
    <ele>1936.1</ele>
   </trkpt>
   <trkpt lat="-7.4787750" lon="110.4597550">
    <ele>1935.2</ele>
   </trkpt>
   <trkpt lat="-7.4787950" lon="110.4597240">
    <ele>1934.3</ele>
   </trkpt>
   <trkpt lat="-7.4788080" lon="110.4596940">
    <ele>1933.7</ele>
   </trkpt>
   <trkpt lat="-7.4788270" lon="110.4596560">
    <ele>1933.1</ele>
   </trkpt>
   <trkpt lat="-7.4788400" lon="110.4596180">
    <ele>1932.2</ele>
   </trkpt>
   <trkpt lat="-7.4788420" lon="110.4595640">
    <ele>1929.9</ele>
   </trkpt>
   <trkpt lat="-7.4788570" lon="110.4595110">
    <ele>1928.2</ele>
   </trkpt>
   <trkpt lat="-7.4788700" lon="110.4594570">
    <ele>1927.1</ele>
   </trkpt>
   <trkpt lat="-7.4788830" lon="110.4594040">
    <ele>1925.6</ele>
   </trkpt>
   <trkpt lat="-7.4788930" lon="110.4593510">
    <ele>1923.9</ele>
   </trkpt>
   <trkpt lat="-7.4789160" lon="110.4592970">
    <ele>1921.6</ele>
   </trkpt>
   <trkpt lat="-7.4789500" lon="110.4592590">
    <ele>1920.3</ele>
   </trkpt>
   <trkpt lat="-7.4789920" lon="110.4592360">
    <ele>1919.5</ele>
   </trkpt>
   <trkpt lat="-7.4790280" lon="110.4591980">
    <ele>1917.7</ele>
   </trkpt>
   <trkpt lat="-7.4790730" lon="110.4591750">
    <ele>1915.9</ele>
   </trkpt>
   <trkpt lat="-7.4791260" lon="110.4591520">
    <ele>1914.4</ele>
   </trkpt>
   <trkpt lat="-7.4791770" lon="110.4591220">
    <ele>1913.5</ele>
   </trkpt>
   <trkpt lat="-7.4792280" lon="110.4590910">
    <ele>1912.8</ele>
   </trkpt>
   <trkpt lat="-7.4792750" lon="110.4590680">
    <ele>1911.4</ele>
   </trkpt>
   <trkpt lat="-7.4793180" lon="110.4590610">
    <ele>1910.3</ele>
   </trkpt>
   <trkpt lat="-7.4793610" lon="110.4590300">
    <ele>1909.2</ele>
   </trkpt>
   <trkpt lat="-7.4794110" lon="110.4590000">
    <ele>1908.6</ele>
   </trkpt>
   <trkpt lat="-7.4794550" lon="110.4589770">
    <ele>1908.3</ele>
   </trkpt>
   <trkpt lat="-7.4794960" lon="110.4589390">
    <ele>1907.0</ele>
   </trkpt>
   <trkpt lat="-7.4795360" lon="110.4589000">
    <ele>1905.8</ele>
   </trkpt>
   <trkpt lat="-7.4795680" lon="110.4588470">
    <ele>1904.5</ele>
   </trkpt>
   <trkpt lat="-7.4795990" lon="110.4588090">
    <ele>1904.5</ele>
   </trkpt>
   <trkpt lat="-7.4796310" lon="110.4587710">
    <ele>1904.5</ele>
   </trkpt>
   <trkpt lat="-7.4796630" lon="110.4587330">
    <ele>1904.5</ele>
   </trkpt>
   <trkpt lat="-7.4797020" lon="110.4587020">
    <ele>1904.7</ele>
   </trkpt>
   <trkpt lat="-7.4797430" lon="110.4586790">
    <ele>1904.9</ele>
   </trkpt>
   <trkpt lat="-7.4797930" lon="110.4586790">
    <ele>1905.7</ele>
   </trkpt>
   <trkpt lat="-7.4798410" lon="110.4586870">
    <ele>1906.7</ele>
   </trkpt>
   <trkpt lat="-7.4798870" lon="110.4587100">
    <ele>1907.8</ele>
   </trkpt>
   <trkpt lat="-7.4799350" lon="110.4587330">
    <ele>1908.7</ele>
   </trkpt>
   <trkpt lat="-7.4799820" lon="110.4587400">
    <ele>1908.5</ele>
   </trkpt>
   <trkpt lat="-7.4800270" lon="110.4587630">
    <ele>1908.1</ele>
   </trkpt>
   <trkpt lat="-7.4800730" lon="110.4587940">
    <ele>1907.5</ele>
   </trkpt>
   <trkpt lat="-7.4801260" lon="110.4588010">
    <ele>1906.8</ele>
   </trkpt>
   <trkpt lat="-7.4801820" lon="110.4588240">
    <ele>1905.7</ele>
   </trkpt>
   <trkpt lat="-7.4802370" lon="110.4588320">
    <ele>1903.0</ele>
   </trkpt>
   <trkpt lat="-7.4802910" lon="110.4588390">
    <ele>1901.5</ele>
   </trkpt>
   <trkpt lat="-7.4803470" lon="110.4588470">
    <ele>1900.6</ele>
   </trkpt>
   <trkpt lat="-7.4803970" lon="110.4588470">
    <ele>1899.7</ele>
   </trkpt>
   <trkpt lat="-7.4804530" lon="110.4588390">
    <ele>1898.8</ele>
   </trkpt>
   <trkpt lat="-7.4805040" lon="110.4588320">
    <ele>1898.3</ele>
   </trkpt>
   <trkpt lat="-7.4805600" lon="110.4588240">
    <ele>1895.8</ele>
   </trkpt>
   <trkpt lat="-7.4806120" lon="110.4588010">
    <ele>1892.9</ele>
   </trkpt>
   <trkpt lat="-7.4806650" lon="110.4588010">
    <ele>1891.6</ele>
   </trkpt>
   <trkpt lat="-7.4807210" lon="110.4587940">
    <ele>1890.1</ele>
   </trkpt>
   <trkpt lat="-7.4807780" lon="110.4587860">
    <ele>1888.4</ele>
   </trkpt>
   <trkpt lat="-7.4808330" lon="110.4587780">
    <ele>1885.4</ele>
   </trkpt>
   <trkpt lat="-7.4808850" lon="110.4587710">
    <ele>1883.3</ele>
   </trkpt>
   <trkpt lat="-7.4809370" lon="110.4587480">
    <ele>1881.9</ele>
   </trkpt>
   <trkpt lat="-7.4809890" lon="110.4587250">
    <ele>1880.5</ele>
   </trkpt>
   <trkpt lat="-7.4810380" lon="110.4587170">
    <ele>1879.3</ele>
   </trkpt>
   <trkpt lat="-7.4810840" lon="110.4586940">
    <ele>1878.2</ele>
   </trkpt>
   <trkpt lat="-7.4811300" lon="110.4586940">
    <ele>1877.2</ele>
   </trkpt>
   <trkpt lat="-7.4811760" lon="110.4587020">
    <ele>1876.2</ele>
   </trkpt>
   <trkpt lat="-7.4812220" lon="110.4587020">
    <ele>1875.0</ele>
   </trkpt>
   <trkpt lat="-7.4812640" lon="110.4587100">
    <ele>1873.6</ele>
   </trkpt>
   <trkpt lat="-7.4813070" lon="110.4587330">
    <ele>1872.2</ele>
   </trkpt>
   <trkpt lat="-7.4813530" lon="110.4587400">
    <ele>1871.4</ele>
   </trkpt>
   <trkpt lat="-7.4813990" lon="110.4587710">
    <ele>1870.5</ele>
   </trkpt>
   <trkpt lat="-7.4814460" lon="110.4587780">
    <ele>1869.7</ele>
   </trkpt>
   <trkpt lat="-7.4814980" lon="110.4588010">
    <ele>1868.6</ele>
   </trkpt>
   <trkpt lat="-7.4815510" lon="110.4588090">
    <ele>1867.7</ele>
   </trkpt>
   <trkpt lat="-7.4815980" lon="110.4588470">
    <ele>1866.6</ele>
   </trkpt>
   <trkpt lat="-7.4816390" lon="110.4588700">
    <ele>1865.8</ele>
   </trkpt>
   <trkpt lat="-7.4816820" lon="110.4589000">
    <ele>1864.7</ele>
   </trkpt>
   <trkpt lat="-7.4817270" lon="110.4589230">
    <ele>1863.6</ele>
   </trkpt>
   <trkpt lat="-7.4817740" lon="110.4589460">
    <ele>1862.4</ele>
   </trkpt>
   <trkpt lat="-7.4818220" lon="110.4589770">
    <ele>1861.2</ele>
   </trkpt>
   <trkpt lat="-7.4818740" lon="110.4590000">
    <ele>1860.2</ele>
   </trkpt>
   <trkpt lat="-7.4819300" lon="110.4590070">
    <ele>1858.9</ele>
   </trkpt>
   <trkpt lat="-7.4819870" lon="110.4590150">
    <ele>1857.7</ele>
   </trkpt>
   <trkpt lat="-7.4820430" lon="110.4590150">
    <ele>1856.4</ele>
   </trkpt>
   <trkpt lat="-7.4821000" lon="110.4590070">
    <ele>1855.2</ele>
   </trkpt>
   <trkpt lat="-7.4821560" lon="110.4590150">
    <ele>1854.3</ele>
   </trkpt>
   <trkpt lat="-7.4822140" lon="110.4590150">
    <ele>1854.1</ele>
   </trkpt>
   <trkpt lat="-7.4822710" lon="110.4590150">
    <ele>1853.8</ele>
   </trkpt>
   <trkpt lat="-7.4823260" lon="110.4590230">
    <ele>1853.2</ele>
   </trkpt>
   <trkpt lat="-7.4823740" lon="110.4590300">
    <ele>1852.5</ele>
   </trkpt>
   <trkpt lat="-7.4824190" lon="110.4590610">
    <ele>1851.8</ele>
   </trkpt>
   <trkpt lat="-7.4824670" lon="110.4590840">
    <ele>1851.0</ele>
   </trkpt>
   <trkpt lat="-7.4825160" lon="110.4591140">
    <ele>1850.1</ele>
   </trkpt>
   <trkpt lat="-7.4825610" lon="110.4591370">
    <ele>1849.2</ele>
   </trkpt>
   <trkpt lat="-7.4826080" lon="110.4591750">
    <ele>1848.1</ele>
   </trkpt>
   <trkpt lat="-7.4826560" lon="110.4592060">
    <ele>1847.1</ele>
   </trkpt>
   <trkpt lat="-7.4827040" lon="110.4592360">
    <ele>1846.6</ele>
   </trkpt>
   <trkpt lat="-7.4827490" lon="110.4592670">
    <ele>1846.2</ele>
   </trkpt>
   <trkpt lat="-7.4827900" lon="110.4592970">
    <ele>1845.6</ele>
   </trkpt>
   <trkpt lat="-7.4828310" lon="110.4593280">
    <ele>1845.3</ele>
   </trkpt>
   <trkpt lat="-7.4828840" lon="110.4593350">
    <ele>1845.2</ele>
   </trkpt>
   <trkpt lat="-7.4829340" lon="110.4593580">
    <ele>1844.7</ele>
   </trkpt>
   <trkpt lat="-7.4829850" lon="110.4593810">
    <ele>1844.2</ele>
   </trkpt>
   <trkpt lat="-7.4830400" lon="110.4593890">
    <ele>1844.0</ele>
   </trkpt>
   <trkpt lat="-7.4830980" lon="110.4594190">
    <ele>1843.1</ele>
   </trkpt>
   <trkpt lat="-7.4831560" lon="110.4594420">
    <ele>1841.8</ele>
   </trkpt>
   <trkpt lat="-7.4832060" lon="110.4594650">
    <ele>1840.9</ele>
   </trkpt>
   <trkpt lat="-7.4832610" lon="110.4594880">
    <ele>1839.6</ele>
   </trkpt>
   <trkpt lat="-7.4833090" lon="110.4594880">
    <ele>1838.2</ele>
   </trkpt>
   <trkpt lat="-7.4833640" lon="110.4594880">
    <ele>1837.0</ele>
   </trkpt>
   <trkpt lat="-7.4834170" lon="110.4594880">
    <ele>1836.0</ele>
   </trkpt>
   <trkpt lat="-7.4834670" lon="110.4594880">
    <ele>1834.3</ele>
   </trkpt>
   <trkpt lat="-7.4835180" lon="110.4594960">
    <ele>1832.5</ele>
   </trkpt>
   <trkpt lat="-7.4835700" lon="110.4595030">
    <ele>1830.8</ele>
   </trkpt>
   <trkpt lat="-7.4836240" lon="110.4595110">
    <ele>1829.3</ele>
   </trkpt>
   <trkpt lat="-7.4836740" lon="110.4595180">
    <ele>1828.3</ele>
   </trkpt>
   <trkpt lat="-7.4837270" lon="110.4595410">
    <ele>1826.7</ele>
   </trkpt>
   <trkpt lat="-7.4837730" lon="110.4595490">
    <ele>1825.2</ele>
   </trkpt>
   <trkpt lat="-7.4838190" lon="110.4595720">
    <ele>1823.9</ele>
   </trkpt>
   <trkpt lat="-7.4838670" lon="110.4595950">
    <ele>1822.6</ele>
   </trkpt>
   <trkpt lat="-7.4839120" lon="110.4596180">
    <ele>1822.0</ele>
   </trkpt>
   <trkpt lat="-7.4839610" lon="110.4596250">
    <ele>1821.4</ele>
   </trkpt>
   <trkpt lat="-7.4840060" lon="110.4596480">
    <ele>1821.0</ele>
   </trkpt>
   <trkpt lat="-7.4840470" lon="110.4596790">
    <ele>1820.6</ele>
   </trkpt>
   <trkpt lat="-7.4840890" lon="110.4597020">
    <ele>1820.2</ele>
   </trkpt>
   <trkpt lat="-7.4841360" lon="110.4597400">
    <ele>1819.4</ele>
   </trkpt>
   <trkpt lat="-7.4841810" lon="110.4597630">
    <ele>1818.7</ele>
   </trkpt>
   <trkpt lat="-7.4842260" lon="110.4597930">
    <ele>1817.0</ele>
   </trkpt>
   <trkpt lat="-7.4842650" lon="110.4598240">
    <ele>1815.4</ele>
   </trkpt>
   <trkpt lat="-7.4843110" lon="110.4598460">
    <ele>1814.3</ele>
   </trkpt>
   <trkpt lat="-7.4843590" lon="110.4598540">
    <ele>1813.4</ele>
   </trkpt>
   <trkpt lat="-7.4844060" lon="110.4598620">
    <ele>1812.8</ele>
   </trkpt>
   <trkpt lat="-7.4844090" lon="110.4598850">
    <ele>1812.5</ele>
   </trkpt>
   <trkpt lat="-7.4844330" lon="110.4599080">
    <ele>1812.3</ele>
   </trkpt>
   <trkpt lat="-7.4844610" lon="110.4599000">
    <ele>1812.1</ele>
   </trkpt>
   <trkpt lat="-7.4844770" lon="110.4598690">
    <ele>1812.0</ele>
   </trkpt>
   <trkpt lat="-7.4844730" lon="110.4598770">
    <ele>1811.9</ele>
   </trkpt>
  </trkseg>
 </trk>
</gpx>
